unsigned char src_BITCRUSH2_bin[] = {
  0xff, 0x7f, 0xab, 0x3e, 0x00, 0x90, 0xab, 0x3e, 0x00, 0x90, 0xab, 0x3e,
  0x00, 0x90, 0xab, 0x3e, 0x00, 0x90, 0xab, 0x3e, 0x00, 0x90, 0xab, 0x3e,
  0x00, 0xa4, 0xab, 0x3e, 0x00, 0xa4, 0xab, 0x3e, 0x00, 0xa4, 0xab, 0x3e,
  0x00, 0xa4, 0xab, 0x3e, 0x00, 0xa4, 0xab, 0x3e, 0x00, 0xa4, 0xab, 0x3e,
  0x00, 0xa4, 0xab, 0x3e, 0x00, 0xa4, 0xab, 0x3e, 0x00, 0xa4, 0xab, 0x3e,
  0x00, 0xa4, 0xab, 0x3e, 0x00, 0xa4, 0xab, 0x3e, 0x00, 0xa4, 0xab, 0x3e,
  0x00, 0xa4, 0xab, 0x3e, 0x00, 0xa4, 0xab, 0x3e, 0x00, 0xa4, 0xab, 0x3e,
  0x00, 0xa4, 0xab, 0x3e, 0x00, 0xa4, 0xab, 0x3e, 0x00, 0xa4, 0xab, 0x3e,
  0x00, 0xa4, 0xab, 0x3e, 0x00, 0xa4, 0xab, 0x3e, 0x00, 0xa4, 0xab, 0x3e,
  0x00, 0xa4, 0xab, 0x3e, 0x00, 0xa4, 0xab, 0x3e, 0x00, 0xa4, 0xab, 0x3e,
  0x00, 0x90, 0xab, 0x3e, 0x00, 0x90, 0xab, 0x3e, 0x00, 0x90, 0xab, 0x3e,
  0x00, 0x90, 0xab, 0x3e, 0x00, 0x90, 0xab, 0x3e, 0x00, 0x90, 0xab, 0x3e,
  0x00, 0x90, 0xab, 0x3e, 0x00, 0x90, 0xab, 0x3e, 0xff, 0x7f, 0xab, 0x3e,
  0xff, 0x7f, 0xab, 0x3e, 0xff, 0x7f, 0xab, 0x3e, 0xff, 0x7f, 0xab, 0x3e,
  0xff, 0x7f, 0xab, 0x3e, 0xff, 0x7f, 0xab, 0x3e, 0xfe, 0x6b, 0xab, 0x3e,
  0xfe, 0x6b, 0xab, 0x3e, 0xfe, 0x6b, 0xab, 0x3e, 0xfe, 0x6b, 0xab, 0x3e,
  0xfe, 0x6b, 0xab, 0x3e, 0x01, 0x5c, 0xab, 0x3e, 0x01, 0x5c, 0xab, 0x3e,
  0x01, 0x5c, 0xab, 0x3e, 0x01, 0x5c, 0xab, 0x3e, 0x01, 0x5c, 0xab, 0x3e,
  0x00, 0x48, 0xab, 0x3e, 0x00, 0x48, 0xab, 0x3e, 0x00, 0x48, 0xab, 0x3e,
  0x00, 0x48, 0xab, 0x3e, 0x00, 0x34, 0xab, 0x3e, 0x00, 0x34, 0xab, 0x3e,
  0x00, 0x8e, 0x7d, 0x3f, 0x00, 0x8e, 0x7d, 0x3f, 0x00, 0x86, 0x7d, 0x3f,
  0x00, 0x86, 0x7d, 0x3f, 0x00, 0x86, 0x7d, 0x3f, 0xff, 0x7b, 0x7d, 0x3f,
  0xff, 0x7b, 0x7d, 0x3f, 0xff, 0x7b, 0x7d, 0x3f, 0x01, 0x72, 0x7d, 0x3f,
  0x01, 0x72, 0x7d, 0x3f, 0x00, 0x6a, 0x7d, 0x3f, 0x00, 0x6a, 0x7d, 0x3f,
  0x00, 0x6a, 0x7d, 0x3f, 0x00, 0x60, 0x7d, 0x3f, 0x00, 0x60, 0x7d, 0x3f,
  0x00, 0x58, 0x7d, 0x3f, 0x00, 0x58, 0x7d, 0x3f, 0xff, 0x4d, 0x7d, 0x3f,
  0xff, 0x43, 0x7d, 0x3f, 0xff, 0x43, 0x7d, 0x3f, 0x00, 0x3c, 0x7d, 0x3f,
  0x00, 0x3c, 0x7d, 0x3f, 0x00, 0x32, 0x7d, 0x3f, 0x00, 0x32, 0x7d, 0x3f,
  0x00, 0x2a, 0x7d, 0x3f, 0xff, 0x1f, 0x7d, 0x3f, 0xff, 0x1f, 0x7d, 0x3f,
  0x01, 0x18, 0x7d, 0x3f, 0x01, 0x18, 0x7d, 0x3f, 0x00, 0x0e, 0x7d, 0x3f,
  0x00, 0x04, 0x7d, 0x3f, 0x00, 0x04, 0x7d, 0x3f, 0x00, 0xfc, 0x7c, 0x3f,
  0x00, 0xf2, 0x7c, 0x3f, 0x00, 0xf2, 0x7c, 0x3f, 0x01, 0xea, 0x7c, 0x3f,
  0x01, 0xe0, 0x7c, 0x3f, 0x01, 0xe0, 0x7c, 0x3f, 0x00, 0xd6, 0x7c, 0x3f,
  0x00, 0xce, 0x7c, 0x3f, 0x00, 0xce, 0x7c, 0x3f, 0x00, 0xc4, 0x7c, 0x3f,
  0x01, 0xbc, 0x7c, 0x3f, 0x01, 0xb2, 0x7c, 0x3f, 0x01, 0xb2, 0x7c, 0x3f,
  0x00, 0xa8, 0x7c, 0x3f, 0x00, 0xa0, 0x7c, 0x3f, 0x00, 0xa0, 0x7c, 0x3f,
  0x00, 0x96, 0x7c, 0x3f, 0xff, 0x8d, 0x7c, 0x3f, 0x01, 0x84, 0x7c, 0x3f,
  0x01, 0x84, 0x7c, 0x3f, 0x00, 0x7a, 0x7c, 0x3f, 0x00, 0x72, 0x7c, 0x3f,
  0x00, 0x68, 0x7c, 0x3f, 0x00, 0x68, 0x7c, 0x3f, 0xff, 0x5f, 0x7c, 0x3f,
  0x01, 0x56, 0x7c, 0x3f, 0x01, 0x4c, 0x7c, 0x3f, 0x01, 0x4c, 0x7c, 0x3f,
  0x00, 0x44, 0x7c, 0x3f, 0x00, 0x3a, 0x7c, 0x3f, 0xff, 0x31, 0x7c, 0x3f,
  0xff, 0x31, 0x7c, 0x3f, 0x01, 0x28, 0x7c, 0x3f, 0x00, 0x20, 0x7c, 0x3f,
  0x00, 0x16, 0x7c, 0x3f, 0x00, 0x16, 0x7c, 0x3f, 0x00, 0x0c, 0x7c, 0x3f,
  0xff, 0x03, 0x7c, 0x3f, 0xff, 0xf9, 0x7b, 0x3f, 0xff, 0xf9, 0x7b, 0x3f,
  0x00, 0xf2, 0x7b, 0x3f, 0x00, 0xe8, 0x7b, 0x3f, 0x00, 0xde, 0x7b, 0x3f,
  0xff, 0xd5, 0x7b, 0x3f, 0xff, 0xd5, 0x7b, 0x3f, 0xff, 0xcb, 0x7b, 0x3f,
  0x00, 0xc4, 0x7b, 0x3f, 0x00, 0xba, 0x7b, 0x3f, 0x00, 0xba, 0x7b, 0x3f,
  0x00, 0xb0, 0x7b, 0x3f, 0x00, 0xa8, 0x7b, 0x3f, 0xff, 0x9d, 0x7b, 0x3f,
  0x01, 0x96, 0x7b, 0x3f, 0x01, 0x96, 0x7b, 0x3f, 0x00, 0x8c, 0x7b, 0x3f,
  0x00, 0x82, 0x7b, 0x3f, 0x00, 0x7a, 0x7b, 0x3f, 0xff, 0x6f, 0x7b, 0x3f,
  0xff, 0x6f, 0x7b, 0x3f, 0x01, 0x68, 0x7b, 0x3f, 0x00, 0x5e, 0x7b, 0x3f,
  0x00, 0x54, 0x7b, 0x3f, 0x00, 0x4c, 0x7b, 0x3f, 0x00, 0x4c, 0x7b, 0x3f,
  0xff, 0x41, 0x7b, 0x3f, 0x01, 0x3a, 0x7b, 0x3f, 0x00, 0x30, 0x7b, 0x3f,
  0x00, 0x30, 0x7b, 0x3f, 0x00, 0x28, 0x7b, 0x3f, 0x00, 0x1e, 0x7b, 0x3f,
  0x00, 0x14, 0x7b, 0x3f, 0x01, 0x0c, 0x7b, 0x3f, 0x01, 0x0c, 0x7b, 0x3f,
  0x01, 0x02, 0x7b, 0x3f, 0x00, 0xfa, 0x7a, 0x3f, 0x00, 0xf0, 0x7a, 0x3f,
  0x00, 0xe6, 0x7a, 0x3f, 0x00, 0xe6, 0x7a, 0x3f, 0x01, 0xde, 0x7a, 0x3f,
  0x01, 0xd4, 0x7a, 0x3f, 0x00, 0xcc, 0x7a, 0x3f, 0x00, 0xc2, 0x7a, 0x3f,
  0x00, 0xc2, 0x7a, 0x3f, 0x00, 0xb8, 0x7a, 0x3f, 0xff, 0xaf, 0x7a, 0x3f,
  0x01, 0xa6, 0x7a, 0x3f, 0x00, 0x9e, 0x7a, 0x3f, 0x00, 0x9e, 0x7a, 0x3f,
  0x00, 0x94, 0x7a, 0x3f, 0x00, 0x8a, 0x7a, 0x3f, 0xff, 0x81, 0x7a, 0x3f,
  0x01, 0x78, 0x7a, 0x3f, 0x01, 0x78, 0x7a, 0x3f, 0x00, 0x70, 0x7a, 0x3f,
  0x00, 0x66, 0x7a, 0x3f, 0x00, 0x5c, 0x7a, 0x3f, 0xff, 0x53, 0x7a, 0x3f,
  0xff, 0x53, 0x7a, 0x3f, 0x01, 0x4a, 0x7a, 0x3f, 0x00, 0x42, 0x7a, 0x3f,
  0x00, 0x38, 0x7a, 0x3f, 0x00, 0x38, 0x7a, 0x3f, 0x00, 0x30, 0x7a, 0x3f,
  0xff, 0x25, 0x7a, 0x3f, 0xff, 0x1b, 0x7a, 0x3f, 0x00, 0x14, 0x7a, 0x3f,
  0x00, 0x14, 0x7a, 0x3f, 0x00, 0x0a, 0x7a, 0x3f, 0x00, 0x02, 0x7a, 0x3f,
  0x00, 0xf8, 0x79, 0x3f, 0xff, 0xed, 0x79, 0x3f, 0xff, 0xed, 0x79, 0x3f,
  0x00, 0xe6, 0x79, 0x3f, 0x00, 0xdc, 0x79, 0x3f, 0x00, 0xd4, 0x79, 0x3f,
  0x00, 0xca, 0x79, 0x3f, 0x00, 0xca, 0x79, 0x3f, 0xff, 0xbf, 0x79, 0x3f,
  0x01, 0xb8, 0x79, 0x3f, 0x00, 0xae, 0x79, 0x3f, 0x00, 0xa6, 0x79, 0x3f,
  0x00, 0xa6, 0x79, 0x3f, 0x00, 0x9c, 0x79, 0x3f, 0xff, 0x91, 0x79, 0x3f,
  0x01, 0x8a, 0x79, 0x3f, 0x00, 0x80, 0x79, 0x3f, 0x00, 0x80, 0x79, 0x3f,
  0x00, 0x78, 0x79, 0x3f, 0x00, 0x6e, 0x79, 0x3f, 0x00, 0x64, 0x79, 0x3f,
  0x01, 0x5c, 0x79, 0x3f, 0x01, 0x5c, 0x79, 0x3f, 0x00, 0x52, 0x79, 0x3f,
  0x00, 0x4a, 0x79, 0x3f, 0x00, 0x40, 0x79, 0x3f, 0xff, 0x37, 0x79, 0x3f,
  0xff, 0x37, 0x79, 0x3f, 0x01, 0x2e, 0x79, 0x3f, 0x01, 0x24, 0x79, 0x3f,
  0x00, 0x1c, 0x79, 0x3f, 0x00, 0x12, 0x79, 0x3f, 0x00, 0x12, 0x79, 0x3f,
  0xff, 0x09, 0x79, 0x3f, 0xff, 0xff, 0x78, 0x3f, 0x01, 0xf6, 0x78, 0x3f,
  0x01, 0xf6, 0x78, 0x3f, 0x00, 0xee, 0x78, 0x3f, 0x00, 0xe4, 0x78, 0x3f,
  0xff, 0xdb, 0x78, 0x3f, 0xff, 0xd1, 0x78, 0x3f, 0xff, 0xd1, 0x78, 0x3f,
  0x01, 0xac, 0xa1, 0x3e, 0x00, 0x98, 0xa1, 0x3e, 0x00, 0x84, 0xa1, 0x3e,
  0x00, 0x84, 0xa1, 0x3e, 0xff, 0x73, 0xa1, 0x3e, 0xfe, 0x5f, 0xa1, 0x3e,
  0xfe, 0x5f, 0xa1, 0x3e, 0x01, 0x50, 0xa1, 0x3e, 0x00, 0x3c, 0xa1, 0x3e,
  0x00, 0x3c, 0xa1, 0x3e, 0x00, 0x28, 0xa1, 0x3e, 0xff, 0x17, 0xa1, 0x3e,
  0xff, 0x17, 0xa1, 0x3e, 0xff, 0x03, 0xa1, 0x3e, 0xff, 0x03, 0xa1, 0x3e,
  0x01, 0xf4, 0xa0, 0x3e, 0x01, 0xf4, 0xa0, 0x3e, 0x01, 0xe0, 0xa0, 0x3e,
  0x01, 0xe0, 0xa0, 0x3e, 0x00, 0xcc, 0xa0, 0x3e, 0x00, 0xcc, 0xa0, 0x3e,
  0xff, 0xbb, 0xa0, 0x3e, 0xff, 0xbb, 0xa0, 0x3e, 0xff, 0xa7, 0xa0, 0x3e,
  0xff, 0xa7, 0xa0, 0x3e, 0x01, 0x98, 0xa0, 0x3e, 0x01, 0x98, 0xa0, 0x3e,
  0x01, 0x98, 0xa0, 0x3e, 0x01, 0x84, 0xa0, 0x3e, 0x01, 0x84, 0xa0, 0x3e,
  0x00, 0x70, 0xa0, 0x3e, 0x00, 0x70, 0xa0, 0x3e, 0x00, 0x70, 0xa0, 0x3e,
  0xff, 0x5f, 0xa0, 0x3e, 0xff, 0x5f, 0xa0, 0x3e, 0xff, 0x4b, 0xa0, 0x3e,
  0xff, 0x4b, 0xa0, 0x3e, 0xff, 0x4b, 0xa0, 0x3e, 0x01, 0x3c, 0xa0, 0x3e,
  0x01, 0x3c, 0xa0, 0x3e, 0x01, 0x3c, 0xa0, 0x3e, 0x01, 0x28, 0xa0, 0x3e,
  0x01, 0x28, 0xa0, 0x3e, 0x01, 0x28, 0xa0, 0x3e, 0x00, 0x18, 0xa0, 0x3e,
  0x00, 0x18, 0xa0, 0x3e, 0x00, 0x18, 0xa0, 0x3e, 0xff, 0x03, 0xa0, 0x3e,
  0xff, 0x03, 0xa0, 0x3e, 0xff, 0x03, 0xa0, 0x3e, 0xff, 0xef, 0x9f, 0x3e,
  0xff, 0xef, 0x9f, 0x3e, 0xff, 0xef, 0x9f, 0x3e, 0x01, 0xe0, 0x9f, 0x3e,
  0x01, 0xe0, 0x9f, 0x3e, 0x01, 0xe0, 0x9f, 0x3e, 0x01, 0xcc, 0x9f, 0x3e,
  0x01, 0xcc, 0x9f, 0x3e, 0x01, 0xcc, 0x9f, 0x3e, 0x00, 0xbc, 0x9f, 0x3e,
  0x00, 0xbc, 0x9f, 0x3e, 0x00, 0xbc, 0x9f, 0x3e, 0x01, 0x28, 0xb0, 0xbe,
  0x01, 0x3c, 0xb0, 0xbe, 0x01, 0x3c, 0xb0, 0xbe, 0x01, 0x3c, 0xb0, 0xbe,
  0x01, 0x3c, 0xb0, 0xbe, 0xff, 0x4b, 0xb0, 0xbe, 0xff, 0x4b, 0xb0, 0xbe,
  0xff, 0x4b, 0xb0, 0xbe, 0xff, 0x4b, 0xb0, 0xbe, 0xff, 0x4b, 0xb0, 0xbe,
  0xff, 0x4b, 0xb0, 0xbe, 0xff, 0x4b, 0xb0, 0xbe, 0xff, 0x4b, 0xb0, 0xbe,
  0xff, 0x4b, 0xb0, 0xbe, 0xff, 0x4b, 0xb0, 0xbe, 0xff, 0x4b, 0xb0, 0xbe,
  0xff, 0x4b, 0xb0, 0xbe, 0xff, 0x4b, 0xb0, 0xbe, 0xff, 0x4b, 0xb0, 0xbe,
  0xff, 0x4b, 0xb0, 0xbe, 0xff, 0x4b, 0xb0, 0xbe, 0xff, 0x4b, 0xb0, 0xbe,
  0xff, 0x4b, 0xb0, 0xbe, 0xff, 0x4b, 0xb0, 0xbe, 0xff, 0x4b, 0xb0, 0xbe,
  0xff, 0x4b, 0xb0, 0xbe, 0xff, 0x4b, 0xb0, 0xbe, 0xff, 0x4b, 0xb0, 0xbe,
  0xff, 0x4b, 0xb0, 0xbe, 0xff, 0x4b, 0xb0, 0xbe, 0x01, 0x3c, 0xb0, 0xbe,
  0x01, 0x3c, 0xb0, 0xbe, 0x01, 0x3c, 0xb0, 0xbe, 0x01, 0x3c, 0xb0, 0xbe,
  0x01, 0x3c, 0xb0, 0xbe, 0x01, 0x3c, 0xb0, 0xbe, 0x01, 0x3c, 0xb0, 0xbe,
  0x01, 0x28, 0xb0, 0xbe, 0x01, 0x28, 0xb0, 0xbe, 0x01, 0x28, 0xb0, 0xbe,
  0x01, 0x28, 0xb0, 0xbe, 0x01, 0x28, 0xb0, 0xbe, 0x01, 0x28, 0xb0, 0xbe,
  0x00, 0x18, 0xb0, 0xbe, 0x00, 0x18, 0xb0, 0xbe, 0x00, 0x18, 0xb0, 0xbe,
  0x00, 0x18, 0xb0, 0xbe, 0x00, 0xfe, 0x7f, 0xbf, 0x00, 0xf6, 0x7f, 0xbf,
  0x00, 0xf6, 0x7f, 0xbf, 0x00, 0xf6, 0x7f, 0xbf, 0x00, 0xf6, 0x7f, 0xbf,
  0x00, 0xec, 0x7f, 0xbf, 0x00, 0xec, 0x7f, 0xbf, 0x01, 0xe4, 0x7f, 0xbf,
  0x01, 0xe4, 0x7f, 0xbf, 0x01, 0xe4, 0x7f, 0xbf, 0x01, 0xda, 0x7f, 0xbf,
  0x01, 0xda, 0x7f, 0xbf, 0x00, 0xd2, 0x7f, 0xbf, 0x00, 0xd2, 0x7f, 0xbf,
  0x00, 0xc8, 0x7f, 0xbf, 0x00, 0xc8, 0x7f, 0xbf, 0x00, 0xbe, 0x7f, 0xbf,
  0x00, 0xbe, 0x7f, 0xbf, 0xff, 0xb5, 0x7f, 0xbf, 0xff, 0xb5, 0x7f, 0xbf,
  0x01, 0xac, 0x7f, 0xbf, 0x01, 0xac, 0x7f, 0xbf, 0x00, 0xa4, 0x7f, 0xbf,
  0x00, 0xa4, 0x7f, 0xbf, 0x00, 0x9a, 0x7f, 0xbf, 0x00, 0x90, 0x7f, 0xbf,
  0x00, 0x90, 0x7f, 0xbf, 0xff, 0x87, 0x7f, 0xbf, 0xff, 0x87, 0x7f, 0xbf,
  0x01, 0x7e, 0x7f, 0xbf, 0x00, 0x76, 0x7f, 0xbf, 0x00, 0x76, 0x7f, 0xbf,
  0x00, 0x6c, 0x7f, 0xbf, 0x00, 0x62, 0x7f, 0xbf, 0x00, 0x62, 0x7f, 0xbf,
  0xff, 0x59, 0x7f, 0xbf, 0x01, 0x50, 0x7f, 0xbf, 0x01, 0x50, 0x7f, 0xbf,
  0x00, 0x48, 0x7f, 0xbf, 0x00, 0x3e, 0x7f, 0xbf, 0x00, 0x3e, 0x7f, 0xbf,
  0x00, 0x34, 0x7f, 0xbf, 0xff, 0x2b, 0x7f, 0xbf, 0xff, 0x21, 0x7f, 0xbf,
  0xff, 0x21, 0x7f, 0xbf, 0x00, 0x1a, 0x7f, 0xbf, 0x00, 0x10, 0x7f, 0xbf,
  0x00, 0x10, 0x7f, 0xbf, 0x00, 0x08, 0x7f, 0xbf, 0xff, 0xfd, 0x7e, 0xbf,
  0xff, 0xf3, 0x7e, 0xbf, 0xff, 0xf3, 0x7e, 0xbf, 0x00, 0xec, 0x7e, 0xbf,
  0x00, 0xe2, 0x7e, 0xbf, 0x00, 0xda, 0x7e, 0xbf, 0x00, 0xda, 0x7e, 0xbf,
  0x00, 0xd0, 0x7e, 0xbf, 0xff, 0xc5, 0x7e, 0xbf, 0x01, 0xbe, 0x7e, 0xbf,
  0x01, 0xbe, 0x7e, 0xbf, 0x00, 0xb4, 0x7e, 0xbf, 0x00, 0xac, 0x7e, 0xbf,
  0x00, 0xa2, 0x7e, 0xbf, 0x00, 0xa2, 0x7e, 0xbf, 0xff, 0x97, 0x7e, 0xbf,
  0x01, 0x90, 0x7e, 0xbf, 0x00, 0x86, 0x7e, 0xbf, 0x00, 0x7e, 0x7e, 0xbf,
  0x00, 0x7e, 0x7e, 0xbf, 0x00, 0x74, 0x7e, 0xbf, 0xff, 0x69, 0x7e, 0xbf,
  0x01, 0x62, 0x7e, 0xbf, 0x01, 0x62, 0x7e, 0xbf, 0x00, 0x58, 0x7e, 0xbf,
  0x00, 0x50, 0x7e, 0xbf, 0x00, 0x46, 0x7e, 0xbf, 0x00, 0x3c, 0x7e, 0xbf,
  0x00, 0x3c, 0x7e, 0xbf, 0x01, 0x34, 0x7e, 0xbf, 0x01, 0x2a, 0x7e, 0xbf,
  0x00, 0x22, 0x7e, 0xbf, 0x00, 0x18, 0x7e, 0xbf, 0x00, 0x18, 0x7e, 0xbf,
  0xff, 0x0f, 0x7e, 0xbf, 0x01, 0x06, 0x7e, 0xbf, 0x01, 0xfc, 0x7d, 0xbf,
  0x01, 0xfc, 0x7d, 0xbf, 0x00, 0xf4, 0x7d, 0xbf, 0x00, 0xea, 0x7d, 0xbf,
  0xff, 0xe1, 0x7d, 0xbf, 0xff, 0xd7, 0x7d, 0xbf, 0xff, 0xd7, 0x7d, 0xbf,
  0x01, 0xce, 0x7d, 0xbf, 0x00, 0xc6, 0x7d, 0xbf, 0x00, 0xbc, 0x7d, 0xbf,
  0xff, 0xb3, 0x7d, 0xbf, 0xff, 0xb3, 0x7d, 0xbf, 0xff, 0xa9, 0x7d, 0xbf,
  0x01, 0xa0, 0x7d, 0xbf, 0x00, 0x98, 0x7d, 0xbf, 0x00, 0x8e, 0x7d, 0xbf,
  0x00, 0x8e, 0x7d, 0xbf, 0x00, 0x86, 0x7d, 0xbf, 0xff, 0x7b, 0x7d, 0xbf,
  0x01, 0x72, 0x7d, 0xbf, 0x00, 0x6a, 0x7d, 0xbf, 0x00, 0x6a, 0x7d, 0xbf,
  0x00, 0x60, 0x7d, 0xbf, 0x00, 0x58, 0x7d, 0xbf, 0xff, 0x4d, 0x7d, 0xbf,
  0xff, 0x43, 0x7d, 0xbf, 0xff, 0x43, 0x7d, 0xbf, 0x00, 0x3c, 0x7d, 0xbf,
  0x00, 0x32, 0x7d, 0xbf, 0x00, 0x2a, 0x7d, 0xbf, 0xff, 0x1f, 0x7d, 0xbf,
  0xff, 0x1f, 0x7d, 0xbf, 0x01, 0x18, 0x7d, 0xbf, 0x00, 0x0e, 0x7d, 0xbf,
  0x00, 0x04, 0x7d, 0xbf, 0x00, 0xfc, 0x7c, 0xbf, 0x00, 0xfc, 0x7c, 0xbf,
  0x00, 0xf2, 0x7c, 0xbf, 0x01, 0xea, 0x7c, 0xbf, 0x01, 0xe0, 0x7c, 0xbf,
  0x00, 0xd6, 0x7c, 0xbf, 0x00, 0xd6, 0x7c, 0xbf, 0x00, 0xce, 0x7c, 0xbf,
  0x00, 0xc4, 0x7c, 0xbf, 0x01, 0xbc, 0x7c, 0xbf, 0x01, 0xb2, 0x7c, 0xbf,
  0x01, 0xb2, 0x7c, 0xbf, 0x00, 0xa8, 0x7c, 0xbf, 0x00, 0xa0, 0x7c, 0xbf,
  0x00, 0x96, 0x7c, 0xbf, 0xff, 0x8d, 0x7c, 0xbf, 0xff, 0x8d, 0x7c, 0xbf,
  0x01, 0x84, 0x7c, 0xbf, 0x00, 0x7a, 0x7c, 0xbf, 0x00, 0x72, 0x7c, 0xbf,
  0x00, 0x68, 0x7c, 0xbf, 0xff, 0x5f, 0x7c, 0xbf, 0xff, 0x5f, 0x7c, 0xbf,
  0x01, 0x56, 0x7c, 0xbf, 0x01, 0x4c, 0x7c, 0xbf, 0x00, 0x44, 0x7c, 0xbf,
  0x00, 0x3a, 0x7c, 0xbf, 0x00, 0x3a, 0x7c, 0xbf, 0xff, 0x31, 0x7c, 0xbf,
  0x01, 0x28, 0x7c, 0xbf, 0x00, 0x20, 0x7c, 0xbf, 0x00, 0x16, 0x7c, 0xbf,
  0x00, 0x16, 0x7c, 0xbf, 0x00, 0x0c, 0x7c, 0xbf, 0xff, 0x03, 0x7c, 0xbf,
  0xff, 0xf9, 0x7b, 0xbf, 0x00, 0xf2, 0x7b, 0xbf, 0x00, 0xf2, 0x7b, 0xbf,
  0x00, 0xe8, 0x7b, 0xbf, 0x00, 0xde, 0x7b, 0xbf, 0xff, 0xd5, 0x7b, 0xbf,
  0xff, 0xcb, 0x7b, 0xbf, 0xff, 0xcb, 0x7b, 0xbf, 0x00, 0xc4, 0x7b, 0xbf,
  0x00, 0xba, 0x7b, 0xbf, 0x00, 0xb0, 0x7b, 0xbf, 0x00, 0xa8, 0x7b, 0xbf,
  0x00, 0xa8, 0x7b, 0xbf, 0xff, 0x9d, 0x7b, 0xbf, 0x01, 0x96, 0x7b, 0xbf,
  0x00, 0x8c, 0x7b, 0xbf, 0x00, 0x82, 0x7b, 0xbf, 0x00, 0x82, 0x7b, 0xbf,
  0x00, 0x7a, 0x7b, 0xbf, 0xff, 0x6f, 0x7b, 0xbf, 0x01, 0x68, 0x7b, 0xbf,
  0x00, 0x5e, 0x7b, 0xbf, 0x00, 0x5e, 0x7b, 0xbf, 0x00, 0x54, 0x7b, 0xbf,
  0x00, 0x4c, 0x7b, 0xbf, 0xff, 0x41, 0x7b, 0xbf, 0x01, 0x3a, 0x7b, 0xbf,
  0x01, 0x3a, 0x7b, 0xbf, 0x00, 0x30, 0x7b, 0xbf, 0x00, 0x68, 0xa6, 0xbe,
  0xff, 0x53, 0xa6, 0xbe, 0xff, 0x53, 0xa6, 0xbe, 0xff, 0x3f, 0xa6, 0xbe,
  0x01, 0x30, 0xa6, 0xbe, 0x01, 0x1c, 0xa6, 0xbe, 0x01, 0x1c, 0xa6, 0xbe,
  0x00, 0x0c, 0xa6, 0xbe, 0x00, 0xf8, 0xa5, 0xbe, 0x00, 0xf8, 0xa5, 0xbe,
  0xff, 0xe7, 0xa5, 0xbe, 0xff, 0xe7, 0xa5, 0xbe, 0x01, 0xd4, 0xa5, 0xbe,
  0x01, 0xc0, 0xa5, 0xbe, 0x01, 0xc0, 0xa5, 0xbe, 0x00, 0xb0, 0xa5, 0xbe,
  0x00, 0xb0, 0xa5, 0xbe, 0x00, 0x9c, 0xa5, 0xbe, 0x00, 0x9c, 0xa5, 0xbe,
  0xff, 0x8b, 0xa5, 0xbe, 0xff, 0x8b, 0xa5, 0xbe, 0x02, 0x78, 0xa5, 0xbe,
  0x02, 0x78, 0xa5, 0xbe, 0x01, 0x64, 0xa5, 0xbe, 0x01, 0x64, 0xa5, 0xbe,
  0x00, 0x54, 0xa5, 0xbe, 0x00, 0x54, 0xa5, 0xbe, 0x00, 0x54, 0xa5, 0xbe,
  0x00, 0x40, 0xa5, 0xbe, 0x00, 0x40, 0xa5, 0xbe, 0xff, 0x2f, 0xa5, 0xbe,
  0xff, 0x2f, 0xa5, 0xbe, 0xff, 0x2f, 0xa5, 0xbe, 0xfe, 0x1b, 0xa5, 0xbe,
  0xfe, 0x1b, 0xa5, 0xbe, 0x01, 0x08, 0xa5, 0xbe, 0x01, 0x08, 0xa5, 0xbe,
  0x01, 0x08, 0xa5, 0xbe, 0x00, 0xf8, 0xa4, 0xbe, 0x00, 0xf8, 0xa4, 0xbe,
  0x00, 0xe4, 0xa4, 0xbe, 0x00, 0xe4, 0xa4, 0xbe, 0x00, 0xe4, 0xa4, 0xbe,
  0xff, 0xd3, 0xa4, 0xbe, 0xff, 0xd3, 0xa4, 0xbe, 0xff, 0xd3, 0xa4, 0xbe,
  0xff, 0xbf, 0xa4, 0xbe, 0xff, 0xbf, 0xa4, 0xbe, 0xff, 0xbf, 0xa4, 0xbe,
  0x01, 0xac, 0xa4, 0xbe, 0x01, 0xac, 0xa4, 0xbe, 0x01, 0xac, 0xa4, 0xbe,
  0x00, 0x9c, 0xa4, 0xbe, 0x00, 0x9c, 0xa4, 0xbe, 0x00, 0x9c, 0xa4, 0xbe,
  0x00, 0x88, 0xa4, 0xbe, 0x00, 0x88, 0xa4, 0xbe, 0x00, 0x88, 0xa4, 0xbe,
  0xff, 0x77, 0xa4, 0xbe, 0xff, 0x77, 0xa4, 0xbe, 0xff, 0x77, 0xa4, 0xbe,
  0xff, 0x77, 0xa4, 0xbe, 0xff, 0x63, 0xa4, 0xbe, 0xff, 0x63, 0xa4, 0xbe,
  0x02, 0xa0, 0x2a, 0x3e, 0x02, 0xa0, 0x2a, 0x3e, 0x02, 0xa0, 0x2a, 0x3e,
  0x02, 0xa0, 0x2a, 0x3e, 0x02, 0xa0, 0x2a, 0x3e, 0x02, 0xa0, 0x2a, 0x3e,
  0x02, 0xa0, 0x2a, 0x3e, 0x02, 0xa0, 0x2a, 0x3e, 0x00, 0xa8, 0xaa, 0x3e,
  0x00, 0xa8, 0xaa, 0x3e, 0x00, 0xa8, 0xaa, 0x3e, 0x00, 0xa8, 0xaa, 0x3e,
  0x00, 0xa8, 0xaa, 0x3e, 0x00, 0xa8, 0xaa, 0x3e, 0x00, 0xa8, 0xaa, 0x3e,
  0x00, 0xa8, 0xaa, 0x3e, 0x00, 0xa8, 0xaa, 0x3e, 0x01, 0xf8, 0xff, 0x3e,
  0x01, 0xf8, 0xff, 0x3e, 0x01, 0xf8, 0xff, 0x3e, 0x01, 0xf8, 0xff, 0x3e,
  0x01, 0xf8, 0xff, 0x3e, 0x01, 0xf8, 0xff, 0x3e, 0x01, 0xf8, 0xff, 0x3e,
  0x01, 0xf8, 0xff, 0x3e, 0x01, 0xf8, 0xff, 0x3e, 0x01, 0xf8, 0xff, 0x3e,
  0x00, 0xaa, 0x2a, 0x3f, 0x00, 0xaa, 0x2a, 0x3f, 0x00, 0xaa, 0x2a, 0x3f,
  0x00, 0xaa, 0x2a, 0x3f, 0x00, 0xaa, 0x2a, 0x3f, 0x00, 0xaa, 0x2a, 0x3f,
  0x00, 0xaa, 0x2a, 0x3f, 0x00, 0xaa, 0x2a, 0x3f, 0x00, 0xaa, 0x2a, 0x3f,
  0x00, 0xaa, 0x2a, 0x3f, 0x00, 0xaa, 0x2a, 0x3f, 0x00, 0xaa, 0x2a, 0x3f,
  0x00, 0xaa, 0x2a, 0x3f, 0x00, 0x52, 0x55, 0x3f, 0x00, 0x52, 0x55, 0x3f,
  0x00, 0x52, 0x55, 0x3f, 0x00, 0x52, 0x55, 0x3f, 0x00, 0x52, 0x55, 0x3f,
  0x00, 0x52, 0x55, 0x3f, 0x00, 0x52, 0x55, 0x3f, 0x00, 0x52, 0x55, 0x3f,
  0x00, 0x52, 0x55, 0x3f, 0x00, 0x52, 0x55, 0x3f, 0x00, 0x52, 0x55, 0x3f,
  0x00, 0x52, 0x55, 0x3f, 0x00, 0x52, 0x55, 0x3f, 0x00, 0x52, 0x55, 0x3f,
  0x00, 0x52, 0x55, 0x3f, 0x00, 0x52, 0x55, 0x3f, 0x00, 0x52, 0x55, 0x3f,
  0x00, 0x52, 0x55, 0x3f, 0x00, 0x52, 0x55, 0x3f, 0x00, 0x52, 0x55, 0x3f,
  0x00, 0x52, 0x55, 0x3f, 0x00, 0x52, 0x55, 0x3f, 0x00, 0x52, 0x55, 0x3f,
  0x00, 0x52, 0x55, 0x3f, 0x00, 0x52, 0x55, 0x3f, 0x00, 0x52, 0x55, 0x3f,
  0x00, 0x52, 0x55, 0x3f, 0x00, 0x52, 0x55, 0x3f, 0x00, 0x52, 0x55, 0x3f,
  0x00, 0x52, 0x55, 0x3f, 0x00, 0x52, 0x55, 0x3f, 0x00, 0x52, 0x55, 0x3f,
  0x00, 0x52, 0x55, 0x3f, 0x00, 0x52, 0x55, 0x3f, 0x00, 0x52, 0x55, 0x3f,
  0x00, 0x52, 0x55, 0x3f, 0x00, 0x52, 0x55, 0x3f, 0x00, 0x52, 0x55, 0x3f,
  0x00, 0x52, 0x55, 0x3f, 0x00, 0x52, 0x55, 0x3f, 0x00, 0x52, 0x55, 0x3f,
  0x00, 0x52, 0x55, 0x3f, 0x00, 0x52, 0x55, 0x3f, 0x00, 0x52, 0x55, 0x3f,
  0x00, 0x52, 0x55, 0x3f, 0x00, 0x52, 0x55, 0x3f, 0x00, 0x52, 0x55, 0x3f,
  0x00, 0x52, 0x55, 0x3f, 0x00, 0x52, 0x55, 0x3f, 0x00, 0x52, 0x55, 0x3f,
  0x00, 0x52, 0x55, 0x3f, 0x00, 0x52, 0x55, 0x3f, 0x00, 0x52, 0x55, 0x3f,
  0x00, 0x52, 0x55, 0x3f, 0x00, 0x52, 0x55, 0x3f, 0x00, 0x52, 0x55, 0x3f,
  0x00, 0x52, 0x55, 0x3f, 0x00, 0x52, 0x55, 0x3f, 0x00, 0x52, 0x55, 0x3f,
  0x00, 0x52, 0x55, 0x3f, 0x00, 0x52, 0x55, 0x3f, 0x00, 0x52, 0x55, 0x3f,
  0x00, 0x52, 0x55, 0x3f, 0x00, 0x52, 0x55, 0x3f, 0x00, 0x52, 0x55, 0x3f,
  0x00, 0x52, 0x55, 0x3f, 0x00, 0x52, 0x55, 0x3f, 0x00, 0x52, 0x55, 0x3f,
  0x00, 0x52, 0x55, 0x3f, 0x00, 0x52, 0x55, 0x3f, 0x00, 0x52, 0x55, 0x3f,
  0x00, 0x52, 0x55, 0x3f, 0x00, 0x52, 0x55, 0x3f, 0x00, 0x52, 0x55, 0x3f,
  0x00, 0x52, 0x55, 0x3f, 0x00, 0x52, 0x55, 0x3f, 0x00, 0x52, 0x55, 0x3f,
  0x00, 0x52, 0x55, 0x3f, 0x00, 0x52, 0x55, 0x3f, 0x00, 0x52, 0x55, 0x3f,
  0x00, 0x52, 0x55, 0x3f, 0x00, 0x52, 0x55, 0x3f, 0x00, 0x52, 0x55, 0x3f,
  0x00, 0x52, 0x55, 0x3f, 0x00, 0x52, 0x55, 0x3f, 0x00, 0x52, 0x55, 0x3f,
  0x00, 0x52, 0x55, 0x3f, 0x00, 0x52, 0x55, 0x3f, 0x00, 0x52, 0x55, 0x3f,
  0x00, 0x52, 0x55, 0x3f, 0x00, 0x52, 0x55, 0x3f, 0x00, 0x52, 0x55, 0x3f,
  0x00, 0x52, 0x55, 0x3f, 0x00, 0x52, 0x55, 0x3f, 0x00, 0x52, 0x55, 0x3f,
  0x00, 0x52, 0x55, 0x3f, 0x00, 0x52, 0x55, 0x3f, 0x00, 0x52, 0x55, 0x3f,
  0x00, 0x52, 0x55, 0x3f, 0x00, 0x52, 0x55, 0x3f, 0x00, 0x52, 0x55, 0x3f,
  0x00, 0x52, 0x55, 0x3f, 0x00, 0x52, 0x55, 0x3f, 0x00, 0x52, 0x55, 0x3f,
  0x00, 0x52, 0x55, 0x3f, 0x00, 0x52, 0x55, 0x3f, 0x00, 0x52, 0x55, 0x3f,
  0x00, 0x52, 0x55, 0x3f, 0x00, 0x52, 0x55, 0x3f, 0x00, 0x52, 0x55, 0x3f,
  0x00, 0x52, 0x55, 0x3f, 0x00, 0x52, 0x55, 0x3f, 0x00, 0x52, 0x55, 0x3f,
  0x00, 0x52, 0x55, 0x3f, 0x00, 0x52, 0x55, 0x3f, 0x00, 0x52, 0x55, 0x3f,
  0x00, 0x52, 0x55, 0x3f, 0x00, 0x52, 0x55, 0x3f, 0x00, 0x52, 0x55, 0x3f,
  0x00, 0x52, 0x55, 0x3f, 0x00, 0x52, 0x55, 0x3f, 0x00, 0x52, 0x55, 0x3f,
  0x00, 0x52, 0x55, 0x3f, 0x00, 0x52, 0x55, 0x3f, 0x00, 0x52, 0x55, 0x3f,
  0x00, 0x52, 0x55, 0x3f, 0x00, 0x52, 0x55, 0x3f, 0x00, 0x52, 0x55, 0x3f,
  0x00, 0x52, 0x55, 0x3f, 0x00, 0x52, 0x55, 0x3f, 0x00, 0x52, 0x55, 0x3f,
  0x00, 0x52, 0x55, 0x3f, 0x00, 0x52, 0x55, 0x3f, 0x00, 0x52, 0x55, 0x3f,
  0x00, 0x52, 0x55, 0x3f, 0x00, 0x52, 0x55, 0x3f, 0x00, 0x52, 0x55, 0x3f,
  0x00, 0x52, 0x55, 0x3f, 0x00, 0x52, 0x55, 0x3f, 0x00, 0x52, 0x55, 0x3f,
  0x00, 0x52, 0x55, 0x3f, 0x00, 0x52, 0x55, 0x3f, 0x00, 0x52, 0x55, 0x3f,
  0x00, 0x52, 0x55, 0x3f, 0x00, 0x52, 0x55, 0x3f, 0x00, 0x52, 0x55, 0x3f,
  0x00, 0x52, 0x55, 0x3f, 0x00, 0x52, 0x55, 0x3f, 0x00, 0x52, 0x55, 0x3f,
  0x00, 0x52, 0x55, 0x3f, 0x00, 0x52, 0x55, 0x3f, 0x00, 0x52, 0x55, 0x3f,
  0x00, 0x52, 0x55, 0x3f, 0x00, 0x52, 0x55, 0x3f, 0x00, 0xaa, 0x2a, 0x3f,
  0x00, 0xaa, 0x2a, 0x3f, 0x00, 0xaa, 0x2a, 0x3f, 0x00, 0xaa, 0x2a, 0x3f,
  0x00, 0xaa, 0x2a, 0x3f, 0x00, 0xaa, 0x2a, 0x3f, 0x00, 0xaa, 0x2a, 0x3f,
  0x00, 0xaa, 0x2a, 0x3f, 0x00, 0xaa, 0x2a, 0x3f, 0x00, 0xaa, 0x2a, 0x3f,
  0x00, 0xaa, 0x2a, 0x3f, 0x00, 0xaa, 0x2a, 0x3f, 0x00, 0xf4, 0x03, 0x3f,
  0x01, 0xf8, 0xff, 0x3e, 0x01, 0xf8, 0xff, 0x3e, 0x01, 0xf8, 0xff, 0x3e,
  0x01, 0xf8, 0xff, 0x3e, 0x01, 0xf8, 0xff, 0x3e, 0x01, 0xf8, 0xff, 0x3e,
  0x01, 0xf8, 0xff, 0x3e, 0x01, 0xf8, 0xff, 0x3e, 0x00, 0xa8, 0xaa, 0x3e,
  0x00, 0xa8, 0xaa, 0x3e, 0x00, 0xa8, 0xaa, 0x3e, 0x00, 0xa8, 0xaa, 0x3e,
  0x00, 0xa8, 0xaa, 0x3e, 0x00, 0xa8, 0xaa, 0x3e, 0x00, 0xa8, 0xaa, 0x3e,
  0x00, 0xa8, 0xaa, 0x3e, 0x02, 0xa0, 0x2a, 0x3e, 0x02, 0xa0, 0x2a, 0x3e,
  0x02, 0xa0, 0x2a, 0x3e, 0x02, 0xa0, 0x2a, 0x3e, 0x02, 0xa0, 0x2a, 0x3e,
  0x02, 0xa0, 0x2a, 0x3e, 0x02, 0xa0, 0x2a, 0x3e, 0x02, 0xa0, 0x2a, 0x3e,
  0x00, 0x00, 0x00, 0x00, 0x00, 0x00, 0x00, 0x00, 0x00, 0x00, 0x00, 0x00,
  0x00, 0x00, 0x00, 0x00, 0x00, 0x00, 0x00, 0x00, 0x00, 0x00, 0x00, 0x00,
  0x00, 0x00, 0x00, 0x00, 0x00, 0x00, 0x00, 0x00, 0x00, 0x00, 0x00, 0x00,
  0x02, 0xa0, 0x2a, 0xbe, 0x02, 0xa0, 0x2a, 0xbe, 0x02, 0xa0, 0x2a, 0xbe,
  0x02, 0xa0, 0x2a, 0xbe, 0x02, 0xa0, 0x2a, 0xbe, 0x02, 0xa0, 0x2a, 0xbe,
  0x02, 0xa0, 0x2a, 0xbe, 0x02, 0xa0, 0x2a, 0xbe, 0x02, 0xa0, 0x2a, 0xbe,
  0x01, 0xbc, 0xa2, 0xbe, 0x00, 0xa8, 0xaa, 0xbe, 0x00, 0xa8, 0xaa, 0xbe,
  0x00, 0xa8, 0xaa, 0xbe, 0x00, 0xa8, 0xaa, 0xbe, 0x00, 0xa8, 0xaa, 0xbe,
  0x00, 0xa8, 0xaa, 0xbe, 0x00, 0xa8, 0xaa, 0xbe, 0x00, 0xa8, 0xaa, 0xbe,
  0x00, 0xa8, 0xaa, 0xbe, 0x00, 0xa8, 0xaa, 0xbe, 0x00, 0xa8, 0xaa, 0xbe,
  0x00, 0xa8, 0xaa, 0xbe, 0x01, 0xf8, 0xff, 0xbe, 0x01, 0xf8, 0xff, 0xbe,
  0x01, 0xf8, 0xff, 0xbe, 0x01, 0xf8, 0xff, 0xbe, 0x01, 0xf8, 0xff, 0xbe,
  0x01, 0xf8, 0xff, 0xbe, 0x01, 0xf8, 0xff, 0xbe, 0x01, 0xf8, 0xff, 0xbe,
  0x01, 0xf8, 0xff, 0xbe, 0x01, 0xf8, 0xff, 0xbe, 0x01, 0xf8, 0xff, 0xbe,
  0x01, 0xf8, 0xff, 0xbe, 0x01, 0xf8, 0xff, 0xbe, 0x01, 0xf8, 0xff, 0xbe,
  0x01, 0xf8, 0xff, 0xbe, 0x01, 0xf8, 0xff, 0xbe, 0x01, 0xf8, 0xff, 0xbe,
  0x01, 0xf8, 0xff, 0xbe, 0x01, 0xf8, 0xff, 0xbe, 0x01, 0xf8, 0xff, 0xbe,
  0x01, 0xf8, 0xff, 0xbe, 0x00, 0xaa, 0x2a, 0xbf, 0x00, 0xaa, 0x2a, 0xbf,
  0x00, 0xaa, 0x2a, 0xbf, 0x00, 0xaa, 0x2a, 0xbf, 0x00, 0xaa, 0x2a, 0xbf,
  0x00, 0xaa, 0x2a, 0xbf, 0x00, 0xaa, 0x2a, 0xbf, 0x00, 0xaa, 0x2a, 0xbf,
  0x00, 0xaa, 0x2a, 0xbf, 0x00, 0xaa, 0x2a, 0xbf, 0x00, 0xaa, 0x2a, 0xbf,
  0x00, 0xaa, 0x2a, 0xbf, 0x00, 0xaa, 0x2a, 0xbf, 0x00, 0xaa, 0x2a, 0xbf,
  0x00, 0xaa, 0x2a, 0xbf, 0x00, 0xaa, 0x2a, 0xbf, 0x00, 0xaa, 0x2a, 0xbf,
  0x00, 0xaa, 0x2a, 0xbf, 0x00, 0xaa, 0x2a, 0xbf, 0x00, 0xaa, 0x2a, 0xbf,
  0x00, 0xaa, 0x2a, 0xbf, 0x00, 0xaa, 0x2a, 0xbf, 0x00, 0xaa, 0x2a, 0xbf,
  0x00, 0xaa, 0x2a, 0xbf, 0x00, 0xaa, 0x2a, 0xbf, 0x00, 0xaa, 0x2a, 0xbf,
  0x00, 0xaa, 0x2a, 0xbf, 0x00, 0xaa, 0x2a, 0xbf, 0x00, 0xaa, 0x2a, 0xbf,
  0x00, 0xaa, 0x2a, 0xbf, 0x00, 0xaa, 0x2a, 0xbf, 0x00, 0xaa, 0x2a, 0xbf,
  0x00, 0xaa, 0x2a, 0xbf, 0x00, 0xaa, 0x2a, 0xbf, 0x00, 0xaa, 0x2a, 0xbf,
  0x00, 0xaa, 0x2a, 0xbf, 0x00, 0xaa, 0x2a, 0xbf, 0x00, 0xaa, 0x2a, 0xbf,
  0x00, 0xaa, 0x2a, 0xbf, 0x00, 0xaa, 0x2a, 0xbf, 0x01, 0xf8, 0xff, 0xbe,
  0x01, 0xf8, 0xff, 0xbe, 0x01, 0xf8, 0xff, 0xbe, 0x01, 0xf8, 0xff, 0xbe,
  0x01, 0xf8, 0xff, 0xbe, 0x01, 0xf8, 0xff, 0xbe, 0x01, 0xf8, 0xff, 0xbe,
  0x01, 0xf8, 0xff, 0xbe, 0x01, 0xf8, 0xff, 0xbe, 0x01, 0xf8, 0xff, 0xbe,
  0x01, 0xf8, 0xff, 0xbe, 0x01, 0xf8, 0xff, 0xbe, 0x01, 0xf8, 0xff, 0xbe,
  0x01, 0xf8, 0xff, 0xbe, 0x01, 0xf8, 0xff, 0xbe, 0x01, 0xf8, 0xff, 0xbe,
  0x01, 0xf8, 0xff, 0xbe, 0x01, 0xf8, 0xff, 0xbe, 0x01, 0xf8, 0xff, 0xbe,
  0x01, 0xf8, 0xff, 0xbe, 0x01, 0xf8, 0xff, 0xbe, 0x00, 0xaa, 0x2a, 0xbf,
  0x00, 0xaa, 0x2a, 0xbf, 0x00, 0xaa, 0x2a, 0xbf, 0x00, 0xaa, 0x2a, 0xbf,
  0x00, 0xaa, 0x2a, 0xbf, 0x00, 0xaa, 0x2a, 0xbf, 0x00, 0xaa, 0x2a, 0xbf,
  0x00, 0xaa, 0x2a, 0xbf, 0x00, 0xaa, 0x2a, 0xbf, 0x00, 0xaa, 0x2a, 0xbf,
  0x00, 0xaa, 0x2a, 0xbf, 0x00, 0xaa, 0x2a, 0xbf, 0x00, 0xaa, 0x2a, 0xbf,
  0x00, 0xaa, 0x2a, 0xbf, 0x00, 0xaa, 0x2a, 0xbf, 0x00, 0xaa, 0x2a, 0xbf,
  0x00, 0xaa, 0x2a, 0xbf, 0x00, 0xaa, 0x2a, 0xbf, 0x00, 0xaa, 0x2a, 0xbf,
  0x00, 0xaa, 0x2a, 0xbf, 0x00, 0xaa, 0x2a, 0xbf, 0x00, 0xaa, 0x2a, 0xbf,
  0x00, 0xaa, 0x2a, 0xbf, 0x00, 0xaa, 0x2a, 0xbf, 0x00, 0xaa, 0x2a, 0xbf,
  0x00, 0xaa, 0x2a, 0xbf, 0x00, 0xaa, 0x2a, 0xbf, 0x00, 0xaa, 0x2a, 0xbf,
  0x00, 0x52, 0x55, 0xbf, 0x00, 0x52, 0x55, 0xbf, 0x00, 0x52, 0x55, 0xbf,
  0x00, 0x52, 0x55, 0xbf, 0x00, 0x52, 0x55, 0xbf, 0x00, 0x52, 0x55, 0xbf,
  0x00, 0x52, 0x55, 0xbf, 0x00, 0x52, 0x55, 0xbf, 0x00, 0x52, 0x55, 0xbf,
  0x00, 0x52, 0x55, 0xbf, 0x00, 0x52, 0x55, 0xbf, 0x00, 0x52, 0x55, 0xbf,
  0x00, 0x52, 0x55, 0xbf, 0x00, 0x52, 0x55, 0xbf, 0x00, 0x52, 0x55, 0xbf,
  0x00, 0x52, 0x55, 0xbf, 0x00, 0x52, 0x55, 0xbf, 0x00, 0x08, 0x7c, 0xbf,
  0x00, 0xfe, 0x7f, 0xbf, 0x00, 0xfe, 0x7f, 0xbf, 0x00, 0xfe, 0x7f, 0xbf,
  0x00, 0xfe, 0x7f, 0xbf, 0x00, 0xfe, 0x7f, 0xbf, 0x00, 0xfe, 0x7f, 0xbf,
  0x00, 0xfe, 0x7f, 0xbf, 0x00, 0xfe, 0x7f, 0xbf, 0x00, 0xfe, 0x7f, 0xbf,
  0x00, 0xfe, 0x7f, 0xbf, 0x00, 0xfe, 0x7f, 0xbf, 0x00, 0xfe, 0x7f, 0xbf,
  0x00, 0xfe, 0x7f, 0xbf, 0x00, 0xfe, 0x7f, 0xbf, 0x00, 0xfe, 0x7f, 0xbf,
  0x00, 0xfe, 0x7f, 0xbf, 0x00, 0xfe, 0x7f, 0xbf, 0x00, 0xfe, 0x7f, 0xbf,
  0x00, 0xfe, 0x7f, 0xbf, 0x00, 0xfe, 0x7f, 0xbf, 0x00, 0xfe, 0x7f, 0xbf,
  0x00, 0xfe, 0x7f, 0xbf, 0x00, 0xfe, 0x7f, 0xbf, 0x00, 0xfe, 0x7f, 0xbf,
  0x00, 0xfe, 0x7f, 0xbf, 0x00, 0xfe, 0x7f, 0xbf, 0x00, 0xfe, 0x7f, 0xbf,
  0x00, 0xfe, 0x7f, 0xbf, 0x00, 0xfe, 0x7f, 0xbf, 0x00, 0xfe, 0x7f, 0xbf,
  0x00, 0xfe, 0x7f, 0xbf, 0x00, 0xfe, 0x7f, 0xbf, 0x00, 0xfe, 0x7f, 0xbf,
  0x00, 0xfe, 0x7f, 0xbf, 0x00, 0xfe, 0x7f, 0xbf, 0x00, 0xfe, 0x7f, 0xbf,
  0x00, 0xfe, 0x7f, 0xbf, 0x00, 0xfe, 0x7f, 0xbf, 0x00, 0xfe, 0x7f, 0xbf,
  0x00, 0xfe, 0x7f, 0xbf, 0x00, 0xfe, 0x7f, 0xbf, 0x00, 0xfe, 0x7f, 0xbf,
  0x00, 0xfe, 0x7f, 0xbf, 0x00, 0xfe, 0x7f, 0xbf, 0x00, 0xfe, 0x7f, 0xbf,
  0x00, 0xfe, 0x7f, 0xbf, 0x00, 0xfe, 0x7f, 0xbf, 0x00, 0xfe, 0x7f, 0xbf,
  0x00, 0xfe, 0x7f, 0xbf, 0x00, 0xfe, 0x7f, 0xbf, 0x00, 0x52, 0x55, 0xbf,
  0x00, 0x52, 0x55, 0xbf, 0x00, 0x52, 0x55, 0xbf, 0x00, 0x52, 0x55, 0xbf,
  0x00, 0x52, 0x55, 0xbf, 0x00, 0x52, 0x55, 0xbf, 0x00, 0x52, 0x55, 0xbf,
  0x00, 0x52, 0x55, 0xbf, 0x00, 0x52, 0x55, 0xbf, 0x00, 0x52, 0x55, 0xbf,
  0x00, 0x52, 0x55, 0xbf, 0x00, 0x52, 0x55, 0xbf, 0x00, 0x52, 0x55, 0xbf,
  0x00, 0x52, 0x55, 0xbf, 0x00, 0x52, 0x55, 0xbf, 0x00, 0x52, 0x55, 0xbf,
  0x00, 0xaa, 0x2a, 0xbf, 0x00, 0xaa, 0x2a, 0xbf, 0x00, 0xaa, 0x2a, 0xbf,
  0x00, 0xaa, 0x2a, 0xbf, 0x00, 0xaa, 0x2a, 0xbf, 0x00, 0xaa, 0x2a, 0xbf,
  0x00, 0xaa, 0x2a, 0xbf, 0x00, 0xaa, 0x2a, 0xbf, 0x00, 0xaa, 0x2a, 0xbf,
  0x00, 0xaa, 0x2a, 0xbf, 0x00, 0xaa, 0x2a, 0xbf, 0x00, 0xaa, 0x2a, 0xbf,
  0x00, 0xaa, 0x2a, 0xbf, 0x00, 0xaa, 0x2a, 0xbf, 0x00, 0xaa, 0x2a, 0xbf,
  0x00, 0xaa, 0x2a, 0xbf, 0x00, 0xaa, 0x2a, 0xbf, 0x00, 0xaa, 0x2a, 0xbf,
  0x00, 0xaa, 0x2a, 0xbf, 0x00, 0xaa, 0x2a, 0xbf, 0x00, 0xaa, 0x2a, 0xbf,
  0x01, 0xf8, 0xff, 0xbe, 0x01, 0xf8, 0xff, 0xbe, 0x01, 0xf8, 0xff, 0xbe,
  0x01, 0xf8, 0xff, 0xbe, 0x01, 0xf8, 0xff, 0xbe, 0x01, 0xf8, 0xff, 0xbe,
  0x01, 0xf8, 0xff, 0xbe, 0x01, 0xf8, 0xff, 0xbe, 0x01, 0xf8, 0xff, 0xbe,
  0x01, 0xf8, 0xff, 0xbe, 0x01, 0xf8, 0xff, 0xbe, 0x01, 0xf8, 0xff, 0xbe,
  0x01, 0xf8, 0xff, 0xbe, 0x01, 0xf8, 0xff, 0xbe, 0x01, 0xf8, 0xff, 0xbe,
  0x01, 0xf8, 0xff, 0xbe, 0x01, 0xf8, 0xff, 0xbe, 0x01, 0xf8, 0xff, 0xbe,
  0x01, 0xf8, 0xff, 0xbe, 0x01, 0xf8, 0xff, 0xbe, 0x01, 0xf8, 0xff, 0xbe,
  0x01, 0xf8, 0xff, 0xbe, 0x01, 0xf8, 0xff, 0xbe, 0x01, 0xf8, 0xff, 0xbe,
  0x01, 0xf8, 0xff, 0xbe, 0x01, 0xf8, 0xff, 0xbe, 0x01, 0xf8, 0xff, 0xbe,
  0x01, 0xf8, 0xff, 0xbe, 0x01, 0xf8, 0xff, 0xbe, 0x01, 0xf8, 0xff, 0xbe,
  0x01, 0xf8, 0xff, 0xbe, 0x01, 0xf8, 0xff, 0xbe, 0x01, 0xf8, 0xff, 0xbe,
  0x01, 0xf8, 0xff, 0xbe, 0x01, 0xf8, 0xff, 0xbe, 0x01, 0xf8, 0xff, 0xbe,
  0x01, 0xf8, 0xff, 0xbe, 0x01, 0xf8, 0xff, 0xbe, 0x01, 0xf8, 0xff, 0xbe,
  0x01, 0xf8, 0xff, 0xbe, 0x01, 0xf8, 0xff, 0xbe, 0x01, 0xf8, 0xff, 0xbe,
  0x01, 0xf8, 0xff, 0xbe, 0x01, 0xf8, 0xff, 0xbe, 0x01, 0xf8, 0xff, 0xbe,
  0x01, 0xf8, 0xff, 0xbe, 0x01, 0xf8, 0xff, 0xbe, 0x01, 0xf8, 0xff, 0xbe,
  0x01, 0xf8, 0xff, 0xbe, 0x01, 0xf8, 0xff, 0xbe, 0x01, 0xf8, 0xff, 0xbe,
  0x01, 0xf8, 0xff, 0xbe, 0x01, 0xf8, 0xff, 0xbe, 0x01, 0xf8, 0xff, 0xbe,
  0x01, 0xf8, 0xff, 0xbe, 0x01, 0xf8, 0xff, 0xbe, 0x01, 0xf8, 0xff, 0xbe,
  0x01, 0xf8, 0xff, 0xbe, 0x01, 0xf8, 0xff, 0xbe, 0x01, 0xf8, 0xff, 0xbe,
  0x01, 0xf8, 0xff, 0xbe, 0x01, 0xf8, 0xff, 0xbe, 0x01, 0xf8, 0xff, 0xbe,
  0x01, 0xf8, 0xff, 0xbe, 0x01, 0xf8, 0xff, 0xbe, 0x01, 0xf8, 0xff, 0xbe,
  0x01, 0xf8, 0xff, 0xbe, 0x01, 0xf8, 0xff, 0xbe, 0x01, 0xf8, 0xff, 0xbe,
  0x01, 0xf8, 0xff, 0xbe, 0x01, 0xf8, 0xff, 0xbe, 0x01, 0xf8, 0xff, 0xbe,
  0x01, 0xf8, 0xff, 0xbe, 0x01, 0xf8, 0xff, 0xbe, 0x01, 0xf8, 0xff, 0xbe,
  0x01, 0xf8, 0xff, 0xbe, 0x01, 0xf8, 0xff, 0xbe, 0x01, 0xf8, 0xff, 0xbe,
  0x01, 0xf8, 0xff, 0xbe, 0x01, 0xf8, 0xff, 0xbe, 0x01, 0xf8, 0xff, 0xbe,
  0x01, 0xf8, 0xff, 0xbe, 0x01, 0xf8, 0xff, 0xbe, 0x01, 0xf8, 0xff, 0xbe,
  0x01, 0xf8, 0xff, 0xbe, 0x01, 0xf8, 0xff, 0xbe, 0x01, 0xf8, 0xff, 0xbe,
  0x01, 0xf8, 0xff, 0xbe, 0x01, 0xf8, 0xff, 0xbe, 0x01, 0xf8, 0xff, 0xbe,
  0x01, 0xf8, 0xff, 0xbe, 0x00, 0xa8, 0xaa, 0xbe, 0x00, 0xa8, 0xaa, 0xbe,
  0x00, 0xa8, 0xaa, 0xbe, 0x00, 0xa8, 0xaa, 0xbe, 0x00, 0xa8, 0xaa, 0xbe,
  0x00, 0xa8, 0xaa, 0xbe, 0x00, 0xa8, 0xaa, 0xbe, 0x00, 0xa8, 0xaa, 0xbe,
  0x00, 0xa8, 0xaa, 0xbe, 0x00, 0xa8, 0xaa, 0xbe, 0x00, 0xa8, 0xaa, 0xbe,
  0x00, 0xa8, 0xaa, 0xbe, 0x00, 0xa8, 0xaa, 0xbe, 0x00, 0xa8, 0xaa, 0xbe,
  0x02, 0xa0, 0x2a, 0xbe, 0x02, 0xa0, 0x2a, 0xbe, 0x02, 0xa0, 0x2a, 0xbe,
  0x02, 0xa0, 0x2a, 0xbe, 0x02, 0xa0, 0x2a, 0xbe, 0x02, 0xa0, 0x2a, 0xbe,
  0x02, 0xa0, 0x2a, 0xbe, 0x02, 0xa0, 0x2a, 0xbe, 0x02, 0xa0, 0x2a, 0xbe,
  0x00, 0x00, 0x00, 0x00, 0x00, 0x00, 0x00, 0x00, 0x00, 0x00, 0x00, 0x00,
  0x00, 0x00, 0x00, 0x00, 0x00, 0x00, 0x00, 0x00, 0x00, 0x00, 0x00, 0x00,
  0x00, 0x00, 0x00, 0x00, 0x00, 0x00, 0x00, 0x00, 0x00, 0x00, 0x00, 0x00,
  0x02, 0xa0, 0x2a, 0x3e, 0x02, 0xa0, 0x2a, 0x3e, 0x02, 0xa0, 0x2a, 0x3e,
  0x02, 0xa0, 0x2a, 0x3e, 0x02, 0xa0, 0x2a, 0x3e, 0x02, 0xa0, 0x2a, 0x3e,
  0x02, 0xa0, 0x2a, 0x3e, 0x02, 0xa0, 0x2a, 0x3e, 0x02, 0xa0, 0x2a, 0x3e,
  0x02, 0xa0, 0x2a, 0x3e, 0x02, 0xa0, 0x2a, 0x3e, 0x02, 0xa0, 0x2a, 0x3e,
  0x02, 0xa0, 0x2a, 0x3e, 0x02, 0xa0, 0x2a, 0x3e, 0x02, 0xa0, 0x2a, 0x3e,
  0x02, 0xa0, 0x2a, 0x3e, 0x02, 0xa0, 0x2a, 0x3e, 0x02, 0xa0, 0x2a, 0x3e,
  0x02, 0xa0, 0x2a, 0x3e, 0x02, 0xa0, 0x2a, 0x3e, 0x02, 0xa0, 0x2a, 0x3e,
  0x02, 0xa0, 0x2a, 0x3e, 0x02, 0xa0, 0x2a, 0x3e, 0x02, 0xa0, 0x2a, 0x3e,
  0x02, 0xa0, 0x2a, 0x3e, 0x00, 0xa8, 0xaa, 0x3e, 0x00, 0xa8, 0xaa, 0x3e,
  0x00, 0xa8, 0xaa, 0x3e, 0x00, 0xa8, 0xaa, 0x3e, 0x00, 0xa8, 0xaa, 0x3e,
  0x00, 0xa8, 0xaa, 0x3e, 0x00, 0xa8, 0xaa, 0x3e, 0x00, 0xa8, 0xaa, 0x3e,
  0x00, 0xa8, 0xaa, 0x3e, 0x00, 0xa8, 0xaa, 0x3e, 0x00, 0xa8, 0xaa, 0x3e,
  0x00, 0xa8, 0xaa, 0x3e, 0x00, 0xa8, 0xaa, 0x3e, 0x00, 0xa8, 0xaa, 0x3e,
  0x00, 0xa8, 0xaa, 0x3e, 0x00, 0xa8, 0xaa, 0x3e, 0x00, 0xa8, 0xaa, 0x3e,
  0x00, 0xa8, 0xaa, 0x3e, 0x00, 0xa8, 0xaa, 0x3e, 0x00, 0xa8, 0xaa, 0x3e,
  0x00, 0xa8, 0xaa, 0x3e, 0x00, 0xa8, 0xaa, 0x3e, 0x01, 0xf8, 0xff, 0x3e,
  0x01, 0xf8, 0xff, 0x3e, 0x01, 0xf8, 0xff, 0x3e, 0x01, 0xf8, 0xff, 0x3e,
  0x01, 0xf8, 0xff, 0x3e, 0x01, 0xf8, 0xff, 0x3e, 0x01, 0xf8, 0xff, 0x3e,
  0x01, 0xf8, 0xff, 0x3e, 0x01, 0xf8, 0xff, 0x3e, 0x01, 0xf8, 0xff, 0x3e,
  0x01, 0xf8, 0xff, 0x3e, 0x01, 0xf8, 0xff, 0x3e, 0x01, 0xf8, 0xff, 0x3e,
  0x01, 0xf8, 0xff, 0x3e, 0x01, 0xf8, 0xff, 0x3e, 0x01, 0xf8, 0xff, 0x3e,
  0x01, 0xf8, 0xff, 0x3e, 0x01, 0xf8, 0xff, 0x3e, 0x01, 0xf8, 0xff, 0x3e,
  0x01, 0xf8, 0xff, 0x3e, 0x01, 0xf8, 0xff, 0x3e, 0x00, 0xaa, 0x2a, 0x3f,
  0x00, 0xaa, 0x2a, 0x3f, 0x00, 0xaa, 0x2a, 0x3f, 0x00, 0xaa, 0x2a, 0x3f,
  0x00, 0xaa, 0x2a, 0x3f, 0x00, 0xaa, 0x2a, 0x3f, 0x00, 0xaa, 0x2a, 0x3f,
  0x00, 0xaa, 0x2a, 0x3f, 0x00, 0xaa, 0x2a, 0x3f, 0x00, 0xaa, 0x2a, 0x3f,
  0x00, 0xaa, 0x2a, 0x3f, 0x00, 0xaa, 0x2a, 0x3f, 0x00, 0xaa, 0x2a, 0x3f,
  0x00, 0xaa, 0x2a, 0x3f, 0x00, 0xaa, 0x2a, 0x3f, 0x00, 0xaa, 0x2a, 0x3f,
  0x00, 0xaa, 0x2a, 0x3f, 0x00, 0xaa, 0x2a, 0x3f, 0x00, 0xaa, 0x2a, 0x3f,
  0x00, 0xaa, 0x2a, 0x3f, 0x00, 0xaa, 0x2a, 0x3f, 0x00, 0x52, 0x55, 0x3f,
  0x00, 0x52, 0x55, 0x3f, 0x00, 0x52, 0x55, 0x3f, 0x00, 0x52, 0x55, 0x3f,
  0x00, 0xfe, 0x7f, 0xbf, 0x00, 0xfe, 0x7f, 0xbf, 0x00, 0xfe, 0x7f, 0xbf,
  0x00, 0xfe, 0x7f, 0xbf, 0x00, 0xfe, 0x7f, 0xbf, 0x00, 0xfe, 0x7f, 0xbf,
  0x00, 0xfe, 0x7f, 0xbf, 0x00, 0xfe, 0x7f, 0xbf, 0x00, 0xfe, 0x7f, 0xbf,
  0x00, 0xfe, 0x7f, 0xbf, 0x00, 0xfe, 0x7f, 0xbf, 0x00, 0xfe, 0x7f, 0xbf,
  0x00, 0xfe, 0x7f, 0xbf, 0x00, 0xfe, 0x7f, 0xbf, 0x00, 0x52, 0x55, 0xbf,
  0x00, 0x52, 0x55, 0xbf, 0x00, 0x52, 0x55, 0xbf, 0x00, 0x52, 0x55, 0xbf,
  0x00, 0x52, 0x55, 0xbf, 0x00, 0x52, 0x55, 0xbf, 0x00, 0x52, 0x55, 0xbf,
  0x00, 0x52, 0x55, 0xbf, 0x00, 0x52, 0x55, 0xbf, 0x00, 0x52, 0x55, 0xbf,
  0x00, 0x52, 0x55, 0xbf, 0x00, 0x52, 0x55, 0xbf, 0x00, 0x52, 0x55, 0xbf,
  0x00, 0x52, 0x55, 0xbf, 0x00, 0x52, 0x55, 0xbf, 0x00, 0x52, 0x55, 0xbf,
  0x00, 0xaa, 0x2a, 0xbf, 0x00, 0xaa, 0x2a, 0xbf, 0x00, 0xaa, 0x2a, 0xbf,
  0x00, 0xaa, 0x2a, 0xbf, 0x00, 0xaa, 0x2a, 0xbf, 0x00, 0xaa, 0x2a, 0xbf,
  0x00, 0xaa, 0x2a, 0xbf, 0x00, 0xaa, 0x2a, 0xbf, 0x00, 0xaa, 0x2a, 0xbf,
  0x00, 0xaa, 0x2a, 0xbf, 0x00, 0xaa, 0x2a, 0xbf, 0x00, 0xaa, 0x2a, 0xbf,
  0x00, 0xaa, 0x2a, 0xbf, 0x00, 0xaa, 0x2a, 0xbf, 0x00, 0xaa, 0x2a, 0xbf,
  0x00, 0xaa, 0x2a, 0xbf, 0x00, 0xaa, 0x2a, 0xbf, 0x00, 0xaa, 0x2a, 0xbf,
  0x00, 0xf4, 0x03, 0xbf, 0x01, 0xf8, 0xff, 0xbe, 0x01, 0xf8, 0xff, 0xbe,
  0x01, 0xf8, 0xff, 0xbe, 0x01, 0xf8, 0xff, 0xbe, 0x01, 0xf8, 0xff, 0xbe,
  0x01, 0xf8, 0xff, 0xbe, 0x01, 0xf8, 0xff, 0xbe, 0x01, 0xf8, 0xff, 0xbe,
  0x01, 0xf8, 0xff, 0xbe, 0x01, 0xf8, 0xff, 0xbe, 0x01, 0xf8, 0xff, 0xbe,
  0x01, 0xf8, 0xff, 0xbe, 0x01, 0xf8, 0xff, 0xbe, 0x01, 0xf8, 0xff, 0xbe,
  0x01, 0xf8, 0xff, 0xbe, 0x01, 0xf8, 0xff, 0xbe, 0x01, 0xf8, 0xff, 0xbe,
  0x01, 0xf8, 0xff, 0xbe, 0x00, 0xa8, 0xaa, 0xbe, 0x00, 0xa8, 0xaa, 0xbe,
  0x00, 0xa8, 0xaa, 0xbe, 0x00, 0xa8, 0xaa, 0xbe, 0x00, 0xa8, 0xaa, 0xbe,
  0x00, 0xa8, 0xaa, 0xbe, 0x00, 0xa8, 0xaa, 0xbe, 0x00, 0xa8, 0xaa, 0xbe,
  0x00, 0xa8, 0xaa, 0xbe, 0x00, 0xa8, 0xaa, 0xbe, 0x00, 0xa8, 0xaa, 0xbe,
  0x00, 0xa8, 0xaa, 0xbe, 0x00, 0xa8, 0xaa, 0xbe, 0x00, 0xa8, 0xaa, 0xbe,
  0x00, 0xa8, 0xaa, 0xbe, 0x00, 0xa8, 0xaa, 0xbe, 0x00, 0xa8, 0xaa, 0xbe,
  0x00, 0xa8, 0xaa, 0xbe, 0x00, 0xa8, 0xaa, 0xbe, 0x00, 0xa8, 0xaa, 0xbe,
  0x00, 0xa8, 0xaa, 0xbe, 0x02, 0xa0, 0x2a, 0xbe, 0x02, 0xa0, 0x2a, 0xbe,
  0x02, 0xa0, 0x2a, 0xbe, 0x02, 0xa0, 0x2a, 0xbe, 0x02, 0xa0, 0x2a, 0xbe,
  0x02, 0xa0, 0x2a, 0xbe, 0x02, 0xa0, 0x2a, 0xbe, 0x02, 0xa0, 0x2a, 0xbe,
  0x02, 0xa0, 0x2a, 0xbe, 0x02, 0xa0, 0x2a, 0xbe, 0x02, 0xa0, 0x2a, 0xbe,
  0x02, 0xa0, 0x2a, 0xbe, 0x02, 0xa0, 0x2a, 0xbe, 0x02, 0xa0, 0x2a, 0xbe,
  0x02, 0xa0, 0x2a, 0xbe, 0x02, 0xa0, 0x2a, 0xbe, 0x02, 0xa0, 0x2a, 0xbe,
  0x02, 0xa0, 0x2a, 0xbe, 0x02, 0xa0, 0x2a, 0xbe, 0x02, 0xa0, 0x2a, 0xbe,
  0x02, 0xa0, 0x2a, 0xbe, 0x02, 0xa0, 0x2a, 0xbe, 0x02, 0xa0, 0x2a, 0xbe,
  0x02, 0xa0, 0x2a, 0xbe, 0x02, 0xa0, 0x2a, 0xbe, 0x02, 0xa0, 0x2a, 0xbe,
  0x02, 0xa0, 0x2a, 0xbe, 0x00, 0x00, 0x00, 0x00, 0x00, 0x00, 0x00, 0x00,
  0x00, 0x00, 0x00, 0x00, 0x00, 0x00, 0x00, 0x00, 0x00, 0x00, 0x00, 0x00,
  0x00, 0x00, 0x00, 0x00, 0x00, 0x00, 0x00, 0x00, 0x00, 0x00, 0x00, 0x00,
  0x00, 0x00, 0x00, 0x00, 0x00, 0x00, 0x00, 0x00, 0x00, 0x00, 0x00, 0x00,
  0x00, 0x00, 0x00, 0x00, 0x00, 0x00, 0x00, 0x00, 0x00, 0x00, 0x00, 0x00,
  0x00, 0x00, 0x00, 0x00, 0x00, 0x00, 0x00, 0x00, 0x00, 0x00, 0x00, 0x00,
  0x00, 0x00, 0x00, 0x00, 0x00, 0x00, 0x00, 0x00, 0x00, 0x00, 0x00, 0x00,
  0x00, 0x00, 0x00, 0x00, 0x00, 0x00, 0x00, 0x00, 0x00, 0x00, 0x00, 0x00,
  0x00, 0x00, 0x00, 0x00, 0x00, 0x00, 0x00, 0x00, 0x00, 0x00, 0x00, 0x00,
  0x00, 0x00, 0x00, 0x00, 0x00, 0x00, 0x00, 0x00, 0x00, 0x00, 0x00, 0x00,
  0x00, 0x00, 0x00, 0x00, 0x00, 0x00, 0x00, 0x00, 0x00, 0x00, 0x00, 0x00,
  0x00, 0x00, 0x00, 0x00, 0x00, 0x00, 0x00, 0x00, 0x00, 0x00, 0x00, 0x00,
  0x00, 0x00, 0x00, 0x00, 0x00, 0x00, 0x00, 0x00, 0x00, 0x00, 0x00, 0x00,
  0x00, 0x00, 0x00, 0x00, 0x00, 0x00, 0x00, 0x00, 0x00, 0x00, 0x00, 0x00,
  0x00, 0x00, 0x00, 0x00, 0x00, 0x00, 0x00, 0x00, 0x00, 0x00, 0x00, 0x00,
  0x02, 0xa0, 0x2a, 0x3e, 0x02, 0xa0, 0x2a, 0x3e, 0x02, 0xa0, 0x2a, 0x3e,
  0x02, 0xa0, 0x2a, 0x3e, 0x02, 0xa0, 0x2a, 0x3e, 0x02, 0xa0, 0x2a, 0x3e,
  0x02, 0xa0, 0x2a, 0x3e, 0x02, 0xa0, 0x2a, 0x3e, 0x02, 0xa0, 0x2a, 0x3e,
  0x02, 0xa0, 0x2a, 0x3e, 0x02, 0xa0, 0x2a, 0x3e, 0x02, 0xa0, 0x2a, 0x3e,
  0x02, 0xa0, 0x2a, 0x3e, 0x02, 0xa0, 0x2a, 0x3e, 0x02, 0xa0, 0x2a, 0x3e,
  0x02, 0xa0, 0x2a, 0x3e, 0x02, 0xa0, 0x2a, 0x3e, 0x02, 0xa0, 0x2a, 0x3e,
  0x02, 0xa0, 0x2a, 0x3e, 0x02, 0xa0, 0x2a, 0x3e, 0x02, 0xa0, 0x2a, 0x3e,
  0x02, 0xa0, 0x2a, 0x3e, 0x02, 0xa0, 0x2a, 0x3e, 0x02, 0xa0, 0x2a, 0x3e,
  0x02, 0xa0, 0x2a, 0x3e, 0x02, 0xa0, 0x2a, 0x3e, 0x02, 0xa0, 0x2a, 0x3e,
  0x02, 0xa0, 0x2a, 0x3e, 0x02, 0xa0, 0x2a, 0x3e, 0x02, 0xa0, 0x2a, 0x3e,
  0x02, 0xa0, 0x2a, 0x3e, 0x02, 0xa0, 0x2a, 0x3e, 0x02, 0xa0, 0x2a, 0x3e,
  0x02, 0xa0, 0x2a, 0x3e, 0x02, 0xa0, 0x2a, 0x3e, 0x02, 0xa0, 0x2a, 0x3e,
  0x02, 0xa0, 0x2a, 0x3e, 0x02, 0xa0, 0x2a, 0x3e, 0x02, 0xa0, 0x2a, 0x3e,
  0x02, 0xa0, 0x2a, 0x3e, 0x02, 0xa0, 0x2a, 0x3e, 0x02, 0xa0, 0x2a, 0x3e,
  0x02, 0xa0, 0x2a, 0x3e, 0x02, 0xa0, 0x2a, 0x3e, 0x02, 0xa0, 0x2a, 0x3e,
  0x02, 0xa0, 0x2a, 0x3e, 0x02, 0xa0, 0x2a, 0x3e, 0x02, 0xa0, 0x2a, 0x3e,
  0x02, 0xa0, 0x2a, 0x3e, 0x02, 0xa0, 0x2a, 0x3e, 0x02, 0xa0, 0x2a, 0x3e,
  0x02, 0xa0, 0x2a, 0x3e, 0x02, 0xa0, 0x2a, 0x3e, 0x02, 0xa0, 0x2a, 0x3e,
  0x02, 0xa0, 0x2a, 0x3e, 0x02, 0xa0, 0x2a, 0x3e, 0x02, 0xa0, 0x2a, 0x3e,
  0x02, 0xa0, 0x2a, 0x3e, 0x02, 0xa0, 0x2a, 0x3e, 0x02, 0xa0, 0x2a, 0x3e,
  0x02, 0xa0, 0x2a, 0x3e, 0x02, 0xa0, 0x2a, 0x3e, 0x02, 0xa0, 0x2a, 0x3e,
  0x02, 0xa0, 0x2a, 0x3e, 0x02, 0xa0, 0x2a, 0x3e, 0x02, 0xa0, 0x2a, 0x3e,
  0x02, 0xa0, 0x2a, 0x3e, 0x02, 0xa0, 0x2a, 0x3e, 0x02, 0xa0, 0x2a, 0x3e,
  0x02, 0xa0, 0x2a, 0x3e, 0x02, 0xa0, 0x2a, 0x3e, 0x02, 0xa0, 0x2a, 0x3e,
  0x02, 0xa0, 0x2a, 0x3e, 0x02, 0xa0, 0x2a, 0x3e, 0x00, 0x00, 0x00, 0x00,
  0x00, 0x00, 0x00, 0x00, 0x00, 0x00, 0x00, 0x00, 0x00, 0x00, 0x00, 0x00,
  0x00, 0x00, 0x00, 0x00, 0x00, 0x00, 0x00, 0x00, 0x00, 0x00, 0x00, 0x00,
  0x00, 0x00, 0x00, 0x00, 0x00, 0x00, 0x00, 0x00, 0x00, 0x00, 0x00, 0x00,
  0x00, 0x00, 0x00, 0x00, 0x00, 0x00, 0x00, 0x00, 0x00, 0x00, 0x00, 0x00,
  0x00, 0x00, 0x00, 0x00, 0x00, 0x00, 0x00, 0x00, 0x00, 0x00, 0x00, 0x00,
  0x00, 0x00, 0x00, 0x00, 0x00, 0x00, 0x00, 0x00, 0x00, 0x00, 0x00, 0x00,
  0x00, 0x00, 0x00, 0x00, 0x00, 0x00, 0x00, 0x00, 0x00, 0x00, 0x00, 0x00,
  0x00, 0x00, 0x00, 0x00, 0x00, 0x00, 0x00, 0x00, 0x00, 0x00, 0x00, 0x00,
  0x00, 0x00, 0x00, 0x00, 0x00, 0x00, 0x00, 0x00, 0x00, 0x00, 0x00, 0x00,
  0x00, 0x00, 0x00, 0x00, 0x00, 0x00, 0x00, 0x00, 0x00, 0x00, 0x00, 0x00,
  0x00, 0x00, 0x00, 0x00, 0x00, 0x00, 0x00, 0x00, 0x00, 0x00, 0x00, 0x00,
  0x00, 0x00, 0x00, 0x00, 0x00, 0x00, 0x00, 0x00, 0x00, 0x00, 0x00, 0x00,
  0x00, 0x00, 0x00, 0x00, 0x00, 0x00, 0x00, 0x00, 0x00, 0x00, 0x00, 0x00,
  0x00, 0x00, 0x00, 0x00, 0x00, 0x00, 0x00, 0x00, 0x00, 0x00, 0x00, 0x00,
  0x00, 0x00, 0x00, 0x00, 0x00, 0x00, 0x00, 0x00, 0x00, 0x00, 0x00, 0x00,
  0x00, 0x00, 0x00, 0x00, 0x00, 0x00, 0x00, 0x00, 0x00, 0x00, 0x00, 0x00,
  0x00, 0x00, 0x00, 0x00, 0x00, 0x00, 0x00, 0x00, 0x00, 0x00, 0x00, 0x00,
  0x00, 0x00, 0x00, 0x00, 0x00, 0x00, 0x00, 0x00, 0x00, 0x00, 0x00, 0x00,
  0x00, 0x00, 0x00, 0x00, 0x00, 0x00, 0x00, 0x00, 0x00, 0x00, 0x00, 0x00,
  0x00, 0x00, 0x00, 0x00, 0x00, 0x00, 0x00, 0x00, 0x00, 0x00, 0x00, 0x00,
  0x02, 0xa0, 0x2a, 0xbe, 0x02, 0xa0, 0x2a, 0xbe, 0x02, 0xa0, 0x2a, 0xbe,
  0x02, 0xa0, 0x2a, 0xbe, 0x02, 0xa0, 0x2a, 0xbe, 0x02, 0xa0, 0x2a, 0xbe,
  0x02, 0xa0, 0x2a, 0xbe, 0x02, 0xa0, 0x2a, 0xbe, 0x02, 0xa0, 0x2a, 0xbe,
  0x02, 0xa0, 0x2a, 0xbe, 0x02, 0xa0, 0x2a, 0xbe, 0x02, 0xa0, 0x2a, 0xbe,
  0x02, 0xa0, 0x2a, 0xbe, 0x02, 0xa0, 0x2a, 0xbe, 0x02, 0xa0, 0x2a, 0xbe,
  0x02, 0xa0, 0x2a, 0xbe, 0x02, 0xa0, 0x2a, 0xbe, 0x02, 0xa0, 0x2a, 0xbe,
  0x02, 0xa0, 0x2a, 0xbe, 0x02, 0xa0, 0x2a, 0xbe, 0x02, 0xa0, 0x2a, 0xbe,
  0x02, 0xa0, 0x2a, 0xbe, 0x02, 0xa0, 0x2a, 0xbe, 0x02, 0xa0, 0x2a, 0xbe,
  0x02, 0xa0, 0x2a, 0xbe, 0x02, 0xa0, 0x2a, 0xbe, 0x02, 0xa0, 0x2a, 0xbe,
  0x02, 0xa0, 0x2a, 0xbe, 0x02, 0xa0, 0x2a, 0xbe, 0x02, 0xa0, 0x2a, 0xbe,
  0x02, 0xa0, 0x2a, 0xbe, 0x02, 0xa0, 0x2a, 0xbe, 0x02, 0xa0, 0x2a, 0xbe,
  0x02, 0xa0, 0x2a, 0xbe, 0x02, 0xa0, 0x2a, 0xbe, 0x02, 0xa0, 0x2a, 0xbe,
  0x02, 0xa0, 0x2a, 0xbe, 0x02, 0xa0, 0x2a, 0xbe, 0x02, 0xa0, 0x2a, 0xbe,
  0x02, 0xa0, 0x2a, 0xbe, 0x02, 0xa0, 0x2a, 0xbe, 0x02, 0xa0, 0x2a, 0xbe,
  0x02, 0xa0, 0x2a, 0xbe, 0x02, 0xa0, 0x2a, 0xbe, 0x02, 0xa0, 0x2a, 0xbe,
  0x02, 0xa0, 0x2a, 0xbe, 0x02, 0xa0, 0x2a, 0xbe, 0x02, 0xa0, 0x2a, 0xbe,
  0x02, 0xa0, 0x2a, 0xbe, 0x02, 0xa0, 0x2a, 0xbe, 0x02, 0xa0, 0x2a, 0xbe,
  0x02, 0xa0, 0x2a, 0xbe, 0x02, 0xa0, 0x2a, 0xbe, 0x02, 0xa0, 0x2a, 0xbe,
  0x02, 0xa0, 0x2a, 0xbe, 0x02, 0xa0, 0x2a, 0xbe, 0x02, 0xa0, 0x2a, 0xbe,
  0x02, 0xa0, 0x2a, 0xbe, 0x02, 0xa0, 0x2a, 0xbe, 0x02, 0xa0, 0x2a, 0xbe,
  0x02, 0xa0, 0x2a, 0xbe, 0x02, 0xa0, 0x2a, 0xbe, 0x02, 0xa0, 0x2a, 0xbe,
  0x02, 0xa0, 0x2a, 0xbe, 0x00, 0xa8, 0xaa, 0xbe, 0x00, 0xa8, 0xaa, 0xbe,
  0x00, 0xa8, 0xaa, 0xbe, 0x00, 0xa8, 0xaa, 0xbe, 0x00, 0xa8, 0xaa, 0xbe,
  0x00, 0xa8, 0xaa, 0xbe, 0x00, 0xa8, 0xaa, 0xbe, 0x00, 0xa8, 0xaa, 0xbe,
  0x00, 0xa8, 0xaa, 0xbe, 0x00, 0xa8, 0xaa, 0xbe, 0x00, 0xa8, 0xaa, 0xbe,
  0x00, 0xa8, 0xaa, 0xbe, 0x00, 0xa8, 0xaa, 0xbe, 0x00, 0xa8, 0xaa, 0xbe,
  0x00, 0xa8, 0xaa, 0xbe, 0x00, 0xa8, 0xaa, 0xbe, 0x00, 0xa8, 0xaa, 0xbe,
  0x00, 0xa8, 0xaa, 0xbe, 0x00, 0xa8, 0xaa, 0xbe, 0x00, 0xa8, 0xaa, 0xbe,
  0x00, 0xa8, 0xaa, 0xbe, 0x00, 0xa8, 0xaa, 0xbe, 0x00, 0xa8, 0xaa, 0xbe,
  0x00, 0xa8, 0xaa, 0xbe, 0x00, 0xa8, 0xaa, 0xbe, 0x00, 0xa8, 0xaa, 0xbe,
  0x00, 0xa8, 0xaa, 0xbe, 0x00, 0xa8, 0xaa, 0xbe, 0x00, 0xa8, 0xaa, 0xbe,
  0x00, 0xa8, 0xaa, 0xbe, 0x00, 0xa8, 0xaa, 0xbe, 0x00, 0xa8, 0xaa, 0xbe,
  0x00, 0xa8, 0xaa, 0xbe, 0x00, 0xa8, 0xaa, 0xbe, 0x00, 0xa8, 0xaa, 0xbe,
  0x00, 0xa8, 0xaa, 0xbe, 0x00, 0xa8, 0xaa, 0xbe, 0x00, 0xa8, 0xaa, 0xbe,
  0x00, 0xa8, 0xaa, 0xbe, 0x00, 0xa8, 0xaa, 0xbe, 0x00, 0xa8, 0xaa, 0xbe,
  0x00, 0xa8, 0xaa, 0xbe, 0x00, 0xa8, 0xaa, 0xbe, 0x00, 0xa8, 0xaa, 0xbe,
  0x00, 0xa8, 0xaa, 0xbe, 0x00, 0xa8, 0xaa, 0xbe, 0x00, 0xa8, 0xaa, 0xbe,
  0x00, 0xa8, 0xaa, 0xbe, 0x00, 0xa8, 0xaa, 0xbe, 0x00, 0xa8, 0xaa, 0xbe,
  0x00, 0xa8, 0xaa, 0xbe, 0x00, 0xa8, 0xaa, 0xbe, 0x00, 0xa8, 0xaa, 0xbe,
  0x00, 0xa8, 0xaa, 0xbe, 0x00, 0xa8, 0xaa, 0xbe, 0x00, 0xa8, 0xaa, 0xbe,
  0x00, 0xa8, 0xaa, 0xbe, 0x00, 0xa8, 0xaa, 0xbe, 0x00, 0xa8, 0xaa, 0xbe,
  0x00, 0xa8, 0xaa, 0xbe, 0x00, 0xa8, 0xaa, 0xbe, 0x00, 0xa8, 0xaa, 0xbe,
  0x00, 0xa8, 0xaa, 0xbe, 0x00, 0xa8, 0xaa, 0xbe, 0x00, 0xa8, 0xaa, 0xbe,
  0x00, 0xa8, 0xaa, 0xbe, 0x00, 0xa8, 0xaa, 0xbe, 0x00, 0xa8, 0xaa, 0xbe,
  0x00, 0xa8, 0xaa, 0xbe, 0x02, 0xa0, 0x2a, 0xbe, 0x02, 0xa0, 0x2a, 0xbe,
  0x02, 0xa0, 0x2a, 0xbe, 0x02, 0xa0, 0x2a, 0xbe, 0x02, 0xa0, 0x2a, 0xbe,
  0x02, 0xa0, 0x2a, 0xbe, 0x02, 0xa0, 0x2a, 0xbe, 0x02, 0xa0, 0x2a, 0xbe,
  0x02, 0xa0, 0x2a, 0xbe, 0x02, 0xa0, 0x2a, 0xbe, 0x02, 0xa0, 0x2a, 0xbe,
  0x02, 0xa0, 0x2a, 0xbe, 0x02, 0xa0, 0x2a, 0xbe, 0x02, 0xa0, 0x2a, 0xbe,
  0x02, 0xa0, 0x2a, 0xbe, 0x02, 0xa0, 0x2a, 0xbe, 0x02, 0xa0, 0x2a, 0xbe,
  0x02, 0xa0, 0x2a, 0xbe, 0x02, 0xa0, 0x2a, 0xbe, 0x02, 0xa0, 0x2a, 0xbe,
  0x02, 0xa0, 0x2a, 0xbe, 0x02, 0xa0, 0x2a, 0xbe, 0x02, 0xa0, 0x2a, 0xbe,
  0x02, 0xa0, 0x2a, 0xbe, 0x02, 0xa0, 0x2a, 0xbe, 0x02, 0xa0, 0x2a, 0xbe,
  0x02, 0xa0, 0x2a, 0xbe, 0x02, 0xa0, 0x2a, 0xbe, 0x02, 0xa0, 0x2a, 0xbe,
  0x02, 0xa0, 0x2a, 0xbe, 0x02, 0xa0, 0x2a, 0xbe, 0x02, 0xa0, 0x2a, 0xbe,
  0x02, 0xa0, 0x2a, 0xbe, 0x02, 0xa0, 0x2a, 0xbe, 0x02, 0xa0, 0x2a, 0xbe,
  0x02, 0xa0, 0x2a, 0xbe, 0x02, 0xa0, 0x2a, 0xbe, 0x02, 0xa0, 0x2a, 0xbe,
  0x02, 0xa0, 0x2a, 0xbe, 0x02, 0xa0, 0x2a, 0xbe, 0x02, 0xa0, 0x2a, 0xbe,
  0x02, 0xa0, 0x2a, 0xbe, 0x02, 0xa0, 0x2a, 0xbe, 0x02, 0xa0, 0x2a, 0xbe,
  0x02, 0xa0, 0x2a, 0xbe, 0x02, 0xa0, 0x2a, 0xbe, 0x02, 0xa0, 0x2a, 0xbe,
  0x02, 0xa0, 0x2a, 0xbe, 0x02, 0xa0, 0x2a, 0xbe, 0x02, 0xa0, 0x2a, 0xbe,
  0x00, 0x00, 0x00, 0x00, 0x00, 0x00, 0x00, 0x00, 0x00, 0x00, 0x00, 0x00,
  0x00, 0x00, 0x00, 0x00, 0x00, 0x00, 0x00, 0x00, 0x00, 0x00, 0x00, 0x00,
  0x00, 0x00, 0x00, 0x00, 0x00, 0x00, 0x00, 0x00, 0x00, 0x00, 0x00, 0x00,
  0x00, 0x00, 0x00, 0x00, 0x00, 0x00, 0x00, 0x00, 0x00, 0x00, 0x00, 0x00,
  0x00, 0x00, 0x00, 0x00, 0x00, 0x00, 0x00, 0x00, 0x00, 0x00, 0x00, 0x00,
  0x00, 0x00, 0x00, 0x00, 0x00, 0x00, 0x00, 0x00, 0x00, 0x00, 0x00, 0x00,
  0x00, 0x00, 0x00, 0x00, 0x00, 0x00, 0x00, 0x00, 0x00, 0x00, 0x00, 0x00,
  0x00, 0x00, 0x00, 0x00, 0x00, 0x00, 0x00, 0x00, 0x00, 0x00, 0x00, 0x00,
  0x00, 0x00, 0x00, 0x00, 0x00, 0x00, 0x00, 0x00, 0x00, 0x00, 0x00, 0x00,
  0x00, 0x00, 0x00, 0x00, 0x00, 0x00, 0x00, 0x00, 0x00, 0x00, 0x00, 0x00,
  0x00, 0x00, 0x00, 0x3f, 0x00, 0x00, 0x00, 0x3f, 0x00, 0x00, 0x00, 0x3f,
  0x00, 0x00, 0x00, 0x3f, 0x00, 0x00, 0x00, 0x3f, 0x00, 0x00, 0x00, 0x3f,
  0x00, 0x00, 0x00, 0x3f, 0x00, 0x00, 0x00, 0x3f, 0x00, 0x00, 0x00, 0x3f,
  0x00, 0x00, 0x00, 0x3f, 0x00, 0x00, 0x00, 0x3f, 0x00, 0x00, 0x00, 0x3f,
  0x00, 0x00, 0x00, 0x3f, 0x00, 0x00, 0x00, 0x3f, 0x00, 0x00, 0x00, 0x3f,
  0x00, 0x00, 0x00, 0x3f, 0x00, 0x00, 0x00, 0x3f, 0x00, 0x00, 0x00, 0x3f,
  0x00, 0x00, 0x00, 0x3f, 0x00, 0x00, 0x00, 0x3f, 0x00, 0x00, 0x00, 0x3f,
  0x00, 0x00, 0x00, 0x3f, 0x00, 0x00, 0x00, 0x3f, 0x00, 0x00, 0x00, 0x3f,
  0x00, 0x00, 0x00, 0x3f, 0x00, 0x00, 0x00, 0x3f, 0x00, 0x00, 0x00, 0x3f,
  0x00, 0x00, 0x00, 0x3f, 0x00, 0x00, 0x00, 0x3f, 0x00, 0x00, 0x00, 0x3f,
  0x00, 0x00, 0x00, 0x3f, 0x00, 0x00, 0x00, 0x3f, 0x00, 0x00, 0x00, 0x3f,
  0x00, 0xfe, 0x7f, 0x3f, 0x00, 0xfe, 0x7f, 0x3f, 0x00, 0xfe, 0x7f, 0x3f,
  0x00, 0xfe, 0x7f, 0x3f, 0x00, 0xfe, 0x7f, 0x3f, 0x00, 0xfe, 0x7f, 0x3f,
  0x00, 0xfe, 0x7f, 0x3f, 0x00, 0xfe, 0x7f, 0x3f, 0x00, 0xfe, 0x7f, 0x3f,
  0x00, 0xfe, 0x7f, 0x3f, 0x00, 0xfe, 0x7f, 0x3f, 0x00, 0xfe, 0x7f, 0x3f,
  0x00, 0xfe, 0x7f, 0x3f, 0x00, 0xfe, 0x7f, 0x3f, 0x00, 0xfe, 0x7f, 0x3f,
  0x00, 0xfe, 0x7f, 0x3f, 0x00, 0xfe, 0x7f, 0x3f, 0x00, 0xfe, 0x7f, 0x3f,
  0x00, 0xfe, 0x7f, 0x3f, 0x00, 0xfe, 0x7f, 0x3f, 0x00, 0xfe, 0x7f, 0x3f,
  0x00, 0xfe, 0x7f, 0x3f, 0x00, 0xfe, 0x7f, 0x3f, 0x00, 0xfe, 0x7f, 0x3f,
  0x00, 0xfe, 0x7f, 0x3f, 0x00, 0xfe, 0x7f, 0x3f, 0x00, 0xfe, 0x7f, 0x3f,
  0x00, 0xfe, 0x7f, 0x3f, 0x00, 0x00, 0x00, 0x3f, 0x00, 0x00, 0x00, 0x3f,
  0x00, 0x00, 0x00, 0x3f, 0x00, 0x00, 0x00, 0x3f, 0x00, 0x00, 0x00, 0x3f,
  0x00, 0x00, 0x00, 0x3f, 0x00, 0x00, 0x00, 0x3f, 0x00, 0x00, 0x00, 0x3f,
  0x00, 0x00, 0x00, 0x3f, 0x00, 0x00, 0x00, 0x3f, 0x00, 0x00, 0x00, 0x3f,
  0x00, 0x00, 0x00, 0xbf, 0x00, 0x00, 0x00, 0xbf, 0x00, 0x00, 0x00, 0xbf,
  0x00, 0x00, 0x00, 0xbf, 0x00, 0x00, 0x00, 0xbf, 0x00, 0x00, 0x00, 0xbf,
  0x00, 0x00, 0x00, 0xbf, 0x00, 0x00, 0x00, 0xbf, 0x00, 0x00, 0x00, 0xbf,
  0x00, 0x00, 0x00, 0xbf, 0x00, 0x00, 0x00, 0x00, 0x00, 0x00, 0x00, 0x00,
  0x00, 0x00, 0x00, 0x00, 0x00, 0x00, 0x00, 0x00, 0x00, 0x00, 0x00, 0x00,
  0x00, 0x00, 0x00, 0x00, 0x00, 0x00, 0x00, 0x00, 0x00, 0x00, 0x00, 0x00,
  0x00, 0x00, 0x00, 0x00, 0x00, 0x00, 0x00, 0x00, 0x00, 0x00, 0x00, 0x00,
  0x00, 0xfe, 0x7f, 0xbf, 0x00, 0xfe, 0x7f, 0xbf, 0x00, 0xfe, 0x7f, 0xbf,
  0x00, 0xfe, 0x7f, 0xbf, 0x00, 0xfe, 0x7f, 0xbf, 0x00, 0xfe, 0x7f, 0xbf,
  0x00, 0xfe, 0x7f, 0xbf, 0x00, 0xfe, 0x7f, 0xbf, 0x00, 0xfe, 0x7f, 0xbf,
  0x00, 0xfe, 0x7f, 0xbf, 0x00, 0xfe, 0x7f, 0xbf, 0x00, 0xfe, 0x7f, 0xbf,
  0x00, 0xfe, 0x7f, 0xbf, 0x00, 0xfe, 0x7f, 0xbf, 0x00, 0xfe, 0x7f, 0xbf,
  0x00, 0xfe, 0x7f, 0xbf, 0x00, 0xfe, 0x7f, 0xbf, 0x00, 0xfe, 0x7f, 0xbf,
  0x00, 0xfe, 0x7f, 0xbf, 0x00, 0xfe, 0x7f, 0xbf, 0x00, 0xfe, 0x7f, 0xbf,
  0x00, 0xfe, 0x7f, 0xbf, 0x00, 0x00, 0x00, 0xbf, 0x00, 0x00, 0x00, 0xbf,
  0x00, 0x00, 0x00, 0xbf, 0x00, 0x00, 0x00, 0xbf, 0x00, 0x00, 0x00, 0xbf,
  0x00, 0x00, 0x00, 0xbf, 0x00, 0x00, 0x00, 0xbf, 0x00, 0x00, 0x00, 0xbf,
  0x00, 0x00, 0x00, 0xbf, 0x00, 0x00, 0x00, 0xbf, 0x00, 0x00, 0x00, 0xbf,
  0x00, 0x00, 0x00, 0xbf, 0x00, 0x00, 0x00, 0xbf, 0x00, 0x00, 0x00, 0xbf,
  0x00, 0x00, 0x00, 0xbf, 0x00, 0x00, 0x00, 0xbf, 0x00, 0x00, 0x00, 0xbf,
  0x00, 0x00, 0x00, 0xbf, 0x00, 0x00, 0x00, 0xbf, 0x00, 0x00, 0x00, 0xbf,
  0x00, 0x00, 0x00, 0xbf, 0x00, 0x00, 0x00, 0xbf, 0x00, 0x00, 0x00, 0xbf,
  0x00, 0x00, 0x00, 0xbf, 0x00, 0x00, 0x00, 0xbf, 0x00, 0x00, 0x00, 0xbf,
  0x00, 0x00, 0x00, 0xbf, 0x00, 0x00, 0x00, 0xbf, 0x00, 0x00, 0x00, 0xbf,
  0x00, 0x00, 0x00, 0xbf, 0x00, 0x00, 0x00, 0xbf, 0x00, 0x00, 0x00, 0xbf,
  0x00, 0x00, 0x00, 0xbf, 0x00, 0x00, 0x00, 0xbf, 0x00, 0x00, 0x00, 0xbf,
  0x00, 0x00, 0x00, 0xbf, 0x00, 0x00, 0x00, 0xbf, 0x00, 0x00, 0x00, 0xbf,
  0x00, 0x00, 0x00, 0xbf, 0x00, 0x00, 0x00, 0xbf, 0x00, 0x00, 0x00, 0xbf,
  0x00, 0x00, 0x00, 0xbf, 0x00, 0x00, 0x00, 0xbf, 0x00, 0x00, 0x00, 0xbf,
  0x00, 0x00, 0x00, 0xbf, 0x00, 0x00, 0x00, 0xbf, 0x00, 0x00, 0x00, 0xbf,
  0x00, 0x00, 0x00, 0xbf, 0x00, 0x00, 0x00, 0xbf, 0x00, 0x00, 0x00, 0xbf,
  0x00, 0x00, 0x00, 0xbf, 0x00, 0x00, 0x00, 0xbf, 0x00, 0x00, 0x00, 0xbf,
  0x00, 0x00, 0x00, 0xbf, 0x00, 0x00, 0x00, 0xbf, 0x00, 0x00, 0x00, 0xbf,
  0x00, 0x00, 0x00, 0xbf, 0x00, 0x00, 0x00, 0xbf, 0x00, 0x00, 0x00, 0xbf,
  0x00, 0x00, 0x00, 0xbf, 0x00, 0x00, 0x00, 0xbf, 0x00, 0x00, 0x00, 0xbf,
  0x00, 0x00, 0x00, 0xbf, 0x00, 0x00, 0x00, 0xbf, 0x00, 0x00, 0x00, 0xbf,
  0x00, 0x00, 0x00, 0xbf, 0x00, 0x00, 0x00, 0xbf, 0x00, 0x00, 0x00, 0xbf,
  0x00, 0x00, 0x00, 0xbf, 0x00, 0x00, 0x00, 0xbf, 0x00, 0x00, 0x00, 0xbf,
  0x00, 0x00, 0x00, 0xbf, 0x00, 0x00, 0x00, 0xbf, 0x00, 0x00, 0x00, 0xbf,
  0x00, 0x00, 0x00, 0xbf, 0x00, 0x00, 0x00, 0xbf, 0x00, 0x00, 0x00, 0xbf,
  0x00, 0x00, 0x00, 0xbf, 0x00, 0x00, 0x00, 0xbf, 0x00, 0xfe, 0x7f, 0xbf,
  0x00, 0xfe, 0x7f, 0xbf, 0x00, 0xfe, 0x7f, 0xbf, 0x00, 0xfe, 0x7f, 0xbf,
  0x00, 0xfe, 0x7f, 0xbf, 0x00, 0xfe, 0x7f, 0xbf, 0x00, 0xfe, 0x7f, 0xbf,
  0x00, 0xfe, 0x7f, 0xbf, 0x00, 0xfe, 0x7f, 0xbf, 0x00, 0xfe, 0x7f, 0xbf,
  0x00, 0xfe, 0x7f, 0xbf, 0x00, 0xfe, 0x7f, 0xbf, 0x00, 0xfe, 0x7f, 0xbf,
  0x00, 0xfe, 0x7f, 0xbf, 0x00, 0xfe, 0x7f, 0xbf, 0x00, 0xfe, 0x7f, 0xbf,
  0x00, 0xfe, 0x7f, 0xbf, 0x00, 0xfe, 0x7f, 0xbf, 0x00, 0xfe, 0x7f, 0xbf,
  0x00, 0xfe, 0x7f, 0xbf, 0x00, 0xfe, 0x7f, 0xbf, 0x00, 0xfe, 0x7f, 0xbf,
  0x00, 0xfe, 0x7f, 0xbf, 0x00, 0xfe, 0x7f, 0xbf, 0x00, 0xfe, 0x7f, 0xbf,
  0x00, 0xfe, 0x7f, 0xbf, 0x00, 0xfe, 0x7f, 0xbf, 0x00, 0xfe, 0x7f, 0xbf,
  0x00, 0xfe, 0x7f, 0xbf, 0x00, 0xfe, 0x7f, 0xbf, 0x00, 0xfe, 0x7f, 0xbf,
  0x00, 0xfe, 0x7f, 0xbf, 0x00, 0xfe, 0x7f, 0xbf, 0x00, 0xfe, 0x7f, 0xbf,
  0x00, 0xfe, 0x7f, 0xbf, 0x00, 0xfe, 0x7f, 0xbf, 0x00, 0xfe, 0x7f, 0xbf,
  0x00, 0xfe, 0x7f, 0xbf, 0x00, 0xfe, 0x7f, 0xbf, 0x00, 0xfe, 0x7f, 0xbf,
  0x00, 0xfe, 0x7f, 0xbf, 0x00, 0x00, 0x00, 0xbf, 0x00, 0x00, 0x00, 0xbf,
  0x00, 0x00, 0x00, 0xbf, 0x00, 0x00, 0x00, 0xbf, 0x00, 0x00, 0x00, 0xbf,
  0x00, 0x00, 0x00, 0xbf, 0x00, 0x00, 0x00, 0xbf, 0x00, 0x00, 0x00, 0xbf,
  0x00, 0x00, 0x00, 0xbf, 0x00, 0x00, 0x00, 0xbf, 0x00, 0x00, 0x00, 0xbf,
  0x00, 0x00, 0x00, 0xbf, 0x00, 0x00, 0x00, 0xbf, 0x00, 0x00, 0x00, 0xbf,
  0x00, 0x00, 0x00, 0xbf, 0x00, 0x00, 0x00, 0xbf, 0x00, 0x00, 0x00, 0xbf,
  0x00, 0x00, 0x00, 0xbf, 0x00, 0x00, 0x00, 0xbf, 0x00, 0x00, 0x00, 0xbf,
  0x00, 0x00, 0x00, 0xbf, 0x00, 0x00, 0x00, 0xbf, 0x00, 0x00, 0x00, 0xbf,
  0x00, 0x00, 0x00, 0xbf, 0x00, 0x00, 0x00, 0xbf, 0x00, 0x00, 0x00, 0xbf,
  0x00, 0x00, 0x00, 0xbf, 0x00, 0x00, 0x00, 0xbf, 0x00, 0x00, 0x00, 0xbf,
  0x00, 0x00, 0x00, 0x00, 0x00, 0x00, 0x00, 0x00, 0x00, 0x00, 0x00, 0x00,
  0x00, 0x00, 0x00, 0x00, 0x00, 0x00, 0x00, 0x00, 0x00, 0x00, 0x00, 0x00,
  0x00, 0x00, 0x00, 0x00, 0x00, 0x00, 0x00, 0x00, 0x00, 0x00, 0x00, 0x00,
  0x00, 0x00, 0x00, 0x00, 0x00, 0x00, 0x00, 0x00, 0x00, 0x00, 0x00, 0x00,
  0x00, 0x00, 0x00, 0x3f, 0x00, 0x00, 0x00, 0x3f, 0x00, 0x00, 0x00, 0x3f,
  0x00, 0x00, 0x00, 0x3f, 0x00, 0x00, 0x00, 0x3f, 0x00, 0x00, 0x00, 0x3f,
  0x00, 0x00, 0x00, 0x3f, 0x00, 0x00, 0x00, 0x3f, 0x00, 0x00, 0x00, 0x3f,
  0x00, 0x00, 0x00, 0x3f, 0x00, 0x00, 0x00, 0x3f, 0x00, 0x00, 0x00, 0x3f,
  0x00, 0x00, 0x00, 0x3f, 0x00, 0x00, 0x00, 0x3f, 0x00, 0x00, 0x00, 0x3f,
  0x00, 0x00, 0x00, 0x3f, 0x00, 0x00, 0x00, 0x3f, 0x00, 0x00, 0x00, 0x3f,
  0x00, 0x00, 0x00, 0x3f, 0x00, 0x00, 0x00, 0x3f, 0x00, 0xfe, 0x7f, 0x3f,
  0x00, 0xfe, 0x7f, 0x3f, 0x00, 0xfe, 0x7f, 0x3f, 0x00, 0xfe, 0x7f, 0x3f,
  0x00, 0xfe, 0x7f, 0x3f, 0x00, 0xfe, 0x7f, 0x3f, 0x00, 0xfe, 0x7f, 0x3f,
  0x00, 0xfe, 0x7f, 0x3f, 0x00, 0xfe, 0x7f, 0x3f, 0x00, 0xfe, 0x7f, 0x3f,
  0x00, 0xfe, 0x7f, 0x3f, 0x00, 0xfe, 0x7f, 0x3f, 0x00, 0xfe, 0x7f, 0x3f,
  0x00, 0xfe, 0x7f, 0x3f, 0x00, 0xfe, 0x7f, 0x3f, 0x00, 0xfe, 0x7f, 0x3f,
  0x00, 0xfe, 0x7f, 0x3f, 0x00, 0xfe, 0x7f, 0x3f, 0x00, 0xfe, 0x7f, 0x3f,
  0x00, 0x00, 0x00, 0x3f, 0x00, 0x00, 0x00, 0x3f, 0x00, 0x00, 0x00, 0x3f,
  0x00, 0x00, 0x00, 0x3f, 0x00, 0x00, 0x00, 0x3f, 0x00, 0x00, 0x00, 0x3f,
  0x00, 0x00, 0x00, 0x3f, 0x00, 0x00, 0x00, 0x3f, 0x00, 0x00, 0x00, 0x3f,
  0x00, 0x00, 0x00, 0x3f, 0x00, 0x00, 0x00, 0x3f, 0x00, 0x00, 0x00, 0x3f,
  0x00, 0x00, 0x00, 0x3f, 0x00, 0x00, 0x00, 0x3f, 0x00, 0x00, 0x00, 0x3f,
  0x00, 0x00, 0x00, 0x3f, 0x00, 0x00, 0x00, 0x3f, 0x00, 0x00, 0x00, 0x3f,
  0x00, 0x00, 0x00, 0x3f, 0x00, 0x00, 0x00, 0x3f, 0x00, 0x00, 0x00, 0x3f,
  0x00, 0x00, 0x00, 0x3f, 0x00, 0x00, 0x00, 0x3f, 0x00, 0x00, 0x00, 0x3f,
  0x00, 0x00, 0x00, 0x3f, 0x00, 0x00, 0x00, 0x3f, 0x00, 0x00, 0x00, 0x3f,
  0x00, 0x00, 0x00, 0x3f, 0x00, 0x00, 0x00, 0x3f, 0x00, 0x00, 0x00, 0x00,
  0x00, 0x00, 0x00, 0x00, 0x00, 0x00, 0x00, 0x00, 0x00, 0x00, 0x00, 0x00,
  0x00, 0x00, 0x00, 0x00, 0x00, 0x00, 0x00, 0x00, 0x00, 0x00, 0x00, 0x00,
  0x00, 0x00, 0x00, 0x00, 0x00, 0x00, 0x00, 0x00, 0x00, 0x00, 0x00, 0x00,
  0x00, 0x00, 0x00, 0x00, 0x00, 0x00, 0x00, 0x00, 0x00, 0x00, 0x00, 0x00,
  0x00, 0x00, 0x00, 0x00, 0x00, 0x00, 0x00, 0x00, 0x00, 0x00, 0x00, 0x00,
  0x00, 0x00, 0x00, 0x00, 0x00, 0x00, 0x00, 0x00, 0x00, 0x00, 0x00, 0x00,
  0x00, 0x00, 0x00, 0x00, 0x00, 0x00, 0x00, 0x00, 0x00, 0x00, 0x00, 0x00,
  0x00, 0x00, 0x00, 0x00, 0x00, 0x00, 0x00, 0x00, 0x00, 0x00, 0x00, 0x00,
  0x00, 0x00, 0x00, 0x00, 0x00, 0x00, 0x00, 0x00, 0x00, 0x00, 0x00, 0x00,
  0x00, 0x00, 0x00, 0x00, 0x00, 0x00, 0x00, 0x00, 0x00, 0x00, 0x00, 0x00,
  0x00, 0x00, 0x00, 0x00, 0x00, 0x00, 0x00, 0x00, 0x00, 0x00, 0x00, 0x00,
  0x00, 0x00, 0x00, 0x00, 0x00, 0x00, 0x00, 0xbf, 0x00, 0x00, 0x00, 0xbf,
  0x00, 0x00, 0x00, 0xbf, 0x00, 0x00, 0x00, 0xbf, 0x00, 0x00, 0x00, 0xbf,
  0x00, 0x00, 0x00, 0xbf, 0x00, 0x00, 0x00, 0xbf, 0x00, 0x00, 0x00, 0xbf,
  0x00, 0x00, 0x00, 0xbf, 0x00, 0x00, 0x00, 0xbf, 0x00, 0x00, 0x00, 0xbf,
  0x00, 0x00, 0x00, 0xbf, 0x00, 0x00, 0x00, 0xbf, 0x00, 0x00, 0x00, 0xbf,
  0x00, 0x00, 0x00, 0xbf, 0x00, 0x00, 0x00, 0xbf, 0x00, 0x00, 0x00, 0xbf,
  0x00, 0x00, 0x00, 0xbf, 0x00, 0x00, 0x00, 0xbf, 0x00, 0x00, 0x00, 0xbf,
  0x00, 0x00, 0x00, 0xbf, 0x00, 0x00, 0x00, 0xbf, 0x00, 0x00, 0x00, 0xbf,
  0x00, 0x00, 0x00, 0xbf, 0x00, 0x00, 0x00, 0xbf, 0x00, 0x00, 0x00, 0xbf,
  0x00, 0x00, 0x00, 0xbf, 0x00, 0x00, 0x00, 0xbf, 0x00, 0x00, 0x00, 0xbf,
  0x00, 0x00, 0x00, 0xbf, 0x00, 0x00, 0x00, 0xbf, 0x00, 0x00, 0x00, 0xbf,
  0x00, 0x00, 0x00, 0xbf, 0x00, 0x00, 0x00, 0xbf, 0x00, 0x00, 0x00, 0xbf,
  0x00, 0x00, 0x00, 0xbf, 0x00, 0x00, 0x00, 0xbf, 0x00, 0x00, 0x00, 0xbf,
  0x00, 0x00, 0x00, 0xbf, 0x00, 0x00, 0x00, 0xbf, 0x00, 0x00, 0x00, 0xbf,
  0x00, 0x00, 0x00, 0xbf, 0x00, 0x00, 0x00, 0xbf, 0x00, 0x00, 0x00, 0xbf,
  0x00, 0x00, 0x00, 0xbf, 0x00, 0x00, 0x00, 0xbf, 0x00, 0x00, 0x00, 0xbf,
  0x00, 0x00, 0x00, 0xbf, 0x00, 0x00, 0x00, 0xbf, 0x00, 0x00, 0x00, 0xbf,
  0x00, 0x00, 0x00, 0xbf, 0x00, 0x00, 0x00, 0xbf, 0x00, 0x00, 0x00, 0xbf,
  0x00, 0x00, 0x00, 0xbf, 0x00, 0x00, 0x00, 0xbf, 0x00, 0x00, 0x00, 0xbf,
  0x00, 0x00, 0x00, 0xbf, 0x00, 0x00, 0x00, 0xbf, 0x00, 0x00, 0x00, 0xbf,
  0x00, 0x00, 0x00, 0xbf, 0x00, 0x00, 0x00, 0xbf, 0x00, 0x00, 0x00, 0xbf,
  0x00, 0x00, 0x00, 0xbf, 0x00, 0x00, 0x00, 0xbf, 0x00, 0x00, 0x00, 0xbf,
  0x00, 0x00, 0x00, 0xbf, 0x00, 0x00, 0x00, 0xbf, 0x00, 0x00, 0x00, 0xbf,
  0x00, 0x00, 0x00, 0xbf, 0x00, 0x00, 0x00, 0xbf, 0x00, 0x00, 0x00, 0xbf,
  0x00, 0x00, 0x00, 0xbf, 0x00, 0x00, 0x00, 0xbf, 0x00, 0x00, 0x00, 0xbf,
  0x00, 0x00, 0x00, 0xbf, 0x00, 0x00, 0x00, 0xbf, 0x00, 0x00, 0x00, 0xbf,
  0x00, 0x00, 0x00, 0xbf, 0x00, 0x00, 0x00, 0xbf, 0x00, 0x00, 0x00, 0xbf,
  0x00, 0x00, 0x00, 0xbf, 0x00, 0x00, 0x00, 0xbf, 0x00, 0x00, 0x00, 0xbf,
  0x00, 0x00, 0x00, 0xbf, 0x00, 0x00, 0x00, 0xbf, 0x00, 0x00, 0x00, 0xbf,
  0x00, 0x00, 0x00, 0xbf, 0x00, 0x00, 0x00, 0xbf, 0x00, 0x00, 0x00, 0xbf,
  0x00, 0x00, 0x00, 0xbf, 0x00, 0x00, 0x00, 0xbf, 0x00, 0x00, 0x00, 0xbf,
  0x00, 0x00, 0x00, 0xbf, 0x00, 0x00, 0x00, 0xbf, 0x00, 0x00, 0x00, 0xbf,
  0x00, 0x00, 0x00, 0xbf, 0x00, 0x00, 0x00, 0xbf, 0x00, 0x00, 0x00, 0xbf,
  0x00, 0x00, 0x00, 0xbf, 0x00, 0x00, 0x00, 0xbf, 0x00, 0x00, 0x00, 0xbf,
  0x00, 0x00, 0x00, 0xbf, 0x00, 0x00, 0x00, 0xbf, 0x00, 0x00, 0x00, 0xbf,
  0x00, 0x00, 0x00, 0xbf, 0x00, 0x00, 0x00, 0xbf, 0x00, 0x00, 0x00, 0xbf,
  0x00, 0x00, 0x00, 0xbf, 0x00, 0x00, 0x00, 0xbf, 0x00, 0x00, 0x00, 0xbf,
  0x00, 0x00, 0x00, 0xbf, 0x00, 0x00, 0x00, 0xbf, 0x00, 0x00, 0x00, 0xbf,
  0x00, 0x00, 0x00, 0xbf, 0x00, 0x00, 0x00, 0xbf, 0x00, 0x00, 0x00, 0xbf,
  0x00, 0x00, 0x00, 0xbf, 0x00, 0x00, 0x00, 0xbf, 0x00, 0x00, 0x00, 0xbf,
  0x00, 0x00, 0x00, 0xbf, 0x00, 0x00, 0x00, 0xbf, 0x00, 0x00, 0x00, 0xbf,
  0x00, 0x00, 0x00, 0xbf, 0x00, 0x00, 0x00, 0xbf, 0x00, 0x00, 0x00, 0xbf,
  0x00, 0x00, 0x00, 0xbf, 0x00, 0x00, 0x00, 0xbf, 0x00, 0x00, 0x00, 0xbf,
  0x00, 0x00, 0x00, 0xbf, 0x00, 0x00, 0x00, 0xbf, 0x00, 0xfe, 0x7f, 0xbf,
  0x00, 0xfe, 0x7f, 0xbf, 0x00, 0xfe, 0x7f, 0xbf, 0x00, 0xfe, 0x7f, 0xbf,
  0x00, 0xfe, 0x7f, 0xbf, 0x00, 0xfe, 0x7f, 0xbf, 0x00, 0xfe, 0x7f, 0xbf,
  0x00, 0xfe, 0x7f, 0xbf, 0x00, 0xfe, 0x7f, 0xbf, 0x00, 0xfe, 0x7f, 0xbf,
  0x00, 0xfe, 0x7f, 0xbf, 0x00, 0xfe, 0x7f, 0xbf, 0x00, 0xfe, 0x7f, 0xbf,
  0x00, 0xfe, 0x7f, 0xbf, 0x00, 0xfe, 0x7f, 0xbf, 0x00, 0xfe, 0x7f, 0xbf,
  0x00, 0xfe, 0x7f, 0xbf, 0x00, 0xfe, 0x7f, 0xbf, 0x00, 0xfe, 0x7f, 0xbf,
  0x00, 0xfe, 0x7f, 0xbf, 0x00, 0xfe, 0x7f, 0xbf, 0x00, 0xfe, 0x7f, 0xbf,
  0x00, 0xfe, 0x7f, 0xbf, 0x00, 0xfe, 0x7f, 0xbf, 0x00, 0xfe, 0x7f, 0xbf,
  0x00, 0xfe, 0x7f, 0xbf, 0x00, 0xfe, 0x7f, 0xbf, 0x00, 0xfe, 0x7f, 0xbf,
  0x00, 0x00, 0x00, 0xbf, 0x00, 0x00, 0x00, 0xbf, 0x00, 0x00, 0x00, 0xbf,
  0x00, 0x00, 0x00, 0xbf, 0x00, 0x00, 0x00, 0xbf, 0x00, 0x00, 0x00, 0xbf,
  0x00, 0x00, 0x00, 0xbf, 0x00, 0x00, 0x00, 0xbf, 0x00, 0x00, 0x00, 0xbf,
  0x00, 0x00, 0x00, 0xbf, 0x00, 0x00, 0x00, 0xbf, 0x00, 0x00, 0x00, 0xbf,
  0x00, 0x00, 0x00, 0xbf, 0x00, 0x00, 0x00, 0xbf, 0x00, 0x00, 0x00, 0xbf,
  0x00, 0x00, 0x00, 0xbf, 0x00, 0x00, 0x00, 0xbf, 0x00, 0x00, 0x00, 0xbf,
  0x00, 0x00, 0x00, 0xbf, 0x00, 0x00, 0x00, 0xbf, 0x00, 0x00, 0x00, 0xbf,
  0x00, 0x00, 0x00, 0xbf, 0x00, 0x00, 0x00, 0xbf, 0x00, 0x00, 0x00, 0xbf,
  0x00, 0x00, 0x00, 0xbf, 0x00, 0x00, 0x00, 0xbf, 0x00, 0x00, 0x00, 0xbf,
  0x00, 0x00, 0x00, 0xbf, 0x00, 0x00, 0x00, 0xbf, 0x00, 0x00, 0x00, 0xbf,
  0x00, 0x00, 0x00, 0xbf, 0x00, 0x00, 0x00, 0xbf, 0x00, 0x00, 0x00, 0x00,
  0x00, 0x00, 0x00, 0x00, 0x00, 0x00, 0x00, 0x00, 0x00, 0x00, 0x00, 0x00,
  0x00, 0x00, 0x00, 0x00, 0x00, 0x00, 0x00, 0x00, 0x00, 0x00, 0x00, 0x00,
  0x00, 0x00, 0x00, 0x00, 0x00, 0x00, 0x00, 0x00, 0x00, 0x00, 0x00, 0x00,
  0x00, 0x00, 0x00, 0x00, 0x00, 0x00, 0x00, 0x00, 0x00, 0x00, 0x00, 0x00,
  0x00, 0x00, 0x00, 0x00, 0x00, 0x00, 0x00, 0x00, 0x00, 0x00, 0x00, 0x00,
  0x00, 0x00, 0x00, 0x00, 0x00, 0x00, 0x00, 0x00, 0x00, 0x00, 0x00, 0x00,
  0x00, 0x00, 0x00, 0x00, 0x00, 0x00, 0x00, 0x00, 0x00, 0x00, 0x00, 0x00,
  0x00, 0x00, 0x00, 0x00, 0x00, 0x00, 0x00, 0x00, 0x00, 0x00, 0x00, 0x00,
  0x00, 0x00, 0x00, 0x00, 0x00, 0x00, 0x00, 0x00, 0x00, 0x00, 0x00, 0x00,
  0x00, 0x00, 0x00, 0x00, 0x00, 0x00, 0x00, 0x00, 0x00, 0x00, 0x00, 0x00,
  0xff, 0xef, 0xcf, 0x3e, 0x01, 0xf8, 0xcf, 0x3e, 0x01, 0xfc, 0xcf, 0x3e,
  0xff, 0x03, 0xd0, 0x3e, 0x02, 0x0c, 0xd0, 0x3e, 0x02, 0x0c, 0xd0, 0x3e,
  0x00, 0x14, 0xd0, 0x3e, 0xff, 0x1b, 0xd0, 0x3e, 0xff, 0x1b, 0xd0, 0x3e,
  0xff, 0x1f, 0xd0, 0x3e, 0x00, 0xfe, 0x7f, 0x3f, 0x00, 0xfe, 0x7f, 0x3f,
  0x00, 0xfe, 0x7f, 0x3f, 0x00, 0xfe, 0x7f, 0x3f, 0x00, 0xfe, 0x7f, 0x3f,
  0x00, 0xfe, 0x7f, 0x3f, 0x00, 0xfe, 0x7f, 0x3f, 0x00, 0xfe, 0x7f, 0x3f,
  0x00, 0xfe, 0x7f, 0x3f, 0x00, 0xfe, 0x7f, 0x3f, 0x01, 0xfc, 0x7f, 0x3f,
  0x01, 0xfc, 0x7f, 0x3f, 0x00, 0xf8, 0x7f, 0x3f, 0x00, 0xf4, 0x7f, 0x3f,
  0x00, 0xf4, 0x7f, 0x3f, 0x01, 0xf0, 0x7f, 0x3f, 0xff, 0xed, 0x7f, 0x3f,
  0x00, 0xea, 0x7f, 0x3f, 0x00, 0xea, 0x7f, 0x3f, 0x00, 0xe6, 0x7f, 0x3f,
  0xff, 0xe1, 0x7f, 0x3f, 0x00, 0xde, 0x7f, 0x3f, 0x00, 0xdc, 0x7f, 0x3f,
  0x00, 0xd4, 0x7f, 0x3f, 0x00, 0xd0, 0x7f, 0x3f, 0x01, 0xce, 0x7f, 0x3f,
  0x00, 0xca, 0x7f, 0x3f, 0x00, 0xc6, 0x7f, 0x3f, 0x00, 0xbe, 0x7f, 0x3f,
  0x00, 0xbc, 0x7f, 0x3f, 0x01, 0xb8, 0x7f, 0x3f, 0x00, 0xb0, 0x7f, 0x3f,
  0x00, 0xae, 0x7f, 0x3f, 0x00, 0xa6, 0x7f, 0x3f, 0x00, 0xa2, 0x7f, 0x3f,
  0x00, 0x9c, 0x7f, 0x3f, 0x00, 0x98, 0x7f, 0x3f, 0x00, 0x90, 0x7f, 0x3f,
  0x00, 0x8e, 0x7f, 0x3f, 0x00, 0x86, 0x7f, 0x3f, 0x00, 0x82, 0x7f, 0x3f,
  0xff, 0x7b, 0x7f, 0x3f, 0x01, 0x74, 0x7f, 0x3f, 0xff, 0x6f, 0x7f, 0x3f,
  0x00, 0x6a, 0x7f, 0x3f, 0x00, 0x62, 0x7f, 0x3f, 0x00, 0x5e, 0x7f, 0x3f,
  0x00, 0x58, 0x7f, 0x3f, 0x01, 0x50, 0x7f, 0x3f, 0x00, 0x4a, 0x7f, 0x3f,
  0x01, 0x46, 0x7f, 0x3f, 0x00, 0x3e, 0x7f, 0x3f, 0xff, 0x37, 0x7f, 0x3f,
  0x00, 0x30, 0x7f, 0x3f, 0x00, 0x2a, 0x7f, 0x3f, 0x00, 0x26, 0x7f, 0x3f,
  0x00, 0x1e, 0x7f, 0x3f, 0x01, 0x18, 0x7f, 0x3f, 0x00, 0x10, 0x7f, 0x3f,
  0xff, 0x09, 0x7f, 0x3f, 0x01, 0x02, 0x7f, 0x3f, 0x00, 0xfc, 0x7e, 0x3f,
  0x00, 0xf8, 0x7e, 0x3f, 0x00, 0xf0, 0x7e, 0x3f, 0x01, 0xea, 0x7e, 0x3f,
  0x00, 0xe2, 0x7e, 0x3f, 0xff, 0xdb, 0x7e, 0x3f, 0x01, 0xd4, 0x7e, 0x3f,
  0x00, 0xcc, 0x7e, 0x3f, 0xff, 0xc5, 0x7e, 0x3f, 0x01, 0xbe, 0x7e, 0x3f,
  0x00, 0xb8, 0x7e, 0x3f, 0xff, 0xaf, 0x7e, 0x3f, 0x00, 0xaa, 0x7e, 0x3f,
  0x00, 0xa2, 0x7e, 0x3f, 0x01, 0x9a, 0x7e, 0x3f, 0x00, 0x94, 0x7e, 0x3f,
  0xff, 0x8b, 0x7e, 0x3f, 0x00, 0x86, 0x7e, 0x3f, 0x00, 0x7e, 0x7e, 0x3f,
  0x01, 0x78, 0x7e, 0x3f, 0x00, 0x70, 0x7e, 0x3f, 0xff, 0x69, 0x7e, 0x3f,
  0x01, 0x62, 0x7e, 0x3f, 0x00, 0x5a, 0x7e, 0x3f, 0xff, 0x53, 0x7e, 0x3f,
  0x01, 0x4c, 0x7e, 0x3f, 0x00, 0x46, 0x7e, 0x3f, 0xff, 0x3d, 0x7e, 0x3f,
  0x00, 0x38, 0x7e, 0x3f, 0x00, 0x30, 0x7e, 0x3f, 0x01, 0x28, 0x7e, 0x3f,
  0x00, 0x22, 0x7e, 0x3f, 0x00, 0x1a, 0x7e, 0x3f, 0x00, 0x14, 0x7e, 0x3f,
  0x00, 0x0c, 0x7e, 0x3f, 0x01, 0x06, 0x7e, 0x3f, 0x00, 0xfe, 0x7d, 0x3f,
  0x00, 0xf8, 0x7d, 0x3f, 0x01, 0xf0, 0x7d, 0x3f, 0x01, 0xfc, 0xcb, 0x3e,
  0xff, 0xef, 0xcb, 0x3e, 0x01, 0xe0, 0xcb, 0x3e, 0x00, 0xd0, 0xcb, 0x3e,
  0xff, 0xc3, 0xcb, 0x3e, 0x01, 0xb4, 0xcb, 0x3e, 0x00, 0xa8, 0xcb, 0x3e,
  0x01, 0xa0, 0xcb, 0x3e, 0x00, 0x90, 0xcb, 0x3e, 0x02, 0x84, 0xcb, 0x3e,
  0xff, 0x7b, 0xcb, 0x3e, 0xfd, 0xc7, 0x48, 0xbe, 0x02, 0xd8, 0x48, 0xbe,
  0xfe, 0xef, 0x48, 0xbe, 0x03, 0x00, 0x49, 0xbe, 0x00, 0x10, 0x49, 0xbe,
  0x03, 0x28, 0x49, 0xbe, 0x01, 0x38, 0x49, 0xbe, 0xff, 0x47, 0x49, 0xbe,
  0x03, 0x58, 0x49, 0xbe, 0x02, 0x60, 0x49, 0xbe, 0xff, 0x6f, 0x49, 0xbe,
  0xff, 0x6f, 0x49, 0xbe, 0x01, 0x4a, 0x4a, 0xbf, 0x00, 0x4e, 0x4a, 0xbf,
  0x00, 0x52, 0x4a, 0xbf, 0x00, 0x52, 0x4a, 0xbf, 0x00, 0x52, 0x4a, 0xbf,
  0x01, 0x56, 0x4a, 0xbf, 0x01, 0x56, 0x4a, 0xbf, 0x01, 0x56, 0x4a, 0xbf,
  0x01, 0x56, 0x4a, 0xbf, 0x01, 0x56, 0x4a, 0xbf, 0x01, 0x56, 0x4a, 0xbf,
  0x01, 0x56, 0x4a, 0xbf, 0x01, 0x56, 0x4a, 0xbf, 0x00, 0x52, 0x4a, 0xbf,
  0x00, 0x52, 0x4a, 0xbf, 0x00, 0x52, 0x4a, 0xbf, 0x00, 0x4e, 0x4a, 0xbf,
  0x00, 0x4e, 0x4a, 0xbf, 0x01, 0x4a, 0x4a, 0xbf, 0x01, 0x4a, 0x4a, 0xbf,
  0xff, 0x47, 0x4a, 0xbf, 0x00, 0x44, 0x4a, 0xbf, 0x00, 0x44, 0x4a, 0xbf,
  0x01, 0x40, 0x4a, 0xbf, 0x00, 0x3c, 0x4a, 0xbf, 0x00, 0x3c, 0x4a, 0xbf,
  0x00, 0x3a, 0x4a, 0xbf, 0x00, 0x36, 0x4a, 0xbf, 0xff, 0x31, 0x4a, 0xbf,
  0x00, 0x2e, 0x4a, 0xbf, 0x01, 0x2a, 0x4a, 0xbf, 0x01, 0x28, 0x4a, 0xbf,
  0x00, 0x24, 0x4a, 0xbf, 0x00, 0x20, 0x4a, 0xbf, 0xff, 0x1b, 0x4a, 0xbf,
  0x00, 0x1a, 0x4a, 0xbf, 0x00, 0x16, 0x4a, 0xbf, 0x01, 0x12, 0x4a, 0xbf,
  0x00, 0x0a, 0x4a, 0xbf, 0x00, 0x08, 0x4a, 0xbf, 0xff, 0x03, 0x4a, 0xbf,
  0x00, 0x00, 0x4a, 0xbf, 0x01, 0xfc, 0x49, 0xbf, 0x00, 0xf6, 0x49, 0xbf,
  0x00, 0xf2, 0x49, 0xbf, 0xff, 0xed, 0x49, 0xbf, 0x00, 0xea, 0x49, 0xbf,
  0x01, 0xe4, 0x49, 0xbf, 0x00, 0xe0, 0x49, 0xbf, 0x00, 0xdc, 0x49, 0xbf,
  0xff, 0xd5, 0x49, 0xbf, 0x00, 0xd2, 0x49, 0xbf, 0x00, 0xca, 0x49, 0xbf,
  0x01, 0x70, 0x47, 0xbe, 0xfd, 0x5f, 0x47, 0xbe, 0x00, 0x48, 0x47, 0xbe,
  0x03, 0x38, 0x47, 0xbe, 0xfe, 0x27, 0x47, 0xbe, 0xff, 0x1f, 0x47, 0xbe,
  0x02, 0x10, 0x47, 0xbe, 0x00, 0xf0, 0x46, 0xbe, 0x02, 0xe0, 0x46, 0xbe,
  0xfd, 0xd7, 0x46, 0xbe, 0xff, 0xc7, 0x46, 0xbe, 0x01, 0xb8, 0x46, 0xbe,
  0xfd, 0xa7, 0x46, 0xbe, 0xff, 0x97, 0x46, 0xbe, 0x01, 0x90, 0x46, 0xbe,
  0x01, 0x90, 0x46, 0xbe, 0x03, 0x80, 0x46, 0xbe, 0xff, 0x6f, 0x46, 0xbe,
  0x01, 0x60, 0x46, 0xbe, 0x02, 0x58, 0x46, 0xbe, 0xfe, 0x47, 0x46, 0xbe,
  0x00, 0x38, 0x46, 0xbe, 0x00, 0x38, 0x46, 0xbe, 0x02, 0x28, 0x46, 0xbe,
  0xfe, 0x17, 0x46, 0xbe, 0xff, 0x0f, 0x46, 0xbe, 0xff, 0x0f, 0x46, 0xbe,
  0x02, 0x00, 0x46, 0xbe, 0xfd, 0xef, 0x45, 0xbe, 0xfd, 0xef, 0x45, 0xbe,
  0x00, 0xe0, 0x45, 0xbe, 0x01, 0xd8, 0x45, 0xbe, 0x01, 0xd8, 0x45, 0xbe,
  0x03, 0xc8, 0x45, 0xbe, 0xff, 0xb7, 0x45, 0xbe, 0xff, 0xb7, 0x45, 0xbe,
  0x01, 0xa8, 0x45, 0xbe, 0xfd, 0x97, 0x45, 0xbe, 0xfd, 0x97, 0x45, 0xbe,
  0xfe, 0x8f, 0x45, 0xbe, 0xfe, 0x8f, 0x45, 0xbe, 0x00, 0x80, 0x45, 0xbe,
  0x03, 0x70, 0x45, 0xbe, 0x03, 0x70, 0x45, 0xbe, 0xfe, 0x5f, 0x45, 0xbe,
  0xfe, 0x5f, 0x45, 0xbe, 0x00, 0x58, 0x45, 0xbe, 0x00, 0x58, 0x45, 0xbe,
  0x02, 0x48, 0x45, 0xbe, 0x02, 0x48, 0x45, 0xbe, 0xfe, 0x37, 0x45, 0xbe,
  0xfe, 0x37, 0x45, 0xbe, 0x00, 0x28, 0x45, 0xbe, 0x00, 0x28, 0x45, 0xbe,
  0x02, 0x18, 0x45, 0xbe, 0x02, 0x18, 0x45, 0xbe, 0x01, 0x4c, 0xcd, 0x3e,
  0x00, 0x54, 0xcd, 0x3e, 0x00, 0x54, 0xcd, 0x3e, 0x00, 0x54, 0xcd, 0x3e,
  0x00, 0x58, 0xcd, 0x3e, 0x00, 0x58, 0xcd, 0x3e, 0x00, 0x58, 0xcd, 0x3e,
  0x00, 0x58, 0xcd, 0x3e, 0x00, 0x58, 0xcd, 0x3e, 0x00, 0x58, 0xcd, 0x3e,
  0x00, 0x58, 0xcd, 0x3e, 0x00, 0x58, 0xcd, 0x3e, 0x00, 0x58, 0xcd, 0x3e,
  0x00, 0x58, 0xcd, 0x3e, 0x00, 0x58, 0xcd, 0x3e, 0xff, 0x97, 0x7e, 0x3f,
  0xff, 0x97, 0x7e, 0x3f, 0xff, 0x97, 0x7e, 0x3f, 0x00, 0x94, 0x7e, 0x3f,
  0x00, 0x94, 0x7e, 0x3f, 0x01, 0x90, 0x7e, 0x3f, 0xff, 0x8b, 0x7e, 0x3f,
  0xff, 0x8b, 0x7e, 0x3f, 0x00, 0x8a, 0x7e, 0x3f, 0x00, 0x86, 0x7e, 0x3f,
  0xff, 0x81, 0x7e, 0x3f, 0xff, 0x81, 0x7e, 0x3f, 0x00, 0x7e, 0x7e, 0x3f,
  0x00, 0x7a, 0x7e, 0x3f, 0x01, 0x78, 0x7e, 0x3f, 0x00, 0x74, 0x7e, 0x3f,
  0x00, 0x70, 0x7e, 0x3f, 0xff, 0x69, 0x7e, 0x3f, 0x00, 0x66, 0x7e, 0x3f,
  0x01, 0x62, 0x7e, 0x3f, 0x00, 0x5e, 0x7e, 0x3f, 0x00, 0x58, 0x7e, 0x3f,
  0xff, 0x53, 0x7e, 0x3f, 0x00, 0x50, 0x7e, 0x3f, 0x01, 0x4a, 0x7e, 0x3f,
  0x00, 0x46, 0x7e, 0x3f, 0x00, 0x42, 0x7e, 0x3f, 0x00, 0x3a, 0x7e, 0x3f,
  0x00, 0x38, 0x7e, 0x3f, 0x00, 0x30, 0x7e, 0x3f, 0x00, 0x2c, 0x7e, 0x3f,
  0xff, 0x25, 0x7e, 0x3f, 0x01, 0x1e, 0x7e, 0x3f, 0x00, 0x1a, 0x7e, 0x3f,
  0x00, 0x14, 0x7e, 0x3f, 0xff, 0x0f, 0x7e, 0x3f, 0x00, 0x08, 0x7e, 0x3f,
  0x00, 0x02, 0x7e, 0x3f, 0x00, 0xfe, 0x7d, 0x3f, 0x00, 0xf8, 0x7d, 0x3f,
  0x01, 0xf0, 0x7d, 0x3f, 0x00, 0xe8, 0x7d, 0x3f, 0x00, 0xe6, 0x7d, 0x3f,
  0x00, 0xde, 0x7d, 0x3f, 0xff, 0xd7, 0x7d, 0x3f, 0x00, 0xd0, 0x7d, 0x3f,
  0xff, 0xcb, 0x7d, 0x3f, 0x00, 0xc6, 0x7d, 0x3f, 0x00, 0xbe, 0x7d, 0x3f,
  0x01, 0xb8, 0x7d, 0x3f, 0x00, 0xb0, 0x7d, 0x3f, 0x00, 0xa8, 0x7d, 0x3f,
  0x00, 0xa6, 0x7d, 0x3f, 0xff, 0x9d, 0x7d, 0x3f, 0x01, 0x96, 0x7d, 0x3f,
  0x00, 0x90, 0x7d, 0x3f, 0xff, 0x87, 0x7d, 0x3f, 0x00, 0x82, 0x7d, 0x3f,
  0x00, 0x7a, 0x7d, 0x3f, 0x01, 0x74, 0x7d, 0x3f, 0x00, 0x6c, 0x7d, 0x3f,
  0x01, 0x68, 0x7d, 0x3f, 0x00, 0x62, 0x7d, 0x3f, 0xff, 0x59, 0x7d, 0x3f,
  0x00, 0x54, 0x7d, 0x3f, 0x00, 0x4c, 0x7d, 0x3f, 0x01, 0x46, 0x7d, 0x3f,
  0x00, 0x3e, 0x7d, 0x3f, 0x00, 0x36, 0x7d, 0x3f, 0x00, 0x30, 0x7d, 0x3f,
  0x00, 0x28, 0x7d, 0x3f, 0xff, 0x21, 0x7d, 0x3f, 0x00, 0x1a, 0x7d, 0x3f,
  0x00, 0x14, 0x7d, 0x3f, 0x01, 0x0c, 0x7d, 0x3f, 0x00, 0x06, 0x7d, 0x3f,
  0xff, 0xfd, 0x7c, 0x3f, 0x01, 0xf6, 0x7c, 0x3f, 0x00, 0xf0, 0x7c, 0x3f,
  0xff, 0xe7, 0x7c, 0x3f, 0x00, 0xe2, 0x7c, 0x3f, 0x00, 0xda, 0x7c, 0x3f,
  0x01, 0xd4, 0x7c, 0x3f, 0x00, 0xcc, 0x7c, 0x3f, 0x00, 0xc4, 0x7c, 0x3f,
  0x01, 0xbe, 0x7c, 0x3f, 0x00, 0xb6, 0x7c, 0x3f, 0xff, 0xaf, 0x7c, 0x3f,
  0x00, 0xa8, 0x7c, 0x3f, 0x00, 0xa2, 0x7c, 0x3f, 0x01, 0x9a, 0x7c, 0x3f,
  0x00, 0x94, 0x7c, 0x3f, 0xff, 0x8b, 0x7c, 0x3f, 0xff, 0x2b, 0xc9, 0x3e,
  0x01, 0x20, 0xc9, 0x3e, 0xff, 0x17, 0xc9, 0x3e, 0x01, 0x08, 0xc9, 0x3e,
  0x00, 0xfc, 0xc8, 0x3e, 0xff, 0xeb, 0xc8, 0x3e, 0x01, 0xe0, 0xc8, 0x3e,
  0xfe, 0xd7, 0xc8, 0x3e, 0x01, 0xc8, 0xc8, 0x3e, 0xff, 0xbb, 0xc8, 0x3e,
  0x00, 0xb4, 0xc8, 0x3e, 0x02, 0x58, 0x4e, 0xbe, 0x00, 0x68, 0x4e, 0xbe,
  0x03, 0x80, 0x4e, 0xbe, 0x01, 0x90, 0x4e, 0xbe, 0xfe, 0x9f, 0x4e, 0xbe,
  0x01, 0xb8, 0x4e, 0xbe, 0xff, 0xc7, 0x4e, 0xbe, 0xfd, 0xd7, 0x4e, 0xbe,
  0x01, 0xe8, 0x4e, 0xbe, 0xff, 0xf7, 0x4e, 0xbe, 0x01, 0xac, 0x4b, 0xbf,
  0x01, 0xac, 0x4b, 0xbf, 0x00, 0xae, 0x4b, 0xbf, 0x00, 0xb2, 0x4b, 0xbf,
  0x00, 0xb2, 0x4b, 0xbf, 0x00, 0xb2, 0x4b, 0xbf, 0xff, 0xb5, 0x4b, 0xbf,
  0xff, 0xb5, 0x4b, 0xbf, 0xff, 0xb5, 0x4b, 0xbf, 0xff, 0xb5, 0x4b, 0xbf,
  0xff, 0xb5, 0x4b, 0xbf, 0xff, 0xb5, 0x4b, 0xbf, 0xff, 0xb5, 0x4b, 0xbf,
  0xff, 0xb5, 0x4b, 0xbf, 0x00, 0xb2, 0x4b, 0xbf, 0x00, 0xb2, 0x4b, 0xbf,
  0x00, 0xb2, 0x4b, 0xbf, 0x00, 0xae, 0x4b, 0xbf, 0x00, 0xae, 0x4b, 0xbf,
  0x01, 0xac, 0x4b, 0xbf, 0x01, 0xac, 0x4b, 0xbf, 0x00, 0xa8, 0x4b, 0xbf,
  0x00, 0xa4, 0x4b, 0xbf, 0x00, 0xa4, 0x4b, 0xbf, 0x01, 0xa0, 0x4b, 0xbf,
  0xff, 0x9d, 0x4b, 0xbf, 0x00, 0x9a, 0x4b, 0xbf, 0x01, 0x96, 0x4b, 0xbf,
  0x01, 0x96, 0x4b, 0xbf, 0xff, 0x91, 0x4b, 0xbf, 0x00, 0x8e, 0x4b, 0xbf,
  0x00, 0x8c, 0x4b, 0xbf, 0xff, 0x87, 0x4b, 0xbf, 0x00, 0x84, 0x4b, 0xbf,
  0x00, 0x80, 0x4b, 0xbf, 0x01, 0x7e, 0x4b, 0xbf, 0x00, 0x76, 0x4b, 0xbf,
  0x01, 0x72, 0x4b, 0xbf, 0x00, 0x6e, 0x4b, 0xbf, 0x00, 0x6c, 0x4b, 0xbf,
  0x01, 0x68, 0x4b, 0xbf, 0x00, 0x64, 0x4b, 0xbf, 0x00, 0x5e, 0x4b, 0xbf,
  0xff, 0x59, 0x4b, 0xbf, 0x00, 0x56, 0x4b, 0xbf, 0x00, 0x52, 0x4b, 0xbf,
  0x00, 0x4c, 0x4b, 0xbf, 0x00, 0x48, 0x4b, 0xbf, 0xff, 0x43, 0x4b, 0xbf,
  0x00, 0x3c, 0x4b, 0xbf, 0x01, 0x3a, 0x4b, 0xbf, 0x00, 0x36, 0x4b, 0xbf,
  0x01, 0x2e, 0x4b, 0xbf, 0xff, 0x2b, 0x4b, 0xbf, 0x00, 0x28, 0x4b, 0xbf,
  0xff, 0x1f, 0x4b, 0xbf, 0x00, 0x1c, 0x4b, 0xbf, 0xff, 0x15, 0x4b, 0xbf,
  0x00, 0x12, 0x4b, 0xbf, 0x01, 0x0c, 0x4b, 0xbf, 0x00, 0x08, 0x4b, 0xbf,
  0x01, 0x00, 0x4b, 0xbf, 0x00, 0xfc, 0x4a, 0xbf, 0x00, 0xfa, 0x4a, 0xbf,
  0x00, 0xf2, 0x4a, 0xbf, 0x00, 0xee, 0x4a, 0xbf, 0xff, 0xe7, 0x4a, 0xbf,
  0x00, 0xe4, 0x4a, 0xbf, 0xff, 0xdb, 0x4a, 0xbf, 0x00, 0xda, 0x4a, 0xbf,
  0xff, 0xd1, 0x4a, 0xbf, 0x00, 0xcc, 0x4a, 0xbf, 0x01, 0xc8, 0x4a, 0xbf,
  0x00, 0xc0, 0x4a, 0xbf, 0x01, 0xbc, 0x4a, 0xbf, 0x00, 0xb6, 0x4a, 0xbf,
  0x01, 0xb2, 0x4a, 0xbf, 0x00, 0xac, 0x4a, 0xbf, 0x00, 0xa8, 0x4a, 0xbf,
  0x00, 0xa0, 0x4a, 0xbf, 0x01, 0x9a, 0x4a, 0xbf, 0x00, 0x96, 0x4a, 0xbf,
  0xff, 0x8d, 0x4a, 0xbf, 0x00, 0x8a, 0x4a, 0xbf, 0x01, 0x84, 0x4a, 0xbf,
  0x00, 0x80, 0x4a, 0xbf, 0x00, 0x7a, 0x4a, 0xbf, 0x00, 0x72, 0x4a, 0xbf,
  0x01, 0x6e, 0x4a, 0xbf, 0x00, 0x68, 0x4a, 0xbf, 0x00, 0x64, 0x4a, 0xbf,
  0x00, 0x5c, 0x4a, 0xbf, 0x01, 0x56, 0x4a, 0xbf, 0x00, 0x52, 0x4a, 0xbf,
  0x01, 0x4a, 0x4a, 0xbf, 0xff, 0x47, 0x4a, 0xbf, 0x01, 0x40, 0x4a, 0xbf,
  0x00, 0x3a, 0x4a, 0xbf, 0xfe, 0x1f, 0x49, 0xbe, 0x00, 0x10, 0x49, 0xbe,
  0xfe, 0xef, 0x48, 0xbe, 0x01, 0xe0, 0x48, 0xbe, 0x02, 0xd8, 0x48, 0xbe,
  0x00, 0xb8, 0x48, 0xbe, 0x02, 0xa8, 0x48, 0xbe, 0x03, 0xa0, 0x48, 0xbe,
  0x01, 0x80, 0x48, 0xbe, 0xfd, 0x6f, 0x48, 0xbe, 0xff, 0x5f, 0x48, 0xbe,
  0x00, 0x58, 0x48, 0xbe, 0x03, 0x48, 0x48, 0xbe, 0x00, 0xbc, 0xcb, 0x3e,
  0xff, 0xc3, 0xcb, 0x3e, 0x01, 0xcc, 0xcb, 0x3e, 0x01, 0xcc, 0xcb, 0x3e,
  0x00, 0xd0, 0xcb, 0x3e, 0xff, 0xd7, 0xcb, 0x3e, 0x02, 0xf0, 0x47, 0xbe,
  0xfe, 0xdf, 0x47, 0xbe, 0xff, 0xd7, 0x47, 0xbe, 0xff, 0xd7, 0x47, 0xbe,
  0x02, 0xc8, 0x47, 0xbe, 0x02, 0xc8, 0x47, 0xbe, 0xff, 0xd7, 0x49, 0xbf,
  0xff, 0xd7, 0x49, 0xbf, 0xff, 0xd5, 0x49, 0xbf, 0x00, 0xd2, 0x49, 0xbf,
  0x01, 0xce, 0x49, 0xbf, 0x00, 0xca, 0x49, 0xbf, 0x00, 0xc8, 0x49, 0xbf,
  0x00, 0xc4, 0x49, 0xbf, 0x00, 0xc4, 0x49, 0xbf, 0xff, 0xbf, 0x49, 0xbf,
  0x00, 0xbc, 0x49, 0xbf, 0x01, 0xb8, 0x49, 0xbf, 0x00, 0xb2, 0x49, 0xbf,
  0x00, 0xae, 0x49, 0xbf, 0xff, 0xa9, 0x49, 0xbf, 0x00, 0xa8, 0x49, 0xbf,
  0x00, 0xa4, 0x49, 0xbf, 0x01, 0xa0, 0x49, 0xbf, 0x00, 0x9c, 0x49, 0xbf,
  0x01, 0x96, 0x49, 0xbf, 0xff, 0x91, 0x49, 0xbf, 0x00, 0x8e, 0x49, 0xbf,
  0x01, 0x8a, 0x49, 0xbf, 0x00, 0x84, 0x49, 0xbf, 0x00, 0x80, 0x49, 0xbf,
  0xff, 0x7b, 0x49, 0xbf, 0x00, 0x78, 0x49, 0xbf, 0x01, 0x72, 0x49, 0xbf,
  0x00, 0x6e, 0x49, 0xbf, 0x00, 0x6a, 0x49, 0xbf, 0x00, 0x64, 0x49, 0xbf,
  0x00, 0x60, 0x49, 0xbf, 0x00, 0x58, 0x49, 0xbf, 0x00, 0x56, 0x49, 0xbf,
  0x00, 0x52, 0x49, 0xbf, 0x00, 0x4a, 0x49, 0xbf, 0x01, 0x46, 0x49, 0xbf,
  0x00, 0x40, 0x49, 0xbf, 0x00, 0x3c, 0x49, 0xbf, 0x00, 0x36, 0x49, 0xbf,
  0x00, 0x32, 0x49, 0xbf, 0x00, 0x2a, 0x49, 0xbf, 0x00, 0x26, 0x49, 0xbf,
  0x01, 0x24, 0x49, 0xbf, 0x00, 0x1c, 0x49, 0xbf, 0x01, 0x18, 0x49, 0xbf,
  0x00, 0x12, 0x49, 0xbf, 0x00, 0x0e, 0x49, 0xbf, 0x00, 0x06, 0x49, 0xbf,
  0xff, 0xff, 0x48, 0xbf, 0x00, 0xfc, 0x48, 0xbf, 0x01, 0xf6, 0x48, 0xbf,
  0x00, 0xf2, 0x48, 0xbf, 0x01, 0xea, 0x48, 0xbf, 0x00, 0xe6, 0x48, 0xbf,
  0x01, 0xe0, 0x48, 0xbf, 0xff, 0xdb, 0x48, 0xbf, 0x01, 0xd4, 0x48, 0xbf,
  0xff, 0xd1, 0x48, 0xbf, 0x00, 0xca, 0x48, 0xbf, 0x00, 0xc4, 0x48, 0xbf,
  0x00, 0xc0, 0x48, 0xbf, 0x00, 0xb8, 0x48, 0xbf, 0x00, 0xb4, 0x48, 0xbf,
  0x00, 0xae, 0x48, 0xbf, 0x00, 0xaa, 0x48, 0xbf, 0xff, 0xa3, 0x48, 0xbf,
  0x00, 0x9c, 0x48, 0xbf, 0xff, 0x97, 0x48, 0xbf, 0x00, 0x92, 0x48, 0xbf,
  0xff, 0x8d, 0x48, 0xbf, 0x00, 0x86, 0x48, 0xbf, 0x00, 0x80, 0x48, 0xbf,
  0x00, 0x7c, 0x48, 0xbf, 0x00, 0x74, 0x48, 0xbf, 0x00, 0x72, 0x48, 0xbf,
  0xff, 0x69, 0x48, 0xbf, 0x00, 0x64, 0x48, 0xbf, 0xff, 0x5f, 0x48, 0xbf,
  0x00, 0x58, 0x48, 0xbf, 0xff, 0x53, 0x48, 0xbf, 0x00, 0x4e, 0x48, 0xbf,
  0x00, 0x46, 0x48, 0xbf, 0x00, 0x42, 0x48, 0xbf, 0x00, 0x3c, 0x48, 0xbf,
  0x00, 0x38, 0x48, 0xbf, 0xff, 0x31, 0x48, 0xbf, 0x01, 0x2a, 0x48, 0xbf,
  0xff, 0x25, 0x48, 0xbf, 0x00, 0x20, 0x48, 0xbf, 0x00, 0x18, 0x48, 0xbf,
  0x00, 0x14, 0x48, 0xbf, 0x00, 0x0e, 0x48, 0xbf, 0x00, 0x0a, 0x48, 0xbf,
  0x00, 0x02, 0x48, 0xbf, 0x01, 0xfc, 0x47, 0xbf, 0x01, 0x28, 0x40, 0xbe,
  0x03, 0x18, 0x40, 0xbe, 0x00, 0x00, 0x40, 0xbe, 0x02, 0xf0, 0x3f, 0xbe,
  0xfe, 0xdf, 0x3f, 0xbe, 0x03, 0xc0, 0x3f, 0xbe, 0xfd, 0xb7, 0x3f, 0xbe,
  0x00, 0xa8, 0x3f, 0xbe, 0xfe, 0x87, 0x3f, 0xbe, 0xff, 0x7f, 0x3f, 0xbe,
  0x01, 0xfc, 0xff, 0x3e, 0x01, 0xfc, 0xff, 0x3e, 0x01, 0xfc, 0xff, 0x3e,
  0x01, 0xfc, 0xff, 0x3e, 0x01, 0xfc, 0xff, 0x3e, 0x01, 0xfc, 0xff, 0x3e,
  0x01, 0xfc, 0xff, 0x3e, 0x01, 0xfc, 0xff, 0x3e, 0x01, 0xfc, 0xff, 0x3e,
  0x01, 0xfc, 0xff, 0x3e, 0x01, 0xfc, 0xff, 0x3e, 0x01, 0xfc, 0xff, 0x3e,
  0x01, 0xfc, 0xff, 0x3e, 0x01, 0xfc, 0xff, 0x3e, 0x01, 0xfc, 0xff, 0x3e,
  0x01, 0xfc, 0xff, 0x3e, 0x01, 0xfc, 0xff, 0x3e, 0x01, 0xfc, 0xff, 0x3e,
  0x01, 0xfc, 0xff, 0x3e, 0x01, 0xfc, 0xff, 0x3e, 0x01, 0xfc, 0xff, 0x3e,
  0x01, 0xfc, 0xff, 0x3e, 0x01, 0xfc, 0xff, 0x3e, 0x01, 0xfc, 0xff, 0x3e,
  0x01, 0xfc, 0xff, 0x3e, 0x01, 0xfc, 0xff, 0x3e, 0x01, 0xfc, 0xff, 0x3e,
  0x01, 0xfc, 0xff, 0x3e, 0x01, 0xfc, 0xff, 0x3e, 0x01, 0xfc, 0xff, 0x3e,
  0x01, 0xfc, 0xff, 0x3e, 0x01, 0xfc, 0xff, 0x3e, 0x01, 0xfc, 0xff, 0x3e,
  0x01, 0xfc, 0xff, 0x3e, 0x01, 0xfc, 0xff, 0x3e, 0x01, 0xfc, 0xff, 0x3e,
  0x01, 0xfc, 0xff, 0x3e, 0x01, 0xfc, 0xff, 0x3e, 0x01, 0xfc, 0xff, 0x3e,
  0x01, 0xfc, 0xff, 0x3e, 0x01, 0xfc, 0xff, 0x3e, 0x01, 0xfc, 0xff, 0x3e,
  0x01, 0xfc, 0xff, 0x3e, 0x01, 0xfc, 0xff, 0x3e, 0x01, 0xfc, 0xff, 0x3e,
  0x01, 0xfc, 0xff, 0x3e, 0x01, 0xfc, 0xff, 0x3e, 0x01, 0xfc, 0xff, 0x3e,
  0x01, 0xfc, 0xff, 0x3e, 0x01, 0xfc, 0xff, 0x3e, 0x01, 0xfc, 0xff, 0x3e,
  0x01, 0xfc, 0xff, 0x3e, 0x01, 0xfc, 0xff, 0x3e, 0x01, 0xfc, 0xff, 0x3e,
  0x01, 0xfc, 0xff, 0x3e, 0x01, 0xfc, 0xff, 0x3e, 0x01, 0xfc, 0xff, 0x3e,
  0x01, 0xfc, 0xff, 0x3e, 0x01, 0xfc, 0xff, 0x3e, 0x01, 0xfc, 0xff, 0x3e,
  0x01, 0xfc, 0xff, 0x3e, 0x01, 0xfc, 0xff, 0x3e, 0x01, 0xfc, 0xff, 0x3e,
  0x01, 0xfc, 0xff, 0x3e, 0x01, 0xfc, 0xff, 0x3e, 0x01, 0xfc, 0xff, 0x3e,
  0x01, 0xfc, 0xff, 0x3e, 0x01, 0xfc, 0xff, 0x3e, 0x01, 0xfc, 0xff, 0x3e,
  0x01, 0xfc, 0xff, 0x3e, 0x01, 0xfc, 0xff, 0x3e, 0x01, 0xfc, 0xff, 0x3e,
  0x01, 0xfc, 0xff, 0x3e, 0x01, 0xfc, 0xff, 0x3e, 0x01, 0xfc, 0xff, 0x3e,
  0x01, 0xfc, 0xff, 0x3e, 0x01, 0xfc, 0xff, 0x3e, 0x01, 0xfc, 0xff, 0x3e,
  0x01, 0xfc, 0xff, 0x3e, 0x01, 0xfc, 0xff, 0x3e, 0x01, 0xfc, 0xff, 0x3e,
  0x01, 0xfc, 0xff, 0x3e, 0x01, 0xfc, 0xff, 0x3e, 0x01, 0xfc, 0xff, 0x3e,
  0x01, 0xfc, 0xff, 0x3e, 0x01, 0xfc, 0xff, 0x3e, 0x01, 0xfc, 0xff, 0x3e,
  0x01, 0xfc, 0xff, 0x3e, 0x01, 0xfc, 0xff, 0x3e, 0x01, 0xfc, 0xff, 0x3e,
  0x01, 0xfc, 0xff, 0x3e, 0x01, 0xfc, 0xff, 0x3e, 0x01, 0xfc, 0xff, 0x3e,
  0x01, 0xfc, 0xff, 0x3e, 0x01, 0xfc, 0xff, 0x3e, 0x01, 0xfc, 0xff, 0x3e,
  0x01, 0xfc, 0xff, 0x3e, 0x01, 0xfc, 0xff, 0x3e, 0x01, 0xfc, 0xff, 0x3e,
  0x01, 0xfc, 0xff, 0x3e, 0x01, 0xfc, 0xff, 0x3e, 0x01, 0xfc, 0xff, 0x3e,
  0x01, 0xfc, 0xff, 0x3e, 0x01, 0xfc, 0xff, 0x3e, 0x01, 0xfc, 0xff, 0x3e,
  0x01, 0xfc, 0xff, 0x3e, 0x01, 0xfc, 0xff, 0x3e, 0x01, 0xfc, 0xff, 0x3e,
  0x01, 0xfc, 0xff, 0x3e, 0x01, 0xfc, 0xff, 0x3e, 0x01, 0xfc, 0xff, 0x3e,
  0x01, 0xfc, 0xff, 0x3e, 0x01, 0xfc, 0xff, 0x3e, 0x01, 0xfc, 0xff, 0x3e,
  0x01, 0xfc, 0xff, 0x3e, 0x01, 0xfc, 0xff, 0x3e, 0x01, 0xfc, 0xff, 0x3e,
  0x01, 0xfc, 0xff, 0x3e, 0x01, 0xfc, 0xff, 0x3e, 0x01, 0xfc, 0xff, 0x3e,
  0x01, 0xfc, 0xff, 0x3e, 0x01, 0xfc, 0xff, 0x3e, 0x01, 0xfc, 0xff, 0x3e,
  0x01, 0xfc, 0xff, 0x3e, 0x01, 0xfc, 0xff, 0x3e, 0x01, 0xfc, 0xff, 0x3e,
  0x01, 0xfc, 0xff, 0x3e, 0x01, 0xfc, 0xff, 0x3e, 0x01, 0xfc, 0xff, 0x3e,
  0x01, 0xfc, 0xff, 0x3e, 0x01, 0xfc, 0xff, 0x3e, 0x01, 0xfc, 0xff, 0x3e,
  0x01, 0xfc, 0xff, 0x3e, 0x01, 0xfc, 0xff, 0x3e, 0x01, 0xfc, 0xff, 0x3e,
  0x01, 0xfc, 0xff, 0x3e, 0x00, 0xfe, 0x7f, 0xbf, 0x00, 0xfe, 0x7f, 0xbf,
  0x00, 0xfe, 0x7f, 0xbf, 0x00, 0xfe, 0x7f, 0xbf, 0x00, 0xfe, 0x7f, 0xbf,
  0x00, 0xfe, 0x7f, 0xbf, 0x00, 0xfe, 0x7f, 0xbf, 0x00, 0xfe, 0x7f, 0xbf,
  0x00, 0xfe, 0x7f, 0xbf, 0x00, 0xfe, 0x7f, 0xbf, 0x00, 0xfe, 0x7f, 0xbf,
  0x00, 0xfe, 0x7f, 0xbf, 0x00, 0xfe, 0x7f, 0xbf, 0x00, 0xfe, 0x7f, 0xbf,
  0x00, 0xfe, 0x7f, 0xbf, 0x00, 0xfe, 0x7f, 0xbf, 0x00, 0xfe, 0x7f, 0xbf,
  0x00, 0xfe, 0x7f, 0xbf, 0x00, 0xfe, 0x7f, 0xbf, 0x00, 0xfe, 0x7f, 0xbf,
  0x00, 0xfe, 0x7f, 0xbf, 0x00, 0xfe, 0x7f, 0xbf, 0x00, 0xfe, 0x7f, 0xbf,
  0x00, 0xfe, 0x7f, 0xbf, 0x00, 0xfe, 0x7f, 0xbf, 0x00, 0xfe, 0x7f, 0xbf,
  0x00, 0xfe, 0x7f, 0xbf, 0x00, 0xfe, 0x7f, 0xbf, 0x00, 0xfe, 0x7f, 0xbf,
  0x00, 0xfe, 0x7f, 0xbf, 0x00, 0xfe, 0x7f, 0xbf, 0x00, 0xfe, 0x7f, 0xbf,
  0x00, 0xfe, 0x7f, 0xbf, 0x00, 0xfe, 0x7f, 0xbf, 0x00, 0xfe, 0x7f, 0xbf,
  0x00, 0xfe, 0x7f, 0xbf, 0x00, 0xfe, 0x7f, 0xbf, 0x00, 0xfe, 0x7f, 0xbf,
  0x00, 0xfe, 0x7f, 0xbf, 0x00, 0xfe, 0x7f, 0xbf, 0x00, 0xfe, 0x7f, 0xbf,
  0x00, 0xfe, 0x7f, 0xbf, 0x00, 0xfe, 0x7f, 0xbf, 0x00, 0xfe, 0x7f, 0xbf,
  0x00, 0xfe, 0x7f, 0xbf, 0x00, 0xfe, 0x7f, 0xbf, 0x00, 0xfe, 0x7f, 0xbf,
  0x00, 0xfe, 0x7f, 0xbf, 0x00, 0xfe, 0x7f, 0xbf, 0x00, 0xfe, 0x7f, 0xbf,
  0x00, 0xfe, 0x7f, 0xbf, 0x00, 0xfe, 0x7f, 0xbf, 0x00, 0xfe, 0x7f, 0xbf,
  0x00, 0xfe, 0x7f, 0xbf, 0x00, 0xfe, 0x7f, 0xbf, 0x00, 0xfe, 0x7f, 0xbf,
  0x00, 0xfe, 0x7f, 0xbf, 0x00, 0xfe, 0x7f, 0xbf, 0x00, 0xfe, 0x7f, 0xbf,
  0x00, 0xfe, 0x7f, 0xbf, 0x00, 0xfe, 0x7f, 0xbf, 0x00, 0xfe, 0x7f, 0xbf,
  0x00, 0xfe, 0x7f, 0xbf, 0x00, 0xfe, 0x7f, 0xbf, 0x00, 0xfe, 0x7f, 0xbf,
  0x00, 0xfe, 0x7f, 0xbf, 0x00, 0xfe, 0x7f, 0xbf, 0x00, 0xfe, 0x7f, 0xbf,
  0x00, 0xfe, 0x7f, 0xbf, 0x00, 0xfe, 0x7f, 0xbf, 0x00, 0xfe, 0x7f, 0xbf,
  0x00, 0xfe, 0x7f, 0xbf, 0x00, 0xfe, 0x7f, 0xbf, 0x00, 0xfe, 0x7f, 0xbf,
  0x00, 0xfe, 0x7f, 0xbf, 0x00, 0xfe, 0x7f, 0xbf, 0x00, 0xfe, 0x7f, 0xbf,
  0x00, 0xfe, 0x7f, 0xbf, 0x00, 0xfe, 0x7f, 0xbf, 0x00, 0xfe, 0x7f, 0xbf,
  0x00, 0xfe, 0x7f, 0xbf, 0x00, 0xfe, 0x7f, 0xbf, 0x00, 0xfe, 0x7f, 0xbf,
  0x00, 0xfe, 0x7f, 0xbf, 0x00, 0xfe, 0x7f, 0xbf, 0x00, 0xfe, 0x7f, 0xbf,
  0x00, 0xfe, 0x7f, 0xbf, 0x00, 0xfe, 0x7f, 0xbf, 0x00, 0xfe, 0x7f, 0xbf,
  0x00, 0xfe, 0x7f, 0xbf, 0x00, 0xfe, 0x7f, 0xbf, 0x00, 0xfe, 0x7f, 0xbf,
  0x00, 0xfe, 0x7f, 0xbf, 0x00, 0xfe, 0x7f, 0xbf, 0x00, 0xfe, 0x7f, 0xbf,
  0x00, 0xfe, 0x7f, 0xbf, 0x00, 0xfe, 0x7f, 0xbf, 0x00, 0xfe, 0x7f, 0xbf,
  0x00, 0xfe, 0x7f, 0xbf, 0x00, 0xfe, 0x7f, 0xbf, 0x00, 0xfe, 0x7f, 0xbf,
  0x00, 0xfe, 0x7f, 0xbf, 0x00, 0xfe, 0x7f, 0xbf, 0x00, 0xfe, 0x7f, 0xbf,
  0x00, 0xfe, 0x7f, 0xbf, 0x00, 0xfe, 0x7f, 0xbf, 0x00, 0xfe, 0x7f, 0xbf,
  0x00, 0xfe, 0x7f, 0xbf, 0x00, 0xfe, 0x7f, 0xbf, 0x00, 0xfe, 0x7f, 0xbf,
  0x00, 0xfe, 0x7f, 0xbf, 0x00, 0xfe, 0x7f, 0xbf, 0x00, 0xfe, 0x7f, 0xbf,
  0x00, 0xfe, 0x7f, 0xbf, 0x00, 0xfe, 0x7f, 0xbf, 0x00, 0xfe, 0x7f, 0xbf,
  0x00, 0xfe, 0x7f, 0xbf, 0x00, 0xfe, 0x7f, 0xbf, 0x00, 0xfe, 0x7f, 0xbf,
  0x00, 0xfe, 0x7f, 0xbf, 0x00, 0xfe, 0x7f, 0xbf, 0x00, 0xfe, 0x7f, 0xbf,
  0x00, 0xfe, 0x7f, 0xbf, 0x00, 0xfe, 0x7f, 0xbf, 0x00, 0xfe, 0x7f, 0xbf,
  0x00, 0xfe, 0x7f, 0xbf, 0x00, 0xfe, 0x7f, 0xbf, 0x00, 0xfe, 0x7f, 0xbf,
  0x00, 0xfe, 0x7f, 0xbf, 0x00, 0xfe, 0x7f, 0xbf, 0x00, 0xfe, 0x7f, 0xbf,
  0x00, 0xfe, 0x7f, 0xbf, 0x00, 0xfe, 0x7f, 0xbf, 0x00, 0xfe, 0x7f, 0xbf,
  0x00, 0xfe, 0x7f, 0xbf, 0x01, 0xfc, 0xff, 0xbe, 0x01, 0xfc, 0xff, 0xbe,
  0x01, 0xfc, 0xff, 0xbe, 0x01, 0xfc, 0xff, 0xbe, 0x01, 0xfc, 0xff, 0xbe,
  0x01, 0xfc, 0xff, 0xbe, 0x01, 0xfc, 0xff, 0xbe, 0x01, 0xfc, 0xff, 0xbe,
  0x01, 0xfc, 0xff, 0xbe, 0x01, 0xfc, 0xff, 0xbe, 0x01, 0xfc, 0xff, 0xbe,
  0x01, 0xfc, 0xff, 0xbe, 0x01, 0xfc, 0xff, 0xbe, 0x01, 0xfc, 0xff, 0xbe,
  0x01, 0xfc, 0xff, 0xbe, 0x01, 0xfc, 0xff, 0xbe, 0x01, 0xfc, 0xff, 0xbe,
  0x01, 0xfc, 0xff, 0xbe, 0x01, 0xfc, 0xff, 0xbe, 0x01, 0xfc, 0xff, 0xbe,
  0x01, 0xfc, 0xff, 0xbe, 0x01, 0xfc, 0xff, 0xbe, 0x01, 0xfc, 0xff, 0xbe,
  0x01, 0xfc, 0xff, 0xbe, 0x01, 0xfc, 0xff, 0xbe, 0x01, 0xfc, 0xff, 0xbe,
  0x01, 0xfc, 0xff, 0xbe, 0x01, 0xfc, 0xff, 0xbe, 0x01, 0xfc, 0xff, 0xbe,
  0x01, 0xfc, 0xff, 0xbe, 0x01, 0xfc, 0xff, 0xbe, 0x01, 0xfc, 0xff, 0xbe,
  0x01, 0xfc, 0xff, 0xbe, 0x01, 0xfc, 0xff, 0xbe, 0x01, 0xfc, 0xff, 0xbe,
  0x01, 0xfc, 0xff, 0xbe, 0x01, 0xfc, 0xff, 0xbe, 0x01, 0xfc, 0xff, 0xbe,
  0x01, 0xfc, 0xff, 0xbe, 0x01, 0xfc, 0xff, 0xbe, 0x01, 0xfc, 0xff, 0xbe,
  0x01, 0xfc, 0xff, 0xbe, 0x01, 0xfc, 0xff, 0xbe, 0x01, 0xfc, 0xff, 0xbe,
  0x01, 0xfc, 0xff, 0xbe, 0x01, 0xfc, 0xff, 0xbe, 0x01, 0xfc, 0xff, 0xbe,
  0x01, 0xfc, 0xff, 0xbe, 0x01, 0xfc, 0xff, 0xbe, 0x00, 0x00, 0x00, 0x00,
  0x00, 0x00, 0x00, 0x00, 0x00, 0x00, 0x00, 0x00, 0x00, 0x00, 0x00, 0x00,
  0x00, 0x00, 0x00, 0x00, 0x00, 0x00, 0x00, 0x00, 0x00, 0x00, 0x00, 0x00,
  0x00, 0x00, 0x00, 0x00, 0x00, 0x00, 0x00, 0x00, 0x00, 0x00, 0x00, 0x00,
  0x00, 0x00, 0x00, 0x00, 0x00, 0x00, 0x00, 0x00, 0x00, 0x00, 0x00, 0x00,
  0x00, 0x00, 0x00, 0x00, 0x00, 0x00, 0x00, 0x00, 0x00, 0xfe, 0x7f, 0xbf,
  0x00, 0xfe, 0x7f, 0xbf, 0x00, 0xfe, 0x7f, 0xbf, 0x00, 0xfe, 0x7f, 0xbf,
  0x00, 0xfe, 0x7f, 0xbf, 0x00, 0xfe, 0x7f, 0xbf, 0x00, 0xfe, 0x7f, 0xbf,
  0x00, 0xfe, 0x7f, 0xbf, 0x00, 0xfe, 0x7f, 0xbf, 0x00, 0xfe, 0x7f, 0xbf,
  0x00, 0xfe, 0x7f, 0xbf, 0x00, 0xfe, 0x7f, 0xbf, 0x00, 0xfe, 0x7f, 0xbf,
  0x00, 0xfe, 0x7f, 0xbf, 0x00, 0xfe, 0x7f, 0xbf, 0x00, 0xfe, 0x7f, 0xbf,
  0x00, 0xfe, 0x7f, 0xbf, 0x00, 0xfe, 0x7f, 0xbf, 0x00, 0xfe, 0x7f, 0xbf,
  0x00, 0xfe, 0x7f, 0xbf, 0x00, 0xfe, 0x7f, 0xbf, 0x00, 0xfe, 0x7f, 0xbf,
  0x00, 0xfe, 0x7f, 0xbf, 0x00, 0xfe, 0x7f, 0xbf, 0x00, 0xfe, 0x7f, 0xbf,
  0x00, 0xfe, 0x7f, 0xbf, 0x00, 0xfe, 0x7f, 0xbf, 0x00, 0xfe, 0x7f, 0xbf,
  0x00, 0xfe, 0x7f, 0xbf, 0x00, 0xfe, 0x7f, 0xbf, 0x00, 0xfe, 0x7f, 0xbf,
  0x00, 0xfe, 0x7f, 0xbf, 0x00, 0xfe, 0x7f, 0xbf, 0x00, 0xfe, 0x7f, 0xbf,
  0x00, 0xfe, 0x7f, 0xbf, 0x00, 0xfe, 0x7f, 0xbf, 0x00, 0xfe, 0x7f, 0xbf,
  0x00, 0xfe, 0x7f, 0xbf, 0x00, 0xfe, 0x7f, 0xbf, 0x00, 0xfe, 0x7f, 0xbf,
  0x00, 0xfe, 0x7f, 0xbf, 0x00, 0xfe, 0x7f, 0xbf, 0x00, 0xfe, 0x7f, 0xbf,
  0x00, 0xfe, 0x7f, 0xbf, 0x00, 0xfe, 0x7f, 0xbf, 0x00, 0xfe, 0x7f, 0xbf,
  0x00, 0xfe, 0x7f, 0xbf, 0x00, 0xfe, 0x7f, 0xbf, 0x00, 0xfe, 0x7f, 0xbf,
  0x01, 0xfc, 0xff, 0xbe, 0x01, 0xfc, 0xff, 0xbe, 0x01, 0xfc, 0xff, 0xbe,
  0x01, 0xfc, 0xff, 0xbe, 0x01, 0xfc, 0xff, 0xbe, 0x01, 0xfc, 0xff, 0xbe,
  0x01, 0xfc, 0xff, 0xbe, 0x01, 0xfc, 0xff, 0xbe, 0x01, 0xfc, 0xff, 0xbe,
  0x01, 0xfc, 0xff, 0xbe, 0x01, 0xfc, 0xff, 0xbe, 0x01, 0xfc, 0xff, 0xbe,
  0x01, 0xfc, 0xff, 0xbe, 0x01, 0xfc, 0xff, 0xbe, 0x01, 0xfc, 0xff, 0xbe,
  0x01, 0xfc, 0xff, 0xbe, 0x01, 0xfc, 0xff, 0xbe, 0x01, 0xfc, 0xff, 0xbe,
  0x01, 0xfc, 0xff, 0xbe, 0x01, 0xfc, 0xff, 0xbe, 0x01, 0xfc, 0xff, 0xbe,
  0x01, 0xfc, 0xff, 0xbe, 0x01, 0xfc, 0xff, 0xbe, 0x01, 0xfc, 0xff, 0xbe,
  0x01, 0xfc, 0xff, 0xbe, 0x01, 0xfc, 0xff, 0xbe, 0x01, 0xfc, 0xff, 0xbe,
  0x01, 0xfc, 0xff, 0xbe, 0x01, 0xfc, 0xff, 0xbe, 0x01, 0xfc, 0xff, 0xbe,
  0x01, 0xfc, 0xff, 0xbe, 0x01, 0xfc, 0xff, 0xbe, 0x01, 0xfc, 0xff, 0xbe,
  0x01, 0xfc, 0xff, 0xbe, 0x01, 0xfc, 0xff, 0xbe, 0x01, 0xfc, 0xff, 0xbe,
  0x01, 0xfc, 0xff, 0xbe, 0x01, 0xfc, 0xff, 0xbe, 0x01, 0xfc, 0xff, 0xbe,
  0x01, 0xfc, 0xff, 0xbe, 0x01, 0xfc, 0xff, 0xbe, 0x01, 0xfc, 0xff, 0xbe,
  0x01, 0xfc, 0xff, 0xbe, 0x01, 0xfc, 0xff, 0xbe, 0x01, 0xfc, 0xff, 0xbe,
  0x01, 0xfc, 0xff, 0xbe, 0x01, 0xfc, 0xff, 0xbe, 0x01, 0xfc, 0xff, 0xbe,
  0x01, 0xfc, 0xff, 0xbe, 0x01, 0xfc, 0xff, 0xbe, 0x01, 0xfc, 0xff, 0xbe,
  0x00, 0x00, 0x00, 0x00, 0x00, 0x00, 0x00, 0x00, 0x00, 0x00, 0x00, 0x00,
  0x00, 0x00, 0x00, 0x00, 0x00, 0x00, 0x00, 0x00, 0x00, 0x00, 0x00, 0x00,
  0x00, 0x00, 0x00, 0x00, 0x00, 0x00, 0x00, 0x00, 0x00, 0x00, 0x00, 0x00,
  0x00, 0x00, 0x00, 0x00, 0x00, 0x00, 0x00, 0x00, 0x00, 0x00, 0x00, 0x00,
  0x00, 0x00, 0x00, 0x00, 0x00, 0x00, 0x00, 0x00, 0x00, 0x00, 0x00, 0x00,
  0x00, 0x00, 0x00, 0x00, 0x00, 0x00, 0x00, 0x00, 0x00, 0x00, 0x00, 0x00,
  0x00, 0x00, 0x00, 0x00, 0x00, 0x00, 0x00, 0x00, 0x00, 0x00, 0x00, 0x00,
  0x00, 0x00, 0x00, 0x00, 0x00, 0x00, 0x00, 0x00, 0x00, 0x00, 0x00, 0x00,
  0x00, 0x00, 0x00, 0x00, 0x00, 0x00, 0x00, 0x00, 0x00, 0x00, 0x00, 0x00,
  0x00, 0x00, 0x00, 0x00, 0x00, 0x00, 0x00, 0x00, 0x00, 0x00, 0x00, 0x00,
  0x00, 0x00, 0x00, 0x00, 0x00, 0x00, 0x00, 0x00, 0x00, 0x00, 0x00, 0x00,
  0x00, 0x00, 0x00, 0x00, 0x00, 0x00, 0x00, 0x00, 0x00, 0x00, 0x00, 0x00,
  0x00, 0x00, 0x00, 0x00, 0x00, 0x00, 0x00, 0x00, 0x00, 0x00, 0x00, 0x00,
  0x00, 0x00, 0x00, 0x00, 0x00, 0x00, 0x00, 0x00, 0x00, 0x00, 0x00, 0x00,
  0x00, 0x00, 0x00, 0x00, 0x00, 0x00, 0x00, 0x00, 0x00, 0x00, 0x00, 0x00,
  0x00, 0x00, 0x00, 0x00, 0x00, 0x00, 0x00, 0x00, 0x00, 0x00, 0x00, 0x00,
  0x00, 0x00, 0x00, 0x00, 0x00, 0x00, 0x00, 0x00, 0x00, 0x00, 0x00, 0x00,
  0x01, 0xfc, 0xff, 0x3e, 0x01, 0xfc, 0xff, 0x3e, 0x01, 0xfc, 0xff, 0x3e,
  0x01, 0xfc, 0xff, 0x3e, 0x01, 0xfc, 0xff, 0x3e, 0x01, 0xfc, 0xff, 0x3e,
  0x01, 0xfc, 0xff, 0x3e, 0x01, 0xfc, 0xff, 0x3e, 0x01, 0xfc, 0xff, 0x3e,
  0x01, 0xfc, 0xff, 0x3e, 0x01, 0xfc, 0xff, 0x3e, 0x01, 0xfc, 0xff, 0x3e,
  0x01, 0xfc, 0xff, 0x3e, 0x01, 0xfc, 0xff, 0x3e, 0x01, 0xfc, 0xff, 0x3e,
  0x01, 0xfc, 0xff, 0x3e, 0x01, 0xfc, 0xff, 0x3e, 0x01, 0xfc, 0xff, 0x3e,
  0x01, 0xfc, 0xff, 0x3e, 0x01, 0xfc, 0xff, 0x3e, 0x01, 0xfc, 0xff, 0x3e,
  0x01, 0xfc, 0xff, 0x3e, 0x01, 0xfc, 0xff, 0x3e, 0x01, 0xfc, 0xff, 0x3e,
  0x01, 0xfc, 0xff, 0x3e, 0x01, 0xfc, 0xff, 0x3e, 0x01, 0xfc, 0xff, 0x3e,
  0x01, 0xfc, 0xff, 0x3e, 0x01, 0xfc, 0xff, 0x3e, 0x01, 0xfc, 0xff, 0x3e,
  0x01, 0xfc, 0xff, 0x3e, 0x01, 0xfc, 0xff, 0x3e, 0x01, 0xfc, 0xff, 0x3e,
  0x01, 0xfc, 0xff, 0x3e, 0x01, 0xfc, 0xff, 0x3e, 0x01, 0xfc, 0xff, 0x3e,
  0x01, 0xfc, 0xff, 0x3e, 0x01, 0xfc, 0xff, 0x3e, 0x01, 0xfc, 0xff, 0x3e,
  0x01, 0xfc, 0xff, 0x3e, 0x01, 0xfc, 0xff, 0x3e, 0x01, 0xfc, 0xff, 0x3e,
  0x01, 0xfc, 0xff, 0x3e, 0x01, 0xfc, 0xff, 0x3e, 0x01, 0xfc, 0xff, 0x3e,
  0x01, 0xfc, 0xff, 0x3e, 0x01, 0xfc, 0xff, 0x3e, 0x01, 0xfc, 0xff, 0x3e,
  0x01, 0xfc, 0xff, 0x3e, 0x01, 0xfc, 0xff, 0xbe, 0x01, 0xfc, 0xff, 0xbe,
  0x01, 0xfc, 0xff, 0xbe, 0x01, 0xfc, 0xff, 0xbe, 0x01, 0xfc, 0xff, 0xbe,
  0x01, 0xfc, 0xff, 0xbe, 0x01, 0xfc, 0xff, 0xbe, 0x01, 0xfc, 0xff, 0xbe,
  0x01, 0xfc, 0xff, 0xbe, 0x01, 0xfc, 0xff, 0xbe, 0x01, 0xfc, 0xff, 0xbe,
  0x01, 0xfc, 0xff, 0xbe, 0x01, 0xfc, 0xff, 0xbe, 0x01, 0xfc, 0xff, 0xbe,
  0x01, 0xfc, 0xff, 0xbe, 0x00, 0x00, 0x00, 0x00, 0x00, 0x00, 0x00, 0x00,
  0x00, 0x00, 0x00, 0x00, 0x00, 0x00, 0x00, 0x00, 0x00, 0x00, 0x00, 0x00,
  0x00, 0x00, 0x00, 0x00, 0x00, 0x00, 0x00, 0x00, 0x00, 0x00, 0x00, 0x00,
  0x00, 0x00, 0x00, 0x00, 0x00, 0x00, 0x00, 0x00, 0x00, 0x00, 0x00, 0x00,
  0x00, 0x00, 0x00, 0x00, 0x00, 0x00, 0x00, 0x00, 0x00, 0x00, 0x00, 0x00,
  0x00, 0x00, 0x00, 0x00, 0x00, 0x00, 0x00, 0x00, 0x00, 0x00, 0x00, 0x00,
  0x00, 0x00, 0x00, 0x00, 0x00, 0x00, 0x00, 0x00, 0x00, 0x00, 0x00, 0x00,
  0x00, 0x00, 0x00, 0x00, 0x00, 0x00, 0x00, 0x00, 0x00, 0x00, 0x00, 0x00,
  0x00, 0x00, 0x00, 0x00, 0x00, 0x00, 0x00, 0x00, 0x00, 0x00, 0x00, 0x00,
  0x00, 0x00, 0x00, 0x00, 0x00, 0x00, 0x00, 0x00, 0x00, 0x00, 0x00, 0x00,
  0x00, 0x00, 0x00, 0x00, 0x00, 0x00, 0x00, 0x00, 0x00, 0x00, 0x00, 0x00,
  0x00, 0x00, 0x00, 0x00, 0x00, 0x00, 0x00, 0x00, 0x00, 0x00, 0x00, 0x00,
  0x00, 0x00, 0x00, 0x00, 0x00, 0x00, 0x00, 0x00, 0x00, 0x00, 0x00, 0x00,
  0x00, 0x00, 0x00, 0x00, 0x00, 0x00, 0x00, 0x00, 0x00, 0x00, 0x00, 0x00,
  0x00, 0x00, 0x00, 0x00, 0x00, 0x00, 0x00, 0x00, 0x00, 0x00, 0x00, 0x00,
  0x00, 0x00, 0x00, 0x00, 0x00, 0x00, 0x00, 0x00, 0x00, 0x00, 0x00, 0x00,
  0x00, 0x00, 0x00, 0x00, 0x00, 0x00, 0x00, 0x00, 0x00, 0x00, 0x00, 0x00,
  0x01, 0x70, 0xbb, 0x3e, 0x01, 0x70, 0xbb, 0x3e, 0x01, 0x74, 0xbb, 0x3e,
  0x01, 0x74, 0xbb, 0x3e, 0x01, 0x74, 0xbb, 0x3e, 0xff, 0x7b, 0xbb, 0x3e,
  0xff, 0x7b, 0xbb, 0x3e, 0xff, 0x7b, 0xbb, 0x3e, 0xff, 0x7b, 0xbb, 0x3e,
  0xff, 0x7b, 0xbb, 0x3e, 0xff, 0x7b, 0xbb, 0x3e, 0xff, 0x7b, 0xbb, 0x3e,
  0xff, 0x7b, 0xbb, 0x3e, 0xff, 0x7b, 0xbb, 0x3e, 0xff, 0x7b, 0xbb, 0x3e,
  0xff, 0x7b, 0xbb, 0x3e, 0xff, 0x7b, 0xbb, 0x3e, 0xff, 0x7b, 0xbb, 0x3e,
  0xff, 0x7b, 0xbb, 0x3e, 0xff, 0x7b, 0xbb, 0x3e, 0xff, 0x7b, 0xbb, 0x3e,
  0x01, 0x74, 0xbb, 0x3e, 0x01, 0x74, 0xbb, 0x3e, 0x01, 0x74, 0xbb, 0x3e,
  0x01, 0x74, 0xbb, 0x3e, 0x01, 0x70, 0xbb, 0x3e, 0x01, 0x70, 0xbb, 0x3e,
  0x01, 0x70, 0xbb, 0x3e, 0xff, 0x67, 0xbb, 0x3e, 0xff, 0x67, 0xbb, 0x3e,
  0xff, 0x67, 0xbb, 0x3e, 0x00, 0x60, 0xbb, 0x3e, 0x00, 0x60, 0xbb, 0x3e,
  0x00, 0x60, 0xbb, 0x3e, 0x01, 0x58, 0xbb, 0x3e, 0x01, 0x58, 0xbb, 0x3e,
  0xff, 0x4f, 0xbb, 0x3e, 0xff, 0x4f, 0xbb, 0x3e, 0x00, 0x48, 0xbb, 0x3e,
  0x00, 0x48, 0xbb, 0x3e, 0x01, 0x40, 0xbb, 0x3e, 0x01, 0x40, 0xbb, 0x3e,
  0xff, 0x37, 0xbb, 0x3e, 0xff, 0x37, 0xbb, 0x3e, 0x00, 0x30, 0xbb, 0x3e,
  0x00, 0x30, 0xbb, 0x3e, 0x02, 0x28, 0xbb, 0x3e, 0x02, 0x28, 0xbb, 0x3e,
  0xff, 0x23, 0xbb, 0x3e, 0xff, 0x23, 0xbb, 0x3e, 0x00, 0x1c, 0xbb, 0x3e,
  0x01, 0x14, 0xbb, 0x3e, 0x01, 0x14, 0xbb, 0x3e, 0xff, 0x0b, 0xbb, 0x3e,
  0xff, 0x0b, 0xbb, 0x3e, 0x00, 0x04, 0xbb, 0x3e, 0x00, 0x04, 0xbb, 0x3e,
  0x01, 0xfc, 0xba, 0x3e, 0xff, 0xf3, 0xba, 0x3e, 0xff, 0xf3, 0xba, 0x3e,
  0x00, 0xec, 0xba, 0x3e, 0x02, 0xe4, 0xba, 0x3e, 0x02, 0xe4, 0xba, 0x3e,
  0xff, 0xdb, 0xba, 0x3e, 0xff, 0xdb, 0xba, 0x3e, 0x00, 0xd8, 0xba, 0x3e,
  0x01, 0xd0, 0xba, 0x3e, 0x01, 0xd0, 0xba, 0x3e, 0xff, 0xc7, 0xba, 0x3e,
  0x00, 0xc0, 0xba, 0x3e, 0x00, 0xc0, 0xba, 0x3e, 0x01, 0xb8, 0xba, 0x3e,
  0xff, 0xaf, 0xba, 0x3e, 0xff, 0xaf, 0xba, 0x3e, 0x00, 0xa8, 0xba, 0x3e,
  0x02, 0xa0, 0xba, 0x3e, 0xff, 0xb5, 0x7f, 0x3f, 0x00, 0xb2, 0x7f, 0x3f,
  0x00, 0xb0, 0x7f, 0x3f, 0x00, 0xb0, 0x7f, 0x3f, 0x01, 0xac, 0x7f, 0x3f,
  0x00, 0xa8, 0x7f, 0x3f, 0x00, 0xa4, 0x7f, 0x3f, 0x01, 0xa0, 0x7f, 0x3f,
  0x00, 0x9c, 0x7f, 0x3f, 0x00, 0x98, 0x7f, 0x3f, 0x00, 0x90, 0x7f, 0x3f,
  0x00, 0x8c, 0x7f, 0x3f, 0x01, 0x8a, 0x7f, 0x3f, 0x00, 0x86, 0x7f, 0x3f,
  0x00, 0x82, 0x7f, 0x3f, 0x00, 0x7a, 0x7f, 0x3f, 0x00, 0x20, 0xba, 0x3e,
  0x01, 0x18, 0xba, 0x3e, 0x00, 0x08, 0xba, 0x3e, 0xfe, 0xff, 0xb9, 0x3e,
  0x00, 0xf8, 0xb9, 0x3e, 0x01, 0xf0, 0xb9, 0x3e, 0x01, 0xec, 0xb9, 0x3e,
  0x00, 0xdc, 0xb9, 0x3e, 0x01, 0xd4, 0xb9, 0x3e, 0xff, 0xcb, 0xb9, 0x3e,
  0x00, 0xc4, 0xb9, 0x3e, 0xff, 0x0b, 0x8b, 0xbe, 0x01, 0x14, 0x8b, 0xbe,
  0x00, 0x1c, 0x8b, 0xbe, 0xff, 0x23, 0x8b, 0xbe, 0x01, 0x2c, 0x8b, 0xbe,
  0x01, 0x2c, 0x8b, 0xbe, 0x00, 0x34, 0x8b, 0xbe, 0xff, 0x37, 0x8b, 0xbe,
  0xff, 0x37, 0x8b, 0xbe, 0x01, 0x40, 0x8b, 0xbe, 0x01, 0x40, 0x8b, 0xbe,
  0xff, 0x87, 0xb9, 0x3e, 0x00, 0x80, 0xb9, 0x3e, 0x00, 0x80, 0xb9, 0x3e,
  0x02, 0x78, 0xb9, 0x3e, 0xff, 0x6f, 0xb9, 0x3e, 0xff, 0x6f, 0xb9, 0x3e,
  0x01, 0x68, 0xb9, 0x3e, 0x01, 0x68, 0xb9, 0x3e, 0xfe, 0x5f, 0xb9, 0x3e,
  0xfe, 0x5f, 0xb9, 0x3e, 0x00, 0x58, 0xb9, 0x3e, 0x00, 0x78, 0x8b, 0xbe,
  0x00, 0x78, 0x8b, 0xbe, 0xff, 0x7f, 0x8b, 0xbe, 0xff, 0x7f, 0x8b, 0xbe,
  0xff, 0x7f, 0x8b, 0xbe, 0x02, 0x84, 0x8b, 0xbe, 0x02, 0x84, 0x8b, 0xbe,
  0x02, 0x84, 0x8b, 0xbe, 0x00, 0x8c, 0x8b, 0xbe, 0x00, 0x8c, 0x8b, 0xbe,
  0x00, 0x8c, 0x8b, 0xbe, 0x00, 0x8c, 0x8b, 0xbe, 0x00, 0x8c, 0x8b, 0xbe,
  0x00, 0x8c, 0x8b, 0xbe, 0x00, 0x8c, 0x8b, 0xbe, 0x00, 0x8c, 0x8b, 0xbe,
  0x00, 0x8c, 0x8b, 0xbe, 0x00, 0x8c, 0x8b, 0xbe, 0x00, 0x8c, 0x8b, 0xbe,
  0x00, 0x8c, 0x8b, 0xbe, 0x00, 0x8c, 0x8b, 0xbe, 0x00, 0x8c, 0x8b, 0xbe,
  0x00, 0x8c, 0x8b, 0xbe, 0x00, 0x8c, 0x8b, 0xbe, 0x00, 0x8c, 0x8b, 0xbe,
  0x00, 0x8c, 0x8b, 0xbe, 0x00, 0x8c, 0x8b, 0xbe, 0x02, 0x84, 0x8b, 0xbe,
  0x02, 0x84, 0x8b, 0xbe, 0x02, 0x84, 0x8b, 0xbe, 0x02, 0x84, 0x8b, 0xbe,
  0xff, 0x7f, 0x8b, 0xbe, 0xff, 0x7f, 0x8b, 0xbe, 0xff, 0x7f, 0x8b, 0xbe,
  0xff, 0x7f, 0x8b, 0xbe, 0x00, 0x78, 0x8b, 0xbe, 0x00, 0x78, 0x8b, 0xbe,
  0x00, 0x78, 0x8b, 0xbe, 0x00, 0x78, 0x8b, 0xbe, 0x01, 0x70, 0x8b, 0xbe,
  0x01, 0x70, 0x8b, 0xbe, 0x01, 0x70, 0x8b, 0xbe, 0xff, 0x67, 0x8b, 0xbe,
  0xff, 0x67, 0x8b, 0xbe, 0x00, 0x60, 0x8b, 0xbe, 0x00, 0x60, 0x8b, 0xbe,
  0x00, 0x60, 0x8b, 0xbe, 0x01, 0x58, 0x8b, 0xbe, 0x01, 0x58, 0x8b, 0xbe,
  0x01, 0x58, 0x8b, 0xbe, 0xff, 0x4f, 0x8b, 0xbe, 0xff, 0x4f, 0x8b, 0xbe,
  0x00, 0x48, 0x8b, 0xbe, 0x00, 0x48, 0x8b, 0xbe, 0x00, 0x48, 0x8b, 0xbe,
  0x01, 0x40, 0x8b, 0xbe, 0x01, 0x40, 0x8b, 0xbe, 0xff, 0x37, 0x8b, 0xbe,
  0xff, 0x37, 0x8b, 0xbe, 0x00, 0x34, 0x8b, 0xbe, 0x00, 0x34, 0x8b, 0xbe,
  0x00, 0x34, 0x8b, 0xbe, 0x01, 0x2c, 0x8b, 0xbe, 0x01, 0x2c, 0x8b, 0xbe,
  0xff, 0x23, 0x8b, 0xbe, 0xff, 0x23, 0x8b, 0xbe, 0x00, 0x1c, 0x8b, 0xbe,
  0x00, 0x1c, 0x8b, 0xbe, 0x01, 0x14, 0x8b, 0xbe, 0x01, 0x14, 0x8b, 0xbe,
  0xff, 0x0b, 0x8b, 0xbe, 0xff, 0x0b, 0x8b, 0xbe, 0x00, 0x04, 0x8b, 0xbe,
  0x00, 0x04, 0x8b, 0xbe, 0x01, 0xfc, 0x8a, 0xbe, 0x01, 0xfc, 0x8a, 0xbe,
  0xff, 0xf3, 0x8a, 0xbe, 0xff, 0xf3, 0x8a, 0xbe, 0x00, 0xec, 0x8a, 0xbe,
  0x00, 0xec, 0x8a, 0xbe, 0x01, 0xe8, 0x8a, 0xbe, 0x01, 0xe8, 0x8a, 0xbe,
  0x01, 0xe8, 0x8a, 0xbe, 0xff, 0xdf, 0x8a, 0xbe, 0xff, 0xdf, 0x8a, 0xbe,
  0x00, 0xd8, 0x8a, 0xbe, 0x00, 0xd8, 0x8a, 0xbe, 0x01, 0xd0, 0x8a, 0xbe,
  0xff, 0xc7, 0x8a, 0xbe, 0xff, 0xc7, 0x8a, 0xbe, 0x00, 0xc0, 0x8a, 0xbe,
  0x00, 0xc0, 0x8a, 0xbe, 0x01, 0xb8, 0x8a, 0xbe, 0x01, 0xb8, 0x8a, 0xbe,
  0xff, 0xaf, 0x8a, 0xbe, 0xff, 0xaf, 0x8a, 0xbe, 0x00, 0xa8, 0x8a, 0xbe,
  0x00, 0xa8, 0x8a, 0xbe, 0x02, 0xa0, 0x8a, 0xbe, 0x02, 0xa0, 0x8a, 0xbe,
  0xff, 0x97, 0x8a, 0xbe, 0xff, 0x97, 0x8a, 0xbe, 0x00, 0x94, 0x8a, 0xbe,
  0x00, 0x94, 0x8a, 0xbe, 0x01, 0x8c, 0x8a, 0xbe, 0x01, 0x8c, 0x8a, 0xbe,
  0xff, 0x83, 0x8a, 0xbe, 0xff, 0x83, 0x8a, 0xbe, 0x00, 0x7c, 0x8a, 0xbe,
  0x00, 0x7c, 0x8a, 0xbe, 0x01, 0x74, 0x8a, 0xbe, 0x01, 0x74, 0x8a, 0xbe,
  0xff, 0x6b, 0x8a, 0xbe, 0xff, 0x6b, 0x8a, 0xbe, 0x00, 0x64, 0x8a, 0xbe,
  0x00, 0x64, 0x8a, 0xbe, 0x02, 0x5c, 0x8a, 0xbe, 0x02, 0x5c, 0x8a, 0xbe,
  0xff, 0x53, 0x8a, 0xbe, 0x01, 0x4c, 0x8a, 0xbe, 0x01, 0x4c, 0x8a, 0xbe,
  0x01, 0x48, 0x8a, 0xbe, 0x01, 0x48, 0x8a, 0xbe, 0xff, 0x3f, 0x8a, 0xbe,
  0xff, 0x3f, 0x8a, 0xbe, 0x00, 0x38, 0x8a, 0xbe, 0x00, 0x38, 0x8a, 0xbe,
  0x01, 0x30, 0x8a, 0xbe, 0x01, 0x30, 0x8a, 0xbe, 0xff, 0x27, 0x8a, 0xbe,
  0xff, 0x27, 0x8a, 0xbe, 0x00, 0x20, 0x8a, 0xbe, 0x00, 0x20, 0x8a, 0xbe,
  0x01, 0x18, 0x8a, 0xbe, 0x01, 0x18, 0x8a, 0xbe, 0xff, 0x0f, 0x8a, 0xbe,
  0xff, 0x0f, 0x8a, 0xbe, 0x00, 0x08, 0x8a, 0xbe, 0xfe, 0xff, 0x89, 0xbe,
  0xfe, 0xff, 0x89, 0xbe, 0xff, 0xfb, 0x89, 0xbe, 0xff, 0xfb, 0x89, 0xbe,
  0x00, 0xf4, 0x89, 0xbe, 0x00, 0xf4, 0x89, 0xbe, 0x01, 0xec, 0x89, 0xbe,
  0x01, 0xec, 0x89, 0xbe, 0xff, 0xe3, 0x89, 0xbe, 0xff, 0xe3, 0x89, 0xbe,
  0x00, 0xdc, 0x89, 0xbe, 0x00, 0xdc, 0x89, 0xbe, 0x01, 0xd4, 0x89, 0xbe,
  0x01, 0xd4, 0x89, 0xbe, 0xff, 0xcb, 0x89, 0xbe, 0xff, 0xcb, 0x89, 0xbe,
  0x00, 0xc4, 0x89, 0xbe, 0x02, 0xbc, 0x89, 0xbe, 0x02, 0xbc, 0x89, 0xbe,
  0xff, 0xb3, 0x89, 0xbe, 0xff, 0xb3, 0x89, 0xbe, 0x01, 0xac, 0x89, 0xbe,
  0x01, 0xac, 0x89, 0xbe, 0x01, 0xa8, 0x89, 0xbe, 0x01, 0xa8, 0x89, 0xbe,
  0xff, 0x9f, 0x89, 0xbe, 0xff, 0x9f, 0x89, 0xbe, 0x00, 0x98, 0x89, 0xbe,
  0x00, 0x98, 0x89, 0xbe, 0x01, 0x90, 0x89, 0xbe, 0x01, 0x90, 0x89, 0xbe,
  0x01, 0x40, 0xbb, 0x3e, 0x00, 0x48, 0xbb, 0x3e, 0x00, 0x48, 0xbb, 0x3e,
  0x00, 0x48, 0xbb, 0x3e, 0xff, 0x4f, 0xbb, 0x3e, 0xff, 0x4f, 0xbb, 0x3e,
  0xff, 0x4f, 0xbb, 0x3e, 0xff, 0x4f, 0xbb, 0x3e, 0xff, 0x4f, 0xbb, 0x3e,
  0x01, 0x58, 0xbb, 0x3e, 0x01, 0x58, 0xbb, 0x3e, 0x01, 0x58, 0xbb, 0x3e,
  0x01, 0x58, 0xbb, 0x3e, 0x01, 0x58, 0xbb, 0x3e, 0x01, 0x58, 0xbb, 0x3e,
  0x01, 0x58, 0xbb, 0x3e, 0xff, 0x4f, 0xbb, 0x3e, 0xff, 0x4f, 0xbb, 0x3e,
  0xff, 0x4f, 0xbb, 0x3e, 0xff, 0x4f, 0xbb, 0x3e, 0xff, 0x4f, 0xbb, 0x3e,
  0xff, 0x4f, 0xbb, 0x3e, 0x00, 0x48, 0xbb, 0x3e, 0x00, 0x48, 0xbb, 0x3e,
  0x00, 0x48, 0xbb, 0x3e, 0x00, 0x48, 0xbb, 0x3e, 0x01, 0x40, 0xbb, 0x3e,
  0x01, 0x40, 0xbb, 0x3e, 0x01, 0x40, 0xbb, 0x3e, 0xff, 0x37, 0xbb, 0x3e,
  0xff, 0x37, 0xbb, 0x3e, 0xff, 0x37, 0xbb, 0x3e, 0x00, 0x30, 0xbb, 0x3e,
  0xff, 0xe7, 0x70, 0x3f, 0x00, 0xfe, 0x7f, 0x3f, 0x01, 0xfc, 0x7f, 0x3f,
  0x00, 0xf8, 0x7f, 0x3f, 0x00, 0xf8, 0x7f, 0x3f, 0x00, 0xf4, 0x7f, 0x3f,
  0x01, 0xf0, 0x7f, 0x3f, 0x00, 0xec, 0x7f, 0x3f, 0x00, 0xe8, 0x7f, 0x3f,
  0x01, 0xe4, 0x7f, 0x3f, 0xff, 0xf3, 0xba, 0x3e, 0x00, 0xec, 0xba, 0x3e,
  0x02, 0xe4, 0xba, 0x3e, 0x02, 0xe4, 0xba, 0x3e, 0xff, 0xdb, 0xba, 0x3e,
  0x00, 0xd8, 0xba, 0x3e, 0x01, 0xd0, 0xba, 0x3e, 0xff, 0xc7, 0xba, 0x3e,
  0x00, 0xc0, 0xba, 0x3e, 0x01, 0xb8, 0xba, 0x3e, 0x01, 0xb8, 0xba, 0x3e,
  0xff, 0xaf, 0xba, 0x3e, 0x00, 0xa8, 0xba, 0x3e, 0x02, 0xa0, 0xba, 0x3e,
  0xff, 0x97, 0xba, 0x3e, 0x01, 0x90, 0xba, 0x3e, 0x01, 0x90, 0xba, 0x3e,
  0xfe, 0x87, 0xba, 0x3e, 0xff, 0x83, 0xba, 0x3e, 0x00, 0x7c, 0xba, 0x3e,
  0x01, 0x74, 0xba, 0x3e, 0x01, 0x74, 0xba, 0x3e, 0xff, 0x6b, 0xba, 0x3e,
  0x00, 0x64, 0xba, 0x3e, 0x02, 0x5c, 0xba, 0x3e, 0xff, 0x53, 0xba, 0x3e,
  0xff, 0x53, 0xba, 0x3e, 0x01, 0x4c, 0xba, 0x3e, 0xfe, 0x43, 0xba, 0x3e,
  0x00, 0x3c, 0xba, 0x3e, 0x00, 0x38, 0xba, 0x3e, 0x00, 0x38, 0xba, 0x3e,
  0x01, 0x30, 0xba, 0x3e, 0xff, 0x27, 0xba, 0x3e, 0x00, 0x20, 0xba, 0x3e,
  0x00, 0x20, 0xba, 0x3e, 0x01, 0x18, 0xba, 0x3e, 0xff, 0x0f, 0xba, 0x3e,
  0x00, 0x08, 0xba, 0x3e, 0x00, 0x08, 0xba, 0x3e, 0xfe, 0xff, 0xb9, 0x3e,
  0x00, 0xf8, 0xb9, 0x3e, 0x01, 0xf0, 0xb9, 0x3e, 0x01, 0xf0, 0xb9, 0x3e,
  0x01, 0xec, 0xb9, 0x3e, 0xff, 0xe3, 0xb9, 0x3e, 0x00, 0xdc, 0xb9, 0x3e,
  0x00, 0xdc, 0xb9, 0x3e, 0x01, 0xd4, 0xb9, 0x3e, 0xff, 0xcb, 0xb9, 0x3e,
  0x00, 0xc4, 0xb9, 0x3e, 0x00, 0xc4, 0xb9, 0x3e, 0x02, 0xbc, 0xb9, 0x3e,
  0xff, 0xb3, 0xb9, 0x3e, 0x01, 0xac, 0xb9, 0x3e, 0x01, 0xac, 0xb9, 0x3e,
  0xfe, 0xa3, 0xb9, 0x3e, 0x00, 0x9c, 0xb9, 0x3e, 0x00, 0x9c, 0xb9, 0x3e,
  0x00, 0x98, 0xb9, 0x3e, 0x01, 0x90, 0xb9, 0x3e, 0xff, 0x87, 0xb9, 0x3e,
  0xff, 0x87, 0xb9, 0x3e, 0x00, 0x80, 0xb9, 0x3e, 0x02, 0x78, 0xb9, 0x3e,
  0xff, 0x6f, 0xb9, 0x3e, 0xff, 0x6f, 0xb9, 0x3e, 0x01, 0x68, 0xb9, 0x3e,
  0xfe, 0x5f, 0xb9, 0x3e, 0x00, 0x58, 0xb9, 0x3e, 0x00, 0x58, 0xb9, 0x3e,
  0x01, 0x50, 0xb9, 0x3e, 0x01, 0x4c, 0xb9, 0x3e, 0x02, 0x84, 0x8b, 0xbe,
  0x02, 0x84, 0x8b, 0xbe, 0x00, 0x8c, 0x8b, 0xbe, 0x00, 0x8c, 0x8b, 0xbe,
  0xff, 0x93, 0x8b, 0xbe, 0xff, 0x93, 0x8b, 0xbe, 0x01, 0x9c, 0x8b, 0xbe,
  0x01, 0x9c, 0x8b, 0xbe, 0x01, 0x9c, 0x8b, 0xbe, 0x00, 0xa4, 0x8b, 0xbe,
  0x00, 0xa4, 0x8b, 0xbe, 0x00, 0xa4, 0x8b, 0xbe, 0x00, 0xa4, 0x8b, 0xbe,
  0xff, 0xab, 0x8b, 0xbe, 0xff, 0xab, 0x8b, 0xbe, 0xff, 0xab, 0x8b, 0xbe,
  0xff, 0xab, 0x8b, 0xbe, 0xff, 0xab, 0x8b, 0xbe, 0xff, 0xab, 0x8b, 0xbe,
  0xff, 0xab, 0x8b, 0xbe, 0xff, 0xab, 0x8b, 0xbe, 0xff, 0xab, 0x8b, 0xbe,
  0xff, 0xab, 0x8b, 0xbe, 0xff, 0xab, 0x8b, 0xbe, 0xff, 0xab, 0x8b, 0xbe,
  0xff, 0xab, 0x8b, 0xbe, 0xff, 0xab, 0x8b, 0xbe, 0xff, 0xab, 0x8b, 0xbe,
  0x00, 0xa4, 0x8b, 0xbe, 0x00, 0xa4, 0x8b, 0xbe, 0x00, 0xa4, 0x8b, 0xbe,
  0x00, 0xa4, 0x8b, 0xbe, 0x00, 0xa4, 0x8b, 0xbe, 0x01, 0x9c, 0x8b, 0xbe,
  0x01, 0x9c, 0x8b, 0xbe, 0x01, 0x9c, 0x8b, 0xbe, 0x01, 0x9c, 0x8b, 0xbe,
  0xff, 0x93, 0x8b, 0xbe, 0xff, 0x93, 0x8b, 0xbe, 0xff, 0x93, 0x8b, 0xbe,
  0xff, 0x93, 0x8b, 0xbe, 0x00, 0x8c, 0x8b, 0xbe, 0x00, 0x8c, 0x8b, 0xbe,
  0x00, 0x8c, 0x8b, 0xbe, 0x02, 0x84, 0x8b, 0xbe, 0x02, 0x84, 0x8b, 0xbe,
  0x02, 0x84, 0x8b, 0xbe, 0xff, 0x7f, 0x8b, 0xbe, 0xff, 0x7f, 0x8b, 0xbe,
  0xff, 0x7f, 0x8b, 0xbe, 0x00, 0x78, 0x8b, 0xbe, 0x00, 0x78, 0x8b, 0xbe,
  0x01, 0x70, 0x8b, 0xbe, 0x01, 0x70, 0x8b, 0xbe, 0x01, 0x70, 0x8b, 0xbe,
  0xff, 0x67, 0x8b, 0xbe, 0xff, 0x67, 0x8b, 0xbe, 0x00, 0x60, 0x8b, 0xbe,
  0x00, 0x60, 0x8b, 0xbe, 0x01, 0x58, 0x8b, 0xbe, 0x01, 0x58, 0x8b, 0xbe,
  0x01, 0x58, 0x8b, 0xbe, 0xff, 0x4f, 0x8b, 0xbe, 0xff, 0x4f, 0x8b, 0xbe,
  0x00, 0x48, 0x8b, 0xbe, 0x00, 0x48, 0x8b, 0xbe, 0x01, 0x40, 0x8b, 0xbe,
  0x01, 0x40, 0x8b, 0xbe, 0xff, 0x37, 0x8b, 0xbe, 0xff, 0x37, 0x8b, 0xbe,
  0xff, 0x37, 0x8b, 0xbe, 0x00, 0x34, 0x8b, 0xbe, 0x00, 0x34, 0x8b, 0xbe,
  0x01, 0x2c, 0x8b, 0xbe, 0x01, 0x2c, 0x8b, 0xbe, 0xff, 0x23, 0x8b, 0xbe,
  0xff, 0x23, 0x8b, 0xbe, 0x00, 0x1c, 0x8b, 0xbe, 0x00, 0x1c, 0x8b, 0xbe,
  0x01, 0x14, 0x8b, 0xbe, 0x01, 0x14, 0x8b, 0xbe, 0xff, 0x0b, 0x8b, 0xbe,
  0xff, 0x0b, 0x8b, 0xbe, 0x00, 0x04, 0x8b, 0xbe, 0x00, 0x04, 0x8b, 0xbe,
  0x01, 0xfc, 0x8a, 0xbe, 0x01, 0xfc, 0x8a, 0xbe, 0xff, 0xf3, 0x8a, 0xbe,
  0xff, 0xf3, 0x8a, 0xbe, 0x00, 0xec, 0x8a, 0xbe, 0x00, 0xec, 0x8a, 0xbe,
  0x01, 0xe8, 0x8a, 0xbe, 0x01, 0xe8, 0x8a, 0xbe, 0xff, 0xdf, 0x8a, 0xbe,
  0xff, 0xdf, 0x8a, 0xbe, 0x00, 0xd8, 0x8a, 0xbe, 0x00, 0xd8, 0x8a, 0xbe,
  0x01, 0xd0, 0x8a, 0xbe, 0x01, 0xd0, 0x8a, 0xbe, 0xff, 0xc7, 0x8a, 0xbe,
  0xff, 0xc7, 0x8a, 0xbe, 0x00, 0xc0, 0x8a, 0xbe, 0x00, 0xc0, 0x8a, 0xbe,
  0x01, 0xb8, 0x8a, 0xbe, 0x01, 0xb8, 0x8a, 0xbe, 0xff, 0xaf, 0x8a, 0xbe,
  0xff, 0xaf, 0x8a, 0xbe, 0x00, 0xa8, 0x8a, 0xbe, 0x00, 0xa8, 0x8a, 0xbe,
  0x02, 0xa0, 0x8a, 0xbe, 0xff, 0x97, 0x8a, 0xbe, 0xff, 0x97, 0x8a, 0xbe,
  0x00, 0x94, 0x8a, 0xbe, 0x00, 0x94, 0x8a, 0xbe, 0x01, 0x8c, 0x8a, 0xbe,
  0x01, 0x8c, 0x8a, 0xbe, 0xff, 0x83, 0x8a, 0xbe, 0xff, 0x83, 0x8a, 0xbe,
  0x00, 0x7c, 0x8a, 0xbe, 0x00, 0x7c, 0x8a, 0xbe, 0x01, 0x74, 0x8a, 0xbe,
  0x01, 0x74, 0x8a, 0xbe, 0xff, 0x6b, 0x8a, 0xbe, 0xff, 0x6b, 0x8a, 0xbe,
  0x00, 0x64, 0x8a, 0xbe, 0x00, 0x64, 0x8a, 0xbe, 0x02, 0x5c, 0x8a, 0xbe,
  0x02, 0x5c, 0x8a, 0xbe, 0xff, 0x53, 0x8a, 0xbe, 0xff, 0x53, 0x8a, 0xbe,
  0x01, 0x4c, 0x8a, 0xbe, 0x01, 0x48, 0x8a, 0xbe, 0x01, 0x48, 0x8a, 0xbe,
  0xff, 0x3f, 0x8a, 0xbe, 0xff, 0x3f, 0x8a, 0xbe, 0x00, 0x38, 0x8a, 0xbe,
  0x00, 0x38, 0x8a, 0xbe, 0x01, 0x30, 0x8a, 0xbe, 0x01, 0x30, 0x8a, 0xbe,
  0xff, 0x27, 0x8a, 0xbe, 0xff, 0x27, 0x8a, 0xbe, 0x00, 0x20, 0x8a, 0xbe,
  0x00, 0x20, 0x8a, 0xbe, 0x01, 0x18, 0x8a, 0xbe, 0x01, 0x18, 0x8a, 0xbe,
  0xff, 0x0f, 0x8a, 0xbe, 0xff, 0x0f, 0x8a, 0xbe, 0x00, 0x08, 0x8a, 0xbe,
  0x00, 0x08, 0x8a, 0xbe, 0xfe, 0xff, 0x89, 0xbe, 0xff, 0xfb, 0x89, 0xbe,
  0xff, 0xfb, 0x89, 0xbe, 0x00, 0xf4, 0x89, 0xbe, 0x00, 0xf4, 0x89, 0xbe,
  0x01, 0xec, 0x89, 0xbe, 0x01, 0xec, 0x89, 0xbe, 0xff, 0xe3, 0x89, 0xbe,
  0xff, 0xe3, 0x89, 0xbe, 0x00, 0xdc, 0x89, 0xbe, 0x00, 0xdc, 0x89, 0xbe,
  0x01, 0xd4, 0x89, 0xbe, 0x01, 0xd4, 0x89, 0xbe, 0xff, 0xcb, 0x89, 0xbe,
  0xff, 0xcb, 0x89, 0xbe, 0x00, 0xc4, 0x89, 0xbe, 0x00, 0xc4, 0x89, 0xbe,
  0x02, 0xbc, 0x89, 0xbe, 0xff, 0xb3, 0x89, 0xbe, 0xff, 0xb3, 0x89, 0xbe,
  0x01, 0xac, 0x89, 0xbe, 0x01, 0xac, 0x89, 0xbe, 0x01, 0xa8, 0x89, 0xbe,
  0x01, 0xa8, 0x89, 0xbe, 0xff, 0x9f, 0x89, 0xbe, 0xff, 0x9f, 0x89, 0xbe,
  0x00, 0x98, 0x89, 0xbe, 0x00, 0x98, 0x89, 0xbe, 0x01, 0x90, 0x89, 0xbe,
  0x01, 0x90, 0x89, 0xbe, 0xff, 0x87, 0x89, 0xbe, 0xff, 0x87, 0x89, 0xbe,
  0x00, 0x80, 0x89, 0xbe, 0x00, 0x80, 0x89, 0xbe, 0x02, 0x78, 0x89, 0xbe,
  0xff, 0x6f, 0x89, 0xbe, 0xff, 0x6f, 0x89, 0xbe, 0x01, 0x68, 0x89, 0xbe,
  0x01, 0x68, 0x89, 0xbe, 0xfe, 0x5f, 0x89, 0xbe, 0xfe, 0x5f, 0x89, 0xbe,
  0xff, 0x97, 0xaf, 0x3e, 0xff, 0x97, 0xaf, 0x3e, 0x01, 0xa0, 0xaf, 0x3e,
  0x01, 0xa0, 0xaf, 0x3e, 0x01, 0xa0, 0xaf, 0x3e, 0x00, 0xa8, 0xaf, 0x3e,
  0x00, 0xa8, 0xaf, 0x3e, 0x00, 0xa8, 0xaf, 0x3e, 0xfe, 0xaf, 0xaf, 0x3e,
  0xfe, 0xaf, 0xaf, 0x3e, 0xfe, 0xaf, 0xaf, 0x3e, 0xfe, 0xaf, 0xaf, 0x3e,
  0xfe, 0xaf, 0xaf, 0x3e, 0xfe, 0xaf, 0xaf, 0x3e, 0xfe, 0xaf, 0xaf, 0x3e,
  0xfe, 0xaf, 0xaf, 0x3e, 0xfe, 0xaf, 0xaf, 0x3e, 0xfe, 0xaf, 0xaf, 0x3e,
  0xfe, 0xaf, 0xaf, 0x3e, 0xfe, 0xaf, 0xaf, 0x3e, 0xfe, 0xaf, 0xaf, 0x3e,
  0xfe, 0xaf, 0xaf, 0x3e, 0xfe, 0xaf, 0xaf, 0x3e, 0x00, 0xa8, 0xaf, 0x3e,
  0x00, 0xa8, 0xaf, 0x3e, 0x00, 0xa8, 0xaf, 0x3e, 0x00, 0xa8, 0xaf, 0x3e,
  0x01, 0xa0, 0xaf, 0x3e, 0x01, 0xa0, 0xaf, 0x3e, 0x01, 0xa0, 0xaf, 0x3e,
  0x01, 0xa0, 0xaf, 0x3e, 0xff, 0x97, 0xaf, 0x3e, 0xff, 0x97, 0xaf, 0x3e,
  0xff, 0x97, 0xaf, 0x3e, 0x00, 0x90, 0xaf, 0x3e, 0x00, 0x90, 0xaf, 0x3e,
  0x00, 0x90, 0xaf, 0x3e, 0x01, 0x88, 0xaf, 0x3e, 0x01, 0x88, 0xaf, 0x3e,
  0xff, 0x7f, 0xaf, 0x3e, 0xff, 0x7f, 0xaf, 0x3e, 0xff, 0x7f, 0xaf, 0x3e,
  0x00, 0x78, 0xaf, 0x3e, 0x00, 0x78, 0xaf, 0x3e, 0x01, 0x70, 0xaf, 0x3e,
  0x01, 0x70, 0xaf, 0x3e, 0xff, 0x67, 0xaf, 0x3e, 0xff, 0x67, 0xaf, 0x3e,
  0x00, 0x60, 0xaf, 0x3e, 0x00, 0x60, 0xaf, 0x3e, 0x01, 0x58, 0xaf, 0x3e,
  0x01, 0x58, 0xaf, 0x3e, 0xff, 0x4f, 0xaf, 0x3e, 0xff, 0x4f, 0xaf, 0x3e,
  0x00, 0x48, 0xaf, 0x3e, 0x00, 0x48, 0xaf, 0x3e, 0x01, 0x40, 0xaf, 0x3e,
  0x01, 0x40, 0xaf, 0x3e, 0xff, 0x37, 0xaf, 0x3e, 0xff, 0x37, 0xaf, 0x3e,
  0x00, 0x30, 0xaf, 0x3e, 0x00, 0x30, 0xaf, 0x3e, 0x02, 0x28, 0xaf, 0x3e,
  0x02, 0x28, 0xaf, 0x3e, 0xff, 0x1f, 0xaf, 0x3e, 0x01, 0x18, 0xaf, 0x3e,
  0x01, 0x18, 0xaf, 0x3e, 0xfe, 0x0f, 0xaf, 0x3e, 0xfe, 0x0f, 0xaf, 0x3e,
  0x00, 0x08, 0xaf, 0x3e, 0x00, 0x08, 0xaf, 0x3e, 0x01, 0x00, 0xaf, 0x3e,
  0xff, 0xf7, 0xae, 0x3e, 0xff, 0xf7, 0xae, 0x3e, 0x00, 0xf0, 0xae, 0x3e,
  0x00, 0xf0, 0xae, 0x3e, 0x01, 0xe8, 0xae, 0x3e, 0xff, 0xdf, 0xae, 0x3e,
  0xff, 0xdf, 0xae, 0x3e, 0x00, 0xd8, 0xae, 0x3e, 0x00, 0xd8, 0xae, 0x3e,
  0x01, 0xd0, 0xae, 0x3e, 0xff, 0xc7, 0xae, 0x3e, 0xff, 0xc7, 0xae, 0x3e,
  0x00, 0xc0, 0xae, 0x3e, 0x00, 0xc0, 0xae, 0x3e, 0x01, 0xb8, 0xae, 0x3e,
  0xff, 0xb3, 0xae, 0x3e, 0xff, 0xb3, 0xae, 0x3e, 0x00, 0xac, 0xae, 0x3e,
  0x00, 0xac, 0xae, 0x3e, 0x01, 0xa4, 0xae, 0x3e, 0xff, 0x9b, 0xae, 0x3e,
  0xff, 0x9b, 0xae, 0x3e, 0x00, 0x94, 0xae, 0x3e, 0x01, 0x8c, 0xae, 0x3e,
  0x01, 0x8c, 0xae, 0x3e, 0xff, 0x83, 0xae, 0x3e, 0xff, 0x83, 0xae, 0x3e,
  0x00, 0x7c, 0xae, 0x3e, 0x01, 0x74, 0xae, 0x3e, 0x01, 0x74, 0xae, 0x3e,
  0xff, 0x6b, 0xae, 0x3e, 0x00, 0x64, 0xae, 0x3e, 0x00, 0x64, 0xae, 0x3e,
  0x02, 0x5c, 0xae, 0x3e, 0x02, 0x5c, 0xae, 0x3e, 0xff, 0x53, 0xae, 0x3e,
  0x01, 0x4c, 0xae, 0x3e, 0x01, 0x4c, 0xae, 0x3e, 0xfe, 0x43, 0xae, 0x3e,
  0x00, 0x3c, 0xae, 0x3e, 0x00, 0x3c, 0xae, 0x3e, 0x01, 0x34, 0xae, 0x3e,
  0x01, 0x34, 0xae, 0x3e, 0xff, 0x2b, 0xae, 0x3e, 0x00, 0x24, 0xae, 0x3e,
  0x00, 0x24, 0xae, 0x3e, 0x01, 0x1c, 0xae, 0x3e, 0xff, 0x13, 0xae, 0x3e,
  0xff, 0x13, 0xae, 0x3e, 0x00, 0x0c, 0xae, 0x3e, 0x01, 0x04, 0xae, 0x3e,
  0x01, 0x04, 0xae, 0x3e, 0xff, 0xfb, 0xad, 0x3e, 0xff, 0xfb, 0xad, 0x3e,
  0x00, 0xf4, 0xad, 0x3e, 0x01, 0xec, 0xad, 0x3e, 0x01, 0xec, 0xad, 0x3e,
  0xff, 0xe3, 0xad, 0x3e, 0x00, 0xdc, 0xad, 0x3e, 0x00, 0xdc, 0xad, 0x3e,
  0x01, 0xd4, 0xad, 0x3e, 0xff, 0xcb, 0xad, 0x3e, 0xff, 0xcb, 0xad, 0x3e,
  0x00, 0xc4, 0xad, 0x3e, 0x00, 0xc4, 0xad, 0x3e, 0x02, 0xbc, 0xad, 0x3e,
  0x00, 0xfe, 0x7f, 0x3f, 0x01, 0xfc, 0x7f, 0x3f, 0x00, 0xf8, 0x7f, 0x3f,
  0x00, 0xf4, 0x7f, 0x3f, 0x01, 0xf0, 0x7f, 0x3f, 0x00, 0xec, 0x7f, 0x3f,
  0x00, 0xe8, 0x7f, 0x3f, 0x00, 0xe8, 0x7f, 0x3f, 0x00, 0xe0, 0x7f, 0x3f,
  0x00, 0xdc, 0x7f, 0x3f, 0xff, 0xd7, 0x7f, 0x3f, 0x00, 0xd4, 0x7f, 0x3f,
  0x00, 0xd0, 0x7f, 0x3f, 0xff, 0xcb, 0x7f, 0x3f, 0x00, 0xc8, 0x7f, 0x3f,
  0xff, 0xbf, 0x7f, 0x3f, 0x00, 0xbc, 0x7f, 0x3f, 0x01, 0xb8, 0x7f, 0x3f,
  0xff, 0xb3, 0x7f, 0x3f, 0x01, 0xac, 0x7f, 0x3f, 0x00, 0xa8, 0x7f, 0x3f,
  0x00, 0xa4, 0x7f, 0x3f, 0x00, 0x9c, 0x7f, 0x3f, 0x00, 0x98, 0x7f, 0x3f,
  0x00, 0x90, 0x7f, 0x3f, 0xfe, 0xd7, 0xac, 0x3e, 0x01, 0xc8, 0xac, 0x3e,
  0xff, 0xbf, 0xac, 0x3e, 0x01, 0xb0, 0xac, 0x3e, 0xff, 0xa7, 0xac, 0x3e,
  0x00, 0xa0, 0xac, 0x3e, 0x01, 0x98, 0xac, 0x3e, 0x00, 0x88, 0xac, 0x3e,
  0x01, 0x80, 0xac, 0x3e, 0xff, 0x77, 0xac, 0x3e, 0x00, 0x70, 0xac, 0x3e,
  0x01, 0x68, 0xac, 0x3e, 0xff, 0x5f, 0xac, 0x3e, 0x00, 0x58, 0xac, 0x3e,
  0x02, 0x50, 0xac, 0x3e, 0xff, 0x47, 0xac, 0x3e, 0xfe, 0x37, 0xac, 0x3e,
  0x00, 0x30, 0xac, 0x3e, 0x01, 0x28, 0xac, 0x3e, 0xff, 0x1f, 0xac, 0x3e,
  0xff, 0x1f, 0xac, 0x3e, 0x00, 0x18, 0xac, 0x3e, 0x01, 0x10, 0xac, 0x3e,
  0xff, 0x07, 0xac, 0x3e, 0x00, 0x00, 0xac, 0x3e, 0x01, 0xf8, 0xab, 0x3e,
  0xff, 0xef, 0xab, 0x3e, 0x00, 0xe8, 0xab, 0x3e, 0x01, 0xe0, 0xab, 0x3e,
  0xff, 0xd7, 0xab, 0x3e, 0x00, 0xd0, 0xab, 0x3e, 0x00, 0xd0, 0xab, 0x3e,
  0x02, 0xc8, 0xab, 0x3e, 0xff, 0xbf, 0xab, 0x3e, 0x01, 0xb8, 0xab, 0x3e,
  0xfe, 0xaf, 0xab, 0x3e, 0x00, 0xa8, 0xab, 0x3e, 0x00, 0xa8, 0xab, 0x3e,
  0x01, 0xa0, 0xab, 0x3e, 0xff, 0x97, 0xab, 0x3e, 0x00, 0x90, 0xab, 0x3e,
  0x01, 0x88, 0xab, 0x3e, 0x01, 0x88, 0xab, 0x3e, 0xff, 0x7f, 0xab, 0x3e,
  0x00, 0x78, 0xab, 0x3e, 0x01, 0x70, 0xab, 0x3e, 0x01, 0x70, 0xab, 0x3e,
  0xff, 0x67, 0xab, 0x3e, 0x00, 0x60, 0xab, 0x3e, 0x01, 0x58, 0xab, 0x3e,
  0x01, 0x58, 0xab, 0x3e, 0xff, 0x4f, 0xab, 0x3e, 0x00, 0x48, 0xab, 0x3e,
  0x00, 0x48, 0xab, 0x3e, 0x01, 0x40, 0xab, 0x3e, 0xff, 0x3b, 0xab, 0x3e,
  0x00, 0x34, 0xab, 0x3e, 0x00, 0x34, 0xab, 0x3e, 0x01, 0x2c, 0xab, 0x3e,
  0xff, 0x23, 0xab, 0x3e, 0xff, 0x23, 0xab, 0x3e, 0x00, 0x1c, 0xab, 0x3e,
  0x01, 0x14, 0xab, 0x3e, 0xff, 0x0b, 0xab, 0x3e, 0xff, 0x0b, 0xab, 0x3e,
  0x00, 0x04, 0xab, 0x3e, 0x01, 0xfc, 0xaa, 0x3e, 0x01, 0xfc, 0xaa, 0x3e,
  0xff, 0xf3, 0xaa, 0x3e, 0x00, 0xec, 0xaa, 0x3e, 0x00, 0xec, 0xaa, 0x3e,
  0x02, 0xe4, 0xaa, 0x3e, 0xff, 0xdb, 0xaa, 0x3e, 0xff, 0xdb, 0xaa, 0x3e,
  0x01, 0xd4, 0xaa, 0x3e, 0xfe, 0xcb, 0xaa, 0x3e, 0xfe, 0xcb, 0xaa, 0x3e,
  0x00, 0xc4, 0xaa, 0x3e, 0x01, 0xbc, 0xaa, 0x3e, 0x01, 0xbc, 0xaa, 0x3e,
  0xff, 0xb3, 0xaa, 0x3e, 0x00, 0xac, 0xaa, 0x3e, 0x00, 0xac, 0xaa, 0x3e,
  0x01, 0xa4, 0xaa, 0x3e, 0xff, 0x9b, 0xaa, 0x3e, 0xff, 0x9b, 0xaa, 0x3e,
  0x00, 0x94, 0xaa, 0x3e, 0x01, 0x8c, 0xaa, 0x3e, 0x01, 0x8c, 0xaa, 0x3e,
  0xff, 0x83, 0xaa, 0x3e, 0x00, 0x7c, 0xaa, 0x3e, 0x00, 0x7c, 0xaa, 0x3e,
  0x01, 0x74, 0xaa, 0x3e, 0x01, 0x74, 0xaa, 0x3e, 0xff, 0x6b, 0xaa, 0x3e,
  0x00, 0x64, 0xaa, 0x3e, 0x00, 0x64, 0xaa, 0x3e, 0x02, 0x5c, 0xaa, 0x3e,
  0xff, 0x53, 0xaa, 0x3e, 0xff, 0x53, 0xaa, 0x3e, 0x01, 0x4c, 0xaa, 0x3e,
  0xfe, 0x43, 0xaa, 0x3e, 0xfe, 0x43, 0xaa, 0x3e, 0x00, 0x3c, 0xaa, 0x3e,
  0x01, 0x34, 0xaa, 0x3e, 0x01, 0x34, 0xaa, 0x3e, 0xff, 0x2b, 0xaa, 0x3e,
  0xff, 0x2b, 0xaa, 0x3e, 0x00, 0x24, 0xaa, 0x3e, 0x01, 0x1c, 0xaa, 0x3e,
  0x01, 0x1c, 0xaa, 0x3e, 0xff, 0x13, 0xaa, 0x3e, 0x00, 0x0c, 0xaa, 0x3e,
  0x00, 0x0c, 0xaa, 0x3e, 0x01, 0x04, 0xaa, 0x3e, 0xff, 0xfb, 0xa9, 0x3e,
  0xff, 0xfb, 0xa9, 0x3e, 0x00, 0xf4, 0xa9, 0x3e, 0x00, 0xf4, 0xa9, 0x3e,
  0x01, 0xec, 0xa9, 0x3e, 0xff, 0xe3, 0xa9, 0x3e, 0xff, 0xe3, 0xa9, 0x3e,
  0x00, 0xdc, 0xa9, 0x3e, 0x01, 0xd4, 0xa9, 0x3e, 0x01, 0xd4, 0xa9, 0x3e,
  0xff, 0xcb, 0xa9, 0x3e, 0x00, 0xc4, 0xa9, 0x3e, 0x00, 0xc4, 0xa9, 0x3e,
  0x02, 0xbc, 0xa9, 0x3e, 0x02, 0xbc, 0xa9, 0x3e, 0xff, 0xb3, 0xa9, 0x3e,
  0x01, 0xac, 0xa9, 0x3e, 0x01, 0xac, 0xa9, 0x3e, 0xfe, 0xa3, 0xa9, 0x3e,
  0x00, 0x9c, 0xa9, 0x3e, 0x00, 0x9c, 0xa9, 0x3e, 0xff, 0xa7, 0xa8, 0xbe,
  0x01, 0xb0, 0xa8, 0xbe, 0x01, 0xb0, 0xa8, 0xbe, 0x00, 0xb8, 0xa8, 0xbe,
  0x00, 0xb8, 0xa8, 0xbe, 0x00, 0xb8, 0xa8, 0xbe, 0xff, 0xbf, 0xa8, 0xbe,
  0xff, 0xbf, 0xa8, 0xbe, 0xff, 0xbf, 0xa8, 0xbe, 0xff, 0xbf, 0xa8, 0xbe,
  0x01, 0xc8, 0xa8, 0xbe, 0x01, 0xc8, 0xa8, 0xbe, 0x01, 0xc8, 0xa8, 0xbe,
  0x01, 0xc8, 0xa8, 0xbe, 0x01, 0xc8, 0xa8, 0xbe, 0x01, 0xc8, 0xa8, 0xbe,
  0x01, 0xc8, 0xa8, 0xbe, 0x01, 0xc8, 0xa8, 0xbe, 0x01, 0xc8, 0xa8, 0xbe,
  0x01, 0xc8, 0xa8, 0xbe, 0x01, 0xc8, 0xa8, 0xbe, 0x01, 0xc8, 0xa8, 0xbe,
  0x01, 0xc8, 0xa8, 0xbe, 0xff, 0xbf, 0xa8, 0xbe, 0xff, 0xbf, 0xa8, 0xbe,
  0xff, 0xbf, 0xa8, 0xbe, 0xff, 0xbf, 0xa8, 0xbe, 0xff, 0xbf, 0xa8, 0xbe,
  0x00, 0xb8, 0xa8, 0xbe, 0x00, 0xb8, 0xa8, 0xbe, 0x00, 0xb8, 0xa8, 0xbe,
  0x00, 0xb8, 0xa8, 0xbe, 0x01, 0xb0, 0xa8, 0xbe, 0x01, 0xb0, 0xa8, 0xbe,
  0x01, 0xb0, 0xa8, 0xbe, 0xff, 0xa7, 0xa8, 0xbe, 0xff, 0xa7, 0xa8, 0xbe,
  0xff, 0xa7, 0xa8, 0xbe, 0x00, 0xa0, 0xa8, 0xbe, 0x00, 0xa0, 0xa8, 0xbe,
  0x01, 0x98, 0xa8, 0xbe, 0x01, 0x98, 0xa8, 0xbe, 0x01, 0x98, 0xa8, 0xbe,
  0xff, 0x8f, 0xa8, 0xbe, 0xff, 0x8f, 0xa8, 0xbe, 0x00, 0x88, 0xa8, 0xbe,
  0x00, 0x88, 0xa8, 0xbe, 0x01, 0x80, 0xa8, 0xbe, 0x01, 0x80, 0xa8, 0xbe,
  0x01, 0x80, 0xa8, 0xbe, 0xff, 0x77, 0xa8, 0xbe, 0xff, 0x77, 0xa8, 0xbe,
  0x00, 0x70, 0xa8, 0xbe, 0x00, 0x70, 0xa8, 0xbe, 0x01, 0x68, 0xa8, 0xbe,
  0x01, 0x68, 0xa8, 0xbe, 0xff, 0x5f, 0xa8, 0xbe, 0xff, 0x5f, 0xa8, 0xbe,
  0x00, 0x58, 0xa8, 0xbe, 0x00, 0x58, 0xa8, 0xbe, 0x02, 0x50, 0xa8, 0xbe,
  0x02, 0x50, 0xa8, 0xbe, 0xff, 0x47, 0xa8, 0xbe, 0xff, 0x47, 0xa8, 0xbe,
  0x01, 0x40, 0xa8, 0xbe, 0x01, 0x40, 0xa8, 0xbe, 0xfe, 0x37, 0xa8, 0xbe,
  0x00, 0x30, 0xa8, 0xbe, 0x00, 0x30, 0xa8, 0xbe, 0x01, 0x28, 0xa8, 0xbe,
  0x01, 0x28, 0xa8, 0xbe, 0xff, 0x1f, 0xa8, 0xbe, 0xff, 0x1f, 0xa8, 0xbe,
  0x00, 0x18, 0xa8, 0xbe, 0x00, 0x18, 0xa8, 0xbe, 0x01, 0x10, 0xa8, 0xbe,
  0xff, 0x07, 0xa8, 0xbe, 0xff, 0x07, 0xa8, 0xbe, 0x00, 0x00, 0xa8, 0xbe,
  0x00, 0x00, 0xa8, 0xbe, 0x01, 0xf8, 0xa7, 0xbe, 0x01, 0xf8, 0xa7, 0xbe,
  0xff, 0xef, 0xa7, 0xbe, 0x00, 0xe8, 0xa7, 0xbe, 0x00, 0xe8, 0xa7, 0xbe,
  0x01, 0xe0, 0xa7, 0xbe, 0x01, 0xe0, 0xa7, 0xbe, 0xff, 0xd7, 0xa7, 0xbe,
  0x00, 0xd0, 0xa7, 0xbe, 0x00, 0xd0, 0xa7, 0xbe, 0x02, 0xc8, 0xa7, 0xbe,
  0x02, 0xc8, 0xa7, 0xbe, 0xff, 0xc3, 0xa7, 0xbe, 0xff, 0xc3, 0xa7, 0xbe,
  0x00, 0xbc, 0xa7, 0xbe, 0x01, 0xb4, 0xa7, 0xbe, 0x01, 0xb4, 0xa7, 0xbe,
  0xff, 0xab, 0xa7, 0xbe, 0xff, 0xab, 0xa7, 0xbe, 0x00, 0xa4, 0xa7, 0xbe,
  0x01, 0x9c, 0xa7, 0xbe, 0x01, 0x9c, 0xa7, 0xbe, 0xff, 0x93, 0xa7, 0xbe,
  0xff, 0x93, 0xa7, 0xbe, 0x00, 0x8c, 0xa7, 0xbe, 0x02, 0x84, 0xa7, 0xbe,
  0x02, 0x84, 0xa7, 0xbe, 0xff, 0x7b, 0xa7, 0xbe, 0xff, 0x7b, 0xa7, 0xbe,
  0x01, 0x74, 0xa7, 0xbe, 0xfe, 0x6b, 0xa7, 0xbe, 0xfe, 0x6b, 0xa7, 0xbe,
  0x00, 0x64, 0xa7, 0xbe, 0x01, 0x5c, 0xa7, 0xbe, 0x01, 0x5c, 0xa7, 0xbe,
  0xff, 0x53, 0xa7, 0xbe, 0xff, 0x53, 0xa7, 0xbe, 0x00, 0x4c, 0xa7, 0xbe,
  0x01, 0x44, 0xa7, 0xbe, 0x01, 0x44, 0xa7, 0xbe, 0xff, 0x3b, 0xa7, 0xbe,
  0xff, 0x3b, 0xa7, 0xbe, 0x00, 0x34, 0xa7, 0xbe, 0x01, 0x2c, 0xa7, 0xbe,
  0x01, 0x2c, 0xa7, 0xbe, 0xff, 0x23, 0xa7, 0xbe, 0xff, 0x23, 0xa7, 0xbe,
  0x00, 0x1c, 0xa7, 0xbe, 0x01, 0x14, 0xa7, 0xbe, 0x01, 0x14, 0xa7, 0xbe,
  0xff, 0x0b, 0xa7, 0xbe, 0xff, 0x0b, 0xa7, 0xbe, 0x00, 0x04, 0xa7, 0xbe,
  0x01, 0xfc, 0xa6, 0xbe, 0x01, 0xfc, 0xa6, 0xbe, 0xff, 0xf3, 0xa6, 0xbe,
  0x01, 0x9a, 0x7c, 0xbf, 0x00, 0x96, 0x7c, 0xbf, 0x00, 0x92, 0x7c, 0xbf,
  0xff, 0x8d, 0x7c, 0xbf, 0xff, 0x8d, 0x7c, 0xbf, 0x00, 0x8a, 0x7c, 0xbf,
  0x00, 0x88, 0x7c, 0xbf, 0x01, 0x84, 0x7c, 0xbf, 0x00, 0x80, 0x7c, 0xbf,
  0x00, 0x7c, 0x7c, 0xbf, 0x01, 0x78, 0x7c, 0xbf, 0x00, 0x74, 0x7c, 0xbf,
  0x00, 0x70, 0x7c, 0xbf, 0x00, 0x68, 0x7c, 0xbf, 0x00, 0x64, 0x7c, 0xbf,
  0xff, 0x5f, 0x7c, 0xbf, 0x00, 0x5c, 0x7c, 0xbf, 0xff, 0x53, 0x7c, 0xbf,
  0x00, 0x50, 0x7c, 0xbf, 0x01, 0x4c, 0x7c, 0xbf, 0xff, 0x47, 0x7c, 0xbf,
  0x01, 0x40, 0x7c, 0xbf, 0x00, 0x3c, 0x7c, 0xbf, 0x01, 0x34, 0x7c, 0xbf,
  0x00, 0x30, 0x7c, 0xbf, 0x00, 0x2c, 0x7c, 0xbf, 0x00, 0x24, 0x7c, 0xbf,
  0x00, 0x20, 0x7c, 0xbf, 0x00, 0x18, 0x7c, 0xbf, 0x00, 0x14, 0x7c, 0xbf,
  0x01, 0xd8, 0xa5, 0xbe, 0xff, 0xcf, 0xa5, 0xbe, 0x01, 0xc0, 0xa5, 0xbe,
  0xff, 0xb7, 0xa5, 0xbe, 0x01, 0xa8, 0xa5, 0xbe, 0xff, 0x9f, 0xa5, 0xbe,
  0x00, 0x98, 0xa5, 0xbe, 0x01, 0x90, 0xa5, 0xbe, 0x00, 0x80, 0xa5, 0xbe,
  0x02, 0x78, 0xa5, 0xbe, 0xff, 0x6f, 0xa5, 0xbe, 0x01, 0x68, 0xa5, 0xbe,
  0xfe, 0x5f, 0xa5, 0xbe, 0x00, 0x58, 0xa5, 0xbe, 0x01, 0x50, 0xa5, 0xbe,
  0x00, 0x40, 0xa5, 0xbe, 0x01, 0x38, 0xa5, 0xbe, 0xff, 0x2f, 0xa5, 0xbe,
  0x00, 0x28, 0xa5, 0xbe, 0x01, 0x20, 0xa5, 0xbe, 0xff, 0x17, 0xa5, 0xbe,
  0x00, 0x10, 0xa5, 0xbe, 0x01, 0x08, 0xa5, 0xbe, 0xff, 0xff, 0xa4, 0xbe,
  0xff, 0xff, 0xa4, 0xbe, 0x00, 0xf8, 0xa4, 0xbe, 0x02, 0xf0, 0xa4, 0xbe,
  0xff, 0xe7, 0xa4, 0xbe, 0x01, 0xe0, 0xa4, 0xbe, 0xfe, 0xd7, 0xa4, 0xbe,
  0x00, 0xd0, 0xa4, 0xbe, 0x01, 0xc8, 0xa4, 0xbe, 0x01, 0xc8, 0xa4, 0xbe,
  0xff, 0xbf, 0xa4, 0xbe, 0x00, 0xb8, 0xa4, 0xbe, 0x01, 0xb0, 0xa4, 0xbe,
  0xff, 0xa7, 0xa4, 0xbe, 0x00, 0xa0, 0xa4, 0xbe, 0x00, 0xa0, 0xa4, 0xbe,
  0x01, 0x98, 0xa4, 0xbe, 0xff, 0x8f, 0xa4, 0xbe, 0x00, 0x88, 0xa4, 0xbe,
  0x00, 0x88, 0xa4, 0xbe, 0x01, 0x80, 0xa4, 0xbe, 0xff, 0x77, 0xa4, 0xbe,
  0x00, 0x70, 0xa4, 0xbe, 0x00, 0x70, 0xa4, 0xbe, 0x01, 0x68, 0xa4, 0xbe,
  0xff, 0x5f, 0xa4, 0xbe, 0x00, 0x58, 0xa4, 0xbe, 0x00, 0x58, 0xa4, 0xbe,
  0x01, 0x54, 0xa4, 0xbe, 0xff, 0x4b, 0xa4, 0xbe, 0xff, 0x4b, 0xa4, 0xbe,
  0x00, 0x44, 0xa4, 0xbe, 0x01, 0x3c, 0xa4, 0xbe, 0x01, 0x3c, 0xa4, 0xbe,
  0xff, 0x33, 0xa4, 0xbe, 0x00, 0x2c, 0xa4, 0xbe, 0x01, 0x24, 0xa4, 0xbe,
  0x01, 0x24, 0xa4, 0xbe, 0xff, 0x1b, 0xa4, 0xbe, 0x00, 0x14, 0xa4, 0xbe,
  0x00, 0x14, 0xa4, 0xbe, 0x02, 0x0c, 0xa4, 0xbe, 0xff, 0x03, 0xa4, 0xbe,
  0xff, 0x03, 0xa4, 0xbe, 0x01, 0xfc, 0xa3, 0xbe, 0xfe, 0xf3, 0xa3, 0xbe,
  0xfe, 0xf3, 0xa3, 0xbe, 0x00, 0xec, 0xa3, 0xbe, 0x01, 0xe4, 0xa3, 0xbe,
  0x01, 0xe4, 0xa3, 0xbe, 0xff, 0xdb, 0xa3, 0xbe, 0xff, 0xdb, 0xa3, 0xbe,
  0x00, 0xd4, 0xa3, 0xbe, 0x01, 0xcc, 0xa3, 0xbe, 0x01, 0xcc, 0xa3, 0xbe,
  0xff, 0xc3, 0xa3, 0xbe, 0x00, 0xbc, 0xa3, 0xbe, 0x00, 0xbc, 0xa3, 0xbe,
  0x01, 0xb4, 0xa3, 0xbe, 0xff, 0xab, 0xa3, 0xbe, 0xff, 0xab, 0xa3, 0xbe,
  0x00, 0xa4, 0xa3, 0xbe, 0x00, 0xa4, 0xa3, 0xbe, 0x01, 0x9c, 0xa3, 0xbe,
  0xff, 0x93, 0xa3, 0xbe, 0xff, 0x93, 0xa3, 0xbe, 0x00, 0x8c, 0xa3, 0xbe,
  0x02, 0x84, 0xa3, 0xbe, 0x02, 0x84, 0xa3, 0xbe, 0xff, 0x7b, 0xa3, 0xbe,
  0x01, 0x74, 0xa3, 0xbe, 0x01, 0x74, 0xa3, 0xbe, 0xfe, 0x6b, 0xa3, 0xbe,
  0xfe, 0x6b, 0xa3, 0xbe, 0x00, 0x64, 0xa3, 0xbe, 0x01, 0x5c, 0xa3, 0xbe,
  0x01, 0x5c, 0xa3, 0xbe, 0xff, 0x53, 0xa3, 0xbe, 0xff, 0x53, 0xa3, 0xbe,
  0x00, 0x4c, 0xa3, 0xbe, 0x01, 0x44, 0xa3, 0xbe, 0x01, 0x44, 0xa3, 0xbe,
  0xff, 0x3b, 0xa3, 0xbe, 0x00, 0x34, 0xa3, 0xbe, 0x00, 0x34, 0xa3, 0xbe,
  0x01, 0x2c, 0xa3, 0xbe, 0x01, 0x2c, 0xa3, 0xbe, 0xff, 0x23, 0xa3, 0xbe,
  0x00, 0x1c, 0xa3, 0xbe, 0x00, 0x1c, 0xa3, 0xbe, 0x01, 0x14, 0xa3, 0xbe,
  0x01, 0x14, 0xa3, 0xbe, 0xff, 0x0b, 0xa3, 0xbe, 0x00, 0x04, 0xa3, 0xbe,
  0x00, 0x04, 0xa3, 0xbe, 0x01, 0xfc, 0xa2, 0xbe, 0xff, 0xf3, 0xa2, 0xbe,
  0xff, 0xf3, 0xa2, 0xbe, 0x00, 0xec, 0xa2, 0xbe, 0x00, 0xec, 0xa2, 0xbe,
  0x02, 0xe4, 0xa2, 0xbe, 0xff, 0xdb, 0xa2, 0xbe, 0xff, 0xdb, 0xa2, 0xbe,
  0x01, 0xd4, 0xa2, 0xbe, 0x01, 0xd4, 0xa2, 0xbe, 0xfe, 0xcb, 0xa2, 0xbe,
  0x00, 0xc4, 0xa2, 0xbe, 0x00, 0xc4, 0xa2, 0xbe, 0x01, 0xbc, 0xa2, 0xbe,
  0x01, 0xbc, 0xa2, 0xbe, 0xff, 0xb3, 0xa2, 0xbe, 0x00, 0xac, 0xa2, 0xbe
};
unsigned int src_BITCRUSH2_bin_len = 19200;
