unsigned char src_BITCRUSH1_bin[] = {
  0x02, 0xc0, 0x4c, 0x3e, 0x02, 0xc0, 0x4c, 0x3e, 0x02, 0xc0, 0x4c, 0x3e,
  0x02, 0xc0, 0x4c, 0x3e, 0x02, 0xc0, 0x4c, 0x3e, 0x02, 0xc0, 0x4c, 0x3e,
  0x02, 0xc0, 0x4c, 0x3e, 0x02, 0xc0, 0x4c, 0x3e, 0x02, 0xc0, 0x4c, 0x3e,
  0x02, 0xc0, 0x4c, 0x3e, 0x02, 0xc0, 0x4c, 0x3e, 0x02, 0xc0, 0x4c, 0x3e,
  0x02, 0xc0, 0x4c, 0x3e, 0x02, 0xc0, 0x4c, 0x3e, 0x02, 0xc0, 0x4c, 0x3e,
  0x02, 0xc0, 0x4c, 0x3e, 0x02, 0xc0, 0x4c, 0x3e, 0x02, 0xc0, 0x4c, 0x3e,
  0x02, 0xc0, 0x4c, 0x3e, 0x02, 0xc0, 0x4c, 0x3e, 0x02, 0xc0, 0x4c, 0x3e,
  0x02, 0xc0, 0x4c, 0x3e, 0x02, 0xc0, 0x4c, 0x3e, 0x02, 0xc0, 0x4c, 0x3e,
  0x02, 0xc0, 0x4c, 0x3e, 0x02, 0xc0, 0x4c, 0x3e, 0x00, 0xcc, 0xcc, 0x3e,
  0x00, 0xcc, 0xcc, 0x3e, 0x00, 0xcc, 0xcc, 0x3e, 0x00, 0xcc, 0xcc, 0x3e,
  0x00, 0xcc, 0xcc, 0x3e, 0x00, 0xcc, 0xcc, 0x3e, 0x00, 0xcc, 0xcc, 0x3e,
  0x00, 0xcc, 0xcc, 0x3e, 0x00, 0xcc, 0xcc, 0x3e, 0x00, 0xcc, 0xcc, 0x3e,
  0x00, 0xcc, 0xcc, 0x3e, 0x00, 0x98, 0x19, 0x3f, 0x00, 0x98, 0x19, 0x3f,
  0x00, 0x98, 0x19, 0x3f, 0x00, 0x98, 0x19, 0x3f, 0x00, 0x98, 0x19, 0x3f,
  0x00, 0x98, 0x19, 0x3f, 0x00, 0x98, 0x19, 0x3f, 0x00, 0x98, 0x19, 0x3f,
  0x00, 0x98, 0x19, 0x3f, 0x00, 0x98, 0x19, 0x3f, 0x00, 0x98, 0x19, 0x3f,
  0x00, 0x98, 0x19, 0x3f, 0x00, 0x98, 0x19, 0x3f, 0x00, 0x98, 0x19, 0x3f,
  0x00, 0x98, 0x19, 0x3f, 0x00, 0x98, 0x19, 0x3f, 0x00, 0x98, 0x19, 0x3f,
  0x00, 0xce, 0x4c, 0x3f, 0x00, 0xce, 0x4c, 0x3f, 0x00, 0xce, 0x4c, 0x3f,
  0x00, 0xce, 0x4c, 0x3f, 0x00, 0xce, 0x4c, 0x3f, 0x00, 0xce, 0x4c, 0x3f,
  0x00, 0xce, 0x4c, 0x3f, 0x00, 0xce, 0x4c, 0x3f, 0x00, 0xce, 0x4c, 0x3f,
  0x00, 0xce, 0x4c, 0x3f, 0x00, 0xce, 0x4c, 0x3f, 0x00, 0xce, 0x4c, 0x3f,
  0x00, 0xce, 0x4c, 0x3f, 0x00, 0xce, 0x4c, 0x3f, 0x00, 0xce, 0x4c, 0x3f,
  0x00, 0xce, 0x4c, 0x3f, 0x00, 0xce, 0x4c, 0x3f, 0x00, 0xce, 0x4c, 0x3f,
  0x00, 0xce, 0x4c, 0x3f, 0x00, 0xce, 0x4c, 0x3f, 0x00, 0xce, 0x4c, 0x3f,
  0x00, 0xce, 0x4c, 0x3f, 0x00, 0xce, 0x4c, 0x3f, 0x00, 0xce, 0x4c, 0x3f,
  0x00, 0xce, 0x4c, 0x3f, 0x00, 0xfe, 0x7f, 0x3f, 0x00, 0xfe, 0x7f, 0x3f,
  0x00, 0xfe, 0x7f, 0x3f, 0x00, 0xfe, 0x7f, 0x3f, 0x00, 0xfe, 0x7f, 0x3f,
  0x00, 0xfe, 0x7f, 0x3f, 0x00, 0xfe, 0x7f, 0x3f, 0x00, 0xfe, 0x7f, 0x3f,
  0x00, 0xfe, 0x7f, 0x3f, 0x00, 0xfe, 0x7f, 0x3f, 0x00, 0xfe, 0x7f, 0x3f,
  0x00, 0xfe, 0x7f, 0x3f, 0x00, 0xfe, 0x7f, 0x3f, 0x00, 0xfe, 0x7f, 0x3f,
  0x00, 0xfe, 0x7f, 0x3f, 0x00, 0xfe, 0x7f, 0x3f, 0x00, 0xfe, 0x7f, 0x3f,
  0x00, 0xfe, 0x7f, 0x3f, 0x00, 0xfe, 0x7f, 0x3f, 0x00, 0xfe, 0x7f, 0x3f,
  0x00, 0xfe, 0x7f, 0x3f, 0x00, 0xfe, 0x7f, 0x3f, 0x00, 0xfe, 0x7f, 0x3f,
  0x00, 0xfe, 0x7f, 0x3f, 0x00, 0xfe, 0x7f, 0x3f, 0x00, 0xfe, 0x7f, 0x3f,
  0x00, 0xfe, 0x7f, 0x3f, 0x00, 0xfe, 0x7f, 0x3f, 0x00, 0xfe, 0x7f, 0x3f,
  0x00, 0xfe, 0x7f, 0x3f, 0x00, 0xfe, 0x7f, 0x3f, 0x00, 0xfe, 0x7f, 0x3f,
  0x00, 0xfe, 0x7f, 0x3f, 0x00, 0xfe, 0x7f, 0x3f, 0x00, 0xfe, 0x7f, 0x3f,
  0x00, 0xfe, 0x7f, 0x3f, 0x00, 0xfe, 0x7f, 0x3f, 0x00, 0xfe, 0x7f, 0x3f,
  0x00, 0xfe, 0x7f, 0x3f, 0x00, 0xfe, 0x7f, 0x3f, 0x00, 0xfe, 0x7f, 0x3f,
  0x00, 0xfe, 0x7f, 0x3f, 0x00, 0xfe, 0x7f, 0x3f, 0x00, 0xfe, 0x7f, 0x3f,
  0x00, 0xfe, 0x7f, 0x3f, 0x00, 0xfe, 0x7f, 0x3f, 0x00, 0xfe, 0x7f, 0x3f,
  0x00, 0xfe, 0x7f, 0x3f, 0x00, 0xfe, 0x7f, 0x3f, 0x00, 0xfe, 0x7f, 0x3f,
  0x00, 0xfe, 0x7f, 0x3f, 0x00, 0xfe, 0x7f, 0x3f, 0x00, 0xfe, 0x7f, 0x3f,
  0x00, 0xfe, 0x7f, 0x3f, 0x00, 0xfe, 0x7f, 0x3f, 0x00, 0xfe, 0x7f, 0x3f,
  0x00, 0xfe, 0x7f, 0x3f, 0x00, 0xfe, 0x7f, 0x3f, 0x00, 0xfe, 0x7f, 0x3f,
  0x00, 0xfe, 0x7f, 0x3f, 0x00, 0xfe, 0x7f, 0x3f, 0x00, 0xfe, 0x7f, 0x3f,
  0x00, 0xfe, 0x7f, 0x3f, 0x00, 0xfe, 0x7f, 0x3f, 0x00, 0xfe, 0x7f, 0x3f,
  0x00, 0xce, 0x4c, 0x3f, 0x00, 0xce, 0x4c, 0x3f, 0x00, 0xce, 0x4c, 0x3f,
  0x00, 0xce, 0x4c, 0x3f, 0x00, 0xce, 0x4c, 0x3f, 0x00, 0xce, 0x4c, 0x3f,
  0x00, 0xce, 0x4c, 0x3f, 0x00, 0xce, 0x4c, 0x3f, 0x00, 0xce, 0x4c, 0x3f,
  0x00, 0xce, 0x4c, 0x3f, 0x00, 0xce, 0x4c, 0x3f, 0x00, 0xce, 0x4c, 0x3f,
  0x00, 0xce, 0x4c, 0x3f, 0x00, 0xce, 0x4c, 0x3f, 0x00, 0xce, 0x4c, 0x3f,
  0x00, 0xce, 0x4c, 0x3f, 0x00, 0xce, 0x4c, 0x3f, 0x00, 0xce, 0x4c, 0x3f,
  0x00, 0xce, 0x4c, 0x3f, 0x00, 0xce, 0x4c, 0x3f, 0x00, 0xce, 0x4c, 0x3f,
  0x00, 0x98, 0x19, 0x3f, 0x00, 0x98, 0x19, 0x3f, 0x00, 0x98, 0x19, 0x3f,
  0x00, 0x98, 0x19, 0x3f, 0x00, 0x98, 0x19, 0x3f, 0x00, 0x98, 0x19, 0x3f,
  0x00, 0x98, 0x19, 0x3f, 0x00, 0x98, 0x19, 0x3f, 0x00, 0x98, 0x19, 0x3f,
  0x00, 0x98, 0x19, 0x3f, 0x00, 0x98, 0x19, 0x3f, 0x00, 0x98, 0x19, 0x3f,
  0x00, 0x98, 0x19, 0x3f, 0x00, 0x98, 0x19, 0x3f, 0x00, 0x98, 0x19, 0x3f,
  0x00, 0x98, 0x19, 0x3f, 0x00, 0x98, 0x19, 0x3f, 0x00, 0x98, 0x19, 0x3f,
  0x00, 0x98, 0x19, 0x3f, 0x00, 0x98, 0x19, 0x3f, 0x00, 0x98, 0x19, 0x3f,
  0x00, 0x98, 0x19, 0x3f, 0x00, 0x98, 0x19, 0x3f, 0x00, 0x98, 0x19, 0x3f,
  0x00, 0x98, 0x19, 0x3f, 0x00, 0x98, 0x19, 0x3f, 0x00, 0x98, 0x19, 0x3f,
  0x00, 0x98, 0x19, 0x3f, 0x00, 0x98, 0x19, 0x3f, 0x00, 0x98, 0x19, 0x3f,
  0x00, 0x50, 0xd6, 0x3e, 0x00, 0xcc, 0xcc, 0x3e, 0x00, 0xcc, 0xcc, 0x3e,
  0x00, 0xcc, 0xcc, 0x3e, 0x00, 0xcc, 0xcc, 0x3e, 0x00, 0xcc, 0xcc, 0x3e,
  0x00, 0xcc, 0xcc, 0x3e, 0x00, 0xcc, 0xcc, 0x3e, 0x00, 0xcc, 0xcc, 0x3e,
  0x00, 0xcc, 0xcc, 0x3e, 0x00, 0xcc, 0xcc, 0x3e, 0x00, 0xcc, 0xcc, 0x3e,
  0x00, 0xcc, 0xcc, 0x3e, 0x00, 0xcc, 0xcc, 0x3e, 0x00, 0xcc, 0xcc, 0x3e,
  0x00, 0xcc, 0xcc, 0x3e, 0x00, 0xcc, 0xcc, 0x3e, 0x00, 0xcc, 0xcc, 0x3e,
  0x00, 0xcc, 0xcc, 0x3e, 0x02, 0xc0, 0x4c, 0x3e, 0x02, 0xc0, 0x4c, 0x3e,
  0x02, 0xc0, 0x4c, 0x3e, 0x02, 0xc0, 0x4c, 0x3e, 0x02, 0xc0, 0x4c, 0x3e,
  0x02, 0xc0, 0x4c, 0x3e, 0x02, 0xc0, 0x4c, 0x3e, 0x02, 0xc0, 0x4c, 0x3e,
  0x02, 0xc0, 0x4c, 0x3e, 0x02, 0xc0, 0x4c, 0x3e, 0x02, 0xc0, 0x4c, 0x3e,
  0x02, 0xc0, 0x4c, 0x3e, 0x02, 0xc0, 0x4c, 0x3e, 0x02, 0xc0, 0x4c, 0x3e,
  0x02, 0xc0, 0x4c, 0x3e, 0x02, 0xc0, 0x4c, 0x3e, 0x02, 0xc0, 0x4c, 0x3e,
  0x02, 0xc0, 0x4c, 0x3e, 0x02, 0xc0, 0x4c, 0x3e, 0x02, 0xc0, 0x4c, 0x3e,
  0x02, 0xc0, 0x4c, 0x3e, 0x02, 0xc0, 0x4c, 0x3e, 0x02, 0xc0, 0x4c, 0x3e,
  0x02, 0xc0, 0x4c, 0x3e, 0x02, 0xc0, 0x4c, 0x3e, 0x02, 0xc0, 0x4c, 0x3e,
  0x02, 0xc0, 0x4c, 0x3e, 0x00, 0x00, 0x00, 0x00, 0x00, 0x00, 0x00, 0x00,
  0x00, 0x00, 0x00, 0x00, 0x00, 0x00, 0x00, 0x00, 0x00, 0x00, 0x00, 0x00,
  0x00, 0x00, 0x00, 0x00, 0x00, 0x00, 0x00, 0x00, 0x00, 0x00, 0x00, 0x00,
  0x00, 0x00, 0x00, 0x00, 0x00, 0x00, 0x00, 0x00, 0x00, 0x00, 0x00, 0x00,
  0x00, 0x00, 0x00, 0x00, 0x00, 0x00, 0x00, 0x00, 0x00, 0x00, 0x00, 0x00,
  0x00, 0x00, 0x00, 0x00, 0x00, 0x00, 0x00, 0x00, 0x00, 0x00, 0x00, 0x00,
  0x00, 0x00, 0x00, 0x00, 0x00, 0x00, 0x00, 0x00, 0x00, 0x00, 0x00, 0x00,
  0x00, 0x00, 0x00, 0x00, 0x00, 0x00, 0x00, 0x00, 0x00, 0x00, 0x00, 0x00,
  0x00, 0x00, 0x00, 0x00, 0x00, 0x00, 0x00, 0x00, 0x00, 0x00, 0x00, 0x00,
  0x00, 0x00, 0x00, 0x00, 0x00, 0x00, 0x00, 0x00, 0x00, 0x00, 0x00, 0x00,
  0x00, 0x00, 0x00, 0x00, 0x00, 0x00, 0x00, 0x00, 0x00, 0x00, 0x00, 0x00,
  0x00, 0x00, 0x00, 0x00, 0x00, 0x00, 0x00, 0x00, 0x00, 0x00, 0x00, 0x00,
  0x00, 0x00, 0x00, 0x00, 0x00, 0x00, 0x00, 0x00, 0x00, 0x00, 0x00, 0x00,
  0x00, 0x00, 0x00, 0x00, 0x00, 0x00, 0x00, 0x00, 0x00, 0x00, 0x00, 0x00,
  0x00, 0x00, 0x00, 0x00, 0x00, 0x00, 0x00, 0x00, 0x00, 0x00, 0x00, 0x00,
  0x00, 0x00, 0x00, 0x00, 0x00, 0x00, 0x00, 0x00, 0x00, 0x00, 0x00, 0x00,
  0x00, 0x00, 0x00, 0x00, 0x00, 0x00, 0x00, 0x00, 0x00, 0x00, 0x00, 0x00,
  0x00, 0x00, 0x00, 0x00, 0x00, 0x00, 0x00, 0x00, 0x00, 0x00, 0x00, 0x00,
  0x00, 0x00, 0x00, 0x00, 0x00, 0x00, 0x00, 0x00, 0x00, 0x00, 0x00, 0x00,
  0x00, 0x00, 0x00, 0x00, 0x00, 0x00, 0x00, 0x00, 0x00, 0x00, 0x00, 0x00,
  0x00, 0x00, 0x00, 0x00, 0x00, 0x00, 0x00, 0x00, 0x00, 0x00, 0x00, 0x00,
  0x00, 0x00, 0x00, 0x00, 0x00, 0x00, 0x00, 0x00, 0x00, 0x00, 0x00, 0x00,
  0x00, 0x00, 0x00, 0x00, 0x00, 0x00, 0x00, 0x00, 0x00, 0x00, 0x00, 0x00,
  0x00, 0x00, 0x00, 0x00, 0x00, 0x00, 0x00, 0x00, 0x00, 0x00, 0x00, 0x00,
  0x00, 0x00, 0x00, 0x00, 0x00, 0x00, 0x00, 0x00, 0x00, 0x00, 0x00, 0x00,
  0x00, 0x00, 0x00, 0x00, 0x00, 0x00, 0x00, 0x00, 0x00, 0x00, 0x00, 0x00,
  0x00, 0x00, 0x00, 0x00, 0x00, 0x00, 0x00, 0x00, 0x02, 0xc0, 0x4c, 0xbe,
  0x02, 0xc0, 0x4c, 0xbe, 0x02, 0xc0, 0x4c, 0xbe, 0x02, 0xc0, 0x4c, 0xbe,
  0x02, 0xc0, 0x4c, 0xbe, 0x02, 0xc0, 0x4c, 0xbe, 0x02, 0xc0, 0x4c, 0xbe,
  0x00, 0x00, 0x00, 0x00, 0x00, 0x00, 0x00, 0x00, 0x00, 0x00, 0x00, 0x00,
  0x00, 0x00, 0x00, 0x00, 0x02, 0xc0, 0x4c, 0xbe, 0x02, 0xc0, 0x4c, 0xbe,
  0x02, 0xc0, 0x4c, 0xbe, 0x02, 0xc0, 0x4c, 0xbe, 0x02, 0xc0, 0x4c, 0xbe,
  0x02, 0xc0, 0x4c, 0xbe, 0x02, 0xc0, 0x4c, 0xbe, 0x02, 0xc0, 0x4c, 0xbe,
  0x02, 0xc0, 0x4c, 0xbe, 0x02, 0xc0, 0x4c, 0xbe, 0x02, 0xc0, 0x4c, 0xbe,
  0x02, 0xc0, 0x4c, 0xbe, 0x02, 0xc0, 0x4c, 0xbe, 0x02, 0xc0, 0x4c, 0xbe,
  0x02, 0xc0, 0x4c, 0xbe, 0x02, 0xc0, 0x4c, 0xbe, 0x02, 0xc0, 0x4c, 0xbe,
  0x02, 0xc0, 0x4c, 0xbe, 0x02, 0xc0, 0x4c, 0xbe, 0x02, 0xc0, 0x4c, 0xbe,
  0x02, 0xc0, 0x4c, 0xbe, 0x02, 0xc0, 0x4c, 0xbe, 0x02, 0xc0, 0x4c, 0xbe,
  0x02, 0xc0, 0x4c, 0xbe, 0x02, 0xc0, 0x4c, 0xbe, 0x02, 0xc0, 0x4c, 0xbe,
  0x02, 0xc0, 0x4c, 0xbe, 0x02, 0xc0, 0x4c, 0xbe, 0x00, 0xcc, 0xcc, 0xbe,
  0x00, 0xcc, 0xcc, 0xbe, 0x00, 0xcc, 0xcc, 0xbe, 0x00, 0xcc, 0xcc, 0xbe,
  0x00, 0xcc, 0xcc, 0xbe, 0x00, 0xcc, 0xcc, 0xbe, 0x00, 0xcc, 0xcc, 0xbe,
  0x00, 0xcc, 0xcc, 0xbe, 0x00, 0xcc, 0xcc, 0xbe, 0x00, 0xcc, 0xcc, 0xbe,
  0x00, 0xcc, 0xcc, 0xbe, 0x00, 0xcc, 0xcc, 0xbe, 0x00, 0xcc, 0xcc, 0xbe,
  0x00, 0x98, 0x19, 0xbf, 0x00, 0x98, 0x19, 0xbf, 0x00, 0x98, 0x19, 0xbf,
  0x00, 0x98, 0x19, 0xbf, 0x00, 0x98, 0x19, 0xbf, 0x00, 0x98, 0x19, 0xbf,
  0x00, 0x98, 0x19, 0xbf, 0x00, 0x98, 0x19, 0xbf, 0x00, 0x98, 0x19, 0xbf,
  0x00, 0x98, 0x19, 0xbf, 0x00, 0x98, 0x19, 0xbf, 0x00, 0x98, 0x19, 0xbf,
  0x00, 0x98, 0x19, 0xbf, 0x00, 0x98, 0x19, 0xbf, 0x00, 0x98, 0x19, 0xbf,
  0x00, 0x98, 0x19, 0xbf, 0x00, 0x98, 0x19, 0xbf, 0x00, 0x98, 0x19, 0xbf,
  0x00, 0x98, 0x19, 0xbf, 0x00, 0x98, 0x19, 0xbf, 0x00, 0x98, 0x19, 0xbf,
  0x00, 0x98, 0x19, 0xbf, 0x00, 0x98, 0x19, 0xbf, 0x00, 0x98, 0x19, 0xbf,
  0x00, 0x98, 0x19, 0xbf, 0x00, 0x98, 0x19, 0xbf, 0x00, 0x98, 0x19, 0xbf,
  0x00, 0x98, 0x19, 0xbf, 0x00, 0x98, 0x19, 0xbf, 0x00, 0x98, 0x19, 0xbf,
  0x00, 0x98, 0x19, 0xbf, 0x00, 0x98, 0x19, 0xbf, 0x00, 0x98, 0x19, 0xbf,
  0x00, 0x98, 0x19, 0xbf, 0x00, 0x98, 0x19, 0xbf, 0x00, 0x98, 0x19, 0xbf,
  0x00, 0x98, 0x19, 0xbf, 0x00, 0x98, 0x19, 0xbf, 0x00, 0x98, 0x19, 0xbf,
  0x00, 0x98, 0x19, 0xbf, 0x00, 0x98, 0x19, 0xbf, 0x00, 0x98, 0x19, 0xbf,
  0x00, 0x98, 0x19, 0xbf, 0x00, 0xce, 0x4c, 0xbf, 0x00, 0xce, 0x4c, 0xbf,
  0x00, 0xce, 0x4c, 0xbf, 0x00, 0xce, 0x4c, 0xbf, 0x00, 0xce, 0x4c, 0xbf,
  0x00, 0xce, 0x4c, 0xbf, 0x00, 0xce, 0x4c, 0xbf, 0x00, 0xce, 0x4c, 0xbf,
  0x00, 0xce, 0x4c, 0xbf, 0x00, 0xce, 0x4c, 0xbf, 0x00, 0xce, 0x4c, 0xbf,
  0x00, 0xce, 0x4c, 0xbf, 0x00, 0xce, 0x4c, 0xbf, 0x00, 0xce, 0x4c, 0xbf,
  0x00, 0xce, 0x4c, 0xbf, 0x00, 0xce, 0x4c, 0xbf, 0x00, 0xce, 0x4c, 0xbf,
  0x00, 0xce, 0x4c, 0xbf, 0x00, 0xce, 0x4c, 0xbf, 0x00, 0xce, 0x4c, 0xbf,
  0x00, 0x98, 0x19, 0xbf, 0x00, 0xce, 0x4c, 0xbf, 0x00, 0xce, 0x4c, 0xbf,
  0x00, 0xce, 0x4c, 0xbf, 0x00, 0xce, 0x4c, 0xbf, 0x00, 0xce, 0x4c, 0xbf,
  0x00, 0xce, 0x4c, 0xbf, 0x00, 0xce, 0x4c, 0xbf, 0x00, 0xce, 0x4c, 0xbf,
  0x00, 0xce, 0x4c, 0xbf, 0x00, 0xce, 0x4c, 0xbf, 0x00, 0xce, 0x4c, 0xbf,
  0x00, 0xce, 0x4c, 0xbf, 0x00, 0xce, 0x4c, 0xbf, 0x00, 0xce, 0x4c, 0xbf,
  0x00, 0xce, 0x4c, 0xbf, 0x00, 0xce, 0x4c, 0xbf, 0x00, 0xce, 0x4c, 0xbf,
  0x00, 0xce, 0x4c, 0xbf, 0x00, 0xce, 0x4c, 0xbf, 0x00, 0xce, 0x4c, 0xbf,
  0x00, 0xce, 0x4c, 0xbf, 0x00, 0xce, 0x4c, 0xbf, 0x00, 0xce, 0x4c, 0xbf,
  0x00, 0xce, 0x4c, 0xbf, 0x00, 0xce, 0x4c, 0xbf, 0x00, 0xce, 0x4c, 0xbf,
  0x00, 0xce, 0x4c, 0xbf, 0x00, 0xce, 0x4c, 0xbf, 0x00, 0xce, 0x4c, 0xbf,
  0x00, 0xce, 0x4c, 0xbf, 0x00, 0xce, 0x4c, 0xbf, 0x00, 0xce, 0x4c, 0xbf,
  0x00, 0xce, 0x4c, 0xbf, 0x00, 0xce, 0x4c, 0xbf, 0x00, 0xce, 0x4c, 0xbf,
  0x00, 0xce, 0x4c, 0xbf, 0x00, 0xfe, 0x7f, 0xbf, 0x00, 0xfe, 0x7f, 0xbf,
  0x00, 0xfe, 0x7f, 0xbf, 0x00, 0xfe, 0x7f, 0xbf, 0x00, 0xfe, 0x7f, 0xbf,
  0x00, 0xfe, 0x7f, 0xbf, 0x00, 0xfe, 0x7f, 0xbf, 0x00, 0xfe, 0x7f, 0xbf,
  0x00, 0xfe, 0x7f, 0xbf, 0x00, 0xfe, 0x7f, 0xbf, 0x00, 0xfe, 0x7f, 0xbf,
  0x00, 0xfe, 0x7f, 0xbf, 0x00, 0xfe, 0x7f, 0xbf, 0x00, 0xfe, 0x7f, 0xbf,
  0x00, 0xfe, 0x7f, 0xbf, 0x00, 0xfe, 0x7f, 0xbf, 0x00, 0xfe, 0x7f, 0xbf,
  0x00, 0xfe, 0x7f, 0xbf, 0x00, 0xfe, 0x7f, 0xbf, 0x00, 0xfe, 0x7f, 0xbf,
  0x00, 0xfe, 0x7f, 0xbf, 0x00, 0xfe, 0x7f, 0xbf, 0x00, 0xfe, 0x7f, 0xbf,
  0x00, 0xfe, 0x7f, 0xbf, 0x00, 0xfe, 0x7f, 0xbf, 0x00, 0xfe, 0x7f, 0xbf,
  0x00, 0xfe, 0x7f, 0xbf, 0x00, 0xfe, 0x7f, 0xbf, 0x00, 0xfe, 0x7f, 0xbf,
  0x00, 0xfe, 0x7f, 0xbf, 0x00, 0xfe, 0x7f, 0xbf, 0x00, 0xfe, 0x7f, 0xbf,
  0x00, 0xfe, 0x7f, 0xbf, 0x00, 0xfe, 0x7f, 0xbf, 0x00, 0xfe, 0x7f, 0xbf,
  0x00, 0xfe, 0x7f, 0xbf, 0x00, 0xfe, 0x7f, 0xbf, 0x00, 0xfe, 0x7f, 0xbf,
  0x00, 0xfe, 0x7f, 0xbf, 0x00, 0xfe, 0x7f, 0xbf, 0x00, 0xfe, 0x7f, 0xbf,
  0x00, 0xfe, 0x7f, 0xbf, 0x00, 0xfe, 0x7f, 0xbf, 0x00, 0xfe, 0x7f, 0xbf,
  0x00, 0xfe, 0x7f, 0xbf, 0x00, 0xfe, 0x7f, 0xbf, 0x00, 0x90, 0x51, 0xbf,
  0x00, 0xce, 0x4c, 0xbf, 0x00, 0xce, 0x4c, 0xbf, 0x00, 0xce, 0x4c, 0xbf,
  0x00, 0xce, 0x4c, 0xbf, 0x00, 0xce, 0x4c, 0xbf, 0x00, 0xce, 0x4c, 0xbf,
  0x00, 0xce, 0x4c, 0xbf, 0x00, 0xce, 0x4c, 0xbf, 0x00, 0xce, 0x4c, 0xbf,
  0x00, 0xce, 0x4c, 0xbf, 0x00, 0xce, 0x4c, 0xbf, 0x00, 0xce, 0x4c, 0xbf,
  0x00, 0xce, 0x4c, 0xbf, 0x00, 0xce, 0x4c, 0xbf, 0x00, 0xce, 0x4c, 0xbf,
  0x00, 0xce, 0x4c, 0xbf, 0x00, 0xce, 0x4c, 0xbf, 0x00, 0xce, 0x4c, 0xbf,
  0x00, 0xce, 0x4c, 0xbf, 0x00, 0xce, 0x4c, 0xbf, 0x00, 0xce, 0x4c, 0xbf,
  0x00, 0xce, 0x4c, 0xbf, 0x00, 0x98, 0x19, 0xbf, 0x00, 0x98, 0x19, 0xbf,
  0x00, 0x98, 0x19, 0xbf, 0x00, 0x98, 0x19, 0xbf, 0x00, 0x98, 0x19, 0xbf,
  0x00, 0x98, 0x19, 0xbf, 0x00, 0x98, 0x19, 0xbf, 0x00, 0x98, 0x19, 0xbf,
  0x00, 0xcc, 0xcc, 0xbe, 0x00, 0xcc, 0xcc, 0xbe, 0x00, 0xcc, 0xcc, 0xbe,
  0x00, 0xcc, 0xcc, 0xbe, 0x00, 0xcc, 0xcc, 0xbe, 0x00, 0xcc, 0xcc, 0xbe,
  0x00, 0xcc, 0xcc, 0xbe, 0x00, 0xcc, 0xcc, 0xbe, 0x00, 0xcc, 0xcc, 0xbe,
  0x00, 0xcc, 0xcc, 0xbe, 0x00, 0xcc, 0xcc, 0xbe, 0x00, 0xcc, 0xcc, 0xbe,
  0xfe, 0xdf, 0x5f, 0xbe, 0x02, 0xc0, 0x4c, 0xbe, 0x02, 0xc0, 0x4c, 0xbe,
  0x02, 0xc0, 0x4c, 0xbe, 0x02, 0xc0, 0x4c, 0xbe, 0x02, 0xc0, 0x4c, 0xbe,
  0x02, 0xc0, 0x4c, 0xbe, 0x02, 0xc0, 0x4c, 0xbe, 0x02, 0xc0, 0x4c, 0xbe,
  0x02, 0xc0, 0x4c, 0xbe, 0x02, 0xc0, 0x4c, 0xbe, 0x02, 0xc0, 0x4c, 0xbe,
  0x02, 0xc0, 0x4c, 0xbe, 0x02, 0xc0, 0x4c, 0xbe, 0x02, 0xc0, 0x4c, 0xbe,
  0x02, 0xc0, 0x4c, 0xbe, 0x02, 0xc0, 0x4c, 0xbe, 0x02, 0xc0, 0x4c, 0xbe,
  0x02, 0xc0, 0x4c, 0xbe, 0x02, 0xc0, 0x4c, 0xbe, 0x02, 0xc0, 0x4c, 0xbe,
  0x02, 0xc0, 0x4c, 0xbe, 0x02, 0xc0, 0x4c, 0xbe, 0x00, 0x00, 0x00, 0x00,
  0x00, 0x00, 0x00, 0x00, 0x00, 0x00, 0x00, 0x00, 0x00, 0x00, 0x00, 0x00,
  0x00, 0x00, 0x00, 0x00, 0x00, 0x00, 0x00, 0x00, 0x00, 0x00, 0x00, 0x00,
  0x00, 0x00, 0x00, 0x00, 0x00, 0x00, 0x00, 0x00, 0x00, 0x00, 0x00, 0x00,
  0x00, 0x00, 0x00, 0x00, 0x00, 0x00, 0x00, 0x00, 0x00, 0x00, 0x00, 0x00,
  0x00, 0x00, 0x00, 0x00, 0x00, 0x00, 0x00, 0x00, 0x00, 0x00, 0x00, 0x00,
  0x02, 0xc0, 0x4c, 0x3e, 0x02, 0xc0, 0x4c, 0x3e, 0x02, 0xc0, 0x4c, 0x3e,
  0x02, 0xc0, 0x4c, 0x3e, 0x02, 0xc0, 0x4c, 0x3e, 0x00, 0x48, 0xc3, 0x3e,
  0x00, 0xcc, 0xcc, 0x3e, 0x00, 0xcc, 0xcc, 0x3e, 0x00, 0xcc, 0xcc, 0x3e,
  0x00, 0xcc, 0xcc, 0x3e, 0x00, 0x98, 0x19, 0x3f, 0x00, 0x98, 0x19, 0x3f,
  0x00, 0x98, 0x19, 0x3f, 0x00, 0x98, 0x19, 0x3f, 0x00, 0xce, 0x4c, 0x3f,
  0x00, 0xce, 0x4c, 0x3f, 0x00, 0xce, 0x4c, 0x3f, 0x00, 0xce, 0x4c, 0x3f,
  0x00, 0xfe, 0x7f, 0x3f, 0x00, 0xfe, 0x7f, 0x3f, 0x00, 0xfe, 0x7f, 0x3f,
  0x00, 0xfe, 0x7f, 0x3f, 0x00, 0xfe, 0x7f, 0x3f, 0x00, 0xfe, 0x7f, 0x3f,
  0x00, 0xfe, 0x7f, 0x3f, 0x00, 0xfe, 0x7f, 0x3f, 0x00, 0xfe, 0x7f, 0x3f,
  0x00, 0xfe, 0x7f, 0x3f, 0x00, 0xfe, 0x7f, 0x3f, 0x00, 0xfe, 0x7f, 0x3f,
  0x00, 0xfe, 0x7f, 0x3f, 0x00, 0xfe, 0x7f, 0x3f, 0x00, 0xfe, 0x7f, 0x3f,
  0x00, 0xfe, 0x7f, 0x3f, 0x00, 0xfe, 0x7f, 0x3f, 0x00, 0xfe, 0x7f, 0x3f,
  0x00, 0xce, 0x4c, 0x3f, 0x00, 0xce, 0x4c, 0x3f, 0x00, 0xce, 0x4c, 0x3f,
  0x00, 0xce, 0x4c, 0x3f, 0x00, 0xce, 0x4c, 0x3f, 0x00, 0x98, 0x19, 0x3f,
  0x00, 0x98, 0x19, 0x3f, 0x00, 0x98, 0x19, 0x3f, 0x00, 0x98, 0x19, 0x3f,
  0x00, 0xcc, 0xcc, 0x3e, 0x00, 0xcc, 0xcc, 0x3e, 0x00, 0xcc, 0xcc, 0x3e,
  0x00, 0xcc, 0xcc, 0x3e, 0x00, 0xcc, 0xcc, 0x3e, 0x02, 0xc0, 0x4c, 0x3e,
  0x02, 0xc0, 0x4c, 0x3e, 0x02, 0xc0, 0x4c, 0x3e, 0x02, 0xc0, 0x4c, 0x3e,
  0x00, 0x00, 0x00, 0x00, 0x00, 0x00, 0x00, 0x00, 0x00, 0x00, 0x00, 0x00,
  0x00, 0x00, 0x00, 0x00, 0x00, 0x00, 0x00, 0x00, 0x02, 0xb8, 0x39, 0xbe,
  0x02, 0xc0, 0x4c, 0xbe, 0x02, 0xc0, 0x4c, 0xbe, 0x02, 0xc0, 0x4c, 0xbe,
  0x02, 0xc0, 0x4c, 0xbe, 0x02, 0xc0, 0x4c, 0xbe, 0x00, 0xcc, 0xcc, 0xbe,
  0x00, 0xcc, 0xcc, 0xbe, 0x00, 0xcc, 0xcc, 0xbe, 0x00, 0xcc, 0xcc, 0xbe,
  0x00, 0xcc, 0xcc, 0xbe, 0x00, 0xcc, 0xcc, 0xbe, 0x00, 0xcc, 0xcc, 0xbe,
  0x00, 0x98, 0x19, 0xbf, 0x00, 0x98, 0x19, 0xbf, 0x00, 0x98, 0x19, 0xbf,
  0x00, 0x98, 0x19, 0xbf, 0x00, 0x98, 0x19, 0xbf, 0x00, 0x98, 0x19, 0xbf,
  0x00, 0x98, 0x19, 0xbf, 0x00, 0xce, 0x4c, 0xbf, 0x00, 0xce, 0x4c, 0xbf,
  0x00, 0xce, 0x4c, 0xbf, 0x00, 0xce, 0x4c, 0xbf, 0x00, 0xce, 0x4c, 0xbf,
  0x00, 0xce, 0x4c, 0xbf, 0x00, 0xce, 0x4c, 0xbf, 0x00, 0xce, 0x4c, 0xbf,
  0x00, 0xce, 0x4c, 0xbf, 0x00, 0xce, 0x4c, 0xbf, 0x00, 0xce, 0x4c, 0xbf,
  0x00, 0xce, 0x4c, 0xbf, 0x00, 0xce, 0x4c, 0xbf, 0x00, 0xce, 0x4c, 0xbf,
  0x00, 0xce, 0x4c, 0xbf, 0x00, 0xce, 0x4c, 0xbf, 0x00, 0xce, 0x4c, 0xbf,
  0x00, 0xce, 0x4c, 0xbf, 0x00, 0xce, 0x4c, 0xbf, 0x00, 0xce, 0x4c, 0xbf,
  0x00, 0xce, 0x4c, 0xbf, 0x00, 0xce, 0x4c, 0xbf, 0x00, 0xce, 0x4c, 0xbf,
  0x00, 0xce, 0x4c, 0xbf, 0x00, 0xce, 0x4c, 0xbf, 0x00, 0x98, 0x19, 0xbf,
  0x00, 0x98, 0x19, 0xbf, 0x00, 0x98, 0x19, 0xbf, 0x00, 0x98, 0x19, 0xbf,
  0x00, 0x98, 0x19, 0xbf, 0x00, 0x98, 0x19, 0xbf, 0x00, 0x98, 0x19, 0xbf,
  0x00, 0xcc, 0xcc, 0xbe, 0x00, 0xcc, 0xcc, 0xbe, 0x00, 0xcc, 0xcc, 0xbe,
  0x00, 0xcc, 0xcc, 0xbe, 0x00, 0xcc, 0xcc, 0xbe, 0x00, 0xcc, 0xcc, 0xbe,
  0x00, 0xcc, 0xcc, 0xbe, 0x02, 0xc0, 0x4c, 0xbe, 0x02, 0xc0, 0x4c, 0xbe,
  0x02, 0xc0, 0x4c, 0xbe, 0x02, 0xc0, 0x4c, 0xbe, 0x02, 0xc0, 0x4c, 0xbe,
  0x02, 0xc0, 0x4c, 0xbe, 0x02, 0xc0, 0x4c, 0xbe, 0x02, 0xc0, 0x4c, 0xbe,
  0x02, 0xc0, 0x4c, 0xbe, 0x02, 0xc0, 0x4c, 0xbe, 0x02, 0xc0, 0x4c, 0xbe,
  0x02, 0xc0, 0x4c, 0xbe, 0x02, 0xc0, 0x4c, 0xbe, 0x02, 0xc0, 0x4c, 0xbe,
  0x02, 0xc0, 0x4c, 0xbe, 0x02, 0xc0, 0x4c, 0xbe, 0x02, 0xc0, 0x4c, 0xbe,
  0x02, 0xc0, 0x4c, 0xbe, 0x02, 0xc0, 0x4c, 0xbe, 0x02, 0xc0, 0x4c, 0xbe,
  0x02, 0xc0, 0x4c, 0xbe, 0x02, 0xc0, 0x4c, 0xbe, 0x02, 0xc0, 0x4c, 0xbe,
  0x02, 0xc0, 0x4c, 0xbe, 0x02, 0xc0, 0x4c, 0xbe, 0x00, 0xcc, 0xcc, 0xbe,
  0x00, 0xcc, 0xcc, 0xbe, 0x00, 0xcc, 0xcc, 0xbe, 0x00, 0xcc, 0xcc, 0xbe,
  0x00, 0xcc, 0xcc, 0xbe, 0x00, 0xcc, 0xcc, 0xbe, 0x00, 0xcc, 0xcc, 0xbe,
  0x00, 0xcc, 0xcc, 0xbe, 0x00, 0xcc, 0xcc, 0xbe, 0x00, 0xcc, 0xcc, 0xbe,
  0x00, 0xcc, 0xcc, 0xbe, 0x00, 0xcc, 0xcc, 0xbe, 0x00, 0xcc, 0xcc, 0xbe,
  0x00, 0xcc, 0xcc, 0xbe, 0x00, 0xcc, 0xcc, 0xbe, 0x00, 0x98, 0x19, 0xbf,
  0x00, 0x98, 0x19, 0xbf, 0x00, 0x98, 0x19, 0xbf, 0x00, 0x98, 0x19, 0xbf,
  0x00, 0x98, 0x19, 0xbf, 0x00, 0x98, 0x19, 0xbf, 0x00, 0x98, 0x19, 0xbf,
  0x00, 0x98, 0x19, 0xbf, 0x00, 0x98, 0x19, 0xbf, 0x00, 0x98, 0x19, 0xbf,
  0x00, 0x98, 0x19, 0xbf, 0x00, 0x98, 0x19, 0xbf, 0x00, 0x98, 0x19, 0xbf,
  0x00, 0x98, 0x19, 0xbf, 0x00, 0x98, 0x19, 0xbf, 0x00, 0x98, 0x19, 0xbf,
  0x00, 0x98, 0x19, 0xbf, 0x00, 0x98, 0x19, 0xbf, 0x00, 0x98, 0x19, 0xbf,
  0x00, 0x50, 0xd6, 0xbe, 0x00, 0xcc, 0xcc, 0xbe, 0x00, 0xcc, 0xcc, 0xbe,
  0x00, 0xcc, 0xcc, 0xbe, 0x00, 0xcc, 0xcc, 0xbe, 0x00, 0xcc, 0xcc, 0xbe,
  0x00, 0xcc, 0xcc, 0xbe, 0x00, 0xcc, 0xcc, 0xbe, 0x00, 0xcc, 0xcc, 0xbe,
  0x00, 0xcc, 0xcc, 0xbe, 0x00, 0xcc, 0xcc, 0xbe, 0x00, 0xcc, 0xcc, 0xbe,
  0x00, 0xcc, 0xcc, 0xbe, 0x00, 0xcc, 0xcc, 0xbe, 0x00, 0xcc, 0xcc, 0xbe,
  0x00, 0xcc, 0xcc, 0xbe, 0x00, 0xcc, 0xcc, 0xbe, 0x00, 0xcc, 0xcc, 0xbe,
  0x00, 0xcc, 0xcc, 0xbe, 0x00, 0xcc, 0xcc, 0xbe, 0x00, 0xcc, 0xcc, 0xbe,
  0x00, 0xcc, 0xcc, 0xbe, 0x00, 0xcc, 0xcc, 0xbe, 0x00, 0xcc, 0xcc, 0xbe,
  0x00, 0x98, 0x19, 0xbf, 0x00, 0x98, 0x19, 0xbf, 0x00, 0x98, 0x19, 0xbf,
  0x00, 0x98, 0x19, 0xbf, 0x00, 0x98, 0x19, 0xbf, 0x00, 0x98, 0x19, 0xbf,
  0x00, 0x98, 0x19, 0xbf, 0x00, 0x98, 0x19, 0xbf, 0x00, 0x98, 0x19, 0xbf,
  0x00, 0x98, 0x19, 0xbf, 0x00, 0x98, 0x19, 0xbf, 0x00, 0x98, 0x19, 0xbf,
  0x00, 0x98, 0x19, 0xbf, 0x00, 0x98, 0x19, 0xbf, 0x00, 0xce, 0x4c, 0xbf,
  0x00, 0xce, 0x4c, 0xbf, 0x00, 0xce, 0x4c, 0xbf, 0x00, 0xce, 0x4c, 0xbf,
  0x00, 0xce, 0x4c, 0xbf, 0x00, 0xce, 0x4c, 0xbf, 0x00, 0xce, 0x4c, 0xbf,
  0x00, 0xce, 0x4c, 0xbf, 0x00, 0xce, 0x4c, 0xbf, 0x00, 0xce, 0x4c, 0xbf,
  0x00, 0xce, 0x4c, 0xbf, 0x00, 0xce, 0x4c, 0xbf, 0x00, 0xce, 0x4c, 0xbf,
  0x00, 0xce, 0x4c, 0xbf, 0x00, 0xce, 0x4c, 0xbf, 0x00, 0xce, 0x4c, 0xbf,
  0x00, 0xce, 0x4c, 0xbf, 0x00, 0xce, 0x4c, 0xbf, 0x00, 0xce, 0x4c, 0xbf,
  0x00, 0xce, 0x4c, 0xbf, 0x00, 0xce, 0x4c, 0xbf, 0x00, 0xce, 0x4c, 0xbf,
  0x00, 0xce, 0x4c, 0xbf, 0x00, 0xce, 0x4c, 0xbf, 0x00, 0xce, 0x4c, 0xbf,
  0x00, 0xce, 0x4c, 0xbf, 0x00, 0xce, 0x4c, 0xbf, 0x00, 0xce, 0x4c, 0xbf,
  0x00, 0xce, 0x4c, 0xbf, 0x00, 0xce, 0x4c, 0xbf, 0x00, 0xce, 0x4c, 0xbf,
  0x00, 0xce, 0x4c, 0xbf, 0x00, 0xce, 0x4c, 0xbf, 0x00, 0xce, 0x4c, 0xbf,
  0x00, 0xce, 0x4c, 0xbf, 0x00, 0xce, 0x4c, 0xbf, 0x00, 0xce, 0x4c, 0xbf,
  0x00, 0xce, 0x4c, 0xbf, 0x00, 0xce, 0x4c, 0xbf, 0x00, 0xce, 0x4c, 0xbf,
  0x00, 0xce, 0x4c, 0xbf, 0x00, 0x98, 0x19, 0xbf, 0x00, 0x98, 0x19, 0xbf,
  0x00, 0x98, 0x19, 0xbf, 0x00, 0x98, 0x19, 0xbf, 0x00, 0x98, 0x19, 0xbf,
  0x00, 0x98, 0x19, 0xbf, 0x00, 0x98, 0x19, 0xbf, 0x00, 0x50, 0xd6, 0xbe,
  0x00, 0xcc, 0xcc, 0xbe, 0x00, 0xcc, 0xcc, 0xbe, 0x00, 0xcc, 0xcc, 0xbe,
  0x00, 0xcc, 0xcc, 0xbe, 0x02, 0xc0, 0x4c, 0xbe, 0x02, 0xc0, 0x4c, 0xbe,
  0x02, 0xc0, 0x4c, 0xbe, 0x02, 0xc0, 0x4c, 0xbe, 0x02, 0xc0, 0x4c, 0xbe,
  0x02, 0xc0, 0x4c, 0xbe, 0x03, 0x40, 0x98, 0xbc, 0x00, 0x00, 0x00, 0x00,
  0x00, 0x00, 0x00, 0x00, 0x00, 0x00, 0x00, 0x00, 0x00, 0x00, 0x00, 0x00,
  0x00, 0x00, 0x00, 0x00, 0x02, 0xc0, 0x4c, 0x3e, 0x02, 0xc0, 0x4c, 0x3e,
  0x02, 0xc0, 0x4c, 0x3e, 0x02, 0xc0, 0x4c, 0x3e, 0x02, 0xc0, 0x4c, 0x3e,
  0x02, 0xc0, 0x4c, 0x3e, 0x02, 0xc0, 0x4c, 0x3e, 0x02, 0xc0, 0x4c, 0x3e,
  0x02, 0xc0, 0x4c, 0x3e, 0x02, 0xc0, 0x4c, 0x3e, 0x02, 0xc0, 0x4c, 0x3e,
  0x02, 0xc0, 0x4c, 0x3e, 0x02, 0xc0, 0x4c, 0x3e, 0x02, 0xc0, 0x4c, 0x3e,
  0x02, 0xc0, 0x4c, 0x3e, 0x02, 0xc0, 0x4c, 0x3e, 0x02, 0xc0, 0x4c, 0x3e,
  0x02, 0xc0, 0x4c, 0x3e, 0x02, 0xc0, 0x4c, 0x3e, 0x02, 0xc0, 0x4c, 0x3e,
  0x02, 0xc0, 0x4c, 0x3e, 0x02, 0xc0, 0x4c, 0x3e, 0x02, 0xc0, 0x4c, 0x3e,
  0x02, 0xc0, 0x4c, 0x3e, 0x02, 0xc0, 0x4c, 0x3e, 0x02, 0xc0, 0x4c, 0x3e,
  0x02, 0xc0, 0x4c, 0x3e, 0x02, 0xc0, 0x4c, 0x3e, 0x02, 0xc0, 0x4c, 0x3e,
  0x02, 0xc0, 0x4c, 0x3e, 0x02, 0xc0, 0x4c, 0x3e, 0x02, 0xc0, 0x4c, 0x3e,
  0x02, 0xc0, 0x4c, 0x3e, 0x02, 0xc0, 0x4c, 0x3e, 0x02, 0xc0, 0x4c, 0x3e,
  0x02, 0xc0, 0x4c, 0x3e, 0x02, 0xc0, 0x4c, 0x3e, 0x02, 0xc0, 0x4c, 0x3e,
  0x02, 0xc0, 0x4c, 0x3e, 0x02, 0xc0, 0x4c, 0x3e, 0x00, 0xcc, 0xcc, 0x3e,
  0x00, 0xcc, 0xcc, 0x3e, 0x00, 0xcc, 0xcc, 0x3e, 0x00, 0xcc, 0xcc, 0x3e,
  0x00, 0xcc, 0xcc, 0x3e, 0x00, 0xcc, 0xcc, 0x3e, 0x00, 0xcc, 0xcc, 0x3e,
  0x00, 0xcc, 0xcc, 0x3e, 0x00, 0xcc, 0xcc, 0x3e, 0x00, 0xcc, 0xcc, 0x3e,
  0x00, 0xcc, 0xcc, 0x3e, 0x00, 0xcc, 0xcc, 0x3e, 0x00, 0xcc, 0xcc, 0x3e,
  0x00, 0xcc, 0xcc, 0x3e, 0x00, 0xcc, 0xcc, 0x3e, 0x00, 0xcc, 0xcc, 0x3e,
  0x00, 0xcc, 0xcc, 0x3e, 0x00, 0xcc, 0xcc, 0x3e, 0x00, 0xcc, 0xcc, 0x3e,
  0x00, 0xcc, 0xcc, 0x3e, 0x00, 0xcc, 0xcc, 0x3e, 0x00, 0xcc, 0xcc, 0x3e,
  0x00, 0xcc, 0xcc, 0x3e, 0x00, 0x98, 0x19, 0x3f, 0x00, 0x98, 0x19, 0x3f,
  0x00, 0x98, 0x19, 0x3f, 0x00, 0x98, 0x19, 0x3f, 0x00, 0x98, 0x19, 0x3f,
  0x00, 0x98, 0x19, 0x3f, 0x00, 0xcc, 0xcc, 0x3e, 0x00, 0xcc, 0xcc, 0x3e,
  0x00, 0xcc, 0xcc, 0x3e, 0x00, 0xcc, 0xcc, 0x3e, 0x00, 0xcc, 0xcc, 0x3e,
  0x00, 0xcc, 0xcc, 0x3e, 0x00, 0xcc, 0xcc, 0x3e, 0x00, 0xcc, 0xcc, 0x3e,
  0x00, 0xcc, 0xcc, 0x3e, 0x00, 0xcc, 0xcc, 0x3e, 0x00, 0xcc, 0xcc, 0x3e,
  0x00, 0xcc, 0xcc, 0x3e, 0x00, 0xcc, 0xcc, 0x3e, 0x00, 0xcc, 0xcc, 0x3e,
  0x00, 0xcc, 0xcc, 0x3e, 0x00, 0xcc, 0xcc, 0x3e, 0x02, 0xc0, 0x4c, 0x3e,
  0x02, 0xc0, 0x4c, 0x3e, 0x02, 0xc0, 0x4c, 0x3e, 0x02, 0xc0, 0x4c, 0x3e,
  0x02, 0xc0, 0x4c, 0x3e, 0x02, 0xc0, 0x4c, 0x3e, 0x03, 0x40, 0x98, 0x3c,
  0x00, 0x00, 0x00, 0x00, 0x00, 0x00, 0x00, 0x00, 0x00, 0x00, 0x00, 0x00,
  0x00, 0x00, 0x00, 0x00, 0x02, 0xc0, 0x4c, 0xbe, 0x02, 0xc0, 0x4c, 0xbe,
  0x02, 0xc0, 0x4c, 0xbe, 0x02, 0xc0, 0x4c, 0xbe, 0x02, 0xc0, 0x4c, 0xbe,
  0x02, 0xc0, 0x4c, 0xbe, 0x00, 0x48, 0xc3, 0xbe, 0x00, 0xcc, 0xcc, 0xbe,
  0x00, 0xcc, 0xcc, 0xbe, 0x00, 0xcc, 0xcc, 0xbe, 0x00, 0xcc, 0xcc, 0xbe,
  0x00, 0xcc, 0xcc, 0xbe, 0x00, 0xcc, 0xcc, 0xbe, 0x00, 0xcc, 0xcc, 0xbe,
  0x00, 0xcc, 0xcc, 0xbe, 0x00, 0xcc, 0xcc, 0xbe, 0x00, 0xcc, 0xcc, 0xbe,
  0x00, 0xcc, 0xcc, 0xbe, 0x00, 0xcc, 0xcc, 0xbe, 0x00, 0xcc, 0xcc, 0xbe,
  0x00, 0xcc, 0xcc, 0xbe, 0x00, 0xcc, 0xcc, 0xbe, 0x00, 0xcc, 0xcc, 0xbe,
  0x00, 0xcc, 0xcc, 0xbe, 0x02, 0xc0, 0x4c, 0xbe, 0x02, 0xc0, 0x4c, 0xbe,
  0x02, 0xc0, 0x4c, 0xbe, 0x02, 0xc0, 0x4c, 0xbe, 0x02, 0xc0, 0x4c, 0xbe,
  0x02, 0xc0, 0x4c, 0xbe, 0x02, 0xc0, 0x4c, 0xbe, 0x00, 0x00, 0x00, 0x00,
  0x00, 0x00, 0x00, 0x00, 0x00, 0x00, 0x00, 0x00, 0x00, 0x00, 0x00, 0x00,
  0x00, 0x00, 0x00, 0x00, 0x00, 0x00, 0x00, 0x00, 0x00, 0x00, 0x00, 0x00,
  0x00, 0x00, 0x00, 0x00, 0x00, 0x00, 0x00, 0x00, 0x00, 0x00, 0x00, 0x00,
  0x00, 0x00, 0x00, 0x00, 0x00, 0x00, 0x00, 0x00, 0x00, 0x00, 0x00, 0x00,
  0x00, 0x00, 0x00, 0x00, 0x00, 0x00, 0x00, 0x00, 0x00, 0x00, 0x00, 0x00,
  0x00, 0x00, 0x00, 0x00, 0x00, 0x00, 0x00, 0x00, 0x00, 0x00, 0x00, 0x00,
  0x00, 0x00, 0x00, 0x00, 0x02, 0xc0, 0x4c, 0xbe, 0x02, 0xc0, 0x4c, 0xbe,
  0x02, 0xc0, 0x4c, 0xbe, 0x02, 0xc0, 0x4c, 0xbe, 0x02, 0xc0, 0x4c, 0xbe,
  0x02, 0xc0, 0x4c, 0xbe, 0x02, 0xc0, 0x4c, 0xbe, 0x02, 0xc0, 0x4c, 0xbe,
  0x02, 0xc0, 0x4c, 0xbe, 0x02, 0xc0, 0x4c, 0xbe, 0x02, 0xc0, 0x4c, 0xbe,
  0x00, 0xcc, 0xcc, 0xbe, 0x00, 0xcc, 0xcc, 0xbe, 0x00, 0xcc, 0xcc, 0xbe,
  0x02, 0xc0, 0x4c, 0xbe, 0x02, 0xc0, 0x4c, 0xbe, 0x02, 0xc0, 0x4c, 0xbe,
  0x02, 0xc0, 0x4c, 0xbe, 0x02, 0xc0, 0x4c, 0xbe, 0x02, 0xc0, 0x4c, 0xbe,
  0x02, 0xc0, 0x4c, 0xbe, 0x02, 0xc0, 0x4c, 0xbe, 0x02, 0xc0, 0x4c, 0xbe,
  0x02, 0xc0, 0x4c, 0xbe, 0x00, 0x00, 0x00, 0x00, 0x00, 0x00, 0x00, 0x00,
  0x00, 0x00, 0x00, 0x00, 0x00, 0x00, 0x00, 0x00, 0x00, 0x00, 0x00, 0x00,
  0x00, 0x00, 0x00, 0x00, 0x00, 0x00, 0x00, 0x00, 0x00, 0x00, 0x00, 0x00,
  0x02, 0xc0, 0x4c, 0x3e, 0x02, 0xc0, 0x4c, 0x3e, 0x02, 0xc0, 0x4c, 0x3e,
  0x02, 0xc0, 0x4c, 0x3e, 0x02, 0xc0, 0x4c, 0x3e, 0x02, 0xc0, 0x4c, 0x3e,
  0x02, 0xc0, 0x4c, 0x3e, 0x02, 0xc0, 0x4c, 0x3e, 0x02, 0xc0, 0x4c, 0x3e,
  0x02, 0xc0, 0x4c, 0x3e, 0x02, 0xc0, 0x4c, 0x3e, 0x02, 0xc0, 0x4c, 0x3e,
  0x02, 0xc0, 0x4c, 0x3e, 0x02, 0xc0, 0x4c, 0x3e, 0x02, 0xc0, 0x4c, 0x3e,
  0x02, 0xc0, 0x4c, 0x3e, 0x02, 0xc0, 0x4c, 0x3e, 0x02, 0xc0, 0x4c, 0x3e,
  0x02, 0xc0, 0x4c, 0x3e, 0x00, 0x00, 0x00, 0x00, 0x00, 0x00, 0x00, 0x00,
  0x00, 0x00, 0x00, 0x00, 0x00, 0x00, 0x00, 0x00, 0x00, 0x00, 0x00, 0x00,
  0x00, 0x00, 0x00, 0x00, 0x00, 0x00, 0x00, 0x00, 0x00, 0x00, 0x00, 0x00,
  0x02, 0xc0, 0x4c, 0x3e, 0x02, 0xc0, 0x4c, 0x3e, 0x02, 0xc0, 0x4c, 0x3e,
  0x02, 0xc0, 0x4c, 0x3e, 0x02, 0xc0, 0x4c, 0x3e, 0x02, 0xc0, 0x4c, 0x3e,
  0x02, 0xc0, 0x4c, 0x3e, 0x02, 0xc0, 0x4c, 0x3e, 0x02, 0xc0, 0x4c, 0x3e,
  0x02, 0xc0, 0x4c, 0x3e, 0x02, 0xc0, 0x4c, 0x3e, 0x00, 0xcc, 0xcc, 0x3e,
  0x00, 0xcc, 0xcc, 0x3e, 0x00, 0xcc, 0xcc, 0x3e, 0x00, 0xcc, 0xcc, 0x3e,
  0x00, 0xcc, 0xcc, 0x3e, 0x00, 0xcc, 0xcc, 0x3e, 0x00, 0xcc, 0xcc, 0x3e,
  0x00, 0xcc, 0xcc, 0x3e, 0x00, 0xcc, 0xcc, 0x3e, 0x00, 0xcc, 0xcc, 0x3e,
  0x00, 0xcc, 0xcc, 0x3e, 0x00, 0xcc, 0xcc, 0x3e, 0x00, 0xcc, 0xcc, 0x3e,
  0x00, 0xcc, 0xcc, 0x3e, 0x00, 0xcc, 0xcc, 0x3e, 0x00, 0xcc, 0xcc, 0x3e,
  0x00, 0xcc, 0xcc, 0x3e, 0x00, 0xcc, 0xcc, 0x3e, 0x00, 0xcc, 0xcc, 0x3e,
  0x00, 0xcc, 0xcc, 0x3e, 0x00, 0xcc, 0xcc, 0x3e, 0x00, 0xcc, 0xcc, 0x3e,
  0x02, 0xc0, 0x4c, 0x3e, 0x02, 0xc0, 0x4c, 0x3e, 0x02, 0xc0, 0x4c, 0x3e,
  0x02, 0xc0, 0x4c, 0x3e, 0x02, 0xc0, 0x4c, 0x3e, 0x02, 0xc0, 0x4c, 0x3e,
  0x02, 0xc0, 0x4c, 0x3e, 0x02, 0xc0, 0x4c, 0x3e, 0x02, 0xc0, 0x4c, 0x3e,
  0x02, 0xc0, 0x4c, 0x3e, 0x02, 0xc0, 0x4c, 0x3e, 0x02, 0xc0, 0x4c, 0x3e,
  0x00, 0x00, 0x00, 0x00, 0x00, 0x00, 0x00, 0x00, 0x00, 0x00, 0x00, 0x00,
  0x00, 0x00, 0x00, 0x00, 0x00, 0x00, 0x00, 0x00, 0x00, 0x00, 0x00, 0x00,
  0x00, 0x00, 0x00, 0x00, 0x00, 0x00, 0x00, 0x00, 0x00, 0x00, 0x00, 0x00,
  0x00, 0x00, 0x00, 0x00, 0x00, 0x00, 0x00, 0x00, 0x00, 0x00, 0x00, 0x00,
  0x02, 0xb8, 0x39, 0x3e, 0x02, 0xc0, 0x4c, 0x3e, 0x02, 0xc0, 0x4c, 0x3e,
  0x02, 0xc0, 0x4c, 0x3e, 0x02, 0xc0, 0x4c, 0x3e, 0x02, 0xc0, 0x4c, 0x3e,
  0x02, 0xc0, 0x4c, 0x3e, 0x02, 0xc0, 0x4c, 0x3e, 0x02, 0xc0, 0x4c, 0x3e,
  0x02, 0xc0, 0x4c, 0x3e, 0x02, 0xc0, 0x4c, 0x3e, 0x02, 0xc0, 0x4c, 0x3e,
  0x02, 0xc0, 0x4c, 0x3e, 0x02, 0xc0, 0x4c, 0x3e, 0x02, 0xc0, 0x4c, 0x3e,
  0x02, 0xc0, 0x4c, 0x3e, 0x02, 0xc0, 0x4c, 0x3e, 0x02, 0xc0, 0x4c, 0x3e,
  0x02, 0xc0, 0x4c, 0x3e, 0x02, 0xc0, 0x4c, 0x3e, 0x02, 0xc0, 0x4c, 0x3e,
  0x02, 0xc0, 0x4c, 0x3e, 0x02, 0xc0, 0x4c, 0x3e, 0x02, 0xc0, 0x4c, 0x3e,
  0x02, 0xc0, 0x4c, 0x3e, 0x02, 0xc0, 0x4c, 0x3e, 0x02, 0xc0, 0x4c, 0x3e,
  0x02, 0xc0, 0x4c, 0x3e, 0x02, 0xc0, 0x4c, 0x3e, 0x00, 0x00, 0x00, 0x00,
  0x00, 0x00, 0x00, 0x00, 0x00, 0x00, 0x00, 0x00, 0x00, 0x00, 0x00, 0x00,
  0x00, 0x00, 0x00, 0x00, 0x00, 0x00, 0x00, 0x00, 0x00, 0x00, 0x00, 0x00,
  0x00, 0x00, 0x00, 0x00, 0x00, 0x00, 0x00, 0x00, 0x00, 0x00, 0x00, 0x00,
  0x00, 0x00, 0x00, 0x00, 0x00, 0x00, 0x00, 0x00, 0x00, 0x00, 0x00, 0x00,
  0x00, 0x00, 0x00, 0x00, 0x00, 0x00, 0x00, 0x00, 0x00, 0x00, 0x00, 0x00,
  0x00, 0x00, 0x00, 0x00, 0x00, 0x00, 0x00, 0x00, 0x00, 0x00, 0x00, 0x00,
  0x00, 0x00, 0x00, 0x00, 0x00, 0x00, 0x00, 0x00, 0x00, 0x00, 0x00, 0x00,
  0x00, 0x00, 0x00, 0x00, 0x00, 0x00, 0x00, 0x00, 0x00, 0x00, 0x00, 0x00,
  0x00, 0x00, 0x00, 0x00, 0x00, 0x00, 0x00, 0x00, 0x00, 0x00, 0x00, 0x00,
  0x02, 0xc0, 0x4c, 0x3e, 0x02, 0xc0, 0x4c, 0x3e, 0x02, 0xc0, 0x4c, 0x3e,
  0x02, 0xc0, 0x4c, 0x3e, 0x02, 0xc0, 0x4c, 0x3e, 0x02, 0xc0, 0x4c, 0x3e,
  0x02, 0xc0, 0x4c, 0x3e, 0x02, 0xc0, 0x4c, 0x3e, 0x02, 0xc0, 0x4c, 0x3e,
  0x02, 0xc0, 0x4c, 0x3e, 0x02, 0xc0, 0x4c, 0x3e, 0x02, 0xc0, 0x4c, 0x3e,
  0x02, 0xc0, 0x4c, 0x3e, 0x02, 0xc0, 0x4c, 0x3e, 0x02, 0xc0, 0x4c, 0x3e,
  0x02, 0xc0, 0x4c, 0x3e, 0x02, 0xc0, 0x4c, 0x3e, 0x02, 0xc0, 0x4c, 0x3e,
  0x02, 0xc0, 0x4c, 0x3e, 0x02, 0xc0, 0x4c, 0x3e, 0x02, 0xc0, 0x4c, 0x3e,
  0x00, 0xcc, 0xcc, 0x3e, 0x00, 0xcc, 0xcc, 0x3e, 0x00, 0xcc, 0xcc, 0x3e,
  0x00, 0xcc, 0xcc, 0x3e, 0x00, 0xcc, 0xcc, 0x3e, 0x00, 0xcc, 0xcc, 0x3e,
  0x00, 0xcc, 0xcc, 0x3e, 0x00, 0xcc, 0xcc, 0x3e, 0x00, 0xcc, 0xcc, 0x3e,
  0x00, 0xcc, 0xcc, 0x3e, 0x00, 0xcc, 0xcc, 0x3e, 0x00, 0xcc, 0xcc, 0x3e,
  0x00, 0xcc, 0xcc, 0x3e, 0x00, 0xcc, 0xcc, 0x3e, 0x00, 0xcc, 0xcc, 0x3e,
  0x00, 0xcc, 0xcc, 0x3e, 0x00, 0x98, 0x19, 0x3f, 0x00, 0x98, 0x19, 0x3f,
  0x00, 0x98, 0x19, 0x3f, 0x00, 0x98, 0x19, 0x3f, 0x00, 0x98, 0x19, 0x3f,
  0x00, 0x98, 0x19, 0x3f, 0x00, 0x98, 0x19, 0x3f, 0x00, 0x98, 0x19, 0x3f,
  0x00, 0x98, 0x19, 0x3f, 0x00, 0x98, 0x19, 0x3f, 0x00, 0x98, 0x19, 0x3f,
  0x00, 0x98, 0x19, 0x3f, 0x00, 0x98, 0x19, 0x3f, 0x00, 0x98, 0x19, 0x3f,
  0x00, 0xce, 0x4c, 0x3f, 0x00, 0xce, 0x4c, 0x3f, 0x00, 0xce, 0x4c, 0x3f,
  0x00, 0xce, 0x4c, 0x3f, 0x00, 0xce, 0x4c, 0x3f, 0x00, 0xce, 0x4c, 0x3f,
  0x00, 0xce, 0x4c, 0x3f, 0x00, 0xce, 0x4c, 0x3f, 0x00, 0xce, 0x4c, 0x3f,
  0x00, 0xce, 0x4c, 0x3f, 0x00, 0xce, 0x4c, 0x3f, 0x00, 0xce, 0x4c, 0x3f,
  0x00, 0xfe, 0x7f, 0x3f, 0x00, 0xfe, 0x7f, 0x3f, 0x00, 0xfe, 0x7f, 0x3f,
  0x00, 0xfe, 0x7f, 0x3f, 0x00, 0xfe, 0x7f, 0x3f, 0x00, 0xfe, 0x7f, 0x3f,
  0x00, 0xfe, 0x7f, 0x3f, 0x00, 0xfe, 0x7f, 0x3f, 0x00, 0xfe, 0x7f, 0x3f,
  0x00, 0xfe, 0x7f, 0x3f, 0x00, 0xfe, 0x7f, 0x3f, 0x00, 0xfe, 0x7f, 0x3f,
  0x00, 0xfe, 0x7f, 0x3f, 0x00, 0xfe, 0x7f, 0x3f, 0x00, 0xfe, 0x7f, 0x3f,
  0x00, 0xfe, 0x7f, 0x3f, 0x00, 0xfe, 0x7f, 0x3f, 0x00, 0xfe, 0x7f, 0x3f,
  0x00, 0xfe, 0x7f, 0x3f, 0x00, 0xfe, 0x7f, 0x3f, 0x00, 0xfe, 0x7f, 0x3f,
  0x00, 0xfe, 0x7f, 0x3f, 0x00, 0xfe, 0x7f, 0x3f, 0x00, 0xfe, 0x7f, 0x3f,
  0x00, 0xfe, 0x7f, 0x3f, 0x00, 0xfe, 0x7f, 0x3f, 0x00, 0xfe, 0x7f, 0x3f,
  0x00, 0xfe, 0x7f, 0x3f, 0x00, 0xfe, 0x7f, 0x3f, 0x00, 0xfe, 0x7f, 0x3f,
  0x00, 0xfe, 0x7f, 0x3f, 0x00, 0xce, 0x4c, 0x3f, 0x00, 0xce, 0x4c, 0x3f,
  0x00, 0xce, 0x4c, 0x3f, 0x00, 0xce, 0x4c, 0x3f, 0x00, 0xce, 0x4c, 0x3f,
  0x00, 0xce, 0x4c, 0x3f, 0x00, 0x98, 0x19, 0x3f, 0x00, 0x98, 0x19, 0x3f,
  0x00, 0x98, 0x19, 0x3f, 0x00, 0xcc, 0xcc, 0x3e, 0x00, 0xcc, 0xcc, 0x3e,
  0x00, 0xcc, 0xcc, 0x3e, 0x02, 0xc0, 0x4c, 0x3e, 0x02, 0xc0, 0x4c, 0x3e,
  0x00, 0x00, 0x00, 0x00, 0x00, 0x00, 0x00, 0x00, 0x00, 0x00, 0x00, 0x00,
  0x02, 0xc0, 0x4c, 0xbe, 0x02, 0xc0, 0x4c, 0xbe, 0x00, 0xcc, 0xcc, 0xbe,
  0x00, 0xcc, 0xcc, 0xbe, 0x00, 0xcc, 0xcc, 0xbe, 0x00, 0x98, 0x19, 0xbf,
  0x00, 0x98, 0x19, 0xbf, 0x00, 0x98, 0x19, 0xbf, 0x00, 0x98, 0x19, 0xbf,
  0x00, 0x0c, 0x48, 0xbf, 0x00, 0xce, 0x4c, 0xbf, 0x00, 0xce, 0x4c, 0xbf,
  0x00, 0xce, 0x4c, 0xbf, 0x00, 0xce, 0x4c, 0xbf, 0x00, 0xce, 0x4c, 0xbf,
  0x00, 0xce, 0x4c, 0xbf, 0x00, 0xce, 0x4c, 0xbf, 0x00, 0xce, 0x4c, 0xbf,
  0x00, 0xfe, 0x7f, 0xbf, 0x00, 0xfe, 0x7f, 0xbf, 0x00, 0xfe, 0x7f, 0xbf,
  0x00, 0xfe, 0x7f, 0xbf, 0x00, 0xfe, 0x7f, 0xbf, 0x00, 0xfe, 0x7f, 0xbf,
  0x00, 0xfe, 0x7f, 0xbf, 0x00, 0xfe, 0x7f, 0xbf, 0x00, 0xfe, 0x7f, 0xbf,
  0x00, 0xfe, 0x7f, 0xbf, 0x00, 0xce, 0x4c, 0xbf, 0x00, 0xce, 0x4c, 0xbf,
  0x00, 0xce, 0x4c, 0xbf, 0x00, 0xce, 0x4c, 0xbf, 0x00, 0xce, 0x4c, 0xbf,
  0x00, 0xce, 0x4c, 0xbf, 0x00, 0xce, 0x4c, 0xbf, 0x00, 0xce, 0x4c, 0xbf,
  0x00, 0xce, 0x4c, 0xbf, 0x00, 0xce, 0x4c, 0xbf, 0x00, 0xce, 0x4c, 0xbf,
  0x00, 0xce, 0x4c, 0xbf, 0x00, 0xce, 0x4c, 0xbf, 0x00, 0xce, 0x4c, 0xbf,
  0x00, 0xce, 0x4c, 0xbf, 0x00, 0x98, 0x19, 0xbf, 0x00, 0x98, 0x19, 0xbf,
  0x00, 0x98, 0x19, 0xbf, 0x00, 0x98, 0x19, 0xbf, 0x00, 0x98, 0x19, 0xbf,
  0x00, 0x98, 0x19, 0xbf, 0x00, 0x98, 0x19, 0xbf, 0x00, 0x98, 0x19, 0xbf,
  0x00, 0x98, 0x19, 0xbf, 0x00, 0x50, 0xd6, 0xbe, 0x00, 0xcc, 0xcc, 0xbe,
  0x00, 0xcc, 0xcc, 0xbe, 0x00, 0xcc, 0xcc, 0xbe, 0x00, 0xcc, 0xcc, 0xbe,
  0x00, 0xcc, 0xcc, 0xbe, 0x00, 0xcc, 0xcc, 0xbe, 0x00, 0xcc, 0xcc, 0xbe,
  0x00, 0xcc, 0xcc, 0xbe, 0x00, 0xcc, 0xcc, 0xbe, 0x00, 0xcc, 0xcc, 0xbe,
  0xfe, 0xdf, 0x5f, 0xbe, 0x02, 0xc0, 0x4c, 0xbe, 0x02, 0xc0, 0x4c, 0xbe,
  0x02, 0xc0, 0x4c, 0xbe, 0x02, 0xc0, 0x4c, 0xbe, 0x02, 0xc0, 0x4c, 0xbe,
  0x02, 0xc0, 0x4c, 0xbe, 0x02, 0xc0, 0x4c, 0xbe, 0x02, 0xc0, 0x4c, 0xbe,
  0x02, 0xc0, 0x4c, 0xbe, 0x02, 0xc0, 0x4c, 0xbe, 0x02, 0xc0, 0x4c, 0xbe,
  0x02, 0xc0, 0x4c, 0xbe, 0x00, 0x00, 0x00, 0x00, 0x00, 0x00, 0x00, 0x00,
  0x00, 0x00, 0x00, 0x00, 0x00, 0x00, 0x00, 0x00, 0x00, 0x00, 0x00, 0x00,
  0x00, 0x00, 0x00, 0x00, 0x00, 0x00, 0x00, 0x00, 0x00, 0x00, 0x00, 0x00,
  0x00, 0x00, 0x00, 0x00, 0x00, 0x00, 0x00, 0x00, 0x00, 0x00, 0x00, 0x00,
  0x00, 0x00, 0x00, 0x00, 0x00, 0x00, 0x00, 0x00, 0x00, 0x00, 0x00, 0x00,
  0x02, 0xc0, 0x4c, 0x3e, 0x02, 0xc0, 0x4c, 0x3e, 0x02, 0xc0, 0x4c, 0x3e,
  0x02, 0xc0, 0x4c, 0x3e, 0x02, 0xc0, 0x4c, 0x3e, 0x02, 0xc0, 0x4c, 0x3e,
  0x02, 0xc0, 0x4c, 0x3e, 0x02, 0xc0, 0x4c, 0x3e, 0x02, 0xc0, 0x4c, 0x3e,
  0x02, 0xc0, 0x4c, 0x3e, 0x02, 0xc0, 0x4c, 0x3e, 0x02, 0xc0, 0x4c, 0x3e,
  0x02, 0xc0, 0x4c, 0x3e, 0x02, 0xc0, 0x4c, 0x3e, 0x02, 0xc0, 0x4c, 0x3e,
  0x00, 0xcc, 0xcc, 0x3e, 0x00, 0xcc, 0xcc, 0x3e, 0x00, 0xcc, 0xcc, 0x3e,
  0x00, 0xcc, 0xcc, 0x3e, 0x00, 0xcc, 0xcc, 0x3e, 0x00, 0xcc, 0xcc, 0x3e,
  0x00, 0xcc, 0xcc, 0x3e, 0x00, 0xcc, 0xcc, 0x3e, 0x00, 0xcc, 0xcc, 0x3e,
  0x00, 0xcc, 0xcc, 0x3e, 0x00, 0xcc, 0xcc, 0x3e, 0x00, 0xcc, 0xcc, 0x3e,
  0x00, 0xcc, 0xcc, 0x3e, 0x00, 0xcc, 0xcc, 0x3e, 0x00, 0x98, 0x19, 0x3f,
  0x00, 0x98, 0x19, 0x3f, 0x00, 0x98, 0x19, 0x3f, 0x00, 0x98, 0x19, 0x3f,
  0x00, 0x98, 0x19, 0x3f, 0x00, 0x98, 0x19, 0x3f, 0x00, 0x98, 0x19, 0x3f,
  0x00, 0x98, 0x19, 0x3f, 0x00, 0x98, 0x19, 0x3f, 0x00, 0x98, 0x19, 0x3f,
  0x00, 0x98, 0x19, 0x3f, 0x00, 0xce, 0x4c, 0x3f, 0x00, 0xce, 0x4c, 0x3f,
  0x00, 0xce, 0x4c, 0x3f, 0x00, 0xce, 0x4c, 0x3f, 0x00, 0xce, 0x4c, 0x3f,
  0x00, 0xce, 0x4c, 0x3f, 0x00, 0xce, 0x4c, 0x3f, 0x00, 0xce, 0x4c, 0x3f,
  0x00, 0xce, 0x4c, 0x3f, 0x00, 0xce, 0x4c, 0x3f, 0x00, 0xce, 0x4c, 0x3f,
  0x00, 0xce, 0x4c, 0x3f, 0x00, 0xce, 0x4c, 0x3f, 0x00, 0xce, 0x4c, 0x3f,
  0x00, 0xfe, 0x7f, 0x3f, 0x00, 0xfe, 0x7f, 0x3f, 0x00, 0xfe, 0x7f, 0x3f,
  0x00, 0xfe, 0x7f, 0x3f, 0x00, 0xfe, 0x7f, 0x3f, 0x00, 0xfe, 0x7f, 0x3f,
  0x00, 0xfe, 0x7f, 0x3f, 0x00, 0xfe, 0x7f, 0x3f, 0x00, 0xfe, 0x7f, 0x3f,
  0x00, 0xfe, 0x7f, 0x3f, 0x00, 0xfe, 0x7f, 0x3f, 0x00, 0xfe, 0x7f, 0x3f,
  0x00, 0xfe, 0x7f, 0x3f, 0x00, 0xfe, 0x7f, 0x3f, 0x00, 0xfe, 0x7f, 0x3f,
  0x00, 0xfe, 0x7f, 0x3f, 0x00, 0xfe, 0x7f, 0x3f, 0x00, 0xfe, 0x7f, 0x3f,
  0x00, 0xfe, 0x7f, 0x3f, 0x00, 0xfe, 0x7f, 0x3f, 0x00, 0xfe, 0x7f, 0x3f,
  0x00, 0xfe, 0x7f, 0x3f, 0x00, 0xfe, 0x7f, 0x3f, 0x00, 0xfe, 0x7f, 0x3f,
  0x00, 0xfe, 0x7f, 0x3f, 0x00, 0xfe, 0x7f, 0x3f, 0x00, 0xfe, 0x7f, 0x3f,
  0x00, 0xfe, 0x7f, 0x3f, 0x00, 0xfe, 0x7f, 0x3f, 0x00, 0xfe, 0x7f, 0x3f,
  0x00, 0xfe, 0x7f, 0x3f, 0x00, 0xfe, 0x7f, 0x3f, 0x00, 0xfe, 0x7f, 0x3f,
  0x00, 0xfe, 0x7f, 0x3f, 0x00, 0xfe, 0x7f, 0x3f, 0x00, 0xfe, 0x7f, 0x3f,
  0x00, 0xfe, 0x7f, 0x3f, 0x00, 0xfe, 0x7f, 0x3f, 0x00, 0xfe, 0x7f, 0x3f,
  0x00, 0xce, 0x4c, 0x3f, 0x00, 0xce, 0x4c, 0x3f, 0x00, 0xce, 0x4c, 0x3f,
  0x00, 0xce, 0x4c, 0x3f, 0x00, 0xce, 0x4c, 0x3f, 0x00, 0xce, 0x4c, 0x3f,
  0x00, 0xce, 0x4c, 0x3f, 0x00, 0xce, 0x4c, 0x3f, 0x00, 0x98, 0x19, 0x3f,
  0x00, 0x98, 0x19, 0x3f, 0x00, 0x98, 0x19, 0x3f, 0x00, 0x98, 0x19, 0x3f,
  0x00, 0x98, 0x19, 0x3f, 0x00, 0x98, 0x19, 0x3f, 0x00, 0xcc, 0xcc, 0x3e,
  0x00, 0xcc, 0xcc, 0x3e, 0x00, 0xcc, 0xcc, 0x3e, 0x00, 0xcc, 0xcc, 0x3e,
  0x00, 0xcc, 0xcc, 0x3e, 0x02, 0xc0, 0x4c, 0x3e, 0x02, 0xc0, 0x4c, 0x3e,
  0x02, 0xc0, 0x4c, 0x3e, 0x02, 0xc0, 0x4c, 0x3e, 0x02, 0xc0, 0x4c, 0x3e,
  0x00, 0x00, 0x00, 0x00, 0x00, 0x00, 0x00, 0x00, 0x00, 0x00, 0x00, 0x00,
  0x00, 0x00, 0x00, 0x00, 0x02, 0xc0, 0x4c, 0xbe, 0x02, 0xc0, 0x4c, 0xbe,
  0x02, 0xc0, 0x4c, 0xbe, 0x02, 0xc0, 0x4c, 0xbe, 0x02, 0xc0, 0x4c, 0xbe,
  0x00, 0xcc, 0xcc, 0xbe, 0x00, 0xcc, 0xcc, 0xbe, 0x00, 0xcc, 0xcc, 0xbe,
  0x00, 0xcc, 0xcc, 0xbe, 0x00, 0xcc, 0xcc, 0xbe, 0x00, 0xcc, 0xcc, 0xbe,
  0x00, 0xcc, 0xcc, 0xbe, 0x00, 0x98, 0x19, 0xbf, 0x00, 0x98, 0x19, 0xbf,
  0x00, 0x98, 0x19, 0xbf, 0x00, 0x98, 0x19, 0xbf, 0x00, 0x98, 0x19, 0xbf,
  0x00, 0x98, 0x19, 0xbf, 0x00, 0x98, 0x19, 0xbf, 0x00, 0x98, 0x19, 0xbf,
  0x00, 0x98, 0x19, 0xbf, 0x00, 0x98, 0x19, 0xbf, 0x00, 0xce, 0x4c, 0xbf,
  0x00, 0xce, 0x4c, 0xbf, 0x00, 0xce, 0x4c, 0xbf, 0x00, 0xce, 0x4c, 0xbf,
  0x00, 0xce, 0x4c, 0xbf, 0x00, 0xce, 0x4c, 0xbf, 0x00, 0xce, 0x4c, 0xbf,
  0x00, 0xce, 0x4c, 0xbf, 0x00, 0xce, 0x4c, 0xbf, 0x00, 0xce, 0x4c, 0xbf,
  0x00, 0xce, 0x4c, 0xbf, 0x00, 0xce, 0x4c, 0xbf, 0x00, 0xce, 0x4c, 0xbf,
  0x00, 0xce, 0x4c, 0xbf, 0x00, 0xce, 0x4c, 0xbf, 0x00, 0xce, 0x4c, 0xbf,
  0x00, 0xce, 0x4c, 0xbf, 0x00, 0xce, 0x4c, 0xbf, 0x00, 0xce, 0x4c, 0xbf,
  0x00, 0xce, 0x4c, 0xbf, 0x00, 0xce, 0x4c, 0xbf, 0x00, 0xce, 0x4c, 0xbf,
  0x00, 0xce, 0x4c, 0xbf, 0x00, 0x3c, 0x7b, 0xbf, 0x00, 0xfe, 0x7f, 0xbf,
  0x00, 0xfe, 0x7f, 0xbf, 0x00, 0xfe, 0x7f, 0xbf, 0x00, 0xfe, 0x7f, 0xbf,
  0x00, 0xfe, 0x7f, 0xbf, 0x00, 0xfe, 0x7f, 0xbf, 0x00, 0xfe, 0x7f, 0xbf,
  0x00, 0xfe, 0x7f, 0xbf, 0x00, 0xfe, 0x7f, 0xbf, 0x00, 0xfe, 0x7f, 0xbf,
  0x00, 0xfe, 0x7f, 0xbf, 0x00, 0xfe, 0x7f, 0xbf, 0x00, 0xfe, 0x7f, 0xbf,
  0x00, 0xfe, 0x7f, 0xbf, 0x00, 0xfe, 0x7f, 0xbf, 0x00, 0xfe, 0x7f, 0xbf,
  0x00, 0xfe, 0x7f, 0xbf, 0x00, 0xfe, 0x7f, 0xbf, 0x00, 0xfe, 0x7f, 0xbf,
  0x00, 0xfe, 0x7f, 0xbf, 0x00, 0xfe, 0x7f, 0xbf, 0x00, 0xfe, 0x7f, 0xbf,
  0x00, 0xfe, 0x7f, 0xbf, 0x00, 0xfe, 0x7f, 0xbf, 0x00, 0xfe, 0x7f, 0xbf,
  0x00, 0xfe, 0x7f, 0xbf, 0x00, 0xfe, 0x7f, 0xbf, 0x00, 0xfe, 0x7f, 0xbf,
  0x00, 0xfe, 0x7f, 0xbf, 0x00, 0xfe, 0x7f, 0xbf, 0x00, 0xfe, 0x7f, 0xbf,
  0x00, 0xfe, 0x7f, 0xbf, 0x00, 0xfe, 0x7f, 0xbf, 0x00, 0xfe, 0x7f, 0xbf,
  0x00, 0xfe, 0x7f, 0xbf, 0x00, 0xfe, 0x7f, 0xbf, 0x00, 0xfe, 0x7f, 0xbf,
  0x00, 0xfe, 0x7f, 0xbf, 0x00, 0xce, 0x4c, 0xbf, 0x00, 0xce, 0x4c, 0xbf,
  0x00, 0xce, 0x4c, 0xbf, 0x00, 0xce, 0x4c, 0xbf, 0x00, 0xce, 0x4c, 0xbf,
  0x00, 0xce, 0x4c, 0xbf, 0x00, 0xce, 0x4c, 0xbf, 0x00, 0xce, 0x4c, 0xbf,
  0x00, 0xce, 0x4c, 0xbf, 0x00, 0xce, 0x4c, 0xbf, 0x00, 0xce, 0x4c, 0xbf,
  0x00, 0xce, 0x4c, 0xbf, 0x00, 0xce, 0x4c, 0xbf, 0x00, 0xce, 0x4c, 0xbf,
  0x00, 0xce, 0x4c, 0xbf, 0x00, 0xce, 0x4c, 0xbf, 0x00, 0xce, 0x4c, 0xbf,
  0x00, 0xce, 0x4c, 0xbf, 0x00, 0xce, 0x4c, 0xbf, 0x00, 0xce, 0x4c, 0xbf,
  0x00, 0xce, 0x4c, 0xbf, 0x00, 0xce, 0x4c, 0xbf, 0x00, 0xce, 0x4c, 0xbf,
  0x00, 0xce, 0x4c, 0xbf, 0x00, 0xce, 0x4c, 0xbf, 0x00, 0xce, 0x4c, 0xbf,
  0x00, 0xce, 0x4c, 0xbf, 0x00, 0xce, 0x4c, 0xbf, 0x00, 0xce, 0x4c, 0xbf,
  0x00, 0xce, 0x4c, 0xbf, 0x00, 0xce, 0x4c, 0xbf, 0x00, 0xce, 0x4c, 0xbf,
  0x00, 0xce, 0x4c, 0xbf, 0x00, 0xce, 0x4c, 0xbf, 0x00, 0xce, 0x4c, 0xbf,
  0x00, 0xce, 0x4c, 0xbf, 0x00, 0xce, 0x4c, 0xbf, 0x00, 0xce, 0x4c, 0xbf,
  0x00, 0xce, 0x4c, 0xbf, 0x00, 0xce, 0x4c, 0xbf, 0x00, 0xce, 0x4c, 0xbf,
  0x00, 0xce, 0x4c, 0xbf, 0x00, 0xce, 0x4c, 0xbf, 0x00, 0xce, 0x4c, 0xbf,
  0x00, 0xce, 0x4c, 0xbf, 0x00, 0xce, 0x4c, 0xbf, 0x00, 0xce, 0x4c, 0xbf,
  0x00, 0xce, 0x4c, 0xbf, 0x00, 0xce, 0x4c, 0xbf, 0x00, 0xce, 0x4c, 0xbf,
  0x00, 0xce, 0x4c, 0xbf, 0x00, 0xce, 0x4c, 0xbf, 0x00, 0xce, 0x4c, 0xbf,
  0x00, 0xce, 0x4c, 0xbf, 0x00, 0xce, 0x4c, 0xbf, 0x00, 0xce, 0x4c, 0xbf,
  0x00, 0xce, 0x4c, 0xbf, 0x00, 0xce, 0x4c, 0xbf, 0x00, 0xce, 0x4c, 0xbf,
  0x00, 0xce, 0x4c, 0xbf, 0x00, 0xce, 0x4c, 0xbf, 0x00, 0xce, 0x4c, 0xbf,
  0x00, 0xce, 0x4c, 0xbf, 0x00, 0xce, 0x4c, 0xbf, 0x00, 0xce, 0x4c, 0xbf,
  0x00, 0xce, 0x4c, 0xbf, 0x00, 0xce, 0x4c, 0xbf, 0x00, 0x98, 0x19, 0xbf,
  0x00, 0x98, 0x19, 0xbf, 0x00, 0x98, 0x19, 0xbf, 0x00, 0x98, 0x19, 0xbf,
  0x00, 0x98, 0x19, 0xbf, 0x00, 0x98, 0x19, 0xbf, 0x00, 0x98, 0x19, 0xbf,
  0x00, 0x98, 0x19, 0xbf, 0x00, 0x98, 0x19, 0xbf, 0x00, 0x98, 0x19, 0xbf,
  0x00, 0x98, 0x19, 0xbf, 0x00, 0x98, 0x19, 0xbf, 0x00, 0x98, 0x19, 0xbf,
  0x00, 0x98, 0x19, 0xbf, 0x00, 0x98, 0x19, 0xbf, 0x00, 0x98, 0x19, 0xbf,
  0x00, 0x98, 0x19, 0xbf, 0x00, 0x98, 0x19, 0xbf, 0x00, 0x98, 0x19, 0xbf,
  0x00, 0x98, 0x19, 0xbf, 0x00, 0x98, 0x19, 0xbf, 0x00, 0x98, 0x19, 0xbf,
  0x00, 0x98, 0x19, 0xbf, 0x00, 0x98, 0x19, 0xbf, 0x00, 0x98, 0x19, 0xbf,
  0x00, 0x98, 0x19, 0xbf, 0x00, 0x98, 0x19, 0xbf, 0x00, 0x98, 0x19, 0xbf,
  0x00, 0x98, 0x19, 0xbf, 0x00, 0x98, 0x19, 0xbf, 0x00, 0x98, 0x19, 0xbf,
  0x00, 0x98, 0x19, 0xbf, 0x00, 0x98, 0x19, 0xbf, 0x00, 0x98, 0x19, 0xbf,
  0x00, 0x98, 0x19, 0xbf, 0x00, 0x98, 0x19, 0xbf, 0x00, 0x98, 0x19, 0xbf,
  0x00, 0x98, 0x19, 0xbf, 0x00, 0x98, 0x19, 0xbf, 0x00, 0x98, 0x19, 0xbf,
  0x00, 0x98, 0x19, 0xbf, 0x00, 0x98, 0x19, 0xbf, 0x00, 0xcc, 0xcc, 0xbe,
  0x00, 0xcc, 0xcc, 0xbe, 0x00, 0xcc, 0xcc, 0xbe, 0x00, 0xcc, 0xcc, 0xbe,
  0x00, 0xcc, 0xcc, 0xbe, 0x00, 0xcc, 0xcc, 0xbe, 0x00, 0xcc, 0xcc, 0xbe,
  0x00, 0xcc, 0xcc, 0xbe, 0x00, 0xcc, 0xcc, 0xbe, 0x00, 0xcc, 0xcc, 0xbe,
  0x00, 0xcc, 0xcc, 0xbe, 0x00, 0xcc, 0xcc, 0xbe, 0x00, 0xcc, 0xcc, 0xbe,
  0x00, 0xcc, 0xcc, 0xbe, 0x00, 0xcc, 0xcc, 0xbe, 0x00, 0xcc, 0xcc, 0xbe,
  0x00, 0xcc, 0xcc, 0xbe, 0x00, 0xcc, 0xcc, 0xbe, 0x00, 0xcc, 0xcc, 0xbe,
  0x00, 0xcc, 0xcc, 0xbe, 0x00, 0xcc, 0xcc, 0xbe, 0x00, 0xcc, 0xcc, 0xbe,
  0x00, 0xcc, 0xcc, 0xbe, 0x00, 0xcc, 0xcc, 0xbe, 0x00, 0xcc, 0xcc, 0xbe,
  0x00, 0xcc, 0xcc, 0xbe, 0x00, 0xcc, 0xcc, 0xbe, 0x00, 0xcc, 0xcc, 0xbe,
  0x00, 0xcc, 0xcc, 0xbe, 0x00, 0xcc, 0xcc, 0xbe, 0x00, 0xcc, 0xcc, 0xbe,
  0x00, 0xcc, 0xcc, 0xbe, 0x02, 0xc0, 0x4c, 0xbe, 0x02, 0xc0, 0x4c, 0xbe,
  0x02, 0xc0, 0x4c, 0xbe, 0x02, 0xc0, 0x4c, 0xbe, 0x02, 0xc0, 0x4c, 0xbe,
  0x02, 0xc0, 0x4c, 0xbe, 0x02, 0xc0, 0x4c, 0xbe, 0x02, 0xc0, 0x4c, 0xbe,
  0x02, 0xc0, 0x4c, 0xbe, 0x02, 0xc0, 0x4c, 0xbe, 0x02, 0xc0, 0x4c, 0xbe,
  0x02, 0xc0, 0x4c, 0xbe, 0x02, 0xc0, 0x4c, 0xbe, 0x02, 0xc0, 0x4c, 0xbe,
  0x02, 0xc0, 0x4c, 0xbe, 0x02, 0xc0, 0x4c, 0xbe, 0x02, 0xc0, 0x4c, 0xbe,
  0x02, 0xc0, 0x4c, 0xbe, 0x02, 0xc0, 0x4c, 0xbe, 0x02, 0xc0, 0x4c, 0xbe,
  0x02, 0xc0, 0x4c, 0xbe, 0x02, 0xc0, 0x4c, 0xbe, 0x02, 0xc0, 0x4c, 0xbe,
  0x02, 0xc0, 0x4c, 0xbe, 0x02, 0xc0, 0x4c, 0xbe, 0x02, 0xc0, 0x4c, 0xbe,
  0x02, 0xc0, 0x4c, 0xbe, 0x00, 0x00, 0x00, 0x00, 0x00, 0x00, 0x00, 0x00,
  0x00, 0x00, 0x00, 0x00, 0x00, 0x00, 0x00, 0x00, 0x00, 0x00, 0x00, 0x00,
  0x00, 0x00, 0x00, 0x00, 0x00, 0x00, 0x00, 0x00, 0x00, 0x00, 0x00, 0x00,
  0x00, 0x00, 0x00, 0x00, 0x00, 0x00, 0x00, 0x00, 0x00, 0x00, 0x00, 0x00,
  0x00, 0x00, 0x00, 0x00, 0x00, 0x00, 0x00, 0x00, 0x00, 0x00, 0x00, 0x00,
  0x00, 0x00, 0x00, 0x00, 0x00, 0x00, 0x00, 0x00, 0x00, 0x00, 0x00, 0x00,
  0x00, 0x00, 0x00, 0x00, 0x00, 0x00, 0x00, 0x00, 0x00, 0x00, 0x00, 0x00,
  0x00, 0x00, 0x00, 0x00, 0x00, 0x00, 0x00, 0x00, 0x00, 0x00, 0x00, 0x00,
  0x00, 0x00, 0x00, 0x00, 0x00, 0x00, 0x00, 0x00, 0x00, 0x00, 0x00, 0x00,
  0x02, 0xa0, 0x2a, 0x3e, 0x02, 0xa0, 0x2a, 0x3e, 0x02, 0xa0, 0x2a, 0x3e,
  0x02, 0xa0, 0x2a, 0x3e, 0x00, 0xa8, 0xaa, 0x3e, 0x00, 0xa8, 0xaa, 0x3e,
  0x00, 0xa8, 0xaa, 0x3e, 0x00, 0xa8, 0xaa, 0x3e, 0x00, 0xa8, 0xaa, 0x3e,
  0x00, 0xa8, 0xaa, 0x3e, 0x01, 0xf8, 0xff, 0x3e, 0x01, 0xf8, 0xff, 0x3e,
  0x01, 0xf8, 0xff, 0x3e, 0x01, 0xf8, 0xff, 0x3e, 0x01, 0xf8, 0xff, 0x3e,
  0x01, 0xf8, 0xff, 0x3e, 0x01, 0xf8, 0xff, 0x3e, 0x01, 0xf8, 0xff, 0x3e,
  0x01, 0xf8, 0xff, 0x3e, 0x01, 0xf8, 0xff, 0x3e, 0x01, 0xf8, 0xff, 0x3e,
  0x01, 0xf8, 0xff, 0x3e, 0x01, 0xf8, 0xff, 0x3e, 0x01, 0xf8, 0xff, 0x3e,
  0x01, 0xf8, 0xff, 0x3e, 0x01, 0xf8, 0xff, 0x3e, 0x01, 0xf8, 0xff, 0x3e,
  0x01, 0xf8, 0xff, 0x3e, 0x01, 0xf8, 0xff, 0x3e, 0x01, 0xf8, 0xff, 0x3e,
  0x00, 0xaa, 0x2a, 0x3f, 0x00, 0xaa, 0x2a, 0x3f, 0x00, 0xaa, 0x2a, 0x3f,
  0x00, 0xaa, 0x2a, 0x3f, 0x00, 0xaa, 0x2a, 0x3f, 0x00, 0xaa, 0x2a, 0x3f,
  0x00, 0xaa, 0x2a, 0x3f, 0x00, 0xaa, 0x2a, 0x3f, 0xff, 0x59, 0x51, 0x3f,
  0x00, 0x52, 0x55, 0x3f, 0x00, 0x52, 0x55, 0x3f, 0x00, 0x52, 0x55, 0x3f,
  0x00, 0x52, 0x55, 0x3f, 0x00, 0x52, 0x55, 0x3f, 0x00, 0x52, 0x55, 0x3f,
  0x00, 0x52, 0x55, 0x3f, 0x00, 0x52, 0x55, 0x3f, 0x00, 0x52, 0x55, 0x3f,
  0x00, 0x52, 0x55, 0x3f, 0x00, 0x52, 0x55, 0x3f, 0x00, 0x52, 0x55, 0x3f,
  0x00, 0x52, 0x55, 0x3f, 0x00, 0x52, 0x55, 0x3f, 0x00, 0x52, 0x55, 0x3f,
  0x00, 0x52, 0x55, 0x3f, 0x00, 0x52, 0x55, 0x3f, 0x00, 0x52, 0x55, 0x3f,
  0x00, 0x52, 0x55, 0x3f, 0x00, 0x52, 0x55, 0x3f, 0x00, 0x52, 0x55, 0x3f,
  0x00, 0x52, 0x55, 0x3f, 0x00, 0x52, 0x55, 0x3f, 0x00, 0x52, 0x55, 0x3f,
  0x00, 0x52, 0x55, 0x3f, 0x00, 0x52, 0x55, 0x3f, 0x00, 0xaa, 0x2a, 0x3f,
  0x00, 0xaa, 0x2a, 0x3f, 0x00, 0xaa, 0x2a, 0x3f, 0x00, 0xaa, 0x2a, 0x3f,
  0x00, 0xaa, 0x2a, 0x3f, 0x00, 0xaa, 0x2a, 0x3f, 0x00, 0xf4, 0x03, 0x3f,
  0x01, 0xf8, 0xff, 0x3e, 0x01, 0xf8, 0xff, 0x3e, 0x01, 0xf8, 0xff, 0x3e,
  0x01, 0xf8, 0xff, 0x3e, 0x01, 0xf8, 0xff, 0x3e, 0x01, 0xf8, 0xff, 0x3e,
  0x01, 0xf8, 0xff, 0x3e, 0x01, 0xf8, 0xff, 0x3e, 0x01, 0xf8, 0xff, 0x3e,
  0x01, 0xf8, 0xff, 0x3e, 0x01, 0xf8, 0xff, 0x3e, 0x01, 0xf8, 0xff, 0x3e,
  0x01, 0xf8, 0xff, 0x3e, 0x01, 0xf8, 0xff, 0x3e, 0x01, 0xf8, 0xff, 0x3e,
  0x01, 0xf8, 0xff, 0x3e, 0x01, 0xf8, 0xff, 0x3e, 0x00, 0xa8, 0xaa, 0x3e,
  0x00, 0xa8, 0xaa, 0x3e, 0x00, 0xa8, 0xaa, 0x3e, 0x00, 0xa8, 0xaa, 0x3e,
  0x00, 0xa8, 0xaa, 0x3e, 0x02, 0xa0, 0x2a, 0x3e, 0x02, 0xa0, 0x2a, 0x3e,
  0x02, 0xa0, 0x2a, 0x3e, 0x00, 0x00, 0x00, 0x00, 0x00, 0x00, 0x00, 0x00,
  0x00, 0x00, 0x00, 0x00, 0x02, 0xa0, 0x2a, 0xbe, 0x02, 0xa0, 0x2a, 0xbe,
  0x02, 0xa0, 0x2a, 0xbe, 0x02, 0xa0, 0x2a, 0xbe, 0x02, 0xa0, 0x2a, 0xbe,
  0x00, 0xa8, 0xaa, 0xbe, 0x00, 0xa8, 0xaa, 0xbe, 0x00, 0xa8, 0xaa, 0xbe,
  0x00, 0xa8, 0xaa, 0xbe, 0x00, 0xa8, 0xaa, 0xbe, 0x00, 0xa8, 0xaa, 0xbe,
  0x00, 0xa8, 0xaa, 0xbe, 0x00, 0xa8, 0xaa, 0xbe, 0x00, 0xa8, 0xaa, 0xbe,
  0x00, 0xa8, 0xaa, 0xbe, 0x00, 0xa8, 0xaa, 0xbe, 0x00, 0xa8, 0xaa, 0xbe,
  0x00, 0xa8, 0xaa, 0xbe, 0x00, 0xa8, 0xaa, 0xbe, 0x00, 0xa8, 0xaa, 0xbe,
  0x01, 0xf8, 0xff, 0xbe, 0x01, 0xf8, 0xff, 0xbe, 0x01, 0xf8, 0xff, 0xbe,
  0x01, 0xf8, 0xff, 0xbe, 0x01, 0xf8, 0xff, 0xbe, 0x01, 0xf8, 0xff, 0xbe,
  0x01, 0xf8, 0xff, 0xbe, 0x00, 0xaa, 0x2a, 0xbf, 0x00, 0xaa, 0x2a, 0xbf,
  0x00, 0xaa, 0x2a, 0xbf, 0x00, 0xaa, 0x2a, 0xbf, 0x00, 0xaa, 0x2a, 0xbf,
  0x00, 0xaa, 0x2a, 0xbf, 0x00, 0xaa, 0x2a, 0xbf, 0x00, 0xaa, 0x2a, 0xbf,
  0x00, 0xaa, 0x2a, 0xbf, 0x00, 0xaa, 0x2a, 0xbf, 0x00, 0xaa, 0x2a, 0xbf,
  0x00, 0xaa, 0x2a, 0xbf, 0x00, 0xaa, 0x2a, 0xbf, 0x00, 0xaa, 0x2a, 0xbf,
  0x00, 0xaa, 0x2a, 0xbf, 0x00, 0xaa, 0x2a, 0xbf, 0x00, 0xaa, 0x2a, 0xbf,
  0x00, 0xaa, 0x2a, 0xbf, 0x00, 0xaa, 0x2a, 0xbf, 0x00, 0xaa, 0x2a, 0xbf,
  0x00, 0xaa, 0x2a, 0xbf, 0x00, 0xaa, 0x2a, 0xbf, 0x01, 0xf8, 0xff, 0xbe,
  0x01, 0xf8, 0xff, 0xbe, 0x01, 0xf8, 0xff, 0xbe, 0x01, 0xf8, 0xff, 0xbe,
  0x01, 0xf8, 0xff, 0xbe, 0x01, 0xf8, 0xff, 0xbe, 0x01, 0xf8, 0xff, 0xbe,
  0x01, 0xf8, 0xff, 0xbe, 0x01, 0xf8, 0xff, 0xbe, 0x01, 0xf8, 0xff, 0xbe,
  0x00, 0xa8, 0xaa, 0xbe, 0x00, 0xa8, 0xaa, 0xbe, 0x00, 0xa8, 0xaa, 0xbe,
  0x02, 0xa0, 0x2a, 0xbe, 0x02, 0xa0, 0x2a, 0xbe, 0x02, 0xa0, 0x2a, 0xbe,
  0x02, 0xa0, 0x2a, 0xbe, 0x02, 0xa0, 0x2a, 0xbe, 0xfe, 0x7f, 0x7d, 0xbc,
  0x00, 0x00, 0x00, 0x00, 0x00, 0x00, 0x00, 0x00, 0x00, 0x00, 0x00, 0x00,
  0x00, 0x00, 0x00, 0x00, 0x00, 0x00, 0x00, 0x00, 0x00, 0x00, 0x00, 0x00,
  0x00, 0x00, 0x00, 0x00, 0x00, 0x00, 0x00, 0x00, 0x00, 0x00, 0x00, 0x00,
  0x00, 0x00, 0x00, 0x00, 0x00, 0x00, 0x00, 0x00, 0x00, 0x00, 0x00, 0x00,
  0x02, 0xa0, 0x2a, 0x3e, 0x02, 0xa0, 0x2a, 0x3e, 0x02, 0xa0, 0x2a, 0x3e,
  0x02, 0xa0, 0x2a, 0x3e, 0x02, 0xa0, 0x2a, 0x3e, 0x02, 0xa0, 0x2a, 0x3e,
  0x02, 0xa0, 0x2a, 0x3e, 0x00, 0xa8, 0xaa, 0x3e, 0x00, 0xa8, 0xaa, 0x3e,
  0x00, 0xa8, 0xaa, 0x3e, 0x00, 0xa8, 0xaa, 0x3e, 0x01, 0xf8, 0xff, 0x3e,
  0x01, 0xf8, 0xff, 0x3e, 0x01, 0xf8, 0xff, 0x3e, 0x01, 0xf8, 0xff, 0x3e,
  0x00, 0xaa, 0x2a, 0x3f, 0x00, 0xaa, 0x2a, 0x3f, 0x00, 0xaa, 0x2a, 0x3f,
  0x00, 0xaa, 0x2a, 0x3f, 0x00, 0xaa, 0x2a, 0x3f, 0x00, 0xaa, 0x2a, 0x3f,
  0x00, 0xaa, 0x2a, 0x3f, 0x00, 0xaa, 0x2a, 0x3f, 0x00, 0xaa, 0x2a, 0x3f,
  0x00, 0xaa, 0x2a, 0x3f, 0x00, 0xaa, 0x2a, 0x3f, 0x00, 0xaa, 0x2a, 0x3f,
  0x00, 0xaa, 0x2a, 0x3f, 0x00, 0xaa, 0x2a, 0x3f, 0x00, 0xaa, 0x2a, 0x3f,
  0x00, 0xaa, 0x2a, 0x3f, 0x00, 0xaa, 0x2a, 0x3f, 0x00, 0x52, 0x55, 0x3f,
  0x00, 0x52, 0x55, 0x3f, 0x00, 0x52, 0x55, 0x3f, 0x00, 0x52, 0x55, 0x3f,
  0x00, 0x52, 0x55, 0x3f, 0x00, 0x52, 0x55, 0x3f, 0x00, 0x52, 0x55, 0x3f,
  0x00, 0x52, 0x55, 0x3f, 0x00, 0x52, 0x55, 0x3f, 0x00, 0x52, 0x55, 0x3f,
  0x00, 0x52, 0x55, 0x3f, 0x00, 0x52, 0x55, 0x3f, 0x00, 0x52, 0x55, 0x3f,
  0x00, 0x52, 0x55, 0x3f, 0x00, 0x52, 0x55, 0x3f, 0x00, 0x52, 0x55, 0x3f,
  0x00, 0x52, 0x55, 0x3f, 0x00, 0x52, 0x55, 0x3f, 0x00, 0x52, 0x55, 0x3f,
  0x00, 0x52, 0x55, 0x3f, 0x00, 0xa0, 0x2e, 0x3f, 0x00, 0xaa, 0x2a, 0x3f,
  0x00, 0xaa, 0x2a, 0x3f, 0x00, 0xaa, 0x2a, 0x3f, 0x00, 0xaa, 0x2a, 0x3f,
  0x00, 0xaa, 0x2a, 0x3f, 0x00, 0xaa, 0x2a, 0x3f, 0x00, 0xaa, 0x2a, 0x3f,
  0x00, 0xaa, 0x2a, 0x3f, 0x00, 0xaa, 0x2a, 0x3f, 0x00, 0xaa, 0x2a, 0x3f,
  0x00, 0xaa, 0x2a, 0x3f, 0x00, 0xaa, 0x2a, 0x3f, 0x00, 0xaa, 0x2a, 0x3f,
  0x00, 0xaa, 0x2a, 0x3f, 0x00, 0xaa, 0x2a, 0x3f, 0x00, 0xaa, 0x2a, 0x3f,
  0x00, 0xaa, 0x2a, 0x3f, 0x00, 0xaa, 0x2a, 0x3f, 0x01, 0xf8, 0xff, 0x3e,
  0x01, 0xf8, 0xff, 0x3e, 0x01, 0xf8, 0xff, 0x3e, 0x01, 0xf8, 0xff, 0x3e,
  0x01, 0xf8, 0xff, 0x3e, 0x00, 0xa8, 0xaa, 0x3e, 0x00, 0xa8, 0xaa, 0x3e,
  0x00, 0xa8, 0xaa, 0x3e, 0x00, 0xa8, 0xaa, 0x3e, 0x02, 0xa0, 0x2a, 0x3e,
  0x02, 0xa0, 0x2a, 0x3e, 0x02, 0xa0, 0x2a, 0x3e, 0x02, 0xa0, 0x2a, 0x3e,
  0x02, 0xa0, 0x2a, 0x3e, 0x02, 0xa0, 0x2a, 0x3e, 0x02, 0xa0, 0x2a, 0x3e,
  0x00, 0x00, 0x00, 0x00, 0x00, 0x00, 0x00, 0x00, 0x00, 0x00, 0x00, 0x00,
  0x02, 0xa0, 0x2a, 0x3e, 0x02, 0xa0, 0x2a, 0x3e, 0x02, 0xa0, 0x2a, 0x3e,
  0x02, 0xa0, 0x2a, 0x3e, 0x02, 0xa0, 0x2a, 0x3e, 0x02, 0xa0, 0x2a, 0x3e,
  0x02, 0xa0, 0x2a, 0x3e, 0x00, 0x00, 0x00, 0x00, 0x00, 0x00, 0x00, 0x00,
  0x00, 0x00, 0x00, 0x00, 0x00, 0x00, 0x00, 0x00, 0x00, 0x00, 0x00, 0x00,
  0x00, 0x00, 0x00, 0x00, 0x02, 0xa0, 0x2a, 0xbe, 0x02, 0xa0, 0x2a, 0xbe,
  0x02, 0xa0, 0x2a, 0xbe, 0x02, 0xa0, 0x2a, 0xbe, 0x02, 0xa0, 0x2a, 0xbe,
  0x00, 0xa8, 0xaa, 0xbe, 0x00, 0xa8, 0xaa, 0xbe, 0x00, 0xa8, 0xaa, 0xbe,
  0x01, 0xf8, 0xff, 0xbe, 0x01, 0xf8, 0xff, 0xbe, 0x01, 0xf8, 0xff, 0xbe,
  0x01, 0xf8, 0xff, 0xbe, 0x01, 0xf8, 0xff, 0xbe, 0x01, 0xf8, 0xff, 0xbe,
  0x01, 0xf8, 0xff, 0xbe, 0x01, 0xf8, 0xff, 0xbe, 0x01, 0xf8, 0xff, 0xbe,
  0x01, 0xf8, 0xff, 0xbe, 0x01, 0xf8, 0xff, 0xbe, 0x01, 0xf8, 0xff, 0xbe,
  0x01, 0xf8, 0xff, 0xbe, 0x01, 0xf8, 0xff, 0xbe, 0x01, 0xf8, 0xff, 0xbe,
  0x01, 0xf8, 0xff, 0xbe, 0x01, 0xf8, 0xff, 0xbe, 0x01, 0xf8, 0xff, 0xbe,
  0x01, 0xf8, 0xff, 0xbe, 0x01, 0xf8, 0xff, 0xbe, 0x01, 0xf8, 0xff, 0xbe,
  0x01, 0xf8, 0xff, 0xbe, 0x00, 0xaa, 0x2a, 0xbf, 0x00, 0xaa, 0x2a, 0xbf,
  0x00, 0xaa, 0x2a, 0xbf, 0x00, 0xaa, 0x2a, 0xbf, 0x00, 0xaa, 0x2a, 0xbf,
  0x00, 0xaa, 0x2a, 0xbf, 0x00, 0xaa, 0x2a, 0xbf, 0x00, 0x52, 0x55, 0xbf,
  0x00, 0x52, 0x55, 0xbf, 0x00, 0x52, 0x55, 0xbf, 0x00, 0x52, 0x55, 0xbf,
  0x00, 0x52, 0x55, 0xbf, 0x00, 0x52, 0x55, 0xbf, 0x00, 0x52, 0x55, 0xbf,
  0x00, 0x52, 0x55, 0xbf, 0x00, 0x52, 0x55, 0xbf, 0x00, 0x52, 0x55, 0xbf,
  0x00, 0x52, 0x55, 0xbf, 0x00, 0x52, 0x55, 0xbf, 0x00, 0x52, 0x55, 0xbf,
  0x00, 0x52, 0x55, 0xbf, 0x00, 0x52, 0x55, 0xbf, 0x00, 0x52, 0x55, 0xbf,
  0x00, 0x52, 0x55, 0xbf, 0x00, 0x52, 0x55, 0xbf, 0x00, 0x52, 0x55, 0xbf,
  0x00, 0x52, 0x55, 0xbf, 0x00, 0x52, 0x55, 0xbf, 0x00, 0x52, 0x55, 0xbf,
  0x00, 0x52, 0x55, 0xbf, 0x00, 0x52, 0x55, 0xbf, 0x00, 0x52, 0x55, 0xbf,
  0x00, 0x52, 0x55, 0xbf, 0x00, 0x52, 0x55, 0xbf, 0x00, 0xfe, 0x7f, 0xbf,
  0x00, 0xfe, 0x7f, 0xbf, 0x00, 0xfe, 0x7f, 0xbf, 0x00, 0xfe, 0x7f, 0xbf,
  0x00, 0xfe, 0x7f, 0xbf, 0x00, 0xfe, 0x7f, 0xbf, 0x00, 0xfe, 0x7f, 0xbf,
  0x00, 0xfe, 0x7f, 0xbf, 0x00, 0xfe, 0x7f, 0xbf, 0x00, 0xfe, 0x7f, 0xbf,
  0x00, 0xfe, 0x7f, 0xbf, 0x00, 0xfe, 0x7f, 0xbf, 0x00, 0xfe, 0x7f, 0xbf,
  0x00, 0xfe, 0x7f, 0xbf, 0x00, 0xfe, 0x7f, 0xbf, 0x00, 0xfe, 0x7f, 0xbf,
  0x00, 0xfe, 0x7f, 0xbf, 0x00, 0xfe, 0x7f, 0xbf, 0x00, 0xfe, 0x7f, 0xbf,
  0x00, 0xfe, 0x7f, 0xbf, 0x00, 0xfe, 0x7f, 0xbf, 0x00, 0xfe, 0x7f, 0xbf,
  0x00, 0xfe, 0x7f, 0xbf, 0x00, 0xfe, 0x7f, 0xbf, 0x00, 0xfe, 0x7f, 0xbf,
  0x00, 0xfe, 0x7f, 0xbf, 0x00, 0xfe, 0x7f, 0xbf, 0x00, 0xfe, 0x7f, 0xbf,
  0x00, 0xfe, 0x7f, 0xbf, 0x00, 0xfe, 0x7f, 0xbf, 0x00, 0xfe, 0x7f, 0xbf,
  0x00, 0xfe, 0x7f, 0xbf, 0x00, 0xfe, 0x7f, 0xbf, 0x00, 0xfe, 0x7f, 0xbf,
  0x00, 0xfe, 0x7f, 0xbf, 0x00, 0xfe, 0x7f, 0xbf, 0x00, 0xfe, 0x7f, 0xbf,
  0x00, 0xfe, 0x7f, 0xbf, 0x00, 0xfe, 0x7f, 0xbf, 0x00, 0xfe, 0x7f, 0xbf,
  0x00, 0xfe, 0x7f, 0xbf, 0x00, 0xfe, 0x7f, 0xbf, 0x00, 0xfe, 0x7f, 0xbf,
  0x00, 0xfe, 0x7f, 0xbf, 0x00, 0xfe, 0x7f, 0xbf, 0x00, 0xfe, 0x7f, 0xbf,
  0x00, 0xfe, 0x7f, 0xbf, 0x00, 0xfe, 0x7f, 0xbf, 0x00, 0xfe, 0x7f, 0xbf,
  0x00, 0xfe, 0x7f, 0xbf, 0x00, 0xfe, 0x7f, 0xbf, 0x00, 0xfe, 0x7f, 0xbf,
  0x00, 0xfe, 0x7f, 0xbf, 0x00, 0xfe, 0x7f, 0xbf, 0x00, 0xfe, 0x7f, 0xbf,
  0x00, 0xfe, 0x7f, 0xbf, 0x00, 0xfe, 0x7f, 0xbf, 0x00, 0xfe, 0x7f, 0xbf,
  0x00, 0xfe, 0x7f, 0xbf, 0x00, 0xfe, 0x7f, 0xbf, 0x00, 0xfe, 0x7f, 0xbf,
  0x00, 0xfe, 0x7f, 0xbf, 0x00, 0xfe, 0x7f, 0xbf, 0x00, 0xfe, 0x7f, 0xbf,
  0x00, 0xfe, 0x7f, 0xbf, 0x00, 0xfe, 0x7f, 0xbf, 0x00, 0xfe, 0x7f, 0xbf,
  0x00, 0xfe, 0x7f, 0xbf, 0x00, 0xfe, 0x7f, 0xbf, 0x00, 0xfe, 0x7f, 0xbf,
  0x00, 0xfe, 0x7f, 0xbf, 0x00, 0xfe, 0x7f, 0xbf, 0x00, 0xfe, 0x7f, 0xbf,
  0x00, 0xfe, 0x7f, 0xbf, 0x00, 0xfe, 0x7f, 0xbf, 0x00, 0xfe, 0x7f, 0xbf,
  0x00, 0xfe, 0x7f, 0xbf, 0x00, 0xfe, 0x7f, 0xbf, 0x00, 0xfe, 0x7f, 0xbf,
  0x00, 0xfe, 0x7f, 0xbf, 0x00, 0xfe, 0x7f, 0xbf, 0x00, 0xfe, 0x7f, 0xbf,
  0x00, 0xfe, 0x7f, 0xbf, 0x00, 0xfe, 0x7f, 0xbf, 0x00, 0xfe, 0x7f, 0xbf,
  0x00, 0xfe, 0x7f, 0xbf, 0x00, 0xfe, 0x7f, 0xbf, 0x00, 0xfe, 0x7f, 0xbf,
  0x00, 0xfe, 0x7f, 0xbf, 0x00, 0xfe, 0x7f, 0xbf, 0x00, 0xfe, 0x7f, 0xbf,
  0x00, 0xfe, 0x7f, 0xbf, 0x00, 0xfe, 0x7f, 0xbf, 0x00, 0xfe, 0x7f, 0xbf,
  0x00, 0xfe, 0x7f, 0xbf, 0x00, 0xfe, 0x7f, 0xbf, 0x00, 0xfe, 0x7f, 0xbf,
  0x00, 0xfe, 0x7f, 0xbf, 0x00, 0xfe, 0x7f, 0xbf, 0x00, 0xfe, 0x7f, 0xbf,
  0x00, 0xfe, 0x7f, 0xbf, 0x00, 0xfe, 0x7f, 0xbf, 0x00, 0xfe, 0x7f, 0xbf,
  0x00, 0xfe, 0x7f, 0xbf, 0x00, 0xfe, 0x7f, 0xbf, 0x00, 0xfe, 0x7f, 0xbf,
  0x00, 0xfe, 0x7f, 0xbf, 0x00, 0xfe, 0x7f, 0xbf, 0x00, 0xfe, 0x7f, 0xbf,
  0x00, 0xfe, 0x7f, 0xbf, 0x00, 0xfe, 0x7f, 0xbf, 0x00, 0xfe, 0x7f, 0xbf,
  0x00, 0xfe, 0x7f, 0xbf, 0x00, 0xfe, 0x7f, 0xbf, 0x00, 0xfe, 0x7f, 0xbf,
  0x00, 0xfe, 0x7f, 0xbf, 0x00, 0xfe, 0x7f, 0xbf, 0x00, 0xfe, 0x7f, 0xbf,
  0x00, 0xfe, 0x7f, 0xbf, 0x00, 0xfe, 0x7f, 0xbf, 0x00, 0xfe, 0x7f, 0xbf,
  0x00, 0xfe, 0x7f, 0xbf, 0x00, 0xfe, 0x7f, 0xbf, 0x00, 0xfe, 0x7f, 0xbf,
  0x00, 0xfe, 0x7f, 0xbf, 0x00, 0xfe, 0x7f, 0xbf, 0x00, 0xfe, 0x7f, 0xbf,
  0x00, 0xfe, 0x7f, 0xbf, 0x00, 0xfe, 0x7f, 0xbf, 0x00, 0xfe, 0x7f, 0xbf,
  0x00, 0xfe, 0x7f, 0xbf, 0x00, 0xfe, 0x7f, 0xbf, 0x00, 0xfe, 0x7f, 0xbf,
  0x00, 0xfe, 0x7f, 0xbf, 0x00, 0x52, 0x55, 0xbf, 0x00, 0x52, 0x55, 0xbf,
  0x00, 0x52, 0x55, 0xbf, 0x00, 0x52, 0x55, 0xbf, 0x00, 0x52, 0x55, 0xbf,
  0x00, 0x52, 0x55, 0xbf, 0x00, 0x52, 0x55, 0xbf, 0x00, 0x52, 0x55, 0xbf,
  0x00, 0xfe, 0x7f, 0xbf, 0x00, 0xfe, 0x7f, 0xbf, 0x00, 0xfe, 0x7f, 0xbf,
  0x00, 0xfe, 0x7f, 0xbf, 0x00, 0xfe, 0x7f, 0xbf, 0x00, 0xfe, 0x7f, 0xbf,
  0x00, 0xfe, 0x7f, 0xbf, 0x00, 0xfe, 0x7f, 0xbf, 0x00, 0xfe, 0x7f, 0xbf,
  0x00, 0xfe, 0x7f, 0xbf, 0x00, 0xfe, 0x7f, 0xbf, 0x00, 0xfe, 0x7f, 0xbf,
  0x00, 0xfe, 0x7f, 0xbf, 0x00, 0xfe, 0x7f, 0xbf, 0x00, 0xfe, 0x7f, 0xbf,
  0x00, 0xfe, 0x7f, 0xbf, 0x00, 0xfe, 0x7f, 0xbf, 0x00, 0x52, 0x55, 0xbf,
  0x00, 0x52, 0x55, 0xbf, 0x00, 0x52, 0x55, 0xbf, 0x00, 0x52, 0x55, 0xbf,
  0x00, 0x52, 0x55, 0xbf, 0x00, 0x52, 0x55, 0xbf, 0x00, 0x52, 0x55, 0xbf,
  0x00, 0x52, 0x55, 0xbf, 0x00, 0x52, 0x55, 0xbf, 0x00, 0x52, 0x55, 0xbf,
  0x00, 0x52, 0x55, 0xbf, 0x00, 0x52, 0x55, 0xbf, 0x00, 0x52, 0x55, 0xbf,
  0x00, 0x52, 0x55, 0xbf, 0x00, 0x52, 0x55, 0xbf, 0x00, 0x52, 0x55, 0xbf,
  0x00, 0x52, 0x55, 0xbf, 0x00, 0x52, 0x55, 0xbf, 0x00, 0x52, 0x55, 0xbf,
  0x00, 0x52, 0x55, 0xbf, 0x00, 0x52, 0x55, 0xbf, 0x00, 0x52, 0x55, 0xbf,
  0x00, 0x52, 0x55, 0xbf, 0x00, 0x52, 0x55, 0xbf, 0x00, 0x52, 0x55, 0xbf,
  0x00, 0x52, 0x55, 0xbf, 0x00, 0x52, 0x55, 0xbf, 0x00, 0x52, 0x55, 0xbf,
  0x00, 0x52, 0x55, 0xbf, 0x00, 0x52, 0x55, 0xbf, 0x00, 0x52, 0x55, 0xbf,
  0x00, 0xaa, 0x2a, 0xbf, 0x00, 0xaa, 0x2a, 0xbf, 0x00, 0xaa, 0x2a, 0xbf,
  0x00, 0xaa, 0x2a, 0xbf, 0x00, 0xaa, 0x2a, 0xbf, 0x00, 0xaa, 0x2a, 0xbf,
  0x01, 0xf8, 0xff, 0xbe, 0x01, 0xf8, 0xff, 0xbe, 0x01, 0xf8, 0xff, 0xbe,
  0x01, 0xf8, 0xff, 0xbe, 0x01, 0xf8, 0xff, 0xbe, 0x01, 0xf8, 0xff, 0xbe,
  0x01, 0xf8, 0xff, 0xbe, 0x01, 0xf8, 0xff, 0xbe, 0x01, 0xf8, 0xff, 0xbe,
  0x01, 0xf8, 0xff, 0xbe, 0x01, 0xf8, 0xff, 0xbe, 0x01, 0xf8, 0xff, 0xbe,
  0x01, 0xf8, 0xff, 0xbe, 0x01, 0xf8, 0xff, 0xbe, 0x01, 0xf8, 0xff, 0xbe,
  0x01, 0xf8, 0xff, 0xbe, 0x01, 0xf8, 0xff, 0xbe, 0x01, 0xf8, 0xff, 0xbe,
  0x01, 0xf8, 0xff, 0xbe, 0x01, 0xf8, 0xff, 0xbe, 0x01, 0xf8, 0xff, 0xbe,
  0x01, 0xf8, 0xff, 0xbe, 0x01, 0xf8, 0xff, 0xbe, 0x01, 0xf8, 0xff, 0xbe,
  0x01, 0xf8, 0xff, 0xbe, 0x01, 0xf8, 0xff, 0xbe, 0x00, 0xa8, 0xaa, 0xbe,
  0x00, 0xa8, 0xaa, 0xbe, 0x00, 0xa8, 0xaa, 0xbe, 0x00, 0xa8, 0xaa, 0xbe,
  0x02, 0xa0, 0x2a, 0xbe, 0x02, 0xa0, 0x2a, 0xbe, 0x02, 0xa0, 0x2a, 0xbe,
  0x02, 0xa0, 0x2a, 0xbe, 0x02, 0xa0, 0x2a, 0xbe, 0x02, 0xa0, 0x2a, 0xbe,
  0x02, 0xa0, 0x2a, 0xbe, 0x00, 0x00, 0x00, 0x00, 0x00, 0x00, 0x00, 0x00,
  0x00, 0x00, 0x00, 0x00, 0x00, 0x00, 0x00, 0x00, 0x00, 0x00, 0x00, 0x00,
  0x02, 0xa0, 0x2a, 0xbe, 0x02, 0xa0, 0x2a, 0xbe, 0x02, 0xa0, 0x2a, 0xbe,
  0x02, 0xa0, 0x2a, 0xbe, 0x02, 0xa0, 0x2a, 0xbe, 0x02, 0xa0, 0x2a, 0xbe,
  0x02, 0xa0, 0x2a, 0xbe, 0x02, 0xa0, 0x2a, 0xbe, 0x00, 0x00, 0x00, 0x00,
  0x00, 0x00, 0x00, 0x00, 0x00, 0x00, 0x00, 0x00, 0x00, 0x00, 0x00, 0x00,
  0x00, 0x00, 0x00, 0x00, 0x00, 0x00, 0x00, 0x00, 0x00, 0x00, 0x00, 0x00,
  0x02, 0xa0, 0x2a, 0x3e, 0x02, 0xa0, 0x2a, 0x3e, 0x02, 0xa0, 0x2a, 0x3e,
  0x01, 0xbc, 0xa2, 0x3e, 0x00, 0xa8, 0xaa, 0x3e, 0x00, 0xa8, 0xaa, 0x3e,
  0x00, 0xa8, 0xaa, 0x3e, 0x01, 0xf8, 0xff, 0x3e, 0x01, 0xf8, 0xff, 0x3e,
  0x01, 0xf8, 0xff, 0x3e, 0x01, 0xf8, 0xff, 0x3e, 0x01, 0xf8, 0xff, 0x3e,
  0x01, 0xf8, 0xff, 0x3e, 0x01, 0xf8, 0xff, 0x3e, 0x01, 0xf8, 0xff, 0x3e,
  0x01, 0xf8, 0xff, 0x3e, 0x01, 0xf8, 0xff, 0x3e, 0x01, 0xf8, 0xff, 0x3e,
  0x01, 0xf8, 0xff, 0x3e, 0x01, 0xf8, 0xff, 0x3e, 0x01, 0xf8, 0xff, 0x3e,
  0x01, 0xf8, 0xff, 0x3e, 0x01, 0xf8, 0xff, 0x3e, 0x00, 0xa8, 0xaa, 0x3e,
  0x00, 0xa8, 0xaa, 0x3e, 0x00, 0xa8, 0xaa, 0x3e, 0x00, 0xa8, 0xaa, 0x3e,
  0x00, 0xa8, 0xaa, 0x3e, 0x00, 0xa8, 0xaa, 0x3e, 0x00, 0xa8, 0xaa, 0x3e,
  0x00, 0xa8, 0xaa, 0x3e, 0x00, 0xa8, 0xaa, 0x3e, 0x00, 0xa8, 0xaa, 0x3e,
  0x02, 0xa0, 0x2a, 0x3e, 0x02, 0xa0, 0x2a, 0x3e, 0x02, 0xa0, 0x2a, 0x3e,
  0x02, 0xa0, 0x2a, 0x3e, 0x02, 0xa0, 0x2a, 0x3e, 0x02, 0xa0, 0x2a, 0x3e,
  0x02, 0xa0, 0x2a, 0x3e, 0x02, 0xa0, 0x2a, 0x3e, 0x02, 0xa0, 0x2a, 0x3e,
  0x02, 0xa0, 0x2a, 0x3e, 0x02, 0xa0, 0x2a, 0x3e, 0x00, 0x00, 0x00, 0x00,
  0x00, 0x00, 0x00, 0x00, 0x00, 0x00, 0x00, 0x00, 0x00, 0x00, 0x00, 0x00,
  0x00, 0x00, 0x00, 0x00, 0x00, 0x00, 0x00, 0x00, 0x00, 0x00, 0x00, 0x00,
  0x00, 0x00, 0x00, 0x00, 0x00, 0x00, 0x00, 0x00, 0x00, 0x00, 0x00, 0x00,
  0x00, 0x00, 0x00, 0x00, 0x00, 0x00, 0x00, 0x00, 0x00, 0x00, 0x00, 0x00,
  0xfd, 0xbf, 0x1a, 0xbe, 0x02, 0xa0, 0x2a, 0xbe, 0x02, 0xa0, 0x2a, 0xbe,
  0x02, 0xa0, 0x2a, 0xbe, 0x02, 0xa0, 0x2a, 0xbe, 0x02, 0xa0, 0x2a, 0xbe,
  0x02, 0xa0, 0x2a, 0xbe, 0x02, 0xa0, 0x2a, 0xbe, 0x02, 0xa0, 0x2a, 0xbe,
  0x02, 0xa0, 0x2a, 0xbe, 0x02, 0xa0, 0x2a, 0xbe, 0x02, 0xa0, 0x2a, 0xbe,
  0x02, 0xa0, 0x2a, 0xbe, 0x02, 0xa0, 0x2a, 0xbe, 0x02, 0xa0, 0x2a, 0xbe,
  0x02, 0xa0, 0x2a, 0xbe, 0x02, 0xa0, 0x2a, 0xbe, 0x02, 0xa0, 0x2a, 0xbe,
  0x02, 0xa0, 0x2a, 0xbe, 0x02, 0xa0, 0x2a, 0xbe, 0x02, 0xa0, 0x2a, 0xbe,
  0x02, 0xa0, 0x2a, 0xbe, 0x02, 0xa0, 0x2a, 0xbe, 0x02, 0xa0, 0x2a, 0xbe,
  0x00, 0xa8, 0xaa, 0xbe, 0x00, 0xa8, 0xaa, 0xbe, 0x00, 0xa8, 0xaa, 0xbe,
  0x00, 0xa8, 0xaa, 0xbe, 0x00, 0xa8, 0xaa, 0xbe, 0x00, 0xa8, 0xaa, 0xbe,
  0x00, 0xa8, 0xaa, 0xbe, 0x00, 0xa8, 0xaa, 0xbe, 0x00, 0xa8, 0xaa, 0xbe,
  0x00, 0xa8, 0xaa, 0xbe, 0x00, 0xa8, 0xaa, 0xbe, 0x00, 0xa8, 0xaa, 0xbe,
  0x00, 0xa8, 0xaa, 0xbe, 0x00, 0xa8, 0xaa, 0xbe, 0x00, 0xa8, 0xaa, 0xbe,
  0x00, 0xa8, 0xaa, 0xbe, 0x00, 0xa8, 0xaa, 0xbe, 0x00, 0xa8, 0xaa, 0xbe,
  0x00, 0xa8, 0xaa, 0xbe, 0x00, 0xa8, 0xaa, 0xbe, 0x00, 0xa8, 0xaa, 0xbe,
  0x00, 0xa8, 0xaa, 0xbe, 0x00, 0xa8, 0xaa, 0xbe, 0x00, 0xa8, 0xaa, 0xbe,
  0x00, 0xa8, 0xaa, 0xbe, 0x00, 0xa8, 0xaa, 0xbe, 0x00, 0xa8, 0xaa, 0xbe,
  0x00, 0xa8, 0xaa, 0xbe, 0x00, 0xa8, 0xaa, 0xbe, 0x00, 0xa8, 0xaa, 0xbe,
  0x00, 0xa8, 0xaa, 0xbe, 0x00, 0xa8, 0xaa, 0xbe, 0x00, 0xa8, 0xaa, 0xbe,
  0x00, 0xa8, 0xaa, 0xbe, 0x00, 0xa8, 0xaa, 0xbe, 0x00, 0xa8, 0xaa, 0xbe,
  0x00, 0xa8, 0xaa, 0xbe, 0x00, 0xa8, 0xaa, 0xbe, 0x00, 0xa8, 0xaa, 0xbe,
  0x00, 0xa8, 0xaa, 0xbe, 0x00, 0xa8, 0xaa, 0xbe, 0x00, 0xa8, 0xaa, 0xbe,
  0x00, 0xa8, 0xaa, 0xbe, 0x00, 0xa8, 0xaa, 0xbe, 0x00, 0xa8, 0xaa, 0xbe,
  0x00, 0xa8, 0xaa, 0xbe, 0x02, 0xa0, 0x2a, 0xbe, 0x02, 0xa0, 0x2a, 0xbe,
  0x02, 0xa0, 0x2a, 0xbe, 0x02, 0xa0, 0x2a, 0xbe, 0x02, 0xa0, 0x2a, 0xbe,
  0x02, 0xa0, 0x2a, 0xbe, 0x02, 0xa0, 0x2a, 0xbe, 0x02, 0xa0, 0x2a, 0xbe,
  0x02, 0xa0, 0x2a, 0xbe, 0x02, 0xa0, 0x2a, 0xbe, 0x02, 0xa0, 0x2a, 0xbe,
  0x02, 0xa0, 0x2a, 0xbe, 0x02, 0xa0, 0x2a, 0xbe, 0x02, 0xa0, 0x2a, 0xbe,
  0x02, 0xa0, 0x2a, 0xbe, 0x02, 0xa0, 0x2a, 0xbe, 0x02, 0xa0, 0x2a, 0xbe,
  0x02, 0xa0, 0x2a, 0xbe, 0x02, 0xa0, 0x2a, 0xbe, 0x02, 0xa0, 0x2a, 0xbe,
  0x02, 0xa0, 0x2a, 0xbe, 0x02, 0xa0, 0x2a, 0xbe, 0x00, 0x00, 0x00, 0x00,
  0x00, 0x00, 0x00, 0x00, 0x00, 0x00, 0x00, 0x00, 0x00, 0x00, 0x00, 0x00,
  0x00, 0x00, 0x00, 0x00, 0x00, 0x00, 0x00, 0x00, 0x00, 0x00, 0x00, 0x00,
  0x00, 0x00, 0x00, 0x00, 0x00, 0x00, 0x00, 0x00, 0x00, 0x00, 0x00, 0x00,
  0x00, 0x00, 0x00, 0x00, 0x00, 0x00, 0x00, 0x00, 0x00, 0x00, 0x00, 0x00,
  0x02, 0xa0, 0x2a, 0x3e, 0x02, 0xa0, 0x2a, 0x3e, 0x02, 0xa0, 0x2a, 0x3e,
  0x02, 0xa0, 0x2a, 0x3e, 0x02, 0xa0, 0x2a, 0x3e, 0x02, 0xa0, 0x2a, 0x3e,
  0x02, 0xa0, 0x2a, 0x3e, 0x02, 0xa0, 0x2a, 0x3e, 0x02, 0xa0, 0x2a, 0x3e,
  0x00, 0xa8, 0xaa, 0x3e, 0x00, 0xa8, 0xaa, 0x3e, 0x00, 0xa8, 0xaa, 0x3e,
  0x00, 0xa8, 0xaa, 0x3e, 0x00, 0xa8, 0xaa, 0x3e, 0x00, 0xa8, 0xaa, 0x3e,
  0x00, 0xa8, 0xaa, 0x3e, 0x00, 0xa8, 0xaa, 0x3e, 0x00, 0xa8, 0xaa, 0x3e,
  0x01, 0xf8, 0xff, 0x3e, 0x01, 0xf8, 0xff, 0x3e, 0x01, 0xf8, 0xff, 0x3e,
  0x01, 0xf8, 0xff, 0x3e, 0x01, 0xf8, 0xff, 0x3e, 0x01, 0xf8, 0xff, 0x3e,
  0x01, 0xf8, 0xff, 0x3e, 0x01, 0xf8, 0xff, 0x3e, 0x01, 0xf8, 0xff, 0x3e,
  0x01, 0xf8, 0xff, 0x3e, 0x01, 0xf8, 0xff, 0x3e, 0x01, 0xf8, 0xff, 0x3e,
  0x01, 0xf8, 0xff, 0x3e, 0x01, 0xf8, 0xff, 0x3e, 0x01, 0xf8, 0xff, 0x3e,
  0x00, 0xa8, 0xaa, 0x3e, 0x00, 0xa8, 0xaa, 0x3e, 0x00, 0xa8, 0xaa, 0x3e,
  0x00, 0xa8, 0xaa, 0x3e, 0x02, 0xa0, 0x2a, 0x3e, 0x02, 0xa0, 0x2a, 0x3e,
  0x00, 0x00, 0x00, 0x00, 0x00, 0x00, 0x00, 0x00, 0x02, 0xa0, 0x2a, 0xbe,
  0x00, 0xa8, 0xaa, 0xbe, 0x01, 0xf8, 0xff, 0xbe, 0x01, 0xf8, 0xff, 0xbe,
  0x00, 0xaa, 0x2a, 0xbf, 0x00, 0xaa, 0x2a, 0xbf, 0x00, 0xaa, 0x2a, 0xbf,
  0x00, 0x52, 0x55, 0xbf, 0x00, 0x52, 0x55, 0xbf, 0x00, 0xfe, 0x7f, 0xbf,
  0x00, 0xfe, 0x7f, 0xbf, 0x00, 0xfe, 0x7f, 0xbf, 0x00, 0xfe, 0x7f, 0xbf,
  0x00, 0xfe, 0x7f, 0xbf, 0x00, 0xfe, 0x7f, 0xbf, 0x00, 0xfe, 0x7f, 0xbf,
  0x00, 0xfe, 0x7f, 0xbf, 0x00, 0xfe, 0x7f, 0xbf, 0x00, 0xfe, 0x7f, 0xbf,
  0x00, 0xfe, 0x7f, 0xbf, 0x00, 0xfe, 0x7f, 0xbf, 0x00, 0xfe, 0x7f, 0xbf,
  0x00, 0xfe, 0x7f, 0xbf, 0x00, 0xfe, 0x7f, 0xbf, 0x00, 0x52, 0x55, 0xbf,
  0x00, 0x52, 0x55, 0xbf, 0x00, 0x52, 0x55, 0xbf, 0x00, 0x52, 0x55, 0xbf,
  0x00, 0x52, 0x55, 0xbf, 0x00, 0x52, 0x55, 0xbf, 0x00, 0xaa, 0x2a, 0xbf,
  0x00, 0xaa, 0x2a, 0xbf, 0x00, 0xaa, 0x2a, 0xbf, 0x00, 0xaa, 0x2a, 0xbf,
  0x00, 0xaa, 0x2a, 0xbf, 0x00, 0xaa, 0x2a, 0xbf, 0x01, 0xf8, 0xff, 0xbe,
  0x01, 0xf8, 0xff, 0xbe, 0x01, 0xf8, 0xff, 0xbe, 0x01, 0xf8, 0xff, 0xbe,
  0x01, 0xf8, 0xff, 0xbe, 0x01, 0xf8, 0xff, 0xbe, 0x00, 0xa8, 0xaa, 0xbe,
  0x00, 0xa8, 0xaa, 0xbe, 0x00, 0xa8, 0xaa, 0xbe, 0x00, 0xa8, 0xaa, 0xbe,
  0x00, 0xa8, 0xaa, 0xbe, 0x00, 0xa8, 0xaa, 0xbe, 0x00, 0xa8, 0xaa, 0xbe,
  0x00, 0xa8, 0xaa, 0xbe, 0x02, 0xa0, 0x2a, 0xbe, 0x02, 0xa0, 0x2a, 0xbe,
  0x02, 0xa0, 0x2a, 0xbe, 0x02, 0xa0, 0x2a, 0xbe, 0x02, 0xa0, 0x2a, 0xbe,
  0x02, 0xa0, 0x2a, 0xbe, 0x00, 0x00, 0x00, 0x00, 0x00, 0x00, 0x00, 0x00,
  0x00, 0x00, 0x00, 0x00, 0x00, 0x00, 0x00, 0x00, 0x00, 0x00, 0x00, 0x00,
  0x00, 0x00, 0x00, 0x00, 0x02, 0xa0, 0x2a, 0x3e, 0x02, 0xa0, 0x2a, 0x3e,
  0x02, 0xa0, 0x2a, 0x3e, 0x02, 0xa0, 0x2a, 0x3e, 0x02, 0xa0, 0x2a, 0x3e,
  0x00, 0xa8, 0xaa, 0x3e, 0x00, 0xa8, 0xaa, 0x3e, 0x00, 0xa8, 0xaa, 0x3e,
  0x00, 0xa8, 0xaa, 0x3e, 0x00, 0xa8, 0xaa, 0x3e, 0x00, 0xa8, 0xaa, 0x3e,
  0x01, 0xf8, 0xff, 0x3e, 0x01, 0xf8, 0xff, 0x3e, 0x01, 0xf8, 0xff, 0x3e,
  0x01, 0xf8, 0xff, 0x3e, 0x01, 0xf8, 0xff, 0x3e, 0x01, 0xf8, 0xff, 0x3e,
  0x01, 0xf8, 0xff, 0x3e, 0x01, 0xf8, 0xff, 0x3e, 0x01, 0xf8, 0xff, 0x3e,
  0x01, 0xf8, 0xff, 0x3e, 0x00, 0xa8, 0xaa, 0x3e, 0x00, 0xa8, 0xaa, 0x3e,
  0x00, 0xa8, 0xaa, 0x3e, 0x02, 0xa0, 0x2a, 0x3e, 0x02, 0xa0, 0x2a, 0x3e,
  0x00, 0x00, 0x00, 0x00, 0x02, 0xa0, 0x2a, 0xbe, 0x00, 0xa8, 0xaa, 0xbe,
  0x02, 0x0c, 0xf8, 0xbe, 0x01, 0xf8, 0xff, 0xbe, 0x00, 0xaa, 0x2a, 0xbf,
  0x00, 0x52, 0x55, 0xbf, 0x00, 0x52, 0x55, 0xbf, 0x00, 0x52, 0x55, 0xbf,
  0x00, 0xfe, 0x7f, 0xbf, 0x00, 0xfe, 0x7f, 0xbf, 0x00, 0xfe, 0x7f, 0xbf,
  0x00, 0xfe, 0x7f, 0xbf, 0x00, 0xfe, 0x7f, 0xbf, 0x00, 0xfe, 0x7f, 0xbf,
  0x00, 0xfe, 0x7f, 0xbf, 0x00, 0xfe, 0x7f, 0xbf, 0x00, 0xfe, 0x7f, 0xbf,
  0x00, 0xfe, 0x7f, 0xbf, 0x00, 0xfe, 0x7f, 0xbf, 0x00, 0xfe, 0x7f, 0xbf,
  0x00, 0xfe, 0x7f, 0xbf, 0x00, 0xfe, 0x7f, 0xbf, 0x00, 0x52, 0x55, 0xbf,
  0x00, 0x52, 0x55, 0xbf, 0x00, 0x52, 0x55, 0xbf, 0x00, 0x52, 0x55, 0xbf,
  0x00, 0x52, 0x55, 0xbf, 0x00, 0x52, 0x55, 0xbf, 0x00, 0xaa, 0x2a, 0xbf,
  0x00, 0xaa, 0x2a, 0xbf, 0x00, 0xaa, 0x2a, 0xbf, 0x00, 0xaa, 0x2a, 0xbf,
  0x00, 0xaa, 0x2a, 0xbf, 0x00, 0xaa, 0x2a, 0xbf, 0x00, 0xf4, 0x03, 0xbf,
  0x01, 0xf8, 0xff, 0xbe, 0x01, 0xf8, 0xff, 0xbe, 0x01, 0xf8, 0xff, 0xbe,
  0x01, 0xf8, 0xff, 0xbe, 0x01, 0xf8, 0xff, 0xbe, 0x01, 0xf8, 0xff, 0xbe,
  0x01, 0xf8, 0xff, 0xbe, 0x00, 0xa8, 0xaa, 0xbe, 0x00, 0xa8, 0xaa, 0xbe,
  0x00, 0xa8, 0xaa, 0xbe, 0x00, 0xa8, 0xaa, 0xbe, 0x00, 0xa8, 0xaa, 0xbe,
  0x00, 0xa8, 0xaa, 0xbe, 0x00, 0xa8, 0xaa, 0xbe, 0x00, 0xa8, 0xaa, 0xbe,
  0x00, 0xa8, 0xaa, 0xbe, 0x02, 0xa0, 0x2a, 0xbe, 0x02, 0xa0, 0x2a, 0xbe,
  0x02, 0xa0, 0x2a, 0xbe, 0x02, 0xa0, 0x2a, 0xbe, 0x02, 0xa0, 0x2a, 0xbe,
  0x02, 0xa0, 0x2a, 0xbe, 0x02, 0xa0, 0x2a, 0xbe, 0x02, 0xa0, 0x2a, 0xbe,
  0x02, 0xa0, 0x2a, 0xbe, 0x00, 0x00, 0x00, 0x00, 0x00, 0x00, 0x00, 0x00,
  0x00, 0x00, 0x00, 0x00, 0x00, 0x00, 0x00, 0x00, 0x00, 0x00, 0x00, 0x00,
  0x00, 0x00, 0x00, 0x00, 0x00, 0x00, 0x00, 0x00, 0x00, 0x00, 0x00, 0x00,
  0x00, 0x00, 0x00, 0x00, 0x02, 0xa0, 0x2a, 0x3e, 0x02, 0xa0, 0x2a, 0x3e,
  0x02, 0xa0, 0x2a, 0x3e, 0x02, 0xa0, 0x2a, 0x3e, 0x02, 0xa0, 0x2a, 0x3e,
  0x02, 0xa0, 0x2a, 0x3e, 0x02, 0xa0, 0x2a, 0x3e, 0x02, 0xa0, 0x2a, 0x3e,
  0x01, 0xbc, 0xa2, 0x3e, 0x00, 0xa8, 0xaa, 0x3e, 0x00, 0xa8, 0xaa, 0x3e,
  0x00, 0xa8, 0xaa, 0x3e, 0x00, 0xa8, 0xaa, 0x3e, 0x00, 0xa8, 0xaa, 0x3e,
  0x00, 0xa8, 0xaa, 0x3e, 0x00, 0xa8, 0xaa, 0x3e, 0x00, 0xa8, 0xaa, 0x3e,
  0x00, 0xa8, 0xaa, 0x3e, 0x00, 0xa8, 0xaa, 0x3e, 0x02, 0x0c, 0xf8, 0x3e,
  0x01, 0xf8, 0xff, 0x3e, 0x01, 0xf8, 0xff, 0x3e, 0x01, 0xf8, 0xff, 0x3e,
  0x01, 0xf8, 0xff, 0x3e, 0x01, 0xf8, 0xff, 0x3e, 0x01, 0xf8, 0xff, 0x3e,
  0x01, 0xf8, 0xff, 0x3e, 0x01, 0xf8, 0xff, 0x3e, 0x01, 0xf8, 0xff, 0x3e,
  0x01, 0xf8, 0xff, 0x3e, 0x01, 0xf8, 0xff, 0x3e, 0x01, 0xf8, 0xff, 0x3e,
  0x01, 0xf8, 0xff, 0x3e, 0x01, 0xf8, 0xff, 0x3e, 0x01, 0xf8, 0xff, 0x3e,
  0x01, 0xf8, 0xff, 0x3e, 0x01, 0xf8, 0xff, 0x3e, 0x01, 0xf8, 0xff, 0x3e,
  0x01, 0xf8, 0xff, 0x3e, 0x01, 0xf8, 0xff, 0x3e, 0x01, 0xf8, 0xff, 0x3e,
  0x01, 0xf8, 0xff, 0x3e, 0x01, 0xf8, 0xff, 0x3e, 0x01, 0xf8, 0xff, 0x3e,
  0x01, 0xf8, 0xff, 0x3e, 0x01, 0xf8, 0xff, 0x3e, 0x01, 0xf8, 0xff, 0x3e,
  0x00, 0xa8, 0xaa, 0x3e, 0x00, 0xa8, 0xaa, 0x3e, 0x00, 0xa8, 0xaa, 0x3e,
  0x00, 0xa8, 0xaa, 0x3e, 0x00, 0xa8, 0xaa, 0x3e, 0x00, 0xa8, 0xaa, 0x3e,
  0x00, 0xa8, 0xaa, 0x3e, 0x00, 0xa8, 0xaa, 0x3e, 0x00, 0xa8, 0xaa, 0x3e,
  0x00, 0xa8, 0xaa, 0x3e, 0x00, 0xa8, 0xaa, 0x3e, 0x00, 0xa8, 0xaa, 0x3e,
  0x00, 0xa8, 0xaa, 0x3e, 0x00, 0xa8, 0xaa, 0x3e, 0x00, 0xa8, 0xaa, 0x3e,
  0x00, 0xa8, 0xaa, 0x3e, 0x00, 0xa8, 0xaa, 0x3e, 0x02, 0xa0, 0x2a, 0x3e,
  0x02, 0xa0, 0x2a, 0x3e, 0x02, 0xa0, 0x2a, 0x3e, 0x02, 0xa0, 0x2a, 0x3e,
  0x02, 0xa0, 0x2a, 0x3e, 0x02, 0xa0, 0x2a, 0x3e, 0x02, 0xa0, 0x2a, 0x3e,
  0x02, 0xa0, 0x2a, 0x3e, 0x02, 0xa0, 0x2a, 0x3e, 0x02, 0xa0, 0x2a, 0x3e,
  0x02, 0xa0, 0x2a, 0x3e, 0x02, 0xa0, 0x2a, 0x3e, 0x02, 0xa0, 0x2a, 0x3e,
  0x02, 0xa0, 0x2a, 0x3e, 0x02, 0xa0, 0x2a, 0x3e, 0x02, 0xa0, 0x2a, 0x3e,
  0x02, 0xa0, 0x2a, 0x3e, 0x02, 0xa0, 0x2a, 0x3e, 0x02, 0xa0, 0x2a, 0x3e,
  0x02, 0xa0, 0x2a, 0x3e, 0x02, 0xa0, 0x2a, 0x3e, 0x00, 0xa8, 0xaa, 0x3e,
  0x00, 0xa8, 0xaa, 0x3e, 0x00, 0xa8, 0xaa, 0x3e, 0x00, 0xa8, 0xaa, 0x3e,
  0x00, 0xa8, 0xaa, 0x3e, 0x00, 0xa8, 0xaa, 0x3e, 0x00, 0xa8, 0xaa, 0x3e,
  0x00, 0xa8, 0xaa, 0x3e, 0x00, 0xa8, 0xaa, 0x3e, 0x00, 0xa8, 0xaa, 0x3e,
  0x00, 0xa8, 0xaa, 0x3e, 0x00, 0xa8, 0xaa, 0x3e, 0x00, 0xa8, 0xaa, 0x3e,
  0x00, 0xa8, 0xaa, 0x3e, 0x00, 0xa8, 0xaa, 0x3e, 0x00, 0xa8, 0xaa, 0x3e,
  0x00, 0xa8, 0xaa, 0x3e, 0x01, 0xf8, 0xff, 0x3e, 0x01, 0xf8, 0xff, 0x3e,
  0x01, 0xf8, 0xff, 0x3e, 0x01, 0xf8, 0xff, 0x3e, 0x01, 0xf8, 0xff, 0x3e,
  0x01, 0xf8, 0xff, 0x3e, 0x01, 0xf8, 0xff, 0x3e, 0x01, 0xf8, 0xff, 0x3e,
  0x01, 0xf8, 0xff, 0x3e, 0x01, 0xf8, 0xff, 0x3e, 0x01, 0xf8, 0xff, 0x3e,
  0x01, 0xf8, 0xff, 0x3e, 0x01, 0xf8, 0xff, 0x3e, 0x01, 0xf8, 0xff, 0x3e,
  0x01, 0xf8, 0xff, 0x3e, 0x01, 0xf8, 0xff, 0x3e, 0x01, 0xf8, 0xff, 0x3e,
  0x01, 0xf8, 0xff, 0x3e, 0x01, 0xf8, 0xff, 0x3e, 0x01, 0xf8, 0xff, 0x3e,
  0x01, 0xf8, 0xff, 0x3e, 0x01, 0xf8, 0xff, 0x3e, 0x01, 0xf8, 0xff, 0x3e,
  0x01, 0xf8, 0xff, 0x3e, 0x01, 0xf8, 0xff, 0x3e, 0x01, 0xf8, 0xff, 0x3e,
  0x01, 0xf8, 0xff, 0x3e, 0x01, 0xf8, 0xff, 0x3e, 0x01, 0xf8, 0xff, 0x3e,
  0x00, 0xa8, 0xaa, 0x3e, 0x00, 0xa8, 0xaa, 0x3e, 0x00, 0xa8, 0xaa, 0x3e,
  0x00, 0xa8, 0xaa, 0x3e, 0x00, 0xa8, 0xaa, 0x3e, 0x00, 0xa8, 0xaa, 0x3e,
  0x00, 0xa8, 0xaa, 0x3e, 0x00, 0xa8, 0xaa, 0x3e, 0x00, 0xa8, 0xaa, 0x3e,
  0x00, 0xa8, 0xaa, 0x3e, 0x00, 0xa8, 0xaa, 0x3e, 0x00, 0xa8, 0xaa, 0x3e,
  0x02, 0xa0, 0x2a, 0x3e, 0x02, 0xa0, 0x2a, 0x3e, 0x02, 0xa0, 0x2a, 0x3e,
  0x02, 0xa0, 0x2a, 0x3e, 0x02, 0xa0, 0x2a, 0x3e, 0x02, 0xa0, 0x2a, 0x3e,
  0x02, 0xa0, 0x2a, 0x3e, 0x02, 0xa0, 0x2a, 0x3e, 0x02, 0xa0, 0x2a, 0x3e,
  0x00, 0x00, 0x00, 0x00, 0x00, 0x00, 0x00, 0x00, 0x00, 0x00, 0x00, 0x00,
  0x00, 0x00, 0x00, 0x00, 0x00, 0x00, 0x00, 0x00, 0x00, 0x00, 0x00, 0x00,
  0x00, 0x00, 0x00, 0x00, 0x00, 0x00, 0x00, 0x00, 0x00, 0x00, 0x00, 0x00,
  0x00, 0x00, 0x00, 0x00, 0x02, 0xa0, 0x2a, 0xbe, 0x02, 0xa0, 0x2a, 0xbe,
  0x02, 0xa0, 0x2a, 0xbe, 0x02, 0xa0, 0x2a, 0xbe, 0x02, 0xa0, 0x2a, 0xbe,
  0x02, 0xa0, 0x2a, 0xbe, 0x02, 0xa0, 0x2a, 0xbe, 0x02, 0xa0, 0x2a, 0xbe,
  0x02, 0xa0, 0x2a, 0xbe, 0x02, 0xa0, 0x2a, 0xbe, 0x02, 0xa0, 0x2a, 0xbe,
  0x00, 0xa8, 0xaa, 0xbe, 0x00, 0xa8, 0xaa, 0xbe, 0x00, 0xa8, 0xaa, 0xbe,
  0x00, 0xa8, 0xaa, 0xbe, 0x00, 0xa8, 0xaa, 0xbe, 0x00, 0xa8, 0xaa, 0xbe,
  0x00, 0xa8, 0xaa, 0xbe, 0x00, 0xa8, 0xaa, 0xbe, 0x00, 0xa8, 0xaa, 0xbe,
  0x00, 0xa8, 0xaa, 0xbe, 0x01, 0xf8, 0xff, 0xbe, 0x01, 0xf8, 0xff, 0xbe,
  0x01, 0xf8, 0xff, 0xbe, 0x01, 0xf8, 0xff, 0xbe, 0x01, 0xf8, 0xff, 0xbe,
  0x01, 0xf8, 0xff, 0xbe, 0x01, 0xf8, 0xff, 0xbe, 0x01, 0xf8, 0xff, 0xbe,
  0x01, 0xf8, 0xff, 0xbe, 0x01, 0xf8, 0xff, 0xbe, 0x00, 0xaa, 0x2a, 0xbf,
  0x00, 0xaa, 0x2a, 0xbf, 0x00, 0xaa, 0x2a, 0xbf, 0x00, 0xaa, 0x2a, 0xbf,
  0x00, 0xaa, 0x2a, 0xbf, 0x00, 0xaa, 0x2a, 0xbf, 0x00, 0xaa, 0x2a, 0xbf,
  0x00, 0x52, 0x55, 0xbf, 0x00, 0x52, 0x55, 0xbf, 0x00, 0x52, 0x55, 0xbf,
  0x00, 0x52, 0x55, 0xbf, 0x00, 0x52, 0x55, 0xbf, 0x00, 0x52, 0x55, 0xbf,
  0x00, 0x52, 0x55, 0xbf, 0x00, 0xfe, 0x7f, 0xbf, 0x00, 0xfe, 0x7f, 0xbf,
  0x00, 0xfe, 0x7f, 0xbf, 0x00, 0xfe, 0x7f, 0xbf, 0x00, 0xfe, 0x7f, 0xbf,
  0x00, 0xfe, 0x7f, 0xbf, 0x00, 0xfe, 0x7f, 0xbf, 0x00, 0xfe, 0x7f, 0xbf,
  0x00, 0xfe, 0x7f, 0xbf, 0x00, 0xfe, 0x7f, 0xbf, 0x00, 0xfe, 0x7f, 0xbf,
  0x00, 0xfe, 0x7f, 0xbf, 0x00, 0xfe, 0x7f, 0xbf, 0x00, 0xfe, 0x7f, 0xbf,
  0x00, 0xfe, 0x7f, 0xbf, 0x00, 0xfe, 0x7f, 0xbf, 0x00, 0xfe, 0x7f, 0xbf,
  0x00, 0xfe, 0x7f, 0xbf, 0x00, 0xfe, 0x7f, 0xbf, 0x00, 0x52, 0x55, 0xbf,
  0x00, 0x52, 0x55, 0xbf, 0x00, 0x52, 0x55, 0xbf, 0x00, 0xaa, 0x2a, 0xbf,
  0x00, 0xaa, 0x2a, 0xbf, 0x00, 0xaa, 0x2a, 0xbf, 0x01, 0xf8, 0xff, 0xbe,
  0x01, 0xf8, 0xff, 0xbe, 0xff, 0x97, 0xb2, 0xbe, 0x00, 0xa8, 0xaa, 0xbe,
  0x02, 0xa0, 0x2a, 0xbe, 0x00, 0x00, 0x00, 0x00, 0x00, 0x00, 0x00, 0x00,
  0x02, 0xa0, 0x2a, 0x3e, 0x02, 0xa0, 0x2a, 0x3e, 0x02, 0xa0, 0x2a, 0x3e,
  0x02, 0xa0, 0x2a, 0x3e, 0x02, 0xa0, 0x2a, 0x3e, 0x02, 0xa0, 0x2a, 0x3e,
  0x00, 0xa8, 0xaa, 0x3e, 0x00, 0xa8, 0xaa, 0x3e, 0x00, 0xa8, 0xaa, 0x3e,
  0x00, 0xa8, 0xaa, 0x3e, 0x00, 0xa8, 0xaa, 0x3e, 0x00, 0xa8, 0xaa, 0x3e,
  0x00, 0xa8, 0xaa, 0x3e, 0x00, 0xa8, 0xaa, 0x3e, 0x00, 0xa8, 0xaa, 0x3e,
  0x00, 0xa8, 0xaa, 0x3e, 0x00, 0xa8, 0xaa, 0x3e, 0x00, 0xa8, 0xaa, 0x3e,
  0x01, 0xf8, 0xff, 0x3e, 0x01, 0xf8, 0xff, 0x3e, 0x01, 0xf8, 0xff, 0x3e,
  0x01, 0xf8, 0xff, 0x3e, 0x01, 0xf8, 0xff, 0x3e, 0x01, 0xf8, 0xff, 0x3e,
  0x01, 0xf8, 0xff, 0x3e, 0x01, 0xf8, 0xff, 0x3e, 0x01, 0xf8, 0xff, 0x3e,
  0x01, 0xf8, 0xff, 0x3e, 0x01, 0xf8, 0xff, 0x3e, 0x01, 0xf8, 0xff, 0x3e,
  0x01, 0xf8, 0xff, 0x3e, 0x00, 0xaa, 0x2a, 0x3f, 0x00, 0xaa, 0x2a, 0x3f,
  0x00, 0xaa, 0x2a, 0x3f, 0x00, 0xaa, 0x2a, 0x3f, 0x00, 0xaa, 0x2a, 0x3f,
  0x00, 0xaa, 0x2a, 0x3f, 0x00, 0xaa, 0x2a, 0x3f, 0x00, 0xaa, 0x2a, 0x3f,
  0x00, 0xaa, 0x2a, 0x3f, 0x00, 0x52, 0x55, 0x3f, 0x00, 0x52, 0x55, 0x3f,
  0x00, 0x52, 0x55, 0x3f, 0x00, 0x52, 0x55, 0x3f, 0x00, 0x52, 0x55, 0x3f,
  0x00, 0x52, 0x55, 0x3f, 0x00, 0x52, 0x55, 0x3f, 0x00, 0x52, 0x55, 0x3f,
  0x00, 0x52, 0x55, 0x3f, 0x00, 0x52, 0x55, 0x3f, 0x00, 0x52, 0x55, 0x3f,
  0x00, 0x52, 0x55, 0x3f, 0x00, 0x52, 0x55, 0x3f, 0x00, 0x52, 0x55, 0x3f,
  0x00, 0x52, 0x55, 0x3f, 0x00, 0x52, 0x55, 0x3f, 0x00, 0x52, 0x55, 0x3f,
  0x00, 0x52, 0x55, 0x3f, 0x00, 0x52, 0x55, 0x3f, 0x00, 0x52, 0x55, 0x3f,
  0x00, 0x52, 0x55, 0x3f, 0x00, 0x52, 0x55, 0x3f, 0x00, 0x52, 0x55, 0x3f,
  0x00, 0x52, 0x55, 0x3f, 0x00, 0x52, 0x55, 0x3f, 0x00, 0x52, 0x55, 0x3f,
  0x00, 0x52, 0x55, 0x3f, 0x00, 0x52, 0x55, 0x3f, 0x00, 0x52, 0x55, 0x3f,
  0x00, 0x52, 0x55, 0x3f, 0x00, 0x52, 0x55, 0x3f, 0x00, 0x52, 0x55, 0x3f,
  0x00, 0x52, 0x55, 0x3f, 0x00, 0x52, 0x55, 0x3f, 0x00, 0x52, 0x55, 0x3f,
  0x00, 0x52, 0x55, 0x3f, 0x00, 0x52, 0x55, 0x3f, 0x00, 0x52, 0x55, 0x3f,
  0x00, 0x52, 0x55, 0x3f, 0x00, 0x52, 0x55, 0x3f, 0x00, 0x52, 0x55, 0x3f,
  0x00, 0x52, 0x55, 0x3f, 0x00, 0x52, 0x55, 0x3f, 0x00, 0x52, 0x55, 0x3f,
  0x00, 0x52, 0x55, 0x3f, 0x00, 0x52, 0x55, 0x3f, 0x00, 0x52, 0x55, 0x3f,
  0x00, 0x52, 0x55, 0x3f, 0x00, 0x52, 0x55, 0x3f, 0x00, 0x52, 0x55, 0x3f,
  0x00, 0x52, 0x55, 0x3f, 0x00, 0x52, 0x55, 0x3f, 0x00, 0x52, 0x55, 0x3f,
  0x00, 0x52, 0x55, 0x3f, 0x00, 0x52, 0x55, 0x3f, 0x00, 0x52, 0x55, 0x3f,
  0x00, 0x52, 0x55, 0x3f, 0x00, 0x52, 0x55, 0x3f, 0x00, 0x52, 0x55, 0x3f,
  0x00, 0x52, 0x55, 0x3f, 0x00, 0x52, 0x55, 0x3f, 0x00, 0x52, 0x55, 0x3f,
  0x00, 0x52, 0x55, 0x3f, 0x00, 0x52, 0x55, 0x3f, 0x00, 0x52, 0x55, 0x3f,
  0x00, 0x52, 0x55, 0x3f, 0x00, 0x52, 0x55, 0x3f, 0x00, 0x52, 0x55, 0x3f,
  0x00, 0x52, 0x55, 0x3f, 0x00, 0x52, 0x55, 0x3f, 0x00, 0x52, 0x55, 0x3f,
  0x00, 0x52, 0x55, 0x3f, 0x00, 0x52, 0x55, 0x3f, 0x00, 0x52, 0x55, 0x3f,
  0x00, 0x52, 0x55, 0x3f, 0x00, 0x52, 0x55, 0x3f, 0x00, 0x52, 0x55, 0x3f,
  0x00, 0x52, 0x55, 0x3f, 0x00, 0x52, 0x55, 0x3f, 0x00, 0x52, 0x55, 0x3f,
  0x00, 0x52, 0x55, 0x3f, 0x00, 0x52, 0x55, 0x3f, 0x00, 0x52, 0x55, 0x3f,
  0x00, 0x52, 0x55, 0x3f, 0x00, 0x52, 0x55, 0x3f, 0x00, 0x52, 0x55, 0x3f,
  0x00, 0x52, 0x55, 0x3f, 0x00, 0x52, 0x55, 0x3f, 0x00, 0x52, 0x55, 0x3f,
  0x00, 0x52, 0x55, 0x3f, 0x00, 0x52, 0x55, 0x3f, 0x00, 0x52, 0x55, 0x3f,
  0x00, 0x52, 0x55, 0x3f, 0x00, 0x52, 0x55, 0x3f, 0x00, 0x52, 0x55, 0x3f,
  0x00, 0x52, 0x55, 0x3f, 0x00, 0x52, 0x55, 0x3f, 0x00, 0x52, 0x55, 0x3f,
  0x00, 0x52, 0x55, 0x3f, 0x00, 0x52, 0x55, 0x3f, 0x00, 0x52, 0x55, 0x3f,
  0x00, 0x52, 0x55, 0x3f, 0x00, 0x52, 0x55, 0x3f, 0x00, 0x52, 0x55, 0x3f,
  0x00, 0x52, 0x55, 0x3f, 0x00, 0x52, 0x55, 0x3f, 0x00, 0x52, 0x55, 0x3f,
  0x00, 0x52, 0x55, 0x3f, 0x00, 0x52, 0x55, 0x3f, 0x00, 0x52, 0x55, 0x3f,
  0x00, 0x52, 0x55, 0x3f, 0x00, 0x52, 0x55, 0x3f, 0x00, 0x52, 0x55, 0x3f,
  0x00, 0x52, 0x55, 0x3f, 0x00, 0x52, 0x55, 0x3f, 0x00, 0x52, 0x55, 0x3f,
  0x00, 0x52, 0x55, 0x3f, 0x00, 0x52, 0x55, 0x3f, 0x00, 0x52, 0x55, 0x3f,
  0x00, 0x52, 0x55, 0x3f, 0x00, 0x52, 0x55, 0x3f, 0x00, 0x52, 0x55, 0x3f,
  0x00, 0x52, 0x55, 0x3f, 0x00, 0x52, 0x55, 0x3f, 0x00, 0x52, 0x55, 0x3f,
  0x00, 0x52, 0x55, 0x3f, 0x00, 0x52, 0x55, 0x3f, 0x00, 0x52, 0x55, 0x3f,
  0x00, 0x52, 0x55, 0x3f, 0x00, 0x52, 0x55, 0x3f, 0x00, 0x52, 0x55, 0x3f,
  0x00, 0x52, 0x55, 0x3f, 0x00, 0x52, 0x55, 0x3f, 0x00, 0x52, 0x55, 0x3f,
  0x00, 0x52, 0x55, 0x3f, 0x00, 0x52, 0x55, 0x3f, 0x00, 0x52, 0x55, 0x3f,
  0x00, 0x52, 0x55, 0x3f, 0x00, 0x52, 0x55, 0x3f, 0x00, 0x52, 0x55, 0x3f,
  0x00, 0x52, 0x55, 0x3f, 0x00, 0x52, 0x55, 0x3f, 0x00, 0x52, 0x55, 0x3f,
  0x00, 0x52, 0x55, 0x3f, 0x00, 0x52, 0x55, 0x3f, 0x00, 0x52, 0x55, 0x3f,
  0x00, 0x52, 0x55, 0x3f, 0x00, 0x52, 0x55, 0x3f, 0x00, 0x52, 0x55, 0x3f,
  0x00, 0x52, 0x55, 0x3f, 0x00, 0x52, 0x55, 0x3f, 0x00, 0x52, 0x55, 0x3f,
  0x00, 0x52, 0x55, 0x3f, 0x00, 0x52, 0x55, 0x3f, 0x00, 0x52, 0x55, 0x3f,
  0x00, 0x52, 0x55, 0x3f, 0x00, 0x52, 0x55, 0x3f, 0x00, 0xaa, 0x2a, 0x3f,
  0x00, 0xaa, 0x2a, 0x3f, 0x00, 0xaa, 0x2a, 0x3f, 0x00, 0xaa, 0x2a, 0x3f,
  0x00, 0xaa, 0x2a, 0x3f, 0x00, 0xaa, 0x2a, 0x3f, 0x00, 0xaa, 0x2a, 0x3f,
  0x01, 0xf8, 0xff, 0x3e, 0x01, 0xf8, 0xff, 0x3e, 0x01, 0xf8, 0xff, 0x3e,
  0x01, 0xf8, 0xff, 0x3e, 0x01, 0xf8, 0xff, 0x3e, 0x01, 0xf8, 0xff, 0x3e,
  0x01, 0xf8, 0xff, 0x3e, 0x01, 0xf8, 0xff, 0x3e, 0x01, 0xf8, 0xff, 0x3e,
  0x01, 0xf8, 0xff, 0x3e, 0x01, 0xf8, 0xff, 0x3e, 0x00, 0xa8, 0xaa, 0x3e,
  0x00, 0xa8, 0xaa, 0x3e, 0x00, 0xa8, 0xaa, 0x3e, 0x00, 0xa8, 0xaa, 0x3e,
  0x00, 0xa8, 0xaa, 0x3e, 0x00, 0xa8, 0xaa, 0x3e, 0x00, 0xa8, 0xaa, 0x3e,
  0x00, 0xa8, 0xaa, 0x3e, 0x00, 0xa8, 0xaa, 0x3e, 0x00, 0xa8, 0xaa, 0x3e,
  0x00, 0xa8, 0xaa, 0x3e, 0x00, 0xa8, 0xaa, 0x3e, 0x00, 0xa8, 0xaa, 0x3e,
  0x00, 0xa8, 0xaa, 0x3e, 0x02, 0xa0, 0x2a, 0x3e, 0x02, 0xa0, 0x2a, 0x3e,
  0x02, 0xa0, 0x2a, 0x3e, 0x02, 0xa0, 0x2a, 0x3e, 0x02, 0xa0, 0x2a, 0x3e,
  0x02, 0xa0, 0x2a, 0x3e, 0x00, 0x00, 0x00, 0x00, 0x00, 0x00, 0x00, 0x00,
  0x00, 0x00, 0x00, 0x00, 0x00, 0x00, 0x00, 0x00, 0x00, 0x00, 0x00, 0x00,
  0x02, 0xa0, 0x2a, 0xbe, 0x02, 0xa0, 0x2a, 0xbe, 0x02, 0xa0, 0x2a, 0xbe,
  0x02, 0xa0, 0x2a, 0xbe, 0x00, 0xa8, 0xaa, 0xbe, 0x00, 0xa8, 0xaa, 0xbe,
  0x00, 0xa8, 0xaa, 0xbe, 0x00, 0xa8, 0xaa, 0xbe, 0x01, 0xf8, 0xff, 0xbe,
  0x01, 0xf8, 0xff, 0xbe, 0x01, 0xf8, 0xff, 0xbe, 0x01, 0xf8, 0xff, 0xbe,
  0x00, 0xaa, 0x2a, 0xbf, 0x00, 0xaa, 0x2a, 0xbf, 0x00, 0xaa, 0x2a, 0xbf,
  0x00, 0xaa, 0x2a, 0xbf, 0x00, 0xaa, 0x2a, 0xbf, 0x00, 0x52, 0x55, 0xbf,
  0x00, 0x52, 0x55, 0xbf, 0x00, 0x52, 0x55, 0xbf, 0x00, 0x52, 0x55, 0xbf,
  0x00, 0x52, 0x55, 0xbf, 0x00, 0x52, 0x55, 0xbf, 0x00, 0x52, 0x55, 0xbf,
  0x00, 0x52, 0x55, 0xbf, 0x00, 0x52, 0x55, 0xbf, 0x00, 0x52, 0x55, 0xbf,
  0x00, 0xfe, 0x7f, 0xbf, 0x00, 0xfe, 0x7f, 0xbf, 0x00, 0xfe, 0x7f, 0xbf,
  0x00, 0xfe, 0x7f, 0xbf, 0x00, 0xfe, 0x7f, 0xbf, 0x00, 0xfe, 0x7f, 0xbf,
  0x00, 0xfe, 0x7f, 0xbf, 0x00, 0xfe, 0x7f, 0xbf, 0x00, 0xfe, 0x7f, 0xbf,
  0x00, 0xfe, 0x7f, 0xbf, 0x00, 0xfe, 0x7f, 0xbf, 0x00, 0x52, 0x55, 0xbf,
  0x00, 0x52, 0x55, 0xbf, 0x00, 0x52, 0x55, 0xbf, 0x00, 0x52, 0x55, 0xbf,
  0x00, 0x52, 0x55, 0xbf, 0x00, 0x52, 0x55, 0xbf, 0x00, 0x52, 0x55, 0xbf,
  0x00, 0x52, 0x55, 0xbf, 0x00, 0x52, 0x55, 0xbf, 0x00, 0x52, 0x55, 0xbf,
  0x00, 0x52, 0x55, 0xbf, 0x00, 0x52, 0x55, 0xbf, 0x00, 0xaa, 0x2a, 0xbf,
  0x00, 0xaa, 0x2a, 0xbf, 0x00, 0xaa, 0x2a, 0xbf, 0x00, 0xaa, 0x2a, 0xbf,
  0x00, 0xaa, 0x2a, 0xbf, 0x00, 0xaa, 0x2a, 0xbf, 0x00, 0xaa, 0x2a, 0xbf,
  0x00, 0xaa, 0x2a, 0xbf, 0x00, 0xaa, 0x2a, 0xbf, 0x00, 0xaa, 0x2a, 0xbf,
  0x00, 0xaa, 0x2a, 0xbf, 0x01, 0xf8, 0xff, 0xbe, 0x01, 0xf8, 0xff, 0xbe,
  0x01, 0xf8, 0xff, 0xbe, 0x01, 0xf8, 0xff, 0xbe, 0x01, 0xf8, 0xff, 0xbe,
  0x01, 0xf8, 0xff, 0xbe, 0x01, 0xf8, 0xff, 0xbe, 0x01, 0xf8, 0xff, 0xbe,
  0x01, 0xf8, 0xff, 0xbe, 0x01, 0xf8, 0xff, 0xbe, 0x01, 0xf8, 0xff, 0xbe,
  0x01, 0xf8, 0xff, 0xbe, 0x01, 0xf8, 0xff, 0xbe, 0x01, 0xf8, 0xff, 0xbe,
  0x01, 0xf8, 0xff, 0xbe, 0x00, 0xaa, 0x2a, 0xbf, 0x00, 0xaa, 0x2a, 0xbf,
  0x00, 0xaa, 0x2a, 0xbf, 0x00, 0xaa, 0x2a, 0xbf, 0x00, 0xaa, 0x2a, 0xbf,
  0x00, 0xaa, 0x2a, 0xbf, 0x00, 0xaa, 0x2a, 0xbf, 0x00, 0xaa, 0x2a, 0xbf,
  0x00, 0xaa, 0x2a, 0xbf, 0x00, 0xaa, 0x2a, 0xbf, 0x00, 0xaa, 0x2a, 0xbf,
  0x00, 0xaa, 0x2a, 0xbf, 0x00, 0xaa, 0x2a, 0xbf, 0x00, 0xaa, 0x2a, 0xbf,
  0x00, 0xaa, 0x2a, 0xbf, 0x00, 0xaa, 0x2a, 0xbf, 0x00, 0xaa, 0x2a, 0xbf,
  0x00, 0xaa, 0x2a, 0xbf, 0x00, 0xaa, 0x2a, 0xbf, 0x00, 0xaa, 0x2a, 0xbf,
  0x00, 0xaa, 0x2a, 0xbf, 0x00, 0xaa, 0x2a, 0xbf, 0x00, 0xaa, 0x2a, 0xbf,
  0x01, 0xf8, 0xff, 0xbe, 0x01, 0xf8, 0xff, 0xbe, 0x01, 0xf8, 0xff, 0xbe,
  0x01, 0xf8, 0xff, 0xbe, 0x01, 0xf8, 0xff, 0xbe, 0x01, 0xf8, 0xff, 0xbe,
  0x01, 0xf8, 0xff, 0xbe, 0x01, 0xf8, 0xff, 0xbe, 0x00, 0xa8, 0xaa, 0xbe,
  0x00, 0xa8, 0xaa, 0xbe, 0x00, 0xa8, 0xaa, 0xbe, 0x00, 0xa8, 0xaa, 0xbe,
  0x00, 0xa8, 0xaa, 0xbe, 0x00, 0xa8, 0xaa, 0xbe, 0x00, 0xa8, 0xaa, 0xbe,
  0x00, 0xa8, 0xaa, 0xbe, 0x02, 0xa0, 0x2a, 0xbe, 0x02, 0xa0, 0x2a, 0xbe,
  0x02, 0xa0, 0x2a, 0xbe, 0x02, 0xa0, 0x2a, 0xbe, 0x02, 0xa0, 0x2a, 0xbe,
  0x02, 0xa0, 0x2a, 0xbe, 0x02, 0xa0, 0x2a, 0xbe, 0x02, 0xa0, 0x2a, 0xbe,
  0x02, 0xa0, 0x2a, 0xbe, 0x02, 0xa0, 0x2a, 0xbe, 0x02, 0xa0, 0x2a, 0xbe,
  0x02, 0xa0, 0x2a, 0xbe, 0x02, 0xa0, 0x2a, 0xbe, 0x02, 0xa0, 0x2a, 0xbe,
  0x02, 0xa0, 0x2a, 0xbe, 0x02, 0xa0, 0x2a, 0xbe, 0x02, 0xa0, 0x2a, 0xbe,
  0x02, 0xa0, 0x2a, 0xbe, 0x02, 0xa0, 0x2a, 0xbe, 0x00, 0xa8, 0xaa, 0xbe,
  0x00, 0xa8, 0xaa, 0xbe, 0x00, 0xa8, 0xaa, 0xbe, 0x00, 0xa8, 0xaa, 0xbe,
  0x00, 0xa8, 0xaa, 0xbe, 0x00, 0xa8, 0xaa, 0xbe, 0x01, 0xf8, 0xff, 0xbe,
  0x01, 0xf8, 0xff, 0xbe, 0x01, 0xf8, 0xff, 0xbe, 0x01, 0xf8, 0xff, 0xbe,
  0x00, 0xaa, 0x2a, 0xbf, 0x00, 0xaa, 0x2a, 0xbf, 0x00, 0xaa, 0x2a, 0xbf,
  0x00, 0xaa, 0x2a, 0xbf, 0xff, 0x59, 0x51, 0xbf, 0x00, 0x52, 0x55, 0xbf,
  0x00, 0x52, 0x55, 0xbf, 0x00, 0x52, 0x55, 0xbf, 0x00, 0x52, 0x55, 0xbf,
  0x00, 0x52, 0x55, 0xbf, 0x00, 0xfe, 0x7f, 0xbf, 0x00, 0xfe, 0x7f, 0xbf,
  0x00, 0xfe, 0x7f, 0xbf, 0x00, 0xfe, 0x7f, 0xbf, 0x00, 0xfe, 0x7f, 0xbf,
  0x00, 0xfe, 0x7f, 0xbf, 0x00, 0xfe, 0x7f, 0xbf, 0x00, 0xfe, 0x7f, 0xbf,
  0x00, 0xfe, 0x7f, 0xbf, 0x00, 0xfe, 0x7f, 0xbf, 0x00, 0xfe, 0x7f, 0xbf,
  0x00, 0xfe, 0x7f, 0xbf, 0x00, 0xfe, 0x7f, 0xbf, 0x00, 0xfe, 0x7f, 0xbf,
  0x00, 0xfe, 0x7f, 0xbf, 0x00, 0xfe, 0x7f, 0xbf, 0x00, 0xfe, 0x7f, 0xbf,
  0x00, 0xfe, 0x7f, 0xbf, 0x00, 0xfe, 0x7f, 0xbf, 0x00, 0xfe, 0x7f, 0xbf,
  0x00, 0xfe, 0x7f, 0xbf, 0x00, 0xfe, 0x7f, 0xbf, 0x00, 0xfe, 0x7f, 0xbf,
  0x00, 0xfe, 0x7f, 0xbf, 0x00, 0xfe, 0x7f, 0xbf, 0x00, 0xfe, 0x7f, 0xbf,
  0x00, 0xfe, 0x7f, 0xbf, 0x00, 0xfe, 0x7f, 0xbf, 0x00, 0xfe, 0x7f, 0xbf,
  0x00, 0xfe, 0x7f, 0xbf, 0x00, 0xfe, 0x7f, 0xbf, 0x00, 0xfe, 0x7f, 0xbf,
  0x00, 0xfe, 0x7f, 0xbf, 0x00, 0xfe, 0x7f, 0xbf, 0x00, 0xfe, 0x7f, 0xbf,
  0x00, 0xfe, 0x7f, 0xbf, 0x00, 0xfe, 0x7f, 0xbf, 0x00, 0xfe, 0x7f, 0xbf,
  0x00, 0xfe, 0x7f, 0xbf, 0x00, 0xfe, 0x7f, 0xbf, 0x00, 0xfe, 0x7f, 0xbf,
  0x00, 0xfe, 0x7f, 0xbf, 0x00, 0xfe, 0x7f, 0xbf, 0x00, 0xfe, 0x7f, 0xbf,
  0x00, 0xfe, 0x7f, 0xbf, 0x00, 0xfe, 0x7f, 0xbf, 0x00, 0x52, 0x55, 0xbf,
  0x00, 0x52, 0x55, 0xbf, 0x00, 0x52, 0x55, 0xbf, 0x00, 0x52, 0x55, 0xbf,
  0x00, 0x52, 0x55, 0xbf, 0x00, 0x52, 0x55, 0xbf, 0x00, 0x52, 0x55, 0xbf,
  0x00, 0xaa, 0x2a, 0xbf, 0x00, 0xaa, 0x2a, 0xbf, 0x00, 0xaa, 0x2a, 0xbf,
  0x00, 0xaa, 0x2a, 0xbf, 0x01, 0xf8, 0xff, 0xbe, 0x01, 0xf8, 0xff, 0xbe,
  0x01, 0xf8, 0xff, 0xbe, 0x01, 0xf8, 0xff, 0xbe, 0x01, 0xf8, 0xff, 0xbe,
  0x00, 0xa8, 0xaa, 0xbe, 0x00, 0xa8, 0xaa, 0xbe, 0x00, 0xa8, 0xaa, 0xbe,
  0x00, 0xa8, 0xaa, 0xbe, 0x00, 0xa8, 0xaa, 0xbe, 0x02, 0xa0, 0x2a, 0xbe,
  0x02, 0xa0, 0x2a, 0xbe, 0x02, 0xa0, 0x2a, 0xbe, 0x02, 0xa0, 0x2a, 0xbe,
  0x02, 0xa0, 0x2a, 0xbe, 0x02, 0xa0, 0x2a, 0xbe, 0x02, 0xa0, 0x2a, 0xbe,
  0x02, 0xa0, 0x2a, 0xbe, 0x02, 0xa0, 0x2a, 0xbe, 0x02, 0xa0, 0x2a, 0xbe,
  0x02, 0xa0, 0x2a, 0xbe, 0x02, 0xa0, 0x2a, 0xbe, 0x02, 0xa0, 0x2a, 0xbe,
  0x02, 0xa0, 0x2a, 0xbe, 0x02, 0xa0, 0x2a, 0xbe, 0x02, 0xa0, 0x2a, 0xbe,
  0x02, 0xa0, 0x2a, 0xbe, 0x02, 0xa0, 0x2a, 0xbe, 0x02, 0xa0, 0x2a, 0xbe,
  0x02, 0xa0, 0x2a, 0xbe, 0x02, 0xa0, 0x2a, 0xbe, 0x02, 0xa0, 0x2a, 0xbe,
  0x02, 0xa0, 0x2a, 0xbe, 0x02, 0xa0, 0x2a, 0xbe, 0x01, 0xbc, 0xa2, 0xbe,
  0x00, 0xa8, 0xaa, 0xbe, 0x00, 0xa8, 0xaa, 0xbe, 0x00, 0xa8, 0xaa, 0xbe,
  0x00, 0xa8, 0xaa, 0xbe, 0x00, 0xa8, 0xaa, 0xbe, 0x00, 0xa8, 0xaa, 0xbe,
  0x01, 0xf8, 0xff, 0xbe, 0x01, 0xf8, 0xff, 0xbe, 0x01, 0xf8, 0xff, 0xbe,
  0x01, 0xf8, 0xff, 0xbe, 0x01, 0xf8, 0xff, 0xbe, 0x01, 0xf8, 0xff, 0xbe,
  0x01, 0xf8, 0xff, 0xbe, 0x01, 0xf8, 0xff, 0xbe, 0x01, 0xf8, 0xff, 0xbe,
  0x01, 0xf8, 0xff, 0xbe, 0x01, 0xf8, 0xff, 0xbe, 0x01, 0xf8, 0xff, 0xbe,
  0x01, 0xf8, 0xff, 0xbe, 0x01, 0xf8, 0xff, 0xbe, 0x00, 0xaa, 0x2a, 0xbf,
  0x00, 0xaa, 0x2a, 0xbf, 0x00, 0xaa, 0x2a, 0xbf, 0x00, 0xaa, 0x2a, 0xbf,
  0x01, 0xf8, 0xff, 0xbe, 0x01, 0xf8, 0xff, 0xbe, 0x01, 0xf8, 0xff, 0xbe,
  0x01, 0xf8, 0xff, 0xbe, 0x01, 0xf8, 0xff, 0xbe, 0x01, 0xf8, 0xff, 0xbe,
  0x01, 0xf8, 0xff, 0xbe, 0x01, 0xf8, 0xff, 0xbe, 0x01, 0xf8, 0xff, 0xbe,
  0x01, 0xf8, 0xff, 0xbe, 0x01, 0xf8, 0xff, 0xbe, 0x01, 0xf8, 0xff, 0xbe,
  0x01, 0xf8, 0xff, 0xbe, 0x01, 0xf8, 0xff, 0xbe, 0x01, 0xf8, 0xff, 0xbe,
  0x01, 0xf8, 0xff, 0xbe, 0x01, 0xf8, 0xff, 0xbe, 0x01, 0xf8, 0xff, 0xbe,
  0x01, 0xf8, 0xff, 0xbe, 0x01, 0xf8, 0xff, 0xbe, 0x01, 0xf8, 0xff, 0xbe,
  0x01, 0xf8, 0xff, 0xbe, 0x01, 0xf8, 0xff, 0xbe, 0x01, 0xf8, 0xff, 0xbe,
  0x01, 0xf8, 0xff, 0xbe, 0x01, 0xf8, 0xff, 0xbe, 0x01, 0xf8, 0xff, 0xbe,
  0x01, 0xf8, 0xff, 0xbe, 0x01, 0xf8, 0xff, 0xbe, 0x01, 0xf8, 0xff, 0xbe,
  0x01, 0xf8, 0xff, 0xbe, 0x00, 0xaa, 0x2a, 0xbf, 0x00, 0xaa, 0x2a, 0xbf,
  0x00, 0xaa, 0x2a, 0xbf, 0x00, 0xaa, 0x2a, 0xbf, 0x00, 0xaa, 0x2a, 0xbf,
  0x00, 0xaa, 0x2a, 0xbf, 0x00, 0xaa, 0x2a, 0xbf, 0x00, 0xaa, 0x2a, 0xbf,
  0x00, 0xaa, 0x2a, 0xbf, 0x00, 0xaa, 0x2a, 0xbf, 0x00, 0xaa, 0x2a, 0xbf,
  0x00, 0x52, 0x55, 0xbf, 0x00, 0x52, 0x55, 0xbf, 0x00, 0x52, 0x55, 0xbf,
  0x00, 0x52, 0x55, 0xbf, 0x00, 0x52, 0x55, 0xbf, 0x00, 0x52, 0x55, 0xbf,
  0x00, 0x52, 0x55, 0xbf, 0x00, 0x52, 0x55, 0xbf, 0x00, 0x52, 0x55, 0xbf,
  0x00, 0x52, 0x55, 0xbf, 0x00, 0x52, 0x55, 0xbf, 0x00, 0x52, 0x55, 0xbf,
  0x00, 0x52, 0x55, 0xbf, 0x00, 0x52, 0x55, 0xbf, 0x00, 0x52, 0x55, 0xbf,
  0x00, 0x52, 0x55, 0xbf, 0x00, 0x52, 0x55, 0xbf, 0x00, 0x52, 0x55, 0xbf,
  0x00, 0x52, 0x55, 0xbf, 0x00, 0x52, 0x55, 0xbf, 0x00, 0x52, 0x55, 0xbf,
  0x00, 0x52, 0x55, 0xbf, 0x00, 0x52, 0x55, 0xbf, 0x00, 0x52, 0x55, 0xbf,
  0x00, 0x52, 0x55, 0xbf, 0x00, 0xaa, 0x2a, 0xbf, 0x00, 0xaa, 0x2a, 0xbf,
  0x00, 0xaa, 0x2a, 0xbf, 0x00, 0xaa, 0x2a, 0xbf, 0x00, 0xaa, 0x2a, 0xbf,
  0x00, 0xaa, 0x2a, 0xbf, 0x00, 0xaa, 0x2a, 0xbf, 0x01, 0xf8, 0xff, 0xbe,
  0x01, 0xf8, 0xff, 0xbe, 0x01, 0xf8, 0xff, 0xbe, 0x00, 0xa8, 0xaa, 0xbe,
  0x00, 0xa8, 0xaa, 0xbe, 0x00, 0xa8, 0xaa, 0xbe, 0x00, 0xa8, 0xaa, 0xbe,
  0x02, 0xa0, 0x2a, 0xbe, 0x02, 0xa0, 0x2a, 0xbe, 0x02, 0xa0, 0x2a, 0xbe,
  0x02, 0xa0, 0x2a, 0xbe, 0x00, 0x00, 0x00, 0x00, 0x00, 0x00, 0x00, 0x00,
  0x00, 0x00, 0x00, 0x00, 0x00, 0x00, 0x00, 0x00, 0x00, 0x00, 0x00, 0x00,
  0x02, 0xc0, 0x4c, 0x3e, 0x02, 0xc0, 0x4c, 0x3e, 0x02, 0xc0, 0x4c, 0x3e,
  0x00, 0xcc, 0xcc, 0x3e, 0x00, 0xcc, 0xcc, 0x3e, 0x00, 0xcc, 0xcc, 0x3e,
  0x00, 0xcc, 0xcc, 0x3e, 0x00, 0xcc, 0xcc, 0x3e, 0x00, 0x98, 0x19, 0x3f,
  0x00, 0x98, 0x19, 0x3f, 0x00, 0x98, 0x19, 0x3f, 0x00, 0x98, 0x19, 0x3f,
  0x00, 0xcc, 0xcc, 0x3e, 0x00, 0xcc, 0xcc, 0x3e, 0x00, 0xcc, 0xcc, 0x3e,
  0x00, 0xcc, 0xcc, 0x3e, 0x00, 0xcc, 0xcc, 0x3e, 0x02, 0xc0, 0x4c, 0x3e,
  0x02, 0xc0, 0x4c, 0x3e, 0x02, 0xc0, 0x4c, 0x3e, 0x02, 0xc0, 0x4c, 0x3e,
  0x02, 0xc0, 0x4c, 0x3e, 0x02, 0xc0, 0x4c, 0x3e, 0x02, 0xc0, 0x4c, 0x3e,
  0x02, 0xc0, 0x4c, 0x3e, 0x00, 0xcc, 0xcc, 0x3e, 0x00, 0xcc, 0xcc, 0x3e,
  0x00, 0xcc, 0xcc, 0x3e, 0x00, 0x98, 0x19, 0x3f, 0x00, 0x98, 0x19, 0x3f,
  0x00, 0xce, 0x4c, 0x3f, 0x00, 0xce, 0x4c, 0x3f, 0x00, 0xce, 0x4c, 0x3f,
  0x00, 0xfe, 0x7f, 0x3f, 0x00, 0xfe, 0x7f, 0x3f, 0x00, 0xfe, 0x7f, 0x3f,
  0x00, 0xfe, 0x7f, 0x3f, 0x00, 0xfe, 0x7f, 0x3f, 0x00, 0xfe, 0x7f, 0x3f,
  0x00, 0xfe, 0x7f, 0x3f, 0x00, 0xfe, 0x7f, 0x3f, 0x00, 0xfe, 0x7f, 0x3f,
  0x00, 0xfe, 0x7f, 0x3f, 0x00, 0xce, 0x4c, 0x3f, 0x00, 0xce, 0x4c, 0x3f,
  0x00, 0x98, 0x19, 0x3f, 0x00, 0x98, 0x19, 0x3f, 0x00, 0xcc, 0xcc, 0x3e,
  0x00, 0xcc, 0xcc, 0x3e, 0x00, 0xcc, 0xcc, 0x3e, 0x02, 0xc0, 0x4c, 0x3e,
  0x02, 0xc0, 0x4c, 0x3e, 0x02, 0xc0, 0x4c, 0x3e, 0x02, 0xc0, 0x4c, 0x3e,
  0x00, 0x00, 0x00, 0x00, 0x00, 0x00, 0x00, 0x00, 0x00, 0x00, 0x00, 0x00,
  0x00, 0x00, 0x00, 0x00, 0x00, 0x00, 0x00, 0x00, 0x00, 0x00, 0x00, 0x00,
  0x00, 0x00, 0x00, 0x00, 0x00, 0x00, 0x00, 0x00, 0x00, 0x00, 0x00, 0x00,
  0x00, 0x00, 0x00, 0x00, 0x00, 0x00, 0x00, 0x00, 0x00, 0x00, 0x00, 0x00,
  0x00, 0x00, 0x00, 0x00, 0x00, 0x00, 0x00, 0x00, 0x00, 0x00, 0x00, 0x00,
  0x00, 0x00, 0x00, 0x00, 0x00, 0x00, 0x00, 0x00, 0x00, 0x00, 0x00, 0x00,
  0x00, 0x00, 0x00, 0x00, 0x00, 0x00, 0x00, 0x00, 0x00, 0x00, 0x00, 0x00,
  0x00, 0x00, 0x00, 0x00, 0x00, 0x00, 0x00, 0x00, 0x00, 0x00, 0x00, 0x00,
  0x02, 0xc0, 0x4c, 0x3e, 0x02, 0xc0, 0x4c, 0x3e, 0x02, 0xc0, 0x4c, 0x3e,
  0x02, 0xc0, 0x4c, 0x3e, 0x02, 0xc0, 0x4c, 0x3e, 0x02, 0xc0, 0x4c, 0x3e,
  0x02, 0xc0, 0x4c, 0x3e, 0x02, 0xc0, 0x4c, 0x3e, 0x02, 0xc0, 0x4c, 0x3e,
  0x02, 0xc0, 0x4c, 0x3e, 0x02, 0xc0, 0x4c, 0x3e, 0x00, 0x00, 0x00, 0x00,
  0x00, 0x00, 0x00, 0x00, 0x00, 0x00, 0x00, 0x00, 0x00, 0x00, 0x00, 0x00,
  0x00, 0x00, 0x00, 0x00, 0x02, 0xc0, 0x4c, 0xbe, 0x02, 0xc0, 0x4c, 0xbe,
  0x02, 0xc0, 0x4c, 0xbe, 0x00, 0xcc, 0xcc, 0xbe, 0x00, 0xcc, 0xcc, 0xbe,
  0x00, 0x98, 0x19, 0xbf, 0x00, 0x98, 0x19, 0xbf, 0x00, 0x98, 0x19, 0xbf,
  0x00, 0xce, 0x4c, 0xbf, 0x00, 0xce, 0x4c, 0xbf, 0x00, 0xce, 0x4c, 0xbf,
  0x00, 0xfe, 0x7f, 0xbf, 0x00, 0xfe, 0x7f, 0xbf, 0x00, 0xfe, 0x7f, 0xbf,
  0x00, 0xfe, 0x7f, 0xbf, 0x00, 0xfe, 0x7f, 0xbf, 0x00, 0xfe, 0x7f, 0xbf,
  0x00, 0xfe, 0x7f, 0xbf, 0x00, 0xfe, 0x7f, 0xbf, 0x00, 0xfe, 0x7f, 0xbf,
  0x00, 0xfe, 0x7f, 0xbf, 0x00, 0xfe, 0x7f, 0xbf, 0x00, 0xfe, 0x7f, 0xbf,
  0x00, 0x90, 0x51, 0xbf, 0x00, 0xce, 0x4c, 0xbf, 0x00, 0xce, 0x4c, 0xbf,
  0x00, 0xce, 0x4c, 0xbf, 0x00, 0x98, 0x19, 0xbf, 0x00, 0x98, 0x19, 0xbf,
  0x00, 0xcc, 0xcc, 0xbe, 0x00, 0xcc, 0xcc, 0xbe, 0x00, 0xcc, 0xcc, 0xbe,
  0x02, 0xc0, 0x4c, 0xbe, 0x02, 0xc0, 0x4c, 0xbe, 0x02, 0xc0, 0x4c, 0xbe,
  0x02, 0xc0, 0x4c, 0xbe, 0x00, 0x00, 0x00, 0x00, 0x00, 0x00, 0x00, 0x00,
  0x00, 0x00, 0x00, 0x00, 0x02, 0xc0, 0x4c, 0x3e, 0x02, 0xc0, 0x4c, 0x3e,
  0x02, 0xc0, 0x4c, 0x3e, 0x02, 0xc0, 0x4c, 0x3e, 0x02, 0xc0, 0x4c, 0x3e,
  0x02, 0xc0, 0x4c, 0x3e, 0x02, 0xc0, 0x4c, 0x3e, 0x00, 0x00, 0x00, 0x00,
  0x00, 0x00, 0x00, 0x00, 0x00, 0x00, 0x00, 0x00, 0x00, 0x00, 0x00, 0x00,
  0x02, 0xc0, 0x4c, 0xbe, 0x02, 0xc0, 0x4c, 0xbe, 0x02, 0xc0, 0x4c, 0xbe,
  0x00, 0xcc, 0xcc, 0xbe, 0x00, 0xcc, 0xcc, 0xbe, 0x00, 0xd6, 0x14, 0xbf,
  0x00, 0x98, 0x19, 0xbf, 0x00, 0x98, 0x19, 0xbf, 0x00, 0x98, 0x19, 0xbf,
  0x00, 0xce, 0x4c, 0xbf, 0x00, 0xce, 0x4c, 0xbf, 0x00, 0xce, 0x4c, 0xbf,
  0x00, 0xce, 0x4c, 0xbf, 0x00, 0xce, 0x4c, 0xbf, 0x00, 0xfe, 0x7f, 0xbf,
  0x00, 0xfe, 0x7f, 0xbf, 0x00, 0x90, 0x51, 0xbf, 0x00, 0xce, 0x4c, 0xbf,
  0x00, 0xce, 0x4c, 0xbf, 0x00, 0xce, 0x4c, 0xbf, 0x00, 0xce, 0x4c, 0xbf,
  0x00, 0xce, 0x4c, 0xbf, 0x00, 0x98, 0x19, 0xbf, 0x00, 0x98, 0x19, 0xbf,
  0x00, 0xcc, 0xcc, 0xbe, 0x00, 0xcc, 0xcc, 0xbe, 0x00, 0xcc, 0xcc, 0xbe,
  0xfe, 0xdf, 0x5f, 0xbe, 0x02, 0xc0, 0x4c, 0xbe, 0x00, 0x00, 0x00, 0x00,
  0x00, 0x00, 0x00, 0x00, 0x02, 0xc0, 0x4c, 0x3e, 0x02, 0xc0, 0x4c, 0x3e,
  0x02, 0xc0, 0x4c, 0x3e, 0x00, 0xcc, 0xcc, 0x3e, 0x00, 0xcc, 0xcc, 0x3e,
  0x00, 0xcc, 0xcc, 0x3e, 0x00, 0xd6, 0x14, 0x3f, 0x00, 0x98, 0x19, 0x3f,
  0x00, 0x98, 0x19, 0x3f, 0x00, 0x98, 0x19, 0x3f, 0x00, 0x98, 0x19, 0x3f,
  0x00, 0x98, 0x19, 0x3f, 0x00, 0x98, 0x19, 0x3f, 0x00, 0x98, 0x19, 0x3f,
  0x00, 0x98, 0x19, 0x3f, 0x00, 0xcc, 0xcc, 0x3e, 0x00, 0xcc, 0xcc, 0x3e,
  0x00, 0xcc, 0xcc, 0x3e, 0x00, 0xcc, 0xcc, 0x3e, 0x02, 0xc0, 0x4c, 0x3e,
  0x02, 0xc0, 0x4c, 0x3e, 0x02, 0xc0, 0x4c, 0x3e, 0x00, 0x00, 0x00, 0x00,
  0x00, 0x00, 0x00, 0x00, 0x02, 0xc0, 0x4c, 0xbe, 0x02, 0xc0, 0x4c, 0xbe,
  0x02, 0xc0, 0x4c, 0xbe, 0x00, 0xcc, 0xcc, 0xbe, 0x00, 0xcc, 0xcc, 0xbe,
  0x00, 0xcc, 0xcc, 0xbe, 0x00, 0xcc, 0xcc, 0xbe, 0x00, 0x98, 0x19, 0xbf,
  0x00, 0x98, 0x19, 0xbf, 0x00, 0x98, 0x19, 0xbf, 0x00, 0x98, 0x19, 0xbf,
  0x00, 0x98, 0x19, 0xbf, 0x00, 0x98, 0x19, 0xbf, 0x00, 0x98, 0x19, 0xbf,
  0x00, 0x98, 0x19, 0xbf, 0x00, 0x98, 0x19, 0xbf, 0x00, 0x98, 0x19, 0xbf,
  0x00, 0x98, 0x19, 0xbf, 0x00, 0xcc, 0xcc, 0xbe, 0x00, 0xcc, 0xcc, 0xbe,
  0x00, 0xcc, 0xcc, 0xbe, 0x00, 0xcc, 0xcc, 0xbe, 0x02, 0xc0, 0x4c, 0xbe,
  0x02, 0xc0, 0x4c, 0xbe, 0x02, 0xc0, 0x4c, 0xbe, 0x03, 0x40, 0x98, 0xbc,
  0x00, 0x00, 0x00, 0x00, 0x00, 0x00, 0x00, 0x00, 0x02, 0xc0, 0x4c, 0x3e,
  0x02, 0xc0, 0x4c, 0x3e, 0x02, 0xc0, 0x4c, 0x3e, 0x02, 0xc0, 0x4c, 0x3e,
  0x00, 0xcc, 0xcc, 0x3e, 0x00, 0xcc, 0xcc, 0x3e, 0x00, 0xcc, 0xcc, 0x3e,
  0x00, 0xcc, 0xcc, 0x3e, 0x00, 0xcc, 0xcc, 0x3e, 0x00, 0xcc, 0xcc, 0x3e,
  0x00, 0xcc, 0xcc, 0x3e, 0x00, 0xcc, 0xcc, 0x3e, 0x00, 0xcc, 0xcc, 0x3e,
  0x00, 0xcc, 0xcc, 0x3e, 0x00, 0xcc, 0xcc, 0x3e, 0x02, 0xc0, 0x4c, 0x3e,
  0x02, 0xc0, 0x4c, 0x3e, 0x02, 0xc0, 0x4c, 0x3e, 0x02, 0xc0, 0x4c, 0x3e,
  0x02, 0xc0, 0x4c, 0x3e, 0x02, 0xc0, 0x4c, 0x3e, 0x00, 0x00, 0x00, 0x00,
  0x00, 0x00, 0x00, 0x00, 0x00, 0x00, 0x00, 0x00, 0x00, 0x00, 0x00, 0x00,
  0x00, 0x00, 0x00, 0x00, 0x02, 0xc0, 0x4c, 0xbe, 0x02, 0xc0, 0x4c, 0xbe,
  0x02, 0xc0, 0x4c, 0xbe, 0x02, 0xc0, 0x4c, 0xbe, 0x02, 0xc0, 0x4c, 0xbe,
  0x02, 0xc0, 0x4c, 0xbe, 0x02, 0xc0, 0x4c, 0xbe, 0x00, 0xcc, 0xcc, 0xbe,
  0x00, 0xcc, 0xcc, 0xbe, 0x00, 0xcc, 0xcc, 0xbe, 0x00, 0xcc, 0xcc, 0xbe,
  0x00, 0xcc, 0xcc, 0xbe, 0x00, 0xcc, 0xcc, 0xbe, 0x02, 0xc0, 0x4c, 0xbe,
  0x02, 0xc0, 0x4c, 0xbe, 0x02, 0xc0, 0x4c, 0xbe, 0x02, 0xc0, 0x4c, 0xbe,
  0x02, 0xc0, 0x4c, 0xbe, 0x02, 0xc0, 0x4c, 0xbe, 0x02, 0xc0, 0x4c, 0xbe,
  0x02, 0xc0, 0x4c, 0xbe, 0x02, 0xc0, 0x4c, 0xbe, 0x02, 0xc0, 0x4c, 0xbe,
  0x02, 0xc0, 0x4c, 0xbe, 0x00, 0x00, 0x00, 0x00, 0x00, 0x00, 0x00, 0x00,
  0x00, 0x00, 0x00, 0x00, 0x00, 0x00, 0x00, 0x00, 0x00, 0x00, 0x00, 0x00,
  0x00, 0x00, 0x00, 0x00, 0x00, 0x00, 0x00, 0x00, 0x00, 0x00, 0x00, 0x00,
  0x02, 0xc0, 0x4c, 0x3e, 0x02, 0xc0, 0x4c, 0x3e, 0x02, 0xc0, 0x4c, 0x3e,
  0x02, 0xc0, 0x4c, 0x3e, 0x02, 0xc0, 0x4c, 0x3e, 0x02, 0xc0, 0x4c, 0x3e,
  0x02, 0xc0, 0x4c, 0x3e, 0x02, 0xc0, 0x4c, 0x3e, 0x00, 0x00, 0x00, 0x00,
  0x00, 0x00, 0x00, 0x00, 0x00, 0x00, 0x00, 0x00, 0x00, 0x00, 0x00, 0x00,
  0x00, 0x00, 0x00, 0x00, 0x00, 0x00, 0x00, 0x00, 0x00, 0x00, 0x00, 0x00,
  0x00, 0x00, 0x00, 0x00, 0x00, 0x00, 0x00, 0x00, 0x00, 0x00, 0x00, 0x00,
  0x00, 0x00, 0x00, 0x00, 0x00, 0x00, 0x00, 0x00, 0x02, 0xc0, 0x4c, 0xbe,
  0x02, 0xc0, 0x4c, 0xbe, 0x02, 0xc0, 0x4c, 0xbe, 0x02, 0xc0, 0x4c, 0xbe,
  0x02, 0xc0, 0x4c, 0xbe, 0x02, 0xc0, 0x4c, 0xbe, 0x02, 0xc0, 0x4c, 0xbe,
  0x02, 0xc0, 0x4c, 0xbe, 0x02, 0xc0, 0x4c, 0xbe, 0x02, 0xc0, 0x4c, 0xbe,
  0x02, 0xc0, 0x4c, 0xbe, 0x02, 0xc0, 0x4c, 0xbe, 0x02, 0xc0, 0x4c, 0xbe,
  0x02, 0xc0, 0x4c, 0xbe, 0x02, 0xc0, 0x4c, 0xbe, 0x02, 0xc0, 0x4c, 0xbe,
  0x02, 0xc0, 0x4c, 0xbe, 0x02, 0xc0, 0x4c, 0xbe, 0x02, 0xc0, 0x4c, 0xbe,
  0x02, 0xc0, 0x4c, 0xbe, 0x02, 0xc0, 0x4c, 0xbe, 0x02, 0xc0, 0x4c, 0xbe,
  0x02, 0xc0, 0x4c, 0xbe, 0x02, 0xc0, 0x4c, 0xbe, 0x02, 0xc0, 0x4c, 0xbe,
  0x02, 0xc0, 0x4c, 0xbe, 0x00, 0x00, 0x00, 0x00, 0x00, 0x00, 0x00, 0x00,
  0x00, 0x00, 0x00, 0x00, 0x00, 0x00, 0x00, 0x00, 0x00, 0x00, 0x00, 0x00,
  0x00, 0x00, 0x00, 0x00, 0x00, 0x00, 0x00, 0x00, 0x00, 0x00, 0x00, 0x00,
  0x00, 0x00, 0x00, 0x00, 0x00, 0x00, 0x00, 0x00, 0x00, 0x00, 0x00, 0x00,
  0x00, 0x00, 0x00, 0x00, 0x00, 0x00, 0x00, 0x00, 0x00, 0x00, 0x00, 0x00,
  0x00, 0x00, 0x00, 0x00, 0x00, 0x00, 0x00, 0x00, 0x00, 0x00, 0x00, 0x00,
  0x00, 0x00, 0x00, 0x00, 0x00, 0x00, 0x00, 0x00, 0x00, 0x00, 0x00, 0x00,
  0x00, 0x00, 0x00, 0x00, 0x00, 0x00, 0x00, 0x00, 0x00, 0x00, 0x00, 0x00,
  0x00, 0x00, 0x00, 0x00, 0x00, 0x00, 0x00, 0x00, 0x00, 0x00, 0x00, 0x00,
  0x00, 0x00, 0x00, 0x00, 0x00, 0x00, 0x00, 0x00, 0x00, 0x00, 0x00, 0x00,
  0x00, 0x00, 0x00, 0x00, 0x00, 0x00, 0x00, 0x00, 0x00, 0x00, 0x00, 0x00,
  0x00, 0x00, 0x00, 0x00, 0x00, 0x00, 0x00, 0x00, 0x00, 0x00, 0x00, 0x00,
  0x00, 0x00, 0x00, 0x00, 0x00, 0x00, 0x00, 0x00, 0x00, 0x00, 0x00, 0x00,
  0x00, 0x00, 0x00, 0x00, 0x00, 0x00, 0x00, 0x00, 0x00, 0x00, 0x00, 0x00,
  0x00, 0x00, 0x00, 0x00, 0x00, 0x00, 0x00, 0x00, 0x00, 0x00, 0x00, 0x00,
  0x00, 0x00, 0x00, 0x00, 0x00, 0x00, 0x00, 0x00, 0x02, 0xc0, 0x4c, 0xbe,
  0x02, 0xc0, 0x4c, 0xbe, 0x02, 0xc0, 0x4c, 0xbe, 0x02, 0xc0, 0x4c, 0xbe,
  0x02, 0xc0, 0x4c, 0xbe, 0x00, 0x00, 0x00, 0x00, 0x00, 0x00, 0x00, 0x00,
  0x00, 0x00, 0x00, 0x00, 0x00, 0x00, 0x00, 0x00, 0x02, 0xb8, 0x39, 0xbe,
  0x02, 0xc0, 0x4c, 0xbe, 0x02, 0xc0, 0x4c, 0xbe, 0x02, 0xc0, 0x4c, 0xbe,
  0x02, 0xc0, 0x4c, 0xbe, 0x02, 0xc0, 0x4c, 0xbe, 0x02, 0xc0, 0x4c, 0xbe,
  0x02, 0xc0, 0x4c, 0xbe, 0x02, 0xc0, 0x4c, 0xbe, 0x02, 0xc0, 0x4c, 0xbe,
  0x02, 0xc0, 0x4c, 0xbe, 0x02, 0xc0, 0x4c, 0xbe, 0x02, 0xc0, 0x4c, 0xbe,
  0x02, 0xc0, 0x4c, 0xbe, 0x02, 0xc0, 0x4c, 0xbe, 0x02, 0xc0, 0x4c, 0xbe,
  0x02, 0xc0, 0x4c, 0xbe, 0x02, 0xc0, 0x4c, 0xbe, 0x02, 0xc0, 0x4c, 0xbe,
  0x02, 0xc0, 0x4c, 0xbe, 0x02, 0xc0, 0x4c, 0xbe, 0x02, 0xc0, 0x4c, 0xbe,
  0x02, 0xc0, 0x4c, 0xbe, 0x00, 0xcc, 0xcc, 0xbe, 0x00, 0xcc, 0xcc, 0xbe,
  0x00, 0xcc, 0xcc, 0xbe, 0x00, 0xcc, 0xcc, 0xbe, 0x00, 0xcc, 0xcc, 0xbe,
  0x00, 0xcc, 0xcc, 0xbe, 0x00, 0xcc, 0xcc, 0xbe, 0x00, 0xcc, 0xcc, 0xbe,
  0x00, 0xcc, 0xcc, 0xbe, 0x00, 0xcc, 0xcc, 0xbe, 0x00, 0xcc, 0xcc, 0xbe,
  0x00, 0xcc, 0xcc, 0xbe, 0x02, 0xc0, 0x4c, 0xbe, 0x02, 0xc0, 0x4c, 0xbe,
  0x02, 0xc0, 0x4c, 0xbe, 0x02, 0xc0, 0x4c, 0xbe, 0x02, 0xc0, 0x4c, 0xbe,
  0x02, 0xc0, 0x4c, 0xbe, 0x00, 0x00, 0x00, 0x00, 0x00, 0x00, 0x00, 0x00,
  0x00, 0x00, 0x00, 0x00, 0x00, 0x00, 0x00, 0x00, 0x00, 0x00, 0x00, 0x00,
  0x00, 0x00, 0x00, 0x00, 0x00, 0x00, 0x00, 0x00, 0x00, 0x00, 0x00, 0x00,
  0x00, 0x00, 0x00, 0x00, 0x02, 0xc0, 0x4c, 0xbe, 0x02, 0xc0, 0x4c, 0xbe,
  0x02, 0xc0, 0x4c, 0xbe, 0x02, 0xc0, 0x4c, 0xbe, 0x02, 0xc0, 0x4c, 0xbe,
  0x00, 0xcc, 0xcc, 0xbe, 0x00, 0xcc, 0xcc, 0xbe, 0x00, 0xcc, 0xcc, 0xbe,
  0x02, 0xc0, 0x4c, 0xbe, 0x02, 0xc0, 0x4c, 0xbe, 0x02, 0xc0, 0x4c, 0xbe,
  0x02, 0xc0, 0x4c, 0xbe, 0x00, 0x00, 0x00, 0x00, 0x00, 0x00, 0x00, 0x00,
  0x00, 0x00, 0x00, 0x00, 0x00, 0x00, 0x00, 0x00, 0x02, 0xc0, 0x4c, 0x3e,
  0x02, 0xc0, 0x4c, 0x3e, 0x02, 0xc0, 0x4c, 0x3e, 0x02, 0xc0, 0x4c, 0x3e,
  0x02, 0xc0, 0x4c, 0x3e, 0x02, 0xc0, 0x4c, 0x3e, 0x02, 0xc0, 0x4c, 0x3e,
  0x02, 0xc0, 0x4c, 0x3e, 0x02, 0xc0, 0x4c, 0x3e, 0x03, 0x40, 0x98, 0x3c,
  0x00, 0x00, 0x00, 0x00, 0x00, 0x00, 0x00, 0x00, 0x00, 0x00, 0x00, 0x00,
  0x00, 0x00, 0x00, 0x00, 0x00, 0x00, 0x00, 0x00, 0x00, 0x00, 0x00, 0x00,
  0x00, 0x00, 0x00, 0x00, 0x00, 0x00, 0x00, 0x00, 0x00, 0x00, 0x00, 0x00,
  0x00, 0x00, 0x00, 0x00, 0x00, 0x00, 0x00, 0x00, 0x00, 0x00, 0x00, 0x00,
  0x02, 0xc0, 0x4c, 0x3e, 0x02, 0xc0, 0x4c, 0x3e, 0x02, 0xc0, 0x4c, 0x3e,
  0x02, 0xc0, 0x4c, 0x3e, 0x02, 0xc0, 0x4c, 0x3e, 0x00, 0xcc, 0xcc, 0x3e,
  0x00, 0xcc, 0xcc, 0x3e, 0x00, 0xcc, 0xcc, 0x3e, 0x00, 0xcc, 0xcc, 0x3e,
  0x00, 0xcc, 0xcc, 0x3e, 0x00, 0xcc, 0xcc, 0x3e, 0x00, 0xcc, 0xcc, 0x3e,
  0x00, 0xcc, 0xcc, 0x3e, 0x00, 0xcc, 0xcc, 0x3e, 0x00, 0xcc, 0xcc, 0x3e,
  0x00, 0xcc, 0xcc, 0x3e, 0x00, 0xcc, 0xcc, 0x3e, 0x02, 0xc0, 0x4c, 0x3e,
  0x02, 0xc0, 0x4c, 0x3e, 0x02, 0xc0, 0x4c, 0x3e, 0x02, 0xc0, 0x4c, 0x3e,
  0x00, 0x00, 0x00, 0x00, 0x00, 0x00, 0x00, 0x00, 0x00, 0x00, 0x00, 0x00,
  0x00, 0x00, 0x00, 0x00, 0x00, 0x00, 0x00, 0x00, 0x00, 0x00, 0x00, 0x00,
  0x00, 0x00, 0x00, 0x00, 0x00, 0x00, 0x00, 0x00, 0x00, 0x00, 0x00, 0x00,
  0x00, 0x00, 0x00, 0x00, 0x00, 0x00, 0x00, 0x00, 0x00, 0x00, 0x00, 0x00,
  0x00, 0x00, 0x00, 0x00, 0x00, 0x00, 0x00, 0x00, 0x00, 0x00, 0x00, 0x00,
  0x02, 0xc0, 0x4c, 0x3e, 0x02, 0xc0, 0x4c, 0x3e, 0x02, 0xc0, 0x4c, 0x3e,
  0x02, 0xc0, 0x4c, 0x3e, 0x02, 0xc0, 0x4c, 0x3e, 0x02, 0xc0, 0x4c, 0x3e,
  0x02, 0xc0, 0x4c, 0x3e, 0x02, 0xc0, 0x4c, 0x3e, 0x02, 0xc0, 0x4c, 0x3e,
  0x00, 0x00, 0x00, 0x00, 0x00, 0x00, 0x00, 0x00, 0x02, 0xc0, 0x4c, 0xbe,
  0x02, 0xc0, 0x4c, 0xbe, 0x00, 0xcc, 0xcc, 0xbe, 0x00, 0xcc, 0xcc, 0xbe,
  0x00, 0x98, 0x19, 0xbf, 0x00, 0x98, 0x19, 0xbf, 0x00, 0x98, 0x19, 0xbf,
  0x00, 0xce, 0x4c, 0xbf, 0x00, 0xce, 0x4c, 0xbf, 0x00, 0xce, 0x4c, 0xbf,
  0x00, 0xce, 0x4c, 0xbf, 0x00, 0xce, 0x4c, 0xbf, 0x00, 0xce, 0x4c, 0xbf,
  0x00, 0xce, 0x4c, 0xbf, 0x00, 0x98, 0x19, 0xbf, 0x00, 0x98, 0x19, 0xbf,
  0x00, 0x98, 0x19, 0xbf, 0x00, 0xcc, 0xcc, 0xbe, 0x00, 0xcc, 0xcc, 0xbe,
  0x00, 0xcc, 0xcc, 0xbe, 0x00, 0xcc, 0xcc, 0xbe, 0x02, 0xc0, 0x4c, 0xbe,
  0x02, 0xc0, 0x4c, 0xbe, 0x02, 0xc0, 0x4c, 0xbe, 0x02, 0xc0, 0x4c, 0xbe,
  0x00, 0xcc, 0xcc, 0xbe, 0x00, 0xcc, 0xcc, 0xbe, 0x00, 0xcc, 0xcc, 0xbe,
  0x00, 0xcc, 0xcc, 0xbe, 0x00, 0xcc, 0xcc, 0xbe, 0x00, 0x98, 0x19, 0xbf,
  0x00, 0x98, 0x19, 0xbf, 0x00, 0xce, 0x4c, 0xbf, 0x00, 0xce, 0x4c, 0xbf,
  0x00, 0xce, 0x4c, 0xbf, 0x00, 0xfe, 0x7f, 0xbf, 0x00, 0xfe, 0x7f, 0xbf,
  0x00, 0xfe, 0x7f, 0xbf, 0x00, 0xfe, 0x7f, 0xbf, 0x00, 0xfe, 0x7f, 0xbf,
  0x00, 0xfe, 0x7f, 0xbf, 0x00, 0xfe, 0x7f, 0xbf, 0x00, 0xfe, 0x7f, 0xbf,
  0x00, 0xfe, 0x7f, 0xbf, 0x00, 0xce, 0x4c, 0xbf, 0x00, 0xce, 0x4c, 0xbf,
  0x00, 0xce, 0x4c, 0xbf, 0x00, 0x98, 0x19, 0xbf, 0x00, 0x98, 0x19, 0xbf,
  0x00, 0x98, 0x19, 0xbf, 0x00, 0x98, 0x19, 0xbf, 0x00, 0xcc, 0xcc, 0xbe,
  0x00, 0xcc, 0xcc, 0xbe, 0x00, 0xcc, 0xcc, 0xbe, 0x00, 0xcc, 0xcc, 0xbe,
  0x00, 0xcc, 0xcc, 0xbe, 0x00, 0xcc, 0xcc, 0xbe, 0x00, 0xcc, 0xcc, 0xbe,
  0x00, 0xcc, 0xcc, 0xbe, 0x00, 0xcc, 0xcc, 0xbe, 0x00, 0xcc, 0xcc, 0xbe,
  0x00, 0xcc, 0xcc, 0xbe, 0x00, 0xcc, 0xcc, 0xbe, 0x00, 0xcc, 0xcc, 0xbe,
  0x00, 0xcc, 0xcc, 0xbe, 0x00, 0xcc, 0xcc, 0xbe, 0x00, 0xcc, 0xcc, 0xbe,
  0x00, 0xcc, 0xcc, 0xbe, 0x00, 0xcc, 0xcc, 0xbe, 0x00, 0xcc, 0xcc, 0xbe,
  0x00, 0xcc, 0xcc, 0xbe, 0x00, 0xcc, 0xcc, 0xbe, 0x02, 0xc0, 0x4c, 0xbe,
  0x02, 0xc0, 0x4c, 0xbe, 0x02, 0xc0, 0x4c, 0xbe, 0x02, 0xc0, 0x4c, 0xbe,
  0x00, 0x00, 0x00, 0x00, 0x00, 0x00, 0x00, 0x00, 0x00, 0x00, 0x00, 0x00,
  0x02, 0xa0, 0x2a, 0x3e, 0x00, 0xa8, 0xaa, 0x3e, 0x01, 0xf8, 0xff, 0x3e,
  0x01, 0xf8, 0xff, 0x3e, 0x01, 0xf8, 0xff, 0x3e, 0x01, 0xf8, 0xff, 0x3e,
  0x00, 0xaa, 0x2a, 0x3f, 0x01, 0xf8, 0xff, 0x3e, 0x01, 0xf8, 0xff, 0x3e,
  0x01, 0xf8, 0xff, 0x3e, 0x01, 0xf8, 0xff, 0x3e, 0x01, 0xf8, 0xff, 0x3e,
  0x01, 0xf8, 0xff, 0x3e, 0x01, 0xf8, 0xff, 0x3e, 0x00, 0xaa, 0x2a, 0x3f,
  0x00, 0xaa, 0x2a, 0x3f, 0x00, 0xaa, 0x2a, 0x3f, 0x00, 0xaa, 0x2a, 0x3f,
  0x00, 0x52, 0x55, 0x3f, 0x00, 0x52, 0x55, 0x3f, 0x00, 0x52, 0x55, 0x3f,
  0x00, 0xaa, 0x2a, 0x3f, 0x00, 0xaa, 0x2a, 0x3f, 0x00, 0xaa, 0x2a, 0x3f,
  0x01, 0xf8, 0xff, 0x3e, 0x01, 0xf8, 0xff, 0x3e, 0x01, 0xf8, 0xff, 0x3e,
  0x01, 0xf8, 0xff, 0x3e, 0x01, 0xf8, 0xff, 0x3e, 0x01, 0xf8, 0xff, 0x3e,
  0x00, 0xaa, 0x2a, 0x3f, 0x00, 0xaa, 0x2a, 0x3f, 0x00, 0xaa, 0x2a, 0x3f,
  0x00, 0xaa, 0x2a, 0x3f, 0x00, 0xaa, 0x2a, 0x3f, 0x01, 0xf8, 0xff, 0x3e,
  0x01, 0xf8, 0xff, 0x3e, 0x01, 0xf8, 0xff, 0x3e, 0x02, 0xa0, 0x2a, 0x3e,
  0x00, 0x00, 0x00, 0x00, 0x00, 0x00, 0x00, 0x00, 0x02, 0xa0, 0x2a, 0xbe,
  0x02, 0xa0, 0x2a, 0xbe, 0x02, 0xa0, 0x2a, 0xbe, 0x02, 0xa0, 0x2a, 0xbe,
  0x02, 0xa0, 0x2a, 0xbe, 0x02, 0xa0, 0x2a, 0xbe, 0x02, 0xa0, 0x2a, 0xbe,
  0x02, 0xa0, 0x2a, 0xbe, 0x02, 0xa0, 0x2a, 0xbe, 0x02, 0xa0, 0x2a, 0xbe,
  0x02, 0xa0, 0x2a, 0xbe, 0x00, 0x00, 0x00, 0x00, 0x00, 0x00, 0x00, 0x00,
  0x00, 0x00, 0x00, 0x00, 0x00, 0x00, 0x00, 0x00, 0x02, 0xa0, 0x2a, 0x3e,
  0x02, 0xa0, 0x2a, 0x3e, 0x01, 0xbc, 0xa2, 0x3e, 0x00, 0xa8, 0xaa, 0x3e,
  0x01, 0xf8, 0xff, 0x3e, 0x00, 0xaa, 0x2a, 0x3f, 0x00, 0xaa, 0x2a, 0x3f,
  0x00, 0xaa, 0x2a, 0x3f, 0x00, 0x52, 0x55, 0x3f, 0x00, 0x52, 0x55, 0x3f,
  0x00, 0x52, 0x55, 0x3f, 0x00, 0x52, 0x55, 0x3f, 0x00, 0xaa, 0x2a, 0x3f,
  0x00, 0xaa, 0x2a, 0x3f, 0x00, 0xaa, 0x2a, 0x3f, 0x01, 0xf8, 0xff, 0x3e,
  0x00, 0xa8, 0xaa, 0x3e, 0x02, 0xa0, 0x2a, 0x3e, 0x00, 0x00, 0x00, 0x00,
  0x00, 0x00, 0x00, 0x00, 0x02, 0xa0, 0x2a, 0xbe, 0x02, 0xa0, 0x2a, 0xbe,
  0x00, 0xa8, 0xaa, 0xbe, 0x00, 0xa8, 0xaa, 0xbe, 0x00, 0xa8, 0xaa, 0xbe,
  0x00, 0xa8, 0xaa, 0xbe, 0x00, 0xa8, 0xaa, 0xbe, 0x00, 0xa8, 0xaa, 0xbe,
  0x00, 0xa8, 0xaa, 0xbe, 0x00, 0xa8, 0xaa, 0xbe, 0x00, 0xa8, 0xaa, 0xbe,
  0x00, 0xa8, 0xaa, 0xbe, 0x01, 0xf8, 0xff, 0xbe, 0x01, 0xf8, 0xff, 0xbe,
  0x01, 0xf8, 0xff, 0xbe, 0x01, 0xf8, 0xff, 0xbe, 0x01, 0xf8, 0xff, 0xbe,
  0x01, 0xf8, 0xff, 0xbe, 0x01, 0xf8, 0xff, 0xbe, 0x00, 0xaa, 0x2a, 0xbf,
  0x00, 0xaa, 0x2a, 0xbf, 0x00, 0xaa, 0x2a, 0xbf, 0x00, 0xaa, 0x2a, 0xbf,
  0x00, 0xaa, 0x2a, 0xbf, 0x00, 0xaa, 0x2a, 0xbf, 0x00, 0xaa, 0x2a, 0xbf,
  0x00, 0xaa, 0x2a, 0xbf, 0x00, 0xaa, 0x2a, 0xbf, 0x00, 0xaa, 0x2a, 0xbf,
  0x00, 0xaa, 0x2a, 0xbf, 0x00, 0xaa, 0x2a, 0xbf, 0x00, 0xaa, 0x2a, 0xbf,
  0x01, 0xf8, 0xff, 0xbe, 0x01, 0xf8, 0xff, 0xbe, 0x01, 0xf8, 0xff, 0xbe,
  0x01, 0xf8, 0xff, 0xbe, 0x01, 0xf8, 0xff, 0xbe, 0x01, 0xf8, 0xff, 0xbe,
  0x00, 0xa8, 0xaa, 0xbe, 0x00, 0xa8, 0xaa, 0xbe, 0x00, 0xa8, 0xaa, 0xbe,
  0x00, 0xa8, 0xaa, 0xbe, 0x00, 0xa8, 0xaa, 0xbe, 0x00, 0xa8, 0xaa, 0xbe,
  0x00, 0xa8, 0xaa, 0xbe, 0x00, 0xa8, 0xaa, 0xbe, 0x00, 0xa8, 0xaa, 0xbe,
  0x02, 0x0c, 0xf8, 0xbe, 0x01, 0xf8, 0xff, 0xbe, 0x01, 0xf8, 0xff, 0xbe,
  0x01, 0xf8, 0xff, 0xbe, 0x01, 0xf8, 0xff, 0xbe, 0x01, 0xf8, 0xff, 0xbe,
  0x01, 0xf8, 0xff, 0xbe, 0x01, 0xf8, 0xff, 0xbe, 0x00, 0xaa, 0x2a, 0xbf,
  0x00, 0xaa, 0x2a, 0xbf, 0x00, 0xaa, 0x2a, 0xbf, 0x00, 0xaa, 0x2a, 0xbf,
  0x00, 0xaa, 0x2a, 0xbf, 0x01, 0xf8, 0xff, 0xbe, 0x01, 0xf8, 0xff, 0xbe,
  0x01, 0xf8, 0xff, 0xbe, 0x01, 0xf8, 0xff, 0xbe, 0x01, 0xf8, 0xff, 0xbe,
  0x01, 0xf8, 0xff, 0xbe, 0x01, 0xf8, 0xff, 0xbe, 0x01, 0xf8, 0xff, 0xbe,
  0xff, 0x97, 0xb2, 0xbe, 0x00, 0xa8, 0xaa, 0xbe, 0x00, 0xa8, 0xaa, 0xbe,
  0x00, 0xa8, 0xaa, 0xbe, 0x00, 0xa8, 0xaa, 0xbe, 0x00, 0xa8, 0xaa, 0xbe,
  0x00, 0xa8, 0xaa, 0xbe, 0x00, 0xa8, 0xaa, 0xbe, 0x02, 0xa0, 0x2a, 0xbe,
  0x02, 0xa0, 0x2a, 0xbe, 0x02, 0xa0, 0x2a, 0xbe, 0x02, 0xa0, 0x2a, 0xbe,
  0x02, 0xa0, 0x2a, 0xbe, 0x02, 0xa0, 0x2a, 0xbe, 0x02, 0xa0, 0x2a, 0xbe,
  0x00, 0x00, 0x00, 0x00, 0x00, 0x00, 0x00, 0x00, 0x00, 0x00, 0x00, 0x00,
  0x00, 0x00, 0x00, 0x00, 0x00, 0x00, 0x00, 0x00, 0x00, 0x00, 0x00, 0x00,
  0x00, 0x00, 0x00, 0x00, 0x00, 0x00, 0x00, 0x00, 0x00, 0x00, 0x00, 0x00,
  0x00, 0x00, 0x00, 0x00, 0x00, 0x00, 0x00, 0x00, 0x00, 0x00, 0x00, 0x00,
  0x00, 0x00, 0x00, 0x00, 0x00, 0x00, 0x00, 0x00, 0x00, 0x00, 0x00, 0x00,
  0x00, 0x00, 0x00, 0x00, 0x00, 0x00, 0x00, 0x00, 0x00, 0x00, 0x00, 0x00,
  0x00, 0x00, 0x00, 0x00, 0x00, 0x00, 0x00, 0x00, 0x00, 0x00, 0x00, 0x00,
  0x00, 0x00, 0x00, 0x00, 0x00, 0x00, 0x00, 0x00, 0x00, 0x00, 0x00, 0x00,
  0x00, 0x00, 0x00, 0x00, 0x00, 0x00, 0x00, 0x00, 0x00, 0x00, 0x00, 0x00,
  0x00, 0x00, 0x00, 0x00, 0x00, 0x00, 0x00, 0x00, 0x00, 0x00, 0x00, 0x00,
  0x00, 0x00, 0x00, 0x00, 0x02, 0xa0, 0x2a, 0x3e, 0x02, 0xa0, 0x2a, 0x3e,
  0x00, 0x00, 0x00, 0x00, 0x00, 0x00, 0x00, 0x00, 0x02, 0xa0, 0x2a, 0x3e,
  0x02, 0xa0, 0x2a, 0x3e, 0x02, 0xa0, 0x2a, 0x3e, 0x02, 0xa0, 0x2a, 0x3e,
  0x02, 0xa0, 0x2a, 0x3e, 0x02, 0xa0, 0x2a, 0x3e, 0x02, 0xa0, 0x2a, 0x3e,
  0x02, 0xa0, 0x2a, 0x3e, 0x02, 0xa0, 0x2a, 0x3e, 0x02, 0xa0, 0x2a, 0x3e,
  0x02, 0xa0, 0x2a, 0x3e, 0x02, 0xa0, 0x2a, 0x3e, 0x02, 0xa0, 0x2a, 0x3e,
  0x02, 0xa0, 0x2a, 0x3e, 0x02, 0xa0, 0x2a, 0x3e, 0x02, 0xa0, 0x2a, 0x3e,
  0x02, 0xa0, 0x2a, 0x3e, 0x02, 0xa0, 0x2a, 0x3e, 0x02, 0xa0, 0x2a, 0x3e,
  0x02, 0xa0, 0x2a, 0x3e, 0x02, 0xa0, 0x2a, 0x3e, 0x02, 0xa0, 0x2a, 0x3e,
  0x02, 0xa0, 0x2a, 0x3e, 0x02, 0xa0, 0x2a, 0x3e, 0x02, 0xa0, 0x2a, 0x3e,
  0x02, 0xa0, 0x2a, 0x3e, 0x02, 0xa0, 0x2a, 0x3e, 0x02, 0xa0, 0x2a, 0x3e,
  0x00, 0x00, 0x00, 0x00, 0x00, 0x00, 0x00, 0x00, 0x00, 0x00, 0x00, 0x00,
  0x00, 0x00, 0x00, 0x00, 0x00, 0x00, 0x00, 0x00, 0x00, 0x00, 0x00, 0x00,
  0x00, 0x00, 0x00, 0x00, 0x00, 0x00, 0x00, 0x00, 0x00, 0x00, 0x00, 0x00,
  0x00, 0x00, 0x00, 0x00, 0x00, 0x00, 0x00, 0x00, 0x00, 0x00, 0x00, 0x00,
  0x00, 0x00, 0x00, 0x00, 0x00, 0x00, 0x00, 0x00, 0x00, 0x00, 0x00, 0x00,
  0x00, 0x00, 0x00, 0x00, 0x00, 0x00, 0x00, 0x00, 0x02, 0xa0, 0x2a, 0xbe,
  0x02, 0xa0, 0x2a, 0xbe, 0x02, 0xa0, 0x2a, 0xbe, 0x02, 0xa0, 0x2a, 0xbe,
  0x02, 0xa0, 0x2a, 0xbe, 0x02, 0xa0, 0x2a, 0xbe, 0x02, 0xa0, 0x2a, 0xbe,
  0x02, 0xa0, 0x2a, 0xbe, 0x02, 0xa0, 0x2a, 0xbe, 0x02, 0xa0, 0x2a, 0xbe,
  0x02, 0xa0, 0x2a, 0xbe, 0x02, 0xa0, 0x2a, 0xbe, 0x02, 0xa0, 0x2a, 0xbe,
  0x02, 0xa0, 0x2a, 0xbe, 0x02, 0xa0, 0x2a, 0xbe, 0x02, 0xa0, 0x2a, 0xbe,
  0x02, 0xa0, 0x2a, 0xbe, 0x02, 0xa0, 0x2a, 0xbe, 0x02, 0xa0, 0x2a, 0xbe,
  0x02, 0xa0, 0x2a, 0xbe, 0x00, 0x00, 0x00, 0x00, 0x00, 0x00, 0x00, 0x00,
  0x00, 0x00, 0x00, 0x00, 0x00, 0x00, 0x00, 0x00, 0x00, 0x00, 0x00, 0x00,
  0x00, 0x00, 0x00, 0x00, 0x00, 0x00, 0x00, 0x00, 0x00, 0x00, 0x00, 0x00,
  0x00, 0x00, 0x00, 0x00, 0x02, 0xa0, 0x2a, 0xbe, 0x02, 0xa0, 0x2a, 0xbe,
  0x02, 0xa0, 0x2a, 0xbe, 0x02, 0xa0, 0x2a, 0xbe, 0x02, 0xa0, 0x2a, 0xbe,
  0x02, 0xa0, 0x2a, 0xbe, 0x02, 0xa0, 0x2a, 0xbe, 0x02, 0xa0, 0x2a, 0xbe,
  0x02, 0xa0, 0x2a, 0xbe, 0x02, 0xa0, 0x2a, 0xbe, 0x02, 0xa0, 0x2a, 0xbe,
  0x02, 0xa0, 0x2a, 0xbe, 0x02, 0xa0, 0x2a, 0xbe, 0x02, 0xa0, 0x2a, 0xbe,
  0x02, 0xa0, 0x2a, 0xbe, 0x02, 0xa0, 0x2a, 0xbe, 0x02, 0xa0, 0x2a, 0xbe,
  0x02, 0xa0, 0x2a, 0xbe, 0x02, 0xa0, 0x2a, 0xbe, 0x02, 0xa0, 0x2a, 0xbe,
  0x02, 0xa0, 0x2a, 0xbe, 0x00, 0x00, 0x00, 0x00, 0x00, 0x00, 0x00, 0x00,
  0x00, 0x00, 0x00, 0x00, 0x02, 0xa0, 0x2a, 0xbe, 0x02, 0xa0, 0x2a, 0xbe,
  0x02, 0xa0, 0x2a, 0xbe, 0x02, 0xa0, 0x2a, 0xbe, 0x02, 0xa0, 0x2a, 0xbe,
  0x02, 0xa0, 0x2a, 0xbe, 0x02, 0xa0, 0x2a, 0xbe, 0x02, 0xa0, 0x2a, 0xbe,
  0x02, 0xa0, 0x2a, 0xbe, 0x02, 0xa0, 0x2a, 0xbe, 0x02, 0xa0, 0x2a, 0xbe,
  0x02, 0xa0, 0x2a, 0xbe, 0x02, 0xa0, 0x2a, 0xbe, 0x02, 0xa0, 0x2a, 0xbe,
  0x02, 0xa0, 0x2a, 0xbe, 0x02, 0xa0, 0x2a, 0xbe, 0x00, 0x00, 0x00, 0x00,
  0x00, 0x00, 0x00, 0x00, 0x00, 0x00, 0x00, 0x00, 0x00, 0x00, 0x00, 0x00,
  0x00, 0x00, 0x00, 0x00, 0x00, 0x00, 0x00, 0x00, 0x00, 0x00, 0x00, 0x00,
  0x00, 0x00, 0x00, 0x00, 0x00, 0x00, 0x00, 0x00, 0x00, 0x00, 0x00, 0x00,
  0x00, 0x00, 0x00, 0x00, 0x00, 0x00, 0x00, 0x00, 0x00, 0x00, 0x00, 0x00,
  0x00, 0x00, 0x00, 0x00, 0x00, 0x00, 0x00, 0x00, 0x00, 0x00, 0x00, 0x00,
  0x00, 0x00, 0x00, 0x00, 0x00, 0x00, 0x00, 0x00, 0x00, 0x00, 0x00, 0x00,
  0x00, 0x00, 0x00, 0x00, 0x00, 0x00, 0x00, 0x00, 0x00, 0x00, 0x00, 0x00,
  0x00, 0x00, 0x00, 0x00, 0x00, 0x00, 0x00, 0x00, 0x00, 0x00, 0x00, 0x00,
  0x00, 0x00, 0x00, 0x00, 0x00, 0x00, 0x00, 0x00, 0x00, 0x00, 0x00, 0x00,
  0x00, 0x00, 0x00, 0x00, 0x02, 0xa0, 0x2a, 0xbe, 0x02, 0xa0, 0x2a, 0xbe,
  0x02, 0xa0, 0x2a, 0xbe, 0x00, 0x00, 0x00, 0x00, 0x00, 0x00, 0x00, 0x00,
  0x00, 0x00, 0x00, 0x00, 0x00, 0x00, 0x00, 0x00, 0x00, 0x00, 0x00, 0x00,
  0x00, 0x00, 0x00, 0x00, 0x00, 0x00, 0x00, 0x00, 0x00, 0x00, 0x00, 0x00,
  0x00, 0x00, 0x00, 0x00, 0x00, 0x00, 0x00, 0x00, 0x00, 0x00, 0x00, 0x00,
  0x02, 0xa0, 0x2a, 0xbe, 0x02, 0xa0, 0x2a, 0xbe, 0x02, 0xa0, 0x2a, 0xbe,
  0x02, 0xa0, 0x2a, 0xbe, 0x02, 0xa0, 0x2a, 0xbe, 0x02, 0xa0, 0x2a, 0xbe,
  0x02, 0xa0, 0x2a, 0xbe, 0x02, 0xa0, 0x2a, 0xbe, 0xfe, 0x7f, 0x7d, 0xbc,
  0x00, 0x00, 0x00, 0x00, 0x00, 0x00, 0x00, 0x00, 0x02, 0xa0, 0x2a, 0xbe,
  0x02, 0xa0, 0x2a, 0xbe, 0x02, 0xa0, 0x2a, 0xbe, 0x02, 0xa0, 0x2a, 0xbe,
  0x02, 0xa0, 0x2a, 0xbe, 0x02, 0xa0, 0x2a, 0xbe, 0x02, 0xa0, 0x2a, 0xbe,
  0x02, 0xa0, 0x2a, 0xbe, 0x02, 0xa0, 0x2a, 0xbe, 0x02, 0xa0, 0x2a, 0xbe,
  0x02, 0xa0, 0x2a, 0xbe, 0x02, 0xa0, 0x2a, 0xbe, 0x02, 0xa0, 0x2a, 0xbe,
  0x02, 0xa0, 0x2a, 0xbe, 0x02, 0xa0, 0x2a, 0xbe, 0x02, 0xa0, 0x2a, 0xbe,
  0x00, 0x00, 0x00, 0x00, 0x00, 0x00, 0x00, 0x00, 0x00, 0x00, 0x00, 0x00,
  0x00, 0x00, 0x00, 0x00, 0x00, 0x00, 0x00, 0x00, 0x00, 0x00, 0x00, 0x00,
  0x02, 0xa0, 0x2a, 0xbe, 0x02, 0xa0, 0x2a, 0xbe, 0x02, 0xa0, 0x2a, 0xbe,
  0x02, 0xa0, 0x2a, 0xbe, 0x02, 0xa0, 0x2a, 0xbe, 0x02, 0xa0, 0x2a, 0xbe,
  0x02, 0xa0, 0x2a, 0xbe, 0x02, 0xa0, 0x2a, 0xbe, 0x02, 0xa0, 0x2a, 0xbe,
  0x02, 0xa0, 0x2a, 0xbe, 0x02, 0xa0, 0x2a, 0xbe, 0x02, 0xa0, 0x2a, 0xbe,
  0x00, 0x00, 0x00, 0x00, 0x00, 0x00, 0x00, 0x00, 0x00, 0x00, 0x00, 0x00,
  0x00, 0x00, 0x00, 0x00, 0x00, 0x00, 0x00, 0x00, 0x00, 0x00, 0x00, 0x00,
  0x00, 0x00, 0x00, 0x00, 0x00, 0x00, 0x00, 0x00, 0x02, 0xa0, 0x2a, 0xbe,
  0x02, 0xa0, 0x2a, 0xbe, 0x02, 0xa0, 0x2a, 0xbe, 0x02, 0xa0, 0x2a, 0xbe,
  0x02, 0xa0, 0x2a, 0xbe, 0x02, 0xa0, 0x2a, 0xbe, 0x02, 0xa0, 0x2a, 0xbe,
  0x02, 0xa0, 0x2a, 0xbe, 0x00, 0x00, 0x00, 0x00, 0x00, 0x00, 0x00, 0x00,
  0x00, 0x00, 0x00, 0x00, 0x00, 0x00, 0x00, 0x00, 0x00, 0x00, 0x00, 0x00,
  0x00, 0x00, 0x00, 0x00, 0x00, 0x00, 0x00, 0x00, 0x02, 0xa0, 0x2a, 0xbe,
  0x02, 0xa0, 0x2a, 0xbe, 0x02, 0xa0, 0x2a, 0xbe, 0x02, 0xa0, 0x2a, 0xbe,
  0x02, 0xa0, 0x2a, 0xbe, 0xfe, 0x7f, 0x7d, 0xbc, 0x00, 0x00, 0x00, 0x00,
  0x00, 0x00, 0x00, 0x00, 0x00, 0x00, 0x00, 0x00, 0x02, 0xa0, 0x2a, 0x3e,
  0x02, 0xa0, 0x2a, 0x3e, 0x02, 0xa0, 0x2a, 0x3e, 0x00, 0x00, 0x00, 0x00,
  0x02, 0xa0, 0x2a, 0xbe, 0x02, 0xa0, 0x2a, 0xbe, 0x01, 0xbc, 0xa2, 0xbe,
  0x00, 0xa8, 0xaa, 0xbe, 0x00, 0xa8, 0xaa, 0xbe, 0x00, 0xa8, 0xaa, 0xbe,
  0x00, 0xa8, 0xaa, 0xbe, 0x00, 0xa8, 0xaa, 0xbe, 0x02, 0xa0, 0x2a, 0xbe,
  0x02, 0xa0, 0x2a, 0xbe, 0x00, 0x00, 0x00, 0x00, 0x00, 0x00, 0x00, 0x00,
  0x00, 0x00, 0x00, 0x00, 0x00, 0x00, 0x00, 0x00, 0x00, 0x00, 0x00, 0x00,
  0x00, 0x00, 0x00, 0x00, 0x00, 0x00, 0x00, 0x00, 0x00, 0x00, 0x00, 0x00,
  0x00, 0x00, 0x00, 0x00, 0x00, 0x00, 0x00, 0x00, 0x02, 0xa0, 0x2a, 0xbe,
  0x02, 0xa0, 0x2a, 0xbe, 0x02, 0xa0, 0x2a, 0xbe, 0x02, 0xa0, 0x2a, 0xbe,
  0x02, 0xa0, 0x2a, 0xbe, 0x02, 0xa0, 0x2a, 0xbe, 0x00, 0x00, 0x00, 0x00,
  0x00, 0x00, 0x00, 0x00, 0x02, 0xa0, 0x2a, 0x3e, 0x02, 0xa0, 0x2a, 0x3e,
  0x02, 0xa0, 0x2a, 0x3e, 0x02, 0xa0, 0x2a, 0x3e, 0x02, 0xa0, 0x2a, 0x3e,
  0x02, 0xa0, 0x2a, 0x3e, 0x02, 0xa0, 0x2a, 0x3e, 0xfe, 0x7f, 0x7d, 0x3c,
  0x00, 0x00, 0x00, 0x00, 0x02, 0xa0, 0x2a, 0xbe, 0x02, 0xa0, 0x2a, 0xbe,
  0x00, 0xa8, 0xaa, 0xbe, 0x00, 0xa8, 0xaa, 0xbe, 0x02, 0xa0, 0x2a, 0xbe,
  0x02, 0xa0, 0x2a, 0xbe, 0x02, 0xa0, 0x2a, 0xbe, 0x00, 0x00, 0x00, 0x00,
  0x00, 0x00, 0x00, 0x00, 0x00, 0x00, 0x00, 0x00, 0x02, 0xa0, 0x2a, 0x3e,
  0x00, 0xa8, 0xaa, 0x3e, 0x00, 0xa8, 0xaa, 0x3e, 0x00, 0xa8, 0xaa, 0x3e,
  0x00, 0xa8, 0xaa, 0x3e, 0x02, 0xa0, 0x2a, 0x3e, 0x02, 0xa0, 0x2a, 0x3e,
  0x00, 0x00, 0x00, 0x00, 0x00, 0x00, 0x00, 0x00, 0x00, 0x00, 0x00, 0x00,
  0x00, 0x00, 0x00, 0x00, 0x02, 0xa0, 0x2a, 0xbe, 0x00, 0xa8, 0xaa, 0xbe,
  0x00, 0xa8, 0xaa, 0xbe, 0x00, 0xa8, 0xaa, 0xbe, 0x00, 0xa8, 0xaa, 0xbe,
  0x01, 0xf8, 0xff, 0xbe, 0x01, 0xf8, 0xff, 0xbe, 0x01, 0xf8, 0xff, 0xbe,
  0x01, 0xf8, 0xff, 0xbe, 0x01, 0xf8, 0xff, 0xbe, 0x01, 0xf8, 0xff, 0xbe,
  0x00, 0xa8, 0xaa, 0xbe, 0x00, 0xa8, 0xaa, 0xbe, 0x00, 0xa8, 0xaa, 0xbe,
  0x02, 0xa0, 0x2a, 0xbe, 0x00, 0x00, 0x00, 0x00, 0x02, 0xa0, 0x2a, 0x3e,
  0x00, 0xa8, 0xaa, 0x3e, 0x00, 0xa8, 0xaa, 0x3e, 0x01, 0xf8, 0xff, 0x3e,
  0x01, 0xb2, 0x26, 0x3f, 0x00, 0xaa, 0x2a, 0x3f, 0x00, 0xaa, 0x2a, 0x3f,
  0x00, 0xaa, 0x2a, 0x3f, 0x01, 0xf8, 0xff, 0x3e, 0x01, 0xf8, 0xff, 0x3e,
  0x00, 0xa8, 0xaa, 0x3e, 0x00, 0xa8, 0xaa, 0x3e, 0x02, 0xa0, 0x2a, 0x3e,
  0x02, 0xa0, 0x2a, 0x3e, 0xfe, 0x7f, 0x7d, 0x3c, 0x00, 0x00, 0x00, 0x00,
  0x02, 0xa0, 0x2a, 0xbe, 0x00, 0xa8, 0xaa, 0xbe, 0x00, 0xa8, 0xaa, 0xbe,
  0x01, 0xf8, 0xff, 0xbe, 0x01, 0xf8, 0xff, 0xbe, 0x01, 0xf8, 0xff, 0xbe,
  0x01, 0xf8, 0xff, 0xbe, 0x01, 0xf8, 0xff, 0xbe, 0x01, 0xf8, 0xff, 0xbe,
  0x01, 0xf8, 0xff, 0xbe, 0x01, 0xf8, 0xff, 0xbe, 0x01, 0xf8, 0xff, 0xbe,
  0x00, 0xaa, 0x2a, 0xbf, 0x00, 0xaa, 0x2a, 0xbf, 0x00, 0xaa, 0x2a, 0xbf,
  0x00, 0xaa, 0x2a, 0xbf, 0x01, 0xf8, 0xff, 0xbe, 0x01, 0xf8, 0xff, 0xbe,
  0x01, 0xf8, 0xff, 0xbe, 0x01, 0xf8, 0xff, 0xbe, 0x01, 0xf8, 0xff, 0xbe,
  0x01, 0xf8, 0xff, 0xbe, 0x01, 0xf8, 0xff, 0xbe, 0x01, 0xf8, 0xff, 0xbe,
  0x01, 0xf8, 0xff, 0xbe, 0x01, 0xf8, 0xff, 0xbe, 0x01, 0xf8, 0xff, 0xbe,
  0x01, 0xf8, 0xff, 0xbe, 0x01, 0xf8, 0xff, 0xbe, 0x01, 0xf8, 0xff, 0xbe,
  0x01, 0xf8, 0xff, 0xbe, 0x01, 0xf8, 0xff, 0xbe, 0x01, 0xf8, 0xff, 0xbe,
  0x01, 0xf8, 0xff, 0xbe, 0x01, 0xf8, 0xff, 0xbe, 0x01, 0xf8, 0xff, 0xbe,
  0x01, 0xf8, 0xff, 0xbe, 0x01, 0xf8, 0xff, 0xbe, 0x01, 0xf8, 0xff, 0xbe,
  0x00, 0xa8, 0xaa, 0xbe, 0x00, 0xa8, 0xaa, 0xbe, 0x02, 0xa0, 0x2a, 0xbe,
  0xfe, 0x7f, 0x7d, 0xbc, 0x00, 0x00, 0x00, 0x00, 0x00, 0xa8, 0xaa, 0x3e,
  0x00, 0xa8, 0xaa, 0x3e, 0x01, 0xf8, 0xff, 0x3e, 0x01, 0xf8, 0xff, 0x3e,
  0x01, 0xf8, 0xff, 0x3e, 0x01, 0xf8, 0xff, 0x3e, 0x00, 0xa8, 0xaa, 0x3e,
  0x00, 0xa8, 0xaa, 0x3e, 0xfd, 0x8f, 0x3a, 0x3e, 0x02, 0xa0, 0x2a, 0x3e,
  0x02, 0xa0, 0x2a, 0x3e, 0x02, 0xa0, 0x2a, 0x3e, 0x02, 0xa0, 0x2a, 0x3e,
  0x00, 0x00, 0x00, 0x00, 0x00, 0x00, 0x00, 0x00, 0x02, 0xa0, 0x2a, 0xbe,
  0x00, 0xa8, 0xaa, 0xbe, 0x01, 0xf8, 0xff, 0xbe, 0x00, 0xaa, 0x2a, 0xbf,
  0xff, 0x59, 0x51, 0xbf, 0x00, 0x52, 0x55, 0xbf, 0x00, 0xfe, 0x7f, 0xbf,
  0x00, 0xfe, 0x7f, 0xbf, 0x00, 0xfe, 0x7f, 0xbf, 0x00, 0xfe, 0x7f, 0xbf,
  0x00, 0xfe, 0x7f, 0xbf, 0x00, 0x52, 0x55, 0xbf, 0x00, 0x52, 0x55, 0xbf,
  0x00, 0xaa, 0x2a, 0xbf, 0x01, 0xf8, 0xff, 0xbe, 0xff, 0x97, 0xb2, 0xbe,
  0x00, 0xa8, 0xaa, 0xbe, 0x02, 0xa0, 0x2a, 0xbe, 0x00, 0x00, 0x00, 0x00
};
unsigned int src_BITCRUSH1_bin_len = 19200;
