unsigned char src_CHIP_2_bin[] = {
  0x00, 0xdc, 0x3f, 0x3f, 0x00, 0xfe, 0x7f, 0x3f, 0x00, 0xa0, 0x6a, 0x3f,
  0x01, 0xc2, 0x71, 0x3f, 0xff, 0x65, 0x6f, 0x3f, 0xff, 0x31, 0x70, 0x3f,
  0x01, 0xf0, 0x6f, 0x3f, 0x01, 0x06, 0x70, 0x3f, 0x00, 0x02, 0x70, 0x3f,
  0x00, 0x02, 0x70, 0x3f, 0x00, 0x02, 0x70, 0x3f, 0x00, 0x02, 0x70, 0x3f,
  0x00, 0x02, 0x70, 0x3f, 0x00, 0x02, 0x70, 0x3f, 0x00, 0x02, 0x70, 0x3f,
  0x01, 0xfc, 0x6f, 0x3f, 0x01, 0xfc, 0x6f, 0x3f, 0x01, 0xfc, 0x6f, 0x3f,
  0x00, 0x2c, 0x48, 0x3f, 0x01, 0xda, 0x05, 0x3f, 0x02, 0x50, 0xe8, 0x3e,
  0x01, 0x10, 0xf4, 0x3e, 0xff, 0x1f, 0xf0, 0x3e, 0x00, 0x6c, 0xf1, 0x3e,
  0x01, 0xf4, 0xf0, 0x3e, 0x00, 0x14, 0xf1, 0x3e, 0x01, 0x08, 0xf1, 0x3e,
  0x01, 0x08, 0xf1, 0x3e, 0xff, 0xff, 0xf0, 0x3e, 0xff, 0xff, 0xf0, 0x3e,
  0x01, 0xf4, 0xf0, 0x3e, 0x01, 0xf4, 0xf0, 0x3e, 0xff, 0xe7, 0xf0, 0x3e,
  0xff, 0xe7, 0xf0, 0x3e, 0x01, 0xdc, 0xf0, 0x3e, 0x01, 0xdc, 0xf0, 0x3e,
  0xff, 0xd3, 0xf0, 0x3e, 0xff, 0xd3, 0xf0, 0x3e, 0x01, 0xc8, 0xf0, 0x3e,
  0x01, 0xc8, 0xf0, 0x3e, 0xff, 0xbb, 0xf0, 0x3e, 0xff, 0xbb, 0xf0, 0x3e,
  0x01, 0xb0, 0xf0, 0x3e, 0x01, 0xb0, 0xf0, 0x3e, 0xff, 0xa7, 0xf0, 0x3e,
  0xff, 0xa7, 0xf0, 0x3e, 0x00, 0x9c, 0xf0, 0x3e, 0x00, 0x9c, 0xf0, 0x3e,
  0xff, 0x8f, 0xf0, 0x3e, 0x01, 0x84, 0xf0, 0x3e, 0x01, 0x84, 0xf0, 0x3e,
  0xff, 0x77, 0xf0, 0x3e, 0xff, 0x77, 0xf0, 0x3e, 0x00, 0x70, 0xf0, 0x3e,
  0x00, 0x70, 0xf0, 0x3e, 0xfe, 0x6b, 0xeb, 0x3e, 0x01, 0x14, 0xe3, 0x3e,
  0xff, 0xd3, 0xe0, 0x3e, 0x00, 0x84, 0xe1, 0x3e, 0xff, 0x43, 0xe1, 0x3e,
  0x01, 0x50, 0xe1, 0x3e, 0xff, 0x43, 0xe1, 0x3e, 0xff, 0x43, 0xe1, 0x3e,
  0x01, 0x38, 0xe1, 0x3e, 0xff, 0x2b, 0xe1, 0x3e, 0xff, 0x2b, 0xe1, 0x3e,
  0x01, 0x20, 0xe1, 0x3e, 0x01, 0x20, 0xe1, 0x3e, 0xff, 0x17, 0xe1, 0x3e,
  0x01, 0x0c, 0xe1, 0x3e, 0x01, 0x0c, 0xe1, 0x3e, 0xff, 0xff, 0xe0, 0x3e,
  0xff, 0xff, 0xe0, 0x3e, 0x01, 0xf4, 0xe0, 0x3e, 0x01, 0x74, 0xde, 0x3e,
  0x01, 0x4c, 0xda, 0x3e, 0x01, 0x24, 0xd9, 0x3e, 0x01, 0x7c, 0xd9, 0x3e,
  0xff, 0x5b, 0xd9, 0x3e, 0xff, 0x5b, 0xd9, 0x3e, 0x01, 0x50, 0xd9, 0x3e,
  0x01, 0x50, 0xd9, 0x3e, 0xff, 0x43, 0xd9, 0x3e, 0xff, 0x43, 0xd9, 0x3e,
  0x01, 0x38, 0xd9, 0x3e, 0x01, 0x38, 0xd9, 0x3e, 0xff, 0x2b, 0xd9, 0x3e,
  0x01, 0x24, 0xd9, 0x3e, 0x01, 0x24, 0xd9, 0x3e, 0xff, 0x17, 0xd9, 0x3e,
  0xff, 0x17, 0xd9, 0x3e, 0x01, 0x0c, 0xd9, 0x3e, 0x01, 0x0c, 0xd9, 0x3e,
  0x00, 0x64, 0xef, 0x3e, 0x00, 0x58, 0x0a, 0x3f, 0x00, 0x52, 0x0f, 0x3f,
  0x00, 0xa2, 0x0d, 0x3f, 0x00, 0x2c, 0x0e, 0x3f, 0xff, 0xf9, 0x0d, 0x3f,
  0x01, 0x06, 0x0e, 0x3f, 0x00, 0x00, 0x0e, 0x3f, 0xff, 0xf9, 0x0d, 0x3f,
  0xff, 0xf9, 0x0d, 0x3f, 0x00, 0xf4, 0x0d, 0x3f, 0x01, 0xf0, 0x0d, 0x3f,
  0x01, 0xf0, 0x0d, 0x3f, 0x00, 0xea, 0x0d, 0x3f, 0x01, 0xe4, 0x0d, 0x3f,
  0x01, 0xe4, 0x0d, 0x3f, 0x00, 0xde, 0x0d, 0x3f, 0x01, 0xda, 0x0d, 0x3f,
  0xff, 0x65, 0x01, 0x3f, 0x01, 0x50, 0xd9, 0x3e, 0xff, 0x3f, 0xce, 0x3e,
  0x00, 0xe0, 0xd1, 0x3e, 0x00, 0xa0, 0xd0, 0x3e, 0xff, 0x03, 0xd1, 0x3e,
  0xfe, 0xd7, 0xd0, 0x3e, 0x01, 0xe0, 0xd0, 0x3e, 0xfe, 0xd7, 0xd0, 0x3e,
  0x00, 0xcc, 0xd0, 0x3e, 0x00, 0xcc, 0xd0, 0x3e, 0xff, 0xbf, 0xd0, 0x3e,
  0x00, 0xb4, 0xd0, 0x3e, 0x00, 0xb4, 0xd0, 0x3e, 0x01, 0xac, 0xd0, 0x3e,
  0x01, 0xac, 0xd0, 0x3e, 0x00, 0xa0, 0xd0, 0x3e, 0x02, 0x94, 0xd0, 0x3e,
  0x02, 0x94, 0xd0, 0x3e, 0xff, 0x17, 0xc9, 0x3e, 0x00, 0x9c, 0xbc, 0x3e,
  0xff, 0x47, 0xb9, 0x3e, 0x02, 0x5c, 0xba, 0x3e, 0x00, 0xf8, 0xb9, 0x3e,
  0xff, 0x0f, 0xba, 0x3e, 0x01, 0x04, 0xba, 0x3e, 0x00, 0xf8, 0xb9, 0x3e,
  0x00, 0xf8, 0xb9, 0x3e, 0x01, 0xf0, 0xb9, 0x3e, 0x01, 0xf0, 0xb9, 0x3e,
  0xff, 0xe3, 0xb9, 0x3e, 0xff, 0xe3, 0xb9, 0x3e, 0x01, 0xd8, 0xb9, 0x3e,
  0xff, 0xcb, 0xb9, 0x3e, 0xff, 0xcb, 0xb9, 0x3e, 0x01, 0xc0, 0xb9, 0x3e,
  0x01, 0xc0, 0xb9, 0x3e, 0xff, 0xb7, 0xb9, 0x3e, 0xff, 0xc3, 0xaf, 0x3e,
  0x01, 0x2c, 0x9f, 0x3e, 0x01, 0xb8, 0x9a, 0x3e, 0x01, 0x28, 0x9c, 0x3e,
  0xff, 0xab, 0x9b, 0x3e, 0x00, 0xd0, 0x9b, 0x3e, 0x01, 0xb8, 0x9b, 0x3e,
  0x01, 0xb8, 0x9b, 0x3e, 0xff, 0xab, 0x9b, 0x3e, 0xff, 0xab, 0x9b, 0x3e,
  0x01, 0xa0, 0x9b, 0x3e, 0x01, 0xa0, 0x9b, 0x3e, 0xff, 0x97, 0x9b, 0x3e,
  0xff, 0x97, 0x9b, 0x3e, 0x00, 0x8c, 0x9b, 0x3e, 0x00, 0x8c, 0x9b, 0x3e,
  0xff, 0x7f, 0x9b, 0x3e, 0xff, 0x7f, 0x9b, 0x3e, 0xff, 0x7f, 0x9b, 0x3e,
  0x01, 0x4c, 0xbe, 0x3e, 0xff, 0x4b, 0xf8, 0x3e, 0x00, 0xde, 0x03, 0x3f,
  0x00, 0x4a, 0x01, 0x3f, 0x00, 0x22, 0x02, 0x3f, 0xff, 0xd5, 0x01, 0x3f,
  0x00, 0xec, 0x01, 0x3f, 0x00, 0xe0, 0x01, 0x3f, 0x00, 0xe0, 0x01, 0x3f,
  0x01, 0xda, 0x01, 0x3f, 0x01, 0xda, 0x01, 0x3f, 0xff, 0xd5, 0x01, 0x3f,
  0xff, 0xd5, 0x01, 0x3f, 0x00, 0xd0, 0x01, 0x3f, 0x00, 0xd0, 0x01, 0x3f,
  0x00, 0xca, 0x01, 0x3f, 0x00, 0xc4, 0x01, 0x3f, 0x00, 0xc4, 0x01, 0x3f,
  0x00, 0xd0, 0x25, 0x3f, 0x00, 0xea, 0x61, 0x3f, 0xff, 0xed, 0x71, 0x3f,
  0x00, 0x92, 0x6c, 0x3f, 0x00, 0x58, 0x6e, 0x3f, 0xff, 0xb5, 0x6d, 0x3f,
  0x00, 0xe8, 0x6d, 0x3f, 0x00, 0xd2, 0x6d, 0x3f, 0x00, 0xd2, 0x6d, 0x3f,
  0xff, 0xcb, 0x6d, 0x3f, 0x00, 0xc8, 0x6d, 0x3f, 0x01, 0xc2, 0x6d, 0x3f,
  0x01, 0xc2, 0x6d, 0x3f, 0x00, 0xbc, 0x6d, 0x3f, 0xff, 0xb5, 0x6d, 0x3f,
  0x00, 0xb2, 0x6d, 0x3f, 0x01, 0xac, 0x6d, 0x3f, 0x00, 0xa6, 0x6d, 0x3f,
  0x01, 0xa0, 0x6d, 0x3f, 0xff, 0xdb, 0x6e, 0x3f, 0x01, 0xea, 0x70, 0x3f,
  0x00, 0x6e, 0x71, 0x3f, 0x00, 0x3c, 0x71, 0x3f, 0x00, 0x48, 0x71, 0x3f,
  0x00, 0x3c, 0x71, 0x3f, 0x00, 0x36, 0x71, 0x3f, 0x00, 0x32, 0x71, 0x3f,
  0xff, 0x2b, 0x71, 0x3f, 0x00, 0x26, 0x71, 0x3f, 0xff, 0x1f, 0x71, 0x3f,
  0x00, 0x1c, 0x71, 0x3f, 0xff, 0x15, 0x71, 0x3f, 0xff, 0x09, 0x71, 0x3f,
  0x00, 0x06, 0x71, 0x3f, 0xff, 0xff, 0x70, 0x3f, 0x00, 0xfa, 0x70, 0x3f,
  0xff, 0xf3, 0x70, 0x3f, 0x00, 0xee, 0x70, 0x3f, 0x01, 0xea, 0x70, 0x3f,
  0x00, 0xe4, 0x70, 0x3f, 0x01, 0xde, 0x70, 0x3f, 0x01, 0xd4, 0x70, 0x3f,
  0x00, 0xce, 0x70, 0x3f, 0x01, 0xc8, 0x70, 0x3f, 0x00, 0xc2, 0x70, 0x3f,
  0x01, 0xbe, 0x70, 0x3f, 0x00, 0xb8, 0x70, 0x3f, 0x00, 0xac, 0x70, 0x3f,
  0x00, 0xa8, 0x70, 0x3f, 0x00, 0xa2, 0x70, 0x3f, 0x00, 0x9c, 0x70, 0x3f,
  0x00, 0x96, 0x70, 0x3f, 0x01, 0x90, 0x70, 0x3f, 0x00, 0x86, 0x70, 0x3f,
  0x00, 0x80, 0x70, 0x3f, 0x00, 0x7a, 0x70, 0x3f, 0xff, 0x75, 0x70, 0x3f,
  0x01, 0x4c, 0x28, 0x3f, 0xfe, 0x37, 0x40, 0x3e, 0xff, 0xbf, 0x7f, 0x3d,
  0xfa, 0x1f, 0xd5, 0x3d, 0x00, 0x70, 0xb8, 0x3d, 0x00, 0xc0, 0xc1, 0x3d,
  0x00, 0x80, 0xbe, 0x3d, 0xff, 0x5f, 0xbf, 0x3d, 0x01, 0xd0, 0xbe, 0x3d,
  0x01, 0xd0, 0xbe, 0x3d, 0x00, 0xb0, 0xbe, 0x3d, 0x00, 0x80, 0xbe, 0x3d,
  0x00, 0x80, 0xbe, 0x3d, 0x01, 0x50, 0xbe, 0x3d, 0x00, 0x20, 0xbe, 0x3d,
  0x00, 0x00, 0xbe, 0x3d, 0x00, 0x00, 0xbe, 0x3d, 0xff, 0xcf, 0xbd, 0x3d,
  0x00, 0xa0, 0xbd, 0x3d, 0x00, 0xc0, 0xa9, 0x3d, 0x01, 0x60, 0x88, 0x3d,
  0x01, 0x20, 0x7f, 0x3d, 0x00, 0x50, 0x82, 0x3d, 0x00, 0x50, 0x81, 0x3d,
  0xff, 0x6f, 0x81, 0x3d, 0x00, 0x50, 0x81, 0x3d, 0x00, 0x50, 0x81, 0x3d,
  0x00, 0x20, 0x81, 0x3d, 0x00, 0x20, 0x81, 0x3d, 0x00, 0x20, 0x81, 0x3d,
  0x00, 0xf0, 0x80, 0x3d, 0x00, 0xf0, 0x80, 0x3d, 0x00, 0xc0, 0x80, 0x3d,
  0x00, 0xc0, 0x80, 0x3d, 0x00, 0xc0, 0x80, 0x3d, 0x01, 0xa0, 0x80, 0x3d,
  0x01, 0xa0, 0x80, 0x3d, 0xfe, 0x47, 0x56, 0xbe, 0x00, 0xa4, 0x29, 0xbf,
  0x00, 0x9c, 0x48, 0xbf, 0xff, 0x47, 0x3e, 0xbf, 0x00, 0xbc, 0x41, 0xbf,
  0xff, 0x97, 0x40, 0xbf, 0x01, 0xf6, 0x40, 0xbf, 0x01, 0xd4, 0x40, 0xbf,
  0x01, 0xe0, 0x40, 0xbf, 0x01, 0xe0, 0x40, 0xbf, 0x01, 0xe0, 0x40, 0xbf,
  0x01, 0xe0, 0x40, 0xbf, 0x00, 0xda, 0x40, 0xbf, 0x00, 0xda, 0x40, 0xbf,
  0x00, 0xda, 0x40, 0xbf, 0x00, 0xda, 0x40, 0xbf, 0x01, 0xd4, 0x40, 0xbf,
  0x01, 0xd4, 0x40, 0xbf, 0x01, 0xd4, 0x40, 0xbf, 0x00, 0x26, 0x33, 0xbf,
  0x00, 0x5a, 0x1c, 0xbf, 0x00, 0x42, 0x16, 0xbf, 0x00, 0x44, 0x18, 0xbf,
  0x00, 0x98, 0x17, 0xbf, 0x00, 0xd0, 0x17, 0xbf, 0x00, 0xba, 0x17, 0xbf,
  0x00, 0xba, 0x17, 0xbf, 0xff, 0xb3, 0x17, 0xbf, 0xff, 0xb3, 0x17, 0xbf,
  0xff, 0xb3, 0x17, 0xbf, 0x00, 0xae, 0x17, 0xbf, 0x00, 0xa8, 0x17, 0xbf,
  0x00, 0xa8, 0x17, 0xbf, 0x00, 0xa4, 0x17, 0xbf, 0x00, 0xa4, 0x17, 0xbf,
  0xff, 0x9d, 0x17, 0xbf, 0xff, 0x9d, 0x17, 0xbf, 0x00, 0x98, 0x17, 0xbf,
  0x01, 0x9a, 0x12, 0xbf, 0xff, 0x47, 0x0a, 0xbf, 0x00, 0x0e, 0x08, 0xbf,
  0xff, 0xc5, 0x08, 0xbf, 0xff, 0x81, 0x08, 0xbf, 0xff, 0x97, 0x08, 0xbf,
  0xff, 0x8d, 0x08, 0xbf, 0x00, 0x88, 0x08, 0xbf, 0x00, 0x88, 0x08, 0xbf,
  0xff, 0x81, 0x08, 0xbf, 0x00, 0x7e, 0x08, 0xbf, 0x00, 0x7e, 0x08, 0xbf,
  0x01, 0x78, 0x08, 0xbf, 0x00, 0x72, 0x08, 0xbf, 0x00, 0x72, 0x08, 0xbf,
  0xff, 0x6b, 0x08, 0xbf, 0x00, 0x68, 0x08, 0xbf, 0x00, 0x68, 0x08, 0xbf,
  0x01, 0x62, 0x08, 0xbf, 0xfe, 0xd7, 0xfc, 0xbe, 0xfe, 0xaf, 0xdb, 0xbe,
  0x01, 0xd4, 0xd2, 0xbe, 0xff, 0xb7, 0xd5, 0xbe, 0xff, 0xbb, 0xd4, 0xbe,
  0x01, 0x08, 0xd5, 0xbe, 0xff, 0xe7, 0xd4, 0xbe, 0xff, 0xe7, 0xd4, 0xbe,
  0x01, 0xdc, 0xd4, 0xbe, 0x00, 0xd0, 0xd4, 0xbe, 0x00, 0xd0, 0xd4, 0xbe,
  0x01, 0xc4, 0xd4, 0xbe, 0xff, 0xbb, 0xd4, 0xbe, 0xff, 0xbb, 0xd4, 0xbe,
  0x01, 0xb0, 0xd4, 0xbe, 0x01, 0xb0, 0xd4, 0xbe, 0xff, 0xa3, 0xd4, 0xbe,
  0x01, 0x98, 0xd4, 0xbe, 0xfe, 0xa3, 0xc5, 0xbe, 0xff, 0xbf, 0xac, 0xbe,
  0x00, 0x0c, 0xa6, 0xbe, 0x01, 0x40, 0xa8, 0xbe, 0x00, 0x78, 0xa7, 0xbe,
  0x00, 0xbc, 0xa7, 0xbe, 0x01, 0x9c, 0xa7, 0xbe, 0x01, 0x9c, 0xa7, 0xbe,
  0x00, 0x90, 0xa7, 0xbe, 0x00, 0x90, 0xa7, 0xbe, 0x02, 0x84, 0xa7, 0xbe,
  0x02, 0x84, 0xa7, 0xbe, 0x00, 0x78, 0xa7, 0xbe, 0x00, 0x78, 0xa7, 0xbe,
  0x01, 0x70, 0xa7, 0xbe, 0x01, 0x70, 0xa7, 0xbe, 0x00, 0x64, 0xa7, 0xbe,
  0x00, 0x64, 0xa7, 0xbe, 0x01, 0x58, 0xa7, 0xbe, 0xff, 0xcf, 0xa9, 0xbe,
  0x01, 0xec, 0xad, 0xbe, 0x01, 0x00, 0xaf, 0xbe, 0xff, 0x9b, 0xae, 0xbe,
  0x01, 0xbc, 0xae, 0xbe, 0x00, 0xa8, 0xae, 0xbe, 0x00, 0xa8, 0xae, 0xbe,
  0xff, 0x9b, 0xae, 0xbe, 0xff, 0x9b, 0xae, 0xbe, 0x01, 0x90, 0xae, 0xbe,
  0x01, 0x90, 0xae, 0xbe, 0xff, 0x83, 0xae, 0xbe, 0xff, 0x83, 0xae, 0xbe,
  0x00, 0x7c, 0xae, 0xbe, 0x00, 0x7c, 0xae, 0xbe, 0xff, 0x6f, 0xae, 0xbe,
  0xff, 0x6f, 0xae, 0xbe, 0x00, 0x64, 0xae, 0xbe, 0x00, 0x64, 0xae, 0xbe,
  0xff, 0x4f, 0xb3, 0xbe, 0x01, 0x9c, 0xbb, 0xbe, 0x00, 0xc8, 0xbd, 0xbe,
  0x01, 0x0c, 0xbd, 0xbe, 0xff, 0x43, 0xbd, 0xbe, 0xff, 0x2b, 0xbd, 0xbe,
  0xff, 0x2b, 0xbd, 0xbe, 0x01, 0x20, 0xbd, 0xbe, 0x01, 0x20, 0xbd, 0xbe,
  0x00, 0x14, 0xbd, 0xbe, 0x00, 0x14, 0xbd, 0xbe, 0x01, 0x0c, 0xbd, 0xbe,
  0x01, 0x0c, 0xbd, 0xbe, 0xff, 0xff, 0xbc, 0xbe, 0xff, 0xff, 0xbc, 0xbe,
  0x01, 0xf4, 0xbc, 0xbe, 0x01, 0xf4, 0xbc, 0xbe, 0xff, 0xe7, 0xbc, 0xbe,
  0xff, 0xe7, 0xbc, 0xbe, 0x00, 0xcc, 0xd0, 0xbe, 0x01, 0xf0, 0xf1, 0xbe,
  0x00, 0xc4, 0xfa, 0xbe, 0x02, 0xc8, 0xf7, 0xbe, 0xff, 0xbb, 0xf8, 0xbe,
  0xff, 0x63, 0xf8, 0xbe, 0xff, 0x77, 0xf8, 0xbe, 0x01, 0x6c, 0xf8, 0xbe,
  0x01, 0x6c, 0xf8, 0xbe, 0xff, 0x63, 0xf8, 0xbe, 0xff, 0x63, 0xf8, 0xbe,
  0x00, 0x58, 0xf8, 0xbe, 0xff, 0x4b, 0xf8, 0xbe, 0xff, 0x4b, 0xf8, 0xbe,
  0x01, 0x40, 0xf8, 0xbe, 0x01, 0x40, 0xf8, 0xbe, 0xfe, 0x37, 0xf8, 0xbe,
  0xfe, 0x37, 0xf8, 0xbe, 0x00, 0x48, 0xdf, 0xbe, 0x01, 0xd4, 0xb5, 0xbe,
  0x01, 0xb8, 0xaa, 0xbe, 0x00, 0x64, 0xae, 0xbe, 0x01, 0x24, 0xad, 0xbe,
  0xff, 0x87, 0xad, 0xbe, 0xff, 0x5b, 0xad, 0xbe, 0x01, 0x64, 0xad, 0xbe,
  0xff, 0x5b, 0xad, 0xbe, 0x01, 0x50, 0xad, 0xbe, 0x01, 0x50, 0xad, 0xbe,
  0xff, 0x43, 0xad, 0xbe, 0xff, 0x43, 0xad, 0xbe, 0x01, 0x38, 0xad, 0xbe,
  0x01, 0x38, 0xad, 0xbe, 0xff, 0x2f, 0xad, 0xbe, 0xff, 0x2f, 0xad, 0xbe,
  0x01, 0x24, 0xad, 0xbe, 0x01, 0x24, 0xad, 0xbe, 0x00, 0xd8, 0xde, 0xbe,
  0x01, 0xde, 0x18, 0xbf, 0x00, 0xea, 0x23, 0xbf, 0x00, 0x38, 0x20, 0xbf,
  0x01, 0x74, 0x21, 0xbf, 0x00, 0x04, 0x21, 0xbf, 0x00, 0x26, 0x21, 0xbf,
  0xff, 0x15, 0x21, 0xbf, 0xff, 0x15, 0x21, 0xbf, 0x00, 0x10, 0x21, 0xbf,
  0x00, 0x10, 0x21, 0xbf, 0xff, 0x09, 0x21, 0xbf, 0x00, 0x04, 0x21, 0xbf,
  0x00, 0x04, 0x21, 0xbf, 0xff, 0xfd, 0x20, 0xbf, 0x00, 0xfa, 0x20, 0xbf,
  0x00, 0xfa, 0x20, 0xbf, 0xff, 0xf3, 0x20, 0xbf, 0x00, 0xee, 0x20, 0xbf,
  0x01, 0xe0, 0x2a, 0xbf, 0x00, 0x6c, 0x3b, 0xbf, 0xff, 0xd5, 0x3f, 0xbf,
  0x00, 0x58, 0x3e, 0xbf, 0xff, 0xd1, 0x3e, 0xbf, 0x00, 0xa0, 0x3e, 0xbf,
  0x00, 0xaa, 0x3e, 0xbf, 0x01, 0xa6, 0x3e, 0xbf, 0x00, 0xa0, 0x3e, 0xbf,
  0x01, 0x9a, 0x3e, 0xbf, 0x00, 0x94, 0x3e, 0xbf, 0x00, 0x94, 0x3e, 0xbf,
  0x01, 0x90, 0x3e, 0xbf, 0x00, 0x8a, 0x3e, 0xbf, 0x01, 0x84, 0x3e, 0xbf,
  0x00, 0x7e, 0x3e, 0xbf, 0x01, 0x78, 0x3e, 0xbf, 0x01, 0x78, 0x3e, 0xbf,
  0x00, 0x74, 0x3e, 0xbf, 0x00, 0x2c, 0x42, 0xbf, 0x00, 0x5e, 0x48, 0xbf,
  0xff, 0x03, 0x4a, 0xbf, 0x01, 0x74, 0x49, 0xbf, 0x00, 0x9a, 0x49, 0xbf,
  0x01, 0x8a, 0x49, 0xbf, 0x01, 0x8a, 0x49, 0xbf, 0x00, 0x84, 0x49, 0xbf,
  0x01, 0x7e, 0x49, 0xbf, 0x00, 0x78, 0x49, 0xbf, 0x01, 0x74, 0x49, 0xbf,
  0x00, 0x6e, 0x49, 0xbf, 0x01, 0x68, 0x49, 0xbf, 0x00, 0x62, 0x49, 0xbf,
  0x00, 0x5e, 0x49, 0xbf, 0x00, 0x58, 0x49, 0xbf, 0x00, 0x52, 0x49, 0xbf,
  0x00, 0x4c, 0x49, 0xbf, 0xff, 0x3d, 0x20, 0xbf, 0xff, 0x97, 0xb7, 0xbe,
  0x01, 0x14, 0x93, 0xbe, 0xff, 0x37, 0x9f, 0xbe, 0x00, 0x1c, 0x9b, 0xbe,
  0x00, 0x74, 0x9c, 0xbe, 0xff, 0xef, 0x9b, 0xbe, 0x01, 0x10, 0x9c, 0xbe,
  0x01, 0xfc, 0x9b, 0xbe, 0x01, 0xfc, 0x9b, 0xbe, 0xff, 0xef, 0x9b, 0xbe,
  0x01, 0xe4, 0x9b, 0xbe, 0xff, 0xd7, 0x9b, 0xbe, 0xff, 0xd7, 0x9b, 0xbe,
  0x00, 0xd0, 0x9b, 0xbe, 0xff, 0xc3, 0x9b, 0xbe, 0x01, 0xb8, 0x9b, 0xbe,
  0x01, 0xb8, 0x9b, 0xbe, 0xff, 0xab, 0x9b, 0xbe, 0xfd, 0xd7, 0x4e, 0xbe,
  0xff, 0xff, 0x02, 0xbd, 0x03, 0x80, 0x5b, 0x3c, 0x02, 0x00, 0xdc, 0xba,
  0xff, 0xff, 0x61, 0x3b, 0x04, 0x00, 0xe8, 0x3a, 0x02, 0x00, 0x1a, 0x3b,
  0x01, 0x00, 0x14, 0x3b, 0x02, 0x00, 0x1a, 0x3b, 0x02, 0x00, 0x1a, 0x3b,
  0xff, 0xff, 0x1f, 0x3b, 0xff, 0xff, 0x1f, 0x3b, 0xff, 0xff, 0x1f, 0x3b,
  0xfe, 0xff, 0x23, 0x3b, 0xfe, 0xff, 0x23, 0x3b, 0xff, 0xff, 0x29, 0x3b,
  0xff, 0xff, 0x29, 0x3b, 0xff, 0xff, 0x29, 0x3b, 0x01, 0x00, 0x30, 0x3b,
  0xff, 0xdf, 0x13, 0xbd, 0x01, 0x90, 0xce, 0xbd, 0xff, 0xcf, 0xf1, 0xbd,
  0xff, 0x0f, 0xe6, 0xbd, 0x03, 0xe0, 0xe9, 0xbd, 0x01, 0x80, 0xe8, 0xbd,
  0x01, 0xe0, 0xe8, 0xbd, 0xfa, 0xaf, 0xe8, 0xbd, 0xfa, 0xaf, 0xe8, 0xbd,
  0xfa, 0xaf, 0xe8, 0xbd, 0xfa, 0xaf, 0xe8, 0xbd, 0x01, 0x80, 0xe8, 0xbd,
  0x01, 0x80, 0xe8, 0xbd, 0x01, 0x80, 0xe8, 0xbd, 0x01, 0x80, 0xe8, 0xbd,
  0xfb, 0x4f, 0xe8, 0xbd, 0xfb, 0x4f, 0xe8, 0xbd, 0xfb, 0x4f, 0xe8, 0xbd,
  0xfb, 0x4f, 0xe8, 0xbd, 0x00, 0xb8, 0x48, 0xbe, 0xfe, 0xcb, 0xaa, 0xbe,
  0x01, 0x90, 0xbd, 0xbe, 0x00, 0x4c, 0xb7, 0xbe, 0xfe, 0x5f, 0xb9, 0xbe,
  0x01, 0xac, 0xb8, 0xbe, 0x00, 0xe4, 0xb8, 0xbe, 0x00, 0xd0, 0xb8, 0xbe,
  0x00, 0xd0, 0xb8, 0xbe, 0x00, 0xd0, 0xb8, 0xbe, 0x01, 0xc4, 0xb8, 0xbe,
  0x01, 0xc4, 0xb8, 0xbe, 0x01, 0xc4, 0xb8, 0xbe, 0x00, 0xb8, 0xb8, 0xbe,
  0x00, 0xb8, 0xb8, 0xbe, 0x00, 0xb8, 0xb8, 0xbe, 0x01, 0xac, 0xb8, 0xbe,
  0x01, 0xac, 0xb8, 0xbe, 0x01, 0xcc, 0xfb, 0xbe, 0x01, 0xda, 0x35, 0xbf,
  0x01, 0xc8, 0x44, 0xbf, 0x00, 0xca, 0x3f, 0xbf, 0x00, 0x6e, 0x41, 0xbf,
  0x01, 0xe0, 0x40, 0xbf, 0x01, 0x0c, 0x41, 0xbf, 0x00, 0xfa, 0x40, 0xbf,
  0x00, 0xfa, 0x40, 0xbf, 0x01, 0xf6, 0x40, 0xbf, 0x01, 0xf6, 0x40, 0xbf,
  0x00, 0xf0, 0x40, 0xbf, 0x00, 0xf0, 0x40, 0xbf, 0x01, 0xea, 0x40, 0xbf,
  0x00, 0xe4, 0x40, 0xbf, 0x00, 0xe4, 0x40, 0xbf, 0x01, 0xe0, 0x40, 0xbf,
  0x00, 0xda, 0x40, 0xbf, 0x00, 0xda, 0x40, 0xbf, 0x00, 0x50, 0x42, 0xbe,
  0x00, 0xf8, 0x09, 0x3f, 0x01, 0x74, 0x3d, 0x3f, 0x00, 0x50, 0x2c, 0x3f,
  0x00, 0x0e, 0x32, 0x3f, 0x01, 0x28, 0x30, 0x3f, 0x00, 0xd0, 0x30, 0x3f,
  0x00, 0x9c, 0x30, 0x3f, 0x00, 0xae, 0x30, 0x3f, 0x00, 0xa8, 0x30, 0x3f,
  0x00, 0xae, 0x30, 0x3f, 0x00, 0xae, 0x30, 0x3f, 0x00, 0xae, 0x30, 0x3f,
  0x00, 0xae, 0x30, 0x3f, 0x00, 0xae, 0x30, 0x3f, 0x00, 0xae, 0x30, 0x3f,
  0x00, 0xae, 0x30, 0x3f, 0x00, 0xae, 0x30, 0x3f, 0x00, 0xc4, 0x2c, 0x3f,
  0x01, 0x40, 0x26, 0x3f, 0x01, 0x84, 0x24, 0x3f, 0x00, 0x14, 0x25, 0x3f,
  0x00, 0xe6, 0x24, 0x3f, 0x00, 0xf2, 0x24, 0x3f, 0x00, 0xec, 0x24, 0x3f,
  0x00, 0xec, 0x24, 0x3f, 0x00, 0xec, 0x24, 0x3f, 0x00, 0xe6, 0x24, 0x3f,
  0x00, 0xe6, 0x24, 0x3f, 0x00, 0xe6, 0x24, 0x3f, 0x01, 0xe0, 0x24, 0x3f,
  0x01, 0xe0, 0x24, 0x3f, 0x01, 0xe0, 0x24, 0x3f, 0x00, 0xda, 0x24, 0x3f,
  0x00, 0xda, 0x24, 0x3f, 0x01, 0xd4, 0x24, 0x3f, 0x01, 0xd4, 0x24, 0x3f,
  0x01, 0x34, 0x22, 0x3f, 0x00, 0xde, 0x1d, 0x3f, 0xff, 0xaf, 0x1c, 0x3f,
  0x00, 0x12, 0x1d, 0x3f, 0x00, 0xf0, 0x1c, 0x3f, 0x01, 0xf6, 0x1c, 0x3f,
  0x00, 0xf0, 0x1c, 0x3f, 0x00, 0xf0, 0x1c, 0x3f, 0x01, 0xea, 0x1c, 0x3f,
  0x00, 0xe4, 0x1c, 0x3f, 0x00, 0xe4, 0x1c, 0x3f, 0x01, 0xde, 0x1c, 0x3f,
  0x01, 0xde, 0x1c, 0x3f, 0x00, 0xd8, 0x1c, 0x3f, 0x01, 0xd4, 0x1c, 0x3f,
  0x01, 0xd4, 0x1c, 0x3f, 0x00, 0xce, 0x1c, 0x3f, 0x00, 0xce, 0x1c, 0x3f,
  0x01, 0xc8, 0x1c, 0x3f, 0x00, 0x44, 0x16, 0x3f, 0x00, 0x6a, 0x0b, 0x3f,
  0x00, 0x80, 0x08, 0x3f, 0x01, 0x72, 0x09, 0x3f, 0x00, 0x1c, 0x09, 0x3f,
  0x00, 0x32, 0x09, 0x3f, 0x00, 0x28, 0x09, 0x3f, 0x00, 0x28, 0x09, 0x3f,
  0xff, 0x21, 0x09, 0x3f, 0xff, 0x21, 0x09, 0x3f, 0x00, 0x1c, 0x09, 0x3f,
  0xff, 0x15, 0x09, 0x3f, 0xff, 0x15, 0x09, 0x3f, 0x00, 0x10, 0x09, 0x3f,
  0xff, 0x09, 0x09, 0x3f, 0xff, 0x09, 0x09, 0x3f, 0x00, 0x04, 0x09, 0x3f,
  0xff, 0xfd, 0x08, 0x3f, 0xff, 0xfd, 0x08, 0x3f, 0x00, 0x10, 0x05, 0x3f,
  0xff, 0x17, 0xfd, 0x3e, 0x00, 0x9c, 0xf9, 0x3e, 0x00, 0xc0, 0xfa, 0x3e,
  0xff, 0x57, 0xfa, 0x3e, 0xff, 0x6f, 0xfa, 0x3e, 0xff, 0x57, 0xfa, 0x3e,
  0xff, 0x57, 0xfa, 0x3e, 0x01, 0x4c, 0xfa, 0x3e, 0xff, 0x3f, 0xfa, 0x3e,
  0xff, 0x3f, 0xfa, 0x3e, 0x01, 0x34, 0xfa, 0x3e, 0xff, 0x27, 0xfa, 0x3e,
  0xff, 0x27, 0xfa, 0x3e, 0x01, 0x1c, 0xfa, 0x3e, 0xff, 0x0f, 0xfa, 0x3e,
  0xff, 0x0f, 0xfa, 0x3e, 0x01, 0x04, 0xfa, 0x3e, 0xff, 0xbf, 0xe7, 0x3e,
  0xff, 0x5b, 0xc9, 0x3e, 0x01, 0x38, 0xc1, 0x3e, 0x01, 0xe4, 0xc3, 0x3e,
  0x01, 0xfc, 0xc2, 0x3e, 0x01, 0x44, 0xc3, 0x3e, 0xff, 0x1f, 0xc3, 0x3e,
  0xff, 0x1f, 0xc3, 0x3e, 0x01, 0x14, 0xc3, 0x3e, 0x01, 0x14, 0xc3, 0x3e,
  0x00, 0x08, 0xc3, 0x3e, 0x00, 0x08, 0xc3, 0x3e, 0x01, 0xfc, 0xc2, 0x3e,
  0x00, 0xf0, 0xc2, 0x3e, 0x00, 0xf0, 0xc2, 0x3e, 0x02, 0xe4, 0xc2, 0x3e,
  0x02, 0xe4, 0xc2, 0x3e, 0xff, 0xdb, 0xc2, 0x3e, 0xff, 0xdb, 0xc2, 0x3e,
  0x00, 0xd0, 0xa8, 0x3e, 0xff, 0xdf, 0x7a, 0x3e, 0x01, 0xb8, 0x63, 0x3e,
  0x02, 0x50, 0x6b, 0x3e, 0x01, 0xb0, 0x68, 0x3e, 0xfd, 0x7f, 0x69, 0x3e,
  0x00, 0x40, 0x69, 0x3e, 0x00, 0x40, 0x69, 0x3e, 0x03, 0x28, 0x69, 0x3e,
  0x03, 0x28, 0x69, 0x3e, 0x03, 0x28, 0x69, 0x3e, 0x00, 0x10, 0x69, 0x3e,
  0x00, 0x10, 0x69, 0x3e, 0xfd, 0xf7, 0x68, 0x3e, 0xfd, 0xf7, 0x68, 0x3e,
  0x01, 0xe0, 0x68, 0x3e, 0x01, 0xe0, 0x68, 0x3e, 0xfd, 0xc7, 0x68, 0x3e,
  0xfd, 0xc7, 0x68, 0x3e, 0x01, 0x88, 0x63, 0x3e, 0x02, 0xc8, 0x5a, 0x3e,
  0x02, 0x50, 0x58, 0x3e, 0xfe, 0x1f, 0x59, 0x3e, 0xfd, 0xc7, 0x58, 0x3e,
  0x01, 0xe0, 0x58, 0x3e, 0xfd, 0xc7, 0x58, 0x3e, 0xfd, 0xc7, 0x58, 0x3e,
  0x01, 0xb0, 0x58, 0x3e, 0x01, 0xb0, 0x58, 0x3e, 0x01, 0xb0, 0x58, 0x3e,
  0xfe, 0x97, 0x58, 0x3e, 0xfe, 0x97, 0x58, 0x3e, 0xfe, 0x97, 0x58, 0x3e,
  0x01, 0x80, 0x58, 0x3e, 0x01, 0x80, 0x58, 0x3e, 0x01, 0x80, 0x58, 0x3e,
  0xfe, 0x67, 0x58, 0x3e, 0xfe, 0x67, 0x58, 0x3e, 0x02, 0x28, 0x53, 0x3e,
  0x00, 0x80, 0x4a, 0x3e, 0x02, 0x20, 0x48, 0x3e, 0x02, 0xd8, 0x48, 0x3e,
  0xfe, 0x97, 0x48, 0x3e, 0x01, 0xb0, 0x48, 0x3e, 0xfe, 0x97, 0x48, 0x3e,
  0xfe, 0x97, 0x48, 0x3e, 0x01, 0x80, 0x48, 0x3e, 0x01, 0x80, 0x48, 0x3e,
  0x01, 0x80, 0x48, 0x3e, 0xfe, 0x67, 0x48, 0x3e, 0xfe, 0x67, 0x48, 0x3e,
  0xfe, 0x67, 0x48, 0x3e, 0xfe, 0x67, 0x48, 0x3e, 0x02, 0x50, 0x48, 0x3e,
  0x02, 0x50, 0x48, 0x3e, 0x02, 0x50, 0x48, 0x3e, 0x00, 0x08, 0xba, 0x3e,
  0x00, 0x94, 0x24, 0x3f, 0xff, 0xa9, 0x37, 0x3f, 0x00, 0x4a, 0x31, 0x3f,
  0x00, 0x64, 0x33, 0x3f, 0xff, 0xaf, 0x32, 0x3f, 0x01, 0xea, 0x32, 0x3f,
  0x01, 0xd4, 0x32, 0x3f, 0x01, 0xd4, 0x32, 0x3f, 0x00, 0xce, 0x32, 0x3f,
  0x00, 0xce, 0x32, 0x3f, 0x00, 0xce, 0x32, 0x3f, 0x01, 0xc8, 0x32, 0x3f,
  0x00, 0xc2, 0x32, 0x3f, 0x00, 0xc2, 0x32, 0x3f, 0x01, 0xbc, 0x32, 0x3f,
  0x01, 0xbc, 0x32, 0x3f, 0x00, 0xb6, 0x32, 0x3f, 0x00, 0xb6, 0x32, 0x3f,
  0x01, 0xc8, 0x2e, 0x3f, 0x00, 0x44, 0x28, 0x3f, 0x00, 0x86, 0x26, 0x3f,
  0x01, 0x18, 0x27, 0x3f, 0x00, 0xe4, 0x26, 0x3f, 0x00, 0xee, 0x26, 0x3f,
  0x00, 0xe4, 0x26, 0x3f, 0x00, 0xe4, 0x26, 0x3f, 0x01, 0xde, 0x26, 0x3f,
  0x00, 0xd8, 0x26, 0x3f, 0x00, 0xd8, 0x26, 0x3f, 0xff, 0xd1, 0x26, 0x3f,
  0x00, 0xcc, 0x26, 0x3f, 0xff, 0xc5, 0x26, 0x3f, 0xff, 0xc5, 0x26, 0x3f,
  0x00, 0xc0, 0x26, 0x3f, 0xff, 0xb9, 0x26, 0x3f, 0xff, 0xb9, 0x26, 0x3f,
  0x00, 0xb4, 0x26, 0x3f, 0x00, 0x16, 0x24, 0x3f, 0x00, 0xb2, 0x1f, 0x3f,
  0x00, 0x86, 0x1e, 0x3f, 0xff, 0xe7, 0x1e, 0x3f, 0x00, 0xc0, 0x1e, 0x3f,
  0x00, 0xc4, 0x1e, 0x3f, 0x00, 0xc0, 0x1e, 0x3f, 0xff, 0xb9, 0x1e, 0x3f,
  0xff, 0xb9, 0x1e, 0x3f, 0x00, 0xb4, 0x1e, 0x3f, 0x00, 0xae, 0x1e, 0x3f,
  0x00, 0xa8, 0x1e, 0x3f, 0x00, 0xa8, 0x1e, 0x3f, 0x00, 0xa2, 0x1e, 0x3f,
  0x00, 0x9c, 0x1e, 0x3f, 0x00, 0x96, 0x1e, 0x3f, 0x01, 0x90, 0x1e, 0x3f,
  0x01, 0x90, 0x1e, 0x3f, 0xff, 0x8b, 0x1e, 0x3f, 0x01, 0x1e, 0x14, 0x3f,
  0x00, 0xc2, 0x02, 0x3f, 0x01, 0x3c, 0xfc, 0x3e, 0xff, 0x4f, 0xff, 0x3e,
  0x00, 0x3c, 0xfe, 0x3e, 0x01, 0x8c, 0xfe, 0x3e, 0x00, 0x68, 0xfe, 0x3e,
  0x00, 0x68, 0xfe, 0x3e, 0x02, 0x5c, 0xfe, 0x3e, 0x00, 0x50, 0xfe, 0x3e,
  0x01, 0x48, 0xfe, 0x3e, 0x01, 0x48, 0xfe, 0x3e, 0x00, 0x3c, 0xfe, 0x3e,
  0x01, 0x30, 0xfe, 0x3e, 0x01, 0x30, 0xfe, 0x3e, 0x00, 0x24, 0xfe, 0x3e,
  0x01, 0x18, 0xfe, 0x3e, 0x00, 0x0c, 0xfe, 0x3e, 0xfe, 0xd7, 0xf8, 0x3e,
  0xff, 0x1f, 0xf0, 0x3e, 0x00, 0xc4, 0xed, 0x3e, 0xfe, 0x87, 0xee, 0x3e,
  0x00, 0x38, 0xee, 0x3e, 0x00, 0x50, 0xee, 0x3e, 0x00, 0x38, 0xee, 0x3e,
  0x00, 0x38, 0xee, 0x3e, 0xff, 0x2b, 0xee, 0x3e, 0x00, 0x20, 0xee, 0x3e,
  0x00, 0x20, 0xee, 0x3e, 0xff, 0x13, 0xee, 0x3e, 0x00, 0x0c, 0xee, 0x3e,
  0x00, 0x0c, 0xee, 0x3e, 0x02, 0x00, 0xee, 0x3e, 0x00, 0xf4, 0xed, 0x3e,
  0x00, 0xf4, 0xed, 0x3e, 0xff, 0xe7, 0xed, 0x3e, 0xff, 0xe7, 0xed, 0x3e,
  0x00, 0xd0, 0xd3, 0x3e, 0xff, 0x63, 0xa8, 0x3e, 0xff, 0xd3, 0x9c, 0x3e,
  0x01, 0xac, 0xa0, 0x3e, 0x01, 0x5c, 0x9f, 0x3e, 0x01, 0xb8, 0x9f, 0x3e,
  0xff, 0x93, 0x9f, 0x3e, 0xff, 0x93, 0x9f, 0x3e, 0x01, 0x88, 0x9f, 0x3e,
  0x01, 0x88, 0x9f, 0x3e, 0xff, 0x7b, 0x9f, 0x3e, 0xff, 0x7b, 0x9f, 0x3e,
  0x01, 0x70, 0x9f, 0x3e, 0xff, 0x67, 0x9f, 0x3e, 0xff, 0x67, 0x9f, 0x3e,
  0x01, 0x5c, 0x9f, 0x3e, 0x01, 0x5c, 0x9f, 0x3e, 0xff, 0x4f, 0x9f, 0x3e,
  0xff, 0x4f, 0x9f, 0x3e, 0xff, 0xdf, 0x7a, 0x3e, 0x01, 0x18, 0x0a, 0x3e,
  0xfc, 0xef, 0xd7, 0x3d, 0xfb, 0xdf, 0xeb, 0x3d, 0xfa, 0x1f, 0xe5, 0x3d,
  0x06, 0x50, 0xe7, 0x3d, 0xff, 0x6f, 0xe6, 0x3d, 0x05, 0xa0, 0xe6, 0x3d,
  0xff, 0x6f, 0xe6, 0x3d, 0xff, 0x6f, 0xe6, 0x3d, 0xff, 0x6f, 0xe6, 0x3d,
  0x06, 0x40, 0xe6, 0x3d, 0x06, 0x40, 0xe6, 0x3d, 0xff, 0x0f, 0xe6, 0x3d,
  0xff, 0x0f, 0xe6, 0x3d, 0xff, 0x0f, 0xe6, 0x3d, 0x06, 0xe0, 0xe5, 0x3d,
  0x06, 0xe0, 0xe5, 0x3d, 0x06, 0xe0, 0xe5, 0x3d, 0x01, 0x90, 0xc6, 0x3d,
  0x00, 0x80, 0x92, 0x3d, 0x00, 0x90, 0x84, 0x3d, 0x00, 0x10, 0x89, 0x3d,
  0xff, 0x9f, 0x87, 0x3d, 0x00, 0x00, 0x88, 0x3d, 0x00, 0xd0, 0x87, 0x3d,
  0x00, 0xd0, 0x87, 0x3d, 0x00, 0xd0, 0x87, 0x3d, 0xff, 0x9f, 0x87, 0x3d,
  0xff, 0x9f, 0x87, 0x3d, 0xff, 0x9f, 0x87, 0x3d, 0xff, 0x9f, 0x87, 0x3d,
  0x00, 0x70, 0x87, 0x3d, 0x00, 0x70, 0x87, 0x3d, 0x00, 0x70, 0x87, 0x3d,
  0x00, 0x70, 0x87, 0x3d, 0x00, 0x70, 0x87, 0x3d, 0x01, 0xc0, 0x11, 0x3d,
  0x01, 0x00, 0x7a, 0xbc, 0x01, 0x80, 0xec, 0xbc, 0x01, 0x80, 0xc7, 0xbc,
  0x01, 0xc0, 0xd3, 0xbc, 0xff, 0x3f, 0xd0, 0xbc, 0x01, 0xc0, 0xd1, 0xbc,
  0x03, 0x00, 0xd1, 0xbc, 0x03, 0x00, 0xd1, 0xbc, 0x01, 0xc0, 0xd1, 0xbc,
  0x01, 0xc0, 0xd1, 0xbc, 0x01, 0xc0, 0xd1, 0xbc, 0x01, 0xc0, 0xd1, 0xbc,
  0x01, 0xc0, 0xd1, 0xbc, 0x01, 0xc0, 0xd1, 0xbc, 0x01, 0xc0, 0xd1, 0xbc,
  0x01, 0xc0, 0xd1, 0xbc, 0x01, 0xc0, 0xd1, 0xbc, 0x01, 0xc0, 0xd1, 0xbc,
  0xff, 0x9f, 0x7a, 0xbd, 0x03, 0xb0, 0xf6, 0xbd, 0x01, 0x88, 0x0b, 0xbe,
  0xfd, 0x1f, 0x06, 0xbe, 0xfd, 0xe7, 0x07, 0xbe, 0xfd, 0x5f, 0x07, 0xbe,
  0x03, 0x90, 0x07, 0xbe, 0x00, 0x78, 0x07, 0xbe, 0x03, 0x90, 0x07, 0xbe,
  0x00, 0x78, 0x07, 0xbe, 0x00, 0x78, 0x07, 0xbe, 0x00, 0x78, 0x07, 0xbe,
  0x00, 0x78, 0x07, 0xbe, 0x00, 0x78, 0x07, 0xbe, 0x00, 0x78, 0x07, 0xbe,
  0x00, 0x78, 0x07, 0xbe, 0x00, 0x78, 0x07, 0xbe, 0x00, 0x78, 0x07, 0xbe,
  0x00, 0x78, 0x07, 0xbe, 0xff, 0x1f, 0x17, 0xbe, 0x00, 0x10, 0x31, 0xbe,
  0xff, 0x07, 0x38, 0xbe, 0x00, 0xb0, 0x35, 0xbe, 0x03, 0x80, 0x36, 0xbe,
  0x00, 0x38, 0x36, 0xbe, 0x00, 0x38, 0x36, 0xbe, 0x00, 0x38, 0x36, 0xbe,
  0x00, 0x38, 0x36, 0xbe, 0x00, 0x38, 0x36, 0xbe, 0x00, 0x38, 0x36, 0xbe,
  0x00, 0x38, 0x36, 0xbe, 0x00, 0x38, 0x36, 0xbe, 0xfd, 0x1f, 0x36, 0xbe,
  0xfd, 0x1f, 0x36, 0xbe, 0xfd, 0x1f, 0x36, 0xbe, 0xfd, 0x1f, 0x36, 0xbe,
  0xfd, 0x1f, 0x36, 0xbe, 0xfd, 0x1f, 0x36, 0xbe, 0x00, 0x30, 0x50, 0xbe,
  0x02, 0x80, 0x7b, 0xbe, 0x00, 0x8c, 0x83, 0xbe, 0x00, 0x98, 0x81, 0xbe,
  0x00, 0x3c, 0x82, 0xbe, 0x00, 0x0c, 0x82, 0xbe, 0x01, 0x18, 0x82, 0xbe,
  0x00, 0x0c, 0x82, 0xbe, 0x00, 0x0c, 0x82, 0xbe, 0x00, 0x0c, 0x82, 0xbe,
  0x00, 0x0c, 0x82, 0xbe, 0x00, 0x0c, 0x82, 0xbe, 0xfe, 0xff, 0x81, 0xbe,
  0xfe, 0xff, 0x81, 0xbe, 0xfe, 0xff, 0x81, 0xbe, 0xfe, 0xff, 0x81, 0xbe,
  0x00, 0xf4, 0x81, 0xbe, 0x00, 0xf4, 0x81, 0xbe, 0x00, 0x88, 0x84, 0xbe,
  0x01, 0xe0, 0x88, 0xbe, 0x01, 0x04, 0x8a, 0xbe, 0xfe, 0xa3, 0x89, 0xbe,
  0x02, 0xbc, 0x89, 0xbe, 0x00, 0xb0, 0x89, 0xbe, 0x00, 0xb0, 0x89, 0xbe,
  0x00, 0xb0, 0x89, 0xbe, 0xfe, 0xa3, 0x89, 0xbe, 0xfe, 0xa3, 0x89, 0xbe,
  0xfe, 0xa3, 0x89, 0xbe, 0xfe, 0xa3, 0x89, 0xbe, 0x00, 0x9c, 0x89, 0xbe,
  0x00, 0x9c, 0x89, 0xbe, 0x00, 0x9c, 0x89, 0xbe, 0x01, 0x90, 0x89, 0xbe,
  0x01, 0x90, 0x89, 0xbe, 0x01, 0x90, 0x89, 0xbe, 0x00, 0x84, 0x89, 0xbe,
  0x00, 0x54, 0x91, 0xbe, 0x00, 0x50, 0x9e, 0xbe, 0x01, 0xc0, 0xa1, 0xbe,
  0x02, 0x94, 0xa0, 0xbe, 0x00, 0xfc, 0xa0, 0xbe, 0x00, 0xcc, 0xa0, 0xbe,
  0xfe, 0xd7, 0xa0, 0xbe, 0x00, 0xcc, 0xa0, 0xbe, 0x00, 0xcc, 0xa0, 0xbe,
  0x00, 0xcc, 0xa0, 0xbe, 0x00, 0xcc, 0xa0, 0xbe, 0xff, 0xbf, 0xa0, 0xbe,
  0xff, 0xbf, 0xa0, 0xbe, 0xff, 0xbf, 0xa0, 0xbe, 0x00, 0xb4, 0xa0, 0xbe,
  0x00, 0xb4, 0xa0, 0xbe, 0x01, 0xac, 0xa0, 0xbe, 0x01, 0xac, 0xa0, 0xbe,
  0x01, 0xac, 0xa0, 0xbe, 0x02, 0x78, 0xb5, 0xbe, 0xff, 0x1b, 0xd8, 0xbe,
  0x00, 0x54, 0xe1, 0xbe, 0xff, 0x3f, 0xde, 0xbe, 0x01, 0x40, 0xdf, 0xbe,
  0x02, 0xe4, 0xde, 0xbe, 0x01, 0xfc, 0xde, 0xbe, 0x00, 0xf0, 0xde, 0xbe,
  0x00, 0xf0, 0xde, 0xbe, 0x02, 0xe4, 0xde, 0xbe, 0x02, 0xe4, 0xde, 0xbe,
  0x00, 0xd8, 0xde, 0xbe, 0x00, 0xd8, 0xde, 0xbe, 0xfe, 0xcb, 0xde, 0xbe,
  0xfe, 0xcb, 0xde, 0xbe, 0x00, 0xc0, 0xde, 0xbe, 0x00, 0xc0, 0xde, 0xbe,
  0x00, 0xc0, 0xde, 0xbe, 0xff, 0xb3, 0xde, 0xbe, 0x02, 0x84, 0xf3, 0xbe,
  0x00, 0x1a, 0x0b, 0xbf, 0x00, 0xbc, 0x0f, 0xbf, 0x00, 0x2c, 0x0e, 0xbf,
  0x00, 0xac, 0x0e, 0xbf, 0x00, 0x7e, 0x0e, 0xbf, 0x00, 0x88, 0x0e, 0xbf,
  0x01, 0x84, 0x0e, 0xbf, 0x00, 0x7e, 0x0e, 0xbf, 0x00, 0x7e, 0x0e, 0xbf,
  0x01, 0x78, 0x0e, 0xbf, 0x01, 0x78, 0x0e, 0xbf, 0x00, 0x72, 0x0e, 0xbf,
  0xff, 0x6b, 0x0e, 0xbf, 0xff, 0x6b, 0x0e, 0xbf, 0x00, 0x66, 0x0e, 0xbf,
  0x00, 0x66, 0x0e, 0xbf, 0xff, 0x5f, 0x0e, 0xbf, 0x00, 0x5a, 0x0e, 0xbf,
  0x00, 0xc2, 0x18, 0xbf, 0x00, 0x18, 0x2a, 0xbf, 0x00, 0xb6, 0x2e, 0xbf,
  0xff, 0x2b, 0x2d, 0xbf, 0x01, 0xac, 0x2d, 0xbf, 0x00, 0x78, 0x2d, 0xbf,
  0x00, 0x84, 0x2d, 0xbf, 0x01, 0x7e, 0x2d, 0xbf, 0x00, 0x78, 0x2d, 0xbf,
  0x00, 0x78, 0x2d, 0xbf, 0x01, 0x72, 0x2d, 0xbf, 0x00, 0x6c, 0x2d, 0xbf,
  0x00, 0x6c, 0x2d, 0xbf, 0xff, 0x65, 0x2d, 0xbf, 0x00, 0x60, 0x2d, 0xbf,
  0xff, 0x59, 0x2d, 0xbf, 0xff, 0x59, 0x2d, 0xbf, 0x00, 0x54, 0x2d, 0xbf,
  0x00, 0x38, 0x3e, 0xbf, 0x00, 0x64, 0x5a, 0xbf, 0x00, 0xe6, 0x61, 0xbf,
  0x00, 0x5e, 0x5f, 0xbf, 0x01, 0x34, 0x60, 0xbf, 0x01, 0xe4, 0x5f, 0xbf,
  0xff, 0xf9, 0x5f, 0xbf, 0x01, 0xf0, 0x5f, 0xbf, 0x00, 0xea, 0x5f, 0xbf,
  0x01, 0xe4, 0x5f, 0xbf, 0x00, 0xde, 0x5f, 0xbf, 0xff, 0xd7, 0x5f, 0xbf,
  0x00, 0xd2, 0x5f, 0xbf, 0x00, 0xd2, 0x5f, 0xbf, 0xff, 0xcb, 0x5f, 0xbf,
  0x00, 0xc6, 0x5f, 0xbf, 0xff, 0xbf, 0x5f, 0xbf, 0x00, 0xba, 0x5f, 0xbf,
  0xff, 0xb5, 0x5f, 0xbf, 0x00, 0x16, 0x6a, 0xbf, 0x01, 0x68, 0x7b, 0xbf,
  0x00, 0xfe, 0x7f, 0xbf, 0x00, 0x70, 0x7e, 0xbf, 0x00, 0xee, 0x7e, 0xbf,
  0xff, 0xb9, 0x7e, 0xbf, 0xff, 0xc5, 0x7e, 0xbf, 0xff, 0xb9, 0x7e, 0xbf,
  0x00, 0xb6, 0x7e, 0xbf, 0xff, 0xaf, 0x7e, 0xbf, 0x00, 0xaa, 0x7e, 0xbf,
  0xff, 0xa3, 0x7e, 0xbf, 0x00, 0x9e, 0x7e, 0xbf, 0xff, 0x97, 0x7e, 0xbf,
  0x00, 0x92, 0x7e, 0xbf, 0xff, 0x8b, 0x7e, 0xbf, 0x00, 0x80, 0x7e, 0xbf,
  0x00, 0x7c, 0x7e, 0xbf, 0xff, 0x75, 0x7e, 0xbf, 0x01, 0x68, 0x57, 0xbf,
  0x01, 0x56, 0x16, 0xbf, 0x00, 0xf2, 0x04, 0xbf, 0x00, 0xb6, 0x0a, 0xbf,
  0x00, 0xc4, 0x08, 0xbf, 0x00, 0x62, 0x09, 0xbf, 0xff, 0x21, 0x09, 0xbf,
  0x00, 0x32, 0x09, 0xbf, 0x00, 0x28, 0x09, 0xbf, 0xff, 0x21, 0x09, 0xbf,
  0x00, 0x1c, 0x09, 0xbf, 0xff, 0x15, 0x09, 0xbf, 0x00, 0x10, 0x09, 0xbf,
  0xff, 0x09, 0x09, 0xbf, 0x00, 0x04, 0x09, 0xbf, 0xff, 0xfd, 0x08, 0xbf,
  0x00, 0xf8, 0x08, 0xbf, 0xff, 0xf3, 0x08, 0xbf, 0x00, 0xee, 0x08, 0xbf,
  0x00, 0x1a, 0x0e, 0xbf, 0x00, 0xc4, 0x16, 0xbf, 0x01, 0x0c, 0x19, 0xbf,
  0x00, 0x42, 0x18, 0xbf, 0xff, 0x81, 0x18, 0xbf, 0x00, 0x64, 0x18, 0xbf,
  0xff, 0x69, 0x18, 0xbf, 0x00, 0x5e, 0x18, 0xbf, 0x00, 0x5e, 0x18, 0xbf,
  0x00, 0x5a, 0x18, 0xbf, 0xff, 0x53, 0x18, 0xbf, 0x00, 0x4e, 0x18, 0xbf,
  0xff, 0x47, 0x18, 0xbf, 0x00, 0x42, 0x18, 0xbf, 0x00, 0x3c, 0x18, 0xbf,
  0x00, 0x3c, 0x18, 0xbf, 0x00, 0x36, 0x18, 0xbf, 0x00, 0x30, 0x18, 0xbf,
  0x00, 0x7a, 0x19, 0xbf, 0x01, 0xa0, 0x1b, 0xbf, 0x00, 0x2c, 0x1c, 0xbf,
  0x00, 0xf8, 0x1b, 0xbf, 0x00, 0x02, 0x1c, 0xbf, 0x00, 0xf8, 0x1b, 0xbf,
  0x00, 0xf8, 0x1b, 0xbf, 0x00, 0xf2, 0x1b, 0xbf, 0x00, 0xec, 0x1b, 0xbf,
  0x00, 0xe6, 0x1b, 0xbf, 0x00, 0xe0, 0x1b, 0xbf, 0x00, 0xe0, 0x1b, 0xbf,
  0x01, 0xda, 0x1b, 0xbf, 0x00, 0xd4, 0x1b, 0xbf, 0x01, 0xce, 0x1b, 0xbf,
  0x00, 0xc8, 0x1b, 0xbf, 0x00, 0xc8, 0x1b, 0xbf, 0x00, 0xc4, 0x1b, 0xbf,
  0x00, 0xbe, 0x1b, 0xbf, 0x00, 0xf0, 0x20, 0xbf, 0x00, 0x9a, 0x29, 0xbf,
  0x00, 0xe8, 0x2b, 0xbf, 0x00, 0x1e, 0x2b, 0xbf, 0x00, 0x58, 0x2b, 0xbf,
  0x00, 0x40, 0x2b, 0xbf, 0x00, 0x40, 0x2b, 0xbf, 0x01, 0x3a, 0x2b, 0xbf,
  0x00, 0x34, 0x2b, 0xbf, 0x01, 0x2e, 0x2b, 0xbf, 0x01, 0x2e, 0x2b, 0xbf,
  0x00, 0x2a, 0x2b, 0xbf, 0x01, 0x24, 0x2b, 0xbf, 0x00, 0x1e, 0x2b, 0xbf,
  0x01, 0x18, 0x2b, 0xbf, 0x00, 0x12, 0x2b, 0xbf, 0x00, 0x12, 0x2b, 0xbf,
  0x01, 0x0c, 0x2b, 0xbf, 0x00, 0x06, 0x2b, 0xbf, 0x02, 0xc0, 0x5c, 0xbe,
  0x00, 0x00, 0x50, 0x3d, 0x00, 0x30, 0x98, 0x3d, 0xff, 0x0f, 0x95, 0x3d,
  0x00, 0x70, 0x90, 0x3d, 0x00, 0x50, 0x93, 0x3d, 0x01, 0x30, 0x92, 0x3d,
  0x00, 0xd0, 0x92, 0x3d, 0x00, 0x90, 0x92, 0x3d, 0x00, 0x90, 0x92, 0x3d,
  0x00, 0x90, 0x92, 0x3d, 0x01, 0xb0, 0x92, 0x3d, 0x00, 0xd0, 0x92, 0x3d,
  0x00, 0xd0, 0x92, 0x3d, 0x00, 0xd0, 0x92, 0x3d, 0x00, 0xd0, 0x92, 0x3d,
  0x01, 0xf0, 0x92, 0x3d, 0x00, 0x50, 0x92, 0x3d, 0x01, 0x70, 0x92, 0x3d,
  0x00, 0x80, 0xbd, 0x3d, 0x03, 0x18, 0x08, 0x3e, 0x01, 0x00, 0x1b, 0x3e,
  0x03, 0x10, 0x1a, 0x3e, 0x01, 0xf8, 0x17, 0x3e, 0x01, 0x38, 0x19, 0x3e,
  0xfd, 0xc7, 0x18, 0x3e, 0xff, 0xe7, 0x18, 0x3e, 0xff, 0xe7, 0x18, 0x3e,
  0xff, 0xe7, 0x18, 0x3e, 0xff, 0xe7, 0x18, 0x3e, 0xff, 0xe7, 0x18, 0x3e,
  0xff, 0xe7, 0x18, 0x3e, 0xff, 0xe7, 0x18, 0x3e, 0x02, 0xd8, 0x18, 0x3e,
  0x02, 0xd8, 0x18, 0x3e, 0xfd, 0xf7, 0x18, 0x3e, 0x02, 0xa8, 0x18, 0x3e,
  0xff, 0x07, 0x18, 0x3e, 0x01, 0xf0, 0x41, 0x3e, 0xfe, 0xd7, 0x88, 0x3e,
  0x01, 0xd4, 0x9d, 0x3e, 0x01, 0x0c, 0x9d, 0x3e, 0x01, 0xe8, 0x9a, 0x3e,
  0xfe, 0x37, 0x9c, 0x3e, 0x00, 0xa8, 0x9b, 0x3e, 0x00, 0xd0, 0x9b, 0x3e,
  0xff, 0xbf, 0x9b, 0x3e, 0x00, 0xd0, 0x9b, 0x3e, 0xff, 0xbf, 0x9b, 0x3e,
  0x01, 0xb8, 0x9b, 0x3e, 0x01, 0xb8, 0x9b, 0x3e, 0xfe, 0xaf, 0x9b, 0x3e,
  0xfe, 0xaf, 0x9b, 0x3e, 0xfe, 0xaf, 0x9b, 0x3e, 0xfe, 0xaf, 0x9b, 0x3e,
  0x01, 0xa0, 0x9b, 0x3e, 0x02, 0x28, 0x9b, 0x3e, 0x01, 0xc8, 0xa8, 0x3e,
  0xff, 0x3b, 0xc3, 0x3e, 0x00, 0xc4, 0xd1, 0x3e, 0x01, 0x64, 0xd1, 0x3e,
  0x02, 0xc8, 0xcf, 0x3e, 0x01, 0xac, 0xd0, 0x3e, 0x01, 0x54, 0xd0, 0x3e,
  0xff, 0x63, 0xd0, 0x3e, 0xff, 0x63, 0xd0, 0x3e, 0xff, 0x4b, 0xd0, 0x3e,
  0x00, 0x44, 0xd0, 0x3e, 0x00, 0x44, 0xd0, 0x3e, 0x01, 0x3c, 0xd0, 0x3e,
  0x01, 0x3c, 0xd0, 0x3e, 0xff, 0x33, 0xd0, 0x3e, 0xff, 0x33, 0xd0, 0x3e,
  0x01, 0xe0, 0xcf, 0x3e, 0x01, 0x24, 0xd0, 0x3e, 0x00, 0xc4, 0xde, 0x3e,
  0xff, 0x6f, 0xfa, 0x3e, 0x00, 0x40, 0x03, 0x3f, 0x00, 0xce, 0x02, 0x3f,
  0xff, 0x31, 0x02, 0x3f, 0xff, 0x8d, 0x02, 0x3f, 0x00, 0x66, 0x02, 0x3f,
  0x01, 0x6e, 0x02, 0x3f, 0x01, 0x62, 0x02, 0x3f, 0x00, 0x5e, 0x02, 0x3f,
  0x00, 0x52, 0x02, 0x3f, 0x00, 0x4e, 0x02, 0x3f, 0x00, 0x4e, 0x02, 0x3f,
  0x01, 0x4a, 0x02, 0x3f, 0x00, 0x42, 0x02, 0x3f, 0x00, 0x3a, 0x02, 0x3f,
  0xff, 0x3d, 0x02, 0x3f, 0x01, 0x1e, 0x02, 0x3f, 0x00, 0x1a, 0x02, 0x3f,
  0x01, 0x3a, 0x09, 0x3f, 0x00, 0x08, 0x17, 0x3f, 0x00, 0x48, 0x1d, 0x3f,
  0x00, 0xec, 0x1c, 0x3f, 0x00, 0x3a, 0x1c, 0x3f, 0x00, 0xa2, 0x1c, 0x3f,
  0x00, 0x72, 0x1c, 0x3f, 0x00, 0x7a, 0x1c, 0x3f, 0x01, 0x6e, 0x1c, 0x3f,
  0xff, 0x69, 0x1c, 0x3f, 0x01, 0x62, 0x1c, 0x3f, 0x00, 0x5a, 0x1c, 0x3f,
  0x00, 0x52, 0x1c, 0x3f, 0x01, 0x4a, 0x1c, 0x3f, 0x00, 0x46, 0x1c, 0x3f,
  0x00, 0x42, 0x1c, 0x3f, 0x00, 0x3a, 0x1c, 0x3f, 0x01, 0x2a, 0x1c, 0x3f,
  0x00, 0x0a, 0x1c, 0x3f, 0xff, 0x43, 0x21, 0x3f, 0x01, 0x3a, 0x2b, 0x3f,
  0x00, 0x70, 0x30, 0x3f, 0x00, 0x3c, 0x30, 0x3f, 0xff, 0xa9, 0x2f, 0x3f,
  0x00, 0xf6, 0x2f, 0x3f, 0x01, 0xce, 0x2f, 0x3f, 0xff, 0xd5, 0x2f, 0x3f,
  0x00, 0xc6, 0x2f, 0x3f, 0x01, 0xc2, 0x2f, 0x3f, 0xff, 0xb5, 0x2f, 0x3f,
  0x00, 0xb2, 0x2f, 0x3f, 0x00, 0xa6, 0x2f, 0x3f, 0xff, 0x9d, 0x2f, 0x3f,
  0x00, 0x9a, 0x2f, 0x3f, 0x01, 0x8a, 0x2f, 0x3f, 0x00, 0x8e, 0x2f, 0x3f,
  0x00, 0x76, 0x2f, 0x3f, 0x00, 0x72, 0x2e, 0x3f, 0x01, 0xbe, 0x2c, 0x3f,
  0x00, 0xfe, 0x2b, 0x3f, 0x00, 0x02, 0x2c, 0x3f, 0x00, 0x0a, 0x2c, 0x3f,
  0x00, 0xf6, 0x2b, 0x3f, 0x00, 0xf2, 0x2b, 0x3f, 0xff, 0xed, 0x2b, 0x3f,
  0x00, 0xde, 0x2b, 0x3f, 0x01, 0xda, 0x2b, 0x3f, 0x01, 0xce, 0x2b, 0x3f,
  0x00, 0xca, 0x2b, 0x3f, 0x00, 0xbe, 0x2b, 0x3f, 0xff, 0xb5, 0x2b, 0x3f,
  0x00, 0xae, 0x2b, 0x3f, 0x00, 0xa6, 0x2b, 0x3f, 0xff, 0x9d, 0x2b, 0x3f,
  0x00, 0x8e, 0x2b, 0x3f, 0x00, 0x86, 0x2b, 0x3f, 0x01, 0x6e, 0x2c, 0x3f,
  0x00, 0x20, 0x2e, 0x3f, 0xff, 0xd1, 0x2e, 0x3f, 0xff, 0xb9, 0x2e, 0x3f,
  0x00, 0xa2, 0x2e, 0x3f, 0x00, 0xa2, 0x2e, 0x3f, 0x00, 0x96, 0x2e, 0x3f,
  0x00, 0x92, 0x2e, 0x3f, 0x00, 0x86, 0x2e, 0x3f, 0xff, 0x81, 0x2e, 0x3f,
  0x00, 0x72, 0x2e, 0x3f, 0x01, 0x6e, 0x2e, 0x3f, 0xff, 0x5f, 0x2e, 0x3f,
  0x00, 0x58, 0x2e, 0x3f, 0x00, 0x50, 0x2e, 0x3f, 0x01, 0x40, 0x2e, 0x3f,
  0x00, 0x38, 0x2e, 0x3f, 0x01, 0x34, 0x2e, 0x3f, 0x00, 0x24, 0x2e, 0x3f,
  0x00, 0x20, 0x2e, 0x3f, 0x00, 0x14, 0x2e, 0x3f, 0x00, 0x0c, 0x2e, 0x3f,
  0xff, 0x03, 0x2e, 0x3f, 0x01, 0xfc, 0x2d, 0x3f, 0x00, 0xf4, 0x2d, 0x3f,
  0x00, 0xe8, 0x2d, 0x3f, 0x01, 0xe4, 0x2d, 0x3f, 0x00, 0xd4, 0x2d, 0x3f,
  0x00, 0xc8, 0x2d, 0x3f, 0xff, 0xbf, 0x2d, 0x3f, 0x01, 0xb8, 0x2d, 0x3f,
  0x00, 0xb0, 0x2d, 0x3f, 0x00, 0xa8, 0x2d, 0x3f, 0x00, 0x9c, 0x2d, 0x3f,
  0x00, 0x98, 0x2d, 0x3f, 0xff, 0x87, 0x2d, 0x3f, 0xff, 0x7b, 0x2d, 0x3f,
  0x00, 0x78, 0x2d, 0x3f, 0x00, 0x6c, 0x2d, 0x3f, 0x00, 0x64, 0x2d, 0x3f,
  0x00, 0x58, 0x2d, 0x3f, 0x01, 0x50, 0x2d, 0x3f, 0x00, 0x48, 0x2d, 0x3f,
  0x00, 0x3c, 0x2d, 0x3f, 0xff, 0x37, 0x2d, 0x3f, 0x00, 0x28, 0x2d, 0x3f,
  0x00, 0x1c, 0x2d, 0x3f, 0x01, 0x18, 0x2d, 0x3f, 0x01, 0x0c, 0x2d, 0x3f,
  0x00, 0x04, 0x2d, 0x3f, 0x00, 0xfc, 0x2c, 0x3f, 0xff, 0xf3, 0x2c, 0x3f,
  0x00, 0xec, 0x2c, 0x3f, 0x01, 0xe0, 0x2c, 0x3f, 0xff, 0xdb, 0x2c, 0x3f,
  0x00, 0xcc, 0x2c, 0x3f, 0x01, 0xbe, 0x2c, 0x3f, 0x00, 0xb6, 0x2c, 0x3f,
  0x00, 0xae, 0x2c, 0x3f, 0x01, 0xa6, 0x2c, 0x3f, 0x01, 0x9a, 0x2c, 0x3f,
  0x00, 0x92, 0x2c, 0x3f, 0x00, 0x8a, 0x2c, 0x3f, 0x00, 0x7e, 0x2c, 0x3f,
  0x00, 0x72, 0x2c, 0x3f, 0x01, 0x6e, 0x2c, 0x3f, 0x00, 0x5e, 0x2c, 0x3f,
  0x00, 0x5a, 0x2c, 0x3f, 0x00, 0x4e, 0x2c, 0x3f, 0x00, 0x46, 0x2c, 0x3f,
  0xff, 0x3d, 0x2c, 0x3f, 0x00, 0x2e, 0x2c, 0x3f, 0xff, 0x25, 0x2c, 0x3f,
  0x00, 0x22, 0x2c, 0x3f, 0x01, 0x12, 0x2c, 0x3f, 0x00, 0x0e, 0x2c, 0x3f,
  0x00, 0x02, 0x2c, 0x3f, 0xff, 0xf9, 0x2b, 0x3f, 0x00, 0xf2, 0x2b, 0x3f,
  0xff, 0xe1, 0x2b, 0x3f, 0x01, 0xda, 0x2b, 0x3f, 0x00, 0xd2, 0x2b, 0x3f,
  0x00, 0xc6, 0x2b, 0x3f, 0x01, 0xc2, 0x2b, 0x3f, 0x00, 0xb2, 0x2b, 0x3f,
  0x00, 0xae, 0x2b, 0x3f, 0x00, 0xa2, 0x2b, 0x3f, 0xff, 0x9d, 0x2b, 0x3f,
  0xff, 0x91, 0x2b, 0x3f, 0x00, 0x86, 0x2b, 0x3f, 0x00, 0x7a, 0x2b, 0x3f,
  0x00, 0x76, 0x2b, 0x3f, 0xff, 0x65, 0x2b, 0x3f, 0x00, 0x62, 0x2b, 0x3f,
  0x00, 0x56, 0x2b, 0x3f, 0x00, 0x52, 0x2b, 0x3f, 0x01, 0x46, 0x2b, 0x3f,
  0x01, 0x3a, 0x2b, 0x3f, 0xff, 0x2b, 0x2b, 0x3f, 0x00, 0x28, 0x2b, 0x3f,
  0x00, 0x1c, 0x2b, 0x3f, 0x01, 0x18, 0x2b, 0x3f, 0x00, 0x08, 0x2b, 0x3f,
  0x00, 0x04, 0x2b, 0x3f, 0x00, 0xf8, 0x2a, 0x3f, 0xff, 0xe7, 0x2a, 0x3f,
  0x01, 0xe0, 0x2a, 0x3f, 0x00, 0xd8, 0x2a, 0x3f, 0x00, 0xd0, 0x2a, 0x3f,
  0x01, 0xc8, 0x2a, 0x3f, 0x01, 0xbc, 0x2a, 0x3f, 0x00, 0xb8, 0x2a, 0x3f,
  0x00, 0xa8, 0x2a, 0x3f, 0xff, 0xa3, 0x2a, 0x3f, 0xff, 0x97, 0x2a, 0x3f,
  0xff, 0x8b, 0x2a, 0x3f, 0x01, 0x84, 0x2a, 0x3f, 0x00, 0x7c, 0x2a, 0x3f,
  0x00, 0x70, 0x2a, 0x3f, 0xff, 0x6b, 0x2a, 0x3f, 0xff, 0x5f, 0x2a, 0x3f,
  0x00, 0x58, 0x2a, 0x3f, 0x00, 0x50, 0x2a, 0x3f, 0x01, 0x40, 0x2a, 0x3f,
  0x00, 0x3c, 0x2a, 0x3f, 0x00, 0x30, 0x2a, 0x3f, 0x01, 0x28, 0x2a, 0x3f,
  0x00, 0x20, 0x2a, 0x3f, 0x01, 0x72, 0x29, 0x3f, 0x00, 0x42, 0x2c, 0x3f,
  0x00, 0x66, 0x28, 0x3f, 0xfe, 0x37, 0x30, 0x3e, 0x00, 0xba, 0x25, 0xbf,
  0x00, 0xfe, 0x7f, 0xbf, 0xff, 0x87, 0x77, 0xbf, 0x01, 0x40, 0x70, 0xbf,
  0xff, 0xe1, 0x75, 0xbf, 0x00, 0x80, 0x73, 0xbf, 0x00, 0x64, 0x74, 0xbf,
  0xff, 0x1b, 0x74, 0xbf, 0x00, 0x30, 0x74, 0xbf, 0x00, 0x30, 0x74, 0xbf,
  0x00, 0x30, 0x74, 0xbf, 0x00, 0x30, 0x74, 0xbf, 0x00, 0x30, 0x74, 0xbf,
  0x00, 0x30, 0x74, 0xbf, 0x00, 0x30, 0x74, 0xbf, 0x01, 0x28, 0x74, 0xbf,
  0x01, 0x4c, 0x74, 0xbf, 0x01, 0x28, 0x74, 0xbf, 0x00, 0x5e, 0x6c, 0xbf,
  0x00, 0xf2, 0x5e, 0xbf, 0x01, 0xea, 0x58, 0xbf, 0x00, 0x4a, 0x59, 0xbf,
  0x00, 0xe0, 0x59, 0xbf, 0x01, 0x7e, 0x59, 0xbf, 0x01, 0xa0, 0x59, 0xbf,
  0x01, 0x8a, 0x59, 0xbf, 0x00, 0x86, 0x59, 0xbf, 0x00, 0x86, 0x59, 0xbf,
  0x00, 0x7a, 0x59, 0xbf, 0x00, 0x76, 0x59, 0xbf, 0x01, 0x72, 0x59, 0xbf,
  0x00, 0x6a, 0x59, 0xbf, 0x00, 0x62, 0x59, 0xbf, 0x00, 0x5e, 0x59, 0xbf,
  0x00, 0x52, 0x59, 0xbf, 0xff, 0x65, 0x59, 0xbf, 0xff, 0x59, 0x59, 0xbf,
  0xff, 0x25, 0x52, 0xbf, 0xff, 0x53, 0x44, 0xbf, 0xff, 0x03, 0x3e, 0xbf,
  0xff, 0x53, 0x3e, 0xbf, 0x00, 0xf2, 0x3e, 0xbf, 0xff, 0x81, 0x3e, 0xbf,
  0x01, 0xa6, 0x3e, 0xbf, 0xff, 0x8d, 0x3e, 0xbf, 0x00, 0x8a, 0x3e, 0xbf,
  0x00, 0x7e, 0x3e, 0xbf, 0x00, 0x7a, 0x3e, 0xbf, 0x01, 0x6e, 0x3e, 0xbf,
  0x00, 0x66, 0x3e, 0xbf, 0x00, 0x5c, 0x3e, 0xbf, 0xff, 0x53, 0x3e, 0xbf,
  0xff, 0x47, 0x3e, 0xbf, 0xff, 0x47, 0x3e, 0xbf, 0x00, 0x24, 0x3e, 0xbf,
  0x00, 0x1a, 0x3c, 0xbf, 0xff, 0xb9, 0x38, 0xbf, 0x00, 0x4c, 0x37, 0xbf,
  0x00, 0x6c, 0x37, 0xbf, 0xff, 0x7b, 0x37, 0xbf, 0x01, 0x5c, 0x37, 0xbf,
  0x01, 0x5c, 0x37, 0xbf, 0x00, 0x54, 0x37, 0xbf, 0x00, 0x4c, 0x37, 0xbf,
  0x00, 0x40, 0x37, 0xbf, 0x00, 0x30, 0x37, 0xbf, 0xff, 0x2b, 0x37, 0xbf,
  0xff, 0x1f, 0x37, 0xbf, 0x00, 0x1c, 0x37, 0xbf, 0x00, 0x10, 0x37, 0xbf,
  0x00, 0x08, 0x37, 0xbf, 0x00, 0xfc, 0x36, 0xbf, 0x00, 0xfc, 0x36, 0xbf,
  0xff, 0xe7, 0x36, 0xbf, 0x00, 0xe2, 0x34, 0xbf, 0xff, 0x7b, 0x31, 0xbf,
  0xff, 0x03, 0x30, 0xbf, 0xff, 0x1b, 0x30, 0xbf, 0x00, 0x30, 0x30, 0xbf,
  0x00, 0x0c, 0x30, 0xbf, 0x00, 0x08, 0x30, 0xbf, 0xff, 0x03, 0x30, 0xbf,
  0x00, 0xf6, 0x2f, 0xbf, 0x00, 0xf2, 0x2f, 0xbf, 0x00, 0xe6, 0x2f, 0xbf,
  0xff, 0xd5, 0x2f, 0xbf, 0x01, 0xce, 0x2f, 0xbf, 0x00, 0xc6, 0x2f, 0xbf,
  0x00, 0xbe, 0x2f, 0xbf, 0xff, 0xb5, 0x2f, 0xbf, 0x00, 0xa2, 0x2f, 0xbf,
  0x00, 0xba, 0x2f, 0xbf, 0xff, 0x91, 0x2f, 0xbf, 0xff, 0xb3, 0x29, 0xbf,
  0x00, 0x9a, 0x1f, 0xbf, 0x00, 0x08, 0x1b, 0xbf, 0x00, 0x56, 0x1b, 0xbf,
  0x00, 0xba, 0x1b, 0xbf, 0xff, 0x65, 0x1b, 0xbf, 0x00, 0x7a, 0x1b, 0xbf,
  0x00, 0x6a, 0x1b, 0xbf, 0xff, 0x59, 0x1b, 0xbf, 0x00, 0x56, 0x1b, 0xbf,
  0x00, 0x4a, 0x1b, 0xbf, 0x01, 0x46, 0x1b, 0xbf, 0x01, 0x3a, 0x1b, 0xbf,
  0x00, 0x30, 0x1b, 0xbf, 0x00, 0x28, 0x1b, 0xbf, 0x00, 0x1c, 0x1b, 0xbf,
  0x00, 0x1c, 0x1b, 0xbf, 0x01, 0x00, 0x1b, 0xbf, 0x01, 0x00, 0x1b, 0xbf,
  0x00, 0xa4, 0x1d, 0xbf, 0xff, 0xc5, 0x22, 0xbf, 0x00, 0x1e, 0x25, 0xbf,
  0x00, 0xf2, 0x24, 0xbf, 0x00, 0xa8, 0x24, 0xbf, 0x00, 0xc4, 0x24, 0xbf,
  0x00, 0xac, 0x24, 0xbf, 0x00, 0xa8, 0x24, 0xbf, 0xff, 0x97, 0x24, 0xbf,
  0x00, 0x94, 0x24, 0xbf, 0x00, 0x88, 0x24, 0xbf, 0x01, 0x84, 0x24, 0xbf,
  0x01, 0x78, 0x24, 0xbf, 0x00, 0x70, 0x24, 0xbf, 0x00, 0x68, 0x24, 0xbf,
  0x00, 0x50, 0x24, 0xbf, 0x00, 0x88, 0x24, 0xbf, 0x00, 0xec, 0x23, 0xbf,
  0x01, 0xe0, 0x1a, 0xbf, 0x00, 0xca, 0x0b, 0xbf, 0x00, 0x76, 0x05, 0xbf,
  0x01, 0x2a, 0x06, 0xbf, 0xff, 0x97, 0x06, 0xbf, 0x00, 0x2e, 0x06, 0xbf,
  0x00, 0x52, 0x06, 0xbf, 0xff, 0x31, 0x06, 0xbf, 0xff, 0x31, 0x06, 0xbf,
  0x00, 0x2e, 0x06, 0xbf, 0x01, 0x1e, 0x06, 0xbf, 0x00, 0x1a, 0x06, 0xbf,
  0x00, 0x0e, 0x06, 0xbf, 0x00, 0x0a, 0x06, 0xbf, 0x00, 0xfe, 0x05, 0xbf,
  0x00, 0xf6, 0x05, 0xbf, 0x00, 0xe6, 0x05, 0xbf, 0x00, 0x0a, 0x06, 0xbf,
  0x00, 0xc6, 0x05, 0xbf, 0xff, 0x97, 0xfb, 0xbe, 0x00, 0xa0, 0xe0, 0xbe,
  0xff, 0xff, 0xd4, 0xbe, 0x00, 0x08, 0xd6, 0xbe, 0x00, 0xec, 0xd6, 0xbe,
  0x00, 0x20, 0xd6, 0xbe, 0x01, 0x60, 0xd6, 0xbe, 0x00, 0x38, 0xd6, 0xbe,
  0x01, 0x30, 0xd6, 0xbe, 0x01, 0x18, 0xd6, 0xbe, 0xff, 0x0f, 0xd6, 0xbe,
  0x00, 0xf8, 0xd5, 0xbe, 0x01, 0xf0, 0xd5, 0xbe, 0x01, 0xf0, 0xd5, 0xbe,
  0x01, 0xd8, 0xd5, 0xbe, 0x00, 0xc8, 0xd5, 0xbe, 0xff, 0xb7, 0xd5, 0xbe,
  0x00, 0xb0, 0xd5, 0xbe, 0xff, 0x9f, 0xd5, 0xbe, 0x01, 0xa0, 0xd3, 0xbe,
  0x00, 0x44, 0xd0, 0xbe, 0x00, 0xa8, 0xce, 0xbe, 0xff, 0xaf, 0xce, 0xbe,
  0x00, 0xc0, 0xce, 0xbe, 0xff, 0x97, 0xce, 0xbe, 0xff, 0x97, 0xce, 0xbe,
  0x01, 0x90, 0xce, 0xbe, 0xfe, 0x87, 0xce, 0xbe, 0xff, 0x6f, 0xce, 0xbe,
  0xff, 0x6f, 0xce, 0xbe, 0xff, 0x57, 0xce, 0xbe, 0x01, 0x48, 0xce, 0xbe,
  0x01, 0x48, 0xce, 0xbe, 0x00, 0x38, 0xce, 0xbe, 0x00, 0x20, 0xce, 0xbe,
  0x00, 0x38, 0xce, 0xbe, 0xff, 0xcf, 0xcd, 0xbe, 0x02, 0xbc, 0xc9, 0xbe,
  0xff, 0xf7, 0xc2, 0xbe, 0x01, 0x40, 0xc0, 0xbe, 0x00, 0x88, 0xc0, 0xbe,
  0x01, 0xb0, 0xc0, 0xbe, 0xff, 0x77, 0xc0, 0xbe, 0x01, 0x80, 0xc0, 0xbe,
  0x00, 0x70, 0xc0, 0xbe, 0xff, 0x5f, 0xc0, 0xbe, 0x00, 0x58, 0xc0, 0xbe,
  0x02, 0x50, 0xc0, 0xbe, 0x01, 0x40, 0xc0, 0xbe, 0x00, 0x30, 0xc0, 0xbe,
  0x01, 0x28, 0xc0, 0xbe, 0x00, 0x18, 0xc0, 0xbe, 0x01, 0x10, 0xc0, 0xbe,
  0x00, 0x00, 0xc0, 0xbe, 0x01, 0x10, 0xc0, 0xbe, 0x00, 0xa4, 0xbf, 0xbe,
  0x01, 0xa8, 0xb9, 0xbe, 0x01, 0x88, 0xaf, 0xbe, 0x01, 0x44, 0xab, 0xbe,
  0x00, 0xbc, 0xab, 0xbe, 0x01, 0xfc, 0xab, 0xbe, 0x01, 0xb4, 0xab, 0xbe,
  0xff, 0xc3, 0xab, 0xbe, 0xff, 0xab, 0xab, 0xbe, 0x00, 0xa4, 0xab, 0xbe,
  0x01, 0x9c, 0xab, 0xbe, 0x00, 0x8c, 0xab, 0xbe, 0x02, 0x84, 0xab, 0xbe,
  0xff, 0x7b, 0xab, 0xbe, 0xfe, 0x6b, 0xab, 0xbe, 0x01, 0x5c, 0xab, 0xbe,
  0x01, 0x5c, 0xab, 0xbe, 0x01, 0x44, 0xab, 0xbe, 0x02, 0x84, 0xab, 0xbe,
  0x01, 0x14, 0xab, 0xbe, 0xff, 0x0b, 0x9f, 0xbe, 0x02, 0xe4, 0x8a, 0xbe,
  0x01, 0x30, 0x82, 0xbe, 0xff, 0xf7, 0x82, 0xbe, 0x00, 0xa4, 0x83, 0xbe,
  0x00, 0x08, 0x83, 0xbe, 0x01, 0x44, 0x83, 0xbe, 0x02, 0x28, 0x83, 0xbe,
  0xff, 0x1f, 0x83, 0xbe, 0x00, 0x08, 0x83, 0xbe, 0x01, 0x00, 0x83, 0xbe,
  0x01, 0x00, 0x83, 0xbe, 0x00, 0xf0, 0x82, 0xbe, 0x01, 0xe8, 0x82, 0xbe,
  0xff, 0xdf, 0x82, 0xbe, 0x00, 0xd8, 0x82, 0xbe, 0xff, 0xc7, 0x82, 0xbe,
  0x01, 0xd0, 0x82, 0xbe, 0x01, 0xb8, 0x82, 0xbe, 0x00, 0xc8, 0x79, 0xbe,
  0xff, 0x87, 0x65, 0xbe, 0x02, 0x90, 0x5c, 0xbe, 0xfd, 0x0f, 0x5d, 0xbe,
  0xfe, 0xbf, 0x5d, 0xbe, 0x01, 0x20, 0x5d, 0xbe, 0xfe, 0x5f, 0x5d, 0xbe,
  0x03, 0x40, 0x5d, 0xbe, 0xff, 0x2f, 0x5d, 0xbe, 0xff, 0x2f, 0x5d, 0xbe,
  0xff, 0xff, 0x5c, 0xbe, 0x02, 0xf0, 0x5c, 0xbe, 0x02, 0xf0, 0x5c, 0xbe,
  0xfd, 0xdf, 0x5c, 0xbe, 0x00, 0xd0, 0x5c, 0xbe, 0x00, 0xa0, 0x5c, 0xbe,
  0xff, 0xff, 0x5c, 0xbe, 0x03, 0x00, 0x5c, 0xbe, 0xfe, 0xaf, 0x4f, 0xbe,
  0x03, 0x78, 0x3b, 0xbe, 0x00, 0x60, 0x33, 0xbe, 0x00, 0x70, 0x34, 0xbe,
  0xfd, 0xdf, 0x34, 0xbe, 0x03, 0x60, 0x34, 0xbe, 0x00, 0xa0, 0x34, 0xbe,
  0x00, 0x70, 0x34, 0xbe, 0x00, 0x70, 0x34, 0xbe, 0x03, 0x60, 0x34, 0xbe,
  0x03, 0x60, 0x34, 0xbe, 0x01, 0x40, 0x34, 0xbe, 0x03, 0x30, 0x34, 0xbe,
  0x03, 0x30, 0x34, 0xbe, 0xff, 0x1f, 0x34, 0xbe, 0xff, 0x1f, 0x34, 0xbe,
  0xfd, 0xff, 0x33, 0xbe, 0xff, 0xef, 0x33, 0xbe, 0x02, 0xb0, 0x33, 0xbe,
  0x00, 0xa8, 0x2f, 0xbe, 0x01, 0xe0, 0x28, 0xbe, 0x00, 0x08, 0x26, 0xbe,
  0xff, 0x6f, 0x26, 0xbe, 0xfe, 0x9f, 0x26, 0xbe, 0xfe, 0x47, 0x26, 0xbe,
  0xfe, 0x47, 0x26, 0xbe, 0xfe, 0x47, 0x26, 0xbe, 0xfe, 0x47, 0x26, 0xbe,
  0xfe, 0x17, 0x26, 0xbe, 0xfe, 0x17, 0x26, 0xbe, 0x00, 0x08, 0x26, 0xbe,
  0x00, 0x08, 0x26, 0xbe, 0x00, 0x08, 0x26, 0xbe, 0x03, 0xf8, 0x25, 0xbe,
  0xff, 0xe7, 0x25, 0xbe, 0xfd, 0x97, 0x25, 0xbe, 0x01, 0x90, 0x26, 0xbe,
  0x02, 0x48, 0x25, 0xbe, 0x03, 0xf0, 0xfa, 0xbd, 0xff, 0x1f, 0x69, 0xbd,
  0x01, 0x80, 0xea, 0xbc, 0xff, 0x5f, 0x00, 0xbd, 0x00, 0x60, 0x09, 0xbd,
  0x00, 0x20, 0x02, 0xbd, 0x01, 0xe0, 0x04, 0xbd, 0x00, 0xa0, 0x03, 0xbd,
  0x00, 0x20, 0x04, 0xbd, 0x00, 0xa0, 0x03, 0xbd, 0xff, 0x5f, 0x03, 0xbd,
  0xff, 0x5f, 0x03, 0xbd, 0xff, 0x5f, 0x03, 0xbd, 0xff, 0x5f, 0x03, 0xbd,
  0x00, 0x20, 0x03, 0xbd, 0x00, 0x20, 0x03, 0xbd, 0x00, 0xa0, 0x02, 0xbd,
  0x01, 0xe0, 0x04, 0xbd, 0xff, 0x5f, 0x02, 0xbd, 0x01, 0x00, 0xc8, 0xba,
  0xff, 0x09, 0x3d, 0x3f, 0x00, 0xfe, 0x7f, 0x3f, 0xff, 0xa9, 0x69, 0x3f,
  0x00, 0x1e, 0x71, 0x3f, 0x00, 0xa0, 0x6e, 0x3f, 0x00, 0x76, 0x6f, 0x3f,
  0x01, 0x2e, 0x6f, 0x3f, 0x01, 0x46, 0x6f, 0x3f, 0x00, 0x3e, 0x6f, 0x3f,
  0x00, 0x3e, 0x6f, 0x3f, 0x00, 0x3e, 0x6f, 0x3f, 0x00, 0x3e, 0x6f, 0x3f,
  0x00, 0x3e, 0x6f, 0x3f, 0x00, 0x3e, 0x6f, 0x3f, 0x00, 0x3e, 0x6f, 0x3f,
  0x00, 0x3e, 0x6f, 0x3f, 0x00, 0x3e, 0x6f, 0x3f, 0x00, 0x3e, 0x6f, 0x3f,
  0x00, 0x9e, 0x64, 0x3f, 0x01, 0xe0, 0x52, 0x3f, 0x00, 0x22, 0x4e, 0x3f,
  0xff, 0xb3, 0x4f, 0x3f, 0x01, 0x2e, 0x4f, 0x3f, 0x00, 0x5e, 0x4f, 0x3f,
  0xff, 0x4d, 0x4f, 0x3f, 0x00, 0x56, 0x4f, 0x3f, 0x00, 0x56, 0x4f, 0x3f,
  0x00, 0x56, 0x4f, 0x3f, 0x00, 0x56, 0x4f, 0x3f, 0x00, 0x56, 0x4f, 0x3f,
  0x00, 0x56, 0x4f, 0x3f, 0x00, 0x56, 0x4f, 0x3f, 0x00, 0x56, 0x4f, 0x3f,
  0x00, 0x56, 0x4f, 0x3f, 0x00, 0x56, 0x4f, 0x3f, 0x00, 0x56, 0x4f, 0x3f,
  0x00, 0x56, 0x4f, 0x3f, 0x00, 0x2a, 0x41, 0x3f, 0x00, 0x8c, 0x29, 0x3f,
  0x01, 0x3a, 0x23, 0x3f, 0x00, 0x54, 0x25, 0x3f, 0x01, 0xa6, 0x24, 0x3f,
  0xff, 0xdb, 0x24, 0x3f, 0x00, 0xcc, 0x24, 0x3f, 0x01, 0xd4, 0x24, 0x3f,
  0x00, 0xcc, 0x24, 0x3f, 0x00, 0xcc, 0x24, 0x3f, 0x00, 0xcc, 0x24, 0x3f,
  0x00, 0xcc, 0x24, 0x3f, 0x00, 0xcc, 0x24, 0x3f, 0x00, 0xcc, 0x24, 0x3f,
  0x00, 0xcc, 0x24, 0x3f, 0x00, 0xcc, 0x24, 0x3f, 0x00, 0xcc, 0x24, 0x3f,
  0x00, 0xcc, 0x24, 0x3f, 0x00, 0xa2, 0x16, 0x3f, 0x00, 0xf4, 0xfd, 0x3e,
  0x01, 0x64, 0xf1, 0x3e, 0x01, 0x94, 0xf5, 0x3e, 0x00, 0x2c, 0xf4, 0x3e,
  0xff, 0xa7, 0xf4, 0x3e, 0xff, 0x77, 0xf4, 0x3e, 0x00, 0x88, 0xf4, 0x3e,
  0x00, 0x88, 0xf4, 0x3e, 0x00, 0x88, 0xf4, 0x3e, 0x00, 0x88, 0xf4, 0x3e,
  0x00, 0x88, 0xf4, 0x3e, 0x00, 0x88, 0xf4, 0x3e, 0x00, 0x88, 0xf4, 0x3e,
  0x00, 0x88, 0xf4, 0x3e, 0x00, 0x88, 0xf4, 0x3e, 0x00, 0x88, 0xf4, 0x3e,
  0x00, 0x88, 0xf4, 0x3e, 0x00, 0x88, 0xf4, 0x3e, 0xfe, 0xcb, 0xe2, 0x3e,
  0x01, 0x4c, 0xc5, 0x3e, 0x01, 0x68, 0xbd, 0x3e, 0x02, 0x0c, 0xc0, 0x3e,
  0xff, 0x1f, 0xbf, 0x3e, 0x01, 0x70, 0xbf, 0x3e, 0x00, 0x60, 0xbf, 0x3e,
  0x00, 0x60, 0xbf, 0x3e, 0x00, 0x60, 0xbf, 0x3e, 0x00, 0x60, 0xbf, 0x3e,
  0x00, 0x60, 0xbf, 0x3e, 0x00, 0x60, 0xbf, 0x3e, 0x00, 0x60, 0xbf, 0x3e,
  0x00, 0x60, 0xbf, 0x3e, 0x00, 0x60, 0xbf, 0x3e, 0x00, 0x60, 0xbf, 0x3e,
  0x00, 0x60, 0xbf, 0x3e, 0x00, 0x60, 0xbf, 0x3e, 0x00, 0x60, 0xbf, 0x3e,
  0x01, 0x4c, 0x91, 0x3e, 0xfd, 0xf7, 0x08, 0x3e, 0x01, 0x20, 0xc0, 0x3d,
  0x05, 0x40, 0xdb, 0x3d, 0x00, 0x20, 0xd2, 0x3d, 0x01, 0x50, 0xd5, 0x3d,
  0xfc, 0x5f, 0xd4, 0x3d, 0x00, 0xa0, 0xd4, 0x3d, 0x00, 0xa0, 0xd4, 0x3d,
  0x00, 0xa0, 0xd4, 0x3d, 0x00, 0xa0, 0xd4, 0x3d, 0x00, 0xa0, 0xd4, 0x3d,
  0x00, 0xa0, 0xd4, 0x3d, 0x00, 0xa0, 0xd4, 0x3d, 0x00, 0xa0, 0xd4, 0x3d,
  0x00, 0xa0, 0xd4, 0x3d, 0x00, 0xa0, 0xd4, 0x3d, 0x00, 0xa0, 0xd4, 0x3d,
  0x00, 0xa0, 0xd4, 0x3d, 0xff, 0xff, 0x45, 0x3d, 0x01, 0xc0, 0x33, 0xbd,
  0x00, 0x70, 0x8c, 0xbd, 0x01, 0x60, 0x77, 0xbd, 0x00, 0x50, 0x81, 0xbd,
  0xff, 0xbf, 0x7e, 0xbd, 0x00, 0x10, 0x80, 0xbd, 0xff, 0xbf, 0x7f, 0xbd,
  0xff, 0xbf, 0x7f, 0xbd, 0xff, 0xbf, 0x7f, 0xbd, 0xff, 0xbf, 0x7f, 0xbd,
  0xff, 0xbf, 0x7f, 0xbd, 0xff, 0xbf, 0x7f, 0xbd, 0xff, 0xbf, 0x7f, 0xbd,
  0xff, 0xbf, 0x7f, 0xbd, 0xff, 0xbf, 0x7f, 0xbd, 0xff, 0xbf, 0x7f, 0xbd,
  0xff, 0xbf, 0x7f, 0xbd, 0x01, 0xd0, 0xc6, 0xbd, 0x00, 0x68, 0x1e, 0xbe,
  0x01, 0x30, 0x2e, 0xbe, 0x01, 0xe0, 0x28, 0xbe, 0x02, 0xa0, 0x2a, 0xbe,
  0x00, 0x20, 0x2a, 0xbe, 0x02, 0x40, 0x2a, 0xbe, 0x02, 0x40, 0x2a, 0xbe,
  0x02, 0x40, 0x2a, 0xbe, 0x02, 0x40, 0x2a, 0xbe, 0x02, 0x40, 0x2a, 0xbe,
  0x02, 0x40, 0x2a, 0xbe, 0x02, 0x40, 0x2a, 0xbe, 0x02, 0x40, 0x2a, 0xbe,
  0x02, 0x40, 0x2a, 0xbe, 0x02, 0x40, 0x2a, 0xbe, 0x02, 0x40, 0x2a, 0xbe,
  0x02, 0x40, 0x2a, 0xbe, 0x02, 0x40, 0x2a, 0xbe, 0x01, 0x90, 0x46, 0xbe,
  0xfe, 0xbf, 0x75, 0xbe, 0x00, 0x28, 0x81, 0xbe, 0xfd, 0x1f, 0x7e, 0xbe,
  0x01, 0xa0, 0x7f, 0xbe, 0xff, 0x1f, 0x7f, 0xbe, 0x01, 0x40, 0x7f, 0xbe,
  0x01, 0x40, 0x7f, 0xbe, 0x01, 0x40, 0x7f, 0xbe, 0x01, 0x40, 0x7f, 0xbe,
  0x01, 0x40, 0x7f, 0xbe, 0x01, 0x40, 0x7f, 0xbe, 0x01, 0x40, 0x7f, 0xbe,
  0x01, 0x40, 0x7f, 0xbe, 0x01, 0x40, 0x7f, 0xbe, 0x01, 0x40, 0x7f, 0xbe,
  0x01, 0x40, 0x7f, 0xbe, 0x01, 0x40, 0x7f, 0xbe, 0x01, 0x40, 0x7f, 0xbe,
  0xff, 0xb3, 0x86, 0xbe, 0xfe, 0x87, 0x92, 0xbe, 0x01, 0xac, 0x95, 0xbe,
  0x00, 0xa0, 0x94, 0xbe, 0x02, 0xf0, 0x94, 0xbe, 0x00, 0xd0, 0x94, 0xbe,
  0x01, 0xe0, 0x94, 0xbe, 0x01, 0xe0, 0x94, 0xbe, 0x01, 0xe0, 0x94, 0xbe,
  0x01, 0xe0, 0x94, 0xbe, 0x01, 0xe0, 0x94, 0xbe, 0x01, 0xe0, 0x94, 0xbe,
  0x01, 0xe0, 0x94, 0xbe, 0x01, 0xe0, 0x94, 0xbe, 0x01, 0xe0, 0x94, 0xbe,
  0x01, 0xe0, 0x94, 0xbe, 0x01, 0xe0, 0x94, 0xbe, 0x01, 0xe0, 0x94, 0xbe,
  0x01, 0xe0, 0x94, 0xbe, 0x01, 0xe0, 0x94, 0xbe, 0x01, 0xe0, 0x94, 0xbe,
  0x01, 0xe0, 0x94, 0xbe, 0x01, 0xe0, 0x94, 0xbe, 0x01, 0xe0, 0x94, 0xbe,
  0x01, 0xe0, 0x94, 0xbe, 0x01, 0xe0, 0x94, 0xbe, 0x01, 0xe0, 0x94, 0xbe,
  0x01, 0xe0, 0x94, 0xbe, 0x01, 0xe0, 0x94, 0xbe, 0x01, 0xe0, 0x94, 0xbe,
  0x01, 0xe0, 0x94, 0xbe, 0x01, 0xe0, 0x94, 0xbe, 0x01, 0xe0, 0x94, 0xbe,
  0x01, 0xe0, 0x94, 0xbe, 0x01, 0xe0, 0x94, 0xbe, 0x01, 0xe0, 0x94, 0xbe,
  0x01, 0xe0, 0x94, 0xbe, 0x01, 0x40, 0x7f, 0xbe, 0xfe, 0x67, 0x38, 0xbe,
  0x03, 0x70, 0x25, 0xbe, 0x01, 0xb8, 0x2b, 0xbe, 0xff, 0x9f, 0x29, 0xbe,
  0xfe, 0x5f, 0x2a, 0xbe, 0x00, 0x20, 0x2a, 0xbe, 0x02, 0x40, 0x2a, 0xbe,
  0x02, 0x40, 0x2a, 0xbe, 0x02, 0x40, 0x2a, 0xbe, 0x02, 0x40, 0x2a, 0xbe,
  0x02, 0x40, 0x2a, 0xbe, 0x02, 0x40, 0x2a, 0xbe, 0x02, 0x40, 0x2a, 0xbe,
  0x02, 0x40, 0x2a, 0xbe, 0x02, 0x40, 0x2a, 0xbe, 0x02, 0x40, 0x2a, 0xbe,
  0x02, 0x40, 0x2a, 0xbe, 0x02, 0x40, 0x2a, 0xbe, 0xff, 0xdf, 0xe2, 0xbd,
  0x00, 0xc0, 0x97, 0xbc, 0x00, 0x00, 0xc9, 0x3b, 0x01, 0x00, 0x06, 0xbb,
  0x00, 0x00, 0x38, 0x3a, 0xfd, 0xff, 0x5f, 0xb9, 0xff, 0xff, 0xbf, 0x38,
  0x00, 0x00, 0x00, 0x00, 0x00, 0x00, 0x00, 0x00, 0x00, 0x00, 0x00, 0x00,
  0x00, 0x00, 0x00, 0x00, 0x00, 0x00, 0x00, 0x00, 0x00, 0x00, 0x00, 0x00,
  0x00, 0x00, 0x00, 0x00, 0x00, 0x00, 0x00, 0x00, 0x00, 0x00, 0x00, 0x00,
  0x00, 0x00, 0x00, 0x00, 0x00, 0x00, 0x00, 0x00, 0x00, 0x00, 0x00, 0x00,
  0x02, 0x80, 0xe2, 0x3c, 0x00, 0x00, 0x97, 0x3d, 0x01, 0x60, 0xb0, 0x3d,
  0x00, 0x00, 0xa8, 0x3d, 0x01, 0xb0, 0xaa, 0x3d, 0x00, 0xc0, 0xa9, 0x3d,
  0x00, 0x00, 0xaa, 0x3d, 0x00, 0x00, 0xaa, 0x3d, 0x00, 0x00, 0xaa, 0x3d,
  0x00, 0x00, 0xaa, 0x3d, 0x00, 0x00, 0xaa, 0x3d, 0x00, 0x00, 0xaa, 0x3d,
  0x00, 0x00, 0xaa, 0x3d, 0x00, 0x00, 0xaa, 0x3d, 0x00, 0x00, 0xaa, 0x3d,
  0x00, 0x00, 0xaa, 0x3d, 0x00, 0x00, 0xaa, 0x3d, 0x00, 0x00, 0xaa, 0x3d,
  0x00, 0x00, 0xaa, 0x3d, 0x05, 0xf0, 0xf0, 0x3d, 0x03, 0x78, 0x33, 0x3e,
  0xfe, 0x3f, 0x43, 0x3e, 0xfd, 0xef, 0x3d, 0x3e, 0xfe, 0xaf, 0x3f, 0x3e,
  0xfd, 0x2f, 0x3f, 0x3e, 0xff, 0x4f, 0x3f, 0x3e, 0xff, 0x4f, 0x3f, 0x3e,
  0xff, 0x4f, 0x3f, 0x3e, 0xff, 0x4f, 0x3f, 0x3e, 0xff, 0x4f, 0x3f, 0x3e,
  0xff, 0x4f, 0x3f, 0x3e, 0xff, 0x4f, 0x3f, 0x3e, 0xff, 0x4f, 0x3f, 0x3e,
  0xff, 0x4f, 0x3f, 0x3e, 0xff, 0x4f, 0x3f, 0x3e, 0xff, 0x4f, 0x3f, 0x3e,
  0xff, 0x4f, 0x3f, 0x3e, 0x02, 0x78, 0x4d, 0x3e, 0x01, 0x20, 0x65, 0x3e,
  0xff, 0x67, 0x6b, 0x3e, 0xfd, 0x4f, 0x69, 0x3e, 0x01, 0xf0, 0x69, 0x3e,
  0xfd, 0xaf, 0x69, 0x3e, 0xff, 0xcf, 0x69, 0x3e, 0xff, 0xcf, 0x69, 0x3e,
  0xff, 0xcf, 0x69, 0x3e, 0xff, 0xcf, 0x69, 0x3e, 0xff, 0xcf, 0x69, 0x3e,
  0xff, 0xcf, 0x69, 0x3e, 0xff, 0xcf, 0x69, 0x3e, 0xff, 0xcf, 0x69, 0x3e,
  0xff, 0xcf, 0x69, 0x3e, 0xff, 0xcf, 0x69, 0x3e, 0xff, 0xcf, 0x69, 0x3e,
  0xff, 0xcf, 0x69, 0x3e, 0xff, 0xcf, 0x69, 0x3e, 0xff, 0xcf, 0x69, 0x3e,
  0xff, 0xcf, 0x69, 0x3e, 0xff, 0xcf, 0x69, 0x3e, 0xff, 0xcf, 0x69, 0x3e,
  0xff, 0xcf, 0x69, 0x3e, 0xff, 0xcf, 0x69, 0x3e, 0xff, 0xcf, 0x69, 0x3e,
  0xff, 0xcf, 0x69, 0x3e, 0xff, 0xcf, 0x69, 0x3e, 0xff, 0xcf, 0x69, 0x3e,
  0xff, 0xcf, 0x69, 0x3e, 0xff, 0xcf, 0x69, 0x3e, 0xff, 0xcf, 0x69, 0x3e,
  0xff, 0xcf, 0x69, 0x3e, 0xff, 0xcf, 0x69, 0x3e, 0xff, 0xcf, 0x69, 0x3e,
  0xff, 0xcf, 0x69, 0x3e, 0xff, 0xcf, 0x69, 0x3e, 0xff, 0xcf, 0x69, 0x3e,
  0xfe, 0x7f, 0x54, 0x3e, 0xfe, 0x1f, 0x31, 0x3e, 0x00, 0xa8, 0x27, 0x3e,
  0x00, 0xd8, 0x2a, 0x3e, 0x01, 0xc0, 0x29, 0x3e, 0x00, 0x20, 0x2a, 0x3e,
  0xfe, 0xff, 0x29, 0x3e, 0xfe, 0xff, 0x29, 0x3e, 0xfe, 0xff, 0x29, 0x3e,
  0xfe, 0xff, 0x29, 0x3e, 0xfe, 0xff, 0x29, 0x3e, 0xfe, 0xff, 0x29, 0x3e,
  0xfe, 0xff, 0x29, 0x3e, 0xfe, 0xff, 0x29, 0x3e, 0xfe, 0xff, 0x29, 0x3e,
  0xfe, 0xff, 0x29, 0x3e, 0xfe, 0xff, 0x29, 0x3e, 0xfe, 0xff, 0x29, 0x3e,
  0xfe, 0xff, 0x29, 0x3e, 0xfd, 0xff, 0xfe, 0x3d, 0x00, 0xa0, 0x62, 0x3d,
  0x00, 0x40, 0x17, 0x3d, 0xff, 0x5f, 0x30, 0x3d, 0xff, 0xff, 0x27, 0x3d,
  0x01, 0x80, 0x2a, 0x3d, 0x01, 0x00, 0x2a, 0x3d, 0x01, 0x00, 0x2a, 0x3d,
  0x01, 0x00, 0x2a, 0x3d, 0x01, 0x00, 0x2a, 0x3d, 0x01, 0x00, 0x2a, 0x3d,
  0x01, 0x00, 0x2a, 0x3d, 0x01, 0x00, 0x2a, 0x3d, 0x01, 0x00, 0x2a, 0x3d,
  0x01, 0x00, 0x2a, 0x3d, 0x01, 0x00, 0x2a, 0x3d, 0x01, 0x00, 0x2a, 0x3d,
  0x01, 0x00, 0x2a, 0x3d, 0x01, 0x80, 0xa9, 0x3c, 0xfd, 0x7f, 0x64, 0xbc,
  0x00, 0x00, 0xbe, 0xbc, 0x02, 0x80, 0xa5, 0xbc, 0xff, 0x3f, 0xad, 0xbc,
  0x01, 0x80, 0xaa, 0xbc, 0xff, 0x3f, 0xab, 0xbc, 0xff, 0x3f, 0xab, 0xbc,
  0xff, 0x3f, 0xab, 0xbc, 0xff, 0x3f, 0xab, 0xbc, 0xff, 0x3f, 0xab, 0xbc,
  0xff, 0x3f, 0xab, 0xbc, 0xff, 0x3f, 0xab, 0xbc, 0xff, 0x3f, 0xab, 0xbc,
  0xff, 0x3f, 0xab, 0xbc, 0xff, 0x3f, 0xab, 0xbc, 0xff, 0x3f, 0xab, 0xbc,
  0xff, 0x3f, 0xab, 0xbc, 0xff, 0x3f, 0xab, 0xbc, 0x01, 0x80, 0x2a, 0xbd,
  0x00, 0x30, 0x9c, 0xbd, 0xff, 0x1f, 0xaf, 0xbd, 0x00, 0xc0, 0xa8, 0xbd,
  0x01, 0xf0, 0xaa, 0xbd, 0x00, 0x40, 0xaa, 0xbd, 0x00, 0x80, 0xaa, 0xbd,
  0x00, 0x40, 0xaa, 0xbd, 0x00, 0x80, 0xaa, 0xbd, 0x00, 0x80, 0xaa, 0xbd,
  0x00, 0x80, 0xaa, 0xbd, 0x00, 0x80, 0xaa, 0xbd, 0x00, 0x80, 0xaa, 0xbd,
  0x00, 0x80, 0xaa, 0xbd, 0x00, 0x80, 0xaa, 0xbd, 0x00, 0x80, 0xaa, 0xbd,
  0x00, 0x80, 0xaa, 0xbd, 0x00, 0x80, 0xaa, 0xbd, 0x00, 0x80, 0xaa, 0xbd,
  0x03, 0x20, 0xe3, 0xbd, 0xff, 0xbf, 0x20, 0xbe, 0x01, 0x50, 0x2d, 0xbe,
  0xfe, 0x1f, 0x29, 0xbe, 0x02, 0xa0, 0x2a, 0xbe, 0x00, 0x20, 0x2a, 0xbe,
  0x02, 0x40, 0x2a, 0xbe, 0x02, 0x40, 0x2a, 0xbe, 0x02, 0x40, 0x2a, 0xbe,
  0x02, 0x40, 0x2a, 0xbe, 0x02, 0x40, 0x2a, 0xbe, 0x02, 0x40, 0x2a, 0xbe,
  0x02, 0x40, 0x2a, 0xbe, 0x02, 0x40, 0x2a, 0xbe, 0x02, 0x40, 0x2a, 0xbe,
  0x02, 0x40, 0x2a, 0xbe, 0x02, 0x40, 0x2a, 0xbe, 0x02, 0x40, 0x2a, 0xbe,
  0x02, 0x40, 0x2a, 0xbe, 0x00, 0x40, 0x31, 0xbe, 0x02, 0x18, 0x3d, 0xbe,
  0x03, 0x48, 0x40, 0xbe, 0xfd, 0x2f, 0x3f, 0xbe, 0x03, 0x90, 0x3f, 0xbe,
  0x01, 0x70, 0x3f, 0xbe, 0x01, 0x70, 0x3f, 0xbe, 0x01, 0x70, 0x3f, 0xbe,
  0x01, 0x70, 0x3f, 0xbe, 0x01, 0x70, 0x3f, 0xbe, 0x01, 0x70, 0x3f, 0xbe,
  0x01, 0x70, 0x3f, 0xbe, 0x01, 0x70, 0x3f, 0xbe, 0x01, 0x70, 0x3f, 0xbe,
  0x01, 0x70, 0x3f, 0xbe, 0x01, 0x70, 0x3f, 0xbe, 0x01, 0x70, 0x3f, 0xbe,
  0x01, 0x70, 0x3f, 0xbe, 0x01, 0x90, 0x46, 0xbe, 0x03, 0x68, 0x52, 0xbe,
  0x02, 0x78, 0x55, 0xbe, 0xfe, 0x7f, 0x54, 0xbe, 0x02, 0xc0, 0x54, 0xbe,
  0x02, 0xc0, 0x54, 0xbe, 0x02, 0xc0, 0x54, 0xbe, 0x02, 0xc0, 0x54, 0xbe,
  0x02, 0xc0, 0x54, 0xbe, 0x02, 0xc0, 0x54, 0xbe, 0x02, 0xc0, 0x54, 0xbe,
  0x02, 0xc0, 0x54, 0xbe, 0x02, 0xc0, 0x54, 0xbe, 0x02, 0xc0, 0x54, 0xbe,
  0x02, 0xc0, 0x54, 0xbe, 0x02, 0xc0, 0x54, 0xbe, 0x02, 0xc0, 0x54, 0xbe,
  0x02, 0xc0, 0x54, 0xbe, 0x02, 0xc0, 0x54, 0xbe, 0xfd, 0x97, 0x4d, 0xbe,
  0x00, 0xc8, 0x41, 0xbe, 0x03, 0xb0, 0x3e, 0xbe, 0xfe, 0xaf, 0x3f, 0xbe,
  0x01, 0x70, 0x3f, 0xbe, 0x01, 0x70, 0x3f, 0xbe, 0x01, 0x70, 0x3f, 0xbe,
  0x01, 0x70, 0x3f, 0xbe, 0x01, 0x70, 0x3f, 0xbe, 0x01, 0x70, 0x3f, 0xbe,
  0x01, 0x70, 0x3f, 0xbe, 0x01, 0x70, 0x3f, 0xbe, 0x01, 0x70, 0x3f, 0xbe,
  0x01, 0x70, 0x3f, 0xbe, 0x01, 0x70, 0x3f, 0xbe, 0x01, 0x70, 0x3f, 0xbe,
  0x01, 0x70, 0x3f, 0xbe, 0x01, 0x70, 0x3f, 0xbe, 0x01, 0x70, 0x3f, 0xbe,
  0x01, 0x40, 0xff, 0xbd, 0x01, 0x80, 0xaa, 0xbc, 0x00, 0x00, 0xe4, 0x3b,
  0x01, 0x00, 0x14, 0xbb, 0x00, 0x00, 0x38, 0x3a, 0xfd, 0xff, 0x5f, 0xb9,
  0xff, 0xff, 0xbf, 0x38, 0x00, 0x00, 0x00, 0x00, 0x00, 0x00, 0x00, 0x00,
  0x00, 0x00, 0x00, 0x00, 0x00, 0x00, 0x00, 0x00, 0x00, 0x00, 0x00, 0x00,
  0x00, 0x00, 0x00, 0x00, 0x00, 0x00, 0x00, 0x00, 0x00, 0x00, 0x00, 0x00,
  0x00, 0x00, 0x00, 0x00, 0x00, 0x00, 0x00, 0x00, 0x00, 0x00, 0x00, 0x00,
  0x00, 0x00, 0x00, 0x00, 0x00, 0xe0, 0x0d, 0x3d, 0x00, 0xf0, 0xbc, 0x3d,
  0xfe, 0x7f, 0xdc, 0x3d, 0xfc, 0xdf, 0xd1, 0x3d, 0x01, 0x50, 0xd5, 0x3d,
  0x05, 0x20, 0xd4, 0x3d, 0x00, 0xa0, 0xd4, 0x3d, 0x00, 0xa0, 0xd4, 0x3d,
  0x00, 0xa0, 0xd4, 0x3d, 0x00, 0xa0, 0xd4, 0x3d, 0x00, 0xa0, 0xd4, 0x3d,
  0x00, 0xa0, 0xd4, 0x3d, 0x00, 0xa0, 0xd4, 0x3d, 0x00, 0xa0, 0xd4, 0x3d,
  0x00, 0xa0, 0xd4, 0x3d, 0x00, 0xa0, 0xd4, 0x3d, 0x00, 0xa0, 0xd4, 0x3d,
  0x00, 0xa0, 0xd4, 0x3d, 0x00, 0xa0, 0xd4, 0x3d, 0x00, 0xa0, 0xd4, 0x3d,
  0x00, 0xa0, 0xd4, 0x3d, 0x00, 0xa0, 0xd4, 0x3d, 0x00, 0xa0, 0xd4, 0x3d,
  0x00, 0xa0, 0xd4, 0x3d, 0x00, 0xa0, 0xd4, 0x3d, 0x00, 0xa0, 0xd4, 0x3d,
  0x00, 0xa0, 0xd4, 0x3d, 0x00, 0xa0, 0xd4, 0x3d, 0x00, 0xa0, 0xd4, 0x3d,
  0x00, 0xa0, 0xd4, 0x3d, 0x00, 0xa0, 0xd4, 0x3d, 0x00, 0xa0, 0xd4, 0x3d,
  0x00, 0xa0, 0xd4, 0x3d, 0x00, 0xa0, 0xd4, 0x3d, 0x00, 0xa0, 0xd4, 0x3d,
  0x00, 0xa0, 0xd4, 0x3d, 0x00, 0xa0, 0xd4, 0x3d, 0x00, 0x00, 0xaa, 0x3d,
  0xff, 0x7f, 0x46, 0x3d, 0x01, 0xa0, 0x20, 0x3d, 0x00, 0xe0, 0x2c, 0x3d,
  0x01, 0x00, 0x29, 0x3d, 0x01, 0x80, 0x2a, 0x3d, 0x01, 0x00, 0x2a, 0x3d,
  0x01, 0x00, 0x2a, 0x3d, 0x01, 0x00, 0x2a, 0x3d, 0x01, 0x00, 0x2a, 0x3d,
  0x01, 0x00, 0x2a, 0x3d, 0x01, 0x00, 0x2a, 0x3d, 0x01, 0x00, 0x2a, 0x3d,
  0x01, 0x00, 0x2a, 0x3d, 0x01, 0x00, 0x2a, 0x3d, 0x01, 0x00, 0x2a, 0x3d,
  0x01, 0x00, 0x2a, 0x3d, 0x01, 0x00, 0x2a, 0x3d, 0x01, 0x00, 0x2a, 0x3d,
  0xfd, 0x7f, 0x62, 0x3c, 0xff, 0xff, 0x04, 0xbd, 0x00, 0x40, 0x37, 0xbd,
  0xff, 0x7f, 0x26, 0xbd, 0x00, 0xe0, 0x2b, 0xbd, 0x01, 0x80, 0x2a, 0xbd,
  0x00, 0xe0, 0x2a, 0xbd, 0x01, 0x80, 0x2a, 0xbd, 0x00, 0xe0, 0x2a, 0xbd,
  0x01, 0x80, 0x2a, 0xbd, 0x01, 0x80, 0x2a, 0xbd, 0x01, 0x80, 0x2a, 0xbd,
  0x01, 0x80, 0x2a, 0xbd, 0x01, 0x80, 0x2a, 0xbd, 0x01, 0x80, 0x2a, 0xbd,
  0x01, 0x80, 0x2a, 0xbd, 0x01, 0x80, 0x2a, 0xbd, 0x01, 0x80, 0x2a, 0xbd,
  0x01, 0x80, 0x2a, 0xbd, 0x00, 0x80, 0xb8, 0xbd, 0x00, 0xf0, 0x2e, 0xbe,
  0x00, 0xf8, 0x44, 0xbe, 0xfd, 0x97, 0x3d, 0xbe, 0xff, 0x07, 0x40, 0xbe,
  0xff, 0x4f, 0x3f, 0xbe, 0x03, 0x90, 0x3f, 0xbe, 0x01, 0x70, 0x3f, 0xbe,
  0x01, 0x70, 0x3f, 0xbe, 0x01, 0x70, 0x3f, 0xbe, 0x01, 0x70, 0x3f, 0xbe,
  0x01, 0x70, 0x3f, 0xbe, 0x01, 0x70, 0x3f, 0xbe, 0x01, 0x70, 0x3f, 0xbe,
  0x01, 0x70, 0x3f, 0xbe, 0x01, 0x70, 0x3f, 0xbe, 0x01, 0x70, 0x3f, 0xbe,
  0x01, 0x70, 0x3f, 0xbe, 0x00, 0x9c, 0xcd, 0xbe, 0x00, 0x5e, 0x42, 0xbf,
  0x00, 0xca, 0x5a, 0xbf, 0x00, 0xaa, 0x52, 0xbf, 0x00, 0x5e, 0x55, 0xbf,
  0x00, 0x72, 0x54, 0xbf, 0x00, 0xc2, 0x54, 0xbf, 0x00, 0xaa, 0x54, 0xbf,
  0x01, 0xb2, 0x54, 0xbf, 0x01, 0xb2, 0x54, 0xbf, 0x01, 0xb2, 0x54, 0xbf,
  0x01, 0xb2, 0x54, 0xbf, 0x01, 0xb2, 0x54, 0xbf, 0x01, 0xb2, 0x54, 0xbf,
  0x01, 0xb2, 0x54, 0xbf, 0x01, 0xb2, 0x54, 0xbf, 0x01, 0xb2, 0x54, 0xbf,
  0x01, 0xb2, 0x54, 0xbf, 0x01, 0xb2, 0x54, 0xbf, 0x03, 0x18, 0x78, 0xbe,
  0x00, 0xcc, 0x38, 0x3f, 0xff, 0x3d, 0x7a, 0x3f, 0xff, 0x6b, 0x64, 0x3f,
  0xff, 0xb3, 0x6b, 0x3f, 0xff, 0x43, 0x69, 0x3f, 0x00, 0x14, 0x6a, 0x3f,
  0x01, 0xce, 0x69, 0x3f, 0x00, 0xe6, 0x69, 0x3f, 0x00, 0xde, 0x69, 0x3f,
  0x00, 0xde, 0x69, 0x3f, 0x00, 0xde, 0x69, 0x3f, 0x00, 0xde, 0x69, 0x3f,
  0x00, 0xde, 0x69, 0x3f, 0x00, 0xde, 0x69, 0x3f, 0x00, 0xde, 0x69, 0x3f,
  0x00, 0xde, 0x69, 0x3f, 0x00, 0xde, 0x69, 0x3f, 0x00, 0xde, 0x69, 0x3f,
  0xff, 0x7b, 0x5f, 0x3f, 0x00, 0x24, 0x4e, 0x3f, 0x00, 0x80, 0x49, 0x3f,
  0xff, 0x09, 0x4b, 0x3f, 0x00, 0x86, 0x4a, 0x3f, 0x00, 0xb4, 0x4a, 0x3f,
  0x01, 0xa6, 0x4a, 0x3f, 0x00, 0xae, 0x4a, 0x3f, 0x00, 0xae, 0x4a, 0x3f,
  0x00, 0xae, 0x4a, 0x3f, 0x00, 0xae, 0x4a, 0x3f, 0x00, 0xae, 0x4a, 0x3f,
  0x00, 0xae, 0x4a, 0x3f, 0x00, 0xae, 0x4a, 0x3f, 0x00, 0xae, 0x4a, 0x3f,
  0x00, 0xae, 0x4a, 0x3f, 0x00, 0xae, 0x4a, 0x3f, 0x00, 0xae, 0x4a, 0x3f,
  0x01, 0xd4, 0x3c, 0x3f, 0x00, 0xbc, 0x25, 0x3f, 0x00, 0x90, 0x1f, 0x3f,
  0x00, 0x9c, 0x21, 0x3f, 0x00, 0xf2, 0x20, 0x3f, 0x00, 0x28, 0x21, 0x3f,
  0x00, 0x1a, 0x21, 0x3f, 0xff, 0x1f, 0x21, 0x3f, 0x00, 0x1a, 0x21, 0x3f,
  0x00, 0x1a, 0x21, 0x3f, 0x00, 0x1a, 0x21, 0x3f, 0x00, 0x1a, 0x21, 0x3f,
  0x00, 0x1a, 0x21, 0x3f, 0x00, 0x1a, 0x21, 0x3f, 0x00, 0x1a, 0x21, 0x3f,
  0x00, 0x1a, 0x21, 0x3f, 0x00, 0x1a, 0x21, 0x3f, 0x00, 0x1a, 0x21, 0x3f,
  0x00, 0x1a, 0x21, 0x3f, 0x00, 0x40, 0x13, 0x3f, 0x01, 0x40, 0xf8, 0x3e,
  0x01, 0xf8, 0xeb, 0x3e, 0x01, 0x10, 0xf0, 0x3e, 0xff, 0xaf, 0xee, 0x3e,
  0x02, 0x28, 0xef, 0x3e, 0x01, 0xfc, 0xee, 0x3e, 0xff, 0x0b, 0xef, 0x3e,
  0xff, 0x0b, 0xef, 0x3e, 0xff, 0x0b, 0xef, 0x3e, 0xff, 0x0b, 0xef, 0x3e,
  0xff, 0x0b, 0xef, 0x3e, 0xff, 0x0b, 0xef, 0x3e, 0xff, 0x0b, 0xef, 0x3e,
  0xff, 0x0b, 0xef, 0x3e, 0xff, 0x0b, 0xef, 0x3e, 0xff, 0x0b, 0xef, 0x3e,
  0xff, 0x0b, 0xef, 0x3e, 0xff, 0x0b, 0xef, 0x3e, 0xff, 0xb3, 0xdd, 0x3e,
  0x01, 0xdc, 0xc0, 0x3e, 0x00, 0x28, 0xb9, 0x3e, 0x00, 0xbc, 0xbb, 0x3e,
  0x00, 0xd8, 0xba, 0x3e, 0xff, 0x23, 0xbb, 0x3e, 0x01, 0x14, 0xbb, 0x3e,
  0x01, 0x14, 0xbb, 0x3e, 0x01, 0x14, 0xbb, 0x3e, 0x01, 0x14, 0xbb, 0x3e,
  0x01, 0x14, 0xbb, 0x3e, 0x01, 0x14, 0xbb, 0x3e, 0x01, 0x14, 0xbb, 0x3e,
  0x01, 0x14, 0xbb, 0x3e, 0x01, 0x14, 0xbb, 0x3e, 0x01, 0x14, 0xbb, 0x3e,
  0x01, 0x14, 0xbb, 0x3e, 0x01, 0x14, 0xbb, 0x3e, 0x01, 0x14, 0xbb, 0x3e,
  0x00, 0x08, 0x8e, 0x3e, 0xff, 0xe7, 0x05, 0x3e, 0x00, 0xd0, 0xbb, 0x3d,
  0x03, 0x50, 0xd6, 0x3d, 0x03, 0x70, 0xcd, 0x3d, 0x06, 0x90, 0xd0, 0x3d,
  0x03, 0x90, 0xcf, 0x3d, 0xfa, 0xcf, 0xcf, 0x3d, 0xfa, 0xcf, 0xcf, 0x3d,
  0xfa, 0xcf, 0xcf, 0x3d, 0xfa, 0xcf, 0xcf, 0x3d, 0xfa, 0xcf, 0xcf, 0x3d,
  0xfa, 0xcf, 0xcf, 0x3d, 0xfa, 0xcf, 0xcf, 0x3d, 0xfa, 0xcf, 0xcf, 0x3d,
  0xfa, 0xcf, 0xcf, 0x3d, 0xfa, 0xcf, 0xcf, 0x3d, 0xfa, 0xcf, 0xcf, 0x3d,
  0x00, 0xa0, 0x41, 0x3d, 0xff, 0xbf, 0x2f, 0xbd, 0x00, 0x40, 0x89, 0xbd,
  0x01, 0xc0, 0x71, 0xbd, 0x00, 0xe0, 0x7c, 0xbd, 0x01, 0x00, 0x79, 0xbd,
  0x00, 0x60, 0x7a, 0xbd, 0x01, 0x00, 0x7a, 0xbd, 0x01, 0x00, 0x7a, 0xbd,
  0x01, 0x00, 0x7a, 0xbd, 0x01, 0x00, 0x7a, 0xbd, 0x01, 0x00, 0x7a, 0xbd,
  0x01, 0x00, 0x7a, 0xbd, 0x01, 0x00, 0x7a, 0xbd, 0x01, 0x00, 0x7a, 0xbd,
  0x01, 0x00, 0x7a, 0xbd, 0x01, 0x00, 0x7a, 0xbd, 0x01, 0x00, 0x7a, 0xbd,
  0x01, 0x00, 0x7a, 0xbd, 0x00, 0x50, 0xc2, 0xbd, 0x00, 0xd8, 0x1a, 0xbe,
  0x01, 0x48, 0x2a, 0xbe, 0x02, 0x18, 0x25, 0xbe, 0xff, 0xc7, 0x26, 0xbe,
  0xfe, 0x47, 0x26, 0xbe, 0x00, 0x68, 0x26, 0xbe, 0x00, 0x68, 0x26, 0xbe,
  0x00, 0x68, 0x26, 0xbe, 0x00, 0x68, 0x26, 0xbe, 0x00, 0x68, 0x26, 0xbe,
  0x00, 0x68, 0x26, 0xbe, 0x00, 0x68, 0x26, 0xbe, 0x00, 0x68, 0x26, 0xbe,
  0x00, 0x68, 0x26, 0xbe, 0x00, 0x68, 0x26, 0xbe, 0x00, 0x68, 0x26, 0xbe,
  0x00, 0x68, 0x26, 0xbe, 0x00, 0x68, 0x26, 0xbe, 0x00, 0xa0, 0x26, 0xbd,
  0x01, 0x30, 0x26, 0x3e, 0xfe, 0x8f, 0x5d, 0x3e, 0x02, 0x28, 0x4b, 0x3e,
  0xff, 0x47, 0x51, 0x3e, 0x01, 0x40, 0x4f, 0x3e, 0x01, 0xf8, 0x4f, 0x3e,
  0xfd, 0xb7, 0x4f, 0x3e, 0xfd, 0xb7, 0x4f, 0x3e, 0xfd, 0xb7, 0x4f, 0x3e,
  0xfd, 0xb7, 0x4f, 0x3e, 0xfd, 0xb7, 0x4f, 0x3e, 0xfd, 0xb7, 0x4f, 0x3e,
  0xfd, 0xb7, 0x4f, 0x3e, 0xfd, 0xb7, 0x4f, 0x3e, 0xfd, 0xb7, 0x4f, 0x3e,
  0xfd, 0xb7, 0x4f, 0x3e, 0xfd, 0xb7, 0x4f, 0x3e, 0xfd, 0xb7, 0x4f, 0x3e,
  0xff, 0x63, 0x98, 0x3e, 0xff, 0x43, 0xe9, 0x3e, 0x01, 0xd0, 0xfe, 0x3e,
  0xff, 0x97, 0xf7, 0x3e, 0xfe, 0xff, 0xf9, 0x3e, 0x01, 0x38, 0xf9, 0x3e,
  0xff, 0x73, 0xf9, 0x3e, 0x01, 0x68, 0xf9, 0x3e, 0x01, 0x68, 0xf9, 0x3e,
  0x01, 0x68, 0xf9, 0x3e, 0x01, 0x68, 0xf9, 0x3e, 0x01, 0x68, 0xf9, 0x3e,
  0x01, 0x68, 0xf9, 0x3e, 0x01, 0x68, 0xf9, 0x3e, 0x01, 0x68, 0xf9, 0x3e,
  0x01, 0x68, 0xf9, 0x3e, 0x01, 0x68, 0xf9, 0x3e, 0x01, 0x68, 0xf9, 0x3e,
  0x01, 0xe4, 0x1b, 0x3f, 0x01, 0xda, 0x4f, 0x3f, 0xff, 0xb3, 0x5d, 0x3f,
  0x00, 0x1a, 0x59, 0x3f, 0x00, 0xa2, 0x5a, 0x3f, 0x00, 0x20, 0x5a, 0x3f,
  0x00, 0x4e, 0x5a, 0x3f, 0xff, 0x3d, 0x5a, 0x3f, 0xff, 0x3d, 0x5a, 0x3f,
  0xff, 0x3d, 0x5a, 0x3f, 0xff, 0x3d, 0x5a, 0x3f, 0xff, 0x3d, 0x5a, 0x3f,
  0xff, 0x3d, 0x5a, 0x3f, 0xff, 0x3d, 0x5a, 0x3f, 0xff, 0x3d, 0x5a, 0x3f,
  0xff, 0x3d, 0x5a, 0x3f, 0xff, 0x3d, 0x5a, 0x3f, 0xff, 0x3d, 0x5a, 0x3f,
  0xff, 0x3d, 0x5a, 0x3f, 0xff, 0x5f, 0x66, 0x3f, 0x00, 0x9c, 0x7a, 0x3f,
  0x00, 0xfe, 0x7f, 0x3f, 0x00, 0x30, 0x7e, 0x3f, 0x00, 0xca, 0x7e, 0x3f,
  0x00, 0x9c, 0x7e, 0x3f, 0x00, 0xac, 0x7e, 0x3f, 0xff, 0xa3, 0x7e, 0x3f,
  0xff, 0xa3, 0x7e, 0x3f, 0xff, 0xa3, 0x7e, 0x3f, 0xff, 0xa3, 0x7e, 0x3f,
  0xff, 0xa3, 0x7e, 0x3f, 0xff, 0xa3, 0x7e, 0x3f, 0xff, 0xa3, 0x7e, 0x3f,
  0xff, 0xa3, 0x7e, 0x3f, 0xff, 0xa3, 0x7e, 0x3f, 0xff, 0xa3, 0x7e, 0x3f,
  0xff, 0xa3, 0x7e, 0x3f, 0xff, 0xa3, 0x7e, 0x3f, 0x00, 0x54, 0x6d, 0x3f,
  0xff, 0x75, 0x50, 0x3f, 0x00, 0xc0, 0x48, 0x3f, 0x01, 0x50, 0x4b, 0x3f,
  0x01, 0x78, 0x4a, 0x3f, 0x01, 0xbc, 0x4a, 0x3f, 0x01, 0xa6, 0x4a, 0x3f,
  0x00, 0xae, 0x4a, 0x3f, 0x00, 0xae, 0x4a, 0x3f, 0x00, 0xae, 0x4a, 0x3f,
  0x00, 0xae, 0x4a, 0x3f, 0x00, 0xae, 0x4a, 0x3f, 0x00, 0xae, 0x4a, 0x3f,
  0x00, 0xae, 0x4a, 0x3f, 0x00, 0xae, 0x4a, 0x3f, 0x00, 0xae, 0x4a, 0x3f,
  0x00, 0xae, 0x4a, 0x3f, 0x00, 0xae, 0x4a, 0x3f, 0x00, 0xae, 0x4a, 0x3f,
  0x01, 0x06, 0x28, 0x3f, 0xff, 0x8f, 0xdc, 0x3e, 0x00, 0xc8, 0xbd, 0x3e,
  0xff, 0x03, 0xc8, 0x3e, 0x01, 0x98, 0xc4, 0x3e, 0x02, 0xbc, 0xc5, 0x3e,
  0xfe, 0x5f, 0xc5, 0x3e, 0x00, 0x80, 0xc5, 0x3e, 0xff, 0x6f, 0xc5, 0x3e,
  0x00, 0x80, 0xc5, 0x3e, 0x00, 0x80, 0xc5, 0x3e, 0x00, 0x80, 0xc5, 0x3e,
  0x00, 0x80, 0xc5, 0x3e, 0x00, 0x80, 0xc5, 0x3e, 0x00, 0x80, 0xc5, 0x3e,
  0x00, 0x80, 0xc5, 0x3e, 0x00, 0x80, 0xc5, 0x3e, 0x00, 0x80, 0xc5, 0x3e,
  0x02, 0x78, 0x91, 0x3e, 0xfb, 0x7f, 0xeb, 0x3d, 0x00, 0x10, 0x8f, 0x3d,
  0x00, 0xe0, 0xad, 0x3d, 0xff, 0x7f, 0xa3, 0x3d, 0xff, 0x1f, 0xa7, 0x3d,
  0x00, 0xf0, 0xa5, 0x3d, 0x00, 0x60, 0xa6, 0x3d, 0x00, 0x30, 0xa6, 0x3d,
  0x00, 0x30, 0xa6, 0x3d, 0x00, 0x30, 0xa6, 0x3d, 0x00, 0x30, 0xa6, 0x3d,
  0x00, 0x30, 0xa6, 0x3d, 0x00, 0x30, 0xa6, 0x3d, 0x00, 0x30, 0xa6, 0x3d,
  0x00, 0x30, 0xa6, 0x3d, 0x00, 0x30, 0xa6, 0x3d, 0x00, 0x30, 0xa6, 0x3d,
  0x00, 0x30, 0xa6, 0x3d, 0xfd, 0x9f, 0x03, 0x3e, 0x01, 0x68, 0x54, 0x3e,
  0x00, 0xf8, 0x69, 0x3e, 0xfd, 0xbf, 0x62, 0x3e, 0x00, 0x28, 0x65, 0x3e,
  0xfe, 0x4f, 0x64, 0x3e, 0x02, 0x90, 0x64, 0x3e, 0x02, 0x90, 0x64, 0x3e,
  0x02, 0x90, 0x64, 0x3e, 0x02, 0x90, 0x64, 0x3e, 0x02, 0x90, 0x64, 0x3e,
  0x02, 0x90, 0x64, 0x3e, 0x02, 0x90, 0x64, 0x3e, 0x02, 0x90, 0x64, 0x3e,
  0x02, 0x90, 0x64, 0x3e, 0x02, 0x90, 0x64, 0x3e, 0x02, 0x90, 0x64, 0x3e,
  0x02, 0x90, 0x64, 0x3e, 0x02, 0x90, 0x64, 0x3e, 0x02, 0x90, 0x64, 0x3e,
  0x02, 0x90, 0x64, 0x3e, 0x02, 0x90, 0x64, 0x3e, 0x02, 0x90, 0x64, 0x3e,
  0x02, 0x90, 0x64, 0x3e, 0x02, 0x90, 0x64, 0x3e, 0x02, 0x90, 0x64, 0x3e,
  0x02, 0x90, 0x64, 0x3e, 0x02, 0x90, 0x64, 0x3e, 0x02, 0x90, 0x64, 0x3e,
  0x02, 0x90, 0x64, 0x3e, 0x02, 0x90, 0x64, 0x3e, 0x02, 0x90, 0x64, 0x3e,
  0x02, 0x90, 0x64, 0x3e, 0x02, 0x90, 0x64, 0x3e, 0x02, 0x90, 0x64, 0x3e,
  0x02, 0x90, 0x64, 0x3e, 0x02, 0x90, 0x64, 0x3e, 0x02, 0x90, 0x64, 0x3e,
  0xfd, 0xb7, 0x4f, 0x3e, 0x00, 0x28, 0x2d, 0x3e, 0x01, 0xe0, 0x23, 0x3e,
  0x03, 0x08, 0x27, 0x3e, 0xfd, 0xef, 0x25, 0x3e, 0xfe, 0x47, 0x26, 0x3e,
  0x01, 0x30, 0x26, 0x3e, 0x01, 0x30, 0x26, 0x3e, 0x01, 0x30, 0x26, 0x3e,
  0x01, 0x30, 0x26, 0x3e, 0x01, 0x30, 0x26, 0x3e, 0x01, 0x30, 0x26, 0x3e,
  0x01, 0x30, 0x26, 0x3e, 0x01, 0x30, 0x26, 0x3e, 0x01, 0x30, 0x26, 0x3e,
  0x01, 0x30, 0x26, 0x3e, 0x01, 0x30, 0x26, 0x3e, 0x01, 0x30, 0x26, 0x3e,
  0x00, 0x40, 0xf9, 0x3d, 0x00, 0x80, 0x5d, 0x3d, 0xff, 0xdf, 0x13, 0x3d,
  0x00, 0x60, 0x2c, 0x3d, 0x01, 0x40, 0x24, 0x3d, 0x00, 0xa0, 0x26, 0x3d,
  0x00, 0x20, 0x26, 0x3d, 0x00, 0x20, 0x26, 0x3d, 0x00, 0x20, 0x26, 0x3d,
  0x00, 0x20, 0x26, 0x3d, 0x00, 0x20, 0x26, 0x3d, 0x00, 0x20, 0x26, 0x3d,
  0x00, 0x20, 0x26, 0x3d, 0x00, 0x20, 0x26, 0x3d, 0x00, 0x20, 0x26, 0x3d,
  0x00, 0x20, 0x26, 0x3d, 0x00, 0x20, 0x26, 0x3d, 0x00, 0x20, 0x26, 0x3d,
  0x00, 0x20, 0x26, 0x3d, 0x02, 0x80, 0xa5, 0x3c, 0x03, 0x80, 0x5f, 0xbc,
  0x00, 0xc0, 0xb9, 0xbc, 0xfe, 0xbf, 0xa1, 0xbc, 0x01, 0x80, 0xa9, 0xbc,
  0x02, 0x80, 0xa6, 0xbc, 0x01, 0x80, 0xa7, 0xbc, 0x01, 0x80, 0xa7, 0xbc,
  0x01, 0x80, 0xa7, 0xbc, 0x01, 0x80, 0xa7, 0xbc, 0x01, 0x80, 0xa7, 0xbc,
  0x01, 0x80, 0xa7, 0xbc, 0x01, 0x80, 0xa7, 0xbc, 0x01, 0x80, 0xa7, 0xbc,
  0x01, 0x80, 0xa7, 0xbc, 0x01, 0x80, 0xa7, 0xbc, 0x01, 0x80, 0xa7, 0xbc,
  0x01, 0x80, 0xa7, 0xbc, 0x01, 0x80, 0xa7, 0xbc, 0x00, 0xa0, 0x26, 0xbd,
  0x00, 0xb0, 0x98, 0xbd, 0x00, 0x30, 0xab, 0xbd, 0x00, 0xf0, 0xa4, 0xbd,
  0xff, 0x1f, 0xa7, 0xbd, 0x00, 0x60, 0xa6, 0xbd, 0x00, 0xa0, 0xa6, 0xbd,
  0x00, 0x60, 0xa6, 0xbd, 0x00, 0xa0, 0xa6, 0xbd, 0x00, 0xa0, 0xa6, 0xbd,
  0x00, 0xa0, 0xa6, 0xbd, 0x00, 0xa0, 0xa6, 0xbd, 0x00, 0xa0, 0xa6, 0xbd,
  0x00, 0xa0, 0xa6, 0xbd, 0x00, 0xa0, 0xa6, 0xbd, 0x00, 0xa0, 0xa6, 0xbd,
  0x00, 0xa0, 0xa6, 0xbd, 0x00, 0xa0, 0xa6, 0xbd, 0x00, 0xa0, 0xa6, 0xbd,
  0x06, 0x10, 0xde, 0xbd, 0x00, 0x28, 0x1d, 0xbe, 0xff, 0x6f, 0x29, 0xbe,
  0x00, 0x58, 0x25, 0xbe, 0xff, 0xc7, 0x26, 0xbe, 0xfe, 0x47, 0x26, 0xbe,
  0x00, 0x68, 0x26, 0xbe, 0x00, 0x68, 0x26, 0xbe, 0x00, 0x68, 0x26, 0xbe,
  0x00, 0x68, 0x26, 0xbe, 0x00, 0x68, 0x26, 0xbe, 0x00, 0x68, 0x26, 0xbe,
  0x00, 0x68, 0x26, 0xbe, 0x00, 0x68, 0x26, 0xbe, 0x00, 0x68, 0x26, 0xbe,
  0x00, 0x68, 0x26, 0xbe, 0x00, 0x68, 0x26, 0xbe, 0x00, 0x68, 0x26, 0xbe,
  0x02, 0x48, 0x2d, 0xbe, 0x02, 0xd8, 0x38, 0xbe, 0xfe, 0xf7, 0x3b, 0xbe,
  0xff, 0xdf, 0x3a, 0xbe, 0xfe, 0x3f, 0x3b, 0xbe, 0x03, 0x20, 0x3b, 0xbe,
  0x03, 0x20, 0x3b, 0xbe, 0x03, 0x20, 0x3b, 0xbe, 0x03, 0x20, 0x3b, 0xbe,
  0x03, 0x20, 0x3b, 0xbe, 0x03, 0x20, 0x3b, 0xbe, 0x03, 0x20, 0x3b, 0xbe,
  0x03, 0x20, 0x3b, 0xbe, 0x03, 0x20, 0x3b, 0xbe, 0x03, 0x20, 0x3b, 0xbe,
  0x03, 0x20, 0x3b, 0xbe, 0x03, 0x20, 0x3b, 0xbe, 0x03, 0x20, 0x3b, 0xbe,
  0x03, 0x20, 0x3b, 0xbe, 0x00, 0x20, 0x42, 0xbe, 0x00, 0xb0, 0x4d, 0xbe,
  0x01, 0xb0, 0x50, 0xbe, 0xfd, 0xb7, 0x4f, 0xbe, 0x01, 0xf8, 0x4f, 0xbe,
  0x01, 0xf8, 0x4f, 0xbe, 0x01, 0xf8, 0x4f, 0xbe, 0x01, 0xf8, 0x4f, 0xbe,
  0x01, 0xf8, 0x4f, 0xbe, 0x01, 0xf8, 0x4f, 0xbe, 0x01, 0xf8, 0x4f, 0xbe,
  0x01, 0xf8, 0x4f, 0xbe, 0x01, 0xf8, 0x4f, 0xbe, 0x01, 0xf8, 0x4f, 0xbe,
  0x01, 0xf8, 0x4f, 0xbe, 0x01, 0xf8, 0x4f, 0xbe, 0x01, 0xf8, 0x4f, 0xbe,
  0x01, 0xf8, 0x4f, 0xbe, 0x01, 0xf8, 0x4f, 0xbe, 0xfd, 0xf7, 0x48, 0xbe,
  0xfd, 0x67, 0x3d, 0xbe, 0x03, 0x68, 0x3a, 0xbe, 0x00, 0x60, 0x3b, 0xbe,
  0x03, 0x20, 0x3b, 0xbe, 0x03, 0x20, 0x3b, 0xbe, 0x03, 0x20, 0x3b, 0xbe,
  0x03, 0x20, 0x3b, 0xbe, 0x03, 0x20, 0x3b, 0xbe, 0x03, 0x20, 0x3b, 0xbe,
  0x03, 0x20, 0x3b, 0xbe, 0x03, 0x20, 0x3b, 0xbe, 0x03, 0x20, 0x3b, 0xbe,
  0x03, 0x20, 0x3b, 0xbe, 0x03, 0x20, 0x3b, 0xbe, 0x03, 0x20, 0x3b, 0xbe,
  0x03, 0x20, 0x3b, 0xbe, 0x03, 0x20, 0x3b, 0xbe, 0x03, 0x20, 0x3b, 0xbe,
  0x04, 0x80, 0xf9, 0xbd, 0x02, 0x80, 0xa6, 0xbc, 0x00, 0x00, 0xdf, 0x3b,
  0xff, 0xff, 0x11, 0xbb, 0x00, 0x00, 0x38, 0x3a, 0xfd, 0xff, 0x5f, 0xb9,
  0xff, 0xff, 0xbf, 0x38, 0x00, 0x00, 0x00, 0x00, 0x00, 0x00, 0x00, 0x00,
  0x00, 0x00, 0x00, 0x00, 0x00, 0x00, 0x00, 0x00, 0x00, 0x00, 0x00, 0x00,
  0x00, 0x00, 0x00, 0x00, 0x00, 0x00, 0x00, 0x00, 0x00, 0x00, 0x00, 0x00,
  0x00, 0x00, 0x00, 0x00, 0x00, 0x00, 0x00, 0x00, 0x00, 0x00, 0x00, 0x00,
  0xff, 0x9f, 0x0a, 0x3d, 0x00, 0xb0, 0xb8, 0x3d, 0xfc, 0x8f, 0xd7, 0x3d,
  0xff, 0x2f, 0xcd, 0x3d, 0x06, 0x90, 0xd0, 0x3d, 0xfd, 0x5f, 0xcf, 0x3d,
  0xfa, 0xcf, 0xcf, 0x3d, 0xfa, 0xcf, 0xcf, 0x3d, 0xfa, 0xcf, 0xcf, 0x3d,
  0xfa, 0xcf, 0xcf, 0x3d, 0xfa, 0xcf, 0xcf, 0x3d, 0xfa, 0xcf, 0xcf, 0x3d,
  0xfa, 0xcf, 0xcf, 0x3d, 0xfa, 0xcf, 0xcf, 0x3d, 0xfa, 0xcf, 0xcf, 0x3d,
  0xfa, 0xcf, 0xcf, 0x3d, 0xfa, 0xcf, 0xcf, 0x3d, 0xfa, 0xcf, 0xcf, 0x3d,
  0xfa, 0xcf, 0xcf, 0x3d, 0xfa, 0xcf, 0xcf, 0x3d, 0xfa, 0xcf, 0xcf, 0x3d,
  0xfa, 0xcf, 0xcf, 0x3d, 0xfa, 0xcf, 0xcf, 0x3d, 0xfa, 0xcf, 0xcf, 0x3d,
  0xfa, 0xcf, 0xcf, 0x3d, 0xfa, 0xcf, 0xcf, 0x3d, 0xfa, 0xcf, 0xcf, 0x3d,
  0xfa, 0xcf, 0xcf, 0x3d, 0xfa, 0xcf, 0xcf, 0x3d, 0xfa, 0xcf, 0xcf, 0x3d,
  0xfa, 0xcf, 0xcf, 0x3d, 0xfa, 0xcf, 0xcf, 0x3d, 0xfa, 0xcf, 0xcf, 0x3d,
  0xfa, 0xcf, 0xcf, 0x3d, 0xfa, 0xcf, 0xcf, 0x3d, 0xfa, 0xcf, 0xcf, 0x3d,
  0xfa, 0xcf, 0xcf, 0x3d, 0xfa, 0xcf, 0xcf, 0x3d, 0x00, 0x30, 0xa6, 0x3d,
  0x00, 0x20, 0x42, 0x3d, 0x01, 0x00, 0x1d, 0x3d, 0x01, 0x00, 0x29, 0x3d,
  0x00, 0x20, 0x25, 0x3d, 0x00, 0xa0, 0x26, 0x3d, 0x00, 0x20, 0x26, 0x3d,
  0x00, 0x20, 0x26, 0x3d, 0x00, 0x20, 0x26, 0x3d, 0x00, 0x20, 0x26, 0x3d,
  0x00, 0x20, 0x26, 0x3d, 0x00, 0x20, 0x26, 0x3d, 0x00, 0x20, 0x26, 0x3d,
  0x00, 0x20, 0x26, 0x3d, 0x00, 0x20, 0x26, 0x3d, 0x00, 0x20, 0x26, 0x3d,
  0x00, 0x20, 0x26, 0x3d, 0x00, 0x20, 0x26, 0x3d, 0x00, 0x20, 0x26, 0x3d,
  0x03, 0x80, 0x5d, 0x3c, 0x00, 0x00, 0x02, 0xbd, 0x00, 0x20, 0x33, 0xbd,
  0x01, 0xc0, 0x22, 0xbd, 0xff, 0xff, 0x27, 0xbd, 0x00, 0xa0, 0x26, 0xbd,
  0xff, 0x1f, 0x27, 0xbd, 0x00, 0xa0, 0x26, 0xbd, 0xff, 0x1f, 0x27, 0xbd,
  0x00, 0xa0, 0x26, 0xbd, 0x00, 0xa0, 0x26, 0xbd, 0x00, 0xa0, 0x26, 0xbd,
  0x00, 0xa0, 0x26, 0xbd, 0x00, 0xa0, 0x26, 0xbd, 0x00, 0xa0, 0x26, 0xbd,
  0x00, 0xa0, 0x26, 0xbd, 0x00, 0xa0, 0x26, 0xbd, 0x00, 0xa0, 0x26, 0xbd,
  0x00, 0x60, 0xb4, 0xbd, 0x01, 0x00, 0x2b, 0xbe, 0xff, 0x8f, 0x40, 0xbe,
  0xfd, 0x4f, 0x39, 0xbe, 0x01, 0xb8, 0x3b, 0xbe, 0x01, 0x00, 0x3b, 0xbe,
  0xfe, 0x3f, 0x3b, 0xbe, 0x03, 0x20, 0x3b, 0xbe, 0x03, 0x20, 0x3b, 0xbe,
  0x03, 0x20, 0x3b, 0xbe, 0x03, 0x20, 0x3b, 0xbe, 0x03, 0x20, 0x3b, 0xbe,
  0x03, 0x20, 0x3b, 0xbe, 0x03, 0x20, 0x3b, 0xbe, 0x03, 0x20, 0x3b, 0xbe,
  0x03, 0x20, 0x3b, 0xbe, 0x03, 0x20, 0x3b, 0xbe, 0x03, 0x20, 0x3b, 0xbe,
  0x03, 0x20, 0x3b, 0xbe, 0x00, 0xfc, 0xc8, 0xbe, 0x00, 0x00, 0x3e, 0xbf,
  0x00, 0xe0, 0x55, 0xbf, 0xff, 0xed, 0x4d, 0xbf, 0x00, 0x94, 0x50, 0xbf,
  0x01, 0xac, 0x4f, 0xbf, 0xff, 0xf9, 0x4f, 0xbf, 0xff, 0xe1, 0x4f, 0xbf,
  0x00, 0xea, 0x4f, 0xbf, 0x00, 0xea, 0x4f, 0xbf, 0x00, 0xea, 0x4f, 0xbf,
  0x00, 0xea, 0x4f, 0xbf, 0x00, 0xea, 0x4f, 0xbf, 0x00, 0xea, 0x4f, 0xbf,
  0x00, 0xea, 0x4f, 0xbf, 0x00, 0xea, 0x4f, 0xbf, 0x00, 0xea, 0x4f, 0xbf,
  0x00, 0xea, 0x4f, 0xbf, 0x00, 0xea, 0x4f, 0xbf, 0xfe, 0x87, 0x72, 0xbe,
  0xff, 0x3f, 0x4c, 0x3d, 0xff, 0xff, 0x8a, 0x3d, 0x00, 0x60, 0x7d, 0x3d,
  0x00, 0xd0, 0x82, 0x3d, 0x00, 0x90, 0x81, 0x3d, 0xff, 0xef, 0x81, 0x3d,
  0xff, 0xef, 0x81, 0x3d, 0xff, 0xef, 0x81, 0x3d, 0xff, 0xef, 0x81, 0x3d,
  0xff, 0xef, 0x81, 0x3d, 0xff, 0xef, 0x81, 0x3d, 0x00, 0x20, 0x82, 0x3d,
  0x00, 0x20, 0x82, 0x3d, 0x00, 0x20, 0x82, 0x3d, 0x00, 0x20, 0x82, 0x3d,
  0x00, 0x20, 0x82, 0x3d, 0x00, 0x20, 0x82, 0x3d, 0x00, 0x80, 0xc0, 0x3d,
  0x02, 0x38, 0x14, 0x3e, 0x00, 0x20, 0x22, 0x3e, 0x03, 0x70, 0x1d, 0x3e,
  0x02, 0x10, 0x1f, 0x3e, 0x03, 0x80, 0x1e, 0x3e, 0x03, 0xb0, 0x1e, 0x3e,
  0xff, 0x97, 0x1e, 0x3e, 0xff, 0x97, 0x1e, 0x3e, 0xff, 0x97, 0x1e, 0x3e,
  0xff, 0x97, 0x1e, 0x3e, 0xff, 0x97, 0x1e, 0x3e, 0xff, 0x97, 0x1e, 0x3e,
  0xff, 0x97, 0x1e, 0x3e, 0xff, 0x97, 0x1e, 0x3e, 0xff, 0x97, 0x1e, 0x3e,
  0xff, 0x97, 0x1e, 0x3e, 0xff, 0x97, 0x1e, 0x3e, 0xff, 0x97, 0x1e, 0x3e,
  0x03, 0xc8, 0x3d, 0x3e, 0xfe, 0xd7, 0x71, 0x3e, 0x00, 0xa8, 0x7f, 0x3e,
  0xfe, 0x0f, 0x7b, 0x3e, 0x01, 0x98, 0x7c, 0x3e, 0x01, 0x10, 0x7c, 0x3e,
  0x02, 0x38, 0x7c, 0x3e, 0xfd, 0x27, 0x7c, 0x3e, 0xfd, 0x27, 0x7c, 0x3e,
  0xfd, 0x27, 0x7c, 0x3e, 0xfd, 0x27, 0x7c, 0x3e, 0xfd, 0x27, 0x7c, 0x3e,
  0xfd, 0x27, 0x7c, 0x3e, 0x01, 0x10, 0x7c, 0x3e, 0x01, 0x10, 0x7c, 0x3e,
  0x01, 0x10, 0x7c, 0x3e, 0x01, 0x10, 0x7c, 0x3e, 0x01, 0x10, 0x7c, 0x3e,
  0xfe, 0xf7, 0x7b, 0x3e, 0x00, 0xc4, 0x92, 0x3e, 0x00, 0x6c, 0xb5, 0x3e,
  0x01, 0xa4, 0xbe, 0x3e, 0xff, 0x93, 0xbb, 0x3e, 0xff, 0x8f, 0xbc, 0x3e,
  0xff, 0x33, 0xbc, 0x3e, 0x00, 0x58, 0xbc, 0x3e, 0xff, 0x4b, 0xbc, 0x3e,
  0xff, 0x4b, 0xbc, 0x3e, 0x01, 0x40, 0xbc, 0x3e, 0x01, 0x40, 0xbc, 0x3e,
  0x01, 0x40, 0xbc, 0x3e, 0xff, 0x33, 0xbc, 0x3e, 0xff, 0x33, 0xbc, 0x3e,
  0xff, 0x33, 0xbc, 0x3e, 0x01, 0x28, 0xbc, 0x3e, 0x01, 0x28, 0xbc, 0x3e,
  0x01, 0x28, 0xbc, 0x3e, 0xff, 0x1f, 0xbc, 0x3e, 0x01, 0x50, 0xc1, 0x3e,
  0x01, 0xf0, 0xc9, 0x3e, 0x01, 0x40, 0xcc, 0x3e, 0xff, 0x7b, 0xcb, 0x3e,
  0x01, 0xb4, 0xcb, 0x3e, 0x01, 0xa0, 0xcb, 0x3e, 0x01, 0xa0, 0xcb, 0x3e,
  0xff, 0x93, 0xcb, 0x3e, 0xff, 0x93, 0xcb, 0x3e, 0xff, 0x93, 0xcb, 0x3e,
  0x01, 0x88, 0xcb, 0x3e, 0x01, 0x88, 0xcb, 0x3e, 0xff, 0x7b, 0xcb, 0x3e,
  0xff, 0x7b, 0xcb, 0x3e, 0x01, 0x70, 0xcb, 0x3e, 0x01, 0x70, 0xcb, 0x3e,
  0x01, 0x70, 0xcb, 0x3e, 0x00, 0x64, 0xcb, 0x3e, 0x02, 0x28, 0xd3, 0x3e,
  0x01, 0x24, 0xe0, 0x3e, 0x01, 0x9c, 0xe3, 0x3e, 0xff, 0x6f, 0xe2, 0x3e,
  0xfe, 0xcb, 0xe2, 0x3e, 0x02, 0xa0, 0xe2, 0x3e, 0x00, 0xac, 0xe2, 0x3e,
  0x02, 0xa0, 0xe2, 0x3e, 0x02, 0xa0, 0xe2, 0x3e, 0x00, 0x94, 0xe2, 0x3e,
  0x00, 0x94, 0xe2, 0x3e, 0xfe, 0x87, 0xe2, 0x3e, 0xfe, 0x87, 0xe2, 0x3e,
  0x00, 0x7c, 0xe2, 0x3e, 0x00, 0x7c, 0xe2, 0x3e, 0xff, 0x6f, 0xe2, 0x3e,
  0xff, 0x6f, 0xe2, 0x3e, 0x00, 0x64, 0xe2, 0x3e, 0x00, 0x64, 0xe2, 0x3e,
  0x00, 0xf8, 0xe4, 0x3e, 0x01, 0x50, 0xe9, 0x3e, 0x00, 0x7c, 0xea, 0x3e,
  0x00, 0x08, 0xea, 0x3e, 0xff, 0x2b, 0xea, 0x3e, 0xff, 0x13, 0xea, 0x3e,
  0xff, 0x13, 0xea, 0x3e, 0x00, 0x08, 0xea, 0x3e, 0x00, 0x08, 0xea, 0x3e,
  0xff, 0xfb, 0xe9, 0x3e, 0xff, 0xfb, 0xe9, 0x3e, 0x01, 0xf0, 0xe9, 0x3e,
  0x01, 0xf0, 0xe9, 0x3e, 0xff, 0xe3, 0xe9, 0x3e, 0xff, 0xe3, 0xe9, 0x3e,
  0x01, 0xd8, 0xe9, 0x3e, 0x01, 0xd8, 0xe9, 0x3e, 0xff, 0xcb, 0xe9, 0x3e,
  0x00, 0xc4, 0xe9, 0x3e, 0x01, 0x54, 0xec, 0x3e, 0x01, 0xac, 0xf0, 0x3e,
  0xff, 0xcb, 0xf1, 0x3e, 0x01, 0x64, 0xf1, 0x3e, 0x01, 0x7c, 0xf1, 0x3e,
  0x01, 0x64, 0xf1, 0x3e, 0x01, 0x64, 0xf1, 0x3e, 0x00, 0x58, 0xf1, 0x3e,
  0x00, 0x58, 0xf1, 0x3e, 0x01, 0x50, 0xf1, 0x3e, 0x01, 0x50, 0xf1, 0x3e,
  0xff, 0x43, 0xf1, 0x3e, 0xff, 0x43, 0xf1, 0x3e, 0x01, 0x38, 0xf1, 0x3e,
  0xff, 0x2b, 0xf1, 0x3e, 0xff, 0x2b, 0xf1, 0x3e, 0x01, 0x20, 0xf1, 0x3e,
  0x01, 0x20, 0xf1, 0x3e, 0x00, 0x14, 0xf1, 0x3e, 0x00, 0x14, 0x24, 0x3f,
  0x00, 0xa8, 0x6c, 0x3f, 0x00, 0xfe, 0x7f, 0x3f, 0xff, 0x87, 0x79, 0x3f,
  0x00, 0xa8, 0x7b, 0x3f, 0x00, 0xf0, 0x7a, 0x3f, 0x00, 0x2a, 0x7b, 0x3f,
  0x00, 0x12, 0x7b, 0x3f, 0x00, 0x12, 0x7b, 0x3f, 0x01, 0x0c, 0x7b, 0x3f,
  0x00, 0x06, 0x7b, 0x3f, 0x01, 0x00, 0x7b, 0x3f, 0x00, 0xfa, 0x7a, 0x3f,
  0x01, 0xf6, 0x7a, 0x3f, 0x01, 0xf6, 0x7a, 0x3f, 0x00, 0xf0, 0x7a, 0x3f,
  0x01, 0xea, 0x7a, 0x3f, 0x00, 0xe4, 0x7a, 0x3f, 0x00, 0xe8, 0x51, 0x3f,
  0x00, 0xa4, 0x0d, 0x3f, 0x01, 0xd0, 0xf6, 0x3e, 0x00, 0x76, 0x01, 0x3f,
  0x01, 0xd0, 0xfe, 0x3e, 0xff, 0x0f, 0x00, 0x3f, 0x01, 0xa0, 0xff, 0x3e,
  0xff, 0xc3, 0xff, 0x3e, 0xff, 0xab, 0xff, 0x3e, 0x01, 0xa0, 0xff, 0x3e,
  0xff, 0x93, 0xff, 0x3e, 0xff, 0x93, 0xff, 0x3e, 0x00, 0x8c, 0xff, 0x3e,
  0xff, 0x7f, 0xff, 0x3e, 0x01, 0x74, 0xff, 0x3e, 0xff, 0x67, 0xff, 0x3e,
  0xff, 0x67, 0xff, 0x3e, 0x01, 0x5c, 0xff, 0x3e, 0xff, 0x4f, 0xff, 0x3e,
  0x01, 0xb0, 0xfc, 0x3e, 0x02, 0x50, 0xf8, 0x3e, 0xff, 0x23, 0xf7, 0x3e,
  0xff, 0x7f, 0xf7, 0x3e, 0xff, 0x4f, 0xf7, 0x3e, 0xff, 0x4f, 0xf7, 0x3e,
  0x01, 0x44, 0xf7, 0x3e, 0xff, 0x37, 0xf7, 0x3e, 0xff, 0x37, 0xf7, 0x3e,
  0x00, 0x30, 0xf7, 0x3e, 0xff, 0x23, 0xf7, 0x3e, 0x01, 0x18, 0xf7, 0x3e,
  0x01, 0x18, 0xf7, 0x3e, 0xff, 0x0b, 0xf7, 0x3e, 0x01, 0x00, 0xf7, 0x3e,
  0x01, 0x00, 0xf7, 0x3e, 0xff, 0xf3, 0xf6, 0x3e, 0x01, 0xe8, 0xf6, 0x3e,
  0x01, 0xe8, 0xf6, 0x3e, 0x01, 0x6c, 0xec, 0x3e, 0x00, 0x08, 0xdb, 0x3e,
  0x01, 0x60, 0xd6, 0x3e, 0x00, 0xe8, 0xd7, 0x3e, 0x01, 0x5c, 0xd7, 0x3e,
  0xff, 0x7f, 0xd7, 0x3e, 0xff, 0x67, 0xd7, 0x3e, 0xff, 0x67, 0xd7, 0x3e,
  0x01, 0x5c, 0xd7, 0x3e, 0xff, 0x53, 0xd7, 0x3e, 0xff, 0x53, 0xd7, 0x3e,
  0x00, 0x48, 0xd7, 0x3e, 0xff, 0x3b, 0xd7, 0x3e, 0xff, 0x3b, 0xd7, 0x3e,
  0x00, 0x30, 0xd7, 0x3e, 0xff, 0x23, 0xd7, 0x3e, 0xff, 0x23, 0xd7, 0x3e,
  0x01, 0x18, 0xd7, 0x3e, 0x01, 0x18, 0xd7, 0x3e, 0xfe, 0xd7, 0xc4, 0x3e,
  0xff, 0x83, 0xa6, 0x3e, 0x01, 0x60, 0x9e, 0x3e, 0x01, 0x0c, 0xa1, 0x3e,
  0x01, 0x24, 0xa0, 0x3e, 0x01, 0x6c, 0xa0, 0x3e, 0xff, 0x47, 0xa0, 0x3e,
  0xff, 0x47, 0xa0, 0x3e, 0xff, 0x47, 0xa0, 0x3e, 0x01, 0x3c, 0xa0, 0x3e,
  0x01, 0x3c, 0xa0, 0x3e, 0x00, 0x30, 0xa0, 0x3e, 0x01, 0x24, 0xa0, 0x3e,
  0x01, 0x24, 0xa0, 0x3e, 0x00, 0x18, 0xa0, 0x3e, 0x00, 0x18, 0xa0, 0x3e,
  0x02, 0x0c, 0xa0, 0x3e, 0x02, 0x0c, 0xa0, 0x3e, 0x01, 0x98, 0x88, 0x3e,
  0x03, 0x20, 0x43, 0x3e, 0x03, 0x50, 0x2e, 0x3e, 0xff, 0x2f, 0x35, 0x3e,
  0x00, 0xd8, 0x32, 0x3e, 0x00, 0x90, 0x33, 0x3e, 0x02, 0x50, 0x33, 0x3e,
  0x02, 0x50, 0x33, 0x3e, 0xff, 0x37, 0x33, 0x3e, 0xff, 0x37, 0x33, 0x3e,
  0xff, 0x37, 0x33, 0x3e, 0x03, 0x20, 0x33, 0x3e, 0x03, 0x20, 0x33, 0x3e,
  0x00, 0x08, 0x33, 0x3e, 0x00, 0x08, 0x33, 0x3e, 0x00, 0x08, 0x33, 0x3e,
  0x03, 0xf0, 0x32, 0x3e, 0x03, 0xf0, 0x32, 0x3e, 0x03, 0xf0, 0x32, 0x3e,
  0x04, 0x70, 0xf3, 0x3d, 0x02, 0x00, 0xd3, 0x3c, 0x00, 0x00, 0x60, 0x3a,
  0x00, 0x00, 0x16, 0x3c, 0xff, 0xff, 0xcf, 0x3b, 0x00, 0x00, 0xed, 0x3b,
  0x00, 0x00, 0xe4, 0x3b, 0x01, 0x00, 0xe7, 0x3b, 0x00, 0x00, 0xe4, 0x3b,
  0x00, 0x00, 0xe4, 0x3b, 0x00, 0x00, 0xe4, 0x3b, 0x00, 0x00, 0xe1, 0x3b,
  0x00, 0x00, 0xe1, 0x3b, 0x00, 0x00, 0xe1, 0x3b, 0x00, 0x00, 0xe1, 0x3b,
  0xff, 0xff, 0xdd, 0x3b, 0xff, 0xff, 0xdd, 0x3b, 0xff, 0xff, 0xdd, 0x3b,
  0xff, 0xff, 0xdd, 0x3b, 0xff, 0x7f, 0x98, 0xbc, 0x00, 0xc0, 0x79, 0xbd,
  0x00, 0x30, 0x94, 0xbd, 0x00, 0x70, 0x8c, 0xbd, 0x00, 0xf0, 0x8e, 0xbd,
  0x00, 0x40, 0x8e, 0xbd, 0x00, 0x70, 0x8e, 0xbd, 0x00, 0x70, 0x8e, 0xbd,
  0x00, 0x70, 0x8e, 0xbd, 0x00, 0x70, 0x8e, 0xbd, 0x00, 0x70, 0x8e, 0xbd,
  0x01, 0x90, 0x8e, 0xbd, 0x01, 0x90, 0x8e, 0xbd, 0x01, 0x90, 0x8e, 0xbd,
  0x01, 0x90, 0x8e, 0xbd, 0x01, 0x90, 0x8e, 0xbd, 0x01, 0x90, 0x8e, 0xbd,
  0x01, 0x90, 0x8e, 0xbd, 0x01, 0x90, 0x8e, 0xbd, 0x01, 0xe0, 0x98, 0xbd,
  0x00, 0x40, 0xaa, 0xbd, 0x00, 0xf0, 0xae, 0xbd, 0xff, 0x4f, 0xad, 0xbd,
  0x00, 0xe0, 0xad, 0xbd, 0x00, 0xb0, 0xad, 0xbd, 0x00, 0xe0, 0xad, 0xbd,
  0x00, 0xb0, 0xad, 0xbd, 0x00, 0xb0, 0xad, 0xbd, 0x00, 0xb0, 0xad, 0xbd,
  0x00, 0xb0, 0xad, 0xbd, 0x00, 0xb0, 0xad, 0xbd, 0x00, 0xb0, 0xad, 0xbd,
  0x00, 0xb0, 0xad, 0xbd, 0x00, 0xb0, 0xad, 0xbd, 0x00, 0xb0, 0xad, 0xbd,
  0x00, 0xb0, 0xad, 0xbd, 0x00, 0xb0, 0xad, 0xbd, 0x01, 0x70, 0xc2, 0xbd,
  0x06, 0x30, 0xe5, 0xbd, 0xfa, 0x5f, 0xee, 0xbd, 0x02, 0x50, 0xeb, 0xbd,
  0xfa, 0x3f, 0xec, 0xbd, 0xfb, 0xdf, 0xeb, 0xbd, 0x01, 0x10, 0xec, 0xbd,
  0x01, 0x10, 0xec, 0xbd, 0x01, 0x10, 0xec, 0xbd, 0x01, 0x10, 0xec, 0xbd,
  0x01, 0x10, 0xec, 0xbd, 0x01, 0x10, 0xec, 0xbd, 0xfb, 0xdf, 0xeb, 0xbd,
  0xfb, 0xdf, 0xeb, 0xbd, 0xfb, 0xdf, 0xeb, 0xbd, 0xfb, 0xdf, 0xeb, 0xbd,
  0xfb, 0xdf, 0xeb, 0xbd, 0xfb, 0xdf, 0xeb, 0xbd, 0xfb, 0xdf, 0xeb, 0xbd,
  0xfb, 0x2f, 0xf6, 0xbd, 0xff, 0xbf, 0x03, 0xbe, 0x00, 0x08, 0x06, 0xbe,
  0x02, 0x48, 0x05, 0xbe, 0xfe, 0x8f, 0x05, 0xbe, 0x02, 0x78, 0x05, 0xbe,
  0x02, 0x78, 0x05, 0xbe, 0xfe, 0x5f, 0x05, 0xbe, 0xfe, 0x5f, 0x05, 0xbe,
  0xfe, 0x5f, 0x05, 0xbe, 0xfe, 0x5f, 0x05, 0xbe, 0xfe, 0x5f, 0x05, 0xbe,
  0xfe, 0x5f, 0x05, 0xbe, 0xfe, 0x5f, 0x05, 0xbe, 0xfe, 0x5f, 0x05, 0xbe,
  0xfe, 0x5f, 0x05, 0xbe, 0x02, 0x48, 0x05, 0xbe, 0x02, 0x48, 0x05, 0xbe,
  0x02, 0x48, 0x05, 0xbe, 0x01, 0x18, 0x1a, 0xbe, 0xfe, 0xaf, 0x3c, 0xbe,
  0xff, 0xe7, 0x45, 0xbe, 0x00, 0xd8, 0x42, 0xbe, 0x03, 0xd8, 0x43, 0xbe,
  0x03, 0x78, 0x43, 0xbe, 0x03, 0xa8, 0x43, 0xbe, 0x00, 0x90, 0x43, 0xbe,
  0x00, 0x90, 0x43, 0xbe, 0x00, 0x90, 0x43, 0xbe, 0x00, 0x90, 0x43, 0xbe,
  0x03, 0x78, 0x43, 0xbe, 0x03, 0x78, 0x43, 0xbe, 0x03, 0x78, 0x43, 0xbe,
  0x03, 0x78, 0x43, 0xbe, 0x03, 0x78, 0x43, 0xbe, 0x00, 0x60, 0x43, 0xbe,
  0x00, 0x60, 0x43, 0xbe, 0x00, 0x60, 0x43, 0xbe, 0x00, 0x08, 0x53, 0xbe,
  0xfd, 0x0f, 0x6d, 0xbe, 0xfd, 0xff, 0x73, 0xbe, 0xfe, 0xa7, 0x71, 0xbe,
  0xfe, 0x5f, 0x72, 0xbe, 0x00, 0x20, 0x72, 0xbe, 0xfe, 0x2f, 0x72, 0xbe,
  0x00, 0x20, 0x72, 0xbe, 0x00, 0x20, 0x72, 0xbe, 0x00, 0x20, 0x72, 0xbe,
  0x00, 0x20, 0x72, 0xbe, 0xfd, 0x07, 0x72, 0xbe, 0xfd, 0x07, 0x72, 0xbe,
  0xfd, 0x07, 0x72, 0xbe, 0xfd, 0x07, 0x72, 0xbe, 0x01, 0xf0, 0x71, 0xbe,
  0x01, 0xf0, 0x71, 0xbe, 0x01, 0xf0, 0x71, 0xbe, 0xff, 0xbb, 0x80, 0xbe,
  0x01, 0xc0, 0x8d, 0xbe, 0xff, 0x2f, 0x91, 0xbe, 0xff, 0x03, 0x90, 0xbe,
  0xff, 0x5f, 0x90, 0xbe, 0x01, 0x3c, 0x90, 0xbe, 0xff, 0x47, 0x90, 0xbe,
  0x01, 0x3c, 0x90, 0xbe, 0x01, 0x3c, 0x90, 0xbe, 0x01, 0x3c, 0x90, 0xbe,
  0x01, 0x3c, 0x90, 0xbe, 0x00, 0x30, 0x90, 0xbe, 0x00, 0x30, 0x90, 0xbe,
  0x00, 0x30, 0x90, 0xbe, 0x01, 0x24, 0x90, 0xbe, 0x01, 0x24, 0x90, 0xbe,
  0x01, 0x24, 0x90, 0xbe, 0xff, 0x1b, 0x90, 0xbe, 0xff, 0x1b, 0x90, 0xbe,
  0x01, 0x4c, 0x95, 0xbe, 0x01, 0xf0, 0x9d, 0xbe, 0x01, 0x3c, 0xa0, 0xbe,
  0x00, 0x78, 0x9f, 0xbe, 0xfe, 0xaf, 0x9f, 0xbe, 0x01, 0x9c, 0x9f, 0xbe,
  0x01, 0x9c, 0x9f, 0xbe, 0x01, 0x9c, 0x9f, 0xbe, 0x00, 0x90, 0x9f, 0xbe,
  0x00, 0x90, 0x9f, 0xbe, 0x00, 0x90, 0x9f, 0xbe, 0x02, 0x84, 0x9f, 0xbe,
  0x02, 0x84, 0x9f, 0xbe, 0x00, 0x78, 0x9f, 0xbe, 0x00, 0x78, 0x9f, 0xbe,
  0x00, 0x78, 0x9f, 0xbe, 0xfe, 0x6b, 0x9f, 0xbe, 0xfe, 0x6b, 0x9f, 0xbe,
  0xfe, 0x6b, 0x9f, 0xbe, 0x00, 0x98, 0xe5, 0xbe, 0x00, 0x4c, 0x2d, 0xbf,
  0x00, 0xe4, 0x3c, 0xbf, 0x00, 0xb2, 0x37, 0xbf, 0x01, 0x68, 0x39, 0xbf,
  0xff, 0xd1, 0x38, 0xbf, 0xff, 0xff, 0x38, 0xbf, 0x00, 0xf0, 0x38, 0xbf,
  0x00, 0xf0, 0x38, 0xbf, 0x01, 0xea, 0x38, 0xbf, 0x01, 0xea, 0x38, 0xbf,
  0x00, 0xe4, 0x38, 0xbf, 0x00, 0xe4, 0x38, 0xbf, 0x01, 0xde, 0x38, 0xbf,
  0x00, 0xd8, 0x38, 0xbf, 0x00, 0xd8, 0x38, 0xbf, 0xff, 0xd1, 0x38, 0xbf,
  0xff, 0xd1, 0x38, 0xbf, 0x00, 0xcc, 0x38, 0xbf, 0x00, 0xe4, 0x34, 0xbf,
  0x00, 0x5c, 0x2e, 0xbf, 0x00, 0x9e, 0x2c, 0xbf, 0x00, 0x30, 0x2d, 0xbf,
  0x00, 0xfc, 0x2c, 0xbf, 0x00, 0x08, 0x2d, 0xbf, 0x00, 0xfc, 0x2c, 0xbf,
  0x00, 0xfc, 0x2c, 0xbf, 0x01, 0xf6, 0x2c, 0xbf, 0x00, 0xf0, 0x2c, 0xbf,
  0x01, 0xea, 0x2c, 0xbf, 0x01, 0xea, 0x2c, 0xbf, 0x00, 0xe4, 0x2c, 0xbf,
  0x01, 0xde, 0x2c, 0xbf, 0x00, 0xd8, 0x2c, 0xbf, 0x00, 0xd8, 0x2c, 0xbf,
  0x01, 0xd4, 0x2c, 0xbf, 0x00, 0xce, 0x2c, 0xbf, 0x00, 0x2e, 0x2a, 0xbf,
  0xff, 0xd7, 0x25, 0xbf, 0x00, 0xaa, 0x24, 0xbf, 0x00, 0x08, 0x25, 0xbf,
  0x00, 0xe4, 0x24, 0xbf, 0x01, 0xea, 0x24, 0xbf, 0x01, 0xde, 0x24, 0xbf,
  0x01, 0xde, 0x24, 0xbf, 0x00, 0xda, 0x24, 0xbf, 0x01, 0xd4, 0x24, 0xbf,
  0x00, 0xce, 0x24, 0xbf, 0x00, 0xce, 0x24, 0xbf, 0x01, 0xc8, 0x24, 0xbf,
  0x00, 0xc2, 0x24, 0xbf, 0x01, 0xbc, 0x24, 0xbf, 0x00, 0xb6, 0x24, 0xbf,
  0x00, 0xb6, 0x24, 0xbf, 0xff, 0xaf, 0x24, 0xbf, 0x00, 0xaa, 0x24, 0xbf,
  0x01, 0x72, 0x1f, 0xbf, 0x00, 0xc0, 0x16, 0xbf, 0x00, 0x66, 0x14, 0xbf,
  0x00, 0x2a, 0x15, 0xbf, 0x00, 0xe6, 0x14, 0xbf, 0x01, 0xf6, 0x14, 0xbf,
  0x00, 0xec, 0x14, 0xbf, 0x00, 0xe6, 0x14, 0xbf, 0x01, 0xe0, 0x14, 0xbf,
  0x00, 0xda, 0x14, 0xbf, 0x00, 0xda, 0x14, 0xbf, 0x01, 0xd4, 0x14, 0xbf,
  0x00, 0xce, 0x14, 0xbf, 0x01, 0xc8, 0x14, 0xbf, 0x01, 0xc8, 0x14, 0xbf,
  0x00, 0xc2, 0x14, 0xbf, 0x01, 0xbc, 0x14, 0xbf, 0x00, 0xb8, 0x14, 0xbf,
  0x01, 0xb2, 0x14, 0xbf, 0x01, 0x96, 0x0b, 0xbf, 0x00, 0xd0, 0xf8, 0xbe,
  0x00, 0xb8, 0xf0, 0xbe, 0x00, 0x64, 0xf3, 0xbe, 0xff, 0x6f, 0xf2, 0xbe,
  0xff, 0xb3, 0xf2, 0xbe, 0x00, 0x94, 0xf2, 0xbe, 0x00, 0x94, 0xf2, 0xbe,
  0xfe, 0x87, 0xf2, 0xbe, 0x00, 0x7c, 0xf2, 0xbe, 0xff, 0x6f, 0xf2, 0xbe,
  0xff, 0x6f, 0xf2, 0xbe, 0x00, 0x64, 0xf2, 0xbe, 0xff, 0x57, 0xf2, 0xbe,
  0xff, 0x57, 0xf2, 0xbe, 0x01, 0x4c, 0xf2, 0xbe, 0xff, 0x3f, 0xf2, 0xbe,
  0xff, 0x3f, 0xf2, 0xbe, 0x01, 0x34, 0xf2, 0xbe, 0x00, 0x94, 0xe2, 0xbe,
  0x01, 0x80, 0xc8, 0xbe, 0xff, 0x8b, 0xc1, 0xbe, 0x01, 0xcc, 0xc3, 0xbe,
  0x00, 0x08, 0xc3, 0xbe, 0x01, 0x40, 0xc3, 0xbe, 0xff, 0x1f, 0xc3, 0xbe,
  0xff, 0x1f, 0xc3, 0xbe, 0x01, 0x14, 0xc3, 0xbe, 0x01, 0x14, 0xc3, 0xbe,
  0x00, 0x08, 0xc3, 0xbe, 0x01, 0xfc, 0xc2, 0xbe, 0x01, 0xfc, 0xc2, 0xbe,
  0x00, 0xf0, 0xc2, 0xbe, 0x00, 0xf0, 0xc2, 0xbe, 0x02, 0xe4, 0xc2, 0xbe,
  0x00, 0xd8, 0xc2, 0xbe, 0x00, 0xd8, 0xc2, 0xbe, 0x00, 0x9c, 0xbd, 0xbe,
  0x02, 0xf0, 0xb4, 0xbe, 0x00, 0x94, 0xb2, 0xbe, 0x01, 0x58, 0xb3, 0xbe,
  0x00, 0x08, 0xb3, 0xbe, 0xff, 0x1f, 0xb3, 0xbe, 0x01, 0x14, 0xb3, 0xbe,
  0x00, 0x08, 0xb3, 0xbe, 0x00, 0x08, 0xb3, 0xbe, 0x01, 0xfc, 0xb2, 0xbe,
  0x01, 0xfc, 0xb2, 0xbe, 0x00, 0xf0, 0xb2, 0xbe, 0x00, 0xf0, 0xb2, 0xbe,
  0x01, 0xe8, 0xb2, 0xbe, 0xff, 0xdb, 0xb2, 0xbe, 0xff, 0xdb, 0xb2, 0xbe,
  0x01, 0xd0, 0xb2, 0xbe, 0x01, 0xd0, 0xb2, 0xbe, 0x00, 0xc4, 0xb2, 0xbe,
  0xff, 0x27, 0x96, 0xbe, 0xfd, 0xdf, 0x4c, 0xbe, 0x00, 0x60, 0x33, 0xbe,
  0x01, 0xe0, 0x3b, 0xbe, 0x03, 0x00, 0x39, 0xbe, 0x02, 0xe8, 0x39, 0xbe,
  0x03, 0x88, 0x39, 0xbe, 0xff, 0x9f, 0x39, 0xbe, 0x03, 0x88, 0x39, 0xbe,
  0xff, 0x6f, 0x39, 0xbe, 0xff, 0x6f, 0x39, 0xbe, 0xff, 0x6f, 0x39, 0xbe,
  0x03, 0x58, 0x39, 0xbe, 0x03, 0x58, 0x39, 0xbe, 0x00, 0x40, 0x39, 0xbe,
  0x00, 0x40, 0x39, 0xbe, 0x00, 0x40, 0x39, 0xbe, 0x02, 0x30, 0x39, 0xbe,
  0x02, 0x30, 0x39, 0xbe, 0xff, 0x7f, 0x0f, 0xbe, 0x00, 0x60, 0x94, 0xbd,
  0x01, 0xa0, 0x5e, 0xbd, 0x00, 0x40, 0x77, 0xbd, 0x00, 0xe0, 0x6e, 0xbd,
  0x01, 0xc0, 0x71, 0xbd, 0x01, 0xc0, 0x70, 0xbd, 0x01, 0xc0, 0x70, 0xbd,
  0x01, 0xc0, 0x70, 0xbd, 0xff, 0x5f, 0x70, 0xbd, 0xff, 0x5f, 0x70, 0xbd,
  0xff, 0x5f, 0x70, 0xbd, 0xff, 0x5f, 0x70, 0xbd, 0x00, 0x00, 0x70, 0xbd,
  0x00, 0x00, 0x70, 0xbd, 0x00, 0x00, 0x70, 0xbd, 0x00, 0x00, 0x70, 0xbd,
  0x00, 0x00, 0x70, 0xbd, 0x01, 0xa0, 0x6f, 0xbd, 0x01, 0xc0, 0x92, 0xbc,
  0x01, 0x50, 0x3b, 0x3f, 0x00, 0xfe, 0x7f, 0x3f, 0xff, 0x1f, 0x69, 0x3f,
  0xff, 0xc5, 0x70, 0x3f, 0x01, 0x40, 0x6e, 0x3f, 0x00, 0x1e, 0x6f, 0x3f,
  0x00, 0xd8, 0x6e, 0x3f, 0x00, 0xf2, 0x6e, 0x3f, 0x01, 0xea, 0x6e, 0x3f,
  0x01, 0xea, 0x6e, 0x3f, 0x00, 0xf2, 0x6e, 0x3f, 0x00, 0xf2, 0x6e, 0x3f,
  0x00, 0xf2, 0x6e, 0x3f, 0x00, 0xf2, 0x6e, 0x3f, 0x00, 0xf2, 0x6e, 0x3f,
  0x00, 0xf2, 0x6e, 0x3f, 0x00, 0xf2, 0x6e, 0x3f, 0x00, 0xf8, 0x5f, 0x3f,
  0x01, 0x0c, 0x47, 0x3f, 0x01, 0x62, 0x40, 0x3f, 0x00, 0x96, 0x42, 0x3f,
  0xff, 0xd7, 0x41, 0x3f, 0x00, 0x18, 0x42, 0x3f, 0x00, 0xfe, 0x41, 0x3f,
  0xff, 0x03, 0x42, 0x3f, 0x00, 0xfe, 0x41, 0x3f, 0x00, 0xfe, 0x41, 0x3f,
  0x00, 0xfe, 0x41, 0x3f, 0x00, 0xf8, 0x41, 0x3f, 0x00, 0xf8, 0x41, 0x3f,
  0x00, 0xf8, 0x41, 0x3f, 0x00, 0xf2, 0x41, 0x3f, 0x00, 0xf2, 0x41, 0x3f,
  0x00, 0xec, 0x41, 0x3f, 0x00, 0xec, 0x41, 0x3f, 0x00, 0xe6, 0x41, 0x3f,
  0xff, 0x9f, 0x91, 0x3e, 0x00, 0xf2, 0x00, 0xbf, 0x01, 0xc8, 0x36, 0xbf,
  0x00, 0xd6, 0x24, 0xbf, 0x01, 0xd4, 0x2a, 0xbf, 0x00, 0xda, 0x28, 0xbf,
  0x00, 0x84, 0x29, 0xbf, 0x00, 0x4c, 0x29, 0xbf, 0x00, 0x64, 0x29, 0xbf,
  0x00, 0x5e, 0x29, 0xbf, 0x00, 0x5e, 0x29, 0xbf, 0x00, 0x5e, 0x29, 0xbf,
  0x00, 0x5e, 0x29, 0xbf, 0x00, 0x5e, 0x29, 0xbf, 0x00, 0x5e, 0x29, 0xbf,
  0x00, 0x5e, 0x29, 0xbf, 0x00, 0x5e, 0x29, 0xbf, 0x00, 0x5e, 0x29, 0xbf,
  0x00, 0x5e, 0x29, 0xbf, 0x00, 0xce, 0x20, 0xbf, 0xff, 0x8b, 0x12, 0xbf,
  0x01, 0xbc, 0x0e, 0xbf, 0x00, 0x00, 0x10, 0xbf, 0x01, 0x94, 0x0f, 0xbf,
  0xff, 0xb3, 0x0f, 0xbf, 0x00, 0xa6, 0x0f, 0xbf, 0x00, 0xa6, 0x0f, 0xbf,
  0x00, 0xa6, 0x0f, 0xbf, 0x01, 0xa0, 0x0f, 0xbf, 0x01, 0xa0, 0x0f, 0xbf,
  0x01, 0xa0, 0x0f, 0xbf, 0x00, 0x9a, 0x0f, 0xbf, 0x00, 0x9a, 0x0f, 0xbf,
  0x00, 0x9a, 0x0f, 0xbf, 0x01, 0x94, 0x0f, 0xbf, 0x01, 0x94, 0x0f, 0xbf,
  0x00, 0x8e, 0x0f, 0xbf, 0x00, 0x8e, 0x0f, 0xbf, 0x03, 0x98, 0x62, 0xbe,
  0x00, 0x44, 0xb0, 0x3e, 0x00, 0x80, 0xfd, 0x3e, 0x01, 0xcc, 0xe3, 0x3e,
  0x00, 0x5c, 0xec, 0x3e, 0xff, 0x8b, 0xe9, 0x3e, 0x00, 0x7c, 0xea, 0x3e,
  0x01, 0x30, 0xea, 0x3e, 0x01, 0x48, 0xea, 0x3e, 0x01, 0x48, 0xea, 0x3e,
  0x01, 0x48, 0xea, 0x3e, 0x01, 0x48, 0xea, 0x3e, 0x01, 0x48, 0xea, 0x3e,
  0x01, 0x48, 0xea, 0x3e, 0x01, 0x48, 0xea, 0x3e, 0x01, 0x48, 0xea, 0x3e,
  0x01, 0x48, 0xea, 0x3e, 0x01, 0x48, 0xea, 0x3e, 0x03, 0x20, 0x43, 0x3e,
  0x01, 0x48, 0x82, 0xbe, 0xfe, 0x0f, 0xbf, 0xbe, 0x01, 0xd4, 0xaa, 0xbe,
  0x01, 0x90, 0xb1, 0xbe, 0x00, 0x48, 0xaf, 0xbe, 0x00, 0x14, 0xb0, 0xbe,
  0x00, 0xd4, 0xaf, 0xbe, 0x01, 0xe0, 0xaf, 0xbe, 0x00, 0xd4, 0xaf, 0xbe,
  0x01, 0xe0, 0xaf, 0xbe, 0x00, 0xd4, 0xaf, 0xbe, 0x00, 0xd4, 0xaf, 0xbe,
  0x00, 0xd4, 0xaf, 0xbe, 0x00, 0xd4, 0xaf, 0xbe, 0x00, 0xd4, 0xaf, 0xbe,
  0x00, 0xd4, 0xaf, 0xbe, 0x00, 0xd4, 0xaf, 0xbe, 0x02, 0xc8, 0xaf, 0xbe,
  0xff, 0xe7, 0x1d, 0xbe, 0x02, 0xf0, 0x24, 0x3e, 0x02, 0xf8, 0x7a, 0x3e,
  0x02, 0x58, 0x5e, 0x3e, 0xff, 0xd7, 0x67, 0x3e, 0xfe, 0xaf, 0x64, 0x3e,
  0x03, 0xc8, 0x65, 0x3e, 0x02, 0x78, 0x65, 0x3e, 0xfe, 0x8f, 0x65, 0x3e,
  0xfe, 0x8f, 0x65, 0x3e, 0xfe, 0x8f, 0x65, 0x3e, 0xfe, 0x8f, 0x65, 0x3e,
  0xfe, 0x8f, 0x65, 0x3e, 0xfe, 0x8f, 0x65, 0x3e, 0xfe, 0x8f, 0x65, 0x3e,
  0xfe, 0x8f, 0x65, 0x3e, 0xfe, 0x8f, 0x65, 0x3e, 0xfe, 0x8f, 0x65, 0x3e,
  0xfe, 0x8f, 0x65, 0x3e, 0xfb, 0xff, 0xfd, 0x3d, 0xff, 0x5f, 0x2f, 0xbd,
  0x01, 0xf0, 0xb2, 0xbd, 0x01, 0x80, 0x94, 0xbd, 0x01, 0x90, 0x9e, 0xbd,
  0x00, 0x30, 0x9b, 0xbd, 0x00, 0x60, 0x9c, 0xbd, 0x01, 0x00, 0x9c, 0xbd,
  0x00, 0x30, 0x9c, 0xbd, 0x00, 0x30, 0x9c, 0xbd, 0x00, 0x30, 0x9c, 0xbd,
  0x00, 0x30, 0x9c, 0xbd, 0x00, 0x30, 0x9c, 0xbd, 0x00, 0x30, 0x9c, 0xbd,
  0x00, 0x30, 0x9c, 0xbd, 0x00, 0x30, 0x9c, 0xbd, 0x00, 0x30, 0x9c, 0xbd,
  0x00, 0x30, 0x9c, 0xbd, 0x00, 0x30, 0x9c, 0xbd, 0x01, 0x40, 0x02, 0xbd,
  0x00, 0x60, 0x2d, 0x3d, 0x01, 0xa0, 0x7e, 0x3d, 0x00, 0xa0, 0x63, 0x3d,
  0x00, 0x60, 0x6c, 0x3d, 0xff, 0x9f, 0x69, 0x3d, 0x00, 0x60, 0x6a, 0x3d,
  0x01, 0x00, 0x6a, 0x3d, 0x00, 0x60, 0x6a, 0x3d, 0x00, 0x60, 0x6a, 0x3d,
  0x00, 0x60, 0x6a, 0x3d, 0x00, 0x60, 0x6a, 0x3d, 0x00, 0x60, 0x6a, 0x3d,
  0x00, 0x60, 0x6a, 0x3d, 0x00, 0x60, 0x6a, 0x3d, 0x00, 0x60, 0x6a, 0x3d,
  0x00, 0x60, 0x6a, 0x3d, 0x00, 0x60, 0x6a, 0x3d, 0xfe, 0xbf, 0xc2, 0x3c,
  0x01, 0x40, 0x02, 0xbd, 0x00, 0xe0, 0x3e, 0xbd, 0xff, 0x9f, 0x2a, 0xbd,
  0xff, 0x5f, 0x31, 0xbd, 0x00, 0x00, 0x2f, 0xbd, 0xff, 0xbf, 0x2f, 0xbd,
  0xff, 0xbf, 0x2f, 0xbd, 0xff, 0xbf, 0x2f, 0xbd, 0xff, 0xbf, 0x2f, 0xbd,
  0xff, 0xbf, 0x2f, 0xbd, 0xff, 0xbf, 0x2f, 0xbd, 0xff, 0xbf, 0x2f, 0xbd,
  0xff, 0xbf, 0x2f, 0xbd, 0xff, 0xbf, 0x2f, 0xbd, 0xff, 0xbf, 0x2f, 0xbd,
  0xff, 0xbf, 0x2f, 0xbd, 0xff, 0xbf, 0x2f, 0xbd, 0xff, 0xbf, 0x2f, 0xbd,
  0x00, 0x60, 0x6a, 0x3d, 0x02, 0x78, 0x65, 0x3e, 0x00, 0x84, 0x89, 0x3e,
  0x01, 0xf0, 0x81, 0x3e, 0x00, 0x74, 0x84, 0x3e, 0x01, 0xa0, 0x83, 0x3e,
  0x00, 0xec, 0x83, 0x3e, 0x00, 0xd0, 0x83, 0x3e, 0x00, 0xd0, 0x83, 0x3e,
  0x00, 0xd0, 0x83, 0x3e, 0x00, 0xd0, 0x83, 0x3e, 0x00, 0xd0, 0x83, 0x3e,
  0x00, 0xd0, 0x83, 0x3e, 0xff, 0xc3, 0x83, 0x3e, 0xff, 0xc3, 0x83, 0x3e,
  0xff, 0xc3, 0x83, 0x3e, 0xff, 0xc3, 0x83, 0x3e, 0xff, 0xc3, 0x83, 0x3e,
  0xff, 0xc3, 0x83, 0x3e, 0xff, 0x73, 0x89, 0x3e, 0x00, 0xec, 0x92, 0x3e,
  0xff, 0x6f, 0x95, 0x3e, 0x01, 0x98, 0x94, 0x3e, 0xfe, 0xd7, 0x94, 0x3e,
  0xff, 0xbf, 0x94, 0x3e, 0x00, 0xcc, 0x94, 0x3e, 0xff, 0xbf, 0x94, 0x3e,
  0xff, 0xbf, 0x94, 0x3e, 0xff, 0xbf, 0x94, 0x3e, 0xff, 0xbf, 0x94, 0x3e,
  0xff, 0xbf, 0x94, 0x3e, 0x00, 0xb4, 0x94, 0x3e, 0x00, 0xb4, 0x94, 0x3e,
  0x00, 0xb4, 0x94, 0x3e, 0x00, 0xb4, 0x94, 0x3e, 0xff, 0xa3, 0x94, 0x3e,
  0xff, 0xa3, 0x94, 0x3e, 0xff, 0xa3, 0x94, 0x3e, 0x00, 0x28, 0x9d, 0x3e,
  0x00, 0x60, 0xab, 0x3e, 0x00, 0x30, 0xaf, 0x3e, 0xff, 0xe3, 0xad, 0x3e,
  0x01, 0x48, 0xae, 0x3e, 0x00, 0x24, 0xae, 0x3e, 0x01, 0x30, 0xae, 0x3e,
  0x00, 0x24, 0xae, 0x3e, 0x00, 0x24, 0xae, 0x3e, 0x00, 0x24, 0xae, 0x3e,
  0x01, 0x18, 0xae, 0x3e, 0x01, 0x18, 0xae, 0x3e, 0x01, 0x18, 0xae, 0x3e,
  0x00, 0x0c, 0xae, 0x3e, 0x00, 0x0c, 0xae, 0x3e, 0x00, 0x0c, 0xae, 0x3e,
  0xff, 0xfb, 0xad, 0x3e, 0xff, 0xfb, 0xad, 0x3e, 0x01, 0xdc, 0xb0, 0x3e,
  0x00, 0x9c, 0xb5, 0x3e, 0xff, 0xdb, 0xb6, 0x3e, 0x01, 0x74, 0xb6, 0x3e,
  0x01, 0x90, 0xb6, 0x3e, 0x00, 0x80, 0xb6, 0x3e, 0x00, 0x80, 0xb6, 0x3e,
  0x01, 0x74, 0xb6, 0x3e, 0x01, 0x74, 0xb6, 0x3e, 0x01, 0x74, 0xb6, 0x3e,
  0x00, 0x68, 0xb6, 0x3e, 0x00, 0x68, 0xb6, 0x3e, 0x02, 0x5c, 0xb6, 0x3e,
  0x02, 0x5c, 0xb6, 0x3e, 0x02, 0x5c, 0xb6, 0x3e, 0x00, 0x50, 0xb6, 0x3e,
  0x00, 0x50, 0xb6, 0x3e, 0x00, 0x50, 0xb6, 0x3e, 0xfe, 0x43, 0xb6, 0x3e,
  0x00, 0x14, 0xb9, 0x3e, 0x01, 0xd4, 0xbd, 0x3e, 0xfe, 0x0f, 0xbf, 0x3e,
  0x02, 0xa0, 0xbe, 0x3e, 0x00, 0xc4, 0xbe, 0x3e, 0x00, 0xac, 0xbe, 0x3e,
  0x00, 0xac, 0xbe, 0x3e, 0x00, 0xac, 0xbe, 0x3e, 0x02, 0xa0, 0xbe, 0x3e,
  0x02, 0xa0, 0xbe, 0x3e, 0x00, 0x94, 0xbe, 0x3e, 0x00, 0x94, 0xbe, 0x3e,
  0x00, 0x94, 0xbe, 0x3e, 0xfe, 0x87, 0xbe, 0x3e, 0xfe, 0x87, 0xbe, 0x3e,
  0x01, 0x78, 0xbe, 0x3e, 0x01, 0x78, 0xbe, 0x3e, 0x01, 0x78, 0xbe, 0x3e,
  0xff, 0x6b, 0xbe, 0x3e, 0xff, 0xe7, 0x0e, 0x3f, 0x00, 0x70, 0x5e, 0x3f,
  0xff, 0x9d, 0x73, 0x3f, 0x00, 0x8a, 0x6c, 0x3f, 0x01, 0xde, 0x6e, 0x3f,
  0x00, 0x14, 0x6e, 0x3f, 0x00, 0x52, 0x6e, 0x3f, 0x00, 0x3a, 0x6e, 0x3f,
  0x01, 0x40, 0x6e, 0x3f, 0x00, 0x3a, 0x6e, 0x3f, 0x01, 0x34, 0x6e, 0x3f,
  0x00, 0x2c, 0x6e, 0x3f, 0x00, 0x2c, 0x6e, 0x3f, 0xff, 0x25, 0x6e, 0x3f,
  0x00, 0x20, 0x6e, 0x3f, 0x00, 0x1a, 0x6e, 0x3f, 0x00, 0x1a, 0x6e, 0x3f,
  0x00, 0x14, 0x6e, 0x3f, 0x00, 0x0e, 0x6e, 0x3f, 0x01, 0x2e, 0x41, 0x3f,
  0x01, 0xc4, 0xec, 0x3e, 0x01, 0xdc, 0xc4, 0x3e, 0x00, 0x20, 0xd2, 0x3e,
  0xff, 0x9f, 0xcd, 0x3e, 0xfe, 0x0f, 0xcf, 0x3e, 0x01, 0x90, 0xce, 0x3e,
  0x00, 0xa8, 0xce, 0x3e, 0xff, 0x9b, 0xce, 0x3e, 0x01, 0x90, 0xce, 0x3e,
  0x01, 0x90, 0xce, 0x3e, 0xff, 0x83, 0xce, 0x3e, 0x01, 0x78, 0xce, 0x3e,
  0x01, 0x78, 0xce, 0x3e, 0xff, 0x6b, 0xce, 0x3e, 0x02, 0x5c, 0xce, 0x3e,
  0x02, 0x5c, 0xce, 0x3e, 0x00, 0x50, 0xce, 0x3e, 0x01, 0x74, 0xcb, 0x3e,
  0x01, 0xa4, 0xc6, 0x3e, 0xff, 0x5b, 0xc5, 0x3e, 0x01, 0xc0, 0xc5, 0x3e,
  0x00, 0x9c, 0xc5, 0x3e, 0x00, 0x9c, 0xc5, 0x3e, 0x01, 0x90, 0xc5, 0x3e,
  0x01, 0x90, 0xc5, 0x3e, 0x00, 0x80, 0xc5, 0x3e, 0x00, 0x80, 0xc5, 0x3e,
  0xff, 0x73, 0xc5, 0x3e, 0x01, 0x68, 0xc5, 0x3e, 0x01, 0x68, 0xc5, 0x3e,
  0xff, 0x5b, 0xc5, 0x3e, 0xff, 0x5b, 0xc5, 0x3e, 0x01, 0x50, 0xc5, 0x3e,
  0x01, 0x50, 0xc5, 0x3e, 0xff, 0x43, 0xc5, 0x3e, 0xff, 0x43, 0xc5, 0x3e,
  0x01, 0xd4, 0xb9, 0x3e, 0x00, 0xc4, 0xa6, 0x3e, 0x01, 0xac, 0xa1, 0x3e,
  0x00, 0x4c, 0xa3, 0x3e, 0x00, 0xc0, 0xa2, 0x3e, 0x01, 0xe8, 0xa2, 0x3e,
  0xfe, 0xcb, 0xa2, 0x3e, 0xfe, 0xcb, 0xa2, 0x3e, 0x00, 0xc0, 0xa2, 0x3e,
  0x00, 0xc0, 0xa2, 0x3e, 0xff, 0xb3, 0xa2, 0x3e, 0xff, 0xb3, 0xa2, 0x3e,
  0xff, 0xb3, 0xa2, 0x3e, 0x00, 0xa8, 0xa2, 0x3e, 0x00, 0xa8, 0xa2, 0x3e,
  0xff, 0x9b, 0xa2, 0x3e, 0xff, 0x9b, 0xa2, 0x3e, 0x01, 0x90, 0xa2, 0x3e,
  0x01, 0x90, 0xa2, 0x3e, 0xff, 0x9b, 0x8e, 0x3e, 0xff, 0xaf, 0x5a, 0x3e,
  0xfd, 0xf7, 0x48, 0x3e, 0xfe, 0xcf, 0x4e, 0x3e, 0x00, 0xd0, 0x4c, 0x3e,
  0xfd, 0x67, 0x4d, 0x3e, 0xfe, 0x37, 0x4d, 0x3e, 0xfe, 0x37, 0x4d, 0x3e,
  0x01, 0x20, 0x4d, 0x3e, 0x01, 0x20, 0x4d, 0x3e, 0x01, 0x20, 0x4d, 0x3e,
  0xfe, 0x07, 0x4d, 0x3e, 0xfe, 0x07, 0x4d, 0x3e, 0x02, 0xf0, 0x4c, 0x3e,
  0x02, 0xf0, 0x4c, 0x3e, 0x02, 0xf0, 0x4c, 0x3e, 0x00, 0xd0, 0x4c, 0x3e,
  0x00, 0xd0, 0x4c, 0x3e, 0x00, 0xd0, 0x4c, 0x3e, 0xff, 0x6f, 0x19, 0x3e,
  0x00, 0x00, 0x88, 0x3d, 0xff, 0x7f, 0x34, 0x3d, 0x00, 0xa0, 0x52, 0x3d,
  0x00, 0xc0, 0x48, 0x3d, 0x00, 0xe0, 0x4b, 0x3d, 0x00, 0xc0, 0x4a, 0x3d,
  0x00, 0xc0, 0x4a, 0x3d, 0x00, 0xc0, 0x4a, 0x3d, 0x00, 0xc0, 0x4a, 0x3d,
  0x00, 0x40, 0x4a, 0x3d, 0x00, 0x40, 0x4a, 0x3d, 0x00, 0x40, 0x4a, 0x3d,
  0x00, 0x40, 0x4a, 0x3d, 0x00, 0x40, 0x4a, 0x3d, 0x00, 0xe0, 0x49, 0x3d,
  0x00, 0xe0, 0x49, 0x3d, 0x00, 0xe0, 0x49, 0x3d, 0x02, 0x80, 0x42, 0xbc,
  0xfc, 0xff, 0xe8, 0xbd, 0xfd, 0x6f, 0x10, 0xbe, 0xff, 0x1f, 0x07, 0xbe,
  0x01, 0x48, 0x0a, 0xbe, 0x01, 0x38, 0x09, 0xbe, 0x00, 0x98, 0x09, 0xbe,
  0xfd, 0x7f, 0x09, 0xbe, 0xfd, 0x7f, 0x09, 0xbe, 0xfd, 0x7f, 0x09, 0xbe,
  0xfd, 0x7f, 0x09, 0xbe, 0xfd, 0x7f, 0x09, 0xbe, 0xfd, 0x7f, 0x09, 0xbe,
  0xfd, 0x7f, 0x09, 0xbe, 0x00, 0x98, 0x09, 0xbe, 0x00, 0x98, 0x09, 0xbe,
  0x00, 0x98, 0x09, 0xbe, 0x00, 0x98, 0x09, 0xbe, 0x00, 0x98, 0x09, 0xbe,
  0xfd, 0x1f, 0x26, 0xbe, 0x02, 0xa0, 0x55, 0xbe, 0x00, 0x50, 0x62, 0xbe,
  0xff, 0x0f, 0x5e, 0xbe, 0x01, 0x70, 0x5f, 0xbe, 0x00, 0xf0, 0x5e, 0xbe,
  0xff, 0x1f, 0x5f, 0xbe, 0x03, 0x08, 0x5f, 0xbe, 0x03, 0x08, 0x5f, 0xbe,
  0x03, 0x08, 0x5f, 0xbe, 0x03, 0x08, 0x5f, 0xbe, 0x03, 0x08, 0x5f, 0xbe,
  0x03, 0x08, 0x5f, 0xbe, 0x03, 0x08, 0x5f, 0xbe, 0x03, 0x08, 0x5f, 0xbe,
  0x03, 0x08, 0x5f, 0xbe, 0x03, 0x08, 0x5f, 0xbe, 0x00, 0xf0, 0x5e, 0xbe,
  0x00, 0xf0, 0x5e, 0xbe, 0xfe, 0xaf, 0x64, 0xbe, 0xfe, 0x17, 0x6e, 0xbe,
  0x02, 0xa8, 0x70, 0xbe, 0x02, 0xc8, 0x6f, 0xbe, 0xfe, 0x0f, 0x70, 0xbe,
  0x01, 0xf8, 0x6f, 0xbe, 0x01, 0xf8, 0x6f, 0xbe, 0x01, 0xf8, 0x6f, 0xbe,
  0xfe, 0xdf, 0x6f, 0xbe, 0xfe, 0xdf, 0x6f, 0xbe, 0xfe, 0xdf, 0x6f, 0xbe,
  0xfe, 0xdf, 0x6f, 0xbe, 0xfe, 0xdf, 0x6f, 0xbe, 0x02, 0xc8, 0x6f, 0xbe,
  0x02, 0xc8, 0x6f, 0xbe, 0x02, 0xc8, 0x6f, 0xbe, 0x02, 0xc8, 0x6f, 0xbe,
  0x02, 0xc8, 0x6f, 0xbe, 0xfe, 0xaf, 0x6f, 0xbe, 0xfe, 0x0f, 0x7b, 0xbe,
  0x00, 0x08, 0x87, 0xbe, 0x01, 0x90, 0x89, 0xbe, 0x01, 0xac, 0x88, 0xbe,
  0x00, 0xf8, 0x88, 0xbe, 0x01, 0xdc, 0x88, 0xbe, 0x01, 0xdc, 0x88, 0xbe,
  0x01, 0xdc, 0x88, 0xbe, 0x00, 0xd0, 0x88, 0xbe, 0x00, 0xd0, 0x88, 0xbe,
  0x00, 0xd0, 0x88, 0xbe, 0x00, 0xd0, 0x88, 0xbe, 0x01, 0xc4, 0x88, 0xbe,
  0x01, 0xc4, 0x88, 0xbe, 0x01, 0xc4, 0x88, 0xbe, 0x01, 0xc4, 0x88, 0xbe,
  0x00, 0xb8, 0x88, 0xbe, 0x00, 0xb8, 0x88, 0xbe, 0x01, 0x88, 0x8b, 0xbe,
  0xff, 0x4b, 0x90, 0xbe, 0xff, 0x87, 0x91, 0xbe, 0x00, 0x14, 0x91, 0xbe,
  0x00, 0x3c, 0x91, 0xbe, 0xff, 0x2f, 0x91, 0xbe, 0xff, 0x2f, 0x91, 0xbe,
  0x01, 0x20, 0x91, 0xbe, 0x01, 0x20, 0x91, 0xbe, 0x01, 0x20, 0x91, 0xbe,
  0x01, 0x20, 0x91, 0xbe, 0x00, 0x14, 0x91, 0xbe, 0x00, 0x14, 0x91, 0xbe,
  0x00, 0x14, 0x91, 0xbe, 0x01, 0x08, 0x91, 0xbe, 0x01, 0x08, 0x91, 0xbe,
  0x01, 0x08, 0x91, 0xbe, 0x00, 0xfc, 0x90, 0xbe, 0x00, 0xfc, 0x90, 0xbe,
  0xff, 0x5f, 0x9c, 0xbe, 0xff, 0x53, 0xaf, 0xbe, 0xff, 0x5f, 0xb4, 0xbe,
  0xff, 0xaf, 0xb2, 0xbe, 0xff, 0x3b, 0xb3, 0xbe, 0x01, 0xfc, 0xb2, 0xbe,
  0xff, 0x0b, 0xb3, 0xbe, 0xff, 0x0b, 0xb3, 0xbe, 0x01, 0xfc, 0xb2, 0xbe,
  0x01, 0xfc, 0xb2, 0xbe, 0x01, 0xfc, 0xb2, 0xbe, 0x00, 0xf0, 0xb2, 0xbe,
  0x00, 0xf0, 0xb2, 0xbe, 0x00, 0xf0, 0xb2, 0xbe, 0x02, 0xe4, 0xb2, 0xbe,
  0x02, 0xe4, 0xb2, 0xbe, 0x02, 0xe4, 0xb2, 0xbe, 0x00, 0xd8, 0xb2, 0xbe,
  0x00, 0xd8, 0xb2, 0xbe, 0xff, 0x67, 0xbb, 0xbe, 0x01, 0xa8, 0xc9, 0xbe,
  0x00, 0x6c, 0xcd, 0xbe, 0x01, 0x24, 0xcc, 0xbe, 0x00, 0x88, 0xcc, 0xbe,
  0xff, 0x63, 0xcc, 0xbe, 0x00, 0x70, 0xcc, 0xbe, 0xff, 0x63, 0xcc, 0xbe,
  0xff, 0x63, 0xcc, 0xbe, 0x00, 0x58, 0xcc, 0xbe, 0x00, 0x58, 0xcc, 0xbe,
  0xff, 0x47, 0xcc, 0xbe, 0xff, 0x47, 0xcc, 0xbe, 0xff, 0x47, 0xcc, 0xbe,
  0x01, 0x3c, 0xcc, 0xbe, 0x01, 0x3c, 0xcc, 0xbe, 0x00, 0x30, 0xcc, 0xbe,
  0x00, 0x30, 0xcc, 0xbe, 0x01, 0x24, 0xcc, 0xbe, 0x00, 0xb4, 0xd4, 0xbe,
  0x01, 0xe8, 0xe2, 0xbe, 0x00, 0xac, 0xe6, 0xbe, 0x01, 0x64, 0xe5, 0xbe,
  0x00, 0xc8, 0xe5, 0xbe, 0xff, 0x9f, 0xe5, 0xbe, 0xff, 0x9f, 0xe5, 0xbe,
  0x01, 0x94, 0xe5, 0xbe, 0x01, 0x94, 0xe5, 0xbe, 0x01, 0x94, 0xe5, 0xbe,
  0xff, 0x87, 0xe5, 0xbe, 0xff, 0x87, 0xe5, 0xbe, 0x01, 0x7c, 0xe5, 0xbe,
  0x01, 0x7c, 0xe5, 0xbe, 0xff, 0x6f, 0xe5, 0xbe, 0xff, 0x6f, 0xe5, 0xbe,
  0x01, 0x64, 0xe5, 0xbe, 0x01, 0x64, 0xe5, 0xbe, 0x00, 0x08, 0xeb, 0xbe,
  0x00, 0x88, 0xf4, 0xbe, 0x01, 0x00, 0xf7, 0xbe, 0xff, 0x2b, 0xf6, 0xbe,
  0x00, 0x68, 0xf6, 0xbe, 0x00, 0x50, 0xf6, 0xbe, 0x00, 0x50, 0xf6, 0xbe,
  0xfe, 0x43, 0xf6, 0xbe, 0xfe, 0x43, 0xf6, 0xbe, 0x00, 0x38, 0xf6, 0xbe,
  0x00, 0x38, 0xf6, 0xbe, 0xff, 0x2b, 0xf6, 0xbe, 0xff, 0x2b, 0xf6, 0xbe,
  0x01, 0x1c, 0xf6, 0xbe, 0xff, 0x0f, 0xf6, 0xbe, 0xff, 0x0f, 0xf6, 0xbe,
  0x01, 0x04, 0xf6, 0xbe, 0x01, 0x04, 0xf6, 0xbe, 0x00, 0xf8, 0xf5, 0xbe,
  0x01, 0x72, 0x21, 0xbf, 0xff, 0x87, 0x61, 0xbf, 0x00, 0x9c, 0x72, 0xbf,
  0x00, 0xe4, 0x6c, 0xbf, 0x00, 0xc4, 0x6e, 0xbf, 0x00, 0x20, 0x6e, 0xbf,
  0x00, 0x52, 0x6e, 0xbf, 0x00, 0x3a, 0x6e, 0xbf, 0x00, 0x3a, 0x6e, 0xbf,
  0x01, 0x34, 0x6e, 0xbf, 0x01, 0x34, 0x6e, 0xbf, 0x00, 0x2c, 0x6e, 0xbf,
  0xff, 0x25, 0x6e, 0xbf, 0x00, 0x20, 0x6e, 0xbf, 0x00, 0x20, 0x6e, 0xbf,
  0x00, 0x1a, 0x6e, 0xbf, 0x00, 0x14, 0x6e, 0xbf, 0x00, 0x0e, 0x6e, 0xbf,
  0x01, 0x06, 0x6e, 0xbf, 0x00, 0xbe, 0x69, 0xbf, 0x00, 0x9e, 0x62, 0xbf,
  0xff, 0xaf, 0x60, 0xbf, 0xff, 0x4d, 0x61, 0xbf, 0x00, 0x0e, 0x61, 0xbf,
  0x00, 0x1c, 0x61, 0xbf, 0xff, 0x15, 0x61, 0xbf, 0x00, 0x0e, 0x61, 0xbf,
  0x00, 0x08, 0x61, 0xbf, 0x01, 0x02, 0x61, 0xbf, 0x00, 0xfc, 0x60, 0xbf,
  0x01, 0xf6, 0x60, 0xbf, 0x00, 0xee, 0x60, 0xbf, 0xff, 0xe7, 0x60, 0xbf,
  0xff, 0xe7, 0x60, 0xbf, 0x00, 0xe2, 0x60, 0xbf, 0xff, 0xdb, 0x60, 0xbf,
  0x00, 0xd6, 0x60, 0xbf, 0x00, 0xd0, 0x60, 0xbf, 0xfe, 0x7b, 0x8c, 0xbe,
  0x00, 0xb6, 0x3c, 0x3f, 0x00, 0xfe, 0x7f, 0x3f, 0x01, 0x94, 0x69, 0x3f,
  0x00, 0x0e, 0x71, 0x3f, 0x00, 0x96, 0x6e, 0x3f, 0x00, 0x6c, 0x6f, 0x3f,
  0x00, 0x26, 0x6f, 0x3f, 0x00, 0x3e, 0x6f, 0x3f, 0xff, 0x37, 0x6f, 0x3f,
  0xff, 0x37, 0x6f, 0x3f, 0xff, 0x37, 0x6f, 0x3f, 0xff, 0x37, 0x6f, 0x3f,
  0xff, 0x37, 0x6f, 0x3f, 0xff, 0x37, 0x6f, 0x3f, 0xff, 0x37, 0x6f, 0x3f,
  0xff, 0x37, 0x6f, 0x3f, 0xff, 0x37, 0x6f, 0x3f, 0x00, 0x32, 0x6f, 0x3f,
  0x00, 0x96, 0x6c, 0x3f, 0x00, 0x3c, 0x68, 0x3f, 0x00, 0x0e, 0x67, 0x3f,
  0x01, 0x72, 0x67, 0x3f, 0xff, 0x4d, 0x67, 0x3f, 0x00, 0x54, 0x67, 0x3f,
  0xff, 0x4d, 0x67, 0x3f, 0xff, 0x4d, 0x67, 0x3f, 0x00, 0x48, 0x67, 0x3f,
  0x00, 0x48, 0x67, 0x3f, 0xff, 0x43, 0x67, 0x3f, 0xff, 0x43, 0x67, 0x3f,
  0x00, 0x3e, 0x67, 0x3f, 0xff, 0x37, 0x67, 0x3f, 0xff, 0x37, 0x67, 0x3f,
  0x00, 0x32, 0x67, 0x3f, 0xff, 0x2b, 0x67, 0x3f, 0x00, 0x26, 0x67, 0x3f,
  0xff, 0x4d, 0x5f, 0x3f, 0x00, 0x3a, 0x52, 0x3f, 0x01, 0xbc, 0x4e, 0x3f,
  0x01, 0xe4, 0x4f, 0x3f, 0x00, 0x7a, 0x4f, 0x3f, 0x00, 0x98, 0x4f, 0x3f,
  0x00, 0x86, 0x4f, 0x3f, 0x00, 0x86, 0x4f, 0x3f, 0x00, 0x80, 0x4f, 0x3f,
  0x00, 0x7a, 0x4f, 0x3f, 0x00, 0x76, 0x4f, 0x3f, 0xff, 0x6f, 0x4f, 0x3f,
  0x00, 0x6a, 0x4f, 0x3f, 0x00, 0x64, 0x4f, 0x3f, 0x00, 0x5e, 0x4f, 0x3f,
  0x00, 0x5e, 0x4f, 0x3f, 0x00, 0x58, 0x4f, 0x3f, 0x00, 0x52, 0x4f, 0x3f,
  0x00, 0x4c, 0x4f, 0x3f, 0x01, 0x74, 0x47, 0x3f, 0x00, 0x66, 0x3a, 0x3f,
  0xff, 0xe7, 0x36, 0x3f, 0x00, 0x0a, 0x38, 0x3f, 0x00, 0xa2, 0x37, 0x3f,
  0x00, 0xbe, 0x37, 0x3f, 0x00, 0xae, 0x37, 0x3f, 0x00, 0xae, 0x37, 0x3f,
  0x00, 0xa2, 0x37, 0x3f, 0x00, 0xa2, 0x37, 0x3f, 0x00, 0x9c, 0x37, 0x3f,
  0x01, 0x96, 0x37, 0x3f, 0x00, 0x90, 0x37, 0x3f, 0x01, 0x8a, 0x37, 0x3f,
  0x00, 0x84, 0x37, 0x3f, 0x01, 0x7e, 0x37, 0x3f, 0x00, 0x78, 0x37, 0x3f,
  0x01, 0x72, 0x37, 0x3f, 0x00, 0x6e, 0x37, 0x3f, 0x00, 0xfa, 0x2c, 0x3f,
  0x01, 0x8a, 0x1b, 0x3f, 0x00, 0xe4, 0x16, 0x3f, 0xff, 0x69, 0x18, 0x3f,
  0x00, 0xde, 0x17, 0x3f, 0x01, 0x06, 0x18, 0x3f, 0x00, 0xf6, 0x17, 0x3f,
  0x00, 0xf6, 0x17, 0x3f, 0x01, 0xf0, 0x17, 0x3f, 0x00, 0xea, 0x17, 0x3f,
  0x01, 0xe4, 0x17, 0x3f, 0x00, 0xde, 0x17, 0x3f, 0xff, 0xd7, 0x17, 0x3f,
  0x00, 0xd2, 0x17, 0x3f, 0xff, 0xcb, 0x17, 0x3f, 0xff, 0xcb, 0x17, 0x3f,
  0x00, 0xc8, 0x17, 0x3f, 0x01, 0xc2, 0x17, 0x3f, 0x00, 0xbc, 0x17, 0x3f,
  0x00, 0x7e, 0x12, 0x3f, 0x00, 0xca, 0x09, 0x3f, 0x01, 0x74, 0x07, 0x3f,
  0x01, 0x34, 0x08, 0x3f, 0xff, 0xed, 0x07, 0x3f, 0x00, 0x00, 0x08, 0x3f,
  0x00, 0xf4, 0x07, 0x3f, 0x00, 0xf4, 0x07, 0x3f, 0xff, 0xed, 0x07, 0x3f,
  0x00, 0xe8, 0x07, 0x3f, 0xff, 0xe1, 0x07, 0x3f, 0x00, 0xdc, 0x07, 0x3f,
  0xff, 0xd7, 0x07, 0x3f, 0xff, 0xd7, 0x07, 0x3f, 0x00, 0xd2, 0x07, 0x3f,
  0xff, 0xcb, 0x07, 0x3f, 0x00, 0xc6, 0x07, 0x3f, 0x00, 0xc6, 0x07, 0x3f,
  0xfe, 0x5f, 0xf5, 0x3e, 0x00, 0xdc, 0xc9, 0x3e, 0xff, 0x3f, 0xbe, 0x3e,
  0xff, 0x0f, 0xc2, 0x3e, 0xff, 0xbb, 0xc0, 0x3e, 0x00, 0x28, 0xc1, 0x3e,
  0x00, 0xf8, 0xc0, 0x3e, 0x00, 0xf8, 0xc0, 0x3e, 0xff, 0xeb, 0xc0, 0x3e,
  0xff, 0xeb, 0xc0, 0x3e, 0x01, 0xe0, 0xc0, 0x3e, 0xff, 0xd3, 0xc0, 0x3e,
  0xff, 0xd3, 0xc0, 0x3e, 0x01, 0xc8, 0xc0, 0x3e, 0x01, 0xc8, 0xc0, 0x3e,
  0xff, 0xbb, 0xc0, 0x3e, 0x01, 0xb0, 0xc0, 0x3e, 0x01, 0xb0, 0xc0, 0x3e,
  0xff, 0xa7, 0xc0, 0x3e, 0x00, 0xd0, 0xb8, 0x3e, 0xff, 0xbf, 0xab, 0x3e,
  0xff, 0x33, 0xa8, 0x3e, 0x00, 0x58, 0xa9, 0x3e, 0x02, 0xf0, 0xa8, 0x3e,
  0x00, 0x14, 0xa9, 0x3e, 0x00, 0xfc, 0xa8, 0x3e, 0x00, 0xfc, 0xa8, 0x3e,
  0x02, 0xf0, 0xa8, 0x3e, 0x02, 0xf0, 0xa8, 0x3e, 0x00, 0xe4, 0xa8, 0x3e,
  0x00, 0xe4, 0xa8, 0x3e, 0xfe, 0xd7, 0xa8, 0x3e, 0x00, 0xcc, 0xa8, 0x3e,
  0x00, 0xcc, 0xa8, 0x3e, 0xff, 0xbf, 0xa8, 0x3e, 0xff, 0xbf, 0xa8, 0x3e,
  0x00, 0xb4, 0xa8, 0x3e, 0x00, 0xb4, 0xa8, 0x3e, 0x00, 0x3c, 0x9e, 0x3e,
  0xff, 0xd3, 0x8c, 0x3e, 0xff, 0x33, 0x88, 0x3e, 0xff, 0xb3, 0x89, 0x3e,
  0x00, 0x28, 0x89, 0x3e, 0x00, 0x54, 0x89, 0x3e, 0x00, 0x3c, 0x89, 0x3e,
  0x00, 0x3c, 0x89, 0x3e, 0x02, 0x34, 0x89, 0x3e, 0x02, 0x34, 0x89, 0x3e,
  0x00, 0x28, 0x89, 0x3e, 0x00, 0x28, 0x89, 0x3e, 0x00, 0x28, 0x89, 0x3e,
  0xfe, 0x1b, 0x89, 0x3e, 0xfe, 0x1b, 0x89, 0x3e, 0x00, 0x10, 0x89, 0x3e,
  0x00, 0x10, 0x89, 0x3e, 0xff, 0x03, 0x89, 0x3e, 0xff, 0x03, 0x89, 0x3e,
  0x01, 0xcc, 0x83, 0x3e, 0xfe, 0x17, 0x76, 0x3e, 0xfe, 0x77, 0x71, 0x3e,
  0x00, 0x08, 0x73, 0x3e, 0xfe, 0x5f, 0x72, 0x3e, 0xfd, 0x8f, 0x72, 0x3e,
  0x01, 0x78, 0x72, 0x3e, 0x01, 0x78, 0x72, 0x3e, 0xfe, 0x5f, 0x72, 0x3e,
  0xfe, 0x5f, 0x72, 0x3e, 0xfe, 0x5f, 0x72, 0x3e, 0x01, 0x48, 0x72, 0x3e,
  0x01, 0x48, 0x72, 0x3e, 0xfe, 0x2f, 0x72, 0x3e, 0xfe, 0x2f, 0x72, 0x3e,
  0xfe, 0x2f, 0x72, 0x3e, 0x00, 0x20, 0x72, 0x3e, 0x00, 0x20, 0x72, 0x3e,
  0x03, 0x68, 0x62, 0x3e, 0xfe, 0x37, 0x48, 0x3e, 0x01, 0x38, 0x41, 0x3e,
  0x02, 0x80, 0x43, 0x3e, 0xff, 0xaf, 0x42, 0x3e, 0x02, 0xf8, 0x42, 0x3e,
  0x02, 0xc8, 0x42, 0x3e, 0x02, 0xc8, 0x42, 0x3e, 0x02, 0xc8, 0x42, 0x3e,
  0x02, 0xc8, 0x42, 0x3e, 0xff, 0xaf, 0x42, 0x3e, 0xff, 0xaf, 0x42, 0x3e,
  0xff, 0xaf, 0x42, 0x3e, 0x03, 0x98, 0x42, 0x3e, 0x03, 0x98, 0x42, 0x3e,
  0x03, 0x98, 0x42, 0x3e, 0x00, 0x80, 0x42, 0x3e, 0x00, 0x80, 0x42, 0x3e,
  0x00, 0x80, 0x42, 0x3e, 0x03, 0x40, 0x3d, 0x3e, 0xfd, 0x87, 0x34, 0x3e,
  0xfe, 0x2f, 0x32, 0x3e, 0xfe, 0xe7, 0x32, 0x3e, 0x02, 0xa0, 0x32, 0x3e,
  0xfe, 0xb7, 0x32, 0x3e, 0x02, 0xa0, 0x32, 0x3e, 0x02, 0xa0, 0x32, 0x3e,
  0x02, 0xa0, 0x32, 0x3e, 0xfe, 0x87, 0x32, 0x3e, 0xfe, 0x87, 0x32, 0x3e,
  0xfe, 0x87, 0x32, 0x3e, 0x02, 0x70, 0x32, 0x3e, 0x02, 0x70, 0x32, 0x3e,
  0x02, 0x70, 0x32, 0x3e, 0x02, 0x70, 0x32, 0x3e, 0xff, 0x57, 0x32, 0x3e,
  0xff, 0x57, 0x32, 0x3e, 0xff, 0x57, 0x32, 0x3e, 0xfd, 0x3f, 0x18, 0x3e,
  0xff, 0x9f, 0xd9, 0x3d, 0x00, 0x60, 0xc2, 0x3d, 0x00, 0x00, 0xca, 0x3d,
  0x00, 0x50, 0xc7, 0x3d, 0x00, 0x30, 0xc8, 0x3d, 0x00, 0xd0, 0xc7, 0x3d,
  0x00, 0xd0, 0xc7, 0x3d, 0x00, 0xd0, 0xc7, 0x3d, 0x00, 0xd0, 0xc7, 0x3d,
  0x00, 0xd0, 0xc7, 0x3d, 0xff, 0x9f, 0xc7, 0x3d, 0xff, 0x9f, 0xc7, 0x3d,
  0xff, 0x9f, 0xc7, 0x3d, 0xff, 0x9f, 0xc7, 0x3d, 0xff, 0x9f, 0xc7, 0x3d,
  0x00, 0x80, 0xc7, 0x3d, 0x00, 0x80, 0xc7, 0x3d, 0x00, 0x80, 0xc7, 0x3d,
  0x01, 0x20, 0xa8, 0x3d, 0xff, 0x1f, 0x68, 0x3d, 0x01, 0x20, 0x4c, 0x3d,
  0x00, 0x40, 0x55, 0x3d, 0x00, 0x00, 0x52, 0x3d, 0xff, 0xff, 0x52, 0x3d,
  0x00, 0xa0, 0x52, 0x3d, 0x00, 0xa0, 0x52, 0x3d, 0x00, 0xa0, 0x52, 0x3d,
  0x00, 0xa0, 0x52, 0x3d, 0x00, 0xa0, 0x52, 0x3d, 0x00, 0xa0, 0x52, 0x3d,
  0xff, 0x5f, 0x52, 0x3d, 0xff, 0x5f, 0x52, 0x3d, 0xff, 0x5f, 0x52, 0x3d,
  0xff, 0x5f, 0x52, 0x3d, 0xff, 0x5f, 0x52, 0x3d, 0xff, 0x5f, 0x52, 0x3d,
  0xff, 0x9f, 0x28, 0x3d, 0xff, 0xff, 0xc5, 0x3c, 0x00, 0x00, 0xa1, 0x3c,
  0x01, 0x80, 0xac, 0x3c, 0xfe, 0xff, 0xa8, 0x3c, 0x02, 0xc0, 0xa9, 0x3c,
  0x02, 0xc0, 0xa9, 0x3c, 0x02, 0xc0, 0xa9, 0x3c, 0x02, 0xc0, 0xa9, 0x3c,
  0x02, 0xc0, 0xa9, 0x3c, 0xfe, 0xff, 0xa8, 0x3c, 0xfe, 0xff, 0xa8, 0x3c,
  0xfe, 0xff, 0xa8, 0x3c, 0xfe, 0xff, 0xa8, 0x3c, 0xfe, 0xff, 0xa8, 0x3c,
  0xfe, 0xff, 0xa8, 0x3c, 0xfe, 0xff, 0xa8, 0x3c, 0xfe, 0xff, 0xa8, 0x3c,
  0xfe, 0xff, 0xa8, 0x3c, 0x00, 0x90, 0x87, 0xbe, 0x00, 0x8c, 0x3d, 0xbf,
  0xff, 0x03, 0x5e, 0xbf, 0xff, 0x2b, 0x53, 0xbf, 0x01, 0xc8, 0x56, 0xbf,
  0x01, 0x94, 0x55, 0xbf, 0x01, 0xfc, 0x55, 0xbf, 0x01, 0xda, 0x55, 0xbf,
  0x00, 0xe0, 0x55, 0xbf, 0x01, 0xda, 0x55, 0xbf, 0x01, 0xda, 0x55, 0xbf,
  0x01, 0xda, 0x55, 0xbf, 0x00, 0xd4, 0x55, 0xbf, 0x00, 0xd4, 0x55, 0xbf,
  0x00, 0xd4, 0x55, 0xbf, 0x01, 0xce, 0x55, 0xbf, 0x01, 0xce, 0x55, 0xbf,
  0x00, 0xc8, 0x55, 0xbf, 0x00, 0xc8, 0x55, 0xbf, 0x01, 0x68, 0x47, 0xbf,
  0x01, 0x7e, 0x2f, 0xbf, 0xff, 0x1f, 0x29, 0xbf, 0x01, 0x3a, 0x2b, 0xbf,
  0xff, 0x81, 0x2a, 0xbf, 0x01, 0xbc, 0x2a, 0xbf, 0xff, 0xa3, 0x2a, 0xbf,
  0xff, 0xa3, 0x2a, 0xbf, 0x00, 0x9e, 0x2a, 0xbf, 0x00, 0x9e, 0x2a, 0xbf,
  0xff, 0x97, 0x2a, 0xbf, 0x00, 0x92, 0x2a, 0xbf, 0x00, 0x92, 0x2a, 0xbf,
  0xff, 0x8b, 0x2a, 0xbf, 0x00, 0x86, 0x2a, 0xbf, 0x00, 0x86, 0x2a, 0xbf,
  0xff, 0x81, 0x2a, 0xbf, 0x00, 0x7c, 0x2a, 0xbf, 0x00, 0x7c, 0x2a, 0xbf,
  0xff, 0x37, 0x25, 0xbf, 0x00, 0x7e, 0x1c, 0xbf, 0x01, 0x28, 0x1a, 0xbf,
  0x00, 0xee, 0x1a, 0xbf, 0x00, 0xa8, 0x1a, 0xbf, 0xff, 0xb9, 0x1a, 0xbf,
  0x00, 0xae, 0x1a, 0xbf, 0x00, 0xa8, 0x1a, 0xbf, 0x00, 0xa2, 0x1a, 0xbf,
  0x00, 0xa2, 0x1a, 0xbf, 0x00, 0x9c, 0x1a, 0xbf, 0x00, 0x96, 0x1a, 0xbf,
  0x00, 0x96, 0x1a, 0xbf, 0x00, 0x92, 0x1a, 0xbf, 0xff, 0x8b, 0x1a, 0xbf,
  0x00, 0x86, 0x1a, 0xbf, 0x00, 0x86, 0x1a, 0xbf, 0x00, 0x80, 0x1a, 0xbf,
  0x00, 0x0c, 0x10, 0xbf, 0xff, 0x43, 0xfd, 0xbe, 0x01, 0xfc, 0xf3, 0xbe,
  0xfe, 0x0f, 0xf7, 0xbe, 0x00, 0xf8, 0xf5, 0xbe, 0x01, 0x4c, 0xf6, 0xbe,
  0xff, 0x27, 0xf6, 0xbe, 0xff, 0x27, 0xf6, 0xbe, 0x01, 0x1c, 0xf6, 0xbe,
  0xff, 0x0f, 0xf6, 0xbe, 0xff, 0x0f, 0xf6, 0xbe, 0x01, 0x04, 0xf6, 0xbe,
  0x00, 0xf8, 0xf5, 0xbe, 0x01, 0xec, 0xf5, 0xbe, 0x01, 0xec, 0xf5, 0xbe,
  0x00, 0xe0, 0xf5, 0xbe, 0x01, 0xd4, 0xf5, 0xbe, 0x01, 0xd4, 0xf5, 0xbe,
  0xff, 0xcb, 0xf5, 0xbe, 0x01, 0x1c, 0xe6, 0xbe, 0xff, 0xef, 0xcb, 0xbe,
  0x01, 0xf4, 0xc4, 0xbe, 0x01, 0x44, 0xc7, 0xbe, 0x01, 0x74, 0xc6, 0xbe,
  0xff, 0xaf, 0xc6, 0xbe, 0x01, 0x8c, 0xc6, 0xbe, 0x01, 0x8c, 0xc6, 0xbe,
  0x00, 0x80, 0xc6, 0xbe, 0x00, 0x80, 0xc6, 0xbe, 0x01, 0x74, 0xc6, 0xbe,
  0x01, 0x74, 0xc6, 0xbe, 0x00, 0x68, 0xc6, 0xbe, 0x02, 0x5c, 0xc6, 0xbe,
  0x02, 0x5c, 0xc6, 0xbe, 0x00, 0x50, 0xc6, 0xbe, 0x00, 0x50, 0xc6, 0xbe,
  0xfe, 0x43, 0xc6, 0xbe, 0xfe, 0x43, 0xc6, 0xbe, 0xff, 0x97, 0xc3, 0xbe,
  0x01, 0x40, 0xbf, 0xbe, 0xff, 0x0f, 0xbe, 0xbe, 0xff, 0x6b, 0xbe, 0xbe,
  0xff, 0x3f, 0xbe, 0xbe, 0x01, 0x4c, 0xbe, 0xbe, 0xff, 0x3f, 0xbe, 0xbe,
  0x01, 0x34, 0xbe, 0xbe, 0x01, 0x34, 0xbe, 0xbe, 0xff, 0x27, 0xbe, 0xbe,
  0xff, 0x27, 0xbe, 0xbe, 0x01, 0x1c, 0xbe, 0xbe, 0x01, 0x1c, 0xbe, 0xbe,
  0xff, 0x0f, 0xbe, 0xbe, 0xff, 0x0f, 0xbe, 0xbe, 0x01, 0x04, 0xbe, 0xbe,
  0x01, 0x04, 0xbe, 0xbe, 0x00, 0xf8, 0xbd, 0xbe, 0x01, 0xec, 0xbd, 0xbe,
  0x01, 0xe0, 0xb0, 0xbe, 0x02, 0x28, 0x9b, 0xbe, 0x01, 0x4c, 0x95, 0xbe,
  0x00, 0x34, 0x97, 0xbe, 0x00, 0x94, 0x96, 0xbe, 0x00, 0xc0, 0x96, 0xbe,
  0x00, 0xa8, 0x96, 0xbe, 0x00, 0xa8, 0x96, 0xbe, 0x02, 0xa0, 0x96, 0xbe,
  0x02, 0xa0, 0x96, 0xbe, 0x00, 0x94, 0x96, 0xbe, 0x00, 0x94, 0x96, 0xbe,
  0xfe, 0x87, 0x96, 0xbe, 0xfe, 0x87, 0x96, 0xbe, 0x00, 0x7c, 0x96, 0xbe,
  0x00, 0x7c, 0x96, 0xbe, 0x00, 0x7c, 0x96, 0xbe, 0xff, 0x6f, 0x96, 0xbe,
  0xff, 0x6f, 0x96, 0xbe, 0xff, 0x97, 0x8e, 0xbe, 0xff, 0x87, 0x81, 0xbe,
  0x00, 0x18, 0x7c, 0xbe, 0x02, 0x58, 0x7e, 0xbe, 0xff, 0x87, 0x7d, 0xbe,
  0xff, 0xb7, 0x7d, 0xbe, 0x02, 0xa0, 0x7d, 0xbe, 0x02, 0xa0, 0x7d, 0xbe,
  0xff, 0x87, 0x7d, 0xbe, 0xff, 0x87, 0x7d, 0xbe, 0x03, 0x70, 0x7d, 0xbe,
  0x03, 0x70, 0x7d, 0xbe, 0x03, 0x70, 0x7d, 0xbe, 0x00, 0x58, 0x7d, 0xbe,
  0x00, 0x58, 0x7d, 0xbe, 0x03, 0x40, 0x7d, 0xbe, 0x03, 0x40, 0x7d, 0xbe,
  0x03, 0x40, 0x7d, 0xbe, 0xfd, 0xbf, 0x72, 0xbe, 0x00, 0x40, 0x61, 0xbe,
  0xfd, 0x87, 0x5c, 0xbe, 0xff, 0x0f, 0x5e, 0xbe, 0xff, 0x87, 0x5d, 0xbe,
  0x02, 0xa0, 0x5d, 0xbe, 0xff, 0x87, 0x5d, 0xbe, 0xff, 0x87, 0x5d, 0xbe,
  0xff, 0x87, 0x5d, 0xbe, 0xff, 0x87, 0x5d, 0xbe, 0x03, 0x70, 0x5d, 0xbe,
  0x03, 0x70, 0x5d, 0xbe, 0x03, 0x70, 0x5d, 0xbe, 0x00, 0x58, 0x5d, 0xbe,
  0x00, 0x58, 0x5d, 0xbe, 0x03, 0x40, 0x5d, 0xbe, 0x03, 0x40, 0x5d, 0xbe,
  0x03, 0x40, 0x5d, 0xbe, 0x03, 0x40, 0x5d, 0xbe, 0x00, 0x00, 0x58, 0xbe,
  0x00, 0x48, 0x4f, 0xbe, 0x02, 0xf0, 0x4c, 0xbe, 0x01, 0xa8, 0x4d, 0xbe,
  0xfe, 0x5f, 0x4d, 0xbe, 0xfe, 0x5f, 0x4d, 0xbe, 0xfe, 0x5f, 0x4d, 0xbe,
  0x02, 0x48, 0x4d, 0xbe, 0x02, 0x48, 0x4d, 0xbe, 0x02, 0x48, 0x4d, 0xbe,
  0x02, 0x48, 0x4d, 0xbe, 0xff, 0x2f, 0x4d, 0xbe, 0xff, 0x2f, 0x4d, 0xbe,
  0xff, 0x2f, 0x4d, 0xbe, 0x01, 0x20, 0x4d, 0xbe, 0x01, 0x20, 0x4d, 0xbe,
  0x01, 0x20, 0x4d, 0xbe, 0xfe, 0x07, 0x4d, 0xbe, 0xfe, 0x07, 0x4d, 0xbe,
  0x03, 0x98, 0x42, 0xbe, 0x02, 0x30, 0x31, 0xbe, 0xff, 0x77, 0x2c, 0xbe,
  0x02, 0x00, 0x2e, 0xbe, 0x02, 0x78, 0x2d, 0xbe, 0x01, 0xa8, 0x2d, 0xbe,
  0xfe, 0x8f, 0x2d, 0xbe, 0xfe, 0x8f, 0x2d, 0xbe, 0xfe, 0x8f, 0x2d, 0xbe,
  0x02, 0x78, 0x2d, 0xbe, 0x02, 0x78, 0x2d, 0xbe, 0x02, 0x78, 0x2d, 0xbe,
  0x02, 0x78, 0x2d, 0xbe, 0xfe, 0x5f, 0x2d, 0xbe, 0xfe, 0x5f, 0x2d, 0xbe,
  0xfe, 0x5f, 0x2d, 0xbe, 0xfe, 0x5f, 0x2d, 0xbe, 0x02, 0x48, 0x2d, 0xbe,
  0x02, 0x48, 0x2d, 0xbe, 0x00, 0xd8, 0x22, 0xbe, 0xff, 0x6f, 0x11, 0xbe,
  0x03, 0xb8, 0x0c, 0xbe, 0xfe, 0x47, 0x0e, 0xbe, 0xff, 0xb7, 0x0d, 0xbe,
  0xff, 0xe7, 0x0d, 0xbe, 0x02, 0xd0, 0x0d, 0xbe, 0x02, 0xd0, 0x0d, 0xbe,
  0x02, 0xd0, 0x0d, 0xbe, 0x02, 0xd0, 0x0d, 0xbe, 0xff, 0xb7, 0x0d, 0xbe,
  0xff, 0xb7, 0x0d, 0xbe, 0xff, 0xb7, 0x0d, 0xbe, 0xff, 0xb7, 0x0d, 0xbe,
  0x02, 0xa0, 0x0d, 0xbe, 0x02, 0xa0, 0x0d, 0xbe, 0x02, 0xa0, 0x0d, 0xbe,
  0x02, 0xa0, 0x0d, 0xbe, 0x02, 0xa0, 0x0d, 0xbe, 0xff, 0x87, 0x0d, 0xbe,
  0xff, 0x87, 0x0d, 0xbe, 0xff, 0x87, 0x0d, 0xbe, 0xff, 0x87, 0x0d, 0xbe,
  0xff, 0x87, 0x0d, 0xbe, 0x03, 0x70, 0x0d, 0xbe, 0x03, 0x70, 0x0d, 0xbe,
  0x03, 0x70, 0x0d, 0xbe, 0x03, 0x70, 0x0d, 0xbe, 0x03, 0x70, 0x0d, 0xbe,
  0xfe, 0x5f, 0x0d, 0xbe, 0xfe, 0x5f, 0x0d, 0xbe, 0xfe, 0x5f, 0x0d, 0xbe,
  0xfe, 0x5f, 0x0d, 0xbe, 0xfe, 0x5f, 0x0d, 0xbe, 0x02, 0x48, 0x0d, 0xbe,
  0x02, 0x48, 0x0d, 0xbe, 0x02, 0x48, 0x0d, 0xbe, 0x06, 0xf0, 0xdb, 0xbd,
  0xff, 0xff, 0x66, 0xbd, 0x00, 0x80, 0x2f, 0xbd, 0x00, 0x00, 0x42, 0xbd,
  0x00, 0xe0, 0x3b, 0xbd, 0x01, 0xa0, 0x3d, 0xbd, 0x00, 0xe0, 0x3c, 0xbd,
  0x00, 0xe0, 0x3c, 0xbd, 0x00, 0xe0, 0x3c, 0xbd, 0x00, 0xe0, 0x3c, 0xbd,
  0x00, 0xe0, 0x3c, 0xbd, 0x00, 0xe0, 0x3c, 0xbd, 0x00, 0xe0, 0x3c, 0xbd,
  0x01, 0x80, 0x3c, 0xbd, 0x01, 0x80, 0x3c, 0xbd, 0x01, 0x80, 0x3c, 0xbd,
  0x01, 0x80, 0x3c, 0xbd, 0x01, 0x80, 0x3c, 0xbd, 0x01, 0x80, 0x3c, 0xbd,
  0xff, 0xaf, 0xb1, 0xbd, 0x03, 0x50, 0x1e, 0xbe, 0xff, 0xe7, 0x30, 0xbe,
  0xfd, 0xbf, 0x2a, 0xbe, 0x02, 0xc0, 0x2c, 0xbe, 0x03, 0x00, 0x2c, 0xbe,
  0xff, 0x47, 0x2c, 0xbe, 0x03, 0x30, 0x2c, 0xbe, 0x03, 0x30, 0x2c, 0xbe,
  0x03, 0x30, 0x2c, 0xbe, 0x03, 0x30, 0x2c, 0xbe, 0x00, 0x18, 0x2c, 0xbe,
  0x00, 0x18, 0x2c, 0xbe, 0x00, 0x18, 0x2c, 0xbe, 0x00, 0x18, 0x2c, 0xbe,
  0x00, 0x18, 0x2c, 0xbe, 0x00, 0x18, 0x2c, 0xbe, 0x03, 0x00, 0x2c, 0xbe,
  0x03, 0x00, 0x2c, 0xbe, 0xff, 0x57, 0x82, 0xbe, 0x01, 0x40, 0xcc, 0xbe,
  0x01, 0xfc, 0xdf, 0xbe, 0x01, 0x68, 0xd9, 0xbe, 0xff, 0x93, 0xdb, 0xbe,
  0x01, 0xd0, 0xda, 0xbe, 0x01, 0x14, 0xdb, 0xbe, 0xff, 0xf3, 0xda, 0xbe,
  0x01, 0x00, 0xdb, 0xbe, 0xff, 0xf3, 0xda, 0xbe, 0xff, 0xf3, 0xda, 0xbe,
  0xff, 0xf3, 0xda, 0xbe, 0x01, 0xe8, 0xda, 0xbe, 0x01, 0xe8, 0xda, 0xbe,
  0x01, 0xe8, 0xda, 0xbe, 0xff, 0xdb, 0xda, 0xbe, 0xff, 0xdb, 0xda, 0xbe,
  0xff, 0xdb, 0xda, 0xbe, 0x00, 0xa2, 0x10, 0xbf, 0x00, 0x54, 0x4b, 0xbf,
  0x00, 0xfa, 0x5a, 0xbf, 0x01, 0xc2, 0x55, 0xbf, 0xff, 0x7b, 0x57, 0xbf,
  0x00, 0xe4, 0x56, 0xbf, 0x00, 0x14, 0x57, 0xbf, 0x00, 0xfc, 0x56, 0xbf,
  0x01, 0x02, 0x57, 0xbf, 0x00, 0xfc, 0x56, 0xbf, 0x01, 0xf6, 0x56, 0xbf,
  0x01, 0xf6, 0x56, 0xbf, 0x00, 0xf0, 0x56, 0xbf, 0x01, 0xea, 0x56, 0xbf,
  0x01, 0xea, 0x56, 0xbf, 0x00, 0xe4, 0x56, 0xbf, 0x01, 0xde, 0x56, 0xbf,
  0x01, 0xde, 0x56, 0xbf, 0x00, 0xda, 0x56, 0xbf, 0x02, 0x00, 0x7e, 0xbe
};
unsigned int src_CHIP_2_bin_len = 19200;
