unsigned char src_CHIP_1_bin[] = {
  0x00, 0x34, 0x37, 0x3f, 0x00, 0xfe, 0x7f, 0x3f, 0x00, 0xbc, 0x67, 0x3f,
  0xff, 0xd5, 0x6f, 0x3f, 0xff, 0x1f, 0x6d, 0x3f, 0x00, 0x0a, 0x6e, 0x3f,
  0x00, 0xba, 0x6d, 0x3f, 0x00, 0xd4, 0x6d, 0x3f, 0x00, 0xca, 0x6d, 0x3f,
  0x00, 0xca, 0x6d, 0x3f, 0x00, 0xca, 0x6d, 0x3f, 0x00, 0xca, 0x6d, 0x3f,
  0x00, 0xca, 0x6d, 0x3f, 0x00, 0xca, 0x6d, 0x3f, 0x00, 0xca, 0x6d, 0x3f,
  0x00, 0xca, 0x6d, 0x3f, 0x00, 0xca, 0x6d, 0x3f, 0x00, 0xca, 0x6d, 0x3f,
  0x00, 0xe8, 0x61, 0x3f, 0x00, 0x14, 0x4e, 0x3f, 0x00, 0xd0, 0x48, 0x3f,
  0xff, 0x8b, 0x4a, 0x3f, 0x00, 0xf8, 0x49, 0x3f, 0x00, 0x2c, 0x4a, 0x3f,
  0x00, 0x18, 0x4a, 0x3f, 0x00, 0x22, 0x4a, 0x3f, 0x00, 0x22, 0x4a, 0x3f,
  0x00, 0x22, 0x4a, 0x3f, 0x00, 0x22, 0x4a, 0x3f, 0x00, 0x22, 0x4a, 0x3f,
  0x00, 0x22, 0x4a, 0x3f, 0x00, 0x22, 0x4a, 0x3f, 0x00, 0x22, 0x4a, 0x3f,
  0x00, 0x22, 0x4a, 0x3f, 0x00, 0x22, 0x4a, 0x3f, 0x00, 0x22, 0x4a, 0x3f,
  0xff, 0xe7, 0x3c, 0x3f, 0x01, 0xe0, 0x26, 0x3f, 0xff, 0xff, 0x20, 0x3f,
  0x00, 0xf8, 0x22, 0x3f, 0x00, 0x4e, 0x22, 0x3f, 0x00, 0x88, 0x22, 0x3f,
  0x00, 0x74, 0x22, 0x3f, 0x01, 0x78, 0x22, 0x3f, 0x01, 0x78, 0x22, 0x3f,
  0x01, 0x78, 0x22, 0x3f, 0x01, 0x78, 0x22, 0x3f, 0x01, 0x78, 0x22, 0x3f,
  0x01, 0x78, 0x22, 0x3f, 0x01, 0x78, 0x22, 0x3f, 0x01, 0x78, 0x22, 0x3f,
  0x01, 0x78, 0x22, 0x3f, 0x01, 0x78, 0x22, 0x3f, 0x01, 0x78, 0x22, 0x3f,
  0x01, 0x78, 0x22, 0x3f, 0x00, 0x88, 0x1a, 0x3f, 0x00, 0x54, 0x0d, 0x3f,
  0x00, 0xd0, 0x09, 0x3f, 0xff, 0xfd, 0x0a, 0x3f, 0x00, 0x9e, 0x0a, 0x3f,
  0x01, 0xbe, 0x0a, 0x3f, 0x00, 0xb4, 0x0a, 0x3f, 0x00, 0xb4, 0x0a, 0x3f,
  0x00, 0xb4, 0x0a, 0x3f, 0x00, 0xb4, 0x0a, 0x3f, 0x00, 0xb4, 0x0a, 0x3f,
  0x00, 0xb4, 0x0a, 0x3f, 0x00, 0xb4, 0x0a, 0x3f, 0x00, 0xb4, 0x0a, 0x3f,
  0x00, 0xb4, 0x0a, 0x3f, 0x00, 0xb4, 0x0a, 0x3f, 0x00, 0xb4, 0x0a, 0x3f,
  0x00, 0xb4, 0x0a, 0x3f, 0x00, 0xb4, 0x0a, 0x3f, 0x01, 0xbc, 0x06, 0x3f,
  0x01, 0x1e, 0x00, 0x3f, 0xff, 0xbb, 0xfc, 0x3e, 0x01, 0xec, 0xfd, 0x3e,
  0xff, 0x8b, 0xfd, 0x3e, 0xfe, 0xa3, 0xfd, 0x3e, 0xfe, 0xa3, 0xfd, 0x3e,
  0xfe, 0xa3, 0xfd, 0x3e, 0xfe, 0xa3, 0xfd, 0x3e, 0xfe, 0xa3, 0xfd, 0x3e,
  0xfe, 0xa3, 0xfd, 0x3e, 0xfe, 0xa3, 0xfd, 0x3e, 0xfe, 0xa3, 0xfd, 0x3e,
  0xfe, 0xa3, 0xfd, 0x3e, 0xfe, 0xa3, 0xfd, 0x3e, 0xfe, 0xa3, 0xfd, 0x3e,
  0xfe, 0xa3, 0xfd, 0x3e, 0xfe, 0xa3, 0xfd, 0x3e, 0xfe, 0xa3, 0xfd, 0x3e,
  0x00, 0x58, 0xf8, 0x3e, 0x00, 0x8c, 0xef, 0x3e, 0x01, 0x38, 0xed, 0x3e,
  0x00, 0xf8, 0xed, 0x3e, 0xff, 0xb7, 0xed, 0x3e, 0xff, 0xcb, 0xed, 0x3e,
  0xff, 0xcb, 0xed, 0x3e, 0xff, 0xcb, 0xed, 0x3e, 0xff, 0xcb, 0xed, 0x3e,
  0xff, 0xcb, 0xed, 0x3e, 0xff, 0xcb, 0xed, 0x3e, 0xff, 0xcb, 0xed, 0x3e,
  0xff, 0xcb, 0xed, 0x3e, 0xff, 0xcb, 0xed, 0x3e, 0xff, 0xcb, 0xed, 0x3e,
  0xff, 0xcb, 0xed, 0x3e, 0xff, 0xcb, 0xed, 0x3e, 0xff, 0xcb, 0xed, 0x3e,
  0x02, 0x28, 0xeb, 0x3e, 0x01, 0xbc, 0xe6, 0x3e, 0x01, 0x94, 0xe5, 0x3e,
  0x00, 0xf4, 0xe5, 0x3e, 0x01, 0xd4, 0xe5, 0x3e, 0x00, 0xe0, 0xe5, 0x3e,
  0x01, 0xd4, 0xe5, 0x3e, 0x00, 0xe0, 0xe5, 0x3e, 0x00, 0xe0, 0xe5, 0x3e,
  0x00, 0xe0, 0xe5, 0x3e, 0x00, 0xe0, 0xe5, 0x3e, 0x00, 0xe0, 0xe5, 0x3e,
  0x00, 0xe0, 0xe5, 0x3e, 0x00, 0xe0, 0xe5, 0x3e, 0x00, 0xe0, 0xe5, 0x3e,
  0x00, 0xe0, 0xe5, 0x3e, 0x00, 0xe0, 0xe5, 0x3e, 0x00, 0xe0, 0xe5, 0x3e,
  0x00, 0xe0, 0xe5, 0x3e, 0x02, 0x28, 0xeb, 0x3e, 0x01, 0xf8, 0xf3, 0x3e,
  0x00, 0x50, 0xf6, 0x3e, 0x00, 0x80, 0xf5, 0x3e, 0x02, 0xbc, 0xf5, 0x3e,
  0x01, 0xa8, 0xf5, 0x3e, 0x02, 0xbc, 0xf5, 0x3e, 0xff, 0xb3, 0xf5, 0x3e,
  0xff, 0xb3, 0xf5, 0x3e, 0xff, 0xb3, 0xf5, 0x3e, 0xff, 0xb3, 0xf5, 0x3e,
  0xff, 0xb3, 0xf5, 0x3e, 0xff, 0xb3, 0xf5, 0x3e, 0xff, 0xb3, 0xf5, 0x3e,
  0xff, 0xb3, 0xf5, 0x3e, 0xff, 0xb3, 0xf5, 0x3e, 0xff, 0xb3, 0xf5, 0x3e,
  0xff, 0xb3, 0xf5, 0x3e, 0xff, 0xb3, 0xf5, 0x3e, 0x01, 0x1e, 0x00, 0x3f,
  0x00, 0xf2, 0x08, 0x3f, 0x00, 0x48, 0x0b, 0x3f, 0x00, 0x7e, 0x0a, 0x3f,
  0x01, 0xc8, 0x0a, 0x3f, 0x00, 0xaa, 0x0a, 0x3f, 0x00, 0xb4, 0x0a, 0x3f,
  0x00, 0xb4, 0x0a, 0x3f, 0x00, 0xb4, 0x0a, 0x3f, 0x00, 0xb4, 0x0a, 0x3f,
  0x00, 0xb4, 0x0a, 0x3f, 0x00, 0xb4, 0x0a, 0x3f, 0x00, 0xb4, 0x0a, 0x3f,
  0x00, 0xb4, 0x0a, 0x3f, 0x00, 0xb4, 0x0a, 0x3f, 0x00, 0xb4, 0x0a, 0x3f,
  0x00, 0xb4, 0x0a, 0x3f, 0x00, 0xb4, 0x0a, 0x3f, 0x00, 0xb4, 0x0a, 0x3f,
  0x00, 0x9e, 0x12, 0x3f, 0x00, 0xd4, 0x1f, 0x3f, 0x00, 0x56, 0x23, 0x3f,
  0x00, 0x2e, 0x22, 0x3f, 0x00, 0x94, 0x22, 0x3f, 0x00, 0x74, 0x22, 0x3f,
  0x00, 0x7e, 0x22, 0x3f, 0x01, 0x78, 0x22, 0x3f, 0x01, 0x78, 0x22, 0x3f,
  0x01, 0x78, 0x22, 0x3f, 0x01, 0x78, 0x22, 0x3f, 0x01, 0x78, 0x22, 0x3f,
  0x01, 0x78, 0x22, 0x3f, 0x01, 0x78, 0x22, 0x3f, 0x01, 0x78, 0x22, 0x3f,
  0x01, 0x78, 0x22, 0x3f, 0x01, 0x78, 0x22, 0x3f, 0x01, 0x78, 0x22, 0x3f,
  0x00, 0x1e, 0x25, 0x3f, 0x01, 0x8a, 0x29, 0x3f, 0x00, 0xb8, 0x2a, 0x3f,
  0xff, 0x53, 0x2a, 0x3f, 0x01, 0x78, 0x2a, 0x3f, 0x00, 0x68, 0x2a, 0x3f,
  0x01, 0x6e, 0x2a, 0x3f, 0x01, 0x6e, 0x2a, 0x3f, 0x01, 0x6e, 0x2a, 0x3f,
  0x01, 0x6e, 0x2a, 0x3f, 0x01, 0x6e, 0x2a, 0x3f, 0x01, 0x6e, 0x2a, 0x3f,
  0x01, 0x6e, 0x2a, 0x3f, 0x01, 0x6e, 0x2a, 0x3f, 0x01, 0x6e, 0x2a, 0x3f,
  0x01, 0x6e, 0x2a, 0x3f, 0x01, 0x6e, 0x2a, 0x3f, 0x01, 0x6e, 0x2a, 0x3f,
  0x01, 0x6e, 0x2a, 0x3f, 0x00, 0x58, 0x32, 0x3f, 0x00, 0x8e, 0x3f, 0x3f,
  0xff, 0x15, 0x43, 0x3f, 0x00, 0xe8, 0x41, 0x3f, 0x01, 0x4c, 0x42, 0x3f,
  0x00, 0x2e, 0x42, 0x3f, 0x00, 0x38, 0x42, 0x3f, 0xff, 0x31, 0x42, 0x3f,
  0x00, 0x38, 0x42, 0x3f, 0xff, 0x31, 0x42, 0x3f, 0xff, 0x31, 0x42, 0x3f,
  0xff, 0x31, 0x42, 0x3f, 0xff, 0x31, 0x42, 0x3f, 0xff, 0x31, 0x42, 0x3f,
  0xff, 0x31, 0x42, 0x3f, 0xff, 0x31, 0x42, 0x3f, 0xff, 0x31, 0x42, 0x3f,
  0xff, 0x31, 0x42, 0x3f, 0xff, 0x31, 0x42, 0x3f, 0x01, 0x2a, 0x46, 0x3f,
  0x00, 0xc2, 0x4c, 0x3f, 0x01, 0x84, 0x4e, 0x3f, 0x01, 0xf0, 0x4d, 0x3f,
  0x00, 0x24, 0x4e, 0x3f, 0xff, 0x0f, 0x4e, 0x3f, 0x00, 0x14, 0x4e, 0x3f,
  0x00, 0x14, 0x4e, 0x3f, 0x00, 0x14, 0x4e, 0x3f, 0x00, 0x14, 0x4e, 0x3f,
  0x00, 0x14, 0x4e, 0x3f, 0x00, 0x14, 0x4e, 0x3f, 0x00, 0x14, 0x4e, 0x3f,
  0x00, 0x14, 0x4e, 0x3f, 0x00, 0x14, 0x4e, 0x3f, 0x00, 0x14, 0x4e, 0x3f,
  0x00, 0x14, 0x4e, 0x3f, 0x00, 0x14, 0x4e, 0x3f, 0x00, 0x14, 0x4e, 0x3f,
  0x01, 0xb2, 0x54, 0x3f, 0xff, 0xb5, 0x5f, 0x3f, 0x01, 0xa6, 0x62, 0x3f,
  0x01, 0xac, 0x61, 0x3f, 0x01, 0xfc, 0x61, 0x3f, 0xff, 0xe1, 0x61, 0x3f,
  0x00, 0xec, 0x61, 0x3f, 0x00, 0xe8, 0x61, 0x3f, 0x00, 0xec, 0x61, 0x3f,
  0x00, 0xe8, 0x61, 0x3f, 0x00, 0xe8, 0x61, 0x3f, 0x00, 0xe8, 0x61, 0x3f,
  0x00, 0xe8, 0x61, 0x3f, 0x00, 0xe8, 0x61, 0x3f, 0x00, 0xe8, 0x61, 0x3f,
  0x00, 0xe8, 0x61, 0x3f, 0x00, 0xe8, 0x61, 0x3f, 0x00, 0xe8, 0x61, 0x3f,
  0x00, 0x32, 0x67, 0x3f, 0x00, 0x00, 0x70, 0x3f, 0x01, 0x56, 0x72, 0x3f,
  0xff, 0x91, 0x71, 0x3f, 0xff, 0xd5, 0x71, 0x3f, 0x00, 0xbc, 0x71, 0x3f,
  0x01, 0xc2, 0x71, 0x3f, 0x01, 0xc2, 0x71, 0x3f, 0x01, 0xc2, 0x71, 0x3f,
  0x01, 0xc2, 0x71, 0x3f, 0x01, 0xc2, 0x71, 0x3f, 0x01, 0xc2, 0x71, 0x3f,
  0x01, 0xc2, 0x71, 0x3f, 0x01, 0xc2, 0x71, 0x3f, 0x01, 0xc2, 0x71, 0x3f,
  0x01, 0xc2, 0x71, 0x3f, 0x01, 0xc2, 0x71, 0x3f, 0x01, 0xc2, 0x71, 0x3f,
  0x01, 0xc2, 0x71, 0x3f, 0xff, 0x8d, 0x1a, 0x3f, 0xff, 0x5f, 0x13, 0x3d,
  0xfa, 0x3f, 0xec, 0xbd, 0x00, 0xf0, 0x84, 0xbd, 0x00, 0x50, 0xa7, 0xbd,
  0x00, 0xe0, 0x9b, 0xbd, 0x00, 0xb0, 0x9f, 0xbd, 0x00, 0x60, 0x9e, 0xbd,
  0x00, 0xb0, 0x9e, 0xbd, 0x00, 0xb0, 0x9e, 0xbd, 0x00, 0xb0, 0x9e, 0xbd,
  0x00, 0xb0, 0x9e, 0xbd, 0x00, 0xb0, 0x9e, 0xbd, 0x00, 0xb0, 0x9e, 0xbd,
  0x00, 0xb0, 0x9e, 0xbd, 0x00, 0xb0, 0x9e, 0xbd, 0x00, 0xb0, 0x9e, 0xbd,
  0x00, 0xb0, 0x9e, 0xbd, 0x00, 0xb0, 0x9e, 0xbd, 0x00, 0xb0, 0xb3, 0xbd,
  0x02, 0x10, 0xd7, 0xbd, 0xff, 0x5f, 0xe0, 0xbd, 0x05, 0x60, 0xdd, 0xbd,
  0xfa, 0x5f, 0xde, 0xbd, 0xfb, 0xff, 0xdd, 0xbd, 0xfb, 0xff, 0xdd, 0xbd,
  0xfb, 0xff, 0xdd, 0xbd, 0xfb, 0xff, 0xdd, 0xbd, 0xfb, 0xff, 0xdd, 0xbd,
  0xfb, 0xff, 0xdd, 0xbd, 0xfb, 0xff, 0xdd, 0xbd, 0xfb, 0xff, 0xdd, 0xbd,
  0xfb, 0xff, 0xdd, 0xbd, 0xfb, 0xff, 0xdd, 0xbd, 0xfb, 0xff, 0xdd, 0xbd,
  0xfb, 0xff, 0xdd, 0xbd, 0xfb, 0xff, 0xdd, 0xbd, 0xfb, 0xff, 0xdd, 0xbd,
  0x03, 0x58, 0x19, 0xbe, 0x02, 0xc8, 0x5f, 0xbe, 0x02, 0xa0, 0x72, 0xbe,
  0xfd, 0x57, 0x6c, 0xbe, 0x00, 0x68, 0x6e, 0xbe, 0xfe, 0xbf, 0x6d, 0xbe,
  0x02, 0x00, 0x6e, 0xbe, 0x01, 0xd8, 0x6d, 0xbe, 0xff, 0xe7, 0x6d, 0xbe,
  0xff, 0xe7, 0x6d, 0xbe, 0xff, 0xe7, 0x6d, 0xbe, 0xff, 0xe7, 0x6d, 0xbe,
  0xff, 0xe7, 0x6d, 0xbe, 0xff, 0xe7, 0x6d, 0xbe, 0xff, 0xe7, 0x6d, 0xbe,
  0xff, 0xe7, 0x6d, 0xbe, 0xff, 0xe7, 0x6d, 0xbe, 0xff, 0xe7, 0x6d, 0xbe,
  0xfe, 0xcb, 0x86, 0xbe, 0x00, 0x40, 0xa1, 0xbe, 0x01, 0x3c, 0xa8, 0xbe,
  0x01, 0xec, 0xa5, 0xbe, 0x00, 0xa8, 0xa6, 0xbe, 0xff, 0x6b, 0xa6, 0xbe,
  0x00, 0x80, 0xa6, 0xbe, 0x00, 0x80, 0xa6, 0xbe, 0x00, 0x80, 0xa6, 0xbe,
  0x00, 0x80, 0xa6, 0xbe, 0x00, 0x80, 0xa6, 0xbe, 0x00, 0x80, 0xa6, 0xbe,
  0x00, 0x80, 0xa6, 0xbe, 0x00, 0x80, 0xa6, 0xbe, 0x00, 0x80, 0xa6, 0xbe,
  0x00, 0x80, 0xa6, 0xbe, 0x00, 0x80, 0xa6, 0xbe, 0x00, 0x80, 0xa6, 0xbe,
  0x00, 0x80, 0xa6, 0xbe, 0x00, 0xa8, 0xbb, 0xbe, 0xff, 0xdf, 0xde, 0xbe,
  0x02, 0x50, 0xe8, 0xbe, 0x01, 0x20, 0xe5, 0xbe, 0xff, 0x27, 0xe6, 0xbe,
  0x01, 0xd4, 0xe5, 0xbe, 0x00, 0xf4, 0xe5, 0xbe, 0xff, 0xe7, 0xe5, 0xbe,
  0xff, 0xe7, 0xe5, 0xbe, 0xff, 0xe7, 0xe5, 0xbe, 0xff, 0xe7, 0xe5, 0xbe,
  0xff, 0xe7, 0xe5, 0xbe, 0xff, 0xe7, 0xe5, 0xbe, 0xff, 0xe7, 0xe5, 0xbe,
  0xff, 0xe7, 0xe5, 0xbe, 0xff, 0xe7, 0xe5, 0xbe, 0xff, 0xe7, 0xe5, 0xbe,
  0xff, 0xe7, 0xe5, 0xbe, 0xff, 0xe7, 0xe5, 0xbe, 0x01, 0x2a, 0x00, 0xbf,
  0x00, 0x2c, 0x16, 0xbf, 0x00, 0x0c, 0x1c, 0xbf, 0x00, 0x14, 0x1a, 0xbf,
  0x01, 0xbe, 0x1a, 0xbf, 0x00, 0x88, 0x1a, 0xbf, 0xff, 0x97, 0x1a, 0xbf,
  0x00, 0x94, 0x1a, 0xbf, 0x00, 0x94, 0x1a, 0xbf, 0x00, 0x94, 0x1a, 0xbf,
  0x00, 0x94, 0x1a, 0xbf, 0x00, 0x94, 0x1a, 0xbf, 0x00, 0x94, 0x1a, 0xbf,
  0x00, 0x94, 0x1a, 0xbf, 0x00, 0x94, 0x1a, 0xbf, 0x00, 0x94, 0x1a, 0xbf,
  0x00, 0x94, 0x1a, 0xbf, 0x00, 0x94, 0x1a, 0xbf, 0x00, 0x94, 0x1a, 0xbf,
  0xff, 0xd5, 0x23, 0xbf, 0xff, 0x41, 0x33, 0xbf, 0x00, 0x5e, 0x37, 0xbf,
  0x00, 0x00, 0x36, 0xbf, 0xff, 0x75, 0x36, 0xbf, 0x01, 0x4a, 0x36, 0xbf,
  0xff, 0x5f, 0x36, 0xbf, 0x01, 0x56, 0x36, 0xbf, 0x01, 0x56, 0x36, 0xbf,
  0x01, 0x56, 0x36, 0xbf, 0x01, 0x56, 0x36, 0xbf, 0x01, 0x56, 0x36, 0xbf,
  0x01, 0x56, 0x36, 0xbf, 0x01, 0x56, 0x36, 0xbf, 0x01, 0x56, 0x36, 0xbf,
  0x01, 0x56, 0x36, 0xbf, 0x01, 0x56, 0x36, 0xbf, 0x01, 0x56, 0x36, 0xbf,
  0x00, 0xe2, 0x44, 0xbf, 0xff, 0x15, 0x5d, 0xbf, 0x01, 0x94, 0x63, 0xbf,
  0x01, 0x68, 0x61, 0xbf, 0x00, 0x22, 0x62, 0xbf, 0xff, 0xe1, 0x61, 0xbf,
  0x00, 0xf6, 0x61, 0xbf, 0x00, 0xf2, 0x61, 0xbf, 0x00, 0xf2, 0x61, 0xbf,
  0x00, 0xf2, 0x61, 0xbf, 0x00, 0xf2, 0x61, 0xbf, 0x00, 0xf2, 0x61, 0xbf,
  0x00, 0xf2, 0x61, 0xbf, 0x00, 0xf2, 0x61, 0xbf, 0x00, 0xf2, 0x61, 0xbf,
  0x00, 0xf2, 0x61, 0xbf, 0x00, 0xf2, 0x61, 0xbf, 0x00, 0xf2, 0x61, 0xbf,
  0x00, 0xf2, 0x61, 0xbf, 0x00, 0x40, 0x63, 0xbf, 0x00, 0x76, 0x65, 0xbf,
  0x00, 0x0a, 0x66, 0xbf, 0x00, 0xe0, 0x65, 0xbf, 0x00, 0xea, 0x65, 0xbf,
  0x00, 0xea, 0x65, 0xbf, 0x00, 0xea, 0x65, 0xbf, 0x00, 0xea, 0x65, 0xbf,
  0x00, 0xea, 0x65, 0xbf, 0x00, 0xea, 0x65, 0xbf, 0x00, 0xea, 0x65, 0xbf,
  0x00, 0xea, 0x65, 0xbf, 0x00, 0xea, 0x65, 0xbf, 0x00, 0xea, 0x65, 0xbf,
  0x00, 0xea, 0x65, 0xbf, 0x00, 0xea, 0x65, 0xbf, 0x00, 0xea, 0x65, 0xbf,
  0x00, 0xea, 0x65, 0xbf, 0x00, 0xea, 0x65, 0xbf, 0x00, 0xea, 0x65, 0xbf,
  0x00, 0xea, 0x65, 0xbf, 0x00, 0xea, 0x65, 0xbf, 0x00, 0xea, 0x65, 0xbf,
  0x00, 0xea, 0x65, 0xbf, 0x00, 0xea, 0x65, 0xbf, 0x00, 0xea, 0x65, 0xbf,
  0x00, 0xea, 0x65, 0xbf, 0x00, 0xea, 0x65, 0xbf, 0x00, 0xea, 0x65, 0xbf,
  0x00, 0xea, 0x65, 0xbf, 0x00, 0xea, 0x65, 0xbf, 0x00, 0xea, 0x65, 0xbf,
  0x00, 0xea, 0x65, 0xbf, 0x00, 0xea, 0x65, 0xbf, 0x00, 0xea, 0x65, 0xbf,
  0x00, 0xea, 0x65, 0xbf, 0x00, 0xea, 0x65, 0xbf, 0x00, 0xea, 0x65, 0xbf,
  0x00, 0xd4, 0x6d, 0xbf, 0xff, 0x09, 0x7b, 0xbf, 0xff, 0x8b, 0x7e, 0xbf,
  0x00, 0x64, 0x7d, 0xbf, 0x00, 0xc8, 0x7d, 0xbf, 0x00, 0xa4, 0x7d, 0xbf,
  0xff, 0xb3, 0x7d, 0xbf, 0x00, 0xae, 0x7d, 0xbf, 0x00, 0xae, 0x7d, 0xbf,
  0x00, 0xae, 0x7d, 0xbf, 0x00, 0xae, 0x7d, 0xbf, 0x00, 0xae, 0x7d, 0xbf,
  0x00, 0xae, 0x7d, 0xbf, 0x00, 0xae, 0x7d, 0xbf, 0x00, 0xae, 0x7d, 0xbf,
  0x00, 0xae, 0x7d, 0xbf, 0x00, 0xae, 0x7d, 0xbf, 0x00, 0xae, 0x7d, 0xbf,
  0x00, 0xae, 0x7d, 0xbf, 0x00, 0xae, 0x7d, 0xbf, 0x00, 0xae, 0x7d, 0xbf,
  0x00, 0xae, 0x7d, 0xbf, 0x00, 0xae, 0x7d, 0xbf, 0x00, 0xae, 0x7d, 0xbf,
  0x00, 0xae, 0x7d, 0xbf, 0x00, 0xae, 0x7d, 0xbf, 0x00, 0xae, 0x7d, 0xbf,
  0x00, 0xae, 0x7d, 0xbf, 0x00, 0xae, 0x7d, 0xbf, 0x00, 0xae, 0x7d, 0xbf,
  0x00, 0xae, 0x7d, 0xbf, 0x00, 0xae, 0x7d, 0xbf, 0x00, 0xae, 0x7d, 0xbf,
  0x00, 0xae, 0x7d, 0xbf, 0x00, 0xae, 0x7d, 0xbf, 0x00, 0xae, 0x7d, 0xbf,
  0x00, 0xae, 0x7d, 0xbf, 0x00, 0xae, 0x7d, 0xbf, 0x00, 0xae, 0x7d, 0xbf,
  0x00, 0xae, 0x7d, 0xbf, 0x00, 0xae, 0x7d, 0xbf, 0x00, 0xae, 0x7d, 0xbf,
  0x00, 0xae, 0x7d, 0xbf, 0x00, 0xae, 0x7d, 0xbf, 0x00, 0xae, 0x7d, 0xbf,
  0x00, 0xae, 0x7d, 0xbf, 0x00, 0xae, 0x7d, 0xbf, 0x00, 0xae, 0x7d, 0xbf,
  0x00, 0xae, 0x7d, 0xbf, 0x00, 0xae, 0x7d, 0xbf, 0x00, 0xae, 0x7d, 0xbf,
  0x00, 0xae, 0x7d, 0xbf, 0x00, 0xae, 0x7d, 0xbf, 0x00, 0xae, 0x7d, 0xbf,
  0x00, 0xae, 0x7d, 0xbf, 0x00, 0xae, 0x7d, 0xbf, 0x00, 0xae, 0x7d, 0xbf,
  0x00, 0xae, 0x7d, 0xbf, 0x00, 0xae, 0x7d, 0xbf, 0x00, 0xae, 0x7d, 0xbf,
  0x00, 0xae, 0x7d, 0xbf, 0x00, 0xae, 0x7d, 0xbf, 0x00, 0xae, 0x7d, 0xbf,
  0x00, 0xae, 0x7d, 0xbf, 0x00, 0xae, 0x7d, 0xbf, 0x00, 0xae, 0x7d, 0xbf,
  0x00, 0xae, 0x7d, 0xbf, 0x00, 0xae, 0x7d, 0xbf, 0x00, 0xae, 0x7d, 0xbf,
  0x00, 0xae, 0x7d, 0xbf, 0x00, 0xae, 0x7d, 0xbf, 0x00, 0xae, 0x7d, 0xbf,
  0x00, 0xae, 0x7d, 0xbf, 0x00, 0xae, 0x7d, 0xbf, 0x00, 0xae, 0x7d, 0xbf,
  0x00, 0xae, 0x7d, 0xbf, 0x00, 0xae, 0x7d, 0xbf, 0x00, 0xae, 0x7d, 0xbf,
  0x00, 0xae, 0x7d, 0xbf, 0x00, 0xae, 0x7d, 0xbf, 0x00, 0xae, 0x7d, 0xbf,
  0x00, 0xae, 0x7d, 0xbf, 0x00, 0xae, 0x7d, 0xbf, 0x00, 0xae, 0x7d, 0xbf,
  0x00, 0xae, 0x7d, 0xbf, 0x00, 0xae, 0x7d, 0xbf, 0x00, 0xae, 0x7d, 0xbf,
  0x00, 0xae, 0x7d, 0xbf, 0x00, 0xae, 0x7d, 0xbf, 0x00, 0xae, 0x7d, 0xbf,
  0x00, 0xae, 0x7d, 0xbf, 0x00, 0xae, 0x7d, 0xbf, 0x00, 0xae, 0x7d, 0xbf,
  0x00, 0xae, 0x7d, 0xbf, 0x00, 0xae, 0x7d, 0xbf, 0x00, 0xae, 0x7d, 0xbf,
  0x00, 0xae, 0x7d, 0xbf, 0x00, 0xae, 0x7d, 0xbf, 0x00, 0xae, 0x7d, 0xbf,
  0x00, 0xae, 0x7d, 0xbf, 0x00, 0xae, 0x7d, 0xbf, 0x00, 0xae, 0x7d, 0xbf,
  0x00, 0xae, 0x7d, 0xbf, 0x00, 0xae, 0x7d, 0xbf, 0x00, 0xae, 0x7d, 0xbf,
  0x00, 0xae, 0x7d, 0xbf, 0x00, 0xae, 0x7d, 0xbf, 0x00, 0xae, 0x7d, 0xbf,
  0x00, 0xae, 0x7d, 0xbf, 0x00, 0xae, 0x7d, 0xbf, 0x00, 0xae, 0x7d, 0xbf,
  0x00, 0xae, 0x7d, 0xbf, 0x00, 0xae, 0x7d, 0xbf, 0x00, 0xae, 0x7d, 0xbf,
  0x00, 0xae, 0x7d, 0xbf, 0x00, 0xae, 0x7d, 0xbf, 0x00, 0xae, 0x7d, 0xbf,
  0x00, 0xae, 0x7d, 0xbf, 0x00, 0xae, 0x7d, 0xbf, 0x00, 0xae, 0x7d, 0xbf,
  0x00, 0xae, 0x7d, 0xbf, 0x00, 0xae, 0x7d, 0xbf, 0x00, 0xae, 0x7d, 0xbf,
  0x00, 0xae, 0x7d, 0xbf, 0x00, 0xae, 0x7d, 0xbf, 0x00, 0xae, 0x7d, 0xbf,
  0x00, 0xae, 0x7d, 0xbf, 0x00, 0xae, 0x7d, 0xbf, 0x00, 0xae, 0x7d, 0xbf,
  0x00, 0xae, 0x7d, 0xbf, 0x00, 0xae, 0x7d, 0xbf, 0xfe, 0xaf, 0xb3, 0xbe,
  0x00, 0x50, 0x83, 0x3d, 0x00, 0x50, 0xc3, 0x3d, 0x00, 0x00, 0xae, 0x3d,
  0xff, 0x0f, 0xb5, 0x3d, 0x00, 0xd0, 0xb2, 0x3d, 0x00, 0x90, 0xb3, 0x3d,
  0x00, 0x30, 0xb3, 0x3d, 0x00, 0x30, 0xb3, 0x3d, 0x00, 0x30, 0xb3, 0x3d,
  0x00, 0x30, 0xb3, 0x3d, 0x00, 0x30, 0xb3, 0x3d, 0x00, 0x30, 0xb3, 0x3d,
  0x00, 0x30, 0xb3, 0x3d, 0x00, 0x30, 0xb3, 0x3d, 0x00, 0x30, 0xb3, 0x3d,
  0x00, 0x30, 0xb3, 0x3d, 0x00, 0x30, 0xb3, 0x3d, 0x00, 0x30, 0xb3, 0x3d,
  0xfe, 0x5f, 0x15, 0x3e, 0xff, 0x17, 0x79, 0x3e, 0x01, 0xd8, 0x89, 0x3e,
  0x01, 0x64, 0x85, 0x3e, 0x02, 0xe4, 0x86, 0x3e, 0x01, 0x60, 0x86, 0x3e,
  0x01, 0x90, 0x86, 0x3e, 0xff, 0x83, 0x86, 0x3e, 0xff, 0x83, 0x86, 0x3e,
  0xff, 0x83, 0x86, 0x3e, 0xff, 0x83, 0x86, 0x3e, 0xff, 0x83, 0x86, 0x3e,
  0xff, 0x83, 0x86, 0x3e, 0xff, 0x83, 0x86, 0x3e, 0xff, 0x83, 0x86, 0x3e,
  0xff, 0x83, 0x86, 0x3e, 0xff, 0x83, 0x86, 0x3e, 0xff, 0x83, 0x86, 0x3e,
  0xff, 0x6f, 0x95, 0x3e, 0x01, 0x60, 0xae, 0x3e, 0xff, 0x03, 0xb5, 0x3e,
  0x01, 0xd0, 0xb2, 0x3e, 0x00, 0x90, 0xb3, 0x3e, 0x00, 0x48, 0xb3, 0x3e,
  0x00, 0x60, 0xb3, 0x3e, 0xff, 0x53, 0xb3, 0x3e, 0x00, 0x60, 0xb3, 0x3e,
  0x00, 0x60, 0xb3, 0x3e, 0x00, 0x60, 0xb3, 0x3e, 0x00, 0x60, 0xb3, 0x3e,
  0x00, 0x60, 0xb3, 0x3e, 0x00, 0x60, 0xb3, 0x3e, 0x00, 0x60, 0xb3, 0x3e,
  0x00, 0x60, 0xb3, 0x3e, 0x00, 0x60, 0xb3, 0x3e, 0x00, 0x60, 0xb3, 0x3e,
  0x00, 0x60, 0xb3, 0x3e, 0xff, 0x43, 0xd1, 0x3e, 0x01, 0x8a, 0x01, 0x3f,
  0x01, 0x34, 0x08, 0x3f, 0x01, 0xfc, 0x05, 0x3f, 0x01, 0xbc, 0x06, 0x3f,
  0x00, 0x74, 0x06, 0x3f, 0xff, 0x8b, 0x06, 0x3f, 0x00, 0x86, 0x06, 0x3f,
  0xff, 0x8b, 0x06, 0x3f, 0xff, 0x8b, 0x06, 0x3f, 0xff, 0x8b, 0x06, 0x3f,
  0xff, 0x8b, 0x06, 0x3f, 0xff, 0x8b, 0x06, 0x3f, 0xff, 0x8b, 0x06, 0x3f,
  0xff, 0x8b, 0x06, 0x3f, 0xff, 0x8b, 0x06, 0x3f, 0xff, 0x8b, 0x06, 0x3f,
  0xff, 0x8b, 0x06, 0x3f, 0xff, 0x8b, 0x06, 0x3f, 0x00, 0xfa, 0x10, 0x3f,
  0xff, 0x6b, 0x22, 0x3f, 0x00, 0x14, 0x27, 0x3f, 0xff, 0x87, 0x25, 0x3f,
  0x00, 0x0c, 0x26, 0x3f, 0x00, 0xdc, 0x25, 0x3f, 0x00, 0xe8, 0x25, 0x3f,
  0x00, 0xe8, 0x25, 0x3f, 0x00, 0xe8, 0x25, 0x3f, 0x00, 0xe8, 0x25, 0x3f,
  0x00, 0xe8, 0x25, 0x3f, 0x00, 0xe8, 0x25, 0x3f, 0x00, 0xe8, 0x25, 0x3f,
  0x00, 0xe8, 0x25, 0x3f, 0x00, 0xe8, 0x25, 0x3f, 0x00, 0xe8, 0x25, 0x3f,
  0x00, 0xe8, 0x25, 0x3f, 0x00, 0xe8, 0x25, 0x3f, 0x00, 0xe8, 0x25, 0x3f,
  0x01, 0x62, 0x30, 0x3f, 0x00, 0xd4, 0x41, 0x3f, 0x00, 0x7c, 0x46, 0x3f,
  0x00, 0xf2, 0x44, 0x3f, 0x00, 0x76, 0x45, 0x3f, 0x01, 0x46, 0x45, 0x3f,
  0x00, 0x5e, 0x45, 0x3f, 0x00, 0x52, 0x45, 0x3f, 0x00, 0x52, 0x45, 0x3f,
  0x00, 0x52, 0x45, 0x3f, 0x00, 0x52, 0x45, 0x3f, 0x00, 0x52, 0x45, 0x3f,
  0x00, 0x52, 0x45, 0x3f, 0x00, 0x52, 0x45, 0x3f, 0x00, 0x52, 0x45, 0x3f,
  0x00, 0x52, 0x45, 0x3f, 0x00, 0x52, 0x45, 0x3f, 0x00, 0x52, 0x45, 0x3f,
  0xff, 0xcb, 0x4f, 0x3f, 0x00, 0x3e, 0x61, 0x3f, 0x00, 0xe0, 0x65, 0x3f,
  0xff, 0x53, 0x64, 0x3f, 0x01, 0xde, 0x64, 0x3f, 0x00, 0xae, 0x64, 0x3f,
  0xff, 0xb9, 0x64, 0x3f, 0xff, 0xb9, 0x64, 0x3f, 0xff, 0xb9, 0x64, 0x3f,
  0xff, 0xb9, 0x64, 0x3f, 0xff, 0xb9, 0x64, 0x3f, 0xff, 0xb9, 0x64, 0x3f,
  0xff, 0xb9, 0x64, 0x3f, 0xff, 0xb9, 0x64, 0x3f, 0xff, 0xb9, 0x64, 0x3f,
  0xff, 0xb9, 0x64, 0x3f, 0xff, 0xb9, 0x64, 0x3f, 0xff, 0xb9, 0x64, 0x3f,
  0xff, 0xb9, 0x64, 0x3f, 0x00, 0x3e, 0x5d, 0x3f, 0xff, 0xc5, 0x50, 0x3f,
  0x00, 0x7a, 0x4d, 0x3f, 0x00, 0x94, 0x4e, 0x3f, 0x00, 0x3a, 0x4e, 0x3f,
  0x00, 0x52, 0x4e, 0x3f, 0x00, 0x46, 0x4e, 0x3f, 0x00, 0x52, 0x4e, 0x3f,
  0x01, 0x4c, 0x4e, 0x3f, 0x01, 0x4c, 0x4e, 0x3f, 0x01, 0x4c, 0x4e, 0x3f,
  0x01, 0x4c, 0x4e, 0x3f, 0x01, 0x4c, 0x4e, 0x3f, 0x01, 0x4c, 0x4e, 0x3f,
  0x01, 0x4c, 0x4e, 0x3f, 0x01, 0x4c, 0x4e, 0x3f, 0x01, 0x4c, 0x4e, 0x3f,
  0x01, 0x4c, 0x4e, 0x3f, 0x01, 0x4c, 0x4e, 0x3f, 0xff, 0x5f, 0x36, 0x3f,
  0x00, 0x86, 0x0e, 0x3f, 0x00, 0xe0, 0x03, 0x3f, 0x01, 0x68, 0x07, 0x3f,
  0x00, 0x38, 0x06, 0x3f, 0xff, 0xa3, 0x06, 0x3f, 0x00, 0x80, 0x06, 0x3f,
  0xff, 0x8b, 0x06, 0x3f, 0xff, 0x8b, 0x06, 0x3f, 0xff, 0x8b, 0x06, 0x3f,
  0xff, 0x8b, 0x06, 0x3f, 0xff, 0x8b, 0x06, 0x3f, 0xff, 0x8b, 0x06, 0x3f,
  0xff, 0x8b, 0x06, 0x3f, 0xff, 0x8b, 0x06, 0x3f, 0xff, 0x8b, 0x06, 0x3f,
  0xff, 0x8b, 0x06, 0x3f, 0xff, 0x8b, 0x06, 0x3f, 0xff, 0x8b, 0x06, 0x3f,
  0x02, 0x28, 0xef, 0x3e, 0x00, 0x58, 0xbd, 0x3e, 0x02, 0x0c, 0xb0, 0x3e,
  0x00, 0x74, 0xb4, 0x3e, 0x01, 0x00, 0xb3, 0x3e, 0x00, 0x78, 0xb3, 0x3e,
  0xff, 0x53, 0xb3, 0x3e, 0x00, 0x60, 0xb3, 0x3e, 0xff, 0x53, 0xb3, 0x3e,
  0x00, 0x60, 0xb3, 0x3e, 0x00, 0x60, 0xb3, 0x3e, 0x00, 0x60, 0xb3, 0x3e,
  0x00, 0x60, 0xb3, 0x3e, 0x00, 0x60, 0xb3, 0x3e, 0x00, 0x60, 0xb3, 0x3e,
  0x00, 0x60, 0xb3, 0x3e, 0x00, 0x60, 0xb3, 0x3e, 0x00, 0x60, 0xb3, 0x3e,
  0xff, 0x2f, 0x75, 0x3e, 0xff, 0x5f, 0x5f, 0x3d, 0xff, 0xff, 0xa9, 0x3b,
  0x00, 0x80, 0xb0, 0x3c, 0x01, 0x40, 0x84, 0x3c, 0xfe, 0x3f, 0x93, 0x3c,
  0xfe, 0xff, 0x8d, 0x3c, 0x00, 0x80, 0x8f, 0x3c, 0x00, 0x80, 0x8f, 0x3c,
  0x00, 0x80, 0x8f, 0x3c, 0x00, 0x80, 0x8f, 0x3c, 0x00, 0x80, 0x8f, 0x3c,
  0x00, 0x80, 0x8f, 0x3c, 0x00, 0x80, 0x8f, 0x3c, 0x00, 0x80, 0x8f, 0x3c,
  0x00, 0x80, 0x8f, 0x3c, 0x00, 0x80, 0x8f, 0x3c, 0x00, 0x80, 0x8f, 0x3c,
  0x00, 0x80, 0x8f, 0x3c, 0xff, 0x1f, 0x57, 0xbd, 0xff, 0x87, 0x2d, 0xbe,
  0xfd, 0x67, 0x4d, 0xbe, 0x00, 0xa8, 0x42, 0xbe, 0x00, 0x38, 0x46, 0xbe,
  0x02, 0x18, 0x45, 0xbe, 0x02, 0x78, 0x45, 0xbe, 0x02, 0x48, 0x45, 0xbe,
  0x02, 0x78, 0x45, 0xbe, 0x02, 0x78, 0x45, 0xbe, 0x02, 0x78, 0x45, 0xbe,
  0x02, 0x78, 0x45, 0xbe, 0x02, 0x78, 0x45, 0xbe, 0x02, 0x78, 0x45, 0xbe,
  0x02, 0x78, 0x45, 0xbe, 0x02, 0x78, 0x45, 0xbe, 0x02, 0x78, 0x45, 0xbe,
  0x02, 0x78, 0x45, 0xbe, 0x02, 0x78, 0x45, 0xbe, 0xff, 0x87, 0x95, 0xbe,
  0x00, 0x3c, 0xea, 0xbe, 0x00, 0x64, 0x00, 0xbf, 0x01, 0x4c, 0xf9, 0xbe,
  0x02, 0xc8, 0xfb, 0xbe, 0x00, 0xf0, 0xfa, 0xbe, 0xff, 0x37, 0xfb, 0xbe,
  0xff, 0x1f, 0xfb, 0xbe, 0x01, 0x2c, 0xfb, 0xbe, 0xff, 0x1f, 0xfb, 0xbe,
  0xff, 0x1f, 0xfb, 0xbe, 0xff, 0x1f, 0xfb, 0xbe, 0xff, 0x1f, 0xfb, 0xbe,
  0xff, 0x1f, 0xfb, 0xbe, 0xff, 0x1f, 0xfb, 0xbe, 0xff, 0x1f, 0xfb, 0xbe,
  0xff, 0x1f, 0xfb, 0xbe, 0xff, 0x1f, 0xfb, 0xbe, 0xff, 0x1f, 0xfb, 0xbe,
  0x01, 0x8a, 0x09, 0xbf, 0x00, 0x76, 0x1d, 0xbf, 0x00, 0xcc, 0x22, 0xbf,
  0x00, 0x04, 0x21, 0xbf, 0x01, 0xa0, 0x21, 0xbf, 0x00, 0x6a, 0x21, 0xbf,
  0xff, 0x7b, 0x21, 0xbf, 0x00, 0x76, 0x21, 0xbf, 0x00, 0x76, 0x21, 0xbf,
  0x00, 0x76, 0x21, 0xbf, 0x00, 0x76, 0x21, 0xbf, 0x00, 0x76, 0x21, 0xbf,
  0x00, 0x76, 0x21, 0xbf, 0x00, 0x76, 0x21, 0xbf, 0x00, 0x76, 0x21, 0xbf,
  0x00, 0x76, 0x21, 0xbf, 0x00, 0x76, 0x21, 0xbf, 0x00, 0x76, 0x21, 0xbf,
  0x00, 0x76, 0x21, 0xbf, 0x00, 0x76, 0x21, 0xbf, 0x00, 0x76, 0x21, 0xbf,
  0x00, 0x76, 0x21, 0xbf, 0x00, 0x76, 0x21, 0xbf, 0x00, 0x76, 0x21, 0xbf,
  0x00, 0x76, 0x21, 0xbf, 0x00, 0x76, 0x21, 0xbf, 0x00, 0x76, 0x21, 0xbf,
  0x00, 0x76, 0x21, 0xbf, 0x00, 0x76, 0x21, 0xbf, 0x00, 0x76, 0x21, 0xbf,
  0x00, 0x76, 0x21, 0xbf, 0x00, 0x76, 0x21, 0xbf, 0x00, 0x76, 0x21, 0xbf,
  0x00, 0x76, 0x21, 0xbf, 0x00, 0x76, 0x21, 0xbf, 0x00, 0x76, 0x21, 0xbf,
  0x00, 0x76, 0x21, 0xbf, 0x00, 0x84, 0x15, 0xbf, 0x00, 0x90, 0x01, 0xbf,
  0x01, 0x84, 0xf8, 0xbe, 0x01, 0x10, 0xfc, 0xbe, 0x00, 0xd8, 0xfa, 0xbe,
  0x01, 0x44, 0xfb, 0xbe, 0xff, 0x1f, 0xfb, 0xbe, 0x01, 0x2c, 0xfb, 0xbe,
  0xff, 0x1f, 0xfb, 0xbe, 0xff, 0x1f, 0xfb, 0xbe, 0xff, 0x1f, 0xfb, 0xbe,
  0xff, 0x1f, 0xfb, 0xbe, 0xff, 0x1f, 0xfb, 0xbe, 0xff, 0x1f, 0xfb, 0xbe,
  0xff, 0x1f, 0xfb, 0xbe, 0xff, 0x1f, 0xfb, 0xbe, 0xff, 0x1f, 0xfb, 0xbe,
  0xff, 0x1f, 0xfb, 0xbe, 0xff, 0x1f, 0xfb, 0xbe, 0x01, 0x3c, 0xe0, 0xbe,
  0xfe, 0x6b, 0xb3, 0xbe, 0x01, 0x74, 0xa7, 0xbe, 0xfe, 0x6b, 0xab, 0xbe,
  0x01, 0x1c, 0xaa, 0xbe, 0x00, 0x94, 0xaa, 0xbe, 0x00, 0x64, 0xaa, 0xbe,
  0x00, 0x7c, 0xaa, 0xbe, 0x00, 0x7c, 0xaa, 0xbe, 0x00, 0x7c, 0xaa, 0xbe,
  0x00, 0x7c, 0xaa, 0xbe, 0x00, 0x7c, 0xaa, 0xbe, 0x00, 0x7c, 0xaa, 0xbe,
  0x00, 0x7c, 0xaa, 0xbe, 0x00, 0x7c, 0xaa, 0xbe, 0x00, 0x7c, 0xaa, 0xbe,
  0x00, 0x7c, 0xaa, 0xbe, 0x00, 0x7c, 0xaa, 0xbe, 0x00, 0x7c, 0xaa, 0xbe,
  0x01, 0x98, 0x8c, 0xbe, 0x02, 0x78, 0x35, 0xbe, 0xfe, 0xe7, 0x1a, 0xbe,
  0x02, 0xb0, 0x23, 0xbe, 0x00, 0xb8, 0x20, 0xbe, 0xff, 0xcf, 0x21, 0xbe,
  0xff, 0x6f, 0x21, 0xbe, 0xff, 0x9f, 0x21, 0xbe, 0xff, 0x6f, 0x21, 0xbe,
  0xff, 0x6f, 0x21, 0xbe, 0xff, 0x6f, 0x21, 0xbe, 0xff, 0x6f, 0x21, 0xbe,
  0xff, 0x6f, 0x21, 0xbe, 0xff, 0x6f, 0x21, 0xbe, 0xff, 0x6f, 0x21, 0xbe,
  0xff, 0x6f, 0x21, 0xbe, 0xff, 0x6f, 0x21, 0xbe, 0xff, 0x6f, 0x21, 0xbe,
  0xfd, 0x9f, 0x03, 0xbe, 0x00, 0xb0, 0xa3, 0xbd, 0x00, 0xf0, 0x88, 0xbd,
  0xff, 0xef, 0x91, 0xbd, 0x00, 0xf0, 0x8e, 0xbd, 0x00, 0x10, 0x90, 0xbd,
  0x00, 0xb0, 0x8f, 0xbd, 0x00, 0xb0, 0x8f, 0xbd, 0x00, 0xb0, 0x8f, 0xbd,
  0x00, 0xb0, 0x8f, 0xbd, 0x00, 0xb0, 0x8f, 0xbd, 0x00, 0xb0, 0x8f, 0xbd,
  0x00, 0xb0, 0x8f, 0xbd, 0x00, 0xb0, 0x8f, 0xbd, 0x00, 0xb0, 0x8f, 0xbd,
  0x00, 0xb0, 0x8f, 0xbd, 0x00, 0xb0, 0x8f, 0xbd, 0x00, 0xb0, 0x8f, 0xbd,
  0x00, 0xb0, 0x8f, 0xbd, 0xff, 0xbf, 0x6f, 0xbd, 0x01, 0x20, 0x20, 0xbd,
  0x00, 0xc0, 0x0a, 0xbd, 0x00, 0x80, 0x11, 0xbd, 0xff, 0x3f, 0x0f, 0xbd,
  0x00, 0x00, 0x10, 0xbd, 0x00, 0x00, 0x10, 0xbd, 0x00, 0x00, 0x10, 0xbd,
  0x00, 0x00, 0x10, 0xbd, 0x00, 0x00, 0x10, 0xbd, 0x00, 0x00, 0x10, 0xbd,
  0x00, 0x00, 0x10, 0xbd, 0x00, 0x00, 0x10, 0xbd, 0x00, 0x00, 0x10, 0xbd,
  0x00, 0x00, 0x10, 0xbd, 0x00, 0x00, 0x10, 0xbd, 0x00, 0x00, 0x10, 0xbd,
  0x00, 0x00, 0x10, 0xbd, 0x00, 0x00, 0x10, 0xbd, 0x00, 0xa0, 0x9b, 0xbd,
  0x02, 0x80, 0x13, 0xbe, 0xfd, 0x1f, 0x26, 0xbe, 0x01, 0xf8, 0x1f, 0xbe,
  0xfe, 0xff, 0x21, 0xbe, 0x00, 0x40, 0x21, 0xbe, 0xff, 0x9f, 0x21, 0xbe,
  0xff, 0x6f, 0x21, 0xbe, 0xff, 0x6f, 0x21, 0xbe, 0xff, 0x6f, 0x21, 0xbe,
  0xff, 0x6f, 0x21, 0xbe, 0xff, 0x6f, 0x21, 0xbe, 0xff, 0x6f, 0x21, 0xbe,
  0xff, 0x6f, 0x21, 0xbe, 0xff, 0x6f, 0x21, 0xbe, 0xff, 0x6f, 0x21, 0xbe,
  0xff, 0x6f, 0x21, 0xbe, 0xff, 0x6f, 0x21, 0xbe, 0xff, 0x6f, 0x21, 0xbe,
  0xfe, 0x3f, 0x7b, 0xbe, 0xff, 0x5f, 0xc8, 0xbe, 0x01, 0x40, 0xdc, 0xbe,
  0x01, 0xa8, 0xd5, 0xbe, 0xff, 0xdb, 0xd7, 0xbe, 0x00, 0x1c, 0xd7, 0xbe,
  0x01, 0x58, 0xd7, 0xbe, 0x00, 0x4c, 0xd7, 0xbe, 0x00, 0x4c, 0xd7, 0xbe,
  0x00, 0x4c, 0xd7, 0xbe, 0x00, 0x4c, 0xd7, 0xbe, 0x00, 0x4c, 0xd7, 0xbe,
  0x00, 0x4c, 0xd7, 0xbe, 0x00, 0x4c, 0xd7, 0xbe, 0x00, 0x4c, 0xd7, 0xbe,
  0x00, 0x4c, 0xd7, 0xbe, 0x00, 0x4c, 0xd7, 0xbe, 0x00, 0x4c, 0xd7, 0xbe,
  0xff, 0x43, 0xe9, 0xbe, 0x01, 0x94, 0x03, 0xbf, 0xff, 0x91, 0x07, 0xbf,
  0x00, 0x38, 0x06, 0xbf, 0xff, 0xaf, 0x06, 0xbf, 0xff, 0x8b, 0x06, 0xbf,
  0xff, 0x97, 0x06, 0xbf, 0xff, 0x8b, 0x06, 0xbf, 0x00, 0x92, 0x06, 0xbf,
  0x00, 0x92, 0x06, 0xbf, 0x00, 0x92, 0x06, 0xbf, 0x00, 0x92, 0x06, 0xbf,
  0x00, 0x92, 0x06, 0xbf, 0x00, 0x92, 0x06, 0xbf, 0x00, 0x92, 0x06, 0xbf,
  0x00, 0x92, 0x06, 0xbf, 0x00, 0x92, 0x06, 0xbf, 0x00, 0x92, 0x06, 0xbf,
  0x00, 0x92, 0x06, 0xbf, 0x00, 0x06, 0x11, 0xbf, 0x01, 0x78, 0x22, 0xbf,
  0xff, 0x1f, 0x27, 0xbf, 0x01, 0x94, 0x25, 0xbf, 0x00, 0x18, 0x26, 0xbf,
  0x00, 0xe8, 0x25, 0xbf, 0x00, 0xf4, 0x25, 0xbf, 0x00, 0xf4, 0x25, 0xbf,
  0x00, 0xf4, 0x25, 0xbf, 0x00, 0xf4, 0x25, 0xbf, 0x00, 0xf4, 0x25, 0xbf,
  0x00, 0xf4, 0x25, 0xbf, 0x00, 0xf4, 0x25, 0xbf, 0x00, 0xf4, 0x25, 0xbf,
  0x00, 0xf4, 0x25, 0xbf, 0x00, 0xf4, 0x25, 0xbf, 0x00, 0xf4, 0x25, 0xbf,
  0x00, 0xf4, 0x25, 0xbf, 0x00, 0xf4, 0x25, 0xbf, 0x00, 0x6a, 0x2d, 0xbf,
  0x00, 0xdc, 0x39, 0xbf, 0x00, 0x34, 0x3d, 0xbf, 0x00, 0x14, 0x3c, 0xbf,
  0x00, 0x74, 0x3c, 0xbf, 0x01, 0x56, 0x3c, 0xbf, 0x00, 0x5c, 0x3c, 0xbf,
  0x00, 0x5c, 0x3c, 0xbf, 0x00, 0x5c, 0x3c, 0xbf, 0x00, 0x5c, 0x3c, 0xbf,
  0x00, 0x5c, 0x3c, 0xbf, 0x00, 0x5c, 0x3c, 0xbf, 0x00, 0x5c, 0x3c, 0xbf,
  0x00, 0x5c, 0x3c, 0xbf, 0x00, 0x5c, 0x3c, 0xbf, 0x00, 0x5c, 0x3c, 0xbf,
  0x00, 0x5c, 0x3c, 0xbf, 0x00, 0x5c, 0x3c, 0xbf, 0x00, 0x5c, 0x3c, 0xbf,
  0xff, 0xcb, 0x4f, 0xbf, 0x00, 0x30, 0x70, 0xbf, 0xff, 0xdb, 0x78, 0xbf,
  0x01, 0xfc, 0x75, 0xbf, 0x00, 0xec, 0x76, 0xbf, 0xff, 0x97, 0x76, 0xbf,
  0x00, 0xb6, 0x76, 0xbf, 0xff, 0xaf, 0x76, 0xbf, 0xff, 0xaf, 0x76, 0xbf,
  0xff, 0xaf, 0x76, 0xbf, 0xff, 0xaf, 0x76, 0xbf, 0xff, 0xaf, 0x76, 0xbf,
  0xff, 0xaf, 0x76, 0xbf, 0xff, 0xaf, 0x76, 0xbf, 0xff, 0xaf, 0x76, 0xbf,
  0xff, 0xaf, 0x76, 0xbf, 0xff, 0xaf, 0x76, 0xbf, 0xff, 0xaf, 0x76, 0xbf,
  0x00, 0xae, 0x79, 0xbf, 0xff, 0xaf, 0x7e, 0xbf, 0x00, 0xfe, 0x7f, 0xbf,
  0x00, 0x8e, 0x7f, 0xbf, 0x01, 0xb8, 0x7f, 0xbf, 0x01, 0xac, 0x7f, 0xbf,
  0x01, 0xac, 0x7f, 0xbf, 0x01, 0xac, 0x7f, 0xbf, 0x01, 0xac, 0x7f, 0xbf,
  0x01, 0xac, 0x7f, 0xbf, 0x01, 0xac, 0x7f, 0xbf, 0x01, 0xac, 0x7f, 0xbf,
  0x01, 0xac, 0x7f, 0xbf, 0x01, 0xac, 0x7f, 0xbf, 0x01, 0xac, 0x7f, 0xbf,
  0x01, 0xac, 0x7f, 0xbf, 0x01, 0xac, 0x7f, 0xbf, 0x01, 0xac, 0x7f, 0xbf,
  0x01, 0xac, 0x7f, 0xbf, 0x00, 0xac, 0x7c, 0xbf, 0x01, 0xac, 0x77, 0xbf,
  0x00, 0x5c, 0x76, 0xbf, 0x01, 0xc8, 0x76, 0xbf, 0xff, 0xa3, 0x76, 0xbf,
  0xff, 0xaf, 0x76, 0xbf, 0xff, 0xaf, 0x76, 0xbf, 0xff, 0xaf, 0x76, 0xbf,
  0xff, 0xaf, 0x76, 0xbf, 0xff, 0xaf, 0x76, 0xbf, 0xff, 0xaf, 0x76, 0xbf,
  0xff, 0xaf, 0x76, 0xbf, 0xff, 0xaf, 0x76, 0xbf, 0xff, 0xaf, 0x76, 0xbf,
  0xff, 0xaf, 0x76, 0xbf, 0xff, 0xaf, 0x76, 0xbf, 0xff, 0xaf, 0x76, 0xbf,
  0xff, 0xaf, 0x76, 0xbf, 0xff, 0xaf, 0x76, 0xbf, 0x00, 0xb6, 0x6a, 0xbf,
  0x00, 0xd0, 0x56, 0xbf, 0x00, 0x7a, 0x51, 0xbf, 0x00, 0x48, 0x53, 0xbf,
  0x00, 0xac, 0x52, 0xbf, 0xff, 0xdb, 0x52, 0xbf, 0x00, 0xd0, 0x52, 0xbf,
  0x00, 0xd0, 0x52, 0xbf, 0x00, 0xd0, 0x52, 0xbf, 0x00, 0xd0, 0x52, 0xbf,
  0x00, 0xd0, 0x52, 0xbf, 0x00, 0xd0, 0x52, 0xbf, 0x00, 0xd0, 0x52, 0xbf,
  0x00, 0xd0, 0x52, 0xbf, 0x00, 0xd0, 0x52, 0xbf, 0x00, 0xd0, 0x52, 0xbf,
  0x00, 0xd0, 0x52, 0xbf, 0x00, 0xd0, 0x52, 0xbf, 0x00, 0xd0, 0x52, 0xbf,
  0xff, 0xe1, 0x3d, 0xbf, 0x01, 0x02, 0x1b, 0xbf, 0x00, 0xae, 0x11, 0xbf,
  0x00, 0xca, 0x14, 0xbf, 0x01, 0xc2, 0x13, 0xbf, 0x00, 0x16, 0x14, 0xbf,
  0x00, 0xfe, 0x13, 0xbf, 0x00, 0x0a, 0x14, 0xbf, 0xff, 0x03, 0x14, 0xbf,
  0xff, 0x03, 0x14, 0xbf, 0xff, 0x03, 0x14, 0xbf, 0xff, 0x03, 0x14, 0xbf,
  0xff, 0x03, 0x14, 0xbf, 0xff, 0x03, 0x14, 0xbf, 0xff, 0x03, 0x14, 0xbf,
  0xff, 0x03, 0x14, 0xbf, 0xff, 0x03, 0x14, 0xbf, 0xff, 0x03, 0x14, 0xbf,
  0xff, 0x0f, 0x08, 0xbf, 0x01, 0x3c, 0xe8, 0xbe, 0x00, 0x9c, 0xdd, 0xbe,
  0xff, 0x2b, 0xe1, 0xbe, 0xfe, 0xf3, 0xdf, 0xbe, 0xff, 0x5f, 0xe0, 0xbe,
  0x01, 0x3c, 0xe0, 0xbe, 0xff, 0x47, 0xe0, 0xbe, 0x01, 0x3c, 0xe0, 0xbe,
  0x01, 0x3c, 0xe0, 0xbe, 0x01, 0x3c, 0xe0, 0xbe, 0x01, 0x3c, 0xe0, 0xbe,
  0x01, 0x3c, 0xe0, 0xbe, 0x01, 0x3c, 0xe0, 0xbe, 0x01, 0x3c, 0xe0, 0xbe,
  0x01, 0x3c, 0xe0, 0xbe, 0x01, 0x3c, 0xe0, 0xbe, 0x01, 0x3c, 0xe0, 0xbe,
  0x01, 0x3c, 0xe0, 0xbe, 0x00, 0x7c, 0xaa, 0xbe, 0xff, 0x6f, 0x21, 0xbe,
  0x02, 0x80, 0xe3, 0xbd, 0xfe, 0xa7, 0x01, 0xbe, 0xfd, 0x9f, 0xf8, 0xbd,
  0x03, 0x60, 0xfc, 0xbd, 0x06, 0xe0, 0xfa, 0xbd, 0xfe, 0x6f, 0xfb, 0xbd,
  0x05, 0x40, 0xfb, 0xbd, 0x05, 0x40, 0xfb, 0xbd, 0x05, 0x40, 0xfb, 0xbd,
  0x05, 0x40, 0xfb, 0xbd, 0x05, 0x40, 0xfb, 0xbd, 0x05, 0x40, 0xfb, 0xbd,
  0x05, 0x40, 0xfb, 0xbd, 0x05, 0x40, 0xfb, 0xbd, 0x05, 0x40, 0xfb, 0xbd,
  0x05, 0x40, 0xfb, 0xbd, 0x05, 0x40, 0xfb, 0xbd, 0xff, 0x7f, 0x57, 0xbd,
  0xff, 0x53, 0x38, 0x3f, 0x00, 0xfe, 0x7f, 0x3f, 0x00, 0x16, 0x68, 0x3f,
  0x00, 0x14, 0x70, 0x3f, 0x00, 0x6a, 0x6d, 0x3f, 0x01, 0x4c, 0x6e, 0x3f,
  0xff, 0x03, 0x6e, 0x3f, 0x00, 0x18, 0x6e, 0x3f, 0x00, 0x0e, 0x6e, 0x3f,
  0x01, 0x12, 0x6e, 0x3f, 0x01, 0x12, 0x6e, 0x3f, 0x01, 0x12, 0x6e, 0x3f,
  0x01, 0x12, 0x6e, 0x3f, 0x01, 0x12, 0x6e, 0x3f, 0x01, 0x12, 0x6e, 0x3f,
  0x01, 0x12, 0x6e, 0x3f, 0x01, 0x12, 0x6e, 0x3f, 0x01, 0x12, 0x6e, 0x3f,
  0x01, 0x12, 0x6e, 0x3f, 0x01, 0x12, 0x6e, 0x3f, 0x01, 0x12, 0x6e, 0x3f,
  0x01, 0x12, 0x6e, 0x3f, 0x01, 0x12, 0x6e, 0x3f, 0x01, 0x12, 0x6e, 0x3f,
  0x01, 0x12, 0x6e, 0x3f, 0x01, 0x12, 0x6e, 0x3f, 0x01, 0x12, 0x6e, 0x3f,
  0x01, 0x12, 0x6e, 0x3f, 0x01, 0x12, 0x6e, 0x3f, 0x01, 0x12, 0x6e, 0x3f,
  0x01, 0x12, 0x6e, 0x3f, 0x01, 0x12, 0x6e, 0x3f, 0x01, 0x12, 0x6e, 0x3f,
  0x01, 0x12, 0x6e, 0x3f, 0x01, 0x12, 0x6e, 0x3f, 0x01, 0x12, 0x6e, 0x3f,
  0x01, 0x12, 0x6e, 0x3f, 0x01, 0x12, 0x6e, 0x3f, 0x01, 0x12, 0x6e, 0x3f,
  0x01, 0x12, 0x6e, 0x3f, 0x01, 0x12, 0x6e, 0x3f, 0x01, 0x12, 0x6e, 0x3f,
  0x01, 0x12, 0x6e, 0x3f, 0x01, 0x12, 0x6e, 0x3f, 0x01, 0x12, 0x6e, 0x3f,
  0x01, 0x12, 0x6e, 0x3f, 0x01, 0x12, 0x6e, 0x3f, 0x01, 0x12, 0x6e, 0x3f,
  0x01, 0x12, 0x6e, 0x3f, 0x01, 0x12, 0x6e, 0x3f, 0x01, 0x12, 0x6e, 0x3f,
  0x01, 0x12, 0x6e, 0x3f, 0x01, 0x12, 0x6e, 0x3f, 0x01, 0x12, 0x6e, 0x3f,
  0x01, 0x12, 0x6e, 0x3f, 0x01, 0x12, 0x6e, 0x3f, 0x01, 0x12, 0x6e, 0x3f,
  0x01, 0x12, 0x6e, 0x3f, 0x01, 0x12, 0x6e, 0x3f, 0x01, 0x12, 0x6e, 0x3f,
  0x01, 0x12, 0x6e, 0x3f, 0x01, 0x12, 0x6e, 0x3f, 0x01, 0x12, 0x6e, 0x3f,
  0x01, 0x12, 0x6e, 0x3f, 0x01, 0x12, 0x6e, 0x3f, 0x01, 0x12, 0x6e, 0x3f,
  0x01, 0x12, 0x6e, 0x3f, 0x01, 0x12, 0x6e, 0x3f, 0x01, 0x12, 0x6e, 0x3f,
  0x01, 0x12, 0x6e, 0x3f, 0x01, 0x12, 0x6e, 0x3f, 0x01, 0x12, 0x6e, 0x3f,
  0x01, 0x12, 0x6e, 0x3f, 0x01, 0x12, 0x6e, 0x3f, 0x01, 0x12, 0x6e, 0x3f,
  0x01, 0x12, 0x6e, 0x3f, 0x01, 0x12, 0x6e, 0x3f, 0x01, 0x12, 0x6e, 0x3f,
  0x01, 0x12, 0x6e, 0x3f, 0x01, 0x12, 0x6e, 0x3f, 0x01, 0x12, 0x6e, 0x3f,
  0x01, 0x12, 0x6e, 0x3f, 0x01, 0x12, 0x6e, 0x3f, 0x01, 0x12, 0x6e, 0x3f,
  0x01, 0x12, 0x6e, 0x3f, 0x01, 0x12, 0x6e, 0x3f, 0x01, 0x12, 0x6e, 0x3f,
  0x01, 0x12, 0x6e, 0x3f, 0x01, 0x12, 0x6e, 0x3f, 0x01, 0x12, 0x6e, 0x3f,
  0x01, 0x12, 0x6e, 0x3f, 0x01, 0x12, 0x6e, 0x3f, 0x01, 0x12, 0x6e, 0x3f,
  0x01, 0x12, 0x6e, 0x3f, 0x01, 0x12, 0x6e, 0x3f, 0x01, 0x12, 0x6e, 0x3f,
  0x01, 0x12, 0x6e, 0x3f, 0x01, 0x12, 0x6e, 0x3f, 0x01, 0x12, 0x6e, 0x3f,
  0x01, 0x12, 0x6e, 0x3f, 0x01, 0x12, 0x6e, 0x3f, 0x01, 0x12, 0x6e, 0x3f,
  0x01, 0x12, 0x6e, 0x3f, 0x01, 0x12, 0x6e, 0x3f, 0x01, 0x12, 0x6e, 0x3f,
  0x01, 0x12, 0x6e, 0x3f, 0x01, 0x12, 0x6e, 0x3f, 0x01, 0x12, 0x6e, 0x3f,
  0x01, 0x12, 0x6e, 0x3f, 0x01, 0x12, 0x6e, 0x3f, 0x01, 0x12, 0x6e, 0x3f,
  0xff, 0xf9, 0x5f, 0x3f, 0x00, 0x86, 0x48, 0x3f, 0x00, 0x42, 0x42, 0x3f,
  0x00, 0x5c, 0x44, 0x3f, 0xff, 0xa9, 0x43, 0x3f, 0xff, 0xe1, 0x43, 0x3f,
  0x01, 0xce, 0x43, 0x3f, 0xff, 0xd7, 0x43, 0x3f, 0xff, 0xd7, 0x43, 0x3f,
  0xff, 0xd7, 0x43, 0x3f, 0xff, 0xd7, 0x43, 0x3f, 0xff, 0xd7, 0x43, 0x3f,
  0xff, 0xd7, 0x43, 0x3f, 0xff, 0xd7, 0x43, 0x3f, 0xff, 0xd7, 0x43, 0x3f,
  0xff, 0xd7, 0x43, 0x3f, 0xff, 0xd7, 0x43, 0x3f, 0xff, 0xd7, 0x43, 0x3f,
  0xff, 0xd7, 0x43, 0x3f, 0x00, 0x06, 0x17, 0x3f, 0xff, 0xbf, 0x98, 0x3e,
  0x03, 0xe0, 0x61, 0x3e, 0x03, 0x60, 0x7c, 0x3e, 0x02, 0x80, 0x73, 0x3e,
  0xff, 0x6f, 0x76, 0x3e, 0xfd, 0x67, 0x75, 0x3e, 0x02, 0xd0, 0x75, 0x3e,
  0xff, 0xb7, 0x75, 0x3e, 0xff, 0xb7, 0x75, 0x3e, 0xff, 0xb7, 0x75, 0x3e,
  0xff, 0xb7, 0x75, 0x3e, 0xff, 0xb7, 0x75, 0x3e, 0xff, 0xb7, 0x75, 0x3e,
  0xff, 0xb7, 0x75, 0x3e, 0xff, 0xb7, 0x75, 0x3e, 0xff, 0xb7, 0x75, 0x3e,
  0xff, 0xb7, 0x75, 0x3e, 0xff, 0xb7, 0x75, 0x3e, 0xfd, 0x8f, 0x42, 0x3e,
  0x00, 0x50, 0xda, 0x3d, 0x00, 0xd0, 0xac, 0x3d, 0x00, 0x10, 0xbc, 0x3d,
  0x00, 0xf0, 0xb6, 0x3d, 0x00, 0xb0, 0xb8, 0x3d, 0x00, 0x10, 0xb8, 0x3d,
  0x01, 0x60, 0xb8, 0x3d, 0x00, 0x30, 0xb8, 0x3d, 0x00, 0x30, 0xb8, 0x3d,
  0x00, 0x30, 0xb8, 0x3d, 0x00, 0x30, 0xb8, 0x3d, 0x00, 0x30, 0xb8, 0x3d,
  0x00, 0x30, 0xb8, 0x3d, 0x00, 0x30, 0xb8, 0x3d, 0x00, 0x30, 0xb8, 0x3d,
  0x00, 0x30, 0xb8, 0x3d, 0x00, 0x30, 0xb8, 0x3d, 0x00, 0xa0, 0x75, 0x3d,
  0x00, 0x80, 0x22, 0x3c, 0x01, 0x00, 0x56, 0xbb, 0xfe, 0xff, 0x8b, 0x3a,
  0x01, 0x00, 0xa0, 0xb9, 0x01, 0x00, 0x20, 0x39, 0x00, 0x00, 0x00, 0x00,
  0x00, 0x00, 0x00, 0x00, 0x00, 0x00, 0x00, 0x00, 0x00, 0x00, 0x00, 0x00,
  0x00, 0x00, 0x00, 0x00, 0x00, 0x00, 0x00, 0x00, 0x00, 0x00, 0x00, 0x00,
  0x00, 0x00, 0x00, 0x00, 0x00, 0x00, 0x00, 0x00, 0x00, 0x00, 0x00, 0x00,
  0x00, 0x00, 0x00, 0x00, 0x00, 0x00, 0x00, 0x00, 0x00, 0x00, 0x00, 0x00,
  0x00, 0xb0, 0xf5, 0xbd, 0x01, 0xe0, 0xa3, 0xbe, 0x00, 0x30, 0xbf, 0xbe,
  0xff, 0x0f, 0xb6, 0xbe, 0xfe, 0x1b, 0xb9, 0xbe, 0xff, 0x1b, 0xb8, 0xbe,
  0x01, 0x6c, 0xb8, 0xbe, 0xff, 0x4b, 0xb8, 0xbe, 0x00, 0x58, 0xb8, 0xbe,
  0x00, 0x58, 0xb8, 0xbe, 0x00, 0x58, 0xb8, 0xbe, 0x00, 0x58, 0xb8, 0xbe,
  0x00, 0x58, 0xb8, 0xbe, 0x00, 0x58, 0xb8, 0xbe, 0x00, 0x58, 0xb8, 0xbe,
  0x00, 0x58, 0xb8, 0xbe, 0x00, 0x58, 0xb8, 0xbe, 0x00, 0x58, 0xb8, 0xbe,
  0x00, 0x58, 0xb8, 0xbe, 0xff, 0x6b, 0x06, 0xbf, 0x00, 0xd6, 0x4c, 0xbf,
  0x00, 0x98, 0x5f, 0xbf, 0xff, 0x59, 0x59, 0xbf, 0x00, 0x6e, 0x5b, 0xbf,
  0xff, 0xb9, 0x5a, 0xbf, 0x00, 0xf8, 0x5a, 0xbf, 0x00, 0xe4, 0x5a, 0xbf,
  0xff, 0xe7, 0x5a, 0xbf, 0xff, 0xe7, 0x5a, 0xbf, 0xff, 0xe7, 0x5a, 0xbf,
  0xff, 0xe7, 0x5a, 0xbf, 0xff, 0xe7, 0x5a, 0xbf, 0xff, 0xe7, 0x5a, 0xbf,
  0xff, 0xe7, 0x5a, 0xbf, 0xff, 0xe7, 0x5a, 0xbf, 0xff, 0xe7, 0x5a, 0xbf,
  0xff, 0xe7, 0x5a, 0xbf, 0xff, 0xe7, 0x5a, 0xbf, 0xff, 0xe7, 0x5a, 0xbf,
  0xff, 0xe7, 0x5a, 0xbf, 0xff, 0xe7, 0x5a, 0xbf, 0xff, 0xe7, 0x5a, 0xbf,
  0xff, 0xe7, 0x5a, 0xbf, 0xff, 0xe7, 0x5a, 0xbf, 0xff, 0xe7, 0x5a, 0xbf,
  0xff, 0xe7, 0x5a, 0xbf, 0xff, 0xe7, 0x5a, 0xbf, 0xff, 0xe7, 0x5a, 0xbf,
  0xff, 0xe7, 0x5a, 0xbf, 0xff, 0xe7, 0x5a, 0xbf, 0xff, 0xe7, 0x5a, 0xbf,
  0xff, 0xe7, 0x5a, 0xbf, 0xff, 0xe7, 0x5a, 0xbf, 0xff, 0xe7, 0x5a, 0xbf,
  0xff, 0xe7, 0x5a, 0xbf, 0xff, 0xe7, 0x5a, 0xbf, 0xff, 0xe7, 0x5a, 0xbf,
  0xff, 0xe7, 0x5a, 0xbf, 0xff, 0xe7, 0x5a, 0xbf, 0xff, 0xe7, 0x5a, 0xbf,
  0xff, 0xe7, 0x5a, 0xbf, 0xff, 0xe7, 0x5a, 0xbf, 0xff, 0xe7, 0x5a, 0xbf,
  0xff, 0xe7, 0x5a, 0xbf, 0xff, 0xe7, 0x5a, 0xbf, 0xff, 0xe7, 0x5a, 0xbf,
  0xff, 0xe7, 0x5a, 0xbf, 0xff, 0xe7, 0x5a, 0xbf, 0xff, 0xe7, 0x5a, 0xbf,
  0xff, 0xe7, 0x5a, 0xbf, 0xff, 0xe7, 0x5a, 0xbf, 0xff, 0xe7, 0x5a, 0xbf,
  0xff, 0xe7, 0x5a, 0xbf, 0xff, 0xe7, 0x5a, 0xbf, 0xff, 0xe7, 0x5a, 0xbf,
  0x00, 0xc8, 0x55, 0xbf, 0x00, 0x40, 0x4d, 0xbf, 0x00, 0xf8, 0x4a, 0xbf,
  0x00, 0xbc, 0x4b, 0xbf, 0x00, 0x78, 0x4b, 0xbf, 0x00, 0x8c, 0x4b, 0xbf,
  0x00, 0x8c, 0x4b, 0xbf, 0x00, 0x8c, 0x4b, 0xbf, 0x00, 0x8c, 0x4b, 0xbf,
  0x00, 0x8c, 0x4b, 0xbf, 0x00, 0x8c, 0x4b, 0xbf, 0x00, 0x8c, 0x4b, 0xbf,
  0x00, 0x8c, 0x4b, 0xbf, 0x00, 0x8c, 0x4b, 0xbf, 0x00, 0x8c, 0x4b, 0xbf,
  0x00, 0x8c, 0x4b, 0xbf, 0x00, 0x8c, 0x4b, 0xbf, 0x00, 0x8c, 0x4b, 0xbf,
  0x00, 0x8c, 0x4b, 0xbf, 0x00, 0x8c, 0x4b, 0xbf, 0x00, 0x8c, 0x4b, 0xbf,
  0x00, 0x8c, 0x4b, 0xbf, 0x00, 0x8c, 0x4b, 0xbf, 0x00, 0x8c, 0x4b, 0xbf,
  0x00, 0x8c, 0x4b, 0xbf, 0x00, 0x8c, 0x4b, 0xbf, 0x00, 0x8c, 0x4b, 0xbf,
  0x00, 0x8c, 0x4b, 0xbf, 0x00, 0x8c, 0x4b, 0xbf, 0x00, 0x8c, 0x4b, 0xbf,
  0x00, 0x8c, 0x4b, 0xbf, 0x00, 0x8c, 0x4b, 0xbf, 0x00, 0x8c, 0x4b, 0xbf,
  0x00, 0x8c, 0x4b, 0xbf, 0x00, 0x8c, 0x4b, 0xbf, 0x00, 0x8c, 0x4b, 0xbf,
  0x00, 0x8c, 0x4b, 0xbf, 0x00, 0x8c, 0x4b, 0xbf, 0x00, 0x8c, 0x4b, 0xbf,
  0x00, 0x8c, 0x4b, 0xbf, 0x00, 0x8c, 0x4b, 0xbf, 0x00, 0x8c, 0x4b, 0xbf,
  0x00, 0x8c, 0x4b, 0xbf, 0x00, 0x8c, 0x4b, 0xbf, 0x00, 0x8c, 0x4b, 0xbf,
  0x00, 0x8c, 0x4b, 0xbf, 0x00, 0x8c, 0x4b, 0xbf, 0x00, 0x8c, 0x4b, 0xbf,
  0x00, 0x8c, 0x4b, 0xbf, 0x00, 0x8c, 0x4b, 0xbf, 0x00, 0x8c, 0x4b, 0xbf,
  0x00, 0x8c, 0x4b, 0xbf, 0x00, 0x8c, 0x4b, 0xbf, 0x00, 0x8c, 0x4b, 0xbf,
  0x00, 0x8c, 0x4b, 0xbf, 0x00, 0x8c, 0x4b, 0xbf, 0x00, 0x68, 0x06, 0xbf,
  0x00, 0xa0, 0x99, 0xbd, 0xff, 0x1f, 0x38, 0x3d, 0x00, 0x00, 0xa4, 0x3b,
  0x00, 0xc0, 0x95, 0x3c, 0xfd, 0x7f, 0x62, 0x3c, 0xfb, 0xff, 0x7a, 0x3c,
  0xff, 0x7f, 0x73, 0x3c, 0x02, 0x00, 0x76, 0x3c, 0x02, 0x00, 0x76, 0x3c,
  0x02, 0x00, 0x76, 0x3c, 0x02, 0x00, 0x76, 0x3c, 0x02, 0x00, 0x76, 0x3c,
  0x02, 0x00, 0x76, 0x3c, 0x02, 0x00, 0x76, 0x3c, 0x02, 0x00, 0x76, 0x3c,
  0x02, 0x00, 0x76, 0x3c, 0x02, 0x00, 0x76, 0x3c, 0x02, 0x00, 0x76, 0x3c,
  0x02, 0x00, 0x76, 0x3c, 0x02, 0x00, 0x76, 0x3c, 0x02, 0x00, 0x76, 0x3c,
  0x02, 0x00, 0x76, 0x3c, 0x02, 0x00, 0x76, 0x3c, 0x02, 0x00, 0x76, 0x3c,
  0x02, 0x00, 0x76, 0x3c, 0x02, 0x00, 0x76, 0x3c, 0x02, 0x00, 0x76, 0x3c,
  0x02, 0x00, 0x76, 0x3c, 0x02, 0x00, 0x76, 0x3c, 0x02, 0x00, 0x76, 0x3c,
  0x02, 0x00, 0x76, 0x3c, 0x02, 0x00, 0x76, 0x3c, 0x02, 0x00, 0x76, 0x3c,
  0x02, 0x00, 0x76, 0x3c, 0x02, 0x00, 0x76, 0x3c, 0x02, 0x00, 0x76, 0x3c,
  0x02, 0x00, 0x76, 0x3c, 0x00, 0x00, 0x00, 0x00, 0x00, 0x80, 0xcd, 0xbc,
  0xff, 0x5f, 0x02, 0xbd, 0x00, 0x80, 0xf1, 0xbc, 0x00, 0xc0, 0xf7, 0xbc,
  0xff, 0x7f, 0xf6, 0xbc, 0xff, 0x7f, 0xf6, 0xbc, 0xff, 0x7f, 0xf6, 0xbc,
  0xff, 0x7f, 0xf6, 0xbc, 0xff, 0x7f, 0xf6, 0xbc, 0xff, 0x7f, 0xf6, 0xbc,
  0xff, 0x7f, 0xf6, 0xbc, 0xff, 0x7f, 0xf6, 0xbc, 0xff, 0x7f, 0xf6, 0xbc,
  0xff, 0x7f, 0xf6, 0xbc, 0xff, 0x7f, 0xf6, 0xbc, 0xff, 0x7f, 0xf6, 0xbc,
  0xff, 0x7f, 0xf6, 0xbc, 0xff, 0x7f, 0xf6, 0xbc, 0xff, 0x7f, 0xf6, 0xbc,
  0xff, 0x7f, 0xf6, 0xbc, 0xff, 0x7f, 0xf6, 0xbc, 0xff, 0x7f, 0xf6, 0xbc,
  0xff, 0x7f, 0xf6, 0xbc, 0xff, 0x7f, 0xf6, 0xbc, 0xff, 0x7f, 0xf6, 0xbc,
  0xff, 0x7f, 0xf6, 0xbc, 0xff, 0x7f, 0xf6, 0xbc, 0xff, 0x7f, 0xf6, 0xbc,
  0xff, 0x7f, 0xf6, 0xbc, 0xff, 0x7f, 0xf6, 0xbc, 0xff, 0x7f, 0xf6, 0xbc,
  0xff, 0x7f, 0xf6, 0xbc, 0xff, 0x7f, 0xf6, 0xbc, 0xff, 0x7f, 0xf6, 0xbc,
  0xff, 0x7f, 0xf6, 0xbc, 0xff, 0x7f, 0xf6, 0xbc, 0x00, 0x80, 0xcd, 0xbc,
  0xfe, 0xff, 0x88, 0xbc, 0x03, 0x00, 0x6e, 0xbc, 0xfb, 0xff, 0x7a, 0xbc,
  0x02, 0x00, 0x76, 0xbc, 0x04, 0x80, 0x78, 0xbc, 0xfc, 0xff, 0x76, 0xbc,
  0xfc, 0xff, 0x76, 0xbc, 0xfc, 0xff, 0x76, 0xbc, 0xfc, 0xff, 0x76, 0xbc,
  0xfc, 0xff, 0x76, 0xbc, 0xfc, 0xff, 0x76, 0xbc, 0xfc, 0xff, 0x76, 0xbc,
  0xfc, 0xff, 0x76, 0xbc, 0xfc, 0xff, 0x76, 0xbc, 0xfc, 0xff, 0x76, 0xbc,
  0xfc, 0xff, 0x76, 0xbc, 0xfc, 0xff, 0x76, 0xbc, 0xfc, 0xff, 0x76, 0xbc,
  0x00, 0x40, 0xa5, 0xbc, 0x01, 0x80, 0xe8, 0xbc, 0x01, 0x00, 0xfb, 0xbc,
  0xfe, 0x3f, 0xf5, 0xbc, 0xff, 0x7f, 0xf6, 0xbc, 0xff, 0x7f, 0xf6, 0xbc,
  0xff, 0x7f, 0xf6, 0xbc, 0xff, 0x7f, 0xf6, 0xbc, 0xff, 0x7f, 0xf6, 0xbc,
  0xff, 0x7f, 0xf6, 0xbc, 0xff, 0x7f, 0xf6, 0xbc, 0xff, 0x7f, 0xf6, 0xbc,
  0xff, 0x7f, 0xf6, 0xbc, 0xff, 0x7f, 0xf6, 0xbc, 0xff, 0x7f, 0xf6, 0xbc,
  0xff, 0x7f, 0xf6, 0xbc, 0xff, 0x7f, 0xf6, 0xbc, 0xff, 0x7f, 0xf6, 0xbc,
  0xff, 0x7f, 0xf6, 0xbc, 0xff, 0x7f, 0xf6, 0xbc, 0xff, 0x7f, 0xf6, 0xbc,
  0xff, 0x7f, 0xf6, 0xbc, 0xff, 0x7f, 0xf6, 0xbc, 0xff, 0x7f, 0xf6, 0xbc,
  0xff, 0x7f, 0xf6, 0xbc, 0xff, 0x7f, 0xf6, 0xbc, 0xff, 0x7f, 0xf6, 0xbc,
  0xff, 0x7f, 0xf6, 0xbc, 0xff, 0x7f, 0xf6, 0xbc, 0xff, 0x7f, 0xf6, 0xbc,
  0xff, 0x7f, 0xf6, 0xbc, 0xff, 0x7f, 0xf6, 0xbc, 0xff, 0x7f, 0xf6, 0xbc,
  0xff, 0x7f, 0xf6, 0xbc, 0xff, 0x7f, 0xf6, 0xbc, 0xff, 0x7f, 0xf6, 0xbc,
  0xff, 0x7f, 0xf6, 0xbc, 0xff, 0x7f, 0xf6, 0xbc, 0xff, 0x7f, 0xf6, 0xbc,
  0xff, 0x7f, 0xf6, 0xbc, 0xff, 0x7f, 0xf6, 0xbc, 0xff, 0x7f, 0xf6, 0xbc,
  0xff, 0x7f, 0xf6, 0xbc, 0xff, 0x7f, 0xf6, 0xbc, 0xff, 0x7f, 0xf6, 0xbc,
  0xff, 0x7f, 0xf6, 0xbc, 0xff, 0x7f, 0xf6, 0xbc, 0xff, 0x7f, 0xf6, 0xbc,
  0xff, 0x7f, 0xf6, 0xbc, 0xff, 0x7f, 0xf6, 0xbc, 0xff, 0x7f, 0xf6, 0xbc,
  0xff, 0x7f, 0xf6, 0xbc, 0xff, 0x7f, 0xf6, 0xbc, 0xff, 0x7f, 0xf6, 0xbc,
  0xff, 0x7f, 0xf6, 0xbc, 0xff, 0x7f, 0xf6, 0xbc, 0xff, 0xbf, 0x0f, 0xbd,
  0x01, 0xc0, 0x31, 0xbd, 0x01, 0x00, 0x3b, 0xbd, 0x01, 0xe0, 0x37, 0xbd,
  0x00, 0xc0, 0x38, 0xbd, 0x00, 0xc0, 0x38, 0xbd, 0x00, 0xc0, 0x38, 0xbd,
  0x00, 0xc0, 0x38, 0xbd, 0x00, 0xc0, 0x38, 0xbd, 0x00, 0xc0, 0x38, 0xbd,
  0x00, 0xc0, 0x38, 0xbd, 0x00, 0xc0, 0x38, 0xbd, 0x00, 0xc0, 0x38, 0xbd,
  0x00, 0xc0, 0x38, 0xbd, 0x00, 0xc0, 0x38, 0xbd, 0x00, 0xc0, 0x38, 0xbd,
  0x00, 0xc0, 0x38, 0xbd, 0x00, 0xc0, 0x38, 0xbd, 0x00, 0xc0, 0x38, 0xbd,
  0x00, 0xc0, 0x38, 0xbd, 0x00, 0xc0, 0x38, 0xbd, 0x00, 0xc0, 0x38, 0xbd,
  0x00, 0xc0, 0x38, 0xbd, 0x00, 0xc0, 0x38, 0xbd, 0x00, 0xc0, 0x38, 0xbd,
  0x00, 0xc0, 0x38, 0xbd, 0x00, 0xc0, 0x38, 0xbd, 0x00, 0xc0, 0x38, 0xbd,
  0x00, 0xc0, 0x38, 0xbd, 0x00, 0xc0, 0x38, 0xbd, 0x00, 0xc0, 0x38, 0xbd,
  0x00, 0xc0, 0x38, 0xbd, 0x00, 0xc0, 0x38, 0xbd, 0x00, 0xc0, 0x38, 0xbd,
  0x00, 0xc0, 0x38, 0xbd, 0x00, 0xc0, 0x38, 0xbd, 0x00, 0xc0, 0x38, 0xbd,
  0x00, 0xc0, 0x38, 0xbd, 0x00, 0xc0, 0x38, 0xbd, 0x00, 0xc0, 0x38, 0xbd,
  0x00, 0xc0, 0x38, 0xbd, 0x00, 0xc0, 0x38, 0xbd, 0x00, 0xc0, 0x38, 0xbd,
  0x00, 0xc0, 0x38, 0xbd, 0x00, 0xc0, 0x38, 0xbd, 0x00, 0xc0, 0x38, 0xbd,
  0x00, 0xc0, 0x38, 0xbd, 0x00, 0xc0, 0x38, 0xbd, 0x00, 0xc0, 0x38, 0xbd,
  0x00, 0xc0, 0x38, 0xbd, 0x00, 0xc0, 0x38, 0xbd, 0x00, 0xc0, 0x38, 0xbd,
  0x00, 0xc0, 0x38, 0xbd, 0x00, 0xc0, 0x38, 0xbd, 0x00, 0xc0, 0x38, 0xbd,
  0x00, 0xc0, 0x38, 0xbd, 0x00, 0xc0, 0x38, 0xbd, 0x01, 0x40, 0xb3, 0xbe,
  0x00, 0xc6, 0x5b, 0xbf, 0x00, 0x74, 0x7e, 0xbf, 0x00, 0xe6, 0x72, 0xbf,
  0x01, 0xbe, 0x76, 0xbf, 0x00, 0x76, 0x75, 0xbf, 0xff, 0xe1, 0x75, 0xbf,
  0x00, 0xbe, 0x75, 0xbf, 0x01, 0xce, 0x75, 0xbf, 0x00, 0xc8, 0x75, 0xbf,
  0x00, 0xc8, 0x75, 0xbf, 0x00, 0xc8, 0x75, 0xbf, 0x00, 0xc8, 0x75, 0xbf,
  0x00, 0xc8, 0x75, 0xbf, 0x00, 0xc8, 0x75, 0xbf, 0x00, 0xc8, 0x75, 0xbf,
  0x00, 0xc8, 0x75, 0xbf, 0x00, 0xc8, 0x75, 0xbf, 0x00, 0xc8, 0x75, 0xbf,
  0x00, 0xc8, 0x75, 0xbf, 0x00, 0xc8, 0x75, 0xbf, 0x00, 0xc8, 0x75, 0xbf,
  0x00, 0xc8, 0x75, 0xbf, 0x00, 0xc8, 0x75, 0xbf, 0x00, 0xc8, 0x75, 0xbf,
  0x00, 0xc8, 0x75, 0xbf, 0x00, 0xc8, 0x75, 0xbf, 0x00, 0xc8, 0x75, 0xbf,
  0x00, 0xc8, 0x75, 0xbf, 0x00, 0xc8, 0x75, 0xbf, 0x00, 0xc8, 0x75, 0xbf,
  0x00, 0xc8, 0x75, 0xbf, 0x00, 0xc8, 0x75, 0xbf, 0x00, 0xc8, 0x75, 0xbf,
  0x00, 0xc8, 0x75, 0xbf, 0x00, 0xc8, 0x75, 0xbf, 0x00, 0xc8, 0x75, 0xbf,
  0x00, 0xc8, 0x75, 0xbf, 0x00, 0xc8, 0x75, 0xbf, 0x00, 0xc8, 0x75, 0xbf,
  0x00, 0xc8, 0x75, 0xbf, 0x00, 0xc8, 0x75, 0xbf, 0x00, 0xc8, 0x75, 0xbf,
  0x00, 0xc8, 0x75, 0xbf, 0x00, 0xc8, 0x75, 0xbf, 0x00, 0xc8, 0x75, 0xbf,
  0x00, 0xc8, 0x75, 0xbf, 0x00, 0xc8, 0x75, 0xbf, 0x00, 0xc8, 0x75, 0xbf,
  0x00, 0xc8, 0x75, 0xbf, 0x00, 0xc8, 0x75, 0xbf, 0x00, 0xc8, 0x75, 0xbf,
  0x00, 0xc8, 0x75, 0xbf, 0x00, 0xc8, 0x75, 0xbf, 0x00, 0xc8, 0x75, 0xbf,
  0x00, 0xc8, 0x75, 0xbf, 0x00, 0xc8, 0x75, 0xbf, 0x00, 0xc8, 0x75, 0xbf,
  0x00, 0xc8, 0x75, 0xbf, 0x00, 0xc8, 0x75, 0xbf, 0x00, 0xc8, 0x75, 0xbf,
  0x00, 0xc8, 0x75, 0xbf, 0x00, 0xc8, 0x75, 0xbf, 0x00, 0xc8, 0x75, 0xbf,
  0x00, 0xc8, 0x75, 0xbf, 0x00, 0xc8, 0x75, 0xbf, 0x00, 0xc8, 0x75, 0xbf,
  0x00, 0xc8, 0x75, 0xbf, 0x00, 0xc8, 0x75, 0xbf, 0x00, 0xc8, 0x75, 0xbf,
  0x00, 0xc8, 0x75, 0xbf, 0x00, 0xc8, 0x75, 0xbf, 0x00, 0xc8, 0x75, 0xbf,
  0x00, 0xc8, 0x75, 0xbf, 0x00, 0xc8, 0x75, 0xbf, 0xff, 0xff, 0xa8, 0xbe,
  0x00, 0x20, 0x42, 0x3d, 0xff, 0xff, 0x8a, 0x3b, 0x02, 0x40, 0x99, 0x3c,
  0xfd, 0x7f, 0x62, 0x3c, 0xfe, 0x7f, 0x7d, 0x3c, 0x05, 0x80, 0x74, 0x3c,
  0xfc, 0xff, 0x76, 0x3c, 0xfc, 0xff, 0x76, 0x3c, 0xfc, 0xff, 0x76, 0x3c,
  0xfc, 0xff, 0x76, 0x3c, 0xfc, 0xff, 0x76, 0x3c, 0xfc, 0xff, 0x76, 0x3c,
  0xfc, 0xff, 0x76, 0x3c, 0xfc, 0xff, 0x76, 0x3c, 0xfc, 0xff, 0x76, 0x3c,
  0xfc, 0xff, 0x76, 0x3c, 0xfc, 0xff, 0x76, 0x3c, 0xfe, 0xbf, 0xa4, 0x3c,
  0x02, 0xc0, 0xe9, 0x3c, 0xff, 0xbf, 0xfb, 0x3c, 0xfe, 0x3f, 0xf5, 0x3c,
  0x00, 0xc0, 0xf7, 0x3c, 0xff, 0x7f, 0xf6, 0x3c, 0xff, 0x7f, 0xf6, 0x3c,
  0xff, 0x7f, 0xf6, 0x3c, 0xff, 0x7f, 0xf6, 0x3c, 0xff, 0x7f, 0xf6, 0x3c,
  0xff, 0x7f, 0xf6, 0x3c, 0xff, 0x7f, 0xf6, 0x3c, 0xff, 0x7f, 0xf6, 0x3c,
  0xff, 0x7f, 0xf6, 0x3c, 0xff, 0x7f, 0xf6, 0x3c, 0xff, 0x7f, 0xf6, 0x3c,
  0xff, 0x7f, 0xf6, 0x3c, 0xff, 0x7f, 0xf6, 0x3c, 0xff, 0x7f, 0xf6, 0x3c,
  0xff, 0x9f, 0xad, 0x3e, 0x00, 0xaa, 0x5a, 0x3f, 0xff, 0xd7, 0x7d, 0x3f,
  0xff, 0x1b, 0x72, 0x3f, 0xff, 0x03, 0x76, 0x3f, 0x00, 0xb4, 0x74, 0x3f,
  0x00, 0x26, 0x75, 0x3f, 0x01, 0x02, 0x75, 0x3f, 0x01, 0x0c, 0x75, 0x3f,
  0x00, 0x08, 0x75, 0x3f, 0x01, 0x0c, 0x75, 0x3f, 0x01, 0x0c, 0x75, 0x3f,
  0x01, 0x0c, 0x75, 0x3f, 0x01, 0x0c, 0x75, 0x3f, 0x01, 0x0c, 0x75, 0x3f,
  0x01, 0x0c, 0x75, 0x3f, 0x01, 0x0c, 0x75, 0x3f, 0x01, 0x0c, 0x75, 0x3f,
  0x00, 0x1a, 0x6a, 0x3f, 0x01, 0xe4, 0x57, 0x3f, 0x00, 0x04, 0x53, 0x3f,
  0x00, 0xa0, 0x54, 0x3f, 0x00, 0x1a, 0x54, 0x3f, 0x00, 0x44, 0x54, 0x3f,
  0x00, 0x3a, 0x54, 0x3f, 0x00, 0x3a, 0x54, 0x3f, 0x00, 0x3a, 0x54, 0x3f,
  0x00, 0x3a, 0x54, 0x3f, 0x00, 0x3a, 0x54, 0x3f, 0x00, 0x3a, 0x54, 0x3f,
  0x00, 0x3a, 0x54, 0x3f, 0x00, 0x3a, 0x54, 0x3f, 0x00, 0x3a, 0x54, 0x3f,
  0x00, 0x3a, 0x54, 0x3f, 0x00, 0x3a, 0x54, 0x3f, 0x00, 0x3a, 0x54, 0x3f,
  0x00, 0x3a, 0x54, 0x3f, 0x00, 0xa8, 0x3f, 0x3f, 0x00, 0x54, 0x1d, 0x3f,
  0x00, 0x30, 0x14, 0x3f, 0x00, 0x40, 0x17, 0x3f, 0x00, 0x3a, 0x16, 0x3f,
  0x01, 0x90, 0x16, 0x3f, 0xff, 0x75, 0x16, 0x3f, 0x00, 0x7c, 0x16, 0x3f,
  0xff, 0x75, 0x16, 0x3f, 0xff, 0x75, 0x16, 0x3f, 0xff, 0x75, 0x16, 0x3f,
  0xff, 0x75, 0x16, 0x3f, 0xff, 0x75, 0x16, 0x3f, 0xff, 0x75, 0x16, 0x3f,
  0xff, 0x75, 0x16, 0x3f, 0xff, 0x75, 0x16, 0x3f, 0xff, 0x75, 0x16, 0x3f,
  0xff, 0x75, 0x16, 0x3f, 0xff, 0x75, 0x16, 0x3f, 0xff, 0xeb, 0xe4, 0x3e,
  0xff, 0xcf, 0x59, 0x3e, 0x02, 0xb8, 0x19, 0x3e, 0x02, 0x10, 0x2f, 0x3e,
  0x01, 0xf8, 0x27, 0x3e, 0x00, 0x50, 0x2a, 0x3e, 0x00, 0x98, 0x29, 0x3e,
  0x01, 0xc0, 0x29, 0x3e, 0x01, 0xc0, 0x29, 0x3e, 0x01, 0xc0, 0x29, 0x3e,
  0x01, 0xc0, 0x29, 0x3e, 0x01, 0xc0, 0x29, 0x3e, 0x01, 0xc0, 0x29, 0x3e,
  0x01, 0xc0, 0x29, 0x3e, 0x01, 0xc0, 0x29, 0x3e, 0x01, 0xc0, 0x29, 0x3e,
  0x01, 0xc0, 0x29, 0x3e, 0x01, 0xc0, 0x29, 0x3e, 0x01, 0xc0, 0x29, 0x3e,
  0x00, 0xb0, 0x05, 0x3e, 0x00, 0x70, 0x93, 0x3d, 0x00, 0xc0, 0x66, 0x3d,
  0x01, 0x00, 0x7c, 0x3d, 0x00, 0x40, 0x75, 0x3d, 0x00, 0x40, 0x77, 0x3d,
  0x00, 0xa0, 0x76, 0x3d, 0x01, 0xe0, 0x76, 0x3d, 0x00, 0xa0, 0x76, 0x3d,
  0x01, 0xe0, 0x76, 0x3d, 0x01, 0xe0, 0x76, 0x3d, 0x01, 0xe0, 0x76, 0x3d,
  0x01, 0xe0, 0x76, 0x3d, 0x01, 0xe0, 0x76, 0x3d, 0x01, 0xe0, 0x76, 0x3d,
  0x01, 0xe0, 0x76, 0x3d, 0x01, 0xe0, 0x76, 0x3d, 0x01, 0xe0, 0x76, 0x3d,
  0x01, 0xc0, 0x24, 0x3d, 0x00, 0x00, 0xda, 0x3b, 0x02, 0x00, 0x10, 0xbb,
  0x01, 0x00, 0x48, 0x3a, 0x01, 0x00, 0xa0, 0xb9, 0x01, 0x00, 0x20, 0x39,
  0x00, 0x00, 0x00, 0x00, 0x00, 0x00, 0x00, 0x00, 0x00, 0x00, 0x00, 0x00,
  0x00, 0x00, 0x00, 0x00, 0x00, 0x00, 0x00, 0x00, 0x00, 0x00, 0x00, 0x00,
  0x00, 0x00, 0x00, 0x00, 0x00, 0x00, 0x00, 0x00, 0x00, 0x00, 0x00, 0x00,
  0x00, 0x00, 0x00, 0x00, 0x00, 0x00, 0x00, 0x00, 0x00, 0x00, 0x00, 0x00,
  0x00, 0x00, 0x00, 0x00, 0x00, 0x00, 0x00, 0x00, 0x00, 0x00, 0x00, 0x00,
  0x00, 0x00, 0x00, 0x00, 0x00, 0x00, 0x00, 0x00, 0x00, 0x00, 0x00, 0x00,
  0x00, 0x00, 0x00, 0x00, 0x00, 0x00, 0x00, 0x00, 0x00, 0x00, 0x00, 0x00,
  0x00, 0x00, 0x00, 0x00, 0x00, 0x00, 0x00, 0x00, 0x00, 0x00, 0x00, 0x00,
  0x00, 0x00, 0x00, 0x00, 0x00, 0x00, 0x00, 0x00, 0x00, 0x00, 0x00, 0x00,
  0x00, 0x00, 0x00, 0x00, 0x00, 0x00, 0x00, 0x00, 0x00, 0x00, 0x00, 0x00,
  0x00, 0x00, 0x00, 0x00, 0x00, 0x00, 0x00, 0x00, 0x00, 0x00, 0x00, 0x00,
  0x00, 0x00, 0x00, 0x00, 0x00, 0x00, 0x00, 0x00, 0x00, 0x00, 0x00, 0x00,
  0x00, 0x00, 0x00, 0x00, 0x00, 0x00, 0x00, 0x00, 0x00, 0x00, 0x00, 0x00,
  0x00, 0x00, 0x00, 0x00, 0x00, 0x00, 0x00, 0x00, 0x00, 0x00, 0x00, 0x00,
  0x00, 0x00, 0x00, 0x00, 0x00, 0x00, 0x00, 0x00, 0x00, 0x00, 0x00, 0x00,
  0x00, 0x00, 0x00, 0x00, 0x00, 0x00, 0x00, 0x00, 0x00, 0x00, 0x00, 0x00,
  0x00, 0x00, 0x00, 0x00, 0x00, 0x00, 0x00, 0x00, 0x00, 0x00, 0x00, 0x00,
  0x00, 0x00, 0x00, 0x00, 0x00, 0x00, 0x00, 0x00, 0x00, 0x00, 0x00, 0x00,
  0x00, 0x00, 0x00, 0x00, 0x00, 0x00, 0x00, 0x00, 0x00, 0x00, 0x00, 0x00,
  0x00, 0x00, 0x00, 0x00, 0x00, 0x00, 0x00, 0x00, 0x00, 0x00, 0x00, 0x00,
  0x00, 0x00, 0x00, 0x00, 0x00, 0x00, 0x00, 0x00, 0x00, 0x00, 0x00, 0x00,
  0x00, 0x00, 0x00, 0x00, 0x00, 0x00, 0x00, 0x00, 0x00, 0x00, 0x00, 0x00,
  0x00, 0x00, 0x00, 0x00, 0x00, 0x00, 0x00, 0x00, 0x00, 0x00, 0x00, 0x00,
  0x00, 0x00, 0xa4, 0xbb, 0x03, 0x80, 0x5d, 0xbc, 0xff, 0xbf, 0x80, 0xbc,
  0xff, 0x7f, 0x75, 0xbc, 0xfe, 0x7f, 0x79, 0xbc, 0x04, 0x80, 0x78, 0xbc,
  0x04, 0x80, 0x78, 0xbc, 0x04, 0x80, 0x78, 0xbc, 0x04, 0x80, 0x78, 0xbc,
  0x04, 0x80, 0x78, 0xbc, 0x04, 0x80, 0x78, 0xbc, 0x04, 0x80, 0x78, 0xbc,
  0x04, 0x80, 0x78, 0xbc, 0x04, 0x80, 0x78, 0xbc, 0x04, 0x80, 0x78, 0xbc,
  0x04, 0x80, 0x78, 0xbc, 0x04, 0x80, 0x78, 0xbc, 0x04, 0x80, 0x78, 0xbc,
  0x04, 0x80, 0x78, 0xbc, 0x04, 0x80, 0x78, 0xbc, 0x04, 0x80, 0x78, 0xbc,
  0x04, 0x80, 0x78, 0xbc, 0x04, 0x80, 0x78, 0xbc, 0x04, 0x80, 0x78, 0xbc,
  0x04, 0x80, 0x78, 0xbc, 0x04, 0x80, 0x78, 0xbc, 0x04, 0x80, 0x78, 0xbc,
  0x04, 0x80, 0x78, 0xbc, 0x04, 0x80, 0x78, 0xbc, 0x04, 0x80, 0x78, 0xbc,
  0x04, 0x80, 0x78, 0xbc, 0x04, 0x80, 0x78, 0xbc, 0x04, 0x80, 0x78, 0xbc,
  0x04, 0x80, 0x78, 0xbc, 0x04, 0x80, 0x78, 0xbc, 0x04, 0x80, 0x78, 0xbc,
  0x04, 0x80, 0x78, 0xbc, 0x04, 0x80, 0x78, 0xbc, 0x04, 0x80, 0x78, 0xbc,
  0x04, 0x80, 0x78, 0xbc, 0x04, 0x80, 0x78, 0xbc, 0x04, 0x80, 0x78, 0xbc,
  0x04, 0x80, 0x78, 0xbc, 0x04, 0x80, 0x78, 0xbc, 0x04, 0x80, 0x78, 0xbc,
  0x04, 0x80, 0x78, 0xbc, 0x04, 0x80, 0x78, 0xbc, 0x04, 0x80, 0x78, 0xbc,
  0x04, 0x80, 0x78, 0xbc, 0x04, 0x80, 0x78, 0xbc, 0x04, 0x80, 0x78, 0xbc,
  0x04, 0x80, 0x78, 0xbc, 0x04, 0x80, 0x78, 0xbc, 0x04, 0x80, 0x78, 0xbc,
  0x04, 0x80, 0x78, 0xbc, 0x04, 0x80, 0x78, 0xbc, 0x04, 0x80, 0x78, 0xbc,
  0x04, 0x80, 0x78, 0xbc, 0x04, 0x80, 0x78, 0xbc, 0x04, 0x80, 0x78, 0xbc,
  0x04, 0x80, 0x78, 0xbc, 0x04, 0x80, 0x78, 0xbc, 0x04, 0x80, 0x78, 0xbc,
  0x04, 0x80, 0x78, 0xbc, 0x04, 0x80, 0x78, 0xbc, 0x04, 0x80, 0x78, 0xbc,
  0x04, 0x80, 0x78, 0xbc, 0x04, 0x80, 0x78, 0xbc, 0x04, 0x80, 0x78, 0xbc,
  0x04, 0x80, 0x78, 0xbc, 0x04, 0x80, 0x78, 0xbc, 0x04, 0x80, 0x78, 0xbc,
  0x04, 0x80, 0x78, 0xbc, 0x04, 0x80, 0x78, 0xbc, 0x04, 0x80, 0x78, 0xbc,
  0x04, 0x80, 0x78, 0xbc, 0x04, 0x80, 0x78, 0xbc, 0x04, 0x80, 0x78, 0xbc,
  0x04, 0x80, 0x78, 0xbc, 0x04, 0x80, 0x78, 0xbc, 0x04, 0x80, 0x78, 0xbc,
  0x04, 0x80, 0x78, 0xbc, 0x04, 0x80, 0x78, 0xbc, 0x04, 0x80, 0x78, 0xbc,
  0x04, 0x80, 0x78, 0xbc, 0x04, 0x80, 0x78, 0xbc, 0x04, 0x80, 0x78, 0xbc,
  0x04, 0x80, 0x78, 0xbc, 0x04, 0x80, 0x78, 0xbc, 0x04, 0x80, 0x78, 0xbc,
  0x04, 0x80, 0x78, 0xbc, 0x04, 0x80, 0x78, 0xbc, 0x04, 0x80, 0x78, 0xbc,
  0x04, 0x80, 0x78, 0xbc, 0x01, 0xd8, 0xa9, 0xbe, 0xff, 0xf9, 0x5b, 0xbf,
  0x00, 0xfe, 0x7f, 0xbf, 0x01, 0xfc, 0x73, 0xbf, 0x00, 0x02, 0x78, 0xbf,
  0x00, 0xa8, 0x76, 0xbf, 0x00, 0x1a, 0x77, 0xbf, 0x01, 0xf6, 0x76, 0xbf,
  0x00, 0x06, 0x77, 0xbf, 0x01, 0x00, 0x77, 0xbf, 0x01, 0x00, 0x77, 0xbf,
  0x01, 0x00, 0x77, 0xbf, 0x01, 0x00, 0x77, 0xbf, 0x01, 0x00, 0x77, 0xbf,
  0x01, 0x00, 0x77, 0xbf, 0x01, 0x00, 0x77, 0xbf, 0x01, 0x00, 0x77, 0xbf,
  0x01, 0x00, 0x77, 0xbf, 0x01, 0x00, 0x77, 0xbf, 0xff, 0x1b, 0x58, 0xbf,
  0x00, 0xac, 0x24, 0xbf, 0x00, 0xee, 0x16, 0xbf, 0x01, 0x7e, 0x1b, 0xbf,
  0x01, 0xfc, 0x19, 0xbf, 0x00, 0x7e, 0x1a, 0xbf, 0xff, 0x53, 0x1a, 0xbf,
  0x00, 0x5e, 0x1a, 0xbf, 0x00, 0x5e, 0x1a, 0xbf, 0x00, 0x5e, 0x1a, 0xbf,
  0x00, 0x5e, 0x1a, 0xbf, 0x00, 0x5e, 0x1a, 0xbf, 0x00, 0x5e, 0x1a, 0xbf,
  0x00, 0x5e, 0x1a, 0xbf, 0x00, 0x5e, 0x1a, 0xbf, 0x00, 0x5e, 0x1a, 0xbf,
  0x00, 0x5e, 0x1a, 0xbf, 0x00, 0x5e, 0x1a, 0xbf, 0x00, 0x5e, 0x1a, 0xbf,
  0x00, 0xf0, 0x0a, 0xbf, 0x00, 0x64, 0xe2, 0xbe, 0x01, 0xac, 0xd4, 0xbe,
  0x01, 0x4c, 0xd9, 0xbe, 0xff, 0xc3, 0xd7, 0xbe, 0x01, 0x40, 0xd8, 0xbe,
  0x00, 0x14, 0xd8, 0xbe, 0x00, 0x2c, 0xd8, 0xbe, 0x00, 0x14, 0xd8, 0xbe,
  0x00, 0x14, 0xd8, 0xbe, 0x00, 0x14, 0xd8, 0xbe, 0x00, 0x14, 0xd8, 0xbe,
  0x00, 0x14, 0xd8, 0xbe, 0x00, 0x14, 0xd8, 0xbe, 0x00, 0x14, 0xd8, 0xbe,
  0x00, 0x14, 0xd8, 0xbe, 0x00, 0x14, 0xd8, 0xbe, 0x00, 0x14, 0xd8, 0xbe,
  0x02, 0xf0, 0xc0, 0xbe, 0x00, 0x64, 0x9a, 0xbe, 0x00, 0x14, 0x90, 0xbe,
  0xff, 0x7f, 0x93, 0xbe, 0x01, 0x60, 0x92, 0xbe, 0xff, 0xc7, 0x92, 0xbe,
  0xff, 0x9b, 0x92, 0xbe, 0xff, 0xb3, 0x92, 0xbe, 0xff, 0xb3, 0x92, 0xbe,
  0xff, 0xb3, 0x92, 0xbe, 0xff, 0xb3, 0x92, 0xbe, 0xff, 0xb3, 0x92, 0xbe,
  0xff, 0xb3, 0x92, 0xbe, 0xff, 0xb3, 0x92, 0xbe, 0xff, 0xb3, 0x92, 0xbe,
  0xff, 0xb3, 0x92, 0xbe, 0xff, 0xb3, 0x92, 0xbe, 0xff, 0xb3, 0x92, 0xbe,
  0xff, 0xb3, 0x92, 0xbe, 0x03, 0x08, 0x77, 0xbe, 0x02, 0xe8, 0x29, 0xbe,
  0x01, 0x50, 0x15, 0xbe, 0xfd, 0x27, 0x1c, 0xbe, 0xff, 0xcf, 0x19, 0xbe,
  0x02, 0xa0, 0x1a, 0xbe, 0xfe, 0x5f, 0x1a, 0xbe, 0x01, 0x78, 0x1a, 0xbe,
  0xfe, 0x5f, 0x1a, 0xbe, 0xfe, 0x5f, 0x1a, 0xbe, 0xfe, 0x5f, 0x1a, 0xbe,
  0xfe, 0x5f, 0x1a, 0xbe, 0xfe, 0x5f, 0x1a, 0xbe, 0xfe, 0x5f, 0x1a, 0xbe,
  0xfe, 0x5f, 0x1a, 0xbe, 0xfe, 0x5f, 0x1a, 0xbe, 0xfe, 0x5f, 0x1a, 0xbe,
  0xfe, 0x5f, 0x1a, 0xbe, 0xfe, 0x5f, 0x1a, 0xbe, 0x00, 0xe0, 0xcd, 0xbd,
  0xfe, 0xff, 0x88, 0xbc, 0x00, 0x00, 0xb6, 0x3b, 0xfe, 0xff, 0xf3, 0xba,
  0x01, 0x00, 0x20, 0x3a, 0x01, 0x00, 0x20, 0xb9, 0x00, 0x00, 0x00, 0x00,
  0x00, 0x00, 0x00, 0x00, 0x00, 0x00, 0x00, 0x00, 0x00, 0x00, 0x00, 0x00,
  0x00, 0x00, 0x00, 0x00, 0x00, 0x00, 0x00, 0x00, 0x00, 0x00, 0x00, 0x00,
  0x00, 0x00, 0x00, 0x00, 0x00, 0x00, 0x00, 0x00, 0x00, 0x00, 0x00, 0x00,
  0x00, 0x00, 0x00, 0x00, 0x00, 0x00, 0x00, 0x00, 0x00, 0x00, 0x00, 0x00,
  0x01, 0x80, 0xa4, 0x3d, 0x02, 0x80, 0x5b, 0x3e, 0xff, 0x03, 0x80, 0x3e,
  0x01, 0xe0, 0x73, 0x3e, 0xfd, 0xe7, 0x77, 0x3e, 0xfe, 0x9f, 0x76, 0x3e,
  0xff, 0x1f, 0x77, 0x3e, 0x00, 0xf0, 0x76, 0x3e, 0x00, 0xf0, 0x76, 0x3e,
  0x00, 0xf0, 0x76, 0x3e, 0x00, 0xf0, 0x76, 0x3e, 0x00, 0xf0, 0x76, 0x3e,
  0x00, 0xf0, 0x76, 0x3e, 0x00, 0xf0, 0x76, 0x3e, 0x00, 0xf0, 0x76, 0x3e,
  0x00, 0xf0, 0x76, 0x3e, 0x00, 0xf0, 0x76, 0x3e, 0x00, 0xf0, 0x76, 0x3e,
  0x02, 0xe4, 0x8a, 0x3e, 0x00, 0x9c, 0xa4, 0x3e, 0x01, 0x74, 0xab, 0x3e,
  0x02, 0x34, 0xa9, 0x3e, 0x00, 0xf8, 0xa9, 0x3e, 0x01, 0xac, 0xa9, 0x3e,
  0xff, 0xcb, 0xa9, 0x3e, 0x00, 0xc4, 0xa9, 0x3e, 0x00, 0xc4, 0xa9, 0x3e,
  0x00, 0xc4, 0xa9, 0x3e, 0x00, 0xc4, 0xa9, 0x3e, 0x00, 0xc4, 0xa9, 0x3e,
  0x00, 0xc4, 0xa9, 0x3e, 0x00, 0xc4, 0xa9, 0x3e, 0x00, 0xc4, 0xa9, 0x3e,
  0x00, 0xc4, 0xa9, 0x3e, 0x00, 0xc4, 0xa9, 0x3e, 0x00, 0xc4, 0xa9, 0x3e,
  0x00, 0xc4, 0xa9, 0x3e, 0x00, 0x5c, 0xd0, 0x3e, 0x01, 0x56, 0x08, 0x3f,
  0x01, 0xea, 0x10, 0x3f, 0x00, 0x08, 0x0e, 0x3f, 0x01, 0x00, 0x0f, 0x3f,
  0x00, 0xae, 0x0e, 0x3f, 0x00, 0xcc, 0x0e, 0x3f, 0x00, 0xc2, 0x0e, 0x3f,
  0x00, 0xc2, 0x0e, 0x3f, 0x00, 0xc2, 0x0e, 0x3f, 0x00, 0xc2, 0x0e, 0x3f,
  0x00, 0xc2, 0x0e, 0x3f, 0x00, 0xc2, 0x0e, 0x3f, 0x00, 0xc2, 0x0e, 0x3f,
  0x00, 0xc2, 0x0e, 0x3f, 0x00, 0xc2, 0x0e, 0x3f, 0x00, 0xc2, 0x0e, 0x3f,
  0x00, 0xc2, 0x0e, 0x3f, 0x00, 0xc2, 0x0e, 0x3f, 0x00, 0xc2, 0x0e, 0x3f,
  0x00, 0xc2, 0x0e, 0x3f, 0x00, 0xc2, 0x0e, 0x3f, 0x00, 0xc2, 0x0e, 0x3f,
  0x00, 0xc2, 0x0e, 0x3f, 0x00, 0xc2, 0x0e, 0x3f, 0x00, 0xc2, 0x0e, 0x3f,
  0x00, 0xc2, 0x0e, 0x3f, 0x00, 0xc2, 0x0e, 0x3f, 0x00, 0xc2, 0x0e, 0x3f,
  0x00, 0xc2, 0x0e, 0x3f, 0x00, 0xc2, 0x0e, 0x3f, 0x00, 0xc2, 0x0e, 0x3f,
  0x00, 0xc2, 0x0e, 0x3f, 0x00, 0xc2, 0x0e, 0x3f, 0x00, 0xc2, 0x0e, 0x3f,
  0x00, 0xc2, 0x0e, 0x3f, 0x00, 0xc2, 0x0e, 0x3f, 0x00, 0xc2, 0x0e, 0x3f,
  0x00, 0x78, 0x0d, 0x3f, 0x00, 0x56, 0x0b, 0x3f, 0x00, 0xc0, 0x0a, 0x3f,
  0xff, 0xf3, 0x0a, 0x3f, 0x00, 0xe4, 0x0a, 0x3f, 0x01, 0xea, 0x0a, 0x3f,
  0x01, 0xea, 0x0a, 0x3f, 0x01, 0xea, 0x0a, 0x3f, 0x01, 0xea, 0x0a, 0x3f,
  0x01, 0xea, 0x0a, 0x3f, 0x01, 0xea, 0x0a, 0x3f, 0x01, 0xea, 0x0a, 0x3f,
  0x01, 0xea, 0x0a, 0x3f, 0x01, 0xea, 0x0a, 0x3f, 0x01, 0xea, 0x0a, 0x3f,
  0x01, 0xea, 0x0a, 0x3f, 0x01, 0xea, 0x0a, 0x3f, 0x01, 0xea, 0x0a, 0x3f,
  0xff, 0xc3, 0xdf, 0x3e, 0x00, 0xc8, 0x85, 0x3e, 0x02, 0x80, 0x5b, 0x3e,
  0xfe, 0x6f, 0x6b, 0x3e, 0x00, 0x38, 0x66, 0x3e, 0x01, 0xf8, 0x67, 0x3e,
  0xfe, 0x57, 0x67, 0x3e, 0x03, 0x90, 0x67, 0x3e, 0xff, 0x7f, 0x67, 0x3e,
  0xff, 0x7f, 0x67, 0x3e, 0xff, 0x7f, 0x67, 0x3e, 0xff, 0x7f, 0x67, 0x3e,
  0xff, 0x7f, 0x67, 0x3e, 0xff, 0x7f, 0x67, 0x3e, 0xff, 0x7f, 0x67, 0x3e,
  0xff, 0x7f, 0x67, 0x3e, 0xff, 0x7f, 0x67, 0x3e, 0xff, 0x7f, 0x67, 0x3e,
  0xff, 0x7f, 0x67, 0x3e, 0x07, 0xa0, 0xec, 0x3d, 0x00, 0xd0, 0x8c, 0xbd,
  0xff, 0x6f, 0xf1, 0xbd, 0xfa, 0xcf, 0xcf, 0xbd, 0xfe, 0x0f, 0xdb, 0xbd,
  0xfd, 0x2f, 0xd7, 0xbd, 0x01, 0x80, 0xd8, 0xbd, 0x00, 0x30, 0xd8, 0xbd,
  0x00, 0x30, 0xd8, 0xbd, 0x00, 0x30, 0xd8, 0xbd, 0x00, 0x30, 0xd8, 0xbd,
  0x00, 0x30, 0xd8, 0xbd, 0x00, 0x30, 0xd8, 0xbd, 0x00, 0x30, 0xd8, 0xbd,
  0x00, 0x30, 0xd8, 0xbd, 0x00, 0x30, 0xd8, 0xbd, 0x00, 0x30, 0xd8, 0xbd,
  0x00, 0x30, 0xd8, 0xbd, 0x00, 0x30, 0xd8, 0xbd, 0x02, 0xf8, 0x52, 0xbe,
  0x01, 0x40, 0xbf, 0xbe, 0x01, 0x1c, 0xd6, 0xbe, 0x00, 0x80, 0xce, 0xbe,
  0x01, 0x0c, 0xd1, 0xbe, 0xff, 0x33, 0xd0, 0xbe, 0xfe, 0x7b, 0xd0, 0xbe,
  0x00, 0x5c, 0xd0, 0xbe, 0x01, 0x68, 0xd0, 0xbe, 0x01, 0x68, 0xd0, 0xbe,
  0x01, 0x68, 0xd0, 0xbe, 0x01, 0x68, 0xd0, 0xbe, 0x01, 0x68, 0xd0, 0xbe,
  0x01, 0x68, 0xd0, 0xbe, 0x01, 0x68, 0xd0, 0xbe, 0x01, 0x68, 0xd0, 0xbe,
  0x01, 0x68, 0xd0, 0xbe, 0x01, 0x68, 0xd0, 0xbe, 0x01, 0x68, 0xd0, 0xbe,
  0x00, 0x12, 0x07, 0xbf, 0xff, 0x8b, 0x3a, 0xbf, 0x01, 0x40, 0x48, 0xbf,
  0x00, 0xb0, 0x43, 0xbf, 0x00, 0x36, 0x45, 0xbf, 0xff, 0xaf, 0x44, 0xbf,
  0x00, 0xe4, 0x44, 0xbf, 0x00, 0xd0, 0x44, 0xbf, 0x00, 0xda, 0x44, 0xbf,
  0x01, 0xd4, 0x44, 0xbf, 0x00, 0xda, 0x44, 0xbf, 0x00, 0xda, 0x44, 0xbf,
  0x00, 0xda, 0x44, 0xbf, 0x00, 0xda, 0x44, 0xbf, 0x00, 0xda, 0x44, 0xbf,
  0x00, 0xda, 0x44, 0xbf, 0x00, 0xda, 0x44, 0xbf, 0x00, 0xda, 0x44, 0xbf,
  0x01, 0x90, 0x4c, 0xbf, 0x00, 0x6c, 0x59, 0xbf, 0xff, 0xdb, 0x5c, 0xbf,
  0xff, 0xb5, 0x5b, 0xbf, 0x00, 0x18, 0x5c, 0xbf, 0x00, 0xf4, 0x5b, 0xbf,
  0xff, 0x03, 0x5c, 0xbf, 0x00, 0xfe, 0x5b, 0xbf, 0x00, 0xfe, 0x5b, 0xbf,
  0x00, 0xfe, 0x5b, 0xbf, 0x00, 0xfe, 0x5b, 0xbf, 0x00, 0xfe, 0x5b, 0xbf,
  0x00, 0xfe, 0x5b, 0xbf, 0x00, 0xfe, 0x5b, 0xbf, 0x00, 0xfe, 0x5b, 0xbf,
  0x00, 0xfe, 0x5b, 0xbf, 0x00, 0xfe, 0x5b, 0xbf, 0x00, 0xfe, 0x5b, 0xbf,
  0x00, 0xfe, 0x5b, 0xbf, 0x00, 0x60, 0x11, 0xbf, 0x00, 0x10, 0xa8, 0xbd,
  0xfe, 0xaf, 0x87, 0x3e, 0xfe, 0x37, 0xc0, 0x3e, 0x00, 0x54, 0xad, 0x3e,
  0x00, 0xa8, 0xb3, 0x3e, 0xff, 0x87, 0xb1, 0x3e, 0x00, 0x3c, 0xb2, 0x3e,
  0x01, 0x04, 0xb2, 0x3e, 0xff, 0x0f, 0xb2, 0x3e, 0xff, 0x0f, 0xb2, 0x3e,
  0xff, 0x0f, 0xb2, 0x3e, 0xff, 0x0f, 0xb2, 0x3e, 0xff, 0x0f, 0xb2, 0x3e,
  0xff, 0x0f, 0xb2, 0x3e, 0xff, 0x0f, 0xb2, 0x3e, 0xff, 0x0f, 0xb2, 0x3e,
  0xff, 0x0f, 0xb2, 0x3e, 0xff, 0x0f, 0xb2, 0x3e, 0xff, 0x0f, 0xb2, 0x3e,
  0x00, 0x94, 0xea, 0x3e, 0xff, 0x6b, 0x24, 0x3f, 0x00, 0xfa, 0x30, 0x3f,
  0x00, 0xcc, 0x2c, 0x3f, 0xff, 0x31, 0x2e, 0x3f, 0x00, 0xba, 0x2d, 0x3f,
  0xff, 0xe1, 0x2d, 0x3f, 0x00, 0xd2, 0x2d, 0x3f, 0xff, 0xd7, 0x2d, 0x3f,
  0xff, 0xd7, 0x2d, 0x3f, 0xff, 0xd7, 0x2d, 0x3f, 0xff, 0xd7, 0x2d, 0x3f,
  0xff, 0xd7, 0x2d, 0x3f, 0xff, 0xd7, 0x2d, 0x3f, 0xff, 0xd7, 0x2d, 0x3f,
  0xff, 0xd7, 0x2d, 0x3f, 0xff, 0xd7, 0x2d, 0x3f, 0xff, 0xd7, 0x2d, 0x3f,
  0xff, 0xd7, 0x2d, 0x3f, 0x00, 0x94, 0x3a, 0x3f, 0x00, 0xca, 0x4f, 0x3f,
  0x00, 0x6c, 0x55, 0x3f, 0x00, 0x8c, 0x53, 0x3f, 0x00, 0x30, 0x54, 0x3f,
  0x01, 0xfc, 0x53, 0x3f, 0x00, 0x0e, 0x54, 0x3f, 0x00, 0x08, 0x54, 0x3f,
  0x00, 0x08, 0x54, 0x3f, 0x00, 0x08, 0x54, 0x3f, 0x00, 0x08, 0x54, 0x3f,
  0x00, 0x08, 0x54, 0x3f, 0x00, 0x08, 0x54, 0x3f, 0x00, 0x08, 0x54, 0x3f,
  0x00, 0x08, 0x54, 0x3f, 0x00, 0x08, 0x54, 0x3f, 0x00, 0x08, 0x54, 0x3f,
  0x00, 0x08, 0x54, 0x3f, 0x00, 0x08, 0x54, 0x3f, 0x01, 0x2a, 0x62, 0x3f,
  0x01, 0xb8, 0x79, 0x3f, 0x00, 0xfe, 0x7f, 0x3f, 0x00, 0xe6, 0x7d, 0x3f,
  0x01, 0x9a, 0x7e, 0x3f, 0x01, 0x62, 0x7e, 0x3f, 0x01, 0x78, 0x7e, 0x3f,
  0x01, 0x6e, 0x7e, 0x3f, 0x01, 0x6e, 0x7e, 0x3f, 0x01, 0x6e, 0x7e, 0x3f,
  0x01, 0x6e, 0x7e, 0x3f, 0x01, 0x6e, 0x7e, 0x3f, 0x01, 0x6e, 0x7e, 0x3f,
  0x01, 0x6e, 0x7e, 0x3f, 0x01, 0x6e, 0x7e, 0x3f, 0x01, 0x6e, 0x7e, 0x3f,
  0x01, 0x6e, 0x7e, 0x3f, 0x01, 0x6e, 0x7e, 0x3f, 0x01, 0x6e, 0x7e, 0x3f,
  0x01, 0x6e, 0x7e, 0x3f, 0x01, 0x6e, 0x7e, 0x3f, 0x01, 0x6e, 0x7e, 0x3f,
  0x01, 0x6e, 0x7e, 0x3f, 0x01, 0x6e, 0x7e, 0x3f, 0x01, 0x6e, 0x7e, 0x3f,
  0x01, 0x6e, 0x7e, 0x3f, 0x01, 0x6e, 0x7e, 0x3f, 0x01, 0x6e, 0x7e, 0x3f,
  0x01, 0x6e, 0x7e, 0x3f, 0x01, 0x6e, 0x7e, 0x3f, 0x01, 0x6e, 0x7e, 0x3f,
  0x01, 0x6e, 0x7e, 0x3f, 0x01, 0x6e, 0x7e, 0x3f, 0x01, 0x6e, 0x7e, 0x3f,
  0x01, 0x6e, 0x7e, 0x3f, 0x01, 0x6e, 0x7e, 0x3f, 0x01, 0x6e, 0x7e, 0x3f,
  0x01, 0x6e, 0x7e, 0x3f, 0x01, 0x6e, 0x7e, 0x3f, 0x01, 0x6e, 0x7e, 0x3f,
  0x01, 0x6e, 0x7e, 0x3f, 0x01, 0x6e, 0x7e, 0x3f, 0x01, 0x6e, 0x7e, 0x3f,
  0x01, 0x6e, 0x7e, 0x3f, 0x01, 0x6e, 0x7e, 0x3f, 0x01, 0x6e, 0x7e, 0x3f,
  0x01, 0x6e, 0x7e, 0x3f, 0x01, 0x6e, 0x7e, 0x3f, 0x01, 0x6e, 0x7e, 0x3f,
  0x01, 0x6e, 0x7e, 0x3f, 0x01, 0x6e, 0x7e, 0x3f, 0x01, 0x6e, 0x7e, 0x3f,
  0x01, 0x6e, 0x7e, 0x3f, 0x01, 0x6e, 0x7e, 0x3f, 0x01, 0x6e, 0x7e, 0x3f,
  0x01, 0x6e, 0x7e, 0x3f, 0x00, 0xea, 0x5d, 0x3f, 0xff, 0xb5, 0x27, 0x3f,
  0x01, 0x46, 0x19, 0x3f, 0x00, 0x18, 0x1e, 0x3f, 0x00, 0x7a, 0x1c, 0x3f,
  0x01, 0x02, 0x1d, 0x3f, 0x00, 0xd6, 0x1c, 0x3f, 0x00, 0xe6, 0x1c, 0x3f,
  0x01, 0xe0, 0x1c, 0x3f, 0x01, 0xe0, 0x1c, 0x3f, 0x01, 0xe0, 0x1c, 0x3f,
  0x01, 0xe0, 0x1c, 0x3f, 0x01, 0xe0, 0x1c, 0x3f, 0x01, 0xe0, 0x1c, 0x3f,
  0x01, 0xe0, 0x1c, 0x3f, 0x01, 0xe0, 0x1c, 0x3f, 0x01, 0xe0, 0x1c, 0x3f,
  0x01, 0xe0, 0x1c, 0x3f, 0x01, 0xe0, 0x1c, 0x3f, 0x01, 0x18, 0x62, 0x3e,
  0x00, 0x80, 0xdd, 0xbe, 0xff, 0x59, 0x1b, 0xbf, 0x01, 0x78, 0x0c, 0xbf,
  0x00, 0x6c, 0x11, 0xbf, 0x00, 0xca, 0x0f, 0xbf, 0x01, 0x56, 0x10, 0xbf,
  0x01, 0x2a, 0x10, 0xbf, 0x01, 0x34, 0x10, 0xbf, 0x01, 0x34, 0x10, 0xbf,
  0x01, 0x34, 0x10, 0xbf, 0x01, 0x34, 0x10, 0xbf, 0x01, 0x34, 0x10, 0xbf,
  0x01, 0x34, 0x10, 0xbf, 0x01, 0x34, 0x10, 0xbf, 0x01, 0x34, 0x10, 0xbf,
  0x01, 0x34, 0x10, 0xbf, 0x01, 0x34, 0x10, 0xbf, 0xff, 0x3d, 0x28, 0xbf,
  0x01, 0x4c, 0x50, 0xbf, 0xff, 0xf3, 0x5a, 0xbf, 0x00, 0x6a, 0x57, 0xbf,
  0x00, 0x96, 0x58, 0xbf, 0x00, 0x30, 0x58, 0xbf, 0x00, 0x52, 0x58, 0xbf,
  0xff, 0x47, 0x58, 0xbf, 0x00, 0x52, 0x58, 0xbf, 0x01, 0x4c, 0x58, 0xbf,
  0x00, 0x52, 0x58, 0xbf, 0x00, 0x52, 0x58, 0xbf, 0x00, 0x52, 0x58, 0xbf,
  0x00, 0x52, 0x58, 0xbf, 0x00, 0x52, 0x58, 0xbf, 0x00, 0x52, 0x58, 0xbf,
  0x00, 0x52, 0x58, 0xbf, 0x00, 0x52, 0x58, 0xbf, 0x00, 0x52, 0x58, 0xbf,
  0x01, 0xf0, 0x5d, 0xbf, 0x00, 0x62, 0x67, 0xbf, 0xff, 0xe1, 0x69, 0xbf,
  0xff, 0x09, 0x69, 0xbf, 0x00, 0x54, 0x69, 0xbf, 0xff, 0x37, 0x69, 0xbf,
  0xff, 0x43, 0x69, 0xbf, 0xff, 0x43, 0x69, 0xbf, 0xff, 0x43, 0x69, 0xbf,
  0xff, 0x43, 0x69, 0xbf, 0xff, 0x43, 0x69, 0xbf, 0xff, 0x43, 0x69, 0xbf,
  0xff, 0x43, 0x69, 0xbf, 0xff, 0x43, 0x69, 0xbf, 0xff, 0x43, 0x69, 0xbf,
  0xff, 0x43, 0x69, 0xbf, 0xff, 0x43, 0x69, 0xbf, 0xff, 0x43, 0x69, 0xbf,
  0xff, 0x43, 0x69, 0xbf, 0x00, 0x18, 0x6c, 0xbf, 0x01, 0xd4, 0x70, 0xbf,
  0xff, 0x0f, 0x72, 0xbf, 0x00, 0xa4, 0x71, 0xbf, 0xff, 0xcb, 0x71, 0xbf,
  0x01, 0xc2, 0x71, 0xbf, 0x01, 0xc2, 0x71, 0xbf, 0x01, 0xc2, 0x71, 0xbf,
  0x01, 0xc2, 0x71, 0xbf, 0x01, 0xc2, 0x71, 0xbf, 0x01, 0xc2, 0x71, 0xbf,
  0x01, 0xc2, 0x71, 0xbf, 0x01, 0xc2, 0x71, 0xbf, 0x01, 0xc2, 0x71, 0xbf,
  0x01, 0xc2, 0x71, 0xbf, 0x01, 0xc2, 0x71, 0xbf, 0x01, 0xc2, 0x71, 0xbf,
  0x01, 0xc2, 0x71, 0xbf, 0x01, 0xc2, 0x71, 0xbf, 0x00, 0xec, 0x6e, 0xbf,
  0x00, 0x30, 0x6a, 0xbf, 0xff, 0xf3, 0x68, 0xbf, 0xff, 0x59, 0x69, 0xbf,
  0xff, 0x37, 0x69, 0xbf, 0xff, 0x43, 0x69, 0xbf, 0xff, 0x43, 0x69, 0xbf,
  0xff, 0x43, 0x69, 0xbf, 0xff, 0x43, 0x69, 0xbf, 0xff, 0x43, 0x69, 0xbf,
  0xff, 0x43, 0x69, 0xbf, 0xff, 0x43, 0x69, 0xbf, 0xff, 0x43, 0x69, 0xbf,
  0xff, 0x43, 0x69, 0xbf, 0xff, 0x43, 0x69, 0xbf, 0xff, 0x43, 0x69, 0xbf,
  0xff, 0x43, 0x69, 0xbf, 0xff, 0x43, 0x69, 0xbf, 0x00, 0x82, 0x6d, 0xbf,
  0x00, 0x96, 0x74, 0xbf, 0xff, 0x75, 0x76, 0xbf, 0x00, 0xd2, 0x75, 0xbf,
  0x00, 0x0c, 0x76, 0xbf, 0xff, 0xf9, 0x75, 0xbf, 0x00, 0x00, 0x76, 0xbf,
  0x00, 0x00, 0x76, 0xbf, 0x00, 0x00, 0x76, 0xbf, 0x00, 0x00, 0x76, 0xbf,
  0x00, 0x00, 0x76, 0xbf, 0x00, 0x00, 0x76, 0xbf, 0x00, 0x00, 0x76, 0xbf,
  0x00, 0x00, 0x76, 0xbf, 0x00, 0x00, 0x76, 0xbf, 0x00, 0x00, 0x76, 0xbf,
  0x00, 0x00, 0x76, 0xbf, 0x00, 0x00, 0x76, 0xbf, 0x00, 0x00, 0x76, 0xbf,
  0x00, 0x00, 0x76, 0xbf, 0x00, 0x00, 0x76, 0xbf, 0x00, 0x00, 0x76, 0xbf,
  0x00, 0x00, 0x76, 0xbf, 0x00, 0x00, 0x76, 0xbf, 0x00, 0x00, 0x76, 0xbf,
  0x00, 0x00, 0x76, 0xbf, 0x00, 0x00, 0x76, 0xbf, 0x00, 0x00, 0x76, 0xbf,
  0x00, 0x00, 0x76, 0xbf, 0x00, 0x00, 0x76, 0xbf, 0x00, 0x00, 0x76, 0xbf,
  0x00, 0x00, 0x76, 0xbf, 0x00, 0x00, 0x76, 0xbf, 0x00, 0x00, 0x76, 0xbf,
  0x00, 0x00, 0x76, 0xbf, 0x00, 0x00, 0x76, 0xbf, 0x00, 0x00, 0x76, 0xbf,
  0x00, 0x00, 0x76, 0xbf, 0x00, 0x00, 0x76, 0xbf, 0x00, 0x00, 0x76, 0xbf,
  0x00, 0x00, 0x76, 0xbf, 0x00, 0x00, 0x76, 0xbf, 0x00, 0x00, 0x76, 0xbf,
  0x00, 0x00, 0x76, 0xbf, 0x00, 0x00, 0x76, 0xbf, 0x00, 0x00, 0x76, 0xbf,
  0x00, 0x00, 0x76, 0xbf, 0x00, 0x00, 0x76, 0xbf, 0x00, 0x00, 0x76, 0xbf,
  0x00, 0x00, 0x76, 0xbf, 0x00, 0x00, 0x76, 0xbf, 0x00, 0x00, 0x76, 0xbf,
  0x00, 0x00, 0x76, 0xbf, 0x00, 0x00, 0x76, 0xbf, 0x00, 0x00, 0x76, 0xbf,
  0x00, 0x00, 0x76, 0xbf, 0x00, 0x00, 0x76, 0xbf, 0x00, 0x00, 0x76, 0xbf,
  0x00, 0x00, 0x76, 0xbf, 0x00, 0x00, 0x76, 0xbf, 0x00, 0x00, 0x76, 0xbf,
  0x00, 0x00, 0x76, 0xbf, 0x00, 0x00, 0x76, 0xbf, 0x00, 0x00, 0x76, 0xbf,
  0x00, 0x00, 0x76, 0xbf, 0x00, 0x00, 0x76, 0xbf, 0x00, 0x00, 0x76, 0xbf,
  0x00, 0x00, 0x76, 0xbf, 0x00, 0x00, 0x76, 0xbf, 0x00, 0x00, 0x76, 0xbf,
  0x00, 0x00, 0x76, 0xbf, 0x00, 0x00, 0x76, 0xbf, 0x00, 0x00, 0x76, 0xbf,
  0x00, 0x00, 0x76, 0xbf, 0x00, 0x00, 0x76, 0xbf, 0x01, 0x4c, 0x58, 0xbf,
  0x01, 0xd4, 0x26, 0xbf, 0x01, 0xa0, 0x19, 0xbf, 0x00, 0x08, 0x1e, 0xbf,
  0x00, 0x92, 0x1c, 0xbf, 0x00, 0x0e, 0x1d, 0xbf, 0x01, 0xe0, 0x1c, 0xbf,
  0x00, 0xec, 0x1c, 0xbf, 0x00, 0xec, 0x1c, 0xbf, 0x00, 0xec, 0x1c, 0xbf,
  0x00, 0xec, 0x1c, 0xbf, 0x00, 0xec, 0x1c, 0xbf, 0x00, 0xec, 0x1c, 0xbf,
  0x00, 0xec, 0x1c, 0xbf, 0x00, 0xec, 0x1c, 0xbf, 0x00, 0xec, 0x1c, 0xbf,
  0x00, 0xec, 0x1c, 0xbf, 0x00, 0xec, 0x1c, 0xbf, 0x00, 0xec, 0x1c, 0xbf,
  0x01, 0xe8, 0xd6, 0xbe, 0x00, 0x10, 0xc8, 0xbd, 0xfd, 0x7f, 0x41, 0xbc,
  0xff, 0x7f, 0x25, 0xbd, 0xfe, 0x7f, 0xfc, 0xbc, 0x00, 0x60, 0x0b, 0xbd,
  0x00, 0xc0, 0x06, 0xbd, 0x01, 0x80, 0x08, 0xbd, 0xff, 0x1f, 0x08, 0xbd,
  0xff, 0x1f, 0x08, 0xbd, 0xff, 0x1f, 0x08, 0xbd, 0xff, 0x1f, 0x08, 0xbd,
  0xff, 0x1f, 0x08, 0xbd, 0xff, 0x1f, 0x08, 0xbd, 0xff, 0x1f, 0x08, 0xbd,
  0xff, 0x1f, 0x08, 0xbd, 0xff, 0x1f, 0x08, 0xbd, 0xff, 0x1f, 0x08, 0xbd,
  0xff, 0x1f, 0x08, 0xbd, 0x00, 0x70, 0x5c, 0x3e, 0x00, 0x26, 0x21, 0x3f,
  0x00, 0x6e, 0x3d, 0x3f, 0x01, 0xfc, 0x33, 0x3f, 0x00, 0x26, 0x37, 0x3f,
  0x00, 0x16, 0x36, 0x3f, 0x00, 0x72, 0x36, 0x3f, 0xff, 0x53, 0x36, 0x3f,
  0x00, 0x5a, 0x36, 0x3f, 0x00, 0x5a, 0x36, 0x3f, 0x00, 0x5a, 0x36, 0x3f,
  0x00, 0x5a, 0x36, 0x3f, 0x00, 0x5a, 0x36, 0x3f, 0x00, 0x5a, 0x36, 0x3f,
  0x00, 0x5a, 0x36, 0x3f, 0x00, 0x5a, 0x36, 0x3f, 0x00, 0x5a, 0x36, 0x3f,
  0x00, 0x5a, 0x36, 0x3f, 0x00, 0x5a, 0x36, 0x3f, 0x01, 0xf0, 0x0b, 0x3f,
  0x01, 0x78, 0x8a, 0x3e, 0x00, 0x98, 0x49, 0x3e, 0xfe, 0xb7, 0x62, 0x3e,
  0x00, 0x50, 0x5a, 0x3e, 0x01, 0x20, 0x5d, 0x3e, 0x01, 0x40, 0x5c, 0x3e,
  0xfe, 0x7f, 0x5c, 0x3e, 0x00, 0x70, 0x5c, 0x3e, 0x00, 0x70, 0x5c, 0x3e,
  0x00, 0x70, 0x5c, 0x3e, 0x00, 0x70, 0x5c, 0x3e, 0x00, 0x70, 0x5c, 0x3e,
  0x00, 0x70, 0x5c, 0x3e, 0x00, 0x70, 0x5c, 0x3e, 0x00, 0x70, 0x5c, 0x3e,
  0x00, 0x70, 0x5c, 0x3e, 0x00, 0x70, 0x5c, 0x3e, 0xff, 0x3f, 0x1e, 0x3e,
  0x00, 0x40, 0x5a, 0x3d, 0x00, 0xc0, 0xd7, 0x3c, 0x01, 0xa0, 0x10, 0x3d,
  0x00, 0xa0, 0x04, 0x3d, 0x01, 0xe0, 0x08, 0x3d, 0xff, 0x7f, 0x07, 0x3d,
  0xff, 0x7f, 0x07, 0x3d, 0xff, 0x7f, 0x07, 0x3d, 0xff, 0x7f, 0x07, 0x3d,
  0xff, 0x7f, 0x07, 0x3d, 0xff, 0x7f, 0x07, 0x3d, 0xff, 0x7f, 0x07, 0x3d,
  0xff, 0x7f, 0x07, 0x3d, 0xff, 0x7f, 0x07, 0x3d, 0xff, 0x7f, 0x07, 0x3d,
  0xff, 0x7f, 0x07, 0x3d, 0xff, 0x7f, 0x07, 0x3d, 0xff, 0x7f, 0x07, 0x3d,
  0xff, 0xff, 0x86, 0x3c, 0x04, 0x80, 0x36, 0xbc, 0xfd, 0x3f, 0x97, 0xbc,
  0x02, 0x80, 0x83, 0xbc, 0x01, 0x80, 0x8a, 0xbc, 0xfd, 0xbf, 0x87, 0xbc,
  0x00, 0x40, 0x89, 0xbc, 0x01, 0x80, 0x88, 0xbc, 0x01, 0x80, 0x88, 0xbc,
  0x01, 0x80, 0x88, 0xbc, 0x01, 0x80, 0x88, 0xbc, 0x01, 0x80, 0x88, 0xbc,
  0x01, 0x80, 0x88, 0xbc, 0x01, 0x80, 0x88, 0xbc, 0x01, 0x80, 0x88, 0xbc,
  0x01, 0x80, 0x88, 0xbc, 0x01, 0x80, 0x88, 0xbc, 0x01, 0x80, 0x88, 0xbc,
  0x01, 0x80, 0x88, 0xbc, 0xff, 0xff, 0xe2, 0xbc, 0x00, 0xe0, 0x3c, 0xbd,
  0x00, 0x00, 0x51, 0xbd, 0x00, 0x60, 0x4a, 0xbd, 0x01, 0x80, 0x4c, 0xbd,
  0xff, 0xbf, 0x4b, 0xbd, 0x01, 0x20, 0x4c, 0xbd, 0x01, 0x20, 0x4c, 0xbd,
  0x01, 0x20, 0x4c, 0xbd, 0x01, 0x20, 0x4c, 0xbd, 0x01, 0x20, 0x4c, 0xbd,
  0x01, 0x20, 0x4c, 0xbd, 0x01, 0x20, 0x4c, 0xbd, 0x01, 0x20, 0x4c, 0xbd,
  0x01, 0x20, 0x4c, 0xbd, 0x01, 0x20, 0x4c, 0xbd, 0x01, 0x20, 0x4c, 0xbd,
  0x01, 0x20, 0x4c, 0xbd, 0x01, 0x20, 0x4c, 0xbd, 0x01, 0xc0, 0x62, 0xbd,
  0x00, 0x20, 0x84, 0xbd, 0x00, 0x40, 0x89, 0xbd, 0x00, 0x80, 0x87, 0xbd,
  0x00, 0x00, 0x88, 0xbd, 0x00, 0xd0, 0x87, 0xbd, 0x00, 0xd0, 0x87, 0xbd,
  0x00, 0xd0, 0x87, 0xbd, 0x00, 0xd0, 0x87, 0xbd, 0x00, 0xd0, 0x87, 0xbd,
  0x00, 0xd0, 0x87, 0xbd, 0x00, 0xd0, 0x87, 0xbd, 0x00, 0xd0, 0x87, 0xbd,
  0x00, 0xd0, 0x87, 0xbd, 0x00, 0xd0, 0x87, 0xbd, 0x00, 0xd0, 0x87, 0xbd,
  0x00, 0xd0, 0x87, 0xbd, 0x00, 0xd0, 0x87, 0xbd, 0x00, 0x30, 0x93, 0xbd,
  0x00, 0x20, 0xa6, 0xbd, 0x00, 0x10, 0xab, 0xbd, 0xff, 0x6f, 0xa9, 0xbd,
  0x00, 0x00, 0xaa, 0xbd, 0x00, 0xd0, 0xa9, 0xbd, 0x00, 0xd0, 0xa9, 0xbd,
  0x00, 0xd0, 0xa9, 0xbd, 0x00, 0xd0, 0xa9, 0xbd, 0x00, 0xd0, 0xa9, 0xbd,
  0x00, 0xd0, 0xa9, 0xbd, 0x00, 0xd0, 0xa9, 0xbd, 0x00, 0xd0, 0xa9, 0xbd,
  0x00, 0xd0, 0xa9, 0xbd, 0x00, 0xd0, 0xa9, 0xbd, 0x00, 0xd0, 0xa9, 0xbd,
  0x00, 0xd0, 0xa9, 0xbd, 0x00, 0xd0, 0xa9, 0xbd, 0x00, 0xd0, 0xa9, 0xbd,
  0x00, 0x20, 0xb5, 0xbd, 0x00, 0x10, 0xc8, 0xbd, 0x06, 0x00, 0xcd, 0xbd,
  0xff, 0x3f, 0xcb, 0xbd, 0x00, 0xf0, 0xcb, 0xbd, 0x00, 0xa0, 0xcb, 0xbd,
  0xff, 0xbf, 0xcb, 0xbd, 0xff, 0xbf, 0xcb, 0xbd, 0xff, 0xbf, 0xcb, 0xbd,
  0xff, 0xbf, 0xcb, 0xbd, 0xff, 0xbf, 0xcb, 0xbd, 0xff, 0xbf, 0xcb, 0xbd,
  0xff, 0xbf, 0xcb, 0xbd, 0xff, 0xbf, 0xcb, 0xbd, 0xff, 0xbf, 0xcb, 0xbd,
  0xff, 0xbf, 0xcb, 0xbd, 0xff, 0xbf, 0xcb, 0xbd, 0xff, 0xbf, 0xcb, 0xbd,
  0xff, 0xbf, 0xcb, 0xbd, 0x02, 0x70, 0xe2, 0xbd, 0xfe, 0xf7, 0x03, 0xbe,
  0x03, 0x00, 0x09, 0xbe, 0xff, 0x4f, 0x07, 0xbe, 0x02, 0xf0, 0x07, 0xbe,
  0x02, 0xc8, 0x07, 0xbe, 0x02, 0xc8, 0x07, 0xbe, 0x02, 0xc8, 0x07, 0xbe,
  0x02, 0xc8, 0x07, 0xbe, 0x02, 0xc8, 0x07, 0xbe, 0x02, 0xc8, 0x07, 0xbe,
  0x02, 0xc8, 0x07, 0xbe, 0x02, 0xc8, 0x07, 0xbe, 0x02, 0xc8, 0x07, 0xbe,
  0x02, 0xc8, 0x07, 0xbe, 0x02, 0xc8, 0x07, 0xbe, 0x02, 0xc8, 0x07, 0xbe,
  0x02, 0xc8, 0x07, 0xbe, 0x02, 0xc8, 0x07, 0xbe, 0xfd, 0x17, 0x13, 0xbe,
  0xfd, 0xef, 0x25, 0xbe, 0x02, 0xf8, 0x2a, 0xbe, 0xff, 0x47, 0x29, 0xbe,
  0xff, 0xcf, 0x29, 0xbe, 0xfe, 0xa7, 0x29, 0xbe, 0x01, 0xc0, 0x29, 0xbe,
  0xfe, 0xa7, 0x29, 0xbe, 0xfe, 0xa7, 0x29, 0xbe, 0xfe, 0xa7, 0x29, 0xbe,
  0xfe, 0xa7, 0x29, 0xbe, 0xfe, 0xa7, 0x29, 0xbe, 0xfe, 0xa7, 0x29, 0xbe,
  0xfe, 0xa7, 0x29, 0xbe, 0xfe, 0xa7, 0x29, 0xbe, 0xfe, 0xa7, 0x29, 0xbe,
  0xfe, 0xa7, 0x29, 0xbe, 0xfe, 0xa7, 0x29, 0xbe, 0x00, 0xf8, 0x34, 0xbe,
  0x00, 0xd0, 0x47, 0xbe, 0xfe, 0xd7, 0x4c, 0xbe, 0x00, 0x30, 0x4b, 0xbe,
  0x01, 0xb8, 0x4b, 0xbe, 0x01, 0x88, 0x4b, 0xbe, 0xfd, 0x9f, 0x4b, 0xbe,
  0xfd, 0x9f, 0x4b, 0xbe, 0xfd, 0x9f, 0x4b, 0xbe, 0xfd, 0x9f, 0x4b, 0xbe,
  0xfd, 0x9f, 0x4b, 0xbe, 0xfd, 0x9f, 0x4b, 0xbe, 0xfd, 0x9f, 0x4b, 0xbe,
  0xfd, 0x9f, 0x4b, 0xbe, 0xfd, 0x9f, 0x4b, 0xbe, 0xfd, 0x9f, 0x4b, 0xbe,
  0xfd, 0x9f, 0x4b, 0xbe, 0xfd, 0x9f, 0x4b, 0xbe, 0xfd, 0x9f, 0x4b, 0xbe,
  0x00, 0xf0, 0x56, 0xbe, 0x00, 0xc8, 0x69, 0xbe, 0xfe, 0xcf, 0x6e, 0xbe,
  0xfd, 0x0f, 0x6d, 0xbe, 0x00, 0xb0, 0x6d, 0xbe, 0xfd, 0x67, 0x6d, 0xbe,
  0xfd, 0x97, 0x6d, 0xbe, 0xfd, 0x97, 0x6d, 0xbe, 0xfd, 0x97, 0x6d, 0xbe,
  0xfd, 0x97, 0x6d, 0xbe, 0xfd, 0x97, 0x6d, 0xbe, 0xfd, 0x97, 0x6d, 0xbe,
  0xfd, 0x97, 0x6d, 0xbe, 0xfd, 0x97, 0x6d, 0xbe, 0xfd, 0x97, 0x6d, 0xbe,
  0xfd, 0x97, 0x6d, 0xbe, 0xfd, 0x97, 0x6d, 0xbe, 0xfd, 0x97, 0x6d, 0xbe,
  0xfd, 0x97, 0x6d, 0xbe, 0x03, 0xd0, 0x78, 0xbe, 0x01, 0xd4, 0x85, 0xbe,
  0xff, 0x63, 0x88, 0xbe, 0x02, 0x84, 0x87, 0xbe, 0x00, 0xd4, 0x87, 0xbe,
  0x00, 0xbc, 0x87, 0xbe, 0x02, 0xc8, 0x87, 0xbe, 0x02, 0xc8, 0x87, 0xbe,
  0x02, 0xc8, 0x87, 0xbe, 0x02, 0xc8, 0x87, 0xbe, 0x02, 0xc8, 0x87, 0xbe,
  0x02, 0xc8, 0x87, 0xbe, 0x02, 0xc8, 0x87, 0xbe, 0x02, 0xc8, 0x87, 0xbe,
  0x02, 0xc8, 0x87, 0xbe, 0x02, 0xc8, 0x87, 0xbe, 0x02, 0xc8, 0x87, 0xbe,
  0x02, 0xc8, 0x87, 0xbe, 0x02, 0xc8, 0x87, 0xbe, 0xff, 0x53, 0x9e, 0xbe,
  0x01, 0x10, 0xc4, 0xbe, 0xff, 0x0f, 0xce, 0xbe, 0x01, 0xbc, 0xca, 0xbe,
  0xff, 0xd7, 0xcb, 0xbe, 0xff, 0x7b, 0xcb, 0xbe, 0x01, 0xa0, 0xcb, 0xbe,
  0xff, 0x93, 0xcb, 0xbe, 0xff, 0x93, 0xcb, 0xbe, 0xff, 0x93, 0xcb, 0xbe,
  0xff, 0x93, 0xcb, 0xbe, 0xff, 0x93, 0xcb, 0xbe, 0xff, 0x93, 0xcb, 0xbe,
  0xff, 0x93, 0xcb, 0xbe, 0xff, 0x93, 0xcb, 0xbe, 0xff, 0x93, 0xcb, 0xbe,
  0xff, 0x93, 0xcb, 0xbe, 0xff, 0x93, 0xcb, 0xbe, 0x02, 0xa8, 0x18, 0xbe,
  0xfe, 0xcb, 0xc6, 0x3e, 0x00, 0x20, 0x0e, 0x3f, 0xff, 0xc3, 0xff, 0x3e,
  0x00, 0x9e, 0x04, 0x3f, 0x01, 0x0c, 0x03, 0x3f, 0x01, 0x94, 0x03, 0x3f,
  0xff, 0x65, 0x03, 0x3f, 0x00, 0x78, 0x03, 0x3f, 0x01, 0x72, 0x03, 0x3f,
  0x01, 0x72, 0x03, 0x3f, 0x01, 0x72, 0x03, 0x3f, 0x01, 0x72, 0x03, 0x3f,
  0x01, 0x72, 0x03, 0x3f, 0x01, 0x72, 0x03, 0x3f, 0x01, 0x72, 0x03, 0x3f,
  0x01, 0x72, 0x03, 0x3f, 0x01, 0x72, 0x03, 0x3f, 0x01, 0x72, 0x03, 0x3f,
  0x00, 0x68, 0x14, 0x3f, 0x01, 0xb2, 0x30, 0x3f, 0x00, 0x42, 0x38, 0x3f,
  0xff, 0xb5, 0x35, 0x3f, 0xff, 0x8d, 0x36, 0x3f, 0x01, 0x4a, 0x36, 0x3f,
  0xff, 0x5f, 0x36, 0x3f, 0x00, 0x5a, 0x36, 0x3f, 0x00, 0x5a, 0x36, 0x3f,
  0x00, 0x5a, 0x36, 0x3f, 0x00, 0x5a, 0x36, 0x3f, 0x00, 0x5a, 0x36, 0x3f,
  0x00, 0x5a, 0x36, 0x3f, 0x00, 0x5a, 0x36, 0x3f, 0x00, 0x5a, 0x36, 0x3f,
  0x00, 0x5a, 0x36, 0x3f, 0x00, 0x5a, 0x36, 0x3f, 0x00, 0x5a, 0x36, 0x3f,
  0x00, 0x94, 0x3a, 0x3f, 0x00, 0xa8, 0x41, 0x3f, 0xff, 0x87, 0x43, 0x3f,
  0x01, 0xea, 0x42, 0x3f, 0xff, 0x21, 0x43, 0x3f, 0x01, 0x0c, 0x43, 0x3f,
  0x01, 0x18, 0x43, 0x3f, 0x00, 0x12, 0x43, 0x3f, 0x00, 0x12, 0x43, 0x3f,
  0x00, 0x12, 0x43, 0x3f, 0x00, 0x12, 0x43, 0x3f, 0x00, 0x12, 0x43, 0x3f,
  0x00, 0x12, 0x43, 0x3f, 0x00, 0x12, 0x43, 0x3f, 0x00, 0x12, 0x43, 0x3f,
  0x00, 0x12, 0x43, 0x3f, 0x00, 0x12, 0x43, 0x3f, 0x00, 0x12, 0x43, 0x3f,
  0x00, 0x12, 0x43, 0x3f, 0x00, 0xb6, 0x48, 0x3f, 0x00, 0x22, 0x52, 0x3f,
  0x01, 0xa6, 0x54, 0x3f, 0x00, 0xd0, 0x53, 0x3f, 0x00, 0x1a, 0x54, 0x3f,
  0x00, 0x02, 0x54, 0x3f, 0x00, 0x08, 0x54, 0x3f, 0x00, 0x08, 0x54, 0x3f,
  0x00, 0x08, 0x54, 0x3f, 0x00, 0x08, 0x54, 0x3f, 0x00, 0x08, 0x54, 0x3f,
  0x00, 0x08, 0x54, 0x3f, 0x00, 0x08, 0x54, 0x3f, 0x00, 0x08, 0x54, 0x3f,
  0x00, 0x08, 0x54, 0x3f, 0x00, 0x08, 0x54, 0x3f, 0x00, 0x08, 0x54, 0x3f,
  0x00, 0x08, 0x54, 0x3f, 0x00, 0x08, 0x54, 0x3f, 0x00, 0x08, 0x54, 0x3f,
  0x00, 0x08, 0x54, 0x3f, 0x00, 0x08, 0x54, 0x3f, 0x00, 0x08, 0x54, 0x3f,
  0x00, 0x08, 0x54, 0x3f, 0x00, 0x08, 0x54, 0x3f, 0x00, 0x08, 0x54, 0x3f,
  0x00, 0x08, 0x54, 0x3f, 0x00, 0x08, 0x54, 0x3f, 0x00, 0x08, 0x54, 0x3f,
  0x00, 0x08, 0x54, 0x3f, 0x00, 0x08, 0x54, 0x3f, 0x00, 0x08, 0x54, 0x3f,
  0x00, 0x08, 0x54, 0x3f, 0x00, 0x08, 0x54, 0x3f, 0x00, 0x08, 0x54, 0x3f,
  0x00, 0x08, 0x54, 0x3f, 0x00, 0x08, 0x54, 0x3f, 0x00, 0x08, 0x54, 0x3f,
  0x00, 0x34, 0x51, 0x3f, 0x00, 0x7e, 0x4c, 0x3f, 0x00, 0x40, 0x4b, 0x3f,
  0x00, 0xa6, 0x4b, 0x3f, 0x00, 0x84, 0x4b, 0x3f, 0x00, 0x90, 0x4b, 0x3f,
  0x00, 0x90, 0x4b, 0x3f, 0x00, 0x90, 0x4b, 0x3f, 0x00, 0x90, 0x4b, 0x3f,
  0x00, 0x90, 0x4b, 0x3f, 0x00, 0x90, 0x4b, 0x3f, 0x00, 0x90, 0x4b, 0x3f,
  0x00, 0x90, 0x4b, 0x3f, 0x00, 0x90, 0x4b, 0x3f, 0x00, 0x90, 0x4b, 0x3f,
  0x00, 0x90, 0x4b, 0x3f, 0x00, 0x90, 0x4b, 0x3f, 0x00, 0x90, 0x4b, 0x3f,
  0xff, 0xf3, 0x4c, 0x3f, 0x00, 0x52, 0x4f, 0x3f, 0x01, 0xf0, 0x4f, 0x3f,
  0x00, 0xbe, 0x4f, 0x3f, 0x01, 0xce, 0x4f, 0x3f, 0x00, 0xca, 0x4f, 0x3f,
  0x01, 0xce, 0x4f, 0x3f, 0x00, 0xca, 0x4f, 0x3f, 0x00, 0xca, 0x4f, 0x3f,
  0x00, 0xca, 0x4f, 0x3f, 0x00, 0xca, 0x4f, 0x3f, 0x00, 0xca, 0x4f, 0x3f,
  0x00, 0xca, 0x4f, 0x3f, 0x00, 0xca, 0x4f, 0x3f, 0x00, 0xca, 0x4f, 0x3f,
  0x00, 0xca, 0x4f, 0x3f, 0x00, 0xca, 0x4f, 0x3f, 0x00, 0xca, 0x4f, 0x3f,
  0x00, 0xca, 0x4f, 0x3f, 0x00, 0x5e, 0x4e, 0x3f, 0x01, 0x06, 0x4c, 0x3f,
  0x00, 0x62, 0x4b, 0x3f, 0x00, 0x9c, 0x4b, 0x3f, 0x00, 0x84, 0x4b, 0x3f,
  0x00, 0x90, 0x4b, 0x3f, 0x00, 0x90, 0x4b, 0x3f, 0x00, 0x90, 0x4b, 0x3f,
  0x00, 0x90, 0x4b, 0x3f, 0x00, 0x90, 0x4b, 0x3f, 0x00, 0x90, 0x4b, 0x3f,
  0x00, 0x90, 0x4b, 0x3f, 0x00, 0x90, 0x4b, 0x3f, 0x00, 0x90, 0x4b, 0x3f,
  0x00, 0x90, 0x4b, 0x3f, 0x00, 0x90, 0x4b, 0x3f, 0x00, 0x90, 0x4b, 0x3f,
  0x00, 0x90, 0x4b, 0x3f, 0x00, 0x90, 0x4b, 0x3f, 0x00, 0x90, 0x4b, 0x3f,
  0x00, 0x90, 0x4b, 0x3f, 0x00, 0x90, 0x4b, 0x3f, 0x00, 0x90, 0x4b, 0x3f,
  0x00, 0x90, 0x4b, 0x3f, 0x00, 0x90, 0x4b, 0x3f, 0x00, 0x90, 0x4b, 0x3f,
  0x00, 0x90, 0x4b, 0x3f, 0x00, 0x90, 0x4b, 0x3f, 0x00, 0x90, 0x4b, 0x3f,
  0x00, 0x90, 0x4b, 0x3f, 0x00, 0x90, 0x4b, 0x3f, 0x00, 0x90, 0x4b, 0x3f,
  0x00, 0x90, 0x4b, 0x3f, 0x00, 0x90, 0x4b, 0x3f, 0x00, 0x90, 0x4b, 0x3f,
  0x00, 0x90, 0x4b, 0x3f, 0x00, 0x90, 0x4b, 0x3f, 0x00, 0x90, 0x4b, 0x3f,
  0xff, 0x25, 0x4a, 0x3f, 0x00, 0xc8, 0x47, 0x3f, 0x00, 0x2a, 0x47, 0x3f,
  0x01, 0x5c, 0x47, 0x3f, 0x00, 0x4c, 0x47, 0x3f, 0x01, 0x50, 0x47, 0x3f,
  0x00, 0x4c, 0x47, 0x3f, 0x01, 0x50, 0x47, 0x3f, 0x01, 0x50, 0x47, 0x3f,
  0x01, 0x50, 0x47, 0x3f, 0x01, 0x50, 0x47, 0x3f, 0x01, 0x50, 0x47, 0x3f,
  0x01, 0x50, 0x47, 0x3f, 0x01, 0x50, 0x47, 0x3f, 0x01, 0x50, 0x47, 0x3f,
  0x01, 0x50, 0x47, 0x3f, 0x01, 0x50, 0x47, 0x3f, 0x01, 0x50, 0x47, 0x3f,
  0x01, 0x50, 0x47, 0x3f, 0x01, 0x50, 0x47, 0x3f, 0x01, 0x50, 0x47, 0x3f,
  0x01, 0x50, 0x47, 0x3f, 0x01, 0x50, 0x47, 0x3f, 0x01, 0x50, 0x47, 0x3f,
  0x01, 0x50, 0x47, 0x3f, 0x01, 0x50, 0x47, 0x3f, 0x01, 0x50, 0x47, 0x3f,
  0x01, 0x50, 0x47, 0x3f, 0x01, 0x50, 0x47, 0x3f, 0x01, 0x50, 0x47, 0x3f,
  0x01, 0x50, 0x47, 0x3f, 0x01, 0x50, 0x47, 0x3f, 0x01, 0x50, 0x47, 0x3f,
  0x01, 0x50, 0x47, 0x3f, 0x01, 0x50, 0x47, 0x3f, 0x01, 0x50, 0x47, 0x3f,
  0x01, 0x50, 0x47, 0x3f, 0x01, 0x50, 0x47, 0x3f, 0x01, 0x50, 0x47, 0x3f,
  0x01, 0x50, 0x47, 0x3f, 0x01, 0x50, 0x47, 0x3f, 0x01, 0x50, 0x47, 0x3f,
  0x01, 0x50, 0x47, 0x3f, 0x01, 0x50, 0x47, 0x3f, 0x01, 0x50, 0x47, 0x3f,
  0x01, 0x50, 0x47, 0x3f, 0x01, 0x50, 0x47, 0x3f, 0x01, 0x50, 0x47, 0x3f,
  0x01, 0x50, 0x47, 0x3f, 0x01, 0x50, 0x47, 0x3f, 0x01, 0x50, 0x47, 0x3f,
  0x01, 0x50, 0x47, 0x3f, 0x01, 0x50, 0x47, 0x3f, 0x01, 0x50, 0x47, 0x3f,
  0x01, 0x50, 0x47, 0x3f, 0x01, 0x50, 0x47, 0x3f, 0x01, 0x50, 0x47, 0x3f,
  0x01, 0x50, 0x47, 0x3f, 0x01, 0x50, 0x47, 0x3f, 0x01, 0x50, 0x47, 0x3f,
  0x01, 0x50, 0x47, 0x3f, 0x01, 0x50, 0x47, 0x3f, 0x01, 0x50, 0x47, 0x3f,
  0x01, 0x50, 0x47, 0x3f, 0x01, 0x50, 0x47, 0x3f, 0x01, 0x50, 0x47, 0x3f,
  0x01, 0x50, 0x47, 0x3f, 0x01, 0x50, 0x47, 0x3f, 0x01, 0x50, 0x47, 0x3f,
  0x01, 0x50, 0x47, 0x3f, 0x01, 0x50, 0x47, 0x3f, 0x01, 0x50, 0x47, 0x3f,
  0x01, 0x50, 0x47, 0x3f, 0x01, 0x50, 0x47, 0x3f, 0x01, 0x50, 0x47, 0x3f,
  0x01, 0x50, 0x47, 0x3f, 0x01, 0x50, 0x47, 0x3f, 0x01, 0x50, 0x47, 0x3f,
  0x01, 0x50, 0x47, 0x3f, 0x01, 0x50, 0x47, 0x3f, 0x01, 0x50, 0x47, 0x3f,
  0x01, 0x50, 0x47, 0x3f, 0x01, 0x50, 0x47, 0x3f, 0x01, 0x50, 0x47, 0x3f,
  0x01, 0x50, 0x47, 0x3f, 0x01, 0x50, 0x47, 0x3f, 0x01, 0x50, 0x47, 0x3f,
  0x01, 0x50, 0x47, 0x3f, 0x01, 0x50, 0x47, 0x3f, 0x01, 0x50, 0x47, 0x3f,
  0x01, 0x50, 0x47, 0x3f, 0x01, 0x50, 0x47, 0x3f, 0x01, 0x50, 0x47, 0x3f,
  0x01, 0x50, 0x47, 0x3f, 0x01, 0x50, 0x47, 0x3f, 0x01, 0x50, 0x47, 0x3f,
  0x01, 0x50, 0x47, 0x3f, 0x01, 0x50, 0x47, 0x3f, 0x01, 0x50, 0x47, 0x3f,
  0x01, 0x50, 0x47, 0x3f, 0x01, 0x50, 0x47, 0x3f, 0x01, 0x50, 0x47, 0x3f,
  0x01, 0x50, 0x47, 0x3f, 0x01, 0x50, 0x47, 0x3f, 0x01, 0x50, 0x47, 0x3f,
  0x01, 0x50, 0x47, 0x3f, 0x01, 0x50, 0x47, 0x3f, 0x01, 0x50, 0x47, 0x3f,
  0x01, 0x50, 0x47, 0x3f, 0x01, 0x50, 0x47, 0x3f, 0x01, 0x50, 0x47, 0x3f,
  0x01, 0x50, 0x47, 0x3f, 0x01, 0x90, 0x22, 0x3f, 0x01, 0x90, 0xca, 0x3e,
  0x01, 0xec, 0xa9, 0x3e, 0x00, 0xcc, 0xb4, 0x3e, 0xff, 0x2b, 0xb1, 0x3e,
  0x00, 0x68, 0xb2, 0x3e, 0x00, 0xf8, 0xb1, 0x3e, 0x00, 0x24, 0xb2, 0x3e,
  0xff, 0x0f, 0xb2, 0x3e, 0xff, 0x0f, 0xb2, 0x3e, 0xff, 0x0f, 0xb2, 0x3e,
  0xff, 0x0f, 0xb2, 0x3e, 0xff, 0x0f, 0xb2, 0x3e, 0xff, 0x0f, 0xb2, 0x3e,
  0xff, 0x0f, 0xb2, 0x3e, 0xff, 0x0f, 0xb2, 0x3e, 0xff, 0x0f, 0xb2, 0x3e,
  0xff, 0x0f, 0xb2, 0x3e, 0xff, 0x0f, 0xb2, 0x3e, 0x00, 0x94, 0xea, 0x3e,
  0xff, 0x6b, 0x24, 0x3f, 0x00, 0xfa, 0x30, 0x3f, 0x00, 0xcc, 0x2c, 0x3f,
  0xff, 0x31, 0x2e, 0x3f, 0x00, 0xba, 0x2d, 0x3f, 0xff, 0xe1, 0x2d, 0x3f,
  0x00, 0xd2, 0x2d, 0x3f, 0xff, 0xd7, 0x2d, 0x3f, 0xff, 0xd7, 0x2d, 0x3f,
  0xff, 0xd7, 0x2d, 0x3f, 0xff, 0xd7, 0x2d, 0x3f, 0xff, 0xd7, 0x2d, 0x3f,
  0xff, 0xd7, 0x2d, 0x3f, 0xff, 0xd7, 0x2d, 0x3f, 0xff, 0xd7, 0x2d, 0x3f,
  0xff, 0xd7, 0x2d, 0x3f, 0xff, 0xd7, 0x2d, 0x3f, 0xff, 0xd7, 0x2d, 0x3f,
  0x00, 0x94, 0x3a, 0x3f, 0x00, 0xca, 0x4f, 0x3f, 0x00, 0x6c, 0x55, 0x3f,
  0x00, 0x8c, 0x53, 0x3f, 0x00, 0x30, 0x54, 0x3f, 0x01, 0xfc, 0x53, 0x3f,
  0x00, 0x0e, 0x54, 0x3f, 0x00, 0x08, 0x54, 0x3f, 0x00, 0x08, 0x54, 0x3f,
  0x00, 0x08, 0x54, 0x3f, 0x00, 0x08, 0x54, 0x3f, 0x00, 0x08, 0x54, 0x3f,
  0x00, 0x08, 0x54, 0x3f, 0x00, 0x08, 0x54, 0x3f, 0x00, 0x08, 0x54, 0x3f,
  0x00, 0x08, 0x54, 0x3f, 0x00, 0x08, 0x54, 0x3f, 0x00, 0x08, 0x54, 0x3f,
  0x01, 0x2a, 0x62, 0x3f, 0x01, 0xb8, 0x79, 0x3f, 0x00, 0xfe, 0x7f, 0x3f,
  0x00, 0xe6, 0x7d, 0x3f, 0x01, 0x9a, 0x7e, 0x3f, 0x01, 0x62, 0x7e, 0x3f,
  0x01, 0x78, 0x7e, 0x3f, 0x01, 0x6e, 0x7e, 0x3f, 0x01, 0x6e, 0x7e, 0x3f,
  0x01, 0x6e, 0x7e, 0x3f, 0x01, 0x6e, 0x7e, 0x3f, 0x01, 0x6e, 0x7e, 0x3f,
  0x01, 0x6e, 0x7e, 0x3f, 0x01, 0x6e, 0x7e, 0x3f, 0x01, 0x6e, 0x7e, 0x3f,
  0x01, 0x6e, 0x7e, 0x3f, 0x01, 0x6e, 0x7e, 0x3f, 0x01, 0x6e, 0x7e, 0x3f,
  0x01, 0x6e, 0x7e, 0x3f, 0x01, 0x6e, 0x7e, 0x3f, 0x01, 0x6e, 0x7e, 0x3f,
  0x01, 0x6e, 0x7e, 0x3f, 0x01, 0x6e, 0x7e, 0x3f, 0x01, 0x6e, 0x7e, 0x3f,
  0x01, 0x6e, 0x7e, 0x3f, 0x01, 0x6e, 0x7e, 0x3f, 0x01, 0x6e, 0x7e, 0x3f,
  0x01, 0x6e, 0x7e, 0x3f, 0x01, 0x6e, 0x7e, 0x3f, 0x01, 0x6e, 0x7e, 0x3f,
  0x01, 0x6e, 0x7e, 0x3f, 0x01, 0x6e, 0x7e, 0x3f, 0x01, 0x6e, 0x7e, 0x3f,
  0x01, 0x6e, 0x7e, 0x3f, 0x01, 0x6e, 0x7e, 0x3f, 0x01, 0x6e, 0x7e, 0x3f,
  0x01, 0x6e, 0x7e, 0x3f, 0x01, 0x6e, 0x7e, 0x3f, 0x01, 0x6e, 0x7e, 0x3f,
  0x01, 0x6e, 0x7e, 0x3f, 0x01, 0x6e, 0x7e, 0x3f, 0x01, 0x6e, 0x7e, 0x3f,
  0x01, 0x6e, 0x7e, 0x3f, 0x01, 0x6e, 0x7e, 0x3f, 0x01, 0x6e, 0x7e, 0x3f,
  0x01, 0x6e, 0x7e, 0x3f, 0x01, 0x6e, 0x7e, 0x3f, 0x01, 0x6e, 0x7e, 0x3f,
  0x01, 0x6e, 0x7e, 0x3f, 0x01, 0x6e, 0x7e, 0x3f, 0x01, 0x6e, 0x7e, 0x3f,
  0x01, 0x6e, 0x7e, 0x3f, 0x01, 0x6e, 0x7e, 0x3f, 0x01, 0x6e, 0x7e, 0x3f,
  0x01, 0x6e, 0x7e, 0x3f, 0x01, 0x6e, 0x7e, 0x3f, 0x01, 0x6e, 0x7e, 0x3f,
  0x00, 0xea, 0x5d, 0x3f, 0xff, 0xb5, 0x27, 0x3f, 0x01, 0x46, 0x19, 0x3f,
  0x00, 0x18, 0x1e, 0x3f, 0x00, 0x7a, 0x1c, 0x3f, 0x01, 0x02, 0x1d, 0x3f,
  0x00, 0xd6, 0x1c, 0x3f, 0x00, 0xe6, 0x1c, 0x3f, 0x01, 0xe0, 0x1c, 0x3f,
  0x01, 0xe0, 0x1c, 0x3f, 0x01, 0xe0, 0x1c, 0x3f, 0x01, 0xe0, 0x1c, 0x3f,
  0x01, 0xe0, 0x1c, 0x3f, 0x01, 0xe0, 0x1c, 0x3f, 0x01, 0xe0, 0x1c, 0x3f,
  0x01, 0xe0, 0x1c, 0x3f, 0x01, 0xe0, 0x1c, 0x3f, 0x01, 0xe0, 0x1c, 0x3f,
  0x01, 0x18, 0x62, 0x3e, 0x00, 0x80, 0xdd, 0xbe, 0xff, 0x59, 0x1b, 0xbf,
  0x01, 0x78, 0x0c, 0xbf, 0x00, 0x6c, 0x11, 0xbf, 0x00, 0xca, 0x0f, 0xbf,
  0x01, 0x56, 0x10, 0xbf, 0x01, 0x2a, 0x10, 0xbf, 0x01, 0x34, 0x10, 0xbf,
  0x01, 0x34, 0x10, 0xbf, 0x01, 0x34, 0x10, 0xbf, 0x01, 0x34, 0x10, 0xbf,
  0x01, 0x34, 0x10, 0xbf, 0x01, 0x34, 0x10, 0xbf, 0x01, 0x34, 0x10, 0xbf,
  0x01, 0x34, 0x10, 0xbf, 0x01, 0x34, 0x10, 0xbf, 0x01, 0x34, 0x10, 0xbf,
  0x01, 0x34, 0x10, 0xbf, 0xff, 0x3d, 0x28, 0xbf, 0x01, 0x4c, 0x50, 0xbf,
  0xff, 0xf3, 0x5a, 0xbf, 0x00, 0x6a, 0x57, 0xbf, 0x00, 0x96, 0x58, 0xbf,
  0x00, 0x30, 0x58, 0xbf, 0x00, 0x52, 0x58, 0xbf, 0xff, 0x47, 0x58, 0xbf,
  0x00, 0x52, 0x58, 0xbf, 0x01, 0x4c, 0x58, 0xbf, 0x00, 0x52, 0x58, 0xbf,
  0x00, 0x52, 0x58, 0xbf, 0x00, 0x52, 0x58, 0xbf, 0x00, 0x52, 0x58, 0xbf,
  0x00, 0x52, 0x58, 0xbf, 0x00, 0x52, 0x58, 0xbf, 0x00, 0x52, 0x58, 0xbf,
  0x00, 0x52, 0x58, 0xbf, 0x00, 0x52, 0x58, 0xbf, 0x01, 0xf0, 0x5d, 0xbf,
  0x00, 0x62, 0x67, 0xbf, 0xff, 0xe1, 0x69, 0xbf, 0xff, 0x09, 0x69, 0xbf,
  0x00, 0x54, 0x69, 0xbf, 0xff, 0x37, 0x69, 0xbf, 0xff, 0x43, 0x69, 0xbf,
  0xff, 0x43, 0x69, 0xbf, 0xff, 0x43, 0x69, 0xbf, 0xff, 0x43, 0x69, 0xbf,
  0xff, 0x43, 0x69, 0xbf, 0xff, 0x43, 0x69, 0xbf, 0xff, 0x43, 0x69, 0xbf,
  0xff, 0x43, 0x69, 0xbf, 0xff, 0x43, 0x69, 0xbf, 0xff, 0x43, 0x69, 0xbf,
  0xff, 0x43, 0x69, 0xbf, 0xff, 0x43, 0x69, 0xbf, 0xff, 0x43, 0x69, 0xbf,
  0x00, 0x18, 0x6c, 0xbf, 0x01, 0xd4, 0x70, 0xbf, 0xff, 0x0f, 0x72, 0xbf,
  0x00, 0xa4, 0x71, 0xbf, 0xff, 0xcb, 0x71, 0xbf, 0x01, 0xc2, 0x71, 0xbf,
  0x01, 0xc2, 0x71, 0xbf, 0x01, 0xc2, 0x71, 0xbf, 0x01, 0xc2, 0x71, 0xbf,
  0x01, 0xc2, 0x71, 0xbf, 0x01, 0xc2, 0x71, 0xbf, 0x01, 0xc2, 0x71, 0xbf,
  0x01, 0xc2, 0x71, 0xbf, 0x01, 0xc2, 0x71, 0xbf, 0x01, 0xc2, 0x71, 0xbf,
  0x01, 0xc2, 0x71, 0xbf, 0x01, 0xc2, 0x71, 0xbf, 0x01, 0xc2, 0x71, 0xbf,
  0x00, 0xec, 0x6e, 0xbf, 0x00, 0x30, 0x6a, 0xbf, 0xff, 0xf3, 0x68, 0xbf,
  0xff, 0x59, 0x69, 0xbf, 0xff, 0x37, 0x69, 0xbf, 0xff, 0x43, 0x69, 0xbf,
  0xff, 0x43, 0x69, 0xbf, 0xff, 0x43, 0x69, 0xbf, 0xff, 0x43, 0x69, 0xbf,
  0xff, 0x43, 0x69, 0xbf, 0xff, 0x43, 0x69, 0xbf, 0xff, 0x43, 0x69, 0xbf,
  0xff, 0x43, 0x69, 0xbf, 0xff, 0x43, 0x69, 0xbf, 0xff, 0x43, 0x69, 0xbf,
  0xff, 0x43, 0x69, 0xbf, 0xff, 0x43, 0x69, 0xbf, 0xff, 0x43, 0x69, 0xbf,
  0xff, 0x43, 0x69, 0xbf, 0x00, 0x82, 0x6d, 0xbf, 0x00, 0x96, 0x74, 0xbf,
  0xff, 0x75, 0x76, 0xbf, 0x00, 0xd2, 0x75, 0xbf, 0x00, 0x0c, 0x76, 0xbf,
  0xff, 0xf9, 0x75, 0xbf, 0x00, 0x00, 0x76, 0xbf, 0x00, 0x00, 0x76, 0xbf,
  0x00, 0x00, 0x76, 0xbf, 0x00, 0x00, 0x76, 0xbf, 0x00, 0x00, 0x76, 0xbf,
  0x00, 0x00, 0x76, 0xbf, 0x00, 0x00, 0x76, 0xbf, 0x00, 0x00, 0x76, 0xbf,
  0x00, 0x00, 0x76, 0xbf, 0x00, 0x00, 0x76, 0xbf, 0x00, 0x00, 0x76, 0xbf,
  0x00, 0x00, 0x76, 0xbf, 0x00, 0x00, 0x76, 0xbf, 0x00, 0x00, 0x76, 0xbf,
  0x00, 0x00, 0x76, 0xbf, 0x00, 0x00, 0x76, 0xbf, 0x00, 0x00, 0x76, 0xbf,
  0x00, 0x00, 0x76, 0xbf, 0x00, 0x00, 0x76, 0xbf, 0x00, 0x00, 0x76, 0xbf,
  0x00, 0x00, 0x76, 0xbf, 0x00, 0x00, 0x76, 0xbf, 0x00, 0x00, 0x76, 0xbf,
  0x00, 0x00, 0x76, 0xbf, 0x00, 0x00, 0x76, 0xbf, 0x00, 0x00, 0x76, 0xbf,
  0x00, 0x00, 0x76, 0xbf, 0x00, 0x00, 0x76, 0xbf, 0x00, 0x00, 0x76, 0xbf,
  0x00, 0x00, 0x76, 0xbf, 0x00, 0x00, 0x76, 0xbf, 0x00, 0x00, 0x76, 0xbf,
  0x00, 0x00, 0x76, 0xbf, 0x00, 0x00, 0x76, 0xbf, 0x00, 0x00, 0x76, 0xbf,
  0x00, 0x00, 0x76, 0xbf, 0x00, 0x00, 0x76, 0xbf, 0x00, 0x00, 0x76, 0xbf,
  0x00, 0x00, 0x76, 0xbf, 0x00, 0x00, 0x76, 0xbf, 0x00, 0x00, 0x76, 0xbf,
  0x00, 0x00, 0x76, 0xbf, 0x00, 0x00, 0x76, 0xbf, 0x00, 0x00, 0x76, 0xbf,
  0x00, 0x00, 0x76, 0xbf, 0x00, 0x00, 0x76, 0xbf, 0x00, 0x00, 0x76, 0xbf,
  0x00, 0x00, 0x76, 0xbf, 0x00, 0x00, 0x76, 0xbf, 0x00, 0x00, 0x76, 0xbf,
  0x00, 0x00, 0x76, 0xbf, 0x00, 0x00, 0x76, 0xbf, 0x00, 0x00, 0x76, 0xbf,
  0x00, 0x00, 0x76, 0xbf, 0x00, 0x00, 0x76, 0xbf, 0x00, 0x00, 0x76, 0xbf,
  0x00, 0x00, 0x76, 0xbf, 0x00, 0x00, 0x76, 0xbf, 0x00, 0x00, 0x76, 0xbf,
  0x00, 0x00, 0x76, 0xbf, 0x00, 0x00, 0x76, 0xbf, 0x00, 0x00, 0x76, 0xbf,
  0x00, 0x00, 0x76, 0xbf, 0x00, 0x00, 0x76, 0xbf, 0x00, 0x00, 0x76, 0xbf,
  0x00, 0x00, 0x76, 0xbf, 0x00, 0x00, 0x76, 0xbf, 0x00, 0x00, 0x76, 0xbf,
  0x00, 0x00, 0x76, 0xbf, 0x01, 0x4c, 0x58, 0xbf, 0x01, 0xd4, 0x26, 0xbf,
  0x01, 0xa0, 0x19, 0xbf, 0x00, 0x08, 0x1e, 0xbf, 0x00, 0x92, 0x1c, 0xbf,
  0x00, 0x0e, 0x1d, 0xbf, 0x01, 0xe0, 0x1c, 0xbf, 0x00, 0xec, 0x1c, 0xbf,
  0x00, 0xec, 0x1c, 0xbf, 0x00, 0xec, 0x1c, 0xbf, 0x00, 0xec, 0x1c, 0xbf,
  0x00, 0xec, 0x1c, 0xbf, 0x00, 0xec, 0x1c, 0xbf, 0x00, 0xec, 0x1c, 0xbf,
  0x00, 0xec, 0x1c, 0xbf, 0x00, 0xec, 0x1c, 0xbf, 0x00, 0xec, 0x1c, 0xbf,
  0x00, 0xec, 0x1c, 0xbf, 0x00, 0xec, 0x1c, 0xbf, 0xfe, 0x3f, 0x73, 0xbe,
  0x00, 0xd2, 0x0f, 0x3f, 0x01, 0xde, 0x50, 0x3f, 0x00, 0x30, 0x3b, 0x3f,
  0x00, 0x66, 0x42, 0x3f, 0x00, 0x02, 0x40, 0x3f, 0x00, 0xd0, 0x40, 0x3f,
  0x00, 0x88, 0x40, 0x3f, 0x00, 0xa2, 0x40, 0x3f, 0x00, 0x9e, 0x40, 0x3f,
  0x00, 0x9e, 0x40, 0x3f, 0x00, 0x9e, 0x40, 0x3f, 0x00, 0x9e, 0x40, 0x3f,
  0x00, 0x9e, 0x40, 0x3f, 0x00, 0x9e, 0x40, 0x3f, 0x00, 0x9e, 0x40, 0x3f,
  0x00, 0x9e, 0x40, 0x3f, 0x00, 0x9e, 0x40, 0x3f, 0x00, 0x9e, 0x40, 0x3f,
  0x00, 0xec, 0x38, 0x3f, 0x00, 0x16, 0x2c, 0x3f, 0x01, 0xa6, 0x28, 0x3f,
  0x00, 0xca, 0x29, 0x3f, 0x00, 0x6a, 0x29, 0x3f, 0xff, 0x87, 0x29, 0x3f,
  0x01, 0x7e, 0x29, 0x3f, 0x01, 0x7e, 0x29, 0x3f, 0x01, 0x7e, 0x29, 0x3f,
  0x01, 0x7e, 0x29, 0x3f, 0x01, 0x7e, 0x29, 0x3f, 0x01, 0x7e, 0x29, 0x3f,
  0x01, 0x7e, 0x29, 0x3f, 0x01, 0x7e, 0x29, 0x3f, 0x01, 0x7e, 0x29, 0x3f,
  0x01, 0x7e, 0x29, 0x3f, 0x01, 0x7e, 0x29, 0x3f, 0x01, 0x7e, 0x29, 0x3f,
  0x01, 0x7e, 0x29, 0x3f, 0xff, 0xcb, 0x21, 0x3f, 0x00, 0xf0, 0x14, 0x3f,
  0x00, 0x82, 0x11, 0x3f, 0x01, 0xa6, 0x12, 0x3f, 0x00, 0x44, 0x12, 0x3f,
  0x00, 0x68, 0x12, 0x3f, 0x00, 0x5e, 0x12, 0x3f, 0x00, 0x5e, 0x12, 0x3f,
  0x00, 0x5e, 0x12, 0x3f, 0x00, 0x5e, 0x12, 0x3f, 0x00, 0x5e, 0x12, 0x3f,
  0x00, 0x5e, 0x12, 0x3f, 0x00, 0x5e, 0x12, 0x3f, 0x00, 0x5e, 0x12, 0x3f,
  0x00, 0x5e, 0x12, 0x3f, 0x00, 0x5e, 0x12, 0x3f, 0x00, 0x5e, 0x12, 0x3f,
  0x00, 0x5e, 0x12, 0x3f, 0x00, 0x5e, 0x12, 0x3f, 0xff, 0x87, 0x05, 0x3f,
  0x01, 0x3c, 0xe0, 0x3e, 0x00, 0xd0, 0xd4, 0x3e, 0x01, 0x98, 0xd8, 0x3e,
  0x00, 0x64, 0xd7, 0x3e, 0x01, 0xcc, 0xd7, 0x3e, 0x01, 0xa0, 0xd7, 0x3e,
  0x01, 0xb8, 0xd7, 0x3e, 0xff, 0xab, 0xd7, 0x3e, 0x01, 0xb8, 0xd7, 0x3e,
  0x01, 0xb8, 0xd7, 0x3e, 0x01, 0xb8, 0xd7, 0x3e, 0x01, 0xb8, 0xd7, 0x3e,
  0x01, 0xb8, 0xd7, 0x3e, 0x01, 0xb8, 0xd7, 0x3e, 0x01, 0xb8, 0xd7, 0x3e,
  0x01, 0xb8, 0xd7, 0x3e, 0x01, 0xb8, 0xd7, 0x3e, 0xff, 0xbf, 0xb3, 0x3e,
  0x01, 0xa0, 0x6f, 0x3e, 0xfd, 0xb7, 0x4f, 0x3e, 0x02, 0x40, 0x5a, 0x3e,
  0x03, 0xb0, 0x56, 0x3e, 0x00, 0x00, 0x58, 0x3e, 0xff, 0x7f, 0x57, 0x3e,
  0x00, 0xa8, 0x57, 0x3e, 0x00, 0xa8, 0x57, 0x3e, 0x00, 0xa8, 0x57, 0x3e,
  0x00, 0xa8, 0x57, 0x3e, 0x00, 0xa8, 0x57, 0x3e, 0x00, 0xa8, 0x57, 0x3e,
  0x00, 0xa8, 0x57, 0x3e, 0x00, 0xa8, 0x57, 0x3e, 0x00, 0xa8, 0x57, 0x3e,
  0x00, 0xa8, 0x57, 0x3e, 0x00, 0xa8, 0x57, 0x3e, 0x00, 0xa8, 0x57, 0x3e,
  0xfe, 0x77, 0x29, 0x3e, 0x00, 0xd0, 0xb8, 0x3d, 0x00, 0xd0, 0x8f, 0x3d,
  0x00, 0x80, 0x9d, 0x3d, 0x00, 0x00, 0x99, 0x3d, 0x01, 0x70, 0x9a, 0x3d,
  0xff, 0xef, 0x99, 0x3d, 0xff, 0xef, 0x99, 0x3d, 0xff, 0xef, 0x99, 0x3d,
  0xff, 0xef, 0x99, 0x3d, 0xff, 0xef, 0x99, 0x3d, 0xff, 0xef, 0x99, 0x3d,
  0xff, 0xef, 0x99, 0x3d, 0xff, 0xef, 0x99, 0x3d, 0xff, 0xef, 0x99, 0x3d,
  0xff, 0xef, 0x99, 0x3d, 0xff, 0xef, 0x99, 0x3d, 0xff, 0xef, 0x99, 0x3d,
  0xff, 0xef, 0x99, 0x3d, 0xff, 0xef, 0x99, 0x3d, 0xff, 0xef, 0x99, 0x3d,
  0xff, 0xef, 0x99, 0x3d, 0xff, 0xef, 0x99, 0x3d, 0xff, 0xef, 0x99, 0x3d,
  0xff, 0xef, 0x99, 0x3d, 0xff, 0xef, 0x99, 0x3d, 0xff, 0xef, 0x99, 0x3d,
  0xff, 0xef, 0x99, 0x3d, 0xff, 0xef, 0x99, 0x3d, 0xff, 0xef, 0x99, 0x3d,
  0xff, 0xef, 0x99, 0x3d, 0xff, 0xef, 0x99, 0x3d, 0xff, 0xef, 0x99, 0x3d,
  0xff, 0xef, 0x99, 0x3d, 0xff, 0xef, 0x99, 0x3d, 0xff, 0xef, 0x99, 0x3d,
  0xff, 0xef, 0x99, 0x3d, 0xff, 0xef, 0x99, 0x3d, 0xff, 0xff, 0x22, 0x3c,
  0x00, 0x20, 0xca, 0xbd, 0xfe, 0xb7, 0x02, 0xbe, 0x03, 0xb0, 0xf1, 0xbd,
  0xfd, 0x3f, 0xf8, 0xbd, 0xfb, 0x2f, 0xf6, 0xbd, 0xfe, 0xcf, 0xf6, 0xbd,
  0x03, 0xb0, 0xf6, 0xbd, 0x03, 0xb0, 0xf6, 0xbd, 0x03, 0xb0, 0xf6, 0xbd,
  0x03, 0xb0, 0xf6, 0xbd, 0x03, 0xb0, 0xf6, 0xbd, 0x03, 0xb0, 0xf6, 0xbd,
  0x03, 0xb0, 0xf6, 0xbd, 0x03, 0xb0, 0xf6, 0xbd, 0x03, 0xb0, 0xf6, 0xbd,
  0x03, 0xb0, 0xf6, 0xbd, 0x03, 0xb0, 0xf6, 0xbd, 0x01, 0x68, 0x24, 0xbe,
  0xfe, 0xef, 0x68, 0xbe, 0x00, 0x30, 0x7b, 0xbe, 0xfd, 0x0f, 0x75, 0xbe,
  0xfe, 0x27, 0x77, 0xbe, 0x02, 0x88, 0x76, 0xbe, 0x03, 0xb0, 0x76, 0xbe,
  0x03, 0xb0, 0x76, 0xbe, 0x03, 0xb0, 0x76, 0xbe, 0x03, 0xb0, 0x76, 0xbe,
  0x03, 0xb0, 0x76, 0xbe, 0x03, 0xb0, 0x76, 0xbe, 0x03, 0xb0, 0x76, 0xbe,
  0x03, 0xb0, 0x76, 0xbe, 0x03, 0xb0, 0x76, 0xbe, 0x03, 0xb0, 0x76, 0xbe,
  0x03, 0xb0, 0x76, 0xbe, 0x03, 0xb0, 0x76, 0xbe, 0x03, 0xb0, 0x76, 0xbe,
  0xff, 0x6f, 0x92, 0xbe, 0x02, 0xf0, 0xb8, 0xbe, 0xff, 0x37, 0xc3, 0xbe,
  0x00, 0xd0, 0xbf, 0xbe, 0x02, 0xf0, 0xc0, 0xbe, 0x00, 0x88, 0xc0, 0xbe,
  0x01, 0xb0, 0xc0, 0xbe, 0x00, 0x9c, 0xc0, 0xbe, 0x00, 0x9c, 0xc0, 0xbe,
  0x00, 0x9c, 0xc0, 0xbe, 0x00, 0x9c, 0xc0, 0xbe, 0x00, 0x9c, 0xc0, 0xbe,
  0x00, 0x9c, 0xc0, 0xbe, 0x00, 0x9c, 0xc0, 0xbe, 0x00, 0x9c, 0xc0, 0xbe,
  0x00, 0x9c, 0xc0, 0xbe, 0x00, 0x9c, 0xc0, 0xbe, 0x00, 0x9c, 0xc0, 0xbe,
  0x00, 0x9c, 0xc0, 0xbe, 0x01, 0x54, 0xc8, 0xbe, 0xff, 0x2f, 0xd5, 0xbe,
  0x01, 0x98, 0xd8, 0xbe, 0x00, 0x78, 0xd7, 0xbe, 0x01, 0xe0, 0xd7, 0xbe,
  0x01, 0xb8, 0xd7, 0xbe, 0xff, 0xbf, 0xd7, 0xbe, 0x01, 0xb8, 0xd7, 0xbe,
  0x01, 0xb8, 0xd7, 0xbe, 0x01, 0xb8, 0xd7, 0xbe, 0x01, 0xb8, 0xd7, 0xbe,
  0x01, 0xb8, 0xd7, 0xbe, 0x01, 0xb8, 0xd7, 0xbe, 0x01, 0xb8, 0xd7, 0xbe,
  0x01, 0xb8, 0xd7, 0xbe, 0x01, 0xb8, 0xd7, 0xbe, 0x01, 0xb8, 0xd7, 0xbe,
  0x01, 0xb8, 0xd7, 0xbe, 0x01, 0xb8, 0xd7, 0xbe, 0xff, 0xdb, 0xee, 0xbe,
  0x01, 0xb2, 0x0a, 0xbf, 0xff, 0xd5, 0x0f, 0xbf, 0xff, 0x1b, 0x0e, 0xbf,
  0x01, 0xb2, 0x0e, 0xbf, 0xff, 0x81, 0x0e, 0xbf, 0xff, 0x8d, 0x0e, 0xbf,
  0xff, 0x8d, 0x0e, 0xbf, 0xff, 0x8d, 0x0e, 0xbf, 0xff, 0x8d, 0x0e, 0xbf,
  0xff, 0x8d, 0x0e, 0xbf, 0xff, 0x8d, 0x0e, 0xbf, 0xff, 0x8d, 0x0e, 0xbf,
  0xff, 0x8d, 0x0e, 0xbf, 0xff, 0x8d, 0x0e, 0xbf, 0xff, 0x8d, 0x0e, 0xbf,
  0xff, 0x8d, 0x0e, 0xbf, 0xff, 0x8d, 0x0e, 0xbf, 0x00, 0x6c, 0xf1, 0xbe,
  0x00, 0xb4, 0xa8, 0xbe, 0x00, 0x40, 0x95, 0xbe, 0xff, 0xc3, 0x9b, 0xbe,
  0x00, 0x98, 0x99, 0xbe, 0x00, 0x50, 0x9a, 0xbe, 0xff, 0x13, 0x9a, 0xbe,
  0xff, 0x27, 0x9a, 0xbe, 0x00, 0x20, 0x9a, 0xbe, 0x00, 0x20, 0x9a, 0xbe,
  0x00, 0x20, 0x9a, 0xbe, 0x00, 0x20, 0x9a, 0xbe, 0x00, 0x20, 0x9a, 0xbe,
  0x00, 0x20, 0x9a, 0xbe, 0x00, 0x20, 0x9a, 0xbe, 0x00, 0x20, 0x9a, 0xbe,
  0x00, 0x20, 0x9a, 0xbe, 0x00, 0x20, 0x9a, 0xbe, 0x00, 0x20, 0x9a, 0xbe,
  0x00, 0x98, 0x85, 0xbe, 0xfe, 0x9f, 0x46, 0xbe, 0x03, 0x60, 0x34, 0xbe,
  0x00, 0x80, 0x3a, 0xbe, 0xfe, 0x67, 0x38, 0xbe, 0xfe, 0x1f, 0x39, 0xbe,
  0x01, 0xe0, 0x38, 0xbe, 0xfd, 0xf7, 0x38, 0xbe, 0xfd, 0xf7, 0x38, 0xbe,
  0xfd, 0xf7, 0x38, 0xbe, 0xfd, 0xf7, 0x38, 0xbe, 0xfd, 0xf7, 0x38, 0xbe,
  0xfd, 0xf7, 0x38, 0xbe, 0xfd, 0xf7, 0x38, 0xbe, 0xfd, 0xf7, 0x38, 0xbe,
  0xfd, 0xf7, 0x38, 0xbe, 0xfd, 0xf7, 0x38, 0xbe, 0xfd, 0xf7, 0x38, 0xbe,
  0xfd, 0xf7, 0x38, 0xbe, 0xfd, 0xe7, 0x0f, 0xbe, 0x00, 0xe0, 0x96, 0xbd,
  0x01, 0xc0, 0x64, 0xbd, 0x00, 0xe0, 0x7c, 0xbd, 0x01, 0xe0, 0x74, 0xbd,
  0xff, 0x7f, 0x77, 0xbd, 0x00, 0xc0, 0x76, 0xbd, 0x00, 0xc0, 0x76, 0xbd,
  0x00, 0xc0, 0x76, 0xbd, 0x00, 0xc0, 0x76, 0xbd, 0x00, 0xc0, 0x76, 0xbd,
  0x00, 0xc0, 0x76, 0xbd, 0x00, 0xc0, 0x76, 0xbd, 0x00, 0xc0, 0x76, 0xbd,
  0x00, 0xc0, 0x76, 0xbd, 0x00, 0xc0, 0x76, 0xbd, 0x00, 0xc0, 0x76, 0xbd,
  0x00, 0xc0, 0x76, 0xbd, 0x00, 0xc0, 0x76, 0xbd, 0x02, 0x80, 0xa4, 0xbc,
  0xff, 0xdf, 0x3f, 0x3d, 0x01, 0x40, 0x84, 0x3d, 0xff, 0x5f, 0x70, 0x3d,
  0x01, 0x60, 0x78, 0x3d, 0xff, 0x7f, 0x75, 0x3d, 0x00, 0xc0, 0x76, 0x3d,
  0x00, 0x20, 0x76, 0x3d, 0xff, 0x7f, 0x76, 0x3d, 0x00, 0x20, 0x76, 0x3d,
  0xff, 0x7f, 0x76, 0x3d, 0xff, 0x7f, 0x76, 0x3d, 0xff, 0x7f, 0x76, 0x3d,
  0xff, 0x7f, 0x76, 0x3d, 0xff, 0x7f, 0x76, 0x3d, 0xff, 0x7f, 0x76, 0x3d,
  0xff, 0x7f, 0x76, 0x3d, 0xff, 0x7f, 0x76, 0x3d, 0xfc, 0x7f, 0xf6, 0x3d,
  0x01, 0xf0, 0x61, 0x3e, 0x00, 0x58, 0x7d, 0x3e, 0xff, 0x47, 0x74, 0x3e,
  0xff, 0x4f, 0x77, 0x3e, 0x01, 0x30, 0x76, 0x3e, 0xff, 0x97, 0x76, 0x3e,
  0x02, 0x88, 0x76, 0x3e, 0x02, 0x88, 0x76, 0x3e, 0x02, 0x88, 0x76, 0x3e,
  0x02, 0x88, 0x76, 0x3e, 0x02, 0x88, 0x76, 0x3e, 0x02, 0x88, 0x76, 0x3e,
  0x02, 0x88, 0x76, 0x3e, 0x02, 0x88, 0x76, 0x3e, 0x02, 0x88, 0x76, 0x3e,
  0x02, 0x88, 0x76, 0x3e, 0x02, 0x88, 0x76, 0x3e, 0x02, 0x88, 0x76, 0x3e,
  0x01, 0xcc, 0x8f, 0x3e, 0x00, 0x08, 0xb2, 0x3e, 0x00, 0x30, 0xbb, 0x3e,
  0x00, 0x18, 0xb8, 0x3e, 0x01, 0x24, 0xb9, 0x3e, 0x01, 0xc8, 0xb8, 0x3e,
  0x00, 0xe4, 0xb8, 0x3e, 0x01, 0xdc, 0xb8, 0x3e, 0x01, 0xdc, 0xb8, 0x3e,
  0x01, 0xdc, 0xb8, 0x3e, 0x01, 0xdc, 0xb8, 0x3e, 0x01, 0xdc, 0xb8, 0x3e,
  0x01, 0xdc, 0xb8, 0x3e, 0x01, 0xdc, 0xb8, 0x3e, 0x01, 0xdc, 0xb8, 0x3e,
  0x01, 0xdc, 0xb8, 0x3e, 0x01, 0xdc, 0xb8, 0x3e, 0x01, 0xdc, 0xb8, 0x3e,
  0x01, 0xdc, 0xb8, 0x3e, 0x00, 0x6c, 0xcd, 0x3e, 0x00, 0xa8, 0xef, 0x3e,
  0x00, 0xd0, 0xf8, 0x3e, 0x00, 0xc4, 0xf5, 0x3e, 0x00, 0xc4, 0xf6, 0x3e,
  0x01, 0x74, 0xf6, 0x3e, 0xfe, 0x87, 0xf6, 0x3e, 0xfe, 0x87, 0xf6, 0x3e,
  0xfe, 0x87, 0xf6, 0x3e, 0xfe, 0x87, 0xf6, 0x3e, 0xfe, 0x87, 0xf6, 0x3e,
  0xfe, 0x87, 0xf6, 0x3e, 0xfe, 0x87, 0xf6, 0x3e, 0xfe, 0x87, 0xf6, 0x3e,
  0xfe, 0x87, 0xf6, 0x3e, 0xfe, 0x87, 0xf6, 0x3e, 0xfe, 0x87, 0xf6, 0x3e,
  0xfe, 0x87, 0xf6, 0x3e, 0xfe, 0x87, 0xf6, 0x3e, 0x01, 0xf6, 0x02, 0x3f,
  0xff, 0xcb, 0x0f, 0x3f, 0x00, 0x36, 0x13, 0x3f, 0x00, 0x16, 0x12, 0x3f,
  0x00, 0x72, 0x12, 0x3f, 0xff, 0x53, 0x12, 0x3f, 0x00, 0x5e, 0x12, 0x3f,
  0x00, 0x5e, 0x12, 0x3f, 0x00, 0x5e, 0x12, 0x3f, 0x00, 0x5e, 0x12, 0x3f,
  0x00, 0x5e, 0x12, 0x3f, 0x00, 0x5e, 0x12, 0x3f, 0x00, 0x5e, 0x12, 0x3f,
  0x00, 0x5e, 0x12, 0x3f, 0x00, 0x5e, 0x12, 0x3f, 0x00, 0x5e, 0x12, 0x3f,
  0x00, 0x5e, 0x12, 0x3f, 0x00, 0x5e, 0x12, 0x3f, 0x00, 0x16, 0x1a, 0x3f,
  0x00, 0xf0, 0x26, 0x3f, 0x00, 0x5a, 0x2a, 0x3f, 0x00, 0x36, 0x29, 0x3f,
  0x00, 0x9c, 0x29, 0x3f, 0x01, 0x7e, 0x29, 0x3f, 0xff, 0x87, 0x29, 0x3f,
  0x01, 0x7e, 0x29, 0x3f, 0x01, 0x7e, 0x29, 0x3f, 0x01, 0x7e, 0x29, 0x3f,
  0x01, 0x7e, 0x29, 0x3f, 0x01, 0x7e, 0x29, 0x3f, 0x01, 0x7e, 0x29, 0x3f,
  0x01, 0x7e, 0x29, 0x3f, 0x01, 0x7e, 0x29, 0x3f, 0x01, 0x7e, 0x29, 0x3f,
  0x01, 0x7e, 0x29, 0x3f, 0x01, 0x7e, 0x29, 0x3f, 0x01, 0x7e, 0x29, 0x3f,
  0x00, 0xec, 0x38, 0x3f, 0x00, 0x92, 0x52, 0x3f, 0x00, 0x6c, 0x59, 0x3f,
  0x00, 0x28, 0x57, 0x3f, 0x00, 0xea, 0x57, 0x3f, 0x00, 0xa8, 0x57, 0x3f,
  0x00, 0xbc, 0x57, 0x3f, 0x01, 0xb8, 0x57, 0x3f, 0x01, 0xb8, 0x57, 0x3f,
  0x01, 0xb8, 0x57, 0x3f, 0x01, 0xb8, 0x57, 0x3f, 0x01, 0xb8, 0x57, 0x3f,
  0x01, 0xb8, 0x57, 0x3f, 0x01, 0xb8, 0x57, 0x3f, 0x01, 0xb8, 0x57, 0x3f,
  0x01, 0xb8, 0x57, 0x3f, 0x01, 0xb8, 0x57, 0x3f, 0x01, 0xb8, 0x57, 0x3f,
  0x01, 0xb8, 0x57, 0x3f, 0x01, 0x4a, 0x5a, 0x3f, 0x00, 0x96, 0x5e, 0x3f,
  0xff, 0xb5, 0x5f, 0x3f, 0xff, 0x59, 0x5f, 0x3f, 0x00, 0x78, 0x5f, 0x3f,
  0x00, 0x6e, 0x5f, 0x3f, 0x00, 0x6e, 0x5f, 0x3f, 0x00, 0x6e, 0x5f, 0x3f,
  0x00, 0x6e, 0x5f, 0x3f, 0x00, 0x6e, 0x5f, 0x3f, 0x00, 0x6e, 0x5f, 0x3f,
  0x00, 0x6e, 0x5f, 0x3f, 0x00, 0x6e, 0x5f, 0x3f, 0x00, 0x6e, 0x5f, 0x3f,
  0x00, 0x6e, 0x5f, 0x3f, 0x00, 0x6e, 0x5f, 0x3f, 0x00, 0x6e, 0x5f, 0x3f,
  0x00, 0x6e, 0x5f, 0x3f, 0x00, 0x6e, 0x5f, 0x3f, 0x00, 0x74, 0x56, 0x3f,
  0x00, 0x76, 0x47, 0x3f, 0x00, 0x78, 0x43, 0x3f, 0x00, 0xca, 0x44, 0x3f,
  0x00, 0x5a, 0x44, 0x3f, 0xff, 0x81, 0x44, 0x3f, 0x00, 0x74, 0x44, 0x3f,
  0x01, 0x78, 0x44, 0x3f, 0x01, 0x78, 0x44, 0x3f, 0x01, 0x78, 0x44, 0x3f,
  0x01, 0x78, 0x44, 0x3f, 0x01, 0x78, 0x44, 0x3f, 0x01, 0x78, 0x44, 0x3f,
  0x01, 0x78, 0x44, 0x3f, 0x01, 0x78, 0x44, 0x3f, 0x01, 0x78, 0x44, 0x3f,
  0x01, 0x78, 0x44, 0x3f, 0x01, 0x78, 0x44, 0x3f, 0x00, 0xc2, 0x3c, 0x3f,
  0x00, 0xec, 0x2f, 0x3f, 0xff, 0x81, 0x2c, 0x3f, 0x00, 0xa2, 0x2d, 0x3f,
  0xff, 0x43, 0x2d, 0x3f, 0x00, 0x64, 0x2d, 0x3f, 0xff, 0x59, 0x2d, 0x3f,
  0xff, 0x59, 0x2d, 0x3f, 0xff, 0x59, 0x2d, 0x3f, 0xff, 0x59, 0x2d, 0x3f,
  0xff, 0x59, 0x2d, 0x3f, 0xff, 0x59, 0x2d, 0x3f, 0xff, 0x59, 0x2d, 0x3f,
  0xff, 0x59, 0x2d, 0x3f, 0xff, 0x59, 0x2d, 0x3f, 0xff, 0x59, 0x2d, 0x3f,
  0xff, 0x59, 0x2d, 0x3f, 0xff, 0x59, 0x2d, 0x3f, 0xff, 0x59, 0x2d, 0x3f,
  0x00, 0x5e, 0x1b, 0x3f, 0x01, 0xd4, 0xfa, 0x3e, 0xfe, 0xcb, 0xea, 0x3e,
  0x01, 0x24, 0xf0, 0x3e, 0x01, 0x60, 0xee, 0x3e, 0x00, 0xf0, 0xee, 0x3e,
  0xff, 0xc7, 0xee, 0x3e, 0xff, 0xdb, 0xee, 0x3e, 0x01, 0xd0, 0xee, 0x3e,
  0x01, 0xd0, 0xee, 0x3e, 0x01, 0xd0, 0xee, 0x3e, 0x01, 0xd0, 0xee, 0x3e,
  0x01, 0xd0, 0xee, 0x3e, 0x01, 0xd0, 0xee, 0x3e, 0x01, 0xd0, 0xee, 0x3e,
  0x01, 0xd0, 0xee, 0x3e, 0x01, 0xd0, 0xee, 0x3e, 0x01, 0xd0, 0xee, 0x3e,
  0x01, 0xd0, 0xee, 0x3e, 0x00, 0x64, 0xdf, 0x3e, 0xff, 0xb7, 0xc5, 0x3e,
  0x00, 0xd8, 0xbe, 0x3e, 0xff, 0x2b, 0xc1, 0x3e, 0xff, 0x5f, 0xc0, 0x3e,
  0x00, 0x9c, 0xc0, 0x3e, 0x00, 0x88, 0xc0, 0x3e, 0x00, 0x9c, 0xc0, 0x3e,
  0xff, 0x8f, 0xc0, 0x3e, 0xff, 0x8f, 0xc0, 0x3e, 0xff, 0x8f, 0xc0, 0x3e,
  0xff, 0x8f, 0xc0, 0x3e, 0xff, 0x8f, 0xc0, 0x3e, 0xff, 0x8f, 0xc0, 0x3e,
  0xff, 0x8f, 0xc0, 0x3e, 0xff, 0x8f, 0xc0, 0x3e, 0xff, 0x8f, 0xc0, 0x3e,
  0xff, 0x8f, 0xc0, 0x3e, 0xff, 0x8f, 0xc0, 0x3e, 0x01, 0x24, 0xb1, 0x3e,
  0x00, 0x78, 0x97, 0x3e, 0xff, 0xa3, 0x90, 0x3e, 0x00, 0xec, 0x92, 0x3e,
  0x01, 0x34, 0x92, 0x3e, 0xff, 0x6f, 0x92, 0x3e, 0x02, 0x5c, 0x92, 0x3e,
  0x02, 0x5c, 0x92, 0x3e, 0x02, 0x5c, 0x92, 0x3e, 0x02, 0x5c, 0x92, 0x3e,
  0x02, 0x5c, 0x92, 0x3e, 0x02, 0x5c, 0x92, 0x3e, 0x02, 0x5c, 0x92, 0x3e,
  0x02, 0x5c, 0x92, 0x3e, 0x02, 0x5c, 0x92, 0x3e, 0x02, 0x5c, 0x92, 0x3e,
  0x02, 0x5c, 0x92, 0x3e, 0x02, 0x5c, 0x92, 0x3e, 0x02, 0x60, 0x71, 0x3e,
  0x01, 0xb8, 0x1b, 0x3e, 0x03, 0xe8, 0x04, 0x3e, 0xfd, 0x87, 0x0c, 0x3e,
  0xfd, 0x07, 0x0a, 0x3e, 0x00, 0xd8, 0x0a, 0x3e, 0xfe, 0x87, 0x0a, 0x3e,
  0xff, 0xaf, 0x0a, 0x3e, 0xff, 0xaf, 0x0a, 0x3e, 0xff, 0xaf, 0x0a, 0x3e,
  0xff, 0xaf, 0x0a, 0x3e, 0xff, 0xaf, 0x0a, 0x3e, 0xff, 0xaf, 0x0a, 0x3e,
  0xff, 0xaf, 0x0a, 0x3e, 0xff, 0xaf, 0x0a, 0x3e, 0xff, 0xaf, 0x0a, 0x3e,
  0xff, 0xaf, 0x0a, 0x3e, 0xff, 0xaf, 0x0a, 0x3e, 0xff, 0xaf, 0x0a, 0x3e,
  0xfa, 0xef, 0xe1, 0x3d, 0x01, 0x40, 0x8c, 0x3d, 0xff, 0x3f, 0x6b, 0x3d,
  0x01, 0x00, 0x7a, 0x3d, 0x00, 0x40, 0x75, 0x3d, 0x00, 0xc0, 0x76, 0x3d,
  0x00, 0x20, 0x76, 0x3d, 0xff, 0x7f, 0x76, 0x3d, 0x00, 0x20, 0x76, 0x3d,
  0xff, 0x7f, 0x76, 0x3d, 0xff, 0x7f, 0x76, 0x3d, 0xff, 0x7f, 0x76, 0x3d,
  0xff, 0x7f, 0x76, 0x3d, 0xff, 0x7f, 0x76, 0x3d, 0xff, 0x7f, 0x76, 0x3d,
  0xff, 0x7f, 0x76, 0x3d, 0xff, 0x7f, 0x76, 0x3d, 0xff, 0x7f, 0x76, 0x3d,
  0xff, 0x7f, 0x76, 0x3d, 0x00, 0x60, 0x4d, 0x3d, 0x01, 0xe0, 0x08, 0x3d,
  0xfe, 0xff, 0xec, 0x3c, 0x02, 0x40, 0xf9, 0x3c, 0x01, 0xc0, 0xf4, 0x3c,
  0x00, 0xc0, 0xf6, 0x3c, 0x02, 0x00, 0xf6, 0x3c, 0x02, 0x00, 0xf6, 0x3c,
  0x02, 0x00, 0xf6, 0x3c, 0x02, 0x00, 0xf6, 0x3c, 0x02, 0x00, 0xf6, 0x3c,
  0x02, 0x00, 0xf6, 0x3c, 0x02, 0x00, 0xf6, 0x3c, 0x02, 0x00, 0xf6, 0x3c,
  0x02, 0x00, 0xf6, 0x3c, 0x02, 0x00, 0xf6, 0x3c, 0x02, 0x00, 0xf6, 0x3c,
  0x02, 0x00, 0xf6, 0x3c, 0x02, 0x00, 0xf6, 0x3c, 0x00, 0x20, 0x9a, 0xbe,
  0xff, 0x53, 0x5a, 0xbf, 0x00, 0xfe, 0x7f, 0xbf, 0xff, 0x6f, 0x73, 0xbf,
  0xff, 0x9d, 0x77, 0xbf, 0x00, 0x3c, 0x76, 0xbf, 0x01, 0xb2, 0x76, 0xbf,
  0x00, 0x88, 0x76, 0xbf, 0xff, 0x97, 0x76, 0xbf, 0x00, 0x92, 0x76, 0xbf,
  0x00, 0x92, 0x76, 0xbf, 0x00, 0x92, 0x76, 0xbf, 0x00, 0x92, 0x76, 0xbf,
  0x00, 0x92, 0x76, 0xbf, 0x00, 0x92, 0x76, 0xbf, 0x00, 0x92, 0x76, 0xbf,
  0x00, 0x92, 0x76, 0xbf, 0x00, 0x92, 0x76, 0xbf, 0x00, 0x5c, 0xc8, 0xbe,
  0xff, 0x5f, 0x62, 0x3d, 0x03, 0x30, 0x6c, 0x3e, 0x00, 0x58, 0x30, 0x3e,
  0xff, 0x47, 0x44, 0x3e, 0xfe, 0x8f, 0x3d, 0x3e, 0x00, 0xd0, 0x3f, 0x3e,
  0x02, 0x10, 0x3f, 0x3e, 0xff, 0x4f, 0x3f, 0x3e, 0x03, 0x38, 0x3f, 0x3e,
  0xff, 0x4f, 0x3f, 0x3e, 0xff, 0x4f, 0x3f, 0x3e, 0xff, 0x4f, 0x3f, 0x3e,
  0xff, 0x4f, 0x3f, 0x3e, 0xff, 0x4f, 0x3f, 0x3e, 0xff, 0x4f, 0x3f, 0x3e,
  0xff, 0x4f, 0x3f, 0x3e, 0xff, 0x4f, 0x3f, 0x3e, 0xff, 0x4f, 0x3f, 0x3e,
  0xfd, 0x2f, 0x4f, 0x3e, 0x00, 0xc8, 0x69, 0x3e, 0x02, 0xd8, 0x70, 0x3e,
  0x02, 0x88, 0x6e, 0x3e, 0xfe, 0x57, 0x6f, 0x3e, 0x03, 0x08, 0x6f, 0x3e,
  0xfd, 0x2f, 0x6f, 0x3e, 0x01, 0x18, 0x6f, 0x3e, 0x01, 0x18, 0x6f, 0x3e,
  0x01, 0x18, 0x6f, 0x3e, 0x01, 0x18, 0x6f, 0x3e, 0x01, 0x18, 0x6f, 0x3e,
  0x01, 0x18, 0x6f, 0x3e, 0x01, 0x18, 0x6f, 0x3e, 0x01, 0x18, 0x6f, 0x3e,
  0x01, 0x18, 0x6f, 0x3e, 0x01, 0x18, 0x6f, 0x3e, 0x01, 0x18, 0x6f, 0x3e,
  0x02, 0x10, 0x7f, 0x3e, 0x00, 0xcc, 0x8c, 0x3e, 0xff, 0x5f, 0x90, 0x3e,
  0x01, 0x2c, 0x8f, 0x3e, 0x00, 0x8c, 0x8f, 0x3e, 0x01, 0x74, 0x8f, 0x3e,
  0x01, 0x74, 0x8f, 0x3e, 0x01, 0x74, 0x8f, 0x3e, 0x01, 0x74, 0x8f, 0x3e,
  0x01, 0x74, 0x8f, 0x3e, 0x01, 0x74, 0x8f, 0x3e, 0x01, 0x74, 0x8f, 0x3e,
  0x01, 0x74, 0x8f, 0x3e, 0x01, 0x74, 0x8f, 0x3e, 0x01, 0x74, 0x8f, 0x3e,
  0x01, 0x74, 0x8f, 0x3e, 0x01, 0x74, 0x8f, 0x3e, 0x01, 0x74, 0x8f, 0x3e,
  0x01, 0x74, 0x8f, 0x3e, 0x01, 0xc8, 0x94, 0x3e, 0xfe, 0xa3, 0x9d, 0x3e,
  0x00, 0x00, 0xa0, 0x3e, 0xff, 0x37, 0x9f, 0x3e, 0x00, 0x78, 0x9f, 0x3e,
  0x00, 0x60, 0x9f, 0x3e, 0xfe, 0x6b, 0x9f, 0x3e, 0xfe, 0x6b, 0x9f, 0x3e,
  0xfe, 0x6b, 0x9f, 0x3e, 0xfe, 0x6b, 0x9f, 0x3e, 0xfe, 0x6b, 0x9f, 0x3e,
  0xfe, 0x6b, 0x9f, 0x3e, 0xfe, 0x6b, 0x9f, 0x3e, 0xfe, 0x6b, 0x9f, 0x3e,
  0xfe, 0x6b, 0x9f, 0x3e, 0xfe, 0x6b, 0x9f, 0x3e, 0xfe, 0x6b, 0x9f, 0x3e,
  0xfe, 0x6b, 0x9f, 0x3e, 0xfe, 0x6b, 0x9f, 0x3e, 0x01, 0x58, 0xaf, 0x3e,
  0xff, 0xe7, 0xc9, 0x3e, 0xff, 0x03, 0xd1, 0x3e, 0x01, 0xa4, 0xce, 0x3e,
  0x01, 0x70, 0xcf, 0x3e, 0xff, 0x23, 0xcf, 0x3e, 0x01, 0x44, 0xcf, 0x3e,
  0x00, 0x30, 0xcf, 0x3e, 0xff, 0x3b, 0xcf, 0x3e, 0xff, 0x3b, 0xcf, 0x3e,
  0xff, 0x3b, 0xcf, 0x3e, 0xff, 0x3b, 0xcf, 0x3e, 0xff, 0x3b, 0xcf, 0x3e,
  0xff, 0x3b, 0xcf, 0x3e, 0xff, 0x3b, 0xcf, 0x3e, 0xff, 0x3b, 0xcf, 0x3e,
  0xff, 0x3b, 0xcf, 0x3e, 0xff, 0x3b, 0xcf, 0x3e, 0xff, 0x3b, 0xcf, 0x3e,
  0xff, 0xe3, 0xd1, 0x3e, 0x01, 0x4c, 0xd6, 0x3e, 0x01, 0x74, 0xd7, 0x3e,
  0x01, 0x14, 0xd7, 0x3e, 0x00, 0x34, 0xd7, 0x3e, 0x01, 0x2c, 0xd7, 0x3e,
  0x00, 0x34, 0xd7, 0x3e, 0x00, 0x34, 0xd7, 0x3e, 0x00, 0x34, 0xd7, 0x3e,
  0x00, 0x34, 0xd7, 0x3e, 0x00, 0x34, 0xd7, 0x3e, 0x00, 0x34, 0xd7, 0x3e,
  0x00, 0x34, 0xd7, 0x3e, 0x00, 0x34, 0xd7, 0x3e, 0x00, 0x34, 0xd7, 0x3e,
  0x00, 0x34, 0xd7, 0x3e, 0x00, 0x34, 0xd7, 0x3e, 0x00, 0x34, 0xd7, 0x3e,
  0xfe, 0x7b, 0xdc, 0x3e, 0x01, 0x64, 0xe5, 0x3e, 0xff, 0xbf, 0xe7, 0x3e,
  0xff, 0xf7, 0xe6, 0x3e, 0xff, 0x37, 0xe7, 0x3e, 0xff, 0x1f, 0xe7, 0x3e,
  0x01, 0x2c, 0xe7, 0x3e, 0x01, 0x2c, 0xe7, 0x3e, 0x01, 0x2c, 0xe7, 0x3e,
  0x01, 0x2c, 0xe7, 0x3e, 0x01, 0x2c, 0xe7, 0x3e, 0x01, 0x2c, 0xe7, 0x3e,
  0x01, 0x2c, 0xe7, 0x3e, 0x01, 0x2c, 0xe7, 0x3e, 0x01, 0x2c, 0xe7, 0x3e,
  0x01, 0x2c, 0xe7, 0x3e, 0x01, 0x2c, 0xe7, 0x3e, 0x01, 0x2c, 0xe7, 0x3e,
  0x01, 0x2c, 0xe7, 0x3e, 0x01, 0x80, 0xec, 0x3e, 0x00, 0x58, 0xf5, 0x3e,
  0x01, 0xb8, 0xf7, 0x3e, 0x02, 0xe4, 0xf6, 0x3e, 0xff, 0x23, 0xf7, 0x3e,
  0xff, 0x0b, 0xf7, 0x3e, 0xff, 0x23, 0xf7, 0x3e, 0x01, 0x18, 0xf7, 0x3e,
  0x01, 0x18, 0xf7, 0x3e, 0x01, 0x18, 0xf7, 0x3e, 0x01, 0x18, 0xf7, 0x3e,
  0x01, 0x18, 0xf7, 0x3e, 0x01, 0x18, 0xf7, 0x3e, 0x01, 0x18, 0xf7, 0x3e,
  0x01, 0x18, 0xf7, 0x3e, 0x01, 0x18, 0xf7, 0x3e, 0x01, 0x18, 0xf7, 0x3e,
  0x01, 0x18, 0xf7, 0x3e, 0x01, 0x18, 0xf7, 0x3e, 0x00, 0xda, 0x00, 0x3f,
  0x00, 0xba, 0x09, 0x3f, 0x01, 0x12, 0x0c, 0x3f, 0x00, 0x48, 0x0b, 0x3f,
  0xff, 0x91, 0x0b, 0x3f, 0x01, 0x72, 0x0b, 0x3f, 0x01, 0x7e, 0x0b, 0x3f,
  0x01, 0x7e, 0x0b, 0x3f, 0x01, 0x7e, 0x0b, 0x3f, 0x01, 0x7e, 0x0b, 0x3f,
  0x01, 0x7e, 0x0b, 0x3f, 0x01, 0x7e, 0x0b, 0x3f, 0x01, 0x7e, 0x0b, 0x3f,
  0x01, 0x7e, 0x0b, 0x3f, 0x01, 0x7e, 0x0b, 0x3f, 0x01, 0x7e, 0x0b, 0x3f,
  0x01, 0x7e, 0x0b, 0x3f, 0x01, 0x7e, 0x0b, 0x3f, 0x01, 0x7e, 0x0b, 0x3f,
  0x01, 0x74, 0x13, 0x3f, 0x01, 0xbc, 0x20, 0x3f, 0x00, 0x44, 0x24, 0x3f,
  0x00, 0x1a, 0x23, 0x3f, 0x00, 0x80, 0x23, 0x3f, 0x00, 0x60, 0x23, 0x3f,
  0x00, 0x6a, 0x23, 0x3f, 0xff, 0x65, 0x23, 0x3f, 0xff, 0x65, 0x23, 0x3f,
  0xff, 0x65, 0x23, 0x3f, 0xff, 0x65, 0x23, 0x3f, 0xff, 0x65, 0x23, 0x3f,
  0xff, 0x65, 0x23, 0x3f, 0xff, 0x65, 0x23, 0x3f, 0xff, 0x65, 0x23, 0x3f,
  0xff, 0x65, 0x23, 0x3f, 0xff, 0x65, 0x23, 0x3f, 0xff, 0x65, 0x23, 0x3f,
  0x00, 0x0e, 0x26, 0x3f, 0x00, 0x80, 0x2a, 0x3f, 0x00, 0xb0, 0x2b, 0x3f,
  0x00, 0x4c, 0x2b, 0x3f, 0xff, 0x6f, 0x2b, 0x3f, 0x00, 0x60, 0x2b, 0x3f,
  0xff, 0x65, 0x2b, 0x3f, 0xff, 0x65, 0x2b, 0x3f, 0xff, 0x65, 0x2b, 0x3f,
  0xff, 0x65, 0x2b, 0x3f, 0xff, 0x65, 0x2b, 0x3f, 0xff, 0x65, 0x2b, 0x3f,
  0xff, 0x65, 0x2b, 0x3f, 0xff, 0x65, 0x2b, 0x3f, 0xff, 0x65, 0x2b, 0x3f,
  0xff, 0x65, 0x2b, 0x3f, 0xff, 0x65, 0x2b, 0x3f, 0xff, 0x65, 0x2b, 0x3f,
  0xff, 0x65, 0x2b, 0x3f, 0x01, 0x5c, 0x33, 0x3f, 0xff, 0xa3, 0x40, 0x3f,
  0xff, 0x31, 0x44, 0x3f, 0x01, 0x02, 0x43, 0x3f, 0x01, 0x68, 0x43, 0x3f,
  0x00, 0x48, 0x43, 0x3f, 0x00, 0x52, 0x43, 0x3f, 0xff, 0x4d, 0x43, 0x3f,
  0x00, 0x52, 0x43, 0x3f, 0xff, 0x4d, 0x43, 0x3f, 0xff, 0x4d, 0x43, 0x3f,
  0xff, 0x4d, 0x43, 0x3f, 0xff, 0x4d, 0x43, 0x3f, 0xff, 0x4d, 0x43, 0x3f,
  0xff, 0x4d, 0x43, 0x3f, 0xff, 0x4d, 0x43, 0x3f, 0xff, 0x4d, 0x43, 0x3f,
  0xff, 0x4d, 0x43, 0x3f, 0xff, 0x4d, 0x43, 0x3f, 0x00, 0x4a, 0x47, 0x3f,
  0x00, 0xec, 0x4d, 0x3f, 0x00, 0xb0, 0x4f, 0x3f, 0x00, 0x1c, 0x4f, 0x3f,
  0x01, 0x50, 0x4f, 0x3f, 0x00, 0x3c, 0x4f, 0x3f, 0x00, 0x40, 0x4f, 0x3f,
  0x00, 0x40, 0x4f, 0x3f, 0x00, 0x40, 0x4f, 0x3f, 0x00, 0x40, 0x4f, 0x3f,
  0x00, 0x40, 0x4f, 0x3f, 0x00, 0x40, 0x4f, 0x3f, 0x00, 0x40, 0x4f, 0x3f,
  0x00, 0x40, 0x4f, 0x3f, 0x00, 0x40, 0x4f, 0x3f, 0x00, 0x40, 0x4f, 0x3f,
  0x00, 0x40, 0x4f, 0x3f, 0x00, 0x40, 0x4f, 0x3f, 0x00, 0x40, 0x4f, 0x3f,
  0x00, 0xe8, 0x55, 0x3f, 0x00, 0xfc, 0x60, 0x3f, 0x01, 0xf0, 0x63, 0x3f,
  0x01, 0xf6, 0x62, 0x3f, 0x01, 0x46, 0x63, 0x3f, 0x00, 0x2a, 0x63, 0x3f,
  0x00, 0x36, 0x63, 0x3f, 0x00, 0x30, 0x63, 0x3f, 0x00, 0x36, 0x63, 0x3f,
  0x00, 0x30, 0x63, 0x3f, 0x00, 0x30, 0x63, 0x3f, 0x00, 0x30, 0x63, 0x3f,
  0x00, 0x30, 0x63, 0x3f, 0x00, 0x30, 0x63, 0x3f, 0x00, 0x30, 0x63, 0x3f,
  0x00, 0x30, 0x63, 0x3f, 0x00, 0x30, 0x63, 0x3f, 0x00, 0x30, 0x63, 0x3f,
  0xff, 0x81, 0x68, 0x3f, 0x01, 0x5c, 0x71, 0x3f, 0xff, 0xb5, 0x73, 0x3f,
  0x00, 0xf2, 0x72, 0x3f, 0x00, 0x36, 0x73, 0x3f, 0x00, 0x1c, 0x73, 0x3f,
  0xff, 0x21, 0x73, 0x3f, 0xff, 0x21, 0x73, 0x3f, 0xff, 0x21, 0x73, 0x3f,
  0xff, 0x21, 0x73, 0x3f, 0xff, 0x21, 0x73, 0x3f, 0xff, 0x21, 0x73, 0x3f,
  0xff, 0x21, 0x73, 0x3f, 0xff, 0x21, 0x73, 0x3f, 0xff, 0x21, 0x73, 0x3f,
  0xff, 0x21, 0x73, 0x3f, 0xff, 0x21, 0x73, 0x3f, 0xff, 0x21, 0x73, 0x3f,
  0xff, 0x21, 0x73, 0x3f, 0xff, 0x6f, 0x1b, 0x3f, 0x01, 0x40, 0x14, 0x3d,
  0xfc, 0x9f, 0xed, 0xbd, 0x00, 0xb0, 0x85, 0xbd, 0x00, 0x40, 0xa8, 0xbd,
  0x01, 0xc0, 0x9c, 0xbd, 0x01, 0xa0, 0xa0, 0xbd, 0x00, 0x40, 0x9f, 0xbd,
  0xff, 0x9f, 0x9f, 0xbd, 0xff, 0x9f, 0x9f, 0xbd, 0xff, 0x9f, 0x9f, 0xbd,
  0xff, 0x9f, 0x9f, 0xbd, 0xff, 0x9f, 0x9f, 0xbd, 0xff, 0x9f, 0x9f, 0xbd,
  0xff, 0x9f, 0x9f, 0xbd, 0xff, 0x9f, 0x9f, 0xbd, 0xff, 0x9f, 0x9f, 0xbd,
  0xff, 0x9f, 0x9f, 0xbd, 0xff, 0x9f, 0x9f, 0xbd, 0x01, 0xc0, 0xb4, 0xbd,
  0xfb, 0x4f, 0xd8, 0xbd, 0x06, 0xa0, 0xe1, 0xbd, 0xfe, 0x9f, 0xde, 0xbd,
  0x01, 0xa0, 0xdf, 0xbd, 0xff, 0x4f, 0xdf, 0xbd, 0xff, 0x4f, 0xdf, 0xbd,
  0xff, 0x4f, 0xdf, 0xbd, 0xff, 0x4f, 0xdf, 0xbd, 0xff, 0x4f, 0xdf, 0xbd,
  0xff, 0x4f, 0xdf, 0xbd, 0xff, 0x4f, 0xdf, 0xbd, 0xff, 0x4f, 0xdf, 0xbd,
  0xff, 0x4f, 0xdf, 0xbd, 0xff, 0x4f, 0xdf, 0xbd, 0xff, 0x4f, 0xdf, 0xbd,
  0xff, 0x4f, 0xdf, 0xbd, 0xff, 0x4f, 0xdf, 0xbd, 0xff, 0x4f, 0xdf, 0xbd,
  0xfd, 0x37, 0x1a, 0xbe, 0x00, 0x10, 0x61, 0xbe, 0xfd, 0xff, 0x73, 0xbe,
  0x00, 0xb0, 0x6d, 0xbe, 0x02, 0xc8, 0x6f, 0xbe, 0x01, 0x18, 0x6f, 0xbe,
  0xfe, 0x57, 0x6f, 0xbe, 0xfd, 0x2f, 0x6f, 0xbe, 0x00, 0x48, 0x6f, 0xbe,
  0x00, 0x48, 0x6f, 0xbe, 0x00, 0x48, 0x6f, 0xbe, 0x00, 0x48, 0x6f, 0xbe,
  0x00, 0x48, 0x6f, 0xbe, 0x00, 0x48, 0x6f, 0xbe, 0x00, 0x48, 0x6f, 0xbe,
  0x00, 0x48, 0x6f, 0xbe, 0x00, 0x48, 0x6f, 0xbe, 0x00, 0x48, 0x6f, 0xbe,
  0x00, 0x90, 0x87, 0xbe, 0xff, 0x2b, 0xa2, 0xbe, 0xff, 0x2f, 0xa9, 0xbe,
  0xff, 0xdb, 0xa6, 0xbe, 0x01, 0x9c, 0xa7, 0xbe, 0x01, 0x5c, 0xa7, 0xbe,
  0x01, 0x70, 0xa7, 0xbe, 0x01, 0x70, 0xa7, 0xbe, 0x01, 0x70, 0xa7, 0xbe,
  0x01, 0x70, 0xa7, 0xbe, 0x01, 0x70, 0xa7, 0xbe, 0x01, 0x70, 0xa7, 0xbe,
  0x01, 0x70, 0xa7, 0xbe, 0x01, 0x70, 0xa7, 0xbe, 0x01, 0x70, 0xa7, 0xbe,
  0x01, 0x70, 0xa7, 0xbe, 0x01, 0x70, 0xa7, 0xbe, 0x01, 0x70, 0xa7, 0xbe,
  0x01, 0x70, 0xa7, 0xbe, 0xff, 0xbb, 0xbc, 0xbe, 0x01, 0x24, 0xe0, 0xbe,
  0xff, 0x9f, 0xe9, 0xbe, 0xff, 0x6b, 0xe6, 0xbe, 0x00, 0x78, 0xe7, 0xbe,
  0xff, 0x1f, 0xe7, 0xbe, 0x01, 0x40, 0xe7, 0xbe, 0xff, 0x37, 0xe7, 0xbe,
  0xff, 0x37, 0xe7, 0xbe, 0xff, 0x37, 0xe7, 0xbe, 0xff, 0x37, 0xe7, 0xbe,
  0xff, 0x37, 0xe7, 0xbe, 0xff, 0x37, 0xe7, 0xbe, 0xff, 0x37, 0xe7, 0xbe,
  0xff, 0x37, 0xe7, 0xbe, 0xff, 0x37, 0xe7, 0xbe, 0xff, 0x37, 0xe7, 0xbe,
  0xff, 0x37, 0xe7, 0xbe, 0xff, 0x37, 0xe7, 0xbe, 0x00, 0xe4, 0x00, 0xbf,
  0x00, 0x06, 0x17, 0xbf, 0x00, 0xee, 0x1c, 0xbf, 0xff, 0xf3, 0x1a, 0xbf,
  0xff, 0x9d, 0x1b, 0xbf, 0x00, 0x6a, 0x1b, 0xbf, 0x00, 0x7a, 0x1b, 0xbf,
  0x01, 0x74, 0x1b, 0xbf, 0x01, 0x74, 0x1b, 0xbf, 0x01, 0x74, 0x1b, 0xbf,
  0x01, 0x74, 0x1b, 0xbf, 0x01, 0x74, 0x1b, 0xbf, 0x01, 0x74, 0x1b, 0xbf,
  0x01, 0x74, 0x1b, 0xbf, 0x01, 0x74, 0x1b, 0xbf, 0x01, 0x74, 0x1b, 0xbf,
  0x01, 0x74, 0x1b, 0xbf, 0x01, 0x74, 0x1b, 0xbf, 0x01, 0x74, 0x1b, 0xbf,
  0x00, 0xc4, 0x24, 0xbf, 0x00, 0x46, 0x34, 0xbf, 0x00, 0x68, 0x38, 0xbf,
  0xff, 0x09, 0x37, 0xbf, 0x01, 0x7e, 0x37, 0xbf, 0x00, 0x54, 0x37, 0xbf,
  0x00, 0x6a, 0x37, 0xbf, 0x00, 0x5e, 0x37, 0xbf, 0x00, 0x5e, 0x37, 0xbf,
  0x00, 0x5e, 0x37, 0xbf, 0x00, 0x5e, 0x37, 0xbf, 0x00, 0x5e, 0x37, 0xbf,
  0x00, 0x5e, 0x37, 0xbf, 0x00, 0x5e, 0x37, 0xbf, 0x00, 0x5e, 0x37, 0xbf,
  0x00, 0x5e, 0x37, 0xbf, 0x00, 0x5e, 0x37, 0xbf, 0x00, 0x5e, 0x37, 0xbf,
  0x00, 0x00, 0x46, 0xbf, 0x00, 0x58, 0x5e, 0xbf, 0x01, 0xde, 0x64, 0xbf,
  0xff, 0xaf, 0x62, 0xbf, 0x00, 0x6a, 0x63, 0xbf, 0x00, 0x2a, 0x63, 0xbf,
  0x00, 0x40, 0x63, 0xbf, 0x01, 0x3a, 0x63, 0xbf, 0x01, 0x3a, 0x63, 0xbf,
  0x01, 0x3a, 0x63, 0xbf, 0x01, 0x3a, 0x63, 0xbf, 0x01, 0x3a, 0x63, 0xbf,
  0x01, 0x3a, 0x63, 0xbf, 0x01, 0x3a, 0x63, 0xbf, 0x01, 0x3a, 0x63, 0xbf,
  0x01, 0x3a, 0x63, 0xbf, 0x01, 0x3a, 0x63, 0xbf, 0x01, 0x3a, 0x63, 0xbf,
  0x01, 0x3a, 0x63, 0xbf, 0x00, 0x8a, 0x64, 0xbf, 0x00, 0xc4, 0x66, 0xbf,
  0x00, 0x58, 0x67, 0xbf, 0x01, 0x2e, 0x67, 0xbf, 0xff, 0x37, 0x67, 0xbf,
  0xff, 0x37, 0x67, 0xbf, 0xff, 0x37, 0x67, 0xbf, 0xff, 0x37, 0x67, 0xbf,
  0xff, 0x37, 0x67, 0xbf, 0xff, 0x37, 0x67, 0xbf, 0xff, 0x37, 0x67, 0xbf,
  0xff, 0x37, 0x67, 0xbf, 0xff, 0x37, 0x67, 0xbf, 0xff, 0x37, 0x67, 0xbf,
  0xff, 0x37, 0x67, 0xbf, 0xff, 0x37, 0x67, 0xbf, 0xff, 0x37, 0x67, 0xbf,
  0xff, 0x37, 0x67, 0xbf, 0xff, 0x37, 0x67, 0xbf, 0xff, 0x37, 0x67, 0xbf,
  0xff, 0x37, 0x67, 0xbf, 0xff, 0x37, 0x67, 0xbf, 0xff, 0x37, 0x67, 0xbf,
  0xff, 0x37, 0x67, 0xbf, 0xff, 0x37, 0x67, 0xbf, 0xff, 0x37, 0x67, 0xbf,
  0xff, 0x37, 0x67, 0xbf, 0xff, 0x37, 0x67, 0xbf, 0xff, 0x37, 0x67, 0xbf,
  0xff, 0x37, 0x67, 0xbf, 0xff, 0x37, 0x67, 0xbf, 0xff, 0x37, 0x67, 0xbf,
  0xff, 0x37, 0x67, 0xbf, 0xff, 0x37, 0x67, 0xbf, 0xff, 0x37, 0x67, 0xbf,
  0xff, 0x37, 0x67, 0xbf, 0xff, 0x37, 0x67, 0xbf, 0xff, 0x37, 0x67, 0xbf,
  0x01, 0x2e, 0x6f, 0xbf, 0xff, 0x75, 0x7c, 0xbf, 0x00, 0xfe, 0x7f, 0xbf,
  0x00, 0xd6, 0x7e, 0xbf, 0x01, 0x3a, 0x7f, 0xbf, 0x00, 0x14, 0x7f, 0xbf,
  0x01, 0x24, 0x7f, 0xbf, 0xff, 0x1f, 0x7f, 0xbf, 0xff, 0x1f, 0x7f, 0xbf,
  0xff, 0x1f, 0x7f, 0xbf, 0xff, 0x1f, 0x7f, 0xbf, 0xff, 0x1f, 0x7f, 0xbf,
  0xff, 0x1f, 0x7f, 0xbf, 0xff, 0x1f, 0x7f, 0xbf, 0xff, 0x1f, 0x7f, 0xbf,
  0xff, 0x1f, 0x7f, 0xbf, 0xff, 0x1f, 0x7f, 0xbf, 0xff, 0x1f, 0x7f, 0xbf,
  0xff, 0x1f, 0x7f, 0xbf, 0xff, 0x1f, 0x7f, 0xbf, 0xff, 0x1f, 0x7f, 0xbf,
  0xff, 0x1f, 0x7f, 0xbf, 0xff, 0x1f, 0x7f, 0xbf, 0xff, 0x1f, 0x7f, 0xbf,
  0xff, 0x1f, 0x7f, 0xbf, 0xff, 0x1f, 0x7f, 0xbf, 0xff, 0x1f, 0x7f, 0xbf,
  0xff, 0x1f, 0x7f, 0xbf, 0xff, 0x1f, 0x7f, 0xbf, 0xff, 0x1f, 0x7f, 0xbf,
  0xff, 0x1f, 0x7f, 0xbf, 0xff, 0x1f, 0x7f, 0xbf, 0xff, 0x1f, 0x7f, 0xbf,
  0xff, 0x1f, 0x7f, 0xbf, 0xff, 0x1f, 0x7f, 0xbf, 0xff, 0x1f, 0x7f, 0xbf,
  0xff, 0x1f, 0x7f, 0xbf, 0xff, 0x1f, 0x7f, 0xbf, 0xff, 0x1f, 0x7f, 0xbf,
  0xff, 0x1f, 0x7f, 0xbf, 0xff, 0x1f, 0x7f, 0xbf, 0xff, 0x1f, 0x7f, 0xbf,
  0xff, 0x1f, 0x7f, 0xbf, 0xff, 0x1f, 0x7f, 0xbf, 0xff, 0x1f, 0x7f, 0xbf,
  0xff, 0x1f, 0x7f, 0xbf, 0xff, 0x1f, 0x7f, 0xbf, 0xff, 0x1f, 0x7f, 0xbf,
  0xff, 0x1f, 0x7f, 0xbf, 0xff, 0x1f, 0x7f, 0xbf, 0xff, 0x1f, 0x7f, 0xbf,
  0xff, 0x1f, 0x7f, 0xbf, 0xff, 0x1f, 0x7f, 0xbf, 0xff, 0x1f, 0x7f, 0xbf,
  0xff, 0x1f, 0x7f, 0xbf, 0xff, 0x1f, 0x7f, 0xbf, 0xff, 0x1f, 0x7f, 0xbf,
  0xff, 0x1f, 0x7f, 0xbf, 0xff, 0x1f, 0x7f, 0xbf, 0xff, 0x1f, 0x7f, 0xbf,
  0xff, 0x1f, 0x7f, 0xbf, 0xff, 0x1f, 0x7f, 0xbf, 0xff, 0x1f, 0x7f, 0xbf,
  0xff, 0x1f, 0x7f, 0xbf, 0xff, 0x1f, 0x7f, 0xbf, 0xff, 0x1f, 0x7f, 0xbf,
  0xff, 0x1f, 0x7f, 0xbf, 0xff, 0x1f, 0x7f, 0xbf, 0xff, 0x1f, 0x7f, 0xbf,
  0xff, 0x1f, 0x7f, 0xbf, 0xff, 0x1f, 0x7f, 0xbf, 0xff, 0x1f, 0x7f, 0xbf,
  0xff, 0x1f, 0x7f, 0xbf, 0xff, 0x1f, 0x7f, 0xbf, 0xff, 0x1f, 0x7f, 0xbf,
  0xff, 0x1f, 0x7f, 0xbf, 0xff, 0x1f, 0x7f, 0xbf, 0xff, 0x1f, 0x7f, 0xbf,
  0xff, 0x1f, 0x7f, 0xbf, 0xff, 0x1f, 0x7f, 0xbf, 0xff, 0x1f, 0x7f, 0xbf,
  0xff, 0x1f, 0x7f, 0xbf, 0xff, 0x1f, 0x7f, 0xbf, 0xff, 0x1f, 0x7f, 0xbf,
  0xff, 0x1f, 0x7f, 0xbf, 0xff, 0x1f, 0x7f, 0xbf, 0xff, 0x1f, 0x7f, 0xbf,
  0xff, 0x1f, 0x7f, 0xbf, 0xff, 0x1f, 0x7f, 0xbf, 0xff, 0x1f, 0x7f, 0xbf,
  0xff, 0x1f, 0x7f, 0xbf, 0xff, 0x1f, 0x7f, 0xbf, 0xff, 0x1f, 0x7f, 0xbf,
  0xff, 0x1f, 0x7f, 0xbf, 0xff, 0x1f, 0x7f, 0xbf, 0xff, 0x1f, 0x7f, 0xbf,
  0xff, 0x1f, 0x7f, 0xbf, 0xff, 0x1f, 0x7f, 0xbf, 0xff, 0x1f, 0x7f, 0xbf,
  0xff, 0x1f, 0x7f, 0xbf, 0xff, 0x1f, 0x7f, 0xbf, 0xff, 0x1f, 0x7f, 0xbf,
  0xff, 0x1f, 0x7f, 0xbf, 0xff, 0x1f, 0x7f, 0xbf, 0xff, 0x1f, 0x7f, 0xbf,
  0xff, 0x1f, 0x7f, 0xbf, 0xff, 0x1f, 0x7f, 0xbf, 0xff, 0x1f, 0x7f, 0xbf,
  0xff, 0x1f, 0x7f, 0xbf, 0xff, 0x1f, 0x7f, 0xbf, 0xff, 0x1f, 0x7f, 0xbf,
  0xff, 0x1f, 0x7f, 0xbf, 0xff, 0x1f, 0x7f, 0xbf, 0xff, 0x1f, 0x7f, 0xbf,
  0xff, 0x1f, 0x7f, 0xbf, 0xff, 0x1f, 0x7f, 0xbf, 0xff, 0x1f, 0x7f, 0xbf,
  0xff, 0x1f, 0x7f, 0xbf, 0xff, 0x1f, 0x7f, 0xbf, 0xff, 0x1f, 0x7f, 0xbf,
  0xff, 0x1f, 0x7f, 0xbf, 0xff, 0x1f, 0x7f, 0xbf, 0xff, 0x1f, 0x7f, 0xbf,
  0xff, 0x1f, 0x7f, 0xbf, 0xff, 0x1f, 0x7f, 0xbf, 0xff, 0x1f, 0x7f, 0xbf,
  0xff, 0x1f, 0x7f, 0xbf, 0xff, 0x1f, 0x7f, 0xbf, 0xff, 0x1f, 0x7f, 0xbf,
  0xff, 0x1f, 0x7f, 0xbf, 0xff, 0x1f, 0x7f, 0xbf, 0xff, 0x25, 0x1a, 0xbf
};
unsigned int src_CHIP_1_bin_len = 19200;
