unsigned char src_CHIRP_bin[] = {
  0x31, 0x31, 0x0d, 0x26, 0xca, 0x76, 0x96, 0x3d, 0x9d, 0x92, 0x15, 0x3e,
  0xe6, 0xa3, 0x5e, 0x3e, 0x27, 0x09, 0x93, 0x3e, 0x26, 0xc3, 0xb5, 0x3e,
  0xe1, 0x56, 0xd7, 0x3e, 0x35, 0x9e, 0xf7, 0x3e, 0xfe, 0x3a, 0x0b, 0x3f,
  0x0b, 0xdf, 0x19, 0x3f, 0xbe, 0xac, 0x27, 0x3f, 0x25, 0x97, 0x34, 0x3f,
  0xda, 0x92, 0x40, 0x3f, 0x0b, 0x96, 0x4b, 0x3f, 0x67, 0x98, 0x55, 0x3f,
  0x28, 0x93, 0x5e, 0x3f, 0x02, 0x81, 0x66, 0x3f, 0x1b, 0x5e, 0x6d, 0x3f,
  0x02, 0x28, 0x73, 0x3f, 0x9b, 0xdd, 0x77, 0x3f, 0x1c, 0x7f, 0x7b, 0x3f,
  0xf9, 0x0d, 0x7e, 0x3f, 0xd0, 0x8c, 0x7f, 0x3f, 0x62, 0xff, 0x7f, 0x3f,
  0x76, 0x6a, 0x7f, 0x3f, 0xd4, 0xd3, 0x7d, 0x3f, 0x2b, 0x42, 0x7b, 0x3f,
  0xff, 0xbc, 0x77, 0x3f, 0x9c, 0x4c, 0x73, 0x3f, 0xfe, 0xf9, 0x6d, 0x3f,
  0xc5, 0xce, 0x67, 0x3f, 0x1a, 0xd5, 0x60, 0x3f, 0xa8, 0x17, 0x59, 0x3f,
  0x85, 0xa1, 0x50, 0x3f, 0x21, 0x7e, 0x47, 0x3f, 0x35, 0xb9, 0x3d, 0x3f,
  0xb9, 0x5e, 0x33, 0x3f, 0xcd, 0x7a, 0x28, 0x3f, 0xb0, 0x19, 0x1d, 0x3f,
  0xb0, 0x47, 0x11, 0x3f, 0x1a, 0x11, 0x05, 0x3f, 0x6d, 0x04, 0xf1, 0x3e,
  0x66, 0x4e, 0xd7, 0x3e, 0x3b, 0x18, 0xbd, 0x3e, 0xab, 0x79, 0xa2, 0x3e,
  0x13, 0x8a, 0x87, 0x3e, 0xa0, 0xc0, 0x58, 0x3e, 0x60, 0x25, 0x22, 0x3e,
  0xaf, 0xdb, 0xd6, 0x3d, 0x66, 0x10, 0x53, 0x3d, 0x5d, 0x91, 0xd7, 0xba,
  0xa5, 0x12, 0x5f, 0xbd, 0xa3, 0xad, 0xda, 0xbd, 0x9c, 0x41, 0x22, 0xbe,
  0xad, 0x62, 0x56, 0xbe, 0xaf, 0xcc, 0x84, 0xbe, 0x68, 0xe3, 0x9d, 0xbe,
  0xf7, 0x66, 0xb6, 0xbe, 0xb2, 0x49, 0xce, 0xbe, 0xd9, 0x7e, 0xe5, 0xbe,
  0x96, 0xfa, 0xfb, 0xbe, 0xfa, 0xd8, 0x08, 0xbf, 0x72, 0x4d, 0x13, 0xbf,
  0x21, 0x56, 0x1d, 0xbf, 0xe3, 0xee, 0x26, 0xbf, 0x00, 0x14, 0x30, 0xbf,
  0x31, 0xc2, 0x38, 0xbf, 0x96, 0xf6, 0x40, 0xbf, 0xbb, 0xae, 0x48, 0xbf,
  0x8f, 0xe8, 0x4f, 0xbf, 0x61, 0xa2, 0x56, 0xbf, 0xe2, 0xda, 0x5c, 0xbf,
  0x1f, 0x91, 0x62, 0xbf, 0x80, 0xc4, 0x67, 0xbf, 0xbd, 0x74, 0x6c, 0xbf,
  0xe3, 0xa1, 0x70, 0xbf, 0x4e, 0x4c, 0x74, 0xbf, 0xa0, 0x74, 0x77, 0xbf,
  0xca, 0x1b, 0x7a, 0xbf, 0xf7, 0x42, 0x7c, 0xbf, 0x98, 0xeb, 0x7d, 0xbf,
  0x57, 0x17, 0x7f, 0xbf, 0x17, 0xc8, 0x7f, 0xbf, 0xef, 0xff, 0x7f, 0xbf,
  0x27, 0xc1, 0x7f, 0xbf, 0x34, 0x0e, 0x7f, 0xbf, 0xb4, 0xe9, 0x7d, 0xbf,
  0x6c, 0x56, 0x7c, 0xbf, 0x46, 0x57, 0x7a, 0xbf, 0x4a, 0xef, 0x77, 0xbf,
  0x99, 0x21, 0x75, 0xbf, 0x75, 0xf1, 0x71, 0xbf, 0x30, 0x62, 0x6e, 0xbf,
  0x32, 0x77, 0x6a, 0xbf, 0xf3, 0x33, 0x66, 0xbf, 0xfc, 0x9b, 0x61, 0xbf,
  0xdc, 0xb2, 0x5c, 0xbf, 0x2e, 0x7c, 0x57, 0xbf, 0x97, 0xfb, 0x51, 0xbf,
  0xb8, 0x34, 0x4c, 0xbf, 0x3c, 0x2b, 0x46, 0xbf, 0xc9, 0xe2, 0x3f, 0xbf,
  0x06, 0x5f, 0x39, 0xbf, 0x96, 0xa3, 0x32, 0xbf, 0x15, 0xb4, 0x2b, 0xbf,
  0x19, 0x94, 0x24, 0xbf, 0x30, 0x47, 0x1d, 0xbf, 0xdc, 0xd0, 0x15, 0xbf,
  0x96, 0x34, 0x0e, 0xbf, 0xc8, 0x75, 0x06, 0xbf, 0xa4, 0x2f, 0xfd, 0xbe,
  0x00, 0x3c, 0xed, 0xbe, 0x28, 0x17, 0xdd, 0xbe, 0x74, 0xc7, 0xcc, 0xbe,
  0x20, 0x53, 0xbc, 0xbe, 0x46, 0xc0, 0xab, 0xbe, 0xd1, 0x14, 0x9b, 0xbe,
  0x8e, 0x56, 0x8a, 0xbe, 0x3c, 0x16, 0x73, 0xbe, 0xf9, 0x6f, 0x51, 0xbe,
  0xf0, 0xc4, 0x2f, 0xbe, 0x77, 0x1f, 0x0e, 0xbe, 0x04, 0x13, 0xd9, 0xbd,
  0x62, 0x19, 0x96, 0xbd, 0x68, 0xc9, 0x26, 0xbd, 0x38, 0x37, 0x08, 0xbc,
  0x0b, 0xbb, 0xc3, 0x3c, 0x60, 0xd7, 0x64, 0x3d, 0xf5, 0x5f, 0xb3, 0x3d,
  0x4d, 0xbc, 0xf3, 0x3d, 0x15, 0xb9, 0x19, 0x3e, 0xd0, 0x39, 0x39, 0x3e,
  0xae, 0x59, 0x58, 0x3e, 0x5e, 0x12, 0x77, 0x3e, 0xf6, 0xae, 0x8a, 0x3e,
  0x51, 0x9b, 0x99, 0x3e, 0x90, 0x4b, 0xa8, 0x3e, 0x2f, 0xbd, 0xb6, 0x3e,
  0xc7, 0xed, 0xc4, 0x3e, 0x22, 0xdb, 0xd2, 0x3e, 0x23, 0x83, 0xe0, 0x3e,
  0xde, 0xe3, 0xed, 0x3e, 0x7b, 0xfb, 0xfa, 0x3e, 0x2b, 0xe4, 0x03, 0x3f,
  0x6e, 0x24, 0x0a, 0x3f, 0xd4, 0x3d, 0x10, 0x3f, 0xb7, 0x2f, 0x16, 0x3f,
  0x83, 0xf9, 0x1b, 0x3f, 0xb2, 0x9a, 0x21, 0x3f, 0xc8, 0x12, 0x27, 0x3f,
  0x60, 0x61, 0x2c, 0x3f, 0x1c, 0x86, 0x31, 0x3f, 0xb0, 0x80, 0x36, 0x3f,
  0xd8, 0x50, 0x3b, 0x3f, 0x61, 0xf6, 0x3f, 0x3f, 0x23, 0x71, 0x44, 0x3f,
  0xfe, 0xc0, 0x48, 0x3f, 0xe3, 0xe5, 0x4c, 0x3f, 0xc7, 0xdf, 0x50, 0x3f,
  0xb1, 0xae, 0x54, 0x3f, 0xac, 0x52, 0x58, 0x3f, 0xcf, 0xcb, 0x5b, 0x3f,
  0x36, 0x1a, 0x5f, 0x3f, 0x0e, 0x3e, 0x62, 0x3f, 0x85, 0x37, 0x65, 0x3f,
  0xd3, 0x06, 0x68, 0x3f, 0x37, 0xac, 0x6a, 0x3f, 0xf9, 0x27, 0x6d, 0x3f,
  0x66, 0x7a, 0x6f, 0x3f, 0xd5, 0xa3, 0x71, 0x3f, 0x9a, 0xa4, 0x73, 0x3f,
  0x1b, 0x7d, 0x75, 0x3f, 0xb9, 0x2d, 0x77, 0x3f, 0xe1, 0xb6, 0x78, 0x3f,
  0x01, 0x19, 0x7a, 0x3f, 0x8b, 0x54, 0x7b, 0x3f, 0xfa, 0x69, 0x7c, 0x3f,
  0xc8, 0x59, 0x7d, 0x3f, 0x73, 0x24, 0x7e, 0x3f, 0x80, 0xca, 0x7e, 0x3f,
  0x73, 0x4c, 0x7f, 0x3f, 0xd6, 0xaa, 0x7f, 0x3f, 0x33, 0xe6, 0x7f, 0x3f,
  0x17, 0xff, 0x7f, 0x3f, 0x14, 0xf6, 0x7f, 0x3f, 0xb9, 0xcb, 0x7f, 0x3f,
  0x9b, 0x80, 0x7f, 0x3f, 0x4d, 0x15, 0x7f, 0x3f, 0x68, 0x8a, 0x7e, 0x3f,
  0x7f, 0xe0, 0x7d, 0x3f, 0x30, 0x18, 0x7d, 0x3f, 0x0e, 0x32, 0x7c, 0x3f,
  0xb8, 0x2e, 0x7b, 0x3f, 0xc4, 0x0e, 0x7a, 0x3f, 0xcf, 0xd2, 0x78, 0x3f,
  0x72, 0x7b, 0x77, 0x3f, 0x49, 0x09, 0x76, 0x3f, 0xee, 0x7c, 0x74, 0x3f,
  0xfa, 0xd6, 0x72, 0x3f, 0x09, 0x18, 0x71, 0x3f, 0xb3, 0x40, 0x6f, 0x3f,
  0x93, 0x51, 0x6d, 0x3f, 0x40, 0x4b, 0x6b, 0x3f, 0x51, 0x2e, 0x69, 0x3f,
  0x5f, 0xfb, 0x66, 0x3f, 0xfe, 0xb2, 0x64, 0x3f, 0xc3, 0x55, 0x62, 0x3f,
  0x42, 0xe4, 0x5f, 0x3f, 0x0f, 0x5f, 0x5d, 0x3f, 0xba, 0xc6, 0x5a, 0x3f,
  0xd2, 0x1b, 0x58, 0x3f, 0xea, 0x5e, 0x55, 0x3f, 0x8a, 0x90, 0x52, 0x3f,
  0x44, 0xb1, 0x4f, 0x3f, 0x9f, 0xc1, 0x4c, 0x3f, 0x26, 0xc2, 0x49, 0x3f,
  0x5e, 0xb3, 0x46, 0x3f, 0xce, 0x95, 0x43, 0x3f, 0xfc, 0x69, 0x40, 0x3f,
  0x6a, 0x30, 0x3d, 0x3f, 0x9a, 0xe9, 0x39, 0x3f, 0x08, 0x96, 0x36, 0x3f,
  0x35, 0x36, 0x33, 0x3f, 0x9c, 0xca, 0x2f, 0x3f, 0xb6, 0x53, 0x2c, 0x3f,
  0xfe, 0xd1, 0x28, 0x3f, 0xe7, 0x45, 0x25, 0x3f, 0xea, 0xaf, 0x21, 0x3f,
  0x78, 0x10, 0x1e, 0x3f, 0x03, 0x68, 0x1a, 0x3f, 0xfa, 0xb6, 0x16, 0x3f,
  0xcb, 0xfd, 0x12, 0x3f, 0xe3, 0x3c, 0x0f, 0x3f, 0xaa, 0x74, 0x0b, 0x3f,
  0x8a, 0xa5, 0x07, 0x3f, 0xeb, 0xcf, 0x03, 0x3f, 0x5e, 0xe8, 0xff, 0x3e,
  0x76, 0x25, 0xf8, 0x3e, 0xdf, 0x57, 0xf0, 0x3e, 0x5c, 0x80, 0xe8, 0x3e,
  0xa5, 0x9f, 0xe0, 0x3e, 0x74, 0xb6, 0xd8, 0x3e, 0x7c, 0xc5, 0xd0, 0x3e,
  0x75, 0xcd, 0xc8, 0x3e, 0x04, 0xcf, 0xc0, 0x3e, 0xdc, 0xca, 0xb8, 0x3e,
  0xa2, 0xc1, 0xb0, 0x3e, 0xf6, 0xb3, 0xa8, 0x3e, 0x84, 0xa2, 0xa0, 0x3e,
  0xdf, 0x8d, 0x98, 0x3e, 0xa9, 0x76, 0x90, 0x3e, 0x78, 0x5d, 0x88, 0x3e,
  0xdf, 0x42, 0x80, 0x3e, 0xe1, 0x4e, 0x70, 0x3e, 0x7d, 0x17, 0x60, 0x3e,
  0xa6, 0xe0, 0x4f, 0x3e, 0x68, 0xab, 0x3f, 0x3e, 0xd7, 0x78, 0x2f, 0x3e,
  0xf8, 0x49, 0x1f, 0x3e, 0xca, 0x1f, 0x0f, 0x3e, 0x98, 0xf6, 0xfd, 0x3d,
  0xe1, 0xba, 0xdd, 0x3d, 0x5b, 0x8e, 0xbd, 0x3d, 0xd2, 0x72, 0x9d, 0x3d,
  0x34, 0xd4, 0x7a, 0x3d, 0xe7, 0xeb, 0x3a, 0x3d, 0x5f, 0x60, 0xf6, 0x3c,
  0xc4, 0x91, 0x6e, 0x3c, 0x4c, 0x02, 0x6d, 0xba, 0x11, 0xac, 0x85, 0xbc,
  0x64, 0xbe, 0x01, 0xbd, 0x08, 0x6a, 0x40, 0xbd, 0xf1, 0xd5, 0x7e, 0xbd,
  0x98, 0x7f, 0x9e, 0xbd, 0x71, 0x71, 0xbd, 0xbd, 0x16, 0x3f, 0xdc, 0xbd,
  0x34, 0xe7, 0xfa, 0xbd, 0x36, 0xb4, 0x0c, 0xbe, 0xbd, 0xe0, 0x1b, 0xbe,
  0x82, 0xf8, 0x2a, 0xbe, 0xe8, 0xfa, 0x39, 0xbe, 0x51, 0xe7, 0x48, 0xbe,
  0x2e, 0xbd, 0x57, 0xbe, 0xdf, 0x7b, 0x66, 0xbe, 0xd6, 0x22, 0x75, 0xbe,
  0xc3, 0xd8, 0x81, 0xbe, 0xb6, 0x13, 0x89, 0xbe, 0xf8, 0x41, 0x90, 0xbe,
  0x4a, 0x63, 0x97, 0xbe, 0x70, 0x77, 0x9e, 0xbe, 0x27, 0x7e, 0xa5, 0xbe,
  0x32, 0x77, 0xac, 0xbe, 0x55, 0x62, 0xb3, 0xbe, 0x57, 0x3f, 0xba, 0xbe,
  0xff, 0x0d, 0xc1, 0xbe, 0x10, 0xce, 0xc7, 0xbe, 0x5b, 0x7f, 0xce, 0xbe,
  0xa8, 0x21, 0xd5, 0xbe, 0xc4, 0xb4, 0xdb, 0xbe, 0x7c, 0x38, 0xe2, 0xbe,
  0x9f, 0xac, 0xe8, 0xbe, 0xfa, 0x10, 0xef, 0xbe, 0x65, 0x65, 0xf5, 0xbe,
  0xad, 0xa9, 0xfb, 0xbe, 0xd5, 0xee, 0x00, 0xbf, 0x97, 0x00, 0x04, 0xbf,
  0x06, 0x0a, 0x07, 0xbf, 0x12, 0x0b, 0x0a, 0xbf, 0xa2, 0x03, 0x0d, 0xbf,
  0xa5, 0xf3, 0x0f, 0xbf, 0x07, 0xdb, 0x12, 0xbf, 0xb8, 0xb9, 0x15, 0xbf,
  0xa4, 0x8f, 0x18, 0xbf, 0xb9, 0x5c, 0x1b, 0xbf, 0xe8, 0x20, 0x1e, 0xbf,
  0x1e, 0xdc, 0x20, 0xbf, 0x4d, 0x8e, 0x23, 0xbf, 0x64, 0x37, 0x26, 0xbf,
  0x53, 0xd7, 0x28, 0xbf, 0x0f, 0x6e, 0x2b, 0xbf, 0x84, 0xfb, 0x2d, 0xbf,
  0xaa, 0x7f, 0x30, 0xbf, 0x6f, 0xfa, 0x32, 0xbf, 0xc7, 0x6b, 0x35, 0xbf,
  0xa5, 0xd3, 0x37, 0xbf, 0xfe, 0x31, 0x3a, 0xbf, 0xc5, 0x86, 0x3c, 0xbf,
  0xed, 0xd1, 0x3e, 0xbf, 0x6c, 0x13, 0x41, 0xbf, 0x38, 0x4b, 0x43, 0xbf,
  0x44, 0x79, 0x45, 0xbf, 0x88, 0x9d, 0x47, 0xbf, 0xf8, 0xb7, 0x49, 0xbf,
  0x8d, 0xc8, 0x4b, 0xbf, 0x3a, 0xcf, 0x4d, 0xbf, 0xfa, 0xcb, 0x4f, 0xbf,
  0xc1, 0xbe, 0x51, 0xbf, 0x88, 0xa7, 0x53, 0xbf, 0x49, 0x86, 0x55, 0xbf,
  0xf9, 0x5a, 0x57, 0xbf, 0x93, 0x25, 0x59, 0xbf, 0x0f, 0xe6, 0x5a, 0xbf,
  0x65, 0x9c, 0x5c, 0xbf, 0x91, 0x48, 0x5e, 0xbf, 0x8b, 0xea, 0x5f, 0xbf,
  0x4d, 0x82, 0x61, 0xbf, 0xd3, 0x0f, 0x63, 0xbf, 0x15, 0x93, 0x64, 0xbf,
  0x11, 0x0c, 0x66, 0xbf, 0xbf, 0x7a, 0x67, 0xbf, 0x1c, 0xdf, 0x68, 0xbf,
  0x26, 0x39, 0x6a, 0xbf, 0xd4, 0x88, 0x6b, 0xbf, 0x26, 0xce, 0x6c, 0xbf,
  0x19, 0x09, 0x6e, 0xbf, 0xa8, 0x39, 0x6f, 0xbf, 0xd0, 0x5f, 0x70, 0xbf,
  0x8f, 0x7b, 0x71, 0xbf, 0xe2, 0x8c, 0x72, 0xbf, 0xc8, 0x93, 0x73, 0xbf,
  0x3f, 0x90, 0x74, 0xbf, 0x45, 0x82, 0x75, 0xbf, 0xd7, 0x69, 0x76, 0xbf,
  0xf7, 0x46, 0x77, 0xbf, 0xa3, 0x19, 0x78, 0xbf, 0xda, 0xe1, 0x78, 0xbf,
  0x9a, 0x9f, 0x79, 0xbf, 0xe7, 0x52, 0x7a, 0xbf, 0xbe, 0xfb, 0x7a, 0xbf,
  0x21, 0x9a, 0x7b, 0xbf, 0x11, 0x2e, 0x7c, 0xbf, 0x8e, 0xb7, 0x7c, 0xbf,
  0x98, 0x36, 0x7d, 0xbf, 0x32, 0xab, 0x7d, 0xbf, 0x5f, 0x15, 0x7e, 0xbf,
  0x1f, 0x75, 0x7e, 0xbf, 0x76, 0xca, 0x7e, 0xbf, 0x65, 0x15, 0x7f, 0xbf,
  0xed, 0x55, 0x7f, 0xbf, 0x16, 0x8c, 0x7f, 0xbf, 0xe1, 0xb7, 0x7f, 0xbf,
  0x50, 0xd9, 0x7f, 0xbf, 0x69, 0xf0, 0x7f, 0xbf, 0x2f, 0xfd, 0x7f, 0xbf,
  0xa7, 0xff, 0x7f, 0xbf, 0xd4, 0xf7, 0x7f, 0xbf, 0xbd, 0xe5, 0x7f, 0xbf,
  0x67, 0xc9, 0x7f, 0xbf, 0xd6, 0xa2, 0x7f, 0xbf, 0x10, 0x72, 0x7f, 0xbf,
  0x1b, 0x37, 0x7f, 0xbf, 0xfe, 0xf1, 0x7e, 0xbf, 0xbf, 0xa2, 0x7e, 0xbf,
  0x65, 0x49, 0x7e, 0xbf, 0xf6, 0xe5, 0x7d, 0xbf, 0x7a, 0x78, 0x7d, 0xbf,
  0xfb, 0x00, 0x7d, 0xbf, 0x7d, 0x7f, 0x7c, 0xbf, 0x08, 0xf4, 0x7b, 0xbf,
  0xa8, 0x5e, 0x7b, 0xbf, 0x64, 0xbf, 0x7a, 0xbf, 0x43, 0x16, 0x7a, 0xbf,
  0x51, 0x63, 0x79, 0xbf, 0x96, 0xa6, 0x78, 0xbf, 0x1c, 0xe0, 0x77, 0xbf,
  0xee, 0x0f, 0x77, 0xbf, 0x15, 0x36, 0x76, 0xbf, 0x9b, 0x52, 0x75, 0xbf,
  0x8c, 0x65, 0x74, 0xbf, 0xf3, 0x6e, 0x73, 0xbf, 0xdc, 0x6e, 0x72, 0xbf,
  0x52, 0x65, 0x71, 0xbf, 0x63, 0x52, 0x70, 0xbf, 0x17, 0x36, 0x6f, 0xbf,
  0x7d, 0x10, 0x6e, 0xbf, 0xa2, 0xe1, 0x6c, 0xbf, 0x94, 0xa9, 0x6b, 0xbf,
  0x5e, 0x68, 0x6a, 0xbf, 0x0f, 0x1e, 0x69, 0xbf, 0xb6, 0xca, 0x67, 0xbf,
  0x60, 0x6e, 0x66, 0xbf, 0x1b, 0x09, 0x65, 0xbf, 0xf7, 0x9a, 0x63, 0xbf,
  0x03, 0x24, 0x62, 0xbf, 0x4c, 0xa4, 0x60, 0xbf, 0xe5, 0x1b, 0x5f, 0xbf,
  0xdc, 0x8a, 0x5d, 0xbf, 0x43, 0xf1, 0x5b, 0xbf, 0x29, 0x4f, 0x5a, 0xbf,
  0x9f, 0xa4, 0x58, 0xbf, 0xb4, 0xf1, 0x56, 0xbf, 0x7d, 0x36, 0x55, 0xbf,
  0x0a, 0x73, 0x53, 0xbf, 0x6c, 0xa7, 0x51, 0xbf, 0xb6, 0xd3, 0x4f, 0xbf,
  0xfa, 0xf7, 0x4d, 0xbf, 0x4c, 0x14, 0x4c, 0xbf, 0xbd, 0x28, 0x4a, 0xbf,
  0x61, 0x35, 0x48, 0xbf, 0x4d, 0x3a, 0x46, 0xbf, 0x93, 0x37, 0x44, 0xbf,
  0x47, 0x2d, 0x42, 0xbf, 0x7e, 0x1b, 0x40, 0xbf, 0x4d, 0x02, 0x3e, 0xbf,
  0xc6, 0xe1, 0x3b, 0xbf, 0x02, 0xba, 0x39, 0xbf, 0x15, 0x8b, 0x37, 0xbf,
  0x15, 0x55, 0x35, 0xbf, 0x15, 0x18, 0x33, 0xbf, 0x2e, 0xd4, 0x30, 0xbf,
  0x76, 0x89, 0x2e, 0xbf, 0x03, 0x38, 0x2c, 0xbf, 0xec, 0xdf, 0x29, 0xbf,
  0x48, 0x81, 0x27, 0xbf, 0x2f, 0x1c, 0x25, 0xbf, 0xb8, 0xb0, 0x22, 0xbf,
  0xfb, 0x3e, 0x20, 0xbf, 0x0e, 0xc7, 0x1d, 0xbf, 0x0e, 0x49, 0x1b, 0xbf,
  0x0f, 0xc5, 0x18, 0xbf, 0x2c, 0x3b, 0x16, 0xbf, 0x7e, 0xab, 0x13, 0xbf,
  0x1d, 0x16, 0x11, 0xbf, 0x24, 0x7b, 0x0e, 0xbf, 0xac, 0xda, 0x0b, 0xbf,
  0xce, 0x34, 0x09, 0xbf, 0xa4, 0x89, 0x06, 0xbf, 0x4a, 0xd9, 0x03, 0xbf,
  0xd8, 0x23, 0x01, 0xbf, 0xd4, 0xd2, 0xfc, 0xbe, 0x38, 0x54, 0xf7, 0xbe,
  0x10, 0xcc, 0xf1, 0xbe, 0x90, 0x3a, 0xec, 0xbe, 0xf1, 0x9f, 0xe6, 0xbe,
  0x6b, 0xfc, 0xe0, 0xbe, 0x35, 0x50, 0xdb, 0xbe, 0x87, 0x9b, 0xd5, 0xbe,
  0x97, 0xde, 0xcf, 0xbe, 0xa2, 0x19, 0xca, 0xbe, 0xdc, 0x4c, 0xc4, 0xbe,
  0x80, 0x78, 0xbe, 0xbe, 0xca, 0x9c, 0xb8, 0xbe, 0xf2, 0xb9, 0xb2, 0xbe,
  0x2f, 0xd0, 0xac, 0xbe, 0xbf, 0xdf, 0xa6, 0xbe, 0xdd, 0xe8, 0xa0, 0xbe,
  0xc1, 0xeb, 0x9a, 0xbe, 0xaa, 0xe8, 0x94, 0xbe, 0xd0, 0xdf, 0x8e, 0xbe,
  0x6d, 0xd1, 0x88, 0xbe, 0xc2, 0xbd, 0x82, 0xbe, 0x11, 0x4a, 0x79, 0xbe,
  0xfe, 0x0e, 0x6d, 0xbe, 0xb7, 0xca, 0x60, 0xbe, 0xc3, 0x7d, 0x54, 0xbe,
  0x9b, 0x28, 0x48, 0xbe, 0xb0, 0xcb, 0x3b, 0xbe, 0x7c, 0x67, 0x2f, 0xbe,
  0x84, 0xfc, 0x22, 0xbe, 0x42, 0x8b, 0x16, 0xbe, 0x27, 0x14, 0x0a, 0xbe,
  0x66, 0x2f, 0xfb, 0xbd, 0xcb, 0x2c, 0xe2, 0xbd, 0x74, 0x21, 0xc9, 0xbd,
  0x50, 0x0e, 0xb0, 0xbd, 0x5d, 0xf4, 0x96, 0xbd, 0x21, 0xa9, 0x7b, 0xbd,
  0xcb, 0x5f, 0x49, 0xbd, 0xaa, 0x0e, 0x17, 0xbd, 0x60, 0x6f, 0xc9, 0xbc,
  0x46, 0x73, 0x49, 0xbc, 0x00, 0x00, 0x00, 0x80, 0xcb, 0xc9, 0x53, 0x26,
  0x5f, 0x97, 0x09, 0x3e, 0x10, 0xdf, 0x87, 0x3e, 0xbf, 0x11, 0xc8, 0x3e,
  0x74, 0x29, 0x02, 0x3f, 0x7d, 0xd6, 0x1d, 0x3f, 0x6b, 0xa4, 0x36, 0x3f,
  0x05, 0x38, 0x4c, 0x3f, 0x45, 0x47, 0x5e, 0x3f, 0xba, 0x99, 0x6c, 0x3f,
  0xae, 0x08, 0x77, 0x3f, 0xe8, 0x7e, 0x7d, 0x3f, 0x32, 0xf8, 0x7f, 0x3f,
  0x95, 0x80, 0x7e, 0x3f, 0x5d, 0x33, 0x79, 0x3f, 0xed, 0x39, 0x70, 0x3f,
  0x69, 0xca, 0x63, 0x3f, 0x3f, 0x26, 0x54, 0x3f, 0xa0, 0x98, 0x41, 0x3f,
  0xda, 0x74, 0x2c, 0x3f, 0xc2, 0x14, 0x15, 0x3f, 0x18, 0xae, 0xf7, 0x3e,
  0x62, 0x3b, 0xc2, 0x3e, 0xb5, 0x98, 0x8a, 0x3e, 0xd8, 0x1b, 0x23, 0x3e,
  0xb1, 0x03, 0x3f, 0x3d, 0x6a, 0xbc, 0x86, 0xbd, 0x07, 0xcf, 0x34, 0xbe,
  0xe1, 0x98, 0x91, 0xbe, 0x90, 0x9e, 0xc6, 0xbe, 0xc0, 0xe0, 0xf8, 0xbe,
  0xda, 0xea, 0x13, 0xbf, 0x75, 0x81, 0x29, 0xbf, 0xdf, 0xfe, 0x3c, 0xbf,
  0x04, 0x36, 0x4e, 0xbf, 0x30, 0x02, 0x5d, 0xbf, 0x0f, 0x47, 0x69, 0xbf,
  0x9a, 0xf0, 0x72, 0xbf, 0xf0, 0xf2, 0x79, 0xbf, 0x08, 0x4a, 0x7e, 0xbf,
  0x57, 0xf9, 0x7f, 0xbf, 0x75, 0x0b, 0x7f, 0xbf, 0x94, 0x91, 0x7b, 0xbf,
  0x04, 0xa3, 0x75, 0xbf, 0xa2, 0x5c, 0x6d, 0xbf, 0x42, 0xe0, 0x62, 0xbf,
  0x19, 0x54, 0x56, 0xbf, 0x1c, 0xe2, 0x47, 0xbf, 0x65, 0xb7, 0x37, 0xbf,
  0x8f, 0x03, 0x26, 0xbf, 0x2e, 0xf8, 0x12, 0xbf, 0x4b, 0x90, 0xfd, 0xbe,
  0x52, 0x4e, 0xd3, 0xbe, 0x58, 0x92, 0xa7, 0xbe, 0x9b, 0x87, 0x75, 0xbe,
  0x5a, 0x91, 0x1a, 0xbe, 0xb3, 0x25, 0x7c, 0xbd, 0xee, 0x76, 0xe2, 0x3c,
  0x71, 0x7b, 0xed, 0x3d, 0x29, 0x92, 0x4f, 0x3e, 0x83, 0x12, 0x93, 0x3e,
  0x04, 0xed, 0xbc, 0x3e, 0x36, 0x10, 0xe5, 0x3e, 0xec, 0x9c, 0x05, 0x3f,
  0xfb, 0x96, 0x17, 0x3f, 0x8f, 0x5b, 0x28, 0x3f, 0x41, 0xd3, 0x37, 0x3f,
  0xf1, 0xe9, 0x45, 0x3f, 0xd6, 0x8e, 0x52, 0x3f, 0x64, 0xb4, 0x5d, 0x3f,
  0x49, 0x50, 0x67, 0x3f, 0x4c, 0x5b, 0x6f, 0x3f, 0x35, 0xd1, 0x75, 0x3f,
  0xb8, 0xb0, 0x7a, 0x3f, 0x40, 0xfb, 0x7d, 0x3f, 0xd5, 0xb4, 0x7f, 0x3f,
  0xf0, 0xe3, 0x7f, 0x3f, 0x52, 0x91, 0x7e, 0x3f, 0xcc, 0xc7, 0x7b, 0x3f,
  0x1f, 0x94, 0x77, 0x3f, 0xc5, 0x04, 0x72, 0x3f, 0xc8, 0x29, 0x6b, 0x3f,
  0x8b, 0x14, 0x63, 0x3f, 0xa1, 0xd7, 0x59, 0x3f, 0x9d, 0x86, 0x4f, 0x3f,
  0xeb, 0x35, 0x44, 0x3f, 0x9b, 0xfa, 0x37, 0x3f, 0x46, 0xea, 0x2a, 0x3f,
  0xd0, 0x1a, 0x1d, 0x3f, 0x61, 0xa2, 0x0e, 0x3f, 0x3f, 0x2e, 0xff, 0x3e,
  0x58, 0x1e, 0xe0, 0x3e, 0xdb, 0x40, 0xc0, 0x3e, 0x02, 0xc1, 0x9f, 0x3e,
  0x53, 0x92, 0x7d, 0x3e, 0x6e, 0x05, 0x3b, 0x3e, 0x59, 0x57, 0xf0, 0x3d,
  0xf8, 0x4a, 0x55, 0x3d, 0xc1, 0xa9, 0x53, 0xbc, 0xb1, 0x69, 0x9e, 0xbd,
  0xd1, 0x57, 0x10, 0xbe, 0xef, 0x62, 0x50, 0xbe, 0xab, 0x8c, 0x87, 0xbe,
  0xfc, 0x20, 0xa6, 0xbe, 0xd4, 0xd3, 0xc3, 0xbe, 0x9d, 0x8c, 0xe0, 0xbe,
  0xbe, 0x34, 0xfc, 0xbe, 0xcd, 0x5b, 0x0b, 0xbf, 0x49, 0x01, 0x18, 0xbf,
  0x84, 0x02, 0x24, 0xbf, 0x25, 0x58, 0x2f, 0xbf, 0xc9, 0xfb, 0x39, 0xbf,
  0xfd, 0xe7, 0x43, 0xbf, 0x38, 0x18, 0x4d, 0xbf, 0xd3, 0x88, 0x55, 0xbf,
  0x00, 0x37, 0x5d, 0xbf, 0xc6, 0x20, 0x64, 0xbf, 0xf8, 0x44, 0x6a, 0xbf,
  0x26, 0xa3, 0x6f, 0xbf, 0x98, 0x3b, 0x74, 0xbf, 0x43, 0x0f, 0x78, 0xbf,
  0xc3, 0x1f, 0x7b, 0xbf, 0x4e, 0x6f, 0x7d, 0xbf, 0xa2, 0x00, 0x7f, 0xbf,
  0x0e, 0xd7, 0x7f, 0xbf, 0x52, 0xf6, 0x7f, 0xbf, 0xa9, 0x62, 0x7f, 0xbf,
  0xad, 0x20, 0x7e, 0xbf, 0x5f, 0x35, 0x7c, 0xbf, 0x0d, 0xa6, 0x79, 0xbf,
  0x56, 0x78, 0x76, 0xbf, 0x18, 0xb2, 0x72, 0xbf, 0x70, 0x59, 0x6e, 0xbf,
  0xa7, 0x74, 0x69, 0xbf, 0x34, 0x0a, 0x64, 0xbf, 0xad, 0x20, 0x5e, 0xbf,
  0xc7, 0xbe, 0x57, 0xbf, 0x46, 0xeb, 0x50, 0xbf, 0xfe, 0xac, 0x49, 0xbf,
  0xca, 0x0a, 0x42, 0xbf, 0x85, 0x0b, 0x3a, 0xbf, 0x06, 0xb6, 0x31, 0xbf,
  0x1a, 0x11, 0x29, 0xbf, 0x80, 0x23, 0x20, 0xbf, 0xe4, 0xf3, 0x16, 0xbf,
  0xdb, 0x88, 0x0d, 0xbf, 0xe1, 0xe8, 0x03, 0xbf, 0x9d, 0x34, 0xf4, 0xbe,
  0xbd, 0x46, 0xe0, 0xbe, 0x51, 0x14, 0xcc, 0xbe, 0x38, 0xa9, 0xb7, 0xbe,
  0xfd, 0x10, 0xa3, 0xbe, 0xd7, 0x56, 0x8e, 0xbe, 0x47, 0x0b, 0x73, 0xbe,
  0xc8, 0x4f, 0x49, 0xbe, 0x6f, 0x8f, 0x1f, 0xbe, 0x7d, 0xbb, 0xeb, 0xbd,
  0xf1, 0x9a, 0x98, 0xbd, 0x3b, 0xc2, 0x0b, 0xbd, 0x23, 0xfa, 0xc4, 0x3b,
  0x12, 0xad, 0x3b, 0x3d, 0x67, 0x94, 0xae, 0x3d, 0x9e, 0x6b, 0xfe, 0x3d,
  0x12, 0xa0, 0x26, 0x3e, 0xbb, 0x7b, 0x4d, 0x3e, 0x4d, 0xbc, 0x73, 0x3e,
  0x10, 0xab, 0x8c, 0x3e, 0x18, 0x1f, 0x9f, 0x3e, 0x25, 0x35, 0xb1, 0x3e,
  0x73, 0xe8, 0xc2, 0x3e, 0xa3, 0x34, 0xd4, 0x3e, 0xa6, 0x15, 0xe5, 0x3e,
  0xc6, 0x87, 0xf5, 0x3e, 0xd1, 0xc3, 0x02, 0x3f, 0x17, 0x89, 0x0a, 0x3f,
  0x51, 0x12, 0x12, 0x3f, 0x4a, 0x5e, 0x19, 0x3f, 0xee, 0x6b, 0x20, 0x3f,
  0x4c, 0x3a, 0x27, 0x3f, 0x97, 0xc8, 0x2d, 0x3f, 0x23, 0x16, 0x34, 0x3f,
  0x65, 0x22, 0x3a, 0x3f, 0xf1, 0xec, 0x3f, 0x3f, 0x78, 0x75, 0x45, 0x3f,
  0xc8, 0xbb, 0x4a, 0x3f, 0xc6, 0xbf, 0x4f, 0x3f, 0x77, 0x81, 0x54, 0x3f,
  0xf6, 0x00, 0x59, 0x3f, 0x70, 0x3e, 0x5d, 0x3f, 0x30, 0x3a, 0x61, 0x3f,
  0x90, 0xf4, 0x64, 0x3f, 0x01, 0x6e, 0x68, 0x3f, 0x04, 0xa7, 0x6b, 0x3f,
  0x2d, 0xa0, 0x6e, 0x3f, 0x1f, 0x5a, 0x71, 0x3f, 0x8f, 0xd5, 0x73, 0x3f,
  0x3a, 0x13, 0x76, 0x3f, 0xf0, 0x13, 0x78, 0x3f, 0x8c, 0xd8, 0x79, 0x3f,
  0xf1, 0x61, 0x7b, 0x3f, 0x0f, 0xb1, 0x7c, 0x3f, 0xdf, 0xc6, 0x7d, 0x3f,
  0x64, 0xa4, 0x7e, 0x3f, 0xa4, 0x4a, 0x7f, 0x3f, 0xb2, 0xba, 0x7f, 0x3f,
  0xa4, 0xf5, 0x7f, 0x3f, 0x94, 0xfc, 0x7f, 0x3f, 0xa3, 0xd0, 0x7f, 0x3f,
  0xf6, 0x72, 0x7f, 0x3f, 0xb5, 0xe4, 0x7e, 0x3f, 0x0c, 0x27, 0x7e, 0x3f,
  0x28, 0x3b, 0x7d, 0x3f, 0x37, 0x22, 0x7c, 0x3f, 0x6c, 0xdd, 0x7a, 0x3f,
  0xf6, 0x6d, 0x79, 0x3f, 0x07, 0xd5, 0x77, 0x3f, 0xd1, 0x13, 0x76, 0x3f,
  0x86, 0x2b, 0x74, 0x3f, 0x54, 0x1d, 0x72, 0x3f, 0x6b, 0xea, 0x6f, 0x3f,
  0xfa, 0x93, 0x6d, 0x3f, 0x29, 0x1b, 0x6b, 0x3f, 0x24, 0x81, 0x68, 0x3f,
  0x10, 0xc7, 0x65, 0x3f, 0x11, 0xee, 0x62, 0x3f, 0x49, 0xf7, 0x5f, 0x3f,
  0xd4, 0xe3, 0x5c, 0x3f, 0xce, 0xb4, 0x59, 0x3f, 0x4f, 0x6b, 0x56, 0x3f,
  0x66, 0x08, 0x53, 0x3f, 0x26, 0x8d, 0x4f, 0x3f, 0x98, 0xfa, 0x4b, 0x3f,
  0xc3, 0x51, 0x48, 0x3f, 0xac, 0x93, 0x44, 0x3f, 0x4e, 0xc1, 0x40, 0x3f,
  0xa5, 0xdb, 0x3c, 0x3f, 0xa5, 0xe3, 0x38, 0x3f, 0x41, 0xda, 0x34, 0x3f,
  0x63, 0xc0, 0x30, 0x3f, 0xf3, 0x96, 0x2c, 0x3f, 0xd3, 0x5e, 0x28, 0x3f,
  0xe1, 0x18, 0x24, 0x3f, 0xf8, 0xc5, 0x1f, 0x3f, 0xea, 0x66, 0x1b, 0x3f,
  0x88, 0xfc, 0x16, 0x3f, 0x9d, 0x87, 0x12, 0x3f, 0xef, 0x08, 0x0e, 0x3f,
  0x3e, 0x81, 0x09, 0x3f, 0x49, 0xf1, 0x04, 0x3f, 0xc5, 0x59, 0x00, 0x3f,
  0xcf, 0x76, 0xf7, 0x3e, 0xc0, 0x2d, 0xee, 0x3e, 0xac, 0xd9, 0xe4, 0x3e,
  0xe1, 0x7b, 0xdb, 0x3e, 0xa2, 0x15, 0xd2, 0x3e, 0x2a, 0xa8, 0xc8, 0x3e,
  0xa4, 0x34, 0xbf, 0x3e, 0x3e, 0xbc, 0xb5, 0x3e, 0x11, 0x40, 0xac, 0x3e,
  0x3f, 0xc1, 0xa2, 0x3e, 0xcc, 0x40, 0x99, 0x3e, 0xc3, 0xbf, 0x8f, 0x3e,
  0x25, 0x3f, 0x86, 0x3e, 0xce, 0x7f, 0x79, 0x3e, 0xf0, 0x85, 0x66, 0x3e,
  0x84, 0x92, 0x53, 0x3e, 0x4d, 0xa7, 0x40, 0x3e, 0xf1, 0xc5, 0x2d, 0x3e,
  0x25, 0xf0, 0x1a, 0x3e, 0x74, 0x27, 0x08, 0x3e, 0xc7, 0xda, 0xea, 0x3d,
  0xfb, 0x86, 0xc5, 0x3d, 0x4c, 0x56, 0xa0, 0x3d, 0x06, 0x97, 0x76, 0x3d,
  0x94, 0xd2, 0x2c, 0x3d, 0xcc, 0xc8, 0xc6, 0x3c, 0xb1, 0x8b, 0xd2, 0x3b,
  0xde, 0x85, 0x39, 0xbc, 0x94, 0x5f, 0xed, 0xbc, 0x0e, 0x95, 0x3e, 0xbd,
  0x82, 0x06, 0x83, 0xbd, 0xc9, 0x89, 0xa6, 0xbd, 0x61, 0xd2, 0xc9, 0xbd,
  0x6b, 0xde, 0xec, 0xbd, 0x08, 0xd6, 0x07, 0xbe, 0xc4, 0x1c, 0x19, 0xbe,
  0x9b, 0x42, 0x2a, 0xbe, 0xbb, 0x46, 0x3b, 0xbe, 0x62, 0x28, 0x4c, 0xbe,
  0xce, 0xe6, 0x5c, 0xbe, 0x50, 0x81, 0x6d, 0xbe, 0x3a, 0xf7, 0x7d, 0xbe,
  0xf1, 0x23, 0x87, 0xbe, 0x56, 0x39, 0x8f, 0xbe, 0x83, 0x3b, 0x97, 0xbe,
  0x2b, 0x2a, 0x9f, 0xbe, 0x0d, 0x05, 0xa7, 0xbe, 0xe7, 0xcb, 0xae, 0xbe,
  0x7a, 0x7e, 0xb6, 0xbe, 0x8a, 0x1c, 0xbe, 0xbe, 0xe2, 0xa5, 0xc5, 0xbe,
  0x4a, 0x1a, 0xcd, 0xbe, 0x92, 0x79, 0xd4, 0xbe, 0x83, 0xc3, 0xdb, 0xbe,
  0xf5, 0xf7, 0xe2, 0xbe, 0xbf, 0x16, 0xea, 0xbe, 0xb1, 0x1f, 0xf1, 0xbe,
  0xaa, 0x12, 0xf8, 0xbe, 0x84, 0xef, 0xfe, 0xbe, 0x10, 0xdb, 0x02, 0xbf,
  0x2c, 0x33, 0x06, 0xbf, 0x0a, 0x80, 0x09, 0xbf, 0x9a, 0xc1, 0x0c, 0xbf,
  0xcf, 0xf7, 0x0f, 0xbf, 0x9f, 0x22, 0x13, 0xbf, 0xfb, 0x41, 0x16, 0xbf,
  0xdb, 0x55, 0x19, 0xbf, 0x34, 0x5e, 0x1c, 0xbf, 0xfe, 0x5a, 0x1f, 0xbf,
  0x31, 0x4c, 0x22, 0xbf, 0xc4, 0x31, 0x25, 0xbf, 0xaf, 0x0b, 0x28, 0xbf,
  0xf1, 0xd9, 0x2a, 0xbf, 0x7d, 0x9c, 0x2d, 0xbf, 0x54, 0x53, 0x30, 0xbf,
  0x70, 0xfe, 0x32, 0xbf, 0xcb, 0x9d, 0x35, 0xbf, 0x65, 0x31, 0x38, 0xbf,
  0x38, 0xb9, 0x3a, 0xbf, 0x44, 0x35, 0x3d, 0xbf, 0x84, 0xa5, 0x3f, 0xbf,
  0xf9, 0x09, 0x42, 0xbf, 0xa3, 0x62, 0x44, 0xbf, 0x7e, 0xaf, 0x46, 0xbf,
  0x8d, 0xf0, 0x48, 0xbf, 0xce, 0x25, 0x4b, 0xbf, 0x43, 0x4f, 0x4d, 0xbf,
  0xed, 0x6c, 0x4f, 0xbf, 0xca, 0x7e, 0x51, 0xbf, 0xdf, 0x84, 0x53, 0xbf,
  0x2d, 0x7f, 0x55, 0xbf, 0xb6, 0x6d, 0x57, 0xbf, 0x7d, 0x50, 0x59, 0xbf,
  0x84, 0x27, 0x5b, 0xbf, 0xcc, 0xf2, 0x5c, 0xbf, 0x5d, 0xb2, 0x5e, 0xbf,
  0x36, 0x66, 0x60, 0xbf, 0x5c, 0x0e, 0x62, 0xbf, 0xd3, 0xaa, 0x63, 0xbf,
  0xa1, 0x3b, 0x65, 0xbf, 0xc6, 0xc0, 0x66, 0xbf, 0x4b, 0x3a, 0x68, 0xbf,
  0x34, 0xa8, 0x69, 0xbf, 0x82, 0x0a, 0x6b, 0xbf, 0x3e, 0x61, 0x6c, 0xbf,
  0x6c, 0xac, 0x6d, 0xbf, 0x13, 0xec, 0x6e, 0xbf, 0x36, 0x20, 0x70, 0xbf,
  0xda, 0x48, 0x71, 0xbf, 0x0a, 0x66, 0x72, 0xbf, 0xc7, 0x77, 0x73, 0xbf,
  0x19, 0x7e, 0x74, 0xbf, 0x06, 0x79, 0x75, 0xbf, 0x95, 0x68, 0x76, 0xbf,
  0xce, 0x4c, 0x77, 0xbf, 0xb6, 0x25, 0x78, 0xbf, 0x52, 0xf3, 0x78, 0xbf,
  0xad, 0xb5, 0x79, 0xbf, 0xcc, 0x6c, 0x7a, 0xbf, 0xb6, 0x18, 0x7b, 0xbf,
  0x73, 0xb9, 0x7b, 0xbf, 0x0b, 0x4f, 0x7c, 0xbf, 0x85, 0xd9, 0x7c, 0xbf,
  0xe9, 0x58, 0x7d, 0xbf, 0x40, 0xcd, 0x7d, 0xbf, 0x8f, 0x36, 0x7e, 0xbf,
  0xe1, 0x94, 0x7e, 0xbf, 0x3f, 0xe8, 0x7e, 0xbf, 0xaf, 0x30, 0x7f, 0xbf,
  0x39, 0x6e, 0x7f, 0xbf, 0xe8, 0xa0, 0x7f, 0xbf, 0xc6, 0xc8, 0x7f, 0xbf,
  0xd8, 0xe5, 0x7f, 0xbf, 0x29, 0xf8, 0x7f, 0xbf, 0xc4, 0xff, 0x7f, 0xbf,
  0xaf, 0xfc, 0x7f, 0xbf, 0xf4, 0xee, 0x7f, 0xbf, 0xa1, 0xd6, 0x7f, 0xbf,
  0xb9, 0xb3, 0x7f, 0xbf, 0x4b, 0x86, 0x7f, 0xbf, 0x5f, 0x4e, 0x7f, 0xbf,
  0x01, 0x0c, 0x7f, 0xbf, 0x39, 0xbf, 0x7e, 0xbf, 0x12, 0x68, 0x7e, 0xbf,
  0x96, 0x06, 0x7e, 0xbf, 0xd3, 0x9a, 0x7d, 0xbf, 0xd1, 0x24, 0x7d, 0xbf,
  0x9b, 0xa4, 0x7c, 0xbf, 0x3e, 0x1a, 0x7c, 0xbf, 0xc5, 0x85, 0x7b, 0xbf,
  0x3b, 0xe7, 0x7a, 0xbf, 0xaa, 0x3e, 0x7a, 0xbf, 0x22, 0x8c, 0x79, 0xbf,
  0xad, 0xcf, 0x78, 0xbf, 0x57, 0x09, 0x78, 0xbf, 0x2c, 0x39, 0x77, 0xbf,
  0x39, 0x5f, 0x76, 0xbf, 0x8c, 0x7b, 0x75, 0xbf, 0x32, 0x8e, 0x74, 0xbf,
  0x35, 0x97, 0x73, 0xbf, 0xa6, 0x96, 0x72, 0xbf, 0x92, 0x8c, 0x71, 0xbf,
  0x05, 0x79, 0x70, 0xbf, 0x0e, 0x5c, 0x6f, 0xbf, 0xbc, 0x35, 0x6e, 0xbf,
  0x1c, 0x06, 0x6d, 0xbf, 0x3c, 0xcd, 0x6b, 0xbf, 0x2e, 0x8b, 0x6a, 0xbf,
  0xfe, 0x3f, 0x69, 0xbf, 0xbc, 0xeb, 0x67, 0xbf, 0x76, 0x8e, 0x66, 0xbf,
  0x40, 0x28, 0x65, 0xbf, 0x24, 0xb9, 0x63, 0xbf, 0x37, 0x41, 0x62, 0xbf,
  0x86, 0xc0, 0x60, 0xbf, 0x24, 0x37, 0x5f, 0xbf, 0x1f, 0xa5, 0x5d, 0xbf,
  0x8a, 0x0a, 0x5c, 0xbf, 0x76, 0x67, 0x5a, 0xbf, 0xf3, 0xbb, 0x58, 0xbf,
  0x14, 0x08, 0x57, 0xbf, 0xea, 0x4b, 0x55, 0xbf, 0x86, 0x87, 0x53, 0xbf,
  0xfe, 0xba, 0x51, 0xbf, 0x62, 0xe6, 0x4f, 0xbf, 0xc4, 0x09, 0x4e, 0xbf,
  0x39, 0x25, 0x4c, 0xbf, 0xd2, 0x38, 0x4a, 0xbf, 0xa4, 0x44, 0x48, 0xbf,
  0xc4, 0x48, 0x46, 0xbf, 0x44, 0x45, 0x44, 0xbf, 0x37, 0x3a, 0x42, 0xbf,
  0xb5, 0x27, 0x40, 0xbf, 0xcf, 0x0d, 0x3e, 0xbf, 0x9d, 0xec, 0x3b, 0xbf,
  0x33, 0xc4, 0x39, 0xbf, 0xa4, 0x94, 0x37, 0xbf, 0x09, 0x5e, 0x35, 0xbf,
  0x77, 0x20, 0x33, 0xbf, 0x03, 0xdc, 0x30, 0xbf, 0xc3, 0x90, 0x2e, 0xbf,
  0xcf, 0x3e, 0x2c, 0xbf, 0x3f, 0xe6, 0x29, 0xbf, 0x25, 0x87, 0x27, 0xbf,
  0x9e, 0x21, 0x25, 0xbf, 0xbf, 0xb5, 0x22, 0xbf, 0x9d, 0x43, 0x20, 0xbf,
  0x54, 0xcb, 0x1d, 0xbf, 0xfb, 0x4c, 0x1b, 0xbf, 0xaa, 0xc8, 0x18, 0xbf,
  0x7a, 0x3e, 0x16, 0xbf, 0x83, 0xae, 0x13, 0xbf, 0xde, 0x18, 0x11, 0xbf,
  0xa5, 0x7d, 0x0e, 0xbf, 0xf0, 0xdc, 0x0b, 0xbf, 0xdb, 0x36, 0x09, 0xbf,
  0x7e, 0x8b, 0x06, 0xbf, 0xf6, 0xda, 0x03, 0xbf, 0x58, 0x25, 0x01, 0xbf,
  0x84, 0xd5, 0xfc, 0xbe, 0x9e, 0x56, 0xf7, 0xbe, 0x33, 0xce, 0xf1, 0xbe,
  0x73, 0x3c, 0xec, 0xbe, 0x9e, 0xa1, 0xe6, 0xbe, 0xe6, 0xfd, 0xe0, 0xbe,
  0x81, 0x51, 0xdb, 0xbe, 0xa7, 0x9c, 0xd5, 0xbe, 0x93, 0xdf, 0xcf, 0xbe,
  0x7c, 0x1a, 0xca, 0xbe, 0x98, 0x4d, 0xc4, 0xbe, 0x21, 0x79, 0xbe, 0xbe,
  0x53, 0x9d, 0xb8, 0xbe, 0x64, 0xba, 0xb2, 0xbe, 0x90, 0xd0, 0xac, 0xbe,
  0x13, 0xe0, 0xa6, 0xbe, 0x20, 0xe9, 0xa0, 0xbe, 0xfa, 0xeb, 0x9a, 0xbe,
  0xd6, 0xe8, 0x94, 0xbe, 0xf5, 0xdf, 0x8e, 0xbe, 0x8b, 0xd1, 0x88, 0xbe,
  0xda, 0xbd, 0x82, 0xbe, 0x39, 0x4a, 0x79, 0xbe, 0x19, 0x0f, 0x6d, 0xbe,
  0xd2, 0xca, 0x60, 0xbe, 0xd8, 0x7d, 0x54, 0xbe, 0xa2, 0x28, 0x48, 0xbe,
  0xb7, 0xcb, 0x3b, 0xbe, 0x83, 0x67, 0x2f, 0xbe, 0x8b, 0xfc, 0x22, 0xbe,
  0x42, 0x8b, 0x16, 0xbe, 0x27, 0x14, 0x0a, 0xbe, 0x74, 0x2f, 0xfb, 0xbd,
  0xcb, 0x2c, 0xe2, 0xbd, 0x76, 0x21, 0xc9, 0xbd, 0x50, 0x0e, 0xb0, 0xbd,
  0x5d, 0xf4, 0x96, 0xbd, 0x21, 0xa9, 0x7b, 0xbd, 0xcb, 0x5f, 0x49, 0xbd,
  0xaa, 0x0e, 0x17, 0xbd, 0x60, 0x6f, 0xc9, 0xbc, 0x46, 0x73, 0x49, 0xbc,
  0x00, 0x00, 0x00, 0x80, 0x31, 0x31, 0x8d, 0x26, 0x53, 0x6f, 0x47, 0x3e,
  0xbd, 0xef, 0xc2, 0x3e, 0x35, 0x18, 0x0d, 0x3f, 0xd6, 0x36, 0x33, 0x3f,
  0x8e, 0x8f, 0x52, 0x3f, 0x8e, 0x28, 0x6a, 0x3f, 0xcc, 0x57, 0x79, 0x3f,
  0x14, 0xc5, 0x7f, 0x3f, 0x0f, 0x69, 0x7d, 0x3f, 0x75, 0x89, 0x72, 0x3f,
  0xc7, 0xb2, 0x5f, 0x3f, 0x0c, 0xb0, 0x45, 0x3f, 0xe5, 0x80, 0x25, 0x3f,
  0x85, 0x4e, 0x00, 0x3f, 0xf9, 0xbf, 0xae, 0x3e, 0x55, 0x39, 0x30, 0x3e,
  0x01, 0x75, 0x8e, 0xba, 0xce, 0x19, 0x31, 0xbe, 0xc1, 0x48, 0xad, 0xbe,
  0x10, 0x5d, 0xfc, 0xbe, 0xb7, 0xd2, 0x21, 0xbf, 0x6a, 0xa5, 0x40, 0xbf,
  0x97, 0xe6, 0x59, 0xbf, 0xe9, 0x04, 0x6d, 0xbf, 0x6b, 0x9f, 0x79, 0xbf,
  0xbe, 0x85, 0x7f, 0xbf, 0xe8, 0xb6, 0x7e, 0xbf, 0xea, 0x5e, 0x77, 0xbf,
  0x4c, 0xd3, 0x69, 0xbf, 0xc2, 0x8e, 0x56, 0xbf, 0x0c, 0x2c, 0x3e, 0xbf,
  0x7c, 0x60, 0x21, 0xbf, 0x01, 0xf6, 0x00, 0xbf, 0x4c, 0x8a, 0xbb, 0xbe,
  0x5f, 0xbc, 0x62, 0xbe, 0x81, 0xbe, 0x94, 0xbd, 0x5b, 0xfb, 0x9c, 0x3d,
  0x68, 0x74, 0x64, 0x3e, 0x24, 0x28, 0xba, 0x3e, 0xe4, 0x8e, 0xfd, 0x3e,
  0x02, 0x8e, 0x1d, 0x3f, 0xd4, 0xd4, 0x38, 0x3f, 0x46, 0x21, 0x50, 0x3f,
  0x59, 0x12, 0x63, 0x3f, 0x5b, 0x61, 0x71, 0x3f, 0xff, 0xe1, 0x7a, 0x3f,
  0xd6, 0x81, 0x7f, 0x3f, 0x5f, 0x47, 0x7f, 0x3f, 0x8b, 0x50, 0x7a, 0x3f,
  0xec, 0xd0, 0x70, 0x3f, 0x98, 0x0f, 0x63, 0x3f, 0xc9, 0x64, 0x51, 0x3f,
  0x49, 0x37, 0x3c, 0x3f, 0xd7, 0xf9, 0x23, 0x3f, 0x66, 0x28, 0x09, 0x3f,
  0xe9, 0x8a, 0xd8, 0x3e, 0xca, 0xae, 0x9b, 0x3e, 0xdf, 0x97, 0x39, 0x3e,
  0x71, 0x7e, 0x67, 0x3d, 0x43, 0x7a, 0x8b, 0xbd, 0x36, 0x45, 0x43, 0xbe,
  0xb7, 0x6d, 0x9e, 0xbe, 0x6c, 0x62, 0xd8, 0xbe, 0x6f, 0x5b, 0x07, 0xbf,
  0x7d, 0x5b, 0x20, 0xbf, 0x03, 0xe3, 0x36, 0xbf, 0xdc, 0xaf, 0x4a, 0xbf,
  0x77, 0x8c, 0x5b, 0xbf, 0xeb, 0x4f, 0x69, 0xbf, 0xe5, 0xdd, 0x73, 0xbf,
  0x5d, 0x26, 0x7b, 0xbf, 0x2a, 0x25, 0x7f, 0xbf, 0x65, 0xe1, 0x7f, 0xbf,
  0xc1, 0x6c, 0x7d, 0xbf, 0xac, 0xe2, 0x77, 0xbf, 0x75, 0x67, 0x6f, 0xbf,
  0x4f, 0x27, 0x64, 0xbf, 0x5b, 0x55, 0x56, 0xbf, 0x94, 0x2a, 0x46, 0xbf,
  0xd9, 0xe4, 0x33, 0xbf, 0xd3, 0xc5, 0x1f, 0xbf, 0xff, 0x11, 0x0a, 0xbf,
  0x66, 0x1f, 0xe6, 0xbe, 0x57, 0x0c, 0xb6, 0xbe, 0x63, 0x79, 0x84, 0xbe,
  0x08, 0xe7, 0x23, 0xbe, 0x10, 0x25, 0x78, 0xbd, 0x3a, 0x6e, 0x1e, 0x3d,
  0xd3, 0x07, 0x0c, 0x3e, 0x54, 0x49, 0x6e, 0x3e, 0xa0, 0xbe, 0xa6, 0x3e,
  0xc1, 0x68, 0xd4, 0x3e, 0x14, 0xc3, 0xff, 0x3e, 0x91, 0x3b, 0x14, 0x3f,
  0x28, 0x1c, 0x27, 0x3f, 0x10, 0x62, 0x38, 0x3f, 0x17, 0xf1, 0x47, 0x3f,
  0x28, 0xb2, 0x55, 0x3f, 0x27, 0x93, 0x61, 0x3f, 0xe7, 0x86, 0x6b, 0x3f,
  0xf6, 0x84, 0x73, 0x3f, 0x7a, 0x89, 0x79, 0x3f, 0xec, 0x94, 0x7d, 0x3f,
  0xe1, 0xab, 0x7f, 0x3f, 0xc0, 0xd6, 0x7f, 0x3f, 0x82, 0x21, 0x7e, 0x3f,
  0x5c, 0x9b, 0x7a, 0x3f, 0x75, 0x56, 0x75, 0x3f, 0x94, 0x67, 0x6e, 0x3f,
  0xd3, 0xe5, 0x65, 0x3f, 0x48, 0xea, 0x5b, 0x3f, 0xbd, 0x8f, 0x50, 0x3f,
  0x5e, 0xf2, 0x43, 0x3f, 0x6f, 0x2f, 0x36, 0x3f, 0x05, 0x65, 0x27, 0x3f,
  0xc0, 0xb1, 0x17, 0x3f, 0x89, 0x34, 0x07, 0x3f, 0xb2, 0x18, 0xec, 0x3e,
  0xf0, 0xaf, 0xc8, 0x3e, 0x9c, 0x6b, 0xa4, 0x3e, 0xc6, 0x0e, 0x7f, 0x3e,
  0xf5, 0x7a, 0x34, 0x3e, 0xfc, 0x18, 0xd3, 0x3d, 0xb6, 0x80, 0xf5, 0x3c,
  0xfe, 0xc8, 0x2e, 0xbd, 0x0a, 0x6f, 0xea, 0xbd, 0x13, 0x82, 0x3d, 0xbe,
  0xf9, 0x1c, 0x82, 0xbe, 0x8c, 0x86, 0xa4, 0xbe, 0xc1, 0xd7, 0xc5, 0xbe,
  0xaf, 0xed, 0xe5, 0xbe, 0x46, 0x54, 0x02, 0xbf, 0xd7, 0xf5, 0x10, 0xbf,
  0xc9, 0xce, 0x1e, 0xbf, 0xe5, 0xd3, 0x2b, 0xbf, 0x79, 0xfb, 0x37, 0xbf,
  0x52, 0x3d, 0x43, 0xbf, 0xb0, 0x92, 0x4d, 0xbf, 0x3b, 0xf6, 0x56, 0xbf,
  0xfc, 0x63, 0x5f, 0xbf, 0x3f, 0xd9, 0x66, 0xbf, 0x96, 0x54, 0x6d, 0xbf,
  0xbd, 0xd5, 0x72, 0xbf, 0x92, 0x5d, 0x77, 0xbf, 0xf8, 0xed, 0x7a, 0xbf,
  0xd2, 0x89, 0x7d, 0xbf, 0xeb, 0x34, 0x7f, 0xbf, 0xe4, 0xf3, 0x7f, 0xbf,
  0x26, 0xcc, 0x7f, 0xbf, 0xca, 0xc3, 0x7e, 0xbf, 0x90, 0xe1, 0x7c, 0xbf,
  0xc6, 0x2c, 0x7a, 0xbf, 0x3f, 0xad, 0x76, 0xbf, 0x3b, 0x6b, 0x72, 0xbf,
  0x5d, 0x6f, 0x6d, 0xbf, 0x99, 0xc2, 0x67, 0xbf, 0x2d, 0x6e, 0x61, 0xbf,
  0x84, 0x7b, 0x5a, 0xbf, 0x3a, 0xf4, 0x52, 0xbf, 0x05, 0xe2, 0x4a, 0xbf,
  0xaa, 0x4e, 0x42, 0xbf, 0xf7, 0x43, 0x39, 0xbf, 0xb5, 0xcb, 0x2f, 0xbf,
  0xa3, 0xef, 0x25, 0xbf, 0x61, 0xb9, 0x1b, 0xbf, 0x7b, 0x32, 0x11, 0xbf,
  0x4f, 0x64, 0x06, 0xbf, 0x27, 0xb0, 0xf6, 0xbe, 0x96, 0x2d, 0xe0, 0xbe,
  0x7b, 0x52, 0xc9, 0xbe, 0xf4, 0x2f, 0xb2, 0xbe, 0x92, 0xd6, 0x9a, 0xbe,
  0x6b, 0x56, 0x83, 0xbe, 0xe6, 0x7d, 0x57, 0xbe, 0x2e, 0x3e, 0x28, 0xbe,
  0x85, 0x14, 0xf2, 0xbd, 0x0e, 0xfb, 0x93, 0xbd, 0xa5, 0x90, 0xd9, 0xbc,
  0xcc, 0xf9, 0x99, 0x3c, 0x9d, 0x7d, 0x82, 0x3d, 0xc3, 0x6c, 0xdd, 0x3d,
  0xe4, 0x90, 0x1b, 0x3e, 0xa3, 0xba, 0x47, 0x3e, 0x1d, 0x21, 0x73, 0x3e,
  0x85, 0xd9, 0x8e, 0x3e, 0x37, 0xb0, 0xa3, 0x3e, 0x3a, 0x0d, 0xb8, 0x3e,
  0xc2, 0xe9, 0xcb, 0x3e, 0x8c, 0x3f, 0xdf, 0x3e, 0xef, 0x08, 0xf2, 0x3e,
  0x65, 0x20, 0x02, 0x3f, 0x44, 0xf1, 0x0a, 0x3f, 0x08, 0x75, 0x13, 0x3f,
  0xe8, 0xa9, 0x1b, 0x3f, 0x59, 0x8e, 0x23, 0x3f, 0x07, 0x21, 0x2b, 0x3f,
  0xdb, 0x60, 0x32, 0x3f, 0xf1, 0x4c, 0x39, 0x3f, 0x9d, 0xe4, 0x3f, 0x3f,
  0x5e, 0x27, 0x46, 0x3f, 0xeb, 0x14, 0x4c, 0x3f, 0x23, 0xad, 0x51, 0x3f,
  0x0c, 0xf0, 0x56, 0x3f, 0xdb, 0xdd, 0x5b, 0x3f, 0xe5, 0x76, 0x60, 0x3f,
  0xa8, 0xbb, 0x64, 0x3f, 0xc1, 0xac, 0x68, 0x3f, 0xe8, 0x4a, 0x6c, 0x3f,
  0xf9, 0x96, 0x6f, 0x3f, 0xe7, 0x91, 0x72, 0x3f, 0xbe, 0x3c, 0x75, 0x3f,
  0xa5, 0x98, 0x77, 0x3f, 0xd3, 0xa6, 0x79, 0x3f, 0x96, 0x68, 0x7b, 0x3f,
  0x4b, 0xdf, 0x7c, 0x3f, 0x63, 0x0c, 0x7e, 0x3f, 0x59, 0xf1, 0x7e, 0x3f,
  0xb8, 0x8f, 0x7f, 0x3f, 0x13, 0xe9, 0x7f, 0x3f, 0x0d, 0xff, 0x7f, 0x3f,
  0x4c, 0xd3, 0x7f, 0x3f, 0x7f, 0x67, 0x7f, 0x3f, 0x5c, 0xbd, 0x7e, 0x3f,
  0x9d, 0xd6, 0x7d, 0x3f, 0x01, 0xb5, 0x7c, 0x3f, 0x47, 0x5a, 0x7b, 0x3f,
  0x37, 0xc8, 0x79, 0x3f, 0x90, 0x00, 0x78, 0x3f, 0x19, 0x05, 0x76, 0x3f,
  0x95, 0xd7, 0x73, 0x3f, 0xc7, 0x79, 0x71, 0x3f, 0x6c, 0xed, 0x6e, 0x3f,
  0x46, 0x34, 0x6c, 0x3f, 0x09, 0x50, 0x69, 0x3f, 0x6f, 0x42, 0x66, 0x3f,
  0x2a, 0x0d, 0x63, 0x3f, 0xe2, 0xb1, 0x5f, 0x3f, 0x42, 0x32, 0x5c, 0x3f,
  0xe9, 0x8f, 0x58, 0x3f, 0x74, 0xcc, 0x54, 0x3f, 0x74, 0xe9, 0x50, 0x3f,
  0x7b, 0xe8, 0x4c, 0x3f, 0x0d, 0xcb, 0x48, 0x3f, 0xab, 0x92, 0x44, 0x3f,
  0xcc, 0x40, 0x40, 0x3f, 0xe0, 0xd6, 0x3b, 0x3f, 0x52, 0x56, 0x37, 0x3f,
  0x80, 0xc0, 0x32, 0x3f, 0xc4, 0x16, 0x2e, 0x3f, 0x70, 0x5a, 0x29, 0x3f,
  0xc9, 0x8c, 0x24, 0x3f, 0x12, 0xaf, 0x1f, 0x3f, 0x81, 0xc2, 0x1a, 0x3f,
  0x48, 0xc8, 0x15, 0x3f, 0x8e, 0xc1, 0x10, 0x3f, 0x71, 0xaf, 0x0b, 0x3f,
  0x09, 0x93, 0x06, 0x3f, 0x67, 0x6d, 0x01, 0x3f, 0x20, 0x7f, 0xf8, 0x3e,
  0x0b, 0x15, 0xee, 0x3e, 0x75, 0x9e, 0xe3, 0x3e, 0x44, 0x1d, 0xd9, 0x3e,
  0x47, 0x93, 0xce, 0x3e, 0x3a, 0x02, 0xc4, 0x3e, 0xd4, 0x6b, 0xb9, 0x3e,
  0xb5, 0xd1, 0xae, 0x3e, 0x70, 0x35, 0xa4, 0x3e, 0x8a, 0x98, 0x99, 0x3e,
  0x7e, 0xfc, 0x8e, 0x3e, 0xb2, 0x62, 0x84, 0x3e, 0x12, 0x99, 0x73, 0x3e,
  0x9a, 0x76, 0x5e, 0x3e, 0x81, 0x60, 0x49, 0x3e, 0x39, 0x59, 0x34, 0x3e,
  0x0e, 0x63, 0x1f, 0x3e, 0x3c, 0x80, 0x0a, 0x3e, 0xdf, 0x65, 0xeb, 0x3d,
  0x5d, 0xfa, 0xc1, 0x3d, 0xdf, 0xc1, 0x98, 0x3d, 0x4b, 0x80, 0x5f, 0x3d,
  0x98, 0xf1, 0x0d, 0x3d, 0xea, 0x79, 0x73, 0x3c, 0xf6, 0x93, 0x9d, 0xbb,
  0x2c, 0x76, 0xc7, 0xbc, 0x57, 0x35, 0x33, 0xbd, 0xcc, 0x0d, 0x81, 0xbd,
  0x3c, 0x34, 0xa8, 0xbd, 0x6b, 0x0b, 0xcf, 0xbd, 0xe9, 0x90, 0xf5, 0xbd,
  0x3b, 0xe1, 0x0d, 0xbe, 0xe9, 0xce, 0x20, 0xbe, 0x79, 0x90, 0x33, 0xbe,
  0xf1, 0x24, 0x46, 0xbe, 0x68, 0x8b, 0x58, 0xbe, 0x01, 0xc3, 0x6a, 0xbe,
  0xe3, 0xca, 0x7c, 0xbe, 0x2a, 0x51, 0x87, 0xbe, 0x4f, 0x24, 0x90, 0xbe,
  0x82, 0xde, 0x98, 0xbe, 0x7a, 0x7f, 0xa1, 0xbe, 0xed, 0x06, 0xaa, 0xbe,
  0x8e, 0x74, 0xb2, 0xbe, 0x24, 0xc8, 0xba, 0xbe, 0x6f, 0x01, 0xc3, 0xbe,
  0x39, 0x20, 0xcb, 0xbe, 0x4c, 0x24, 0xd3, 0xbe, 0x7e, 0x0d, 0xdb, 0xbe,
  0xa5, 0xdb, 0xe2, 0xbe, 0x96, 0x8e, 0xea, 0xbe, 0x30, 0x26, 0xf2, 0xbe,
  0x58, 0xa2, 0xf9, 0xbe, 0x77, 0x81, 0x00, 0xbf, 0xed, 0x23, 0x04, 0xbf,
  0x85, 0xb8, 0x07, 0xbf, 0x35, 0x3f, 0x0b, 0xbf, 0xf4, 0xb7, 0x0e, 0xbf,
  0xbe, 0x22, 0x12, 0xbf, 0x8b, 0x7f, 0x15, 0xbf, 0x5a, 0xce, 0x18, 0xbf,
  0x29, 0x0f, 0x1c, 0xbf, 0xf4, 0x41, 0x1f, 0xbf, 0xbc, 0x66, 0x22, 0xbf,
  0x81, 0x7d, 0x25, 0xbf, 0x45, 0x86, 0x28, 0xbf, 0x0b, 0x81, 0x2b, 0xbf,
  0xd5, 0x6d, 0x2e, 0xbf, 0xa9, 0x4c, 0x31, 0xbf, 0x8b, 0x1d, 0x34, 0xbf,
  0x80, 0xe0, 0x36, 0xbf, 0x90, 0x95, 0x39, 0xbf, 0xbf, 0x3c, 0x3c, 0xbf,
  0x18, 0xd6, 0x3e, 0xbf, 0xa2, 0x61, 0x41, 0xbf, 0x64, 0xdf, 0x43, 0xbf,
  0x69, 0x4f, 0x46, 0xbf, 0xba, 0xb1, 0x48, 0xbf, 0x61, 0x06, 0x4b, 0xbf,
  0x6a, 0x4d, 0x4d, 0xbf, 0xdf, 0x86, 0x4f, 0xbf, 0xc9, 0xb2, 0x51, 0xbf,
  0x37, 0xd1, 0x53, 0xbf, 0x33, 0xe2, 0x55, 0xbf, 0xc9, 0xe5, 0x57, 0xbf,
  0x05, 0xdc, 0x59, 0xbf, 0xf7, 0xc4, 0x5b, 0xbf, 0xa7, 0xa0, 0x5d, 0xbf,
  0x25, 0x6f, 0x5f, 0xbf, 0x7e, 0x30, 0x61, 0xbf, 0xbf, 0xe4, 0x62, 0xbf,
  0xf7, 0x8b, 0x64, 0xbf, 0x30, 0x26, 0x66, 0xbf, 0x7b, 0xb3, 0x67, 0xbf,
  0xe5, 0x33, 0x69, 0xbf, 0x7c, 0xa7, 0x6a, 0xbf, 0x4e, 0x0e, 0x6c, 0xbf,
  0x6a, 0x68, 0x6d, 0xbf, 0xdd, 0xb5, 0x6e, 0xbf, 0xb5, 0xf6, 0x6f, 0xbf,
  0x02, 0x2b, 0x71, 0xbf, 0xd0, 0x52, 0x72, 0xbf, 0x30, 0x6e, 0x73, 0xbf,
  0x30, 0x7d, 0x74, 0xbf, 0xdc, 0x7f, 0x75, 0xbf, 0x46, 0x76, 0x76, 0xbf,
  0x79, 0x60, 0x77, 0xbf, 0x85, 0x3e, 0x78, 0xbf, 0x79, 0x10, 0x79, 0xbf,
  0x62, 0xd6, 0x79, 0xbf, 0x51, 0x90, 0x7a, 0xbf, 0x52, 0x3e, 0x7b, 0xbf,
  0x75, 0xe0, 0x7b, 0xbf, 0xc7, 0x76, 0x7c, 0xbf, 0x57, 0x01, 0x7d, 0xbf,
  0x33, 0x80, 0x7d, 0xbf, 0x6b, 0xf3, 0x7d, 0xbf, 0x0b, 0x5b, 0x7e, 0xbf,
  0x22, 0xb7, 0x7e, 0xbf, 0xc0, 0x07, 0x7f, 0xbf, 0xf1, 0x4c, 0x7f, 0xbf,
  0xc6, 0x86, 0x7f, 0xbf, 0x4c, 0xb5, 0x7f, 0xbf, 0x8f, 0xd8, 0x7f, 0xbf,
  0xa0, 0xf0, 0x7f, 0xbf, 0x8d, 0xfd, 0x7f, 0xbf, 0x62, 0xff, 0x7f, 0xbf,
  0x30, 0xf6, 0x7f, 0xbf, 0x04, 0xe2, 0x7f, 0xbf, 0xed, 0xc2, 0x7f, 0xbf,
  0xfa, 0x98, 0x7f, 0xbf, 0x37, 0x64, 0x7f, 0xbf, 0xb2, 0x24, 0x7f, 0xbf,
  0x7c, 0xda, 0x7e, 0xbf, 0xa2, 0x85, 0x7e, 0xbf, 0x33, 0x26, 0x7e, 0xbf,
  0x3c, 0xbc, 0x7d, 0xbf, 0xcc, 0x47, 0x7d, 0xbf, 0xf2, 0xc8, 0x7c, 0xbf,
  0xbe, 0x3f, 0x7c, 0xbf, 0x3a, 0xac, 0x7b, 0xbf, 0x79, 0x0e, 0x7b, 0xbf,
  0x88, 0x66, 0x7a, 0xbf, 0x75, 0xb4, 0x79, 0xbf, 0x51, 0xf8, 0x78, 0xbf,
  0x28, 0x32, 0x78, 0xbf, 0x0c, 0x62, 0x77, 0xbf, 0x08, 0x88, 0x76, 0xbf,
  0x2f, 0xa4, 0x75, 0xbf, 0x90, 0xb6, 0x74, 0xbf, 0x38, 0xbf, 0x73, 0xbf,
  0x36, 0xbe, 0x72, 0xbf, 0x9c, 0xb3, 0x71, 0xbf, 0x7a, 0x9f, 0x70, 0xbf,
  0xdd, 0x81, 0x6f, 0xbf, 0xd5, 0x5a, 0x6e, 0xbf, 0x73, 0x2a, 0x6d, 0xbf,
  0xc8, 0xf0, 0x6b, 0xbf, 0xe3, 0xad, 0x6a, 0xbf, 0xd4, 0x61, 0x69, 0xbf,
  0xad, 0x0c, 0x68, 0xbf, 0x7c, 0xae, 0x66, 0xbf, 0x53, 0x47, 0x65, 0xbf,
  0x43, 0xd7, 0x63, 0xbf, 0x5e, 0x5e, 0x62, 0xbf, 0xb5, 0xdc, 0x60, 0xbf,
  0x58, 0x52, 0x5f, 0xbf, 0x58, 0xbf, 0x5d, 0xbf, 0xc8, 0x23, 0x5c, 0xbf,
  0xbb, 0x7f, 0x5a, 0xbf, 0x41, 0xd3, 0x58, 0xbf, 0x6d, 0x1e, 0x57, 0xbf,
  0x51, 0x61, 0x55, 0xbf, 0x00, 0x9c, 0x53, 0xbf, 0x8e, 0xce, 0x51, 0xbf,
  0x0a, 0xf9, 0x4f, 0xbf, 0x8b, 0x1b, 0x4e, 0xbf, 0x24, 0x36, 0x4c, 0xbf,
  0xe7, 0x48, 0x4a, 0xbf, 0xe8, 0x53, 0x48, 0xbf, 0x3a, 0x57, 0x46, 0xbf,
  0xf3, 0x52, 0x44, 0xbf, 0x27, 0x47, 0x42, 0xbf, 0xeb, 0x33, 0x40, 0xbf,
  0x53, 0x19, 0x3e, 0xbf, 0x73, 0xf7, 0x3b, 0xbf, 0x60, 0xce, 0x39, 0xbf,
  0x33, 0x9e, 0x37, 0xbf, 0xfe, 0x66, 0x35, 0xbf, 0xd7, 0x28, 0x33, 0xbf,
  0xd6, 0xe3, 0x30, 0xbf, 0x10, 0x98, 0x2e, 0xbf, 0x9b, 0x45, 0x2c, 0xbf,
  0x90, 0xec, 0x29, 0xbf, 0x03, 0x8d, 0x27, 0xbf, 0x0d, 0x27, 0x25, 0xbf,
  0xc4, 0xba, 0x22, 0xbf, 0x41, 0x48, 0x20, 0xbf, 0x9a, 0xcf, 0x1d, 0xbf,
  0xea, 0x50, 0x1b, 0xbf, 0x45, 0xcc, 0x18, 0xbf, 0xc7, 0x41, 0x16, 0xbf,
  0x87, 0xb1, 0x13, 0xbf, 0x9f, 0x1b, 0x11, 0xbf, 0x26, 0x80, 0x0e, 0xbf,
  0x36, 0xdf, 0x0b, 0xbf, 0xea, 0x38, 0x09, 0xbf, 0x5b, 0x8d, 0x06, 0xbf,
  0xa1, 0xdc, 0x03, 0xbf, 0xd9, 0x26, 0x01, 0xbf, 0x34, 0xd8, 0xfc, 0xbe,
  0x04, 0x59, 0xf7, 0xbe, 0x53, 0xd0, 0xf1, 0xbe, 0x5a, 0x3e, 0xec, 0xbe,
  0x4c, 0xa3, 0xe6, 0xbe, 0x5e, 0xff, 0xe0, 0xbe, 0xca, 0x52, 0xdb, 0xbe,
  0xc8, 0x9d, 0xd5, 0xbe, 0x8e, 0xe0, 0xcf, 0xbe, 0x56, 0x1b, 0xca, 0xbe,
  0x54, 0x4e, 0xc4, 0xbe, 0xc2, 0x79, 0xbe, 0xbe, 0xdd, 0x9d, 0xb8, 0xbe,
  0xda, 0xba, 0xb2, 0xbe, 0xf4, 0xd0, 0xac, 0xbe, 0x64, 0xe0, 0xa6, 0xbe,
  0x66, 0xe9, 0xa0, 0xbe, 0x33, 0xec, 0x9a, 0xbe, 0x05, 0xe9, 0x94, 0xbe,
  0x1a, 0xe0, 0x8e, 0xbe, 0xaa, 0xd1, 0x88, 0xbe, 0xf1, 0xbd, 0x82, 0xbe,
  0x5b, 0x4a, 0x79, 0xbe, 0x33, 0x0f, 0x6d, 0xbe, 0xe6, 0xca, 0x60, 0xbe,
  0xe5, 0x7d, 0x54, 0xbe, 0xaf, 0x28, 0x48, 0xbe, 0xbe, 0xcb, 0x3b, 0xbe,
  0x89, 0x67, 0x2f, 0xbe, 0x92, 0xfc, 0x22, 0xbe, 0x49, 0x8b, 0x16, 0xbe,
  0x2e, 0x14, 0x0a, 0xbe, 0x74, 0x2f, 0xfb, 0xbd, 0xd9, 0x2c, 0xe2, 0xbd,
  0x76, 0x21, 0xc9, 0xbd, 0x51, 0x0e, 0xb0, 0xbd, 0x5d, 0xf4, 0x96, 0xbd,
  0x21, 0xa9, 0x7b, 0xbd, 0xcb, 0x5f, 0x49, 0xbd, 0xaa, 0x0e, 0x17, 0xbd,
  0x60, 0x6f, 0xc9, 0xbc, 0x46, 0x73, 0x49, 0xbc, 0x00, 0x00, 0x00, 0x80,
  0x80, 0x7d, 0xb0, 0x26, 0xea, 0x43, 0x82, 0x3e, 0x92, 0x1a, 0xfb, 0x3e,
  0xa9, 0x7a, 0x31, 0x3f, 0x54, 0xd0, 0x59, 0x3f, 0x9c, 0x4b, 0x74, 0x3f,
  0x21, 0x9a, 0x7f, 0x3f, 0x77, 0x62, 0x7b, 0x3f, 0xe7, 0x3c, 0x68, 0x3f,
  0x15, 0x9e, 0x47, 0x3f, 0xda, 0xb5, 0x1b, 0x3f, 0x86, 0x8a, 0xce, 0x3e,
  0x6e, 0xbb, 0x35, 0x3e, 0xad, 0xb7, 0x67, 0xbd, 0x38, 0x54, 0x92, 0xbe,
  0xaa, 0xfb, 0xfe, 0xbe, 0x73, 0xb0, 0x2e, 0xbf, 0xda, 0x75, 0x54, 0xbf,
  0x7d, 0x14, 0x6f, 0xbf, 0x83, 0x74, 0x7d, 0xbf, 0xa9, 0x25, 0x7f, 0xbf,
  0x23, 0x5c, 0x74, 0xbf, 0x8b, 0xe5, 0x5d, 0xbf, 0xee, 0x16, 0x3d, 0xbf,
  0x6f, 0xb5, 0x13, 0xbf, 0x3c, 0xb6, 0xc7, 0xbe, 0x3a, 0x66, 0x3f, 0xbe,
  0x7d, 0x85, 0xbc, 0x3c, 0xbc, 0xda, 0x6b, 0x3e, 0xcd, 0x2a, 0xda, 0x3e,
  0x75, 0x2e, 0x1a, 0x3f, 0x9e, 0x7a, 0x40, 0x3f, 0xa1, 0x8c, 0x5e, 0x3f,
  0xba, 0x5b, 0x73, 0x3f, 0x3e, 0x49, 0x7e, 0x3f, 0x5e, 0x21, 0x7f, 0x3f,
  0x8f, 0x17, 0x76, 0x3f, 0x18, 0xbf, 0x63, 0x3f, 0x33, 0x00, 0x49, 0x3f,
  0xbf, 0x0a, 0x27, 0x3f, 0xee, 0x8d, 0xfe, 0x3e, 0x5a, 0x8a, 0xa6, 0x3e,
  0x0f, 0xb4, 0x12, 0x3e, 0x73, 0x2f, 0x2d, 0xbd, 0x8d, 0x53, 0x66, 0xbe,
  0x84, 0x13, 0xcc, 0xbe, 0xe4, 0xc5, 0x0e, 0xbf, 0x4a, 0x8b, 0x32, 0xbf,
  0xb9, 0x51, 0x50, 0xbf, 0x7f, 0x4c, 0x67, 0xbf, 0xc5, 0xed, 0x76, 0xbf,
  0xb7, 0xe7, 0x7e, 0xbf, 0x6f, 0x2b, 0x7f, 0xbf, 0xfd, 0xe5, 0x77, 0xbf,
  0xd2, 0x7b, 0x69, 0xbf, 0xac, 0x82, 0x54, 0xbf, 0x91, 0xba, 0x39, 0xbf,
  0xdf, 0x05, 0x1a, 0xbf, 0x1b, 0xc2, 0xec, 0xbe, 0x30, 0xb4, 0x9f, 0xbe,
  0x7c, 0x20, 0x1e, 0xbe, 0x30, 0x5a, 0xbe, 0x3b, 0xe9, 0x8a, 0x28, 0x3e,
  0x57, 0xcb, 0xa2, 0x3e, 0x48, 0xa9, 0xec, 0x3e, 0x33, 0x17, 0x18, 0x3f,
  0x7c, 0xf1, 0x35, 0x3f, 0x41, 0x47, 0x4f, 0x3f, 0xf5, 0x9d, 0x63, 0x3f,
  0xcc, 0x9d, 0x72, 0x3f, 0xe1, 0x11, 0x7c, 0x3f, 0x7a, 0xe7, 0x7f, 0x3f,
  0x96, 0x2c, 0x7e, 0x3f, 0xc1, 0x0d, 0x77, 0x3f, 0x68, 0xd3, 0x6a, 0x3f,
  0xae, 0xde, 0x59, 0x3f, 0xf5, 0xa5, 0x44, 0x3f, 0x27, 0xb1, 0x2b, 0x3f,
  0xe6, 0x95, 0x0f, 0x3f, 0x68, 0xe7, 0xe1, 0x3e, 0x51, 0xe0, 0xa0, 0x3e,
  0x2c, 0xcd, 0x3a, 0x3e, 0xa5, 0x42, 0x46, 0x3d, 0xbd, 0xd2, 0xae, 0xbd,
  0x6a, 0xb1, 0x5d, 0xbe, 0x11, 0x7f, 0xaf, 0xbe, 0x75, 0x9a, 0xec, 0xbe,
  0x42, 0x9c, 0x12, 0xbf, 0x4f, 0x42, 0x2c, 0xbf, 0xf2, 0xe4, 0x42, 0xbf,
  0x48, 0x3a, 0x56, 0xbf, 0x4b, 0x09, 0x66, 0xbf, 0xcb, 0x29, 0x72, 0xbf,
  0x27, 0x84, 0x7a, 0xbf, 0xba, 0x10, 0x7f, 0xbf, 0x0e, 0xd7, 0x7f, 0xbf,
  0xe0, 0xec, 0x7c, 0xbf, 0xf8, 0x74, 0x76, 0xbf, 0xe4, 0x9d, 0x6c, 0xbf,
  0x8e, 0xa0, 0x5f, 0xbf, 0xd5, 0xbe, 0x4f, 0xbf, 0x10, 0x42, 0x3d, 0xbf,
  0x8d, 0x79, 0x28, 0xbf, 0x1f, 0xb9, 0x11, 0xbf, 0x62, 0xaf, 0xf2, 0xbe,
  0xc4, 0x5b, 0xbf, 0xbe, 0x7a, 0x29, 0x8a, 0xbe, 0x23, 0x92, 0x27, 0xbe,
  0xf3, 0x39, 0x67, 0xbd, 0x4c, 0xa8, 0x4e, 0x3d, 0xd2, 0x98, 0x1f, 0x3e,
  0x9c, 0x68, 0x84, 0x3e, 0xcf, 0x1d, 0xb7, 0x3e, 0xb1, 0x6b, 0xe7, 0x3e,
  0x2b, 0x6f, 0x0a, 0x3f, 0x63, 0x87, 0x1f, 0x3f, 0xc1, 0xd1, 0x32, 0x3f,
  0x58, 0x28, 0x44, 0x3f, 0x14, 0x6c, 0x53, 0x3f, 0xb1, 0x84, 0x60, 0x3f,
  0x8d, 0x60, 0x6b, 0x3f, 0x81, 0xf4, 0x73, 0x3f, 0x91, 0x3b, 0x7a, 0x3f,
  0xa7, 0x36, 0x7e, 0x3f, 0x2f, 0xec, 0x7f, 0x3f, 0xb7, 0x67, 0x7f, 0x3f,
  0x87, 0xb9, 0x7c, 0x3f, 0x2a, 0xf6, 0x77, 0x3f, 0x00, 0x36, 0x71, 0x3f,
  0xc8, 0x94, 0x68, 0x3f, 0x25, 0x31, 0x5e, 0x3f, 0x36, 0x2c, 0x52, 0x3f,
  0x19, 0xa9, 0x44, 0x3f, 0x7d, 0xcc, 0x35, 0x3f, 0x41, 0xbc, 0x25, 0x3f,
  0x06, 0x9f, 0x14, 0x3f, 0xcc, 0x9b, 0x02, 0x3f, 0x49, 0xb3, 0xdf, 0x3e,
  0xa9, 0xfe, 0xb8, 0x3e, 0x1a, 0x66, 0x91, 0x3e, 0x90, 0x68, 0x52, 0x3e,
  0x5d, 0x63, 0x01, 0x3e, 0x02, 0x21, 0x41, 0x3d, 0x3f, 0x8c, 0x01, 0xbd,
  0x2d, 0x3f, 0xe0, 0xbd, 0x87, 0x75, 0x3e, 0xbe, 0x61, 0x7a, 0x85, 0xbe,
  0x98, 0x9a, 0xaa, 0xbe, 0x79, 0x6b, 0xce, 0xbe, 0x58, 0xc1, 0xf0, 0xbe,
  0x66, 0xba, 0x08, 0xbf, 0x59, 0x31, 0x18, 0xbf, 0x17, 0xb6, 0x26, 0xbf,
  0x51, 0x3b, 0x34, 0xbf, 0xc5, 0xb5, 0x40, 0xbf, 0x38, 0x1c, 0x4c, 0xbf,
  0x62, 0x67, 0x56, 0xbf, 0xe0, 0x91, 0x5f, 0xbf, 0x18, 0x98, 0x67, 0xbf,
  0x2b, 0x78, 0x6e, 0xbf, 0xdc, 0x31, 0x74, 0xbf, 0x70, 0xc6, 0x78, 0xbf,
  0x9e, 0x38, 0x7c, 0xbf, 0x70, 0x8c, 0x7e, 0xbf, 0x2c, 0xc7, 0x7f, 0xbf,
  0x36, 0xef, 0x7f, 0xbf, 0xf3, 0x0b, 0x7f, 0xbf, 0xbd, 0x25, 0x7d, 0xbf,
  0xb9, 0x45, 0x7a, 0xbf, 0xc6, 0x75, 0x76, 0xbf, 0x66, 0xc0, 0x71, 0xbf,
  0xa2, 0x30, 0x6c, 0xbf, 0xf8, 0xd1, 0x65, 0xbf, 0x42, 0xb0, 0x5e, 0xbf,
  0xa2, 0xd7, 0x56, 0xbf, 0x73, 0x54, 0x4e, 0xbf, 0x32, 0x33, 0x45, 0xbf,
  0x68, 0x80, 0x3b, 0xbf, 0xab, 0x48, 0x31, 0xbf, 0x7c, 0x98, 0x26, 0xbf,
  0x42, 0x7c, 0x1b, 0xbf, 0x43, 0x00, 0x10, 0xbf, 0x8b, 0x30, 0x04, 0xbf,
  0xdc, 0x31, 0xf0, 0xbe, 0xee, 0x89, 0xd7, 0xbe, 0xca, 0x7f, 0xbe, 0xbe,
  0x42, 0x29, 0xa5, 0xbe, 0x67, 0x9b, 0x8b, 0xbe, 0x20, 0xd5, 0x63, 0xbe,
  0x91, 0x54, 0x30, 0xbe, 0x05, 0xb5, 0xf9, 0xbd, 0x4f, 0x15, 0x93, 0xbd,
  0xd6, 0x37, 0xb4, 0xbc, 0x97, 0x82, 0xe0, 0x3c, 0xa9, 0x39, 0x9c, 0x3d,
  0xd1, 0x03, 0xff, 0x3d, 0xb3, 0x24, 0x30, 0x3e, 0x28, 0xec, 0x5f, 0x3e,
  0x79, 0x60, 0x87, 0x3e, 0xbf, 0x46, 0x9e, 0x3e, 0xf7, 0x9e, 0xb4, 0x3e,
  0x08, 0x60, 0xca, 0x3e, 0xac, 0x81, 0xdf, 0x3e, 0x6c, 0xfc, 0xf3, 0x3e,
  0xc7, 0xe4, 0x03, 0x3f, 0x90, 0x71, 0x0d, 0x3f, 0xf6, 0xa1, 0x16, 0x3f,
  0xb3, 0x73, 0x1f, 0x3f, 0xde, 0xe4, 0x27, 0x3f, 0xda, 0xf3, 0x2f, 0x3f,
  0x5c, 0x9f, 0x37, 0x3f, 0x64, 0xe6, 0x3e, 0x3f, 0x3c, 0xc8, 0x45, 0x3f,
  0x6f, 0x44, 0x4c, 0x3f, 0xc8, 0x5a, 0x52, 0x3f, 0x51, 0x0b, 0x58, 0x3f,
  0x4d, 0x56, 0x5d, 0x3f, 0x35, 0x3c, 0x62, 0x3f, 0xb2, 0xbd, 0x66, 0x3f,
  0x9c, 0xdb, 0x6a, 0x3f, 0xfd, 0x96, 0x6e, 0x3f, 0xfe, 0xf0, 0x71, 0x3f,
  0xf4, 0xea, 0x74, 0x3f, 0x52, 0x86, 0x77, 0x3f, 0xac, 0xc4, 0x79, 0x3f,
  0xb4, 0xa7, 0x7b, 0x3f, 0x33, 0x31, 0x7d, 0x3f, 0x0b, 0x63, 0x7e, 0x3f,
  0x33, 0x3f, 0x7f, 0x3f, 0xaf, 0xc7, 0x7f, 0x3f, 0x9c, 0xfe, 0x7f, 0x3f,
  0x1d, 0xe6, 0x7f, 0x3f, 0x63, 0x80, 0x7f, 0x3f, 0xac, 0xcf, 0x7e, 0x3f,
  0x39, 0xd6, 0x7d, 0x3f, 0x54, 0x96, 0x7c, 0x3f, 0x48, 0x12, 0x7b, 0x3f,
  0x6b, 0x4c, 0x79, 0x3f, 0x0b, 0x47, 0x77, 0x3f, 0x7c, 0x04, 0x75, 0x3f,
  0x0e, 0x87, 0x72, 0x3f, 0x12, 0xd1, 0x6f, 0x3f, 0xd2, 0xe4, 0x6c, 0x3f,
  0x94, 0xc4, 0x69, 0x3f, 0x9e, 0x72, 0x66, 0x3f, 0x25, 0xf1, 0x62, 0x3f,
  0x64, 0x42, 0x5f, 0x3f, 0x87, 0x68, 0x5b, 0x3f, 0xaf, 0x65, 0x57, 0x3f,
  0xfb, 0x3b, 0x53, 0x3f, 0x7c, 0xed, 0x4e, 0x3f, 0x3d, 0x7c, 0x4a, 0x3f,
  0x39, 0xea, 0x45, 0x3f, 0x65, 0x39, 0x41, 0x3f, 0xaa, 0x6b, 0x3c, 0x3f,
  0xe6, 0x82, 0x37, 0x3f, 0xec, 0x80, 0x32, 0x3f, 0x7f, 0x67, 0x2d, 0x3f,
  0x5e, 0x38, 0x28, 0x3f, 0x37, 0xf5, 0x22, 0x3f, 0xab, 0x9f, 0x1d, 0x3f,
  0x53, 0x39, 0x18, 0x3f, 0xbb, 0xc3, 0x12, 0x3f, 0x5f, 0x40, 0x0d, 0x3f,
  0xb7, 0xb0, 0x07, 0x3f, 0x27, 0x16, 0x02, 0x3f, 0x17, 0xe4, 0xf8, 0x3e,
  0x6b, 0x8b, 0xed, 0x3e, 0xd3, 0x24, 0xe2, 0x3e, 0xc0, 0xb2, 0xd6, 0x3e,
  0x8d, 0x37, 0xcb, 0x3e, 0x86, 0xb5, 0xbf, 0x3e, 0xd5, 0x2e, 0xb4, 0x3e,
  0x95, 0xa5, 0xa8, 0x3e, 0xcf, 0x1b, 0x9d, 0x3e, 0x71, 0x93, 0x91, 0x3e,
  0x55, 0x0e, 0x86, 0x3e, 0x99, 0x1c, 0x75, 0x3e, 0x07, 0x2a, 0x5e, 0x3e,
  0x3d, 0x48, 0x47, 0x3e, 0x65, 0x7a, 0x30, 0x3e, 0x70, 0xc3, 0x19, 0x3e,
  0x40, 0x26, 0x03, 0x3e, 0x02, 0x4b, 0xd9, 0x3d, 0xa0, 0x87, 0xac, 0x3d,
  0x40, 0x07, 0x80, 0x3d, 0x1d, 0x9d, 0x27, 0x3d, 0xe5, 0x87, 0x9f, 0x3c,
  0x0a, 0x93, 0xee, 0xba, 0x20, 0x09, 0xbc, 0xbc, 0x6b, 0xe4, 0x33, 0xbd,
  0x8a, 0x86, 0x84, 0xbd, 0xe9, 0xbb, 0xae, 0xbd, 0x28, 0x8f, 0xd8, 0xbd,
  0xb3, 0xfe, 0x00, 0xbe, 0xdd, 0x81, 0x15, 0xbe, 0xc9, 0xcf, 0x29, 0xbe,
  0x49, 0xe7, 0x3d, 0xbe, 0x30, 0xc7, 0x51, 0xbe, 0x69, 0x6e, 0x65, 0xbe,
  0x0b, 0xdc, 0x78, 0xbe, 0x8e, 0x07, 0x86, 0xbe, 0x67, 0x83, 0x8f, 0xbe,
  0x2b, 0xe1, 0x98, 0xbe, 0x7c, 0x20, 0xa2, 0xbe, 0x0e, 0x41, 0xab, 0xbe,
  0x92, 0x42, 0xb4, 0xbe, 0xc3, 0x24, 0xbd, 0xbe, 0x64, 0xe7, 0xc5, 0xbe,
  0x3c, 0x8a, 0xce, 0xbe, 0x1c, 0x0d, 0xd7, 0xbe, 0xdc, 0x6f, 0xdf, 0xbe,
  0x54, 0xb2, 0xe7, 0xbe, 0x64, 0xd4, 0xef, 0xbe, 0xf4, 0xd5, 0xf7, 0xbe,
  0xea, 0xb6, 0xff, 0xbe, 0x9d, 0xbb, 0x03, 0xbf, 0x6d, 0x8b, 0x07, 0xbf,
  0xdd, 0x4a, 0x0b, 0xbf, 0xee, 0xf9, 0x0e, 0xbf, 0x9f, 0x98, 0x12, 0xbf,
  0xf1, 0x26, 0x16, 0xbf, 0xe8, 0xa4, 0x19, 0xbf, 0x89, 0x12, 0x1d, 0xbf,
  0xdb, 0x6f, 0x20, 0xbf, 0xe6, 0xbc, 0x23, 0xbf, 0xb1, 0xf9, 0x26, 0xbf,
  0x48, 0x26, 0x2a, 0xbf, 0xb6, 0x42, 0x2d, 0xbf, 0x09, 0x4f, 0x30, 0xbf,
  0x4e, 0x4b, 0x33, 0xbf, 0x93, 0x37, 0x36, 0xbf, 0xe8, 0x13, 0x39, 0xbf,
  0x5e, 0xe0, 0x3b, 0xbf, 0x05, 0x9d, 0x3e, 0xbf, 0xef, 0x49, 0x41, 0xbf,
  0x30, 0xe7, 0x43, 0xbf, 0xda, 0x74, 0x46, 0xbf, 0x00, 0xf3, 0x48, 0xbf,
  0xb8, 0x61, 0x4b, 0xbf, 0x14, 0xc1, 0x4d, 0xbf, 0x2a, 0x11, 0x50, 0xbf,
  0x12, 0x52, 0x52, 0xbf, 0xdd, 0x83, 0x54, 0xbf, 0xa5, 0xa6, 0x56, 0xbf,
  0x7f, 0xba, 0x58, 0xbf, 0x81, 0xbf, 0x5a, 0xbf, 0xc2, 0xb5, 0x5c, 0xbf,
  0x58, 0x9d, 0x5e, 0xbf, 0x5c, 0x76, 0x60, 0xbf, 0xe1, 0x40, 0x62, 0xbf,
  0x05, 0xfd, 0x63, 0xbf, 0xd8, 0xaa, 0x65, 0xbf, 0x75, 0x4a, 0x67, 0xbf,
  0xf4, 0xdb, 0x68, 0xbf, 0x6a, 0x5f, 0x6a, 0xbf, 0xee, 0xd4, 0x6b, 0xbf,
  0x9b, 0x3c, 0x6d, 0xbf, 0x84, 0x96, 0x6e, 0xbf, 0xc2, 0xe2, 0x6f, 0xbf,
  0x6c, 0x21, 0x71, 0xbf, 0x98, 0x52, 0x72, 0xbf, 0x5e, 0x76, 0x73, 0xbf,
  0xd5, 0x8c, 0x74, 0xbf, 0x11, 0x96, 0x75, 0xbf, 0x2c, 0x92, 0x76, 0xbf,
  0x3a, 0x81, 0x77, 0xbf, 0x54, 0x63, 0x78, 0xbf, 0x8b, 0x38, 0x79, 0xbf,
  0xfa, 0x00, 0x7a, 0xbf, 0xb3, 0xbc, 0x7a, 0xbf, 0xce, 0x6b, 0x7b, 0xbf,
  0x61, 0x0e, 0x7c, 0xbf, 0x7f, 0xa4, 0x7c, 0xbf, 0x3d, 0x2e, 0x7d, 0xbf,
  0xb2, 0xab, 0x7d, 0xbf, 0xf2, 0x1c, 0x7e, 0xbf, 0x12, 0x82, 0x7e, 0xbf,
  0x25, 0xdb, 0x7e, 0xbf, 0x41, 0x28, 0x7f, 0xbf, 0x78, 0x69, 0x7f, 0xbf,
  0xe2, 0x9e, 0x7f, 0xbf, 0x8e, 0xc8, 0x7f, 0xbf, 0x92, 0xe6, 0x7f, 0xbf,
  0x02, 0xf9, 0x7f, 0xbf, 0xef, 0xff, 0x7f, 0xbf, 0x70, 0xfb, 0x7f, 0xbf,
  0x94, 0xeb, 0x7f, 0xbf, 0x72, 0xd0, 0x7f, 0xbf, 0x1a, 0xaa, 0x7f, 0xbf,
  0x9f, 0x78, 0x7f, 0xbf, 0x15, 0x3c, 0x7f, 0xbf, 0x8b, 0xf4, 0x7e, 0xbf,
  0x17, 0xa2, 0x7e, 0xbf, 0xcb, 0x44, 0x7e, 0xbf, 0xb7, 0xdc, 0x7d, 0xbf,
  0xee, 0x69, 0x7d, 0xbf, 0x82, 0xec, 0x7c, 0xbf, 0x85, 0x64, 0x7c, 0xbf,
  0x08, 0xd2, 0x7b, 0xbf, 0x1f, 0x35, 0x7b, 0xbf, 0xda, 0x8d, 0x7a, 0xbf,
  0x4a, 0xdc, 0x79, 0xbf, 0x81, 0x20, 0x79, 0xbf, 0x92, 0x5a, 0x78, 0xbf,
  0x8c, 0x8a, 0x77, 0xbf, 0x82, 0xb0, 0x76, 0xbf, 0x85, 0xcc, 0x75, 0xbf,
  0xa9, 0xde, 0x74, 0xbf, 0xfa, 0xe6, 0x73, 0xbf, 0x8e, 0xe5, 0x72, 0xbf,
  0x74, 0xda, 0x71, 0xbf, 0xc0, 0xc5, 0x70, 0xbf, 0x82, 0xa7, 0x6f, 0xbf,
  0xca, 0x7f, 0x6e, 0xbf, 0xab, 0x4e, 0x6d, 0xbf, 0x36, 0x14, 0x6c, 0xbf,
  0x7d, 0xd0, 0x6a, 0xbf, 0x93, 0x83, 0x69, 0xbf, 0x87, 0x2d, 0x68, 0xbf,
  0x6d, 0xce, 0x66, 0xbf, 0x55, 0x66, 0x65, 0xbf, 0x53, 0xf5, 0x63, 0xbf,
  0x78, 0x7b, 0x62, 0xbf, 0xd5, 0xf8, 0x60, 0xbf, 0x80, 0x6d, 0x5f, 0xbf,
  0x88, 0xd9, 0x5d, 0xbf, 0xff, 0x3c, 0x5c, 0xbf, 0xf9, 0x97, 0x5a, 0xbf,
  0x89, 0xea, 0x58, 0xbf, 0xc1, 0x34, 0x57, 0xbf, 0xb4, 0x76, 0x55, 0xbf,
  0x75, 0xb0, 0x53, 0xbf, 0x19, 0xe2, 0x51, 0xbf, 0xaf, 0x0b, 0x50, 0xbf,
  0x50, 0x2d, 0x4e, 0xbf, 0x0c, 0x47, 0x4c, 0xbf, 0xf7, 0x58, 0x4a, 0xbf,
  0x28, 0x63, 0x48, 0xbf, 0xae, 0x65, 0x46, 0xbf, 0xa2, 0x60, 0x44, 0xbf,
  0x17, 0x54, 0x42, 0xbf, 0x21, 0x40, 0x40, 0xbf, 0xd5, 0x24, 0x3e, 0xbf,
  0x48, 0x02, 0x3c, 0xbf, 0x8f, 0xd8, 0x39, 0xbf, 0xc0, 0xa7, 0x37, 0xbf,
  0xf2, 0x6f, 0x35, 0xbf, 0x39, 0x31, 0x33, 0xbf, 0xa9, 0xeb, 0x30, 0xbf,
  0x5d, 0x9f, 0x2e, 0xbf, 0x69, 0x4c, 0x2c, 0xbf, 0xe1, 0xf2, 0x29, 0xbf,
  0xe0, 0x92, 0x27, 0xbf, 0x7c, 0x2c, 0x25, 0xbf, 0xcb, 0xbf, 0x22, 0xbf,
  0xe5, 0x4c, 0x20, 0xbf, 0xe0, 0xd3, 0x1d, 0xbf, 0xd7, 0x54, 0x1b, 0xbf,
  0xe0, 0xcf, 0x18, 0xbf, 0x15, 0x45, 0x16, 0xbf, 0x8b, 0xb4, 0x13, 0xbf,
  0x5e, 0x1e, 0x11, 0xbf, 0xa5, 0x82, 0x0e, 0xbf, 0x7b, 0xe1, 0x0b, 0xbf,
  0xf7, 0x3a, 0x09, 0xbf, 0x36, 0x8f, 0x06, 0xbf, 0x4d, 0xde, 0x03, 0xbf,
  0x59, 0x28, 0x01, 0xbf, 0xe4, 0xda, 0xfc, 0xbe, 0x6a, 0x5b, 0xf7, 0xbe,
  0x76, 0xd2, 0xf1, 0xbe, 0x3d, 0x40, 0xec, 0xbe, 0xf6, 0xa4, 0xe6, 0xbe,
  0xd6, 0x00, 0xe1, 0xbe, 0x16, 0x54, 0xdb, 0xbe, 0xe9, 0x9e, 0xd5, 0xbe,
  0x8a, 0xe1, 0xcf, 0xbe, 0x30, 0x1c, 0xca, 0xbe, 0x10, 0x4f, 0xc4, 0xbe,
  0x63, 0x7a, 0xbe, 0xbe, 0x67, 0x9e, 0xb8, 0xbe, 0x4f, 0xbb, 0xb2, 0xbe,
  0x56, 0xd1, 0xac, 0xbe, 0xb7, 0xe0, 0xa6, 0xbe, 0xa9, 0xe9, 0xa0, 0xbe,
  0x6c, 0xec, 0x9a, 0xbe, 0x34, 0xe9, 0x94, 0xbe, 0x3f, 0xe0, 0x8e, 0xbe,
  0xc8, 0xd1, 0x88, 0xbe, 0x09, 0xbe, 0x82, 0xbe, 0x83, 0x4a, 0x79, 0xbe,
  0x55, 0x0f, 0x6d, 0xbe, 0xfa, 0xca, 0x60, 0xbe, 0xf9, 0x7d, 0x54, 0xbe,
  0xbd, 0x28, 0x48, 0xbe, 0xcb, 0xcb, 0x3b, 0xbe, 0x90, 0x67, 0x2f, 0xbe,
  0x92, 0xfc, 0x22, 0xbe, 0x49, 0x8b, 0x16, 0xbe, 0x2e, 0x14, 0x0a, 0xbe,
  0x74, 0x2f, 0xfb, 0xbd, 0xd9, 0x2c, 0xe2, 0xbd, 0x77, 0x21, 0xc9, 0xbd,
  0x51, 0x0e, 0xb0, 0xbd, 0x5d, 0xf4, 0x96, 0xbd, 0x21, 0xa9, 0x7b, 0xbd,
  0xcb, 0x5f, 0x49, 0xbd, 0xaa, 0x0e, 0x17, 0xbd, 0x60, 0x6f, 0xc9, 0xbc,
  0x46, 0x73, 0x49, 0xbc, 0x00, 0x00, 0x00, 0x80, 0xc9, 0xc9, 0xd3, 0x26,
  0x27, 0x53, 0xa0, 0x3e, 0xe8, 0xc4, 0x17, 0x3f, 0x99, 0xfb, 0x4f, 0x3f,
  0x92, 0xb5, 0x73, 0x3f, 0xdb, 0xff, 0x7f, 0x3f, 0x23, 0x38, 0x74, 0x3f,
  0xba, 0xfd, 0x51, 0x3f, 0xd1, 0xed, 0x1c, 0x3f, 0x0f, 0x6b, 0xb4, 0x3e,
  0x95, 0x38, 0x80, 0x3d, 0xc3, 0xfc, 0x6b, 0xbe, 0x2d, 0x6b, 0x00, 0xbf,
  0xa1, 0x81, 0x3a, 0xbf, 0x22, 0xb0, 0x64, 0xbf, 0xa8, 0xde, 0x7b, 0xbf,
  0xa3, 0x9c, 0x7e, 0xbf, 0x9c, 0x28, 0x6d, 0xbf, 0xd4, 0x54, 0x49, 0xbf,
  0xe5, 0x4d, 0x16, 0xbf, 0x8b, 0x94, 0xb0, 0xbe, 0x4d, 0x56, 0xa1, 0xbd,
  0x69, 0xad, 0x43, 0x3e, 0x9a, 0xe5, 0xe3, 0x3e, 0x54, 0x61, 0x2a, 0x3f,
  0x0d, 0x74, 0x56, 0x3f, 0x78, 0x68, 0x73, 0x3f, 0xa9, 0x9f, 0x7f, 0x3f,
  0x21, 0xab, 0x7a, 0x3f, 0x04, 0x44, 0x65, 0x3f, 0x43, 0x2f, 0x41, 0x3f,
  0xe8, 0x11, 0x11, 0x3f, 0xd7, 0x73, 0xb0, 0x3e, 0x3e, 0xff, 0xd2, 0x3d,
  0x92, 0x66, 0x12, 0xbe, 0x98, 0xca, 0xc1, 0xbe, 0x0e, 0x04, 0x17, 0xbf,
  0x16, 0xf6, 0x43, 0xbf, 0xaa, 0x60, 0x65, 0xbf, 0xcd, 0xa7, 0x79, 0xbf,
  0x46, 0xfb, 0x7f, 0xbf, 0x21, 0x57, 0x78, 0xbf, 0xe6, 0x78, 0x63, 0xbf,
  0xd9, 0xca, 0x42, 0xbf, 0x68, 0x47, 0x18, 0xbf, 0xb2, 0xad, 0xcc, 0xbe,
  0x71, 0xa6, 0x3e, 0xbe, 0x3c, 0xe7, 0x0e, 0x3d, 0xd3, 0x47, 0x81, 0x3e,
  0x5f, 0xa1, 0xe9, 0x3e, 0x9f, 0x14, 0x23, 0x3f, 0x92, 0x6e, 0x49, 0x3f,
  0x22, 0x4f, 0x66, 0x3f, 0xd6, 0xa4, 0x78, 0x3f, 0x83, 0xe1, 0x7f, 0x3f,
  0x6c, 0xf9, 0x7b, 0x3f, 0x85, 0x5c, 0x6d, 0x3f, 0xc7, 0xea, 0x54, 0x3f,
  0x6a, 0xe4, 0x33, 0x3f, 0x23, 0xd7, 0x0b, 0x3f, 0xe9, 0x12, 0xbd, 0x3e,
  0x21, 0x94, 0x37, 0x3e, 0x77, 0xd8, 0x83, 0xbc, 0xc3, 0x45, 0x56, 0xbe,
  0x4e, 0x38, 0xc9, 0xbe, 0x32, 0x92, 0x0f, 0xbf, 0xab, 0xfe, 0x34, 0xbf,
  0x10, 0xaf, 0x53, 0xbf, 0xa2, 0xba, 0x6a, 0xbf, 0x84, 0x86, 0x79, 0xbf,
  0xc6, 0xc6, 0x7f, 0xbf, 0x84, 0x7c, 0x7d, 0xbf, 0x83, 0xf1, 0x72, 0xbf,
  0x92, 0xb1, 0x60, 0xbf, 0x31, 0x82, 0x47, 0xbf, 0xdb, 0x58, 0x28, 0xbf,
  0x7c, 0x50, 0x04, 0xbf, 0xde, 0x3c, 0xb9, 0xbe, 0x9e, 0x1d, 0x4a, 0xbe,
  0xe8, 0x96, 0xea, 0xbc, 0x0b, 0xd7, 0x0e, 0x3e, 0xb4, 0xc5, 0x9a, 0x3e,
  0x46, 0x28, 0xe9, 0x3e, 0xcf, 0x48, 0x18, 0x3f, 0x1e, 0xa3, 0x37, 0x3f,
  0x75, 0xec, 0x51, 0x3f, 0x14, 0x98, 0x66, 0x3f, 0x56, 0x44, 0x75, 0x3f,
  0xd0, 0xba, 0x7d, 0x3f, 0x27, 0xef, 0x7f, 0x3f, 0xf4, 0xfc, 0x7b, 0x3f,
  0xba, 0x24, 0x72, 0x3f, 0x2b, 0xc8, 0x62, 0x3f, 0xd4, 0x65, 0x4e, 0x3f,
  0x73, 0x94, 0x35, 0x3f, 0xf7, 0xfd, 0x18, 0x3f, 0x0b, 0xb5, 0xf2, 0x3e,
  0xd5, 0xd6, 0xae, 0x3e, 0x34, 0xd9, 0x4f, 0x3e, 0xc7, 0x08, 0x7c, 0x3d,
  0x83, 0xa7, 0xa3, 0xbd, 0x61, 0xc6, 0x5f, 0xbe, 0x0a, 0x11, 0xb4, 0xbe,
  0xaf, 0x36, 0xf4, 0xbe, 0x92, 0x9c, 0x17, 0xbf, 0x5b, 0x11, 0x32, 0xbf,
  0xd3, 0x12, 0x49, 0xbf, 0xd9, 0x4e, 0x5c, 0xbf, 0x56, 0x88, 0x6b, 0xbf,
  0x27, 0x97, 0x76, 0xbf, 0x90, 0x67, 0x7d, 0xbf, 0x5c, 0xf9, 0x7f, 0xbf,
  0xc0, 0x5e, 0x7e, 0xbf, 0xda, 0xba, 0x78, 0xbf, 0x20, 0x40, 0x6f, 0xbf,
  0x97, 0x2e, 0x62, 0xbf, 0xf1, 0xd1, 0x51, 0xbf, 0x96, 0x7f, 0x3e, 0xbf,
  0xb9, 0x94, 0x28, 0xbf, 0x61, 0x74, 0x10, 0xbf, 0x02, 0x0b, 0xed, 0xbe,
  0x60, 0x62, 0xb6, 0xbe, 0xb4, 0x83, 0x7b, 0xbe, 0x27, 0xf4, 0x07, 0xbe,
  0x54, 0x67, 0x9d, 0xbc, 0xb9, 0x95, 0xbf, 0x3d, 0x46, 0x00, 0x51, 0x3e,
  0x43, 0x4c, 0x9f, 0x3e, 0x1c, 0xaa, 0xd3, 0x3e, 0x7e, 0x84, 0x02, 0x3f,
  0x1a, 0x74, 0x19, 0x3f, 0xde, 0x6b, 0x2e, 0x3f, 0x53, 0x3c, 0x41, 0x3f,
  0xa1, 0xbe, 0x51, 0x3f, 0x83, 0xd4, 0x5f, 0x3f, 0x18, 0x68, 0x6b, 0x3f,
  0xad, 0x6b, 0x74, 0x3f, 0x58, 0xd9, 0x7a, 0x3f, 0x9d, 0xb2, 0x7e, 0x3f,
  0xe5, 0xff, 0x7f, 0x3f, 0x03, 0xd0, 0x7e, 0x3f, 0xa3, 0x37, 0x7b, 0x3f,
  0xb1, 0x50, 0x75, 0x3f, 0xbc, 0x39, 0x6d, 0x3f, 0x62, 0x15, 0x63, 0x3f,
  0xad, 0x09, 0x57, 0x3f, 0x7b, 0x3f, 0x49, 0x3f, 0xe6, 0xe1, 0x39, 0x3f,
  0xbb, 0x1d, 0x29, 0x3f, 0xe0, 0x20, 0x17, 0x3f, 0xe3, 0x19, 0x04, 0x3f,
  0xe6, 0x6e, 0xe0, 0x3e, 0xe8, 0x4f, 0xb7, 0x3e, 0x2c, 0x32, 0x8d, 0x3e,
  0xde, 0xdd, 0x44, 0x3e, 0x94, 0x72, 0xdd, 0x3d, 0x68, 0xe5, 0xc4, 0x3c,
  0x41, 0x66, 0x73, 0xbd, 0xac, 0x13, 0x11, 0xbe, 0x3a, 0x85, 0x63, 0xbe,
  0xd4, 0xd5, 0x99, 0xbe, 0x5c, 0x87, 0xc0, 0xbe, 0x64, 0xa0, 0xe5, 0xbe,
  0xc6, 0x77, 0x04, 0xbf, 0x6e, 0x24, 0x15, 0xbf, 0xeb, 0xc2, 0x24, 0xbf,
  0xab, 0x42, 0x33, 0xbf, 0xc5, 0x95, 0x40, 0xbf, 0xe3, 0xb0, 0x4c, 0xbf,
  0x32, 0x8b, 0x57, 0xbf, 0x3e, 0x1e, 0x61, 0xbf, 0xe8, 0x65, 0x69, 0xbf,
  0x3c, 0x60, 0x70, 0xbf, 0x54, 0x0d, 0x76, 0xbf, 0x37, 0x6f, 0x7a, 0xbf,
  0xb7, 0x89, 0x7d, 0xbf, 0x4f, 0x62, 0x7f, 0xbf, 0xfd, 0xff, 0x7f, 0xbf,
  0x1e, 0x6b, 0x7f, 0xbf, 0x4f, 0xad, 0x7d, 0xbf, 0x47, 0xd1, 0x7a, 0xbf,
  0xb0, 0xe2, 0x76, 0xbf, 0x13, 0xee, 0x71, 0xbf, 0xa9, 0x00, 0x6c, 0xbf,
  0x48, 0x28, 0x65, 0xbf, 0x3e, 0x73, 0x5d, 0xbf, 0x39, 0xf0, 0x54, 0xbf,
  0x27, 0xae, 0x4b, 0xbf, 0x27, 0xbc, 0x41, 0xbf, 0x69, 0x29, 0x37, 0xbf,
  0x1d, 0x05, 0x2c, 0xbf, 0x5a, 0x5e, 0x20, 0xbf, 0x16, 0x44, 0x14, 0xbf,
  0x06, 0xc5, 0x07, 0xbf, 0x40, 0xdf, 0xf5, 0xbe, 0x00, 0xa4, 0xdb, 0xbe,
  0xc1, 0xf3, 0xc0, 0xbe, 0x29, 0xe9, 0xa5, 0xbe, 0xef, 0x9d, 0x8a, 0xbe,
  0xad, 0x55, 0x5e, 0xbe, 0x2f, 0x4f, 0x27, 0xbe, 0x64, 0xab, 0xe0, 0xbd,
  0x66, 0x51, 0x66, 0xbd, 0x1c, 0x03, 0x4d, 0xbb, 0x75, 0x92, 0x4a, 0x3d,
  0xad, 0xa2, 0xcf, 0x3d, 0x1e, 0x30, 0x1c, 0x3e, 0x43, 0xa1, 0x4f, 0x3e,
  0xb1, 0x03, 0x81, 0x3e, 0xab, 0xa3, 0x99, 0x3e, 0x16, 0xa4, 0xb1, 0x3e,
  0x9a, 0xf9, 0xc8, 0x3e, 0xec, 0x99, 0xdf, 0x3e, 0xcb, 0x7b, 0xf5, 0x3e,
  0x7b, 0x4b, 0x05, 0x3f, 0x17, 0x72, 0x0f, 0x3f, 0x8e, 0x2e, 0x19, 0x3f,
  0x2f, 0x7e, 0x22, 0x3f, 0xb2, 0x5e, 0x2b, 0x3f, 0x3f, 0xce, 0x33, 0x3f,
  0x60, 0xcb, 0x3b, 0x3f, 0x03, 0x55, 0x43, 0x3f, 0x6e, 0x6a, 0x4a, 0x3f,
  0x40, 0x0b, 0x51, 0x3f, 0x68, 0x37, 0x57, 0x3f, 0x24, 0xef, 0x5c, 0x3f,
  0xf6, 0x32, 0x62, 0x3f, 0xa7, 0x03, 0x67, 0x3f, 0x3c, 0x62, 0x6b, 0x3f,
  0xf5, 0x4f, 0x6f, 0x3f, 0x43, 0xce, 0x72, 0x3f, 0xcb, 0xde, 0x75, 0x3f,
  0x60, 0x83, 0x78, 0x3f, 0xf8, 0xbd, 0x7a, 0x3f, 0xb6, 0x90, 0x7c, 0x3f,
  0xd3, 0xfd, 0x7d, 0x3f, 0xaf, 0x07, 0x7f, 0x3f, 0xbe, 0xb0, 0x7f, 0x3f,
  0x8b, 0xfb, 0x7f, 0x3f, 0xb5, 0xea, 0x7f, 0x3f, 0xef, 0x80, 0x7f, 0x3f,
  0xf2, 0xc0, 0x7e, 0x3f, 0x88, 0xad, 0x7d, 0x3f, 0x81, 0x49, 0x7c, 0x3f,
  0xb4, 0x97, 0x7a, 0x3f, 0xfb, 0x9a, 0x78, 0x3f, 0x31, 0x56, 0x76, 0x3f,
  0x35, 0xcc, 0x73, 0x3f, 0xe1, 0xff, 0x70, 0x3f, 0x0a, 0xf4, 0x6d, 0x3f,
  0x84, 0xab, 0x6a, 0x3f, 0x1a, 0x29, 0x67, 0x3f, 0x91, 0x6f, 0x63, 0x3f,
  0xa2, 0x81, 0x5f, 0x3f, 0x03, 0x62, 0x5b, 0x3f, 0x59, 0x13, 0x57, 0x3f,
  0x3f, 0x98, 0x52, 0x3f, 0x46, 0xf3, 0x4d, 0x3f, 0xef, 0x26, 0x49, 0x3f,
  0xad, 0x35, 0x44, 0x3f, 0xe8, 0x21, 0x3f, 0x3f, 0xf7, 0xed, 0x39, 0x3f,
  0x25, 0x9c, 0x34, 0x3f, 0xac, 0x2e, 0x2f, 0x3f, 0xb2, 0xa7, 0x29, 0x3f,
  0x58, 0x09, 0x24, 0x3f, 0xa4, 0x55, 0x1e, 0x3f, 0x95, 0x8e, 0x18, 0x3f,
  0x14, 0xb6, 0x12, 0x3f, 0xfc, 0xcd, 0x0c, 0x3f, 0x1b, 0xd8, 0x06, 0x3f,
  0x2a, 0xd6, 0x00, 0x3f, 0xad, 0x93, 0xf5, 0x3e, 0x7c, 0x69, 0xe9, 0x3e,
  0xd9, 0x30, 0xdd, 0x3e, 0xc5, 0xec, 0xd0, 0x3e, 0x17, 0xa0, 0xc4, 0x3e,
  0x95, 0x4d, 0xb8, 0x3e, 0xe0, 0xf7, 0xab, 0x3e, 0x83, 0xa1, 0x9f, 0x3e,
  0xeb, 0x4c, 0x93, 0x3e, 0x63, 0xfc, 0x86, 0x3e, 0x4b, 0x64, 0x75, 0x3e,
  0x9e, 0xe0, 0x5c, 0x3e, 0xc2, 0x71, 0x44, 0x3e, 0x83, 0x1b, 0x2c, 0x3e,
  0x8d, 0xe1, 0x13, 0x3e, 0xad, 0x8e, 0xf7, 0x3d, 0x43, 0xa0, 0xc7, 0x3d,
  0x11, 0xfe, 0x97, 0x3d, 0xf6, 0x5b, 0x51, 0x3d, 0x33, 0xd6, 0xe6, 0x3c,
  0x25, 0xa0, 0xb1, 0x3b, 0xd9, 0x7e, 0x8c, 0xbc, 0xf4, 0xe5, 0x21, 0xbd,
  0xda, 0xb6, 0x7c, 0xbd, 0xfe, 0x54, 0xab, 0xbd, 0xda, 0xdb, 0xd7, 0xbd,
  0x37, 0xf6, 0x01, 0xbe, 0xb7, 0xc1, 0x17, 0xbe, 0xe7, 0x4e, 0x2d, 0xbe,
  0x4f, 0x9c, 0x42, 0xbe, 0xa7, 0xa8, 0x57, 0xbe, 0xb3, 0x72, 0x6c, 0xbe,
  0xaa, 0x7c, 0x80, 0xbe, 0xc7, 0x9d, 0x8a, 0xbe, 0x33, 0x9c, 0x94, 0xbe,
  0x8b, 0x77, 0x9e, 0xbe, 0x65, 0x2f, 0xa8, 0xbe, 0x74, 0xc3, 0xb1, 0xbe,
  0x62, 0x33, 0xbb, 0xbe, 0xf1, 0x7e, 0xc4, 0xbe, 0xe8, 0xa5, 0xcd, 0xbe,
  0x11, 0xa8, 0xd6, 0xbe, 0x40, 0x85, 0xdf, 0xbe, 0x57, 0x3d, 0xe8, 0xbe,
  0x3c, 0xd0, 0xf0, 0xbe, 0xd6, 0x3d, 0xf9, 0xbe, 0x0b, 0xc3, 0x00, 0xbf,
  0x7d, 0xd4, 0x04, 0xbf, 0x3c, 0xd3, 0x08, 0xbf, 0x4e, 0xbf, 0x0c, 0xbf,
  0xb5, 0x98, 0x10, 0xbf, 0x76, 0x5f, 0x14, 0xbf, 0x9d, 0x13, 0x18, 0xbf,
  0x34, 0xb5, 0x1b, 0xbf, 0x47, 0x44, 0x1f, 0xbf, 0xe6, 0xc0, 0x22, 0xbf,
  0x21, 0x2b, 0x26, 0xbf, 0x0d, 0x83, 0x29, 0xbf, 0xb9, 0xc8, 0x2c, 0xbf,
  0x3d, 0xfc, 0x2f, 0xbf, 0xb1, 0x1d, 0x33, 0xbf, 0x29, 0x2d, 0x36, 0xbf,
  0xc2, 0x2a, 0x39, 0xbf, 0x92, 0x16, 0x3c, 0xbf, 0xb7, 0xf0, 0x3e, 0xbf,
  0x4b, 0xb9, 0x41, 0xbf, 0x6a, 0x70, 0x44, 0xbf, 0x32, 0x16, 0x47, 0xbf,
  0xc0, 0xaa, 0x49, 0xbf, 0x34, 0x2e, 0x4c, 0xbf, 0xa9, 0xa0, 0x4e, 0xbf,
  0x44, 0x02, 0x51, 0xbf, 0x1f, 0x53, 0x53, 0xbf, 0x5e, 0x93, 0x55, 0xbf,
  0x1e, 0xc3, 0x57, 0xbf, 0x82, 0xe2, 0x59, 0xbf, 0xa9, 0xf1, 0x5b, 0xbf,
  0xb4, 0xf0, 0x5d, 0xbf, 0xc3, 0xdf, 0x5f, 0xbf, 0xfa, 0xbe, 0x61, 0xbf,
  0x75, 0x8e, 0x63, 0xbf, 0x5a, 0x4e, 0x65, 0xbf, 0xc7, 0xfe, 0x66, 0xbf,
  0xdd, 0x9f, 0x68, 0xbf, 0xbe, 0x31, 0x6a, 0xbf, 0x87, 0xb4, 0x6b, 0xbf,
  0x5c, 0x28, 0x6d, 0xbf, 0x5c, 0x8d, 0x6e, 0xbf, 0xa8, 0xe3, 0x6f, 0xbf,
  0x5e, 0x2b, 0x71, 0xbf, 0x9e, 0x64, 0x72, 0xbf, 0x89, 0x8f, 0x73, 0xbf,
  0x3c, 0xac, 0x74, 0xbf, 0xd7, 0xba, 0x75, 0xbf, 0x79, 0xbb, 0x76, 0xbf,
  0x3e, 0xae, 0x77, 0xbf, 0x47, 0x93, 0x78, 0xbf, 0xb0, 0x6a, 0x79, 0xbf,
  0x98, 0x34, 0x7a, 0xbf, 0x1a, 0xf1, 0x7a, 0xbf, 0x53, 0xa0, 0x7b, 0xbf,
  0x60, 0x42, 0x7c, 0xbf, 0x5f, 0xd7, 0x7c, 0xbf, 0x67, 0x5f, 0x7d, 0xbf,
  0x99, 0xda, 0x7d, 0xbf, 0x0c, 0x49, 0x7e, 0xbf, 0xde, 0xaa, 0x7e, 0xbf,
  0x26, 0x00, 0x7f, 0xbf, 0x01, 0x49, 0x7f, 0xbf, 0x88, 0x85, 0x7f, 0xbf,
  0xd5, 0xb5, 0x7f, 0xbf, 0x01, 0xda, 0x7f, 0xbf, 0x24, 0xf2, 0x7f, 0xbf,
  0x58, 0xfe, 0x7f, 0xbf, 0xb4, 0xfe, 0x7f, 0xbf, 0x50, 0xf3, 0x7f, 0xbf,
  0x47, 0xdc, 0x7f, 0xbf, 0xac, 0xb9, 0x7f, 0xbf, 0x98, 0x8b, 0x7f, 0xbf,
  0x24, 0x52, 0x7f, 0xbf, 0x64, 0x0d, 0x7f, 0xbf, 0x70, 0xbd, 0x7e, 0xbf,
  0x5d, 0x62, 0x7e, 0xbf, 0x42, 0xfc, 0x7d, 0xbf, 0x34, 0x8b, 0x7d, 0xbf,
  0x49, 0x0f, 0x7d, 0xbf, 0x97, 0x88, 0x7c, 0xbf, 0x31, 0xf7, 0x7b, 0xbf,
  0x2d, 0x5b, 0x7b, 0xbf, 0xa1, 0xb4, 0x7a, 0xbf, 0xa0, 0x03, 0x7a, 0xbf,
  0x40, 0x48, 0x79, 0xbf, 0x93, 0x82, 0x78, 0xbf, 0xae, 0xb2, 0x77, 0xbf,
  0xa6, 0xd8, 0x76, 0xbf, 0x8f, 0xf4, 0x75, 0xbf, 0x7a, 0x06, 0x75, 0xbf,
  0x7d, 0x0e, 0x74, 0xbf, 0xac, 0x0c, 0x73, 0xbf, 0x1a, 0x01, 0x72, 0xbf,
  0xd8, 0xeb, 0x70, 0xbf, 0xfb, 0xcc, 0x6f, 0xbf, 0x98, 0xa4, 0x6e, 0xbf,
  0xbe, 0x72, 0x6d, 0xbf, 0x84, 0x37, 0x6c, 0xbf, 0xfb, 0xf2, 0x6a, 0xbf,
  0x38, 0xa5, 0x69, 0xbf, 0x4c, 0x4e, 0x68, 0xbf, 0x4a, 0xee, 0x66, 0xbf,
  0x47, 0x85, 0x65, 0xbf, 0x54, 0x13, 0x64, 0xbf, 0x84, 0x98, 0x62, 0xbf,
  0xec, 0x14, 0x61, 0xbf, 0x9f, 0x88, 0x5f, 0xbf, 0xae, 0xf3, 0x5d, 0xbf,
  0x2c, 0x56, 0x5c, 0xbf, 0x30, 0xb0, 0x5a, 0xbf, 0xcb, 0x01, 0x59, 0xbf,
  0x10, 0x4b, 0x57, 0xbf, 0x13, 0x8c, 0x55, 0xbf, 0xe6, 0xc4, 0x53, 0xbf,
  0xa0, 0xf5, 0x51, 0xbf, 0x53, 0x1e, 0x50, 0xbf, 0x12, 0x3f, 0x4e, 0xbf,
  0xf1, 0x57, 0x4c, 0xbf, 0x07, 0x69, 0x4a, 0xbf, 0x66, 0x72, 0x48, 0xbf,
  0x21, 0x74, 0x46, 0xbf, 0x4f, 0x6e, 0x44, 0xbf, 0x03, 0x61, 0x42, 0xbf,
  0x54, 0x4c, 0x40, 0xbf, 0x55, 0x30, 0x3e, 0xbf, 0x1b, 0x0d, 0x3c, 0xbf,
  0xbd, 0xe2, 0x39, 0xbf, 0x4e, 0xb1, 0x37, 0xbf, 0xe6, 0x78, 0x35, 0xbf,
  0x99, 0x39, 0x33, 0xbf, 0x7c, 0xf3, 0x30, 0xbf, 0xa8, 0xa6, 0x2e, 0xbf,
  0x34, 0x53, 0x2c, 0xbf, 0x33, 0xf9, 0x29, 0xbf, 0xbe, 0x98, 0x27, 0xbf,
  0xea, 0x31, 0x25, 0xbf, 0xd1, 0xc4, 0x22, 0xbf, 0x87, 0x51, 0x20, 0xbf,
  0x26, 0xd8, 0x1d, 0xbf, 0xc6, 0x58, 0x1b, 0xbf, 0x7a, 0xd3, 0x18, 0xbf,
  0x61, 0x48, 0x16, 0xbf, 0x90, 0xb7, 0x13, 0xbf, 0x1e, 0x21, 0x11, 0xbf,
  0x26, 0x85, 0x0e, 0xbf, 0xc1, 0xe3, 0x0b, 0xbf, 0x06, 0x3d, 0x09, 0xbf,
  0x10, 0x91, 0x06, 0xbf, 0xf9, 0xdf, 0x03, 0xbf, 0xd9, 0x29, 0x01, 0xbf,
  0x94, 0xdd, 0xfc, 0xbe, 0xd0, 0x5d, 0xf7, 0xbe, 0x98, 0xd4, 0xf1, 0xbe,
  0x20, 0x42, 0xec, 0xbe, 0xa3, 0xa6, 0xe6, 0xbe, 0x51, 0x02, 0xe1, 0xbe,
  0x5f, 0x55, 0xdb, 0xbe, 0x09, 0xa0, 0xd5, 0xbe, 0x86, 0xe2, 0xcf, 0xbe,
  0x07, 0x1d, 0xca, 0xbe, 0xcc, 0x4f, 0xc4, 0xbe, 0x05, 0x7b, 0xbe, 0xbe,
  0xf0, 0x9e, 0xb8, 0xbe, 0xc1, 0xbb, 0xb2, 0xbe, 0xb7, 0xd1, 0xac, 0xbe,
  0x08, 0xe1, 0xa6, 0xbe, 0xed, 0xe9, 0xa0, 0xbe, 0xa1, 0xec, 0x9a, 0xbe,
  0x60, 0xe9, 0x94, 0xbe, 0x64, 0xe0, 0x8e, 0xbe, 0xe6, 0xd1, 0x88, 0xbe,
  0x24, 0xbe, 0x82, 0xbe, 0xab, 0x4a, 0x79, 0xbe, 0x70, 0x0f, 0x6d, 0xbe,
  0x15, 0xcb, 0x60, 0xbe, 0x07, 0x7e, 0x54, 0xbe, 0xca, 0x28, 0x48, 0xbe,
  0xd2, 0xcb, 0x3b, 0xbe, 0x97, 0x67, 0x2f, 0xbe, 0x98, 0xfc, 0x22, 0xbe,
  0x4f, 0x8b, 0x16, 0xbe, 0x2e, 0x14, 0x0a, 0xbe, 0x74, 0x2f, 0xfb, 0xbd,
  0xd9, 0x2c, 0xe2, 0xbd, 0x78, 0x21, 0xc9, 0xbd, 0x51, 0x0e, 0xb0, 0xbd,
  0x5d, 0xf4, 0x96, 0xbd, 0x21, 0xa9, 0x7b, 0xbd, 0xcb, 0x5f, 0x49, 0xbd,
  0xaa, 0x0e, 0x17, 0xbd, 0x60, 0x6f, 0xc9, 0xbc, 0x46, 0x73, 0x49, 0xbc,
  0x00, 0x00, 0x00, 0x80, 0x1b, 0x16, 0xf7, 0x26, 0x86, 0xc8, 0xbd, 0x3e,
  0xf5, 0xba, 0x2f, 0x3f, 0x42, 0x98, 0x67, 0x3f, 0xeb, 0x63, 0x7f, 0x3f,
  0x16, 0x9e, 0x74, 0x3f, 0xcd, 0x78, 0x49, 0x3f, 0x84, 0x50, 0x04, 0x3f,
  0x3b, 0x88, 0x3a, 0x3e, 0x80, 0x54, 0x31, 0xbe, 0x80, 0x18, 0x01, 0xbf,
  0xa8, 0x5c, 0x45, 0xbf, 0xab, 0x39, 0x71, 0xbf, 0x30, 0xff, 0x7f, 0xbf,
  0x24, 0x98, 0x70, 0xbf, 0x2c, 0x7b, 0x45, 0xbf, 0xde, 0x32, 0x04, 0xbf,
  0x28, 0x50, 0x52, 0xbe, 0xaf, 0x02, 0x01, 0x3e, 0xbe, 0xe1, 0xe1, 0x3e,
  0x9c, 0xee, 0x34, 0x3f, 0x15, 0x57, 0x65, 0x3f, 0x2a, 0x95, 0x7d, 0x3f,
  0xa0, 0xbb, 0x7b, 0x3f, 0x75, 0x93, 0x60, 0x3f, 0x01, 0x63, 0x2f, 0x3f,
  0xfd, 0xf2, 0xda, 0x3e, 0x59, 0x3d, 0x06, 0x3e, 0xde, 0xc6, 0x33, 0xbe,
  0x75, 0x55, 0xed, 0xbe, 0x13, 0xf6, 0x34, 0xbf, 0xdb, 0x78, 0x62, 0xbf,
  0x7b, 0x8c, 0x7b, 0xbf, 0xf5, 0x79, 0x7e, 0xbf, 0x83, 0x85, 0x6b, 0xbf,
  0x6e, 0xcd, 0x44, 0xbf, 0xb5, 0x02, 0x0e, 0xbf, 0x6d, 0x09, 0x98, 0xbe,
  0xd4, 0x58, 0x8d, 0xbc, 0x31, 0xf2, 0x85, 0x3e, 0x8b, 0x93, 0x04, 0x3f,
  0xd0, 0x7b, 0x3b, 0x3f, 0x0a, 0xcb, 0x63, 0x3f, 0xa3, 0xd9, 0x7a, 0x3f,
  0x71, 0x60, 0x7f, 0x3f, 0x51, 0x7d, 0x71, 0x3f, 0x6d, 0x9d, 0x52, 0x3f,
  0xdd, 0x50, 0x25, 0x3f, 0xaf, 0x19, 0xda, 0x3e, 0xb9, 0x88, 0x37, 0x3e,
  0x20, 0x8d, 0x9e, 0xbd, 0x41, 0x66, 0xa7, 0xbe, 0xaa, 0xb1, 0x0d, 0xbf,
  0x72, 0x46, 0x3e, 0xbf, 0x06, 0xa6, 0x62, 0xbf, 0x7c, 0xe2, 0x78, 0xbf,
  0x6d, 0xfd, 0x7f, 0xbf, 0xe3, 0xe9, 0x77, 0xbf, 0x97, 0x7f, 0x61, 0xbf,
  0x77, 0x61, 0x3e, 0xbf, 0x21, 0xda, 0x10, 0xbf, 0x6d, 0x62, 0xb7, 0xbe,
  0x9b, 0xf2, 0x07, 0xbe, 0x0a, 0x78, 0xc8, 0x3d, 0x2c, 0x99, 0xa4, 0x3e,
  0x1c, 0xd0, 0x06, 0x3f, 0x92, 0x0a, 0x34, 0x3f, 0x47, 0xe6, 0x57, 0x3f,
  0xd6, 0xda, 0x70, 0x3f, 0x9d, 0xf8, 0x7d, 0x3f, 0xa8, 0xeb, 0x7e, 0x3f,
  0xd7, 0xf6, 0x73, 0x3f, 0x00, 0xe8, 0x5d, 0x3f, 0x6a, 0x06, 0x3e, 0x3f,
  0xc7, 0xfc, 0x15, 0x3f, 0x99, 0x80, 0xcf, 0x3e, 0xde, 0xd8, 0x55, 0x3e,
  0x93, 0x8b, 0xac, 0x3b, 0x73, 0x83, 0x49, 0xbe, 0xac, 0x3a, 0xc7, 0xbe,
  0x9c, 0x72, 0x10, 0xbf, 0xac, 0x38, 0x37, 0xbf, 0x5c, 0x96, 0x56, 0xbf,
  0x53, 0x8a, 0x6d, 0xbf, 0xe1, 0x6f, 0x7b, 0xbf, 0xd6, 0xff, 0x7f, 0xbf,
  0xa8, 0x4d, 0x7b, 0xbf, 0x65, 0xc1, 0x6d, 0xbf, 0xfa, 0x0e, 0x58, 0xbf,
  0x40, 0x2b, 0x3b, 0xbf, 0x9f, 0x3f, 0x18, 0xbf, 0x4a, 0x39, 0xe1, 0xbe,
  0xa2, 0x58, 0x8b, 0xbe, 0x34, 0x24, 0xc7, 0xbd, 0xa1, 0x2f, 0xa2, 0x3d,
  0xb9, 0xd6, 0x80, 0x3e, 0x32, 0x77, 0xd4, 0x3e, 0x3d, 0x87, 0x10, 0x3f,
  0xec, 0x46, 0x32, 0x3f, 0xd5, 0xa0, 0x4e, 0x3f, 0x6a, 0xec, 0x64, 0x3f,
  0x58, 0xb4, 0x74, 0x3f, 0xc3, 0xb6, 0x7d, 0x3f, 0x0e, 0xe4, 0x7f, 0x3f,
  0x35, 0x5c, 0x7b, 0x3f, 0x16, 0x6b, 0x70, 0x3f, 0xbd, 0x83, 0x5f, 0x3f,
  0xf7, 0x3a, 0x49, 0x3f, 0x77, 0x41, 0x2e, 0x3f, 0x97, 0x5d, 0x0f, 0x3f,
  0x36, 0xca, 0xda, 0x3e, 0xfa, 0x6d, 0x92, 0x3e, 0xe4, 0xd5, 0x0e, 0x3e,
  0xcd, 0xe2, 0x0f, 0xbc, 0x25, 0x3e, 0x1f, 0xbe, 0xd4, 0x5b, 0x98, 0xbe,
  0xc4, 0x3b, 0xdd, 0xbe, 0xab, 0x75, 0x0e, 0xbf, 0x0c, 0x21, 0x2b, 0xbf,
  0x2e, 0x23, 0x44, 0xbf, 0xce, 0x17, 0x59, 0xbf, 0xd2, 0xb3, 0x69, 0xbf,
  0x32, 0xc5, 0x75, 0xbf, 0x7b, 0x32, 0x7d, 0xbf, 0xba, 0xf9, 0x7f, 0xbf,
  0x16, 0x2f, 0x7e, 0xbf, 0x0d, 0xfb, 0x77, 0xbf, 0x6a, 0x98, 0x6d, 0xbf,
  0x0b, 0x52, 0x5f, 0xbf, 0x85, 0x80, 0x4d, 0xbf, 0xba, 0x87, 0x38, 0xbf,
  0x5a, 0xd4, 0x20, 0xbf, 0x7f, 0xd9, 0x06, 0xbf, 0x9f, 0x1c, 0xd6, 0xbe,
  0x83, 0xd7, 0x9b, 0xbe, 0x2d, 0xaa, 0x3f, 0xbe, 0x3b, 0x09, 0x8c, 0xbd,
  0x5e, 0xdd, 0x4d, 0x3d, 0x4a, 0x15, 0x2b, 0x3e, 0xf2, 0x9d, 0x8f, 0x3e,
  0xb8, 0x38, 0xc7, 0x3e, 0xa4, 0xaf, 0xfb, 0x3e, 0x2b, 0x35, 0x16, 0x3f,
  0x2c, 0x72, 0x2c, 0x3f, 0xd4, 0x56, 0x40, 0x3f, 0x8a, 0xb5, 0x51, 0x3f,
  0xfd, 0x6a, 0x60, 0x3f, 0x05, 0x5e, 0x6c, 0x3f, 0x4d, 0x7f, 0x75, 0x3f,
  0xdf, 0xc8, 0x7b, 0x3f, 0xa2, 0x3d, 0x7f, 0x3f, 0xc1, 0xe8, 0x7f, 0x3f,
  0xfe, 0xdc, 0x7d, 0x3f, 0xf6, 0x33, 0x79, 0x3f, 0x6a, 0x0d, 0x72, 0x3f,
  0x7b, 0x8e, 0x68, 0x3f, 0xdc, 0xe0, 0x5c, 0x3f, 0x16, 0x32, 0x4f, 0x3f,
  0xc1, 0xb2, 0x3f, 0x3f, 0xcf, 0x95, 0x2e, 0x3f, 0xd5, 0x0f, 0x1c, 0x3f,
  0x65, 0x56, 0x08, 0x3f, 0xd0, 0x3e, 0xe7, 0x3e, 0x28, 0x41, 0xbc, 0x3e,
  0xc1, 0x1d, 0x90, 0x3e, 0x1f, 0x78, 0x46, 0x3e, 0x2e, 0x01, 0xd8, 0x3d,
  0x97, 0xa9, 0x8c, 0x3c, 0x1f, 0x26, 0x90, 0xbd, 0xb5, 0x4b, 0x20, 0xbe,
  0x89, 0x73, 0x76, 0xbe, 0xbe, 0xfa, 0xa4, 0xbe, 0x7d, 0x24, 0xcd, 0xbe,
  0x3f, 0x79, 0xf3, 0xbe, 0xe4, 0xe0, 0x0b, 0xbf, 0xc6, 0xe6, 0x1c, 0xbf,
  0x40, 0xb9, 0x2c, 0xbf, 0x99, 0x46, 0x3b, 0xbf, 0x3c, 0x80, 0x48, 0xbf,
  0xaf, 0x5a, 0x54, 0xbf, 0x70, 0xcd, 0x5e, 0xbf, 0xd8, 0xd2, 0x67, 0xbf,
  0xf3, 0x67, 0x6f, 0xbf, 0x59, 0x8c, 0x75, 0xbf, 0x00, 0x42, 0x7a, 0xbf,
  0x1c, 0x8d, 0x7d, 0xbf, 0xe6, 0x73, 0x7f, 0xbf, 0x72, 0xfe, 0x7f, 0xbf,
  0x8b, 0x36, 0x7f, 0xbf, 0x75, 0x27, 0x7d, 0xbf, 0xcf, 0xdd, 0x79, 0xbf,
  0x60, 0x67, 0x75, 0xbf, 0xf0, 0xd2, 0x6f, 0xbf, 0x1b, 0x30, 0x69, 0xbf,
  0x31, 0x8f, 0x61, 0xbf, 0x0c, 0x01, 0x59, 0xbf, 0xe6, 0x96, 0x4f, 0xbf,
  0x4d, 0x62, 0x45, 0xbf, 0xe7, 0x74, 0x3a, 0xbf, 0x71, 0xe0, 0x2e, 0xbf,
  0x8f, 0xb6, 0x22, 0xbf, 0xc1, 0x08, 0x16, 0xbf, 0x49, 0xe8, 0x08, 0xbf,
  0x23, 0xcc, 0xf6, 0xbe, 0x4b, 0x25, 0xdb, 0xbe, 0x34, 0xfc, 0xbe, 0xbe,
  0xff, 0x6f, 0xa2, 0xbe, 0xb0, 0x9e, 0x85, 0xbe, 0x4d, 0x4a, 0x51, 0xbe,
  0xdb, 0x3d, 0x17, 0xbe, 0x49, 0x99, 0xba, 0xbd, 0xc9, 0xa1, 0x0e, 0xbd,
  0x44, 0xfd, 0xab, 0x3c, 0xd5, 0xfe, 0x9b, 0x3d, 0x68, 0xad, 0x05, 0x3e,
  0x14, 0x63, 0x3c, 0x3e, 0x9d, 0xfc, 0x71, 0x3e, 0x8e, 0x2c, 0x93, 0x3e,
  0x2f, 0xad, 0xac, 0x3e, 0x73, 0x72, 0xc5, 0x3e, 0xf5, 0x6f, 0xdd, 0x3e,
  0x93, 0x9a, 0xf4, 0x3e, 0x3a, 0x74, 0x05, 0x3f, 0x78, 0x28, 0x10, 0x3f,
  0x4a, 0x66, 0x1a, 0x3f, 0x80, 0x2a, 0x24, 0x3f, 0x7a, 0x72, 0x2d, 0x3f,
  0x19, 0x3c, 0x36, 0x3f, 0xb8, 0x85, 0x3e, 0x3f, 0x2f, 0x4e, 0x46, 0x3f,
  0xc3, 0x94, 0x4d, 0x3f, 0x21, 0x59, 0x54, 0x3f, 0x5a, 0x9b, 0x5a, 0x3f,
  0xde, 0x5b, 0x60, 0x3f, 0x73, 0x9b, 0x65, 0x3f, 0x29, 0x5b, 0x6a, 0x3f,
  0x62, 0x9c, 0x6e, 0x3f, 0xc0, 0x60, 0x72, 0x3f, 0x26, 0xaa, 0x75, 0x3f,
  0xaa, 0x7a, 0x78, 0x3f, 0x9e, 0xd4, 0x7a, 0x3f, 0x7a, 0xba, 0x7c, 0x3f,
  0xe6, 0x2e, 0x7e, 0x3f, 0xa9, 0x34, 0x7f, 0x3f, 0xad, 0xce, 0x7f, 0x3f,
  0xfb, 0xff, 0x7f, 0x3f, 0xab, 0xcb, 0x7f, 0x3f, 0xf3, 0x34, 0x7f, 0x3f,
  0x11, 0x3f, 0x7e, 0x3f, 0x52, 0xed, 0x7c, 0x3f, 0x11, 0x43, 0x7b, 0x3f,
  0xaa, 0x43, 0x79, 0x3f, 0x81, 0xf2, 0x76, 0x3f, 0xf5, 0x52, 0x74, 0x3f,
  0x6c, 0x68, 0x71, 0x3f, 0x44, 0x36, 0x6e, 0x3f, 0xd3, 0xbf, 0x6a, 0x3f,
  0x6d, 0x08, 0x67, 0x3f, 0x59, 0x13, 0x63, 0x3f, 0xd8, 0xe3, 0x5e, 0x3f,
  0x17, 0x7d, 0x5a, 0x3f, 0x3d, 0xe2, 0x55, 0x3f, 0x5f, 0x16, 0x51, 0x3f,
  0x84, 0x1c, 0x4c, 0x3f, 0xa2, 0xf7, 0x46, 0x3f, 0x9d, 0xaa, 0x41, 0x3f,
  0x47, 0x38, 0x3c, 0x3f, 0x63, 0xa3, 0x36, 0x3f, 0x9e, 0xee, 0x30, 0x3f,
  0x92, 0x1c, 0x2b, 0x3f, 0xc7, 0x2f, 0x25, 0x3f, 0xb0, 0x2a, 0x1f, 0x3f,
  0xab, 0x0f, 0x19, 0x3f, 0x05, 0xe1, 0x12, 0x3f, 0xf7, 0xa0, 0x0c, 0x3f,
  0xa2, 0x51, 0x06, 0x3f, 0x2d, 0xea, 0xff, 0x3e, 0xa3, 0x1a, 0xf3, 0x3e,
  0x76, 0x38, 0xe6, 0x3e, 0x50, 0x47, 0xd9, 0x3e, 0xb9, 0x4a, 0xcc, 0x3e,
  0x09, 0x46, 0xbf, 0x3e, 0x82, 0x3c, 0xb2, 0x3e, 0x33, 0x31, 0xa5, 0x3e,
  0x0f, 0x27, 0x98, 0x3e, 0xea, 0x20, 0x8b, 0x3e, 0xd5, 0x42, 0x7c, 0x3e,
  0x3d, 0x56, 0x62, 0x3e, 0xe5, 0x80, 0x48, 0x3e, 0x65, 0xc7, 0x2e, 0x3e,
  0x15, 0x2e, 0x15, 0x3e, 0x27, 0x72, 0xf7, 0x3d, 0x7e, 0xd8, 0xc4, 0x3d,
  0x98, 0x96, 0x92, 0x3d, 0xb5, 0x66, 0x41, 0x3d, 0x13, 0xd5, 0xbc, 0x3c,
  0x15, 0xc5, 0x6e, 0xba, 0x6a, 0xfd, 0xc9, 0xbc, 0xa0, 0x55, 0x45, 0xbd,
  0xec, 0x5a, 0x92, 0xbd, 0x06, 0x8b, 0xc1, 0xbd, 0xca, 0x36, 0xf0, 0xbd,
  0x1b, 0x2d, 0x0f, 0xbe, 0xd3, 0xf8, 0x25, 0xbe, 0xcb, 0x7c, 0x3c, 0xbe,
  0x78, 0xb7, 0x52, 0xbe, 0x75, 0xa7, 0x68, 0xbe, 0x66, 0x4b, 0x7e, 0xbe,
  0x12, 0xd1, 0x89, 0xbe, 0x51, 0x55, 0x94, 0xbe, 0xf7, 0xb1, 0x9e, 0xbe,
  0x92, 0xe6, 0xa8, 0xbe, 0xcb, 0xf2, 0xb2, 0xbe, 0x4a, 0xd6, 0xbc, 0xbe,
  0xc7, 0x90, 0xc6, 0xbe, 0x0d, 0x22, 0xd0, 0xbe, 0xe6, 0x89, 0xd9, 0xbe,
  0x2b, 0xc8, 0xe2, 0xbe, 0xbe, 0xdc, 0xeb, 0xbe, 0x8b, 0xc7, 0xf4, 0xbe,
  0x89, 0x88, 0xfd, 0xbe, 0xd6, 0x0f, 0x03, 0xbf, 0x80, 0x46, 0x07, 0xbf,
  0x44, 0x68, 0x0b, 0xbf, 0x2d, 0x75, 0x0f, 0xbf, 0x45, 0x6d, 0x13, 0xbf,
  0x9b, 0x50, 0x17, 0xbf, 0x40, 0x1f, 0x1b, 0xbf, 0x49, 0xd9, 0x1e, 0xbf,
  0xcb, 0x7e, 0x22, 0xbf, 0xdc, 0x0f, 0x26, 0xbf, 0x9b, 0x8c, 0x29, 0xbf,
  0x20, 0xf5, 0x2c, 0xbf, 0x8a, 0x49, 0x30, 0xbf, 0xfa, 0x89, 0x33, 0xbf,
  0x8f, 0xb6, 0x36, 0xbf, 0x6d, 0xcf, 0x39, 0xbf, 0xb6, 0xd4, 0x3c, 0xbf,
  0x8f, 0xc6, 0x3f, 0xbf, 0x1e, 0xa5, 0x42, 0xbf, 0x89, 0x70, 0x45, 0xbf,
  0xf7, 0x28, 0x48, 0xbf, 0x92, 0xce, 0x4a, 0xbf, 0x80, 0x61, 0x4d, 0xbf,
  0xeb, 0xe1, 0x4f, 0xbf, 0xfd, 0x4f, 0x52, 0xbf, 0xde, 0xab, 0x54, 0xbf,
  0xba, 0xf5, 0x56, 0xbf, 0xba, 0x2d, 0x59, 0xbf, 0x0c, 0x54, 0x5b, 0xbf,
  0xd6, 0x68, 0x5d, 0xbf, 0x45, 0x6c, 0x5f, 0xbf, 0x85, 0x5e, 0x61, 0xbf,
  0xbe, 0x3f, 0x63, 0xbf, 0x1b, 0x10, 0x65, 0xbf, 0xca, 0xcf, 0x66, 0xbf,
  0xf1, 0x7e, 0x68, 0xbf, 0xbc, 0x1d, 0x6a, 0xbf, 0x55, 0xac, 0x6b, 0xbf,
  0xe6, 0x2a, 0x6d, 0xbf, 0x95, 0x99, 0x6e, 0xbf, 0x90, 0xf8, 0x6f, 0xbf,
  0xfd, 0x47, 0x71, 0xbf, 0x03, 0x88, 0x72, 0xbf, 0xcd, 0xb8, 0x73, 0xbf,
  0x83, 0xda, 0x74, 0xbf, 0x47, 0xed, 0x75, 0xbf, 0x44, 0xf1, 0x76, 0xbf,
  0x9e, 0xe6, 0x77, 0xbf, 0x7d, 0xcd, 0x78, 0xbf, 0x05, 0xa6, 0x79, 0xbf,
  0x5b, 0x70, 0x7a, 0xbf, 0xa2, 0x2c, 0x7b, 0xbf, 0x01, 0xdb, 0x7b, 0xbf,
  0x98, 0x7b, 0x7c, 0xbf, 0x8c, 0x0e, 0x7d, 0xbf, 0xff, 0x93, 0x7d, 0xbf,
  0x14, 0x0c, 0x7e, 0xbf, 0xea, 0x76, 0x7e, 0xbf, 0xa3, 0xd4, 0x7e, 0xbf,
  0x5f, 0x25, 0x7f, 0xbf, 0x41, 0x69, 0x7f, 0xbf, 0x65, 0xa0, 0x7f, 0xbf,
  0xea, 0xca, 0x7f, 0xbf, 0xf2, 0xe8, 0x7f, 0xbf, 0x98, 0xfa, 0x7f, 0xbf,
  0xfb, 0xff, 0x7f, 0xbf, 0x38, 0xf9, 0x7f, 0xbf, 0x6a, 0xe6, 0x7f, 0xbf,
  0xaf, 0xc7, 0x7f, 0xbf, 0x25, 0x9d, 0x7f, 0xbf, 0xe3, 0x66, 0x7f, 0xbf,
  0x08, 0x25, 0x7f, 0xbf, 0xac, 0xd7, 0x7e, 0xbf, 0xec, 0x7e, 0x7e, 0xbf,
  0xdf, 0x1a, 0x7e, 0xbf, 0xa1, 0xab, 0x7d, 0xbf, 0x49, 0x31, 0x7d, 0xbf,
  0xf1, 0xab, 0x7c, 0xbf, 0xb2, 0x1b, 0x7c, 0xbf, 0xa3, 0x80, 0x7b, 0xbf,
  0xdf, 0xda, 0x7a, 0xbf, 0x79, 0x2a, 0x7a, 0xbf, 0x8c, 0x6f, 0x79, 0xbf,
  0x2c, 0xaa, 0x78, 0xbf, 0x73, 0xda, 0x77, 0xbf, 0x75, 0x00, 0x77, 0xbf,
  0x4b, 0x1c, 0x76, 0xbf, 0x07, 0x2e, 0x75, 0xbf, 0xc2, 0x35, 0x74, 0xbf,
  0x91, 0x33, 0x73, 0xbf, 0x8a, 0x27, 0x72, 0xbf, 0xc2, 0x11, 0x71, 0xbf,
  0x4c, 0xf2, 0x6f, 0xbf, 0x41, 0xc9, 0x6e, 0xbf, 0xb2, 0x96, 0x6d, 0xbf,
  0xb5, 0x5a, 0x6c, 0xbf, 0x60, 0x15, 0x6b, 0xbf, 0xc6, 0xc6, 0x69, 0xbf,
  0xfb, 0x6e, 0x68, 0xbf, 0x15, 0x0e, 0x67, 0xbf, 0x27, 0xa4, 0x65, 0xbf,
  0x45, 0x31, 0x64, 0xbf, 0x84, 0xb5, 0x62, 0xbf, 0xf7, 0x30, 0x61, 0xbf,
  0xb1, 0xa3, 0x5f, 0xbf, 0xca, 0x0d, 0x5e, 0xbf, 0x53, 0x6f, 0x5c, 0xbf,
  0x60, 0xc8, 0x5a, 0xbf, 0x06, 0x19, 0x59, 0xbf, 0x58, 0x61, 0x57, 0xbf,
  0x6b, 0xa1, 0x55, 0xbf, 0x54, 0xd9, 0x53, 0xbf, 0x24, 0x09, 0x52, 0xbf,
  0xf1, 0x30, 0x50, 0xbf, 0xd2, 0x50, 0x4e, 0xbf, 0xd5, 0x68, 0x4c, 0xbf,
  0x14, 0x79, 0x4a, 0xbf, 0xa1, 0x81, 0x48, 0xbf, 0x93, 0x82, 0x46, 0xbf,
  0xfb, 0x7b, 0x44, 0xbf, 0xf0, 0x6d, 0x42, 0xbf, 0x87, 0x58, 0x40, 0xbf,
  0xd6, 0x3b, 0x3e, 0xbf, 0xef, 0x17, 0x3c, 0xbf, 0xe9, 0xec, 0x39, 0xbf,
  0xda, 0xba, 0x37, 0xbf, 0xd8, 0x81, 0x35, 0xbf, 0xf9, 0x41, 0x33, 0xbf,
  0x50, 0xfb, 0x30, 0xbf, 0xf5, 0xad, 0x2e, 0xbf, 0x00, 0x5a, 0x2c, 0xbf,
  0x84, 0xff, 0x29, 0xbf, 0x9b, 0x9e, 0x27, 0xbf, 0x59, 0x37, 0x25, 0xbf,
  0xd6, 0xc9, 0x22, 0xbf, 0x2b, 0x56, 0x20, 0xbf, 0x6c, 0xdc, 0x1d, 0xbf,
  0xb3, 0x5c, 0x1b, 0xbf, 0x17, 0xd7, 0x18, 0xbf, 0xae, 0x4b, 0x16, 0xbf,
  0x94, 0xba, 0x13, 0xbf, 0xdf, 0x23, 0x11, 0xbf, 0xa7, 0x87, 0x0e, 0xbf,
  0x06, 0xe6, 0x0b, 0xbf, 0x13, 0x3f, 0x09, 0xbf, 0xeb, 0x92, 0x06, 0xbf,
  0xa3, 0xe1, 0x03, 0xbf, 0x58, 0x2b, 0x01, 0xbf, 0x44, 0xe0, 0xfc, 0xbe,
  0x36, 0x60, 0xf7, 0xbe, 0xbb, 0xd6, 0xf1, 0xbe, 0x07, 0x44, 0xec, 0xbe,
  0x4e, 0xa8, 0xe6, 0xbe, 0xc9, 0x03, 0xe1, 0xbe, 0xab, 0x56, 0xdb, 0xbe,
  0x2a, 0xa1, 0xd5, 0xbe, 0x81, 0xe3, 0xcf, 0xbe, 0xe1, 0x1d, 0xca, 0xbe,
  0x84, 0x50, 0xc4, 0xbe, 0xa6, 0x7b, 0xbe, 0xbe, 0x7a, 0x9f, 0xb8, 0xbe,
  0x36, 0xbc, 0xb2, 0xbe, 0x18, 0xd2, 0xac, 0xbe, 0x58, 0xe1, 0xa6, 0xbe,
  0x33, 0xea, 0xa0, 0xbe, 0xdb, 0xec, 0x9a, 0xbe, 0x8f, 0xe9, 0x94, 0xbe,
  0x88, 0xe0, 0x8e, 0xbe, 0x04, 0xd2, 0x88, 0xbe, 0x3b, 0xbe, 0x82, 0xbe,
  0xcd, 0x4a, 0x79, 0xbe, 0x8b, 0x0f, 0x6d, 0xbe, 0x29, 0xcb, 0x60, 0xbe,
  0x1b, 0x7e, 0x54, 0xbe, 0xd8, 0x28, 0x48, 0xbe, 0xd9, 0xcb, 0x3b, 0xbe,
  0x9e, 0x67, 0x2f, 0xbe, 0x9f, 0xfc, 0x22, 0xbe, 0x4f, 0x8b, 0x16, 0xbe,
  0x2e, 0x14, 0x0a, 0xbe, 0x74, 0x2f, 0xfb, 0xbd, 0xd9, 0x2c, 0xe2, 0xbd,
  0x78, 0x21, 0xc9, 0xbd, 0x53, 0x0e, 0xb0, 0xbd, 0x5d, 0xf4, 0x96, 0xbd,
  0x21, 0xa9, 0x7b, 0xbd, 0xcb, 0x5f, 0x49, 0xbd, 0xaa, 0x0e, 0x17, 0xbd,
  0x60, 0x6f, 0xc9, 0xbc, 0x46, 0x73, 0x49, 0xbc, 0x00, 0x00, 0x00, 0x80,
  0x32, 0x31, 0x0d, 0x27, 0xbb, 0x87, 0xda, 0x3e, 0x41, 0x14, 0x45, 0x3f,
  0x58, 0x88, 0x77, 0x3f, 0xf7, 0x2c, 0x7c, 0x3f, 0x11, 0x2d, 0x53, 0x3f,
  0x8e, 0xd9, 0x04, 0x3f, 0x83, 0x35, 0xfe, 0x3d, 0x87, 0x1e, 0x94, 0xbe,
  0xc9, 0x85, 0x26, 0xbf, 0xb5, 0x65, 0x66, 0xbf, 0x47, 0xc4, 0x7f, 0xbf,
  0xef, 0x5c, 0x6f, 0xbf, 0x2c, 0xc0, 0x38, 0xbf, 0xf4, 0xcf, 0xca, 0xbe,
  0x52, 0x6c, 0x3b, 0xbc, 0x83, 0x8a, 0xbe, 0x3e, 0x3b, 0x66, 0x32, 0x3f,
  0xe5, 0x76, 0x6a, 0x3f, 0x88, 0xe3, 0x7f, 0x3f, 0xd4, 0x60, 0x70, 0x3f,
  0xa3, 0xf8, 0x3e, 0x3f, 0x89, 0xa9, 0xe6, 0x3e, 0x86, 0x89, 0xc3, 0x3d,
  0xf3, 0x1f, 0x8a, 0xbe, 0x8e, 0xae, 0x18, 0xbf, 0x1f, 0xb1, 0x57, 0xbf,
  0xbd, 0x71, 0x7a, 0xbf, 0x9e, 0x2e, 0x7d, 0xbf, 0x2f, 0x4e, 0x60, 0xbf,
  0x6c, 0x19, 0x28, 0xbf, 0x42, 0x01, 0xb8, 0xbe, 0xae, 0x65, 0xb1, 0xbc,
  0xff, 0xcb, 0xa1, 0x3e, 0x9b, 0x59, 0x1d, 0x3f, 0x2f, 0x5d, 0x57, 0x3f,
  0x0c, 0xe4, 0x78, 0x3f, 0x0b, 0xd2, 0x7e, 0x3f, 0xc7, 0x29, 0x69, 0x3f,
  0xd1, 0xe0, 0x3a, 0x3f, 0xb4, 0xcc, 0xf2, 0x3e, 0x26, 0xbe, 0x2f, 0x3e,
  0xa7, 0x7a, 0x15, 0xbe, 0x2a, 0x9e, 0xe4, 0xbe, 0x0f, 0x6e, 0x33, 0xbf,
  0x44, 0xb9, 0x62, 0xbf, 0x5c, 0x1f, 0x7c, 0xbf, 0x2b, 0xc7, 0x7d, 0xbf,
  0x3d, 0x1c, 0x68, 0xbf, 0xda, 0xa4, 0x3d, 0xbf, 0xc4, 0xa9, 0x02, 0xbf,
  0x33, 0xef, 0x72, 0xbe, 0xab, 0xad, 0x5d, 0x3d, 0xa6, 0x56, 0xad, 0x3e,
  0x4d, 0xaf, 0x17, 0x3f, 0x70, 0xc3, 0x4b, 0x3f, 0x2f, 0x06, 0x6f, 0x3f,
  0xa3, 0x15, 0x7f, 0x3f, 0x30, 0x2a, 0x7b, 0x3f, 0xe5, 0x0e, 0x64, 0x3f,
  0x20, 0xfb, 0x3b, 0x3f, 0x22, 0x53, 0x06, 0x3f, 0x3b, 0xad, 0x8e, 0x3e,
  0xa0, 0x3a, 0x71, 0x3c, 0xb9, 0x05, 0x7e, 0xbe, 0x52, 0xa9, 0xfb, 0xbe,
  0x36, 0x15, 0x33, 0xbf, 0xef, 0xeb, 0x5b, 0xbf, 0xfc, 0xf7, 0x75, 0xbf,
  0xd9, 0xe8, 0x7f, 0xbf, 0x70, 0x84, 0x79, 0xbf, 0xc3, 0x9a, 0x63, 0xbf,
  0x71, 0xe9, 0x3f, 0xbf, 0x73, 0xf2, 0x10, 0xbf, 0x76, 0x93, 0xb3, 0xbe,
  0x2b, 0xed, 0xee, 0xbd, 0x92, 0x0e, 0xfa, 0x3d, 0x68, 0x33, 0xb4, 0x3e,
  0x58, 0x75, 0x0f, 0x3f, 0x22, 0x90, 0x3c, 0x3f, 0xc0, 0x35, 0x5f, 0x3f,
  0x2c, 0xd8, 0x75, 0x3f, 0xf7, 0x9a, 0x7f, 0x3f, 0x4b, 0x54, 0x7c, 0x3f,
  0x89, 0x84, 0x6c, 0x3f, 0xb5, 0x45, 0x51, 0x3f, 0x60, 0x34, 0x2c, 0x3f,
  0x9f, 0xa7, 0xfe, 0x3e, 0x59, 0xde, 0x99, 0x3e, 0xed, 0xcc, 0xbb, 0x3d,
  0x75, 0x89, 0xf4, 0xbd, 0xca, 0x94, 0xa5, 0xbe, 0x59, 0xfa, 0x02, 0xbf,
  0x98, 0x2e, 0x2d, 0xbf, 0x52, 0xcb, 0x4f, 0xbf, 0xa2, 0x97, 0x69, 0xbf,
  0x9e, 0xc4, 0x79, 0xbf, 0x6b, 0xef, 0x7f, 0xbf, 0xbd, 0x1e, 0x7c, 0xbf,
  0x18, 0xbc, 0x6e, 0xbf, 0xc3, 0x89, 0x58, 0xbf, 0xe1, 0x95, 0x3a, 0xbf,
  0xb6, 0x2b, 0x16, 0xbf, 0x33, 0x87, 0xd9, 0xbe, 0x43, 0xca, 0x7f, 0xbe,
  0x6a, 0xd0, 0x8a, 0xbd, 0xd3, 0x3b, 0xeb, 0x3d, 0x59, 0x89, 0x95, 0x3e,
  0x72, 0x9b, 0xea, 0x3e, 0xc8, 0xba, 0x1b, 0x3f, 0x41, 0xf4, 0x3c, 0x3f,
  0xc9, 0x18, 0x58, 0x3f, 0x11, 0x81, 0x6c, 0x3f, 0x65, 0xc1, 0x79, 0x3f,
  0x45, 0xa9, 0x7f, 0x3f, 0x2b, 0x41, 0x7e, 0x3f, 0xbf, 0xc6, 0x75, 0x3f,
  0xb5, 0xa7, 0x66, 0x3f, 0xab, 0x7b, 0x51, 0x3f, 0x56, 0xfd, 0x36, 0x3f,
  0x1d, 0x03, 0x18, 0x3f, 0x30, 0xef, 0xea, 0x3e, 0x17, 0xa4, 0xa0, 0x3e,
  0xb1, 0x3c, 0x26, 0x3e, 0x97, 0x92, 0x0a, 0x3c, 0xb6, 0xa3, 0x13, 0xbe,
  0xf9, 0x87, 0x95, 0xbe, 0xb6, 0x24, 0xdd, 0xbe, 0x66, 0x95, 0x0f, 0xbf,
  0x73, 0x27, 0x2d, 0xbf, 0x0e, 0xbe, 0x46, 0xbf, 0x62, 0xeb, 0x5b, 0xbf,
  0xd5, 0x5e, 0x6c, 0xbf, 0xec, 0xe4, 0x77, 0xbf, 0x8a, 0x66, 0x7e, 0xbf,
  0x9f, 0xe7, 0x7f, 0xbf, 0x4d, 0x85, 0x7c, 0xbf, 0xb9, 0x73, 0x74, 0xbf,
  0x81, 0xfb, 0x67, 0xbf, 0xfc, 0x76, 0x57, 0xbf, 0x51, 0x4f, 0x43, 0xbf,
  0x88, 0xf9, 0x2b, 0xbf, 0x91, 0xf3, 0x11, 0xbf, 0xc3, 0x82, 0xeb, 0xbe,
  0x5e, 0xd4, 0xaf, 0xbe, 0x39, 0xd7, 0x63, 0xbe, 0x89, 0x52, 0xcb, 0xbd,
  0x3c, 0xc5, 0xc6, 0x3c, 0xa2, 0xbd, 0x15, 0x3e, 0x7a, 0x99, 0x87, 0x3e,
  0xde, 0xc4, 0xc1, 0x3e, 0xbf, 0x9d, 0xf8, 0x3e, 0x61, 0xbb, 0x15, 0x3f,
  0xdd, 0xdc, 0x2c, 0x3f, 0x31, 0x74, 0x41, 0x3f, 0x58, 0x4e, 0x53, 0x3f,
  0x59, 0x44, 0x62, 0x3f, 0x10, 0x3b, 0x6e, 0x3f, 0xc3, 0x22, 0x77, 0x3f,
  0xa2, 0xf6, 0x7c, 0x3f, 0x14, 0xbc, 0x7f, 0x3f, 0xfe, 0x81, 0x7f, 0x3f,
  0xee, 0x5f, 0x7c, 0x3f, 0x3b, 0x75, 0x76, 0x3f, 0x16, 0xe8, 0x6d, 0x3f,
  0x9f, 0xe4, 0x62, 0x3f, 0xf4, 0x9b, 0x55, 0x3f, 0x42, 0x43, 0x46, 0x3f,
  0xe2, 0x12, 0x35, 0x3f, 0x73, 0x45, 0x22, 0x3f, 0x0b, 0x17, 0x0e, 0x3f,
  0xe0, 0x88, 0xf1, 0x3e, 0xbf, 0x14, 0xc5, 0x3e, 0xc5, 0x49, 0x97, 0x3e,
  0xdc, 0x3a, 0x51, 0x3e, 0x17, 0x06, 0xe6, 0x3d, 0x78, 0x34, 0xa6, 0x3c,
  0xfa, 0x55, 0x91, 0xbd, 0x26, 0x8e, 0x24, 0xbe, 0xc8, 0x2c, 0x7e, 0xbe,
  0x72, 0x6f, 0xaa, 0xbe, 0xa3, 0x05, 0xd4, 0xbe, 0x03, 0x94, 0xfb, 0xbe,
  0xad, 0x6e, 0x10, 0xbf, 0x23, 0xd6, 0x21, 0xbf, 0x85, 0xe9, 0x31, 0xbf,
  0xcf, 0x95, 0x40, 0xbf, 0xb0, 0xcb, 0x4d, 0xbf, 0x6e, 0x7f, 0x59, 0xbf,
  0xc4, 0xa8, 0x63, 0xbf, 0xb7, 0x42, 0x6c, 0xbf, 0x67, 0x4b, 0x73, 0xbf,
  0xd9, 0xc3, 0x78, 0xbf, 0xcb, 0xaf, 0x7c, 0xbf, 0x74, 0x15, 0x7f, 0xbf,
  0x59, 0xfd, 0x7f, 0xbf, 0x06, 0x72, 0x7f, 0xbf, 0xe4, 0x7f, 0x7d, 0xbf,
  0xf9, 0x34, 0x7a, 0xbf, 0xbb, 0xa0, 0x75, 0xbf, 0xcd, 0xd3, 0x6f, 0xbf,
  0xe2, 0xdf, 0x68, 0xbf, 0x76, 0xd7, 0x60, 0xbf, 0xb2, 0xcd, 0x57, 0xbf,
  0x35, 0xd6, 0x4d, 0xbf, 0xf0, 0x04, 0x43, 0xbf, 0x01, 0x6e, 0x37, 0xbf,
  0x8e, 0x25, 0x2b, 0xbf, 0xa3, 0x3f, 0x1e, 0xbf, 0x15, 0xd0, 0x10, 0xbf,
  0x6c, 0xea, 0x02, 0xbf, 0x8a, 0x43, 0xe9, 0xbe, 0x7c, 0x11, 0xcc, 0xbe,
  0xcc, 0x62, 0xae, 0xbe, 0x56, 0x5a, 0x90, 0xbe, 0x2f, 0x33, 0x64, 0xbe,
  0x2d, 0x81, 0x27, 0xbe, 0x4a, 0xb7, 0xd5, 0xbd, 0xb6, 0xf1, 0x39, 0xbd,
  0xdc, 0x5e, 0x56, 0x3c, 0x64, 0x30, 0x91, 0x3d, 0x82, 0xea, 0x02, 0x3e,
  0x5a, 0x30, 0x3c, 0x3e, 0xa2, 0x40, 0x74, 0x3e, 0xc2, 0x7a, 0x95, 0x3e,
  0x42, 0x16, 0xb0, 0x3e, 0x2f, 0xe3, 0xc9, 0x3e, 0x7e, 0xd3, 0xe2, 0x3e,
  0xa9, 0xda, 0xfa, 0x3e, 0xd4, 0xf6, 0x08, 0x3f, 0x76, 0x01, 0x14, 0x3f,
  0x1f, 0x89, 0x1e, 0x3f, 0x61, 0x8a, 0x28, 0x3f, 0x6e, 0x02, 0x32, 0x3f,
  0x17, 0xef, 0x3a, 0x3f, 0xb8, 0x4e, 0x43, 0x3f, 0x3e, 0x20, 0x4b, 0x3f,
  0x15, 0x63, 0x52, 0x3f, 0x25, 0x17, 0x59, 0x3f, 0xc8, 0x3c, 0x5f, 0x3f,
  0xbe, 0xd4, 0x64, 0x3f, 0x2f, 0xe0, 0x69, 0x3f, 0x9d, 0x60, 0x6e, 0x3f,
  0xd8, 0x57, 0x72, 0x3f, 0x02, 0xc8, 0x75, 0x3f, 0x81, 0xb3, 0x78, 0x3f,
  0xf5, 0x1c, 0x7b, 0x3f, 0x3d, 0x07, 0x7d, 0x3f, 0x63, 0x75, 0x7e, 0x3f,
  0xa0, 0x6a, 0x7f, 0x3f, 0x54, 0xea, 0x7f, 0x3f, 0xfc, 0xf7, 0x7f, 0x3f,
  0x35, 0x97, 0x7f, 0x3f, 0xb0, 0xcb, 0x7e, 0x3f, 0x32, 0x99, 0x7d, 0x3f,
  0x8c, 0x03, 0x7c, 0x3f, 0x9c, 0x0e, 0x7a, 0x3f, 0x43, 0xbe, 0x77, 0x3f,
  0x6b, 0x16, 0x75, 0x3f, 0xf8, 0x1a, 0x72, 0x3f, 0xcc, 0xcf, 0x6e, 0x3f,
  0xc5, 0x38, 0x6b, 0x3f, 0xbc, 0x59, 0x67, 0x3f, 0x78, 0x36, 0x63, 0x3f,
  0xb9, 0xd2, 0x5e, 0x3f, 0x30, 0x32, 0x5a, 0x3f, 0x7c, 0x58, 0x55, 0x3f,
  0x2f, 0x49, 0x50, 0x3f, 0xc3, 0x07, 0x4b, 0x3f, 0xa2, 0x97, 0x45, 0x3f,
  0x22, 0xfc, 0x3f, 0x3f, 0x80, 0x38, 0x3a, 0x3f, 0xe3, 0x4f, 0x34, 0x3f,
  0x5f, 0x45, 0x2e, 0x3f, 0xee, 0x1b, 0x28, 0x3f, 0x72, 0xd6, 0x21, 0x3f,
  0xb4, 0x77, 0x1b, 0x3f, 0x6a, 0x02, 0x15, 0x3f, 0x2d, 0x79, 0x0e, 0x3f,
  0x7f, 0xde, 0x07, 0x3f, 0xcb, 0x34, 0x01, 0x3f, 0xc6, 0xfc, 0xf4, 0x3e,
  0x00, 0x7b, 0xe7, 0x3e, 0x8f, 0xe8, 0xd9, 0x3e, 0x88, 0x49, 0xcc, 0x3e,
  0xd4, 0xa1, 0xbe, 0x3e, 0x32, 0xf5, 0xb0, 0x3e, 0x30, 0x47, 0xa3, 0x3e,
  0x3a, 0x9b, 0x95, 0x3e, 0x85, 0xf4, 0x87, 0x3e, 0x45, 0xac, 0x74, 0x3e,
  0xfe, 0x85, 0x59, 0x3e, 0xb0, 0x7b, 0x3e, 0x3e, 0x9f, 0x92, 0x23, 0x3e,
  0xb2, 0xcf, 0x08, 0x3e, 0x2a, 0x6f, 0xdc, 0x3d, 0x30, 0x9d, 0xa7, 0x3d,
  0x92, 0x63, 0x66, 0x3d, 0x84, 0xd2, 0xfc, 0x3c, 0x05, 0xcf, 0xba, 0x3b,
  0x2f, 0x7a, 0x9d, 0xbc, 0x17, 0xcf, 0x33, 0xbd, 0x3a, 0xe8, 0x8b, 0xbd,
  0x29, 0x5b, 0xbd, 0xbd, 0x54, 0x3b, 0xee, 0xbd, 0x14, 0x42, 0x0f, 0xbe,
  0xaf, 0x18, 0x27, 0xbe, 0x8c, 0x9f, 0x3e, 0xbe, 0xe2, 0xd4, 0x55, 0xbe,
  0x18, 0xb7, 0x6c, 0xbe, 0x5e, 0xa2, 0x81, 0xbe, 0x40, 0xbe, 0x8c, 0xbe,
  0x9e, 0xae, 0x97, 0xbe, 0xf5, 0x72, 0xa2, 0xbe, 0xcf, 0x0a, 0xad, 0xbe,
  0xd0, 0x75, 0xb7, 0xbe, 0x9e, 0xb3, 0xc1, 0xbe, 0xf5, 0xc3, 0xcb, 0xbe,
  0x9e, 0xa6, 0xd5, 0xbe, 0x6a, 0x5b, 0xdf, 0xbe, 0x3b, 0xe2, 0xe8, 0xbe,
  0xfa, 0x3a, 0xf2, 0xbe, 0x9c, 0x65, 0xfb, 0xbe, 0x13, 0x31, 0x02, 0xbf,
  0x4d, 0x98, 0x06, 0xbf, 0x86, 0xe8, 0x0a, 0xbf, 0xcb, 0x21, 0x0f, 0xbf,
  0x2c, 0x44, 0x13, 0xbf, 0xbe, 0x4f, 0x17, 0xbf, 0x98, 0x44, 0x1b, 0xbf,
  0xd4, 0x22, 0x1f, 0xbf, 0x91, 0xea, 0x22, 0xbf, 0xee, 0x9b, 0x26, 0xbf,
  0x0f, 0x37, 0x2a, 0xbf, 0x16, 0xbc, 0x2d, 0xbf, 0x2a, 0x2b, 0x31, 0xbf,
  0x76, 0x84, 0x34, 0xbf, 0x23, 0xc8, 0x37, 0xbf, 0x5d, 0xf6, 0x3a, 0xbf,
  0x51, 0x0f, 0x3e, 0xbf, 0x2e, 0x13, 0x41, 0xbf, 0x25, 0x02, 0x44, 0xbf,
  0x62, 0xdc, 0x46, 0xbf, 0x1d, 0xa2, 0x49, 0xbf, 0x83, 0x53, 0x4c, 0xbf,
  0xc9, 0xf0, 0x4e, 0xbf, 0x23, 0x7a, 0x51, 0xbf, 0xc3, 0xef, 0x53, 0xbf,
  0xde, 0x51, 0x56, 0xbf, 0xa8, 0xa0, 0x58, 0xbf, 0x57, 0xdc, 0x5a, 0xbf,
  0x1d, 0x05, 0x5d, 0xbf, 0x32, 0x1b, 0x5f, 0xbf, 0xc9, 0x1e, 0x61, 0xbf,
  0x16, 0x10, 0x63, 0xbf, 0x4e, 0xef, 0x64, 0xbf, 0xa7, 0xbc, 0x66, 0xbf,
  0x51, 0x78, 0x68, 0xbf, 0x83, 0x22, 0x6a, 0xbf, 0x6e, 0xbb, 0x6b, 0xbf,
  0x45, 0x43, 0x6d, 0xbf, 0x3d, 0xba, 0x6e, 0xbf, 0x85, 0x20, 0x70, 0xbf,
  0x51, 0x76, 0x71, 0xbf, 0xd0, 0xbb, 0x72, 0xbf, 0x34, 0xf1, 0x73, 0xbf,
  0xac, 0x16, 0x75, 0xbf, 0x67, 0x2c, 0x76, 0xbf, 0x94, 0x32, 0x77, 0xbf,
  0x61, 0x29, 0x78, 0xbf, 0xfd, 0x10, 0x79, 0xbf, 0x93, 0xe9, 0x79, 0xbf,
  0x50, 0xb3, 0x7a, 0xbf, 0x5f, 0x6e, 0x7b, 0xbf, 0xee, 0x1a, 0x7c, 0xbf,
  0x22, 0xb9, 0x7c, 0xbf, 0x28, 0x49, 0x7d, 0xbf, 0x27, 0xcb, 0x7d, 0xbf,
  0x4a, 0x3f, 0x7e, 0xbf, 0xb7, 0xa5, 0x7e, 0xbf, 0x95, 0xfe, 0x7e, 0xbf,
  0x0a, 0x4a, 0x7f, 0xbf, 0x3d, 0x88, 0x7f, 0xbf, 0x52, 0xb9, 0x7f, 0xbf,
  0x6e, 0xdd, 0x7f, 0xbf, 0xb4, 0xf4, 0x7f, 0xbf, 0x46, 0xff, 0x7f, 0xbf,
  0x49, 0xfd, 0x7f, 0xbf, 0xde, 0xee, 0x7f, 0xbf, 0x26, 0xd4, 0x7f, 0xbf,
  0x43, 0xad, 0x7f, 0xbf, 0x52, 0x7a, 0x7f, 0xbf, 0x77, 0x3b, 0x7f, 0xbf,
  0xce, 0xf0, 0x7e, 0xbf, 0x76, 0x9a, 0x7e, 0xbf, 0x8d, 0x38, 0x7e, 0xbf,
  0x33, 0xcb, 0x7d, 0xbf, 0x80, 0x52, 0x7d, 0xbf, 0x95, 0xce, 0x7c, 0xbf,
  0x8d, 0x3f, 0x7c, 0xbf, 0x82, 0xa5, 0x7b, 0xbf, 0x91, 0x00, 0x7b, 0xbf,
  0xd3, 0x50, 0x7a, 0xbf, 0x64, 0x96, 0x79, 0xbf, 0x5e, 0xd1, 0x78, 0xbf,
  0xd7, 0x01, 0x78, 0xbf, 0xee, 0x27, 0x77, 0xbf, 0xb8, 0x43, 0x76, 0xbf,
  0x4c, 0x55, 0x75, 0xbf, 0xc8, 0x5c, 0x74, 0xbf, 0x3d, 0x5a, 0x73, 0xbf,
  0xc7, 0x4d, 0x72, 0xbf, 0x7c, 0x37, 0x71, 0xbf, 0x75, 0x17, 0x70, 0xbf,
  0xc4, 0xed, 0x6e, 0xbf, 0x83, 0xba, 0x6d, 0xbf, 0xc9, 0x7d, 0x6c, 0xbf,
  0xaa, 0x37, 0x6b, 0xbf, 0x3b, 0xe8, 0x69, 0xbf, 0x95, 0x8f, 0x68, 0xbf,
  0xcd, 0x2d, 0x67, 0xbf, 0xf6, 0xc2, 0x65, 0xbf, 0x28, 0x4f, 0x64, 0xbf,
  0x75, 0xd2, 0x62, 0xbf, 0xf5, 0x4c, 0x61, 0xbf, 0xbc, 0xbe, 0x5f, 0xbf,
  0xde, 0x27, 0x5e, 0xbf, 0x70, 0x88, 0x5c, 0xbf, 0x88, 0xe0, 0x5a, 0xbf,
  0x3b, 0x30, 0x59, 0xbf, 0x9b, 0x77, 0x57, 0xbf, 0xc0, 0xb6, 0x55, 0xbf,
  0xbc, 0xed, 0x53, 0xbf, 0xa4, 0x1c, 0x52, 0xbf, 0x8e, 0x43, 0x50, 0xbf,
  0x8e, 0x62, 0x4e, 0xbf, 0xb7, 0x79, 0x4c, 0xbf, 0x1f, 0x89, 0x4a, 0xbf,
  0xdc, 0x90, 0x48, 0xbf, 0x03, 0x91, 0x46, 0xbf, 0xa5, 0x89, 0x44, 0xbf,
  0xdc, 0x7a, 0x42, 0xbf, 0xb9, 0x64, 0x40, 0xbf, 0x54, 0x47, 0x3e, 0xbf,
  0xc1, 0x22, 0x3c, 0xbf, 0x15, 0xf7, 0x39, 0xbf, 0x67, 0xc4, 0x37, 0xbf,
  0xcc, 0x8a, 0x35, 0xbf, 0x57, 0x4a, 0x33, 0xbf, 0x23, 0x03, 0x31, 0xbf,
  0x41, 0xb5, 0x2e, 0xbf, 0xca, 0x60, 0x2c, 0xbf, 0xd5, 0x05, 0x2a, 0xbf,
  0x77, 0xa4, 0x27, 0xbf, 0xc8, 0x3c, 0x25, 0xbf, 0xdd, 0xce, 0x22, 0xbf,
  0xcd, 0x5a, 0x20, 0xbf, 0xb2, 0xe0, 0x1d, 0xbf, 0x9f, 0x60, 0x1b, 0xbf,
  0xb2, 0xda, 0x18, 0xbf, 0xfc, 0x4e, 0x16, 0xbf, 0x98, 0xbd, 0x13, 0xbf,
  0x9e, 0x26, 0x11, 0xbf, 0x26, 0x8a, 0x0e, 0xbf, 0x4a, 0xe8, 0x0b, 0xbf,
  0x22, 0x41, 0x09, 0xbf, 0xc6, 0x94, 0x06, 0xbf, 0x4f, 0xe3, 0x03, 0xbf,
  0xd8, 0x2c, 0x01, 0xbf, 0xf3, 0xe2, 0xfc, 0xbe, 0x9c, 0x62, 0xf7, 0xbe,
  0xdb, 0xd8, 0xf1, 0xbe, 0xea, 0x45, 0xec, 0xbe, 0xfb, 0xa9, 0xe6, 0xbe,
  0x41, 0x05, 0xe1, 0xbe, 0xf7, 0x57, 0xdb, 0xbe, 0x4e, 0xa2, 0xd5, 0xbe,
  0x7d, 0xe4, 0xcf, 0xbe, 0xbb, 0x1e, 0xca, 0xbe, 0x40, 0x51, 0xc4, 0xbe,
  0x47, 0x7c, 0xbe, 0xbe, 0x00, 0xa0, 0xb8, 0xbe, 0xac, 0xbc, 0xb2, 0xbe,
  0x7a, 0xd2, 0xac, 0xbe, 0xac, 0xe1, 0xa6, 0xbe, 0x76, 0xea, 0xa0, 0xbe,
  0x14, 0xed, 0x9a, 0xbe, 0xbe, 0xe9, 0x94, 0xbe, 0xad, 0xe0, 0x8e, 0xbe,
  0x22, 0xd2, 0x88, 0xbe, 0x53, 0xbe, 0x82, 0xbe, 0xf5, 0x4a, 0x79, 0xbe,
  0xac, 0x0f, 0x6d, 0xbe, 0x3e, 0xcb, 0x60, 0xbe, 0x28, 0x7e, 0x54, 0xbe,
  0xe5, 0x28, 0x48, 0xbe, 0xe6, 0xcb, 0x3b, 0xbe, 0xa4, 0x67, 0x2f, 0xbe,
  0x9f, 0xfc, 0x22, 0xbe, 0x4f, 0x8b, 0x16, 0xbe, 0x34, 0x14, 0x0a, 0xbe,
  0x74, 0x2f, 0xfb, 0xbd, 0xd9, 0x2c, 0xe2, 0xbd, 0x7a, 0x21, 0xc9, 0xbd,
  0x53, 0x0e, 0xb0, 0xbd, 0x5d, 0xf4, 0x96, 0xbd, 0x21, 0xa9, 0x7b, 0xbd,
  0xcb, 0x5f, 0x49, 0xbd, 0xaa, 0x0e, 0x17, 0xbd, 0x60, 0x6f, 0xc9, 0xbc,
  0x46, 0x73, 0x49, 0xbc, 0x00, 0x00, 0x00, 0x80, 0x57, 0xd7, 0x1e, 0x27,
  0x36, 0x75, 0xf6, 0x3e, 0x8d, 0x7f, 0x57, 0x3f, 0xaa, 0x44, 0x7f, 0x3f,
  0xb1, 0x40, 0x6a, 0x3f, 0xd6, 0xb0, 0x1e, 0x3f, 0x1e, 0xaa, 0x3c, 0x3e,
  0x5e, 0x81, 0x94, 0xbe, 0xa8, 0x3d, 0x32, 0xbf, 0x5a, 0x51, 0x72, 0xbf,
  0x75, 0x7d, 0x7d, 0xbf, 0x77, 0x8c, 0x52, 0xbf, 0x31, 0x6f, 0xf7, 0xbe,
  0x6f, 0xfa, 0x3e, 0xbd, 0x60, 0xee, 0xca, 0x3e, 0xe3, 0xb3, 0x41, 0x3f,
  0xa7, 0x07, 0x77, 0x3f, 0x30, 0xf3, 0x7b, 0x3f, 0xc1, 0x9c, 0x50, 0x3f,
  0xae, 0x8f, 0xfc, 0x3e, 0xcc, 0x00, 0xa9, 0x3d, 0x42, 0x39, 0xae, 0xbe,
  0x64, 0xe1, 0x32, 0xbf, 0xba, 0x4b, 0x6e, 0xbf, 0xcc, 0xbb, 0x7f, 0xbf,
  0x58, 0x29, 0x65, 0xbf, 0x14, 0x15, 0x24, 0xbf, 0x69, 0x6c, 0x90, 0xbe,
  0x00, 0x46, 0xf6, 0x3d, 0xfa, 0x0a, 0x00, 0x3f, 0x7a, 0x43, 0x4c, 0x3f,
  0xc4, 0x07, 0x78, 0x3f, 0xf5, 0x5e, 0x7d, 0x3f, 0xc6, 0x5f, 0x5c, 0x3f,
  0x7d, 0xd9, 0x1a, 0x3f, 0x52, 0x52, 0x86, 0x3e, 0xb1, 0x37, 0xec, 0xbd,
  0xd7, 0x90, 0xf2, 0xbe, 0x35, 0x69, 0x43, 0xbf, 0xc6, 0x24, 0x72, 0xbf,
  0xff, 0xcf, 0x7f, 0xbf, 0x7a, 0x62, 0x6b, 0xbf, 0x6d, 0x58, 0x38, 0xbf,
  0x77, 0xfe, 0xdb, 0xbe, 0x7e, 0x85, 0xb2, 0xbd, 0xe6, 0xe7, 0x86, 0x3e,
  0x4e, 0x40, 0x14, 0x3f, 0xe7, 0x8c, 0x52, 0x3f, 0xbd, 0x67, 0x77, 0x3f,
  0x25, 0x21, 0x7f, 0x3f, 0xc7, 0x8a, 0x69, 0x3f, 0xd0, 0xca, 0x39, 0x3f,
  0x9b, 0xa3, 0xeb, 0x3e, 0x0d, 0x2b, 0x16, 0x3e, 0x0b, 0x76, 0x38, 0xbe,
  0x0e, 0x76, 0xf8, 0xbe, 0xb6, 0xd2, 0x3c, 0xbf, 0xfd, 0x9f, 0x69, 0xbf,
  0x3a, 0x9f, 0x7e, 0xbf, 0xc5, 0x53, 0x7a, 0xbf, 0xb0, 0xc8, 0x5d, 0xbf,
  0x10, 0x52, 0x2c, 0xbf, 0x0d, 0x35, 0xd6, 0xbe, 0x53, 0x32, 0x02, 0xbe,
  0xae, 0x5b, 0x31, 0x3e, 0x5e, 0x47, 0xe9, 0x3e, 0x94, 0x1e, 0x32, 0x3f,
  0x1a, 0xbf, 0x5f, 0x3f, 0x94, 0x0c, 0x7a, 0x3f, 0x53, 0x52, 0x7f, 0x3f,
  0xca, 0xa9, 0x6f, 0x3f, 0xa8, 0xdd, 0x4c, 0x3f, 0xc4, 0x2b, 0x1a, 0x3f,
  0xae, 0xdb, 0xb7, 0x3e, 0xe1, 0x91, 0xb9, 0x3d, 0x47, 0xc6, 0x3a, 0xbe,
  0xab, 0x17, 0xe1, 0xbe, 0xc8, 0xae, 0x29, 0xbf, 0xd8, 0x3f, 0x56, 0xbf,
  0xc1, 0x71, 0x73, 0xbf, 0xfd, 0xa6, 0x7f, 0xbf, 0x60, 0x7c, 0x7a, 0xbf,
  0x2b, 0xbd, 0x64, 0xbf, 0x96, 0x43, 0x40, 0xbf, 0x93, 0xc9, 0x0f, 0xbf,
  0xf1, 0x5c, 0xad, 0xbe, 0xc8, 0xb3, 0xc5, 0xbd, 0xc6, 0xdd, 0x18, 0x3e,
  0x7b, 0xa1, 0xc4, 0x3e, 0xfd, 0x1f, 0x18, 0x3f, 0x16, 0xb4, 0x44, 0x3f,
  0x0b, 0xc4, 0x65, 0x3f, 0x34, 0xc6, 0x79, 0x3f, 0xd3, 0xfa, 0x7f, 0x3f,
  0x53, 0x6a, 0x78, 0x3f, 0xc5, 0xd8, 0x63, 0x3f, 0xf6, 0xaf, 0x43, 0x3f,
  0x70, 0xe2, 0x19, 0x3f, 0xfe, 0x92, 0xd1, 0x3e, 0x16, 0x02, 0x4c, 0x3e,
  0x40, 0x05, 0x98, 0xbc, 0x47, 0x1c, 0x6f, 0xbe, 0x41, 0x14, 0xdf, 0xbe,
  0xe3, 0xc2, 0x1d, 0xbf, 0x4b, 0x85, 0x44, 0xbf, 0x74, 0x50, 0x62, 0xbf,
  0x2e, 0x19, 0x76, 0xbf, 0x73, 0x4e, 0x7f, 0xbf, 0x06, 0xd8, 0x7d, 0xbf,
  0xf7, 0x0f, 0x72, 0xbf, 0xca, 0xb7, 0x5c, 0xbf, 0x12, 0xea, 0x3e, 0xbf,
  0x86, 0x09, 0x1a, 0xbf, 0x0d, 0x5d, 0xdf, 0xbe, 0xc5, 0x27, 0x83, 0xbe,
  0xdf, 0x1e, 0x8c, 0xbd, 0xb8, 0xcf, 0xf5, 0x3d, 0x76, 0xe2, 0x9a, 0x3e,
  0xa3, 0x1e, 0xf2, 0x3e, 0x80, 0x2f, 0x20, 0x3f, 0x6c, 0xa4, 0x41, 0x3f,
  0xe4, 0x7e, 0x5c, 0x3f, 0xf3, 0x11, 0x70, 0x3f, 0x5c, 0xf4, 0x7b, 0x3f,
  0xb1, 0xff, 0x7f, 0x3f, 0x41, 0x4d, 0x7c, 0x3f, 0x3f, 0x31, 0x71, 0x3f,
  0x60, 0x34, 0x5f, 0x3f, 0x5d, 0x0c, 0x47, 0x3f, 0xb0, 0x93, 0x29, 0x3f,
  0xd4, 0xc0, 0x07, 0x3f, 0xe7, 0x3a, 0xc5, 0x3e, 0xc5, 0xf6, 0x6c, 0x3e,
  0x22, 0xbf, 0x95, 0x3d, 0xc7, 0x18, 0xaf, 0xbd, 0x25, 0x3b, 0x76, 0xbe,
  0x18, 0xb2, 0xc6, 0xbe, 0x1f, 0x67, 0x06, 0xbf, 0x9b, 0xf9, 0x25, 0xbf,
  0x63, 0x6f, 0x41, 0xbf, 0x91, 0x47, 0x58, 0xbf, 0x6f, 0x22, 0x6a, 0xbf,
  0x82, 0xc1, 0x76, 0xbf, 0xcf, 0x06, 0x7e, 0xbf, 0x62, 0xf3, 0x7f, 0xbf,
  0x39, 0xa5, 0x7c, 0xbf, 0xb8, 0x54, 0x74, 0xbf, 0xb5, 0x51, 0x67, 0xbf,
  0x37, 0x00, 0x56, 0xbf, 0x17, 0xd5, 0x40, 0xbf, 0x7c, 0x52, 0x28, 0xbf,
  0x65, 0x04, 0x0d, 0xbf, 0x8d, 0xfa, 0xde, 0xbe, 0x92, 0xa5, 0xa0, 0xbe,
  0xfb, 0x6a, 0x40, 0xbe, 0x0e, 0x86, 0x76, 0xbd, 0xd0, 0xb1, 0x89, 0x3d,
  0x23, 0xe9, 0x44, 0x3e, 0x64, 0x4c, 0xa0, 0x3e, 0x2f, 0x0e, 0xdb, 0x3e,
  0x11, 0xf6, 0x08, 0x3f, 0x13, 0x19, 0x22, 0x3f, 0x88, 0xa3, 0x38, 0x3f,
  0xa0, 0x56, 0x4c, 0x3f, 0x66, 0x01, 0x5d, 0x3f, 0x8d, 0x80, 0x6a, 0x3f,
  0x09, 0xbe, 0x74, 0x3f, 0x88, 0xb0, 0x7b, 0x3f, 0xae, 0x5a, 0x7f, 0x3f,
  0x3a, 0xca, 0x7f, 0x3f, 0x1c, 0x17, 0x7d, 0x3f, 0x68, 0x62, 0x77, 0x3f,
  0x3e, 0xd5, 0x6e, 0x3f, 0xb7, 0x9f, 0x63, 0x3f, 0xcb, 0xf7, 0x55, 0x3f,
  0x2b, 0x18, 0x46, 0x3f, 0x3c, 0x3f, 0x34, 0x3f, 0x06, 0xae, 0x20, 0x3f,
  0x3a, 0xa7, 0x0b, 0x3f, 0x93, 0xdc, 0xea, 0x3e, 0x13, 0x8d, 0xbc, 0x3e,
  0xe1, 0xe4, 0x8c, 0x3e, 0x5f, 0xcb, 0x38, 0x3e, 0x4a, 0x33, 0xae, 0x3d,
  0xa8, 0xbc, 0x25, 0xbc, 0x4b, 0x64, 0xd5, 0xbd, 0x09, 0x15, 0x49, 0xbe,
  0xd5, 0x5f, 0x92, 0xbe, 0xec, 0x7e, 0xbe, 0xbe, 0x4d, 0x96, 0xe8, 0xbe,
  0xab, 0x2e, 0x08, 0xbf, 0x2f, 0xca, 0x1a, 0xbf, 0x50, 0x02, 0x2c, 0xbf,
  0x1c, 0xc0, 0x3b, 0xbf, 0xf2, 0xf0, 0x49, 0xbf, 0x62, 0x86, 0x56, 0xbf,
  0x09, 0x76, 0x61, 0xbf, 0x59, 0xb9, 0x6a, 0xbf, 0x68, 0x4d, 0x72, 0xbf,
  0xb6, 0x32, 0x78, 0xbf, 0xed, 0x6c, 0x7c, 0xbf, 0xa2, 0x02, 0x7f, 0xbf,
  0x0f, 0xfd, 0x7f, 0xbf, 0xd8, 0x67, 0x7f, 0xbf, 0xc8, 0x50, 0x7d, 0xbf,
  0x85, 0xc7, 0x79, 0xbf, 0x5e, 0xdd, 0x74, 0xbf, 0x02, 0xa5, 0x6e, 0xbf,
  0x4a, 0x32, 0x67, 0xbf, 0xfa, 0x99, 0x5e, 0xbf, 0x92, 0xf1, 0x54, 0xbf,
  0x13, 0x4f, 0x4a, 0xbf, 0xd2, 0xc8, 0x3e, 0xbf, 0x4f, 0x75, 0x32, 0xbf,
  0x01, 0x6b, 0x25, 0xbf, 0x3d, 0xc0, 0x17, 0xbf, 0x0a, 0x8b, 0x09, 0xbf,
  0x10, 0xc2, 0xf5, 0xbe, 0xa5, 0xae, 0xd7, 0xbe, 0xcb, 0x04, 0xb9, 0xbe,
  0x1f, 0xec, 0x99, 0xbe, 0x5d, 0x15, 0x75, 0xbe, 0xc9, 0x09, 0x36, 0xbe,
  0xb4, 0xf5, 0xed, 0xbd, 0x33, 0xa9, 0x60, 0xbd, 0xd9, 0x3e, 0xc5, 0x3b,
  0xa6, 0x8f, 0x87, 0x3d, 0x16, 0x79, 0x00, 0x3e, 0x6b, 0x0b, 0x3c, 0x3e,
  0x75, 0x50, 0x76, 0x3e, 0xd8, 0x8e, 0x97, 0x3e, 0x36, 0x26, 0xb3, 0x3e,
  0xde, 0xdc, 0xcd, 0x3e, 0x2d, 0xa3, 0xe7, 0x3e, 0xa8, 0x35, 0x00, 0x3f,
  0x92, 0x14, 0x0c, 0x3f, 0x1c, 0x69, 0x17, 0x3f, 0xdc, 0x2e, 0x22, 0x3f,
  0x27, 0x62, 0x2c, 0x3f, 0x0f, 0x00, 0x36, 0x3f, 0x57, 0x06, 0x3f, 0x3f,
  0x6b, 0x73, 0x47, 0x3f, 0x54, 0x46, 0x4f, 0x3f, 0xad, 0x7e, 0x56, 0x3f,
  0x9c, 0x1c, 0x5d, 0x3f, 0xc9, 0x20, 0x63, 0x3f, 0x53, 0x8c, 0x68, 0x3f,
  0xc4, 0x60, 0x6d, 0x3f, 0x0e, 0xa0, 0x71, 0x3f, 0x7e, 0x4c, 0x75, 0x3f,
  0xb0, 0x68, 0x78, 0x3f, 0x90, 0xf7, 0x7a, 0x3f, 0x4d, 0xfc, 0x7c, 0x3f,
  0x4e, 0x7a, 0x7e, 0x3f, 0x30, 0x75, 0x7f, 0x3f, 0xbe, 0xf0, 0x7f, 0x3f,
  0xea, 0xf0, 0x7f, 0x3f, 0xc3, 0x79, 0x7f, 0x3f, 0x79, 0x8f, 0x7e, 0x3f,
  0x4b, 0x36, 0x7d, 0x3f, 0x8c, 0x72, 0x7b, 0x3f, 0x99, 0x48, 0x79, 0x3f,
  0xd6, 0xbc, 0x76, 0x3f, 0xac, 0xd3, 0x73, 0x3f, 0x7d, 0x91, 0x70, 0x3f,
  0xb0, 0xfa, 0x6c, 0x3f, 0x9e, 0x13, 0x69, 0x3f, 0x94, 0xe0, 0x64, 0x3f,
  0xd6, 0x65, 0x60, 0x3f, 0x99, 0xa7, 0x5b, 0x3f, 0xfb, 0xa9, 0x56, 0x3f,
  0x0e, 0x71, 0x51, 0x3f, 0xc6, 0x00, 0x4c, 0x3f, 0x07, 0x5d, 0x46, 0x3f,
  0x9d, 0x89, 0x40, 0x3f, 0x37, 0x8a, 0x3a, 0x3f, 0x6c, 0x62, 0x34, 0x3f,
  0xb8, 0x15, 0x2e, 0x3f, 0x7d, 0xa7, 0x27, 0x3f, 0xff, 0x1a, 0x21, 0x3f,
  0x67, 0x73, 0x1a, 0x3f, 0xc3, 0xb3, 0x13, 0x3f, 0x03, 0xdf, 0x0c, 0x3f,
  0xf9, 0xf7, 0x05, 0x3f, 0xbc, 0x02, 0xfe, 0x3e, 0x99, 0xfb, 0xef, 0x3e,
  0x8a, 0xdf, 0xe1, 0x3e, 0x53, 0xb3, 0xd3, 0x3e, 0x88, 0x7b, 0xc5, 0x3e,
  0x7e, 0x3c, 0xb7, 0x3e, 0x63, 0xfa, 0xa8, 0x3e, 0x22, 0xb9, 0x9a, 0x3e,
  0x7e, 0x7c, 0x8c, 0x3e, 0x10, 0x90, 0x7c, 0x3e, 0x35, 0x3e, 0x60, 0x3e,
  0xc4, 0x09, 0x44, 0x3e, 0xcb, 0xf8, 0x27, 0x3e, 0xec, 0x10, 0x0c, 0x3e,
  0xf4, 0xae, 0xe0, 0x3d, 0xfb, 0xa2, 0xa9, 0x3d, 0x75, 0x0e, 0x66, 0x3d,
  0xf3, 0x91, 0xf3, 0x3c, 0xa2, 0x5d, 0x68, 0x3b, 0x5a, 0x57, 0xb7, 0xbc,
  0x7c, 0xbd, 0x44, 0xbd, 0x3d, 0x51, 0x96, 0xbd, 0x4a, 0xa7, 0xc9, 0xbd,
  0x58, 0x5b, 0xfc, 0xbd, 0x21, 0x34, 0x17, 0xbe, 0xb6, 0xe4, 0x2f, 0xbe,
  0x4a, 0x3d, 0x48, 0xbe, 0xf4, 0x3b, 0x60, 0xbe, 0xf8, 0xde, 0x77, 0xbe,
  0x69, 0x92, 0x87, 0xbe, 0x0c, 0x06, 0x93, 0xbe, 0xd0, 0x49, 0x9e, 0xbe,
  0x2d, 0x5d, 0xa9, 0xbe, 0xad, 0x3f, 0xb4, 0xbe, 0xf8, 0xf0, 0xbe, 0xbe,
  0xb5, 0x70, 0xc9, 0xbe, 0xac, 0xbe, 0xd3, 0xbe, 0xa7, 0xda, 0xdd, 0xbe,
  0x85, 0xc4, 0xe7, 0xbe, 0x37, 0x7c, 0xf1, 0xbe, 0xae, 0x01, 0xfb, 0xbe,
  0x78, 0x2a, 0x02, 0xbf, 0x07, 0xbb, 0x06, 0xbf, 0x90, 0x32, 0x0b, 0xbf,
  0x25, 0x91, 0x0f, 0xbf, 0xdd, 0xd6, 0x13, 0xbf, 0xd0, 0x03, 0x18, 0xbf,
  0x1e, 0x18, 0x1c, 0xbf, 0xe9, 0x13, 0x20, 0xbf, 0x54, 0xf7, 0x23, 0xbf,
  0x8c, 0xc2, 0x27, 0xbf, 0xb6, 0x75, 0x2b, 0xbf, 0x04, 0x11, 0x2f, 0xbf,
  0xa6, 0x94, 0x32, 0xbf, 0xcb, 0x00, 0x36, 0xbf, 0xaa, 0x55, 0x39, 0xbf,
  0x78, 0x93, 0x3c, 0xbf, 0x6c, 0xba, 0x3f, 0xbf, 0xbe, 0xca, 0x42, 0xbf,
  0xaa, 0xc4, 0x45, 0xbf, 0x68, 0xa8, 0x48, 0xbf, 0x38, 0x76, 0x4b, 0xbf,
  0x52, 0x2e, 0x4e, 0xbf, 0xf6, 0xd0, 0x50, 0xbf, 0x60, 0x5e, 0x53, 0xbf,
  0xd1, 0xd6, 0x55, 0xbf, 0x84, 0x3a, 0x58, 0xbf, 0xbb, 0x89, 0x5a, 0xbf,
  0xb1, 0xc4, 0x5c, 0xbf, 0xa9, 0xeb, 0x5e, 0xbf, 0xdd, 0xfe, 0x60, 0xbf,
  0x90, 0xfe, 0x62, 0xbf, 0xfc, 0xea, 0x64, 0xbf, 0x61, 0xc4, 0x66, 0xbf,
  0xfb, 0x8a, 0x68, 0xbf, 0x0a, 0x3f, 0x6a, 0xbf, 0xc9, 0xe0, 0x6b, 0xbf,
  0x73, 0x70, 0x6d, 0xbf, 0x47, 0xee, 0x6e, 0xbf, 0x7b, 0x5a, 0x70, 0xbf,
  0x4d, 0xb5, 0x71, 0xbf, 0xf6, 0xfe, 0x72, 0xbf, 0xae, 0x37, 0x74, 0xbf,
  0xae, 0x5f, 0x75, 0xbf, 0x2d, 0x77, 0x76, 0xbf, 0x64, 0x7e, 0x77, 0xbf,
  0x85, 0x75, 0x78, 0xbf, 0xc7, 0x5c, 0x79, 0xbf, 0x60, 0x34, 0x7a, 0xbf,
  0x81, 0xfc, 0x7a, 0xbf, 0x5e, 0xb5, 0x7b, 0xbf, 0x29, 0x5f, 0x7c, 0xbf,
  0x13, 0xfa, 0x7c, 0xbf, 0x4b, 0x86, 0x7d, 0xbf, 0x01, 0x04, 0x7e, 0xbf,
  0x64, 0x73, 0x7e, 0xbf, 0xa2, 0xd4, 0x7e, 0xbf, 0xe7, 0x27, 0x7f, 0xbf,
  0x5f, 0x6d, 0x7f, 0xbf, 0x35, 0xa5, 0x7f, 0xbf, 0x95, 0xcf, 0x7f, 0xbf,
  0xa7, 0xec, 0x7f, 0xbf, 0x94, 0xfc, 0x7f, 0xbf, 0x86, 0xff, 0x7f, 0xbf,
  0xa2, 0xf5, 0x7f, 0xbf, 0x0e, 0xdf, 0x7f, 0xbf, 0xf1, 0xbb, 0x7f, 0xbf,
  0x6f, 0x8c, 0x7f, 0xbf, 0xaf, 0x50, 0x7f, 0xbf, 0xd1, 0x08, 0x7f, 0xbf,
  0xfa, 0xb4, 0x7e, 0xbf, 0x4d, 0x55, 0x7e, 0xbf, 0xe8, 0xe9, 0x7d, 0xbf,
  0xef, 0x72, 0x7d, 0xbf, 0x83, 0xf0, 0x7c, 0xbf, 0xc0, 0x62, 0x7c, 0xbf,
  0xc8, 0xc9, 0x7b, 0xbf, 0xb8, 0x25, 0x7b, 0xbf, 0xb0, 0x76, 0x7a, 0xbf,
  0xcb, 0xbc, 0x79, 0xbf, 0x27, 0xf8, 0x78, 0xbf, 0xde, 0x28, 0x78, 0xbf,
  0x11, 0x4f, 0x77, 0xbf, 0xd8, 0x6a, 0x76, 0xbf, 0x4d, 0x7c, 0x75, 0xbf,
  0x8d, 0x83, 0x74, 0xbf, 0xb1, 0x80, 0x73, 0xbf, 0xd1, 0x73, 0x72, 0xbf,
  0x0a, 0x5d, 0x71, 0xbf, 0x72, 0x3c, 0x70, 0xbf, 0x21, 0x12, 0x6f, 0xbf,
  0x32, 0xde, 0x6d, 0xbf, 0xbd, 0xa0, 0x6c, 0xbf, 0xd7, 0x59, 0x6b, 0xbf,
  0x9a, 0x09, 0x6a, 0xbf, 0x1a, 0xb0, 0x68, 0xbf, 0x71, 0x4d, 0x67, 0xbf,
  0xb4, 0xe1, 0x65, 0xbf, 0xf9, 0x6c, 0x64, 0xbf, 0x58, 0xef, 0x62, 0xbf,
  0xe6, 0x68, 0x61, 0xbf, 0xba, 0xd9, 0x5f, 0xbf, 0xe7, 0x41, 0x5e, 0xbf,
  0x85, 0xa1, 0x5c, 0xbf, 0xaa, 0xf8, 0x5a, 0xbf, 0x69, 0x47, 0x59, 0xbf,
  0xd9, 0x8d, 0x57, 0xbf, 0x0e, 0xcc, 0x55, 0xbf, 0x20, 0x02, 0x54, 0xbf,
  0x21, 0x30, 0x52, 0xbf, 0x26, 0x56, 0x50, 0xbf, 0x46, 0x74, 0x4e, 0xbf,
  0x95, 0x8a, 0x4c, 0xbf, 0x28, 0x99, 0x4a, 0xbf, 0x16, 0xa0, 0x48, 0xbf,
  0x70, 0x9f, 0x46, 0xbf, 0x4f, 0x97, 0x44, 0xbf, 0xc5, 0x87, 0x42, 0xbf,
  0xeb, 0x70, 0x40, 0xbf, 0xd3, 0x52, 0x3e, 0xbf, 0x93, 0x2d, 0x3c, 0xbf,
  0x40, 0x01, 0x3a, 0xbf, 0xf3, 0xcd, 0x37, 0xbf, 0xbe, 0x93, 0x35, 0xbf,
  0xb6, 0x52, 0x33, 0xbf, 0xf4, 0x0a, 0x31, 0xbf, 0x8e, 0xbc, 0x2e, 0xbf,
  0x96, 0x67, 0x2c, 0xbf, 0x26, 0x0c, 0x2a, 0xbf, 0x55, 0xaa, 0x27, 0xbf,
  0x35, 0x42, 0x25, 0xbf, 0xe2, 0xd3, 0x22, 0xbf, 0x71, 0x5f, 0x20, 0xbf,
  0xf7, 0xe4, 0x1d, 0xbf, 0x8e, 0x64, 0x1b, 0xbf, 0x4c, 0xde, 0x18, 0xbf,
  0x48, 0x52, 0x16, 0xbf, 0x9b, 0xc0, 0x13, 0xbf, 0x5f, 0x29, 0x11, 0xbf,
  0xa7, 0x8c, 0x0e, 0xbf, 0x90, 0xea, 0x0b, 0xbf, 0x2f, 0x43, 0x09, 0xbf,
  0xa1, 0x96, 0x06, 0xbf, 0xfb, 0xe4, 0x03, 0xbf, 0x58, 0x2e, 0x01, 0xbf,
  0xa3, 0xe5, 0xfc, 0xbe, 0x02, 0x65, 0xf7, 0xbe, 0xfe, 0xda, 0xf1, 0xbe,
  0xcd, 0x47, 0xec, 0xbe, 0xa5, 0xab, 0xe6, 0xbe, 0xbc, 0x06, 0xe1, 0xbe,
  0x40, 0x59, 0xdb, 0xbe, 0x6e, 0xa3, 0xd5, 0xbe, 0x79, 0xe5, 0xcf, 0xbe,
  0x95, 0x1f, 0xca, 0xbe, 0xfc, 0x51, 0xc4, 0xbe, 0xe8, 0x7c, 0xbe, 0xbe,
  0x89, 0xa0, 0xb8, 0xbe, 0x1e, 0xbd, 0xb2, 0xbe, 0xde, 0xd2, 0xac, 0xbe,
  0xfd, 0xe1, 0xa6, 0xbe, 0xb9, 0xea, 0xa0, 0xbe, 0x4d, 0xed, 0x9a, 0xbe,
  0xed, 0xe9, 0x94, 0xbe, 0xd6, 0xe0, 0x8e, 0xbe, 0x41, 0xd2, 0x88, 0xbe,
  0x6a, 0xbe, 0x82, 0xbe, 0x16, 0x4b, 0x79, 0xbe, 0xc7, 0x0f, 0x6d, 0xbe,
  0x58, 0xcb, 0x60, 0xbe, 0x3c, 0x7e, 0x54, 0xbe, 0xf2, 0x28, 0x48, 0xbe,
  0xed, 0xcb, 0x3b, 0xbe, 0xab, 0x67, 0x2f, 0xbe, 0xa6, 0xfc, 0x22, 0xbe,
  0x56, 0x8b, 0x16, 0xbe, 0x34, 0x14, 0x0a, 0xbe, 0x81, 0x2f, 0xfb, 0xbd,
  0xd9, 0x2c, 0xe2, 0xbd, 0x7a, 0x21, 0xc9, 0xbd, 0x53, 0x0e, 0xb0, 0xbd,
  0x5e, 0xf4, 0x96, 0xbd, 0x21, 0xa9, 0x7b, 0xbd, 0xcb, 0x5f, 0x49, 0xbd,
  0xaa, 0x0e, 0x17, 0xbd, 0x60, 0x6f, 0xc9, 0xbc, 0x46, 0x73, 0x49, 0xbc,
  0x00, 0x00, 0x00, 0x80
};
unsigned int src_CHIRP_bin_len = 16384;
