unsigned char src_GMTRY_2_bin[] = {
  0x00, 0x00, 0x00, 0x80, 0x34, 0x01, 0x52, 0x3c, 0x12, 0x97, 0xcf, 0x3c,
  0x13, 0xf0, 0x19, 0x3d, 0x7f, 0xfb, 0x4a, 0x3d, 0x98, 0xfa, 0x7a, 0x3d,
  0xbf, 0xfc, 0x94, 0x3d, 0xd1, 0x01, 0xac, 0x3d, 0xf1, 0x91, 0xc2, 0x3d,
  0x49, 0xb2, 0xd8, 0x3d, 0xa2, 0x67, 0xee, 0x3d, 0x5f, 0xdb, 0x01, 0x3e,
  0xfc, 0x51, 0x0c, 0x3e, 0xba, 0x99, 0x16, 0x3e, 0x9e, 0xb4, 0x20, 0x3e,
  0x91, 0xa4, 0x2a, 0x3e, 0x5c, 0x6b, 0x34, 0x3e, 0xba, 0x0a, 0x3e, 0x3e,
  0x59, 0x84, 0x47, 0x3e, 0xca, 0xd9, 0x50, 0x3e, 0x8d, 0x0c, 0x5a, 0x3e,
  0x12, 0x1e, 0x63, 0x3e, 0xbe, 0x0f, 0x6c, 0x3e, 0xe6, 0xe2, 0x74, 0x3e,
  0xda, 0x98, 0x7d, 0x3e, 0x61, 0x19, 0x83, 0x3e, 0xec, 0x58, 0x87, 0x3e,
  0x9c, 0x8b, 0x8b, 0x3e, 0x00, 0xb2, 0x8f, 0x3e, 0x9b, 0xcc, 0x93, 0x3e,
  0xf1, 0xdb, 0x97, 0x3e, 0x7e, 0xe0, 0x9b, 0x3e, 0xbc, 0xda, 0x9f, 0x3e,
  0x20, 0xcb, 0xa3, 0x3e, 0x1e, 0xb2, 0xa7, 0x3e, 0x1e, 0x90, 0xab, 0x3e,
  0x92, 0x65, 0xaf, 0x3e, 0xd9, 0x32, 0xb3, 0x3e, 0x5d, 0xf8, 0xb6, 0x3e,
  0x80, 0xb6, 0xba, 0x3e, 0x9c, 0x6d, 0xbe, 0x3e, 0x13, 0x1e, 0xc2, 0x3e,
  0x3c, 0xc8, 0xc5, 0x3e, 0x6f, 0x6c, 0xc9, 0x3e, 0x05, 0x0b, 0xcd, 0x3e,
  0x4c, 0xa4, 0xd0, 0x3e, 0x9c, 0x38, 0xd4, 0x3e, 0x45, 0xc8, 0xd7, 0x3e,
  0x93, 0x53, 0xdb, 0x3e, 0xd8, 0xda, 0xde, 0x3e, 0x5a, 0x5e, 0xe2, 0x3e,
  0x6d, 0xde, 0xe5, 0x3e, 0x19, 0x18, 0xea, 0x3e, 0x95, 0x6a, 0xee, 0x3e,
  0x9a, 0xc1, 0xf2, 0x3e, 0x89, 0x1d, 0xf7, 0x3e, 0xbd, 0x7e, 0xfb, 0x3e,
  0x9a, 0xe5, 0xff, 0x3e, 0x40, 0x29, 0x02, 0x3f, 0xec, 0x62, 0x04, 0x3f,
  0x03, 0xa0, 0x06, 0x3f, 0xbb, 0xe0, 0x08, 0x3f, 0x48, 0x25, 0x0b, 0x3f,
  0xe3, 0x6d, 0x0d, 0x3f, 0xc3, 0xba, 0x0f, 0x3f, 0x23, 0x0c, 0x12, 0x3f,
  0x40, 0x62, 0x14, 0x3f, 0x57, 0xbd, 0x16, 0x3f, 0xa5, 0x1d, 0x19, 0x3f,
  0x6c, 0x83, 0x1b, 0x3f, 0xf1, 0xee, 0x1d, 0x3f, 0x78, 0x60, 0x20, 0x3f,
  0x48, 0xd8, 0x22, 0x3f, 0xad, 0x56, 0x25, 0x3f, 0xf1, 0xdb, 0x27, 0x3f,
  0x66, 0x68, 0x2a, 0x3f, 0x5e, 0xfc, 0x2c, 0x3f, 0x2c, 0x98, 0x2f, 0x3f,
  0x29, 0x3c, 0x32, 0x3f, 0xb5, 0xe8, 0x34, 0x3f, 0x2b, 0x9e, 0x37, 0x3f,
  0xf1, 0x5c, 0x3a, 0x3f, 0x70, 0x25, 0x3d, 0x3f, 0x12, 0xf8, 0x3f, 0x3f,
  0x48, 0xd5, 0x42, 0x3f, 0x8a, 0xbd, 0x45, 0x3f, 0x50, 0xb1, 0x48, 0x3f,
  0x1f, 0xb1, 0x4b, 0x3f, 0x7c, 0xbd, 0x4e, 0x3f, 0xf3, 0xd6, 0x51, 0x3f,
  0x1a, 0xfe, 0x54, 0x3f, 0x8d, 0x33, 0x58, 0x3f, 0xef, 0x77, 0x5b, 0x3f,
  0xea, 0xcb, 0x5e, 0x3f, 0x35, 0x30, 0x62, 0x3f, 0x8c, 0xa5, 0x65, 0x3f,
  0xba, 0x2c, 0x69, 0x3f, 0x91, 0xc6, 0x6c, 0x3f, 0xf1, 0x73, 0x70, 0x3f,
  0xc4, 0x35, 0x74, 0x3f, 0x04, 0x0d, 0x78, 0x3f, 0xbb, 0xfa, 0x7b, 0x3f,
  0x00, 0x00, 0x80, 0x3f, 0xd9, 0x33, 0x7f, 0x3f, 0x6a, 0x3a, 0x7d, 0x3f,
  0x5f, 0x4c, 0x7b, 0x3f, 0x35, 0x69, 0x79, 0x3f, 0x6b, 0x90, 0x77, 0x3f,
  0x8a, 0xc1, 0x75, 0x3f, 0x1f, 0xfc, 0x73, 0x3f, 0xbe, 0x3f, 0x72, 0x3f,
  0x03, 0x8c, 0x70, 0x3f, 0x8c, 0xe0, 0x6e, 0x3f, 0xfe, 0x3c, 0x6d, 0x3f,
  0x00, 0xa1, 0x6b, 0x3f, 0x41, 0x0c, 0x6a, 0x3f, 0x72, 0x7e, 0x68, 0x3f,
  0x46, 0xf7, 0x66, 0x3f, 0x76, 0x76, 0x65, 0x3f, 0xbd, 0xfb, 0x63, 0x3f,
  0xdc, 0x86, 0x62, 0x3f, 0x94, 0x17, 0x61, 0x3f, 0xa6, 0xad, 0x5f, 0x3f,
  0xdb, 0x48, 0x5e, 0x3f, 0xfd, 0xe8, 0x5c, 0x3f, 0xd6, 0x8d, 0x5b, 0x3f,
  0x33, 0x37, 0x5a, 0x3f, 0xe6, 0xe4, 0x58, 0x3f, 0xbe, 0x96, 0x57, 0x3f,
  0x8f, 0x4c, 0x56, 0x3f, 0x2f, 0x06, 0x55, 0x3f, 0x72, 0xc3, 0x53, 0x3f,
  0x33, 0x84, 0x52, 0x3f, 0x48, 0x48, 0x51, 0x3f, 0x8d, 0x0f, 0x50, 0x3f,
  0xe0, 0xd9, 0x4e, 0x3f, 0x1b, 0xa7, 0x4d, 0x3f, 0x1d, 0x77, 0x4c, 0x3f,
  0xc5, 0x49, 0x4b, 0x3f, 0xf4, 0x1e, 0x4a, 0x3f, 0x8c, 0xf6, 0x48, 0x3f,
  0x6c, 0xd0, 0x47, 0x3f, 0x79, 0xac, 0x46, 0x3f, 0x94, 0x8a, 0x45, 0x3f,
  0xa4, 0x6a, 0x44, 0x3f, 0x8d, 0x4c, 0x43, 0x3f, 0x35, 0x30, 0x42, 0x3f,
  0x80, 0x15, 0x41, 0x3f, 0x58, 0xfc, 0x3f, 0x3f, 0xa1, 0xe4, 0x3e, 0x3f,
  0x44, 0xce, 0x3d, 0x3f, 0x2a, 0xb9, 0x3c, 0x3f, 0x3a, 0xa5, 0x3b, 0x3f,
  0x5e, 0x92, 0x3a, 0x3f, 0x2b, 0xf5, 0x39, 0x3f, 0xc6, 0x89, 0x39, 0x3f,
  0xf1, 0x1d, 0x39, 0x3f, 0xa4, 0xb1, 0x38, 0x3f, 0xd7, 0x44, 0x38, 0x3f,
  0x7e, 0xd7, 0x37, 0x3f, 0x92, 0x69, 0x37, 0x3f, 0x06, 0xfb, 0x36, 0x3f,
  0xd2, 0x8b, 0x36, 0x3f, 0xed, 0x1b, 0x36, 0x3f, 0x4b, 0xab, 0x35, 0x3f,
  0xe2, 0x39, 0x35, 0x3f, 0xa6, 0xc7, 0x34, 0x3f, 0x8c, 0x54, 0x34, 0x3f,
  0x8b, 0xe0, 0x33, 0x3f, 0x93, 0x6b, 0x33, 0x3f, 0x9a, 0xf5, 0x32, 0x3f,
  0x95, 0x7e, 0x32, 0x3f, 0x75, 0x06, 0x32, 0x3f, 0x2b, 0x8d, 0x31, 0x3f,
  0xad, 0x12, 0x31, 0x3f, 0xe9, 0x96, 0x30, 0x3f, 0xd4, 0x19, 0x30, 0x3f,
  0x5b, 0x9b, 0x2f, 0x3f, 0x70, 0x1b, 0x2f, 0x3f, 0x02, 0x9a, 0x2e, 0x3f,
  0x02, 0x17, 0x2e, 0x3f, 0x5c, 0x92, 0x2d, 0x3f, 0xfd, 0x0b, 0x2d, 0x3f,
  0xd5, 0x83, 0x2c, 0x3f, 0xcb, 0xf9, 0x2b, 0x3f, 0xcf, 0x6d, 0x2b, 0x3f,
  0xc9, 0xdf, 0x2a, 0x3f, 0xa2, 0x4f, 0x2a, 0x3f, 0x42, 0xbd, 0x29, 0x3f,
  0x92, 0x28, 0x29, 0x3f, 0x77, 0x91, 0x28, 0x3f, 0xd6, 0xf7, 0x27, 0x3f,
  0x92, 0x5b, 0x27, 0x3f, 0x8c, 0xbc, 0x26, 0x3f, 0xa7, 0x1a, 0x26, 0x3f,
  0xc0, 0x75, 0x25, 0x3f, 0xb6, 0xcd, 0x24, 0x3f, 0x65, 0x22, 0x24, 0x3f,
  0xa3, 0x73, 0x23, 0x3f, 0x49, 0xc1, 0x22, 0x3f, 0x2d, 0x0b, 0x22, 0x3f,
  0x21, 0x51, 0x21, 0x3f, 0xf5, 0x92, 0x20, 0x3f, 0x77, 0xd0, 0x1f, 0x3f,
  0x71, 0x09, 0x1f, 0x3f, 0x47, 0xfe, 0x1b, 0x3f, 0x21, 0x88, 0x17, 0x3f,
  0xde, 0x2b, 0x13, 0x3f, 0x4b, 0xe8, 0x0e, 0x3f, 0x46, 0xbc, 0x0a, 0x3f,
  0xc0, 0xa6, 0x06, 0x3f, 0xb4, 0xa6, 0x02, 0x3f, 0x5b, 0x76, 0xfd, 0x3e,
  0x8f, 0xc6, 0xf5, 0x3e, 0x46, 0x3c, 0xee, 0x3e, 0xe4, 0xd5, 0xe6, 0x3e,
  0xd9, 0x91, 0xdf, 0x3e, 0xaa, 0x6e, 0xd8, 0x3e, 0xf4, 0x6a, 0xd1, 0x3e,
  0x5f, 0x85, 0xca, 0x3e, 0xa8, 0xbc, 0xc3, 0x3e, 0x95, 0x0f, 0xbd, 0x3e,
  0xff, 0x7c, 0xb6, 0x3e, 0xca, 0x03, 0xb0, 0x3e, 0xe5, 0xa2, 0xa9, 0x3e,
  0x4d, 0x59, 0xa3, 0x3e, 0x0c, 0x26, 0x9d, 0x3e, 0x2f, 0x08, 0x97, 0x3e,
  0xd5, 0xfe, 0x90, 0x3e, 0x20, 0x09, 0x8b, 0x3e, 0x3e, 0x26, 0x85, 0x3e,
  0xc4, 0xaa, 0x7e, 0x3e, 0x92, 0x2b, 0x73, 0x3e, 0x75, 0xcd, 0x67, 0x3e,
  0xf6, 0x8e, 0x5c, 0x3e, 0xbd, 0x6e, 0x51, 0x3e, 0x76, 0x6b, 0x46, 0x3e,
  0xdd, 0x83, 0x3b, 0x3e, 0xa9, 0xb6, 0x30, 0x3e, 0xb5, 0x02, 0x26, 0x3e,
  0xd8, 0x66, 0x1b, 0x3e, 0xe4, 0xe1, 0x10, 0x3e, 0xcd, 0x72, 0x06, 0x3e,
  0xff, 0x30, 0xf8, 0x3d, 0xec, 0xa3, 0xe3, 0x3d, 0x49, 0x3c, 0xcf, 0x3d,
  0x38, 0xf8, 0xba, 0x3d, 0xc0, 0xd5, 0xa6, 0x3d, 0x08, 0xd3, 0x92, 0x3d,
  0x72, 0xdc, 0x7d, 0x3d, 0x18, 0x4b, 0x56, 0x3d, 0x80, 0xee, 0x2e, 0x3d,
  0x3b, 0xc3, 0x07, 0x3d, 0xcc, 0x8b, 0xc1, 0x3c, 0xd8, 0xcc, 0x67, 0x3c,
  0x2d, 0x3f, 0x9a, 0x3b, 0x2d, 0x3f, 0x9a, 0xbb, 0xd8, 0xcc, 0x67, 0xbc,
  0xcc, 0x8b, 0xc1, 0xbc, 0x3b, 0xc3, 0x07, 0xbd, 0x80, 0xee, 0x2e, 0xbd,
  0x18, 0x4b, 0x56, 0xbd, 0x72, 0xdc, 0x7d, 0xbd, 0x08, 0xd3, 0x92, 0xbd,
  0xc0, 0xd5, 0xa6, 0xbd, 0x38, 0xf8, 0xba, 0xbd, 0x49, 0x3c, 0xcf, 0xbd,
  0xec, 0xa3, 0xe3, 0xbd, 0xff, 0x30, 0xf8, 0xbd, 0xcd, 0x72, 0x06, 0xbe,
  0xe4, 0xe1, 0x10, 0xbe, 0xd8, 0x66, 0x1b, 0xbe, 0xb5, 0x02, 0x26, 0xbe,
  0xa9, 0xb6, 0x30, 0xbe, 0xdd, 0x83, 0x3b, 0xbe, 0x76, 0x6b, 0x46, 0xbe,
  0xbd, 0x6e, 0x51, 0xbe, 0xf6, 0x8e, 0x5c, 0xbe, 0x75, 0xcd, 0x67, 0xbe,
  0x92, 0x2b, 0x73, 0xbe, 0xc4, 0xaa, 0x7e, 0xbe, 0x3e, 0x26, 0x85, 0xbe,
  0x20, 0x09, 0x8b, 0xbe, 0xd5, 0xfe, 0x90, 0xbe, 0x2f, 0x08, 0x97, 0xbe,
  0x0c, 0x26, 0x9d, 0xbe, 0x4d, 0x59, 0xa3, 0xbe, 0xe5, 0xa2, 0xa9, 0xbe,
  0xca, 0x03, 0xb0, 0xbe, 0xff, 0x7c, 0xb6, 0xbe, 0x95, 0x0f, 0xbd, 0xbe,
  0xa8, 0xbc, 0xc3, 0xbe, 0x5f, 0x85, 0xca, 0xbe, 0xf4, 0x6a, 0xd1, 0xbe,
  0xaa, 0x6e, 0xd8, 0xbe, 0xd9, 0x91, 0xdf, 0xbe, 0xe4, 0xd5, 0xe6, 0xbe,
  0x46, 0x3c, 0xee, 0xbe, 0x8f, 0xc6, 0xf5, 0xbe, 0x5b, 0x76, 0xfd, 0xbe,
  0xb4, 0xa6, 0x02, 0xbf, 0xc0, 0xa6, 0x06, 0xbf, 0x46, 0xbc, 0x0a, 0xbf,
  0x4b, 0xe8, 0x0e, 0xbf, 0xde, 0x2b, 0x13, 0xbf, 0x21, 0x88, 0x17, 0xbf,
  0x47, 0xfe, 0x1b, 0xbf, 0x71, 0x09, 0x1f, 0xbf, 0x77, 0xd0, 0x1f, 0xbf,
  0xf5, 0x92, 0x20, 0xbf, 0x21, 0x51, 0x21, 0xbf, 0x2d, 0x0b, 0x22, 0xbf,
  0x49, 0xc1, 0x22, 0xbf, 0xa3, 0x73, 0x23, 0xbf, 0x65, 0x22, 0x24, 0xbf,
  0xb6, 0xcd, 0x24, 0xbf, 0xc0, 0x75, 0x25, 0xbf, 0xa7, 0x1a, 0x26, 0xbf,
  0x8c, 0xbc, 0x26, 0xbf, 0x92, 0x5b, 0x27, 0xbf, 0xd6, 0xf7, 0x27, 0xbf,
  0x77, 0x91, 0x28, 0xbf, 0x92, 0x28, 0x29, 0xbf, 0x42, 0xbd, 0x29, 0xbf,
  0xa2, 0x4f, 0x2a, 0xbf, 0xc9, 0xdf, 0x2a, 0xbf, 0xcf, 0x6d, 0x2b, 0xbf,
  0xcb, 0xf9, 0x2b, 0xbf, 0xd5, 0x83, 0x2c, 0xbf, 0xfd, 0x0b, 0x2d, 0xbf,
  0x5c, 0x92, 0x2d, 0xbf, 0x02, 0x17, 0x2e, 0xbf, 0x02, 0x9a, 0x2e, 0xbf,
  0x70, 0x1b, 0x2f, 0xbf, 0x5b, 0x9b, 0x2f, 0xbf, 0xd4, 0x19, 0x30, 0xbf,
  0xe9, 0x96, 0x30, 0xbf, 0xad, 0x12, 0x31, 0xbf, 0x2b, 0x8d, 0x31, 0xbf,
  0x75, 0x06, 0x32, 0xbf, 0x95, 0x7e, 0x32, 0xbf, 0x9a, 0xf5, 0x32, 0xbf,
  0x93, 0x6b, 0x33, 0xbf, 0x8b, 0xe0, 0x33, 0xbf, 0x8c, 0x54, 0x34, 0xbf,
  0xa6, 0xc7, 0x34, 0xbf, 0xe2, 0x39, 0x35, 0xbf, 0x4b, 0xab, 0x35, 0xbf,
  0xed, 0x1b, 0x36, 0xbf, 0xd2, 0x8b, 0x36, 0xbf, 0x06, 0xfb, 0x36, 0xbf,
  0x92, 0x69, 0x37, 0xbf, 0x7e, 0xd7, 0x37, 0xbf, 0xd7, 0x44, 0x38, 0xbf,
  0xa4, 0xb1, 0x38, 0xbf, 0xf1, 0x1d, 0x39, 0xbf, 0xc6, 0x89, 0x39, 0xbf,
  0x2b, 0xf5, 0x39, 0xbf, 0x5e, 0x92, 0x3a, 0xbf, 0x3a, 0xa5, 0x3b, 0xbf,
  0x2a, 0xb9, 0x3c, 0xbf, 0x44, 0xce, 0x3d, 0xbf, 0xa1, 0xe4, 0x3e, 0xbf,
  0x58, 0xfc, 0x3f, 0xbf, 0x80, 0x15, 0x41, 0xbf, 0x35, 0x30, 0x42, 0xbf,
  0x8d, 0x4c, 0x43, 0xbf, 0xa4, 0x6a, 0x44, 0xbf, 0x94, 0x8a, 0x45, 0xbf,
  0x79, 0xac, 0x46, 0xbf, 0x6c, 0xd0, 0x47, 0xbf, 0x8c, 0xf6, 0x48, 0xbf,
  0xf4, 0x1e, 0x4a, 0xbf, 0xc5, 0x49, 0x4b, 0xbf, 0x1d, 0x77, 0x4c, 0xbf,
  0x1b, 0xa7, 0x4d, 0xbf, 0xe0, 0xd9, 0x4e, 0xbf, 0x8d, 0x0f, 0x50, 0xbf,
  0x48, 0x48, 0x51, 0xbf, 0x33, 0x84, 0x52, 0xbf, 0x72, 0xc3, 0x53, 0xbf,
  0x2f, 0x06, 0x55, 0xbf, 0x8f, 0x4c, 0x56, 0xbf, 0xbe, 0x96, 0x57, 0xbf,
  0xe6, 0xe4, 0x58, 0xbf, 0x33, 0x37, 0x5a, 0xbf, 0xd6, 0x8d, 0x5b, 0xbf,
  0xfd, 0xe8, 0x5c, 0xbf, 0xdb, 0x48, 0x5e, 0xbf, 0xa6, 0xad, 0x5f, 0xbf,
  0x94, 0x17, 0x61, 0xbf, 0xdc, 0x86, 0x62, 0xbf, 0xbd, 0xfb, 0x63, 0xbf,
  0x76, 0x76, 0x65, 0xbf, 0x46, 0xf7, 0x66, 0xbf, 0x72, 0x7e, 0x68, 0xbf,
  0x41, 0x0c, 0x6a, 0xbf, 0x00, 0xa1, 0x6b, 0xbf, 0xfe, 0x3c, 0x6d, 0xbf,
  0x8c, 0xe0, 0x6e, 0xbf, 0x03, 0x8c, 0x70, 0xbf, 0xbe, 0x3f, 0x72, 0xbf,
  0x1f, 0xfc, 0x73, 0xbf, 0x8a, 0xc1, 0x75, 0xbf, 0x6b, 0x90, 0x77, 0xbf,
  0x35, 0x69, 0x79, 0xbf, 0x5f, 0x4c, 0x7b, 0xbf, 0x6a, 0x3a, 0x7d, 0xbf,
  0xd9, 0x33, 0x7f, 0xbf, 0x00, 0x00, 0x80, 0xbf, 0xbb, 0xfa, 0x7b, 0xbf,
  0x04, 0x0d, 0x78, 0xbf, 0xc4, 0x35, 0x74, 0xbf, 0xf1, 0x73, 0x70, 0xbf,
  0x91, 0xc6, 0x6c, 0xbf, 0xba, 0x2c, 0x69, 0xbf, 0x8c, 0xa5, 0x65, 0xbf,
  0x35, 0x30, 0x62, 0xbf, 0xea, 0xcb, 0x5e, 0xbf, 0xef, 0x77, 0x5b, 0xbf,
  0x8d, 0x33, 0x58, 0xbf, 0x1a, 0xfe, 0x54, 0xbf, 0xf3, 0xd6, 0x51, 0xbf,
  0x7c, 0xbd, 0x4e, 0xbf, 0x1f, 0xb1, 0x4b, 0xbf, 0x50, 0xb1, 0x48, 0xbf,
  0x8a, 0xbd, 0x45, 0xbf, 0x48, 0xd5, 0x42, 0xbf, 0x12, 0xf8, 0x3f, 0xbf,
  0x70, 0x25, 0x3d, 0xbf, 0xf1, 0x5c, 0x3a, 0xbf, 0x2b, 0x9e, 0x37, 0xbf,
  0xb5, 0xe8, 0x34, 0xbf, 0x29, 0x3c, 0x32, 0xbf, 0x2c, 0x98, 0x2f, 0xbf,
  0x5e, 0xfc, 0x2c, 0xbf, 0x66, 0x68, 0x2a, 0xbf, 0xf1, 0xdb, 0x27, 0xbf,
  0xad, 0x56, 0x25, 0xbf, 0x48, 0xd8, 0x22, 0xbf, 0x78, 0x60, 0x20, 0xbf,
  0xf1, 0xee, 0x1d, 0xbf, 0x6c, 0x83, 0x1b, 0xbf, 0xa5, 0x1d, 0x19, 0xbf,
  0x57, 0xbd, 0x16, 0xbf, 0x40, 0x62, 0x14, 0xbf, 0x23, 0x0c, 0x12, 0xbf,
  0xc3, 0xba, 0x0f, 0xbf, 0xe3, 0x6d, 0x0d, 0xbf, 0x48, 0x25, 0x0b, 0xbf,
  0xbb, 0xe0, 0x08, 0xbf, 0x03, 0xa0, 0x06, 0xbf, 0xec, 0x62, 0x04, 0xbf,
  0x40, 0x29, 0x02, 0xbf, 0x9a, 0xe5, 0xff, 0xbe, 0xbd, 0x7e, 0xfb, 0xbe,
  0x89, 0x1d, 0xf7, 0xbe, 0x9a, 0xc1, 0xf2, 0xbe, 0x95, 0x6a, 0xee, 0xbe,
  0x19, 0x18, 0xea, 0xbe, 0x6d, 0xde, 0xe5, 0xbe, 0x5a, 0x5e, 0xe2, 0xbe,
  0xd8, 0xda, 0xde, 0xbe, 0x93, 0x53, 0xdb, 0xbe, 0x45, 0xc8, 0xd7, 0xbe,
  0x9c, 0x38, 0xd4, 0xbe, 0x4c, 0xa4, 0xd0, 0xbe, 0x05, 0x0b, 0xcd, 0xbe,
  0x6f, 0x6c, 0xc9, 0xbe, 0x3c, 0xc8, 0xc5, 0xbe, 0x13, 0x1e, 0xc2, 0xbe,
  0x9c, 0x6d, 0xbe, 0xbe, 0x80, 0xb6, 0xba, 0xbe, 0x5d, 0xf8, 0xb6, 0xbe,
  0xd9, 0x32, 0xb3, 0xbe, 0x92, 0x65, 0xaf, 0xbe, 0x1e, 0x90, 0xab, 0xbe,
  0x1e, 0xb2, 0xa7, 0xbe, 0x20, 0xcb, 0xa3, 0xbe, 0xbc, 0xda, 0x9f, 0xbe,
  0x7e, 0xe0, 0x9b, 0xbe, 0xf1, 0xdb, 0x97, 0xbe, 0x9b, 0xcc, 0x93, 0xbe,
  0x00, 0xb2, 0x8f, 0xbe, 0x9c, 0x8b, 0x8b, 0xbe, 0xec, 0x58, 0x87, 0xbe,
  0x61, 0x19, 0x83, 0xbe, 0xda, 0x98, 0x7d, 0xbe, 0xe6, 0xe2, 0x74, 0xbe,
  0xbe, 0x0f, 0x6c, 0xbe, 0x12, 0x1e, 0x63, 0xbe, 0x8d, 0x0c, 0x5a, 0xbe,
  0xca, 0xd9, 0x50, 0xbe, 0x59, 0x84, 0x47, 0xbe, 0xba, 0x0a, 0x3e, 0xbe,
  0x5c, 0x6b, 0x34, 0xbe, 0x91, 0xa4, 0x2a, 0xbe, 0x9e, 0xb4, 0x20, 0xbe,
  0xba, 0x99, 0x16, 0xbe, 0xfc, 0x51, 0x0c, 0xbe, 0x5f, 0xdb, 0x01, 0xbe,
  0xa2, 0x67, 0xee, 0xbd, 0x49, 0xb2, 0xd8, 0xbd, 0xf1, 0x91, 0xc2, 0xbd,
  0xd1, 0x01, 0xac, 0xbd, 0xbf, 0xfc, 0x94, 0xbd, 0x98, 0xfa, 0x7a, 0xbd,
  0x7f, 0xfb, 0x4a, 0xbd, 0x13, 0xf0, 0x19, 0xbd, 0x12, 0x97, 0xcf, 0xbc,
  0x34, 0x01, 0x52, 0xbc, 0x61, 0xee, 0x94, 0xa5, 0x00, 0x00, 0x00, 0x80,
  0xa7, 0xd5, 0x4a, 0x3c, 0xb0, 0xd4, 0xc7, 0x3c, 0x46, 0xb3, 0x13, 0x3d,
  0x4e, 0x23, 0x42, 0x3d, 0x43, 0x4c, 0x6f, 0x3d, 0x69, 0x9f, 0x8d, 0x3d,
  0x4a, 0x05, 0xa3, 0x3d, 0x14, 0xdf, 0xb7, 0x3d, 0xa5, 0x33, 0xcc, 0x3d,
  0x70, 0x09, 0xe0, 0x3d, 0x7a, 0x66, 0xf3, 0x3d, 0x3e, 0x28, 0x03, 0x3e,
  0x6f, 0x66, 0x0c, 0x3e, 0x53, 0x70, 0x15, 0x3e, 0x55, 0x48, 0x1e, 0x3e,
  0xae, 0xf0, 0x26, 0x3e, 0x86, 0x6b, 0x2f, 0x3e, 0xdf, 0xba, 0x37, 0x3e,
  0xac, 0xe0, 0x3f, 0x3e, 0xbc, 0xde, 0x47, 0x3e, 0xc8, 0xb6, 0x4f, 0x3e,
  0x72, 0x6a, 0x57, 0x3e, 0x4c, 0xfb, 0x5e, 0x3e, 0xd5, 0x6a, 0x66, 0x3e,
  0x6f, 0xba, 0x6d, 0x3e, 0x79, 0xeb, 0x74, 0x3e, 0x0b, 0x36, 0x7f, 0x3e,
  0xfe, 0x3d, 0x85, 0x3e, 0x4e, 0xf9, 0x8a, 0x3e, 0x08, 0xce, 0x90, 0x3e,
  0x50, 0xbd, 0x96, 0x3e, 0x55, 0xc8, 0x9c, 0x3e, 0x50, 0xf0, 0xa2, 0x3e,
  0x9a, 0x36, 0xa9, 0x3e, 0x8e, 0x9c, 0xaf, 0x3e, 0xa5, 0x23, 0xb6, 0x3e,
  0x67, 0xcd, 0xbc, 0x3e, 0x71, 0x9b, 0xc3, 0x3e, 0x7e, 0x8f, 0xca, 0x3e,
  0x5c, 0xab, 0xd1, 0x3e, 0xf6, 0xf0, 0xd8, 0x3e, 0x58, 0x62, 0xe0, 0x3e,
  0xaa, 0x01, 0xe8, 0x3e, 0x32, 0xd1, 0xef, 0x3e, 0x69, 0xd3, 0xf7, 0x3e,
  0x6f, 0x05, 0x00, 0x3f, 0x2e, 0x3d, 0x04, 0x3f, 0x68, 0x92, 0x08, 0x3f,
  0xb2, 0x06, 0x0d, 0x3f, 0xb9, 0x9b, 0x11, 0x3f, 0x4c, 0x53, 0x16, 0x3f,
  0x59, 0x2f, 0x1b, 0x3f, 0x16, 0x4f, 0x1d, 0x3f, 0x0e, 0x74, 0x1d, 0x3f,
  0xf3, 0x97, 0x1d, 0x3f, 0xd0, 0xba, 0x1d, 0x3f, 0xb5, 0xdc, 0x1d, 0x3f,
  0xb1, 0xfd, 0x1d, 0x3f, 0xcd, 0x1d, 0x1e, 0x3f, 0x13, 0x3d, 0x1e, 0x3f,
  0x91, 0x5b, 0x1e, 0x3f, 0x4d, 0x79, 0x1e, 0x3f, 0x54, 0x96, 0x1e, 0x3f,
  0xac, 0xb2, 0x1e, 0x3f, 0x5e, 0xce, 0x1e, 0x3f, 0x72, 0xe9, 0x1e, 0x3f,
  0xef, 0x03, 0x1f, 0x3f, 0xdd, 0x1d, 0x1f, 0x3f, 0x3e, 0x37, 0x1f, 0x3f,
  0x1f, 0x50, 0x1f, 0x3f, 0x80, 0x68, 0x1f, 0x3f, 0x6a, 0x80, 0x1f, 0x3f,
  0xe0, 0x97, 0x1f, 0x3f, 0xea, 0xae, 0x1f, 0x3f, 0x89, 0xc5, 0x1f, 0x3f,
  0xc4, 0xdb, 0x1f, 0x3f, 0x9f, 0xf1, 0x1f, 0x3f, 0x1e, 0x07, 0x20, 0x3f,
  0x65, 0x18, 0x21, 0x3f, 0x9e, 0xc4, 0x23, 0x3f, 0x42, 0x7c, 0x26, 0x3f,
  0xd2, 0x3f, 0x29, 0x3f, 0xd4, 0x0f, 0x2c, 0x3f, 0xd7, 0xec, 0x2e, 0x3f,
  0x71, 0xd7, 0x31, 0x3f, 0x3e, 0xd0, 0x34, 0x3f, 0xe3, 0xd7, 0x37, 0x3f,
  0x0e, 0xef, 0x3a, 0x3f, 0x79, 0x16, 0x3e, 0x3f, 0xe4, 0x4e, 0x41, 0x3f,
  0x1b, 0x99, 0x44, 0x3f, 0xf9, 0xf5, 0x47, 0x3f, 0x61, 0x66, 0x4b, 0x3f,
  0x48, 0xeb, 0x4e, 0x3f, 0xac, 0x85, 0x52, 0x3f, 0xa3, 0x36, 0x56, 0x3f,
  0x4c, 0xff, 0x59, 0x3f, 0xdf, 0xe0, 0x5d, 0x3f, 0xa1, 0xdc, 0x61, 0x3f,
  0xf4, 0xf3, 0x65, 0x3f, 0x4e, 0x28, 0x6a, 0x3f, 0x3f, 0x7b, 0x6e, 0x3f,
  0x72, 0xee, 0x72, 0x3f, 0xb4, 0x83, 0x77, 0x3f, 0xa1, 0xd8, 0x7a, 0x3f,
  0x8d, 0xed, 0x77, 0x3f, 0x7e, 0x18, 0x75, 0x3f, 0x4e, 0x58, 0x72, 0x3f,
  0xe1, 0xab, 0x6f, 0x3f, 0x32, 0x12, 0x6d, 0x3f, 0x50, 0x8a, 0x6a, 0x3f,
  0x55, 0x13, 0x68, 0x3f, 0x6a, 0xac, 0x65, 0x3f, 0xc8, 0x54, 0x63, 0x3f,
  0xb0, 0x0b, 0x61, 0x3f, 0x73, 0xd0, 0x5e, 0x3f, 0x69, 0xa2, 0x5c, 0x3f,
  0xf3, 0x80, 0x5a, 0x3f, 0x7e, 0x6b, 0x58, 0x3f, 0x7c, 0x61, 0x56, 0x3f,
  0x6a, 0x62, 0x54, 0x3f, 0xcb, 0x6d, 0x52, 0x3f, 0x28, 0x83, 0x50, 0x3f,
  0x0f, 0xa2, 0x4e, 0x3f, 0x16, 0xca, 0x4c, 0x3f, 0xd8, 0xfa, 0x4a, 0x3f,
  0xf6, 0x33, 0x49, 0x3f, 0x12, 0x75, 0x47, 0x3f, 0xd4, 0xbd, 0x45, 0x3f,
  0xed, 0x0d, 0x44, 0x3f, 0x09, 0x65, 0x42, 0x3f, 0x8c, 0xc7, 0x43, 0x3f,
  0x95, 0x44, 0x45, 0x3f, 0x13, 0xc8, 0x46, 0x3f, 0x4f, 0x52, 0x48, 0x3f,
  0x97, 0xe3, 0x49, 0x3f, 0x3a, 0x7c, 0x4b, 0x3f, 0x8f, 0x1c, 0x4d, 0x3f,
  0xee, 0xc4, 0x4e, 0x3f, 0xb4, 0x75, 0x50, 0x3f, 0x45, 0x2f, 0x52, 0x3f,
  0x0c, 0xf2, 0x53, 0x3f, 0x73, 0xbe, 0x55, 0x3f, 0xf2, 0x94, 0x57, 0x3f,
  0x04, 0x76, 0x59, 0x3f, 0x2a, 0x62, 0x5b, 0x3f, 0xf0, 0x59, 0x5d, 0x3f,
  0xe9, 0x5d, 0x5f, 0x3f, 0xb2, 0x6e, 0x61, 0x3f, 0xef, 0x8c, 0x63, 0x3f,
  0x52, 0xb9, 0x65, 0x3f, 0x99, 0xf4, 0x67, 0x3f, 0x8a, 0x3f, 0x6a, 0x3f,
  0xfe, 0x9a, 0x6c, 0x3f, 0xdb, 0x07, 0x6f, 0x3f, 0x16, 0x87, 0x71, 0x3f,
  0xb6, 0x19, 0x74, 0x3f, 0x6c, 0xf8, 0x70, 0x3f, 0x28, 0x3e, 0x6c, 0x3f,
  0x10, 0xa7, 0x67, 0x3f, 0x49, 0x31, 0x63, 0x3f, 0x1b, 0xdb, 0x5e, 0x3f,
  0xe7, 0xa2, 0x5a, 0x3f, 0x29, 0x87, 0x56, 0x3f, 0x77, 0x86, 0x52, 0x3f,
  0x7d, 0x9f, 0x4e, 0x3f, 0xfd, 0xd0, 0x4a, 0x3f, 0xc9, 0x19, 0x47, 0x3f,
  0xc8, 0x78, 0x43, 0x3f, 0xee, 0xec, 0x3f, 0x3f, 0x42, 0x75, 0x3c, 0x3f,
  0xd5, 0x10, 0x39, 0x3f, 0xcb, 0xbe, 0x35, 0x3f, 0x4d, 0x7e, 0x32, 0x3f,
  0x95, 0x4e, 0x2f, 0x3f, 0xe4, 0x2e, 0x2c, 0x3f, 0x86, 0x1e, 0x29, 0x3f,
  0xd1, 0x1c, 0x26, 0x3f, 0x22, 0x29, 0x23, 0x3f, 0xdf, 0x42, 0x20, 0x3f,
  0x78, 0x69, 0x1d, 0x3f, 0x5d, 0x9c, 0x1a, 0x3f, 0x0b, 0xdb, 0x17, 0x3f,
  0xfb, 0x7d, 0x16, 0x3f, 0xdc, 0x2c, 0x16, 0x3f, 0x62, 0xda, 0x15, 0x3f,
  0x7d, 0x86, 0x15, 0x3f, 0x1c, 0x31, 0x15, 0x3f, 0x2d, 0xda, 0x14, 0x3f,
  0xa1, 0x81, 0x14, 0x3f, 0x63, 0x27, 0x14, 0x3f, 0x62, 0xcb, 0x13, 0x3f,
  0x85, 0x6d, 0x13, 0x3f, 0xba, 0x0d, 0x13, 0x3f, 0xe8, 0xab, 0x12, 0x3f,
  0xf7, 0x47, 0x12, 0x3f, 0xcb, 0xe1, 0x11, 0x3f, 0x4e, 0x79, 0x11, 0x3f,
  0x5d, 0x0e, 0x11, 0x3f, 0xdc, 0xa0, 0x10, 0x3f, 0xab, 0x30, 0x10, 0x3f,
  0xa7, 0xbd, 0x0f, 0x3f, 0xa9, 0x47, 0x0f, 0x3f, 0x8b, 0xce, 0x0e, 0x3f,
  0x25, 0x52, 0x0e, 0x3f, 0x47, 0xd2, 0x0d, 0x3f, 0xc2, 0x4e, 0x0d, 0x3f,
  0x65, 0xc7, 0x0c, 0x3f, 0xf7, 0x3b, 0x0c, 0x3f, 0xbc, 0x22, 0x0a, 0x3f,
  0xb8, 0x62, 0x05, 0x3f, 0x67, 0xc6, 0x00, 0x3f, 0xcb, 0x97, 0xf8, 0x3e,
  0xdd, 0xe2, 0xef, 0x3e, 0xb9, 0x6a, 0xe7, 0x3e, 0x4b, 0x2c, 0xdf, 0x3e,
  0xaa, 0x24, 0xd7, 0x3e, 0x2a, 0x51, 0xcf, 0x3e, 0x3c, 0xaf, 0xc7, 0x3e,
  0x7a, 0x3c, 0xc0, 0x3e, 0xad, 0xf6, 0xb8, 0x3e, 0xb3, 0xdb, 0xb1, 0x3e,
  0x8d, 0xe9, 0xaa, 0x3e, 0x5b, 0x1e, 0xa4, 0x3e, 0x55, 0x78, 0x9d, 0x3e,
  0xd2, 0xf5, 0x96, 0x3e, 0x3a, 0x95, 0x90, 0x3e, 0x08, 0x55, 0x8a, 0x3e,
  0xd3, 0x33, 0x84, 0x3e, 0x7b, 0x60, 0x7c, 0x3e, 0x0a, 0x92, 0x70, 0x3e,
  0xd6, 0xf9, 0x64, 0x3e, 0x90, 0x95, 0x59, 0x3e, 0x05, 0x63, 0x4e, 0x3e,
  0x14, 0x60, 0x43, 0x3e, 0xc7, 0xfe, 0x38, 0x3e, 0xb1, 0x1b, 0x31, 0x3e,
  0x22, 0x17, 0x29, 0x3e, 0xa0, 0xef, 0x20, 0x3e, 0x9b, 0xa3, 0x18, 0x3e,
  0x71, 0x31, 0x10, 0x3e, 0x75, 0x97, 0x07, 0x3e, 0xa3, 0xa7, 0xfd, 0x3d,
  0x62, 0xc9, 0xeb, 0x3d, 0x0f, 0x90, 0xd9, 0x3d, 0x7e, 0xf7, 0xc6, 0x3d,
  0x47, 0xfb, 0xb3, 0x3d, 0xba, 0x96, 0xa0, 0x3d, 0xe5, 0xc4, 0x8c, 0x3d,
  0x14, 0x01, 0x71, 0x3d, 0x3d, 0x88, 0x47, 0x3d, 0x84, 0x13, 0x1d, 0x3d,
  0xd6, 0x2c, 0xe3, 0x3c, 0x6b, 0x07, 0x8a, 0x3c, 0x23, 0x6a, 0xba, 0x3b,
  0x37, 0xdf, 0xbc, 0xbb, 0x9a, 0x8f, 0x8f, 0xbc, 0xfe, 0x8e, 0xf2, 0xbc,
  0x3d, 0x2d, 0x2c, 0xbd, 0x82, 0x8c, 0x60, 0xbd, 0x1b, 0x3d, 0x8b, 0xbd,
  0x5c, 0x06, 0xa7, 0xbd, 0x0d, 0x0a, 0xbe, 0xbd, 0x66, 0x1d, 0xd4, 0xbd,
  0x3a, 0x8d, 0xe9, 0xbd, 0x21, 0x62, 0xfe, 0xbd, 0x10, 0x52, 0x09, 0xbe,
  0x54, 0x2d, 0x13, 0xbe, 0x6e, 0xc6, 0x1c, 0xbe, 0x97, 0x20, 0x26, 0xbe,
  0xf5, 0x3e, 0x2f, 0xbe, 0x5c, 0x24, 0x38, 0xbe, 0x8d, 0xd3, 0x40, 0xbe,
  0x19, 0x4f, 0x49, 0xbe, 0x64, 0x99, 0x51, 0xbe, 0xbb, 0xb4, 0x59, 0xbe,
  0x3f, 0xa3, 0x61, 0xbe, 0x02, 0x67, 0x69, 0xbe, 0xdf, 0x01, 0x71, 0xbe,
  0xbb, 0x75, 0x78, 0xbe, 0x3b, 0xc4, 0x7f, 0xbe, 0x8a, 0x77, 0x83, 0xbe,
  0xe3, 0xfb, 0x86, 0xbe, 0xe7, 0x6f, 0x8a, 0xbe, 0x48, 0xd4, 0x8d, 0xbe,
  0xb4, 0x29, 0x91, 0xbe, 0xcd, 0x70, 0x94, 0xbe, 0x29, 0xaa, 0x97, 0xbe,
  0x27, 0xaf, 0x9c, 0xbe, 0x3a, 0x6a, 0xa2, 0xbe, 0x03, 0x3e, 0xa8, 0xbe,
  0x9a, 0x2b, 0xae, 0xbe, 0x24, 0x34, 0xb4, 0xbe, 0xd9, 0x58, 0xba, 0xbe,
  0xf7, 0x9a, 0xc0, 0xbe, 0xd9, 0xfb, 0xc6, 0xbe, 0xe2, 0x7c, 0xcd, 0xbe,
  0x8d, 0x1f, 0xd4, 0xbe, 0x69, 0xe5, 0xda, 0xbe, 0x1d, 0xd0, 0xe1, 0xbe,
  0x68, 0xe1, 0xe8, 0xbe, 0x1b, 0x1b, 0xf0, 0xbe, 0x2b, 0x7f, 0xf7, 0xbe,
  0xae, 0x0f, 0xff, 0xbe, 0x68, 0x67, 0x03, 0xbf, 0x71, 0x5f, 0x07, 0xbf,
  0x32, 0x71, 0x0b, 0xbf, 0xfa, 0x9d, 0x0f, 0xbf, 0x2e, 0xe7, 0x13, 0xbf,
  0x51, 0x4e, 0x18, 0xbf, 0xf7, 0xd4, 0x1c, 0xbf, 0xd9, 0x7c, 0x21, 0xbf,
  0xc8, 0x47, 0x26, 0xbf, 0xb9, 0x37, 0x2b, 0xbf, 0xbc, 0x67, 0x2d, 0xbf,
  0xb0, 0x25, 0x2d, 0xbf, 0x91, 0xe5, 0x2c, 0xbf, 0x48, 0xa7, 0x2c, 0xbf,
  0xb8, 0x6a, 0x2c, 0xbf, 0xcf, 0x2f, 0x2c, 0xbf, 0x75, 0xf6, 0x2b, 0xbf,
  0x97, 0xbe, 0x2b, 0xbf, 0x21, 0x88, 0x2b, 0xbf, 0x05, 0x53, 0x2b, 0xbf,
  0x2c, 0x1f, 0x2b, 0xbf, 0x8d, 0xec, 0x2a, 0xbf, 0x16, 0xbb, 0x2a, 0xbf,
  0xbc, 0x8a, 0x2a, 0xbf, 0x6e, 0x5b, 0x2a, 0xbf, 0x21, 0x2d, 0x2a, 0xbf,
  0xcc, 0xff, 0x29, 0xbf, 0x60, 0xd3, 0x29, 0xbf, 0xd7, 0xa7, 0x29, 0xbf,
  0x23, 0x7d, 0x29, 0xbf, 0x3e, 0x53, 0x29, 0xbf, 0x1e, 0x2a, 0x29, 0xbf,
  0xb8, 0x01, 0x29, 0xbf, 0x08, 0xda, 0x28, 0xbf, 0x03, 0xb3, 0x28, 0xbf,
  0xa4, 0x8c, 0x28, 0xbf, 0x9f, 0x4c, 0x29, 0xbf, 0x5b, 0xdf, 0x2b, 0xbf,
  0x10, 0x7d, 0x2e, 0xbf, 0x3b, 0x26, 0x31, 0xbf, 0x5e, 0xdb, 0x33, 0xbf,
  0xff, 0x9c, 0x36, 0xbf, 0xb3, 0x6b, 0x39, 0xbf, 0x0b, 0x48, 0x3c, 0xbf,
  0xab, 0x32, 0x3f, 0xbf, 0x38, 0x2c, 0x42, 0xbf, 0x60, 0x35, 0x45, 0xbf,
  0xe3, 0x4e, 0x48, 0xbf, 0x80, 0x79, 0x4b, 0xbf, 0x0c, 0xb6, 0x4e, 0xbf,
  0x60, 0x05, 0x52, 0xbf, 0x65, 0x68, 0x55, 0xbf, 0x15, 0xe0, 0x58, 0xbf,
  0x75, 0x6d, 0x5c, 0xbf, 0x9c, 0x11, 0x60, 0xbf, 0xb3, 0xcd, 0x63, 0xbf,
  0xf7, 0xa2, 0x67, 0xbf, 0xb8, 0x92, 0x6b, 0xbf, 0x5c, 0x9e, 0x6f, 0xbf,
  0x67, 0xc7, 0x73, 0xbf, 0x71, 0x0f, 0x78, 0xbf, 0x33, 0x78, 0x7c, 0xbf,
  0x00, 0x00, 0x80, 0xbf, 0x09, 0xc1, 0x7c, 0xbf, 0x9c, 0x9a, 0x79, 0xbf,
  0x68, 0x8b, 0x76, 0xbf, 0x38, 0x92, 0x73, 0xbf, 0xe8, 0xad, 0x70, 0xbf,
  0x69, 0xdd, 0x6d, 0xbf, 0xbc, 0x1f, 0x6b, 0xbf, 0xf4, 0x73, 0x68, 0xbf,
  0x2d, 0xd9, 0x65, 0xbf, 0x98, 0x4e, 0x63, 0xbf, 0x6f, 0xd3, 0x60, 0xbf,
  0xf7, 0x66, 0x5e, 0xbf, 0x82, 0x08, 0x5c, 0xbf, 0x68, 0xb7, 0x59, 0xbf,
  0x0d, 0x73, 0x57, 0xbf, 0xe1, 0x3a, 0x55, 0xbf, 0x54, 0x0e, 0x53, 0xbf,
  0xe5, 0xec, 0x50, 0xbf, 0x14, 0xd6, 0x4e, 0xbf, 0x6d, 0xc9, 0x4c, 0xbf,
  0x7d, 0xc6, 0x4a, 0xbf, 0xd9, 0xcc, 0x48, 0xbf, 0x1a, 0xdc, 0x46, 0xbf,
  0xe3, 0xf3, 0x44, 0xbf, 0xd2, 0x13, 0x43, 0xbf, 0x93, 0x3b, 0x41, 0xbf,
  0x68, 0x41, 0x42, 0xbf, 0x2f, 0x89, 0x43, 0xbf, 0x82, 0xd6, 0x44, 0xbf,
  0xa1, 0x29, 0x46, 0xbf, 0xcd, 0x82, 0x47, 0xbf, 0x4c, 0xe2, 0x48, 0xbf,
  0x64, 0x48, 0x4a, 0xbf, 0x66, 0xb5, 0x4b, 0xbf, 0xa0, 0x29, 0x4d, 0xbf,
  0x68, 0xa5, 0x4e, 0xbf, 0x17, 0x29, 0x50, 0xbf, 0x0c, 0xb5, 0x51, 0xbf,
  0xac, 0x49, 0x53, 0xbf, 0x62, 0xe7, 0x54, 0xbf, 0x9b, 0x8e, 0x56, 0xbf,
  0xd0, 0x3f, 0x58, 0xbf, 0x7f, 0xfb, 0x59, 0xbf, 0x2e, 0xc2, 0x5b, 0xbf,
  0x6c, 0x94, 0x5d, 0xbf, 0xd1, 0x72, 0x5f, 0xbf, 0xff, 0x5d, 0x61, 0xbf,
  0x9f, 0x56, 0x63, 0xbf, 0x6e, 0x5d, 0x65, 0xbf, 0x2f, 0x73, 0x67, 0xbf,
  0xb4, 0x98, 0x69, 0xbf, 0xe1, 0xce, 0x6b, 0xbf, 0x6a, 0xe0, 0x68, 0xbf,
  0xe5, 0x08, 0x64, 0xbf, 0x6e, 0x55, 0x5f, 0xbf, 0x25, 0xc4, 0x5a, 0xbf,
  0x3e, 0x53, 0x56, 0xbf, 0x13, 0x01, 0x52, 0xbf, 0x1a, 0xcc, 0x4d, 0xbf,
  0xda, 0xb2, 0x49, 0xbf, 0xf9, 0xb3, 0x45, 0xbf, 0x30, 0xce, 0x41, 0xbf,
  0x48, 0x00, 0x3e, 0xbf, 0x22, 0x49, 0x3a, 0xbf, 0xab, 0xa7, 0x36, 0xbf,
  0xe5, 0x1a, 0x33, 0xbf, 0xda, 0xa1, 0x2f, 0xbf, 0xa5, 0x3b, 0x2c, 0xbf,
  0x6f, 0xe7, 0x28, 0xbf, 0x68, 0xa4, 0x25, 0xbf, 0xcf, 0x71, 0x22, 0xbf,
  0xec, 0x4e, 0x1f, 0xbf, 0x10, 0x3b, 0x1c, 0xbf, 0x93, 0x35, 0x19, 0xbf,
  0xd7, 0x3d, 0x16, 0xbf, 0x48, 0x53, 0x13, 0xbf, 0x56, 0x75, 0x10, 0xbf,
  0x77, 0xa3, 0x0d, 0xbf, 0x06, 0x01, 0x0c, 0xbf, 0xe8, 0x74, 0x0b, 0xbf,
  0x72, 0xe6, 0x0a, 0xbf, 0x8a, 0x55, 0x0a, 0xbf, 0x12, 0xc2, 0x09, 0xbf,
  0xed, 0x2b, 0x09, 0xbf, 0xfe, 0x92, 0x08, 0xbf, 0x24, 0xf7, 0x07, 0xbf,
  0x3c, 0x58, 0x07, 0xbf, 0x25, 0xb6, 0x06, 0xbf, 0xb6, 0x10, 0x06, 0xbf,
  0xc8, 0x67, 0x05, 0xbf, 0x32, 0xbb, 0x04, 0xbf, 0xc6, 0x0a, 0x04, 0xbf,
  0x55, 0x56, 0x03, 0xbf, 0xb0, 0x9d, 0x02, 0xbf, 0x9c, 0xe0, 0x01, 0xbf,
  0xe6, 0x1e, 0x01, 0xbf, 0x4f, 0x58, 0x00, 0xbf, 0x35, 0x19, 0xff, 0xbe,
  0x03, 0x77, 0xfd, 0xbe, 0x7d, 0xc9, 0xfb, 0xbe, 0x03, 0x10, 0xfa, 0xbe,
  0xf3, 0x49, 0xf8, 0xbe, 0x9d, 0x76, 0xf6, 0xbe, 0x44, 0x95, 0xf4, 0xbe,
  0xb0, 0x5a, 0xf0, 0xbe, 0xb6, 0x22, 0xe7, 0xbe, 0x19, 0x30, 0xde, 0xbe,
  0x2d, 0x7f, 0xd5, 0xbe, 0x87, 0x0c, 0xcd, 0xbe, 0xea, 0xd4, 0xc4, 0xbe,
  0x5f, 0xd5, 0xbc, 0xbe, 0x13, 0x0b, 0xb5, 0xbe, 0x68, 0x73, 0xad, 0xbe,
  0xe2, 0x0b, 0xa6, 0xbe, 0x32, 0xd2, 0x9e, 0xbe, 0x27, 0xc4, 0x97, 0xbe,
  0xb3, 0xdf, 0x90, 0xbe, 0xe9, 0x22, 0x8a, 0xbe, 0xf6, 0x8b, 0x83, 0xbe,
  0x38, 0x32, 0x7a, 0xbe, 0x7d, 0x91, 0x6d, 0xbe, 0xa1, 0x32, 0x61, 0xbe,
  0xb0, 0x12, 0x55, 0xbe, 0xf6, 0x2e, 0x49, 0xbe, 0xbf, 0x84, 0x3d, 0xbe,
  0x9c, 0x11, 0x32, 0xbe, 0x2a, 0xd3, 0x26, 0xbe, 0x21, 0xc7, 0x1b, 0xbe,
  0x61, 0xeb, 0x10, 0xbe, 0xdf, 0x3d, 0x06, 0xbe, 0xfd, 0xe0, 0xf7, 0xbd,
  0x76, 0xd1, 0xe6, 0xbd, 0xa2, 0x79, 0xd5, 0xbd, 0x4a, 0xd6, 0xc3, 0xbd,
  0x1a, 0xe4, 0xb1, 0xbd, 0x8c, 0x9f, 0x9f, 0xbd, 0xf2, 0x04, 0x8d, 0xbd,
  0xd1, 0x20, 0x74, 0xbd, 0xbc, 0x7b, 0x4d, 0xbd, 0x08, 0x12, 0x26, 0xbd,
  0x48, 0xb5, 0xfb, 0xbc, 0xff, 0x97, 0xa9, 0xbc, 0x11, 0x70, 0x2b, 0xbc,
  0x54, 0xf9, 0x72, 0xa5, 0x00, 0x00, 0x00, 0x00, 0x3c, 0x32, 0x52, 0x3c,
  0xd6, 0xe4, 0xcb, 0x3c, 0x82, 0x7b, 0x14, 0x3d, 0x0f, 0x69, 0x40, 0x3d,
  0xc3, 0xf4, 0x69, 0x3d, 0xf1, 0xa8, 0x88, 0x3d, 0x0e, 0x57, 0x9b, 0x3d,
  0x2b, 0x19, 0xad, 0x3d, 0x97, 0x01, 0xbe, 0x3d, 0xcd, 0x20, 0xce, 0x3d,
  0xb7, 0x85, 0xdd, 0x3d, 0xc6, 0x3d, 0xec, 0x3d, 0x23, 0x55, 0xfa, 0x3d,
  0x76, 0xeb, 0x03, 0x3e, 0x9f, 0x66, 0x0a, 0x3e, 0xa4, 0xa0, 0x10, 0x3e,
  0xbd, 0x9d, 0x16, 0x3e, 0xcb, 0x61, 0x1c, 0x3e, 0x58, 0xf0, 0x21, 0x3e,
  0xa4, 0x4c, 0x27, 0x3e, 0xb3, 0x79, 0x2c, 0x3e, 0x54, 0x7a, 0x31, 0x3e,
  0x10, 0x51, 0x36, 0x3e, 0x4b, 0x00, 0x3b, 0x3e, 0x38, 0x8a, 0x3f, 0x3e,
  0xea, 0xf0, 0x43, 0x3e, 0x3d, 0x36, 0x48, 0x3e, 0x00, 0x5c, 0x4c, 0x3e,
  0xda, 0x63, 0x50, 0x3e, 0x56, 0x4f, 0x54, 0x3e, 0xe0, 0x1f, 0x58, 0x3e,
  0xe2, 0xd6, 0x5b, 0x3e, 0x90, 0x75, 0x5f, 0x3e, 0x25, 0xfd, 0x62, 0x3e,
  0xb6, 0x6e, 0x66, 0x3e, 0x5b, 0xcb, 0x69, 0x3e, 0x06, 0x14, 0x6d, 0x3e,
  0xaa, 0x49, 0x70, 0x3e, 0x30, 0x6d, 0x73, 0x3e, 0x5b, 0x7f, 0x76, 0x3e,
  0x03, 0x81, 0x79, 0x3e, 0xe2, 0x72, 0x7c, 0x3e, 0xa9, 0x55, 0x7f, 0x3e,
  0x02, 0x15, 0x81, 0x3e, 0xf7, 0x45, 0x84, 0x3e, 0x06, 0x3b, 0x88, 0x3e,
  0x7c, 0x44, 0x8c, 0x3e, 0x46, 0x63, 0x90, 0x3e, 0x69, 0x98, 0x94, 0x3e,
  0xf2, 0xe4, 0x98, 0x3e, 0xfd, 0x49, 0x9d, 0x3e, 0xb5, 0xc8, 0xa1, 0x3e,
  0x5d, 0x62, 0xa6, 0x3e, 0x4a, 0x18, 0xab, 0x3e, 0xe1, 0xeb, 0xaf, 0x3e,
  0xa4, 0xde, 0xb4, 0x3e, 0x27, 0xf2, 0xb9, 0x3e, 0x20, 0x28, 0xbf, 0x3e,
  0x5d, 0x82, 0xc4, 0x3e, 0xcc, 0x02, 0xca, 0x3e, 0x7c, 0xab, 0xcf, 0x3e,
  0xa3, 0x7e, 0xd5, 0x3e, 0x9e, 0x7e, 0xdb, 0x3e, 0xfb, 0xad, 0xe1, 0x3e,
  0x71, 0x0f, 0xe8, 0x3e, 0xf2, 0xa5, 0xee, 0x3e, 0xa0, 0x74, 0xf5, 0x3e,
  0xeb, 0x7e, 0xfc, 0x3e, 0x41, 0xe4, 0x01, 0x3f, 0xae, 0xaa, 0x05, 0x3f,
  0xea, 0x94, 0x09, 0x3f, 0x4b, 0xa5, 0x0d, 0x3f, 0x60, 0xde, 0x11, 0x3f,
  0xf0, 0x42, 0x16, 0x3f, 0x07, 0xd6, 0x1a, 0x3f, 0xf8, 0x9a, 0x1f, 0x3f,
  0x67, 0x95, 0x24, 0x3f, 0x56, 0xc9, 0x29, 0x3f, 0x2f, 0x3b, 0x2f, 0x3f,
  0xcf, 0xef, 0x34, 0x3f, 0x9e, 0xec, 0x3a, 0x3f, 0x97, 0x37, 0x41, 0x3f,
  0x61, 0xd7, 0x47, 0x3f, 0x6f, 0xd3, 0x4e, 0x3f, 0x13, 0x34, 0x56, 0x3f,
  0xa7, 0x02, 0x5e, 0x3f, 0xb9, 0x49, 0x66, 0x3f, 0x36, 0x15, 0x6f, 0x3f,
  0xcc, 0x8f, 0x71, 0x3f, 0x56, 0xa9, 0x6b, 0x3f, 0x18, 0x1c, 0x66, 0x3f,
  0xfd, 0xdf, 0x60, 0x3f, 0xe8, 0xed, 0x5b, 0x3f, 0x85, 0x3f, 0x57, 0x3f,
  0x35, 0xcf, 0x52, 0x3f, 0xf0, 0x97, 0x4e, 0x3f, 0x3d, 0x95, 0x4a, 0x3f,
  0x10, 0xc3, 0x46, 0x3f, 0xc5, 0x1d, 0x43, 0x3f, 0x13, 0xa2, 0x3f, 0x3f,
  0x05, 0x4d, 0x3c, 0x3f, 0xe4, 0x1b, 0x39, 0x3f, 0x3b, 0x0c, 0x36, 0x3f,
  0xcf, 0x1b, 0x33, 0x3f, 0x95, 0x48, 0x30, 0x3f, 0xad, 0x90, 0x2d, 0x3f,
  0x5e, 0xf2, 0x2a, 0x3f, 0x13, 0x6c, 0x28, 0x3f, 0x5b, 0xfc, 0x25, 0x3f,
  0xdc, 0xa1, 0x23, 0x3f, 0x5b, 0x5b, 0x21, 0x3f, 0xaf, 0x27, 0x1f, 0x3f,
  0xce, 0x05, 0x1d, 0x3f, 0xb6, 0xf4, 0x1a, 0x3f, 0x7e, 0xf3, 0x18, 0x3f,
  0x4f, 0x01, 0x17, 0x3f, 0x5a, 0x1d, 0x15, 0x3f, 0xe1, 0x46, 0x13, 0x3f,
  0x36, 0x7d, 0x11, 0x3f, 0xb1, 0xbf, 0x0f, 0x3f, 0xb6, 0x0d, 0x0e, 0x3f,
  0xb4, 0x66, 0x0c, 0x3f, 0x22, 0xca, 0x0a, 0x3f, 0x80, 0x37, 0x09, 0x3f,
  0x54, 0xae, 0x07, 0x3f, 0x2f, 0x2e, 0x06, 0x3f, 0xa3, 0xb6, 0x04, 0x3f,
  0x4b, 0x47, 0x03, 0x3f, 0xc8, 0xdf, 0x01, 0x3f, 0xc2, 0x7f, 0x00, 0x3f,
  0xbb, 0x4d, 0xfe, 0x3e, 0x9c, 0xa9, 0xfb, 0x3e, 0xc6, 0xd2, 0xf9, 0x3e,
  0x28, 0x0a, 0xfc, 0x3e, 0xd1, 0x4c, 0xfe, 0x3e, 0x9f, 0x4d, 0x00, 0x3f,
  0x02, 0x7b, 0x01, 0x3f, 0xd8, 0xae, 0x02, 0x3f, 0x70, 0xe9, 0x03, 0x3f,
  0x1d, 0x2b, 0x05, 0x3f, 0x37, 0x74, 0x06, 0x3f, 0x1a, 0xc5, 0x07, 0x3f,
  0x2b, 0x1e, 0x09, 0x3f, 0xd1, 0x7f, 0x0a, 0x3f, 0x7a, 0xea, 0x0b, 0x3f,
  0xa1, 0x5e, 0x0d, 0x3f, 0xc0, 0xdc, 0x0e, 0x3f, 0x61, 0x65, 0x10, 0x3f,
  0x11, 0xf9, 0x11, 0x3f, 0x6d, 0x98, 0x13, 0x3f, 0x18, 0x44, 0x15, 0x3f,
  0xc4, 0xfc, 0x16, 0x3f, 0x30, 0xc3, 0x18, 0x3f, 0x24, 0x98, 0x1a, 0x3f,
  0x80, 0x7c, 0x1c, 0x3f, 0x2e, 0x71, 0x1e, 0x3f, 0x2f, 0x77, 0x20, 0x3f,
  0x99, 0x8f, 0x22, 0x3f, 0x94, 0xbb, 0x24, 0x3f, 0x66, 0xfc, 0x26, 0x3f,
  0x72, 0x53, 0x29, 0x3f, 0x35, 0xc2, 0x2b, 0x3f, 0x55, 0x4a, 0x2e, 0x3f,
  0x9b, 0xed, 0x30, 0x3f, 0xfd, 0xad, 0x33, 0x3f, 0xa1, 0x8d, 0x36, 0x3f,
  0xe6, 0x8e, 0x39, 0x3f, 0x67, 0xb4, 0x3c, 0x3f, 0x06, 0x01, 0x40, 0x3f,
  0xf4, 0x77, 0x43, 0x3f, 0xbf, 0x1c, 0x47, 0x3f, 0x5e, 0xf3, 0x4a, 0x3f,
  0x3a, 0x00, 0x4f, 0x3f, 0x4a, 0x48, 0x53, 0x3f, 0x23, 0xd1, 0x57, 0x3f,
  0x13, 0xa1, 0x5c, 0x3f, 0x3d, 0xbf, 0x61, 0x3f, 0x7c, 0x8f, 0x5a, 0x3f,
  0x72, 0x20, 0x52, 0x3f, 0x09, 0x2f, 0x4a, 0x3f, 0x08, 0xb0, 0x42, 0x3f,
  0x84, 0x99, 0x3b, 0x3f, 0xaa, 0xe2, 0x34, 0x3f, 0xa3, 0x83, 0x2e, 0x3f,
  0x68, 0x75, 0x28, 0x3f, 0xae, 0xb1, 0x22, 0x3f, 0xcb, 0x32, 0x1d, 0x3f,
  0xa7, 0xf3, 0x17, 0x3f, 0xa2, 0xef, 0x12, 0x3f, 0x8d, 0x22, 0x0e, 0x3f,
  0x9d, 0x88, 0x09, 0x3f, 0x5a, 0x1e, 0x05, 0x3f, 0x9d, 0xe0, 0x00, 0x3f,
  0xff, 0x98, 0xf9, 0x3e, 0xbf, 0xbe, 0xf1, 0x3e, 0x98, 0x2d, 0xea, 0x3e,
  0x12, 0xe1, 0xe2, 0x3e, 0x10, 0xd5, 0xdb, 0x3e, 0xc0, 0x05, 0xd5, 0x3e,
  0xa7, 0x6f, 0xce, 0x3e, 0x7e, 0x0f, 0xc8, 0x3e, 0x3d, 0xe2, 0xc1, 0x3e,
  0x1e, 0xe5, 0xbb, 0x3e, 0x81, 0x15, 0xb6, 0x3e, 0xfc, 0x70, 0xb0, 0x3e,
  0x48, 0xf5, 0xaa, 0x3e, 0x49, 0xa0, 0xa5, 0x3e, 0x04, 0x70, 0xa0, 0x3e,
  0xa3, 0x62, 0x9b, 0x3e, 0x67, 0x76, 0x96, 0x3e, 0xb2, 0xa9, 0x91, 0x3e,
  0x01, 0xfb, 0x8c, 0x3e, 0xdc, 0x68, 0x88, 0x3e, 0xf0, 0xf1, 0x83, 0x3e,
  0xe8, 0x29, 0x7f, 0x3e, 0x6f, 0xa1, 0x76, 0x3e, 0x26, 0x48, 0x6e, 0x3e,
  0xfa, 0x1b, 0x66, 0x3e, 0xda, 0x1a, 0x5e, 0x3e, 0xda, 0x42, 0x56, 0x3e,
  0x2e, 0x92, 0x4e, 0x3e, 0x35, 0x4e, 0x49, 0x3e, 0xca, 0x8d, 0x45, 0x3e,
  0x14, 0xba, 0x41, 0x3e, 0x3c, 0xd2, 0x3d, 0x3e, 0x44, 0xd5, 0x39, 0x3e,
  0x31, 0xc2, 0x35, 0x3e, 0xfa, 0x97, 0x31, 0x3e, 0x75, 0x55, 0x2d, 0x3e,
  0x82, 0xf9, 0x28, 0x3e, 0xe0, 0x82, 0x24, 0x3e, 0x31, 0xf0, 0x1f, 0x3e,
  0x19, 0x40, 0x1b, 0x3e, 0x0b, 0x71, 0x16, 0x3e, 0x6e, 0x81, 0x11, 0x3e,
  0x9c, 0x6f, 0x0c, 0x3e, 0xb7, 0x39, 0x07, 0x3e, 0xc9, 0xdd, 0x01, 0x3e,
  0x98, 0xb3, 0xf8, 0x3d, 0xe6, 0x56, 0xed, 0x3d, 0xdd, 0xa0, 0xe1, 0x3d,
  0x31, 0x8c, 0xd5, 0x3d, 0x7d, 0x13, 0xc9, 0x3d, 0xb7, 0x30, 0xbc, 0x3d,
  0x7b, 0xdd, 0xae, 0x3d, 0xd9, 0x12, 0xa1, 0x3d, 0x4e, 0xc9, 0x92, 0x3d,
  0xb8, 0xf8, 0x83, 0x3d, 0x86, 0x30, 0x69, 0x3d, 0xa5, 0x3c, 0x49, 0x3d,
  0xe0, 0x00, 0x28, 0x3d, 0x59, 0x66, 0x05, 0x3d, 0x2b, 0xa8, 0xc2, 0x3c,
  0xbe, 0xba, 0x6e, 0x3c, 0x32, 0xc0, 0xa2, 0x3b, 0x33, 0x88, 0xa6, 0xbb,
  0x3b, 0xc4, 0x7f, 0xbc, 0x15, 0x61, 0xda, 0xbc, 0x69, 0xbc, 0x1c, 0xbd,
  0x9f, 0xc6, 0x4e, 0xbd, 0x78, 0xc3, 0x81, 0xbd, 0xe6, 0x9d, 0x9d, 0xbd,
  0xa1, 0x15, 0xbb, 0xbd, 0x34, 0x52, 0xda, 0xbd, 0x31, 0x80, 0xfb, 0xbd,
  0x5f, 0x8a, 0x0c, 0xbe, 0x6d, 0x20, 0x15, 0xbe, 0x16, 0x34, 0x1d, 0xbe,
  0x34, 0xd1, 0x24, 0xbe, 0x3e, 0x02, 0x2c, 0xbe, 0x73, 0xd0, 0x32, 0xbe,
  0x10, 0x44, 0x39, 0xbe, 0x72, 0x64, 0x3f, 0xbe, 0x26, 0x38, 0x45, 0xbe,
  0x19, 0xc5, 0x4a, 0xbe, 0x9f, 0x10, 0x50, 0xbe, 0x82, 0x1f, 0x55, 0xbe,
  0x16, 0xf6, 0x59, 0xbe, 0x50, 0x98, 0x5e, 0xbe, 0xc8, 0x09, 0x63, 0xbe,
  0xc5, 0x4d, 0x67, 0xbe, 0x3c, 0x67, 0x6b, 0xbe, 0xf6, 0x58, 0x6f, 0xbe,
  0x63, 0x25, 0x73, 0xbe, 0xdd, 0xce, 0x76, 0xbe, 0x86, 0x57, 0x7a, 0xbe,
  0x47, 0xc1, 0x7d, 0xbe, 0xfa, 0x86, 0x80, 0xbe, 0x9c, 0x1f, 0x82, 0xbe,
  0x50, 0xab, 0x83, 0xbe, 0xd1, 0x2a, 0x85, 0xbe, 0xc3, 0x9e, 0x86, 0xbe,
  0xcc, 0x07, 0x88, 0xbe, 0x7b, 0x66, 0x89, 0xbe, 0x5c, 0xbb, 0x8a, 0xbe,
  0xf2, 0x06, 0x8c, 0xbe, 0xb3, 0x49, 0x8d, 0xbe, 0x10, 0x84, 0x8e, 0xbe,
  0x75, 0xb6, 0x8f, 0xbe, 0x43, 0xe1, 0x90, 0xbe, 0xdb, 0x04, 0x92, 0xbe,
  0x92, 0x21, 0x93, 0xbe, 0xbf, 0x37, 0x94, 0xbe, 0xa7, 0x47, 0x95, 0xbe,
  0xa0, 0x51, 0x96, 0xbe, 0xe5, 0x55, 0x97, 0xbe, 0xbd, 0x54, 0x98, 0xbe,
  0x64, 0x4e, 0x99, 0xbe, 0x17, 0x43, 0x9a, 0xbe, 0x56, 0x4d, 0x9b, 0xbe,
  0x9d, 0x3b, 0x9f, 0xbe, 0xca, 0x3d, 0xa3, 0xbe, 0xcf, 0x54, 0xa7, 0xbe,
  0x9f, 0x81, 0xab, 0xbe, 0x3e, 0xc5, 0xaf, 0xbe, 0xc5, 0x20, 0xb4, 0xbe,
  0x51, 0x95, 0xb8, 0xbe, 0x1f, 0x24, 0xbd, 0xbe, 0x76, 0xce, 0xc1, 0xbe,
  0xad, 0x95, 0xc6, 0xbe, 0x3d, 0x7b, 0xcb, 0xbe, 0xa9, 0x80, 0xd0, 0xbe,
  0x96, 0xa7, 0xd5, 0xbe, 0xc1, 0xf1, 0xda, 0xbe, 0x08, 0x61, 0xe0, 0xbe,
  0x69, 0xf7, 0xe5, 0xbe, 0xfb, 0xb6, 0xeb, 0xbe, 0x0b, 0xa2, 0xf1, 0xbe,
  0x08, 0xbb, 0xf7, 0xbe, 0x8b, 0x04, 0xfe, 0xbe, 0xb2, 0x40, 0x02, 0xbf,
  0x4f, 0x9a, 0x05, 0xbf, 0xba, 0x10, 0x09, 0xbf, 0xb9, 0xa5, 0x0c, 0xbf,
  0x30, 0x5b, 0x10, 0xbf, 0x2d, 0x33, 0x14, 0xbf, 0xf1, 0x2f, 0x18, 0xbf,
  0xe3, 0x53, 0x1c, 0xbf, 0xaa, 0xa1, 0x20, 0xbf, 0x27, 0x1c, 0x25, 0xbf,
  0x80, 0xc6, 0x29, 0xbf, 0x26, 0xa4, 0x2e, 0xbf, 0xe0, 0xb8, 0x33, 0xbf,
  0xd8, 0x08, 0x39, 0xbf, 0xa2, 0x98, 0x3e, 0xbf, 0x4d, 0x6d, 0x44, 0xbf,
  0x75, 0x8c, 0x4a, 0xbf, 0x57, 0xfc, 0x50, 0xbf, 0xe1, 0xc3, 0x57, 0xbf,
  0xd6, 0xea, 0x5e, 0xbf, 0xe6, 0x79, 0x66, 0xbf, 0xd7, 0x7a, 0x6e, 0xbf,
  0xb6, 0xf8, 0x76, 0xbf, 0x00, 0x00, 0x80, 0xbf, 0x4c, 0x16, 0x7d, 0xbf,
  0xaa, 0x86, 0x76, 0xbf, 0x2d, 0x59, 0x70, 0xbf, 0x06, 0x85, 0x6a, 0xbf,
  0x73, 0x02, 0x65, 0xbf, 0x89, 0xca, 0x5f, 0xbf, 0x23, 0xd7, 0x5a, 0xbf,
  0xc3, 0x22, 0x56, 0xbf, 0x7c, 0xa8, 0x51, 0xbf, 0xe0, 0x63, 0x4d, 0xbf,
  0xf2, 0x50, 0x49, 0xbf, 0x16, 0x6c, 0x45, 0xbf, 0x06, 0xb2, 0x41, 0xbf,
  0xce, 0x1f, 0x3e, 0xbf, 0xb4, 0xb2, 0x3a, 0xbf, 0x45, 0x68, 0x37, 0xbf,
  0x3f, 0x3e, 0x34, 0xbf, 0x90, 0x32, 0x31, 0xbf, 0x53, 0x43, 0x2e, 0xbf,
  0xc9, 0x6e, 0x2b, 0xbf, 0x59, 0xb3, 0x28, 0xbf, 0x83, 0x0f, 0x26, 0xbf,
  0xec, 0x81, 0x23, 0xbf, 0x4f, 0x09, 0x21, 0xbf, 0x7d, 0xa4, 0x1e, 0xbf,
  0x61, 0x52, 0x1c, 0xbf, 0xf5, 0x11, 0x1a, 0xbf, 0x49, 0xe2, 0x17, 0xbf,
  0x78, 0xc2, 0x15, 0xbf, 0xb3, 0xb1, 0x13, 0xbf, 0x33, 0xaf, 0x11, 0xbf,
  0x42, 0xba, 0x0f, 0xbf, 0x31, 0xd2, 0x0d, 0xbf, 0x5e, 0xf6, 0x0b, 0xbf,
  0x33, 0x26, 0x0a, 0xbf, 0x20, 0x61, 0x08, 0xbf, 0x9e, 0xa6, 0x06, 0xbf,
  0x30, 0xf6, 0x04, 0xbf, 0x5c, 0x4f, 0x03, 0xbf, 0xb4, 0xb1, 0x01, 0xbf,
  0xce, 0x1c, 0x00, 0xbf, 0x81, 0x20, 0xfd, 0xbe, 0x60, 0x17, 0xfa, 0xbe,
  0x85, 0x1d, 0xf7, 0xbe, 0x56, 0x69, 0xf6, 0xbe, 0xf2, 0x36, 0xf8, 0xbe,
  0xc8, 0x0d, 0xfa, 0xbe, 0x4b, 0xee, 0xfb, 0xbe, 0xe8, 0xd8, 0xfd, 0xbe,
  0x1d, 0xce, 0xff, 0xbe, 0x34, 0xe7, 0x00, 0xbf, 0x2c, 0xed, 0x01, 0xbf,
  0x3a, 0xf9, 0x02, 0xbf, 0xae, 0x0b, 0x04, 0xbf, 0xd7, 0x24, 0x05, 0xbf,
  0x0c, 0x45, 0x06, 0xbf, 0xab, 0x6c, 0x07, 0xbf, 0x13, 0x9c, 0x08, 0xbf,
  0xaf, 0xd3, 0x09, 0xbf, 0xeb, 0x13, 0x0b, 0xbf, 0x42, 0x5d, 0x0c, 0xbf,
  0x2f, 0xb0, 0x0d, 0xbf, 0x3e, 0x0d, 0x0f, 0xbf, 0xff, 0x74, 0x10, 0xbf,
  0x11, 0xe8, 0x11, 0xbf, 0x19, 0x67, 0x13, 0xbf, 0xd1, 0xf2, 0x14, 0xbf,
  0xfc, 0x8b, 0x16, 0xbf, 0x6d, 0x33, 0x18, 0xbf, 0x0a, 0xea, 0x19, 0xbf,
  0xcb, 0xb0, 0x1b, 0xbf, 0xbd, 0x88, 0x1d, 0xbf, 0x07, 0x73, 0x1f, 0xbf,
  0xe5, 0x70, 0x21, 0xbf, 0xb6, 0x83, 0x23, 0xbf, 0xf7, 0xac, 0x25, 0xbf,
  0x49, 0xee, 0x27, 0xbf, 0x79, 0x49, 0x2a, 0xbf, 0x7c, 0xc0, 0x2c, 0xbf,
  0x82, 0x55, 0x2f, 0xbf, 0xf2, 0x0a, 0x32, 0xbf, 0x78, 0xe3, 0x34, 0xbf,
  0x0b, 0xe2, 0x37, 0xbf, 0xfe, 0x09, 0x3b, 0xbf, 0x04, 0x5f, 0x3e, 0xbf,
  0x46, 0xe5, 0x41, 0xbf, 0x74, 0xa1, 0x45, 0xbf, 0xdc, 0x98, 0x49, 0xbf,
  0xc0, 0x4b, 0x4b, 0xbf, 0x2e, 0xd6, 0x42, 0xbf, 0x9a, 0xe1, 0x3a, 0xbf,
  0x45, 0x62, 0x33, 0xbf, 0xce, 0x4d, 0x2c, 0xbf, 0x07, 0x9b, 0x25, 0xbf,
  0xc1, 0x41, 0x1f, 0xbf, 0xb8, 0x3a, 0x19, 0xbf, 0x61, 0x7f, 0x13, 0xbf,
  0xe7, 0x09, 0x0e, 0xbf, 0x05, 0xd5, 0x08, 0xbf, 0xf8, 0xdb, 0x03, 0xbf,
  0xec, 0x34, 0xfe, 0xbe, 0x2d, 0x19, 0xf5, 0xbe, 0x99, 0x5d, 0xec, 0xbe,
  0xba, 0xfb, 0xe3, 0xbe, 0xaa, 0xed, 0xdb, 0xbe, 0x02, 0x2e, 0xd4, 0xbe,
  0xca, 0xb7, 0xcc, 0xbe, 0x7a, 0x86, 0xc5, 0xbe, 0xdc, 0x95, 0xbe, 0xbe,
  0x1a, 0xe2, 0xb7, 0xbe, 0x9c, 0x67, 0xb1, 0xbe, 0x17, 0x23, 0xab, 0xbe,
  0x82, 0x11, 0xa5, 0xbe, 0x04, 0x30, 0x9f, 0xbe, 0xfa, 0x7b, 0x99, 0xbe,
  0xf2, 0xf2, 0x93, 0xbe, 0xa3, 0x92, 0x8e, 0xbe, 0xea, 0x58, 0x89, 0xbe,
  0xd1, 0x43, 0x84, 0xbe, 0xe7, 0xa2, 0x7e, 0xbe, 0x2e, 0x00, 0x75, 0xbe,
  0x30, 0x9c, 0x6b, 0xbe, 0xe3, 0x73, 0x62, 0xbe, 0x64, 0x84, 0x59, 0xbe,
  0xfa, 0xca, 0x50, 0xbe, 0x21, 0x45, 0x48, 0xbe, 0x67, 0xf0, 0x3f, 0xbe,
  0x93, 0xca, 0x37, 0xbe, 0x78, 0xd1, 0x2f, 0xbe, 0x18, 0x03, 0x28, 0xbe,
  0x88, 0x5d, 0x20, 0xbe, 0xf4, 0xde, 0x18, 0xbe, 0xa0, 0x85, 0x11, 0xbe,
  0x77, 0xbd, 0x0c, 0xbe, 0x2d, 0x1d, 0x08, 0xbe, 0xee, 0x64, 0x03, 0xbe,
  0x3d, 0x27, 0xfd, 0xbd, 0x17, 0x50, 0xf3, 0xbd, 0xfe, 0x41, 0xe9, 0xbd,
  0x47, 0xfa, 0xde, 0xbd, 0x37, 0x76, 0xd4, 0xbd, 0xd0, 0xb2, 0xc9, 0xbd,
  0xf8, 0xac, 0xbe, 0xbd, 0x5d, 0x61, 0xb3, 0xbd, 0x79, 0xcc, 0xa7, 0xbd,
  0x8a, 0xea, 0x9b, 0xbd, 0x8f, 0xb7, 0x8f, 0xbd, 0x47, 0x2f, 0x83, 0xbd,
  0x45, 0x9a, 0x6c, 0xbd, 0x84, 0x18, 0x52, 0xbd, 0xe1, 0xce, 0x36, 0xbd,
  0x30, 0xb2, 0x1a, 0xbd, 0xe3, 0x6c, 0xfb, 0xbc, 0x85, 0x9d, 0xbf, 0xbc,
  0x91, 0xda, 0x81, 0xbc, 0x4a, 0x0c, 0x04, 0xbc, 0x7f, 0x4b, 0x3c, 0xa5,
  0x00, 0x00, 0x00, 0x00, 0x6d, 0x9c, 0x62, 0x3c, 0xb1, 0xe6, 0xda, 0x3c,
  0xd5, 0xc9, 0x1e, 0x3d, 0x52, 0x02, 0x4d, 0x3d, 0x63, 0x69, 0x78, 0x3d,
  0x10, 0xa1, 0x90, 0x3d, 0xc9, 0xe3, 0xa3, 0x3d, 0xf4, 0x16, 0xb6, 0x3d,
  0xb1, 0x51, 0xc7, 0x3d, 0x93, 0xa8, 0xd7, 0x3d, 0xff, 0x2d, 0xe7, 0x3d,
  0x6d, 0xf2, 0xf5, 0x3d, 0x54, 0x02, 0x02, 0x3e, 0x05, 0xb9, 0x08, 0x3e,
  0x40, 0x23, 0x0f, 0x3e, 0x8a, 0x46, 0x15, 0x3e, 0xcc, 0x27, 0x1b, 0x3e,
  0x87, 0xcb, 0x20, 0x3e, 0xe1, 0x35, 0x26, 0x3e, 0x8a, 0x6a, 0x2b, 0x3e,
  0xf9, 0x6c, 0x30, 0x3e, 0x5a, 0x40, 0x35, 0x3e, 0x90, 0xe7, 0x39, 0x3e,
  0x46, 0x65, 0x3e, 0x3e, 0xf3, 0xbb, 0x42, 0x3e, 0xda, 0xed, 0x46, 0x3e,
  0x11, 0xfd, 0x4a, 0x3e, 0x98, 0xeb, 0x4e, 0x3e, 0x3e, 0xbb, 0x52, 0x3e,
  0xa3, 0x6d, 0x56, 0x3e, 0x66, 0x04, 0x5a, 0x3e, 0xff, 0x80, 0x5d, 0x3e,
  0xbf, 0xe4, 0x60, 0x3e, 0xee, 0x30, 0x64, 0x3e, 0xc7, 0x66, 0x67, 0x3e,
  0x5d, 0x87, 0x6a, 0x3e, 0xbe, 0x93, 0x6d, 0x3e, 0xe7, 0x8c, 0x70, 0x3e,
  0xcb, 0x73, 0x73, 0x3e, 0x40, 0x49, 0x76, 0x3e, 0x16, 0x0e, 0x79, 0x3e,
  0x17, 0xc3, 0x7b, 0x3e, 0xff, 0x68, 0x7e, 0x3e, 0x3a, 0x80, 0x80, 0x3e,
  0x17, 0xc5, 0x81, 0x3e, 0x5c, 0x03, 0x83, 0x3e, 0x56, 0x3b, 0x84, 0x3e,
  0x50, 0x6d, 0x85, 0x3e, 0x8b, 0x99, 0x86, 0x3e, 0x42, 0xc0, 0x87, 0x3e,
  0xb8, 0xe1, 0x88, 0x3e, 0x25, 0xfe, 0x89, 0x3e, 0xc0, 0x15, 0x8b, 0x3e,
  0xb9, 0x28, 0x8c, 0x3e, 0x45, 0x37, 0x8d, 0x3e, 0x95, 0x41, 0x8e, 0x3e,
  0xd5, 0x47, 0x8f, 0x3e, 0x2c, 0x4a, 0x90, 0x3e, 0xcf, 0x48, 0x91, 0x3e,
  0xd9, 0x43, 0x92, 0x3e, 0x7c, 0x3b, 0x93, 0x3e, 0xd1, 0x2f, 0x94, 0x3e,
  0x04, 0x21, 0x95, 0x3e, 0x33, 0x0f, 0x96, 0x3e, 0x80, 0xfa, 0x96, 0x3e,
  0x08, 0xe3, 0x97, 0x3e, 0xec, 0xc8, 0x98, 0x3e, 0x44, 0xac, 0x99, 0x3e,
  0x33, 0x8d, 0x9a, 0x3e, 0xcf, 0x6b, 0x9b, 0x3e, 0x32, 0x48, 0x9c, 0x3e,
  0x78, 0x22, 0x9d, 0x3e, 0xb9, 0xfa, 0x9d, 0x3e, 0x0a, 0xd1, 0x9e, 0x3e,
  0x85, 0xa5, 0x9f, 0x3e, 0x42, 0x78, 0xa0, 0x3e, 0x4e, 0x49, 0xa1, 0x3e,
  0xc7, 0x18, 0xa2, 0x3e, 0xbf, 0xe6, 0xa2, 0x3e, 0x49, 0xb3, 0xa3, 0x3e,
  0x79, 0x7e, 0xa4, 0x3e, 0x60, 0x48, 0xa5, 0x3e, 0x12, 0x11, 0xa6, 0x3e,
  0xa1, 0xd8, 0xa6, 0x3e, 0x23, 0x9f, 0xa7, 0x3e, 0x16, 0x18, 0xa9, 0x3e,
  0xdd, 0xb6, 0xaa, 0x3e, 0xf0, 0x57, 0xac, 0x3e, 0x7c, 0xfb, 0xad, 0x3e,
  0xa4, 0xa1, 0xaf, 0x3e, 0x90, 0x4a, 0xb1, 0x3e, 0x69, 0xf6, 0xb2, 0x3e,
  0x56, 0xa5, 0xb4, 0x3e, 0x7f, 0x57, 0xb6, 0x3e, 0x18, 0x0d, 0xb8, 0x3e,
  0x45, 0xc6, 0xb9, 0x3e, 0x38, 0x83, 0xbb, 0x3e, 0x21, 0x44, 0xbd, 0x3e,
  0x31, 0x09, 0xbf, 0x3e, 0x95, 0xd2, 0xc0, 0x3e, 0x88, 0xa0, 0xc2, 0x3e,
  0x3d, 0x73, 0xc4, 0x3e, 0xea, 0x4a, 0xc6, 0x3e, 0xc8, 0x27, 0xc8, 0x3e,
  0x16, 0x0a, 0xca, 0x3e, 0x11, 0xf2, 0xcb, 0x3e, 0xf9, 0xdf, 0xcd, 0x3e,
  0x11, 0xd4, 0xcf, 0x3e, 0x9b, 0xce, 0xd1, 0x3e, 0xe2, 0xcf, 0xd3, 0x3e,
  0x33, 0xd8, 0xd5, 0x3e, 0xdb, 0xe7, 0xd7, 0x3e, 0x2b, 0xff, 0xd9, 0x3e,
  0x76, 0x1e, 0xdc, 0x3e, 0x1b, 0x46, 0xde, 0x3e, 0x73, 0x76, 0xe0, 0x3e,
  0xe1, 0xaf, 0xe2, 0x3e, 0xc9, 0xf2, 0xe4, 0x3e, 0x99, 0x3f, 0xe7, 0x3e,
  0xc1, 0x96, 0xe9, 0x3e, 0xb6, 0xf8, 0xeb, 0x3e, 0xf1, 0x65, 0xee, 0x3e,
  0xfb, 0xde, 0xf0, 0x3e, 0x5a, 0x64, 0xf3, 0x3e, 0x9f, 0xf6, 0xf5, 0x3e,
  0x61, 0x96, 0xf8, 0x3e, 0x41, 0x44, 0xfb, 0x3e, 0xe9, 0x00, 0xfe, 0x3e,
  0x88, 0x66, 0x00, 0x3f, 0xb8, 0xd4, 0x01, 0x3f, 0x6c, 0x4b, 0x03, 0x3f,
  0x0b, 0xcb, 0x04, 0x3f, 0x09, 0x54, 0x06, 0x3f, 0xe0, 0xe6, 0x07, 0x3f,
  0x0c, 0x84, 0x09, 0x3f, 0x19, 0x2c, 0x0b, 0x3f, 0x95, 0xdf, 0x0c, 0x3f,
  0x1f, 0x9f, 0x0e, 0x3f, 0x5c, 0x6b, 0x10, 0x3f, 0xfd, 0x44, 0x12, 0x3f,
  0xbf, 0x2c, 0x14, 0x3f, 0x71, 0x23, 0x16, 0x3f, 0xeb, 0x29, 0x18, 0x3f,
  0x19, 0x41, 0x1a, 0x3f, 0xf9, 0x69, 0x1c, 0x3f, 0x9c, 0xa5, 0x1e, 0x3f,
  0x2a, 0xf5, 0x20, 0x3f, 0xe3, 0x59, 0x23, 0x3f, 0x1f, 0xd5, 0x25, 0x3f,
  0x57, 0x68, 0x28, 0x3f, 0x25, 0x15, 0x2b, 0x3f, 0x44, 0xdd, 0x2d, 0x3f,
  0x99, 0xc2, 0x30, 0x3f, 0x38, 0xc7, 0x33, 0x3f, 0x67, 0xed, 0x36, 0x3f,
  0xa6, 0x37, 0x3a, 0x3f, 0xb1, 0xa8, 0x3d, 0x3f, 0x92, 0x43, 0x41, 0x3f,
  0xa1, 0x0b, 0x45, 0x3f, 0x99, 0x04, 0x49, 0x3f, 0x9b, 0x32, 0x4d, 0x3f,
  0x40, 0x9a, 0x51, 0x3f, 0xb4, 0x40, 0x56, 0x3f, 0xc0, 0x2b, 0x5b, 0x3f,
  0xe7, 0x61, 0x60, 0x3f, 0x8b, 0xea, 0x65, 0x3f, 0x07, 0xce, 0x6b, 0x3f,
  0xe4, 0x15, 0x72, 0x3f, 0x08, 0xcd, 0x78, 0x3f, 0x00, 0x00, 0x80, 0x3f,
  0x95, 0x27, 0x7b, 0x3f, 0xd1, 0xbe, 0x70, 0x3f, 0xdd, 0x06, 0x67, 0x3f,
  0x03, 0xee, 0x5d, 0x3f, 0xd5, 0x64, 0x55, 0x3f, 0xd1, 0x5d, 0x4d, 0x3f,
  0x1c, 0xcd, 0x45, 0x3f, 0x3e, 0xa8, 0x3e, 0x3f, 0xf1, 0xe5, 0x37, 0x3f,
  0xf7, 0x7d, 0x31, 0x3f, 0xf6, 0x68, 0x2b, 0x3f, 0x5a, 0xa0, 0x25, 0x3f,
  0x3b, 0x1e, 0x20, 0x3f, 0x4c, 0xdd, 0x1a, 0x3f, 0xbb, 0xd8, 0x15, 0x3f,
  0x36, 0x0c, 0x11, 0x3f, 0xcc, 0x73, 0x0c, 0x3f, 0xe7, 0x0b, 0x08, 0x3f,
  0x44, 0xd1, 0x03, 0x3f, 0xd5, 0x81, 0xff, 0x3e, 0x3e, 0xb0, 0xf7, 0x3e,
  0xc3, 0x28, 0xf0, 0x3e, 0xce, 0xe6, 0xe8, 0x3e, 0x22, 0xe6, 0xe1, 0x3e,
  0xdb, 0x22, 0xdb, 0x3e, 0x61, 0x99, 0xd4, 0x3e, 0x61, 0x46, 0xce, 0x3e,
  0xc2, 0x26, 0xc8, 0x3e, 0xa9, 0x37, 0xc2, 0x3e, 0x6c, 0x76, 0xbc, 0x3e,
  0x99, 0xe0, 0xb6, 0x3e, 0xda, 0x73, 0xb1, 0x3e, 0x0c, 0x2e, 0xac, 0x3e,
  0x30, 0x0d, 0xa7, 0x3e, 0x62, 0x0f, 0xa2, 0x3e, 0xe4, 0x32, 0x9d, 0x3e,
  0x0b, 0x76, 0x98, 0x3e, 0x4d, 0xd7, 0x93, 0x3e, 0x3a, 0x55, 0x8f, 0x3e,
  0x71, 0xee, 0x8a, 0x3e, 0xac, 0xa1, 0x86, 0x3e, 0xad, 0x6d, 0x82, 0x3e,
  0xb3, 0xa2, 0x7c, 0x3e, 0x2a, 0x97, 0x74, 0x3e, 0xc1, 0xb6, 0x6c, 0x3e,
  0x80, 0xff, 0x64, 0x3e, 0x97, 0x6f, 0x5d, 0x3e, 0x4d, 0x05, 0x56, 0x3e,
  0xfa, 0xbe, 0x4e, 0x3e, 0x13, 0x9b, 0x47, 0x3e, 0x19, 0x98, 0x40, 0x3e,
  0xa1, 0xb4, 0x39, 0x3e, 0x55, 0xef, 0x32, 0x3e, 0xf3, 0x46, 0x2c, 0x3e,
  0x39, 0xba, 0x25, 0x3e, 0x07, 0x48, 0x1f, 0x3e, 0x35, 0xef, 0x18, 0x3e,
  0xbd, 0xae, 0x12, 0x3e, 0x9a, 0x85, 0x0c, 0x3e, 0xcd, 0x72, 0x06, 0x3e,
  0x71, 0x75, 0x00, 0x3e, 0x2a, 0x19, 0xf5, 0x3d, 0xd1, 0x6e, 0xe9, 0x3d,
  0x1e, 0xea, 0xdd, 0x3d, 0x8a, 0x89, 0xd2, 0x3d, 0x86, 0x4b, 0xc7, 0x3d,
  0xa1, 0x2e, 0xbc, 0x3d, 0x6e, 0x31, 0xb1, 0x3d, 0x90, 0x52, 0xa6, 0x3d,
  0xb5, 0x90, 0x9b, 0x3d, 0x99, 0xea, 0x90, 0x3d, 0x02, 0x5f, 0x86, 0x3d,
  0x7b, 0xd9, 0x77, 0x3d, 0x49, 0x25, 0x63, 0x3d, 0x38, 0x9f, 0x4e, 0x3d,
  0x16, 0x45, 0x3a, 0x3d, 0xcd, 0x14, 0x26, 0x3d, 0x4f, 0x0c, 0x12, 0x3d,
  0x38, 0x53, 0xfc, 0x3c, 0x90, 0xd5, 0xd4, 0x3c, 0xda, 0x9b, 0xad, 0x3c,
  0x66, 0xa2, 0x86, 0x3c, 0x32, 0xcb, 0x3f, 0x3c, 0xaf, 0x87, 0xe5, 0x3b,
  0x67, 0x9f, 0x18, 0x3b, 0x67, 0x9f, 0x18, 0xbb, 0xaf, 0x87, 0xe5, 0xbb,
  0x32, 0xcb, 0x3f, 0xbc, 0x66, 0xa2, 0x86, 0xbc, 0xda, 0x9b, 0xad, 0xbc,
  0x90, 0xd5, 0xd4, 0xbc, 0x38, 0x53, 0xfc, 0xbc, 0x4f, 0x0c, 0x12, 0xbd,
  0xcd, 0x14, 0x26, 0xbd, 0x16, 0x45, 0x3a, 0xbd, 0x38, 0x9f, 0x4e, 0xbd,
  0x49, 0x25, 0x63, 0xbd, 0x7b, 0xd9, 0x77, 0xbd, 0x02, 0x5f, 0x86, 0xbd,
  0x99, 0xea, 0x90, 0xbd, 0xb5, 0x90, 0x9b, 0xbd, 0x90, 0x52, 0xa6, 0xbd,
  0x6e, 0x31, 0xb1, 0xbd, 0xa1, 0x2e, 0xbc, 0xbd, 0x86, 0x4b, 0xc7, 0xbd,
  0x8a, 0x89, 0xd2, 0xbd, 0x1e, 0xea, 0xdd, 0xbd, 0xd1, 0x6e, 0xe9, 0xbd,
  0x2a, 0x19, 0xf5, 0xbd, 0x71, 0x75, 0x00, 0xbe, 0xcd, 0x72, 0x06, 0xbe,
  0x9a, 0x85, 0x0c, 0xbe, 0xbd, 0xae, 0x12, 0xbe, 0x35, 0xef, 0x18, 0xbe,
  0x07, 0x48, 0x1f, 0xbe, 0x39, 0xba, 0x25, 0xbe, 0xf3, 0x46, 0x2c, 0xbe,
  0x55, 0xef, 0x32, 0xbe, 0xa1, 0xb4, 0x39, 0xbe, 0x19, 0x98, 0x40, 0xbe,
  0x13, 0x9b, 0x47, 0xbe, 0xfa, 0xbe, 0x4e, 0xbe, 0x4d, 0x05, 0x56, 0xbe,
  0x97, 0x6f, 0x5d, 0xbe, 0x80, 0xff, 0x64, 0xbe, 0xc1, 0xb6, 0x6c, 0xbe,
  0x2a, 0x97, 0x74, 0xbe, 0xb3, 0xa2, 0x7c, 0xbe, 0xad, 0x6d, 0x82, 0xbe,
  0xac, 0xa1, 0x86, 0xbe, 0x71, 0xee, 0x8a, 0xbe, 0x3a, 0x55, 0x8f, 0xbe,
  0x4d, 0xd7, 0x93, 0xbe, 0x0b, 0x76, 0x98, 0xbe, 0xe4, 0x32, 0x9d, 0xbe,
  0x62, 0x0f, 0xa2, 0xbe, 0x30, 0x0d, 0xa7, 0xbe, 0x0c, 0x2e, 0xac, 0xbe,
  0xda, 0x73, 0xb1, 0xbe, 0x99, 0xe0, 0xb6, 0xbe, 0x6c, 0x76, 0xbc, 0xbe,
  0xa9, 0x37, 0xc2, 0xbe, 0xc2, 0x26, 0xc8, 0xbe, 0x61, 0x46, 0xce, 0xbe,
  0x61, 0x99, 0xd4, 0xbe, 0xdb, 0x22, 0xdb, 0xbe, 0x22, 0xe6, 0xe1, 0xbe,
  0xce, 0xe6, 0xe8, 0xbe, 0xc3, 0x28, 0xf0, 0xbe, 0x3e, 0xb0, 0xf7, 0xbe,
  0xd5, 0x81, 0xff, 0xbe, 0x44, 0xd1, 0x03, 0xbf, 0xe7, 0x0b, 0x08, 0xbf,
  0xcc, 0x73, 0x0c, 0xbf, 0x36, 0x0c, 0x11, 0xbf, 0xbb, 0xd8, 0x15, 0xbf,
  0x4c, 0xdd, 0x1a, 0xbf, 0x3b, 0x1e, 0x20, 0xbf, 0x5a, 0xa0, 0x25, 0xbf,
  0xf6, 0x68, 0x2b, 0xbf, 0xf7, 0x7d, 0x31, 0xbf, 0xf1, 0xe5, 0x37, 0xbf,
  0x3e, 0xa8, 0x3e, 0xbf, 0x1c, 0xcd, 0x45, 0xbf, 0xd1, 0x5d, 0x4d, 0xbf,
  0xd5, 0x64, 0x55, 0xbf, 0x03, 0xee, 0x5d, 0xbf, 0xdd, 0x06, 0x67, 0xbf,
  0xd1, 0xbe, 0x70, 0xbf, 0x95, 0x27, 0x7b, 0xbf, 0x00, 0x00, 0x80, 0xbf,
  0x08, 0xcd, 0x78, 0xbf, 0xe4, 0x15, 0x72, 0xbf, 0x07, 0xce, 0x6b, 0xbf,
  0x8b, 0xea, 0x65, 0xbf, 0xe7, 0x61, 0x60, 0xbf, 0xc0, 0x2b, 0x5b, 0xbf,
  0xb4, 0x40, 0x56, 0xbf, 0x40, 0x9a, 0x51, 0xbf, 0x9b, 0x32, 0x4d, 0xbf,
  0x99, 0x04, 0x49, 0xbf, 0xa1, 0x0b, 0x45, 0xbf, 0x92, 0x43, 0x41, 0xbf,
  0xb1, 0xa8, 0x3d, 0xbf, 0xa6, 0x37, 0x3a, 0xbf, 0x67, 0xed, 0x36, 0xbf,
  0x38, 0xc7, 0x33, 0xbf, 0x99, 0xc2, 0x30, 0xbf, 0x44, 0xdd, 0x2d, 0xbf,
  0x25, 0x15, 0x2b, 0xbf, 0x57, 0x68, 0x28, 0xbf, 0x1f, 0xd5, 0x25, 0xbf,
  0xe3, 0x59, 0x23, 0xbf, 0x2a, 0xf5, 0x20, 0xbf, 0x9c, 0xa5, 0x1e, 0xbf,
  0xf9, 0x69, 0x1c, 0xbf, 0x19, 0x41, 0x1a, 0xbf, 0xeb, 0x29, 0x18, 0xbf,
  0x71, 0x23, 0x16, 0xbf, 0xbf, 0x2c, 0x14, 0xbf, 0xfd, 0x44, 0x12, 0xbf,
  0x5c, 0x6b, 0x10, 0xbf, 0x1f, 0x9f, 0x0e, 0xbf, 0x95, 0xdf, 0x0c, 0xbf,
  0x19, 0x2c, 0x0b, 0xbf, 0x0c, 0x84, 0x09, 0xbf, 0xe0, 0xe6, 0x07, 0xbf,
  0x09, 0x54, 0x06, 0xbf, 0x0b, 0xcb, 0x04, 0xbf, 0x6c, 0x4b, 0x03, 0xbf,
  0xb8, 0xd4, 0x01, 0xbf, 0x88, 0x66, 0x00, 0xbf, 0xe9, 0x00, 0xfe, 0xbe,
  0x41, 0x44, 0xfb, 0xbe, 0x61, 0x96, 0xf8, 0xbe, 0x9f, 0xf6, 0xf5, 0xbe,
  0x5a, 0x64, 0xf3, 0xbe, 0xfb, 0xde, 0xf0, 0xbe, 0xf1, 0x65, 0xee, 0xbe,
  0xb6, 0xf8, 0xeb, 0xbe, 0xc1, 0x96, 0xe9, 0xbe, 0x99, 0x3f, 0xe7, 0xbe,
  0xc9, 0xf2, 0xe4, 0xbe, 0xe1, 0xaf, 0xe2, 0xbe, 0x73, 0x76, 0xe0, 0xbe,
  0x1b, 0x46, 0xde, 0xbe, 0x76, 0x1e, 0xdc, 0xbe, 0x2b, 0xff, 0xd9, 0xbe,
  0xdb, 0xe7, 0xd7, 0xbe, 0x33, 0xd8, 0xd5, 0xbe, 0xe2, 0xcf, 0xd3, 0xbe,
  0x9b, 0xce, 0xd1, 0xbe, 0x11, 0xd4, 0xcf, 0xbe, 0xf9, 0xdf, 0xcd, 0xbe,
  0x11, 0xf2, 0xcb, 0xbe, 0x16, 0x0a, 0xca, 0xbe, 0xc8, 0x27, 0xc8, 0xbe,
  0xea, 0x4a, 0xc6, 0xbe, 0x3d, 0x73, 0xc4, 0xbe, 0x88, 0xa0, 0xc2, 0xbe,
  0x95, 0xd2, 0xc0, 0xbe, 0x31, 0x09, 0xbf, 0xbe, 0x21, 0x44, 0xbd, 0xbe,
  0x38, 0x83, 0xbb, 0xbe, 0x45, 0xc6, 0xb9, 0xbe, 0x18, 0x0d, 0xb8, 0xbe,
  0x7f, 0x57, 0xb6, 0xbe, 0x56, 0xa5, 0xb4, 0xbe, 0x69, 0xf6, 0xb2, 0xbe,
  0x90, 0x4a, 0xb1, 0xbe, 0xa4, 0xa1, 0xaf, 0xbe, 0x7c, 0xfb, 0xad, 0xbe,
  0xf0, 0x57, 0xac, 0xbe, 0xdd, 0xb6, 0xaa, 0xbe, 0x16, 0x18, 0xa9, 0xbe,
  0x23, 0x9f, 0xa7, 0xbe, 0xa1, 0xd8, 0xa6, 0xbe, 0x12, 0x11, 0xa6, 0xbe,
  0x60, 0x48, 0xa5, 0xbe, 0x79, 0x7e, 0xa4, 0xbe, 0x49, 0xb3, 0xa3, 0xbe,
  0xbf, 0xe6, 0xa2, 0xbe, 0xc7, 0x18, 0xa2, 0xbe, 0x4e, 0x49, 0xa1, 0xbe,
  0x42, 0x78, 0xa0, 0xbe, 0x85, 0xa5, 0x9f, 0xbe, 0x0a, 0xd1, 0x9e, 0xbe,
  0xb9, 0xfa, 0x9d, 0xbe, 0x78, 0x22, 0x9d, 0xbe, 0x32, 0x48, 0x9c, 0xbe,
  0xcf, 0x6b, 0x9b, 0xbe, 0x33, 0x8d, 0x9a, 0xbe, 0x44, 0xac, 0x99, 0xbe,
  0xec, 0xc8, 0x98, 0xbe, 0x08, 0xe3, 0x97, 0xbe, 0x80, 0xfa, 0x96, 0xbe,
  0x33, 0x0f, 0x96, 0xbe, 0x04, 0x21, 0x95, 0xbe, 0xd1, 0x2f, 0x94, 0xbe,
  0x7c, 0x3b, 0x93, 0xbe, 0xd9, 0x43, 0x92, 0xbe, 0xcf, 0x48, 0x91, 0xbe,
  0x2c, 0x4a, 0x90, 0xbe, 0xd5, 0x47, 0x8f, 0xbe, 0x95, 0x41, 0x8e, 0xbe,
  0x45, 0x37, 0x8d, 0xbe, 0xb9, 0x28, 0x8c, 0xbe, 0xc0, 0x15, 0x8b, 0xbe,
  0x25, 0xfe, 0x89, 0xbe, 0xb8, 0xe1, 0x88, 0xbe, 0x42, 0xc0, 0x87, 0xbe,
  0x8b, 0x99, 0x86, 0xbe, 0x50, 0x6d, 0x85, 0xbe, 0x56, 0x3b, 0x84, 0xbe,
  0x5c, 0x03, 0x83, 0xbe, 0x17, 0xc5, 0x81, 0xbe, 0x3a, 0x80, 0x80, 0xbe,
  0xff, 0x68, 0x7e, 0xbe, 0x17, 0xc3, 0x7b, 0xbe, 0x16, 0x0e, 0x79, 0xbe,
  0x40, 0x49, 0x76, 0xbe, 0xcb, 0x73, 0x73, 0xbe, 0xe7, 0x8c, 0x70, 0xbe,
  0xbe, 0x93, 0x6d, 0xbe, 0x5d, 0x87, 0x6a, 0xbe, 0xc7, 0x66, 0x67, 0xbe,
  0xee, 0x30, 0x64, 0xbe, 0xbf, 0xe4, 0x60, 0xbe, 0xff, 0x80, 0x5d, 0xbe,
  0x66, 0x04, 0x5a, 0xbe, 0xa3, 0x6d, 0x56, 0xbe, 0x3e, 0xbb, 0x52, 0xbe,
  0x98, 0xeb, 0x4e, 0xbe, 0x11, 0xfd, 0x4a, 0xbe, 0xda, 0xed, 0x46, 0xbe,
  0xf3, 0xbb, 0x42, 0xbe, 0x46, 0x65, 0x3e, 0xbe, 0x90, 0xe7, 0x39, 0xbe,
  0x5a, 0x40, 0x35, 0xbe, 0xf9, 0x6c, 0x30, 0xbe, 0x8a, 0x6a, 0x2b, 0xbe,
  0xe1, 0x35, 0x26, 0xbe, 0x87, 0xcb, 0x20, 0xbe, 0xcc, 0x27, 0x1b, 0xbe,
  0x8a, 0x46, 0x15, 0xbe, 0x40, 0x23, 0x0f, 0xbe, 0x05, 0xb9, 0x08, 0xbe,
  0x54, 0x02, 0x02, 0xbe, 0x6d, 0xf2, 0xf5, 0xbd, 0xff, 0x2d, 0xe7, 0xbd,
  0x93, 0xa8, 0xd7, 0xbd, 0xb1, 0x51, 0xc7, 0xbd, 0xf4, 0x16, 0xb6, 0xbd,
  0xc9, 0xe3, 0xa3, 0xbd, 0x10, 0xa1, 0x90, 0xbd, 0x63, 0x69, 0x78, 0xbd,
  0x52, 0x02, 0x4d, 0xbd, 0xd5, 0xc9, 0x1e, 0xbd, 0xb1, 0xe6, 0xda, 0xbc,
  0x6d, 0x9c, 0x62, 0xbc, 0x32, 0xa3, 0xa4, 0xa5, 0x00, 0x00, 0x00, 0x00,
  0xa8, 0xf8, 0x45, 0x3c, 0x3e, 0xdf, 0xbf, 0x3c, 0xa3, 0x9d, 0x0b, 0x3d,
  0xa2, 0xc8, 0x34, 0x3d, 0x74, 0xa9, 0x5b, 0x3d, 0x39, 0x39, 0x80, 0x3d,
  0x2e, 0xa8, 0x91, 0x3d, 0x93, 0x35, 0xa2, 0x3d, 0x46, 0xf3, 0xb1, 0x3d,
  0x4f, 0xf1, 0xc0, 0x3d, 0x1e, 0x3e, 0xcf, 0x3d, 0xc1, 0xe6, 0xdc, 0x3d,
  0xfa, 0xf6, 0xe9, 0x3d, 0x7c, 0x79, 0xf6, 0x3d, 0x04, 0x3c, 0x01, 0x3e,
  0xbc, 0xfd, 0x06, 0x3e, 0xf8, 0x85, 0x0c, 0x3e, 0x62, 0xd8, 0x11, 0x3e,
  0x63, 0xf8, 0x16, 0x3e, 0x21, 0xe9, 0x1b, 0x3e, 0x76, 0xad, 0x20, 0x3e,
  0x09, 0x48, 0x25, 0x3e, 0x50, 0xbb, 0x29, 0x3e, 0x86, 0x09, 0x2e, 0x3e,
  0xca, 0x34, 0x32, 0x3e, 0x07, 0x3f, 0x36, 0x3e, 0x11, 0x2a, 0x3a, 0x3e,
  0x97, 0xf7, 0x3d, 0x3e, 0x2c, 0xa9, 0x41, 0x3e, 0x40, 0x40, 0x45, 0x3e,
  0x2f, 0xbe, 0x48, 0x3e, 0x4b, 0x24, 0x4c, 0x3e, 0xba, 0x73, 0x4f, 0x3e,
  0x9d, 0xad, 0x52, 0x3e, 0x06, 0xd3, 0x55, 0x3e, 0xee, 0xe4, 0x58, 0x3e,
  0x47, 0xe4, 0x5b, 0x3e, 0xee, 0xd1, 0x5e, 0x3e, 0xb4, 0xae, 0x61, 0x3e,
  0x61, 0x7b, 0x64, 0x3e, 0xb1, 0x38, 0x67, 0x3e, 0x5a, 0xe7, 0x69, 0x3e,
  0xfd, 0x87, 0x6c, 0x3e, 0x41, 0x1b, 0x6f, 0x3e, 0xba, 0xa1, 0x71, 0x3e,
  0xee, 0x1b, 0x74, 0x3e, 0x72, 0x8a, 0x76, 0x3e, 0xc4, 0xed, 0x78, 0x3e,
  0x56, 0x46, 0x7b, 0x3e, 0xa9, 0x94, 0x7d, 0x3e, 0x20, 0xd9, 0x7f, 0x3e,
  0x1a, 0x0a, 0x81, 0x3e, 0x1f, 0x23, 0x82, 0x3e, 0xd4, 0x37, 0x83, 0x3e,
  0x61, 0x48, 0x84, 0x3e, 0xf8, 0x54, 0x85, 0x3e, 0xc3, 0x5d, 0x86, 0x3e,
  0xe9, 0x62, 0x87, 0x3e, 0x70, 0x1c, 0x8a, 0x3e, 0xd4, 0xff, 0x8c, 0x3e,
  0xcf, 0xed, 0x8f, 0x3e, 0xd0, 0xe6, 0x92, 0x3e, 0x59, 0xeb, 0x95, 0x3e,
  0xe5, 0xfb, 0x98, 0x3e, 0xff, 0x18, 0x9c, 0x3e, 0x31, 0x43, 0x9f, 0x3e,
  0x12, 0x7b, 0xa2, 0x3e, 0x36, 0xc1, 0xa5, 0x3e, 0x47, 0x16, 0xa9, 0x3e,
  0xeb, 0x7a, 0xac, 0x3e, 0xd7, 0xef, 0xaf, 0x3e, 0xc5, 0x75, 0xb3, 0x3e,
  0x81, 0x0d, 0xb7, 0x3e, 0xd9, 0xb7, 0xba, 0x3e, 0xab, 0x75, 0xbe, 0x3e,
  0xe3, 0x47, 0xc2, 0x3e, 0x71, 0x2f, 0xc6, 0x3e, 0x5f, 0x2d, 0xca, 0x3e,
  0xc0, 0x42, 0xce, 0x3e, 0xba, 0x70, 0xd2, 0x3e, 0x81, 0xb8, 0xd6, 0x3e,
  0x62, 0x1b, 0xdb, 0x3e, 0xb8, 0x9a, 0xdf, 0x3e, 0xfb, 0x37, 0xe4, 0x3e,
  0xb6, 0xf4, 0xe8, 0x3e, 0x97, 0xd2, 0xed, 0x3e, 0x5c, 0xd3, 0xf2, 0x3e,
  0xef, 0xf8, 0xf7, 0x3e, 0x52, 0x45, 0xfd, 0x3e, 0x59, 0x5d, 0x01, 0x3f,
  0xb1, 0x2d, 0x04, 0x3f, 0xf3, 0x14, 0x07, 0x3f, 0x78, 0x14, 0x0a, 0x3f,
  0xb0, 0x2d, 0x0d, 0x3f, 0x2e, 0x62, 0x10, 0x3f, 0xa5, 0xb3, 0x13, 0x3f,
  0xe7, 0x23, 0x17, 0x3f, 0xf2, 0xb4, 0x1a, 0x3f, 0xf0, 0x68, 0x1e, 0x3f,
  0x38, 0x42, 0x22, 0x3f, 0x5a, 0x43, 0x26, 0x3f, 0x23, 0x6f, 0x2a, 0x3f,
  0xa2, 0xc8, 0x2e, 0x3f, 0x35, 0x53, 0x33, 0x3f, 0x8c, 0x12, 0x38, 0x3f,
  0xb6, 0x0a, 0x3d, 0x3f, 0x38, 0x40, 0x42, 0x3f, 0x06, 0xb8, 0x47, 0x3f,
  0xaa, 0x77, 0x4d, 0x3f, 0x4e, 0x85, 0x53, 0x3f, 0xd0, 0xe7, 0x59, 0x3f,
  0xe3, 0xa6, 0x60, 0x3f, 0x33, 0xcb, 0x67, 0x3f, 0x87, 0x5e, 0x6f, 0x3f,
  0xee, 0x6b, 0x77, 0x3f, 0x00, 0x00, 0x80, 0x3f, 0x71, 0x78, 0x7a, 0x3f,
  0xf2, 0x1c, 0x73, 0x3f, 0x0d, 0x32, 0x6c, 0x3f, 0x75, 0xad, 0x65, 0x3f,
  0x19, 0x86, 0x5f, 0x3f, 0xeb, 0xb3, 0x59, 0x3f, 0xca, 0x2f, 0x54, 0x3f,
  0x54, 0xf3, 0x4e, 0x3f, 0xd8, 0xf8, 0x49, 0x3f, 0x3a, 0x3b, 0x45, 0x3f,
  0xde, 0xb5, 0x40, 0x3f, 0xa1, 0x64, 0x3c, 0x3f, 0xc0, 0x43, 0x38, 0x3f,
  0xd3, 0x4f, 0x34, 0x3f, 0xc1, 0x85, 0x30, 0x3f, 0xb7, 0xe2, 0x2c, 0x3f,
  0x26, 0x64, 0x29, 0x3f, 0xae, 0x07, 0x26, 0x3f, 0x2b, 0xcb, 0x22, 0x3f,
  0x9d, 0xac, 0x1f, 0x3f, 0x32, 0xaa, 0x1c, 0x3f, 0x3b, 0xc2, 0x19, 0x3f,
  0x2c, 0xf3, 0x16, 0x3f, 0x94, 0x3b, 0x14, 0x3f, 0x1e, 0x9a, 0x11, 0x3f,
  0x8e, 0x0d, 0x0f, 0x3f, 0xbf, 0x94, 0x0c, 0x3f, 0xa1, 0x2e, 0x0a, 0x3f,
  0x35, 0xda, 0x07, 0x3f, 0x8c, 0x96, 0x05, 0x3f, 0xcb, 0x62, 0x03, 0x3f,
  0x22, 0x3e, 0x01, 0x3f, 0x9b, 0x4f, 0xfe, 0x3e, 0x33, 0x3e, 0xfa, 0x3e,
  0xb5, 0x46, 0xf6, 0x3e, 0xe5, 0x67, 0xf2, 0x3e, 0x8f, 0xa0, 0xee, 0x3e,
  0x9f, 0xef, 0xea, 0x3e, 0x02, 0x54, 0xe7, 0x3e, 0xc0, 0xcc, 0xe3, 0x3e,
  0xe8, 0x58, 0xe0, 0x3e, 0x9f, 0xf7, 0xdc, 0x3e, 0x0b, 0xa8, 0xd9, 0x3e,
  0x67, 0x69, 0xd6, 0x3e, 0xef, 0x3a, 0xd3, 0x3e, 0xee, 0x1b, 0xd0, 0x3e,
  0xbe, 0x0b, 0xcd, 0x3e, 0xb5, 0x09, 0xca, 0x3e, 0x3d, 0x15, 0xc7, 0x3e,
  0xbb, 0x2d, 0xc4, 0x3e, 0xaa, 0x52, 0xc1, 0x3e, 0x7f, 0x83, 0xbe, 0x3e,
  0xbc, 0xbf, 0xbb, 0x3e, 0xe7, 0x06, 0xb9, 0x3e, 0x88, 0x58, 0xb6, 0x3e,
  0x33, 0xb4, 0xb3, 0x3e, 0x7a, 0x19, 0xb1, 0x3e, 0xf4, 0x87, 0xae, 0x3e,
  0x5b, 0xd8, 0xad, 0x3e, 0xa2, 0xa2, 0xad, 0x3e, 0x25, 0x6c, 0xad, 0x3e,
  0xd8, 0x34, 0xad, 0x3e, 0xb8, 0xfc, 0xac, 0x3e, 0xbb, 0xc3, 0xac, 0x3e,
  0xd6, 0x89, 0xac, 0x3e, 0xfc, 0x4e, 0xac, 0x3e, 0x26, 0x13, 0xac, 0x3e,
  0x44, 0xd6, 0xab, 0x3e, 0x52, 0x98, 0xab, 0x3e, 0x3d, 0x59, 0xab, 0x3e,
  0xfc, 0x18, 0xab, 0x3e, 0x81, 0xd7, 0xaa, 0x3e, 0xb9, 0x94, 0xaa, 0x3e,
  0x9a, 0x50, 0xaa, 0x3e, 0x12, 0x0b, 0xaa, 0x3e, 0x11, 0xc4, 0xa9, 0x3e,
  0x82, 0x7b, 0xa9, 0x3e, 0x58, 0x31, 0xa9, 0x3e, 0x7b, 0xe5, 0xa8, 0x3e,
  0xd5, 0x97, 0xa8, 0x3e, 0x53, 0x48, 0xa8, 0x3e, 0xda, 0xf6, 0xa7, 0x3e,
  0x52, 0xa3, 0xa7, 0x3e, 0xa3, 0x4d, 0xa7, 0x3e, 0xa9, 0xf5, 0xa6, 0x3e,
  0x4d, 0x9b, 0xa6, 0x3e, 0x6c, 0x3e, 0xa6, 0x3e, 0xdf, 0xde, 0xa5, 0x3e,
  0x87, 0x7c, 0xa5, 0x3e, 0x36, 0x17, 0xa5, 0x3e, 0xc5, 0xae, 0xa4, 0x3e,
  0x08, 0x43, 0xa4, 0x3e, 0xc3, 0xd3, 0xa3, 0x3e, 0xcd, 0x60, 0xa3, 0x3e,
  0xe4, 0xe9, 0xa2, 0x3e, 0xcd, 0x6e, 0xa2, 0x3e, 0x45, 0xef, 0xa1, 0x3e,
  0x01, 0x6b, 0xa1, 0x3e, 0xb1, 0xe1, 0xa0, 0x3e, 0xff, 0x52, 0xa0, 0x3e,
  0x8e, 0xbe, 0x9f, 0x3e, 0xf5, 0x23, 0x9f, 0x3e, 0xc4, 0x82, 0x9e, 0x3e,
  0x82, 0xda, 0x9d, 0x3e, 0xa2, 0x2a, 0x9d, 0x3e, 0x92, 0x72, 0x9c, 0x3e,
  0xac, 0xb1, 0x9b, 0x3e, 0x3b, 0xe7, 0x9a, 0x3e, 0x6f, 0x12, 0x9a, 0x3e,
  0x6c, 0x32, 0x99, 0x3e, 0x30, 0x46, 0x98, 0x3e, 0xa1, 0x4c, 0x97, 0x3e,
  0x88, 0x44, 0x96, 0x3e, 0x75, 0x2c, 0x95, 0x3e, 0xd8, 0x02, 0x94, 0x3e,
  0xe6, 0xc5, 0x92, 0x3e, 0xc6, 0xa2, 0x8a, 0x3e, 0x80, 0x81, 0x80, 0x3e,
  0xfc, 0xf7, 0x6d, 0x3e, 0xe7, 0x07, 0x5c, 0x3e, 0x90, 0x19, 0x4b, 0x3e,
  0xa0, 0x16, 0x3b, 0x3e, 0x47, 0xeb, 0x2b, 0x3e, 0xe0, 0x85, 0x1d, 0x3e,
  0xa2, 0xd6, 0x0f, 0x3e, 0x60, 0xcf, 0x02, 0x3e, 0xb8, 0xc6, 0xec, 0x3d,
  0x34, 0x0e, 0xd5, 0x3d, 0x6c, 0x60, 0xbe, 0x3d, 0x89, 0xaa, 0xa8, 0x3d,
  0x6a, 0xdb, 0x93, 0x3d, 0xed, 0xc6, 0x7f, 0x3d, 0xea, 0x68, 0x59, 0x3d,
  0xbf, 0x82, 0x34, 0x3d, 0x8d, 0xfc, 0x10, 0x3d, 0xd4, 0x80, 0xdd, 0x3c,
  0x60, 0x74, 0x9b, 0x3c, 0x19, 0x5d, 0x37, 0x3c, 0xcd, 0x68, 0x70, 0x3b,
  0xb5, 0x7d, 0x6c, 0xbb, 0x82, 0x8a, 0x2e, 0xbc, 0xb7, 0x2e, 0x8f, 0xbc,
  0x75, 0x65, 0xc5, 0xbc, 0xed, 0x00, 0xfa, 0xbc, 0x8a, 0x8b, 0x16, 0xbd,
  0x2c, 0x5e, 0x2f, 0xbd, 0xe5, 0x81, 0x47, 0xbd, 0x9d, 0xff, 0x5e, 0xbd,
  0xb3, 0xdf, 0x75, 0xbd, 0xf9, 0x14, 0x86, 0xbd, 0xdb, 0xf2, 0x90, 0xbd,
  0xf1, 0x8c, 0x9b, 0xbd, 0x78, 0xe6, 0xa5, 0xbd, 0x7e, 0x02, 0xb0, 0xbd,
  0xe0, 0xe3, 0xb9, 0xbd, 0x56, 0x8d, 0xc3, 0xbd, 0x70, 0x01, 0xcd, 0xbd,
  0x97, 0x42, 0xd6, 0xbd, 0x0a, 0x53, 0xdf, 0xbd, 0x08, 0x35, 0xe8, 0xbd,
  0x91, 0xea, 0xf0, 0xbd, 0xa2, 0x75, 0xf9, 0xbd, 0x02, 0xec, 0x00, 0xbe,
  0xc0, 0x09, 0x05, 0xbe, 0xe0, 0x14, 0x09, 0xbe, 0x2e, 0x0e, 0x0d, 0xbe,
  0x6a, 0xf6, 0x10, 0xbe, 0x4b, 0xce, 0x14, 0xbe, 0x86, 0x96, 0x18, 0xbe,
  0xc2, 0x4f, 0x1c, 0xbe, 0xa0, 0xfa, 0x1f, 0xbe, 0xb5, 0x97, 0x23, 0xbe,
  0x9a, 0x27, 0x27, 0xbe, 0xdc, 0xaa, 0x2a, 0xbe, 0x72, 0xae, 0x2f, 0xbe,
  0x28, 0x8e, 0x35, 0xbe, 0x35, 0x83, 0x3b, 0xbe, 0x8a, 0x8e, 0x41, 0xbe,
  0x18, 0xb1, 0x47, 0xbe, 0xed, 0xeb, 0x4d, 0xbe, 0x0e, 0x40, 0x54, 0xbe,
  0x9c, 0xae, 0x5a, 0xbe, 0xc4, 0x38, 0x61, 0xbe, 0xb4, 0xdf, 0x67, 0xbe,
  0xc4, 0xa4, 0x6e, 0xbe, 0x3b, 0x89, 0x75, 0xbe, 0x84, 0x8e, 0x7c, 0xbe,
  0x12, 0xdb, 0x81, 0xbe, 0xd4, 0x80, 0x85, 0xbe, 0x5b, 0x39, 0x89, 0xbe,
  0x84, 0x05, 0x8d, 0xbe, 0x37, 0xe6, 0x90, 0xbe, 0x73, 0xdc, 0x94, 0xbe,
  0x37, 0xe9, 0x98, 0xbe, 0x9d, 0x0d, 0x9d, 0xbe, 0xcd, 0x4a, 0xa1, 0xbe,
  0xf6, 0xa1, 0xa5, 0xbe, 0x6d, 0x14, 0xaa, 0xbe, 0x8f, 0xa3, 0xae, 0xbe,
  0xcf, 0x50, 0xb3, 0xbe, 0xc1, 0x1d, 0xb8, 0xbe, 0x0b, 0x0c, 0xbd, 0xbe,
  0x75, 0x1d, 0xc2, 0xbe, 0xe4, 0x53, 0xc7, 0xbe, 0x5b, 0xb1, 0xcc, 0xbe,
  0x0e, 0x38, 0xd2, 0xbe, 0x4b, 0xea, 0xd7, 0xbe, 0x95, 0xca, 0xdd, 0xbe,
  0xa1, 0xdb, 0xe3, 0xbe, 0x54, 0x20, 0xea, 0xbe, 0xce, 0x9b, 0xf0, 0xbe,
  0x70, 0x51, 0xf7, 0xbe, 0xe6, 0x44, 0xfe, 0xbe, 0x14, 0xbd, 0x02, 0xbf,
  0xc1, 0x7a, 0x06, 0xbf, 0xd1, 0x5d, 0x0a, 0xbf, 0xd3, 0x68, 0x0e, 0xbf,
  0x90, 0x9e, 0x12, 0xbf, 0x16, 0x02, 0x17, 0xbf, 0xbb, 0x96, 0x1b, 0xbf,
  0x2b, 0x60, 0x20, 0xbf, 0x70, 0x62, 0x25, 0xbf, 0x05, 0xa2, 0x2a, 0xbf,
  0xd6, 0x23, 0x30, 0xbf, 0x62, 0xed, 0x35, 0xbf, 0xc0, 0x04, 0x3c, 0xbf,
  0xc3, 0x70, 0x42, 0xbf, 0x05, 0x39, 0x49, 0xbf, 0x19, 0x66, 0x50, 0xbf,
  0xa3, 0x01, 0x58, 0xbf, 0x92, 0x16, 0x60, 0xbf, 0x48, 0xb1, 0x68, 0xbf,
  0x21, 0xa0, 0x68, 0xbf, 0x38, 0x98, 0x62, 0xbf, 0x7c, 0xed, 0x5c, 0xbf,
  0x55, 0x97, 0x57, 0xbf, 0x35, 0x8e, 0x52, 0xbf, 0x68, 0xcb, 0x4d, 0xbf,
  0xff, 0x48, 0x49, 0xbf, 0xad, 0x01, 0x45, 0xbf, 0xb8, 0xf0, 0x40, 0xbf,
  0xe2, 0x11, 0x3d, 0xbf, 0x5a, 0x61, 0x39, 0xbf, 0xb0, 0xdb, 0x35, 0xbf,
  0xc9, 0x7d, 0x32, 0xbf, 0xd3, 0x44, 0x2f, 0xbf, 0x3e, 0x2e, 0x2c, 0xbf,
  0xb7, 0x37, 0x29, 0xbf, 0x1e, 0x5f, 0x26, 0xbf, 0x82, 0xa2, 0x23, 0xbf,
  0x17, 0x00, 0x21, 0xbf, 0x3c, 0x76, 0x1e, 0xbf, 0x72, 0x03, 0x1c, 0xbf,
  0x54, 0xa6, 0x19, 0xbf, 0x9c, 0x5d, 0x17, 0xbf, 0x19, 0x28, 0x15, 0xbf,
  0xb5, 0x04, 0x13, 0xbf, 0x6d, 0xf2, 0x10, 0xbf, 0x4d, 0xf0, 0x0e, 0xbf,
  0x76, 0xfd, 0x0c, 0xbf, 0x19, 0x19, 0x0b, 0xbf, 0x70, 0x42, 0x09, 0xbf,
  0xc6, 0x78, 0x07, 0xbf, 0x71, 0xbb, 0x05, 0xbf, 0xd5, 0x09, 0x04, 0xbf,
  0x59, 0x63, 0x02, 0xbf, 0x72, 0xc7, 0x00, 0xbf, 0x3d, 0x6b, 0xfe, 0xbe,
  0xc2, 0x5a, 0xfb, 0xbe, 0x8d, 0x5c, 0xf8, 0xbe, 0xc3, 0x6f, 0xf5, 0xbe,
  0x98, 0x93, 0xf2, 0xbe, 0x42, 0xc7, 0xef, 0xbe, 0x10, 0x0a, 0xed, 0xbe,
  0x53, 0x5b, 0xea, 0xbe, 0x63, 0xba, 0xe7, 0xbe, 0xa6, 0x26, 0xe5, 0xbe,
  0x85, 0x9f, 0xe2, 0xbe, 0x7a, 0x24, 0xe0, 0xbe, 0xfb, 0xb4, 0xdd, 0xbe,
  0x89, 0x50, 0xdb, 0xbe, 0xaa, 0xf6, 0xd8, 0xbe, 0xf1, 0xa6, 0xd6, 0xbe,
  0xea, 0x60, 0xd4, 0xbe, 0x2f, 0x24, 0xd2, 0xbe, 0x5a, 0xf0, 0xcf, 0xbe,
  0x10, 0xc5, 0xcd, 0xbe, 0xf1, 0xa1, 0xcb, 0xbe, 0xa9, 0x86, 0xc9, 0xbe,
  0xe7, 0x72, 0xc7, 0xbe, 0x76, 0xca, 0xc6, 0xbe, 0x87, 0x6a, 0xc7, 0xbe,
  0xdf, 0x0c, 0xc8, 0xbe, 0x90, 0xb1, 0xc8, 0xbe, 0xbc, 0x58, 0xc9, 0xbe,
  0x75, 0x02, 0xca, 0xbe, 0xe2, 0xae, 0xca, 0xbe, 0x1a, 0x5e, 0xcb, 0xbe,
  0x41, 0x10, 0xcc, 0xbe, 0x72, 0xc5, 0xcc, 0xbe, 0xd7, 0x7d, 0xcd, 0xbe,
  0x8f, 0x39, 0xce, 0xbe, 0xc5, 0xf8, 0xce, 0xbe, 0x9b, 0xbb, 0xcf, 0xbe,
  0x42, 0x82, 0xd0, 0xbe, 0xe2, 0x4c, 0xd1, 0xbe, 0xaa, 0x1b, 0xd2, 0xbe,
  0xce, 0xee, 0xd2, 0xbe, 0x83, 0xc6, 0xd3, 0xbe, 0x00, 0xa3, 0xd4, 0xbe,
  0x7c, 0x84, 0xd5, 0xbe, 0x39, 0x6b, 0xd6, 0xbe, 0x7b, 0x57, 0xd7, 0xbe,
  0x81, 0x49, 0xd8, 0xbe, 0xa0, 0x41, 0xd9, 0xbe, 0x1a, 0x40, 0xda, 0xbe,
  0x50, 0x45, 0xdb, 0xbe, 0x94, 0x51, 0xdc, 0xbe, 0x47, 0x65, 0xdd, 0xbe,
  0xd3, 0x80, 0xde, 0xbe, 0xa1, 0xa4, 0xdf, 0xbe, 0x2a, 0xd1, 0xe0, 0xbe,
  0xed, 0x06, 0xe2, 0xbe, 0x6e, 0x46, 0xe3, 0xbe, 0x42, 0x90, 0xe4, 0xbe,
  0x05, 0xe5, 0xe5, 0xbe, 0x5a, 0x45, 0xe7, 0xbe, 0x02, 0xb2, 0xe8, 0xbe,
  0xbb, 0x2b, 0xea, 0xbe, 0x60, 0xb3, 0xeb, 0xbe, 0xd8, 0x49, 0xed, 0xbe,
  0x1e, 0xf0, 0xee, 0xbe, 0x46, 0xa7, 0xf0, 0xbe, 0x81, 0x70, 0xf2, 0xbe,
  0x12, 0x4d, 0xf4, 0xbe, 0x66, 0x3e, 0xf6, 0xbe, 0x05, 0x46, 0xf8, 0xbe,
  0xa4, 0x65, 0xfa, 0xbe, 0x26, 0x9f, 0xfc, 0xbe, 0x9d, 0xf4, 0xfe, 0xbe,
  0x2c, 0xb4, 0x00, 0xbf, 0x74, 0xfe, 0x01, 0xbf, 0x95, 0x5a, 0x03, 0xbf,
  0x27, 0xca, 0x04, 0xbf, 0xf9, 0x4e, 0x06, 0xbf, 0x0e, 0xeb, 0x07, 0xbf,
  0xb1, 0xa0, 0x09, 0xbf, 0x7d, 0x72, 0x0b, 0xbf, 0x01, 0x36, 0x09, 0xbf,
  0x7e, 0x53, 0x02, 0xbf, 0xb7, 0xb7, 0xf7, 0xbe, 0x6a, 0x8a, 0xeb, 0xbe,
  0xac, 0x0d, 0xe0, 0xbe, 0x11, 0x32, 0xd5, 0xbe, 0xf2, 0xe9, 0xca, 0xbe,
  0x24, 0x29, 0xc1, 0xbe, 0xc3, 0xe4, 0xb7, 0xbe, 0x16, 0x13, 0xaf, 0xbe,
  0x58, 0xab, 0xa6, 0xbe, 0xa4, 0xa5, 0x9e, 0xbe, 0xde, 0xfa, 0x96, 0xbe,
  0x8a, 0xa4, 0x8f, 0xbe, 0xca, 0x9c, 0x88, 0xbe, 0x4b, 0xde, 0x81, 0xbe,
  0x50, 0xc8, 0x76, 0xbe, 0xe1, 0x53, 0x6a, 0xbe, 0x17, 0x57, 0x5e, 0xbe,
  0x80, 0xca, 0x52, 0xbe, 0x30, 0xa7, 0x47, 0xbe, 0xd5, 0xe6, 0x3c, 0xbe,
  0x90, 0x83, 0x32, 0xbe, 0xf5, 0x77, 0x28, 0xbe, 0x0f, 0xbf, 0x1e, 0xbe,
  0x2c, 0x54, 0x15, 0xbe, 0x07, 0x33, 0x0c, 0xbe, 0x9d, 0x57, 0x03, 0xbe,
  0x4e, 0x7c, 0xf5, 0xbd, 0x7b, 0xc6, 0xe4, 0xbd, 0x26, 0x87, 0xd4, 0xbd,
  0x52, 0xb8, 0xc4, 0xbd, 0x44, 0x54, 0xb5, 0xbd, 0xb1, 0x55, 0xa6, 0xbd,
  0x9a, 0xb7, 0x97, 0xbd, 0x50, 0x75, 0x89, 0xbd, 0xdf, 0x14, 0x77, 0xbd,
  0xa2, 0xe5, 0x5b, 0xbd, 0x1d, 0x55, 0x41, 0xbd, 0xf5, 0x5b, 0x27, 0xbd,
  0x3b, 0xf3, 0x0d, 0xbd, 0xb8, 0x28, 0xea, 0xbc, 0x47, 0x72, 0xb9, 0xbc,
  0x74, 0xb7, 0x89, 0xbc, 0x22, 0xda, 0x35, 0xbc, 0x4f, 0x22, 0xb4, 0xbb,
  0xf5, 0x28, 0xfa, 0xa4, 0x00, 0x00, 0x00, 0x80, 0xa9, 0x67, 0x23, 0x3c,
  0xe3, 0x89, 0x82, 0x3c, 0x01, 0x07, 0xa3, 0x3c, 0xbf, 0x34, 0xba, 0x3c,
  0x63, 0x94, 0xcb, 0x3c, 0x03, 0x17, 0xd9, 0x3c, 0x3f, 0xe6, 0xe3, 0x3c,
  0x31, 0xbf, 0xec, 0x3c, 0xc2, 0x1f, 0xf4, 0x3c, 0x01, 0x5f, 0xfa, 0x3c,
  0x16, 0xbb, 0xff, 0x3c, 0xc2, 0x30, 0x02, 0x3d, 0x37, 0x3a, 0x04, 0x3d,
  0xf3, 0x06, 0x06, 0x3d, 0x1c, 0xa1, 0x07, 0x3d, 0xb0, 0x10, 0x09, 0x3d,
  0x17, 0x5c, 0x0a, 0x3d, 0x7c, 0x88, 0x0b, 0x3d, 0x1d, 0x9a, 0x0c, 0x3d,
  0x7b, 0x94, 0x0d, 0x3d, 0x7c, 0x7a, 0x0e, 0x3d, 0x95, 0x4e, 0x0f, 0x3d,
  0xd5, 0x12, 0x10, 0x3d, 0x06, 0xc9, 0x10, 0x3d, 0xa4, 0x72, 0x11, 0x3d,
  0xff, 0x10, 0x12, 0x3d, 0x39, 0xa5, 0x12, 0x3d, 0x4c, 0x30, 0x13, 0x3d,
  0x16, 0xb3, 0x13, 0x3d, 0x58, 0x2e, 0x14, 0x3d, 0xba, 0xa2, 0x14, 0x3d,
  0x37, 0x91, 0x15, 0x3d, 0x2d, 0x42, 0x1e, 0x3d, 0x7d, 0x72, 0x27, 0x3d,
  0x33, 0x2e, 0x31, 0x3d, 0xe0, 0x82, 0x3b, 0x3d, 0xf4, 0x7f, 0x46, 0x3d,
  0xf7, 0x36, 0x52, 0x3d, 0xfb, 0xbb, 0x5e, 0x3d, 0x0e, 0x26, 0x6c, 0x3d,
  0xd1, 0x8f, 0x7a, 0x3d, 0x18, 0x0c, 0x85, 0x3d, 0x9c, 0x71, 0x8d, 0x3d,
  0xaf, 0x8d, 0x96, 0x3d, 0x65, 0x79, 0xa0, 0x3d, 0xa3, 0x52, 0xab, 0x3d,
  0x59, 0x3d, 0xb7, 0x3d, 0x15, 0x65, 0xc4, 0x3d, 0x23, 0xff, 0xd2, 0x3d,
  0x85, 0x4d, 0xe3, 0x3d, 0xd7, 0xa2, 0xf5, 0x3d, 0x02, 0x34, 0x05, 0x3e,
  0x19, 0x12, 0x11, 0x3e, 0x61, 0xc4, 0x1e, 0x3e, 0x6b, 0xc1, 0x2e, 0x3e,
  0x95, 0xab, 0x41, 0x3e, 0x2e, 0x67, 0x58, 0x3e, 0xbe, 0x3f, 0x74, 0x3e,
  0xfb, 0x94, 0x8b, 0x3e, 0x8e, 0x1f, 0xa2, 0x3e, 0xb3, 0x5b, 0xc0, 0x3e,
  0x41, 0x0d, 0xeb, 0x3e, 0xbd, 0xf6, 0x15, 0x3f, 0x90, 0x9e, 0x3c, 0x3f,
  0xe8, 0x4e, 0x10, 0x3f, 0x89, 0xc4, 0xea, 0x3e, 0xd2, 0x92, 0xc6, 0x3e,
  0x59, 0x91, 0xac, 0x3e, 0x5a, 0xf9, 0x98, 0x3e, 0x54, 0xad, 0x89, 0x3e,
  0xad, 0xcc, 0x7a, 0x3e, 0xad, 0xa6, 0x66, 0x3e, 0xd9, 0xd0, 0x55, 0x3e,
  0xe2, 0x88, 0x47, 0x3e, 0x8f, 0x43, 0x3b, 0x3e, 0x96, 0x9a, 0x30, 0x3e,
  0x15, 0x41, 0x27, 0x3e, 0x37, 0xfc, 0x1e, 0x3e, 0x10, 0x9e, 0x17, 0x3e,
  0x5e, 0x02, 0x11, 0x3e, 0x24, 0x0c, 0x0b, 0x3e, 0xc9, 0xa3, 0x05, 0x3e,
  0x0f, 0xb6, 0x00, 0x3e, 0x0d, 0x66, 0xf8, 0x3d, 0xcb, 0x1a, 0xf0, 0x3d,
  0xf2, 0x73, 0xe8, 0x3d, 0xa5, 0x5e, 0xe1, 0x3d, 0xbc, 0xca, 0xda, 0x3d,
  0x61, 0xaa, 0xd4, 0x3d, 0xad, 0xf1, 0xce, 0x3d, 0x47, 0x96, 0xc9, 0x3d,
  0x25, 0x8f, 0xc4, 0x3d, 0x65, 0xd4, 0xbf, 0x3d, 0x18, 0x5f, 0xbb, 0x3d,
  0x1e, 0x29, 0xb7, 0x3d, 0x80, 0xfd, 0xb4, 0x3d, 0xcd, 0xf5, 0xba, 0x3d,
  0xf3, 0x45, 0xc1, 0x3d, 0x49, 0xf6, 0xc7, 0x3d, 0x3e, 0x10, 0xcf, 0x3d,
  0x72, 0x9e, 0xd6, 0x3d, 0x27, 0xad, 0xde, 0x3d, 0x34, 0x4a, 0xe7, 0x3d,
  0xa4, 0x85, 0xf0, 0x3d, 0x07, 0x72, 0xfa, 0x3d, 0x60, 0x92, 0x02, 0x3e,
  0x7d, 0x5b, 0x08, 0x3e, 0x1d, 0xa3, 0x0e, 0x3e, 0xc2, 0x7a, 0x15, 0x3e,
  0x3e, 0xf7, 0x1c, 0x3e, 0xb3, 0x31, 0x25, 0x3e, 0x98, 0x48, 0x2e, 0x3e,
  0x34, 0x61, 0x38, 0x3e, 0xd9, 0xa9, 0x43, 0x3e, 0x83, 0x5c, 0x50, 0x3e,
  0x04, 0xc3, 0x5e, 0x3e, 0xad, 0x3c, 0x6f, 0x3e, 0x66, 0x23, 0x81, 0x3e,
  0xb9, 0x44, 0x8c, 0x3e, 0xb3, 0x75, 0x99, 0x3e, 0x34, 0x59, 0xa9, 0x3e,
  0xd8, 0xdc, 0xbc, 0x3e, 0x5e, 0x69, 0xd5, 0x3e, 0x3e, 0x3e, 0xf5, 0x3e,
  0xbf, 0x16, 0x10, 0x3f, 0x16, 0xa3, 0x2e, 0x3f, 0x7f, 0x97, 0x5d, 0x3f,
  0x00, 0x00, 0x80, 0x3f, 0x9f, 0x55, 0x43, 0x3f, 0xcf, 0xe6, 0x1d, 0x3f,
  0x70, 0x7e, 0x04, 0x3f, 0x54, 0x3a, 0xe4, 0x3e, 0x99, 0x64, 0xc8, 0x3e,
  0x22, 0x94, 0xb2, 0x3e, 0x77, 0x04, 0xa1, 0x3e, 0x71, 0x92, 0x92, 0x3e,
  0x34, 0x7a, 0x86, 0x3e, 0x5e, 0x66, 0x78, 0x3e, 0x6f, 0xb6, 0x66, 0x3e,
  0xe7, 0x53, 0x57, 0x3e, 0xba, 0xd1, 0x49, 0x3e, 0x33, 0xdc, 0x3d, 0x3e,
  0x05, 0x32, 0x33, 0x3e, 0x72, 0x9f, 0x29, 0x3e, 0xfa, 0xfa, 0x20, 0x3e,
  0xed, 0x22, 0x19, 0x3e, 0xb8, 0xfb, 0x11, 0x3e, 0x79, 0x6e, 0x0b, 0x3e,
  0x18, 0x68, 0x05, 0x3e, 0x18, 0xb1, 0xff, 0x3d, 0x73, 0x64, 0xf5, 0x3d,
  0x07, 0xd3, 0xeb, 0x3d, 0xe9, 0xe8, 0xe2, 0x3d, 0xe4, 0x94, 0xda, 0x3d,
  0x17, 0xc8, 0xd2, 0x3d, 0x6b, 0x75, 0xcb, 0x3d, 0x89, 0x91, 0xc4, 0x3d,
  0x65, 0x12, 0xbe, 0x3d, 0x26, 0xef, 0xb7, 0x3d, 0x25, 0x24, 0xb5, 0x3d,
  0x8b, 0x3c, 0xb9, 0x3d, 0x77, 0x91, 0xbd, 0x3d, 0xae, 0x28, 0xc2, 0x3d,
  0xb1, 0x08, 0xc7, 0x3d, 0xe9, 0x38, 0xcc, 0x3d, 0xbc, 0xc1, 0xd1, 0x3d,
  0xe0, 0xac, 0xd7, 0x3d, 0x6f, 0x05, 0xde, 0x3d, 0x27, 0xd8, 0xe4, 0x3d,
  0x06, 0x34, 0xec, 0x3d, 0x8f, 0x2a, 0xf4, 0x3d, 0x35, 0xd0, 0xfc, 0x3d,
  0xa6, 0x1e, 0x03, 0x3e, 0x83, 0x47, 0x08, 0x3e, 0x28, 0xf4, 0x0d, 0x3e,
  0xde, 0x39, 0x14, 0x3e, 0xc1, 0x32, 0x1b, 0x3e, 0x31, 0xff, 0x22, 0x3e,
  0xf1, 0xc7, 0x2b, 0x3e, 0xce, 0xc0, 0x35, 0x3e, 0xf8, 0x2c, 0x41, 0x3e,
  0xe1, 0x64, 0x4e, 0x3e, 0x79, 0xdf, 0x5d, 0x3e, 0xa5, 0x40, 0x70, 0x3e,
  0x4c, 0x38, 0x83, 0x3e, 0xd6, 0xe1, 0x90, 0x3e, 0xb2, 0x20, 0xa2, 0x3e,
  0x39, 0x96, 0xb8, 0x3e, 0x39, 0x0e, 0xd7, 0x3e, 0xe2, 0x61, 0x01, 0x3f,
  0x23, 0x62, 0x23, 0x3f, 0x98, 0x73, 0x2d, 0x3f, 0x36, 0xe1, 0x03, 0x3f,
  0xe4, 0xb5, 0xd3, 0x3e, 0x36, 0x0d, 0xb0, 0x3e, 0x5b, 0x16, 0x96, 0x3e,
  0xfe, 0x54, 0x82, 0x3e, 0x93, 0x95, 0x65, 0x3e, 0x7a, 0x7d, 0x4c, 0x3e,
  0x7d, 0xcc, 0x37, 0x3e, 0xa0, 0x70, 0x26, 0x3e, 0x1f, 0xaa, 0x17, 0x3e,
  0xa6, 0xee, 0x0a, 0x3e, 0xc9, 0xaf, 0xff, 0x3d, 0x59, 0x31, 0xec, 0x3d,
  0x16, 0xeb, 0xda, 0x3d, 0x09, 0x80, 0xcb, 0x3d, 0x83, 0xa6, 0xbd, 0x3d,
  0x4a, 0x23, 0xb1, 0x3d, 0x3c, 0xc6, 0xa5, 0x3d, 0xd7, 0x67, 0x9b, 0x3d,
  0x5d, 0xe7, 0x91, 0x3d, 0x70, 0x29, 0x89, 0x3d, 0x07, 0x17, 0x81, 0x3d,
  0x28, 0x39, 0x73, 0x3d, 0xd0, 0x52, 0x65, 0x3d, 0x5b, 0x5e, 0x58, 0x3d,
  0x07, 0x43, 0x4c, 0x3d, 0x52, 0xeb, 0x40, 0x3d, 0x80, 0x44, 0x36, 0x3d,
  0x1c, 0x3e, 0x2c, 0x3d, 0xb4, 0xc9, 0x22, 0x3d, 0x7a, 0xda, 0x19, 0x3d,
  0x88, 0xda, 0x14, 0x3d, 0x5c, 0x69, 0x14, 0x3d, 0x9c, 0xf1, 0x13, 0x3d,
  0xae, 0x72, 0x13, 0x3d, 0xd8, 0xeb, 0x12, 0x3d, 0x51, 0x5c, 0x12, 0x3d,
  0x26, 0xc3, 0x11, 0x3d, 0x4f, 0x1f, 0x11, 0x3d, 0x97, 0x6f, 0x10, 0x3d,
  0x93, 0xb2, 0x0f, 0x3d, 0xa3, 0xe6, 0x0e, 0x3d, 0xdc, 0x09, 0x0e, 0x3d,
  0x02, 0x1a, 0x0d, 0x3d, 0x68, 0x14, 0x0c, 0x3d, 0xe0, 0xf5, 0x0a, 0x3d,
  0x8f, 0xba, 0x09, 0x3d, 0xca, 0x5d, 0x08, 0x3d, 0xce, 0xd9, 0x06, 0x3d,
  0x7a, 0x27, 0x05, 0x3d, 0xd0, 0x3d, 0x03, 0x3d, 0x52, 0x11, 0x01, 0x3d,
  0x46, 0x26, 0xfd, 0x3c, 0x32, 0x5f, 0xf7, 0x3c, 0x5e, 0x98, 0xf0, 0x3c,
  0x85, 0x88, 0xe8, 0x3c, 0x5b, 0xc7, 0xde, 0x3c, 0x6f, 0xbb, 0xd2, 0x3c,
  0x06, 0x79, 0xc3, 0x3c, 0xb5, 0x82, 0xaf, 0x3c, 0x15, 0x44, 0x94, 0x3c,
  0x1a, 0xb3, 0x59, 0x3c, 0xb0, 0xf1, 0xba, 0x3b, 0xb0, 0xf1, 0xba, 0xbb,
  0x1a, 0xb3, 0x59, 0xbc, 0x15, 0x44, 0x94, 0xbc, 0xb5, 0x82, 0xaf, 0xbc,
  0x06, 0x79, 0xc3, 0xbc, 0x6f, 0xbb, 0xd2, 0xbc, 0x5b, 0xc7, 0xde, 0xbc,
  0x85, 0x88, 0xe8, 0xbc, 0x5e, 0x98, 0xf0, 0xbc, 0x32, 0x5f, 0xf7, 0xbc,
  0x46, 0x26, 0xfd, 0xbc, 0x52, 0x11, 0x01, 0xbd, 0xd0, 0x3d, 0x03, 0xbd,
  0x7a, 0x27, 0x05, 0xbd, 0xce, 0xd9, 0x06, 0xbd, 0xca, 0x5d, 0x08, 0xbd,
  0x8f, 0xba, 0x09, 0xbd, 0xe0, 0xf5, 0x0a, 0xbd, 0x68, 0x14, 0x0c, 0xbd,
  0x02, 0x1a, 0x0d, 0xbd, 0xdc, 0x09, 0x0e, 0xbd, 0xa3, 0xe6, 0x0e, 0xbd,
  0x93, 0xb2, 0x0f, 0xbd, 0x97, 0x6f, 0x10, 0xbd, 0x4f, 0x1f, 0x11, 0xbd,
  0x26, 0xc3, 0x11, 0xbd, 0x51, 0x5c, 0x12, 0xbd, 0xd8, 0xeb, 0x12, 0xbd,
  0xae, 0x72, 0x13, 0xbd, 0x9c, 0xf1, 0x13, 0xbd, 0x5c, 0x69, 0x14, 0xbd,
  0x88, 0xda, 0x14, 0xbd, 0x7a, 0xda, 0x19, 0xbd, 0xb4, 0xc9, 0x22, 0xbd,
  0x1c, 0x3e, 0x2c, 0xbd, 0x80, 0x44, 0x36, 0xbd, 0x52, 0xeb, 0x40, 0xbd,
  0x07, 0x43, 0x4c, 0xbd, 0x5b, 0x5e, 0x58, 0xbd, 0xd0, 0x52, 0x65, 0xbd,
  0x28, 0x39, 0x73, 0xbd, 0x07, 0x17, 0x81, 0xbd, 0x70, 0x29, 0x89, 0xbd,
  0x5d, 0xe7, 0x91, 0xbd, 0xd7, 0x67, 0x9b, 0xbd, 0x3c, 0xc6, 0xa5, 0xbd,
  0x4a, 0x23, 0xb1, 0xbd, 0x83, 0xa6, 0xbd, 0xbd, 0x09, 0x80, 0xcb, 0xbd,
  0x16, 0xeb, 0xda, 0xbd, 0x59, 0x31, 0xec, 0xbd, 0xc9, 0xaf, 0xff, 0xbd,
  0xa6, 0xee, 0x0a, 0xbe, 0x1f, 0xaa, 0x17, 0xbe, 0xa0, 0x70, 0x26, 0xbe,
  0x7d, 0xcc, 0x37, 0xbe, 0x7a, 0x7d, 0x4c, 0xbe, 0x93, 0x95, 0x65, 0xbe,
  0xfe, 0x54, 0x82, 0xbe, 0x5b, 0x16, 0x96, 0xbe, 0x36, 0x0d, 0xb0, 0xbe,
  0xe4, 0xb5, 0xd3, 0xbe, 0x36, 0xe1, 0x03, 0xbf, 0x98, 0x73, 0x2d, 0xbf,
  0x23, 0x62, 0x23, 0xbf, 0xe2, 0x61, 0x01, 0xbf, 0x39, 0x0e, 0xd7, 0xbe,
  0x39, 0x96, 0xb8, 0xbe, 0xb2, 0x20, 0xa2, 0xbe, 0xd6, 0xe1, 0x90, 0xbe,
  0x4c, 0x38, 0x83, 0xbe, 0xa5, 0x40, 0x70, 0xbe, 0x79, 0xdf, 0x5d, 0xbe,
  0xe1, 0x64, 0x4e, 0xbe, 0xf8, 0x2c, 0x41, 0xbe, 0xce, 0xc0, 0x35, 0xbe,
  0xf1, 0xc7, 0x2b, 0xbe, 0x31, 0xff, 0x22, 0xbe, 0xc1, 0x32, 0x1b, 0xbe,
  0xde, 0x39, 0x14, 0xbe, 0x28, 0xf4, 0x0d, 0xbe, 0x83, 0x47, 0x08, 0xbe,
  0xa6, 0x1e, 0x03, 0xbe, 0x35, 0xd0, 0xfc, 0xbd, 0x8f, 0x2a, 0xf4, 0xbd,
  0x06, 0x34, 0xec, 0xbd, 0x27, 0xd8, 0xe4, 0xbd, 0x6f, 0x05, 0xde, 0xbd,
  0xe0, 0xac, 0xd7, 0xbd, 0xbc, 0xc1, 0xd1, 0xbd, 0xe9, 0x38, 0xcc, 0xbd,
  0xb1, 0x08, 0xc7, 0xbd, 0xae, 0x28, 0xc2, 0xbd, 0x77, 0x91, 0xbd, 0xbd,
  0x8b, 0x3c, 0xb9, 0xbd, 0x25, 0x24, 0xb5, 0xbd, 0x26, 0xef, 0xb7, 0xbd,
  0x65, 0x12, 0xbe, 0xbd, 0x89, 0x91, 0xc4, 0xbd, 0x6b, 0x75, 0xcb, 0xbd,
  0x17, 0xc8, 0xd2, 0xbd, 0xe4, 0x94, 0xda, 0xbd, 0xe9, 0xe8, 0xe2, 0xbd,
  0x07, 0xd3, 0xeb, 0xbd, 0x73, 0x64, 0xf5, 0xbd, 0x18, 0xb1, 0xff, 0xbd,
  0x18, 0x68, 0x05, 0xbe, 0x79, 0x6e, 0x0b, 0xbe, 0xb8, 0xfb, 0x11, 0xbe,
  0xed, 0x22, 0x19, 0xbe, 0xfa, 0xfa, 0x20, 0xbe, 0x72, 0x9f, 0x29, 0xbe,
  0x05, 0x32, 0x33, 0xbe, 0x33, 0xdc, 0x3d, 0xbe, 0xba, 0xd1, 0x49, 0xbe,
  0xe7, 0x53, 0x57, 0xbe, 0x6f, 0xb6, 0x66, 0xbe, 0x5e, 0x66, 0x78, 0xbe,
  0x34, 0x7a, 0x86, 0xbe, 0x71, 0x92, 0x92, 0xbe, 0x77, 0x04, 0xa1, 0xbe,
  0x22, 0x94, 0xb2, 0xbe, 0x99, 0x64, 0xc8, 0xbe, 0x54, 0x3a, 0xe4, 0xbe,
  0x70, 0x7e, 0x04, 0xbf, 0xcf, 0xe6, 0x1d, 0xbf, 0x9f, 0x55, 0x43, 0xbf,
  0x00, 0x00, 0x80, 0xbf, 0x7f, 0x97, 0x5d, 0xbf, 0x16, 0xa3, 0x2e, 0xbf,
  0xbf, 0x16, 0x10, 0xbf, 0x3e, 0x3e, 0xf5, 0xbe, 0x5e, 0x69, 0xd5, 0xbe,
  0xd8, 0xdc, 0xbc, 0xbe, 0x34, 0x59, 0xa9, 0xbe, 0xb3, 0x75, 0x99, 0xbe,
  0xb9, 0x44, 0x8c, 0xbe, 0x66, 0x23, 0x81, 0xbe, 0xad, 0x3c, 0x6f, 0xbe,
  0x04, 0xc3, 0x5e, 0xbe, 0x83, 0x5c, 0x50, 0xbe, 0xd9, 0xa9, 0x43, 0xbe,
  0x34, 0x61, 0x38, 0xbe, 0x98, 0x48, 0x2e, 0xbe, 0xb3, 0x31, 0x25, 0xbe,
  0x3e, 0xf7, 0x1c, 0xbe, 0xc2, 0x7a, 0x15, 0xbe, 0x1d, 0xa3, 0x0e, 0xbe,
  0x7d, 0x5b, 0x08, 0xbe, 0x60, 0x92, 0x02, 0xbe, 0x07, 0x72, 0xfa, 0xbd,
  0xa4, 0x85, 0xf0, 0xbd, 0x34, 0x4a, 0xe7, 0xbd, 0x27, 0xad, 0xde, 0xbd,
  0x72, 0x9e, 0xd6, 0xbd, 0x3e, 0x10, 0xcf, 0xbd, 0x49, 0xf6, 0xc7, 0xbd,
  0xf3, 0x45, 0xc1, 0xbd, 0xcd, 0xf5, 0xba, 0xbd, 0x80, 0xfd, 0xb4, 0xbd,
  0x1e, 0x29, 0xb7, 0xbd, 0x18, 0x5f, 0xbb, 0xbd, 0x65, 0xd4, 0xbf, 0xbd,
  0x25, 0x8f, 0xc4, 0xbd, 0x47, 0x96, 0xc9, 0xbd, 0xad, 0xf1, 0xce, 0xbd,
  0x61, 0xaa, 0xd4, 0xbd, 0xbc, 0xca, 0xda, 0xbd, 0xa5, 0x5e, 0xe1, 0xbd,
  0xf2, 0x73, 0xe8, 0xbd, 0xcb, 0x1a, 0xf0, 0xbd, 0x0d, 0x66, 0xf8, 0xbd,
  0x0f, 0xb6, 0x00, 0xbe, 0xc9, 0xa3, 0x05, 0xbe, 0x24, 0x0c, 0x0b, 0xbe,
  0x5e, 0x02, 0x11, 0xbe, 0x10, 0x9e, 0x17, 0xbe, 0x37, 0xfc, 0x1e, 0xbe,
  0x15, 0x41, 0x27, 0xbe, 0x96, 0x9a, 0x30, 0xbe, 0x8f, 0x43, 0x3b, 0xbe,
  0xe2, 0x88, 0x47, 0xbe, 0xd9, 0xd0, 0x55, 0xbe, 0xad, 0xa6, 0x66, 0xbe,
  0xad, 0xcc, 0x7a, 0xbe, 0x54, 0xad, 0x89, 0xbe, 0x5a, 0xf9, 0x98, 0xbe,
  0x59, 0x91, 0xac, 0xbe, 0xd2, 0x92, 0xc6, 0xbe, 0x89, 0xc4, 0xea, 0xbe,
  0xe8, 0x4e, 0x10, 0xbf, 0x90, 0x9e, 0x3c, 0xbf, 0xbd, 0xf6, 0x15, 0xbf,
  0x41, 0x0d, 0xeb, 0xbe, 0xb3, 0x5b, 0xc0, 0xbe, 0x8e, 0x1f, 0xa2, 0xbe,
  0xfb, 0x94, 0x8b, 0xbe, 0xbe, 0x3f, 0x74, 0xbe, 0x2e, 0x67, 0x58, 0xbe,
  0x95, 0xab, 0x41, 0xbe, 0x6b, 0xc1, 0x2e, 0xbe, 0x61, 0xc4, 0x1e, 0xbe,
  0x19, 0x12, 0x11, 0xbe, 0x02, 0x34, 0x05, 0xbe, 0xd7, 0xa2, 0xf5, 0xbd,
  0x85, 0x4d, 0xe3, 0xbd, 0x23, 0xff, 0xd2, 0xbd, 0x15, 0x65, 0xc4, 0xbd,
  0x59, 0x3d, 0xb7, 0xbd, 0xa3, 0x52, 0xab, 0xbd, 0x65, 0x79, 0xa0, 0xbd,
  0xaf, 0x8d, 0x96, 0xbd, 0x9c, 0x71, 0x8d, 0xbd, 0x18, 0x0c, 0x85, 0xbd,
  0xd1, 0x8f, 0x7a, 0xbd, 0x0e, 0x26, 0x6c, 0xbd, 0xfb, 0xbb, 0x5e, 0xbd,
  0xf7, 0x36, 0x52, 0xbd, 0xf4, 0x7f, 0x46, 0xbd, 0xe0, 0x82, 0x3b, 0xbd,
  0x33, 0x2e, 0x31, 0xbd, 0x7d, 0x72, 0x27, 0xbd, 0x2d, 0x42, 0x1e, 0xbd,
  0x37, 0x91, 0x15, 0xbd, 0xba, 0xa2, 0x14, 0xbd, 0x58, 0x2e, 0x14, 0xbd,
  0x16, 0xb3, 0x13, 0xbd, 0x4c, 0x30, 0x13, 0xbd, 0x39, 0xa5, 0x12, 0xbd,
  0xff, 0x10, 0x12, 0xbd, 0xa4, 0x72, 0x11, 0xbd, 0x06, 0xc9, 0x10, 0xbd,
  0xd5, 0x12, 0x10, 0xbd, 0x95, 0x4e, 0x0f, 0xbd, 0x7c, 0x7a, 0x0e, 0xbd,
  0x7b, 0x94, 0x0d, 0xbd, 0x1d, 0x9a, 0x0c, 0xbd, 0x7c, 0x88, 0x0b, 0xbd,
  0x17, 0x5c, 0x0a, 0xbd, 0xb0, 0x10, 0x09, 0xbd, 0x1c, 0xa1, 0x07, 0xbd,
  0xf3, 0x06, 0x06, 0xbd, 0x37, 0x3a, 0x04, 0xbd, 0xc2, 0x30, 0x02, 0xbd,
  0x16, 0xbb, 0xff, 0xbc, 0x01, 0x5f, 0xfa, 0xbc, 0xc2, 0x1f, 0xf4, 0xbc,
  0x31, 0xbf, 0xec, 0xbc, 0x3f, 0xe6, 0xe3, 0xbc, 0x03, 0x17, 0xd9, 0xbc,
  0x63, 0x94, 0xcb, 0xbc, 0xbf, 0x34, 0xba, 0xbc, 0x01, 0x07, 0xa3, 0xbc,
  0xe3, 0x89, 0x82, 0xbc, 0xa9, 0x67, 0x23, 0xbc, 0x8e, 0x13, 0x99, 0xa5,
  0x00, 0x00, 0x00, 0x80, 0x32, 0x07, 0x3b, 0x3c, 0xd3, 0x67, 0xab, 0x3c,
  0x52, 0x4e, 0xed, 0x3c, 0xad, 0xe6, 0x12, 0x3d, 0xbb, 0x64, 0x2b, 0x3d,
  0xad, 0xd6, 0x40, 0x3d, 0xf4, 0xc6, 0x53, 0x3d, 0x17, 0xa1, 0x64, 0x3d,
  0xd6, 0xb9, 0x73, 0x3d, 0x7a, 0xaa, 0x80, 0x3d, 0x9b, 0xd4, 0x86, 0x3d,
  0xb0, 0x71, 0x8c, 0x3d, 0x37, 0x94, 0x91, 0x3d, 0x91, 0x4b, 0x96, 0x3d,
  0xa9, 0xa4, 0x9a, 0x3d, 0x6c, 0xaa, 0x9e, 0x3d, 0x25, 0x66, 0xa2, 0x3d,
  0xce, 0xdf, 0xa5, 0x3d, 0x43, 0x1e, 0xa9, 0x3d, 0x75, 0x27, 0xac, 0x3d,
  0x94, 0x00, 0xaf, 0x3d, 0x24, 0xae, 0xb1, 0x3d, 0x23, 0x34, 0xb4, 0x3d,
  0x13, 0x96, 0xb6, 0x3d, 0x0d, 0xd7, 0xb8, 0x3d, 0x00, 0x4d, 0xc5, 0x3d,
  0x21, 0x79, 0xd2, 0x3d, 0xaf, 0x6c, 0xe0, 0x3d, 0xf9, 0x3a, 0xef, 0x3d,
  0x11, 0xfa, 0xfe, 0x3d, 0x7d, 0xe1, 0x07, 0x3e, 0x29, 0xd9, 0x10, 0x3e,
  0x84, 0x74, 0x1a, 0x3e, 0x7b, 0xc6, 0x24, 0x3e, 0x1b, 0xe5, 0x2f, 0x3e,
  0x19, 0xea, 0x3b, 0x3e, 0xa3, 0xf3, 0x48, 0x3e, 0x7a, 0x25, 0x57, 0x3e,
  0x16, 0xaa, 0x66, 0x3e, 0x9b, 0xb4, 0x77, 0x3e, 0x74, 0x41, 0x85, 0x3e,
  0x56, 0xb0, 0x8f, 0x3e, 0xca, 0x55, 0x9b, 0x3e, 0x62, 0x6c, 0xa8, 0x3e,
  0x6f, 0x3e, 0xb7, 0x3e, 0x9c, 0x2b, 0xc8, 0x3e, 0x3d, 0xb1, 0xdb, 0x3e,
  0xbf, 0x76, 0xf2, 0x3e, 0x7f, 0xb0, 0x06, 0x3f, 0x9a, 0xd8, 0x16, 0x3f,
  0xc1, 0x76, 0x0b, 0x3f, 0xb2, 0xfb, 0x01, 0x3f, 0x8d, 0xec, 0xf3, 0x3e,
  0xc2, 0x2b, 0xe6, 0x3e, 0x14, 0x3f, 0xda, 0x3e, 0x35, 0xce, 0xcf, 0x3e,
  0xbe, 0x95, 0xc6, 0x3e, 0x57, 0x61, 0xbe, 0x3e, 0xb9, 0x07, 0xb7, 0x3e,
  0xe7, 0x67, 0xb0, 0x3e, 0x3a, 0x67, 0xaa, 0x3e, 0xe3, 0xef, 0xa4, 0x3e,
  0xe4, 0xef, 0x9f, 0x3e, 0x41, 0x58, 0x9b, 0x3e, 0x65, 0x1c, 0x97, 0x3e,
  0xae, 0x31, 0x93, 0x3e, 0x12, 0x8f, 0x8f, 0x3e, 0xc6, 0x2c, 0x8c, 0x3e,
  0x23, 0x04, 0x89, 0x3e, 0x5b, 0x0f, 0x86, 0x3e, 0x61, 0x49, 0x83, 0x3e,
  0xd4, 0xad, 0x80, 0x3e, 0x9a, 0x71, 0x7c, 0x3e, 0xc6, 0xcd, 0x77, 0x3e,
  0x1f, 0x6a, 0x73, 0x3e, 0x79, 0x77, 0x7c, 0x3e, 0x97, 0x04, 0x83, 0x3e,
  0xe0, 0x15, 0x88, 0x3e, 0xa1, 0x76, 0x8d, 0x3e, 0xd6, 0x2e, 0x93, 0x3e,
  0x97, 0x47, 0x99, 0x3e, 0x4c, 0xcb, 0x9f, 0x3e, 0xe3, 0xc5, 0xa6, 0x3e,
  0x29, 0x45, 0xae, 0x3e, 0x1c, 0x59, 0xb6, 0x3e, 0x69, 0x14, 0xbf, 0x3e,
  0x02, 0x8d, 0xc8, 0x3e, 0xcf, 0xdc, 0xd2, 0x3e, 0xc1, 0x22, 0xde, 0x3e,
  0xeb, 0x83, 0xea, 0x3e, 0x4c, 0x2d, 0xf8, 0x3e, 0xef, 0xaa, 0x03, 0x3f,
  0xd4, 0x20, 0x0c, 0x3f, 0xe3, 0xa2, 0x15, 0x3f, 0x18, 0x67, 0x20, 0x3f,
  0xf4, 0xb2, 0x2c, 0x3f, 0x82, 0xe1, 0x3a, 0x3f, 0x65, 0x6c, 0x4b, 0x3f,
  0xd9, 0xf9, 0x5e, 0x3f, 0x3f, 0x73, 0x76, 0x3f, 0x88, 0xee, 0x60, 0x3f,
  0x1b, 0x02, 0x4f, 0x3f, 0x0e, 0xd8, 0x3f, 0x3f, 0xfb, 0xd7, 0x32, 0x3f,
  0x64, 0x92, 0x27, 0x3f, 0xd0, 0xb3, 0x1d, 0x3f, 0x8e, 0xfc, 0x14, 0x3f,
  0x1c, 0x3b, 0x0d, 0x3f, 0x7c, 0x48, 0x06, 0x3f, 0x7e, 0x05, 0x00, 0x3f,
  0xda, 0xb1, 0xf4, 0x3e, 0x5c, 0x5c, 0xea, 0x3e, 0x7f, 0xe8, 0xe0, 0x3e,
  0xe8, 0x39, 0xd8, 0x3e, 0xd9, 0x38, 0xd0, 0x3e, 0x31, 0xd1, 0xc8, 0x3e,
  0xd3, 0xf1, 0xc1, 0x3e, 0x14, 0x8c, 0xbb, 0x3e, 0x52, 0x93, 0xb5, 0x3e,
  0x98, 0xfc, 0xaf, 0x3e, 0x60, 0xbe, 0xaa, 0x3e, 0x56, 0xd0, 0xa5, 0x3e,
  0x25, 0x2b, 0xa1, 0x3e, 0x55, 0xc8, 0x9c, 0x3e, 0x30, 0xa2, 0x98, 0x3e,
  0xbe, 0xe9, 0x9c, 0x3e, 0xdb, 0x6f, 0xa1, 0x3e, 0x74, 0x3a, 0xa6, 0x3e,
  0x2e, 0x50, 0xab, 0x3e, 0x9d, 0xb8, 0xb0, 0x3e, 0x54, 0x7c, 0xb6, 0x3e,
  0x2a, 0xa5, 0xbc, 0x3e, 0x68, 0x3e, 0xc3, 0x3e, 0x1d, 0x55, 0xca, 0x3e,
  0x61, 0xf8, 0xd1, 0x3e, 0xe3, 0x39, 0xda, 0x3e, 0x5d, 0x2e, 0xe3, 0x3e,
  0x57, 0xee, 0xec, 0x3e, 0x06, 0x97, 0xf7, 0x3e, 0xc3, 0xa5, 0x01, 0x3f,
  0x2a, 0x1b, 0x08, 0x3f, 0xba, 0x45, 0x0f, 0x3f, 0x9c, 0x45, 0x17, 0x3f,
  0x0b, 0x43, 0x20, 0x3f, 0x12, 0x71, 0x2a, 0x3f, 0x6a, 0x11, 0x36, 0x3f,
  0x26, 0x7a, 0x43, 0x3f, 0x4a, 0x1e, 0x53, 0x3f, 0x02, 0x9b, 0x65, 0x3f,
  0xf9, 0xcc, 0x7b, 0x3f, 0xc2, 0x06, 0x64, 0x3f, 0x51, 0x39, 0x50, 0x3f,
  0x4b, 0x78, 0x3f, 0x3f, 0x53, 0x1b, 0x31, 0x3f, 0x3a, 0xa7, 0x24, 0x3f,
  0xca, 0xbf, 0x19, 0x3f, 0x9d, 0x1e, 0x10, 0x3f, 0x09, 0x8d, 0x07, 0x3f,
  0xe5, 0xbf, 0xff, 0x3e, 0xd1, 0xe9, 0xf1, 0x3e, 0x23, 0x60, 0xe5, 0x3e,
  0x50, 0xf5, 0xd9, 0x3e, 0xbe, 0x83, 0xcf, 0x3e, 0x2d, 0xec, 0xc5, 0x3e,
  0x4d, 0x14, 0xbd, 0x3e, 0xea, 0xe5, 0xb4, 0x3e, 0x1a, 0x4e, 0xad, 0x3e,
  0xab, 0x3c, 0xa6, 0x3e, 0xa6, 0xa3, 0x9f, 0x3e, 0xee, 0x76, 0x99, 0x3e,
  0x02, 0xac, 0x93, 0x3e, 0xaa, 0x39, 0x8e, 0x3e, 0xcd, 0x17, 0x89, 0x3e,
  0x48, 0x3f, 0x84, 0x3e, 0x97, 0x53, 0x7f, 0x3e, 0xff, 0x20, 0x82, 0x3e,
  0x42, 0xbc, 0x84, 0x3e, 0xf9, 0x7e, 0x87, 0x3e, 0xfb, 0x6c, 0x8a, 0x3e,
  0xa2, 0x8a, 0x8d, 0x3e, 0xdf, 0xdc, 0x90, 0x3e, 0x62, 0x69, 0x94, 0x3e,
  0xa8, 0x36, 0x98, 0x3e, 0x35, 0x4c, 0x9c, 0x3e, 0xc2, 0xb2, 0xa0, 0x3e,
  0x78, 0x74, 0xa5, 0x3e, 0x4e, 0x9d, 0xaa, 0x3e, 0x60, 0x3b, 0xb0, 0x3e,
  0x88, 0x5f, 0xb6, 0x3e, 0xfc, 0x1d, 0xbd, 0x3e, 0x3c, 0x8f, 0xc4, 0x3e,
  0x3b, 0xd1, 0xcc, 0x3e, 0x0a, 0x09, 0xd6, 0x3e, 0x04, 0x65, 0xe0, 0x3e,
  0xff, 0x1f, 0xec, 0x3e, 0xad, 0x85, 0xf9, 0x3e, 0xa3, 0x7c, 0x04, 0x3f,
  0xa8, 0x7f, 0x0d, 0x3f, 0x75, 0x26, 0x18, 0x3f, 0x2a, 0xf0, 0x24, 0x3f,
  0x4f, 0x9d, 0x13, 0x3f, 0x5a, 0x2f, 0x05, 0x3f, 0x22, 0xf4, 0xf1, 0x3e,
  0x87, 0x05, 0xdd, 0x3e, 0x5e, 0xdf, 0xca, 0x3e, 0x49, 0xfb, 0xba, 0x3e,
  0xae, 0xf2, 0xac, 0x3e, 0xe0, 0x75, 0xa0, 0x3e, 0x11, 0x46, 0x95, 0x3e,
  0x10, 0x31, 0x8b, 0x3e, 0x41, 0x0e, 0x82, 0x3e, 0xee, 0x78, 0x73, 0x3e,
  0xa8, 0x40, 0x64, 0x3e, 0x06, 0x46, 0x56, 0x3e, 0xc9, 0x62, 0x49, 0x3e,
  0x91, 0x76, 0x3d, 0x3e, 0xc2, 0x65, 0x32, 0x3e, 0xcc, 0x18, 0x28, 0x3e,
  0x4b, 0x7b, 0x1e, 0x3e, 0xa6, 0x7b, 0x15, 0x3e, 0x89, 0x0a, 0x0d, 0x3e,
  0x80, 0x1a, 0x05, 0x3e, 0x7f, 0x3f, 0xfb, 0x3d, 0xcb, 0x1f, 0xed, 0x3d,
  0x64, 0xc3, 0xdf, 0x3d, 0x48, 0xc2, 0xde, 0x3d, 0x70, 0xb2, 0xdd, 0x3d,
  0x80, 0x92, 0xdc, 0x3d, 0xff, 0x60, 0xdb, 0x3d, 0xfe, 0x1b, 0xda, 0x3d,
  0xa5, 0xc1, 0xd8, 0x3d, 0x80, 0x4f, 0xd7, 0x3d, 0xfb, 0xc2, 0xd5, 0x3d,
  0x0c, 0x19, 0xd4, 0x3d, 0x16, 0x4e, 0xd2, 0x3d, 0x01, 0x5e, 0xd0, 0x3d,
  0xee, 0x43, 0xce, 0x3d, 0x0d, 0xfa, 0xcb, 0x3d, 0x91, 0x79, 0xc9, 0x3d,
  0x38, 0xba, 0xc6, 0x3d, 0x09, 0xb2, 0xc3, 0x3d, 0xce, 0x54, 0xc0, 0x3d,
  0x6f, 0x93, 0xbc, 0x3d, 0x08, 0x5b, 0xb8, 0x3d, 0xa5, 0x93, 0xb3, 0x3d,
  0x69, 0x1e, 0xae, 0x3d, 0xec, 0xd2, 0xa7, 0x3d, 0x31, 0x7b, 0xa0, 0x3d,
  0x6f, 0xcd, 0x97, 0x3d, 0x0e, 0x62, 0x8d, 0x3d, 0xfb, 0x4d, 0x52, 0x3d,
  0xde, 0xf2, 0x15, 0x3d, 0xc6, 0xc4, 0xc5, 0x3c, 0x94, 0x6d, 0x5c, 0x3c,
  0x49, 0x33, 0x89, 0x3b, 0xc8, 0xac, 0x80, 0xbb, 0xbb, 0xbc, 0x35, 0xbc,
  0xf9, 0x19, 0x8f, 0xbc, 0xb8, 0xe4, 0xbd, 0xbc, 0x9b, 0x10, 0xe8, 0xbc,
  0xb0, 0x23, 0x07, 0xbd, 0xea, 0x89, 0x18, 0xbd, 0x45, 0x74, 0x28, 0xbd,
  0x71, 0x12, 0x37, 0xbd, 0x77, 0x8c, 0x44, 0xbd, 0x32, 0x04, 0x51, 0xbd,
  0x74, 0x96, 0x5c, 0xbd, 0xef, 0x5b, 0x67, 0xbd, 0xed, 0x69, 0x71, 0xbd,
  0xd7, 0xd2, 0x7a, 0xbd, 0x5e, 0xd3, 0x81, 0xbd, 0xd2, 0xf9, 0x85, 0xbd,
  0xf3, 0xe2, 0x89, 0xbd, 0x30, 0x94, 0x8d, 0xbd, 0x5b, 0x12, 0x91, 0xbd,
  0x51, 0x93, 0x9c, 0xbd, 0x7b, 0xbc, 0xa8, 0xbd, 0xb7, 0x9d, 0xb5, 0xbd,
  0xed, 0x48, 0xc3, 0xbd, 0x68, 0xd2, 0xd1, 0xbd, 0x54, 0x51, 0xe1, 0xbd,
  0x0a, 0xe0, 0xf1, 0xbd, 0x79, 0xce, 0x01, 0xbe, 0x8a, 0x55, 0x0b, 0xbe,
  0x90, 0x99, 0x15, 0xbe, 0x3b, 0xb2, 0x20, 0xbe, 0x79, 0xbb, 0x2c, 0xbe,
  0x35, 0xd6, 0x39, 0xbe, 0xbc, 0x29, 0x48, 0xbe, 0x2f, 0xe5, 0x57, 0xbe,
  0xbb, 0x41, 0x69, 0xbe, 0x43, 0x85, 0x7c, 0xbe, 0x1a, 0x03, 0x89, 0xbe,
  0x60, 0x18, 0x95, 0xbe, 0x0a, 0xc7, 0xa2, 0xbe, 0x6c, 0x67, 0xb2, 0xbe,
  0x39, 0x6d, 0xc4, 0xbe, 0x07, 0x73, 0xd9, 0xbe, 0x18, 0x4c, 0xf2, 0xbe,
  0x7f, 0x10, 0x08, 0xbf, 0xa8, 0x47, 0xfc, 0xbe, 0x36, 0xbf, 0xeb, 0xbe,
  0x56, 0xc2, 0xdd, 0xbe, 0x76, 0xc4, 0xd1, 0xbe, 0xbe, 0x5e, 0xc7, 0xbe,
  0x31, 0x44, 0xbe, 0xbe, 0x08, 0x3a, 0xb6, 0xbe, 0xa1, 0x12, 0xaf, 0xbe,
  0xfd, 0xa9, 0xa8, 0xbe, 0x5d, 0xe3, 0xa2, 0xbe, 0x7e, 0xa7, 0x9d, 0xbe,
  0x5f, 0xe3, 0x98, 0xbe, 0x4e, 0x87, 0x94, 0xbe, 0x3b, 0x86, 0x90, 0xbe,
  0x30, 0xd5, 0x8c, 0xbe, 0xe3, 0x6a, 0x89, 0xbe, 0x75, 0x3f, 0x86, 0xbe,
  0x1e, 0x4c, 0x83, 0xbe, 0x0b, 0x8b, 0x80, 0xbe, 0x58, 0xee, 0x7b, 0xbe,
  0x44, 0x18, 0x77, 0xbe, 0x23, 0x8c, 0x72, 0xbe, 0x32, 0x43, 0x6e, 0xbe,
  0x84, 0x37, 0x6a, 0xbe, 0xc1, 0x63, 0x66, 0xbe, 0xeb, 0x48, 0x6f, 0xbe,
  0x1c, 0xb0, 0x78, 0xbe, 0xd2, 0x52, 0x81, 0xbe, 0xae, 0x9b, 0x86, 0xbe,
  0x79, 0x3a, 0x8c, 0xbe, 0x25, 0x38, 0x92, 0xbe, 0xe6, 0x9e, 0x98, 0xbe,
  0x7d, 0x7a, 0x9f, 0xbe, 0x75, 0xd8, 0xa6, 0xbe, 0x85, 0xc8, 0xae, 0xbe,
  0x06, 0x5d, 0xb7, 0xbe, 0x89, 0xab, 0xc0, 0xbe, 0x8a, 0xcd, 0xca, 0xbe,
  0x63, 0xe1, 0xd5, 0xbe, 0x8e, 0x0b, 0xe2, 0xbe, 0x3c, 0x78, 0xef, 0xbe,
  0x76, 0x5d, 0xfe, 0xbe, 0x08, 0x7f, 0x07, 0xbf, 0xda, 0xd6, 0x10, 0xbf,
  0x3a, 0x6b, 0x1b, 0xbf, 0x74, 0x80, 0x27, 0xbf, 0x01, 0x70, 0x35, 0xbf,
  0x65, 0xb1, 0x45, 0xbf, 0xfc, 0xe7, 0x58, 0xbf, 0x16, 0xf9, 0x6f, 0xbf,
  0xcc, 0x3a, 0x5b, 0xbf, 0xa7, 0xf3, 0x49, 0xbf, 0x6e, 0x55, 0x3b, 0xbf,
  0x3d, 0xcd, 0x2e, 0xbf, 0x95, 0xef, 0x23, 0xbf, 0x06, 0x6c, 0x1a, 0xbf,
  0x22, 0x05, 0x12, 0xbf, 0x34, 0x8b, 0x0a, 0xbf, 0xa5, 0xd8, 0x03, 0xbf,
  0xc9, 0x9e, 0xfb, 0xbe, 0x4d, 0xae, 0xf0, 0xbe, 0x19, 0xb8, 0xe6, 0xbe,
  0x65, 0x9b, 0xdd, 0xbe, 0xe1, 0x3c, 0xd5, 0xbe, 0x9d, 0x85, 0xcd, 0xbe,
  0x3f, 0x62, 0xc6, 0xbe, 0x41, 0xc2, 0xbf, 0xbe, 0x7d, 0x97, 0xb9, 0xbe,
  0xcb, 0xd5, 0xb3, 0xbe, 0x9e, 0x72, 0xae, 0xbe, 0xc0, 0x64, 0xa9, 0xbe,
  0x2b, 0xa4, 0xa4, 0xbe, 0xcd, 0x29, 0xa0, 0xbe, 0x72, 0xef, 0x9b, 0xbe,
  0x90, 0xef, 0x97, 0xbe, 0x7e, 0x53, 0x9c, 0xbe, 0xa2, 0xf7, 0xa0, 0xbe,
  0x04, 0xe2, 0xa5, 0xbe, 0x7c, 0x19, 0xab, 0xbe, 0xcb, 0xa5, 0xb0, 0xbe,
  0xc1, 0x8f, 0xb6, 0xbe, 0x78, 0xe1, 0xbc, 0xbe, 0x81, 0xa6, 0xc3, 0xbe,
  0x3d, 0xec, 0xca, 0xbe, 0x2d, 0xc2, 0xd2, 0xbe, 0x76, 0x3a, 0xdb, 0xbe,
  0x5a, 0x6a, 0xe4, 0xbe, 0x07, 0x6b, 0xee, 0xbe, 0x70, 0x5a, 0xf9, 0xbe,
  0x4b, 0xae, 0x02, 0xbf, 0x8e, 0x4e, 0x09, 0xbf, 0xaa, 0xa8, 0x10, 0xbf,
  0xa0, 0xdd, 0x18, 0xbf, 0xb5, 0x16, 0x22, 0xbf, 0x48, 0x88, 0x2c, 0xbf,
  0xc3, 0x75, 0x38, 0xbf, 0x78, 0x37, 0x46, 0xbf, 0x62, 0x43, 0x56, 0xbf,
  0xc7, 0x3a, 0x69, 0xbf, 0x00, 0x00, 0x80, 0xbf, 0xcc, 0x08, 0x68, 0xbf,
  0x8a, 0x12, 0x54, 0xbf, 0xfe, 0x2e, 0x43, 0xbf, 0x6d, 0xb4, 0x34, 0xbf,
  0xab, 0x26, 0x28, 0xbf, 0xc1, 0x28, 0x1d, 0xbf, 0xbc, 0x73, 0x13, 0xbf,
  0x7f, 0xd0, 0x0a, 0xbf, 0x98, 0x13, 0x03, 0xbf, 0x96, 0x34, 0xf8, 0xbe,
  0x10, 0x91, 0xeb, 0xbe, 0xb5, 0x0e, 0xe0, 0xbe, 0xa1, 0x87, 0xd5, 0xbe,
  0x48, 0xdc, 0xcb, 0xbe, 0x30, 0xf2, 0xc2, 0xbe, 0xf2, 0xb2, 0xba, 0xbe,
  0x7c, 0x0b, 0xb3, 0xbe, 0x7d, 0xeb, 0xab, 0xbe, 0xdd, 0x44, 0xa5, 0xbe,
  0x6f, 0x0b, 0x9f, 0xbe, 0x92, 0x34, 0x99, 0xbe, 0xfe, 0xb6, 0x93, 0xbe,
  0x90, 0x8a, 0x8e, 0xbe, 0x0f, 0xa8, 0x89, 0xbe, 0x1f, 0x09, 0x85, 0xbe,
  0xd4, 0xc2, 0x87, 0xbe, 0x62, 0xa4, 0x8a, 0xbe, 0x8c, 0xb1, 0x8d, 0xbe,
  0x90, 0xee, 0x90, 0xbe, 0x3f, 0x60, 0x94, 0xbe, 0x12, 0x0c, 0x98, 0xbe,
  0x4b, 0xf8, 0x9b, 0xbe, 0x1b, 0x2c, 0xa0, 0xbe, 0xcf, 0xaf, 0xa4, 0xbe,
  0x0b, 0x8d, 0xa9, 0xbe, 0x0c, 0xcf, 0xae, 0xbe, 0x08, 0x83, 0xb4, 0xbe,
  0x9c, 0xb8, 0xba, 0xbe, 0x66, 0x82, 0xc1, 0xbe, 0xbb, 0xf6, 0xc8, 0xbe,
  0xb4, 0x30, 0xd1, 0xbe, 0x6a, 0x51, 0xda, 0xbe, 0xd4, 0x81, 0xe4, 0xbe,
  0x36, 0xf5, 0xef, 0xbe, 0x8c, 0xec, 0xfc, 0xbe, 0xc7, 0xdd, 0x05, 0xbf,
  0xf2, 0x67, 0x0e, 0xbf, 0x03, 0x5e, 0x18, 0xbf, 0x16, 0x24, 0x24, 0xbf,
  0xb0, 0x46, 0x32, 0xbf, 0x5d, 0xdd, 0x1f, 0xbf, 0x73, 0x87, 0x10, 0xbf,
  0xec, 0x8d, 0x03, 0xbf, 0xc4, 0xdc, 0xf0, 0xbe, 0xe0, 0x92, 0xdd, 0xbe,
  0x59, 0xaf, 0xcc, 0xbe, 0x28, 0xc5, 0xbd, 0xbe, 0xa0, 0x7f, 0xb0, 0xbe,
  0xfd, 0x9b, 0xa4, 0xbe, 0xea, 0xe4, 0x99, 0xbe, 0x40, 0x2f, 0x90, 0xbe,
  0xbb, 0x57, 0x87, 0xbe, 0x87, 0x82, 0x7e, 0xbe, 0x30, 0xa7, 0x6f, 0xbe,
  0xc6, 0xf4, 0x61, 0xbe, 0xe6, 0x48, 0x55, 0xbe, 0x3a, 0x86, 0x49, 0xbe,
  0xac, 0x93, 0x3e, 0xbe, 0x9b, 0x5b, 0x34, 0xbe, 0x57, 0xcb, 0x2a, 0xbe,
  0x83, 0xd2, 0x21, 0xbe, 0xdd, 0x62, 0x19, 0xbe, 0xe5, 0x6f, 0x11, 0xbe,
  0x82, 0xee, 0x09, 0xbe, 0xf6, 0xd4, 0x02, 0xbe, 0xe3, 0xf4, 0x02, 0xbe,
  0xa0, 0x16, 0x03, 0xbe, 0x62, 0x3a, 0x03, 0xbe, 0x51, 0x60, 0x03, 0xbe,
  0xa9, 0x88, 0x03, 0xbe, 0xa7, 0xb3, 0x03, 0xbe, 0x9b, 0xe1, 0x03, 0xbe,
  0xd6, 0x12, 0x04, 0xbe, 0xbc, 0x47, 0x04, 0xbe, 0xb3, 0x80, 0x04, 0xbe,
  0x4e, 0xbe, 0x04, 0xbe, 0x19, 0x01, 0x05, 0xbe, 0xd8, 0x49, 0x05, 0xbe,
  0x61, 0x99, 0x05, 0xbe, 0xb3, 0xf0, 0x05, 0xbe, 0x10, 0x51, 0x06, 0xbe,
  0xfd, 0xbb, 0x06, 0xbe, 0x58, 0x33, 0x07, 0xbe, 0x7c, 0xb9, 0x07, 0xbe,
  0x5f, 0x51, 0x08, 0xbe, 0xdb, 0xfe, 0x08, 0xbe, 0xed, 0xc6, 0x09, 0xbe,
  0x50, 0xb0, 0x0a, 0xbe, 0x24, 0xc4, 0x0b, 0xbe, 0x55, 0x0f, 0x0d, 0xbe,
  0xd6, 0x33, 0xe9, 0xbd, 0x13, 0x75, 0xc0, 0xbd, 0x1b, 0xfc, 0x9d, 0xbd,
  0x7c, 0x6e, 0x80, 0xbd, 0x7d, 0x9d, 0x4d, 0xbd, 0x4e, 0xbe, 0x20, 0xbd,
  0x81, 0x3b, 0xf2, 0xbc, 0xb6, 0xb5, 0xab, 0xbc, 0xf3, 0x10, 0x59, 0xbc,
  0x44, 0x61, 0xce, 0xbb, 0xe8, 0xde, 0x09, 0xa5, 0x00, 0x00, 0x00, 0x00,
  0xf5, 0xad, 0x43, 0x3c, 0xe8, 0x23, 0xbd, 0x3c, 0xc8, 0x47, 0x09, 0x3d,
  0x6a, 0x56, 0x31, 0x3d, 0x14, 0xfe, 0x56, 0x3d, 0x1f, 0x77, 0x7a, 0x3d,
  0xa3, 0xf9, 0x8d, 0x3d, 0x43, 0xcf, 0x9d, 0x3d, 0xfc, 0xcf, 0xac, 0x3d,
  0x34, 0x0d, 0xbb, 0x3d, 0x85, 0x96, 0xc8, 0x3d, 0xf9, 0xb5, 0xda, 0x3d,
  0xbd, 0xc2, 0xf2, 0x3d, 0x95, 0x07, 0x06, 0x3e, 0x7e, 0x5b, 0x13, 0x3e,
  0x90, 0x6c, 0x21, 0x3e, 0x20, 0x4c, 0x30, 0x3e, 0xc3, 0x0d, 0x40, 0x3e,
  0x92, 0xc7, 0x50, 0x3e, 0x88, 0x92, 0x62, 0x3e, 0x3f, 0x8b, 0x75, 0x3e,
  0x27, 0xe9, 0x84, 0x3e, 0x72, 0xbf, 0x8f, 0x3e, 0x06, 0xa1, 0x90, 0x3e,
  0x83, 0x73, 0x91, 0x3e, 0x76, 0x38, 0x92, 0x3e, 0x2a, 0xf1, 0x92, 0x3e,
  0xcf, 0x9e, 0x93, 0x3e, 0x60, 0x42, 0x94, 0x3e, 0xca, 0xdc, 0x94, 0x3e,
  0xd1, 0x6e, 0x95, 0x3e, 0x31, 0xf9, 0x95, 0x3e, 0x83, 0x7c, 0x96, 0x3e,
  0x58, 0xf9, 0x96, 0x3e, 0x08, 0x2c, 0x9b, 0x3e, 0x00, 0x56, 0xa3, 0x3e,
  0x7f, 0xec, 0xab, 0x3e, 0xe8, 0xf8, 0xb4, 0x3e, 0xc4, 0x85, 0xbe, 0x3e,
  0xd5, 0x9e, 0xc8, 0x3e, 0x69, 0x51, 0xd3, 0x3e, 0x79, 0xac, 0xde, 0x3e,
  0x09, 0xc1, 0xea, 0x3e, 0x78, 0xa2, 0xf7, 0x3e, 0x77, 0xb3, 0x02, 0x3f,
  0x35, 0x06, 0x0a, 0x3f, 0x5d, 0xd0, 0x07, 0x3f, 0x55, 0xc0, 0x05, 0x3f,
  0x4c, 0xd2, 0x03, 0x3f, 0xf1, 0x02, 0x02, 0x3f, 0x5f, 0x4f, 0x00, 0x3f,
  0x16, 0x6a, 0xfd, 0x3e, 0x66, 0x63, 0xfa, 0x3e, 0xb8, 0x86, 0xf7, 0x3e,
  0x82, 0xd0, 0xf4, 0x3e, 0xa3, 0x3d, 0xf2, 0x3e, 0x48, 0xcb, 0xef, 0x3e,
  0xd0, 0x59, 0xf3, 0x3e, 0xb0, 0x04, 0xfd, 0x3e, 0x0a, 0x98, 0x03, 0x3f,
  0x8f, 0xf3, 0x08, 0x3f, 0x21, 0x9b, 0x0e, 0x3f, 0xbd, 0x95, 0x14, 0x3f,
  0x3c, 0xeb, 0x1a, 0x3f, 0x81, 0xa4, 0x21, 0x3f, 0x9f, 0xcb, 0x28, 0x3f,
  0x0e, 0x6c, 0x30, 0x3f, 0xed, 0x92, 0x38, 0x3f, 0x7c, 0x32, 0x41, 0x3f,
  0x34, 0x83, 0x3c, 0x3f, 0x0d, 0x24, 0x38, 0x3f, 0xf3, 0x0c, 0x34, 0x3f,
  0xe1, 0x36, 0x30, 0x3f, 0xb0, 0x9b, 0x2c, 0x3f, 0xf9, 0x35, 0x29, 0x3f,
  0xfd, 0x00, 0x26, 0x3f, 0x85, 0xf8, 0x22, 0x3f, 0xd2, 0x18, 0x20, 0x3f,
  0x8d, 0x5e, 0x1d, 0x3f, 0xc0, 0xc6, 0x1a, 0x3f, 0x73, 0x1a, 0x1c, 0x3f,
  0x15, 0x4e, 0x21, 0x3f, 0xe0, 0xc6, 0x26, 0x3f, 0xd1, 0x8a, 0x2c, 0x3f,
  0x9c, 0xa0, 0x32, 0x3f, 0xc4, 0x0f, 0x39, 0x3f, 0xbd, 0xe0, 0x3f, 0x3f,
  0x1a, 0x1d, 0x47, 0x3f, 0xad, 0xcf, 0x4e, 0x3f, 0xd4, 0x04, 0x57, 0x3f,
  0xac, 0xca, 0x5f, 0x3f, 0x14, 0x03, 0x69, 0x3f, 0xd6, 0x39, 0x62, 0x3f,
  0xa9, 0xe4, 0x5b, 0x3f, 0xd9, 0xf7, 0x55, 0x3f, 0x38, 0x69, 0x50, 0x3f,
  0xe1, 0x2f, 0x4b, 0x3f, 0x00, 0x44, 0x46, 0x3f, 0xb5, 0x9e, 0x41, 0x3f,
  0xe2, 0x39, 0x3d, 0x3f, 0x20, 0x10, 0x39, 0x3f, 0x99, 0x1c, 0x35, 0x3f,
  0xf9, 0x5a, 0x31, 0x3f, 0x0d, 0x22, 0x32, 0x3f, 0x22, 0x4a, 0x37, 0x3f,
  0xc4, 0xb6, 0x3c, 0x3f, 0xeb, 0x6d, 0x42, 0x3f, 0x35, 0x76, 0x48, 0x3f,
  0x17, 0xd7, 0x4e, 0x3f, 0xf7, 0x98, 0x55, 0x3f, 0x4c, 0xc5, 0x5c, 0x3f,
  0xd8, 0x66, 0x64, 0x3f, 0xd8, 0x89, 0x6c, 0x3f, 0x4e, 0x3c, 0x75, 0x3f,
  0x0e, 0x4f, 0x7e, 0x3f, 0x05, 0xf6, 0x75, 0x3f, 0xbf, 0x2b, 0x6e, 0x3f,
  0xd6, 0xe1, 0x66, 0x3f, 0xc9, 0x0b, 0x60, 0x3f, 0xa2, 0x9e, 0x59, 0x3f,
  0xc7, 0x90, 0x53, 0x3f, 0xbc, 0xd9, 0x4d, 0x3f, 0x00, 0x72, 0x48, 0x3f,
  0xea, 0x52, 0x43, 0x3f, 0x89, 0x76, 0x3e, 0x3f, 0x8b, 0xd7, 0x39, 0x3f,
  0x39, 0x03, 0x3a, 0x3f, 0xdf, 0xb6, 0x3e, 0x3f, 0x0a, 0xa9, 0x43, 0x3f,
  0x26, 0xdf, 0x48, 0x3f, 0x43, 0x5f, 0x4e, 0x3f, 0x28, 0x30, 0x54, 0x3f,
  0x7f, 0x59, 0x5a, 0x3f, 0xec, 0xe3, 0x60, 0x3f, 0x3c, 0xd9, 0x67, 0x3f,
  0x9a, 0x44, 0x6f, 0x3f, 0xca, 0x32, 0x77, 0x3f, 0x3d, 0x66, 0x7f, 0x3f,
  0x45, 0x27, 0x76, 0x3f, 0x68, 0x86, 0x6d, 0x3f, 0xb7, 0x73, 0x65, 0x3f,
  0x53, 0xe1, 0x5d, 0x3f, 0x1f, 0xc3, 0x56, 0x3f, 0x73, 0x0e, 0x50, 0x3f,
  0xee, 0xb9, 0x49, 0x3f, 0x40, 0xbd, 0x43, 0x3f, 0x08, 0x11, 0x3e, 0x3f,
  0xb1, 0xae, 0x38, 0x3f, 0x5a, 0x90, 0x33, 0x3f, 0x35, 0x1d, 0x33, 0x3f,
  0xc7, 0xfc, 0x36, 0x3f, 0xdd, 0x0f, 0x3b, 0x3f, 0xec, 0x5a, 0x3f, 0x3f,
  0xf3, 0xe2, 0x43, 0x3f, 0x88, 0xad, 0x48, 0x3f, 0xfd, 0xc0, 0x4d, 0x3f,
  0x6e, 0x24, 0x53, 0x3f, 0xf0, 0xdf, 0x58, 0x3f, 0xb5, 0xfc, 0x5e, 0x3f,
  0x45, 0x85, 0x65, 0x3f, 0x74, 0x33, 0x6c, 0x3f, 0x9c, 0xca, 0x62, 0x3f,
  0xa6, 0x02, 0x5a, 0x3f, 0x5d, 0xcb, 0x51, 0x3f, 0xa5, 0x16, 0x4a, 0x3f,
  0x27, 0xd8, 0x42, 0x3f, 0x0e, 0x05, 0x3c, 0x3f, 0xcd, 0x93, 0x35, 0x3f,
  0xf0, 0x7b, 0x2f, 0x3f, 0xf5, 0xb5, 0x29, 0x3f, 0x2a, 0x3b, 0x24, 0x3f,
  0x91, 0x05, 0x1f, 0x3f, 0xd2, 0xfb, 0x1d, 0x3f, 0x7e, 0xb8, 0x20, 0x3f,
  0x90, 0x99, 0x23, 0x3f, 0x32, 0xa2, 0x26, 0x3f, 0xe8, 0xd5, 0x29, 0x3f,
  0xa9, 0x38, 0x2d, 0x3f, 0xe9, 0xce, 0x30, 0x3f, 0xb0, 0x9d, 0x34, 0x3f,
  0xb4, 0xaa, 0x38, 0x3f, 0x75, 0xfc, 0x3c, 0x3f, 0x65, 0x9a, 0x41, 0x3f,
  0x22, 0x3e, 0x46, 0x3f, 0xb9, 0x6a, 0x3d, 0x3f, 0x35, 0x2e, 0x35, 0x3f,
  0x5f, 0x79, 0x2d, 0x3f, 0xfd, 0x3e, 0x26, 0x3f, 0x7f, 0x73, 0x1f, 0x3f,
  0xbb, 0x0c, 0x19, 0x3f, 0xbc, 0x01, 0x13, 0x3f, 0x94, 0x4a, 0x0d, 0x3f,
  0x37, 0xe0, 0x07, 0x3f, 0x60, 0xbc, 0x02, 0x3f, 0xe1, 0xb2, 0xfb, 0x3e,
  0xba, 0x98, 0xf8, 0x3e, 0xc7, 0x5c, 0xfb, 0x3e, 0xa2, 0x45, 0xfe, 0x3e,
  0x3c, 0xab, 0x00, 0x3f, 0x6a, 0x49, 0x02, 0x3f, 0x5f, 0xff, 0x03, 0x3f,
  0x59, 0xcf, 0x05, 0x3f, 0xe3, 0xbb, 0x07, 0x3f, 0xe3, 0xc7, 0x09, 0x3f,
  0x9e, 0xf6, 0x0b, 0x3f, 0xd8, 0x4b, 0x0e, 0x3f, 0x25, 0x8b, 0x10, 0x3f,
  0x8a, 0x00, 0x09, 0x3f, 0xdc, 0xf6, 0x01, 0x3f, 0x34, 0xc2, 0xf6, 0x3e,
  0xef, 0x67, 0xea, 0x3e, 0x28, 0xcb, 0xde, 0x3e, 0x80, 0xda, 0xd3, 0x3e,
  0xa9, 0x86, 0xc9, 0x3e, 0x1c, 0xc2, 0xbf, 0x3e, 0xc9, 0x80, 0xb6, 0x3e,
  0xf8, 0xb7, 0xad, 0x3e, 0x0e, 0x5e, 0xa5, 0x3e, 0x21, 0x77, 0xa1, 0x3e,
  0x79, 0x4d, 0xa1, 0x3e, 0xa8, 0x21, 0xa1, 0x3e, 0x7b, 0xf3, 0xa0, 0x3e,
  0xbf, 0xc2, 0xa0, 0x3e, 0x36, 0x8f, 0xa0, 0x3e, 0x9e, 0x58, 0xa0, 0x3e,
  0xa8, 0x1e, 0xa0, 0x3e, 0x00, 0xe1, 0x9f, 0x3e, 0x41, 0x9f, 0x9f, 0x3e,
  0xfd, 0x58, 0x9f, 0x3e, 0xaa, 0xbe, 0x9e, 0x3e, 0x6f, 0x6d, 0x93, 0x3e,
  0xab, 0xdd, 0x88, 0x3e, 0xb2, 0xf7, 0x7d, 0x3e, 0x0d, 0x6e, 0x6b, 0x3e,
  0xc1, 0x00, 0x5a, 0x3e, 0xb8, 0x95, 0x49, 0x3e, 0x0a, 0x16, 0x3a, 0x3e,
  0x58, 0x6d, 0x2b, 0x3e, 0x92, 0x89, 0x1d, 0x3e, 0xa6, 0x5a, 0x10, 0x3e,
  0x2a, 0xd2, 0x03, 0x3e, 0x9c, 0xf9, 0xf5, 0x3d, 0x98, 0xa8, 0xe9, 0x3d,
  0xa2, 0xb3, 0xdc, 0x3d, 0xae, 0x0c, 0xcf, 0x3d, 0xc6, 0xa3, 0xc0, 0x3d,
  0x1c, 0x67, 0xb1, 0x3d, 0xa4, 0x42, 0xa1, 0x3d, 0xb1, 0x1f, 0x90, 0x3d,
  0x21, 0xc9, 0x7b, 0x3d, 0xf1, 0xe7, 0x54, 0x3d, 0xd7, 0x58, 0x2b, 0x3d,
  0x06, 0x13, 0xfd, 0x3c, 0xc2, 0x9a, 0x92, 0x3c, 0xab, 0xf8, 0xbc, 0x3b,
  0x21, 0xe8, 0xb6, 0xbb, 0x60, 0xed, 0x84, 0xbc, 0x53, 0xe7, 0xd6, 0xbc,
  0x35, 0x11, 0x12, 0xbd, 0x4d, 0x85, 0x36, 0xbd, 0xc6, 0xff, 0x58, 0xbd,
  0x17, 0xab, 0x79, 0xbd, 0x8d, 0x56, 0x8c, 0xbd, 0xd8, 0x13, 0x9b, 0xbd,
  0xe5, 0x81, 0xad, 0xbd, 0xb7, 0x83, 0xc4, 0xbd, 0xac, 0xb7, 0xdc, 0xbd,
  0x36, 0x38, 0xf6, 0xbd, 0x8b, 0x91, 0x08, 0xbe, 0xc4, 0xcc, 0x16, 0xbe,
  0x86, 0xe0, 0x25, 0xbe, 0xfe, 0xe1, 0x35, 0xbe, 0x2f, 0xe9, 0x46, 0xbe,
  0x71, 0x11, 0x59, 0xbe, 0x11, 0x7a, 0x6c, 0xbe, 0xd9, 0x56, 0x80, 0xbe,
  0xd5, 0xcd, 0x81, 0xbe, 0xcb, 0x2b, 0x83, 0xbe, 0x3d, 0x73, 0x84, 0xbe,
  0x5e, 0xa6, 0x85, 0xbe, 0x18, 0xc7, 0x86, 0xbe, 0x1b, 0xd7, 0x87, 0xbe,
  0xe4, 0xd7, 0x88, 0xbe, 0xc4, 0xca, 0x89, 0xbe, 0xe7, 0xb0, 0x8a, 0xbe,
  0x55, 0x8b, 0x8b, 0xbe, 0xfd, 0x5a, 0x8c, 0xbe, 0xa4, 0xd0, 0x90, 0xbe,
  0x80, 0xc8, 0x98, 0xbe, 0x63, 0x2a, 0xa1, 0xbe, 0x7b, 0xff, 0xa9, 0xbe,
  0x15, 0x52, 0xb3, 0xbe, 0xb0, 0x2d, 0xbd, 0xbe, 0x4f, 0x9f, 0xc7, 0xbe,
  0x98, 0xb5, 0xd2, 0xbe, 0x31, 0x81, 0xde, 0xbe, 0x0e, 0x15, 0xeb, 0xbe,
  0xd9, 0x86, 0xf8, 0xbe, 0xe2, 0x22, 0x03, 0xbf, 0x79, 0x37, 0x01, 0xbf,
  0xbb, 0xd9, 0xfe, 0xbe, 0x83, 0x7f, 0xfb, 0xbe, 0x88, 0x5a, 0xf8, 0xbe,
  0xc6, 0x65, 0xf5, 0xbe, 0xd2, 0x9c, 0xf2, 0xbe, 0xc4, 0xfb, 0xef, 0xbe,
  0x2d, 0x7f, 0xed, 0xbe, 0xfc, 0x23, 0xeb, 0xbe, 0x79, 0xe7, 0xe8, 0xbe,
  0x2c, 0xc7, 0xe6, 0xbe, 0xc1, 0xc2, 0xea, 0xbe, 0x20, 0x50, 0xf4, 0xbe,
  0x9c, 0x5c, 0xfe, 0xbe, 0x9d, 0x79, 0x04, 0xbf, 0x26, 0x10, 0x0a, 0xbf,
  0xd3, 0xf8, 0x0f, 0xbf, 0x6c, 0x3b, 0x16, 0xbf, 0xbb, 0xe0, 0x1c, 0xbf,
  0xbc, 0xf2, 0x23, 0xbf, 0xc9, 0x7c, 0x2b, 0xbf, 0xe5, 0x8b, 0x33, 0xbf,
  0x2b, 0xac, 0x3b, 0xbf, 0x24, 0x41, 0x37, 0xbf, 0x99, 0x21, 0x33, 0xbf,
  0xf1, 0x45, 0x2f, 0xbf, 0x8f, 0xa7, 0x2b, 0xbf, 0xa8, 0x40, 0x28, 0xbf,
  0x27, 0x0c, 0x25, 0xbf, 0x94, 0x05, 0x22, 0xbf, 0xf5, 0x28, 0x1f, 0xbf,
  0xc6, 0x72, 0x1c, 0xbf, 0xe1, 0xdf, 0x19, 0xbf, 0x78, 0x6d, 0x17, 0xbf,
  0x77, 0x08, 0x19, 0xbf, 0xd5, 0x38, 0x1e, 0xbf, 0x42, 0xae, 0x23, 0xbf,
  0xba, 0x6e, 0x29, 0xbf, 0xef, 0x80, 0x2f, 0xbf, 0x63, 0xec, 0x35, 0xbf,
  0x8a, 0xb9, 0x3c, 0xbf, 0xf5, 0xf1, 0x43, 0xbf, 0x7a, 0xa0, 0x4b, 0xbf,
  0x70, 0xd1, 0x53, 0xbf, 0xfa, 0x92, 0x5c, 0xbf, 0x0d, 0x4a, 0x65, 0xbf,
  0x79, 0xb9, 0x5e, 0xbf, 0x0a, 0x99, 0x58, 0xbf, 0x79, 0xdd, 0x52, 0xbf,
  0xef, 0x7c, 0x4d, 0xbf, 0xd4, 0x6e, 0x48, 0xbf, 0x9e, 0xab, 0x43, 0xbf,
  0xa4, 0x2c, 0x3f, 0xbf, 0xff, 0xeb, 0x3a, 0xbf, 0x77, 0xe4, 0x36, 0xbf,
  0x5d, 0x11, 0x33, 0xbf, 0x89, 0x6e, 0x2f, 0xbf, 0x1d, 0x88, 0x30, 0xbf,
  0xaa, 0xb8, 0x35, 0xbf, 0x4b, 0x2e, 0x3b, 0xbf, 0xfa, 0xee, 0x40, 0xbf,
  0x6b, 0x01, 0x47, 0xbf, 0x22, 0x6d, 0x4d, 0xbf, 0x93, 0x3a, 0x54, 0xbf,
  0x4f, 0x73, 0x5b, 0xbf, 0x2b, 0x22, 0x63, 0xbf, 0x84, 0x53, 0x6b, 0xbf,
  0x7a, 0x15, 0x74, 0xbf, 0xf3, 0xae, 0x7c, 0xbf, 0x7a, 0x7e, 0x74, 0xbf,
  0xe7, 0xd9, 0x6c, 0xbf, 0x22, 0xb3, 0x65, 0xbf, 0xea, 0xfd, 0x5e, 0xbf,
  0x85, 0xaf, 0x58, 0xbf, 0x8c, 0xbe, 0x52, 0xbf, 0xaf, 0x22, 0x4d, 0xbf,
  0x95, 0xd4, 0x47, 0xbf, 0xb8, 0xcd, 0x42, 0xbf, 0x44, 0x08, 0x3e, 0xbf,
  0x05, 0x7f, 0x39, 0xbf, 0xf2, 0x01, 0x3a, 0xbf, 0x25, 0xc9, 0x3e, 0xbf,
  0xf3, 0xcf, 0x43, 0xbf, 0xdd, 0x1b, 0x49, 0xbf, 0x0f, 0xb3, 0x4e, 0xbf,
  0x74, 0x9c, 0x54, 0xbf, 0xd7, 0xdf, 0x5a, 0xbf, 0x05, 0x86, 0x61, 0xbf,
  0xf9, 0x98, 0x68, 0xbf, 0x16, 0x24, 0x70, 0xbf, 0x5d, 0x34, 0x78, 0xbf,
  0x00, 0x00, 0x80, 0xbf, 0x4a, 0xd6, 0x76, 0xbf, 0x16, 0x49, 0x6e, 0xbf,
  0xa2, 0x48, 0x66, 0xbf, 0x39, 0xc7, 0x5e, 0xbf, 0xdb, 0xb8, 0x57, 0xbf,
  0x01, 0x13, 0x51, 0xbf, 0x60, 0xcc, 0x4a, 0xbf, 0xc0, 0xdc, 0x44, 0xbf,
  0xd4, 0x3c, 0x3f, 0xbf, 0x18, 0xe6, 0x39, 0xbf, 0xb8, 0xd2, 0x34, 0xbf,
  0xc0, 0xb4, 0x34, 0xbf, 0x65, 0xb1, 0x38, 0xbf, 0x1f, 0xe3, 0x3c, 0xbf,
  0x84, 0x4e, 0x41, 0xbf, 0xbb, 0xf8, 0x45, 0xbf, 0x8c, 0xe7, 0x4a, 0xbf,
  0x75, 0x21, 0x50, 0xbf, 0xd0, 0xad, 0x55, 0xbf, 0xf2, 0x94, 0x5b, 0xbf,
  0x59, 0xe0, 0x61, 0xbf, 0xe2, 0x9a, 0x68, 0xbf, 0xc1, 0xfa, 0x6e, 0xbf,
  0x2d, 0x92, 0x65, 0xbf, 0x4a, 0xca, 0x5c, 0xbf, 0xe8, 0x92, 0x54, 0xbf,
  0xf5, 0xdd, 0x4c, 0xbf, 0x22, 0x9f, 0x45, 0xbf, 0x9d, 0xcb, 0x3e, 0xbf,
  0xdf, 0x59, 0x38, 0xbf, 0x73, 0x41, 0x32, 0xbf, 0xde, 0x7a, 0x2c, 0xbf,
  0x6f, 0xff, 0x26, 0xbf, 0x29, 0xc9, 0x21, 0xbf, 0xda, 0x0b, 0x21, 0xbf,
  0xd0, 0xec, 0x23, 0xbf, 0x1a, 0xf4, 0x26, 0xbf, 0x0a, 0x25, 0x2a, 0xbf,
  0x58, 0x83, 0x2d, 0xbf, 0x2e, 0x13, 0x31, 0xbf, 0x3f, 0xd9, 0x34, 0xbf,
  0xd8, 0xda, 0x38, 0xbf, 0x01, 0x1e, 0x3d, 0xbf, 0x92, 0xa9, 0x41, 0xbf,
  0x64, 0x85, 0x46, 0xbf, 0x5e, 0xfa, 0x4a, 0xbf, 0x38, 0x12, 0x42, 0xbf,
  0x2c, 0xc2, 0x39, 0xbf, 0xec, 0xfa, 0x31, 0xbf, 0x23, 0xaf, 0x2a, 0xbf,
  0x2b, 0xd3, 0x23, 0xbf, 0xc8, 0x5c, 0x1d, 0xbf, 0xf1, 0x42, 0x17, 0xbf,
  0xab, 0x7d, 0x11, 0xbf, 0xde, 0x05, 0x0c, 0xbf, 0x32, 0xd5, 0x06, 0xbf,
  0xff, 0xe5, 0x01, 0xbf, 0xa4, 0x96, 0x00, 0xbf, 0x4d, 0x21, 0x02, 0xbf,
  0x7c, 0xc0, 0x03, 0xbf, 0xfa, 0x75, 0x05, 0xbf, 0xc1, 0x43, 0x07, 0xbf,
  0x12, 0x2c, 0x09, 0xbf, 0x6e, 0x31, 0x0b, 0xbf, 0xad, 0x56, 0x0d, 0xbf,
  0x08, 0x9f, 0x0f, 0xbf, 0x2b, 0x0e, 0x12, 0xbf, 0x4c, 0xa8, 0x14, 0xbf,
  0xe8, 0xdb, 0x16, 0xbf, 0x38, 0x29, 0x0f, 0xbf, 0xf8, 0xf9, 0x07, 0xbf,
  0xf3, 0x40, 0x01, 0xbf, 0x3e, 0xe5, 0xf5, 0xbe, 0xdd, 0x09, 0xea, 0xbe,
  0x0b, 0xde, 0xde, 0xbe, 0x35, 0x52, 0xd4, 0xbe, 0x8c, 0x58, 0xca, 0xbe,
  0xc6, 0xe4, 0xc0, 0xbe, 0xf6, 0xeb, 0xb7, 0xbe, 0x53, 0x64, 0xaf, 0xbe,
  0xbf, 0xd1, 0xab, 0xbe, 0x92, 0xfb, 0xab, 0xbe, 0x8f, 0x27, 0xac, 0xbe,
  0xeb, 0x55, 0xac, 0xbe, 0xd9, 0x86, 0xac, 0xbe, 0x95, 0xba, 0xac, 0xbe,
  0x65, 0xf1, 0xac, 0xbe, 0x9b, 0x2b, 0xad, 0xbe, 0x86, 0x69, 0xad, 0xbe,
  0x8b, 0xab, 0xad, 0xbe, 0x20, 0xf2, 0xad, 0xbe, 0x35, 0x88, 0xad, 0xbe,
  0x7e, 0xc6, 0xa1, 0xbe, 0x87, 0xcd, 0x96, 0xbe, 0x13, 0x89, 0x8c, 0xbe,
  0x92, 0xe7, 0x82, 0xbe, 0x49, 0xb3, 0x73, 0xbe, 0x8c, 0xa3, 0x62, 0xbe,
  0x19, 0x88, 0x52, 0xbe, 0xe5, 0x4b, 0x43, 0xbe, 0x29, 0xdc, 0x34, 0xbe,
  0x34, 0x28, 0x27, 0xbe, 0x1a, 0x21, 0x1a, 0xbe, 0x13, 0x99, 0x11, 0xbe,
  0xab, 0x0e, 0x0c, 0xbe, 0x7e, 0x3a, 0x06, 0xbe, 0x19, 0x16, 0x00, 0xbe,
  0xc6, 0x34, 0xf3, 0xbd, 0x9d, 0x7e, 0xe5, 0xbd, 0xa1, 0xf7, 0xd6, 0xbd,
  0x69, 0x8b, 0xc7, 0xbd, 0xbb, 0x22, 0xb7, 0xbd, 0x34, 0xa3, 0xa5, 0xbd,
  0x9b, 0xee, 0x92, 0xbd, 0x66, 0xaf, 0x7c, 0xbd, 0x68, 0x34, 0x43, 0xbd,
  0xbc, 0x8e, 0x0d, 0xbd, 0x37, 0xb7, 0xb6, 0xbc, 0x55, 0x14, 0x31, 0xbc,
  0x13, 0xd0, 0x70, 0xa5
};
unsigned int src_GMTRY_2_bin_len = 16384;
