unsigned char src_GRIT_bin[] = {
  0x00, 0x00, 0x1c, 0x3f, 0x00, 0x00, 0x16, 0x3f, 0x00, 0x00, 0x10, 0x3f,
  0x00, 0x00, 0x0a, 0x3f, 0x00, 0x00, 0x04, 0x3f, 0x00, 0x00, 0xfc, 0x3e,
  0x00, 0x00, 0xf0, 0x3e, 0x00, 0x00, 0xe4, 0x3e, 0x00, 0x00, 0xd4, 0x3e,
  0x00, 0x00, 0xc8, 0x3e, 0x00, 0x00, 0xbc, 0x3e, 0x00, 0x00, 0xac, 0x3e,
  0x00, 0x00, 0xa0, 0x3e, 0x00, 0x00, 0x94, 0x3e, 0x00, 0x00, 0x84, 0x3e,
  0x00, 0x00, 0x70, 0x3e, 0x00, 0x00, 0x50, 0x3e, 0x00, 0x00, 0x38, 0x3e,
  0x00, 0x00, 0x18, 0x3e, 0x00, 0x00, 0xf0, 0x3d, 0x00, 0x00, 0xc0, 0x3d,
  0x00, 0x00, 0x80, 0x3d, 0x00, 0x00, 0x20, 0x3d, 0x00, 0x00, 0x00, 0x3c,
  0x00, 0x00, 0x80, 0xbc, 0x00, 0x00, 0x40, 0xbd, 0x00, 0x00, 0xa0, 0xbd,
  0x00, 0x00, 0xd0, 0xbd, 0x00, 0x00, 0x08, 0xbe, 0x00, 0x00, 0x20, 0xbe,
  0x00, 0x00, 0x40, 0xbe, 0x00, 0x00, 0x58, 0xbe, 0x00, 0x00, 0x70, 0xbe,
  0x00, 0x00, 0x88, 0xbe, 0x00, 0x00, 0x94, 0xbe, 0x00, 0x00, 0xa0, 0xbe,
  0x00, 0x00, 0xb0, 0xbe, 0x00, 0x00, 0xbc, 0xbe, 0x00, 0x00, 0xc8, 0xbe,
  0x00, 0x00, 0xd4, 0xbe, 0x00, 0x00, 0xe0, 0xbe, 0x00, 0x00, 0xec, 0xbe,
  0x00, 0x00, 0xf8, 0xbe, 0x00, 0x00, 0x02, 0xbf, 0x00, 0x00, 0x08, 0xbf,
  0x00, 0x00, 0x0c, 0xbf, 0x00, 0x00, 0x12, 0xbf, 0x00, 0x00, 0x18, 0xbf,
  0x00, 0x00, 0x1c, 0xbf, 0x00, 0x00, 0x22, 0xbf, 0x00, 0x00, 0x26, 0xbf,
  0x00, 0x00, 0x2a, 0xbf, 0x00, 0x00, 0x2e, 0xbf, 0x00, 0x00, 0x32, 0xbf,
  0x00, 0x00, 0x36, 0xbf, 0x00, 0x00, 0x3a, 0xbf, 0x00, 0x00, 0x3e, 0xbf,
  0x00, 0x00, 0x42, 0xbf, 0x00, 0x00, 0x44, 0xbf, 0x00, 0x00, 0x48, 0xbf,
  0x00, 0x00, 0x4a, 0xbf, 0x00, 0x00, 0x4c, 0xbf, 0x00, 0x00, 0x4e, 0xbf,
  0x00, 0x00, 0x50, 0xbf, 0x00, 0x00, 0x52, 0xbf, 0x00, 0x00, 0x54, 0xbf,
  0x00, 0x00, 0x56, 0xbf, 0x00, 0x00, 0x58, 0xbf, 0x00, 0x00, 0x58, 0xbf,
  0x00, 0x00, 0x5a, 0xbf, 0x00, 0x00, 0x5a, 0xbf, 0x00, 0x00, 0x5a, 0xbf,
  0x00, 0x00, 0x5a, 0xbf, 0x00, 0x00, 0x5a, 0xbf, 0x00, 0x00, 0x5a, 0xbf,
  0x00, 0x00, 0x5a, 0xbf, 0x00, 0x00, 0x58, 0xbf, 0x00, 0x00, 0x58, 0xbf,
  0x00, 0x00, 0x56, 0xbf, 0x00, 0x00, 0x54, 0xbf, 0x00, 0x00, 0x54, 0xbf,
  0x00, 0x00, 0x52, 0xbf, 0x00, 0x00, 0x50, 0xbf, 0x00, 0x00, 0x4e, 0xbf,
  0x00, 0x00, 0x4a, 0xbf, 0x00, 0x00, 0x48, 0xbf, 0x00, 0x00, 0x46, 0xbf,
  0x00, 0x00, 0x42, 0xbf, 0x00, 0x00, 0x40, 0xbf, 0x00, 0x00, 0x3c, 0xbf,
  0x00, 0x00, 0x38, 0xbf, 0x00, 0x00, 0x34, 0xbf, 0x00, 0x00, 0x30, 0xbf,
  0x00, 0x00, 0x2c, 0xbf, 0x00, 0x00, 0x28, 0xbf, 0x00, 0x00, 0x24, 0xbf,
  0x00, 0x00, 0x20, 0xbf, 0x00, 0x00, 0x1a, 0xbf, 0x00, 0x00, 0x16, 0xbf,
  0x00, 0x00, 0x10, 0xbf, 0x00, 0x00, 0x0c, 0xbf, 0x00, 0x00, 0x06, 0xbf,
  0x00, 0x00, 0x00, 0xbf, 0x00, 0x00, 0xf8, 0xbe, 0x00, 0x00, 0xec, 0xbe,
  0x00, 0x00, 0xe0, 0xbe, 0x00, 0x00, 0xd4, 0xbe, 0x00, 0x00, 0xc8, 0xbe,
  0x00, 0x00, 0xbc, 0xbe, 0x00, 0x00, 0xb0, 0xbe, 0x00, 0x00, 0xa4, 0xbe,
  0x00, 0x00, 0x98, 0xbe, 0x00, 0x00, 0x8c, 0xbe, 0x00, 0x00, 0x80, 0xbe,
  0x00, 0x00, 0x68, 0xbe, 0x00, 0x00, 0x48, 0xbe, 0x00, 0x00, 0x30, 0xbe,
  0x00, 0x00, 0x18, 0xbe, 0x00, 0x00, 0x00, 0xbe, 0x00, 0x00, 0xc0, 0xbd,
  0x00, 0x00, 0x90, 0xbd, 0x00, 0x00, 0x40, 0xbd, 0x00, 0x00, 0xc0, 0xbc,
  0x00, 0x00, 0x00, 0x00, 0x00, 0x00, 0x00, 0x3d, 0x00, 0x00, 0x60, 0x3d,
  0x00, 0x00, 0xa0, 0x3d, 0x00, 0x00, 0xd0, 0x3d, 0x00, 0x00, 0x00, 0x3e,
  0x00, 0x00, 0x18, 0x3e, 0x00, 0x00, 0x38, 0x3e, 0x00, 0x00, 0x50, 0x3e,
  0x00, 0x00, 0x68, 0x3e, 0x00, 0x00, 0x80, 0x3e, 0x00, 0x00, 0x88, 0x3e,
  0x00, 0x00, 0x94, 0x3e, 0x00, 0x00, 0xa0, 0x3e, 0x00, 0x00, 0xac, 0x3e,
  0x00, 0x00, 0xb8, 0x3e, 0x00, 0x00, 0xc0, 0x3e, 0x00, 0x00, 0xcc, 0x3e,
  0x00, 0x00, 0xd4, 0x3e, 0x00, 0x00, 0xe0, 0x3e, 0x00, 0x00, 0xe8, 0x3e,
  0x00, 0x00, 0xf4, 0x3e, 0x00, 0x00, 0xfc, 0x3e, 0x00, 0x00, 0x02, 0x3f,
  0x00, 0x00, 0x06, 0x3f, 0x00, 0x00, 0x0a, 0x3f, 0x00, 0x00, 0x0e, 0x3f,
  0x00, 0x00, 0x12, 0x3f, 0x00, 0x00, 0x16, 0x3f, 0x00, 0x00, 0x1a, 0x3f,
  0x00, 0x00, 0x1c, 0x3f, 0x00, 0x00, 0x20, 0x3f, 0x00, 0x00, 0x22, 0x3f,
  0x00, 0x00, 0x26, 0x3f, 0x00, 0x00, 0x28, 0x3f, 0x00, 0x00, 0x2a, 0x3f,
  0x00, 0x00, 0x2c, 0x3f, 0x00, 0x00, 0x2e, 0x3f, 0x00, 0x00, 0x30, 0x3f,
  0x00, 0x00, 0x32, 0x3f, 0x00, 0x00, 0x34, 0x3f, 0x00, 0x00, 0x34, 0x3f,
  0x00, 0x00, 0x36, 0x3f, 0x00, 0x00, 0x36, 0x3f, 0x00, 0x00, 0x38, 0x3f,
  0x00, 0x00, 0x38, 0x3f, 0x00, 0x00, 0x38, 0x3f, 0x00, 0x00, 0x38, 0x3f,
  0x00, 0x00, 0x38, 0x3f, 0x00, 0x00, 0x38, 0x3f, 0x00, 0x00, 0x38, 0x3f,
  0x00, 0x00, 0x38, 0x3f, 0x00, 0x00, 0x36, 0x3f, 0x00, 0x00, 0x36, 0x3f,
  0x00, 0x00, 0x34, 0x3f, 0x00, 0x00, 0x32, 0x3f, 0x00, 0x00, 0x32, 0x3f,
  0x00, 0x00, 0x30, 0x3f, 0x00, 0x00, 0x2e, 0x3f, 0x00, 0x00, 0x2c, 0x3f,
  0x00, 0x00, 0x2a, 0x3f, 0x00, 0x00, 0x28, 0x3f, 0x00, 0x00, 0x26, 0x3f,
  0x00, 0x00, 0x22, 0x3f, 0x00, 0x00, 0x20, 0x3f, 0x00, 0x00, 0x1e, 0x3f,
  0x00, 0x00, 0x1a, 0x3f, 0x00, 0x00, 0x18, 0x3f, 0x00, 0x00, 0x14, 0x3f,
  0x00, 0x00, 0x10, 0x3f, 0x00, 0x00, 0x0c, 0x3f, 0x00, 0x00, 0x0a, 0x3f,
  0x00, 0x00, 0x06, 0x3f, 0x00, 0x00, 0x02, 0x3f, 0x00, 0x00, 0xfc, 0x3e,
  0x00, 0x00, 0xf4, 0x3e, 0x00, 0x00, 0xec, 0x3e, 0x00, 0x00, 0xe4, 0x3e,
  0x00, 0x00, 0xdc, 0x3e, 0x00, 0x00, 0xd4, 0x3e, 0x00, 0x00, 0xc8, 0x3e,
  0x00, 0x00, 0xc0, 0x3e, 0x00, 0x00, 0xb8, 0x3e, 0x00, 0x00, 0xb0, 0x3e,
  0x00, 0x00, 0xa4, 0x3e, 0x00, 0x00, 0x9c, 0x3e, 0x00, 0x00, 0x94, 0x3e,
  0x00, 0x00, 0x88, 0x3e, 0x00, 0x00, 0x80, 0x3e, 0x00, 0x00, 0x68, 0x3e,
  0x00, 0x00, 0x58, 0x3e, 0x00, 0x00, 0x48, 0x3e, 0x00, 0x00, 0x30, 0x3e,
  0x00, 0x00, 0x20, 0x3e, 0x00, 0x00, 0x08, 0x3e, 0x00, 0x00, 0xf0, 0x3d,
  0x00, 0x00, 0xd0, 0x3d, 0x00, 0x00, 0xa0, 0x3d, 0x00, 0x00, 0x80, 0x3d,
  0x00, 0x00, 0x20, 0x3d, 0x00, 0x00, 0xc0, 0x3c, 0x00, 0x00, 0x00, 0x3c,
  0x00, 0x00, 0x00, 0xbc, 0x00, 0x00, 0x00, 0xbd, 0x00, 0x00, 0x40, 0xbd,
  0x00, 0x00, 0x80, 0xbd, 0x00, 0x00, 0xa0, 0xbd, 0x00, 0x00, 0xc0, 0xbd,
  0x00, 0x00, 0xf0, 0xbd, 0x00, 0x00, 0x08, 0xbe, 0x00, 0x00, 0x18, 0xbe,
  0x00, 0x00, 0x28, 0xbe, 0x00, 0x00, 0x38, 0xbe, 0x00, 0x00, 0x40, 0xbe,
  0x00, 0x00, 0x50, 0xbe, 0x00, 0x00, 0x60, 0xbe, 0x00, 0x00, 0x70, 0xbe,
  0x00, 0x00, 0x80, 0xbe, 0x00, 0x00, 0x84, 0xbe, 0x00, 0x00, 0x8c, 0xbe,
  0x00, 0x00, 0x90, 0xbe, 0x00, 0x00, 0x98, 0xbe, 0x00, 0x00, 0x9c, 0xbe,
  0x00, 0x00, 0xa4, 0xbe, 0x00, 0x00, 0xa8, 0xbe, 0x00, 0x00, 0xac, 0xbe,
  0x00, 0x00, 0xb0, 0xbe, 0x00, 0x00, 0xb8, 0xbe, 0x00, 0x00, 0xbc, 0xbe,
  0x00, 0x00, 0xc0, 0xbe, 0x00, 0x00, 0xc4, 0xbe, 0x00, 0x00, 0xc4, 0xbe,
  0x00, 0x00, 0xc8, 0xbe, 0x00, 0x00, 0xcc, 0xbe, 0x00, 0x00, 0xd0, 0xbe,
  0x00, 0x00, 0xd0, 0xbe, 0x00, 0x00, 0xd4, 0xbe, 0x00, 0x00, 0xd4, 0xbe,
  0x00, 0x00, 0xd8, 0xbe, 0x00, 0x00, 0xd8, 0xbe, 0x00, 0x00, 0xdc, 0xbe,
  0x00, 0x00, 0xdc, 0xbe, 0x00, 0x00, 0xdc, 0xbe, 0x00, 0x00, 0xdc, 0xbe,
  0x00, 0x00, 0xdc, 0xbe, 0x00, 0x00, 0xdc, 0xbe, 0x00, 0x00, 0xdc, 0xbe,
  0x00, 0x00, 0xdc, 0xbe, 0x00, 0x00, 0xdc, 0xbe, 0x00, 0x00, 0xdc, 0xbe,
  0x00, 0x00, 0xd8, 0xbe, 0x00, 0x00, 0xd8, 0xbe, 0x00, 0x00, 0xd8, 0xbe,
  0x00, 0x00, 0xd4, 0xbe, 0x00, 0x00, 0xd4, 0xbe, 0x00, 0x00, 0xd0, 0xbe,
  0x00, 0x00, 0xd0, 0xbe, 0x00, 0x00, 0xcc, 0xbe, 0x00, 0x00, 0xcc, 0xbe,
  0x00, 0x00, 0xc8, 0xbe, 0x00, 0x00, 0xc4, 0xbe, 0x00, 0x00, 0xc0, 0xbe,
  0x00, 0x00, 0xc0, 0xbe, 0x00, 0x00, 0xbc, 0xbe, 0x00, 0x00, 0xb8, 0xbe,
  0x00, 0x00, 0xb4, 0xbe, 0x00, 0x00, 0xb0, 0xbe, 0x00, 0x00, 0xac, 0xbe,
  0x00, 0x00, 0xa8, 0xbe, 0x00, 0x00, 0xa4, 0xbe, 0x00, 0x00, 0xa0, 0xbe,
  0x00, 0x00, 0x9c, 0xbe, 0x00, 0x00, 0x98, 0xbe, 0x00, 0x00, 0x94, 0xbe,
  0x00, 0x00, 0x8c, 0xbe, 0x00, 0x00, 0x88, 0xbe, 0x00, 0x00, 0x84, 0xbe,
  0x00, 0x00, 0x80, 0xbe, 0x00, 0x00, 0x78, 0xbe, 0x00, 0x00, 0x70, 0xbe,
  0x00, 0x00, 0x60, 0xbe, 0x00, 0x00, 0x58, 0xbe, 0x00, 0x00, 0x50, 0xbe,
  0x00, 0x00, 0x48, 0xbe, 0x00, 0x00, 0x38, 0xbe, 0x00, 0x00, 0x30, 0xbe,
  0x00, 0x00, 0x28, 0xbe, 0x00, 0x00, 0x20, 0xbe, 0x00, 0x00, 0x18, 0xbe,
  0x00, 0x00, 0x08, 0xbe, 0x00, 0x00, 0x00, 0xbe, 0x00, 0x00, 0xf0, 0xbd,
  0x00, 0x00, 0xe0, 0xbd, 0x00, 0x00, 0xd0, 0xbd, 0x00, 0x00, 0xc0, 0xbd,
  0x00, 0x00, 0xa0, 0xbd, 0x00, 0x00, 0x90, 0xbd, 0x00, 0x00, 0x80, 0xbd,
  0x00, 0x00, 0x60, 0xbd, 0x00, 0x00, 0x40, 0xbd, 0x00, 0x00, 0x20, 0xbd,
  0x00, 0x00, 0x00, 0xbd, 0x00, 0x00, 0xc0, 0xbc, 0x00, 0x00, 0x80, 0xbc,
  0x00, 0x00, 0x00, 0xbc, 0x00, 0x00, 0x00, 0x00, 0x00, 0x00, 0x00, 0x3c,
  0x00, 0x00, 0x80, 0x3c, 0x00, 0x00, 0xc0, 0x3c, 0x00, 0x00, 0x00, 0x3d,
  0x00, 0x00, 0x00, 0x3d, 0x00, 0x00, 0x20, 0x3d, 0x00, 0x00, 0x40, 0x3d,
  0x00, 0x00, 0x60, 0x3d, 0x00, 0x00, 0x60, 0x3d, 0x00, 0x00, 0x80, 0x3d,
  0x00, 0x00, 0x90, 0x3d, 0x00, 0x00, 0x90, 0x3d, 0x00, 0x00, 0xa0, 0x3d,
  0x00, 0x00, 0xb0, 0x3d, 0x00, 0x00, 0xb0, 0x3d, 0x00, 0x00, 0xc0, 0x3d,
  0x00, 0x00, 0xc0, 0x3d, 0x00, 0x00, 0xd0, 0x3d, 0x00, 0x00, 0xd0, 0x3d,
  0x00, 0x00, 0xe0, 0x3d, 0x00, 0x00, 0xe0, 0x3d, 0x00, 0x00, 0xe0, 0x3d,
  0x00, 0x00, 0xf0, 0x3d, 0x00, 0x00, 0xf0, 0x3d, 0x00, 0x00, 0xf0, 0x3d,
  0x00, 0x00, 0x00, 0x3e, 0x00, 0x00, 0x00, 0x3e, 0x00, 0x00, 0x00, 0x3e,
  0x00, 0x00, 0x00, 0x3e, 0x00, 0x00, 0x08, 0x3e, 0x00, 0x00, 0x08, 0x3e,
  0x00, 0x00, 0x08, 0x3e, 0x00, 0x00, 0x08, 0x3e, 0x00, 0x00, 0x08, 0x3e,
  0x00, 0x00, 0x08, 0x3e, 0x00, 0x00, 0x08, 0x3e, 0x00, 0x00, 0x08, 0x3e,
  0x00, 0x00, 0x10, 0x3e, 0x00, 0x00, 0x10, 0x3e, 0x00, 0x00, 0x10, 0x3e,
  0x00, 0x00, 0x10, 0x3e, 0x00, 0x00, 0x10, 0x3e, 0x00, 0x00, 0x10, 0x3e,
  0x00, 0x00, 0x10, 0x3e, 0x00, 0x00, 0x10, 0x3e, 0x00, 0x00, 0x10, 0x3e,
  0x00, 0x00, 0x10, 0x3e, 0x00, 0x00, 0x10, 0x3e, 0x00, 0x00, 0x10, 0x3e,
  0x00, 0x00, 0x10, 0x3e, 0x00, 0x00, 0x10, 0x3e, 0x00, 0x00, 0x10, 0x3e,
  0x00, 0x00, 0x10, 0x3e, 0x00, 0x00, 0x10, 0x3e, 0x00, 0x00, 0x10, 0x3e,
  0x00, 0x00, 0x10, 0x3e, 0x00, 0x00, 0x10, 0x3e, 0x00, 0x00, 0x10, 0x3e,
  0x00, 0x00, 0x10, 0x3e, 0x00, 0x00, 0x10, 0x3e, 0x00, 0x00, 0x10, 0x3e,
  0x00, 0x00, 0x10, 0x3e, 0x00, 0x00, 0x10, 0x3e, 0x00, 0x00, 0x10, 0x3e,
  0x00, 0x00, 0x10, 0x3e, 0x00, 0x00, 0x10, 0x3e, 0x00, 0x00, 0x10, 0x3e,
  0x00, 0x00, 0x10, 0x3e, 0x00, 0x00, 0x10, 0x3e, 0x00, 0x00, 0x10, 0x3e,
  0x00, 0x00, 0x10, 0x3e, 0x00, 0x00, 0x18, 0x3e, 0x00, 0x00, 0x18, 0x3e,
  0x00, 0x00, 0x18, 0x3e, 0x00, 0x00, 0x18, 0x3e, 0x00, 0x00, 0x18, 0x3e,
  0x00, 0x00, 0x20, 0x3e, 0x00, 0x00, 0x20, 0x3e, 0x00, 0x00, 0x20, 0x3e,
  0x00, 0x00, 0x20, 0x3e, 0x00, 0x00, 0x28, 0x3e, 0x00, 0x00, 0x28, 0x3e,
  0x00, 0x00, 0x28, 0x3e, 0x00, 0x00, 0x28, 0x3e, 0x00, 0x00, 0x30, 0x3e,
  0x00, 0x00, 0x30, 0x3e, 0x00, 0x00, 0x30, 0x3e, 0x00, 0x00, 0x38, 0x3e,
  0x00, 0x00, 0x38, 0x3e, 0x00, 0x00, 0x40, 0x3e, 0x00, 0x00, 0x40, 0x3e,
  0x00, 0x00, 0x40, 0x3e, 0x00, 0x00, 0x48, 0x3e, 0x00, 0x00, 0x48, 0x3e,
  0x00, 0x00, 0x50, 0x3e, 0x00, 0x00, 0x50, 0x3e, 0x00, 0x00, 0x58, 0x3e,
  0x00, 0x00, 0x58, 0x3e, 0x00, 0x00, 0x58, 0x3e, 0x00, 0x00, 0x60, 0x3e,
  0x00, 0x00, 0x60, 0x3e, 0x00, 0x00, 0x68, 0x3e, 0x00, 0x00, 0x68, 0x3e,
  0x00, 0x00, 0x70, 0x3e, 0x00, 0x00, 0x70, 0x3e, 0x00, 0x00, 0x78, 0x3e,
  0x00, 0x00, 0x78, 0x3e, 0x00, 0x00, 0x80, 0x3e, 0x00, 0x00, 0x80, 0x3e,
  0x00, 0x00, 0x84, 0x3e, 0x00, 0x00, 0x84, 0x3e, 0x00, 0x00, 0x84, 0x3e,
  0x00, 0x00, 0x88, 0x3e, 0x00, 0x00, 0x88, 0x3e, 0x00, 0x00, 0x8c, 0x3e,
  0x00, 0x00, 0x8c, 0x3e, 0x00, 0x00, 0x8c, 0x3e, 0x00, 0x00, 0x90, 0x3e,
  0x00, 0x00, 0x90, 0x3e, 0x00, 0x00, 0x90, 0x3e, 0x00, 0x00, 0x94, 0x3e,
  0x00, 0x00, 0x94, 0x3e, 0x00, 0x00, 0x94, 0x3e, 0x00, 0x00, 0x94, 0x3e,
  0x00, 0x00, 0x98, 0x3e, 0x00, 0x00, 0x98, 0x3e, 0x00, 0x00, 0x98, 0x3e,
  0x00, 0x00, 0x98, 0x3e, 0x00, 0x00, 0x98, 0x3e, 0x00, 0x00, 0x98, 0x3e,
  0x00, 0x00, 0x98, 0x3e, 0x00, 0x00, 0x98, 0x3e, 0x00, 0x00, 0x98, 0x3e,
  0x00, 0x00, 0x98, 0x3e, 0x00, 0x00, 0x98, 0x3e, 0x00, 0x00, 0x98, 0x3e,
  0x00, 0x00, 0x98, 0x3e, 0x00, 0x00, 0x98, 0x3e, 0x00, 0x00, 0x94, 0x3e,
  0x00, 0x00, 0x94, 0x3e, 0x00, 0x00, 0x94, 0x3e, 0x00, 0x00, 0x90, 0x3e,
  0x00, 0x00, 0x90, 0x3e, 0x00, 0x00, 0x8c, 0x3e, 0x00, 0x00, 0x8c, 0x3e,
  0x00, 0x00, 0x88, 0x3e, 0x00, 0x00, 0x88, 0x3e, 0x00, 0x00, 0x84, 0x3e,
  0x00, 0x00, 0x80, 0x3e, 0x00, 0x00, 0x80, 0x3e, 0x00, 0x00, 0x78, 0x3e,
  0x00, 0x00, 0x70, 0x3e, 0x00, 0x00, 0x68, 0x3e, 0x00, 0x00, 0x60, 0x3e,
  0x00, 0x00, 0x58, 0x3e, 0x00, 0x00, 0x50, 0x3e, 0x00, 0x00, 0x48, 0x3e,
  0x00, 0x00, 0x40, 0x3e, 0x00, 0x00, 0x38, 0x3e, 0x00, 0x00, 0x30, 0x3e,
  0x00, 0x00, 0x28, 0x3e, 0x00, 0x00, 0x18, 0x3e, 0x00, 0x00, 0x10, 0x3e,
  0x00, 0x00, 0x08, 0x3e, 0x00, 0x00, 0xf0, 0x3d, 0x00, 0x00, 0xe0, 0x3d,
  0x00, 0x00, 0xd0, 0x3d, 0x00, 0x00, 0xb0, 0x3d, 0x00, 0x00, 0x90, 0x3d,
  0x00, 0x00, 0x80, 0x3d, 0x00, 0x00, 0x40, 0x3d, 0x00, 0x00, 0x20, 0x3d,
  0x00, 0x00, 0xc0, 0x3c, 0x00, 0x00, 0x00, 0x3c, 0x00, 0x00, 0x00, 0xbc,
  0x00, 0x00, 0x80, 0xbc, 0x00, 0x00, 0x00, 0xbd, 0x00, 0x00, 0x40, 0xbd,
  0x00, 0x00, 0x80, 0xbd, 0x00, 0x00, 0xa0, 0xbd, 0x00, 0x00, 0xc0, 0xbd,
  0x00, 0x00, 0xe0, 0xbd, 0x00, 0x00, 0xf0, 0xbd, 0x00, 0x00, 0x08, 0xbe,
  0x00, 0x00, 0x18, 0xbe, 0x00, 0x00, 0x28, 0xbe, 0x00, 0x00, 0x38, 0xbe,
  0x00, 0x00, 0x48, 0xbe, 0x00, 0x00, 0x58, 0xbe, 0x00, 0x00, 0x68, 0xbe,
  0x00, 0x00, 0x80, 0xbe, 0x00, 0x00, 0x88, 0xbe, 0x00, 0x00, 0x90, 0xbe,
  0x00, 0x00, 0x98, 0xbe, 0x00, 0x00, 0xa0, 0xbe, 0x00, 0x00, 0xa8, 0xbe,
  0x00, 0x00, 0xb0, 0xbe, 0x00, 0x00, 0xb8, 0xbe, 0x00, 0x00, 0xc0, 0xbe,
  0x00, 0x00, 0xc8, 0xbe, 0x00, 0x00, 0xd0, 0xbe, 0x00, 0x00, 0xd8, 0xbe,
  0x00, 0x00, 0xdc, 0xbe, 0x00, 0x00, 0xe4, 0xbe, 0x00, 0x00, 0xec, 0xbe,
  0x00, 0x00, 0xf4, 0xbe, 0x00, 0x00, 0xfc, 0xbe, 0x00, 0x00, 0x02, 0xbf,
  0x00, 0x00, 0x04, 0xbf, 0x00, 0x00, 0x08, 0xbf, 0x00, 0x00, 0x0c, 0xbf,
  0x00, 0x00, 0x0e, 0xbf, 0x00, 0x00, 0x12, 0xbf, 0x00, 0x00, 0x14, 0xbf,
  0x00, 0x00, 0x18, 0xbf, 0x00, 0x00, 0x1a, 0xbf, 0x00, 0x00, 0x1e, 0xbf,
  0x00, 0x00, 0x20, 0xbf, 0x00, 0x00, 0x22, 0xbf, 0x00, 0x00, 0x26, 0xbf,
  0x00, 0x00, 0x28, 0xbf, 0x00, 0x00, 0x2a, 0xbf, 0x00, 0x00, 0x2c, 0xbf,
  0x00, 0x00, 0x2e, 0xbf, 0x00, 0x00, 0x30, 0xbf, 0x00, 0x00, 0x32, 0xbf,
  0x00, 0x00, 0x34, 0xbf, 0x00, 0x00, 0x34, 0xbf, 0x00, 0x00, 0x36, 0xbf,
  0x00, 0x00, 0x36, 0xbf, 0x00, 0x00, 0x38, 0xbf, 0x00, 0x00, 0x38, 0xbf,
  0x00, 0x00, 0x3a, 0xbf, 0x00, 0x00, 0x3a, 0xbf, 0x00, 0x00, 0x3a, 0xbf,
  0x00, 0x00, 0x3c, 0xbf, 0x00, 0x00, 0x3c, 0xbf, 0x00, 0x00, 0x3c, 0xbf,
  0x00, 0x00, 0x3c, 0xbf, 0x00, 0x00, 0x3a, 0xbf, 0x00, 0x00, 0x3a, 0xbf,
  0x00, 0x00, 0x3a, 0xbf, 0x00, 0x00, 0x3a, 0xbf, 0x00, 0x00, 0x38, 0xbf,
  0x00, 0x00, 0x38, 0xbf, 0x00, 0x00, 0x36, 0xbf, 0x00, 0x00, 0x34, 0xbf,
  0x00, 0x00, 0x32, 0xbf, 0x00, 0x00, 0x32, 0xbf, 0x00, 0x00, 0x30, 0xbf,
  0x00, 0x00, 0x2e, 0xbf, 0x00, 0x00, 0x2c, 0xbf, 0x00, 0x00, 0x2a, 0xbf,
  0x00, 0x00, 0x26, 0xbf, 0x00, 0x00, 0x24, 0xbf, 0x00, 0x00, 0x22, 0xbf,
  0x00, 0x00, 0x1e, 0xbf, 0x00, 0x00, 0x1c, 0xbf, 0x00, 0x00, 0x18, 0xbf,
  0x00, 0x00, 0x16, 0xbf, 0x00, 0x00, 0x12, 0xbf, 0x00, 0x00, 0x0e, 0xbf,
  0x00, 0x00, 0x0a, 0xbf, 0x00, 0x00, 0x08, 0xbf, 0x00, 0x00, 0x04, 0xbf,
  0x00, 0x00, 0x00, 0xbf, 0x00, 0x00, 0xf8, 0xbe, 0x00, 0x00, 0xec, 0xbe,
  0x00, 0x00, 0xe4, 0xbe, 0x00, 0x00, 0xdc, 0xbe, 0x00, 0x00, 0xd4, 0xbe,
  0x00, 0x00, 0xcc, 0xbe, 0x00, 0x00, 0xc0, 0xbe, 0x00, 0x00, 0xb8, 0xbe,
  0x00, 0x00, 0xac, 0xbe, 0x00, 0x00, 0xa4, 0xbe, 0x00, 0x00, 0x98, 0xbe,
  0x00, 0x00, 0x90, 0xbe, 0x00, 0x00, 0x84, 0xbe, 0x00, 0x00, 0x78, 0xbe,
  0x00, 0x00, 0x60, 0xbe, 0x00, 0x00, 0x50, 0xbe, 0x00, 0x00, 0x38, 0xbe,
  0x00, 0x00, 0x20, 0xbe, 0x00, 0x00, 0x10, 0xbe, 0x00, 0x00, 0xf0, 0xbd,
  0x00, 0x00, 0xc0, 0xbd, 0x00, 0x00, 0xa0, 0xbd, 0x00, 0x00, 0x60, 0xbd,
  0x00, 0x00, 0x00, 0xbd, 0x00, 0x00, 0x00, 0xbc, 0x00, 0x00, 0x00, 0x3c,
  0x00, 0x00, 0x00, 0x3d, 0x00, 0x00, 0x60, 0x3d, 0x00, 0x00, 0x90, 0x3d,
  0x00, 0x00, 0xc0, 0x3d, 0x00, 0x00, 0xf0, 0x3d, 0x00, 0x00, 0x08, 0x3e,
  0x00, 0x00, 0x20, 0x3e, 0x00, 0x00, 0x30, 0x3e, 0x00, 0x00, 0x48, 0x3e,
  0x00, 0x00, 0x58, 0x3e, 0x00, 0x00, 0x70, 0x3e, 0x00, 0x00, 0x80, 0x3e,
  0x00, 0x00, 0x8c, 0x3e, 0x00, 0x00, 0x94, 0x3e, 0x00, 0x00, 0xa0, 0x3e,
  0x00, 0x00, 0xa8, 0x3e, 0x00, 0x00, 0xb0, 0x3e, 0x00, 0x00, 0xb8, 0x3e,
  0x00, 0x00, 0xc0, 0x3e, 0x00, 0x00, 0xcc, 0x3e, 0x00, 0x00, 0xd4, 0x3e,
  0x00, 0x00, 0xdc, 0x3e, 0x00, 0x00, 0xe4, 0x3e, 0x00, 0x00, 0xe8, 0x3e,
  0x00, 0x00, 0xf0, 0x3e, 0x00, 0x00, 0xf8, 0x3e, 0x00, 0x00, 0x00, 0x3f,
  0x00, 0x00, 0x02, 0x3f, 0x00, 0x00, 0x06, 0x3f, 0x00, 0x00, 0x08, 0x3f,
  0x00, 0x00, 0x0c, 0x3f, 0x00, 0x00, 0x0e, 0x3f, 0x00, 0x00, 0x10, 0x3f,
  0x00, 0x00, 0x14, 0x3f, 0x00, 0x00, 0x16, 0x3f, 0x00, 0x00, 0x18, 0x3f,
  0x00, 0x00, 0x1a, 0x3f, 0x00, 0x00, 0x1c, 0x3f, 0x00, 0x00, 0x1e, 0x3f,
  0x00, 0x00, 0x1e, 0x3f, 0x00, 0x00, 0x20, 0x3f, 0x00, 0x00, 0x22, 0x3f,
  0x00, 0x00, 0x22, 0x3f, 0x00, 0x00, 0x24, 0x3f, 0x00, 0x00, 0x24, 0x3f,
  0x00, 0x00, 0x24, 0x3f, 0x00, 0x00, 0x26, 0x3f, 0x00, 0x00, 0x26, 0x3f,
  0x00, 0x00, 0x26, 0x3f, 0x00, 0x00, 0x26, 0x3f, 0x00, 0x00, 0x26, 0x3f,
  0x00, 0x00, 0x26, 0x3f, 0x00, 0x00, 0x26, 0x3f, 0x00, 0x00, 0x24, 0x3f,
  0x00, 0x00, 0x24, 0x3f, 0x00, 0x00, 0x24, 0x3f, 0x00, 0x00, 0x22, 0x3f,
  0x00, 0x00, 0x22, 0x3f, 0x00, 0x00, 0x20, 0x3f, 0x00, 0x00, 0x1e, 0x3f,
  0x00, 0x00, 0x1e, 0x3f, 0x00, 0x00, 0x1c, 0x3f, 0x00, 0x00, 0x1a, 0x3f,
  0x00, 0x00, 0x18, 0x3f, 0x00, 0x00, 0x16, 0x3f, 0x00, 0x00, 0x14, 0x3f,
  0x00, 0x00, 0x12, 0x3f, 0x00, 0x00, 0x10, 0x3f, 0x00, 0x00, 0x0e, 0x3f,
  0x00, 0x00, 0x0a, 0x3f, 0x00, 0x00, 0x08, 0x3f, 0x00, 0x00, 0x06, 0x3f,
  0x00, 0x00, 0x02, 0x3f, 0x00, 0x00, 0x00, 0x3f, 0x00, 0x00, 0xf8, 0x3e,
  0x00, 0x00, 0xf4, 0x3e, 0x00, 0x00, 0xec, 0x3e, 0x00, 0x00, 0xe8, 0x3e,
  0x00, 0x00, 0xe0, 0x3e, 0x00, 0x00, 0xdc, 0x3e, 0x00, 0x00, 0xd4, 0x3e,
  0x00, 0x00, 0xd0, 0x3e, 0x00, 0x00, 0xc8, 0x3e, 0x00, 0x00, 0xc0, 0x3e,
  0x00, 0x00, 0xbc, 0x3e, 0x00, 0x00, 0xb4, 0x3e, 0x00, 0x00, 0xac, 0x3e,
  0x00, 0x00, 0xa4, 0x3e, 0x00, 0x00, 0xa0, 0x3e, 0x00, 0x00, 0x98, 0x3e,
  0x00, 0x00, 0x90, 0x3e, 0x00, 0x00, 0x8c, 0x3e, 0x00, 0x00, 0x84, 0x3e,
  0x00, 0x00, 0x78, 0x3e, 0x00, 0x00, 0x70, 0x3e, 0x00, 0x00, 0x60, 0x3e,
  0x00, 0x00, 0x50, 0x3e, 0x00, 0x00, 0x48, 0x3e, 0x00, 0x00, 0x38, 0x3e,
  0x00, 0x00, 0x28, 0x3e, 0x00, 0x00, 0x20, 0x3e, 0x00, 0x00, 0x10, 0x3e,
  0x00, 0x00, 0x08, 0x3e, 0x00, 0x00, 0xf0, 0x3d, 0x00, 0x00, 0xe0, 0x3d,
  0x00, 0x00, 0xc0, 0x3d, 0x00, 0x00, 0xb0, 0x3d, 0x00, 0x00, 0xa0, 0x3d,
  0x00, 0x00, 0x80, 0x3d, 0x00, 0x00, 0x60, 0x3d, 0x00, 0x00, 0x40, 0x3d,
  0x00, 0x00, 0x20, 0x3d, 0x00, 0x00, 0x00, 0x3d, 0x00, 0x00, 0xc0, 0x3c,
  0x00, 0x00, 0x80, 0x3c, 0x00, 0x00, 0x00, 0x3c, 0x00, 0x00, 0x00, 0x00,
  0x00, 0x00, 0x00, 0xbc, 0x00, 0x00, 0x80, 0xbc, 0x00, 0x00, 0xc0, 0xbc,
  0x00, 0x00, 0xc0, 0xbc, 0x00, 0x00, 0x00, 0xbd, 0x00, 0x00, 0x20, 0xbd,
  0x00, 0x00, 0x20, 0xbd, 0x00, 0x00, 0x40, 0xbd, 0x00, 0x00, 0x40, 0xbd,
  0x00, 0x00, 0x40, 0xbd, 0x00, 0x00, 0x60, 0xbd, 0x00, 0x00, 0x60, 0xbd,
  0x00, 0x00, 0x60, 0xbd, 0x00, 0x00, 0x60, 0xbd, 0x00, 0x00, 0x60, 0xbd,
  0x00, 0x00, 0x60, 0xbd, 0x00, 0x00, 0x60, 0xbd, 0x00, 0x00, 0x60, 0xbd,
  0x00, 0x00, 0x60, 0xbd, 0x00, 0x00, 0x60, 0xbd, 0x00, 0x00, 0x40, 0xbd,
  0x00, 0x00, 0x40, 0xbd, 0x00, 0x00, 0x20, 0xbd, 0x00, 0x00, 0x20, 0xbd,
  0x00, 0x00, 0x00, 0xbd, 0x00, 0x00, 0x00, 0xbd, 0x00, 0x00, 0xc0, 0xbc,
  0x00, 0x00, 0x80, 0xbc, 0x00, 0x00, 0x80, 0xbc, 0x00, 0x00, 0x00, 0xbc,
  0x00, 0x00, 0x00, 0x00, 0x00, 0x00, 0x00, 0x3c, 0x00, 0x00, 0x80, 0x3c,
  0x00, 0x00, 0xc0, 0x3c, 0x00, 0x00, 0x00, 0x3d, 0x00, 0x00, 0x20, 0x3d,
  0x00, 0x00, 0x40, 0x3d, 0x00, 0x00, 0x80, 0x3d, 0x00, 0x00, 0x90, 0x3d,
  0x00, 0x00, 0xa0, 0x3d, 0x00, 0x00, 0xb0, 0x3d, 0x00, 0x00, 0xd0, 0x3d,
  0x00, 0x00, 0xe0, 0x3d, 0x00, 0x00, 0xf0, 0x3d, 0x00, 0x00, 0x08, 0x3e,
  0x00, 0x00, 0x10, 0x3e, 0x00, 0x00, 0x20, 0x3e, 0x00, 0x00, 0x28, 0x3e,
  0x00, 0x00, 0x38, 0x3e, 0x00, 0x00, 0x40, 0x3e, 0x00, 0x00, 0x50, 0x3e,
  0x00, 0x00, 0x58, 0x3e, 0x00, 0x00, 0x68, 0x3e, 0x00, 0x00, 0x70, 0x3e,
  0x00, 0x00, 0x80, 0x3e, 0x00, 0x00, 0x84, 0x3e, 0x00, 0x00, 0x8c, 0x3e,
  0x00, 0x00, 0x94, 0x3e, 0x00, 0x00, 0x98, 0x3e, 0x00, 0x00, 0xa0, 0x3e,
  0x00, 0x00, 0xa4, 0x3e, 0x00, 0x00, 0xac, 0x3e, 0x00, 0x00, 0xb0, 0x3e,
  0x00, 0x00, 0xb8, 0x3e, 0x00, 0x00, 0xbc, 0x3e, 0x00, 0x00, 0xc4, 0x3e,
  0x00, 0x00, 0xc8, 0x3e, 0x00, 0x00, 0xd0, 0x3e, 0x00, 0x00, 0xd4, 0x3e,
  0x00, 0x00, 0xd8, 0x3e, 0x00, 0x00, 0xe0, 0x3e, 0x00, 0x00, 0xe4, 0x3e,
  0x00, 0x00, 0xe8, 0x3e, 0x00, 0x00, 0xf0, 0x3e, 0x00, 0x00, 0xf4, 0x3e,
  0x00, 0x00, 0xf8, 0x3e, 0x00, 0x00, 0xfc, 0x3e, 0x00, 0x00, 0x00, 0x3f,
  0x00, 0x00, 0x02, 0x3f, 0x00, 0x00, 0x04, 0x3f, 0x00, 0x00, 0x06, 0x3f,
  0x00, 0x00, 0x08, 0x3f, 0x00, 0x00, 0x0a, 0x3f, 0x00, 0x00, 0x0c, 0x3f,
  0x00, 0x00, 0x0e, 0x3f, 0x00, 0x00, 0x10, 0x3f, 0x00, 0x00, 0x10, 0x3f,
  0x00, 0x00, 0x12, 0x3f, 0x00, 0x00, 0x14, 0x3f, 0x00, 0x00, 0x14, 0x3f,
  0x00, 0x00, 0x16, 0x3f, 0x00, 0x00, 0x16, 0x3f, 0x00, 0x00, 0x18, 0x3f,
  0x00, 0x00, 0x18, 0x3f, 0x00, 0x00, 0x18, 0x3f, 0x00, 0x00, 0x1a, 0x3f,
  0x00, 0x00, 0x1a, 0x3f, 0x00, 0x00, 0x1a, 0x3f, 0x00, 0x00, 0x1a, 0x3f,
  0x00, 0x00, 0x1a, 0x3f, 0x00, 0x00, 0x1a, 0x3f, 0x00, 0x00, 0x1a, 0x3f,
  0x00, 0x00, 0x1a, 0x3f, 0x00, 0x00, 0x1a, 0x3f, 0x00, 0x00, 0x1a, 0x3f,
  0x00, 0x00, 0x18, 0x3f, 0x00, 0x00, 0x18, 0x3f, 0x00, 0x00, 0x18, 0x3f,
  0x00, 0x00, 0x16, 0x3f, 0x00, 0x00, 0x16, 0x3f, 0x00, 0x00, 0x14, 0x3f,
  0x00, 0x00, 0x14, 0x3f, 0x00, 0x00, 0x12, 0x3f, 0x00, 0x00, 0x10, 0x3f,
  0x00, 0x00, 0x10, 0x3f, 0x00, 0x00, 0x0e, 0x3f, 0x00, 0x00, 0x0c, 0x3f,
  0x00, 0x00, 0x0c, 0x3f, 0x00, 0x00, 0x0a, 0x3f, 0x00, 0x00, 0x08, 0x3f,
  0x00, 0x00, 0x06, 0x3f, 0x00, 0x00, 0x04, 0x3f, 0x00, 0x00, 0x02, 0x3f,
  0x00, 0x00, 0x00, 0x3f, 0x00, 0x00, 0xfc, 0x3e, 0x00, 0x00, 0xf8, 0x3e,
  0x00, 0x00, 0xf4, 0x3e, 0x00, 0x00, 0xf0, 0x3e, 0x00, 0x00, 0xec, 0x3e,
  0x00, 0x00, 0xe8, 0x3e, 0x00, 0x00, 0xe4, 0x3e, 0x00, 0x00, 0xe0, 0x3e,
  0x00, 0x00, 0xdc, 0x3e, 0x00, 0x00, 0xd4, 0x3e, 0x00, 0x00, 0xd0, 0x3e,
  0x00, 0x00, 0xcc, 0x3e, 0x00, 0x00, 0xc8, 0x3e, 0x00, 0x00, 0xc4, 0x3e,
  0x00, 0x00, 0xc0, 0x3e, 0x00, 0x00, 0xbc, 0x3e, 0x00, 0x00, 0xb8, 0x3e,
  0x00, 0x00, 0xb4, 0x3e, 0x00, 0x00, 0xb0, 0x3e, 0x00, 0x00, 0xa8, 0x3e,
  0x00, 0x00, 0xa4, 0x3e, 0x00, 0x00, 0xa0, 0x3e, 0x00, 0x00, 0x9c, 0x3e,
  0x00, 0x00, 0x98, 0x3e, 0x00, 0x00, 0x94, 0x3e, 0x00, 0x00, 0x94, 0x3e,
  0x00, 0x00, 0x90, 0x3e, 0x00, 0x00, 0x8c, 0x3e, 0x00, 0x00, 0x88, 0x3e,
  0x00, 0x00, 0x84, 0x3e, 0x00, 0x00, 0x80, 0x3e, 0x00, 0x00, 0x80, 0x3e,
  0x00, 0x00, 0x78, 0x3e, 0x00, 0x00, 0x70, 0x3e, 0x00, 0x00, 0x70, 0x3e,
  0x00, 0x00, 0x68, 0x3e, 0x00, 0x00, 0x68, 0x3e, 0x00, 0x00, 0x60, 0x3e,
  0x00, 0x00, 0x60, 0x3e, 0x00, 0x00, 0x60, 0x3e, 0x00, 0x00, 0x58, 0x3e,
  0x00, 0x00, 0x58, 0x3e, 0x00, 0x00, 0x58, 0x3e, 0x00, 0x00, 0x58, 0x3e,
  0x00, 0x00, 0x58, 0x3e, 0x00, 0x00, 0x58, 0x3e, 0x00, 0x00, 0x58, 0x3e,
  0x00, 0x00, 0x58, 0x3e, 0x00, 0x00, 0x58, 0x3e, 0x00, 0x00, 0x58, 0x3e,
  0x00, 0x00, 0x60, 0x3e, 0x00, 0x00, 0x60, 0x3e, 0x00, 0x00, 0x60, 0x3e,
  0x00, 0x00, 0x68, 0x3e, 0x00, 0x00, 0x68, 0x3e, 0x00, 0x00, 0x70, 0x3e,
  0x00, 0x00, 0x70, 0x3e, 0x00, 0x00, 0x78, 0x3e, 0x00, 0x00, 0x80, 0x3e,
  0x00, 0x00, 0x84, 0x3e, 0x00, 0x00, 0x84, 0x3e, 0x00, 0x00, 0x88, 0x3e,
  0x00, 0x00, 0x8c, 0x3e, 0x00, 0x00, 0x90, 0x3e, 0x00, 0x00, 0x94, 0x3e,
  0x00, 0x00, 0x9c, 0x3e, 0x00, 0x00, 0xa0, 0x3e, 0x00, 0x00, 0xa4, 0x3e,
  0x00, 0x00, 0xa8, 0x3e, 0x00, 0x00, 0xb0, 0x3e, 0x00, 0x00, 0xb4, 0x3e,
  0x00, 0x00, 0xb8, 0x3e, 0x00, 0x00, 0xc0, 0x3e, 0x00, 0x00, 0xc4, 0x3e,
  0x00, 0x00, 0xcc, 0x3e, 0x00, 0x00, 0xd0, 0x3e, 0x00, 0x00, 0xd8, 0x3e,
  0x00, 0x00, 0xe0, 0x3e, 0x00, 0x00, 0xe4, 0x3e, 0x00, 0x00, 0xec, 0x3e,
  0x00, 0x00, 0xf4, 0x3e, 0x00, 0x00, 0xfc, 0x3e, 0x00, 0x00, 0x00, 0x3f,
  0x00, 0x00, 0x04, 0x3f, 0x00, 0x00, 0x08, 0x3f, 0x00, 0x00, 0x0c, 0x3f,
  0x00, 0x00, 0x10, 0x3f, 0x00, 0x00, 0x12, 0x3f, 0x00, 0x00, 0x16, 0x3f,
  0x00, 0x00, 0x1a, 0x3f, 0x00, 0x00, 0x1e, 0x3f, 0x00, 0x00, 0x22, 0x3f,
  0x00, 0x00, 0x26, 0x3f, 0x00, 0x00, 0x2a, 0x3f, 0x00, 0x00, 0x2e, 0x3f,
  0x00, 0x00, 0x30, 0x3f, 0x00, 0x00, 0x34, 0x3f, 0x00, 0x00, 0x38, 0x3f,
  0x00, 0x00, 0x3c, 0x3f, 0x00, 0x00, 0x40, 0x3f, 0x00, 0x00, 0x42, 0x3f,
  0x00, 0x00, 0x46, 0x3f, 0x00, 0x00, 0x4a, 0x3f, 0x00, 0x00, 0x4e, 0x3f,
  0x00, 0x00, 0x50, 0x3f, 0x00, 0x00, 0x54, 0x3f, 0x00, 0x00, 0x56, 0x3f,
  0x00, 0x00, 0x5a, 0x3f, 0x00, 0x00, 0x5c, 0x3f, 0x00, 0x00, 0x60, 0x3f,
  0x00, 0x00, 0x62, 0x3f, 0x00, 0x00, 0x66, 0x3f, 0x00, 0x00, 0x68, 0x3f,
  0x00, 0x00, 0x6a, 0x3f, 0x00, 0x00, 0x6c, 0x3f, 0x00, 0x00, 0x6e, 0x3f,
  0x00, 0x00, 0x70, 0x3f, 0x00, 0x00, 0x72, 0x3f, 0x00, 0x00, 0x74, 0x3f,
  0x00, 0x00, 0x76, 0x3f, 0x00, 0x00, 0x78, 0x3f, 0x00, 0x00, 0x78, 0x3f,
  0x00, 0x00, 0x7a, 0x3f, 0x00, 0x00, 0x7c, 0x3f, 0x00, 0x00, 0x7c, 0x3f,
  0x00, 0x00, 0x7c, 0x3f, 0x00, 0x00, 0x7e, 0x3f, 0x00, 0x00, 0x7e, 0x3f,
  0x00, 0x00, 0x7e, 0x3f, 0x00, 0x00, 0x7e, 0x3f, 0x00, 0x00, 0x7e, 0x3f,
  0x00, 0x00, 0x7e, 0x3f, 0x00, 0x00, 0x7e, 0x3f, 0x00, 0x00, 0x7c, 0x3f,
  0x00, 0x00, 0x7c, 0x3f, 0x00, 0x00, 0x7a, 0x3f, 0x00, 0x00, 0x7a, 0x3f,
  0x00, 0x00, 0x78, 0x3f, 0x00, 0x00, 0x76, 0x3f, 0x00, 0x00, 0x74, 0x3f,
  0x00, 0x00, 0x72, 0x3f, 0x00, 0x00, 0x70, 0x3f, 0x00, 0x00, 0x6e, 0x3f,
  0x00, 0x00, 0x6c, 0x3f, 0x00, 0x00, 0x6a, 0x3f, 0x00, 0x00, 0x66, 0x3f,
  0x00, 0x00, 0x64, 0x3f, 0x00, 0x00, 0x60, 0x3f, 0x00, 0x00, 0x5c, 0x3f,
  0x00, 0x00, 0x5a, 0x3f, 0x00, 0x00, 0x56, 0x3f, 0x00, 0x00, 0x52, 0x3f,
  0x00, 0x00, 0x4e, 0x3f, 0x00, 0x00, 0x4a, 0x3f, 0x00, 0x00, 0x44, 0x3f,
  0x00, 0x00, 0x40, 0x3f, 0x00, 0x00, 0x3c, 0x3f, 0x00, 0x00, 0x36, 0x3f,
  0x00, 0x00, 0x32, 0x3f, 0x00, 0x00, 0x2c, 0x3f, 0x00, 0x00, 0x28, 0x3f,
  0x00, 0x00, 0x22, 0x3f, 0x00, 0x00, 0x36, 0x3f, 0x00, 0x00, 0x30, 0x3f,
  0x00, 0x00, 0x28, 0x3f, 0x00, 0x00, 0x20, 0x3f, 0x00, 0x00, 0x18, 0x3f,
  0x00, 0x00, 0x10, 0x3f, 0x00, 0x00, 0x08, 0x3f, 0x00, 0x00, 0x00, 0x3f,
  0x00, 0x00, 0xec, 0x3e, 0x00, 0x00, 0xdc, 0x3e, 0x00, 0x00, 0xc8, 0x3e,
  0x00, 0x00, 0xb8, 0x3e, 0x00, 0x00, 0xa4, 0x3e, 0x00, 0x00, 0x90, 0x3e,
  0x00, 0x00, 0x78, 0x3e, 0x00, 0x00, 0x50, 0x3e, 0x00, 0x00, 0x28, 0x3e,
  0x00, 0x00, 0x00, 0x3e, 0x00, 0x00, 0xb0, 0x3d, 0x00, 0x00, 0x40, 0x3d,
  0x00, 0x00, 0x00, 0x3c, 0x00, 0x00, 0x00, 0xbd, 0x00, 0x00, 0x90, 0xbd,
  0x00, 0x00, 0xe0, 0xbd, 0x00, 0x00, 0x10, 0xbe, 0x00, 0x00, 0x38, 0xbe,
  0x00, 0x00, 0x60, 0xbe, 0x00, 0x00, 0x84, 0xbe, 0x00, 0x00, 0x98, 0xbe,
  0x00, 0x00, 0xa8, 0xbe, 0x00, 0x00, 0xbc, 0xbe, 0x00, 0x00, 0xcc, 0xbe,
  0x00, 0x00, 0xdc, 0xbe, 0x00, 0x00, 0xf0, 0xbe, 0x00, 0x00, 0x00, 0xbf,
  0x00, 0x00, 0x08, 0xbf, 0x00, 0x00, 0x0e, 0xbf, 0x00, 0x00, 0x16, 0xbf,
  0x00, 0x00, 0x1e, 0xbf, 0x00, 0x00, 0x24, 0xbf, 0x00, 0x00, 0x2a, 0xbf,
  0x00, 0x00, 0x30, 0xbf, 0x00, 0x00, 0x36, 0xbf, 0x00, 0x00, 0x3c, 0xbf,
  0x00, 0x00, 0x40, 0xbf, 0x00, 0x00, 0x46, 0xbf, 0x00, 0x00, 0x4a, 0xbf,
  0x00, 0x00, 0x4e, 0xbf, 0x00, 0x00, 0x52, 0xbf, 0x00, 0x00, 0x56, 0xbf,
  0x00, 0x00, 0x58, 0xbf, 0x00, 0x00, 0x5a, 0xbf, 0x00, 0x00, 0x5e, 0xbf,
  0x00, 0x00, 0x60, 0xbf, 0x00, 0x00, 0x60, 0xbf, 0x00, 0x00, 0x62, 0xbf,
  0x00, 0x00, 0x62, 0xbf, 0x00, 0x00, 0x62, 0xbf, 0x00, 0x00, 0x62, 0xbf,
  0x00, 0x00, 0x62, 0xbf, 0x00, 0x00, 0x62, 0xbf, 0x00, 0x00, 0x60, 0xbf,
  0x00, 0x00, 0x60, 0xbf, 0x00, 0x00, 0x5e, 0xbf, 0x00, 0x00, 0x5c, 0xbf,
  0x00, 0x00, 0x5a, 0xbf, 0x00, 0x00, 0x56, 0xbf, 0x00, 0x00, 0x54, 0xbf,
  0x00, 0x00, 0x50, 0xbf, 0x00, 0x00, 0x4c, 0xbf, 0x00, 0x00, 0x4a, 0xbf,
  0x00, 0x00, 0x46, 0xbf, 0x00, 0x00, 0x40, 0xbf, 0x00, 0x00, 0x3c, 0xbf,
  0x00, 0x00, 0x38, 0xbf, 0x00, 0x00, 0x32, 0xbf, 0x00, 0x00, 0x2e, 0xbf,
  0x00, 0x00, 0x28, 0xbf, 0x00, 0x00, 0x22, 0xbf, 0x00, 0x00, 0x1c, 0xbf,
  0x00, 0x00, 0x18, 0xbf, 0x00, 0x00, 0x12, 0xbf, 0x00, 0x00, 0x0c, 0xbf,
  0x00, 0x00, 0x04, 0xbf, 0x00, 0x00, 0xfc, 0xbe, 0x00, 0x00, 0xf0, 0xbe,
  0x00, 0x00, 0xe4, 0xbe, 0x00, 0x00, 0xd8, 0xbe, 0x00, 0x00, 0xcc, 0xbe,
  0x00, 0x00, 0xbc, 0xbe, 0x00, 0x00, 0xb0, 0xbe, 0x00, 0x00, 0xa4, 0xbe,
  0x00, 0x00, 0x98, 0xbe, 0x00, 0x00, 0x88, 0xbe, 0x00, 0x00, 0x78, 0xbe,
  0x00, 0x00, 0x60, 0xbe, 0x00, 0x00, 0x48, 0xbe, 0x00, 0x00, 0x28, 0xbe,
  0x00, 0x00, 0x10, 0xbe, 0x00, 0x00, 0xf0, 0xbd, 0x00, 0x00, 0xc0, 0xbd,
  0x00, 0x00, 0x90, 0xbd, 0x00, 0x00, 0x40, 0xbd, 0x00, 0x00, 0x00, 0xbd,
  0x00, 0x00, 0x00, 0xbc, 0x00, 0x00, 0x80, 0x3c, 0x00, 0x00, 0x20, 0x3d,
  0x00, 0x00, 0x60, 0x3d, 0x00, 0x00, 0xa0, 0x3d, 0x00, 0x00, 0xc0, 0x3d,
  0x00, 0x00, 0xe0, 0x3d, 0x00, 0x00, 0x08, 0x3e, 0x00, 0x00, 0x18, 0x3e,
  0x00, 0x00, 0x28, 0x3e, 0x00, 0x00, 0x38, 0x3e, 0x00, 0x00, 0x48, 0x3e,
  0x00, 0x00, 0x50, 0x3e, 0x00, 0x00, 0x60, 0x3e, 0x00, 0x00, 0x70, 0x3e,
  0x00, 0x00, 0x78, 0x3e, 0x00, 0x00, 0x84, 0x3e, 0x00, 0x00, 0x88, 0x3e,
  0x00, 0x00, 0x8c, 0x3e, 0x00, 0x00, 0x90, 0x3e, 0x00, 0x00, 0x94, 0x3e,
  0x00, 0x00, 0x98, 0x3e, 0x00, 0x00, 0x9c, 0x3e, 0x00, 0x00, 0xa0, 0x3e,
  0x00, 0x00, 0xa4, 0x3e, 0x00, 0x00, 0xa4, 0x3e, 0x00, 0x00, 0xa8, 0x3e,
  0x00, 0x00, 0xa8, 0x3e, 0x00, 0x00, 0xac, 0x3e, 0x00, 0x00, 0xac, 0x3e,
  0x00, 0x00, 0xac, 0x3e, 0x00, 0x00, 0xac, 0x3e, 0x00, 0x00, 0xac, 0x3e,
  0x00, 0x00, 0xac, 0x3e, 0x00, 0x00, 0xac, 0x3e, 0x00, 0x00, 0xac, 0x3e,
  0x00, 0x00, 0xac, 0x3e, 0x00, 0x00, 0xa8, 0x3e, 0x00, 0x00, 0xa8, 0x3e,
  0x00, 0x00, 0xa8, 0x3e, 0x00, 0x00, 0xa4, 0x3e, 0x00, 0x00, 0xa4, 0x3e,
  0x00, 0x00, 0xa0, 0x3e, 0x00, 0x00, 0xa0, 0x3e, 0x00, 0x00, 0x9c, 0x3e,
  0x00, 0x00, 0x9c, 0x3e, 0x00, 0x00, 0x98, 0x3e, 0x00, 0x00, 0x94, 0x3e,
  0x00, 0x00, 0x94, 0x3e, 0x00, 0x00, 0x90, 0x3e, 0x00, 0x00, 0x8c, 0x3e,
  0x00, 0x00, 0x8c, 0x3e, 0x00, 0x00, 0x88, 0x3e, 0x00, 0x00, 0x84, 0x3e,
  0x00, 0x00, 0x80, 0x3e, 0x00, 0x00, 0x80, 0x3e, 0x00, 0x00, 0x78, 0x3e,
  0x00, 0x00, 0x70, 0x3e, 0x00, 0x00, 0x70, 0x3e, 0x00, 0x00, 0x68, 0x3e,
  0x00, 0x00, 0x60, 0x3e, 0x00, 0x00, 0x58, 0x3e, 0x00, 0x00, 0x58, 0x3e,
  0x00, 0x00, 0x50, 0x3e, 0x00, 0x00, 0x50, 0x3e, 0x00, 0x00, 0x48, 0x3e,
  0x00, 0x00, 0x40, 0x3e, 0x00, 0x00, 0x40, 0x3e, 0x00, 0x00, 0x38, 0x3e,
  0x00, 0x00, 0x38, 0x3e, 0x00, 0x00, 0x38, 0x3e, 0x00, 0x00, 0x30, 0x3e,
  0x00, 0x00, 0x30, 0x3e, 0x00, 0x00, 0x30, 0x3e, 0x00, 0x00, 0x28, 0x3e,
  0x00, 0x00, 0x28, 0x3e, 0x00, 0x00, 0x28, 0x3e, 0x00, 0x00, 0x28, 0x3e,
  0x00, 0x00, 0x28, 0x3e, 0x00, 0x00, 0x20, 0x3e, 0x00, 0x00, 0x20, 0x3e,
  0x00, 0x00, 0x20, 0x3e, 0x00, 0x00, 0x28, 0x3e, 0x00, 0x00, 0x28, 0x3e,
  0x00, 0x00, 0x28, 0x3e, 0x00, 0x00, 0x28, 0x3e, 0x00, 0x00, 0x28, 0x3e,
  0x00, 0x00, 0x28, 0x3e, 0x00, 0x00, 0x30, 0x3e, 0x00, 0x00, 0x30, 0x3e,
  0x00, 0x00, 0x30, 0x3e, 0x00, 0x00, 0x38, 0x3e, 0x00, 0x00, 0x38, 0x3e,
  0x00, 0x00, 0x40, 0x3e, 0x00, 0x00, 0x40, 0x3e, 0x00, 0x00, 0x40, 0x3e,
  0x00, 0x00, 0x48, 0x3e, 0x00, 0x00, 0x48, 0x3e, 0x00, 0x00, 0x50, 0x3e,
  0x00, 0x00, 0x58, 0x3e, 0x00, 0x00, 0x58, 0x3e, 0x00, 0x00, 0x60, 0x3e,
  0x00, 0x00, 0x60, 0x3e, 0x00, 0x00, 0x68, 0x3e, 0x00, 0x00, 0x70, 0x3e,
  0x00, 0x00, 0x70, 0x3e, 0x00, 0x00, 0x78, 0x3e, 0x00, 0x00, 0x78, 0x3e,
  0x00, 0x00, 0x80, 0x3e, 0x00, 0x00, 0x80, 0x3e, 0x00, 0x00, 0x84, 0x3e,
  0x00, 0x00, 0x84, 0x3e, 0x00, 0x00, 0x88, 0x3e, 0x00, 0x00, 0x88, 0x3e,
  0x00, 0x00, 0x8c, 0x3e, 0x00, 0x00, 0x8c, 0x3e, 0x00, 0x00, 0x90, 0x3e,
  0x00, 0x00, 0x90, 0x3e, 0x00, 0x00, 0x90, 0x3e, 0x00, 0x00, 0x94, 0x3e,
  0x00, 0x00, 0x94, 0x3e, 0x00, 0x00, 0x94, 0x3e, 0x00, 0x00, 0x94, 0x3e,
  0x00, 0x00, 0x94, 0x3e, 0x00, 0x00, 0x94, 0x3e, 0x00, 0x00, 0x94, 0x3e,
  0x00, 0x00, 0x94, 0x3e, 0x00, 0x00, 0x94, 0x3e, 0x00, 0x00, 0x90, 0x3e,
  0x00, 0x00, 0x90, 0x3e, 0x00, 0x00, 0x8c, 0x3e, 0x00, 0x00, 0x8c, 0x3e,
  0x00, 0x00, 0x88, 0x3e, 0x00, 0x00, 0x88, 0x3e, 0x00, 0x00, 0x84, 0x3e,
  0x00, 0x00, 0x80, 0x3e, 0x00, 0x00, 0x78, 0x3e, 0x00, 0x00, 0x70, 0x3e,
  0x00, 0x00, 0x68, 0x3e, 0x00, 0x00, 0x60, 0x3e, 0x00, 0x00, 0x58, 0x3e,
  0x00, 0x00, 0x50, 0x3e, 0x00, 0x00, 0x40, 0x3e, 0x00, 0x00, 0x38, 0x3e,
  0x00, 0x00, 0x28, 0x3e, 0x00, 0x00, 0x20, 0x3e, 0x00, 0x00, 0x10, 0x3e,
  0x00, 0x00, 0x00, 0x3e, 0x00, 0x00, 0xe0, 0x3d, 0x00, 0x00, 0xc0, 0x3d,
  0x00, 0x00, 0xa0, 0x3d, 0x00, 0x00, 0x80, 0x3d, 0x00, 0x00, 0x40, 0x3d,
  0x00, 0x00, 0x00, 0x3d, 0x00, 0x00, 0x80, 0x3c, 0x00, 0x00, 0x00, 0xbc,
  0x00, 0x00, 0xc0, 0xbc, 0x00, 0x00, 0x20, 0xbd, 0x00, 0x00, 0x80, 0xbd,
  0x00, 0x00, 0xa0, 0xbd, 0x00, 0x00, 0xd0, 0xbd, 0x00, 0x00, 0xf0, 0xbd,
  0x00, 0x00, 0x10, 0xbe, 0x00, 0x00, 0x28, 0xbe, 0x00, 0x00, 0x38, 0xbe,
  0x00, 0x00, 0x50, 0xbe, 0x00, 0x00, 0x60, 0xbe, 0x00, 0x00, 0x78, 0xbe,
  0x00, 0x00, 0x88, 0xbe, 0x00, 0x00, 0x90, 0xbe, 0x00, 0x00, 0x9c, 0xbe,
  0x00, 0x00, 0xa8, 0xbe, 0x00, 0x00, 0xb0, 0xbe, 0x00, 0x00, 0xbc, 0xbe,
  0x00, 0x00, 0xc4, 0xbe, 0x00, 0x00, 0xd0, 0xbe, 0x00, 0x00, 0xd8, 0xbe,
  0x00, 0x00, 0xe0, 0xbe, 0x00, 0x00, 0xec, 0xbe, 0x00, 0x00, 0xf4, 0xbe,
  0x00, 0x00, 0xfc, 0xbe, 0x00, 0x00, 0x02, 0xbf, 0x00, 0x00, 0x06, 0xbf,
  0x00, 0x00, 0x0a, 0xbf, 0x00, 0x00, 0x0e, 0xbf, 0x00, 0x00, 0x12, 0xbf,
  0x00, 0x00, 0x14, 0xbf, 0x00, 0x00, 0x18, 0xbf, 0x00, 0x00, 0x1a, 0xbf,
  0x00, 0x00, 0x1c, 0xbf, 0x00, 0x00, 0x1e, 0xbf, 0x00, 0x00, 0x20, 0xbf,
  0x00, 0x00, 0x22, 0xbf, 0x00, 0x00, 0x24, 0xbf, 0x00, 0x00, 0x26, 0xbf,
  0x00, 0x00, 0x26, 0xbf, 0x00, 0x00, 0x28, 0xbf, 0x00, 0x00, 0x28, 0xbf,
  0x00, 0x00, 0x28, 0xbf, 0x00, 0x00, 0x28, 0xbf, 0x00, 0x00, 0x26, 0xbf,
  0x00, 0x00, 0x26, 0xbf, 0x00, 0x00, 0x24, 0xbf, 0x00, 0x00, 0x24, 0xbf,
  0x00, 0x00, 0x22, 0xbf, 0x00, 0x00, 0x20, 0xbf, 0x00, 0x00, 0x1e, 0xbf,
  0x00, 0x00, 0x1a, 0xbf, 0x00, 0x00, 0x18, 0xbf, 0x00, 0x00, 0x14, 0xbf,
  0x00, 0x00, 0x12, 0xbf, 0x00, 0x00, 0x0e, 0xbf, 0x00, 0x00, 0x0a, 0xbf,
  0x00, 0x00, 0x06, 0xbf, 0x00, 0x00, 0x00, 0xbf, 0x00, 0x00, 0xf8, 0xbe,
  0x00, 0x00, 0xec, 0xbe, 0x00, 0x00, 0xe4, 0xbe, 0x00, 0x00, 0xd8, 0xbe,
  0x00, 0x00, 0xcc, 0xbe, 0x00, 0x00, 0xc0, 0xbe, 0x00, 0x00, 0xb4, 0xbe,
  0x00, 0x00, 0xa8, 0xbe, 0x00, 0x00, 0x9c, 0xbe, 0x00, 0x00, 0x90, 0xbe,
  0x00, 0x00, 0x80, 0xbe, 0x00, 0x00, 0x68, 0xbe, 0x00, 0x00, 0x48, 0xbe,
  0x00, 0x00, 0x30, 0xbe, 0x00, 0x00, 0x10, 0xbe, 0x00, 0x00, 0xf0, 0xbd,
  0x00, 0x00, 0xb0, 0xbd, 0x00, 0x00, 0x60, 0xbd, 0x00, 0x00, 0x00, 0xbd,
  0x00, 0x00, 0x00, 0x00, 0x00, 0x00, 0x00, 0x3d, 0x00, 0x00, 0x60, 0x3d,
  0x00, 0x00, 0xb0, 0x3d, 0x00, 0x00, 0xf0, 0x3d, 0x00, 0x00, 0x10, 0x3e,
  0x00, 0x00, 0x30, 0x3e, 0x00, 0x00, 0x48, 0x3e, 0x00, 0x00, 0x60, 0x3e,
  0x00, 0x00, 0x80, 0x3e, 0x00, 0x00, 0x8c, 0x3e, 0x00, 0x00, 0x98, 0x3e,
  0x00, 0x00, 0xa4, 0x3e, 0x00, 0x00, 0xb0, 0x3e, 0x00, 0x00, 0xbc, 0x3e,
  0x00, 0x00, 0xc8, 0x3e, 0x00, 0x00, 0xd0, 0x3e, 0x00, 0x00, 0xdc, 0x3e,
  0x00, 0x00, 0xe4, 0x3e, 0x00, 0x00, 0xf0, 0x3e, 0x00, 0x00, 0xf8, 0x3e,
  0x00, 0x00, 0x00, 0x3f, 0x00, 0x00, 0x02, 0x3f, 0x00, 0x00, 0x06, 0x3f,
  0x00, 0x00, 0x0a, 0x3f, 0x00, 0x00, 0x0c, 0x3f, 0x00, 0x00, 0x0e, 0x3f,
  0x00, 0x00, 0x10, 0x3f, 0x00, 0x00, 0x12, 0x3f, 0x00, 0x00, 0x14, 0x3f,
  0x00, 0x00, 0x14, 0x3f, 0x00, 0x00, 0x16, 0x3f, 0x00, 0x00, 0x16, 0x3f,
  0x00, 0x00, 0x16, 0x3f, 0x00, 0x00, 0x16, 0x3f, 0x00, 0x00, 0x16, 0x3f,
  0x00, 0x00, 0x14, 0x3f, 0x00, 0x00, 0x14, 0x3f, 0x00, 0x00, 0x12, 0x3f,
  0x00, 0x00, 0x10, 0x3f, 0x00, 0x00, 0x0e, 0x3f, 0x00, 0x00, 0x0c, 0x3f,
  0x00, 0x00, 0x0a, 0x3f, 0x00, 0x00, 0x06, 0x3f, 0x00, 0x00, 0x04, 0x3f,
  0x00, 0x00, 0x00, 0x3f, 0x00, 0x00, 0xf8, 0x3e, 0x00, 0x00, 0xf4, 0x3e,
  0x00, 0x00, 0xec, 0x3e, 0x00, 0x00, 0xe0, 0x3e, 0x00, 0x00, 0xd8, 0x3e,
  0x00, 0x00, 0xd0, 0x3e, 0x00, 0x00, 0xc8, 0x3e, 0x00, 0x00, 0xbc, 0x3e,
  0x00, 0x00, 0xb4, 0x3e, 0x00, 0x00, 0xa8, 0x3e, 0x00, 0x00, 0xa0, 0x3e,
  0x00, 0x00, 0x94, 0x3e, 0x00, 0x00, 0x88, 0x3e, 0x00, 0x00, 0x80, 0x3e,
  0x00, 0x00, 0x68, 0x3e, 0x00, 0x00, 0x50, 0x3e, 0x00, 0x00, 0x40, 0x3e,
  0x00, 0x00, 0x28, 0x3e, 0x00, 0x00, 0x10, 0x3e, 0x00, 0x00, 0x00, 0x3e,
  0x00, 0x00, 0xd0, 0x3d, 0x00, 0x00, 0xa0, 0x3d, 0x00, 0x00, 0x80, 0x3d,
  0x00, 0x00, 0x20, 0x3d, 0x00, 0x00, 0xc0, 0x3c, 0x00, 0x00, 0x00, 0x3c,
  0x00, 0x00, 0x80, 0xbc, 0x00, 0x00, 0x00, 0xbd, 0x00, 0x00, 0x40, 0xbd,
  0x00, 0x00, 0x80, 0xbd, 0x00, 0x00, 0xa0, 0xbd, 0x00, 0x00, 0xc0, 0xbd,
  0x00, 0x00, 0xd0, 0xbd, 0x00, 0x00, 0xf0, 0xbd, 0x00, 0x00, 0x00, 0xbe,
  0x00, 0x00, 0x10, 0xbe, 0x00, 0x00, 0x18, 0xbe, 0x00, 0x00, 0x20, 0xbe,
  0x00, 0x00, 0x28, 0xbe, 0x00, 0x00, 0x30, 0xbe, 0x00, 0x00, 0x30, 0xbe,
  0x00, 0x00, 0x38, 0xbe, 0x00, 0x00, 0x38, 0xbe, 0x00, 0x00, 0x40, 0xbe,
  0x00, 0x00, 0x40, 0xbe, 0x00, 0x00, 0x40, 0xbe, 0x00, 0x00, 0x40, 0xbe,
  0x00, 0x00, 0x40, 0xbe, 0x00, 0x00, 0x38, 0xbe, 0x00, 0x00, 0x38, 0xbe,
  0x00, 0x00, 0x30, 0xbe, 0x00, 0x00, 0x28, 0xbe, 0x00, 0x00, 0x28, 0xbe,
  0x00, 0x00, 0x20, 0xbe, 0x00, 0x00, 0x18, 0xbe, 0x00, 0x00, 0x08, 0xbe,
  0x00, 0x00, 0x00, 0xbe, 0x00, 0x00, 0xf0, 0xbd, 0x00, 0x00, 0xd0, 0xbd,
  0x00, 0x00, 0xc0, 0xbd, 0x00, 0x00, 0xa0, 0xbd, 0x00, 0x00, 0x90, 0xbd,
  0x00, 0x00, 0x60, 0xbd, 0x00, 0x00, 0x20, 0xbd, 0x00, 0x00, 0xc0, 0xbc,
  0x00, 0x00, 0x00, 0xbc, 0x00, 0x00, 0x00, 0x3c, 0x00, 0x00, 0xc0, 0x3c,
  0x00, 0x00, 0x20, 0x3d, 0x00, 0x00, 0x60, 0x3d, 0x00, 0x00, 0x90, 0x3d,
  0x00, 0x00, 0xb0, 0x3d, 0x00, 0x00, 0xd0, 0x3d, 0x00, 0x00, 0xf0, 0x3d,
  0x00, 0x00, 0x08, 0x3e, 0x00, 0x00, 0x18, 0x3e, 0x00, 0x00, 0x28, 0x3e,
  0x00, 0x00, 0x38, 0x3e, 0x00, 0x00, 0x40, 0x3e, 0x00, 0x00, 0x50, 0x3e,
  0x00, 0x00, 0x60, 0x3e, 0x00, 0x00, 0x70, 0x3e, 0x00, 0x00, 0x78, 0x3e,
  0x00, 0x00, 0x84, 0x3e, 0x00, 0x00, 0x88, 0x3e, 0x00, 0x00, 0x8c, 0x3e,
  0x00, 0x00, 0x94, 0x3e, 0x00, 0x00, 0x98, 0x3e, 0x00, 0x00, 0x9c, 0x3e,
  0x00, 0x00, 0xa0, 0x3e, 0x00, 0x00, 0xa4, 0x3e, 0x00, 0x00, 0xa4, 0x3e,
  0x00, 0x00, 0xa8, 0x3e, 0x00, 0x00, 0xac, 0x3e, 0x00, 0x00, 0xac, 0x3e,
  0x00, 0x00, 0xac, 0x3e, 0x00, 0x00, 0xac, 0x3e, 0x00, 0x00, 0xac, 0x3e,
  0x00, 0x00, 0xac, 0x3e, 0x00, 0x00, 0xac, 0x3e, 0x00, 0x00, 0xac, 0x3e,
  0x00, 0x00, 0xa8, 0x3e, 0x00, 0x00, 0xa8, 0x3e, 0x00, 0x00, 0xa4, 0x3e,
  0x00, 0x00, 0xa0, 0x3e, 0x00, 0x00, 0x9c, 0x3e, 0x00, 0x00, 0x98, 0x3e,
  0x00, 0x00, 0x94, 0x3e, 0x00, 0x00, 0x90, 0x3e, 0x00, 0x00, 0x8c, 0x3e,
  0x00, 0x00, 0x84, 0x3e, 0x00, 0x00, 0x80, 0x3e, 0x00, 0x00, 0x70, 0x3e,
  0x00, 0x00, 0x60, 0x3e, 0x00, 0x00, 0x58, 0x3e, 0x00, 0x00, 0x48, 0x3e,
  0x00, 0x00, 0x38, 0x3e, 0x00, 0x00, 0x28, 0x3e, 0x00, 0x00, 0x18, 0x3e,
  0x00, 0x00, 0x08, 0x3e, 0x00, 0x00, 0xe0, 0x3d, 0x00, 0x00, 0xc0, 0x3d,
  0x00, 0x00, 0xa0, 0x3d, 0x00, 0x00, 0x80, 0x3d, 0x00, 0x00, 0x20, 0x3d,
  0x00, 0x00, 0xc0, 0x3c, 0x00, 0x00, 0x00, 0x3c, 0x00, 0x00, 0x80, 0xbc,
  0x00, 0x00, 0x00, 0xbd, 0x00, 0x00, 0x60, 0xbd, 0x00, 0x00, 0x90, 0xbd,
  0x00, 0x00, 0xb0, 0xbd, 0x00, 0x00, 0xe0, 0xbd, 0x00, 0x00, 0x00, 0xbe,
  0x00, 0x00, 0x10, 0xbe, 0x00, 0x00, 0x28, 0xbe, 0x00, 0x00, 0x38, 0xbe,
  0x00, 0x00, 0x48, 0xbe, 0x00, 0x00, 0x58, 0xbe, 0x00, 0x00, 0x68, 0xbe,
  0x00, 0x00, 0x78, 0xbe, 0x00, 0x00, 0x84, 0xbe, 0x00, 0x00, 0x8c, 0xbe,
  0x00, 0x00, 0x94, 0xbe, 0x00, 0x00, 0x9c, 0xbe, 0x00, 0x00, 0xa4, 0xbe,
  0x00, 0x00, 0xa8, 0xbe, 0x00, 0x00, 0xb0, 0xbe, 0x00, 0x00, 0xb8, 0xbe,
  0x00, 0x00, 0xbc, 0xbe, 0x00, 0x00, 0xc0, 0xbe, 0x00, 0x00, 0xc8, 0xbe,
  0x00, 0x00, 0xcc, 0xbe, 0x00, 0x00, 0xd0, 0xbe, 0x00, 0x00, 0xd4, 0xbe,
  0x00, 0x00, 0xd8, 0xbe, 0x00, 0x00, 0xdc, 0xbe, 0x00, 0x00, 0xe0, 0xbe,
  0x00, 0x00, 0xe4, 0xbe, 0x00, 0x00, 0xe8, 0xbe, 0x00, 0x00, 0xec, 0xbe,
  0x00, 0x00, 0xec, 0xbe, 0x00, 0x00, 0xf0, 0xbe, 0x00, 0x00, 0xf0, 0xbe,
  0x00, 0x00, 0xf4, 0xbe, 0x00, 0x00, 0xf4, 0xbe, 0x00, 0x00, 0xf4, 0xbe,
  0x00, 0x00, 0xf8, 0xbe, 0x00, 0x00, 0xf8, 0xbe, 0x00, 0x00, 0xf8, 0xbe,
  0x00, 0x00, 0xf8, 0xbe, 0x00, 0x00, 0xf8, 0xbe, 0x00, 0x00, 0xfc, 0xbe,
  0x00, 0x00, 0xfc, 0xbe, 0x00, 0x00, 0xfc, 0xbe, 0x00, 0x00, 0xfc, 0xbe,
  0x00, 0x00, 0xfc, 0xbe, 0x00, 0x00, 0xfc, 0xbe, 0x00, 0x00, 0xf8, 0xbe,
  0x00, 0x00, 0xf8, 0xbe, 0x00, 0x00, 0xf8, 0xbe, 0x00, 0x00, 0xf8, 0xbe,
  0x00, 0x00, 0xf8, 0xbe, 0x00, 0x00, 0xf8, 0xbe, 0x00, 0x00, 0xf8, 0xbe,
  0x00, 0x00, 0xf8, 0xbe, 0x00, 0x00, 0xf8, 0xbe, 0x00, 0x00, 0xf8, 0xbe,
  0x00, 0x00, 0xf8, 0xbe, 0x00, 0x00, 0xf8, 0xbe, 0x00, 0x00, 0xf8, 0xbe,
  0x00, 0x00, 0xf8, 0xbe, 0x00, 0x00, 0xf4, 0xbe, 0x00, 0x00, 0xf4, 0xbe,
  0x00, 0x00, 0xf4, 0xbe, 0x00, 0x00, 0xf4, 0xbe, 0x00, 0x00, 0xf4, 0xbe,
  0x00, 0x00, 0xf4, 0xbe, 0x00, 0x00, 0xf8, 0xbe, 0x00, 0x00, 0xf8, 0xbe,
  0x00, 0x00, 0xf8, 0xbe, 0x00, 0x00, 0xf8, 0xbe, 0x00, 0x00, 0xf8, 0xbe,
  0x00, 0x00, 0xf8, 0xbe, 0x00, 0x00, 0xf8, 0xbe, 0x00, 0x00, 0xf8, 0xbe,
  0x00, 0x00, 0xf8, 0xbe, 0x00, 0x00, 0xf8, 0xbe, 0x00, 0x00, 0xf8, 0xbe,
  0x00, 0x00, 0xf8, 0xbe, 0x00, 0x00, 0xf8, 0xbe, 0x00, 0x00, 0xf8, 0xbe,
  0x00, 0x00, 0xf8, 0xbe, 0x00, 0x00, 0xf4, 0xbe, 0x00, 0x00, 0xf4, 0xbe,
  0x00, 0x00, 0xf4, 0xbe, 0x00, 0x00, 0xf4, 0xbe, 0x00, 0x00, 0xf4, 0xbe,
  0x00, 0x00, 0xf0, 0xbe, 0x00, 0x00, 0xf0, 0xbe, 0x00, 0x00, 0xec, 0xbe,
  0x00, 0x00, 0xec, 0xbe, 0x00, 0x00, 0xe8, 0xbe, 0x00, 0x00, 0xe4, 0xbe,
  0x00, 0x00, 0xe4, 0xbe, 0x00, 0x00, 0xe0, 0xbe, 0x00, 0x00, 0xdc, 0xbe,
  0x00, 0x00, 0xd8, 0xbe, 0x00, 0x00, 0xd4, 0xbe, 0x00, 0x00, 0xcc, 0xbe,
  0x00, 0x00, 0xc8, 0xbe, 0x00, 0x00, 0xc4, 0xbe, 0x00, 0x00, 0xbc, 0xbe,
  0x00, 0x00, 0xb4, 0xbe, 0x00, 0x00, 0xb0, 0xbe, 0x00, 0x00, 0xa8, 0xbe,
  0x00, 0x00, 0xa0, 0xbe, 0x00, 0x00, 0x98, 0xbe, 0x00, 0x00, 0x90, 0xbe,
  0x00, 0x00, 0x84, 0xbe, 0x00, 0x00, 0x78, 0xbe, 0x00, 0x00, 0x60, 0xbe,
  0x00, 0x00, 0x50, 0xbe, 0x00, 0x00, 0x38, 0xbe, 0x00, 0x00, 0x20, 0xbe,
  0x00, 0x00, 0x08, 0xbe, 0x00, 0x00, 0xe0, 0xbd, 0x00, 0x00, 0xb0, 0xbd,
  0x00, 0x00, 0x80, 0xbd, 0x00, 0x00, 0x00, 0xbd, 0x00, 0x00, 0x00, 0xbc,
  0x00, 0x00, 0xc0, 0x3c, 0x00, 0x00, 0x40, 0x3d, 0x00, 0x00, 0xa0, 0x3d,
  0x00, 0x00, 0xe0, 0x3d, 0x00, 0x00, 0x10, 0x3e, 0x00, 0x00, 0x28, 0x3e,
  0x00, 0x00, 0x48, 0x3e, 0x00, 0x00, 0x68, 0x3e, 0x00, 0x00, 0x84, 0x3e,
  0x00, 0x00, 0x94, 0x3e, 0x00, 0x00, 0xa4, 0x3e, 0x00, 0x00, 0xb4, 0x3e,
  0x00, 0x00, 0xc4, 0x3e, 0x00, 0x00, 0xd4, 0x3e, 0x00, 0x00, 0xe4, 0x3e,
  0x00, 0x00, 0xf4, 0x3e, 0x00, 0x00, 0x02, 0x3f, 0x00, 0x00, 0x0a, 0x3f,
  0x00, 0x00, 0x12, 0x3f, 0x00, 0x00, 0x1a, 0x3f, 0x00, 0x00, 0x22, 0x3f,
  0x00, 0x00, 0x28, 0x3f, 0x00, 0x00, 0x30, 0x3f, 0x00, 0x00, 0x36, 0x3f,
  0x00, 0x00, 0x3c, 0x3f, 0x00, 0x00, 0x44, 0x3f, 0x00, 0x00, 0x4a, 0x3f,
  0x00, 0x00, 0x50, 0x3f, 0x00, 0x00, 0x56, 0x3f, 0x00, 0x00, 0x5a, 0x3f,
  0x00, 0x00, 0x60, 0x3f, 0x00, 0x00, 0x64, 0x3f, 0x00, 0x00, 0x68, 0x3f,
  0x00, 0x00, 0x6c, 0x3f, 0x00, 0x00, 0x70, 0x3f, 0x00, 0x00, 0x74, 0x3f,
  0x00, 0x00, 0x76, 0x3f, 0x00, 0x00, 0x78, 0x3f, 0x00, 0x00, 0x7a, 0x3f,
  0x00, 0x00, 0x7c, 0x3f, 0x00, 0x00, 0x7e, 0x3f, 0x00, 0x00, 0x7e, 0x3f,
  0x00, 0x00, 0x7e, 0x3f, 0x00, 0x00, 0x7e, 0x3f, 0x00, 0x00, 0x7e, 0x3f,
  0x00, 0x00, 0x7c, 0x3f, 0x00, 0x00, 0x7a, 0x3f, 0x00, 0x00, 0x78, 0x3f,
  0x00, 0x00, 0x76, 0x3f, 0x00, 0x00, 0x74, 0x3f, 0x00, 0x00, 0x70, 0x3f,
  0x00, 0x00, 0x6c, 0x3f, 0x00, 0x00, 0x68, 0x3f, 0x00, 0x00, 0x64, 0x3f,
  0x00, 0x00, 0x5e, 0x3f, 0x00, 0x00, 0x58, 0x3f, 0x00, 0x00, 0x52, 0x3f,
  0x00, 0x00, 0x4c, 0x3f, 0x00, 0x00, 0x46, 0x3f, 0x00, 0x00, 0x3e, 0x3f,
  0x00, 0x00, 0x38, 0x3f, 0x00, 0x00, 0x30, 0x3f, 0x00, 0x00, 0x28, 0x3f,
  0x00, 0x00, 0x20, 0x3f, 0x00, 0x00, 0x18, 0x3f, 0x00, 0x00, 0x0e, 0x3f,
  0x00, 0x00, 0x06, 0x3f, 0x00, 0x00, 0xf8, 0x3e, 0x00, 0x00, 0xe8, 0x3e,
  0x00, 0x00, 0xd4, 0x3e, 0x00, 0x00, 0xc0, 0x3e, 0x00, 0x00, 0xac, 0x3e,
  0x00, 0x00, 0x98, 0x3e, 0x00, 0x00, 0x84, 0x3e, 0x00, 0x00, 0x60, 0x3e,
  0x00, 0x00, 0x38, 0x3e, 0x00, 0x00, 0x10, 0x3e, 0x00, 0x00, 0xd0, 0x3d,
  0x00, 0x00, 0x80, 0x3d, 0x00, 0x00, 0xc0, 0x3c, 0x00, 0x00, 0x00, 0xbc,
  0x00, 0x00, 0x40, 0xbd, 0x00, 0x00, 0xb0, 0xbd, 0x00, 0x00, 0x00, 0xbe,
  0x00, 0x00, 0x20, 0xbe, 0x00, 0x00, 0x40, 0xbe, 0x00, 0x00, 0x68, 0xbe,
  0x00, 0x00, 0x84, 0xbe, 0x00, 0x00, 0x94, 0xbe, 0x00, 0x00, 0xa4, 0xbe,
  0x00, 0x00, 0xb0, 0xbe, 0x00, 0x00, 0xc0, 0xbe, 0x00, 0x00, 0xcc, 0xbe,
  0x00, 0x00, 0xd8, 0xbe, 0x00, 0x00, 0xe4, 0xbe, 0x00, 0x00, 0xf0, 0xbe,
  0x00, 0x00, 0xf8, 0xbe, 0x00, 0x00, 0x02, 0xbf, 0x00, 0x00, 0x06, 0xbf,
  0x00, 0x00, 0x08, 0xbf, 0x00, 0x00, 0x0c, 0xbf, 0x00, 0x00, 0x0e, 0xbf,
  0x00, 0x00, 0x10, 0xbf, 0x00, 0x00, 0x12, 0xbf, 0x00, 0x00, 0x14, 0xbf,
  0x00, 0x00, 0x14, 0xbf, 0x00, 0x00, 0x14, 0xbf, 0x00, 0x00, 0x14, 0xbf,
  0x00, 0x00, 0x14, 0xbf, 0x00, 0x00, 0x12, 0xbf, 0x00, 0x00, 0x10, 0xbf,
  0x00, 0x00, 0x0e, 0xbf, 0x00, 0x00, 0x0c, 0xbf, 0x00, 0x00, 0x08, 0xbf,
  0x00, 0x00, 0x06, 0xbf, 0x00, 0x00, 0x00, 0xbf, 0x00, 0x00, 0xf8, 0xbe,
  0x00, 0x00, 0xf0, 0xbe, 0x00, 0x00, 0xe4, 0xbe, 0x00, 0x00, 0xd8, 0xbe,
  0x00, 0x00, 0xcc, 0xbe, 0x00, 0x00, 0xc0, 0xbe, 0x00, 0x00, 0xb4, 0xbe,
  0x00, 0x00, 0xa4, 0xbe, 0x00, 0x00, 0x94, 0xbe, 0x00, 0x00, 0x88, 0xbe,
  0x00, 0x00, 0x70, 0xbe, 0x00, 0x00, 0x50, 0xbe, 0x00, 0x00, 0x28, 0xbe,
  0x00, 0x00, 0x08, 0xbe, 0x00, 0x00, 0xd0, 0xbd, 0x00, 0x00, 0x80, 0xbd,
  0x00, 0x00, 0x00, 0xbd, 0x00, 0x00, 0x00, 0x00, 0x00, 0x00, 0x20, 0x3d,
  0x00, 0x00, 0xa0, 0x3d, 0x00, 0x00, 0xe0, 0x3d, 0x00, 0x00, 0x18, 0x3e,
  0x00, 0x00, 0x38, 0x3e, 0x00, 0x00, 0x60, 0x3e, 0x00, 0x00, 0x80, 0x3e,
  0x00, 0x00, 0x94, 0x3e, 0x00, 0x00, 0xa4, 0x3e, 0x00, 0x00, 0xb4, 0x3e,
  0x00, 0x00, 0xc4, 0x3e, 0x00, 0x00, 0xd8, 0x3e, 0x00, 0x00, 0xe8, 0x3e,
  0x00, 0x00, 0xf4, 0x3e, 0x00, 0x00, 0x02, 0x3f, 0x00, 0x00, 0x0a, 0x3f,
  0x00, 0x00, 0x10, 0x3f, 0x00, 0x00, 0x18, 0x3f, 0x00, 0x00, 0x1e, 0x3f,
  0x00, 0x00, 0x24, 0x3f, 0x00, 0x00, 0x2a, 0x3f, 0x00, 0x00, 0x2e, 0x3f,
  0x00, 0x00, 0x34, 0x3f, 0x00, 0x00, 0x38, 0x3f, 0x00, 0x00, 0x3c, 0x3f,
  0x00, 0x00, 0x40, 0x3f, 0x00, 0x00, 0x44, 0x3f, 0x00, 0x00, 0x46, 0x3f,
  0x00, 0x00, 0x48, 0x3f, 0x00, 0x00, 0x4a, 0x3f, 0x00, 0x00, 0x4c, 0x3f,
  0x00, 0x00, 0x4e, 0x3f, 0x00, 0x00, 0x4e, 0x3f, 0x00, 0x00, 0x50, 0x3f,
  0x00, 0x00, 0x50, 0x3f, 0x00, 0x00, 0x4e, 0x3f, 0x00, 0x00, 0x4e, 0x3f,
  0x00, 0x00, 0x4e, 0x3f, 0x00, 0x00, 0x4c, 0x3f, 0x00, 0x00, 0x4a, 0x3f,
  0x00, 0x00, 0x48, 0x3f, 0x00, 0x00, 0x46, 0x3f, 0x00, 0x00, 0x42, 0x3f,
  0x00, 0x00, 0x40, 0x3f, 0x00, 0x00, 0x3c, 0x3f, 0x00, 0x00, 0x38, 0x3f,
  0x00, 0x00, 0x34, 0x3f, 0x00, 0x00, 0x30, 0x3f, 0x00, 0x00, 0x2c, 0x3f,
  0x00, 0x00, 0x26, 0x3f, 0x00, 0x00, 0x22, 0x3f, 0x00, 0x00, 0x1c, 0x3f,
  0x00, 0x00, 0x16, 0x3f, 0x00, 0x00, 0x12, 0x3f, 0x00, 0x00, 0x0c, 0x3f,
  0x00, 0x00, 0x06, 0x3f, 0x00, 0x00, 0x00, 0x3f, 0x00, 0x00, 0xf4, 0x3e,
  0x00, 0x00, 0xe8, 0x3e, 0x00, 0x00, 0xdc, 0x3e, 0x00, 0x00, 0xd0, 0x3e,
  0x00, 0x00, 0xc4, 0x3e, 0x00, 0x00, 0xb8, 0x3e, 0x00, 0x00, 0xb0, 0x3e,
  0x00, 0x00, 0xa4, 0x3e, 0x00, 0x00, 0x98, 0x3e, 0x00, 0x00, 0x8c, 0x3e,
  0x00, 0x00, 0x80, 0x3e, 0x00, 0x00, 0x70, 0x3e, 0x00, 0x00, 0x58, 0x3e,
  0x00, 0x00, 0x48, 0x3e, 0x00, 0x00, 0x30, 0x3e, 0x00, 0x00, 0x20, 0x3e,
  0x00, 0x00, 0x10, 0x3e, 0x00, 0x00, 0xf0, 0x3d, 0x00, 0x00, 0xe0, 0x3d,
  0x00, 0x00, 0xc0, 0x3d, 0x00, 0x00, 0xa0, 0x3d, 0x00, 0x00, 0x80, 0x3d,
  0x00, 0x00, 0x60, 0x3d, 0x00, 0x00, 0x20, 0x3d, 0x00, 0x00, 0x00, 0x3d,
  0x00, 0x00, 0xc0, 0x3c, 0x00, 0x00, 0x80, 0x3c, 0x00, 0x00, 0x00, 0x3c,
  0x00, 0x00, 0x00, 0x3c, 0x00, 0x00, 0x00, 0x00, 0x00, 0x00, 0x00, 0x00,
  0x00, 0x00, 0x00, 0x00, 0x00, 0x00, 0x00, 0x00, 0x00, 0x00, 0x00, 0x00,
  0x00, 0x00, 0x00, 0x00, 0x00, 0x00, 0x00, 0x00, 0x00, 0x00, 0x00, 0x3c,
  0x00, 0x00, 0x00, 0x3c, 0x00, 0x00, 0x80, 0x3c, 0x00, 0x00, 0xc0, 0x3c,
  0x00, 0x00, 0x00, 0x3d, 0x00, 0x00, 0x20, 0x3d, 0x00, 0x00, 0x40, 0x3d,
  0x00, 0x00, 0x60, 0x3d, 0x00, 0x00, 0x90, 0x3d, 0x00, 0x00, 0xa0, 0x3d,
  0x00, 0x00, 0xc0, 0x3d, 0x00, 0x00, 0xd0, 0x3d, 0x00, 0x00, 0xf0, 0x3d,
  0x00, 0x00, 0x08, 0x3e, 0x00, 0x00, 0x10, 0x3e, 0x00, 0x00, 0x20, 0x3e,
  0x00, 0x00, 0x30, 0x3e, 0x00, 0x00, 0x40, 0x3e, 0x00, 0x00, 0x50, 0x3e,
  0x00, 0x00, 0x60, 0x3e, 0x00, 0x00, 0x70, 0x3e, 0x00, 0x00, 0x78, 0x3e,
  0x00, 0x00, 0x84, 0x3e, 0x00, 0x00, 0x8c, 0x3e, 0x00, 0x00, 0x94, 0x3e,
  0x00, 0x00, 0x9c, 0x3e, 0x00, 0x00, 0xa4, 0x3e, 0x00, 0x00, 0xa8, 0x3e,
  0x00, 0x00, 0xb0, 0x3e, 0x00, 0x00, 0xb8, 0x3e, 0x00, 0x00, 0xbc, 0x3e,
  0x00, 0x00, 0xc4, 0x3e, 0x00, 0x00, 0xc8, 0x3e, 0x00, 0x00, 0xd0, 0x3e,
  0x00, 0x00, 0xd4, 0x3e, 0x00, 0x00, 0xd8, 0x3e, 0x00, 0x00, 0xdc, 0x3e,
  0x00, 0x00, 0xe0, 0x3e, 0x00, 0x00, 0xe4, 0x3e, 0x00, 0x00, 0xe8, 0x3e,
  0x00, 0x00, 0xec, 0x3e, 0x00, 0x00, 0xf0, 0x3e, 0x00, 0x00, 0xf0, 0x3e,
  0x00, 0x00, 0xf4, 0x3e, 0x00, 0x00, 0xf4, 0x3e, 0x00, 0x00, 0xf4, 0x3e,
  0x00, 0x00, 0xf4, 0x3e, 0x00, 0x00, 0xf4, 0x3e, 0x00, 0x00, 0xf4, 0x3e,
  0x00, 0x00, 0xf4, 0x3e, 0x00, 0x00, 0xf4, 0x3e, 0x00, 0x00, 0xf4, 0x3e,
  0x00, 0x00, 0xf0, 0x3e, 0x00, 0x00, 0xf0, 0x3e, 0x00, 0x00, 0xec, 0x3e,
  0x00, 0x00, 0xec, 0x3e, 0x00, 0x00, 0xe8, 0x3e, 0x00, 0x00, 0xe4, 0x3e,
  0x00, 0x00, 0xe0, 0x3e, 0x00, 0x00, 0xe0, 0x3e, 0x00, 0x00, 0xdc, 0x3e,
  0x00, 0x00, 0xd8, 0x3e, 0x00, 0x00, 0xd4, 0x3e, 0x00, 0x00, 0xd0, 0x3e,
  0x00, 0x00, 0xcc, 0x3e, 0x00, 0x00, 0xc8, 0x3e, 0x00, 0x00, 0xc0, 0x3e,
  0x00, 0x00, 0xbc, 0x3e, 0x00, 0x00, 0xb8, 0x3e, 0x00, 0x00, 0xb4, 0x3e,
  0x00, 0x00, 0xb0, 0x3e, 0x00, 0x00, 0xac, 0x3e, 0x00, 0x00, 0xa8, 0x3e,
  0x00, 0x00, 0xa4, 0x3e, 0x00, 0x00, 0xa0, 0x3e, 0x00, 0x00, 0x9c, 0x3e,
  0x00, 0x00, 0x9c, 0x3e, 0x00, 0x00, 0x98, 0x3e, 0x00, 0x00, 0x94, 0x3e,
  0x00, 0x00, 0x90, 0x3e, 0x00, 0x00, 0x90, 0x3e, 0x00, 0x00, 0x8c, 0x3e,
  0x00, 0x00, 0x8c, 0x3e, 0x00, 0x00, 0x8c, 0x3e, 0x00, 0x00, 0x88, 0x3e,
  0x00, 0x00, 0x88, 0x3e, 0x00, 0x00, 0x88, 0x3e, 0x00, 0x00, 0x88, 0x3e,
  0x00, 0x00, 0x8c, 0x3e, 0x00, 0x00, 0x8c, 0x3e, 0x00, 0x00, 0x8c, 0x3e,
  0x00, 0x00, 0x90, 0x3e, 0x00, 0x00, 0x94, 0x3e, 0x00, 0x00, 0x94, 0x3e,
  0x00, 0x00, 0x98, 0x3e, 0x00, 0x00, 0x9c, 0x3e, 0x00, 0x00, 0xa0, 0x3e,
  0x00, 0x00, 0xa4, 0x3e, 0x00, 0x00, 0xac, 0x3e, 0x00, 0x00, 0xb0, 0x3e,
  0x00, 0x00, 0xb8, 0x3e, 0x00, 0x00, 0xbc, 0x3e, 0x00, 0x00, 0xc4, 0x3e,
  0x00, 0x00, 0xcc, 0x3e, 0x00, 0x00, 0xd4, 0x3e, 0x00, 0x00, 0xdc, 0x3e,
  0x00, 0x00, 0xe4, 0x3e, 0x00, 0x00, 0xec, 0x3e, 0x00, 0x00, 0xf4, 0x3e,
  0x00, 0x00, 0xfc, 0x3e, 0x00, 0x00, 0x04, 0x3f, 0x00, 0x00, 0x08, 0x3f,
  0x00, 0x00, 0x0e, 0x3f, 0x00, 0x00, 0x12, 0x3f, 0x00, 0x00, 0x18, 0x3f,
  0x00, 0x00, 0x1c, 0x3f, 0x00, 0x00, 0x22, 0x3f, 0x00, 0x00, 0x26, 0x3f,
  0x00, 0x00, 0x2c, 0x3f, 0x00, 0x00, 0x30, 0x3f, 0x00, 0x00, 0x36, 0x3f,
  0x00, 0x00, 0x3a, 0x3f, 0x00, 0x00, 0x40, 0x3f, 0x00, 0x00, 0x44, 0x3f,
  0x00, 0x00, 0x48, 0x3f, 0x00, 0x00, 0x4e, 0x3f, 0x00, 0x00, 0x52, 0x3f,
  0x00, 0x00, 0x56, 0x3f, 0x00, 0x00, 0x5a, 0x3f, 0x00, 0x00, 0x5e, 0x3f,
  0x00, 0x00, 0x62, 0x3f, 0x00, 0x00, 0x66, 0x3f, 0x00, 0x00, 0x6a, 0x3f,
  0x00, 0x00, 0x6c, 0x3f, 0x00, 0x00, 0x6e, 0x3f, 0x00, 0x00, 0x72, 0x3f,
  0x00, 0x00, 0x74, 0x3f, 0x00, 0x00, 0x76, 0x3f, 0x00, 0x00, 0x78, 0x3f,
  0x00, 0x00, 0x78, 0x3f, 0x00, 0x00, 0x7a, 0x3f, 0x00, 0x00, 0x7a, 0x3f,
  0x00, 0x00, 0x7c, 0x3f, 0x00, 0x00, 0x7c, 0x3f, 0x00, 0x00, 0x7a, 0x3f,
  0x00, 0x00, 0x7a, 0x3f, 0x00, 0x00, 0x7a, 0x3f, 0x00, 0x00, 0x78, 0x3f,
  0x00, 0x00, 0x76, 0x3f, 0x00, 0x00, 0x74, 0x3f, 0x00, 0x00, 0x72, 0x3f,
  0x00, 0x00, 0x6e, 0x3f, 0x00, 0x00, 0x6c, 0x3f, 0x00, 0x00, 0x68, 0x3f,
  0x00, 0x00, 0x64, 0x3f, 0x00, 0x00, 0x5e, 0x3f, 0x00, 0x00, 0x5a, 0x3f,
  0x00, 0x00, 0x56, 0x3f, 0x00, 0x00, 0x50, 0x3f, 0x00, 0x00, 0x4a, 0x3f,
  0x00, 0x00, 0x44, 0x3f, 0x00, 0x00, 0x3e, 0x3f, 0x00, 0x00, 0x90, 0x3e,
  0x00, 0x00, 0x60, 0x3e, 0x00, 0x00, 0x20, 0x3e, 0x00, 0x00, 0xc0, 0x3d,
  0x00, 0x00, 0x00, 0x3d, 0x00, 0x00, 0xc0, 0xbc, 0x00, 0x00, 0xb0, 0xbd,
  0x00, 0x00, 0x10, 0xbe, 0x00, 0x00, 0x48, 0xbe, 0x00, 0x00, 0x78, 0xbe,
  0x00, 0x00, 0x98, 0xbe, 0x00, 0x00, 0xac, 0xbe, 0x00, 0x00, 0xc4, 0xbe,
  0x00, 0x00, 0xd8, 0xbe, 0x00, 0x00, 0xe8, 0xbe, 0x00, 0x00, 0xf8, 0xbe,
  0x00, 0x00, 0x02, 0xbf, 0x00, 0x00, 0x08, 0xbf, 0x00, 0x00, 0x0c, 0xbf,
  0x00, 0x00, 0x10, 0xbf, 0x00, 0x00, 0x12, 0xbf, 0x00, 0x00, 0x12, 0xbf,
  0x00, 0x00, 0x12, 0xbf, 0x00, 0x00, 0x12, 0xbf, 0x00, 0x00, 0x10, 0xbf,
  0x00, 0x00, 0x0c, 0xbf, 0x00, 0x00, 0x08, 0xbf, 0x00, 0x00, 0x04, 0xbf,
  0x00, 0x00, 0xfc, 0xbe, 0x00, 0x00, 0xf0, 0xbe, 0x00, 0x00, 0xe0, 0xbe,
  0x00, 0x00, 0xd4, 0xbe, 0x00, 0x00, 0xc4, 0xbe, 0x00, 0x00, 0xb4, 0xbe,
  0x00, 0x00, 0xa0, 0xbe, 0x00, 0x00, 0x90, 0xbe, 0x00, 0x00, 0x80, 0xbe,
  0x00, 0x00, 0x58, 0xbe, 0x00, 0x00, 0x38, 0xbe, 0x00, 0x00, 0x18, 0xbe,
  0x00, 0x00, 0xf0, 0xbd, 0x00, 0x00, 0xb0, 0xbd, 0x00, 0x00, 0x80, 0xbd,
  0x00, 0x00, 0x00, 0xbd, 0x00, 0x00, 0x00, 0xbc, 0x00, 0x00, 0x80, 0x3c,
  0x00, 0x00, 0x00, 0x3d, 0x00, 0x00, 0x40, 0x3d, 0x00, 0x00, 0x80, 0x3d,
  0x00, 0x00, 0xa0, 0x3d, 0x00, 0x00, 0xb0, 0x3d, 0x00, 0x00, 0xb0, 0x3d,
  0x00, 0x00, 0xb0, 0x3d, 0x00, 0x00, 0xb0, 0x3d, 0x00, 0x00, 0xb0, 0x3d,
  0x00, 0x00, 0xa0, 0x3d, 0x00, 0x00, 0x90, 0x3d, 0x00, 0x00, 0x60, 0x3d,
  0x00, 0x00, 0x20, 0x3d, 0x00, 0x00, 0xc0, 0x3c, 0x00, 0x00, 0x00, 0x3c,
  0x00, 0x00, 0x80, 0xbc, 0x00, 0x00, 0x20, 0xbd, 0x00, 0x00, 0x80, 0xbd,
  0x00, 0x00, 0xb0, 0xbd, 0x00, 0x00, 0xe0, 0xbd, 0x00, 0x00, 0x08, 0xbe,
  0x00, 0x00, 0x28, 0xbe, 0x00, 0x00, 0x40, 0xbe, 0x00, 0x00, 0x58, 0xbe,
  0x00, 0x00, 0x70, 0xbe, 0x00, 0x00, 0x84, 0xbe, 0x00, 0x00, 0x90, 0xbe,
  0x00, 0x00, 0x9c, 0xbe, 0x00, 0x00, 0xa8, 0xbe, 0x00, 0x00, 0xb4, 0xbe,
  0x00, 0x00, 0xbc, 0xbe, 0x00, 0x00, 0xc4, 0xbe, 0x00, 0x00, 0xcc, 0xbe,
  0x00, 0x00, 0xd0, 0xbe, 0x00, 0x00, 0xd4, 0xbe, 0x00, 0x00, 0xdc, 0xbe,
  0x00, 0x00, 0xdc, 0xbe, 0x00, 0x00, 0xe0, 0xbe, 0x00, 0x00, 0xe0, 0xbe,
  0x00, 0x00, 0xe0, 0xbe, 0x00, 0x00, 0xe0, 0xbe, 0x00, 0x00, 0xdc, 0xbe,
  0x00, 0x00, 0xd8, 0xbe, 0x00, 0x00, 0xd4, 0xbe, 0x00, 0x00, 0xd0, 0xbe,
  0x00, 0x00, 0xcc, 0xbe, 0x00, 0x00, 0xc4, 0xbe, 0x00, 0x00, 0xbc, 0xbe,
  0x00, 0x00, 0xb4, 0xbe, 0x00, 0x00, 0xac, 0xbe, 0x00, 0x00, 0xa4, 0xbe,
  0x00, 0x00, 0x9c, 0xbe, 0x00, 0x00, 0x94, 0xbe, 0x00, 0x00, 0x88, 0xbe,
  0x00, 0x00, 0x80, 0xbe, 0x00, 0x00, 0x70, 0xbe, 0x00, 0x00, 0x58, 0xbe,
  0x00, 0x00, 0x48, 0xbe, 0x00, 0x00, 0x38, 0xbe, 0x00, 0x00, 0x20, 0xbe,
  0x00, 0x00, 0x10, 0xbe, 0x00, 0x00, 0x00, 0xbe, 0x00, 0x00, 0xe0, 0xbd,
  0x00, 0x00, 0xc0, 0xbd, 0x00, 0x00, 0xa0, 0xbd, 0x00, 0x00, 0x80, 0xbd,
  0x00, 0x00, 0x40, 0xbd, 0x00, 0x00, 0x00, 0xbd, 0x00, 0x00, 0x80, 0xbc,
  0x00, 0x00, 0x00, 0xbc, 0x00, 0x00, 0x00, 0x3c, 0x00, 0x00, 0xc0, 0x3c,
  0x00, 0x00, 0x00, 0x3d, 0x00, 0x00, 0x40, 0x3d, 0x00, 0x00, 0x80, 0x3d,
  0x00, 0x00, 0x90, 0x3d, 0x00, 0x00, 0xb0, 0x3d, 0x00, 0x00, 0xc0, 0x3d,
  0x00, 0x00, 0xe0, 0x3d, 0x00, 0x00, 0x00, 0x3e, 0x00, 0x00, 0x08, 0x3e,
  0x00, 0x00, 0x18, 0x3e, 0x00, 0x00, 0x28, 0x3e, 0x00, 0x00, 0x30, 0x3e,
  0x00, 0x00, 0x40, 0x3e, 0x00, 0x00, 0x50, 0x3e, 0x00, 0x00, 0x60, 0x3e,
  0x00, 0x00, 0x70, 0x3e, 0x00, 0x00, 0x80, 0x3e, 0x00, 0x00, 0x84, 0x3e,
  0x00, 0x00, 0x8c, 0x3e, 0x00, 0x00, 0x94, 0x3e, 0x00, 0x00, 0x9c, 0x3e,
  0x00, 0x00, 0xa4, 0x3e, 0x00, 0x00, 0xac, 0x3e, 0x00, 0x00, 0xb0, 0x3e,
  0x00, 0x00, 0xb8, 0x3e, 0x00, 0x00, 0xbc, 0x3e, 0x00, 0x00, 0xc4, 0x3e,
  0x00, 0x00, 0xc8, 0x3e, 0x00, 0x00, 0xcc, 0x3e, 0x00, 0x00, 0xd0, 0x3e,
  0x00, 0x00, 0xd4, 0x3e, 0x00, 0x00, 0xd4, 0x3e, 0x00, 0x00, 0xd8, 0x3e,
  0x00, 0x00, 0xd8, 0x3e, 0x00, 0x00, 0xd8, 0x3e, 0x00, 0x00, 0xd4, 0x3e,
  0x00, 0x00, 0xd0, 0x3e, 0x00, 0x00, 0xcc, 0x3e, 0x00, 0x00, 0xc8, 0x3e,
  0x00, 0x00, 0xc4, 0x3e, 0x00, 0x00, 0xbc, 0x3e, 0x00, 0x00, 0xb4, 0x3e,
  0x00, 0x00, 0xac, 0x3e, 0x00, 0x00, 0xa0, 0x3e, 0x00, 0x00, 0x98, 0x3e,
  0x00, 0x00, 0x8c, 0x3e, 0x00, 0x00, 0x78, 0x3e, 0x00, 0x00, 0x60, 0x3e,
  0x00, 0x00, 0x40, 0x3e, 0x00, 0x00, 0x28, 0x3e, 0x00, 0x00, 0x08, 0x3e,
  0x00, 0x00, 0xd0, 0x3d, 0x00, 0x00, 0x90, 0x3d, 0x00, 0x00, 0x20, 0x3d,
  0x00, 0x00, 0x00, 0x3c, 0x00, 0x00, 0xc0, 0xbc, 0x00, 0x00, 0x60, 0xbd,
  0x00, 0x00, 0xa0, 0xbd, 0x00, 0x00, 0xe0, 0xbd, 0x00, 0x00, 0x10, 0xbe,
  0x00, 0x00, 0x28, 0xbe, 0x00, 0x00, 0x40, 0xbe, 0x00, 0x00, 0x58, 0xbe,
  0x00, 0x00, 0x70, 0xbe, 0x00, 0x00, 0x80, 0xbe, 0x00, 0x00, 0x88, 0xbe,
  0x00, 0x00, 0x90, 0xbe, 0x00, 0x00, 0x94, 0xbe, 0x00, 0x00, 0x98, 0xbe,
  0x00, 0x00, 0x9c, 0xbe, 0x00, 0x00, 0x9c, 0xbe, 0x00, 0x00, 0x9c, 0xbe,
  0x00, 0x00, 0x98, 0xbe, 0x00, 0x00, 0x98, 0xbe, 0x00, 0x00, 0x90, 0xbe,
  0x00, 0x00, 0x8c, 0xbe, 0x00, 0x00, 0x84, 0xbe, 0x00, 0x00, 0x78, 0xbe,
  0x00, 0x00, 0x60, 0xbe, 0x00, 0x00, 0x48, 0xbe, 0x00, 0x00, 0x30, 0xbe,
  0x00, 0x00, 0x18, 0xbe, 0x00, 0x00, 0xf0, 0xbd, 0x00, 0x00, 0xb0, 0xbd,
  0x00, 0x00, 0x60, 0xbd, 0x00, 0x00, 0xc0, 0xbc, 0x00, 0x00, 0x00, 0x3c,
  0x00, 0x00, 0x20, 0x3d, 0x00, 0x00, 0x90, 0x3d, 0x00, 0x00, 0xe0, 0x3d,
  0x00, 0x00, 0x10, 0x3e, 0x00, 0x00, 0x30, 0x3e, 0x00, 0x00, 0x50, 0x3e,
  0x00, 0x00, 0x70, 0x3e, 0x00, 0x00, 0x88, 0x3e, 0x00, 0x00, 0x94, 0x3e,
  0x00, 0x00, 0xa0, 0x3e, 0x00, 0x00, 0xac, 0x3e, 0x00, 0x00, 0xb8, 0x3e,
  0x00, 0x00, 0xc4, 0x3e, 0x00, 0x00, 0xcc, 0x3e, 0x00, 0x00, 0xd4, 0x3e,
  0x00, 0x00, 0xd8, 0x3e, 0x00, 0x00, 0xdc, 0x3e, 0x00, 0x00, 0xe0, 0x3e,
  0x00, 0x00, 0xe4, 0x3e, 0x00, 0x00, 0xe4, 0x3e, 0x00, 0x00, 0xe4, 0x3e,
  0x00, 0x00, 0xe0, 0x3e, 0x00, 0x00, 0xdc, 0x3e, 0x00, 0x00, 0xd8, 0x3e,
  0x00, 0x00, 0xd4, 0x3e, 0x00, 0x00, 0xcc, 0x3e, 0x00, 0x00, 0xc4, 0x3e,
  0x00, 0x00, 0xbc, 0x3e, 0x00, 0x00, 0xb4, 0x3e, 0x00, 0x00, 0xa8, 0x3e,
  0x00, 0x00, 0xa0, 0x3e, 0x00, 0x00, 0x94, 0x3e, 0x00, 0x00, 0x88, 0x3e,
  0x00, 0x00, 0x78, 0x3e, 0x00, 0x00, 0x60, 0x3e, 0x00, 0x00, 0x40, 0x3e,
  0x00, 0x00, 0x28, 0x3e, 0x00, 0x00, 0x10, 0x3e, 0x00, 0x00, 0xf0, 0x3d,
  0x00, 0x00, 0xc0, 0x3d, 0x00, 0x00, 0x90, 0x3d, 0x00, 0x00, 0x40, 0x3d,
  0x00, 0x00, 0xc0, 0x3c, 0x00, 0x00, 0x00, 0x3c, 0x00, 0x00, 0x80, 0xbc,
  0x00, 0x00, 0x00, 0xbd, 0x00, 0x00, 0x60, 0xbd, 0x00, 0x00, 0x90, 0xbd,
  0x00, 0x00, 0xb0, 0xbd, 0x00, 0x00, 0xd0, 0xbd, 0x00, 0x00, 0xe0, 0xbd,
  0x00, 0x00, 0x00, 0xbe, 0x00, 0x00, 0x08, 0xbe, 0x00, 0x00, 0x10, 0xbe,
  0x00, 0x00, 0x18, 0xbe, 0x00, 0x00, 0x20, 0xbe, 0x00, 0x00, 0x28, 0xbe,
  0x00, 0x00, 0x30, 0xbe, 0x00, 0x00, 0x30, 0xbe, 0x00, 0x00, 0x38, 0xbe,
  0x00, 0x00, 0x38, 0xbe, 0x00, 0x00, 0x38, 0xbe, 0x00, 0x00, 0x40, 0xbe,
  0x00, 0x00, 0x40, 0xbe, 0x00, 0x00, 0x40, 0xbe, 0x00, 0x00, 0x48, 0xbe,
  0x00, 0x00, 0x48, 0xbe, 0x00, 0x00, 0x48, 0xbe, 0x00, 0x00, 0x48, 0xbe,
  0x00, 0x00, 0x50, 0xbe, 0x00, 0x00, 0x50, 0xbe, 0x00, 0x00, 0x50, 0xbe,
  0x00, 0x00, 0x58, 0xbe, 0x00, 0x00, 0x58, 0xbe, 0x00, 0x00, 0x60, 0xbe,
  0x00, 0x00, 0x60, 0xbe, 0x00, 0x00, 0x68, 0xbe, 0x00, 0x00, 0x70, 0xbe,
  0x00, 0x00, 0x78, 0xbe, 0x00, 0x00, 0x78, 0xbe, 0x00, 0x00, 0x80, 0xbe,
  0x00, 0x00, 0x84, 0xbe, 0x00, 0x00, 0x88, 0xbe, 0x00, 0x00, 0x8c, 0xbe,
  0x00, 0x00, 0x90, 0xbe, 0x00, 0x00, 0x90, 0xbe, 0x00, 0x00, 0x94, 0xbe,
  0x00, 0x00, 0x98, 0xbe, 0x00, 0x00, 0x9c, 0xbe, 0x00, 0x00, 0xa0, 0xbe,
  0x00, 0x00, 0xa0, 0xbe, 0x00, 0x00, 0xa4, 0xbe, 0x00, 0x00, 0xa4, 0xbe,
  0x00, 0x00, 0xa8, 0xbe, 0x00, 0x00, 0xa8, 0xbe, 0x00, 0x00, 0xa8, 0xbe,
  0x00, 0x00, 0xa8, 0xbe, 0x00, 0x00, 0xa8, 0xbe, 0x00, 0x00, 0xa8, 0xbe,
  0x00, 0x00, 0xa4, 0xbe, 0x00, 0x00, 0xa4, 0xbe, 0x00, 0x00, 0xa0, 0xbe,
  0x00, 0x00, 0x9c, 0xbe, 0x00, 0x00, 0x98, 0xbe, 0x00, 0x00, 0x94, 0xbe,
  0x00, 0x00, 0x90, 0xbe, 0x00, 0x00, 0x88, 0xbe, 0x00, 0x00, 0x84, 0xbe,
  0x00, 0x00, 0x78, 0xbe, 0x00, 0x00, 0x68, 0xbe, 0x00, 0x00, 0x58, 0xbe,
  0x00, 0x00, 0x48, 0xbe, 0x00, 0x00, 0x38, 0xbe, 0x00, 0x00, 0x28, 0xbe,
  0x00, 0x00, 0x18, 0xbe, 0x00, 0x00, 0x08, 0xbe, 0x00, 0x00, 0xf0, 0xbd,
  0x00, 0x00, 0xc0, 0xbd, 0x00, 0x00, 0xa0, 0xbd, 0x00, 0x00, 0x80, 0xbd,
  0x00, 0x00, 0x20, 0xbd, 0x00, 0x00, 0xc0, 0xbc, 0x00, 0x00, 0x00, 0xbc,
  0x00, 0x00, 0x00, 0x3c, 0x00, 0x00, 0xc0, 0x3c, 0x00, 0x00, 0x20, 0x3d,
  0x00, 0x00, 0x60, 0x3d, 0x00, 0x00, 0x90, 0x3d, 0x00, 0x00, 0xa0, 0x3d,
  0x00, 0x00, 0xc0, 0x3d, 0x00, 0x00, 0xd0, 0x3d, 0x00, 0x00, 0xf0, 0x3d,
  0x00, 0x00, 0x00, 0x3e, 0x00, 0x00, 0x08, 0x3e, 0x00, 0x00, 0x10, 0x3e,
  0x00, 0x00, 0x18, 0x3e, 0x00, 0x00, 0x20, 0x3e, 0x00, 0x00, 0x20, 0x3e,
  0x00, 0x00, 0x28, 0x3e, 0x00, 0x00, 0x28, 0x3e, 0x00, 0x00, 0x28, 0x3e,
  0x00, 0x00, 0x30, 0x3e, 0x00, 0x00, 0x30, 0x3e, 0x00, 0x00, 0x30, 0x3e,
  0x00, 0x00, 0x30, 0x3e, 0x00, 0x00, 0x28, 0x3e, 0x00, 0x00, 0x28, 0x3e,
  0x00, 0x00, 0x28, 0x3e, 0x00, 0x00, 0x28, 0x3e, 0x00, 0x00, 0x20, 0x3e,
  0x00, 0x00, 0x20, 0x3e, 0x00, 0x00, 0x20, 0x3e, 0x00, 0x00, 0x18, 0x3e,
  0x00, 0x00, 0x18, 0x3e, 0x00, 0x00, 0x10, 0x3e, 0x00, 0x00, 0x10, 0x3e,
  0x00, 0x00, 0x08, 0x3e, 0x00, 0x00, 0x08, 0x3e, 0x00, 0x00, 0x08, 0x3e,
  0x00, 0x00, 0x00, 0x3e, 0x00, 0x00, 0x00, 0x3e, 0x00, 0x00, 0xf0, 0x3d,
  0x00, 0x00, 0xf0, 0x3d, 0x00, 0x00, 0xf0, 0x3d, 0x00, 0x00, 0xe0, 0x3d,
  0x00, 0x00, 0xe0, 0x3d, 0x00, 0x00, 0xe0, 0x3d, 0x00, 0x00, 0xe0, 0x3d,
  0x00, 0x00, 0xd0, 0x3d, 0x00, 0x00, 0xd0, 0x3d, 0x00, 0x00, 0xd0, 0x3d,
  0x00, 0x00, 0xd0, 0x3d, 0x00, 0x00, 0xd0, 0x3d, 0x00, 0x00, 0xd0, 0x3d,
  0x00, 0x00, 0xd0, 0x3d, 0x00, 0x00, 0xc0, 0x3d, 0x00, 0x00, 0xc0, 0x3d,
  0x00, 0x00, 0xc0, 0x3d, 0x00, 0x00, 0xc0, 0x3d, 0x00, 0x00, 0xc0, 0x3d,
  0x00, 0x00, 0xc0, 0x3d, 0x00, 0x00, 0xc0, 0x3d, 0x00, 0x00, 0xc0, 0x3d,
  0x00, 0x00, 0xd0, 0x3d, 0x00, 0x00, 0xd0, 0x3d, 0x00, 0x00, 0xd0, 0x3d,
  0x00, 0x00, 0xd0, 0x3d, 0x00, 0x00, 0xd0, 0x3d, 0x00, 0x00, 0xd0, 0x3d,
  0x00, 0x00, 0xd0, 0x3d, 0x00, 0x00, 0xd0, 0x3d, 0x00, 0x00, 0xd0, 0x3d,
  0x00, 0x00, 0xe0, 0x3d, 0x00, 0x00, 0xe0, 0x3d, 0x00, 0x00, 0xe0, 0x3d,
  0x00, 0x00, 0xe0, 0x3d, 0x00, 0x00, 0xf0, 0x3d, 0x00, 0x00, 0xf0, 0x3d,
  0x00, 0x00, 0xf0, 0x3d, 0x00, 0x00, 0xf0, 0x3d, 0x00, 0x00, 0x00, 0x3e,
  0x00, 0x00, 0x00, 0x3e, 0x00, 0x00, 0x00, 0x3e, 0x00, 0x00, 0x00, 0x3e,
  0x00, 0x00, 0x08, 0x3e, 0x00, 0x00, 0x08, 0x3e, 0x00, 0x00, 0x08, 0x3e,
  0x00, 0x00, 0x08, 0x3e, 0x00, 0x00, 0x08, 0x3e, 0x00, 0x00, 0x08, 0x3e,
  0x00, 0x00, 0x08, 0x3e, 0x00, 0x00, 0x08, 0x3e, 0x00, 0x00, 0x08, 0x3e,
  0x00, 0x00, 0x08, 0x3e, 0x00, 0x00, 0x08, 0x3e, 0x00, 0x00, 0x08, 0x3e,
  0x00, 0x00, 0x00, 0x3e, 0x00, 0x00, 0x00, 0x3e, 0x00, 0x00, 0xf0, 0x3d,
  0x00, 0x00, 0xf0, 0x3d, 0x00, 0x00, 0xe0, 0x3d, 0x00, 0x00, 0xd0, 0x3d,
  0x00, 0x00, 0xc0, 0x3d, 0x00, 0x00, 0xb0, 0x3d, 0x00, 0x00, 0xa0, 0x3d,
  0x00, 0x00, 0x90, 0x3d, 0x00, 0x00, 0x80, 0x3d, 0x00, 0x00, 0x40, 0x3d,
  0x00, 0x00, 0x20, 0x3d, 0x00, 0x00, 0xc0, 0x3c, 0x00, 0x00, 0x80, 0x3c,
  0x00, 0x00, 0x00, 0x00, 0x00, 0x00, 0x80, 0xbc, 0x00, 0x00, 0x00, 0xbd,
  0x00, 0x00, 0x20, 0xbd, 0x00, 0x00, 0x60, 0xbd, 0x00, 0x00, 0x90, 0xbd,
  0x00, 0x00, 0xb0, 0xbd, 0x00, 0x00, 0xc0, 0xbd, 0x00, 0x00, 0xe0, 0xbd,
  0x00, 0x00, 0xf0, 0xbd, 0x00, 0x00, 0x08, 0xbe, 0x00, 0x00, 0x10, 0xbe,
  0x00, 0x00, 0x20, 0xbe, 0x00, 0x00, 0x28, 0xbe, 0x00, 0x00, 0x30, 0xbe,
  0x00, 0x00, 0x38, 0xbe, 0x00, 0x00, 0x38, 0xbe, 0x00, 0x00, 0x40, 0xbe,
  0x00, 0x00, 0x40, 0xbe, 0x00, 0x00, 0x40, 0xbe, 0x00, 0x00, 0x40, 0xbe,
  0x00, 0x00, 0x38, 0xbe, 0x00, 0x00, 0x38, 0xbe, 0x00, 0x00, 0x30, 0xbe,
  0x00, 0x00, 0x28, 0xbe, 0x00, 0x00, 0x20, 0xbe, 0x00, 0x00, 0x10, 0xbe,
  0x00, 0x00, 0x08, 0xbe, 0x00, 0x00, 0xf0, 0xbd, 0x00, 0x00, 0xd0, 0xbd,
  0x00, 0x00, 0xb0, 0xbd, 0x00, 0x00, 0x90, 0xbd, 0x00, 0x00, 0x40, 0xbd,
  0x00, 0x00, 0x00, 0xbd, 0x00, 0x00, 0x00, 0xbc, 0x00, 0x00, 0x80, 0x3c,
  0x00, 0x00, 0x20, 0x3d, 0x00, 0x00, 0x80, 0x3d, 0x00, 0x00, 0xa0, 0x3d,
  0x00, 0x00, 0xd0, 0x3d, 0x00, 0x00, 0x00, 0x3e, 0x00, 0x00, 0x18, 0x3e,
  0x00, 0x00, 0x28, 0x3e, 0x00, 0x00, 0x40, 0x3e, 0x00, 0x00, 0x50, 0x3e,
  0x00, 0x00, 0x68, 0x3e, 0x00, 0x00, 0x78, 0x3e, 0x00, 0x00, 0x84, 0x3e,
  0x00, 0x00, 0x88, 0x3e, 0x00, 0x00, 0x90, 0x3e, 0x00, 0x00, 0x94, 0x3e,
  0x00, 0x00, 0x98, 0x3e, 0x00, 0x00, 0x9c, 0x3e, 0x00, 0x00, 0x9c, 0x3e,
  0x00, 0x00, 0x9c, 0x3e, 0x00, 0x00, 0x9c, 0x3e, 0x00, 0x00, 0x9c, 0x3e,
  0x00, 0x00, 0x98, 0x3e, 0x00, 0x00, 0x94, 0x3e, 0x00, 0x00, 0x90, 0x3e,
  0x00, 0x00, 0x8c, 0x3e, 0x00, 0x00, 0x84, 0x3e, 0x00, 0x00, 0x78, 0x3e,
  0x00, 0x00, 0x68, 0x3e, 0x00, 0x00, 0x58, 0x3e, 0x00, 0x00, 0x48, 0x3e,
  0x00, 0x00, 0x30, 0x3e, 0x00, 0x00, 0x18, 0x3e, 0x00, 0x00, 0x08, 0x3e,
  0x00, 0x00, 0xe0, 0x3d, 0x00, 0x00, 0xb0, 0x3d, 0x00, 0x00, 0x80, 0x3d,
  0x00, 0x00, 0x40, 0x3d, 0x00, 0x00, 0xc0, 0x3c, 0x00, 0x00, 0x00, 0x00,
  0x00, 0x00, 0x80, 0xbc, 0x00, 0x00, 0x20, 0xbd, 0x00, 0x00, 0x60, 0xbd,
  0x00, 0x00, 0x90, 0xbd, 0x00, 0x00, 0xb0, 0xbd, 0x00, 0x00, 0xd0, 0xbd,
  0x00, 0x00, 0xf0, 0xbd, 0x00, 0x00, 0x00, 0xbe, 0x00, 0x00, 0x10, 0xbe,
  0x00, 0x00, 0x18, 0xbe, 0x00, 0x00, 0x20, 0xbe, 0x00, 0x00, 0x20, 0xbe,
  0x00, 0x00, 0x28, 0xbe, 0x00, 0x00, 0x28, 0xbe, 0x00, 0x00, 0x28, 0xbe,
  0x00, 0x00, 0x28, 0xbe, 0x00, 0x00, 0x28, 0xbe, 0x00, 0x00, 0x20, 0xbe,
  0x00, 0x00, 0x20, 0xbe, 0x00, 0x00, 0x18, 0xbe, 0x00, 0x00, 0x10, 0xbe,
  0x00, 0x00, 0x10, 0xbe, 0x00, 0x00, 0x08, 0xbe, 0x00, 0x00, 0x00, 0xbe,
  0x00, 0x00, 0xf0, 0xbd, 0x00, 0x00, 0xe0, 0xbd, 0x00, 0x00, 0xe0, 0xbd,
  0x00, 0x00, 0xd0, 0xbd, 0x00, 0x00, 0xc0, 0xbd, 0x00, 0x00, 0xc0, 0xbd,
  0x00, 0x00, 0xc0, 0xbd, 0x00, 0x00, 0xc0, 0xbd, 0x00, 0x00, 0xc0, 0xbd,
  0x00, 0x00, 0xc0, 0xbd, 0x00, 0x00, 0xc0, 0xbd, 0x00, 0x00, 0xd0, 0xbd,
  0x00, 0x00, 0xe0, 0xbd, 0x00, 0x00, 0xf0, 0xbd, 0x00, 0x00, 0x00, 0xbe,
  0x00, 0x00, 0x10, 0xbe, 0x00, 0x00, 0x20, 0xbe, 0x00, 0x00, 0x30, 0xbe,
  0x00, 0x00, 0x40, 0xbe, 0x00, 0x00, 0x50, 0xbe, 0x00, 0x00, 0x60, 0xbe,
  0x00, 0x00, 0x78, 0xbe, 0x00, 0x00, 0x88, 0xbe, 0x00, 0x00, 0x90, 0xbe,
  0x00, 0x00, 0x9c, 0xbe, 0x00, 0x00, 0xa8, 0xbe, 0x00, 0x00, 0xb4, 0xbe,
  0x00, 0x00, 0xbc, 0xbe, 0x00, 0x00, 0xc8, 0xbe, 0x00, 0x00, 0xd0, 0xbe,
  0x00, 0x00, 0xdc, 0xbe, 0x00, 0x00, 0xe4, 0xbe, 0x00, 0x00, 0xec, 0xbe,
  0x00, 0x00, 0xf4, 0xbe, 0x00, 0x00, 0xf8, 0xbe, 0x00, 0x00, 0xfc, 0xbe,
  0x00, 0x00, 0x00, 0xbf, 0x00, 0x00, 0x02, 0xbf, 0x00, 0x00, 0x02, 0xbf,
  0x00, 0x00, 0x02, 0xbf, 0x00, 0x00, 0x02, 0xbf, 0x00, 0x00, 0x00, 0xbf,
  0x00, 0x00, 0xfc, 0xbe, 0x00, 0x00, 0xf4, 0xbe, 0x00, 0x00, 0xec, 0xbe,
  0x00, 0x00, 0xe4, 0xbe, 0x00, 0x00, 0xd8, 0xbe, 0x00, 0x00, 0xcc, 0xbe,
  0x00, 0x00, 0xc0, 0xbe, 0x00, 0x00, 0xb0, 0xbe, 0x00, 0x00, 0xa4, 0xbe,
  0x00, 0x00, 0x94, 0xbe, 0x00, 0x00, 0x84, 0xbe, 0x00, 0x00, 0x60, 0xbe,
  0x00, 0x00, 0x40, 0xbe, 0x00, 0x00, 0x18, 0xbe, 0x00, 0x00, 0xf0, 0xbd,
  0x00, 0x00, 0xa0, 0xbd, 0x00, 0x00, 0x40, 0xbd, 0x00, 0x00, 0x80, 0xbc,
  0x00, 0x00, 0xc0, 0x3c, 0x00, 0x00, 0x60, 0x3d, 0x00, 0x00, 0xa0, 0x3d,
  0x00, 0x00, 0xe0, 0x3d, 0x00, 0x00, 0x08, 0x3e, 0x00, 0x00, 0x20, 0x3e,
  0x00, 0x00, 0x38, 0x3e, 0x00, 0x00, 0x48, 0x3e, 0x00, 0x00, 0x58, 0x3e,
  0x00, 0x00, 0x60, 0x3e, 0x00, 0x00, 0x68, 0x3e, 0x00, 0x00, 0x70, 0x3e,
  0x00, 0x00, 0x70, 0x3e, 0x00, 0x00, 0x68, 0x3e, 0x00, 0x00, 0x68, 0x3e,
  0x00, 0x00, 0x58, 0x3e, 0x00, 0x00, 0x50, 0x3e, 0x00, 0x00, 0x40, 0x3e,
  0x00, 0x00, 0x28, 0x3e, 0x00, 0x00, 0x10, 0x3e, 0x00, 0x00, 0xf0, 0x3d,
  0x00, 0x00, 0xc0, 0x3d, 0x00, 0x00, 0x80, 0x3d, 0x00, 0x00, 0x00, 0x3d,
  0x00, 0x00, 0x00, 0x00, 0x00, 0x00, 0x00, 0xbd, 0x00, 0x00, 0x90, 0xbd,
  0x00, 0x00, 0xd0, 0xbd, 0x00, 0x00, 0x08, 0xbe, 0x00, 0x00, 0x30, 0xbe,
  0x00, 0x00, 0x50, 0xbe, 0x00, 0x00, 0x70, 0xbe, 0x00, 0x00, 0x84, 0xbe,
  0x00, 0x00, 0x94, 0xbe, 0x00, 0x00, 0xa0, 0xbe, 0x00, 0x00, 0xac, 0xbe,
  0x00, 0x00, 0xb4, 0xbe, 0x00, 0x00, 0xbc, 0xbe, 0x00, 0x00, 0xc4, 0xbe,
  0x00, 0x00, 0xc8, 0xbe, 0x00, 0x00, 0xcc, 0xbe, 0x00, 0x00, 0xcc, 0xbe,
  0x00, 0x00, 0xcc, 0xbe, 0x00, 0x00, 0xc8, 0xbe, 0x00, 0x00, 0xc4, 0xbe,
  0x00, 0x00, 0xbc, 0xbe, 0x00, 0x00, 0xb0, 0xbe, 0x00, 0x00, 0xa4, 0xbe,
  0x00, 0x00, 0x98, 0xbe, 0x00, 0x00, 0x88, 0xbe, 0x00, 0x00, 0x70, 0xbe,
  0x00, 0x00, 0x48, 0xbe, 0x00, 0x00, 0x20, 0xbe, 0x00, 0x00, 0xf0, 0xbd,
  0x00, 0x00, 0x90, 0xbd, 0x00, 0x00, 0x00, 0xbd, 0x00, 0x00, 0x80, 0x3c,
  0x00, 0x00, 0x90, 0x3d, 0x00, 0x00, 0xf0, 0x3d, 0x00, 0x00, 0x28, 0x3e,
  0x00, 0x00, 0x58, 0x3e, 0x00, 0x00, 0x88, 0x3e, 0x00, 0x00, 0xa0, 0x3e,
  0x00, 0x00, 0xb8, 0x3e, 0x00, 0x00, 0xcc, 0x3e, 0x00, 0x00, 0xe4, 0x3e,
  0x00, 0x00, 0xf8, 0x3e, 0x00, 0x00, 0x06, 0x3f, 0x00, 0x00, 0x10, 0x3f,
  0x00, 0x00, 0x18, 0x3f, 0x00, 0x00, 0x1e, 0x3f, 0x00, 0x00, 0x26, 0x3f,
  0x00, 0x00, 0x2c, 0x3f, 0x00, 0x00, 0x30, 0x3f, 0x00, 0x00, 0x34, 0x3f,
  0x00, 0x00, 0x36, 0x3f, 0x00, 0x00, 0x38, 0x3f, 0x00, 0x00, 0x3a, 0x3f,
  0x00, 0x00, 0x3a, 0x3f, 0x00, 0x00, 0x38, 0x3f, 0x00, 0x00, 0x38, 0x3f,
  0x00, 0x00, 0x34, 0x3f, 0x00, 0x00, 0x32, 0x3f, 0x00, 0x00, 0x2e, 0x3f,
  0x00, 0x00, 0x2a, 0x3f, 0x00, 0x00, 0x24, 0x3f, 0x00, 0x00, 0x1e, 0x3f,
  0x00, 0x00, 0x18, 0x3f, 0x00, 0x00, 0x12, 0x3f, 0x00, 0x00, 0x0c, 0x3f,
  0x00, 0x00, 0x04, 0x3f, 0x00, 0x00, 0xfc, 0x3e, 0x00, 0x00, 0xec, 0x3e,
  0x00, 0x00, 0xe0, 0x3e, 0x00, 0x00, 0xd0, 0x3e, 0x00, 0x00, 0xc4, 0x3e,
  0x00, 0x00, 0xb4, 0x3e, 0x00, 0x00, 0xa8, 0x3e, 0x00, 0x00, 0x9c, 0x3e,
  0x00, 0x00, 0x90, 0x3e, 0x00, 0x00, 0x84, 0x3e, 0x00, 0x00, 0x78, 0x3e,
  0x00, 0x00, 0x60, 0x3e, 0x00, 0x00, 0x50, 0x3e, 0x00, 0x00, 0x40, 0x3e,
  0x00, 0x00, 0x30, 0x3e, 0x00, 0x00, 0x28, 0x3e, 0x00, 0x00, 0x18, 0x3e,
  0x00, 0x00, 0x10, 0x3e, 0x00, 0x00, 0x08, 0x3e, 0x00, 0x00, 0x00, 0x3e,
  0x00, 0x00, 0xf0, 0x3d, 0x00, 0x00, 0xf0, 0x3d, 0x00, 0x00, 0xe0, 0x3d,
  0x00, 0x00, 0xd0, 0x3d, 0x00, 0x00, 0xd0, 0x3d, 0x00, 0x00, 0xc0, 0x3d,
  0x00, 0x00, 0xb0, 0x3d, 0x00, 0x00, 0xb0, 0x3d, 0x00, 0x00, 0xa0, 0x3d,
  0x00, 0x00, 0x90, 0x3d, 0x00, 0x00, 0x80, 0x3d, 0x00, 0x00, 0x40, 0x3d,
  0x00, 0x00, 0x20, 0x3d, 0x00, 0x00, 0xc0, 0x3c, 0x00, 0x00, 0x00, 0x3c,
  0x00, 0x00, 0x00, 0xbc, 0x00, 0x00, 0xc0, 0xbc, 0x00, 0x00, 0x40, 0xbd,
  0x00, 0x00, 0x90, 0xbd, 0x00, 0x00, 0xc0, 0xbd, 0x00, 0x00, 0xf0, 0xbd,
  0x00, 0x00, 0x10, 0xbe, 0x00, 0x00, 0x30, 0xbe, 0x00, 0x00, 0x48, 0xbe,
  0x00, 0x00, 0x68, 0xbe, 0x00, 0x00, 0x84, 0xbe, 0x00, 0x00, 0x94, 0xbe,
  0x00, 0x00, 0xa4, 0xbe, 0x00, 0x00, 0xb4, 0xbe, 0x00, 0x00, 0xc4, 0xbe,
  0x00, 0x00, 0xd4, 0xbe, 0x00, 0x00, 0xe4, 0xbe, 0x00, 0x00, 0xf0, 0xbe,
  0x00, 0x00, 0x00, 0xbf, 0x00, 0x00, 0x06, 0xbf, 0x00, 0x00, 0x0a, 0xbf,
  0x00, 0x00, 0x10, 0xbf, 0x00, 0x00, 0x14, 0xbf, 0x00, 0x00, 0x16, 0xbf,
  0x00, 0x00, 0x18, 0xbf, 0x00, 0x00, 0x1a, 0xbf, 0x00, 0x00, 0x1a, 0xbf,
  0x00, 0x00, 0x18, 0xbf, 0x00, 0x00, 0x16, 0xbf, 0x00, 0x00, 0x14, 0xbf,
  0x00, 0x00, 0x0e, 0xbf, 0x00, 0x00, 0x0a, 0xbf, 0x00, 0x00, 0x02, 0xbf,
  0x00, 0x00, 0xf4, 0xbe, 0x00, 0x00, 0xe4, 0xbe, 0x00, 0x00, 0xd0, 0xbe,
  0x00, 0x00, 0xbc, 0xbe, 0x00, 0x00, 0xa4, 0xbe, 0x00, 0x00, 0x88, 0xbe,
  0x00, 0x00, 0x60, 0xbe, 0x00, 0x00, 0x20, 0xbe, 0x00, 0x00, 0xd0, 0xbd,
  0x00, 0x00, 0x20, 0xbd, 0x00, 0x00, 0x80, 0x3c, 0x00, 0x00, 0xa0, 0x3d,
  0x00, 0x00, 0x10, 0x3e, 0x00, 0x00, 0x50, 0x3e, 0x00, 0x00, 0x88, 0x3e,
  0x00, 0x00, 0xa8, 0x3e, 0x00, 0x00, 0xc4, 0x3e, 0x00, 0x00, 0xe4, 0x3e,
  0x00, 0x00, 0xfc, 0x3e, 0x00, 0x00, 0x0c, 0x3f, 0x00, 0x00, 0x18, 0x3f,
  0x00, 0x00, 0x24, 0x3f, 0x00, 0x00, 0x2e, 0x3f, 0x00, 0x00, 0x36, 0x3f,
  0x00, 0x00, 0x3e, 0x3f, 0x00, 0x00, 0x44, 0x3f, 0x00, 0x00, 0x4a, 0x3f,
  0x00, 0x00, 0x4c, 0x3f, 0x00, 0x00, 0x4e, 0x3f, 0x00, 0x00, 0x50, 0x3f,
  0x00, 0x00, 0x4e, 0x3f, 0x00, 0x00, 0x4c, 0x3f, 0x00, 0x00, 0x48, 0x3f,
  0x00, 0x00, 0x42, 0x3f, 0x00, 0x00, 0x3c, 0x3f, 0x00, 0x00, 0x34, 0x3f,
  0x00, 0x00, 0x2a, 0x3f, 0x00, 0x00, 0x20, 0x3f, 0x00, 0x00, 0x16, 0x3f,
  0x00, 0x00, 0x08, 0x3f, 0x00, 0x00, 0xf8, 0x3e, 0x00, 0x00, 0xdc, 0x3e,
  0x00, 0x00, 0xc0, 0x3e, 0x00, 0x00, 0xa0, 0x3e, 0x00, 0x00, 0x84, 0x3e,
  0x00, 0x00, 0x48, 0x3e, 0x00, 0x00, 0x10, 0x3e, 0x00, 0x00, 0xa0, 0x3d,
  0x00, 0x00, 0xc0, 0x3c, 0x00, 0x00, 0x00, 0xbd, 0x00, 0x00, 0xb0, 0xbd,
  0x00, 0x00, 0x10, 0xbe, 0x00, 0x00, 0x40, 0xbe, 0x00, 0x00, 0x70, 0xbe,
  0x00, 0x00, 0x8c, 0xbe, 0x00, 0x00, 0x9c, 0xbe, 0x00, 0x00, 0xac, 0xbe,
  0x00, 0x00, 0xbc, 0xbe, 0x00, 0x00, 0xc4, 0xbe, 0x00, 0x00, 0xcc, 0xbe,
  0x00, 0x00, 0xd0, 0xbe, 0x00, 0x00, 0xd4, 0xbe, 0x00, 0x00, 0xd0, 0xbe,
  0x00, 0x00, 0xcc, 0xbe, 0x00, 0x00, 0xc8, 0xbe, 0x00, 0x00, 0xbc, 0xbe,
  0x00, 0x00, 0xb0, 0xbe, 0x00, 0x00, 0xa0, 0xbe, 0x00, 0x00, 0x90, 0xbe,
  0x00, 0x00, 0x78, 0xbe, 0x00, 0x00, 0x50, 0xbe, 0x00, 0x00, 0x20, 0xbe,
  0x00, 0x00, 0xd0, 0xbd, 0x00, 0x00, 0x60, 0xbd, 0x00, 0x00, 0x00, 0x00,
  0x00, 0x00, 0x60, 0x3d, 0x00, 0x00, 0xe0, 0x3d, 0x00, 0x00, 0x30, 0x3e,
  0x00, 0x00, 0x68, 0x3e, 0x00, 0x00, 0x90, 0x3e, 0x00, 0x00, 0xac, 0x3e,
  0x00, 0x00, 0xc8, 0x3e, 0x00, 0x00, 0xe4, 0x3e, 0x00, 0x00, 0xfc, 0x3e,
  0x00, 0x00, 0x0a, 0x3f, 0x00, 0x00, 0x14, 0x3f, 0x00, 0x00, 0x1e, 0x3f,
  0x00, 0x00, 0x28, 0x3f, 0x00, 0x00, 0x2e, 0x3f, 0x00, 0x00, 0x36, 0x3f,
  0x00, 0x00, 0x3a, 0x3f, 0x00, 0x00, 0x3e, 0x3f, 0x00, 0x00, 0x40, 0x3f,
  0x00, 0x00, 0x40, 0x3f, 0x00, 0x00, 0x40, 0x3f, 0x00, 0x00, 0x3e, 0x3f,
  0x00, 0x00, 0x3a, 0x3f, 0x00, 0x00, 0x36, 0x3f, 0x00, 0x00, 0x30, 0x3f,
  0x00, 0x00, 0x28, 0x3f, 0x00, 0x00, 0x20, 0x3f, 0x00, 0x00, 0x16, 0x3f,
  0x00, 0x00, 0x0c, 0x3f, 0x00, 0x00, 0x00, 0x3f, 0x00, 0x00, 0xe8, 0x3e,
  0x00, 0x00, 0xcc, 0x3e, 0x00, 0x00, 0xb4, 0x3e, 0x00, 0x00, 0x98, 0x3e,
  0x00, 0x00, 0x70, 0x3e, 0x00, 0x00, 0x38, 0x3e, 0x00, 0x00, 0x00, 0x3e,
  0x00, 0x00, 0x80, 0x3d, 0x00, 0x00, 0x00, 0x3c, 0x00, 0x00, 0x40, 0xbd,
  0x00, 0x00, 0xd0, 0xbd, 0x00, 0x00, 0x20, 0xbe, 0x00, 0x00, 0x50, 0xbe,
  0x00, 0x00, 0x80, 0xbe, 0x00, 0x00, 0x98, 0xbe, 0x00, 0x00, 0xac, 0xbe,
  0x00, 0x00, 0xc0, 0xbe, 0x00, 0x00, 0xd0, 0xbe, 0x00, 0x00, 0xdc, 0xbe,
  0x00, 0x00, 0xe8, 0xbe, 0x00, 0x00, 0xf4, 0xbe, 0x00, 0x00, 0xfc, 0xbe,
  0x00, 0x00, 0x00, 0xbf, 0x00, 0x00, 0x02, 0xbf, 0x00, 0x00, 0x02, 0xbf,
  0x00, 0x00, 0x00, 0xbf, 0x00, 0x00, 0xfc, 0xbe, 0x00, 0x00, 0xf4, 0xbe,
  0x00, 0x00, 0xec, 0xbe, 0x00, 0x00, 0xe0, 0xbe, 0x00, 0x00, 0xd4, 0xbe,
  0x00, 0x00, 0xc4, 0xbe, 0x00, 0x00, 0xb4, 0xbe, 0x00, 0x00, 0xa0, 0xbe,
  0x00, 0x00, 0x8c, 0xbe, 0x00, 0x00, 0x70, 0xbe, 0x00, 0x00, 0x48, 0xbe,
  0x00, 0x00, 0x18, 0xbe, 0x00, 0x00, 0xd0, 0xbd, 0x00, 0x00, 0x60, 0xbd,
  0x00, 0x00, 0x00, 0xbc, 0x00, 0x00, 0x20, 0x3d, 0x00, 0x00, 0xb0, 0x3d,
  0x00, 0x00, 0x08, 0x3e, 0x00, 0x00, 0x38, 0x3e, 0x00, 0x00, 0x68, 0x3e,
  0x00, 0x00, 0x88, 0x3e, 0x00, 0x00, 0xa0, 0x3e, 0x00, 0x00, 0xb4, 0x3e,
  0x00, 0x00, 0xc8, 0x3e, 0x00, 0x00, 0xdc, 0x3e, 0x00, 0x00, 0xec, 0x3e,
  0x00, 0x00, 0xfc, 0x3e, 0x00, 0x00, 0x06, 0x3f, 0x00, 0x00, 0x0c, 0x3f,
  0x00, 0x00, 0x12, 0x3f, 0x00, 0x00, 0x16, 0x3f, 0x00, 0x00, 0x1c, 0x3f,
  0x00, 0x00, 0x1e, 0x3f, 0x00, 0x00, 0x22, 0x3f, 0x00, 0x00, 0x24, 0x3f,
  0x00, 0x00, 0x24, 0x3f, 0x00, 0x00, 0x24, 0x3f, 0x00, 0x00, 0x24, 0x3f,
  0x00, 0x00, 0x24, 0x3f, 0x00, 0x00, 0x22, 0x3f, 0x00, 0x00, 0x20, 0x3f,
  0x00, 0x00, 0x1c, 0x3f, 0x00, 0x00, 0x18, 0x3f, 0x00, 0x00, 0x14, 0x3f,
  0x00, 0x00, 0x10, 0x3f, 0x00, 0x00, 0x0a, 0x3f, 0x00, 0x00, 0x06, 0x3f,
  0x00, 0x00, 0x00, 0x3f, 0x00, 0x00, 0xf0, 0x3e, 0x00, 0x00, 0xe4, 0x3e,
  0x00, 0x00, 0xd8, 0x3e, 0x00, 0x00, 0xc8, 0x3e, 0x00, 0x00, 0xb8, 0x3e,
  0x00, 0x00, 0xa8, 0x3e, 0x00, 0x00, 0x9c, 0x3e, 0x00, 0x00, 0x8c, 0x3e,
  0x00, 0x00, 0x78, 0x3e, 0x00, 0x00, 0x58, 0x3e, 0x00, 0x00, 0x38, 0x3e,
  0x00, 0x00, 0x18, 0x3e, 0x00, 0x00, 0xf0, 0x3d, 0x00, 0x00, 0xb0, 0x3d,
  0x00, 0x00, 0x60, 0x3d, 0x00, 0x00, 0xc0, 0x3c, 0x00, 0x00, 0x00, 0x00,
  0x00, 0x00, 0x00, 0xbd, 0x00, 0x00, 0x60, 0xbd, 0x00, 0x00, 0xa0, 0xbd,
  0x00, 0x00, 0xd0, 0xbd, 0x00, 0x00, 0x00, 0xbe, 0x00, 0x00, 0x18, 0xbe,
  0x00, 0x00, 0x30, 0xbe, 0x00, 0x00, 0x40, 0xbe, 0x00, 0x00, 0x50, 0xbe,
  0x00, 0x00, 0x60, 0xbe, 0x00, 0x00, 0x68, 0xbe, 0x00, 0x00, 0x78, 0xbe,
  0x00, 0x00, 0x80, 0xbe, 0x00, 0x00, 0x80, 0xbe, 0x00, 0x00, 0x84, 0xbe,
  0x00, 0x00, 0x84, 0xbe, 0x00, 0x00, 0x80, 0xbe, 0x00, 0x00, 0x80, 0xbe,
  0x00, 0x00, 0x78, 0xbe, 0x00, 0x00, 0x70, 0xbe, 0x00, 0x00, 0x60, 0xbe,
  0x00, 0x00, 0x50, 0xbe, 0x00, 0x00, 0x40, 0xbe, 0x00, 0x00, 0x28, 0xbe,
  0x00, 0x00, 0x10, 0xbe, 0x00, 0x00, 0xe0, 0xbd, 0x00, 0x00, 0xb0, 0xbd,
  0x00, 0x00, 0x60, 0xbd, 0x00, 0x00, 0x80, 0xbc, 0x00, 0x00, 0xc0, 0x3c,
  0x00, 0x00, 0x60, 0x3d, 0x00, 0x00, 0xd0, 0x3d, 0x00, 0x00, 0x10, 0x3e,
  0x00, 0x00, 0x40, 0x3e, 0x00, 0x00, 0x70, 0x3e, 0x00, 0x00, 0x8c, 0x3e,
  0x00, 0x00, 0xa4, 0x3e, 0x00, 0x00, 0xc0, 0x3e, 0x00, 0x00, 0xd8, 0x3e,
  0x00, 0x00, 0xf0, 0x3e, 0x00, 0x00, 0x04, 0x3f, 0x00, 0x00, 0x10, 0x3f,
  0x00, 0x00, 0x1c, 0x3f, 0x00, 0x00, 0x28, 0x3f, 0x00, 0x00, 0x32, 0x3f,
  0x00, 0x00, 0x3e, 0x3f, 0x00, 0x00, 0x48, 0x3f, 0x00, 0x00, 0x50, 0x3f,
  0x00, 0x00, 0x5a, 0x3f, 0x00, 0x00, 0x62, 0x3f, 0x00, 0x00, 0x68, 0x3f,
  0x00, 0x00, 0x6e, 0x3f, 0x00, 0x00, 0x74, 0x3f, 0x00, 0x00, 0x78, 0x3f,
  0x00, 0x00, 0x7c, 0x3f, 0x00, 0x00, 0x7e, 0x3f, 0x00, 0x00, 0x7e, 0x3f,
  0x00, 0x00, 0x7e, 0x3f, 0x00, 0x00, 0x7c, 0x3f, 0x00, 0x00, 0x7a, 0x3f,
  0x00, 0x00, 0x76, 0x3f, 0x00, 0x00, 0x70, 0x3f, 0x00, 0x00, 0x6a, 0x3f,
  0x00, 0x00, 0x62, 0x3f, 0x00, 0x00, 0x5a, 0x3f, 0x00, 0x00, 0x52, 0x3f,
  0x00, 0x00, 0x46, 0x3f, 0x00, 0x00, 0x3c, 0x3f, 0x00, 0x00, 0x2e, 0x3f,
  0x00, 0x00, 0x22, 0x3f, 0x00, 0x00, 0x14, 0x3f, 0x00, 0x00, 0x06, 0x3f,
  0x00, 0x00, 0xec, 0x3e, 0x00, 0x00, 0xd0, 0x3e, 0x00, 0x00, 0xb0, 0x3e,
  0x00, 0x00, 0xbc, 0x3e, 0x00, 0x00, 0x8c, 0x3e, 0x00, 0x00, 0x30, 0x3e,
  0x00, 0x00, 0x90, 0x3d, 0x00, 0x00, 0x00, 0xbd, 0x00, 0x00, 0x00, 0xbe,
  0x00, 0x00, 0x68, 0xbe, 0x00, 0x00, 0xa0, 0xbe, 0x00, 0x00, 0xcc, 0xbe,
  0x00, 0x00, 0xf4, 0xbe, 0x00, 0x00, 0x0c, 0xbf, 0x00, 0x00, 0x1a, 0xbf,
  0x00, 0x00, 0x28, 0xbf, 0x00, 0x00, 0x32, 0xbf, 0x00, 0x00, 0x38, 0xbf,
  0x00, 0x00, 0x3c, 0xbf, 0x00, 0x00, 0x3e, 0xbf, 0x00, 0x00, 0x3e, 0xbf,
  0x00, 0x00, 0x3a, 0xbf, 0x00, 0x00, 0x34, 0xbf, 0x00, 0x00, 0x2a, 0xbf,
  0x00, 0x00, 0x20, 0xbf, 0x00, 0x00, 0x14, 0xbf, 0x00, 0x00, 0x06, 0xbf,
  0x00, 0x00, 0xec, 0xbe, 0x00, 0x00, 0xd0, 0xbe, 0x00, 0x00, 0xac, 0xbe,
  0x00, 0x00, 0x8c, 0xbe, 0x00, 0x00, 0x58, 0xbe, 0x00, 0x00, 0x18, 0xbe,
  0x00, 0x00, 0xc0, 0xbd, 0x00, 0x00, 0x20, 0xbd, 0x00, 0x00, 0x00, 0x3c,
  0x00, 0x00, 0x60, 0x3d, 0x00, 0x00, 0xb0, 0x3d, 0x00, 0x00, 0xf0, 0x3d,
  0x00, 0x00, 0x10, 0x3e, 0x00, 0x00, 0x20, 0x3e, 0x00, 0x00, 0x28, 0x3e,
  0x00, 0x00, 0x28, 0x3e, 0x00, 0x00, 0x20, 0x3e, 0x00, 0x00, 0x10, 0x3e,
  0x00, 0x00, 0x00, 0x3e, 0x00, 0x00, 0xd0, 0x3d, 0x00, 0x00, 0x90, 0x3d,
  0x00, 0x00, 0x20, 0x3d, 0x00, 0x00, 0x00, 0x3c, 0x00, 0x00, 0x00, 0xbd,
  0x00, 0x00, 0x80, 0xbd, 0x00, 0x00, 0xd0, 0xbd, 0x00, 0x00, 0x08, 0xbe,
  0x00, 0x00, 0x28, 0xbe, 0x00, 0x00, 0x48, 0xbe, 0x00, 0x00, 0x68, 0xbe,
  0x00, 0x00, 0x78, 0xbe, 0x00, 0x00, 0x88, 0xbe, 0x00, 0x00, 0x8c, 0xbe,
  0x00, 0x00, 0x90, 0xbe, 0x00, 0x00, 0x94, 0xbe, 0x00, 0x00, 0x90, 0xbe,
  0x00, 0x00, 0x90, 0xbe, 0x00, 0x00, 0x88, 0xbe, 0x00, 0x00, 0x84, 0xbe,
  0x00, 0x00, 0x78, 0xbe, 0x00, 0x00, 0x60, 0xbe, 0x00, 0x00, 0x50, 0xbe,
  0x00, 0x00, 0x38, 0xbe, 0x00, 0x00, 0x20, 0xbe, 0x00, 0x00, 0x08, 0xbe,
  0x00, 0x00, 0xf0, 0xbd, 0x00, 0x00, 0xc0, 0xbd, 0x00, 0x00, 0xa0, 0xbd,
  0x00, 0x00, 0x80, 0xbd, 0x00, 0x00, 0x60, 0xbd, 0x00, 0x00, 0x40, 0xbd,
  0x00, 0x00, 0x20, 0xbd, 0x00, 0x00, 0x20, 0xbd, 0x00, 0x00, 0x40, 0xbd,
  0x00, 0x00, 0x60, 0xbd, 0x00, 0x00, 0x80, 0xbd, 0x00, 0x00, 0xa0, 0xbd,
  0x00, 0x00, 0xc0, 0xbd, 0x00, 0x00, 0xf0, 0xbd, 0x00, 0x00, 0x08, 0xbe,
  0x00, 0x00, 0x20, 0xbe, 0x00, 0x00, 0x40, 0xbe, 0x00, 0x00, 0x58, 0xbe,
  0x00, 0x00, 0x70, 0xbe, 0x00, 0x00, 0x84, 0xbe, 0x00, 0x00, 0x90, 0xbe,
  0x00, 0x00, 0x9c, 0xbe, 0x00, 0x00, 0xa8, 0xbe, 0x00, 0x00, 0xb0, 0xbe,
  0x00, 0x00, 0xb8, 0xbe, 0x00, 0x00, 0xc0, 0xbe, 0x00, 0x00, 0xc4, 0xbe,
  0x00, 0x00, 0xc8, 0xbe, 0x00, 0x00, 0xc8, 0xbe, 0x00, 0x00, 0xc8, 0xbe,
  0x00, 0x00, 0xc8, 0xbe, 0x00, 0x00, 0xc4, 0xbe, 0x00, 0x00, 0xc0, 0xbe,
  0x00, 0x00, 0xb8, 0xbe, 0x00, 0x00, 0xb0, 0xbe, 0x00, 0x00, 0xa8, 0xbe,
  0x00, 0x00, 0xa0, 0xbe, 0x00, 0x00, 0x94, 0xbe, 0x00, 0x00, 0x8c, 0xbe,
  0x00, 0x00, 0x80, 0xbe, 0x00, 0x00, 0x68, 0xbe, 0x00, 0x00, 0x50, 0xbe,
  0x00, 0x00, 0x38, 0xbe, 0x00, 0x00, 0x20, 0xbe, 0x00, 0x00, 0x00, 0xbe,
  0x00, 0x00, 0xd0, 0xbd, 0x00, 0x00, 0xa0, 0xbd, 0x00, 0x00, 0x40, 0xbd,
  0x00, 0x00, 0xc0, 0xbc, 0x00, 0x00, 0x00, 0x00, 0x00, 0x00, 0x00, 0x3d,
  0x00, 0x00, 0x60, 0x3d, 0x00, 0x00, 0xb0, 0x3d, 0x00, 0x00, 0xe0, 0x3d,
  0x00, 0x00, 0x10, 0x3e, 0x00, 0x00, 0x28, 0x3e, 0x00, 0x00, 0x48, 0x3e,
  0x00, 0x00, 0x68, 0x3e, 0x00, 0x00, 0x80, 0x3e, 0x00, 0x00, 0x90, 0x3e,
  0x00, 0x00, 0x9c, 0x3e, 0x00, 0x00, 0xac, 0x3e, 0x00, 0x00, 0xb8, 0x3e,
  0x00, 0x00, 0xc4, 0x3e, 0x00, 0x00, 0xd0, 0x3e, 0x00, 0x00, 0xdc, 0x3e,
  0x00, 0x00, 0xe4, 0x3e, 0x00, 0x00, 0xec, 0x3e, 0x00, 0x00, 0xf0, 0x3e,
  0x00, 0x00, 0xf4, 0x3e, 0x00, 0x00, 0xf4, 0x3e, 0x00, 0x00, 0xf4, 0x3e,
  0x00, 0x00, 0xf4, 0x3e, 0x00, 0x00, 0xec, 0x3e, 0x00, 0x00, 0xe8, 0x3e,
  0x00, 0x00, 0xdc, 0x3e, 0x00, 0x00, 0xd0, 0x3e, 0x00, 0x00, 0xc4, 0x3e,
  0x00, 0x00, 0xb4, 0x3e, 0x00, 0x00, 0xa0, 0x3e, 0x00, 0x00, 0x90, 0x3e,
  0x00, 0x00, 0x78, 0x3e, 0x00, 0x00, 0x48, 0x3e, 0x00, 0x00, 0x20, 0x3e,
  0x00, 0x00, 0xf0, 0x3d, 0x00, 0x00, 0x90, 0x3d, 0x00, 0x00, 0x00, 0x3d,
  0x00, 0x00, 0x00, 0x00, 0x00, 0x00, 0x20, 0xbd, 0x00, 0x00, 0x90, 0xbd,
  0x00, 0x00, 0xc0, 0xbd, 0x00, 0x00, 0xf0, 0xbd, 0x00, 0x00, 0x08, 0xbe,
  0x00, 0x00, 0x10, 0xbe, 0x00, 0x00, 0x18, 0xbe, 0x00, 0x00, 0x18, 0xbe,
  0x00, 0x00, 0x10, 0xbe, 0x00, 0x00, 0x00, 0xbe, 0x00, 0x00, 0xd0, 0xbd,
  0x00, 0x00, 0xa0, 0xbd, 0x00, 0x00, 0x60, 0xbd, 0x00, 0x00, 0xc0, 0xbc,
  0x00, 0x00, 0x80, 0x3c, 0x00, 0x00, 0x60, 0x3d, 0x00, 0x00, 0xc0, 0x3d,
  0x00, 0x00, 0x08, 0x3e, 0x00, 0x00, 0x28, 0x3e, 0x00, 0x00, 0x50, 0x3e,
  0x00, 0x00, 0x70, 0x3e, 0x00, 0x00, 0x88, 0x3e, 0x00, 0x00, 0x94, 0x3e,
  0x00, 0x00, 0x9c, 0x3e, 0x00, 0x00, 0xa0, 0x3e, 0x00, 0x00, 0xa4, 0x3e,
  0x00, 0x00, 0xa0, 0x3e, 0x00, 0x00, 0x9c, 0x3e, 0x00, 0x00, 0x90, 0x3e,
  0x00, 0x00, 0x80, 0x3e, 0x00, 0x00, 0x60, 0x3e, 0x00, 0x00, 0x38, 0x3e,
  0x00, 0x00, 0x00, 0x3e, 0x00, 0x00, 0x90, 0x3d, 0x00, 0x00, 0x80, 0x3c,
  0x00, 0x00, 0x40, 0xbd, 0x00, 0x00, 0xe0, 0xbd, 0x00, 0x00, 0x38, 0xbe,
  0x00, 0x00, 0x78, 0xbe, 0x00, 0x00, 0x9c, 0xbe, 0x00, 0x00, 0xbc, 0xbe,
  0x00, 0x00, 0xd8, 0xbe, 0x00, 0x00, 0xf0, 0xbe, 0x00, 0x00, 0x02, 0xbf,
  0x00, 0x00, 0x0c, 0xbf, 0x00, 0x00, 0x12, 0xbf, 0x00, 0x00, 0x14, 0xbf,
  0x00, 0x00, 0x16, 0xbf, 0x00, 0x00, 0x14, 0xbf, 0x00, 0x00, 0x0e, 0xbf,
  0x00, 0x00, 0x06, 0xbf, 0x00, 0x00, 0xf8, 0xbe, 0x00, 0x00, 0xdc, 0xbe,
  0x00, 0x00, 0xbc, 0xbe, 0x00, 0x00, 0x94, 0xbe, 0x00, 0x00, 0x58, 0xbe,
  0x00, 0x00, 0x00, 0xbe, 0x00, 0x00, 0xc0, 0xbc, 0x00, 0x00, 0x90, 0x3d,
  0x00, 0x00, 0x30, 0x3e, 0x00, 0x00, 0x8c, 0x3e, 0x00, 0x00, 0xc0, 0x3e,
  0x00, 0x00, 0xf0, 0x3e, 0x00, 0x00, 0x10, 0x3f, 0x00, 0x00, 0x26, 0x3f,
  0x00, 0x00, 0x3c, 0x3f, 0x00, 0x00, 0x4e, 0x3f, 0x00, 0x00, 0x5c, 0x3f,
  0x00, 0x00, 0x68, 0x3f, 0x00, 0x00, 0x72, 0x3f, 0x00, 0x00, 0x78, 0x3f,
  0x00, 0x00, 0x7a, 0x3f, 0x00, 0x00, 0x7a, 0x3f, 0x00, 0x00, 0x74, 0x3f,
  0x00, 0x00, 0x6c, 0x3f, 0x00, 0x00, 0x62, 0x3f, 0x00, 0x00, 0x54, 0x3f,
  0x00, 0x00, 0x42, 0x3f, 0x00, 0x00, 0x2e, 0x3f, 0x00, 0x00, 0x1a, 0x3f,
  0x00, 0x00, 0x02, 0x3f, 0x00, 0x00, 0xd0, 0x3e, 0x00, 0x00, 0x9c, 0x3e,
  0x00, 0x00, 0x50, 0x3e, 0x00, 0x00, 0xd0, 0x3d, 0x00, 0x00, 0x00, 0x00,
  0x00, 0x00, 0xd0, 0xbd, 0x00, 0x00, 0x48, 0xbe, 0x00, 0x00, 0x90, 0xbe,
  0x00, 0x00, 0xbc, 0xbe, 0x00, 0x00, 0xe0, 0xbe, 0x00, 0x00, 0x00, 0xbf,
  0x00, 0x00, 0x0e, 0xbf, 0x00, 0x00, 0x18, 0xbf, 0x00, 0x00, 0x20, 0xbf,
  0x00, 0x00, 0x24, 0xbf, 0x00, 0x00, 0x26, 0xbf, 0x00, 0x00, 0x24, 0xbf,
  0x00, 0x00, 0x20, 0xbf, 0x00, 0x00, 0x18, 0xbf, 0x00, 0x00, 0x10, 0xbf,
  0x00, 0x00, 0x04, 0xbf, 0x00, 0x00, 0xec, 0xbe, 0x00, 0x00, 0xd0, 0xbe,
  0x00, 0x00, 0xb0, 0xbe, 0x00, 0x00, 0x8c, 0xbe, 0x00, 0x00, 0x50, 0xbe,
  0x00, 0x00, 0x10, 0xbe, 0x00, 0x00, 0x90, 0xbd, 0x00, 0x00, 0x00, 0xbc,
  0x00, 0x00, 0x60, 0x3d, 0x00, 0x00, 0xf0, 0x3d, 0x00, 0x00, 0x28, 0x3e,
  0x00, 0x00, 0x58, 0x3e, 0x00, 0x00, 0x80, 0x3e, 0x00, 0x00, 0x8c, 0x3e,
  0x00, 0x00, 0x98, 0x3e, 0x00, 0x00, 0xa0, 0x3e, 0x00, 0x00, 0xa0, 0x3e,
  0x00, 0x00, 0x9c, 0x3e, 0x00, 0x00, 0x94, 0x3e, 0x00, 0x00, 0x88, 0x3e,
  0x00, 0x00, 0x70, 0x3e, 0x00, 0x00, 0x48, 0x3e, 0x00, 0x00, 0x20, 0x3e,
  0x00, 0x00, 0xe0, 0x3d, 0x00, 0x00, 0x60, 0x3d, 0x00, 0x00, 0x00, 0xbc,
  0x00, 0x00, 0x80, 0xbd, 0x00, 0x00, 0x00, 0xbe, 0x00, 0x00, 0x40, 0xbe,
  0x00, 0x00, 0x78, 0xbe, 0x00, 0x00, 0x9c, 0xbe, 0x00, 0x00, 0xb8, 0xbe,
  0x00, 0x00, 0xd0, 0xbe, 0x00, 0x00, 0xe8, 0xbe, 0x00, 0x00, 0x00, 0xbf,
  0x00, 0x00, 0x08, 0xbf, 0x00, 0x00, 0x10, 0xbf, 0x00, 0x00, 0x16, 0xbf,
  0x00, 0x00, 0x1a, 0xbf, 0x00, 0x00, 0x1c, 0xbf, 0x00, 0x00, 0x1e, 0xbf,
  0x00, 0x00, 0x1c, 0xbf, 0x00, 0x00, 0x1a, 0xbf, 0x00, 0x00, 0x16, 0xbf,
  0x00, 0x00, 0x10, 0xbf, 0x00, 0x00, 0x0a, 0xbf, 0x00, 0x00, 0x02, 0xbf,
  0x00, 0x00, 0xf4, 0xbe, 0x00, 0x00, 0xe0, 0xbe, 0x00, 0x00, 0xc8, 0xbe,
  0x00, 0x00, 0xb4, 0xbe, 0x00, 0x00, 0x9c, 0xbe, 0x00, 0x00, 0x88, 0xbe,
  0x00, 0x00, 0x60, 0xbe, 0x00, 0x00, 0x30, 0xbe, 0x00, 0x00, 0x08, 0xbe,
  0x00, 0x00, 0xc0, 0xbd, 0x00, 0x00, 0x60, 0xbd, 0x00, 0x00, 0x80, 0xbc,
  0x00, 0x00, 0xc0, 0x3c, 0x00, 0x00, 0x60, 0x3d, 0x00, 0x00, 0xa0, 0x3d,
  0x00, 0x00, 0xe0, 0x3d, 0x00, 0x00, 0x00, 0x3e, 0x00, 0x00, 0x18, 0x3e,
  0x00, 0x00, 0x28, 0x3e, 0x00, 0x00, 0x30, 0x3e, 0x00, 0x00, 0x40, 0x3e,
  0x00, 0x00, 0x48, 0x3e, 0x00, 0x00, 0x48, 0x3e, 0x00, 0x00, 0x48, 0x3e,
  0x00, 0x00, 0x48, 0x3e, 0x00, 0x00, 0x48, 0x3e, 0x00, 0x00, 0x40, 0x3e,
  0x00, 0x00, 0x40, 0x3e, 0x00, 0x00, 0x38, 0x3e, 0x00, 0x00, 0x30, 0x3e,
  0x00, 0x00, 0x20, 0x3e, 0x00, 0x00, 0x18, 0x3e, 0x00, 0x00, 0x10, 0x3e,
  0x00, 0x00, 0x00, 0x3e, 0x00, 0x00, 0xf0, 0x3d, 0x00, 0x00, 0xd0, 0x3d,
  0x00, 0x00, 0xc0, 0x3d, 0x00, 0x00, 0xa0, 0x3d, 0x00, 0x00, 0x90, 0x3d,
  0x00, 0x00, 0x60, 0x3d, 0x00, 0x00, 0x40, 0x3d, 0x00, 0x00, 0x20, 0x3d,
  0x00, 0x00, 0xc0, 0x3c, 0x00, 0x00, 0x80, 0x3c, 0x00, 0x00, 0x00, 0x3c,
  0x00, 0x00, 0x00, 0x00, 0x00, 0x00, 0x00, 0xbc, 0x00, 0x00, 0x00, 0xbc,
  0x00, 0x00, 0x80, 0xbc, 0x00, 0x00, 0x80, 0xbc, 0x00, 0x00, 0x80, 0xbc,
  0x00, 0x00, 0x80, 0xbc, 0x00, 0x00, 0x80, 0xbc, 0x00, 0x00, 0x80, 0xbc,
  0x00, 0x00, 0x00, 0xbc, 0x00, 0x00, 0x00, 0x00, 0x00, 0x00, 0x00, 0x3c,
  0x00, 0x00, 0x80, 0x3c, 0x00, 0x00, 0xc0, 0x3c, 0x00, 0x00, 0x20, 0x3d,
  0x00, 0x00, 0x40, 0x3d, 0x00, 0x00, 0x80, 0x3d, 0x00, 0x00, 0xa0, 0x3d,
  0x00, 0x00, 0xc0, 0x3d, 0x00, 0x00, 0xe0, 0x3d, 0x00, 0x00, 0x00, 0x3e,
  0x00, 0x00, 0x10, 0x3e, 0x00, 0x00, 0x20, 0x3e, 0x00, 0x00, 0x30, 0x3e,
  0x00, 0x00, 0x40, 0x3e, 0x00, 0x00, 0x50, 0x3e, 0x00, 0x00, 0x58, 0x3e,
  0x00, 0x00, 0x60, 0x3e, 0x00, 0x00, 0x70, 0x3e, 0x00, 0x00, 0x70, 0x3e,
  0x00, 0x00, 0x78, 0x3e, 0x00, 0x00, 0x78, 0x3e, 0x00, 0x00, 0x78, 0x3e,
  0x00, 0x00, 0x70, 0x3e, 0x00, 0x00, 0x68, 0x3e, 0x00, 0x00, 0x60, 0x3e,
  0x00, 0x00, 0x58, 0x3e, 0x00, 0x00, 0x48, 0x3e, 0x00, 0x00, 0x38, 0x3e,
  0x00, 0x00, 0x28, 0x3e, 0x00, 0x00, 0x18, 0x3e, 0x00, 0x00, 0x00, 0x3e,
  0x00, 0x00, 0xe0, 0x3d, 0x00, 0x00, 0xb0, 0x3d, 0x00, 0x00, 0x90, 0x3d,
  0x00, 0x00, 0x40, 0x3d, 0x00, 0x00, 0x00, 0x3d, 0x00, 0x00, 0x00, 0x3c,
  0x00, 0x00, 0x00, 0xbc, 0x00, 0x00, 0x80, 0xbc, 0x00, 0x00, 0x00, 0xbd,
  0x00, 0x00, 0x20, 0xbd, 0x00, 0x00, 0x40, 0xbd, 0x00, 0x00, 0x40, 0xbd,
  0x00, 0x00, 0x40, 0xbd, 0x00, 0x00, 0x40, 0xbd, 0x00, 0x00, 0x20, 0xbd,
  0x00, 0x00, 0x00, 0xbd, 0x00, 0x00, 0xc0, 0xbc, 0x00, 0x00, 0x00, 0xbc,
  0x00, 0x00, 0x00, 0x3c, 0x00, 0x00, 0xc0, 0x3c, 0x00, 0x00, 0x20, 0x3d,
  0x00, 0x00, 0x60, 0x3d, 0x00, 0x00, 0x90, 0x3d, 0x00, 0x00, 0xb0, 0x3d,
  0x00, 0x00, 0xe0, 0x3d, 0x00, 0x00, 0x00, 0x3e, 0x00, 0x00, 0x10, 0x3e,
  0x00, 0x00, 0x18, 0x3e, 0x00, 0x00, 0x28, 0x3e, 0x00, 0x00, 0x30, 0x3e,
  0x00, 0x00, 0x30, 0x3e, 0x00, 0x00, 0x38, 0x3e, 0x00, 0x00, 0x38, 0x3e,
  0x00, 0x00, 0x30, 0x3e, 0x00, 0x00, 0x30, 0x3e, 0x00, 0x00, 0x20, 0x3e,
  0x00, 0x00, 0x18, 0x3e, 0x00, 0x00, 0x08, 0x3e, 0x00, 0x00, 0xf0, 0x3d,
  0x00, 0x00, 0xd0, 0x3d, 0x00, 0x00, 0xa0, 0x3d, 0x00, 0x00, 0x60, 0x3d,
  0x00, 0x00, 0x20, 0x3d, 0x00, 0x00, 0x80, 0x3c, 0x00, 0x00, 0x00, 0xbc,
  0x00, 0x00, 0x00, 0xbd, 0x00, 0x00, 0x40, 0xbd, 0x00, 0x00, 0x90, 0xbd,
  0x00, 0x00, 0xb0, 0xbd, 0x00, 0x00, 0xd0, 0xbd, 0x00, 0x00, 0xe0, 0xbd,
  0x00, 0x00, 0x00, 0xbe, 0x00, 0x00, 0x08, 0xbe, 0x00, 0x00, 0x08, 0xbe,
  0x00, 0x00, 0x10, 0xbe, 0x00, 0x00, 0x10, 0xbe, 0x00, 0x00, 0x08, 0xbe,
  0x00, 0x00, 0x08, 0xbe, 0x00, 0x00, 0x00, 0xbe, 0x00, 0x00, 0xf0, 0xbd,
  0x00, 0x00, 0xe0, 0xbd, 0x00, 0x00, 0xd0, 0xbd, 0x00, 0x00, 0xc0, 0xbd,
  0x00, 0x00, 0xb0, 0xbd, 0x00, 0x00, 0xa0, 0xbd, 0x00, 0x00, 0x90, 0xbd,
  0x00, 0x00, 0x80, 0xbd, 0x00, 0x00, 0x60, 0xbd, 0x00, 0x00, 0x60, 0xbd,
  0x00, 0x00, 0x60, 0xbd, 0x00, 0x00, 0x40, 0xbd, 0x00, 0x00, 0x40, 0xbd,
  0x00, 0x00, 0x60, 0xbd, 0x00, 0x00, 0x60, 0xbd, 0x00, 0x00, 0x80, 0xbd,
  0x00, 0x00, 0x80, 0xbd, 0x00, 0x00, 0x90, 0xbd, 0x00, 0x00, 0x90, 0xbd,
  0x00, 0x00, 0xa0, 0xbd, 0x00, 0x00, 0xa0, 0xbd, 0x00, 0x00, 0xb0, 0xbd,
  0x00, 0x00, 0xb0, 0xbd, 0x00, 0x00, 0xa0, 0xbd, 0x00, 0x00, 0xa0, 0xbd,
  0x00, 0x00, 0x90, 0xbd, 0x00, 0x00, 0x60, 0xbd, 0x00, 0x00, 0x20, 0xbd,
  0x00, 0x00, 0xc0, 0xbc, 0x00, 0x00, 0x00, 0x00, 0x00, 0x00, 0xc0, 0x3c,
  0x00, 0x00, 0x40, 0x3d, 0x00, 0x00, 0xb0, 0x3d, 0x00, 0x00, 0xf0, 0x3d,
  0x00, 0x00, 0x20, 0x3e, 0x00, 0x00, 0x40, 0x3e, 0x00, 0x00, 0x68, 0x3e,
  0x00, 0x00, 0x88, 0x3e, 0x00, 0x00, 0x9c, 0x3e, 0x00, 0x00, 0xb0, 0x3e,
  0x00, 0x00, 0xc4, 0x3e, 0x00, 0x00, 0xd4, 0x3e, 0x00, 0x00, 0xe0, 0x3e,
  0x00, 0x00, 0xec, 0x3e, 0x00, 0x00, 0xf8, 0x3e, 0x00, 0x00, 0xfc, 0x3e,
  0x00, 0x00, 0x00, 0x3f, 0x00, 0x00, 0x00, 0x3f, 0x00, 0x00, 0xfc, 0x3e,
  0x00, 0x00, 0xf4, 0x3e, 0x00, 0x00, 0xe8, 0x3e, 0x00, 0x00, 0xd8, 0x3e,
  0x00, 0x00, 0xc4, 0x3e, 0x00, 0x00, 0xac, 0x3e, 0x00, 0x00, 0x94, 0x3e,
  0x00, 0x00, 0x68, 0x3e, 0x00, 0x00, 0x30, 0x3e, 0x00, 0x00, 0xe0, 0x3d,
  0x00, 0x00, 0x20, 0x3d, 0x00, 0x00, 0x00, 0xbd, 0x00, 0x00, 0xc0, 0xbd,
  0x00, 0x00, 0x28, 0xbe, 0x00, 0x00, 0x68, 0xbe, 0x00, 0x00, 0x94, 0xbe,
  0x00, 0x00, 0xb0, 0xbe, 0x00, 0x00, 0xc8, 0xbe, 0x00, 0x00, 0xe0, 0xbe,
  0x00, 0x00, 0xf4, 0xbe, 0x00, 0x00, 0x00, 0xbf, 0x00, 0x00, 0x06, 0xbf,
  0x00, 0x00, 0x08, 0xbf, 0x00, 0x00, 0x08, 0xbf, 0x00, 0x00, 0x06, 0xbf,
  0x00, 0x00, 0x02, 0xbf, 0x00, 0x00, 0xf4, 0xbe, 0x00, 0x00, 0xe4, 0xbe,
  0x00, 0x00, 0xd0, 0xbe, 0x00, 0x00, 0xb4, 0xbe, 0x00, 0x00, 0x98, 0xbe,
  0x00, 0x00, 0x78, 0xbe, 0x00, 0x00, 0x38, 0xbe, 0x00, 0x00, 0xe0, 0xbd,
  0x00, 0x00, 0x40, 0xbd, 0x00, 0x00, 0x80, 0x3c, 0x00, 0x00, 0xa0, 0x3d,
  0x00, 0x00, 0x10, 0x3e, 0x00, 0x00, 0x40, 0x3e, 0x00, 0x00, 0x78, 0x3e,
  0x00, 0x00, 0x90, 0x3e, 0x00, 0x00, 0xa0, 0x3e, 0x00, 0x00, 0xac, 0x3e,
  0x00, 0x00, 0xb4, 0x3e, 0x00, 0x00, 0xb8, 0x3e, 0x00, 0x00, 0xb4, 0x3e,
  0x00, 0x00, 0xac, 0x3e, 0x00, 0x00, 0xa0, 0x3e, 0x00, 0x00, 0x90, 0x3e,
  0x00, 0x00, 0x70, 0x3e, 0x00, 0x00, 0x40, 0x3e, 0x00, 0x00, 0x00, 0x3e,
  0x00, 0x00, 0x80, 0x3d, 0x00, 0x00, 0x00, 0xbc, 0x00, 0x00, 0xa0, 0xbd,
  0x00, 0x00, 0x20, 0xbe, 0x00, 0x00, 0x70, 0xbe, 0x00, 0x00, 0x9c, 0xbe,
  0x00, 0x00, 0xc4, 0xbe, 0x00, 0x00, 0xe8, 0xbe, 0x00, 0x00, 0x04, 0xbf,
  0x00, 0x00, 0x14, 0xbf, 0x00, 0x00, 0x22, 0xbf, 0x00, 0x00, 0x2e, 0xbf,
  0x00, 0x00, 0x38, 0xbf, 0x00, 0x00, 0x40, 0xbf, 0x00, 0x00, 0x46, 0xbf,
  0x00, 0x00, 0x4a, 0xbf, 0x00, 0x00, 0x4a, 0xbf, 0x00, 0x00, 0x48, 0xbf,
  0x00, 0x00, 0x44, 0xbf, 0x00, 0x00, 0x3e, 0xbf, 0x00, 0x00, 0x36, 0xbf,
  0x00, 0x00, 0x2a, 0xbf, 0x00, 0x00, 0x1e, 0xbf, 0x00, 0x00, 0x12, 0xbf,
  0x00, 0x00, 0x02, 0xbf, 0x00, 0x00, 0xe8, 0xbe, 0x00, 0x00, 0xc8, 0xbe,
  0x00, 0x00, 0xa4, 0xbe, 0x00, 0x00, 0x84, 0xbe, 0x00, 0x00, 0x48, 0xbe,
  0x00, 0x00, 0x08, 0xbe, 0x00, 0x00, 0x90, 0xbd, 0x00, 0x00, 0x80, 0xbc,
  0x00, 0x00, 0x00, 0x3d, 0x00, 0x00, 0xa0, 0x3d, 0x00, 0x00, 0x00, 0x3e,
  0x00, 0x00, 0x20, 0x3e, 0x00, 0x00, 0x40, 0x3e, 0x00, 0x00, 0x58, 0x3e,
  0x00, 0x00, 0x68, 0x3e, 0x00, 0x00, 0x70, 0x3e, 0x00, 0x00, 0x78, 0x3e,
  0x00, 0x00, 0x78, 0x3e, 0x00, 0x00, 0x70, 0x3e, 0x00, 0x00, 0x68, 0x3e,
  0x00, 0x00, 0x58, 0x3e, 0x00, 0x00, 0x48, 0x3e, 0x00, 0x00, 0x30, 0x3e,
  0x00, 0x00, 0x20, 0x3e, 0x00, 0x00, 0x00, 0x3e, 0x00, 0x00, 0xd0, 0x3d,
  0x00, 0x00, 0xa0, 0x3d, 0x00, 0x00, 0x60, 0x3d, 0x00, 0x00, 0xc0, 0x3c,
  0x00, 0x00, 0x00, 0x00, 0x00, 0x00, 0xc0, 0xbc, 0x00, 0x00, 0x20, 0xbd,
  0x00, 0x00, 0x80, 0xbd, 0x00, 0x00, 0xa0, 0xbd, 0x00, 0x00, 0xc0, 0xbd,
  0x00, 0x00, 0xd0, 0xbd, 0x00, 0x00, 0xe0, 0xbd, 0x00, 0x00, 0x00, 0xbe,
  0x00, 0x00, 0x00, 0xbe, 0x00, 0x00, 0x08, 0xbe, 0x00, 0x00, 0x08, 0xbe,
  0x00, 0x00, 0x08, 0xbe, 0x00, 0x00, 0x08, 0xbe, 0x00, 0x00, 0x08, 0xbe,
  0x00, 0x00, 0x08, 0xbe, 0x00, 0x00, 0x08, 0xbe, 0x00, 0x00, 0x08, 0xbe,
  0x00, 0x00, 0x00, 0xbe, 0x00, 0x00, 0x00, 0xbe, 0x00, 0x00, 0x00, 0xbe,
  0x00, 0x00, 0x00, 0xbe, 0x00, 0x00, 0x00, 0xbe, 0x00, 0x00, 0x00, 0xbe,
  0x00, 0x00, 0x00, 0xbe, 0x00, 0x00, 0x08, 0xbe, 0x00, 0x00, 0x08, 0xbe,
  0x00, 0x00, 0x08, 0xbe, 0x00, 0x00, 0x10, 0xbe, 0x00, 0x00, 0x10, 0xbe,
  0x00, 0x00, 0x18, 0xbe, 0x00, 0x00, 0x18, 0xbe, 0x00, 0x00, 0x20, 0xbe,
  0x00, 0x00, 0x20, 0xbe, 0x00, 0x00, 0x20, 0xbe, 0x00, 0x00, 0x20, 0xbe,
  0x00, 0x00, 0x20, 0xbe, 0x00, 0x00, 0x20, 0xbe, 0x00, 0x00, 0x18, 0xbe,
  0x00, 0x00, 0x10, 0xbe, 0x00, 0x00, 0x08, 0xbe, 0x00, 0x00, 0x00, 0xbe,
  0x00, 0x00, 0xe0, 0xbd, 0x00, 0x00, 0xc0, 0xbd, 0x00, 0x00, 0xa0, 0xbd,
  0x00, 0x00, 0x80, 0xbd, 0x00, 0x00, 0x20, 0xbd, 0x00, 0x00, 0x80, 0xbc,
  0x00, 0x00, 0x80, 0x3c, 0x00, 0x00, 0x40, 0x3d, 0x00, 0x00, 0x90, 0x3d,
  0x00, 0x00, 0xe0, 0x3d, 0x00, 0x00, 0x10, 0x3e, 0x00, 0x00, 0x38, 0x3e,
  0x00, 0x00, 0x58, 0x3e, 0x00, 0x00, 0x80, 0x3e, 0x00, 0x00, 0x94, 0x3e,
  0x00, 0x00, 0xa8, 0x3e, 0x00, 0x00, 0xbc, 0x3e, 0x00, 0x00, 0xd0, 0x3e,
  0x00, 0x00, 0xe0, 0x3e, 0x00, 0x00, 0xf4, 0x3e, 0x00, 0x00, 0x02, 0x3f,
  0x00, 0x00, 0x0c, 0x3f, 0x00, 0x00, 0x12, 0x3f, 0x00, 0x00, 0x1a, 0x3f,
  0x00, 0x00, 0x20, 0x3f, 0x00, 0x00, 0x26, 0x3f, 0x00, 0x00, 0x2a, 0x3f,
  0x00, 0x00, 0x2e, 0x3f, 0x00, 0x00, 0x30, 0x3f, 0x00, 0x00, 0x32, 0x3f,
  0x00, 0x00, 0x32, 0x3f, 0x00, 0x00, 0x32, 0x3f, 0x00, 0x00, 0x30, 0x3f,
  0x00, 0x00, 0x2c, 0x3f, 0x00, 0x00, 0x28, 0x3f, 0x00, 0x00, 0x24, 0x3f,
  0x00, 0x00, 0x1c, 0x3f, 0x00, 0x00, 0x16, 0x3f, 0x00, 0x00, 0x0c, 0x3f,
  0x00, 0x00, 0x04, 0x3f, 0x00, 0x00, 0xf4, 0x3e, 0x00, 0x00, 0xdc, 0x3e,
  0x00, 0x00, 0xc8, 0x3e, 0x00, 0x00, 0xb0, 0x3e, 0x00, 0x00, 0x98, 0x3e,
  0x00, 0x00, 0x80, 0x3e, 0x00, 0x00, 0x50, 0x3e, 0x00, 0x00, 0x20, 0x3e,
  0x00, 0x00, 0xf0, 0x3d, 0x00, 0x00, 0xa0, 0x3d, 0x00, 0x00, 0x20, 0x3d,
  0x00, 0x00, 0x00, 0x3c, 0x00, 0x00, 0xc0, 0xbc, 0x00, 0x00, 0x40, 0xbd,
  0x00, 0x00, 0x90, 0xbd, 0x00, 0x00, 0xb0, 0xbd, 0x00, 0x00, 0xd0, 0xbd,
  0x00, 0x00, 0xd0, 0xbd, 0x00, 0x00, 0xd0, 0xbd, 0x00, 0x00, 0xd0, 0xbd,
  0x00, 0x00, 0xc0, 0xbd, 0x00, 0x00, 0xa0, 0xbd, 0x00, 0x00, 0x80, 0xbd,
  0x00, 0x00, 0x20, 0xbd, 0x00, 0x00, 0x80, 0xbc, 0x00, 0x00, 0x00, 0x3c,
  0x00, 0x00, 0x00, 0x3d, 0x00, 0x00, 0x80, 0x3d, 0x00, 0x00, 0xb0, 0x3d,
  0x00, 0x00, 0xe0, 0x3d, 0x00, 0x00, 0x08, 0x3e, 0x00, 0x00, 0x20, 0x3e,
  0x00, 0x00, 0x30, 0x3e, 0x00, 0x00, 0x40, 0x3e, 0x00, 0x00, 0x40, 0x3e,
  0x00, 0x00, 0x48, 0x3e, 0x00, 0x00, 0x40, 0x3e, 0x00, 0x00, 0x38, 0x3e,
  0x00, 0x00, 0x28, 0x3e, 0x00, 0x00, 0x10, 0x3e, 0x00, 0x00, 0xe0, 0x3d,
  0x00, 0x00, 0x90, 0x3d, 0x00, 0x00, 0x00, 0x3d, 0x00, 0x00, 0x80, 0xbc,
  0x00, 0x00, 0x90, 0xbd, 0x00, 0x00, 0x00, 0xbe, 0x00, 0x00, 0x38, 0xbe,
  0x00, 0x00, 0x78, 0xbe, 0x00, 0x00, 0x9c, 0xbe, 0x00, 0x00, 0xbc, 0xbe,
  0x00, 0x00, 0xdc, 0xbe, 0x00, 0x00, 0xfc, 0xbe, 0x00, 0x00, 0x0c, 0xbf,
  0x00, 0x00, 0x1a, 0xbf, 0x00, 0x00, 0x26, 0xbf, 0x00, 0x00, 0x32, 0xbf,
  0x00, 0x00, 0x3a, 0xbf, 0x00, 0x00, 0x42, 0xbf, 0x00, 0x00, 0x46, 0xbf,
  0x00, 0x00, 0x4a, 0xbf, 0x00, 0x00, 0x4a, 0xbf, 0x00, 0x00, 0x48, 0xbf,
  0x00, 0x00, 0x42, 0xbf, 0x00, 0x00, 0x3c, 0xbf, 0x00, 0x00, 0x32, 0xbf,
  0x00, 0x00, 0x26, 0xbf, 0x00, 0x00, 0x18, 0xbf, 0x00, 0x00, 0x08, 0xbf,
  0x00, 0x00, 0xf0, 0xbe, 0x00, 0x00, 0xc8, 0xbe, 0x00, 0x00, 0xa0, 0xbe,
  0x00, 0x00, 0x68, 0xbe, 0x00, 0x00, 0x10, 0xbe, 0x00, 0x00, 0x60, 0xbd,
  0x00, 0x00, 0x20, 0x3d, 0x00, 0x00, 0x00, 0x3e, 0x00, 0x00, 0x58, 0x3e,
  0x00, 0x00, 0x94, 0x3e, 0x00, 0x00, 0xc0, 0x3e, 0x00, 0x00, 0xe4, 0x3e,
  0x00, 0x00, 0x04, 0x3f, 0x00, 0x00, 0x14, 0x3f, 0x00, 0x00, 0x22, 0x3f,
  0x00, 0x00, 0x2e, 0x3f, 0x00, 0x00, 0x36, 0x3f, 0x00, 0x00, 0x3e, 0x3f,
  0x00, 0x00, 0x44, 0x3f, 0x00, 0x00, 0x48, 0x3f, 0x00, 0x00, 0x48, 0x3f,
  0x00, 0x00, 0x48, 0x3f, 0x00, 0x00, 0x44, 0x3f, 0x00, 0x00, 0x40, 0x3f,
  0x00, 0x00, 0x3a, 0x3f, 0x00, 0x00, 0x32, 0x3f, 0x00, 0x00, 0x28, 0x3f,
  0x00, 0x00, 0x1e, 0x3f, 0x00, 0x00, 0x14, 0x3f, 0x00, 0x00, 0x08, 0x3f,
  0x00, 0x00, 0xf4, 0x3e, 0x00, 0x00, 0xdc, 0x3e, 0x00, 0x00, 0xc0, 0x3e,
  0x00, 0x00, 0xa8, 0x3e, 0x00, 0x00, 0x90, 0x3e, 0x00, 0x00, 0x70, 0x3e,
  0x00, 0x00, 0x40, 0x3e, 0x00, 0x00, 0x10, 0x3e, 0x00, 0x00, 0xd0, 0x3d,
  0x00, 0x00, 0x80, 0x3d, 0x00, 0x00, 0x00, 0x3d, 0x00, 0x00, 0x00, 0x00,
  0x00, 0x00, 0xc0, 0xbc, 0x00, 0x00, 0x40, 0xbd, 0x00, 0x00, 0x90, 0xbd,
  0x00, 0x00, 0xb0, 0xbd, 0x00, 0x00, 0xd0, 0xbd, 0x00, 0x00, 0xe0, 0xbd,
  0x00, 0x00, 0xf0, 0xbd, 0x00, 0x00, 0xf0, 0xbd, 0x00, 0x00, 0xf0, 0xbd,
  0x00, 0x00, 0x00, 0xbe, 0x00, 0x00, 0xf0, 0xbd, 0x00, 0x00, 0xf0, 0xbd,
  0x00, 0x00, 0xf0, 0xbd, 0x00, 0x00, 0xe0, 0xbd, 0x00, 0x00, 0xd0, 0xbd,
  0x00, 0x00, 0xc0, 0xbd, 0x00, 0x00, 0xc0, 0xbd, 0x00, 0x00, 0xb0, 0xbd,
  0x00, 0x00, 0xa0, 0xbd, 0x00, 0x00, 0x90, 0xbd, 0x00, 0x00, 0x80, 0xbd,
  0x00, 0x00, 0x60, 0xbd, 0x00, 0x00, 0x60, 0xbd, 0x00, 0x00, 0x40, 0xbd,
  0x00, 0x00, 0x20, 0xbd, 0x00, 0x00, 0xc0, 0xbc, 0x00, 0x00, 0x80, 0xbc,
  0x00, 0x00, 0x00, 0xbc, 0x00, 0x00, 0x00, 0x3c, 0x00, 0x00, 0x80, 0x3c,
  0x00, 0x00, 0x00, 0x3d, 0x00, 0x00, 0x40, 0x3d, 0x00, 0x00, 0x80, 0x3d,
  0x00, 0x00, 0xb0, 0x3d, 0x00, 0x00, 0xd0, 0x3d, 0x00, 0x00, 0x00, 0x3e,
  0x00, 0x00, 0x18, 0x3e, 0x00, 0x00, 0x30, 0x3e, 0x00, 0x00, 0x48, 0x3e,
  0x00, 0x00, 0x60, 0x3e, 0x00, 0x00, 0x80, 0x3e, 0x00, 0x00, 0x8c, 0x3e,
  0x00, 0x00, 0x9c, 0x3e, 0x00, 0x00, 0xa8, 0x3e, 0x00, 0x00, 0xb8, 0x3e,
  0x00, 0x00, 0xc4, 0x3e, 0x00, 0x00, 0xd0, 0x3e, 0x00, 0x00, 0xdc, 0x3e,
  0x00, 0x00, 0xe8, 0x3e, 0x00, 0x00, 0xf4, 0x3e, 0x00, 0x00, 0xfc, 0x3e,
  0x00, 0x00, 0x02, 0x3f, 0x00, 0x00, 0x04, 0x3f, 0x00, 0x00, 0x06, 0x3f,
  0x00, 0x00, 0x06, 0x3f, 0x00, 0x00, 0x06, 0x3f, 0x00, 0x00, 0x06, 0x3f,
  0x00, 0x00, 0x04, 0x3f, 0x00, 0x00, 0x00, 0x3f, 0x00, 0x00, 0xf8, 0x3e,
  0x00, 0x00, 0xec, 0x3e, 0x00, 0x00, 0xe0, 0x3e, 0x00, 0x00, 0xd0, 0x3e,
  0x00, 0x00, 0xc0, 0x3e, 0x00, 0x00, 0xac, 0x3e, 0x00, 0x00, 0x98, 0x3e,
  0x00, 0x00, 0x84, 0x3e, 0x00, 0x00, 0x58, 0x3e, 0x00, 0x00, 0x28, 0x3e,
  0x00, 0x00, 0xf0, 0x3d, 0x00, 0x00, 0x90, 0x3d, 0x00, 0x00, 0x80, 0x3c,
  0x00, 0x00, 0x00, 0xbd, 0x00, 0x00, 0xa0, 0xbd, 0x00, 0x00, 0x08, 0xbe,
  0x00, 0x00, 0x38, 0xbe, 0x00, 0x00, 0x60, 0xbe, 0x00, 0x00, 0x88, 0xbe,
  0x00, 0x00, 0x9c, 0xbe, 0x00, 0x00, 0xac, 0xbe, 0x00, 0x00, 0xbc, 0xbe,
  0x00, 0x00, 0xcc, 0xbe, 0x00, 0x00, 0xd8, 0xbe, 0x00, 0x00, 0xe0, 0xbe,
  0x00, 0x00, 0xe8, 0xbe, 0x00, 0x00, 0xec, 0xbe, 0x00, 0x00, 0xf0, 0xbe,
  0x00, 0x00, 0xf0, 0xbe, 0x00, 0x00, 0xec, 0xbe, 0x00, 0x00, 0xe8, 0xbe,
  0x00, 0x00, 0xe0, 0xbe, 0x00, 0x00, 0xd8, 0xbe, 0x00, 0x00, 0xcc, 0xbe,
  0x00, 0x00, 0xbc, 0xbe, 0x00, 0x00, 0xac, 0xbe, 0x00, 0x00, 0x9c, 0xbe,
  0x00, 0x00, 0x88, 0xbe, 0x00, 0x00, 0x68, 0xbe, 0x00, 0x00, 0x38, 0xbe,
  0x00, 0x00, 0x10, 0xbe, 0x00, 0x00, 0xc0, 0xbd, 0x00, 0x00, 0x40, 0xbd,
  0x00, 0x00, 0x00, 0x00, 0x00, 0x00, 0x40, 0x3d, 0x00, 0x00, 0xc0, 0x3d,
  0x00, 0x00, 0x10, 0x3e, 0x00, 0x00, 0x40, 0x3e, 0x00, 0x00, 0x68, 0x3e,
  0x00, 0x00, 0x8c, 0x3e, 0x00, 0x00, 0xa0, 0x3e, 0x00, 0x00, 0xb4, 0x3e,
  0x00, 0x00, 0xc8, 0x3e, 0x00, 0x00, 0xd8, 0x3e, 0x00, 0x00, 0xe8, 0x3e,
  0x00, 0x00, 0xf8, 0x3e, 0x00, 0x00, 0x04, 0x3f, 0x00, 0x00, 0x0a, 0x3f,
  0x00, 0x00, 0x10, 0x3f, 0x00, 0x00, 0x14, 0x3f, 0x00, 0x00, 0x18, 0x3f,
  0x00, 0x00, 0x1c, 0x3f, 0x00, 0x00, 0x1e, 0x3f, 0x00, 0x00, 0x20, 0x3f,
  0x00, 0x00, 0x20, 0x3f, 0x00, 0x00, 0x20, 0x3f, 0x00, 0x00, 0x20, 0x3f,
  0x00, 0x00, 0x1e, 0x3f, 0x00, 0x00, 0x1c, 0x3f, 0x00, 0x00, 0x18, 0x3f,
  0x00, 0x00, 0x14, 0x3f, 0x00, 0x00, 0x10, 0x3f, 0x00, 0x00, 0x0a, 0x3f,
  0x00, 0x00, 0x04, 0x3f, 0x00, 0x00, 0xfc, 0x3e, 0x00, 0x00, 0xec, 0x3e,
  0x00, 0x00, 0xdc, 0x3e, 0x00, 0x00, 0xc8, 0x3e, 0x00, 0x00, 0xb4, 0x3e,
  0x00, 0x00, 0xa4, 0x3e, 0x00, 0x00, 0x8c, 0x3e, 0x00, 0x00, 0x70, 0x3e,
  0x00, 0x00, 0x48, 0x3e, 0x00, 0x00, 0x18, 0x3e, 0x00, 0x00, 0xd0, 0x3d,
  0x00, 0x00, 0x80, 0x3d, 0x00, 0x00, 0xc0, 0x3c, 0x00, 0x00, 0xc0, 0xbc,
  0x00, 0x00, 0x80, 0xbd, 0x00, 0x00, 0xd0, 0xbd, 0x00, 0x00, 0x08, 0xbe,
  0x00, 0x00, 0x28, 0xbe, 0x00, 0x00, 0x48, 0xbe, 0x00, 0x00, 0x60, 0xbe,
  0x00, 0x00, 0x78, 0xbe, 0x00, 0x00, 0x84, 0xbe, 0x00, 0x00, 0x8c, 0xbe,
  0x00, 0x00, 0x90, 0xbe, 0x00, 0x00, 0x90, 0xbe, 0x00, 0x00, 0x90, 0xbe,
  0x00, 0x00, 0x8c, 0xbe, 0x00, 0x00, 0x88, 0xbe, 0x00, 0x00, 0x80, 0xbe,
  0x00, 0x00, 0x70, 0xbe, 0x00, 0x00, 0x58, 0xbe, 0x00, 0x00, 0x40, 0xbe,
  0x00, 0x00, 0x28, 0xbe, 0x00, 0x00, 0x08, 0xbe, 0x00, 0x00, 0xd0, 0xbd,
  0x00, 0x00, 0x90, 0xbd, 0x00, 0x00, 0x20, 0xbd, 0x00, 0x00, 0x00, 0xbc,
  0x00, 0x00, 0xc0, 0x3c, 0x00, 0x00, 0x40, 0x3d, 0x00, 0x00, 0xa0, 0x3d,
  0x00, 0x00, 0xd0, 0x3d, 0x00, 0x00, 0x00, 0x3e, 0x00, 0x00, 0x18, 0x3e,
  0x00, 0x00, 0x28, 0x3e, 0x00, 0x00, 0x38, 0x3e, 0x00, 0x00, 0x48, 0x3e,
  0x00, 0x00, 0x50, 0x3e, 0x00, 0x00, 0x58, 0x3e, 0x00, 0x00, 0x60, 0x3e,
  0x00, 0x00, 0x60, 0x3e, 0x00, 0x00, 0x60, 0x3e, 0x00, 0x00, 0x60, 0x3e,
  0x00, 0x00, 0x60, 0x3e, 0x00, 0x00, 0x60, 0x3e, 0x00, 0x00, 0x60, 0x3e,
  0x00, 0x00, 0x68, 0x3e, 0x00, 0x00, 0x68, 0x3e, 0x00, 0x00, 0x70, 0x3e,
  0x00, 0x00, 0x78, 0x3e, 0x00, 0x00, 0x84, 0x3e, 0x00, 0x00, 0x8c, 0x3e,
  0x00, 0x00, 0x98, 0x3e, 0x00, 0x00, 0xa4, 0x3e, 0x00, 0x00, 0xb4, 0x3e,
  0x00, 0x00, 0xc4, 0x3e, 0x00, 0x00, 0xd8, 0x3e, 0x00, 0x00, 0xec, 0x3e,
  0x00, 0x00, 0x00, 0x3f, 0x00, 0x00, 0x0c, 0x3f, 0x00, 0x00, 0x1a, 0x3f,
  0x00, 0x00, 0x26, 0x3f, 0x00, 0x00, 0x32, 0x3f, 0x00, 0x00, 0x40, 0x3f,
  0x00, 0x00, 0x4c, 0x3f, 0x00, 0x00, 0x56, 0x3f, 0x00, 0x00, 0x62, 0x3f,
  0x00, 0x00, 0x6a, 0x3f, 0x00, 0x00, 0x72, 0x3f, 0x00, 0x00, 0x78, 0x3f,
  0x00, 0x00, 0x7c, 0x3f, 0x00, 0x00, 0x7e, 0x3f, 0x00, 0x00, 0x7e, 0x3f,
  0x00, 0x00, 0x7a, 0x3f, 0x00, 0x00, 0x76, 0x3f, 0x00, 0x00, 0x6e, 0x3f,
  0x00, 0x00, 0x64, 0x3f, 0x00, 0x00, 0x56, 0x3f, 0x00, 0x00, 0x48, 0x3f,
  0x00, 0x00, 0x36, 0x3f, 0x00, 0x00, 0x22, 0x3f, 0x00, 0x00, 0x0e, 0x3f,
  0x00, 0x00, 0xec, 0x3e, 0x00, 0x00, 0x20, 0x3d, 0x00, 0x00, 0xc0, 0xbc,
  0x00, 0x00, 0xa0, 0xbd, 0x00, 0x00, 0x00, 0xbe, 0x00, 0x00, 0x20, 0xbe,
  0x00, 0x00, 0x38, 0xbe, 0x00, 0x00, 0x50, 0xbe, 0x00, 0x00, 0x58, 0xbe,
  0x00, 0x00, 0x60, 0xbe, 0x00, 0x00, 0x60, 0xbe, 0x00, 0x00, 0x68, 0xbe,
  0x00, 0x00, 0x70, 0xbe, 0x00, 0x00, 0x78, 0xbe, 0x00, 0x00, 0x84, 0xbe,
  0x00, 0x00, 0x8c, 0xbe, 0x00, 0x00, 0x9c, 0xbe, 0x00, 0x00, 0xa8, 0xbe,
  0x00, 0x00, 0xbc, 0xbe, 0x00, 0x00, 0xcc, 0xbe, 0x00, 0x00, 0xe0, 0xbe,
  0x00, 0x00, 0xf4, 0xbe, 0x00, 0x00, 0x02, 0xbf, 0x00, 0x00, 0x08, 0xbf,
  0x00, 0x00, 0x0c, 0xbf, 0x00, 0x00, 0x0e, 0xbf, 0x00, 0x00, 0x0c, 0xbf,
  0x00, 0x00, 0x06, 0xbf, 0x00, 0x00, 0xfc, 0xbe, 0x00, 0x00, 0xe4, 0xbe,
  0x00, 0x00, 0xc4, 0xbe, 0x00, 0x00, 0xa0, 0xbe, 0x00, 0x00, 0x70, 0xbe,
  0x00, 0x00, 0x18, 0xbe, 0x00, 0x00, 0x60, 0xbd, 0x00, 0x00, 0x00, 0x3d,
  0x00, 0x00, 0xf0, 0x3d, 0x00, 0x00, 0x48, 0x3e, 0x00, 0x00, 0x88, 0x3e,
  0x00, 0x00, 0xa4, 0x3e, 0x00, 0x00, 0xb8, 0x3e, 0x00, 0x00, 0xc0, 0x3e,
  0x00, 0x00, 0xc0, 0x3e, 0x00, 0x00, 0xb8, 0x3e, 0x00, 0x00, 0xa8, 0x3e,
  0x00, 0x00, 0x8c, 0x3e, 0x00, 0x00, 0x58, 0x3e, 0x00, 0x00, 0x10, 0x3e,
  0x00, 0x00, 0x80, 0x3d, 0x00, 0x00, 0x80, 0xbc, 0x00, 0x00, 0xd0, 0xbd,
  0x00, 0x00, 0x30, 0xbe, 0x00, 0x00, 0x78, 0xbe, 0x00, 0x00, 0x9c, 0xbe,
  0x00, 0x00, 0xb4, 0xbe, 0x00, 0x00, 0xc4, 0xbe, 0x00, 0x00, 0xd0, 0xbe,
  0x00, 0x00, 0xd4, 0xbe, 0x00, 0x00, 0xd0, 0xbe, 0x00, 0x00, 0xc8, 0xbe,
  0x00, 0x00, 0xb8, 0xbe, 0x00, 0x00, 0xa8, 0xbe, 0x00, 0x00, 0x94, 0xbe,
  0x00, 0x00, 0x78, 0xbe, 0x00, 0x00, 0x48, 0xbe, 0x00, 0x00, 0x18, 0xbe,
  0x00, 0x00, 0xe0, 0xbd, 0x00, 0x00, 0x90, 0xbd, 0x00, 0x00, 0x00, 0xbd,
  0x00, 0x00, 0x00, 0x00, 0x00, 0x00, 0x00, 0x3d, 0x00, 0x00, 0x40, 0x3d,
  0x00, 0x00, 0x80, 0x3d, 0x00, 0x00, 0xa0, 0x3d, 0x00, 0x00, 0xb0, 0x3d,
  0x00, 0x00, 0xb0, 0x3d, 0x00, 0x00, 0xa0, 0x3d, 0x00, 0x00, 0x90, 0x3d,
  0x00, 0x00, 0x60, 0x3d, 0x00, 0x00, 0x20, 0x3d, 0x00, 0x00, 0x80, 0x3c,
  0x00, 0x00, 0x80, 0xbc, 0x00, 0x00, 0x60, 0xbd, 0x00, 0x00, 0xc0, 0xbd,
  0x00, 0x00, 0x10, 0xbe, 0x00, 0x00, 0x40, 0xbe, 0x00, 0x00, 0x70, 0xbe,
  0x00, 0x00, 0x90, 0xbe, 0x00, 0x00, 0xa8, 0xbe, 0x00, 0x00, 0xbc, 0xbe,
  0x00, 0x00, 0xcc, 0xbe, 0x00, 0x00, 0xd8, 0xbe, 0x00, 0x00, 0xe0, 0xbe,
  0x00, 0x00, 0xe0, 0xbe, 0x00, 0x00, 0xdc, 0xbe, 0x00, 0x00, 0xd0, 0xbe,
  0x00, 0x00, 0xc0, 0xbe, 0x00, 0x00, 0xa8, 0xbe, 0x00, 0x00, 0x90, 0xbe,
  0x00, 0x00, 0x68, 0xbe, 0x00, 0x00, 0x28, 0xbe, 0x00, 0x00, 0xf0, 0xbd,
  0x00, 0x00, 0x80, 0xbd, 0x00, 0x00, 0xc0, 0xbc, 0x00, 0x00, 0x00, 0x00,
  0x00, 0x00, 0x80, 0x3c, 0x00, 0x00, 0xc0, 0x3c, 0x00, 0x00, 0x00, 0x3c,
  0x00, 0x00, 0xc0, 0xbc, 0x00, 0x00, 0x60, 0xbd, 0x00, 0x00, 0xd0, 0xbd,
  0x00, 0x00, 0x20, 0xbe, 0x00, 0x00, 0x58, 0xbe, 0x00, 0x00, 0x84, 0xbe,
  0x00, 0x00, 0x98, 0xbe, 0x00, 0x00, 0xa8, 0xbe, 0x00, 0x00, 0xb0, 0xbe,
  0x00, 0x00, 0xb0, 0xbe, 0x00, 0x00, 0xa4, 0xbe, 0x00, 0x00, 0x90, 0xbe,
  0x00, 0x00, 0x68, 0xbe, 0x00, 0x00, 0x18, 0xbe, 0x00, 0x00, 0x90, 0xbd,
  0x00, 0x00, 0xc0, 0x3c, 0x00, 0x00, 0x00, 0x3e, 0x00, 0x00, 0x60, 0x3e,
  0x00, 0x00, 0xa0, 0x3e, 0x00, 0x00, 0xc8, 0x3e, 0x00, 0x00, 0xe8, 0x3e,
  0x00, 0x00, 0x02, 0x3f, 0x00, 0x00, 0x08, 0x3f, 0x00, 0x00, 0x0c, 0x3f,
  0x00, 0x00, 0x0a, 0x3f, 0x00, 0x00, 0x02, 0x3f, 0x00, 0x00, 0xf0, 0x3e,
  0x00, 0x00, 0xd8, 0x3e, 0x00, 0x00, 0xb8, 0x3e, 0x00, 0x00, 0x9c, 0x3e,
  0x00, 0x00, 0x78, 0x3e, 0x00, 0x00, 0x40, 0x3e, 0x00, 0x00, 0x18, 0x3e,
  0x00, 0x00, 0xf0, 0x3d, 0x00, 0x00, 0xc0, 0x3d, 0x00, 0x00, 0xc0, 0x3d,
  0x00, 0x00, 0xc0, 0x3d, 0x00, 0x00, 0xf0, 0x3d, 0x00, 0x00, 0x10, 0x3e,
  0x00, 0x00, 0x30, 0x3e, 0x00, 0x00, 0x58, 0x3e, 0x00, 0x00, 0x78, 0x3e,
  0x00, 0x00, 0x8c, 0x3e, 0x00, 0x00, 0x94, 0x3e, 0x00, 0x00, 0x9c, 0x3e,
  0x00, 0x00, 0x98, 0x3e, 0x00, 0x00, 0x94, 0x3e, 0x00, 0x00, 0x84, 0x3e,
  0x00, 0x00, 0x68, 0x3e, 0x00, 0x00, 0x30, 0x3e, 0x00, 0x00, 0xf0, 0x3d,
  0x00, 0x00, 0x80, 0x3d, 0x00, 0x00, 0x00, 0x00, 0x00, 0x00, 0x60, 0xbd,
  0x00, 0x00, 0xe0, 0xbd, 0x00, 0x00, 0x20, 0xbe, 0x00, 0x00, 0x40, 0xbe,
  0x00, 0x00, 0x58, 0xbe, 0x00, 0x00, 0x68, 0xbe, 0x00, 0x00, 0x68, 0xbe,
  0x00, 0x00, 0x58, 0xbe, 0x00, 0x00, 0x40, 0xbe, 0x00, 0x00, 0x20, 0xbe,
  0x00, 0x00, 0xf0, 0xbd, 0x00, 0x00, 0x90, 0xbd, 0x00, 0x00, 0x80, 0xbc,
  0x00, 0x00, 0x00, 0x3d, 0x00, 0x00, 0xb0, 0x3d, 0x00, 0x00, 0x08, 0x3e,
  0x00, 0x00, 0x38, 0x3e, 0x00, 0x00, 0x60, 0x3e, 0x00, 0x00, 0x84, 0x3e,
  0x00, 0x00, 0x94, 0x3e, 0x00, 0x00, 0x9c, 0x3e, 0x00, 0x00, 0xa4, 0x3e,
  0x00, 0x00, 0xa8, 0x3e, 0x00, 0x00, 0xa4, 0x3e, 0x00, 0x00, 0xa0, 0x3e,
  0x00, 0x00, 0x94, 0x3e, 0x00, 0x00, 0x84, 0x3e, 0x00, 0x00, 0x60, 0x3e,
  0x00, 0x00, 0x30, 0x3e, 0x00, 0x00, 0xf0, 0x3d, 0x00, 0x00, 0x60, 0x3d,
  0x00, 0x00, 0x00, 0xbc, 0x00, 0x00, 0xa0, 0xbd, 0x00, 0x00, 0x18, 0xbe,
  0x00, 0x00, 0x58, 0xbe, 0x00, 0x00, 0x8c, 0xbe, 0x00, 0x00, 0xac, 0xbe,
  0x00, 0x00, 0xc8, 0xbe, 0x00, 0x00, 0xdc, 0xbe, 0x00, 0x00, 0xec, 0xbe,
  0x00, 0x00, 0xf4, 0xbe, 0x00, 0x00, 0xf4, 0xbe, 0x00, 0x00, 0xf0, 0xbe,
  0x00, 0x00, 0xe8, 0xbe, 0x00, 0x00, 0xd8, 0xbe, 0x00, 0x00, 0xc0, 0xbe,
  0x00, 0x00, 0xa8, 0xbe, 0x00, 0x00, 0x8c, 0xbe, 0x00, 0x00, 0x60, 0xbe,
  0x00, 0x00, 0x28, 0xbe, 0x00, 0x00, 0xe0, 0xbd, 0x00, 0x00, 0x80, 0xbd,
  0x00, 0x00, 0xc0, 0xbc, 0x00, 0x00, 0x80, 0x3c, 0x00, 0x00, 0x60, 0x3d,
  0x00, 0x00, 0xa0, 0x3d, 0x00, 0x00, 0xe0, 0x3d, 0x00, 0x00, 0x08, 0x3e,
  0x00, 0x00, 0x20, 0x3e, 0x00, 0x00, 0x40, 0x3e, 0x00, 0x00, 0x68, 0x3e,
  0x00, 0x00, 0x88, 0x3e, 0x00, 0x00, 0xa4, 0x3e, 0x00, 0x00, 0xc4, 0x3e,
  0x00, 0x00, 0xe4, 0x3e, 0x00, 0x00, 0x06, 0x3f, 0x00, 0x00, 0x1a, 0x3f,
  0x00, 0x00, 0x2e, 0x3f, 0x00, 0x00, 0x40, 0x3f, 0x00, 0x00, 0x52, 0x3f,
  0x00, 0x00, 0x60, 0x3f, 0x00, 0x00, 0x68, 0x3f, 0x00, 0x00, 0x6c, 0x3f,
  0x00, 0x00, 0x6a, 0x3f, 0x00, 0x00, 0x62, 0x3f, 0x00, 0x00, 0x52, 0x3f,
  0x00, 0x00, 0x3c, 0x3f, 0x00, 0x00, 0x20, 0x3f, 0x00, 0x00, 0x00, 0x3f,
  0x00, 0x00, 0xb4, 0x3e, 0x00, 0x00, 0x48, 0x3e, 0x00, 0x00, 0x00, 0x3d,
  0x00, 0x00, 0x00, 0xbe, 0x00, 0x00, 0x90, 0xbe, 0x00, 0x00, 0xd4, 0xbe,
  0x00, 0x00, 0x08, 0xbf, 0x00, 0x00, 0x20, 0xbf, 0x00, 0x00, 0x32, 0xbf,
  0x00, 0x00, 0x3c, 0xbf, 0x00, 0x00, 0x3e, 0xbf, 0x00, 0x00, 0x3a, 0xbf,
  0x00, 0x00, 0x2e, 0xbf, 0x00, 0x00, 0x1e, 0xbf, 0x00, 0x00, 0x0a, 0xbf,
  0x00, 0x00, 0xe8, 0xbe, 0x00, 0x00, 0xb4, 0xbe, 0x00, 0x00, 0x84, 0xbe,
  0x00, 0x00, 0x28, 0xbe, 0x00, 0x00, 0xa0, 0xbd, 0x00, 0x00, 0x00, 0xbc,
  0x00, 0x00, 0x60, 0x3d, 0x00, 0x00, 0xd0, 0x3d, 0x00, 0x00, 0x00, 0x3e,
  0x00, 0x00, 0x10, 0x3e, 0x00, 0x00, 0x10, 0x3e, 0x00, 0x00, 0x00, 0x3e,
  0x00, 0x00, 0xd0, 0x3d, 0x00, 0x00, 0xa0, 0x3d, 0x00, 0x00, 0x40, 0x3d,
  0x00, 0x00, 0x80, 0x3c, 0x00, 0x00, 0x80, 0xbc, 0x00, 0x00, 0x20, 0xbd,
  0x00, 0x00, 0x80, 0xbd, 0x00, 0x00, 0xa0, 0xbd, 0x00, 0x00, 0xa0, 0xbd,
  0x00, 0x00, 0xa0, 0xbd, 0x00, 0x00, 0x90, 0xbd, 0x00, 0x00, 0x80, 0xbd,
  0x00, 0x00, 0x20, 0xbd, 0x00, 0x00, 0xc0, 0xbc, 0x00, 0x00, 0x00, 0x00,
  0x00, 0x00, 0xc0, 0x3c, 0x00, 0x00, 0x40, 0x3d, 0x00, 0x00, 0x90, 0x3d,
  0x00, 0x00, 0xb0, 0x3d, 0x00, 0x00, 0xc0, 0x3d, 0x00, 0x00, 0xd0, 0x3d,
  0x00, 0x00, 0xc0, 0x3d, 0x00, 0x00, 0xb0, 0x3d, 0x00, 0x00, 0x80, 0x3d,
  0x00, 0x00, 0x20, 0x3d, 0x00, 0x00, 0x00, 0x00, 0x00, 0x00, 0x40, 0xbd,
  0x00, 0x00, 0xd0, 0xbd, 0x00, 0x00, 0x28, 0xbe, 0x00, 0x00, 0x70, 0xbe,
  0x00, 0x00, 0x9c, 0xbe, 0x00, 0x00, 0xc4, 0xbe, 0x00, 0x00, 0xec, 0xbe,
  0x00, 0x00, 0x08, 0xbf, 0x00, 0x00, 0x1a, 0xbf, 0x00, 0x00, 0x28, 0xbf,
  0x00, 0x00, 0x34, 0xbf, 0x00, 0x00, 0x3c, 0xbf, 0x00, 0x00, 0x40, 0xbf,
  0x00, 0x00, 0x3e, 0xbf, 0x00, 0x00, 0x38, 0xbf, 0x00, 0x00, 0x2c, 0xbf,
  0x00, 0x00, 0x1c, 0xbf, 0x00, 0x00, 0x06, 0xbf, 0x00, 0x00, 0xdc, 0xbe,
  0x00, 0x00, 0xa4, 0xbe, 0x00, 0x00, 0x50, 0xbe, 0x00, 0x00, 0xb0, 0xbd,
  0x00, 0x00, 0xc0, 0x3c, 0x00, 0x00, 0x08, 0x3e, 0x00, 0x00, 0x68, 0x3e,
  0x00, 0x00, 0x9c, 0x3e, 0x00, 0x00, 0xbc, 0x3e, 0x00, 0x00, 0xd0, 0x3e,
  0x00, 0x00, 0xd8, 0x3e, 0x00, 0x00, 0xd8, 0x3e, 0x00, 0x00, 0xcc, 0x3e,
  0x00, 0x00, 0xb4, 0x3e, 0x00, 0x00, 0x98, 0x3e, 0x00, 0x00, 0x70, 0x3e,
  0x00, 0x00, 0x28, 0x3e, 0x00, 0x00, 0xc0, 0x3d, 0x00, 0x00, 0xc0, 0x3c,
  0x00, 0x00, 0x00, 0xbd, 0x00, 0x00, 0xa0, 0xbd, 0x00, 0x00, 0xf0, 0xbd,
  0x00, 0x00, 0x10, 0xbe, 0x00, 0x00, 0x18, 0xbe, 0x00, 0x00, 0x10, 0xbe,
  0x00, 0x00, 0xf0, 0xbd, 0x00, 0x00, 0xb0, 0xbd, 0x00, 0x00, 0x60, 0xbd,
  0x00, 0x00, 0x00, 0xbc, 0x00, 0x00, 0x00, 0x3d, 0x00, 0x00, 0x90, 0x3d,
  0x00, 0x00, 0xe0, 0x3d, 0x00, 0x00, 0x08, 0x3e, 0x00, 0x00, 0x20, 0x3e,
  0x00, 0x00, 0x30, 0x3e, 0x00, 0x00, 0x30, 0x3e, 0x00, 0x00, 0x30, 0x3e,
  0x00, 0x00, 0x28, 0x3e, 0x00, 0x00, 0x18, 0x3e, 0x00, 0x00, 0x08, 0x3e,
  0x00, 0x00, 0xf0, 0x3d, 0x00, 0x00, 0xc0, 0x3d, 0x00, 0x00, 0xa0, 0x3d,
  0x00, 0x00, 0x90, 0x3d, 0x00, 0x00, 0x60, 0x3d, 0x00, 0x00, 0x40, 0x3d,
  0x00, 0x00, 0x20, 0x3d, 0x00, 0x00, 0x00, 0x3d, 0x00, 0x00, 0xc0, 0x3c,
  0x00, 0x00, 0x80, 0x3c, 0x00, 0x00, 0x00, 0x3c, 0x00, 0x00, 0x00, 0x00,
  0x00, 0x00, 0x80, 0xbc, 0x00, 0x00, 0x00, 0xbd, 0x00, 0x00, 0x40, 0xbd,
  0x00, 0x00, 0x80, 0xbd, 0x00, 0x00, 0xa0, 0xbd, 0x00, 0x00, 0xc0, 0xbd,
  0x00, 0x00, 0xd0, 0xbd, 0x00, 0x00, 0xd0, 0xbd, 0x00, 0x00, 0xb0, 0xbd,
  0x00, 0x00, 0x90, 0xbd, 0x00, 0x00, 0x20, 0xbd, 0x00, 0x00, 0x00, 0x00,
  0x00, 0x00, 0x40, 0x3d, 0x00, 0x00, 0xd0, 0x3d, 0x00, 0x00, 0x28, 0x3e,
  0x00, 0x00, 0x60, 0x3e, 0x00, 0x00, 0x8c, 0x3e, 0x00, 0x00, 0xa8, 0x3e,
  0x00, 0x00, 0xbc, 0x3e, 0x00, 0x00, 0xcc, 0x3e, 0x00, 0x00, 0xd4, 0x3e,
  0x00, 0x00, 0xd0, 0x3e, 0x00, 0x00, 0xc8, 0x3e, 0x00, 0x00, 0xb8, 0x3e,
  0x00, 0x00, 0xa0, 0x3e, 0x00, 0x00, 0x80, 0x3e, 0x00, 0x00, 0x40, 0x3e,
  0x00, 0x00, 0xf0, 0x3d, 0x00, 0x00, 0x40, 0x3d, 0x00, 0x00, 0x80, 0xbc,
  0x00, 0x00, 0x90, 0xbd, 0x00, 0x00, 0xf0, 0xbd, 0x00, 0x00, 0x18, 0xbe,
  0x00, 0x00, 0x28, 0xbe, 0x00, 0x00, 0x28, 0xbe, 0x00, 0x00, 0x20, 0xbe,
  0x00, 0x00, 0x08, 0xbe, 0x00, 0x00, 0xc0, 0xbd, 0x00, 0x00, 0x60, 0xbd,
  0x00, 0x00, 0x00, 0xbc, 0x00, 0x00, 0x00, 0x3d, 0x00, 0x00, 0x90, 0x3d,
  0x00, 0x00, 0xd0, 0x3d, 0x00, 0x00, 0xf0, 0x3d, 0x00, 0x00, 0x08, 0x3e,
  0x00, 0x00, 0x00, 0x3e, 0x00, 0x00, 0xf0, 0x3d, 0x00, 0x00, 0xd0, 0x3d,
  0x00, 0x00, 0x90, 0x3d, 0x00, 0x00, 0x40, 0x3d, 0x00, 0x00, 0x80, 0x3c,
  0x00, 0x00, 0x00, 0xbc, 0x00, 0x00, 0x00, 0xbd, 0x00, 0x00, 0x20, 0xbd,
  0x00, 0x00, 0x40, 0xbd, 0x00, 0x00, 0x00, 0xbd, 0x00, 0x00, 0x80, 0xbc,
  0x00, 0x00, 0x00, 0x3c, 0x00, 0x00, 0x40, 0x3d, 0x00, 0x00, 0xb0, 0x3d,
  0x00, 0x00, 0x00, 0x3e, 0x00, 0x00, 0x20, 0x3e, 0x00, 0x00, 0x40, 0x3e,
  0x00, 0x00, 0x58, 0x3e, 0x00, 0x00, 0x60, 0x3e, 0x00, 0x00, 0x60, 0x3e,
  0x00, 0x00, 0x58, 0x3e, 0x00, 0x00, 0x40, 0x3e, 0x00, 0x00, 0x20, 0x3e,
  0x00, 0x00, 0xf0, 0x3d, 0x00, 0x00, 0x90, 0x3d, 0x00, 0x00, 0x00, 0x3d,
  0x00, 0x00, 0x80, 0xbc, 0x00, 0x00, 0x40, 0xbd, 0x00, 0x00, 0xa0, 0xbd,
  0x00, 0x00, 0xc0, 0xbd, 0x00, 0x00, 0xe0, 0xbd, 0x00, 0x00, 0xd0, 0xbd,
  0x00, 0x00, 0xc0, 0xbd, 0x00, 0x00, 0xa0, 0xbd, 0x00, 0x00, 0x60, 0xbd,
  0x00, 0x00, 0x00, 0xbd, 0x00, 0x00, 0x00, 0xbc, 0x00, 0x00, 0x00, 0x3c,
  0x00, 0x00, 0x80, 0x3c, 0x00, 0x00, 0x80, 0x3c, 0x00, 0x00, 0x00, 0x00,
  0x00, 0x00, 0x80, 0xbc, 0x00, 0x00, 0x40, 0xbd, 0x00, 0x00, 0xb0, 0xbd,
  0x00, 0x00, 0x00, 0xbe, 0x00, 0x00, 0x28, 0xbe, 0x00, 0x00, 0x50, 0xbe,
  0x00, 0x00, 0x70, 0xbe, 0x00, 0x00, 0x80, 0xbe, 0x00, 0x00, 0x80, 0xbe,
  0x00, 0x00, 0x78, 0xbe, 0x00, 0x00, 0x58, 0xbe, 0x00, 0x00, 0x30, 0xbe,
  0x00, 0x00, 0xf0, 0xbd, 0x00, 0x00, 0x60, 0xbd, 0x00, 0x00, 0x80, 0x3c,
  0x00, 0x00, 0xb0, 0x3d, 0x00, 0x00, 0x18, 0x3e, 0x00, 0x00, 0x48, 0x3e,
  0x00, 0x00, 0x70, 0x3e, 0x00, 0x00, 0x80, 0x3e, 0x00, 0x00, 0x80, 0x3e,
  0x00, 0x00, 0x68, 0x3e, 0x00, 0x00, 0x38, 0x3e, 0x00, 0x00, 0xf0, 0x3d,
  0x00, 0x00, 0x00, 0x3d, 0x00, 0x00, 0x60, 0xbd, 0x00, 0x00, 0x18, 0xbe,
  0x00, 0x00, 0x70, 0xbe, 0x00, 0x00, 0xa0, 0xbe, 0x00, 0x00, 0xc0, 0xbe,
  0x00, 0x00, 0xd0, 0xbe, 0x00, 0x00, 0xd8, 0xbe, 0x00, 0x00, 0xd0, 0xbe,
  0x00, 0x00, 0xb8, 0xbe, 0x00, 0x00, 0x90, 0xbe, 0x00, 0x00, 0x38, 0xbe,
  0x00, 0x00, 0x80, 0xbd, 0x00, 0x00, 0x90, 0x3d, 0x00, 0x00, 0x50, 0x3e,
  0x00, 0x00, 0xac, 0x3e, 0x00, 0x00, 0xf0, 0x3e, 0x00, 0x00, 0x14, 0x3f,
  0x00, 0x00, 0x2a, 0x3f, 0x00, 0x00, 0x3a, 0x3f, 0x00, 0x00, 0x40, 0x3f,
  0x00, 0x00, 0x42, 0x3f, 0x00, 0x00, 0x3a, 0x3f, 0x00, 0x00, 0x2c, 0x3f,
  0x00, 0x00, 0x18, 0x3f, 0x00, 0x00, 0x00, 0x3f, 0x00, 0x00, 0xc8, 0x3e,
  0x00, 0x00, 0x90, 0x3e, 0x00, 0x00, 0x38, 0x3e, 0x00, 0x00, 0xa0, 0x3d,
  0x00, 0x00, 0x00, 0xbc, 0x00, 0x00, 0xa0, 0xbd, 0x00, 0x00, 0x08, 0xbe,
  0x00, 0x00, 0x28, 0xbe, 0x00, 0x00, 0x38, 0xbe, 0x00, 0x00, 0x30, 0xbe,
  0x00, 0x00, 0x28, 0xbe, 0x00, 0x00, 0x10, 0xbe, 0x00, 0x00, 0xf0, 0xbd,
  0x00, 0x00, 0xc0, 0xbd, 0x00, 0x00, 0x90, 0xbd, 0x00, 0x00, 0x60, 0xbd,
  0x00, 0x00, 0x40, 0xbd, 0x00, 0x00, 0x60, 0xbd, 0x00, 0x00, 0x90, 0xbd,
  0x00, 0x00, 0xc0, 0xbd, 0x00, 0x00, 0x08, 0xbe, 0x00, 0x00, 0x28, 0xbe,
  0x00, 0x00, 0x50, 0xbe, 0x00, 0x00, 0x78, 0xbe, 0x00, 0x00, 0x8c, 0xbe,
  0x00, 0x00, 0x9c, 0xbe, 0x00, 0x00, 0xa4, 0xbe, 0x00, 0x00, 0xa4, 0xbe,
  0x00, 0x00, 0xa4, 0xbe, 0x00, 0x00, 0x9c, 0xbe, 0x00, 0x00, 0x90, 0xbe,
  0x00, 0x00, 0x80, 0xbe, 0x00, 0x00, 0x60, 0xbe, 0x00, 0x00, 0x38, 0xbe,
  0x00, 0x00, 0x10, 0xbe, 0x00, 0x00, 0xe0, 0xbd, 0x00, 0x00, 0xa0, 0xbd,
  0x00, 0x00, 0x40, 0xbd, 0x00, 0x00, 0xc0, 0xbc, 0x00, 0x00, 0x00, 0xbc,
  0x00, 0x00, 0x00, 0x3c, 0x00, 0x00, 0x00, 0x3d, 0x00, 0x00, 0x40, 0x3d,
  0x00, 0x00, 0x90, 0x3d, 0x00, 0x00, 0xc0, 0x3d, 0x00, 0x00, 0xf0, 0x3d,
  0x00, 0x00, 0x20, 0x3e, 0x00, 0x00, 0x40, 0x3e, 0x00, 0x00, 0x68, 0x3e,
  0x00, 0x00, 0x88, 0x3e, 0x00, 0x00, 0x98, 0x3e, 0x00, 0x00, 0xa8, 0x3e,
  0x00, 0x00, 0xac, 0x3e, 0x00, 0x00, 0xac, 0x3e, 0x00, 0x00, 0xa4, 0x3e,
  0x00, 0x00, 0x8c, 0x3e, 0x00, 0x00, 0x58, 0x3e, 0x00, 0x00, 0x08, 0x3e,
  0x00, 0x00, 0xc0, 0x3c, 0x00, 0x00, 0xc0, 0xbd, 0x00, 0x00, 0x68, 0xbe,
  0x00, 0x00, 0xbc, 0xbe, 0x00, 0x00, 0x02, 0xbf, 0x00, 0x00, 0x24, 0xbf,
  0x00, 0x00, 0x42, 0xbf, 0x00, 0x00, 0x5c, 0xbf, 0x00, 0x00, 0x6e, 0xbf,
  0x00, 0x00, 0x7a, 0xbf, 0x00, 0x00, 0x7e, 0xbf, 0x00, 0x00, 0x7a, 0xbf,
  0x00, 0x00, 0x6c, 0xbf, 0x00, 0x00, 0x58, 0xbf, 0x00, 0x00, 0x3e, 0xbf,
  0x00, 0x00, 0x20, 0xbf, 0x00, 0x00, 0xfc, 0xbe, 0x00, 0x00, 0xb8, 0xbe,
  0x00, 0x00, 0x70, 0xbe, 0x00, 0x00, 0xf0, 0xbd, 0x00, 0x00, 0x80, 0xbc,
  0x00, 0x00, 0x90, 0x3d, 0x00, 0x00, 0x00, 0x3e, 0x00, 0x00, 0x20, 0x3e,
  0x00, 0x00, 0x30, 0x3e, 0x00, 0x00, 0x20, 0x3e, 0x00, 0x00, 0x00, 0x3e,
  0x00, 0x00, 0xb0, 0x3d, 0x00, 0x00, 0x20, 0x3d, 0x00, 0x00, 0x00, 0xbc,
  0x00, 0x00, 0x60, 0xbd, 0x00, 0x00, 0xc0, 0xbd, 0x00, 0x00, 0xf0, 0xbd,
  0x00, 0x00, 0xf0, 0xbd, 0x00, 0x00, 0xe0, 0xbd, 0x00, 0x00, 0xb0, 0xbd,
  0x00, 0x00, 0x40, 0xbd, 0x00, 0x00, 0x00, 0x00, 0x00, 0x00, 0x80, 0x3d,
  0x00, 0x00, 0xf0, 0x3d, 0x00, 0x00, 0x30, 0x3e, 0x00, 0x00, 0x60, 0x3e,
  0x00, 0x00, 0x80, 0x3e, 0x00, 0x00, 0x8c, 0x3e, 0x00, 0x00, 0x90, 0x3e,
  0x00, 0x00, 0x88, 0x3e, 0x00, 0x00, 0x70, 0x3e, 0x00, 0x00, 0x40, 0x3e,
  0x00, 0x00, 0x08, 0x3e, 0x00, 0x00, 0xa0, 0x3d, 0x00, 0x00, 0x00, 0x3c,
  0x00, 0x00, 0x40, 0xbd, 0x00, 0x00, 0xe0, 0xbd, 0x00, 0x00, 0x18, 0xbe,
  0x00, 0x00, 0x38, 0xbe, 0x00, 0x00, 0x50, 0xbe, 0x00, 0x00, 0x50, 0xbe,
  0x00, 0x00, 0x48, 0xbe, 0x00, 0x00, 0x30, 0xbe, 0x00, 0x00, 0x10, 0xbe,
  0x00, 0x00, 0xd0, 0xbd, 0x00, 0x00, 0x80, 0xbd, 0x00, 0x00, 0x00, 0xbd,
  0x00, 0x00, 0x00, 0xbc, 0x00, 0x00, 0x80, 0x3c, 0x00, 0x00, 0x80, 0x3c,
  0x00, 0x00, 0x80, 0x3c, 0x00, 0x00, 0x00, 0xbc, 0x00, 0x00, 0x00, 0xbd,
  0x00, 0x00, 0x90, 0xbd, 0x00, 0x00, 0xe0, 0xbd, 0x00, 0x00, 0x20, 0xbe,
  0x00, 0x00, 0x48, 0xbe, 0x00, 0x00, 0x68, 0xbe, 0x00, 0x00, 0x80, 0xbe,
  0x00, 0x00, 0x84, 0xbe, 0x00, 0x00, 0x84, 0xbe, 0x00, 0x00, 0x78, 0xbe,
  0x00, 0x00, 0x58, 0xbe, 0x00, 0x00, 0x30, 0xbe, 0x00, 0x00, 0x00, 0xbe,
  0x00, 0x00, 0x90, 0xbd, 0x00, 0x00, 0xc0, 0xbc, 0x00, 0x00, 0xc0, 0x3c,
  0x00, 0x00, 0x60, 0x3d, 0x00, 0x00, 0xa0, 0x3d, 0x00, 0x00, 0xc0, 0x3d,
  0x00, 0x00, 0xb0, 0x3d, 0x00, 0x00, 0x90, 0x3d, 0x00, 0x00, 0x00, 0x3d,
  0x00, 0x00, 0x00, 0xbc, 0x00, 0x00, 0x80, 0xbd, 0x00, 0x00, 0xe0, 0xbd,
  0x00, 0x00, 0x28, 0xbe, 0x00, 0x00, 0x50, 0xbe, 0x00, 0x00, 0x70, 0xbe,
  0x00, 0x00, 0x80, 0xbe, 0x00, 0x00, 0x78, 0xbe, 0x00, 0x00, 0x60, 0xbe,
  0x00, 0x00, 0x30, 0xbe, 0x00, 0x00, 0xe0, 0xbd, 0x00, 0x00, 0x00, 0xbd,
  0x00, 0x00, 0x80, 0x3d, 0x00, 0x00, 0x20, 0x3e, 0x00, 0x00, 0x84, 0x3e,
  0x00, 0x00, 0xb4, 0x3e, 0x00, 0x00, 0xe4, 0x3e, 0x00, 0x00, 0x04, 0x3f,
  0x00, 0x00, 0x14, 0x3f, 0x00, 0x00, 0x1e, 0x3f, 0x00, 0x00, 0x22, 0x3f,
  0x00, 0x00, 0x22, 0x3f, 0x00, 0x00, 0x1c, 0x3f, 0x00, 0x00, 0x14, 0x3f,
  0x00, 0x00, 0x08, 0x3f, 0x00, 0x00, 0xf4, 0x3e, 0x00, 0x00, 0xd8, 0x3e,
  0x00, 0x00, 0xbc, 0x3e, 0x00, 0x00, 0xa4, 0x3e, 0x00, 0x00, 0x94, 0x3e,
  0x00, 0x00, 0x88, 0x3e, 0x00, 0x00, 0x84, 0x3e, 0x00, 0x00, 0x88, 0x3e,
  0x00, 0x00, 0x90, 0x3e, 0x00, 0x00, 0xa0, 0x3e, 0x00, 0x00, 0xb4, 0x3e,
  0x00, 0x00, 0xcc, 0x3e, 0x00, 0x00, 0xe4, 0x3e, 0x00, 0x00, 0xf8, 0x3e,
  0x00, 0x00, 0x04, 0x3f, 0x00, 0x00, 0x08, 0x3f, 0x00, 0x00, 0x0a, 0x3f,
  0x00, 0x00, 0x08, 0x3f, 0x00, 0x00, 0x02, 0x3f, 0x00, 0x00, 0xf0, 0x3e,
  0x00, 0x00, 0xd4, 0x3e, 0x00, 0x00, 0xb0, 0x3e, 0x00, 0x00, 0x8c, 0x3e,
  0x00, 0x00, 0x48, 0x3e, 0x00, 0x00, 0xf0, 0x3d, 0x00, 0x00, 0x40, 0x3d,
  0x00, 0x00, 0x80, 0xbc, 0x00, 0x00, 0xa0, 0xbd, 0x00, 0x00, 0xf0, 0xbd,
  0x00, 0x00, 0x18, 0xbe, 0x00, 0x00, 0x30, 0xbe, 0x00, 0x00, 0x38, 0xbe,
  0x00, 0x00, 0x30, 0xbe, 0x00, 0x00, 0x20, 0xbe, 0x00, 0x00, 0x08, 0xbe,
  0x00, 0x00, 0xe0, 0xbd, 0x00, 0x00, 0xa0, 0xbd, 0x00, 0x00, 0x60, 0xbd,
  0x00, 0x00, 0x00, 0xbd, 0x00, 0x00, 0x00, 0xbc, 0x00, 0x00, 0x80, 0x3c,
  0x00, 0x00, 0x00, 0x3d, 0x00, 0x00, 0x20, 0x3d, 0x00, 0x00, 0x60, 0x3d,
  0x00, 0x00, 0x60, 0x3d, 0x00, 0x00, 0x80, 0x3d, 0x00, 0x00, 0x90, 0x3d,
  0x00, 0x00, 0xa0, 0x3d, 0x00, 0x00, 0xb0, 0x3d, 0x00, 0x00, 0xd0, 0x3d,
  0x00, 0x00, 0xf0, 0x3d, 0x00, 0x00, 0x08, 0x3e, 0x00, 0x00, 0x18, 0x3e,
  0x00, 0x00, 0x20, 0x3e, 0x00, 0x00, 0x30, 0x3e, 0x00, 0x00, 0x30, 0x3e,
  0x00, 0x00, 0x30, 0x3e, 0x00, 0x00, 0x20, 0x3e, 0x00, 0x00, 0x08, 0x3e,
  0x00, 0x00, 0xd0, 0x3d, 0x00, 0x00, 0x80, 0x3d, 0x00, 0x00, 0x00, 0x3c,
  0x00, 0x00, 0x80, 0xbd, 0x00, 0x00, 0x08, 0xbe, 0x00, 0x00, 0x58, 0xbe,
  0x00, 0x00, 0x94, 0xbe, 0x00, 0x00, 0xc0, 0xbe, 0x00, 0x00, 0xe8, 0xbe,
  0x00, 0x00, 0x06, 0xbf, 0x00, 0x00, 0x16, 0xbf, 0x00, 0x00, 0x24, 0xbf,
  0x00, 0x00, 0x2e, 0xbf, 0x00, 0x00, 0x36, 0xbf, 0x00, 0x00, 0x38, 0xbf,
  0x00, 0x00, 0x38, 0xbf, 0x00, 0x00, 0x34, 0xbf, 0x00, 0x00, 0x2c, 0xbf,
  0x00, 0x00, 0x22, 0xbf, 0x00, 0x00, 0x16, 0xbf, 0x00, 0x00, 0x06, 0xbf,
  0x00, 0x00, 0xec, 0xbe, 0x00, 0x00, 0xcc, 0xbe, 0x00, 0x00, 0xa8, 0xbe,
  0x00, 0x00, 0x88, 0xbe, 0x00, 0x00, 0x48, 0xbe, 0x00, 0x00, 0x10, 0xbe,
  0x00, 0x00, 0xa0, 0xbd, 0x00, 0x00, 0x00, 0xbd, 0x00, 0x00, 0x80, 0x3c,
  0x00, 0x00, 0x80, 0x3d, 0x00, 0x00, 0xd0, 0x3d, 0x00, 0x00, 0x10, 0x3e,
  0x00, 0x00, 0x30, 0x3e, 0x00, 0x00, 0x50, 0x3e, 0x00, 0x00, 0x70, 0x3e,
  0x00, 0x00, 0x84, 0x3e, 0x00, 0x00, 0x94, 0x3e, 0x00, 0x00, 0xa4, 0x3e,
  0x00, 0x00, 0xb0, 0x3e, 0x00, 0x00, 0xc0, 0x3e, 0x00, 0x00, 0xd0, 0x3e,
  0x00, 0x00, 0xdc, 0x3e, 0x00, 0x00, 0xec, 0x3e, 0x00, 0x00, 0xf8, 0x3e,
  0x00, 0x00, 0x04, 0x3f, 0x00, 0x00, 0x08, 0x3f, 0x00, 0x00, 0x0e, 0x3f,
  0x00, 0x00, 0x10, 0x3f, 0x00, 0x00, 0x14, 0x3f, 0x00, 0x00, 0x14, 0x3f,
  0x00, 0x00, 0x12, 0x3f, 0x00, 0x00, 0x10, 0x3f, 0x00, 0x00, 0x0a, 0x3f,
  0x00, 0x00, 0x04, 0x3f, 0x00, 0x00, 0xf4, 0x3e, 0x00, 0x00, 0xe0, 0x3e,
  0x00, 0x00, 0xc8, 0x3e, 0x00, 0x00, 0xac, 0x3e, 0x00, 0x00, 0x90, 0x3e,
  0x00, 0x00, 0x68, 0x3e, 0x00, 0x00, 0x30, 0x3e, 0x00, 0x00, 0xf0, 0x3d,
  0x00, 0x00, 0x80, 0x3d, 0x00, 0x00, 0x80, 0x3c, 0x00, 0x00, 0x00, 0xbd,
  0x00, 0x00, 0x80, 0xbd, 0x00, 0x00, 0xc0, 0xbd, 0x00, 0x00, 0xe0, 0xbd,
  0x00, 0x00, 0x00, 0xbe, 0x00, 0x00, 0x08, 0xbe, 0x00, 0x00, 0x08, 0xbe,
  0x00, 0x00, 0x00, 0xbe, 0x00, 0x00, 0xf0, 0xbd, 0x00, 0x00, 0xe0, 0xbd,
  0x00, 0x00, 0xd0, 0xbd, 0x00, 0x00, 0xc0, 0xbd, 0x00, 0x00, 0xa0, 0xbd,
  0x00, 0x00, 0xa0, 0xbd, 0x00, 0x00, 0x90, 0xbd, 0x00, 0x00, 0x90, 0xbd,
  0x00, 0x00, 0x90, 0xbd, 0x00, 0x00, 0x90, 0xbd, 0x00, 0x00, 0x90, 0xbd,
  0x00, 0x00, 0x90, 0xbd, 0x00, 0x00, 0x90, 0xbd, 0x00, 0x00, 0x80, 0xbd,
  0x00, 0x00, 0x80, 0xbd, 0x00, 0x00, 0x40, 0xbd, 0x00, 0x00, 0x00, 0xbd,
  0x00, 0x00, 0x80, 0xbc, 0x00, 0x00, 0x00, 0x00, 0x00, 0x00, 0xc0, 0x3c,
  0x00, 0x00, 0x40, 0x3d, 0x00, 0x00, 0x90, 0x3d, 0x00, 0x00, 0xb0, 0x3d,
  0x00, 0x00, 0xc0, 0x3d, 0x00, 0x00, 0xd0, 0x3d, 0x00, 0x00, 0xe0, 0x3d,
  0x00, 0x00, 0xd0, 0x3d, 0x00, 0x00, 0xc0, 0x3d, 0x00, 0x00, 0xb0, 0x3d,
  0x00, 0x00, 0x90, 0x3d, 0x00, 0x00, 0x60, 0x3d, 0x00, 0x00, 0x20, 0x3d,
  0x00, 0x00, 0x00, 0x3d, 0x00, 0x00, 0xc0, 0x3c, 0x00, 0x00, 0x00, 0x3d,
  0x00, 0x00, 0x40, 0x3d, 0x00, 0x00, 0xa0, 0x3d, 0x00, 0x00, 0xf0, 0x3d,
  0x00, 0x00, 0x28, 0x3e, 0x00, 0x00, 0x68, 0x3e, 0x00, 0x00, 0x94, 0x3e,
  0x00, 0x00, 0xb8, 0x3e, 0x00, 0x00, 0xdc, 0x3e, 0x00, 0x00, 0xfc, 0x3e,
  0x00, 0x00, 0x0c, 0x3f, 0x00, 0x00, 0x18, 0x3f, 0x00, 0x00, 0x1e, 0x3f,
  0x00, 0x00, 0x20, 0x3f, 0x00, 0x00, 0x1e, 0x3f, 0x00, 0x00, 0x16, 0x3f,
  0x00, 0x00, 0x0a, 0x3f, 0x00, 0x00, 0xf0, 0x3e, 0x00, 0x00, 0xcc, 0x3e,
  0x00, 0x00, 0xa0, 0x3e, 0x00, 0x00, 0x68, 0x3e, 0x00, 0x00, 0x10, 0x3e,
  0x00, 0x00, 0x90, 0x3d, 0x00, 0x00, 0x00, 0x3c, 0x00, 0x00, 0x20, 0xbd,
  0x00, 0x00, 0x90, 0xbd, 0x00, 0x00, 0xb0, 0xbd, 0x00, 0x00, 0xa0, 0xbd,
  0x00, 0x00, 0x40, 0xbd, 0x00, 0x00, 0x00, 0xbc, 0x00, 0x00, 0x20, 0x3d,
  0x00, 0x00, 0xb0, 0x3d, 0x00, 0x00, 0x10, 0x3e, 0x00, 0x00, 0x38, 0x3e,
  0x00, 0x00, 0x58, 0x3e, 0x00, 0x00, 0x60, 0x3e, 0x00, 0x00, 0x50, 0x3e,
  0x00, 0x00, 0x30, 0x3e, 0x00, 0x00, 0xe0, 0x3d, 0x00, 0x00, 0x00, 0x3d,
  0x00, 0x00, 0x90, 0xbd, 0x00, 0x00, 0x38, 0xbe, 0x00, 0x00, 0x9c, 0xbe,
  0x00, 0x00, 0xd8, 0xbe, 0x00, 0x00, 0x0a, 0xbf, 0x00, 0x00, 0x22, 0xbf,
  0x00, 0x00, 0x36, 0xbf, 0x00, 0x00, 0x44, 0xbf, 0x00, 0x00, 0x48, 0xbf,
  0x00, 0x00, 0x46, 0xbf, 0x00, 0x00, 0x3a, 0xbf, 0x00, 0x00, 0x28, 0xbf,
  0x00, 0x00, 0x0e, 0xbf, 0x00, 0x00, 0xdc, 0xbe, 0x00, 0x00, 0x98, 0xbe,
  0x00, 0x00, 0x20, 0xbe, 0x00, 0x00, 0x80, 0xbc, 0x00, 0x00, 0xf0, 0x3d,
  0x00, 0x00, 0x70, 0x3e, 0x00, 0x00, 0xa4, 0x3e, 0x00, 0x00, 0xc4, 0x3e,
  0x00, 0x00, 0xd8, 0x3e, 0x00, 0x00, 0xdc, 0x3e, 0x00, 0x00, 0xd0, 0x3e,
  0x00, 0x00, 0xb8, 0x3e, 0x00, 0x00, 0x94, 0x3e, 0x00, 0x00, 0x60, 0x3e,
  0x00, 0x00, 0x08, 0x3e, 0x00, 0x00, 0x60, 0x3d, 0x00, 0x00, 0x80, 0xbc,
  0x00, 0x00, 0x80, 0xbd, 0x00, 0x00, 0xc0, 0xbd, 0x00, 0x00, 0xd0, 0xbd,
  0x00, 0x00, 0xb0, 0xbd, 0x00, 0x00, 0x20, 0xbd, 0x00, 0x00, 0x00, 0x3d,
  0x00, 0x00, 0x00, 0x3e, 0x00, 0x00, 0x68, 0x3e, 0x00, 0x00, 0xac, 0x3e,
  0x00, 0x00, 0xe8, 0x3e, 0x00, 0x00, 0x10, 0x3f, 0x00, 0x00, 0x28, 0x3f,
  0x00, 0x00, 0x3c, 0x3f, 0x00, 0x00, 0x4a, 0x3f, 0x00, 0x00, 0x52, 0x3f,
  0x00, 0x00, 0x52, 0x3f, 0x00, 0x00, 0x4c, 0x3f, 0x00, 0x00, 0x42, 0x3f,
  0x00, 0x00, 0x30, 0x3f, 0x00, 0x00, 0x1c, 0x3f, 0x00, 0x00, 0x04, 0x3f,
  0x00, 0x00, 0xd8, 0x3e, 0x00, 0x00, 0xa8, 0x3e, 0x00, 0x00, 0x78, 0x3e,
  0x00, 0x00, 0x28, 0x3e, 0x00, 0x00, 0xd0, 0x3d, 0x00, 0x00, 0x60, 0x3d,
  0x00, 0x00, 0x00, 0x3d, 0x00, 0x00, 0x80, 0x3c, 0x00, 0x00, 0x80, 0x3c,
  0x00, 0x00, 0xc0, 0x3c, 0x00, 0x00, 0x20, 0x3d, 0x00, 0x00, 0x80, 0x3d,
  0x00, 0x00, 0xb0, 0x3d, 0x00, 0x00, 0xd0, 0x3d, 0x00, 0x00, 0xe0, 0x3d,
  0x00, 0x00, 0xe0, 0x3d, 0x00, 0x00, 0xc0, 0x3d, 0x00, 0x00, 0x90, 0x3d,
  0x00, 0x00, 0x20, 0x3d, 0x00, 0x00, 0x00, 0xbc, 0x00, 0x00, 0x60, 0xbd,
  0x00, 0x00, 0xd0, 0xbd, 0x00, 0x00, 0x20, 0xbe, 0x00, 0x00, 0x50, 0xbe,
  0x00, 0x00, 0x78, 0xbe, 0x00, 0x00, 0x8c, 0xbe, 0x00, 0x00, 0x94, 0xbe,
  0x00, 0x00, 0x98, 0xbe, 0x00, 0x00, 0x98, 0xbe, 0x00, 0x00, 0x90, 0xbe,
  0x00, 0x00, 0x80, 0xbe, 0x00, 0x00, 0x60, 0xbe, 0x00, 0x00, 0x38, 0xbe,
  0x00, 0x00, 0x08, 0xbe, 0x00, 0x00, 0xb0, 0xbd, 0x00, 0x00, 0x40, 0xbd,
  0x00, 0x00, 0x80, 0xbc, 0x00, 0x00, 0x80, 0x3c, 0x00, 0x00, 0x20, 0x3d,
  0x00, 0x00, 0x60, 0x3d, 0x00, 0x00, 0x80, 0x3d, 0x00, 0x00, 0x80, 0x3d,
  0x00, 0x00, 0x80, 0x3d, 0x00, 0x00, 0x80, 0x3d, 0x00, 0x00, 0x60, 0x3d,
  0x00, 0x00, 0x60, 0x3d, 0x00, 0x00, 0x60, 0x3d, 0x00, 0x00, 0x80, 0x3d,
  0x00, 0x00, 0x90, 0x3d, 0x00, 0x00, 0xb0, 0x3d, 0x00, 0x00, 0xe0, 0x3d,
  0x00, 0x00, 0x08, 0x3e, 0x00, 0x00, 0x20, 0x3e, 0x00, 0x00, 0x40, 0x3e,
  0x00, 0x00, 0x58, 0x3e, 0x00, 0x00, 0x70, 0x3e, 0x00, 0x00, 0x80, 0x3e,
  0x00, 0x00, 0x88, 0x3e, 0x00, 0x00, 0x8c, 0x3e, 0x00, 0x00, 0x88, 0x3e,
  0x00, 0x00, 0x84, 0x3e, 0x00, 0x00, 0x80, 0x3e, 0x00, 0x00, 0x70, 0x3e,
  0x00, 0x00, 0x58, 0x3e, 0x00, 0x00, 0x48, 0x3e, 0x00, 0x00, 0x38, 0x3e,
  0x00, 0x00, 0x30, 0x3e, 0x00, 0x00, 0x30, 0x3e, 0x00, 0x00, 0x40, 0x3e,
  0x00, 0x00, 0x50, 0x3e, 0x00, 0x00, 0x78, 0x3e, 0x00, 0x00, 0x94, 0x3e,
  0x00, 0x00, 0xb0, 0x3e, 0x00, 0x00, 0xd4, 0x3e, 0x00, 0x00, 0xf8, 0x3e,
  0x00, 0x00, 0x10, 0x3f, 0x00, 0x00, 0x24, 0x3f, 0x00, 0x00, 0x38, 0x3f,
  0x00, 0x00, 0x4a, 0x3f, 0x00, 0x00, 0x58, 0x3f, 0x00, 0x00, 0x64, 0x3f,
  0x00, 0x00, 0x6c, 0x3f, 0x00, 0x00, 0x70, 0x3f, 0x00, 0x00, 0x70, 0x3f,
  0x00, 0x00, 0x6a, 0x3f, 0x00, 0x00, 0x60, 0x3f, 0x00, 0x00, 0x52, 0x3f,
  0x00, 0x00, 0x40, 0x3f, 0x00, 0x00, 0x2c, 0x3f, 0x00, 0x00, 0x14, 0x3f,
  0x00, 0x00, 0xf8, 0x3e, 0x00, 0x00, 0xc8, 0x3e, 0x00, 0x00, 0x98, 0x3e,
  0x00, 0x00, 0x50, 0x3e, 0x00, 0x00, 0xf0, 0x3d, 0x00, 0x00, 0xc0, 0xbd,
  0x00, 0x00, 0x38, 0xbe, 0x00, 0x00, 0x68, 0xbe, 0x00, 0x00, 0x80, 0xbe,
  0x00, 0x00, 0x78, 0xbe, 0x00, 0x00, 0x58, 0xbe, 0x00, 0x00, 0x20, 0xbe,
  0x00, 0x00, 0xd0, 0xbd, 0x00, 0x00, 0x40, 0xbd, 0x00, 0x00, 0x00, 0xbc,
  0x00, 0x00, 0x80, 0x3c, 0x00, 0x00, 0x80, 0x3c, 0x00, 0x00, 0x80, 0xbc,
  0x00, 0x00, 0xa0, 0xbd, 0x00, 0x00, 0x20, 0xbe, 0x00, 0x00, 0x84, 0xbe,
  0x00, 0x00, 0xbc, 0xbe, 0x00, 0x00, 0xf0, 0xbe, 0x00, 0x00, 0x12, 0xbf,
  0x00, 0x00, 0x24, 0xbf, 0x00, 0x00, 0x30, 0xbf, 0x00, 0x00, 0x34, 0xbf,
  0x00, 0x00, 0x2e, 0xbf, 0x00, 0x00, 0x1e, 0xbf, 0x00, 0x00, 0x08, 0xbf,
  0x00, 0x00, 0xd4, 0xbe, 0x00, 0x00, 0x94, 0xbe, 0x00, 0x00, 0x20, 0xbe,
  0x00, 0x00, 0x40, 0xbd, 0x00, 0x00, 0x40, 0x3d, 0x00, 0x00, 0xe0, 0x3d,
  0x00, 0x00, 0x08, 0x3e, 0x00, 0x00, 0xf0, 0x3d, 0x00, 0x00, 0x80, 0x3d,
  0x00, 0x00, 0x00, 0xbc, 0x00, 0x00, 0xc0, 0xbd, 0x00, 0x00, 0x28, 0xbe,
  0x00, 0x00, 0x60, 0xbe, 0x00, 0x00, 0x70, 0xbe, 0x00, 0x00, 0x48, 0xbe,
  0x00, 0x00, 0xe0, 0xbd, 0x00, 0x00, 0x80, 0x3c, 0x00, 0x00, 0x38, 0x3e,
  0x00, 0x00, 0xb4, 0x3e, 0x00, 0x00, 0x02, 0x3f, 0x00, 0x00, 0x22, 0x3f,
  0x00, 0x00, 0x30, 0x3f, 0x00, 0x00, 0x2c, 0x3f, 0x00, 0x00, 0x10, 0x3f,
  0x00, 0x00, 0xc4, 0x3e, 0x00, 0x00, 0x10, 0x3e, 0x00, 0x00, 0x08, 0xbe,
  0x00, 0x00, 0xd8, 0xbe, 0x00, 0x00, 0x2c, 0xbf, 0x00, 0x00, 0x5e, 0xbf,
  0x00, 0x00, 0x7a, 0xbf, 0x00, 0x00, 0x7e, 0xbf, 0x00, 0x00, 0x68, 0xbf,
  0x00, 0x00, 0x3e, 0xbf, 0x00, 0x00, 0x04, 0xbf, 0x00, 0x00, 0x84, 0xbe,
  0x00, 0x00, 0x00, 0x00, 0x00, 0x00, 0x58, 0x3e, 0x00, 0x00, 0xbc, 0x3e,
  0x00, 0x00, 0xe4, 0x3e, 0x00, 0x00, 0xe4, 0x3e, 0x00, 0x00, 0xc0, 0x3e,
  0x00, 0x00, 0x80, 0x3e, 0x00, 0x00, 0xc0, 0x3d, 0x00, 0x00, 0x90, 0xbd,
  0x00, 0x00, 0x58, 0xbe, 0x00, 0x00, 0xa0, 0xbe, 0x00, 0x00, 0xb8, 0xbe,
  0x00, 0x00, 0xb4, 0xbe, 0x00, 0x00, 0x98, 0xbe, 0x00, 0x00, 0x50, 0xbe,
  0x00, 0x00, 0xc0, 0xbd, 0x00, 0x00, 0x00, 0x3c, 0x00, 0x00, 0xd0, 0x3d,
  0x00, 0x00, 0x28, 0x3e, 0x00, 0x00, 0x48, 0x3e, 0x00, 0x00, 0x48, 0x3e,
  0x00, 0x00, 0x20, 0x3e, 0x00, 0x00, 0xd0, 0x3d, 0x00, 0x00, 0xc0, 0x3c,
  0x00, 0x00, 0x80, 0xbd, 0x00, 0x00, 0x20, 0xbe, 0x00, 0x00, 0x78, 0xbe,
  0x00, 0x00, 0xa4, 0xbe, 0x00, 0x00, 0xcc, 0xbe, 0x00, 0x00, 0xec, 0xbe,
  0x00, 0x00, 0x02, 0xbf, 0x00, 0x00, 0x0a, 0xbf, 0x00, 0x00, 0x0c, 0xbf,
  0x00, 0x00, 0x0a, 0xbf, 0x00, 0x00, 0xfc, 0xbe, 0x00, 0x00, 0xd8, 0xbe,
  0x00, 0x00, 0xa4, 0xbe, 0x00, 0x00, 0x50, 0xbe, 0x00, 0x00, 0xb0, 0xbd,
  0x00, 0x00, 0x00, 0x3d, 0x00, 0x00, 0x08, 0x3e, 0x00, 0x00, 0x48, 0x3e,
  0x00, 0x00, 0x68, 0x3e, 0x00, 0x00, 0x58, 0x3e, 0x00, 0x00, 0x18, 0x3e,
  0x00, 0x00, 0x80, 0x3d, 0x00, 0x00, 0x40, 0xbd, 0x00, 0x00, 0x20, 0xbe,
  0x00, 0x00, 0x80, 0xbe, 0x00, 0x00, 0xa8, 0xbe, 0x00, 0x00, 0xc0, 0xbe,
  0x00, 0x00, 0xc4, 0xbe, 0x00, 0x00, 0xb8, 0xbe, 0x00, 0x00, 0xa4, 0xbe,
  0x00, 0x00, 0x84, 0xbe, 0x00, 0x00, 0x50, 0xbe, 0x00, 0x00, 0x20, 0xbe,
  0x00, 0x00, 0xe0, 0xbd, 0x00, 0x00, 0xb0, 0xbd, 0x00, 0x00, 0x80, 0xbd,
  0x00, 0x00, 0x20, 0xbd, 0x00, 0x00, 0x00, 0xbc, 0x00, 0x00, 0x20, 0x3d,
  0x00, 0x00, 0xd0, 0x3d, 0x00, 0x00, 0x40, 0x3e, 0x00, 0x00, 0x94, 0x3e,
  0x00, 0x00, 0xc8, 0x3e, 0x00, 0x00, 0xf4, 0x3e, 0x00, 0x00, 0x0c, 0x3f,
  0x00, 0x00, 0x14, 0x3f, 0x00, 0x00, 0x12, 0x3f, 0x00, 0x00, 0x06, 0x3f,
  0x00, 0x00, 0xe0, 0x3e, 0x00, 0x00, 0xac, 0x3e, 0x00, 0x00, 0x68, 0x3e,
  0x00, 0x00, 0x00, 0x3e, 0x00, 0x00, 0x40, 0x3d, 0x00, 0x00, 0x00, 0x3c,
  0x00, 0x00, 0x00, 0x3c, 0x00, 0x00, 0x20, 0x3d, 0x00, 0x00, 0xc0, 0x3d,
  0x00, 0x00, 0x20, 0x3e, 0x00, 0x00, 0x68, 0x3e, 0x00, 0x00, 0x90, 0x3e,
  0x00, 0x00, 0x9c, 0x3e, 0x00, 0x00, 0x9c, 0x3e, 0x00, 0x00, 0x90, 0x3e,
  0x00, 0x00, 0x78, 0x3e, 0x00, 0x00, 0x48, 0x3e, 0x00, 0x00, 0x18, 0x3e,
  0x00, 0x00, 0xe0, 0x3d, 0x00, 0x00, 0xc0, 0x3d, 0x00, 0x00, 0xb0, 0x3d,
  0x00, 0x00, 0xd0, 0x3d, 0x00, 0x00, 0x00, 0x3e, 0x00, 0x00, 0x10, 0x3e,
  0x00, 0x00, 0x18, 0x3e, 0x00, 0x00, 0x10, 0x3e, 0x00, 0x00, 0xf0, 0x3d,
  0x00, 0x00, 0x90, 0x3d, 0x00, 0x00, 0x00, 0x3c, 0x00, 0x00, 0x80, 0xbd,
  0x00, 0x00, 0x00, 0xbe, 0x00, 0x00, 0x38, 0xbe, 0x00, 0x00, 0x60, 0xbe,
  0x00, 0x00, 0x70, 0xbe, 0x00, 0x00, 0x68, 0xbe, 0x00, 0x00, 0x58, 0xbe,
  0x00, 0x00, 0x30, 0xbe, 0x00, 0x00, 0x08, 0xbe, 0x00, 0x00, 0xb0, 0xbd,
  0x00, 0x00, 0x40, 0xbd, 0x00, 0x00, 0x00, 0x00, 0x00, 0x00, 0x20, 0x3d,
  0x00, 0x00, 0xb0, 0x3d, 0x00, 0x00, 0x08, 0x3e, 0x00, 0x00, 0x40, 0x3e,
  0x00, 0x00, 0x78, 0x3e, 0x00, 0x00, 0x9c, 0x3e, 0x00, 0x00, 0xb4, 0x3e,
  0x00, 0x00, 0xc4, 0x3e, 0x00, 0x00, 0xc8, 0x3e, 0x00, 0x00, 0xc0, 0x3e,
  0x00, 0x00, 0xa8, 0x3e, 0x00, 0x00, 0x84, 0x3e, 0x00, 0x00, 0x30, 0x3e,
  0x00, 0x00, 0xa0, 0x3d, 0x00, 0x00, 0x00, 0xbc, 0x00, 0x00, 0xa0, 0xbd,
  0x00, 0x00, 0x00, 0xbe, 0x00, 0x00, 0x10, 0xbe, 0x00, 0x00, 0x08, 0xbe,
  0x00, 0x00, 0xe0, 0xbd, 0x00, 0x00, 0xb0, 0xbd, 0x00, 0x00, 0x90, 0xbd,
  0x00, 0x00, 0xa0, 0xbd, 0x00, 0x00, 0xf0, 0xbd, 0x00, 0x00, 0x38, 0xbe,
  0x00, 0x00, 0x8c, 0xbe, 0x00, 0x00, 0xc4, 0xbe, 0x00, 0x00, 0xf4, 0xbe,
  0x00, 0x00, 0x0e, 0xbf, 0x00, 0x00, 0x18, 0xbf, 0x00, 0x00, 0x14, 0xbf,
  0x00, 0x00, 0x06, 0xbf, 0x00, 0x00, 0xd8, 0xbe, 0x00, 0x00, 0x94, 0xbe,
  0x00, 0x00, 0x18, 0xbe, 0x00, 0x00, 0x80, 0xbc, 0x00, 0x00, 0xa0, 0x3d,
  0x00, 0x00, 0x10, 0x3e, 0x00, 0x00, 0x18, 0x3e, 0x00, 0x00, 0x00, 0x3e,
  0x00, 0x00, 0x90, 0x3d, 0x00, 0x00, 0x00, 0x3c, 0x00, 0x00, 0x20, 0xbd,
  0x00, 0x00, 0x80, 0xbd, 0x00, 0x00, 0x20, 0xbd, 0x00, 0x00, 0xc0, 0x3c,
  0x00, 0x00, 0x00, 0x3e, 0x00, 0x00, 0x84, 0x3e, 0x00, 0x00, 0xcc, 0x3e,
  0x00, 0x00, 0x04, 0x3f, 0x00, 0x00, 0x1c, 0x3f, 0x00, 0x00, 0x2a, 0x3f,
  0x00, 0x00, 0x2c, 0x3f, 0x00, 0x00, 0x24, 0x3f, 0x00, 0x00, 0x18, 0x3f,
  0x00, 0x00, 0x08, 0x3f, 0x00, 0x00, 0xf8, 0x3e, 0x00, 0x00, 0xf0, 0x3e,
  0x00, 0x00, 0xfc, 0x3e, 0x00, 0x00, 0x0e, 0x3f, 0x00, 0x00, 0x22, 0x3f,
  0x00, 0x00, 0x3a, 0x3f, 0x00, 0x00, 0x4a, 0x3f, 0x00, 0x00, 0x52, 0x3f,
  0x00, 0x00, 0x4a, 0x3f, 0x00, 0x00, 0x2e, 0x3f, 0x00, 0x00, 0x00, 0x3f,
  0x00, 0x00, 0x84, 0x3e, 0x00, 0x00, 0x80, 0xbc, 0x00, 0x00, 0x98, 0xbe,
  0x00, 0x00, 0x10, 0xbf, 0x00, 0x00, 0x46, 0xbf, 0x00, 0x00, 0x6a, 0xbf,
  0x00, 0x00, 0x78, 0xbf, 0x00, 0x00, 0x72, 0xbf, 0x00, 0x00, 0x58, 0xbf,
  0x00, 0x00, 0x32, 0xbf, 0x00, 0x00, 0x06, 0xbf, 0x00, 0x00, 0xb4, 0xbe,
  0x00, 0x00, 0x48, 0xbe, 0x00, 0x00, 0xb0, 0xbd, 0x00, 0x00, 0x00, 0xbc,
  0x00, 0x00, 0xc0, 0x3c, 0x00, 0x00, 0x80, 0x3c, 0x00, 0x00, 0x00, 0xbc,
  0x00, 0x00, 0x00, 0xbd, 0x00, 0x00, 0x60, 0xbd, 0x00, 0x00, 0x90, 0xbd,
  0x00, 0x00, 0x80, 0xbd, 0x00, 0x00, 0x20, 0xbd, 0x00, 0x00, 0x00, 0xbc,
  0x00, 0x00, 0xc0, 0x3c, 0x00, 0x00, 0x20, 0x3d, 0x00, 0x00, 0x40, 0x3d,
  0x00, 0x00, 0x40, 0x3d, 0x00, 0x00, 0xc0, 0x3c, 0x00, 0x00, 0x00, 0x00,
  0x00, 0x00, 0x00, 0xbd, 0x00, 0x00, 0x40, 0xbd, 0x00, 0x00, 0x60, 0xbd,
  0x00, 0x00, 0x40, 0xbd, 0x00, 0x00, 0x80, 0xbc, 0x00, 0x00, 0x80, 0x3c,
  0x00, 0x00, 0x60, 0x3d, 0x00, 0x00, 0xb0, 0x3d, 0x00, 0x00, 0xd0, 0x3d,
  0x00, 0x00, 0xd0, 0x3d, 0x00, 0x00, 0xb0, 0x3d, 0x00, 0x00, 0x40, 0x3d,
  0x00, 0x00, 0x00, 0x00, 0x00, 0x00, 0x40, 0xbd, 0x00, 0x00, 0xb0, 0xbd,
  0x00, 0x00, 0xe0, 0xbd, 0x00, 0x00, 0xe0, 0xbd, 0x00, 0x00, 0xc0, 0xbd,
  0x00, 0x00, 0x80, 0xbd, 0x00, 0x00, 0x80, 0xbc, 0x00, 0x00, 0xc0, 0x3c,
  0x00, 0x00, 0x60, 0x3d, 0x00, 0x00, 0x80, 0x3d, 0x00, 0x00, 0x40, 0x3d,
  0x00, 0x00, 0x00, 0xbc, 0x00, 0x00, 0xb0, 0xbd, 0x00, 0x00, 0x40, 0xbe,
  0x00, 0x00, 0x9c, 0xbe, 0x00, 0x00, 0xdc, 0xbe, 0x00, 0x00, 0x0c, 0xbf,
  0x00, 0x00, 0x24, 0xbf, 0x00, 0x00, 0x38, 0xbf, 0x00, 0x00, 0x46, 0xbf,
  0x00, 0x00, 0x4a, 0xbf, 0x00, 0x00, 0x46, 0xbf, 0x00, 0x00, 0x3c, 0xbf,
  0x00, 0x00, 0x2c, 0xbf, 0x00, 0x00, 0x14, 0xbf, 0x00, 0x00, 0xf4, 0xbe,
  0x00, 0x00, 0xb4, 0xbe, 0x00, 0x00, 0x68, 0xbe, 0x00, 0x00, 0xc0, 0xbd,
  0x00, 0x00, 0x00, 0x3d, 0x00, 0x00, 0x18, 0x3e, 0x00, 0x00, 0x80, 0x3e,
  0x00, 0x00, 0xa8, 0x3e, 0x00, 0x00, 0xc0, 0x3e, 0x00, 0x00, 0xcc, 0x3e,
  0x00, 0x00, 0xc8, 0x3e, 0x00, 0x00, 0xb4, 0x3e, 0x00, 0x00, 0x94, 0x3e,
  0x00, 0x00, 0x60, 0x3e, 0x00, 0x00, 0x18, 0x3e, 0x00, 0x00, 0xa0, 0x3d,
  0x00, 0x00, 0x00, 0x3d, 0x00, 0x00, 0x00, 0xbc, 0x00, 0x00, 0x80, 0xbc,
  0x00, 0x00, 0x80, 0xbc, 0x00, 0x00, 0x00, 0x3c, 0x00, 0x00, 0x00, 0x3d,
  0x00, 0x00, 0x60, 0x3d, 0x00, 0x00, 0x90, 0x3d, 0x00, 0x00, 0x90, 0x3d,
  0x00, 0x00, 0x60, 0x3d, 0x00, 0x00, 0xc0, 0x3c, 0x00, 0x00, 0x80, 0xbc,
  0x00, 0x00, 0x80, 0xbd, 0x00, 0x00, 0xd0, 0xbd, 0x00, 0x00, 0x00, 0xbe,
  0x00, 0x00, 0x08, 0xbe, 0x00, 0x00, 0xe0, 0xbd, 0x00, 0x00, 0x90, 0xbd,
  0x00, 0x00, 0x00, 0x00, 0x00, 0x00, 0xa0, 0x3d, 0x00, 0x00, 0x20, 0x3e,
  0x00, 0x00, 0x70, 0x3e, 0x00, 0x00, 0x94, 0x3e, 0x00, 0x00, 0xa4, 0x3e,
  0x00, 0x00, 0xa4, 0x3e, 0x00, 0x00, 0x94, 0x3e, 0x00, 0x00, 0x68, 0x3e,
  0x00, 0x00, 0x18, 0x3e, 0x00, 0x00, 0x60, 0x3d, 0x00, 0x00, 0x20, 0xbd,
  0x00, 0x00, 0x00, 0xbe, 0x00, 0x00, 0x38, 0xbe, 0x00, 0x00, 0x50, 0xbe,
  0x00, 0x00, 0x48, 0xbe, 0x00, 0x00, 0x18, 0xbe, 0x00, 0x00, 0xb0, 0xbd,
  0x00, 0x00, 0x00, 0x00, 0x00, 0x00, 0xb0, 0x3d, 0x00, 0x00, 0x20, 0x3e,
  0x00, 0x00, 0x50, 0x3e, 0x00, 0x00, 0x58, 0x3e, 0x00, 0x00, 0x38, 0x3e,
  0x00, 0x00, 0xf0, 0x3d, 0x00, 0x00, 0xc0, 0x3c, 0x00, 0x00, 0xa0, 0xbd,
  0x00, 0x00, 0x38, 0xbe, 0x00, 0x00, 0x88, 0xbe, 0x00, 0x00, 0xa0, 0xbe,
  0x00, 0x00, 0x9c, 0xbe, 0x00, 0x00, 0x80, 0xbe, 0x00, 0x00, 0x10, 0xbe,
  0x00, 0x00, 0x00, 0x3c, 0x00, 0x00, 0x30, 0x3e, 0x00, 0x00, 0xb0, 0x3e,
  0x00, 0x00, 0x00, 0x3f, 0x00, 0x00, 0x1c, 0x3f, 0x00, 0x00, 0x2a, 0x3f,
  0x00, 0x00, 0x28, 0x3f, 0x00, 0x00, 0x18, 0x3f, 0x00, 0x00, 0xf4, 0x3e,
  0x00, 0x00, 0xa4, 0x3e, 0x00, 0x00, 0x28, 0x3e, 0x00, 0x00, 0x00, 0x3c,
  0x00, 0x00, 0xf0, 0xbd, 0x00, 0x00, 0x48, 0xbe, 0x00, 0x00, 0x70, 0xbe,
  0x00, 0x00, 0x60, 0xbe, 0x00, 0x00, 0x30, 0xbe, 0x00, 0x00, 0xd0, 0xbd,
  0x00, 0x00, 0xc0, 0xbc, 0x00, 0x00, 0x40, 0x3d, 0x00, 0x00, 0xb0, 0x3d,
  0x00, 0x00, 0xd0, 0x3d, 0x00, 0x00, 0xb0, 0x3d, 0x00, 0x00, 0x40, 0x3d,
  0x00, 0x00, 0x00, 0x00, 0x00, 0x00, 0x40, 0xbd, 0x00, 0x00, 0xb0, 0xbd,
  0x00, 0x00, 0xc0, 0xbd, 0x00, 0x00, 0xa0, 0xbd, 0x00, 0x00, 0x20, 0xbd,
  0x00, 0x00, 0x80, 0x3c, 0x00, 0x00, 0xb0, 0x3d, 0x00, 0x00, 0x10, 0x3e,
  0x00, 0x00, 0x38, 0x3e, 0x00, 0x00, 0x40, 0x3e, 0x00, 0x00, 0x28, 0x3e,
  0x00, 0x00, 0xe0, 0x3d, 0x00, 0x00, 0x20, 0x3d, 0x00, 0x00, 0x20, 0xbd,
  0x00, 0x00, 0xe0, 0xbd, 0x00, 0x00, 0x20, 0xbe, 0x00, 0x00, 0x30, 0xbe,
  0x00, 0x00, 0x20, 0xbe, 0x00, 0x00, 0xd0, 0xbd, 0x00, 0x00, 0x80, 0xbc,
  0x00, 0x00, 0xa0, 0x3d, 0x00, 0x00, 0x38, 0x3e, 0x00, 0x00, 0x88, 0x3e,
  0x00, 0x00, 0xa8, 0x3e, 0x00, 0x00, 0xb8, 0x3e, 0x00, 0x00, 0xb0, 0x3e,
  0x00, 0x00, 0x9c, 0x3e, 0x00, 0x00, 0x70, 0x3e, 0x00, 0x00, 0x10, 0x3e,
  0x00, 0x00, 0x40, 0x3d, 0x00, 0x00, 0x20, 0xbd, 0x00, 0x00, 0xe0, 0xbd,
  0x00, 0x00, 0x20, 0xbe, 0x00, 0x00, 0x38, 0xbe, 0x00, 0x00, 0x30, 0xbe,
  0x00, 0x00, 0x18, 0xbe, 0x00, 0x00, 0xe0, 0xbd, 0x00, 0x00, 0x80, 0xbd,
  0x00, 0x00, 0x00, 0xbc, 0x00, 0x00, 0x20, 0x3d, 0x00, 0x00, 0xb0, 0x3d,
  0x00, 0x00, 0xe0, 0x3d, 0x00, 0x00, 0x00, 0x3e, 0x00, 0x00, 0x00, 0x3e,
  0x00, 0x00, 0xe0, 0x3d, 0x00, 0x00, 0xa0, 0x3d, 0x00, 0x00, 0xc0, 0x3c,
  0x00, 0x00, 0x20, 0xbd, 0x00, 0x00, 0xe0, 0xbd, 0x00, 0x00, 0x40, 0xbe,
  0x00, 0x00, 0x84, 0xbe, 0x00, 0x00, 0x9c, 0xbe, 0x00, 0x00, 0xac, 0xbe,
  0x00, 0x00, 0xb0, 0xbe, 0x00, 0x00, 0xa0, 0xbe, 0x00, 0x00, 0x84, 0xbe,
  0x00, 0x00, 0x30, 0xbe, 0x00, 0x00, 0xa0, 0xbd, 0x00, 0x00, 0xc0, 0x3c,
  0x00, 0x00, 0xe0, 0x3d, 0x00, 0x00, 0x30, 0x3e, 0x00, 0x00, 0x58, 0x3e,
  0x00, 0x00, 0x58, 0x3e, 0x00, 0x00, 0x38, 0x3e, 0x00, 0x00, 0x00, 0x3e,
  0x00, 0x00, 0x60, 0x3d, 0x00, 0x00, 0x80, 0xbc, 0x00, 0x00, 0x90, 0xbd,
  0x00, 0x00, 0xd0, 0xbd, 0x00, 0x00, 0xe0, 0xbd, 0x00, 0x00, 0xb0, 0xbd,
  0x00, 0x00, 0x20, 0xbd, 0x00, 0x00, 0x80, 0x3c, 0x00, 0x00, 0x80, 0x3d,
  0x00, 0x00, 0xc0, 0x3d, 0x00, 0x00, 0xc0, 0x3d, 0x00, 0x00, 0x60, 0x3d,
  0x00, 0x00, 0x80, 0xbc, 0x00, 0x00, 0xe0, 0xbd, 0x00, 0x00, 0x68, 0xbe,
  0x00, 0x00, 0xa8, 0xbe, 0x00, 0x00, 0xd0, 0xbe, 0x00, 0x00, 0xe4, 0xbe,
  0x00, 0x00, 0xdc, 0xbe, 0x00, 0x00, 0xb4, 0xbe, 0x00, 0x00, 0x60, 0xbe,
  0x00, 0x00, 0x20, 0xbd, 0x00, 0x00, 0x30, 0x3e, 0x00, 0x00, 0xc4, 0x3e,
  0x00, 0x00, 0x14, 0x3f, 0x00, 0x00, 0x3e, 0x3f, 0x00, 0x00, 0x58, 0x3f,
  0x00, 0x00, 0x64, 0x3f, 0x00, 0x00, 0x60, 0x3f, 0x00, 0x00, 0x4c, 0x3f,
  0x00, 0x00, 0x2e, 0x3f, 0x00, 0x00, 0x08, 0x3f, 0x00, 0x00, 0xc0, 0x3e,
  0x00, 0x00, 0x68, 0x3e, 0x00, 0x00, 0xb0, 0x3d, 0x00, 0x00, 0x80, 0xbc,
  0x00, 0x00, 0xc0, 0xbd, 0x00, 0x00, 0x10, 0xbe, 0x00, 0x00, 0x20, 0xbe,
  0x00, 0x00, 0x20, 0xbe, 0x00, 0x00, 0x08, 0xbe, 0x00, 0x00, 0xe0, 0xbd,
  0x00, 0x00, 0xa0, 0xbd, 0x00, 0x00, 0x40, 0xbd, 0x00, 0x00, 0xc0, 0xbc,
  0x00, 0x00, 0x00, 0xbc, 0x00, 0x00, 0x00, 0x00, 0x00, 0x00, 0x00, 0x00,
  0x00, 0x00, 0x00, 0x00, 0x00, 0x00, 0x80, 0xbc, 0x00, 0x00, 0x20, 0xbd,
  0x00, 0x00, 0x90, 0xbd, 0x00, 0x00, 0xe0, 0xbd, 0x00, 0x00, 0x18, 0xbe,
  0x00, 0x00, 0x48, 0xbe, 0x00, 0x00, 0x70, 0xbe, 0x00, 0x00, 0x8c, 0xbe,
  0x00, 0x00, 0x9c, 0xbe, 0x00, 0x00, 0xa4, 0xbe, 0x00, 0x00, 0xa8, 0xbe,
  0x00, 0x00, 0xa4, 0xbe, 0x00, 0x00, 0x9c, 0xbe, 0x00, 0x00, 0x88, 0xbe,
  0x00, 0x00, 0x68, 0xbe, 0x00, 0x00, 0x30, 0xbe, 0x00, 0x00, 0xf0, 0xbd,
  0x00, 0x00, 0x90, 0xbd, 0x00, 0x00, 0xc0, 0xbc, 0x00, 0x00, 0x80, 0x3c,
  0x00, 0x00, 0x40, 0x3d, 0x00, 0x00, 0x60, 0x3d, 0x00, 0x00, 0x60, 0x3d,
  0x00, 0x00, 0x00, 0x3d, 0x00, 0x00, 0x00, 0x00, 0x00, 0x00, 0x20, 0xbd,
  0x00, 0x00, 0xa0, 0xbd, 0x00, 0x00, 0xe0, 0xbd, 0x00, 0x00, 0x00, 0xbe,
  0x00, 0x00, 0xe0, 0xbd, 0x00, 0x00, 0x90, 0xbd, 0x00, 0x00, 0x00, 0x00,
  0x00, 0x00, 0xd0, 0x3d, 0x00, 0x00, 0x60, 0x3e, 0x00, 0x00, 0xb4, 0x3e,
  0x00, 0x00, 0xf0, 0x3e, 0x00, 0x00, 0x10, 0x3f, 0x00, 0x00, 0x1e, 0x3f,
  0x00, 0x00, 0x1c, 0x3f, 0x00, 0x00, 0x0a, 0x3f, 0x00, 0x00, 0xd0, 0x3e,
  0x00, 0x00, 0x60, 0x3e, 0x00, 0x00, 0x00, 0xbc, 0x00, 0x00, 0x84, 0xbe,
  0x00, 0x00, 0x00, 0xbf, 0x00, 0x00, 0x36, 0xbf, 0x00, 0x00, 0x5e, 0xbf,
  0x00, 0x00, 0x76, 0xbf, 0x00, 0x00, 0x7c, 0xbf, 0x00, 0x00, 0x70, 0xbf,
  0x00, 0x00, 0x58, 0xbf, 0x00, 0x00, 0x36, 0xbf, 0x00, 0x00, 0x12, 0xbf,
  0x00, 0x00, 0xe4, 0xbe, 0x00, 0x00, 0xb0, 0xbe, 0x00, 0x00, 0x94, 0xbe,
  0x00, 0x00, 0x8c, 0xbe, 0x00, 0x00, 0x98, 0xbe, 0x00, 0x00, 0xac, 0xbe,
  0x00, 0x00, 0xc4, 0xbe, 0x00, 0x00, 0xd4, 0xbe, 0x00, 0x00, 0xd4, 0xbe,
  0x00, 0x00, 0xc4, 0xbe, 0x00, 0x00, 0x9c, 0xbe, 0x00, 0x00, 0x50, 0xbe,
  0x00, 0x00, 0xa0, 0xbd, 0x00, 0x00, 0x40, 0x3d, 0x00, 0x00, 0x20, 0x3e,
  0x00, 0x00, 0x68, 0x3e, 0x00, 0x00, 0x84, 0x3e, 0x00, 0x00, 0x78, 0x3e,
  0x00, 0x00, 0x40, 0x3e, 0x00, 0x00, 0xe0, 0x3d, 0x00, 0x00, 0x80, 0x3c,
  0x00, 0x00, 0x60, 0xbd, 0x00, 0x00, 0xe0, 0xbd, 0x00, 0x00, 0x00, 0xbe,
  0x00, 0x00, 0xd0, 0xbd, 0x00, 0x00, 0x20, 0xbd, 0x00, 0x00, 0x20, 0x3d,
  0x00, 0x00, 0xf0, 0x3d, 0x00, 0x00, 0x40, 0x3e, 0x00, 0x00, 0x68, 0x3e,
  0x00, 0x00, 0x70, 0x3e, 0x00, 0x00, 0x48, 0x3e, 0x00, 0x00, 0x00, 0x3e,
  0x00, 0x00, 0x20, 0x3d, 0x00, 0x00, 0x20, 0xbd, 0x00, 0x00, 0xe0, 0xbd,
  0x00, 0x00, 0x10, 0xbe, 0x00, 0x00, 0x00, 0xbe, 0x00, 0x00, 0x80, 0xbd,
  0x00, 0x00, 0x00, 0x3d, 0x00, 0x00, 0x10, 0x3e, 0x00, 0x00, 0x80, 0x3e,
  0x00, 0x00, 0xa8, 0x3e, 0x00, 0x00, 0xb8, 0x3e, 0x00, 0x00, 0xa4, 0x3e,
  0x00, 0x00, 0x68, 0x3e, 0x00, 0x00, 0x90, 0x3d, 0x00, 0x00, 0x00, 0xbe,
  0x00, 0x00, 0xa4, 0xbe, 0x00, 0x00, 0xfc, 0xbe, 0x00, 0x00, 0x1e, 0xbf,
  0x00, 0x00, 0x2a, 0xbf, 0x00, 0x00, 0x20, 0xbf, 0x00, 0x00, 0x00, 0xbf,
  0x00, 0x00, 0xa0, 0xbe, 0x00, 0x00, 0xa0, 0xbd, 0x00, 0x00, 0x20, 0x3e,
  0x00, 0x00, 0xbc, 0x3e, 0x00, 0x00, 0x02, 0x3f, 0x00, 0x00, 0x10, 0x3f,
  0x00, 0x00, 0x06, 0x3f, 0x00, 0x00, 0xc4, 0x3e, 0x00, 0x00, 0x38, 0x3e,
  0x00, 0x00, 0x90, 0xbd, 0x00, 0x00, 0xa8, 0xbe, 0x00, 0x00, 0x0c, 0xbf,
  0x00, 0x00, 0x34, 0xbf, 0x00, 0x00, 0x44, 0xbf, 0x00, 0x00, 0x3c, 0xbf,
  0x00, 0x00, 0x1c, 0xbf, 0x00, 0x00, 0xd4, 0xbe, 0x00, 0x00, 0x38, 0xbe,
  0x00, 0x00, 0x90, 0x3d, 0x00, 0x00, 0x94, 0x3e, 0x00, 0x00, 0xe4, 0x3e,
  0x00, 0x00, 0x08, 0x3f, 0x00, 0x00, 0x06, 0x3f, 0x00, 0x00, 0xe4, 0x3e,
  0x00, 0x00, 0x98, 0x3e, 0x00, 0x00, 0xe0, 0x3d, 0x00, 0x00, 0xb0, 0xbd,
  0x00, 0x00, 0x84, 0xbe, 0x00, 0x00, 0xc8, 0xbe, 0x00, 0x00, 0xf0, 0xbe,
  0x00, 0x00, 0xf4, 0xbe, 0x00, 0x00, 0xdc, 0xbe, 0x00, 0x00, 0xac, 0xbe,
  0x00, 0x00, 0x60, 0xbe, 0x00, 0x00, 0xc0, 0xbd, 0x00, 0x00, 0xc0, 0x3c,
  0x00, 0x00, 0xf0, 0x3d, 0x00, 0x00, 0x40, 0x3e, 0x00, 0x00, 0x70, 0x3e,
  0x00, 0x00, 0x88, 0x3e, 0x00, 0x00, 0x90, 0x3e, 0x00, 0x00, 0xa0, 0x3e,
  0x00, 0x00, 0xb0, 0x3e, 0x00, 0x00, 0xcc, 0x3e, 0x00, 0x00, 0xf0, 0x3e,
  0x00, 0x00, 0x0a, 0x3f, 0x00, 0x00, 0x1a, 0x3f, 0x00, 0x00, 0x26, 0x3f,
  0x00, 0x00, 0x2a, 0x3f, 0x00, 0x00, 0x22, 0x3f, 0x00, 0x00, 0x0e, 0x3f,
  0x00, 0x00, 0xe4, 0x3e, 0x00, 0x00, 0xa0, 0x3e, 0x00, 0x00, 0x38, 0x3e,
  0x00, 0x00, 0x80, 0x3d, 0x00, 0x00, 0xc0, 0xbc, 0x00, 0x00, 0x40, 0xbd,
  0x00, 0x00, 0x80, 0xbc, 0x00, 0x00, 0x90, 0x3d, 0x00, 0x00, 0x50, 0x3e,
  0x00, 0x00, 0xbc, 0x3e, 0x00, 0x00, 0x06, 0x3f, 0x00, 0x00, 0x2a, 0x3f,
  0x00, 0x00, 0x40, 0x3f, 0x00, 0x00, 0x46, 0x3f, 0x00, 0x00, 0x3c, 0x3f,
  0x00, 0x00, 0x22, 0x3f, 0x00, 0x00, 0xf8, 0x3e, 0x00, 0x00, 0xa0, 0x3e,
  0x00, 0x00, 0x18, 0x3e, 0x00, 0x00, 0x00, 0x3c, 0x00, 0x00, 0xb0, 0xbd,
  0x00, 0x00, 0xf0, 0xbd, 0x00, 0x00, 0xb0, 0xbd, 0x00, 0x00, 0x80, 0xbc,
  0x00, 0x00, 0xa0, 0x3d, 0x00, 0x00, 0x38, 0x3e, 0x00, 0x00, 0x80, 0x3e,
  0x00, 0x00, 0x90, 0x3e, 0x00, 0x00, 0x84, 0x3e, 0x00, 0x00, 0x38, 0x3e,
  0x00, 0x00, 0x60, 0x3d, 0x00, 0x00, 0xc0, 0xbd, 0x00, 0x00, 0x80, 0xbe,
  0x00, 0x00, 0xc0, 0xbe, 0x00, 0x00, 0xe8, 0xbe, 0x00, 0x00, 0xf0, 0xbe,
  0x00, 0x00, 0xd4, 0xbe, 0x00, 0x00, 0x98, 0xbe, 0x00, 0x00, 0x08, 0xbe,
  0x00, 0x00, 0x40, 0x3d, 0x00, 0x00, 0x60, 0x3e, 0x00, 0x00, 0xb4, 0x3e,
  0x00, 0x00, 0xd8, 0x3e, 0x00, 0x00, 0xdc, 0x3e, 0x00, 0x00, 0xbc, 0x3e,
  0x00, 0x00, 0x84, 0x3e, 0x00, 0x00, 0xe0, 0x3d, 0x00, 0x00, 0x20, 0xbd,
  0x00, 0x00, 0x28, 0xbe, 0x00, 0x00, 0x78, 0xbe, 0x00, 0x00, 0x80, 0xbe,
  0x00, 0x00, 0x50, 0xbe, 0x00, 0x00, 0xc0, 0xbd, 0x00, 0x00, 0x40, 0x3d,
  0x00, 0x00, 0x50, 0x3e, 0x00, 0x00, 0xac, 0x3e, 0x00, 0x00, 0xdc, 0x3e,
  0x00, 0x00, 0xe8, 0x3e, 0x00, 0x00, 0xd4, 0x3e, 0x00, 0x00, 0x98, 0x3e,
  0x00, 0x00, 0x10, 0x3e, 0x00, 0x00, 0x60, 0xbd, 0x00, 0x00, 0x80, 0xbe,
  0x00, 0x00, 0xdc, 0xbe, 0x00, 0x00, 0x10, 0xbf, 0x00, 0x00, 0x22, 0xbf,
  0x00, 0x00, 0x28, 0xbf, 0x00, 0x00, 0x1e, 0xbf, 0x00, 0x00, 0x0e, 0xbf,
  0x00, 0x00, 0xf0, 0xbe, 0x00, 0x00, 0xc8, 0xbe, 0x00, 0x00, 0xac, 0xbe,
  0x00, 0x00, 0xa4, 0xbe, 0x00, 0x00, 0xac, 0xbe, 0x00, 0x00, 0xcc, 0xbe,
  0x00, 0x00, 0xf4, 0xbe, 0x00, 0x00, 0x10, 0xbf, 0x00, 0x00, 0x22, 0xbf,
  0x00, 0x00, 0x2c, 0xbf, 0x00, 0x00, 0x2c, 0xbf, 0x00, 0x00, 0x20, 0xbf,
  0x00, 0x00, 0x08, 0xbf, 0x00, 0x00, 0xcc, 0xbe, 0x00, 0x00, 0x80, 0xbe,
  0x00, 0x00, 0xc0, 0xbd, 0x00, 0x00, 0x60, 0x3d, 0x00, 0x00, 0x30, 0x3e,
  0x00, 0x00, 0x84, 0x3e, 0x00, 0x00, 0x98, 0x3e, 0x00, 0x00, 0x9c, 0x3e,
  0x00, 0x00, 0x90, 0x3e, 0x00, 0x00, 0x78, 0x3e, 0x00, 0x00, 0x40, 0x3e,
  0x00, 0x00, 0x10, 0x3e, 0x00, 0x00, 0xd0, 0x3d, 0x00, 0x00, 0xb0, 0x3d,
  0x00, 0x00, 0xb0, 0x3d, 0x00, 0x00, 0xd0, 0x3d, 0x00, 0x00, 0x10, 0x3e,
  0x00, 0x00, 0x50, 0x3e, 0x00, 0x00, 0x88, 0x3e, 0x00, 0x00, 0xb0, 0x3e,
  0x00, 0x00, 0xd8, 0x3e, 0x00, 0x00, 0x02, 0x3f, 0x00, 0x00, 0x14, 0x3f,
  0x00, 0x00, 0x24, 0x3f, 0x00, 0x00, 0x30, 0x3f, 0x00, 0x00, 0x36, 0x3f,
  0x00, 0x00, 0x34, 0x3f, 0x00, 0x00, 0x2c, 0x3f, 0x00, 0x00, 0x1c, 0x3f,
  0x00, 0x00, 0x04, 0x3f, 0x00, 0x00, 0xd0, 0x3e, 0x00, 0x00, 0x94, 0x3e,
  0x00, 0x00, 0x30, 0x3e, 0x00, 0x00, 0x90, 0x3d, 0x00, 0x00, 0x00, 0x00,
  0x00, 0x00, 0x40, 0xbd, 0x00, 0x00, 0x40, 0xbd, 0x00, 0x00, 0x80, 0xbc,
  0x00, 0x00, 0x20, 0x3d, 0x00, 0x00, 0xf0, 0x3d, 0x00, 0x00, 0x40, 0x3e,
  0x00, 0x00, 0x80, 0x3e, 0x00, 0x00, 0x90, 0x3e, 0x00, 0x00, 0x8c, 0x3e,
  0x00, 0x00, 0x60, 0x3e, 0x00, 0x00, 0x08, 0x3e, 0x00, 0x00, 0xc0, 0x3c,
  0x00, 0x00, 0xd0, 0xbd, 0x00, 0x00, 0x68, 0xbe, 0x00, 0x00, 0xac, 0xbe,
  0x00, 0x00, 0xd0, 0xbe, 0x00, 0x00, 0xdc, 0xbe, 0x00, 0x00, 0xd4, 0xbe,
  0x00, 0x00, 0xb4, 0xbe, 0x00, 0x00, 0x84, 0xbe, 0x00, 0x00, 0x18, 0xbe,
  0x00, 0x00, 0x00, 0xbd, 0x00, 0x00, 0xa0, 0x3d, 0x00, 0x00, 0x28, 0x3e,
  0x00, 0x00, 0x60, 0x3e, 0x00, 0x00, 0x70, 0x3e, 0x00, 0x00, 0x60, 0x3e,
  0x00, 0x00, 0x30, 0x3e, 0x00, 0x00, 0xe0, 0x3d, 0x00, 0x00, 0x00, 0x3d,
  0x00, 0x00, 0x40, 0xbd, 0x00, 0x00, 0xf0, 0xbd, 0x00, 0x00, 0x28, 0xbe,
  0x00, 0x00, 0x48, 0xbe, 0x00, 0x00, 0x50, 0xbe, 0x00, 0x00, 0x38, 0xbe,
  0x00, 0x00, 0x10, 0xbe, 0x00, 0x00, 0xb0, 0xbd, 0x00, 0x00, 0x00, 0xbc,
  0x00, 0x00, 0x90, 0x3d, 0x00, 0x00, 0x10, 0x3e, 0x00, 0x00, 0x58, 0x3e,
  0x00, 0x00, 0x88, 0x3e, 0x00, 0x00, 0x94, 0x3e, 0x00, 0x00, 0x98, 0x3e,
  0x00, 0x00, 0x88, 0x3e, 0x00, 0x00, 0x60, 0x3e, 0x00, 0x00, 0x18, 0x3e,
  0x00, 0x00, 0x80, 0x3d, 0x00, 0x00, 0x80, 0xbc, 0x00, 0x00, 0xb0, 0xbd,
  0x00, 0x00, 0x00, 0xbe, 0x00, 0x00, 0x00, 0xbe, 0x00, 0x00, 0xa0, 0xbd,
  0x00, 0x00, 0x80, 0x3c, 0x00, 0x00, 0x10, 0x3e, 0x00, 0x00, 0x94, 0x3e,
  0x00, 0x00, 0xe8, 0x3e, 0x00, 0x00, 0x1a, 0x3f, 0x00, 0x00, 0x38, 0x3f,
  0x00, 0x00, 0x4a, 0x3f, 0x00, 0x00, 0x4e, 0x3f, 0x00, 0x00, 0x42, 0x3f,
  0x00, 0x00, 0x2a, 0x3f, 0x00, 0x00, 0x08, 0x3f, 0x00, 0x00, 0xc0, 0x3e,
  0x00, 0x00, 0x60, 0x3e, 0x00, 0x00, 0xa0, 0x3d, 0x00, 0x00, 0xc0, 0xbc,
  0x00, 0x00, 0xb0, 0xbd, 0x00, 0x00, 0xe0, 0xbd, 0x00, 0x00, 0xc0, 0xbd,
  0x00, 0x00, 0x40, 0xbd, 0x00, 0x00, 0x00, 0x3c, 0x00, 0x00, 0x80, 0x3d,
  0x00, 0x00, 0xd0, 0x3d, 0x00, 0x00, 0xf0, 0x3d, 0x00, 0x00, 0xf0, 0x3d,
  0x00, 0x00, 0xd0, 0x3d, 0x00, 0x00, 0xa0, 0x3d, 0x00, 0x00, 0x40, 0x3d,
  0x00, 0x00, 0x20, 0x3d, 0x00, 0x00, 0x20, 0x3d, 0x00, 0x00, 0x80, 0x3d,
  0x00, 0x00, 0xb0, 0x3d, 0x00, 0x00, 0x00, 0x3e, 0x00, 0x00, 0x10, 0x3e,
  0x00, 0x00, 0x08, 0x3e, 0x00, 0x00, 0xc0, 0x3d, 0x00, 0x00, 0x00, 0x3c,
  0x00, 0x00, 0x00, 0xbe, 0x00, 0x00, 0x90, 0xbe, 0x00, 0x00, 0xe8, 0xbe,
  0x00, 0x00, 0x20, 0xbf, 0x00, 0x00, 0x44, 0xbf, 0x00, 0x00, 0x5c, 0xbf,
  0x00, 0x00, 0x64, 0xbf, 0x00, 0x00, 0x5a, 0xbf, 0x00, 0x00, 0x40, 0xbf,
  0x00, 0x00, 0x1a, 0xbf, 0x00, 0x00, 0xd4, 0xbe, 0x00, 0x00, 0x58, 0xbe,
  0x00, 0x00, 0x00, 0xbd, 0x00, 0x00, 0x00, 0x3e, 0x00, 0x00, 0x70, 0x3e,
  0x00, 0x00, 0x98, 0x3e, 0x00, 0x00, 0x9c, 0x3e, 0x00, 0x00, 0x8c, 0x3e,
  0x00, 0x00, 0x68, 0x3e, 0x00, 0x00, 0x28, 0x3e, 0x00, 0x00, 0xf0, 0x3d,
  0x00, 0x00, 0xa0, 0x3d, 0x00, 0x00, 0x90, 0x3d, 0x00, 0x00, 0xa0, 0x3d,
  0x00, 0x00, 0xd0, 0x3d, 0x00, 0x00, 0x08, 0x3e, 0x00, 0x00, 0x20, 0x3e,
  0x00, 0x00, 0x30, 0x3e, 0x00, 0x00, 0x28, 0x3e, 0x00, 0x00, 0x10, 0x3e,
  0x00, 0x00, 0xd0, 0x3d, 0x00, 0x00, 0x80, 0x3d, 0x00, 0x00, 0xc0, 0x3c,
  0x00, 0x00, 0x00, 0x3c, 0x00, 0x00, 0xc0, 0x3c, 0x00, 0x00, 0x90, 0x3d,
  0x00, 0x00, 0x18, 0x3e, 0x00, 0x00, 0x84, 0x3e, 0x00, 0x00, 0xc0, 0x3e,
  0x00, 0x00, 0xfc, 0x3e, 0x00, 0x00, 0x1a, 0x3f, 0x00, 0x00, 0x2e, 0x3f,
  0x00, 0x00, 0x3a, 0x3f, 0x00, 0x00, 0x3e, 0x3f, 0x00, 0x00, 0x38, 0x3f,
  0x00, 0x00, 0x2a, 0x3f, 0x00, 0x00, 0x18, 0x3f, 0x00, 0x00, 0x04, 0x3f,
  0x00, 0x00, 0xe0, 0x3e, 0x00, 0x00, 0xc0, 0x3e, 0x00, 0x00, 0xa0, 0x3e,
  0x00, 0x00, 0x88, 0x3e, 0x00, 0x00, 0x68, 0x3e, 0x00, 0x00, 0x48, 0x3e,
  0x00, 0x00, 0x20, 0x3e, 0x00, 0x00, 0xe0, 0x3d, 0x00, 0x00, 0x80, 0x3d,
  0x00, 0x00, 0x00, 0x3c, 0x00, 0x00, 0x40, 0xbd, 0x00, 0x00, 0xb0, 0xbd,
  0x00, 0x00, 0xf0, 0xbd, 0x00, 0x00, 0x00, 0xbe, 0x00, 0x00, 0xe0, 0xbd,
  0x00, 0x00, 0x90, 0xbd, 0x00, 0x00, 0x80, 0xbc, 0x00, 0x00, 0x60, 0x3d,
  0x00, 0x00, 0x00, 0x3e, 0x00, 0x00, 0x38, 0x3e, 0x00, 0x00, 0x50, 0x3e,
  0x00, 0x00, 0x48, 0x3e, 0x00, 0x00, 0x20, 0x3e, 0x00, 0x00, 0xb0, 0x3d,
  0x00, 0x00, 0xc0, 0xbc, 0x00, 0x00, 0x10, 0xbe, 0x00, 0x00, 0x84, 0xbe,
  0x00, 0x00, 0xbc, 0xbe, 0x00, 0x00, 0xe4, 0xbe, 0x00, 0x00, 0xfc, 0xbe,
  0x00, 0x00, 0xfc, 0xbe, 0x00, 0x00, 0xe8, 0xbe, 0x00, 0x00, 0xc0, 0xbe,
  0x00, 0x00, 0x88, 0xbe, 0x00, 0x00, 0x18, 0xbe, 0x00, 0x00, 0xc0, 0xbc,
  0x00, 0x00, 0xb0, 0x3d, 0x00, 0x00, 0x30, 0x3e, 0x00, 0x00, 0x68, 0x3e,
  0x00, 0x00, 0x78, 0x3e, 0x00, 0x00, 0x70, 0x3e, 0x00, 0x00, 0x48, 0x3e,
  0x00, 0x00, 0x10, 0x3e, 0x00, 0x00, 0xa0, 0x3d, 0x00, 0x00, 0x00, 0x3c,
  0x00, 0x00, 0x40, 0xbd, 0x00, 0x00, 0xc0, 0xbd, 0x00, 0x00, 0xe0, 0xbd,
  0x00, 0x00, 0xe0, 0xbd, 0x00, 0x00, 0xb0, 0xbd, 0x00, 0x00, 0x20, 0xbd,
  0x00, 0x00, 0x80, 0x3c, 0x00, 0x00, 0xb0, 0x3d, 0x00, 0x00, 0x20, 0x3e,
  0x00, 0x00, 0x60, 0x3e, 0x00, 0x00, 0x8c, 0x3e, 0x00, 0x00, 0xa0, 0x3e,
  0x00, 0x00, 0xac, 0x3e, 0x00, 0x00, 0xac, 0x3e, 0x00, 0x00, 0xa4, 0x3e,
  0x00, 0x00, 0x98, 0x3e, 0x00, 0x00, 0x80, 0x3e, 0x00, 0x00, 0x50, 0x3e,
  0x00, 0x00, 0x20, 0x3e, 0x00, 0x00, 0xf0, 0x3d, 0x00, 0x00, 0xb0, 0x3d,
  0x00, 0x00, 0x90, 0x3d, 0x00, 0x00, 0x90, 0x3d, 0x00, 0x00, 0xb0, 0x3d,
  0x00, 0x00, 0xf0, 0x3d, 0x00, 0x00, 0x28, 0x3e, 0x00, 0x00, 0x68, 0x3e,
  0x00, 0x00, 0x94, 0x3e, 0x00, 0x00, 0xb8, 0x3e, 0x00, 0x00, 0xd8, 0x3e,
  0x00, 0x00, 0xf4, 0x3e, 0x00, 0x00, 0x08, 0x3f, 0x00, 0x00, 0x12, 0x3f,
  0x00, 0x00, 0x1c, 0x3f, 0x00, 0x00, 0x24, 0x3f, 0x00, 0x00, 0x2c, 0x3f,
  0x00, 0x00, 0x34, 0x3f, 0x00, 0x00, 0x3a, 0x3f, 0x00, 0x00, 0x40, 0x3f,
  0x00, 0x00, 0x46, 0x3f, 0x00, 0x00, 0x4a, 0x3f, 0x00, 0x00, 0x4a, 0x3f,
  0x00, 0x00, 0x46, 0x3f, 0x00, 0x00, 0x3e, 0x3f, 0x00, 0x00, 0x2e, 0x3f,
  0x00, 0x00, 0x1a, 0x3f, 0x00, 0x00, 0x00, 0x3f, 0x00, 0x00, 0xc4, 0x3e,
  0x00, 0x00, 0x84, 0x3e, 0x00, 0x00, 0x00, 0x3e, 0x00, 0x00, 0x00, 0x3c,
  0x00, 0x00, 0x58, 0xbe, 0x00, 0x00, 0x78, 0xbe, 0x00, 0x00, 0x50, 0xbe,
  0x00, 0x00, 0x00, 0xbe, 0x00, 0x00, 0x60, 0xbd, 0x00, 0x00, 0xc0, 0xbc,
  0x00, 0x00, 0x40, 0xbd, 0x00, 0x00, 0xc0, 0xbd, 0x00, 0x00, 0x08, 0xbe,
  0x00, 0x00, 0x10, 0xbe, 0x00, 0x00, 0xe0, 0xbd, 0x00, 0x00, 0x40, 0xbd,
  0x00, 0x00, 0x80, 0x3c, 0x00, 0x00, 0x00, 0x3d, 0x00, 0x00, 0x80, 0xbc,
  0x00, 0x00, 0xf0, 0xbd, 0x00, 0x00, 0x84, 0xbe, 0x00, 0x00, 0xcc, 0xbe,
  0x00, 0x00, 0x00, 0xbf, 0x00, 0x00, 0x12, 0xbf, 0x00, 0x00, 0x1a, 0xbf,
  0x00, 0x00, 0x1a, 0xbf, 0x00, 0x00, 0x12, 0xbf, 0x00, 0x00, 0x04, 0xbf,
  0x00, 0x00, 0xdc, 0xbe, 0x00, 0x00, 0xa0, 0xbe, 0x00, 0x00, 0x30, 0xbe,
  0x00, 0x00, 0x00, 0xbd, 0x00, 0x00, 0x80, 0x3d, 0x00, 0x00, 0xc0, 0x3d,
  0x00, 0x00, 0x90, 0x3d, 0x00, 0x00, 0x00, 0x00, 0x00, 0x00, 0x90, 0xbd,
  0x00, 0x00, 0xd0, 0xbd, 0x00, 0x00, 0xb0, 0xbd, 0x00, 0x00, 0x00, 0xbd,
  0x00, 0x00, 0xc0, 0x3c, 0x00, 0x00, 0x00, 0x3d, 0x00, 0x00, 0x80, 0xbc,
  0x00, 0x00, 0xd0, 0xbd, 0x00, 0x00, 0x38, 0xbe, 0x00, 0x00, 0x38, 0xbe,
  0x00, 0x00, 0x90, 0xbd, 0x00, 0x00, 0x18, 0x3e, 0x00, 0x00, 0xd4, 0x3e,
  0x00, 0x00, 0x26, 0x3f, 0x00, 0x00, 0x42, 0x3f, 0x00, 0x00, 0x38, 0x3f,
  0x00, 0x00, 0x06, 0x3f, 0x00, 0x00, 0x70, 0x3e, 0x00, 0x00, 0x80, 0xbd,
  0x00, 0x00, 0x9c, 0xbe, 0x00, 0x00, 0xec, 0xbe, 0x00, 0x00, 0x08, 0xbf,
  0x00, 0x00, 0x10, 0xbf, 0x00, 0x00, 0x16, 0xbf, 0x00, 0x00, 0x1e, 0xbf,
  0x00, 0x00, 0x26, 0xbf, 0x00, 0x00, 0x26, 0xbf, 0x00, 0x00, 0x12, 0xbf,
  0x00, 0x00, 0xd4, 0xbe, 0x00, 0x00, 0x38, 0xbe, 0x00, 0x00, 0xc0, 0x3d,
  0x00, 0x00, 0xb0, 0x3e, 0x00, 0x00, 0x02, 0x3f, 0x00, 0x00, 0x10, 0x3f,
  0x00, 0x00, 0x00, 0x3f, 0x00, 0x00, 0xa8, 0x3e, 0x00, 0x00, 0xb0, 0x3d,
  0x00, 0x00, 0x28, 0xbe, 0x00, 0x00, 0xc0, 0xbe, 0x00, 0x00, 0xfc, 0xbe,
  0x00, 0x00, 0x00, 0xbf, 0x00, 0x00, 0xc4, 0xbe, 0x00, 0x00, 0x40, 0xbe,
  0x00, 0x00, 0x20, 0x3d, 0x00, 0x00, 0x60, 0x3e, 0x00, 0x00, 0xa0, 0x3e,
  0x00, 0x00, 0x8c, 0x3e, 0x00, 0x00, 0x10, 0x3e, 0x00, 0x00, 0x00, 0xbd,
  0x00, 0x00, 0x30, 0xbe, 0x00, 0x00, 0x68, 0xbe, 0x00, 0x00, 0x30, 0xbe,
  0x00, 0x00, 0x20, 0xbd, 0x00, 0x00, 0xd0, 0x3d, 0x00, 0x00, 0x40, 0x3e,
  0x00, 0x00, 0x20, 0x3e, 0x00, 0x00, 0x00, 0x3c, 0x00, 0x00, 0x60, 0xbe,
  0x00, 0x00, 0xe8, 0xbe, 0x00, 0x00, 0x24, 0xbf, 0x00, 0x00, 0x38, 0xbf,
  0x00, 0x00, 0x32, 0xbf, 0x00, 0x00, 0x12, 0xbf, 0x00, 0x00, 0xd0, 0xbe,
  0x00, 0x00, 0x68, 0xbe, 0x00, 0x00, 0x90, 0xbd, 0x00, 0x00, 0x40, 0x3d,
  0x00, 0x00, 0xe0, 0x3d, 0x00, 0x00, 0x08, 0x3e, 0x00, 0x00, 0xe0, 0x3d,
  0x00, 0x00, 0x80, 0x3d, 0x00, 0x00, 0x00, 0x00, 0x00, 0x00, 0x20, 0xbd,
  0x00, 0x00, 0x40, 0xbd, 0x00, 0x00, 0x00, 0xbd, 0x00, 0x00, 0x00, 0x3c,
  0x00, 0x00, 0xc0, 0x3c, 0x00, 0x00, 0x00, 0x00, 0x00, 0x00, 0xb0, 0xbd,
  0x00, 0x00, 0x58, 0xbe, 0x00, 0x00, 0xac, 0xbe, 0x00, 0x00, 0xd4, 0xbe,
  0x00, 0x00, 0xd4, 0xbe, 0x00, 0x00, 0xac, 0xbe, 0x00, 0x00, 0x58, 0xbe,
  0x00, 0x00, 0xb0, 0xbd, 0x00, 0x00, 0x00, 0xbc, 0x00, 0x00, 0x00, 0x00,
  0x00, 0x00, 0x00, 0xbd, 0x00, 0x00, 0x80, 0xbd, 0x00, 0x00, 0x60, 0xbd,
  0x00, 0x00, 0x80, 0x3c, 0x00, 0x00, 0x00, 0x3e, 0x00, 0x00, 0x78, 0x3e,
  0x00, 0x00, 0xa0, 0x3e, 0x00, 0x00, 0xa8, 0x3e, 0x00, 0x00, 0x9c, 0x3e,
  0x00, 0x00, 0x90, 0x3e, 0x00, 0x00, 0x9c, 0x3e, 0x00, 0x00, 0xc4, 0x3e,
  0x00, 0x00, 0xf4, 0x3e, 0x00, 0x00, 0x08, 0x3f, 0x00, 0x00, 0xfc, 0x3e,
  0x00, 0x00, 0xac, 0x3e, 0x00, 0x00, 0xd0, 0x3d, 0x00, 0x00, 0x00, 0xbe,
  0x00, 0x00, 0x80, 0xbe, 0x00, 0x00, 0x60, 0xbe, 0x00, 0x00, 0x20, 0xbd,
  0x00, 0x00, 0x58, 0x3e, 0x00, 0x00, 0xd4, 0x3e, 0x00, 0x00, 0xf8, 0x3e,
  0x00, 0x00, 0xc4, 0x3e, 0x00, 0x00, 0x30, 0x3e, 0x00, 0x00, 0x40, 0xbd,
  0x00, 0x00, 0x20, 0xbe, 0x00, 0x00, 0xc0, 0xbd, 0x00, 0x00, 0xd0, 0x3d,
  0x00, 0x00, 0xb4, 0x3e, 0x00, 0x00, 0x04, 0x3f, 0x00, 0x00, 0x04, 0x3f,
  0x00, 0x00, 0xa8, 0x3e, 0x00, 0x00, 0xc0, 0x3c, 0x00, 0x00, 0x84, 0xbe,
  0x00, 0x00, 0xd0, 0xbe, 0x00, 0x00, 0xb0, 0xbe, 0x00, 0x00, 0xc0, 0xbd,
  0x00, 0x00, 0x68, 0x3e, 0x00, 0x00, 0xf8, 0x3e, 0x00, 0x00, 0x10, 0x3f,
  0x00, 0x00, 0xd4, 0x3e, 0x00, 0x00, 0xb0, 0x3d, 0x00, 0x00, 0x9c, 0xbe,
  0x00, 0x00, 0x1e, 0xbf, 0x00, 0x00, 0x3e, 0xbf, 0x00, 0x00, 0x24, 0xbf,
  0x00, 0x00, 0xb8, 0xbe, 0x00, 0x00, 0x00, 0xbc, 0x00, 0x00, 0x98, 0x3e,
  0x00, 0x00, 0xe4, 0x3e, 0x00, 0x00, 0xd4, 0x3e, 0x00, 0x00, 0x60, 0x3e,
  0x00, 0x00, 0x20, 0xbd, 0x00, 0x00, 0x84, 0xbe, 0x00, 0x00, 0xb4, 0xbe,
  0x00, 0x00, 0x90, 0xbe, 0x00, 0x00, 0x80, 0xbd, 0x00, 0x00, 0x70, 0x3e,
  0x00, 0x00, 0x04, 0x3f, 0x00, 0x00, 0x30, 0x3f, 0x00, 0x00, 0x34, 0x3f,
  0x00, 0x00, 0x12, 0x3f, 0x00, 0x00, 0xac, 0x3e, 0x00, 0x00, 0xa0, 0x3d,
  0x00, 0x00, 0x08, 0xbe, 0x00, 0x00, 0x80, 0xbe, 0x00, 0x00, 0x80, 0xbe,
  0x00, 0x00, 0x30, 0xbe, 0x00, 0x00, 0x80, 0xbd, 0x00, 0x00, 0x40, 0x3d,
  0x00, 0x00, 0xd0, 0x3d, 0x00, 0x00, 0xe0, 0x3d, 0x00, 0x00, 0x80, 0x3d,
  0x00, 0x00, 0xc0, 0xbc, 0x00, 0x00, 0xe0, 0xbd, 0x00, 0x00, 0x50, 0xbe,
  0x00, 0x00, 0x90, 0xbe, 0x00, 0x00, 0xac, 0xbe, 0x00, 0x00, 0xc4, 0xbe,
  0x00, 0x00, 0xcc, 0xbe, 0x00, 0x00, 0xd0, 0xbe, 0x00, 0x00, 0xcc, 0xbe,
  0x00, 0x00, 0xc4, 0xbe, 0x00, 0x00, 0xb8, 0xbe, 0x00, 0x00, 0xa4, 0xbe,
  0x00, 0x00, 0x84, 0xbe, 0x00, 0x00, 0x28, 0xbe, 0x00, 0x00, 0x40, 0xbd,
  0x00, 0x00, 0xa0, 0x3d, 0x00, 0x00, 0x28, 0x3e, 0x00, 0x00, 0x48, 0x3e,
  0x00, 0x00, 0x10, 0x3e, 0x00, 0x00, 0x80, 0x3c, 0x00, 0x00, 0xf0, 0xbd,
  0x00, 0x00, 0x50, 0xbe, 0x00, 0x00, 0x48, 0xbe, 0x00, 0x00, 0x90, 0xbd,
  0x00, 0x00, 0x08, 0x3e, 0x00, 0x00, 0xb0, 0x3e, 0x00, 0x00, 0xf8, 0x3e,
  0x00, 0x00, 0x06, 0x3f, 0x00, 0x00, 0xe4, 0x3e, 0x00, 0x00, 0xa4, 0x3e,
  0x00, 0x00, 0x68, 0x3e, 0x00, 0x00, 0x58, 0x3e, 0x00, 0x00, 0x9c, 0x3e,
  0x00, 0x00, 0xec, 0x3e, 0x00, 0x00, 0x1c, 0x3f, 0x00, 0x00, 0x30, 0x3f,
  0x00, 0x00, 0x2a, 0x3f, 0x00, 0x00, 0x10, 0x3f, 0x00, 0x00, 0xe0, 0x3e,
  0x00, 0x00, 0xbc, 0x3e, 0x00, 0x00, 0xc4, 0x3e, 0x00, 0x00, 0xf4, 0x3e,
  0x00, 0x00, 0x18, 0x3f, 0x00, 0x00, 0x26, 0x3f, 0x00, 0x00, 0x1a, 0x3f,
  0x00, 0x00, 0xe0, 0x3e, 0x00, 0x00, 0x50, 0x3e, 0x00, 0x00, 0x20, 0xbd,
  0x00, 0x00, 0x80, 0xbe, 0x00, 0x00, 0xcc, 0xbe, 0x00, 0x00, 0x02, 0xbf,
  0x00, 0x00, 0x1a, 0xbf, 0x00, 0x00, 0x32, 0xbf, 0x00, 0x00, 0x46, 0xbf,
  0x00, 0x00, 0x50, 0xbf, 0x00, 0x00, 0x40, 0xbf, 0x00, 0x00, 0x18, 0xbf,
  0x00, 0x00, 0xb8, 0xbe, 0x00, 0x00, 0xe0, 0xbd, 0x00, 0x00, 0xa0, 0x3d,
  0x00, 0x00, 0x18, 0x3e, 0x00, 0x00, 0xf0, 0x3d, 0x00, 0x00, 0xc0, 0x3c,
  0x00, 0x00, 0x80, 0xbd, 0x00, 0x00, 0xc0, 0xbd, 0x00, 0x00, 0x80, 0xbd,
  0x00, 0x00, 0x00, 0xbc, 0x00, 0x00, 0x00, 0x3d, 0x00, 0x00, 0x00, 0x3c,
  0x00, 0x00, 0x90, 0xbd, 0x00, 0x00, 0x20, 0xbe, 0x00, 0x00, 0x30, 0xbe,
  0x00, 0x00, 0xd0, 0xbd, 0x00, 0x00, 0x60, 0x3d, 0x00, 0x00, 0x68, 0x3e,
  0x00, 0x00, 0xa4, 0x3e, 0x00, 0x00, 0x8c, 0x3e, 0x00, 0x00, 0xc0, 0x3d,
  0x00, 0x00, 0x18, 0xbe, 0x00, 0x00, 0xac, 0xbe, 0x00, 0x00, 0xc8, 0xbe,
  0x00, 0x00, 0x88, 0xbe, 0x00, 0x00, 0x80, 0xbc, 0x00, 0x00, 0x78, 0x3e,
  0x00, 0x00, 0xcc, 0x3e, 0x00, 0x00, 0xc4, 0x3e, 0x00, 0x00, 0x60, 0x3e,
  0x00, 0x00, 0x80, 0xbc, 0x00, 0x00, 0x50, 0xbe, 0x00, 0x00, 0x88, 0xbe,
  0x00, 0x00, 0x40, 0xbe, 0x00, 0x00, 0x20, 0xbd, 0x00, 0x00, 0xb0, 0x3d,
  0x00, 0x00, 0xf0, 0x3d, 0x00, 0x00, 0x40, 0x3d, 0x00, 0x00, 0xb0, 0xbd,
  0x00, 0x00, 0x48, 0xbe, 0x00, 0x00, 0x50, 0xbe, 0x00, 0x00, 0xd0, 0xbd,
  0x00, 0x00, 0x90, 0x3d, 0x00, 0x00, 0x50, 0x3e, 0x00, 0x00, 0x60, 0x3e,
  0x00, 0x00, 0xc0, 0x3d, 0x00, 0x00, 0x20, 0xbe, 0x00, 0x00, 0xe0, 0xbe,
  0x00, 0x00, 0x2a, 0xbf, 0x00, 0x00, 0x44, 0xbf, 0x00, 0x00, 0x40, 0xbf,
  0x00, 0x00, 0x28, 0xbf, 0x00, 0x00, 0x10, 0xbf, 0x00, 0x00, 0x00, 0xbf,
  0x00, 0x00, 0xf4, 0xbe, 0x00, 0x00, 0xf4, 0xbe, 0x00, 0x00, 0xe4, 0xbe,
  0x00, 0x00, 0xb8, 0xbe, 0x00, 0x00, 0x78, 0xbe, 0x00, 0x00, 0x00, 0xbe,
  0x00, 0x00, 0x40, 0xbd, 0x00, 0x00, 0x80, 0xbc, 0x00, 0x00, 0x80, 0xbc,
  0x00, 0x00, 0x00, 0x3c, 0x00, 0x00, 0xb0, 0x3d, 0x00, 0x00, 0x68, 0x3e,
  0x00, 0x00, 0xcc, 0x3e, 0x00, 0x00, 0x08, 0x3f, 0x00, 0x00, 0x0e, 0x3f,
  0x00, 0x00, 0xe0, 0x3e, 0x00, 0x00, 0x68, 0x3e, 0x00, 0x00, 0x00, 0xbc,
  0x00, 0x00, 0x38, 0xbe, 0x00, 0x00, 0x60, 0xbe, 0x00, 0x00, 0x00, 0xbe,
  0x00, 0x00, 0xc0, 0x3c, 0x00, 0x00, 0x28, 0x3e, 0x00, 0x00, 0x58, 0x3e,
  0x00, 0x00, 0x18, 0x3e, 0x00, 0x00, 0x80, 0x3c, 0x00, 0x00, 0xe0, 0xbd,
  0x00, 0x00, 0x18, 0xbe, 0x00, 0x00, 0xb0, 0xbd, 0x00, 0x00, 0x40, 0x3d,
  0x00, 0x00, 0x38, 0x3e, 0x00, 0x00, 0x70, 0x3e, 0x00, 0x00, 0x28, 0x3e,
  0x00, 0x00, 0xc0, 0xbc, 0x00, 0x00, 0x70, 0xbe, 0x00, 0x00, 0xc8, 0xbe,
  0x00, 0x00, 0xd4, 0xbe, 0x00, 0x00, 0x8c, 0xbe, 0x00, 0x00, 0x80, 0xbc,
  0x00, 0x00, 0x8c, 0x3e, 0x00, 0x00, 0x02, 0x3f, 0x00, 0x00, 0x1c, 0x3f,
  0x00, 0x00, 0x0e, 0x3f, 0x00, 0x00, 0xc4, 0x3e, 0x00, 0x00, 0x20, 0x3e,
  0x00, 0x00, 0x60, 0xbd, 0x00, 0x00, 0x50, 0xbe, 0x00, 0x00, 0x84, 0xbe,
  0x00, 0x00, 0x70, 0xbe, 0x00, 0x00, 0x18, 0xbe, 0x00, 0x00, 0x40, 0xbd,
  0x00, 0x00, 0x40, 0x3d, 0x00, 0x00, 0xe0, 0x3d, 0x00, 0x00, 0x08, 0x3e,
  0x00, 0x00, 0xe0, 0x3d, 0x00, 0x00, 0x60, 0x3d, 0x00, 0x00, 0x00, 0xbc,
  0x00, 0x00, 0x80, 0xbd, 0x00, 0x00, 0xb0, 0xbd, 0x00, 0x00, 0x90, 0xbd,
  0x00, 0x00, 0xc0, 0xbc, 0x00, 0x00, 0x20, 0x3d, 0x00, 0x00, 0xc0, 0x3d,
  0x00, 0x00, 0xe0, 0x3d, 0x00, 0x00, 0xa0, 0x3d, 0x00, 0x00, 0x00, 0x3c,
  0x00, 0x00, 0xc0, 0xbd, 0x00, 0x00, 0x48, 0xbe, 0x00, 0x00, 0x84, 0xbe,
  0x00, 0x00, 0x88, 0xbe, 0x00, 0x00, 0x48, 0xbe, 0x00, 0x00, 0x60, 0xbd,
  0x00, 0x00, 0x00, 0x3e, 0x00, 0x00, 0xac, 0x3e, 0x00, 0x00, 0x08, 0x3f,
  0x00, 0x00, 0x2c, 0x3f, 0x00, 0x00, 0x3a, 0x3f, 0x00, 0x00, 0x2e, 0x3f,
  0x00, 0x00, 0x08, 0x3f, 0x00, 0x00, 0x9c, 0x3e, 0x00, 0x00, 0x60, 0x3d,
  0x00, 0x00, 0x28, 0xbe, 0x00, 0x00, 0x98, 0xbe, 0x00, 0x00, 0xac, 0xbe,
  0x00, 0x00, 0x88, 0xbe, 0x00, 0x00, 0x10, 0xbe, 0x00, 0x00, 0x00, 0x00,
  0x00, 0x00, 0xd0, 0x3d, 0x00, 0x00, 0x08, 0x3e, 0x00, 0x00, 0xd0, 0x3d,
  0x00, 0x00, 0xc0, 0x3c, 0x00, 0x00, 0x40, 0xbd, 0x00, 0x00, 0xa0, 0xbd,
  0x00, 0x00, 0x80, 0xbd, 0x00, 0x00, 0x80, 0xbc, 0x00, 0x00, 0x40, 0x3d,
  0x00, 0x00, 0xb0, 0x3d, 0x00, 0x00, 0x90, 0x3d, 0x00, 0x00, 0x00, 0x3c,
  0x00, 0x00, 0x90, 0xbd, 0x00, 0x00, 0x00, 0xbe, 0x00, 0x00, 0x08, 0xbe,
  0x00, 0x00, 0x90, 0xbd, 0x00, 0x00, 0x60, 0x3d, 0x00, 0x00, 0x48, 0x3e,
  0x00, 0x00, 0xa0, 0x3e, 0x00, 0x00, 0xb4, 0x3e, 0x00, 0x00, 0x90, 0x3e,
  0x00, 0x00, 0xf0, 0x3d, 0x00, 0x00, 0xc0, 0xbd, 0x00, 0x00, 0x98, 0xbe,
  0x00, 0x00, 0xd8, 0xbe, 0x00, 0x00, 0xdc, 0xbe, 0x00, 0x00, 0x9c, 0xbe,
  0x00, 0x00, 0xb0, 0xbd, 0x00, 0x00, 0x38, 0x3e, 0x00, 0x00, 0xcc, 0x3e,
  0x00, 0x00, 0x08, 0x3f, 0x00, 0x00, 0x0a, 0x3f, 0x00, 0x00, 0xe0, 0x3e,
  0x00, 0x00, 0x88, 0x3e, 0x00, 0x00, 0xa0, 0x3d, 0x00, 0x00, 0x90, 0xbd,
  0x00, 0x00, 0x18, 0xbe, 0x00, 0x00, 0x20, 0xbe, 0x00, 0x00, 0xf0, 0xbd,
  0x00, 0x00, 0x60, 0xbd, 0x00, 0x00, 0x00, 0x00, 0x00, 0x00, 0x20, 0x3d,
  0x00, 0x00, 0x40, 0x3d, 0x00, 0x00, 0x20, 0x3d, 0x00, 0x00, 0x80, 0x3c,
  0x00, 0x00, 0x00, 0xbc, 0x00, 0x00, 0x00, 0xbd, 0x00, 0x00, 0x90, 0xbd,
  0x00, 0x00, 0xd0, 0xbd, 0x00, 0x00, 0xf0, 0xbd, 0x00, 0x00, 0xd0, 0xbd,
  0x00, 0x00, 0x40, 0xbd, 0x00, 0x00, 0x60, 0x3d, 0x00, 0x00, 0x38, 0x3e,
  0x00, 0x00, 0x8c, 0x3e, 0x00, 0x00, 0x98, 0x3e, 0x00, 0x00, 0x58, 0x3e,
  0x00, 0x00, 0x80, 0x3c, 0x00, 0x00, 0x78, 0xbe, 0x00, 0x00, 0xfc, 0xbe,
  0x00, 0x00, 0x26, 0xbf, 0x00, 0x00, 0x2a, 0xbf, 0x00, 0x00, 0x04, 0xbf,
  0x00, 0x00, 0x80, 0xbe, 0x00, 0x00, 0x40, 0x3d, 0x00, 0x00, 0x94, 0x3e,
  0x00, 0x00, 0xd0, 0x3e, 0x00, 0x00, 0xbc, 0x3e, 0x00, 0x00, 0x60, 0x3e,
  0x00, 0x00, 0x00, 0x3d, 0x00, 0x00, 0xf0, 0xbd, 0x00, 0x00, 0x30, 0xbe,
  0x00, 0x00, 0x00, 0xbe, 0x00, 0x00, 0x80, 0xbc, 0x00, 0x00, 0xb0, 0x3d,
  0x00, 0x00, 0x08, 0x3e, 0x00, 0x00, 0xe0, 0x3d, 0x00, 0x00, 0xc0, 0x3c,
  0x00, 0x00, 0x90, 0xbd, 0x00, 0x00, 0x00, 0xbe, 0x00, 0x00, 0xe0, 0xbd,
  0x00, 0x00, 0x00, 0xbd, 0x00, 0x00, 0xa0, 0x3d, 0x00, 0x00, 0x20, 0x3e,
  0x00, 0x00, 0x28, 0x3e, 0x00, 0x00, 0xa0, 0x3d, 0x00, 0x00, 0xa0, 0xbd,
  0x00, 0x00, 0x84, 0xbe, 0x00, 0x00, 0xd0, 0xbe, 0x00, 0x00, 0xf4, 0xbe,
  0x00, 0x00, 0xec, 0xbe, 0x00, 0x00, 0xb8, 0xbe, 0x00, 0x00, 0x58, 0xbe,
  0x00, 0x00, 0x00, 0xbd, 0x00, 0x00, 0x10, 0x3e, 0x00, 0x00, 0x94, 0x3e,
  0x00, 0x00, 0xc8, 0x3e, 0x00, 0x00, 0xec, 0x3e, 0x00, 0x00, 0xf8, 0x3e,
  0x00, 0x00, 0xfc, 0x3e, 0x00, 0x00, 0x00, 0x3f, 0x00, 0x00, 0x04, 0x3f,
  0x00, 0x00, 0x0e, 0x3f, 0x00, 0x00, 0x1a, 0x3f, 0x00, 0x00, 0x20, 0x3f,
  0x00, 0x00, 0x14, 0x3f, 0x00, 0x00, 0xe4, 0x3e, 0x00, 0x00, 0x60, 0x3e,
  0x00, 0x00, 0x40, 0xbd, 0x00, 0x00, 0x90, 0xbe, 0x00, 0x00, 0xd4, 0xbe,
  0x00, 0x00, 0xcc, 0xbe, 0x00, 0x00, 0x84, 0xbe, 0x00, 0x00, 0x60, 0xbd,
  0x00, 0x00, 0x08, 0x3e, 0x00, 0x00, 0x58, 0x3e, 0x00, 0x00, 0x20, 0x3e,
  0x00, 0x00, 0x80, 0x3c, 0x00, 0x00, 0x10, 0xbe, 0x00, 0x00, 0x68, 0xbe,
  0x00, 0x00, 0x48, 0xbe, 0x00, 0x00, 0x80, 0xbd, 0x00, 0x00, 0xd0, 0x3d,
  0x00, 0x00, 0x40, 0x3e, 0x00, 0x00, 0x20, 0x3e, 0x00, 0x00, 0x00, 0x00,
  0x00, 0x00, 0x68, 0xbe, 0x00, 0x00, 0xd0, 0xbe, 0x00, 0x00, 0xf0, 0xbe,
  0x00, 0x00, 0xc8, 0xbe, 0x00, 0x00, 0x60, 0xbe, 0x00, 0x00, 0x20, 0xbd,
  0x00, 0x00, 0x40, 0x3d, 0x00, 0x00, 0x00, 0x00, 0x00, 0x00, 0x20, 0xbe,
  0x00, 0x00, 0xac, 0xbe, 0x00, 0x00, 0xe0, 0xbe, 0x00, 0x00, 0xd0, 0xbe,
  0x00, 0x00, 0x78, 0xbe, 0x00, 0x00, 0x00, 0xbd, 0x00, 0x00, 0x18, 0x3e,
  0x00, 0x00, 0x58, 0x3e, 0x00, 0x00, 0x20, 0x3e, 0x00, 0x00, 0x00, 0x3d,
  0x00, 0x00, 0xb0, 0xbd, 0x00, 0x00, 0x00, 0xbe, 0x00, 0x00, 0xa0, 0xbd,
  0x00, 0x00, 0xc0, 0x3c, 0x00, 0x00, 0xe0, 0x3d, 0x00, 0x00, 0xf0, 0x3d,
  0x00, 0x00, 0xc0, 0x3c, 0x00, 0x00, 0x00, 0xbe, 0x00, 0x00, 0x80, 0xbe,
  0x00, 0x00, 0x88, 0xbe, 0x00, 0x00, 0x18, 0xbe, 0x00, 0x00, 0xb0, 0x3d,
  0x00, 0x00, 0xbc, 0x3e, 0x00, 0x00, 0x18, 0x3f, 0x00, 0x00, 0x36, 0x3f,
  0x00, 0x00, 0x34, 0x3f, 0x00, 0x00, 0x14, 0x3f, 0x00, 0x00, 0xcc, 0x3e,
  0x00, 0x00, 0x50, 0x3e, 0x00, 0x00, 0x00, 0x3c, 0x00, 0x00, 0x30, 0xbe,
  0x00, 0x00, 0xac, 0xbe, 0x00, 0x00, 0xfc, 0xbe, 0x00, 0x00, 0x1a, 0xbf,
  0x00, 0x00, 0x2a, 0xbf, 0x00, 0x00, 0x26, 0xbf, 0x00, 0x00, 0x16, 0xbf,
  0x00, 0x00, 0x04, 0xbf, 0x00, 0x00, 0xf8, 0xbe, 0x00, 0x00, 0x02, 0xbf,
  0x00, 0x00, 0x10, 0xbf, 0x00, 0x00, 0x1e, 0xbf, 0x00, 0x00, 0x1c, 0xbf,
  0x00, 0x00, 0x00, 0xbf, 0x00, 0x00, 0xa4, 0xbe, 0x00, 0x00, 0x08, 0xbe,
  0x00, 0x00, 0x00, 0xbc, 0x00, 0x00, 0x00, 0x00, 0x00, 0x00, 0xe0, 0xbd,
  0x00, 0x00, 0x8c, 0xbe, 0x00, 0x00, 0xd0, 0xbe, 0x00, 0x00, 0xe0, 0xbe,
  0x00, 0x00, 0xac, 0xbe, 0x00, 0x00, 0x10, 0xbe, 0x00, 0x00, 0x80, 0x3d,
  0x00, 0x00, 0x50, 0x3e, 0x00, 0x00, 0x70, 0x3e, 0x00, 0x00, 0x30, 0x3e,
  0x00, 0x00, 0xc0, 0x3d, 0x00, 0x00, 0x40, 0x3d, 0x00, 0x00, 0x90, 0x3d,
  0x00, 0x00, 0x08, 0x3e, 0x00, 0x00, 0x38, 0x3e, 0x00, 0x00, 0x18, 0x3e,
  0x00, 0x00, 0xc0, 0x3c, 0x00, 0x00, 0x18, 0xbe, 0x00, 0x00, 0x90, 0xbe,
  0x00, 0x00, 0x98, 0xbe, 0x00, 0x00, 0x20, 0xbe, 0x00, 0x00, 0xb0, 0x3d,
  0x00, 0x00, 0xb0, 0x3e, 0x00, 0x00, 0xfc, 0x3e, 0x00, 0x00, 0xe8, 0x3e,
  0x00, 0x00, 0x84, 0x3e, 0x00, 0x00, 0xc0, 0xbc, 0x00, 0x00, 0x84, 0xbe,
  0x00, 0x00, 0xb4, 0xbe, 0x00, 0x00, 0x8c, 0xbe, 0x00, 0x00, 0xa0, 0xbd,
  0x00, 0x00, 0x08, 0x3e, 0x00, 0x00, 0x88, 0x3e, 0x00, 0x00, 0x8c, 0x3e,
  0x00, 0x00, 0x38, 0x3e, 0x00, 0x00, 0x80, 0x3d, 0x00, 0x00, 0x00, 0x3c,
  0x00, 0x00, 0x20, 0x3d, 0x00, 0x00, 0x10, 0x3e, 0x00, 0x00, 0x68, 0x3e,
  0x00, 0x00, 0x50, 0x3e, 0x00, 0x00, 0x40, 0x3d, 0x00, 0x00, 0x70, 0xbe,
  0x00, 0x00, 0x0a, 0xbf, 0x00, 0x00, 0x42, 0xbf, 0x00, 0x00, 0x4e, 0xbf,
  0x00, 0x00, 0x28, 0xbf, 0x00, 0x00, 0xb8, 0xbe, 0x00, 0x00, 0x00, 0xbc,
  0x00, 0x00, 0x9c, 0x3e, 0x00, 0x00, 0x00, 0x3f, 0x00, 0x00, 0x12, 0x3f,
  0x00, 0x00, 0x04, 0x3f, 0x00, 0x00, 0xcc, 0x3e, 0x00, 0x00, 0x70, 0x3e,
  0x00, 0x00, 0x80, 0x3d, 0x00, 0x00, 0xf0, 0xbd, 0x00, 0x00, 0x94, 0xbe,
  0x00, 0x00, 0xe4, 0xbe, 0x00, 0x00, 0x12, 0xbf, 0x00, 0x00, 0x22, 0xbf,
  0x00, 0x00, 0x20, 0xbf, 0x00, 0x00, 0x06, 0xbf, 0x00, 0x00, 0xb4, 0xbe,
  0x00, 0x00, 0x08, 0xbe, 0x00, 0x00, 0xe0, 0x3d, 0x00, 0x00, 0xa4, 0x3e,
  0x00, 0x00, 0xf8, 0x3e, 0x00, 0x00, 0x0e, 0x3f, 0x00, 0x00, 0x02, 0x3f,
  0x00, 0x00, 0xb4, 0x3e, 0x00, 0x00, 0xd0, 0x3d, 0x00, 0x00, 0x28, 0xbe,
  0x00, 0x00, 0xc0, 0xbe, 0x00, 0x00, 0xec, 0xbe, 0x00, 0x00, 0xcc, 0xbe,
  0x00, 0x00, 0x60, 0xbe, 0x00, 0x00, 0x00, 0x00, 0x00, 0x00, 0x18, 0x3e,
  0x00, 0x00, 0x18, 0x3e, 0x00, 0x00, 0x00, 0x00, 0x00, 0x00, 0x70, 0xbe,
  0x00, 0x00, 0xe4, 0xbe, 0x00, 0x00, 0x04, 0xbf, 0x00, 0x00, 0xc0, 0xbe,
  0x00, 0x00, 0x80, 0xbd, 0x00, 0x00, 0xac, 0x3e, 0x00, 0x00, 0x2e, 0x3f,
  0x00, 0x00, 0x5c, 0x3f, 0x00, 0x00, 0x52, 0x3f, 0x00, 0x00, 0x1c, 0x3f,
  0x00, 0x00, 0xa8, 0x3e, 0x00, 0x00, 0xd0, 0x3d, 0x00, 0x00, 0x00, 0x00,
  0x00, 0x00, 0x80, 0x3d, 0x00, 0x00, 0x68, 0x3e, 0x00, 0x00, 0xdc, 0x3e,
  0x00, 0x00, 0x16, 0x3f, 0x00, 0x00, 0x24, 0x3f, 0x00, 0x00, 0x18, 0x3f,
  0x00, 0x00, 0xec, 0x3e, 0x00, 0x00, 0x8c, 0x3e, 0x00, 0x00, 0x80, 0x3d,
  0x00, 0x00, 0x00, 0xbe, 0x00, 0x00, 0x84, 0xbe, 0x00, 0x00, 0x90, 0xbe,
  0x00, 0x00, 0x30, 0xbe, 0x00, 0x00, 0x90, 0x3d, 0x00, 0x00, 0xcc, 0x3e,
  0x00, 0x00, 0x3a, 0x3f, 0x00, 0x00, 0x72, 0x3f, 0x00, 0x00, 0x7e, 0x3f,
  0x00, 0x00, 0x56, 0x3f, 0x00, 0x00, 0x08, 0x3f, 0x00, 0x00, 0x40, 0x3e,
  0x00, 0x00, 0x90, 0xbd, 0x00, 0x00, 0x38, 0xbe, 0x00, 0x00, 0x00, 0xbe,
  0x00, 0x00, 0x00, 0x3c, 0x00, 0x00, 0x08, 0x3e, 0x00, 0x00, 0x30, 0x3e,
  0x00, 0x00, 0xd0, 0x3d, 0x00, 0x00, 0x00, 0xbc, 0x00, 0x00, 0x90, 0xbd,
  0x00, 0x00, 0x00, 0xbd, 0x00, 0x00, 0x00, 0x3e, 0x00, 0x00, 0xa0, 0x3e,
  0x00, 0x00, 0xd8, 0x3e, 0x00, 0x00, 0xb8, 0x3e, 0x00, 0x00, 0xe0, 0x3d,
  0x00, 0x00, 0x84, 0xbe, 0x00, 0x00, 0x1a, 0xbf, 0x00, 0x00, 0x48, 0xbf,
  0x00, 0x00, 0x36, 0xbf, 0x00, 0x00, 0xd8, 0xbe, 0x00, 0x00, 0x00, 0xbd,
  0x00, 0x00, 0x9c, 0x3e, 0x00, 0x00, 0xf4, 0x3e, 0x00, 0x00, 0xe0, 0x3e,
  0x00, 0x00, 0x84, 0x3e, 0x00, 0x00, 0x40, 0x3d, 0x00, 0x00, 0x90, 0xbd,
  0x00, 0x00, 0x80, 0xbd, 0x00, 0x00, 0x80, 0x3d, 0x00, 0x00, 0x48, 0x3e,
  0x00, 0x00, 0x84, 0x3e, 0x00, 0x00, 0x48, 0x3e, 0x00, 0x00, 0x00, 0x3d,
  0x00, 0x00, 0x30, 0xbe, 0x00, 0x00, 0x9c, 0xbe, 0x00, 0x00, 0x9c, 0xbe,
  0x00, 0x00, 0x28, 0xbe, 0x00, 0x00, 0x80, 0x3d, 0x00, 0x00, 0x98, 0x3e,
  0x00, 0x00, 0xe8, 0x3e, 0x00, 0x00, 0x00, 0x3f, 0x00, 0x00, 0xe0, 0x3e,
  0x00, 0x00, 0x90, 0x3e, 0x00, 0x00, 0xc0, 0x3d, 0x00, 0x00, 0xd0, 0xbd,
  0x00, 0x00, 0x8c, 0xbe, 0x00, 0x00, 0xd4, 0xbe, 0x00, 0x00, 0x02, 0xbf,
  0x00, 0x00, 0x0c, 0xbf, 0x00, 0x00, 0x06, 0xbf, 0x00, 0x00, 0xe4, 0xbe,
  0x00, 0x00, 0xac, 0xbe, 0x00, 0x00, 0x80, 0xbe, 0x00, 0x00, 0x60, 0xbe,
  0x00, 0x00, 0x84, 0xbe, 0x00, 0x00, 0xb0, 0xbe, 0x00, 0x00, 0xe0, 0xbe,
  0x00, 0x00, 0xfc, 0xbe, 0x00, 0x00, 0xfc, 0xbe, 0x00, 0x00, 0xe0, 0xbe,
  0x00, 0x00, 0xc0, 0xbe, 0x00, 0x00, 0xb0, 0xbe, 0x00, 0x00, 0xbc, 0xbe,
  0x00, 0x00, 0xe0, 0xbe, 0x00, 0x00, 0xfc, 0xbe, 0x00, 0x00, 0xf8, 0xbe,
  0x00, 0x00, 0xbc, 0xbe, 0x00, 0x00, 0x30, 0xbe, 0x00, 0x00, 0x80, 0x3d,
  0x00, 0x00, 0x80, 0x3e, 0x00, 0x00, 0xac, 0x3e, 0x00, 0x00, 0xa4, 0x3e,
  0x00, 0x00, 0x68, 0x3e, 0x00, 0x00, 0x08, 0x3e, 0x00, 0x00, 0xa0, 0x3d,
  0x00, 0x00, 0xd0, 0x3d, 0x00, 0x00, 0x20, 0x3e, 0x00, 0x00, 0x58, 0x3e,
  0x00, 0x00, 0x50, 0x3e, 0x00, 0x00, 0x10, 0x3e, 0x00, 0x00, 0x20, 0x3d,
  0x00, 0x00, 0xc0, 0xbc, 0x00, 0x00, 0x80, 0xbc, 0x00, 0x00, 0xd0, 0x3d,
  0x00, 0x00, 0x8c, 0x3e, 0x00, 0x00, 0xe8, 0x3e, 0x00, 0x00, 0x12, 0x3f,
  0x00, 0x00, 0x1a, 0x3f, 0x00, 0x00, 0x0e, 0x3f, 0x00, 0x00, 0xf8, 0x3e,
  0x00, 0x00, 0xe4, 0x3e, 0x00, 0x00, 0xec, 0x3e, 0x00, 0x00, 0x04, 0x3f,
  0x00, 0x00, 0x0c, 0x3f, 0x00, 0x00, 0x04, 0x3f, 0x00, 0x00, 0xc8, 0x3e,
  0x00, 0x00, 0x50, 0x3e, 0x00, 0x00, 0xc0, 0x3c, 0x00, 0x00, 0xb0, 0xbd,
  0x00, 0x00, 0xc0, 0xbd, 0x00, 0x00, 0x00, 0x00, 0x00, 0x00, 0x08, 0x3e,
  0x00, 0x00, 0x60, 0x3e, 0x00, 0x00, 0x60, 0x3e, 0x00, 0x00, 0x08, 0x3e,
  0x00, 0x00, 0x00, 0x3c, 0x00, 0x00, 0x90, 0xbd, 0x00, 0x00, 0x80, 0xbd,
  0x00, 0x00, 0x40, 0x3d, 0x00, 0x00, 0x50, 0x3e, 0x00, 0x00, 0xa4, 0x3e,
  0x00, 0x00, 0xa0, 0x3e, 0x00, 0x00, 0x28, 0x3e, 0x00, 0x00, 0xb0, 0xbd,
  0x00, 0x00, 0xb8, 0xbe, 0x00, 0x00, 0x0c, 0xbf, 0x00, 0x00, 0x16, 0xbf,
  0x00, 0x00, 0xf4, 0xbe, 0x00, 0x00, 0x90, 0xbe, 0x00, 0x00, 0x90, 0xbd,
  0x00, 0x00, 0x90, 0x3d, 0x00, 0x00, 0xf0, 0x3d, 0x00, 0x00, 0xa0, 0x3d,
  0x00, 0x00, 0xc0, 0x3c, 0x00, 0x00, 0x00, 0x00, 0x00, 0x00, 0x40, 0x3d,
  0x00, 0x00, 0x10, 0x3e, 0x00, 0x00, 0x78, 0x3e, 0x00, 0x00, 0x90, 0x3e,
  0x00, 0x00, 0x60, 0x3e, 0x00, 0x00, 0x90, 0x3d, 0x00, 0x00, 0x08, 0xbe,
  0x00, 0x00, 0x9c, 0xbe, 0x00, 0x00, 0xcc, 0xbe, 0x00, 0x00, 0xc0, 0xbe,
  0x00, 0x00, 0x80, 0xbe, 0x00, 0x00, 0x80, 0xbd, 0x00, 0x00, 0xf0, 0x3d,
  0x00, 0x00, 0x78, 0x3e, 0x00, 0x00, 0x90, 0x3e, 0x00, 0x00, 0x78, 0x3e,
  0x00, 0x00, 0x28, 0x3e, 0x00, 0x00, 0xb0, 0x3d, 0x00, 0x00, 0x00, 0x3d,
  0x00, 0x00, 0xc0, 0x3c, 0x00, 0x00, 0x60, 0x3d, 0x00, 0x00, 0xd0, 0x3d,
  0x00, 0x00, 0x18, 0x3e, 0x00, 0x00, 0x28, 0x3e, 0x00, 0x00, 0x20, 0x3e,
  0x00, 0x00, 0x00, 0x3e, 0x00, 0x00, 0x80, 0x3d, 0x00, 0x00, 0x00, 0xbc,
  0x00, 0x00, 0x80, 0xbd, 0x00, 0x00, 0xd0, 0xbd, 0x00, 0x00, 0xa0, 0xbd,
  0x00, 0x00, 0x00, 0x3c, 0x00, 0x00, 0x28, 0x3e, 0x00, 0x00, 0xc0, 0x3e,
  0x00, 0x00, 0x1c, 0x3f, 0x00, 0x00, 0x4e, 0x3f, 0x00, 0x00, 0x68, 0x3f,
  0x00, 0x00, 0x60, 0x3f, 0x00, 0x00, 0x36, 0x3f, 0x00, 0x00, 0xe4, 0x3e,
  0x00, 0x00, 0x28, 0x3e, 0x00, 0x00, 0x90, 0xbd, 0x00, 0x00, 0x48, 0xbe,
  0x00, 0x00, 0x50, 0xbe, 0x00, 0x00, 0xf0, 0xbd, 0x00, 0x00, 0x00, 0x3c,
  0x00, 0x00, 0xe0, 0x3d, 0x00, 0x00, 0x18, 0x3e, 0x00, 0x00, 0x00, 0x3e,
  0x00, 0x00, 0xa0, 0x3d, 0x00, 0x00, 0x00, 0x3d, 0x00, 0x00, 0xc0, 0x3c,
  0x00, 0x00, 0x40, 0x3d, 0x00, 0x00, 0x90, 0x3d, 0x00, 0x00, 0x90, 0x3d,
  0x00, 0x00, 0x20, 0x3d, 0x00, 0x00, 0xc0, 0xbc, 0x00, 0x00, 0x90, 0xbd,
  0x00, 0x00, 0x80, 0xbd, 0x00, 0x00, 0x00, 0x3d, 0x00, 0x00, 0x28, 0x3e,
  0x00, 0x00, 0x98, 0x3e, 0x00, 0x00, 0xac, 0x3e, 0x00, 0x00, 0x80, 0x3e,
  0x00, 0x00, 0x20, 0x3d, 0x00, 0x00, 0x78, 0xbe, 0x00, 0x00, 0x00, 0xbf,
  0x00, 0x00, 0x28, 0xbf, 0x00, 0x00, 0x2e, 0xbf, 0x00, 0x00, 0x18, 0xbf,
  0x00, 0x00, 0xf4, 0xbe, 0x00, 0x00, 0xd4, 0xbe, 0x00, 0x00, 0xdc, 0xbe,
  0x00, 0x00, 0x02, 0xbf, 0x00, 0x00, 0x16, 0xbf, 0x00, 0x00, 0x14, 0xbf,
  0x00, 0x00, 0xe0, 0xbe, 0x00, 0x00, 0x38, 0xbe, 0x00, 0x00, 0x00, 0x3e,
  0x00, 0x00, 0xbc, 0x3e, 0x00, 0x00, 0xf0, 0x3e, 0x00, 0x00, 0xd0, 0x3e,
  0x00, 0x00, 0x78, 0x3e, 0x00, 0x00, 0x60, 0x3d, 0x00, 0x00, 0x60, 0xbd,
  0x00, 0x00, 0x60, 0xbd, 0x00, 0x00, 0x00, 0x3d, 0x00, 0x00, 0x18, 0x3e,
  0x00, 0x00, 0x60, 0x3e, 0x00, 0x00, 0x50, 0x3e, 0x00, 0x00, 0x00, 0x3e,
  0x00, 0x00, 0x00, 0x3d, 0x00, 0x00, 0x00, 0x00, 0x00, 0x00, 0x20, 0x3d,
  0x00, 0x00, 0x08, 0x3e, 0x00, 0x00, 0x60, 0x3e, 0x00, 0x00, 0x60, 0x3e,
  0x00, 0x00, 0x00, 0x3e, 0x00, 0x00, 0x20, 0xbd, 0x00, 0x00, 0x38, 0xbe,
  0x00, 0x00, 0x58, 0xbe, 0x00, 0x00, 0xa0, 0xbd, 0x00, 0x00, 0x48, 0x3e,
  0x00, 0x00, 0x04, 0x3f, 0x00, 0x00, 0x40, 0x3f, 0x00, 0x00, 0x54, 0x3f,
  0x00, 0x00, 0x36, 0x3f, 0x00, 0x00, 0xf8, 0x3e, 0x00, 0x00, 0x84, 0x3e,
  0x00, 0x00, 0x10, 0x3e, 0x00, 0x00, 0x40, 0x3e, 0x00, 0x00, 0xbc, 0x3e,
  0x00, 0x00, 0x14, 0x3f, 0x00, 0x00, 0x38, 0x3f, 0x00, 0x00, 0x36, 0x3f,
  0x00, 0x00, 0x0c, 0x3f, 0x00, 0x00, 0x94, 0x3e, 0x00, 0x00, 0x00, 0x3d,
  0x00, 0x00, 0x08, 0xbe, 0x00, 0x00, 0x30, 0xbe, 0x00, 0x00, 0xf0, 0xbd,
  0x00, 0x00, 0x80, 0xbc, 0x00, 0x00, 0x80, 0x3d, 0x00, 0x00, 0xb0, 0x3d,
  0x00, 0x00, 0x60, 0x3d, 0x00, 0x00, 0x80, 0x3c, 0x00, 0x00, 0x00, 0xbc,
  0x00, 0x00, 0x00, 0x00, 0x00, 0x00, 0xc0, 0x3c, 0x00, 0x00, 0x20, 0x3d,
  0x00, 0x00, 0x80, 0x3c, 0x00, 0x00, 0x20, 0xbd, 0x00, 0x00, 0xb0, 0xbd,
  0x00, 0x00, 0xb0, 0xbd, 0x00, 0x00, 0xc0, 0xbc, 0x00, 0x00, 0xd0, 0x3d,
  0x00, 0x00, 0x68, 0x3e, 0x00, 0x00, 0x98, 0x3e, 0x00, 0x00, 0x70, 0x3e,
  0x00, 0x00, 0x40, 0x3d, 0x00, 0x00, 0x68, 0xbe, 0x00, 0x00, 0x02, 0xbf,
  0x00, 0x00, 0x34, 0xbf, 0x00, 0x00, 0x40, 0xbf, 0x00, 0x00, 0x22, 0xbf,
  0x00, 0x00, 0xcc, 0xbe, 0x00, 0x00, 0xf0, 0xbd, 0x00, 0x00, 0xf0, 0x3d,
  0x00, 0x00, 0x88, 0x3e, 0x00, 0x00, 0x9c, 0x3e, 0x00, 0x00, 0x88, 0x3e,
  0x00, 0x00, 0x38, 0x3e, 0x00, 0x00, 0xb0, 0x3d, 0x00, 0x00, 0x00, 0x3c,
  0x00, 0x00, 0x20, 0xbd, 0x00, 0x00, 0x60, 0xbd, 0x00, 0x00, 0x20, 0xbd,
  0x00, 0x00, 0x00, 0xbc, 0x00, 0x00, 0x20, 0x3d, 0x00, 0x00, 0xb0, 0x3d,
  0x00, 0x00, 0xe0, 0x3d, 0x00, 0x00, 0xc0, 0x3d, 0x00, 0x00, 0x20, 0x3d,
  0x00, 0x00, 0x20, 0xbd, 0x00, 0x00, 0xf0, 0xbd, 0x00, 0x00, 0x18, 0xbe,
  0x00, 0x00, 0xd0, 0xbd, 0x00, 0x00, 0xc0, 0x3c, 0x00, 0x00, 0x48, 0x3e,
  0x00, 0x00, 0xbc, 0x3e, 0x00, 0x00, 0xf4, 0x3e, 0x00, 0x00, 0x00, 0x3f,
  0x00, 0x00, 0xd4, 0x3e, 0x00, 0x00, 0x88, 0x3e, 0x00, 0x00, 0xd0, 0x3d,
  0x00, 0x00, 0x80, 0xbc, 0x00, 0x00, 0x60, 0xbd, 0x00, 0x00, 0xc0, 0xbc,
  0x00, 0x00, 0x60, 0x3d, 0x00, 0x00, 0x08, 0x3e, 0x00, 0x00, 0x38, 0x3e,
  0x00, 0x00, 0x40, 0x3e, 0x00, 0x00, 0x28, 0x3e, 0x00, 0x00, 0x08, 0x3e,
  0x00, 0x00, 0x08, 0x3e, 0x00, 0x00, 0x28, 0x3e, 0x00, 0x00, 0x70, 0x3e,
  0x00, 0x00, 0xa4, 0x3e, 0x00, 0x00, 0xc8, 0x3e, 0x00, 0x00, 0xe0, 0x3e,
  0x00, 0x00, 0xf0, 0x3e, 0x00, 0x00, 0xf8, 0x3e, 0x00, 0x00, 0x02, 0x3f,
  0x00, 0x00, 0x0c, 0x3f, 0x00, 0x00, 0x18, 0x3f, 0x00, 0x00, 0x22, 0x3f,
  0x00, 0x00, 0x26, 0x3f, 0x00, 0x00, 0x24, 0x3f, 0x00, 0x00, 0x1a, 0x3f,
  0x00, 0x00, 0x10, 0x3f, 0x00, 0x00, 0x0a, 0x3f, 0x00, 0x00, 0x0a, 0x3f,
  0x00, 0x00, 0x0e, 0x3f, 0x00, 0x00, 0x0e, 0x3f, 0x00, 0x00, 0x04, 0x3f,
  0x00, 0x00, 0xd4, 0x3e, 0x00, 0x00, 0x80, 0x3e, 0x00, 0x00, 0x80, 0x3d,
  0x00, 0x00, 0xe0, 0xbd, 0x00, 0x00, 0xd0, 0xbd, 0x00, 0x00, 0xd4, 0xbe,
  0x00, 0x00, 0xe4, 0xbe, 0x00, 0x00, 0xc0, 0xbd, 0x00, 0x00, 0x58, 0x3e,
  0x00, 0x00, 0xb0, 0x3d, 0x00, 0x00, 0x80, 0xbe, 0x00, 0x00, 0x94, 0xbe,
  0x00, 0x00, 0x00, 0xbc, 0x00, 0x00, 0x18, 0x3e, 0x00, 0x00, 0x80, 0xbd,
  0x00, 0x00, 0xa8, 0xbe, 0x00, 0x00, 0x80, 0xbe, 0x00, 0x00, 0xc0, 0x3d,
  0x00, 0x00, 0x90, 0x3e, 0x00, 0x00, 0xd0, 0x3d, 0x00, 0x00, 0x8c, 0xbe,
  0x00, 0x00, 0x1a, 0xbf, 0x00, 0x00, 0x3e, 0xbf, 0x00, 0x00, 0x2a, 0xbf,
  0x00, 0x00, 0xd8, 0xbe, 0x00, 0x00, 0x80, 0xbe, 0x00, 0x00, 0xb4, 0xbe,
  0x00, 0x00, 0x22, 0xbf, 0x00, 0x00, 0x42, 0xbf, 0x00, 0x00, 0x04, 0xbf,
  0x00, 0x00, 0xc0, 0xbd, 0x00, 0x00, 0x58, 0x3e, 0x00, 0x00, 0x8c, 0x3e,
  0x00, 0x00, 0x10, 0x3e, 0x00, 0x00, 0xa0, 0xbd, 0x00, 0x00, 0x80, 0xbe,
  0x00, 0x00, 0x48, 0xbe, 0x00, 0x00, 0x40, 0x3d, 0x00, 0x00, 0x40, 0x3e,
  0x00, 0x00, 0x00, 0x3d, 0x00, 0x00, 0x58, 0xbe, 0x00, 0x00, 0x20, 0xbe,
  0x00, 0x00, 0x00, 0x3e, 0x00, 0x00, 0x38, 0x3e, 0x00, 0x00, 0x38, 0xbe,
  0x00, 0x00, 0xfc, 0xbe, 0x00, 0x00, 0x90, 0xbe, 0x00, 0x00, 0xa8, 0x3e,
  0x00, 0x00, 0x3e, 0x3f, 0x00, 0x00, 0x36, 0x3f, 0x00, 0x00, 0x06, 0x3f,
  0x00, 0x00, 0xf4, 0x3e, 0x00, 0x00, 0xf8, 0x3e, 0x00, 0x00, 0xa4, 0x3e,
  0x00, 0x00, 0x80, 0x3c, 0x00, 0x00, 0x78, 0xbe, 0x00, 0x00, 0xcc, 0xbe,
  0x00, 0x00, 0x0a, 0xbf, 0x00, 0x00, 0x24, 0xbf, 0x00, 0x00, 0x26, 0xbf,
  0x00, 0x00, 0x16, 0xbf, 0x00, 0x00, 0x14, 0xbf, 0x00, 0x00, 0x18, 0xbf,
  0x00, 0x00, 0x08, 0xbf, 0x00, 0x00, 0xb8, 0xbe, 0x00, 0x00, 0x28, 0xbe,
  0x00, 0x00, 0x00, 0x3c, 0x00, 0x00, 0x78, 0x3e, 0x00, 0x00, 0x02, 0x3f,
  0x00, 0x00, 0x22, 0x3f, 0x00, 0x00, 0x06, 0x3f, 0x00, 0x00, 0x90, 0x3e,
  0x00, 0x00, 0x90, 0x3d, 0x00, 0x00, 0x08, 0xbe, 0x00, 0x00, 0xbc, 0xbe,
  0x00, 0x00, 0x06, 0xbf, 0x00, 0x00, 0xf4, 0xbe, 0x00, 0x00, 0xa4, 0xbe,
  0x00, 0x00, 0x68, 0xbe, 0x00, 0x00, 0xc0, 0xbd, 0x00, 0x00, 0x78, 0x3e,
  0x00, 0x00, 0x14, 0x3f, 0x00, 0x00, 0xf0, 0x3e, 0x00, 0x00, 0xe0, 0xbd,
  0x00, 0x00, 0x06, 0xbf, 0x00, 0x00, 0x94, 0xbe, 0x00, 0x00, 0x80, 0x3e,
  0x00, 0x00, 0xb0, 0x3e, 0x00, 0x00, 0xe0, 0xbd, 0x00, 0x00, 0xdc, 0xbe,
  0x00, 0x00, 0x10, 0xbe, 0x00, 0x00, 0xc0, 0x3e, 0x00, 0x00, 0xd0, 0x3e,
  0x00, 0x00, 0x18, 0xbe, 0x00, 0x00, 0x36, 0xbf, 0x00, 0x00, 0x52, 0xbf,
  0x00, 0x00, 0x14, 0xbf, 0x00, 0x00, 0xc8, 0xbe, 0x00, 0x00, 0xe8, 0xbe,
  0x00, 0x00, 0x1c, 0xbf, 0x00, 0x00, 0x10, 0xbf, 0x00, 0x00, 0x30, 0xbe,
  0x00, 0x00, 0xb4, 0x3e, 0x00, 0x00, 0x0e, 0x3f, 0x00, 0x00, 0x60, 0x3e,
  0x00, 0x00, 0x94, 0xbe, 0x00, 0x00, 0xbc, 0xbe, 0x00, 0x00, 0x20, 0x3d,
  0x00, 0x00, 0xac, 0x3e, 0x00, 0x00, 0x08, 0x3e, 0x00, 0x00, 0x68, 0xbe,
  0x00, 0x00, 0x28, 0xbe, 0x00, 0x00, 0x60, 0x3e, 0x00, 0x00, 0x90, 0x3e,
  0x00, 0x00, 0x58, 0xbe, 0x00, 0x00, 0x30, 0xbf, 0x00, 0x00, 0x16, 0xbf,
  0x00, 0x00, 0xc0, 0xbd, 0x00, 0x00, 0x20, 0x3e, 0x00, 0x00, 0x80, 0xbd,
  0x00, 0x00, 0xd4, 0xbe, 0x00, 0x00, 0x0c, 0xbf, 0x00, 0x00, 0xcc, 0xbe,
  0x00, 0x00, 0x90, 0xbd, 0x00, 0x00, 0xa8, 0x3e, 0x00, 0x00, 0x08, 0x3f,
  0x00, 0x00, 0x90, 0x3e, 0x00, 0x00, 0x90, 0xbe, 0x00, 0x00, 0x12, 0xbf,
  0x00, 0x00, 0x38, 0xbe, 0x00, 0x00, 0x0a, 0x3f, 0x00, 0x00, 0x60, 0x3f,
  0x00, 0x00, 0x1c, 0x3f, 0x00, 0x00, 0x40, 0x3e, 0x00, 0x00, 0x80, 0x3d,
  0x00, 0x00, 0x50, 0x3e, 0x00, 0x00, 0xb0, 0x3e, 0x00, 0x00, 0xd8, 0x3e,
  0x00, 0x00, 0x06, 0x3f, 0x00, 0x00, 0x16, 0x3f, 0x00, 0x00, 0xc4, 0x3e,
  0x00, 0x00, 0xd0, 0xbd, 0x00, 0x00, 0x06, 0xbf, 0x00, 0x00, 0x06, 0xbf,
  0x00, 0x00, 0x00, 0xbe, 0x00, 0x00, 0xc0, 0x3e, 0x00, 0x00, 0x28, 0x3f,
  0x00, 0x00, 0x18, 0x3f, 0x00, 0x00, 0x9c, 0x3e, 0x00, 0x00, 0x00, 0x00,
  0x00, 0x00, 0x18, 0xbe, 0x00, 0x00, 0x00, 0xbe, 0x00, 0x00, 0x80, 0xbc,
  0x00, 0x00, 0xf0, 0x3d, 0x00, 0x00, 0x90, 0x3e, 0x00, 0x00, 0xf8, 0x3e,
  0x00, 0x00, 0x16, 0x3f, 0x00, 0x00, 0xe0, 0x3e, 0x00, 0x00, 0x20, 0x3d,
  0x00, 0x00, 0xc8, 0xbe, 0x00, 0x00, 0x16, 0xbf, 0x00, 0x00, 0xd4, 0xbe,
  0x00, 0x00, 0xc0, 0x3c, 0x00, 0x00, 0xf0, 0x3e, 0x00, 0x00, 0x28, 0x3f,
  0x00, 0x00, 0x00, 0x3f, 0x00, 0x00, 0x18, 0x3e, 0x00, 0x00, 0x30, 0xbe,
  0x00, 0x00, 0xb0, 0xbe, 0x00, 0x00, 0xd8, 0xbe, 0x00, 0x00, 0xf4, 0xbe,
  0x00, 0x00, 0xf0, 0xbe, 0x00, 0x00, 0xc0, 0xbe, 0x00, 0x00, 0x48, 0xbe,
  0x00, 0x00, 0x00, 0x3d, 0x00, 0x00, 0x9c, 0x3e, 0x00, 0x00, 0x08, 0x3f,
  0x00, 0x00, 0x06, 0x3f, 0x00, 0x00, 0x30, 0x3e, 0x00, 0x00, 0xac, 0xbe,
  0x00, 0x00, 0x1e, 0xbf, 0x00, 0x00, 0xec, 0xbe, 0x00, 0x00, 0x80, 0xbc,
  0x00, 0x00, 0xd4, 0x3e, 0x00, 0x00, 0x20, 0x3f, 0x00, 0x00, 0x22, 0x3f,
  0x00, 0x00, 0x10, 0x3f, 0x00, 0x00, 0x02, 0x3f, 0x00, 0x00, 0xdc, 0x3e,
  0x00, 0x00, 0x48, 0x3e, 0x00, 0x00, 0x58, 0xbe, 0x00, 0x00, 0x08, 0xbf,
  0x00, 0x00, 0xd4, 0xbe, 0x00, 0x00, 0xc0, 0x3d, 0x00, 0x00, 0xe8, 0x3e,
  0x00, 0x00, 0x60, 0x3e, 0x00, 0x00, 0xb4, 0xbe, 0x00, 0x00, 0x0a, 0xbf,
  0x00, 0x00, 0x80, 0xbd, 0x00, 0x00, 0x06, 0x3f, 0x00, 0x00, 0x00, 0x3f,
  0x00, 0x00, 0x18, 0xbe, 0x00, 0x00, 0x3c, 0xbf, 0x00, 0x00, 0x42, 0xbf,
  0x00, 0x00, 0xd0, 0xbe, 0x00, 0x00, 0x20, 0xbe, 0x00, 0x00, 0x38, 0xbe,
  0x00, 0x00, 0x90, 0xbe, 0x00, 0x00, 0xa0, 0xbe, 0x00, 0x00, 0xbc, 0xbe,
  0x00, 0x00, 0x02, 0xbf, 0x00, 0x00, 0x0e, 0xbf, 0x00, 0x00, 0x90, 0xbe,
  0x00, 0x00, 0x70, 0x3e, 0x00, 0x00, 0x10, 0x3f, 0x00, 0x00, 0xb8, 0x3e,
  0x00, 0x00, 0x38, 0xbe, 0x00, 0x00, 0xec, 0xbe, 0x00, 0x00, 0x20, 0xbe,
  0x00, 0x00, 0xb0, 0x3e, 0x00, 0x00, 0xc0, 0x3e, 0x00, 0x00, 0x10, 0xbe,
  0x00, 0x00, 0x12, 0xbf, 0x00, 0x00, 0x94, 0xbe, 0x00, 0x00, 0xec, 0x3e,
  0x00, 0x00, 0x68, 0x3f, 0x00, 0x00, 0x2c, 0x3f, 0x00, 0x00, 0x58, 0x3e,
  0x00, 0x00, 0x80, 0x3d, 0x00, 0x00, 0x70, 0x3e, 0x00, 0x00, 0xbc, 0x3e,
  0x00, 0x00, 0xb8, 0x3e, 0x00, 0x00, 0xd0, 0x3e, 0x00, 0x00, 0x14, 0x3f,
  0x00, 0x00, 0x2e, 0x3f, 0x00, 0x00, 0x14, 0x3f, 0x00, 0x00, 0xe8, 0x3e,
  0x00, 0x00, 0xec, 0x3e, 0x00, 0x00, 0x00, 0x3f, 0x00, 0x00, 0xe8, 0x3e,
  0x00, 0x00, 0xc8, 0x3e, 0x00, 0x00, 0xf0, 0x3e, 0x00, 0x00, 0x1a, 0x3f,
  0x00, 0x00, 0x16, 0x3f, 0x00, 0x00, 0xd0, 0x3e, 0x00, 0x00, 0x70, 0x3e,
  0x00, 0x00, 0xb0, 0x3d, 0x00, 0x00, 0x18, 0xbe, 0x00, 0x00, 0xf4, 0xbe,
  0x00, 0x00, 0x2e, 0xbf, 0x00, 0x00, 0x2a, 0xbf, 0x00, 0x00, 0x18, 0xbf,
  0x00, 0x00, 0x26, 0xbf, 0x00, 0x00, 0x36, 0xbf, 0x00, 0x00, 0x24, 0xbf,
  0x00, 0x00, 0x0a, 0xbf, 0x00, 0x00, 0x06, 0xbf, 0x00, 0x00, 0xd4, 0xbe,
  0x00, 0x00, 0x00, 0x3c, 0x00, 0x00, 0x00, 0x3f, 0x00, 0x00, 0x00, 0x3f,
  0x00, 0x00, 0x60, 0xbd, 0x00, 0x00, 0x00, 0xbf, 0x00, 0x00, 0x9c, 0xbe,
  0x00, 0x00, 0x48, 0x3e, 0x00, 0x00, 0x94, 0x3e, 0x00, 0x00, 0xb0, 0xbd,
  0x00, 0x00, 0x98, 0xbe, 0x00, 0x00, 0x20, 0xbd, 0x00, 0x00, 0x58, 0x3e,
  0x00, 0x00, 0x00, 0xbc, 0x00, 0x00, 0xd0, 0xbe, 0x00, 0x00, 0xa8, 0xbe,
  0x00, 0x00, 0x84, 0x3e, 0x00, 0x00, 0x32, 0x3f, 0x00, 0x00, 0x00, 0x3f,
  0x00, 0x00, 0x60, 0xbd, 0x00, 0x00, 0xcc, 0xbe, 0x00, 0x00, 0xbc, 0xbe,
  0x00, 0x00, 0x70, 0xbe, 0x00, 0x00, 0x40, 0xbe, 0x00, 0x00, 0x00, 0xbe,
  0x00, 0x00, 0xf0, 0x3d, 0x00, 0x00, 0xec, 0x3e, 0x00, 0x00, 0x1a, 0x3f,
  0x00, 0x00, 0xac, 0x3e, 0x00, 0x00, 0x50, 0xbe, 0x00, 0x00, 0x12, 0xbf,
  0x00, 0x00, 0xc8, 0xbe, 0x00, 0x00, 0x18, 0x3e, 0x00, 0x00, 0xd4, 0x3e,
  0x00, 0x00, 0xe0, 0x3d, 0x00, 0x00, 0xb8, 0xbe, 0x00, 0x00, 0xac, 0xbe,
  0x00, 0x00, 0xf0, 0x3d, 0x00, 0x00, 0xa4, 0x3e, 0x00, 0x00, 0x90, 0xbd,
  0x00, 0x00, 0x02, 0xbf, 0x00, 0x00, 0x98, 0xbe, 0x00, 0x00, 0xbc, 0x3e,
  0x00, 0x00, 0x2c, 0x3f, 0x00, 0x00, 0x58, 0x3e, 0x00, 0x00, 0xf8, 0xbe,
  0x00, 0x00, 0x3e, 0xbf, 0x00, 0x00, 0x16, 0xbf, 0x00, 0x00, 0xf8, 0xbe,
  0x00, 0x00, 0x1a, 0xbf, 0x00, 0x00, 0x34, 0xbf, 0x00, 0x00, 0x1e, 0xbf,
  0x00, 0x00, 0x00, 0xbf, 0x00, 0x00, 0x00, 0xbf, 0x00, 0x00, 0x04, 0xbf,
  0x00, 0x00, 0xd4, 0xbe, 0x00, 0x00, 0x78, 0xbe, 0x00, 0x00, 0x28, 0xbe,
  0x00, 0x00, 0x28, 0xbe, 0x00, 0x00, 0x00, 0xbe, 0x00, 0x00, 0x20, 0xbd,
  0x00, 0x00, 0x00, 0x3c, 0x00, 0x00, 0xc0, 0x3c, 0x00, 0x00, 0xb0, 0x3d,
  0x00, 0x00, 0x60, 0x3e, 0x00, 0x00, 0xb8, 0x3e, 0x00, 0x00, 0xfc, 0x3e,
  0x00, 0x00, 0x1a, 0x3f, 0x00, 0x00, 0x10, 0x3f, 0x00, 0x00, 0x70, 0x3e,
  0x00, 0x00, 0x68, 0xbe, 0x00, 0x00, 0xd8, 0xbe, 0x00, 0x00, 0x28, 0xbe,
  0x00, 0x00, 0x68, 0x3e, 0x00, 0x00, 0x9c, 0x3e, 0x00, 0x00, 0x60, 0x3d,
  0x00, 0x00, 0x18, 0xbe, 0x00, 0x00, 0xc0, 0xbd, 0x00, 0x00, 0x90, 0x3d,
  0x00, 0x00, 0x00, 0x3e, 0x00, 0x00, 0x90, 0x3d, 0x00, 0x00, 0x80, 0x3c,
  0x00, 0x00, 0x60, 0xbd, 0x00, 0x00, 0xe0, 0xbd, 0x00, 0x00, 0x00, 0xbc,
  0x00, 0x00, 0x84, 0x3e, 0x00, 0x00, 0xb4, 0x3e, 0x00, 0x00, 0x00, 0xbd,
  0x00, 0x00, 0x18, 0xbf, 0x00, 0x00, 0x3e, 0xbf, 0x00, 0x00, 0x90, 0xbe,
  0x00, 0x00, 0x90, 0x3e, 0x00, 0x00, 0xe4, 0x3e, 0x00, 0x00, 0xac, 0x3e,
  0x00, 0x00, 0xb4, 0x3e, 0x00, 0x00, 0x02, 0x3f, 0x00, 0x00, 0x00, 0x3f,
  0x00, 0x00, 0x78, 0x3e, 0x00, 0x00, 0x80, 0x3c, 0x00, 0x00, 0xc0, 0xbd,
  0x00, 0x00, 0x90, 0xbe, 0x00, 0x00, 0x0a, 0xbf, 0x00, 0x00, 0xf0, 0xbe,
  0x00, 0x00, 0xe0, 0x3d, 0x00, 0x00, 0x20, 0x3f, 0x00, 0x00, 0xdc, 0x3e,
  0x00, 0x00, 0x68, 0xbe, 0x00, 0x00, 0xf4, 0xbe, 0x00, 0x00, 0x40, 0xbd,
  0x00, 0x00, 0xc0, 0x3e, 0x00, 0x00, 0x48, 0x3e, 0x00, 0x00, 0x70, 0xbe,
  0x00, 0x00, 0x50, 0xbe, 0x00, 0x00, 0x50, 0x3e, 0x00, 0x00, 0x84, 0x3e,
  0x00, 0x00, 0x40, 0xbe, 0x00, 0x00, 0xdc, 0xbe, 0x00, 0x00, 0x00, 0xbc,
  0x00, 0x00, 0x10, 0x3f, 0x00, 0x00, 0xe8, 0x3e, 0x00, 0x00, 0x84, 0xbe,
  0x00, 0x00, 0x44, 0xbf, 0x00, 0x00, 0x1c, 0xbf, 0x00, 0x00, 0x00, 0xbe,
  0x00, 0x00, 0x40, 0x3e, 0x00, 0x00, 0x94, 0x3e, 0x00, 0x00, 0xd0, 0x3e,
  0x00, 0x00, 0x0a, 0x3f, 0x00, 0x00, 0x12, 0x3f, 0x00, 0x00, 0x06, 0x3f,
  0x00, 0x00, 0x06, 0x3f, 0x00, 0x00, 0x08, 0x3f, 0x00, 0x00, 0xd0, 0x3e,
  0x00, 0x00, 0x30, 0x3e, 0x00, 0x00, 0xc0, 0xbc, 0x00, 0x00, 0x50, 0xbe,
  0x00, 0x00, 0xe8, 0xbe, 0x00, 0x00, 0x1e, 0xbf, 0x00, 0x00, 0xb4, 0xbe,
  0x00, 0x00, 0x80, 0x3e, 0x00, 0x00, 0x14, 0x3f, 0x00, 0x00, 0x8c, 0x3e,
  0x00, 0x00, 0x84, 0xbe, 0x00, 0x00, 0xbc, 0xbe, 0x00, 0x00, 0xc0, 0xbc,
  0x00, 0x00, 0x68, 0x3e, 0x00, 0x00, 0xd0, 0x3d, 0x00, 0x00, 0xb0, 0xbd,
  0x00, 0x00, 0x60, 0xbd, 0x00, 0x00, 0x60, 0x3d, 0x00, 0x00, 0x00, 0x00,
  0x00, 0x00, 0x90, 0xbd, 0x00, 0x00, 0x40, 0x3d, 0x00, 0x00, 0x30, 0x3e,
  0x00, 0x00, 0x40, 0xbd, 0x00, 0x00, 0xd8, 0xbe, 0x00, 0x00, 0xb8, 0xbe,
  0x00, 0x00, 0x88, 0x3e, 0x00, 0x00, 0x4e, 0x3f, 0x00, 0x00, 0x2c, 0x3f,
  0x00, 0x00, 0xa0, 0x3d, 0x00, 0x00, 0xa0, 0xbe, 0x00, 0x00, 0x88, 0xbe,
  0x00, 0x00, 0x20, 0xbe, 0x00, 0x00, 0x70, 0xbe, 0x00, 0x00, 0xa8, 0xbe,
  0x00, 0x00, 0x60, 0xbe, 0x00, 0x00, 0x00, 0xbd, 0x00, 0x00, 0xa0, 0x3d,
  0x00, 0x00, 0x20, 0x3e, 0x00, 0x00, 0xb8, 0x3e, 0x00, 0x00, 0x16, 0x3f,
  0x00, 0x00, 0x20, 0x3f, 0x00, 0x00, 0xe8, 0x3e, 0x00, 0x00, 0x48, 0x3e,
  0x00, 0x00, 0xf0, 0xbd, 0x00, 0x00, 0xe8, 0xbe, 0x00, 0x00, 0x08, 0xbf,
  0x00, 0x00, 0x08, 0xbe, 0x00, 0x00, 0xd8, 0x3e, 0x00, 0x00, 0xf8, 0x3e,
  0x00, 0x00, 0x60, 0xbd, 0x00, 0x00, 0xf8, 0xbe, 0x00, 0x00, 0x78, 0xbe,
  0x00, 0x00, 0x94, 0x3e, 0x00, 0x00, 0x98, 0x3e, 0x00, 0x00, 0x38, 0xbe,
  0x00, 0x00, 0xbc, 0xbe, 0x00, 0x00, 0x60, 0x3d, 0x00, 0x00, 0xc4, 0x3e,
  0x00, 0x00, 0x00, 0xbc, 0x00, 0x00, 0x1e, 0xbf, 0x00, 0x00, 0xf8, 0xbe,
  0x00, 0x00, 0xc0, 0x3e, 0x00, 0x00, 0x72, 0x3f, 0x00, 0x00, 0x18, 0x3f,
  0x00, 0x00, 0x00, 0xbe, 0x00, 0x00, 0xd4, 0xbe, 0x00, 0x00, 0x94, 0xbe,
  0x00, 0x00, 0x9c, 0xbe, 0x00, 0x00, 0x10, 0xbf, 0x00, 0x00, 0x20, 0xbf,
  0x00, 0x00, 0xb4, 0xbe, 0x00, 0x00, 0x08, 0xbe, 0x00, 0x00, 0x20, 0xbe,
  0x00, 0x00, 0x60, 0xbd, 0x00, 0x00, 0xd0, 0x3e, 0x00, 0x00, 0x42, 0x3f,
  0x00, 0x00, 0xec, 0x3e, 0x00, 0x00, 0x68, 0xbe, 0x00, 0x00, 0x04, 0xbf,
  0x00, 0x00, 0x28, 0xbe, 0x00, 0x00, 0x80, 0x3e, 0x00, 0x00, 0x60, 0x3e,
  0x00, 0x00, 0x80, 0xbd, 0x00, 0x00, 0xf0, 0xbd, 0x00, 0x00, 0x00, 0x3d,
  0x00, 0x00, 0x80, 0x3d, 0x00, 0x00, 0x40, 0xbd, 0x00, 0x00, 0x00, 0xbd,
  0x00, 0x00, 0xf0, 0x3d, 0x00, 0x00, 0xb0, 0x3d, 0x00, 0x00, 0x40, 0xbe,
  0x00, 0x00, 0x88, 0xbe, 0x00, 0x00, 0xb0, 0x3d, 0x00, 0x00, 0xf4, 0x3e,
  0x00, 0x00, 0xa8, 0x3e, 0x00, 0x00, 0x94, 0xbe, 0x00, 0x00, 0x40, 0xbf,
  0x00, 0x00, 0x30, 0xbf, 0x00, 0x00, 0xc0, 0xbe, 0x00, 0x00, 0x40, 0xbe,
  0x00, 0x00, 0x10, 0xbe, 0x00, 0x00, 0x00, 0xbd, 0x00, 0x00, 0x28, 0x3e,
  0x00, 0x00, 0x94, 0x3e, 0x00, 0x00, 0x9c, 0x3e, 0x00, 0x00, 0xb4, 0x3e,
  0x00, 0x00, 0xec, 0x3e, 0x00, 0x00, 0x0a, 0x3f, 0x00, 0x00, 0x0a, 0x3f,
  0x00, 0x00, 0x06, 0x3f, 0x00, 0x00, 0x10, 0x3f, 0x00, 0x00, 0x14, 0x3f,
  0x00, 0x00, 0x08, 0x3f, 0x00, 0x00, 0xf0, 0x3e, 0x00, 0x00, 0xd4, 0x3e,
  0x00, 0x00, 0x98, 0x3e, 0x00, 0x00, 0x90, 0x3d, 0x00, 0x00, 0x58, 0xbe,
  0x00, 0x00, 0xe4, 0xbe, 0x00, 0x00, 0x0e, 0xbf, 0x00, 0x00, 0xd8, 0xbe,
  0x00, 0x00, 0x00, 0x00, 0x00, 0x00, 0xe8, 0x3e, 0x00, 0x00, 0xf4, 0x3e,
  0x00, 0x00, 0x20, 0xbd, 0x00, 0x00, 0x06, 0xbf, 0x00, 0x00, 0xc0, 0xbe,
  0x00, 0x00, 0x60, 0x3e, 0x00, 0x00, 0xe8, 0x3e, 0x00, 0x00, 0x00, 0xbc,
  0x00, 0x00, 0x06, 0xbf, 0x00, 0x00, 0xb0, 0xbe, 0x00, 0x00, 0xa4, 0x3e,
  0x00, 0x00, 0x12, 0x3f, 0x00, 0x00, 0x60, 0x3d, 0x00, 0x00, 0x22, 0xbf,
  0x00, 0x00, 0x4a, 0xbf, 0x00, 0x00, 0xd8, 0xbe, 0x00, 0x00, 0x80, 0xbd,
  0x00, 0x00, 0x80, 0x3c, 0x00, 0x00, 0x80, 0xbc, 0x00, 0x00, 0x00, 0xbc,
  0x00, 0x00, 0x40, 0xbd, 0x00, 0x00, 0x68, 0xbe, 0x00, 0x00, 0xe8, 0xbe,
  0x00, 0x00, 0x10, 0xbf, 0x00, 0x00, 0xd8, 0xbe, 0x00, 0x00, 0x00, 0xbd,
  0x00, 0x00, 0xd0, 0x3e, 0x00, 0x00, 0x00, 0x3f, 0x00, 0x00, 0xe0, 0x3d,
  0x00, 0x00, 0xc0, 0xbe, 0x00, 0x00, 0xc0, 0xbe, 0x00, 0x00, 0xe0, 0x3d,
  0x00, 0x00, 0xd0, 0x3e, 0x00, 0x00, 0xc0, 0x3d, 0x00, 0x00, 0xb4, 0xbe,
  0x00, 0x00, 0x70, 0xbe, 0x00, 0x00, 0x94, 0x3e, 0x00, 0x00, 0xcc, 0x3e,
  0x00, 0x00, 0x50, 0xbe, 0x00, 0x00, 0x3e, 0xbf, 0x00, 0x00, 0xf4, 0xbe,
  0x00, 0x00, 0xa4, 0x3e, 0x00, 0x00, 0x48, 0x3f, 0x00, 0x00, 0x24, 0x3f,
  0x00, 0x00, 0xd4, 0x3e, 0x00, 0x00, 0xf8, 0x3e, 0x00, 0x00, 0x22, 0x3f,
  0x00, 0x00, 0x00, 0x3f, 0x00, 0x00, 0x48, 0x3e, 0x00, 0x00, 0x00, 0xbc,
  0x00, 0x00, 0xd0, 0xbd, 0x00, 0x00, 0x9c, 0xbe, 0x00, 0x00, 0x16, 0xbf,
  0x00, 0x00, 0x30, 0xbf, 0x00, 0x00, 0x12, 0xbf, 0x00, 0x00, 0xf8, 0xbe,
  0x00, 0x00, 0x0c, 0xbf, 0x00, 0x00, 0x1a, 0xbf, 0x00, 0x00, 0x08, 0xbf,
  0x00, 0x00, 0xf0, 0xbe, 0x00, 0x00, 0x08, 0xbf, 0x00, 0x00, 0x20, 0xbf,
  0x00, 0x00, 0x0e, 0xbf, 0x00, 0x00, 0xc0, 0xbe, 0x00, 0x00, 0x8c, 0xbe,
  0x00, 0x00, 0x78, 0xbe, 0x00, 0x00, 0x28, 0xbe, 0x00, 0x00, 0xc0, 0xbc,
  0x00, 0x00, 0x00, 0x00, 0x00, 0x00, 0x10, 0xbe, 0x00, 0x00, 0x9c, 0xbe,
  0x00, 0x00, 0xc4, 0xbe, 0x00, 0x00, 0xd0, 0xbe, 0x00, 0x00, 0xc8, 0xbe,
  0x00, 0x00, 0x38, 0xbe, 0x00, 0x00, 0x90, 0x3e, 0x00, 0x00, 0x2c, 0x3f,
  0x00, 0x00, 0x0e, 0x3f, 0x00, 0x00, 0xc0, 0xbc, 0x00, 0x00, 0xfc, 0xbe,
  0x00, 0x00, 0xbc, 0xbe, 0x00, 0x00, 0x60, 0x3e, 0x00, 0x00, 0x2a, 0x3f,
  0x00, 0x00, 0x0c, 0x3f, 0x00, 0x00, 0x00, 0xbc, 0x00, 0x00, 0x02, 0xbf,
  0x00, 0x00, 0x1a, 0xbf, 0x00, 0x00, 0xa0, 0xbe, 0x00, 0x00, 0x90, 0x3d,
  0x00, 0x00, 0x98, 0x3e, 0x00, 0x00, 0xb4, 0x3e, 0x00, 0x00, 0xb8, 0x3e,
  0x00, 0x00, 0xb4, 0x3e, 0x00, 0x00, 0x8c, 0x3e, 0x00, 0x00, 0x60, 0x3d,
  0x00, 0x00, 0x60, 0xbe, 0x00, 0x00, 0xd4, 0xbe, 0x00, 0x00, 0xd4, 0xbe,
  0x00, 0x00, 0x28, 0xbe, 0x00, 0x00, 0x88, 0x3e, 0x00, 0x00, 0x18, 0x3f,
  0x00, 0x00, 0x00, 0x3f, 0x00, 0x00, 0xc0, 0xbc, 0x00, 0x00, 0xfc, 0xbe,
  0x00, 0x00, 0xb8, 0xbe, 0x00, 0x00, 0x98, 0x3e, 0x00, 0x00, 0x4a, 0x3f,
  0x00, 0x00, 0x1c, 0x3f, 0x00, 0x00, 0xc0, 0xbc, 0x00, 0x00, 0x00, 0xbf,
  0x00, 0x00, 0x10, 0xbf, 0x00, 0x00, 0xe8, 0xbe, 0x00, 0x00, 0xe8, 0xbe,
  0x00, 0x00, 0x04, 0xbf, 0x00, 0x00, 0xf8, 0xbe, 0x00, 0x00, 0xb8, 0xbe,
  0x00, 0x00, 0x50, 0xbe, 0x00, 0x00, 0x80, 0x3c, 0x00, 0x00, 0xac, 0x3e,
  0x00, 0x00, 0x28, 0x3f, 0x00, 0x00, 0x3e, 0x3f, 0x00, 0x00, 0x10, 0x3f,
  0x00, 0x00, 0x84, 0x3e, 0x00, 0x00, 0xc0, 0xbc, 0x00, 0x00, 0x80, 0xbe,
  0x00, 0x00, 0xdc, 0xbe, 0x00, 0x00, 0x02, 0xbf, 0x00, 0x00, 0xf4, 0xbe,
  0x00, 0x00, 0xe0, 0xbe, 0x00, 0x00, 0xf0, 0xbe, 0x00, 0x00, 0xfc, 0xbe,
  0x00, 0x00, 0xd0, 0xbe, 0x00, 0x00, 0x70, 0xbe, 0x00, 0x00, 0xc0, 0xbc,
  0x00, 0x00, 0x60, 0x3e, 0x00, 0x00, 0x04, 0x3f, 0x00, 0x00, 0x3c, 0x3f,
  0x00, 0x00, 0x30, 0x3f, 0x00, 0x00, 0xb8, 0x3e, 0x00, 0x00, 0x80, 0xbd,
  0x00, 0x00, 0xb4, 0xbe, 0x00, 0x00, 0xe8, 0xbe, 0x00, 0x00, 0xd4, 0xbe,
  0x00, 0x00, 0x84, 0xbe, 0x00, 0x00, 0x60, 0xbd, 0x00, 0x00, 0xa0, 0x3d,
  0x00, 0x00, 0xa0, 0x3d, 0x00, 0x00, 0x80, 0xbc, 0x00, 0x00, 0xe0, 0xbd,
  0x00, 0x00, 0x58, 0xbe, 0x00, 0x00, 0xb4, 0xbe, 0x00, 0x00, 0xe4, 0xbe,
  0x00, 0x00, 0xb0, 0xbe, 0x00, 0x00, 0xc0, 0xbc, 0x00, 0x00, 0xb8, 0x3e,
  0x00, 0x00, 0x1e, 0x3f, 0x00, 0x00, 0x3c, 0x3f, 0x00, 0x00, 0x3a, 0x3f,
  0x00, 0x00, 0x16, 0x3f, 0x00, 0x00, 0xb8, 0x3e, 0x00, 0x00, 0x28, 0x3e,
  0x00, 0x00, 0xc0, 0x3d, 0x00, 0x00, 0x08, 0x3e, 0x00, 0x00, 0x38, 0x3e,
  0x00, 0x00, 0x80, 0x3e, 0x00, 0x00, 0xcc, 0x3e, 0x00, 0x00, 0x1c, 0x3f,
  0x00, 0x00, 0x3a, 0x3f, 0x00, 0x00, 0x22, 0x3f, 0x00, 0x00, 0xc0, 0x3e,
  0x00, 0x00, 0x40, 0x3d, 0x00, 0x00, 0x94, 0xbe, 0x00, 0x00, 0xfc, 0xbe,
  0x00, 0x00, 0xd0, 0xbe, 0x00, 0x00, 0x20, 0xbd, 0x00, 0x00, 0xc0, 0x3e,
  0x00, 0x00, 0x1c, 0x3f, 0x00, 0x00, 0x28, 0x3f, 0x00, 0x00, 0x2e, 0x3f,
  0x00, 0x00, 0x38, 0x3f, 0x00, 0x00, 0x34, 0x3f, 0x00, 0x00, 0x18, 0x3f,
  0x00, 0x00, 0xe0, 0x3e, 0x00, 0x00, 0x68, 0x3e, 0x00, 0x00, 0xe0, 0xbd,
  0x00, 0x00, 0xe4, 0xbe, 0x00, 0x00, 0xdc, 0xbe, 0x00, 0x00, 0x60, 0x3d,
  0x00, 0x00, 0x14, 0x3f, 0x00, 0x00, 0x0c, 0x3f, 0x00, 0x00, 0x00, 0xbd,
  0x00, 0x00, 0x06, 0xbf, 0x00, 0x00, 0xc0, 0xbe, 0x00, 0x00, 0x84, 0x3e,
  0x00, 0x00, 0x3a, 0x3f, 0x00, 0x00, 0x26, 0x3f, 0x00, 0x00, 0x40, 0x3e,
  0x00, 0x00, 0x84, 0xbe, 0x00, 0x00, 0xf0, 0xbe, 0x00, 0x00, 0xf8, 0xbe,
  0x00, 0x00, 0xe4, 0xbe, 0x00, 0x00, 0xdc, 0xbe, 0x00, 0x00, 0xcc, 0xbe,
  0x00, 0x00, 0x90, 0xbe, 0x00, 0x00, 0xc0, 0xbc, 0x00, 0x00, 0xa0, 0x3e,
  0x00, 0x00, 0x12, 0x3f, 0x00, 0x00, 0x1a, 0x3f, 0x00, 0x00, 0xb4, 0x3e,
  0x00, 0x00, 0xb0, 0xbd, 0x00, 0x00, 0xd8, 0xbe, 0x00, 0x00, 0xbc, 0xbe,
  0x00, 0x00, 0xd0, 0x3d, 0x00, 0x00, 0x1c, 0x3f, 0x00, 0x00, 0x24, 0x3f,
  0x00, 0x00, 0x08, 0x3e, 0x00, 0x00, 0xec, 0xbe, 0x00, 0x00, 0x24, 0xbf,
  0x00, 0x00, 0xbc, 0xbe, 0x00, 0x00, 0x80, 0x3c, 0x00, 0x00, 0x70, 0x3e,
  0x00, 0x00, 0xac, 0x3e, 0x00, 0x00, 0xd4, 0x3e, 0x00, 0x00, 0xe4, 0x3e,
  0x00, 0x00, 0xb8, 0x3e, 0x00, 0x00, 0x60, 0x3e, 0x00, 0x00, 0xe0, 0x3d,
  0x00, 0x00, 0xc0, 0xbc, 0x00, 0x00, 0x70, 0xbe, 0x00, 0x00, 0xe8, 0xbe,
  0x00, 0x00, 0x0a, 0xbf, 0x00, 0x00, 0xfc, 0xbe, 0x00, 0x00, 0xe0, 0xbe,
  0x00, 0x00, 0xe0, 0xbe, 0x00, 0x00, 0xc4, 0xbe, 0x00, 0x00, 0x88, 0xbe,
  0x00, 0x00, 0x50, 0xbe, 0x00, 0x00, 0x8c, 0xbe, 0x00, 0x00, 0xb8, 0xbe,
  0x00, 0x00, 0xbc, 0xbe, 0x00, 0x00, 0xb4, 0xbe, 0x00, 0x00, 0xe0, 0xbe,
  0x00, 0x00, 0x0a, 0xbf, 0x00, 0x00, 0x00, 0xbf, 0x00, 0x00, 0xb4, 0xbe,
  0x00, 0x00, 0x98, 0xbe, 0x00, 0x00, 0xc0, 0xbe, 0x00, 0x00, 0xd4, 0xbe,
  0x00, 0x00, 0xb0, 0xbe, 0x00, 0x00, 0xa0, 0xbe, 0x00, 0x00, 0xc0, 0xbe,
  0x00, 0x00, 0x84, 0xbe, 0x00, 0x00, 0x60, 0x3e, 0x00, 0x00, 0x34, 0x3f,
  0x00, 0x00, 0x28, 0x3f, 0x00, 0x00, 0xc0, 0x3d, 0x00, 0x00, 0x9c, 0xbe,
  0x00, 0x00, 0xa0, 0xbd, 0x00, 0x00, 0xcc, 0x3e, 0x00, 0x00, 0xe4, 0x3e,
  0x00, 0x00, 0x20, 0x3d, 0x00, 0x00, 0x38, 0xbe, 0x00, 0x00, 0xe0, 0x3d,
  0x00, 0x00, 0xf0, 0x3e, 0x00, 0x00, 0xa0, 0x3e, 0x00, 0x00, 0x68, 0xbe,
  0x00, 0x00, 0xdc, 0xbe, 0x00, 0x00, 0x40, 0x3d, 0x00, 0x00, 0x3e, 0x3f,
  0x00, 0x00, 0x7e, 0x3f, 0x00, 0x00, 0x30, 0x3f, 0x00, 0x00, 0x9c, 0x3e,
  0x00, 0x00, 0x78, 0x3e, 0x00, 0x00, 0xd0, 0x3e, 0x00, 0x00, 0x00, 0x3f,
  0x00, 0x00, 0xf4, 0x3e, 0x00, 0x00, 0x06, 0x3f, 0x00, 0x00, 0x2a, 0x3f,
  0x00, 0x00, 0x1e, 0x3f, 0x00, 0x00, 0x50, 0x3e, 0x00, 0x00, 0xac, 0xbe,
  0x00, 0x00, 0xe8, 0xbe, 0x00, 0x00, 0xc0, 0xbc, 0x00, 0x00, 0xf8, 0x3e,
  0x00, 0x00, 0xfc, 0x3e, 0x00, 0x00, 0xc0, 0x3c, 0x00, 0x00, 0xa0, 0xbe,
  0x00, 0x00, 0xc0, 0xbd, 0x00, 0x00, 0xb8, 0x3e, 0x00, 0x00, 0xc8, 0x3e,
  0x00, 0x00, 0x90, 0xbd, 0x00, 0x00, 0xd4, 0xbe, 0x00, 0x00, 0xe0, 0xbd,
  0x00, 0x00, 0x0a, 0x3f, 0x00, 0x00, 0x48, 0x3f, 0x00, 0x00, 0x94, 0x3e,
  0x00, 0x00, 0xdc, 0xbe, 0x00, 0x00, 0x38, 0xbf, 0x00, 0x00, 0x06, 0xbf,
  0x00, 0x00, 0x90, 0xbe, 0x00, 0x00, 0x88, 0xbe, 0x00, 0x00, 0x98, 0xbe,
  0x00, 0x00, 0x30, 0xbe, 0x00, 0x00, 0xc0, 0x3c, 0x00, 0x00, 0x80, 0x3d,
  0x00, 0x00, 0x80, 0xbc, 0x00, 0x00, 0x00, 0x00, 0x00, 0x00, 0x18, 0x3e,
  0x00, 0x00, 0x70, 0x3e, 0x00, 0x00, 0x18, 0x3e, 0x00, 0x00, 0x80, 0x3d,
  0x00, 0x00, 0x08, 0x3e, 0x00, 0x00, 0x60, 0x3e, 0x00, 0x00, 0xe0, 0x3d,
  0x00, 0x00, 0xf0, 0xbd, 0x00, 0x00, 0x68, 0xbe, 0x00, 0x00, 0x58, 0xbe,
  0x00, 0x00, 0x9c, 0xbe, 0x00, 0x00, 0xfc, 0xbe, 0x00, 0x00, 0xd0, 0xbe,
  0x00, 0x00, 0x00, 0x3e, 0x00, 0x00, 0x28, 0x3f, 0x00, 0x00, 0x1c, 0x3f,
  0x00, 0x00, 0x90, 0x3d, 0x00, 0x00, 0x94, 0xbe, 0x00, 0x00, 0xd0, 0xbd,
  0x00, 0x00, 0x8c, 0x3e, 0x00, 0x00, 0x9c, 0x3e, 0x00, 0x00, 0x40, 0x3d,
  0x00, 0x00, 0x20, 0xbd, 0x00, 0x00, 0x08, 0x3e, 0x00, 0x00, 0x60, 0x3e,
  0x00, 0x00, 0x00, 0x3d, 0x00, 0x00, 0xc0, 0xbd, 0x00, 0x00, 0x00, 0x3e,
  0x00, 0x00, 0xc4, 0x3e, 0x00, 0x00, 0x48, 0x3e, 0x00, 0x00, 0xac, 0xbe,
  0x00, 0x00, 0x14, 0xbf, 0x00, 0x00, 0x38, 0xbe, 0x00, 0x00, 0xf4, 0x3e,
  0x00, 0x00, 0x4c, 0x3f, 0x00, 0x00, 0x30, 0x3f, 0x00, 0x00, 0x0c, 0x3f,
  0x00, 0x00, 0x22, 0x3f, 0x00, 0x00, 0x44, 0x3f, 0x00, 0x00, 0x32, 0x3f,
  0x00, 0x00, 0xf4, 0x3e, 0x00, 0x00, 0x9c, 0x3e, 0x00, 0x00, 0x30, 0x3e,
  0x00, 0x00, 0xc0, 0xbd, 0x00, 0x00, 0xe8, 0xbe, 0x00, 0x00, 0x08, 0xbf,
  0x00, 0x00, 0xf0, 0xbd, 0x00, 0x00, 0xf0, 0x3e, 0x00, 0x00, 0x1a, 0x3f,
  0x00, 0x00, 0x18, 0x3e, 0x00, 0x00, 0xb0, 0xbe, 0x00, 0x00, 0x94, 0xbe,
  0x00, 0x00, 0x38, 0x3e, 0x00, 0x00, 0xcc, 0x3e, 0x00, 0x00, 0xc0, 0x3d,
  0x00, 0x00, 0x84, 0xbe, 0x00, 0x00, 0x08, 0xbe, 0x00, 0x00, 0x90, 0x3e,
  0x00, 0x00, 0xa4, 0x3e, 0x00, 0x00, 0x20, 0xbe, 0x00, 0x00, 0xfc, 0xbe,
  0x00, 0x00, 0x00, 0xbe, 0x00, 0x00, 0x18, 0x3f, 0x00, 0x00, 0x56, 0x3f,
  0x00, 0x00, 0xb4, 0x3e, 0x00, 0x00, 0x9c, 0xbe, 0x00, 0x00, 0x0e, 0xbf,
  0x00, 0x00, 0xec, 0xbe, 0x00, 0x00, 0xdc, 0xbe, 0x00, 0x00, 0x0c, 0xbf,
  0x00, 0x00, 0x18, 0xbf, 0x00, 0x00, 0xf8, 0xbe, 0x00, 0x00, 0xd0, 0xbe,
  0x00, 0x00, 0xf8, 0xbe, 0x00, 0x00, 0x14, 0xbf, 0x00, 0x00, 0x06, 0xbf,
  0x00, 0x00, 0xd0, 0xbe, 0x00, 0x00, 0xb8, 0xbe, 0x00, 0x00, 0xa0, 0xbe,
  0x00, 0x00, 0x60, 0xbd, 0x00, 0x00, 0xc0, 0x3e, 0x00, 0x00, 0x2c, 0x3f,
  0x00, 0x00, 0x0e, 0x3f, 0x00, 0x00, 0x08, 0x3e, 0x00, 0x00, 0x58, 0xbe,
  0x00, 0x00, 0x50, 0xbe, 0x00, 0x00, 0xc0, 0x3d, 0x00, 0x00, 0xac, 0x3e,
  0x00, 0x00, 0x90, 0x3e, 0x00, 0x00, 0x00, 0x3d, 0x00, 0x00, 0xf0, 0xbd,
  0x00, 0x00, 0x80, 0x3c, 0x00, 0x00, 0x80, 0x3e, 0x00, 0x00, 0x90, 0x3e,
  0x00, 0x00, 0x90, 0x3d, 0x00, 0x00, 0xd0, 0xbd, 0x00, 0x00, 0x00, 0xbc,
  0x00, 0x00, 0x84, 0x3e, 0x00, 0x00, 0xb4, 0x3e, 0x00, 0x00, 0xe0, 0x3d,
  0x00, 0x00, 0x88, 0xbe, 0x00, 0x00, 0xdc, 0xbe, 0x00, 0x00, 0x48, 0xbe,
  0x00, 0x00, 0xa0, 0x3e, 0x00, 0x00, 0x40, 0x3f, 0x00, 0x00, 0x5a, 0x3f,
  0x00, 0x00, 0x26, 0x3f, 0x00, 0x00, 0xd4, 0x3e, 0x00, 0x00, 0xb8, 0x3e,
  0x00, 0x00, 0xd0, 0x3e, 0x00, 0x00, 0xc0, 0x3e, 0x00, 0x00, 0x84, 0x3e,
  0x00, 0x00, 0x88, 0x3e, 0x00, 0x00, 0xe8, 0x3e, 0x00, 0x00, 0x1c, 0x3f,
  0x00, 0x00, 0x18, 0x3f, 0x00, 0x00, 0x04, 0x3f, 0x00, 0x00, 0xf8, 0x3e,
  0x00, 0x00, 0xac, 0x3e, 0x00, 0x00, 0xd0, 0xbd, 0x00, 0x00, 0x0e, 0xbf,
  0x00, 0x00, 0xfc, 0xbe, 0x00, 0x00, 0xc0, 0x3d, 0x00, 0x00, 0x0c, 0x3f,
  0x00, 0x00, 0xa8, 0x3e, 0x00, 0x00, 0x68, 0xbe, 0x00, 0x00, 0xbc, 0xbe,
  0x00, 0x00, 0xc0, 0x3c, 0x00, 0x00, 0xa0, 0x3e, 0x00, 0x00, 0xd0, 0x3d,
  0x00, 0x00, 0x68, 0xbe, 0x00, 0x00, 0x00, 0xbe, 0x00, 0x00, 0x70, 0x3e,
  0x00, 0x00, 0x68, 0x3e, 0x00, 0x00, 0x70, 0xbe, 0x00, 0x00, 0x00, 0xbf,
  0x00, 0x00, 0xa0, 0xbd, 0x00, 0x00, 0x1a, 0x3f, 0x00, 0x00, 0x42, 0x3f,
  0x00, 0x00, 0x68, 0x3e, 0x00, 0x00, 0xc4, 0xbe, 0x00, 0x00, 0x0c, 0xbf,
  0x00, 0x00, 0xd0, 0xbe, 0x00, 0x00, 0xcc, 0xbe, 0x00, 0x00, 0x10, 0xbf,
  0x00, 0x00, 0x1e, 0xbf, 0x00, 0x00, 0xdc, 0xbe, 0x00, 0x00, 0x58, 0xbe,
  0x00, 0x00, 0xb0, 0xbd, 0x00, 0x00, 0xc0, 0x3d, 0x00, 0x00, 0xe4, 0x3e,
  0x00, 0x00, 0x2e, 0x3f, 0x00, 0x00, 0xd4, 0x3e, 0x00, 0x00, 0x40, 0xbe,
  0x00, 0x00, 0x04, 0xbf, 0x00, 0x00, 0x58, 0xbe, 0x00, 0x00, 0x98, 0x3e,
  0x00, 0x00, 0xc8, 0x3e, 0x00, 0x00, 0xc0, 0x3c, 0x00, 0x00, 0x78, 0xbe,
  0x00, 0x00, 0xb0, 0xbd, 0x00, 0x00, 0x30, 0x3e, 0x00, 0x00, 0x00, 0x3e,
  0x00, 0x00, 0xa0, 0xbd, 0x00, 0x00, 0x40, 0xbd, 0x00, 0x00, 0x30, 0x3e,
  0x00, 0x00, 0x00, 0x3e, 0x00, 0x00, 0x8c, 0xbe, 0x00, 0x00, 0xec, 0xbe,
  0x00, 0x00, 0x80, 0xbc, 0x00, 0x00, 0x2e, 0x3f, 0x00, 0x00, 0x68, 0x3f,
  0x00, 0x00, 0x06, 0x3f, 0x00, 0x00, 0xb0, 0x3d, 0x00, 0x00, 0x00, 0x3d,
  0x00, 0x00, 0x20, 0x3e, 0x00, 0x00, 0x00, 0x3e, 0x00, 0x00, 0x20, 0xbd,
  0x00, 0x00, 0x20, 0xbd, 0x00, 0x00, 0xf0, 0x3d, 0x00, 0x00, 0x40, 0x3e,
  0x00, 0x00, 0xc0, 0x3d, 0x00, 0x00, 0x40, 0x3d, 0x00, 0x00, 0x18, 0x3e,
  0x00, 0x00, 0x70, 0x3e, 0x00, 0x00, 0x48, 0x3e, 0x00, 0x00, 0x00, 0x3e,
  0x00, 0x00, 0x48, 0x3e, 0x00, 0x00, 0xa8, 0x3e, 0x00, 0x00, 0xc8, 0x3e,
  0x00, 0x00, 0xc0, 0x3e, 0x00, 0x00, 0xd4, 0x3e, 0x00, 0x00, 0x00, 0x3f,
  0x00, 0x00, 0x0a, 0x3f, 0x00, 0x00, 0x06, 0x3f, 0x00, 0x00, 0x10, 0x3f,
  0x00, 0x00, 0x24, 0x3f, 0x00, 0x00, 0x24, 0x3f, 0x00, 0x00, 0x0c, 0x3f,
  0x00, 0x00, 0x02, 0x3f, 0x00, 0x00, 0x14, 0x3f, 0x00, 0x00, 0x20, 0x3f,
  0x00, 0x00, 0x0e, 0x3f, 0x00, 0x00, 0xfc, 0x3e, 0x00, 0x00, 0x04, 0x3f,
  0x00, 0x00, 0x00, 0x3f, 0x00, 0x00, 0xb0, 0x3e, 0x00, 0x00, 0x18, 0x3e,
  0x00, 0x00, 0xe0, 0x3d, 0x00, 0x00, 0xd0, 0x3d
};
unsigned int src_GRIT_bin_len = 32768;
