unsigned char src_OBOE_bin[] = {
  0xff, 0xff, 0x45, 0x3c, 0x01, 0x00, 0xfa, 0x3c, 0xff, 0x7f, 0x45, 0x3d,
  0x00, 0xc0, 0x86, 0x3d, 0x00, 0xe0, 0xab, 0x3d, 0xfd, 0x5f, 0xcf, 0x3d,
  0xfb, 0x9f, 0xf2, 0x3d, 0xfe, 0x6f, 0x0b, 0x3e, 0x02, 0xc0, 0x1c, 0x3e,
  0xfd, 0xef, 0x2d, 0x3e, 0x02, 0xe0, 0x3e, 0x3e, 0xfd, 0x3f, 0x50, 0x3e,
  0x03, 0xd0, 0x60, 0x3e, 0x02, 0x30, 0x71, 0x3e, 0x02, 0xf0, 0x80, 0x3e,
  0x01, 0xe0, 0x88, 0x3e, 0xff, 0xa7, 0x90, 0x3e, 0x00, 0xa0, 0x98, 0x3e,
  0x00, 0x30, 0xa0, 0x3e, 0xff, 0x97, 0xa7, 0x3e, 0x02, 0x28, 0xaf, 0x3e,
  0xff, 0x57, 0xb6, 0x3e, 0xfe, 0x5f, 0xbd, 0x3e, 0xff, 0x47, 0xc4, 0x3e,
  0xff, 0x4f, 0xcb, 0x3e, 0x01, 0xf0, 0xd1, 0x3e, 0xff, 0x77, 0xd8, 0x3e,
  0x01, 0x18, 0xdf, 0x3e, 0x00, 0x58, 0xe5, 0x3e, 0x00, 0x78, 0xeb, 0x3e,
  0x00, 0xb0, 0xf1, 0x3e, 0x01, 0x88, 0xf7, 0x3e, 0xff, 0x47, 0xfd, 0x3e,
  0x00, 0x8e, 0x01, 0x3f, 0x01, 0x4a, 0x04, 0x3f, 0x01, 0xf6, 0x06, 0x3f,
  0xff, 0x91, 0x09, 0x3f, 0x00, 0x36, 0x0c, 0x3f, 0x00, 0xb6, 0x0e, 0x3f,
  0x00, 0x26, 0x11, 0x3f, 0xff, 0x9d, 0x13, 0x3f, 0x00, 0xf6, 0x15, 0x3f,
  0xff, 0x3d, 0x18, 0x3f, 0xff, 0x8d, 0x1a, 0x3f, 0x00, 0xc2, 0x1c, 0x3f,
  0x00, 0xe6, 0x1e, 0x3f, 0xff, 0x15, 0x21, 0x3f, 0x00, 0x26, 0x23, 0x3f,
  0x00, 0x2a, 0x25, 0x3f, 0xff, 0x21, 0x27, 0x3f, 0x00, 0x26, 0x29, 0x3f,
  0xff, 0x09, 0x2b, 0x3f, 0x01, 0xea, 0x2c, 0x3f, 0x00, 0xce, 0x2e, 0x3f,
  0x00, 0x9e, 0x30, 0x3f, 0x00, 0x66, 0x32, 0x3f, 0x00, 0x36, 0x34, 0x3f,
  0x00, 0xf2, 0x35, 0x3f, 0x00, 0xa6, 0x37, 0x3f, 0x00, 0x56, 0x39, 0x3f,
  0x00, 0x12, 0x3b, 0x3f, 0xff, 0xb9, 0x3c, 0x3f, 0x00, 0x5e, 0x3e, 0x3f,
  0x00, 0x0a, 0x40, 0x3f, 0x00, 0xa6, 0x41, 0x3f, 0x01, 0x3a, 0x43, 0x3f,
  0x01, 0xde, 0x44, 0x3f, 0xff, 0x69, 0x46, 0x3f, 0x00, 0xf6, 0x47, 0x3f,
  0x00, 0x8e, 0x49, 0x3f, 0x00, 0x12, 0x4b, 0x3f, 0x00, 0x92, 0x4c, 0x3f,
  0x00, 0x0e, 0x4e, 0x3f, 0x00, 0x9a, 0x4f, 0x3f, 0x00, 0x12, 0x51, 0x3f,
  0x00, 0x86, 0x52, 0x3f, 0x01, 0x06, 0x54, 0x3f, 0x00, 0x76, 0x55, 0x3f,
  0x00, 0xe2, 0x56, 0x3f, 0x00, 0x5a, 0x58, 0x3f, 0x01, 0xc2, 0x59, 0x3f,
  0xff, 0x21, 0x5b, 0x3f, 0x00, 0x8a, 0x5c, 0x3f, 0xff, 0xe1, 0x5d, 0x3f,
  0x00, 0x32, 0x5f, 0x3f, 0x00, 0x7a, 0x60, 0x3f, 0x00, 0xca, 0x61, 0x3f,
  0x00, 0x06, 0x63, 0x3f, 0x00, 0x36, 0x64, 0x3f, 0x00, 0x6e, 0x65, 0x3f,
  0x00, 0x92, 0x66, 0x3f, 0xff, 0xa9, 0x67, 0x3f, 0x00, 0xca, 0x68, 0x3f,
  0xff, 0xd5, 0x69, 0x3f, 0x00, 0xda, 0x6a, 0x3f, 0x00, 0xde, 0x6b, 0x3f,
  0x00, 0xd6, 0x6c, 0x3f, 0x01, 0xc2, 0x6d, 0x3f, 0x00, 0xaa, 0x6e, 0x3f,
  0xff, 0x91, 0x6f, 0x3f, 0xff, 0x69, 0x70, 0x3f, 0x00, 0x3e, 0x71, 0x3f,
  0x00, 0x0e, 0x72, 0x3f, 0xff, 0xd1, 0x72, 0x3f, 0x00, 0x8e, 0x73, 0x3f,
  0x01, 0x4a, 0x74, 0x3f, 0x00, 0xfa, 0x74, 0x3f, 0xff, 0x9d, 0x75, 0x3f,
  0x00, 0x46, 0x76, 0x3f, 0x01, 0xde, 0x76, 0x3f, 0x00, 0x6e, 0x77, 0x3f,
  0xff, 0xf9, 0x77, 0x3f, 0xff, 0x81, 0x78, 0x3f, 0xff, 0xfd, 0x78, 0x3f,
  0x00, 0x76, 0x79, 0x3f, 0x00, 0xea, 0x79, 0x3f, 0x00, 0x52, 0x7a, 0x3f,
  0x01, 0xb2, 0x7a, 0x3f, 0x00, 0x12, 0x7b, 0x3f, 0x00, 0x6a, 0x7b, 0x3f,
  0x00, 0xba, 0x7b, 0x3f, 0x00, 0x02, 0x7c, 0x3f, 0x00, 0x46, 0x7c, 0x3f,
  0x00, 0x7e, 0x7c, 0x3f, 0x01, 0xb2, 0x7c, 0x3f, 0x00, 0xe2, 0x7c, 0x3f,
  0x00, 0x06, 0x7d, 0x3f, 0xff, 0x21, 0x7d, 0x3f, 0x00, 0x36, 0x7d, 0x3f,
  0x00, 0x3e, 0x7d, 0x3f, 0xff, 0x41, 0x7d, 0x3f, 0x01, 0x3a, 0x7d, 0x3f,
  0x01, 0x2e, 0x7d, 0x3f, 0x00, 0x12, 0x7d, 0x3f, 0x00, 0xf2, 0x7c, 0x3f,
  0xff, 0xc5, 0x7c, 0x3f, 0x00, 0x92, 0x7c, 0x3f, 0x00, 0x5a, 0x7c, 0x3f,
  0x01, 0x12, 0x7c, 0x3f, 0x00, 0xca, 0x7b, 0x3f, 0x00, 0x7a, 0x7b, 0x3f,
  0x00, 0x1e, 0x7b, 0x3f, 0x01, 0xbe, 0x7a, 0x3f, 0x00, 0x5a, 0x7a, 0x3f,
  0xff, 0xed, 0x79, 0x3f, 0x01, 0x7e, 0x79, 0x3f, 0xff, 0x09, 0x79, 0x3f,
  0x00, 0x8a, 0x78, 0x3f, 0x00, 0x0a, 0x78, 0x3f, 0x00, 0x82, 0x77, 0x3f,
  0x01, 0xf6, 0x76, 0x3f, 0x00, 0x5a, 0x76, 0x3f, 0x00, 0xbe, 0x75, 0x3f,
  0x00, 0x1a, 0x75, 0x3f, 0x01, 0x62, 0x74, 0x3f, 0xff, 0xa9, 0x73, 0x3f,
  0x00, 0xe6, 0x72, 0x3f, 0x00, 0x0e, 0x72, 0x3f, 0x00, 0x32, 0x71, 0x3f,
  0x01, 0x4a, 0x70, 0x3f, 0xff, 0x4d, 0x6f, 0x3f, 0x00, 0x4e, 0x6e, 0x3f,
  0x00, 0x3e, 0x6d, 0x3f, 0xff, 0x25, 0x6c, 0x3f, 0x01, 0xf6, 0x6a, 0x3f,
  0x00, 0xc6, 0x69, 0x3f, 0x00, 0x86, 0x68, 0x3f, 0x00, 0x32, 0x67, 0x3f,
  0x00, 0xde, 0x65, 0x3f, 0x00, 0x7a, 0x64, 0x3f, 0xff, 0xfd, 0x62, 0x3f,
  0x00, 0x86, 0x61, 0x3f, 0x00, 0x02, 0x60, 0x3f, 0x01, 0x6e, 0x5e, 0x3f,
  0xff, 0xc5, 0x5c, 0x3f, 0x00, 0x1e, 0x5b, 0x3f, 0x00, 0x6a, 0x59, 0x3f,
  0x00, 0x9a, 0x57, 0x3f, 0x01, 0xce, 0x55, 0x3f, 0x00, 0xf6, 0x53, 0x3f,
  0x01, 0x06, 0x52, 0x3f, 0x00, 0x16, 0x50, 0x3f, 0x00, 0x22, 0x4e, 0x3f,
  0x00, 0x0a, 0x4c, 0x3f, 0x00, 0xfe, 0x49, 0x3f, 0x00, 0xe6, 0x47, 0x3f,
  0x00, 0xc6, 0x45, 0x3f, 0x00, 0x86, 0x43, 0x3f, 0x00, 0x52, 0x41, 0x3f,
  0xff, 0x15, 0x3f, 0x3f, 0x00, 0xb6, 0x3c, 0x3f, 0x01, 0x62, 0x3a, 0x3f,
  0x01, 0x06, 0x38, 0x3f, 0x01, 0x8a, 0x35, 0x3f, 0x00, 0x1e, 0x33, 0x3f,
  0x00, 0xaa, 0x30, 0x3f, 0x00, 0x16, 0x2e, 0x3f, 0xff, 0x91, 0x2b, 0x3f,
  0x00, 0x0e, 0x29, 0x3f, 0xff, 0x81, 0x26, 0x3f, 0xff, 0xd5, 0x23, 0x3f,
  0xff, 0x41, 0x21, 0x3f, 0x00, 0xae, 0x1e, 0x3f, 0xff, 0xf9, 0x1b, 0x3f,
  0x00, 0x5e, 0x19, 0x3f, 0x00, 0xc2, 0x16, 0x3f, 0x00, 0x0a, 0x14, 0x3f,
  0x00, 0x6a, 0x11, 0x3f, 0xff, 0xc5, 0x0e, 0x3f, 0x01, 0x06, 0x0c, 0x3f,
  0x00, 0x56, 0x09, 0x3f, 0x00, 0xa2, 0x06, 0x3f, 0x00, 0xe6, 0x03, 0x3f,
  0x00, 0x06, 0x01, 0x3f, 0x00, 0x70, 0xfc, 0x3e, 0x00, 0xc0, 0xf6, 0x3e,
  0xff, 0xbf, 0xf0, 0x3e, 0x01, 0xe8, 0xea, 0x3e, 0x00, 0xf8, 0xe4, 0x3e,
  0xff, 0xaf, 0xde, 0x3e, 0x01, 0x98, 0xd8, 0x3e, 0x00, 0x68, 0xd2, 0x3e,
  0x01, 0xf8, 0xcb, 0x3e, 0x01, 0xc0, 0xc5, 0x3e, 0xff, 0x7f, 0xbf, 0x3e,
  0xff, 0x47, 0xb9, 0x3e, 0x00, 0xd8, 0xb2, 0x3e, 0x00, 0xb8, 0xac, 0x3e,
  0x00, 0xa8, 0xa6, 0x3e, 0xff, 0x77, 0xa0, 0x3e, 0x02, 0xa0, 0x9a, 0x3e,
  0x01, 0xe0, 0x94, 0x3e, 0xfe, 0x0f, 0x8f, 0x3e, 0x01, 0x90, 0x89, 0x3e,
  0x01, 0x28, 0x84, 0x3e, 0xfe, 0x5f, 0x7d, 0x3e, 0x01, 0x00, 0x73, 0x3e,
  0x03, 0xd0, 0x68, 0x3e, 0x00, 0xc0, 0x5e, 0x3e, 0xfe, 0x7f, 0x54, 0x3e,
  0xff, 0xaf, 0x4a, 0x3e, 0xfe, 0xef, 0x40, 0x3e, 0x02, 0xe0, 0x36, 0x3e,
  0x03, 0x40, 0x2d, 0x3e, 0xfd, 0x9f, 0x23, 0x3e, 0xff, 0x9f, 0x19, 0x3e,
  0x00, 0x00, 0x10, 0x3e, 0x01, 0x60, 0x06, 0x3e, 0x01, 0xe0, 0xf8, 0x3d,
  0xfe, 0xbf, 0xe5, 0x3d, 0x04, 0xc0, 0xd2, 0x3d, 0x00, 0x00, 0xc0, 0x3d,
  0x01, 0x80, 0xac, 0x3d, 0x00, 0x20, 0x9a, 0x3d, 0x00, 0xc0, 0x87, 0x3d,
  0x00, 0x40, 0x6a, 0x3d, 0xff, 0xff, 0x46, 0x3d, 0x01, 0x40, 0x24, 0x3d,
  0x01, 0xc0, 0x00, 0x3d, 0x00, 0x00, 0xbf, 0x3c, 0x01, 0x00, 0x7c, 0x3c,
  0x00, 0x00, 0xf2, 0x3b, 0x02, 0x00, 0x40, 0xb9, 0xff, 0xff, 0xf7, 0xbb,
  0x02, 0x00, 0x72, 0xbc, 0x02, 0x00, 0xb5, 0xbc, 0xfe, 0xff, 0xed, 0xbc,
  0x01, 0xc0, 0x12, 0xbd, 0xff, 0xbf, 0x2e, 0xbd, 0x00, 0x40, 0x49, 0xbd,
  0xff, 0x7f, 0x63, 0xbd, 0x00, 0x00, 0x7e, 0xbd, 0xff, 0x7f, 0x8b, 0xbd,
  0xff, 0xdf, 0x97, 0xbd, 0x01, 0x80, 0xa4, 0xbd, 0x00, 0x80, 0xb0, 0xbd,
  0x01, 0x40, 0xbc, 0xbd, 0xff, 0xdf, 0xc7, 0xbd, 0x06, 0xc0, 0xd3, 0xbd,
  0x02, 0xe0, 0xde, 0xbd, 0x03, 0xe0, 0xe9, 0xbd, 0xff, 0xff, 0xf4, 0xbd,
  0xfd, 0x5f, 0xff, 0xbd, 0x02, 0xc0, 0x04, 0xbe, 0x03, 0xe0, 0x09, 0xbe,
  0xfe, 0x9f, 0x0e, 0xbe, 0x00, 0x30, 0x13, 0xbe, 0x03, 0xc0, 0x17, 0xbe,
  0x03, 0x00, 0x1c, 0xbe, 0xfe, 0x0f, 0x20, 0xbe, 0x01, 0xe0, 0x23, 0xbe,
  0x01, 0xa0, 0x27, 0xbe, 0x03, 0x20, 0x2b, 0xbe, 0x03, 0x80, 0x2e, 0xbe,
  0x03, 0xe0, 0x31, 0xbe, 0x01, 0x20, 0x35, 0xbe, 0x02, 0x50, 0x38, 0xbe,
  0xfd, 0x9f, 0x3b, 0xbe, 0x00, 0xf0, 0x3e, 0xbe, 0x00, 0x50, 0x42, 0xbe,
  0x02, 0xd0, 0x45, 0xbe, 0x01, 0x90, 0x49, 0xbe, 0xfe, 0x5f, 0x4d, 0xbe,
  0xff, 0x6f, 0x51, 0xbe, 0xfe, 0xbf, 0x55, 0xbe, 0xfe, 0x2f, 0x5a, 0xbe,
  0x00, 0xc0, 0x5e, 0xbe, 0x00, 0x90, 0x63, 0xbe, 0xff, 0x5f, 0x68, 0xbe,
  0x03, 0x40, 0x6d, 0xbe, 0xfe, 0x5f, 0x72, 0xbe, 0xfd, 0x5f, 0x77, 0xbe,
  0xfe, 0x4f, 0x7c, 0xbe, 0x01, 0x98, 0x80, 0xbe, 0x01, 0x18, 0x83, 0xbe,
  0xff, 0x6f, 0x85, 0xbe, 0xff, 0xbf, 0x87, 0xbe, 0xff, 0x0f, 0x8a, 0xbe,
  0xfe, 0x37, 0x8c, 0xbe, 0x00, 0x50, 0x8e, 0xbe, 0x00, 0x70, 0x90, 0xbe,
  0xff, 0x6f, 0x92, 0xbe, 0xff, 0x5f, 0x94, 0xbe, 0x01, 0x60, 0x96, 0xbe,
  0x01, 0x40, 0x98, 0xbe, 0x00, 0x20, 0x9a, 0xbe, 0x01, 0xf8, 0x9b, 0xbe,
  0x00, 0xe0, 0x9d, 0xbe, 0xfe, 0xaf, 0x9f, 0xbe, 0xff, 0x87, 0xa1, 0xbe,
  0x01, 0x70, 0xa3, 0xbe, 0x01, 0x50, 0xa5, 0xbe, 0x00, 0x30, 0xa7, 0xbe,
  0x01, 0x20, 0xa9, 0xbe, 0x01, 0x00, 0xab, 0xbe, 0xfe, 0xd7, 0xac, 0xbe,
  0xff, 0xc7, 0xae, 0xbe, 0x00, 0xa0, 0xb0, 0xbe, 0x01, 0x78, 0xb2, 0xbe,
  0xff, 0x47, 0xb4, 0xbe, 0x00, 0x20, 0xb6, 0xbe, 0x01, 0xe0, 0xb7, 0xbe,
  0x00, 0x98, 0xb9, 0xbe, 0xff, 0x4f, 0xbb, 0xbe, 0x02, 0xf0, 0xbc, 0xbe,
  0xfe, 0x87, 0xbe, 0xbe, 0xff, 0x1f, 0xc0, 0xbe, 0x00, 0x98, 0xc1, 0xbe,
  0x00, 0x08, 0xc3, 0xbe, 0xff, 0x77, 0xc4, 0xbe, 0xff, 0xcf, 0xc5, 0xbe,
  0xff, 0x1f, 0xc7, 0xbe, 0xff, 0x5f, 0xc8, 0xbe, 0xff, 0x9f, 0xc9, 0xbe,
  0xff, 0xc7, 0xca, 0xbe, 0x00, 0xe8, 0xcb, 0xbe, 0xff, 0xff, 0xcc, 0xbe,
  0x00, 0x08, 0xce, 0xbe, 0x01, 0x00, 0xcf, 0xbe, 0x01, 0xf8, 0xcf, 0xbe,
  0xfe, 0xd7, 0xd0, 0xbe, 0x00, 0xb0, 0xd1, 0xbe, 0x00, 0x80, 0xd2, 0xbe,
  0x01, 0x40, 0xd3, 0xbe, 0x01, 0xf8, 0xd3, 0xbe, 0x01, 0x98, 0xd4, 0xbe,
  0x01, 0x38, 0xd5, 0xbe, 0x00, 0xc8, 0xd5, 0xbe, 0xff, 0x3f, 0xd6, 0xbe,
  0xff, 0xaf, 0xd6, 0xbe, 0xfe, 0x0f, 0xd7, 0xbe, 0x00, 0x60, 0xd7, 0xbe,
  0x01, 0xa0, 0xd7, 0xbe, 0x00, 0xd0, 0xd7, 0xbe, 0x00, 0xe8, 0xd7, 0xbe,
  0x01, 0xf8, 0xd7, 0xbe, 0x01, 0xf8, 0xd7, 0xbe, 0x01, 0xe0, 0xd7, 0xbe,
  0xff, 0xbf, 0xd7, 0xbe, 0x00, 0x90, 0xd7, 0xbe, 0x01, 0x58, 0xd7, 0xbe,
  0xfe, 0x0f, 0xd7, 0xbe, 0x01, 0xb8, 0xd6, 0xbe, 0x01, 0x60, 0xd6, 0xbe,
  0x00, 0xf8, 0xd5, 0xbe, 0xff, 0x87, 0xd5, 0xbe, 0x00, 0x10, 0xd5, 0xbe,
  0xff, 0x8f, 0xd4, 0xbe, 0x01, 0x10, 0xd4, 0xbe, 0x01, 0x88, 0xd3, 0xbe,
  0xff, 0xf7, 0xd2, 0xbe, 0x00, 0x68, 0xd2, 0xbe, 0xff, 0xcf, 0xd1, 0xbe,
  0x01, 0x38, 0xd1, 0xbe, 0x01, 0x98, 0xd0, 0xbe, 0x01, 0xf8, 0xcf, 0xbe,
  0x01, 0x58, 0xcf, 0xbe, 0x01, 0xb8, 0xce, 0xbe, 0xff, 0x0f, 0xce, 0xbe,
  0x02, 0x78, 0xcd, 0xbe, 0xfe, 0xd7, 0xcc, 0xbe, 0x01, 0x40, 0xcc, 0xbe,
  0x00, 0xa8, 0xcb, 0xbe, 0xff, 0x1f, 0xcb, 0xbe, 0xff, 0x97, 0xca, 0xbe,
  0xff, 0x0f, 0xca, 0xbe, 0x01, 0x90, 0xc9, 0xbe, 0x01, 0x20, 0xc9, 0xbe,
  0x01, 0xb0, 0xc8, 0xbe, 0x02, 0x50, 0xc8, 0xbe, 0xff, 0xef, 0xc7, 0xbe,
  0xff, 0x97, 0xc7, 0xbe, 0x00, 0x48, 0xc7, 0xbe, 0x01, 0x00, 0xc7, 0xbe,
  0x01, 0xb8, 0xc6, 0xbe, 0x00, 0x80, 0xc6, 0xbe, 0x00, 0x50, 0xc6, 0xbe,
  0x00, 0x20, 0xc6, 0xbe, 0x02, 0x00, 0xc6, 0xbe, 0x00, 0xe0, 0xc5, 0xbe,
  0xff, 0xcf, 0xc5, 0xbe, 0x00, 0xc8, 0xc5, 0xbe, 0x00, 0xc8, 0xc5, 0xbe,
  0x00, 0xe0, 0xc5, 0xbe, 0xff, 0x0f, 0xc6, 0xbe, 0x00, 0x50, 0xc6, 0xbe,
  0x00, 0xa8, 0xc6, 0xbe, 0x01, 0x18, 0xc7, 0xbe, 0xfe, 0xaf, 0xc7, 0xbe,
  0xff, 0x5f, 0xc8, 0xbe, 0xff, 0x2f, 0xc9, 0xbe, 0x01, 0x30, 0xca, 0xbe,
  0xff, 0x4f, 0xcb, 0xbe, 0xff, 0x8f, 0xcc, 0xbe, 0x02, 0x00, 0xce, 0xbe,
  0xff, 0x7f, 0xcf, 0xbe, 0x00, 0x28, 0xd1, 0xbe, 0xff, 0xf7, 0xd2, 0xbe,
  0xfe, 0xd7, 0xd4, 0xbe, 0x00, 0xd8, 0xd6, 0xbe, 0x02, 0xf0, 0xd8, 0xbe,
  0x00, 0x30, 0xdb, 0xbe, 0x02, 0x78, 0xdd, 0xbe, 0x00, 0xd0, 0xdf, 0xbe,
  0xff, 0x57, 0xe2, 0xbe, 0xfe, 0xd7, 0xe4, 0xbe, 0xff, 0x67, 0xe7, 0xbe,
  0x01, 0x30, 0xea, 0xbe, 0xff, 0xe7, 0xec, 0xbe, 0x01, 0xb8, 0xef, 0xbe,
  0x01, 0xb8, 0xf2, 0xbe, 0xff, 0xb7, 0xf5, 0xbe, 0xff, 0xbf, 0xf8, 0xbe,
  0x01, 0xe0, 0xfb, 0xbe, 0x00, 0x30, 0xff, 0xbe, 0x01, 0x3a, 0x01, 0xbf,
  0x00, 0xe2, 0x02, 0xbf, 0x01, 0xa6, 0x04, 0xbf, 0x00, 0x5e, 0x06, 0xbf,
  0x01, 0x1e, 0x08, 0xbf, 0xff, 0xf9, 0x09, 0xbf, 0x00, 0xca, 0x0b, 0xbf,
  0xff, 0x9d, 0x0d, 0xbf, 0x01, 0x8a, 0x0f, 0xbf, 0x00, 0x6a, 0x11, 0xbf,
  0x00, 0x56, 0x13, 0xbf, 0x01, 0x46, 0x15, 0xbf, 0x00, 0x56, 0x17, 0xbf,
  0x00, 0x5e, 0x19, 0xbf, 0x01, 0x72, 0x1b, 0xbf, 0x00, 0xa6, 0x1d, 0xbf,
  0xff, 0xd5, 0x1f, 0xbf, 0x00, 0x16, 0x22, 0xbf, 0x00, 0x7a, 0x24, 0xbf,
  0x00, 0xda, 0x26, 0xbf, 0x01, 0x46, 0x29, 0xbf, 0x01, 0xda, 0x2b, 0xbf,
  0x00, 0x66, 0x2e, 0xbf, 0x00, 0xfa, 0x30, 0xbf, 0x00, 0x9a, 0x33, 0xbf,
  0x00, 0x5a, 0x36, 0xbf, 0xff, 0x09, 0x39, 0xbf, 0x00, 0xba, 0x3b, 0xbf,
  0x00, 0x86, 0x3e, 0xbf, 0x01, 0x3a, 0x41, 0xbf, 0x00, 0xea, 0x43, 0xbf,
  0x01, 0xb2, 0x46, 0xbf, 0x00, 0x56, 0x49, 0xbf, 0x00, 0xf6, 0x4b, 0xbf,
  0x00, 0xa2, 0x4e, 0xbf, 0x00, 0x36, 0x51, 0xbf, 0x00, 0xbe, 0x53, 0xbf,
  0xff, 0x3d, 0x56, 0xbf, 0x00, 0xce, 0x58, 0xbf, 0x01, 0x3a, 0x5b, 0xbf,
  0x01, 0x96, 0x5d, 0xbf, 0x00, 0xfe, 0x5f, 0xbf, 0x00, 0x42, 0x62, 0xbf,
  0x00, 0x72, 0x64, 0xbf, 0x01, 0xa6, 0x66, 0xbf, 0x01, 0xb2, 0x68, 0xbf,
  0x00, 0xaa, 0x6a, 0xbf, 0x00, 0x9e, 0x6c, 0xbf, 0xff, 0x69, 0x6e, 0xbf,
  0x00, 0x22, 0x70, 0xbf, 0x00, 0xbe, 0x71, 0xbf, 0x00, 0x52, 0x73, 0xbf,
  0x01, 0xbe, 0x74, 0xbf, 0x00, 0x16, 0x76, 0xbf, 0x00, 0x62, 0x77, 0xbf,
  0xff, 0x8d, 0x78, 0xbf, 0xff, 0xa9, 0x79, 0xbf, 0xff, 0xb9, 0x7a, 0xbf,
  0x00, 0xae, 0x7b, 0xbf, 0x00, 0x92, 0x7c, 0xbf, 0x01, 0x72, 0x7d, 0xbf,
  0x00, 0x36, 0x7e, 0xbf, 0x01, 0xea, 0x7e, 0xbf, 0xff, 0x91, 0x7f, 0xbf,
  0x00, 0xfe, 0x7f, 0xbf, 0x00, 0xfe, 0x7f, 0xbf, 0x00, 0xfe, 0x7f, 0xbf,
  0x00, 0xfe, 0x7f, 0xbf, 0x00, 0xfe, 0x7f, 0xbf, 0x00, 0xfe, 0x7f, 0xbf,
  0x00, 0xfe, 0x7f, 0xbf, 0x00, 0xfe, 0x7f, 0xbf, 0x00, 0xfe, 0x7f, 0xbf,
  0x00, 0xfe, 0x7f, 0xbf, 0x00, 0xfe, 0x7f, 0xbf, 0x00, 0xfe, 0x7f, 0xbf,
  0x00, 0xfe, 0x7f, 0xbf, 0x01, 0x3a, 0x7f, 0xbf, 0x01, 0x4a, 0x7e, 0xbf,
  0x00, 0x36, 0x7d, 0xbf, 0x00, 0xf6, 0x7b, 0xbf, 0x00, 0xa2, 0x7a, 0xbf,
  0x00, 0x2a, 0x79, 0xbf, 0x00, 0x82, 0x77, 0xbf, 0x00, 0xca, 0x75, 0xbf,
  0x00, 0xf6, 0x73, 0xbf, 0x00, 0xfe, 0x71, 0xbf, 0x01, 0xda, 0x6f, 0xbf,
  0xff, 0xa9, 0x6d, 0xbf, 0x00, 0x5e, 0x6b, 0xbf, 0x00, 0xe2, 0x68, 0xbf,
  0x00, 0x5e, 0x66, 0xbf, 0x00, 0xbe, 0x63, 0xbf, 0x01, 0xea, 0x60, 0xbf,
  0x00, 0x16, 0x5e, 0xbf, 0x00, 0x26, 0x5b, 0xbf, 0x00, 0xfe, 0x57, 0xbf,
  0x00, 0xda, 0x54, 0xbf, 0x00, 0x9a, 0x51, 0xbf, 0x00, 0x46, 0x4e, 0xbf,
  0x00, 0xb6, 0x4a, 0xbf, 0x01, 0x2e, 0x47, 0xbf, 0xff, 0x91, 0x43, 0xbf,
  0x00, 0xba, 0x3f, 0xbf, 0xff, 0xed, 0x3b, 0xbf, 0x00, 0x0e, 0x38, 0xbf,
  0x00, 0xf6, 0x33, 0xbf, 0x00, 0xea, 0x2f, 0xbf, 0x01, 0xce, 0x2b, 0xbf,
  0x00, 0x76, 0x27, 0xbf, 0x00, 0x36, 0x23, 0xbf, 0x00, 0xe6, 0x1e, 0xbf,
  0xff, 0x81, 0x1a, 0xbf, 0x00, 0xea, 0x15, 0xbf, 0x00, 0x6e, 0x11, 0xbf,
  0x00, 0xe6, 0x0c, 0xbf, 0xff, 0x25, 0x08, 0xbf, 0x00, 0x86, 0x03, 0xbf,
  0x01, 0xc0, 0xfd, 0xbe, 0xff, 0x07, 0xf4, 0xbe, 0xff, 0x97, 0xea, 0xbe,
  0x01, 0x20, 0xe1, 0xbe, 0xff, 0x37, 0xd7, 0xbe, 0x01, 0xa8, 0xcd, 0xbe,
  0xff, 0x07, 0xc4, 0xbe, 0x01, 0x60, 0xba, 0xbe, 0x00, 0x58, 0xb0, 0xbe,
  0x02, 0xa0, 0xa6, 0xbe, 0x02, 0xf0, 0x9c, 0xbe, 0x00, 0xd8, 0x92, 0xbe,
  0x00, 0x28, 0x89, 0xbe, 0x00, 0xf0, 0x7e, 0xbe, 0x01, 0xd0, 0x6a, 0xbe,
  0xff, 0x7f, 0x57, 0xbe, 0x01, 0x40, 0x44, 0xbe, 0x02, 0x50, 0x30, 0xbe,
  0xff, 0x2f, 0x1d, 0xbe, 0xfe, 0x2f, 0x0a, 0xbe, 0xfa, 0x5f, 0xee, 0xbd,
  0x00, 0x40, 0xc7, 0xbd, 0x00, 0xa0, 0xa1, 0xbd, 0x01, 0x80, 0x78, 0xbd,
  0xff, 0x3f, 0x2b, 0xbd, 0x02, 0x80, 0xc2, 0xbc, 0x01, 0x00, 0xbc, 0xbb,
  0x02, 0x80, 0x85, 0x3c, 0x00, 0x40, 0x36, 0x3d, 0x00, 0xe0, 0x9a, 0x3d,
  0x04, 0x40, 0xe0, 0x3d, 0xff, 0x6f, 0x11, 0x3e, 0x03, 0xe0, 0x31, 0x3e,
  0x02, 0x50, 0x53, 0x3e, 0x00, 0xd0, 0x74, 0x3e, 0x00, 0x30, 0x8c, 0x3e,
  0xff, 0x7f, 0x9f, 0x3e, 0x00, 0xa8, 0xb2, 0x3e, 0x00, 0xf8, 0xc5, 0x3e,
  0x01, 0x30, 0xda, 0x3e, 0xfe, 0x5f, 0xed, 0x3e, 0x01, 0x9c, 0xff, 0x3e,
  0x00, 0x36, 0x08, 0x3f, 0x00, 0x66, 0x10, 0x3f, 0x01, 0x4a, 0x18, 0x3f,
  0x00, 0x96, 0x20, 0x3f, 0x00, 0x82, 0x29, 0x3f, 0x00, 0xfe, 0x31, 0x3f,
  0xff, 0xe1, 0x39, 0x3f, 0xff, 0x4d, 0x41, 0x3f, 0xff, 0xd5, 0x47, 0x3f,
  0x00, 0xd2, 0x4d, 0x3f, 0xff, 0x4d, 0x53, 0x3f, 0x00, 0x7e, 0x58, 0x3f,
  0x00, 0x32, 0x5d, 0x3f, 0x00, 0xc6, 0x61, 0x3f, 0x00, 0x66, 0x66, 0x3f,
  0x01, 0xa6, 0x6a, 0x3f, 0xff, 0x8d, 0x6e, 0x3f, 0x00, 0x3a, 0x72, 0x3f,
  0xff, 0x59, 0x75, 0x3f, 0x00, 0xfe, 0x77, 0x3f, 0x01, 0x2a, 0x7a, 0x3f,
  0x00, 0xbe, 0x7b, 0x3f, 0x00, 0xfa, 0x7c, 0x3f, 0x00, 0x02, 0x7e, 0x3f,
  0x00, 0xda, 0x7e, 0x3f, 0x00, 0x82, 0x7f, 0x3f, 0x00, 0xfe, 0x7f, 0x3f,
  0x00, 0xfe, 0x7f, 0x3f, 0x00, 0xfe, 0x7f, 0x3f, 0x00, 0xfe, 0x7f, 0x3f,
  0x01, 0x02, 0x7f, 0x3f, 0x00, 0x32, 0x7d, 0x3f, 0x00, 0x06, 0x7b, 0x3f,
  0xff, 0xc5, 0x78, 0x3f, 0x00, 0xae, 0x76, 0x3f, 0x00, 0x7a, 0x74, 0x3f,
  0x01, 0xda, 0x71, 0x3f, 0x00, 0x7e, 0x6e, 0x3f, 0x01, 0xbe, 0x6a, 0x3f,
  0x01, 0xa6, 0x66, 0x3f, 0x00, 0x36, 0x62, 0x3f, 0xff, 0xb5, 0x5d, 0x3f,
  0x01, 0xea, 0x58, 0x3f, 0x00, 0x76, 0x53, 0x3f, 0x00, 0xb2, 0x4d, 0x3f,
  0x01, 0x8a, 0x47, 0x3f, 0x01, 0xde, 0x40, 0x3f, 0xff, 0x3d, 0x3a, 0x3f,
  0xff, 0x65, 0x33, 0x3f, 0x00, 0x3a, 0x2c, 0x3f, 0x00, 0x5e, 0x24, 0x3f,
  0x00, 0x66, 0x1c, 0x3f, 0x00, 0xfe, 0x13, 0x3f, 0xff, 0xc5, 0x0a, 0x3f,
  0x00, 0x5e, 0x01, 0x3f, 0x00, 0x30, 0xef, 0x3e, 0x00, 0xa8, 0xda, 0x3e,
  0x01, 0x00, 0xc7, 0x3e, 0x00, 0x90, 0xb3, 0x3e, 0x01, 0x40, 0x9f, 0x3e,
  0x01, 0x40, 0x8b, 0x3e, 0x02, 0xd0, 0x6d, 0x3e, 0xfd, 0xdf, 0x44, 0x3e,
  0xfd, 0xbf, 0x1a, 0x3e, 0xfa, 0x7f, 0xe5, 0x3d, 0x00, 0x40, 0x97, 0x3d,
  0x01, 0xc0, 0x11, 0x3d, 0x00, 0x00, 0xe0, 0x39, 0x00, 0xc0, 0x06, 0xbd,
  0x00, 0x00, 0x87, 0xbd, 0x00, 0x20, 0xc6, 0xbd, 0xfd, 0xaf, 0x01, 0xbe,
  0xfe, 0x0f, 0x20, 0xbe, 0xfd, 0x9f, 0x3b, 0xbe, 0x03, 0x40, 0x55, 0xbe,
  0xfd, 0xdf, 0x6c, 0xbe, 0x00, 0xc8, 0x81, 0xbe, 0x00, 0xd0, 0x8b, 0xbe,
  0x01, 0x08, 0x95, 0xbe, 0x01, 0xc0, 0x9d, 0xbe, 0x00, 0x80, 0xa5, 0xbe,
  0xff, 0xa7, 0xac, 0xbe, 0xff, 0x4f, 0xb3, 0xbe, 0xff, 0xbf, 0xb8, 0xbe,
  0x01, 0x20, 0xbd, 0xbe, 0x01, 0x80, 0xc0, 0xbe, 0xff, 0xaf, 0xc2, 0xbe,
  0xff, 0xd7, 0xc3, 0xbe, 0x01, 0xf8, 0xc3, 0xbe, 0xff, 0xf7, 0xc2, 0xbe,
  0xfe, 0xd7, 0xc0, 0xbe, 0x00, 0x98, 0xbd, 0xbe, 0x00, 0x10, 0xb9, 0xbe,
  0x00, 0x90, 0xb3, 0xbe, 0x02, 0xf0, 0xac, 0xbe, 0x00, 0xf8, 0xa4, 0xbe,
  0x00, 0x70, 0x9c, 0xbe, 0x00, 0x48, 0x93, 0xbe, 0x00, 0x40, 0x89, 0xbe,
  0xff, 0x0f, 0x7e, 0xbe, 0xff, 0x5f, 0x68, 0xbe, 0xff, 0x6f, 0x51, 0xbe,
  0xff, 0xbf, 0x38, 0xbe, 0x03, 0xd0, 0x20, 0xbe, 0xff, 0x6f, 0x09, 0xbe,
  0x05, 0x20, 0xe4, 0xbd, 0x01, 0x60, 0xb8, 0xbd, 0x00, 0x80, 0x8d, 0xbd,
  0x01, 0xc0, 0x43, 0xbd, 0xff, 0xff, 0xe4, 0xbc, 0xff, 0xff, 0x0f, 0xbc,
  0xff, 0xff, 0x26, 0x3c, 0x02, 0x80, 0xe2, 0x3c, 0x01, 0x40, 0x34, 0x3d,
  0x00, 0x00, 0x72, 0x3d, 0x00, 0x40, 0x96, 0x3d, 0x01, 0x20, 0xb0, 0x3d,
  0x01, 0xa0, 0xc8, 0x3d, 0xff, 0xbf, 0xe0, 0x3d, 0x00, 0xc0, 0xf6, 0x3d,
  0xfd, 0xef, 0x05, 0x3e, 0xfd, 0x6f, 0x10, 0x3e, 0xfe, 0x2f, 0x1a, 0x3e,
  0x02, 0x80, 0x23, 0x3e, 0xfe, 0xaf, 0x2c, 0x3e, 0xff, 0x2f, 0x35, 0x3e,
  0x03, 0x40, 0x3d, 0x3e, 0xfe, 0xaf, 0x44, 0x3e, 0xff, 0xbf, 0x4b, 0x3e,
  0x01, 0xf0, 0x51, 0x3e, 0xfe, 0x0f, 0x58, 0x3e, 0x03, 0xb0, 0x5e, 0x3e,
  0x01, 0x50, 0x65, 0x3e, 0xff, 0xbf, 0x6b, 0x3e, 0xff, 0x9f, 0x71, 0x3e,
  0x01, 0x60, 0x76, 0x3e, 0xfe, 0x2f, 0x7a, 0x3e, 0xff, 0x2f, 0x7d, 0x3e,
  0xff, 0x4f, 0x7f, 0x3e, 0xfe, 0x37, 0x80, 0x3e, 0x01, 0x68, 0x80, 0x3e,
  0xff, 0x47, 0x80, 0x3e, 0xfe, 0xaf, 0x7f, 0x3e, 0xfd, 0xef, 0x7d, 0x3e,
  0x01, 0xd0, 0x7a, 0x3e, 0x01, 0x60, 0x76, 0x3e, 0xff, 0x8f, 0x70, 0x3e,
  0xfe, 0xef, 0x68, 0x3e, 0xfe, 0x0f, 0x60, 0x3e, 0xfe, 0x8f, 0x55, 0x3e,
  0xff, 0x6f, 0x49, 0x3e, 0x01, 0x00, 0x3b, 0x3e, 0x02, 0x50, 0x2b, 0x3e,
  0xfe, 0xff, 0x19, 0x3e, 0xfe, 0x9f, 0x06, 0x3e, 0xfa, 0x7f, 0xe5, 0x3d,
  0x00, 0xa0, 0xbb, 0x3d, 0x00, 0xa0, 0x8d, 0x3d, 0xff, 0x3f, 0x3e, 0x3d,
  0xfe, 0x7f, 0xba, 0x3c, 0x00, 0x00, 0x34, 0xbb, 0xff, 0xff, 0xe7, 0xbc,
  0x01, 0x40, 0x60, 0xbd, 0xff, 0x5f, 0xa7, 0xbd, 0xff, 0xbf, 0xe0, 0xbd,
  0x01, 0xe0, 0x0b, 0xbe, 0xfd, 0xff, 0x26, 0xbe, 0xfd, 0xbf, 0x42, 0xbe,
  0x03, 0x40, 0x5d, 0xbe, 0xff, 0x4f, 0x77, 0xbe, 0x01, 0xe0, 0x88, 0xbe,
  0x00, 0x28, 0x95, 0xbe, 0x00, 0xf8, 0xa0, 0xbe, 0x01, 0xb0, 0xac, 0xbe,
  0xff, 0x97, 0xb7, 0xbe, 0x00, 0x20, 0xc2, 0xbe, 0x01, 0x40, 0xcc, 0xbe,
  0x00, 0x08, 0xd6, 0xbe, 0xff, 0x97, 0xde, 0xbe, 0x01, 0x30, 0xe6, 0xbe,
  0xff, 0x47, 0xed, 0xbe, 0xff, 0xbf, 0xf3, 0xbe, 0x01, 0xf0, 0xf9, 0xbe,
  0x01, 0x06, 0x00, 0xbf, 0x00, 0xb6, 0x02, 0xbf, 0x00, 0x1a, 0x05, 0xbf,
  0x01, 0x46, 0x07, 0xbf, 0xff, 0xfd, 0x08, 0xbf, 0x01, 0x4a, 0x0a, 0xbf,
  0x00, 0x1e, 0x0b, 0xbf, 0x01, 0x96, 0x0b, 0xbf, 0xff, 0xd5, 0x0b, 0xbf,
  0x00, 0xf6, 0x0b, 0xbf, 0x00, 0xf2, 0x0b, 0xbf, 0x00, 0xa6, 0x0b, 0xbf,
  0x01, 0xf6, 0x0a, 0xbf, 0x01, 0xda, 0x09, 0xbf, 0x00, 0x7a, 0x08, 0xbf,
  0x00, 0xe2, 0x06, 0xbf, 0xff, 0x09, 0x05, 0xbf, 0xff, 0x09, 0x03, 0xbf,
  0x01, 0xbe, 0x00, 0xbf, 0x00, 0x30, 0xfc, 0xbe, 0xff, 0x0f, 0xf6, 0xbe,
  0x02, 0xc8, 0xef, 0xbe, 0xff, 0x47, 0xe9, 0xbe, 0x01, 0x60, 0xe2, 0xbe,
  0xff, 0xbf, 0xdb, 0xbe, 0x01, 0x68, 0xd5, 0xbe, 0xff, 0x67, 0xcf, 0xbe,
  0x00, 0xe0, 0xc9, 0xbe, 0x00, 0xd0, 0xc3, 0xbe, 0x01, 0x68, 0xbc, 0xbe,
  0xff, 0x47, 0xb4, 0xbe, 0x00, 0xe8, 0xab, 0xbe, 0x00, 0x18, 0xa4, 0xbe,
  0xff, 0xbf, 0x9c, 0xbe, 0x00, 0x20, 0x96, 0xbe, 0x01, 0xb8, 0x8f, 0xbe,
  0xff, 0x17, 0x89, 0xbe, 0x00, 0xa8, 0x82, 0xbe, 0xfd, 0x5f, 0x77, 0xbe,
  0x02, 0x10, 0x67, 0xbe, 0x01, 0x50, 0x55, 0xbe, 0xff, 0xdf, 0x42, 0xbe,
  0x03, 0xa0, 0x30, 0xbe, 0x02, 0x50, 0x20, 0xbe, 0x01, 0xb0, 0x10, 0xbe,
  0x03, 0xd0, 0x00, 0xbe, 0x03, 0x80, 0xde, 0xbd, 0xff, 0x3f, 0xbb, 0xbd,
  0xff, 0x1f, 0x97, 0xbd, 0x01, 0x40, 0x63, 0xbd, 0xff, 0x3f, 0x1b, 0xbd,
  0x02, 0x80, 0xa5, 0xbc, 0xfe, 0xff, 0xd7, 0xba, 0xff, 0xff, 0x87, 0x3c,
  0x00, 0x80, 0x0e, 0x3d, 0x00, 0xc0, 0x57, 0x3d, 0x00, 0xa0, 0x8b, 0x3d,
  0x00, 0x80, 0xa8, 0x3d, 0xff, 0x7f, 0xc3, 0x3d, 0x06, 0x20, 0xdf, 0x3d,
  0xfa, 0xbf, 0xf9, 0x3d, 0x03, 0x10, 0x0a, 0x3e, 0x02, 0xf0, 0x17, 0x3e,
  0x00, 0x80, 0x25, 0x3e, 0xfe, 0x0f, 0x33, 0x3e, 0x02, 0xf0, 0x3f, 0x3e,
  0x00, 0x50, 0x4a, 0x3e, 0xff, 0xaf, 0x52, 0x3e, 0xfe, 0xff, 0x59, 0x3e,
  0x01, 0x90, 0x61, 0x3e, 0x02, 0x30, 0x69, 0x3e, 0x03, 0xd0, 0x70, 0x3e,
  0x02, 0x20, 0x78, 0x3e, 0x03, 0x50, 0x7e, 0x3e, 0x01, 0xd8, 0x81, 0x3e,
  0x01, 0x10, 0x84, 0x3e, 0x00, 0x98, 0x85, 0x3e, 0xfe, 0x87, 0x86, 0x3e,
  0x00, 0xd8, 0x86, 0x3e, 0xff, 0x6f, 0x86, 0x3e, 0xff, 0x47, 0x85, 0x3e,
  0xff, 0x97, 0x83, 0x3e, 0x01, 0xa8, 0x81, 0x3e, 0x00, 0xd0, 0x7f, 0x3e,
  0x03, 0x60, 0x7c, 0x3e, 0x02, 0x20, 0x78, 0x3e, 0x02, 0xa0, 0x72, 0x3e,
  0x02, 0xb0, 0x6b, 0x3e, 0x02, 0x50, 0x63, 0x3e, 0x00, 0x80, 0x5a, 0x3e,
  0x00, 0x10, 0x51, 0x3e, 0xfd, 0xff, 0x46, 0x3e, 0x00, 0xe0, 0x3d, 0x3e,
  0xfd, 0xef, 0x35, 0x3e, 0xff, 0x4f, 0x2f, 0x3e, 0x03, 0xd0, 0x28, 0x3e,
  0xff, 0xcf, 0x21, 0x3e, 0x01, 0xc0, 0x19, 0x3e, 0x01, 0xe0, 0x10, 0x3e,
  0x03, 0xa0, 0x08, 0x3e, 0x00, 0x10, 0x01, 0x3e, 0x02, 0x80, 0xf3, 0x3d,
  0xfd, 0x1f, 0xe6, 0x3d, 0xfc, 0xff, 0xd8, 0x3d, 0xff, 0x7f, 0xcb, 0x3d,
  0x00, 0x80, 0xbe, 0x3d, 0x00, 0x40, 0xb1, 0x3d, 0xff, 0xbf, 0xa3, 0x3d,
  0x00, 0x40, 0x95, 0x3d, 0xff, 0x1f, 0x87, 0x3d, 0x01, 0xc0, 0x71, 0x3d,
  0xff, 0x7f, 0x54, 0x3d, 0xff, 0x7f, 0x37, 0x3d, 0x01, 0x00, 0x1a, 0x3d,
  0xff, 0x7f, 0xf4, 0x3c, 0xff, 0x7f, 0xb8, 0x3c, 0x03, 0x80, 0x80, 0x3c,
  0x00, 0x00, 0x1c, 0x3c, 0xff, 0xff, 0x85, 0x3b, 0x00, 0x00, 0x98, 0xba,
  0x01, 0x00, 0xe0, 0xbb, 0x02, 0x00, 0x55, 0xbc, 0xfe, 0x7f, 0x9a, 0xbc,
  0x02, 0x80, 0xc6, 0xbc, 0x00, 0x80, 0xee, 0xbc, 0x00, 0xc0, 0x08, 0xbd,
  0x00, 0xc0, 0x18, 0xbd, 0x01, 0x80, 0x28, 0xbd, 0xff, 0x7f, 0x36, 0xbd,
  0xff, 0xff, 0x42, 0xbd, 0x00, 0x80, 0x4e, 0xbd, 0xff, 0x7f, 0x57, 0xbd,
  0x01, 0x40, 0x60, 0xbd, 0x00, 0xc0, 0x69, 0xbd, 0x00, 0x40, 0x75, 0xbd,
  0x00, 0x40, 0x80, 0xbd, 0x01, 0xc0, 0x84, 0xbd, 0x00, 0x80, 0x87, 0xbd,
  0x00, 0x40, 0x88, 0xbd, 0xff, 0xdf, 0x87, 0xbd, 0x00, 0xa0, 0x86, 0xbd,
  0x01, 0x80, 0x84, 0xbd, 0x00, 0xc0, 0x81, 0xbd, 0xff, 0xbf, 0x7c, 0xbd,
  0xff, 0x7f, 0x75, 0xbd, 0x01, 0x00, 0x6d, 0xbd, 0x01, 0x40, 0x62, 0xbd,
  0x01, 0x40, 0x54, 0xbd, 0x01, 0xc0, 0x43, 0xbd, 0x00, 0x00, 0x31, 0xbd,
  0x01, 0x00, 0x1b, 0xbd, 0x01, 0x40, 0x03, 0xbd, 0xff, 0x7f, 0xd5, 0xbc,
  0xff, 0xff, 0xa4, 0xbc, 0xfc, 0xff, 0x78, 0xbc, 0xfd, 0xff, 0x2e, 0xbc,
  0x00, 0x00, 0xc0, 0xbb, 0x00, 0x00, 0x30, 0xba, 0x00, 0x00, 0xa6, 0x3b,
  0xfc, 0xff, 0x34, 0x3c, 0x01, 0x80, 0x8b, 0x3c, 0x01, 0x00, 0xb8, 0x3c,
  0x00, 0x00, 0xe2, 0x3c, 0x00, 0xc0, 0x05, 0x3d, 0x01, 0x80, 0x18, 0x3d,
  0x01, 0x00, 0x2a, 0x3d, 0x00, 0xc0, 0x3a, 0x3d, 0x00, 0x40, 0x49, 0x3d,
  0xff, 0xff, 0x55, 0x3d, 0x00, 0x80, 0x62, 0x3d, 0x00, 0x00, 0x6f, 0x3d,
  0xff, 0xbf, 0x7c, 0x3d, 0x00, 0x40, 0x85, 0x3d, 0x00, 0x60, 0x8b, 0x3d,
  0xff, 0x5f, 0x8f, 0x3d, 0x00, 0xc0, 0x91, 0x3d, 0x00, 0x20, 0x93, 0x3d,
  0x01, 0x80, 0x94, 0x3d, 0x00, 0xe0, 0x95, 0x3d, 0x00, 0xe0, 0x96, 0x3d,
  0x00, 0x00, 0x97, 0x3d, 0x00, 0xe0, 0x95, 0x3d, 0x00, 0xa0, 0x93, 0x3d,
  0x00, 0x00, 0x91, 0x3d, 0x00, 0x40, 0x8e, 0x3d, 0x00, 0x60, 0x8b, 0x3d,
  0x00, 0xc0, 0x87, 0x3d, 0x00, 0x60, 0x83, 0x3d, 0xff, 0x3f, 0x7c, 0x3d,
  0x00, 0x80, 0x6f, 0x3d, 0x01, 0xc0, 0x62, 0x3d, 0xff, 0x7f, 0x55, 0x3d,
  0xff, 0x7f, 0x47, 0x3d, 0x00, 0xc0, 0x39, 0x3d, 0xff, 0x3f, 0x2c, 0x3d,
  0xff, 0xbf, 0x1e, 0x3d, 0x00, 0x00, 0x10, 0x3d, 0x01, 0x40, 0x00, 0x3d,
  0xfe, 0x7f, 0xdd, 0x3c, 0xff, 0x7f, 0xb5, 0x3c, 0xfe, 0xff, 0x8b, 0x3c,
  0xfb, 0xff, 0x3c, 0x3c, 0x00, 0x00, 0xb2, 0x3b, 0x00, 0x00, 0xe0, 0xb9,
  0x00, 0x00, 0xc0, 0xbb, 0xfd, 0xff, 0x32, 0xbc, 0x03, 0x80, 0x80, 0xbc,
  0xfe, 0xff, 0xa9, 0xbc, 0x01, 0x00, 0xd9, 0xbc, 0x00, 0xc0, 0x06, 0xbd,
  0x01, 0x40, 0x21, 0xbd, 0xff, 0xbf, 0x3b, 0xbd, 0x01, 0x00, 0x58, 0xbd,
  0xff, 0xff, 0x72, 0xbd, 0x00, 0x00, 0x87, 0xbd, 0x00, 0xe0, 0x94, 0xbd,
  0x00, 0x00, 0xa2, 0xbd, 0x00, 0xe0, 0xae, 0xbd, 0x00, 0xe0, 0xbb, 0xbd,
  0x01, 0x20, 0xc8, 0xbd, 0x05, 0x20, 0xd4, 0xbd, 0x04, 0x40, 0xe0, 0xbd,
  0xfd, 0xdf, 0xec, 0xbd, 0x05, 0xc0, 0xf8, 0xbd, 0xff, 0xcf, 0x01, 0xbe,
  0x02, 0xe0, 0x06, 0xbe, 0x02, 0x50, 0x0b, 0xbe, 0x00, 0xd0, 0x0f, 0xbe,
  0x02, 0xc0, 0x14, 0xbe, 0x01, 0xc0, 0x19, 0xbe, 0xff, 0x3f, 0x1e, 0xbe,
  0x01, 0xc0, 0x21, 0xbe, 0xff, 0xef, 0x23, 0xbe, 0x00, 0x80, 0x25, 0xbe,
  0xff, 0x1f, 0x27, 0xbe, 0xfd, 0x4f, 0x29, 0xbe, 0x00, 0x90, 0x2b, 0xbe,
  0x00, 0x80, 0x2d, 0xbe, 0x00, 0xc0, 0x2e, 0xbe, 0xfd, 0x5f, 0x2f, 0xbe,
  0xff, 0x7f, 0x2f, 0xbe, 0x01, 0x40, 0x2f, 0xbe, 0xfe, 0x9f, 0x2e, 0xbe,
  0x02, 0xd0, 0x2d, 0xbe, 0xff, 0xff, 0x2c, 0xbe, 0x02, 0x90, 0x2c, 0xbe,
  0x03, 0x30, 0x2c, 0xbe, 0x00, 0x90, 0x2b, 0xbe, 0x02, 0x40, 0x2a, 0xbe,
  0xff, 0x5f, 0x28, 0xbe, 0xff, 0x0f, 0x26, 0xbe, 0xfd, 0x9f, 0x23, 0xbe,
  0x00, 0x40, 0x21, 0xbe, 0x02, 0xe0, 0x1e, 0xbe, 0xff, 0x1f, 0x1c, 0xbe,
  0x00, 0x40, 0x19, 0xbe, 0xfd, 0x1f, 0x16, 0xbe, 0xff, 0xaf, 0x12, 0xbe,
  0xfd, 0x5f, 0x0f, 0xbe, 0x03, 0x00, 0x0c, 0xbe, 0x01, 0xb0, 0x08, 0xbe,
  0x03, 0x40, 0x05, 0xbe, 0x03, 0x10, 0x02, 0xbe, 0x00, 0xe0, 0xfd, 0xbd,
  0x03, 0xc0, 0xf7, 0xbd, 0xfc, 0xdf, 0xf1, 0xbd, 0xfa, 0x3f, 0xec, 0xbd,
  0x04, 0x00, 0xe7, 0xbd, 0xff, 0xdf, 0xe2, 0xbd, 0xfc, 0xbf, 0xdf, 0xbd,
  0xfc, 0x3f, 0xdd, 0xbd, 0x00, 0x60, 0xdb, 0xbd, 0xfa, 0x1f, 0xda, 0xbd,
  0x05, 0x20, 0xd9, 0xbd, 0xfb, 0xdf, 0xd6, 0xbd, 0xfb, 0x9f, 0xd2, 0xbd,
  0x01, 0x40, 0xcc, 0xbd, 0x00, 0x00, 0xc6, 0xbd, 0x00, 0xa0, 0xc2, 0xbd,
  0x00, 0xe0, 0xc2, 0xbd, 0x00, 0xa0, 0xc5, 0xbd, 0x00, 0x00, 0xc9, 0xbd,
  0x01, 0x00, 0xcc, 0xbd, 0x02, 0xe0, 0xce, 0xbd, 0x07, 0x40, 0xd1, 0xbd,
  0xff, 0xdf, 0xd2, 0xbd, 0x06, 0xc0, 0xd3, 0xbd, 0x01, 0xe0, 0xd3, 0xbd,
  0x06, 0xc0, 0xd3, 0xbd, 0xf9, 0x5f, 0xd3, 0xbd, 0x04, 0xc0, 0xd2, 0xbd,
  0x01, 0xc0, 0xd1, 0xbd, 0xff, 0x5f, 0xd0, 0xbd, 0xfe, 0x9f, 0xce, 0xbd,
  0x00, 0xa0, 0xcc, 0xbd, 0x00, 0x80, 0xca, 0xbd, 0x01, 0x20, 0xc8, 0xbd,
  0x00, 0x60, 0xc6, 0xbd, 0x00, 0x80, 0xc5, 0xbd, 0x00, 0x00, 0xc6, 0xbd,
  0xff, 0x9f, 0xc7, 0xbd, 0x00, 0x20, 0xc9, 0xbd, 0x00, 0xc0, 0xc9, 0xbd,
  0x00, 0x80, 0xc9, 0xbd, 0x01, 0xa0, 0xc8, 0xbd, 0xff, 0x5f, 0xc7, 0xbd,
  0x00, 0xa0, 0xc5, 0xbd, 0xff, 0x7f, 0xc3, 0xbd, 0x00, 0x20, 0xc1, 0xbd,
  0x00, 0x60, 0xbe, 0xbd, 0xff, 0x3f, 0xbb, 0xbd, 0x00, 0x40, 0xb8, 0xbd,
  0x00, 0x60, 0xb5, 0xbd, 0x00, 0xc0, 0xb2, 0xbd, 0x00, 0x80, 0xb0, 0xbd,
  0x00, 0x60, 0xae, 0xbd, 0x00, 0x60, 0xac, 0xbd, 0x00, 0xc0, 0xaa, 0xbd,
  0x00, 0x60, 0xa9, 0xbd, 0x01, 0x60, 0xa8, 0xbd, 0x00, 0xc0, 0xa7, 0xbd,
  0x00, 0x40, 0xa7, 0xbd, 0x00, 0x80, 0xa6, 0xbd, 0x00, 0x80, 0xa5, 0xbd,
  0x00, 0xa0, 0xa4, 0xbd, 0x00, 0x60, 0xa4, 0xbd, 0x00, 0x20, 0xa5, 0xbd,
  0x00, 0x80, 0xa6, 0xbd, 0x00, 0x40, 0xa8, 0xbd, 0x00, 0x00, 0xaa, 0xbd,
  0x00, 0xe0, 0xab, 0xbd, 0x00, 0x20, 0xae, 0xbd, 0x00, 0x60, 0xb1, 0xbd,
  0x00, 0x60, 0xb5, 0xbd, 0x00, 0x20, 0xba, 0xbd, 0xff, 0x1f, 0xbf, 0xbd,
  0x01, 0xc0, 0xc4, 0xbd, 0x00, 0x40, 0xca, 0xbd, 0xfc, 0xbf, 0xcf, 0xbd,
  0xff, 0xff, 0xd4, 0xbd, 0xff, 0x9f, 0xd9, 0xbd, 0xfa, 0x5f, 0xde, 0xbd,
  0x01, 0xe0, 0xe3, 0xbd, 0xfa, 0x1f, 0xea, 0xbd, 0xfa, 0xdf, 0xf0, 0xbd,
  0xfd, 0x3f, 0xf8, 0xbd, 0x05, 0x80, 0xff, 0xbd, 0x02, 0x80, 0x03, 0xbe,
  0xfd, 0x2f, 0x07, 0xbe, 0x03, 0xf0, 0x0a, 0xbe, 0x03, 0x50, 0x0e, 0xbe,
  0xff, 0xcf, 0x11, 0xbe, 0x00, 0xe0, 0x15, 0xbe, 0x02, 0x70, 0x1a, 0xbe,
  0x01, 0x70, 0x1f, 0xbe, 0x02, 0xc0, 0x24, 0xbe, 0xff, 0x9f, 0x29, 0xbe,
  0x03, 0x50, 0x2e, 0xbe, 0x02, 0x50, 0x33, 0xbe, 0xff, 0x8f, 0x38, 0xbe,
  0x01, 0x60, 0x3e, 0xbe, 0xfe, 0x7f, 0x44, 0xbe, 0x01, 0xd0, 0x4a, 0xbe,
  0xff, 0xbf, 0x50, 0xbe, 0x01, 0x90, 0x56, 0xbe, 0x02, 0x90, 0x5c, 0xbe,
  0x00, 0x50, 0x62, 0xbe, 0x00, 0x00, 0x68, 0xbe, 0xfe, 0xbf, 0x6d, 0xbe,
  0x00, 0x30, 0x73, 0xbe, 0x01, 0x80, 0x78, 0xbe, 0x00, 0xb0, 0x7d, 0xbe,
  0x01, 0x38, 0x81, 0xbe, 0xff, 0x67, 0x83, 0xbe, 0xfe, 0x5f, 0x85, 0xbe,
  0x02, 0x28, 0x87, 0xbe, 0x00, 0x88, 0x88, 0xbe, 0x01, 0x90, 0x89, 0xbe,
  0xff, 0x27, 0x8a, 0xbe, 0x01, 0x18, 0x8a, 0xbe, 0xff, 0x47, 0x89, 0xbe,
  0xff, 0xd7, 0x87, 0xbe, 0x01, 0x48, 0x86, 0xbe, 0x01, 0xc8, 0x84, 0xbe,
  0xff, 0x37, 0x83, 0xbe, 0x01, 0x38, 0x81, 0xbe, 0x00, 0x70, 0x7c, 0xbe,
  0x01, 0x40, 0x74, 0xbe, 0x03, 0x10, 0x6a, 0xbe, 0xfd, 0x5f, 0x5f, 0xbe,
  0x01, 0x40, 0x54, 0xbe, 0x00, 0x00, 0x48, 0xbe, 0x00, 0x90, 0x3b, 0xbe,
  0x03, 0x80, 0x2e, 0xbe, 0xfd, 0x3f, 0x20, 0xbe, 0x01, 0xe0, 0x10, 0xbe,
  0x00, 0xe0, 0xfd, 0xbd, 0x04, 0x60, 0xd2, 0xbd, 0x00, 0x20, 0xa4, 0xbd,
  0x00, 0x40, 0x68, 0xbd, 0x01, 0x00, 0x09, 0xbd, 0x00, 0x00, 0x13, 0xbc,
  0x00, 0x00, 0x11, 0x3c, 0x00, 0x00, 0xdf, 0x3c, 0x00, 0xc0, 0x39, 0x3d,
  0x00, 0x00, 0x80, 0x3d, 0xff, 0xff, 0xa2, 0x3d, 0x01, 0x60, 0xc8, 0x3d,
  0x04, 0x20, 0xee, 0x3d, 0xff, 0xdf, 0x0a, 0x3e, 0xfd, 0x5f, 0x1f, 0x3e,
  0x01, 0x50, 0x35, 0x3e, 0x03, 0x20, 0x4b, 0x3e, 0x01, 0x90, 0x61, 0x3e,
  0xfd, 0x4f, 0x79, 0x3e, 0x00, 0x58, 0x88, 0x3e, 0x01, 0x40, 0x94, 0x3e,
  0x00, 0xf8, 0xa0, 0x3e, 0x00, 0x58, 0xad, 0x3e, 0xff, 0x87, 0xb9, 0x3e,
  0xff, 0x9f, 0xc5, 0x3e, 0xff, 0x77, 0xd0, 0x3e, 0x01, 0x48, 0xda, 0x3e,
  0xff, 0xdf, 0xe2, 0x3e, 0xff, 0x6f, 0xea, 0x3e, 0x01, 0xc8, 0xf0, 0x3e,
  0xff, 0x97, 0xf6, 0x3e, 0xff, 0x8f, 0xfc, 0x3e, 0x00, 0x5e, 0x01, 0x3f,
  0x00, 0xce, 0x04, 0x3f, 0x01, 0xde, 0x08, 0x3f, 0x00, 0x32, 0x0d, 0x3f,
  0x00, 0xc6, 0x11, 0x3f, 0x00, 0x8a, 0x16, 0x3f, 0x00, 0xe2, 0x1a, 0x3f,
  0x00, 0xc2, 0x1e, 0x3f, 0x00, 0xf2, 0x21, 0x3f, 0x00, 0x72, 0x24, 0x3f,
  0x01, 0x2a, 0x26, 0x3f, 0x00, 0x56, 0x27, 0x3f, 0xff, 0x25, 0x28, 0x3f,
  0x00, 0xb6, 0x28, 0x3f, 0x01, 0x3a, 0x29, 0x3f, 0x00, 0xe6, 0x29, 0x3f,
  0x00, 0xae, 0x2a, 0x3f, 0x00, 0x86, 0x2b, 0x3f, 0x00, 0x7a, 0x2c, 0x3f,
  0x01, 0x72, 0x2d, 0x3f, 0x00, 0x7e, 0x2e, 0x3f, 0x01, 0x96, 0x2f, 0x3f,
  0x00, 0xc2, 0x30, 0x3f, 0x00, 0xf6, 0x31, 0x3f, 0x00, 0x4a, 0x33, 0x3f,
  0x01, 0xb2, 0x34, 0x3f, 0xff, 0xed, 0x35, 0x3f, 0x00, 0xee, 0x36, 0x3f,
  0x01, 0x96, 0x37, 0x3f, 0x00, 0xbe, 0x37, 0x3f, 0x00, 0x5e, 0x37, 0x3f,
  0x00, 0x72, 0x36, 0x3f, 0x01, 0x2e, 0x35, 0x3f, 0x00, 0xca, 0x33, 0x3f,
  0x00, 0x72, 0x32, 0x3f, 0x00, 0x52, 0x31, 0x3f, 0x00, 0xae, 0x30, 0x3f,
  0xff, 0x8d, 0x30, 0x3f, 0x00, 0xe2, 0x30, 0x3f, 0x00, 0x86, 0x31, 0x3f,
  0x01, 0x4a, 0x32, 0x3f, 0x00, 0x06, 0x33, 0x3f, 0x01, 0x7e, 0x33, 0x3f,
  0xff, 0x91, 0x33, 0x3f, 0x01, 0x2e, 0x33, 0x3f, 0x01, 0x6e, 0x32, 0x3f,
  0x00, 0x6e, 0x31, 0x3f, 0x00, 0x4e, 0x30, 0x3f, 0x00, 0x2a, 0x2f, 0x3f,
  0xff, 0x3d, 0x2e, 0x3f, 0x01, 0x96, 0x2d, 0x3f, 0x01, 0x3a, 0x2d, 0x3f,
  0x00, 0x1e, 0x2d, 0x3f, 0x01, 0x2e, 0x2d, 0x3f, 0xff, 0x65, 0x2d, 0x3f,
  0x00, 0xa6, 0x2d, 0x3f, 0x00, 0xe6, 0x2d, 0x3f, 0x00, 0x0e, 0x2e, 0x3f,
  0x01, 0x2a, 0x2e, 0x3f, 0xff, 0x3d, 0x2e, 0x3f, 0xff, 0x3d, 0x2e, 0x3f,
  0x00, 0x1a, 0x2e, 0x3f, 0x01, 0xce, 0x2d, 0x3f, 0x01, 0x46, 0x2d, 0x3f,
  0x00, 0x7e, 0x2c, 0x3f, 0x00, 0x6e, 0x2b, 0x3f, 0x01, 0x1e, 0x2a, 0x3f,
  0x00, 0x8a, 0x28, 0x3f, 0x01, 0xde, 0x26, 0x3f, 0x00, 0x26, 0x25, 0x3f,
  0x01, 0x72, 0x23, 0x3f, 0x00, 0xc6, 0x21, 0x3f, 0x00, 0x42, 0x20, 0x3f,
  0xff, 0xd1, 0x1e, 0x3f, 0xff, 0x59, 0x1d, 0x3f, 0xff, 0xed, 0x1b, 0x3f,
  0xff, 0x69, 0x1a, 0x3f, 0x00, 0xb6, 0x18, 0x3f, 0x00, 0xe2, 0x16, 0x3f,
  0x01, 0xde, 0x14, 0x3f, 0x00, 0x9e, 0x12, 0x3f, 0x00, 0x4e, 0x10, 0x3f,
  0x00, 0xea, 0x0d, 0x3f, 0x00, 0x82, 0x0b, 0x3f, 0x01, 0x02, 0x09, 0x3f,
  0x01, 0xa6, 0x06, 0x3f, 0x00, 0x5a, 0x04, 0x3f, 0x00, 0x0a, 0x02, 0x3f,
  0x01, 0x9c, 0xff, 0x3e, 0x00, 0x08, 0xfb, 0x3e, 0x01, 0x18, 0xf6, 0x3e,
  0x01, 0x08, 0xf1, 0x3e, 0xff, 0x97, 0xeb, 0x3e, 0x00, 0x80, 0xe5, 0x3e,
  0x00, 0x48, 0xdf, 0x3e, 0xfe, 0xd7, 0xd8, 0x3e, 0x01, 0x60, 0xd2, 0x3e,
  0x00, 0xd0, 0xcb, 0x3e, 0x00, 0xc8, 0xc5, 0x3e, 0x00, 0x30, 0xc0, 0x3e,
  0xff, 0xdf, 0xba, 0x3e, 0x01, 0x30, 0xb6, 0x3e, 0x00, 0xc8, 0xb1, 0x3e,
  0xfe, 0x5f, 0xad, 0x3e, 0x01, 0x20, 0xa9, 0x3e, 0x00, 0xd0, 0xa4, 0x3e,
  0x01, 0x10, 0xa0, 0x3e, 0x00, 0x48, 0x9b, 0x3e, 0xff, 0x57, 0x96, 0x3e,
  0xff, 0x47, 0x91, 0x3e, 0xff, 0x07, 0x8c, 0x3e, 0x00, 0x08, 0x87, 0x3e,
  0x01, 0x30, 0x82, 0x3e, 0xff, 0xaf, 0x7a, 0x3e, 0x01, 0xc0, 0x71, 0x3e,
  0x00, 0x10, 0x69, 0x3e, 0xff, 0x5f, 0x60, 0x3e, 0xfd, 0x3f, 0x58, 0x3e,
  0xff, 0x5f, 0x50, 0x3e, 0x01, 0x80, 0x48, 0x3e, 0x03, 0x00, 0x41, 0x3e,
  0x03, 0xe0, 0x39, 0x3e, 0x03, 0xf0, 0x32, 0x3e, 0x01, 0xe0, 0x2b, 0x3e,
  0xfd, 0x0f, 0x25, 0x3e, 0xfd, 0x1f, 0x1e, 0x3e, 0x03, 0xb0, 0x16, 0x3e,
  0xfd, 0x2f, 0x0f, 0x3e, 0xfd, 0x2f, 0x07, 0x3e, 0xfc, 0x3f, 0xfd, 0x3d,
  0x03, 0x60, 0xec, 0x3d, 0xff, 0xbf, 0xdb, 0x3d, 0x00, 0x20, 0xcb, 0x3d,
  0x00, 0x20, 0xbc, 0x3d, 0x00, 0x80, 0xae, 0x3d, 0x00, 0x60, 0xa2, 0x3d,
  0x00, 0x00, 0x97, 0x3d, 0x00, 0xe0, 0x8c, 0x3d, 0x00, 0x20, 0x83, 0x3d,
  0x01, 0xc0, 0x71, 0x3d, 0xff, 0xbf, 0x5c, 0x3d, 0xff, 0xff, 0x45, 0x3d,
  0x01, 0x00, 0x2c, 0x3d, 0x01, 0x40, 0x11, 0x3d, 0xfe, 0xff, 0xeb, 0x3c,
  0x02, 0x00, 0xb4, 0x3c, 0x00, 0x00, 0x81, 0x3c, 0x05, 0x00, 0x24, 0x3c,
  0x00, 0x00, 0xa6, 0x3b, 0x00, 0x00, 0x30, 0x3a, 0xff, 0xff, 0x3b, 0xbb,
  0x01, 0x00, 0xc8, 0xbb, 0x00, 0x00, 0x19, 0xbc, 0x03, 0x00, 0x51, 0xbc,
  0xff, 0xff, 0x87, 0xbc, 0xfd, 0xff, 0xae, 0xbc, 0xfe, 0x7f, 0xda, 0xbc,
  0x00, 0x40, 0x05, 0xbd, 0x00, 0x80, 0x1f, 0xbd, 0x01, 0x80, 0x39, 0xbd,
  0x01, 0x40, 0x53, 0xbd, 0xff, 0xbf, 0x6b, 0xbd, 0x00, 0xa0, 0x81, 0xbd,
  0x01, 0x40, 0x8c, 0xbd, 0x00, 0x20, 0x96, 0xbd, 0x00, 0xc0, 0x9f, 0xbd,
  0x00, 0x80, 0xa8, 0xbd, 0x00, 0xc0, 0xb0, 0xbd, 0x00, 0x00, 0xb9, 0xbd,
  0x00, 0x80, 0xc0, 0xbd, 0xff, 0x9f, 0xc7, 0xbd, 0xfe, 0x9f, 0xce, 0xbd,
  0xff, 0xff, 0xd4, 0xbd, 0xfc, 0x1f, 0xdb, 0xbd, 0xfe, 0x1f, 0xe1, 0xbd,
  0xfb, 0x3f, 0xe7, 0xbd, 0xfc, 0x3f, 0xed, 0xbd, 0xfe, 0x3f, 0xf3, 0xbd,
  0x00, 0x40, 0xf9, 0xbd, 0xfd, 0xff, 0xfe, 0xbd, 0x00, 0x50, 0x02, 0xbe,
  0x03, 0x40, 0x05, 0xbe, 0x00, 0x00, 0x08, 0xbe, 0xff, 0xaf, 0x0a, 0xbe,
  0x03, 0x70, 0x0d, 0xbe, 0x00, 0x30, 0x10, 0xbe, 0x02, 0xa0, 0x12, 0xbe,
  0x00, 0xa0, 0x14, 0xbe, 0xfd, 0xef, 0x15, 0xbe, 0x01, 0x60, 0x16, 0xbe,
  0x00, 0xe0, 0x15, 0xbe, 0x01, 0x10, 0x14, 0xbe, 0xff, 0x6f, 0x11, 0xbe,
  0xff, 0x3f, 0x0e, 0xbe, 0xfd, 0xbf, 0x0a, 0xbe, 0x01, 0xa0, 0x07, 0xbe,
  0x01, 0x20, 0x05, 0xbe, 0xfe, 0x6f, 0x03, 0xbe, 0xfd, 0xbf, 0x02, 0xbe,
  0x02, 0xa0, 0x02, 0xbe, 0xfd, 0x8f, 0x02, 0xbe, 0x01, 0xf0, 0x01, 0xbe,
  0x00, 0x30, 0x00, 0xbe, 0xff, 0x9f, 0xf9, 0xbd, 0x03, 0x80, 0xee, 0xbd,
  0x05, 0xe0, 0xdf, 0xbd, 0x04, 0x20, 0xce, 0xbd, 0x00, 0x20, 0xb9, 0xbd,
  0x00, 0x60, 0xa3, 0xbd, 0x00, 0xe0, 0x8c, 0xbd, 0xff, 0x3f, 0x6d, 0xbd,
  0x00, 0x80, 0x40, 0xbd, 0xff, 0x7f, 0x16, 0xbd, 0x01, 0x00, 0xda, 0xbc,
  0xff, 0xff, 0x85, 0xbc, 0xff, 0xff, 0xdd, 0xbb, 0x01, 0x00, 0x2c, 0x3b,
  0xff, 0xff, 0x45, 0x3c, 0xfe, 0xff, 0xab, 0x3c, 0x02, 0x00, 0xf2, 0x3c,
  0xff, 0xbf, 0x1b, 0x3d, 0xff, 0xbf, 0x3b, 0x3d, 0x00, 0x40, 0x5a, 0x3d,
  0xff, 0xff, 0x76, 0x3d, 0x00, 0x80, 0x89, 0x3d, 0x00, 0x40, 0x96, 0x3d,
  0x00, 0x40, 0xa2, 0x3d, 0x00, 0xc0, 0xad, 0x3d, 0x00, 0x00, 0xb8, 0x3d,
  0x00, 0xa0, 0xc1, 0x3d, 0x00, 0xe0, 0xca, 0x3d, 0xf9, 0x5f, 0xd3, 0x3d,
  0x00, 0x60, 0xdb, 0x3d, 0x03, 0x20, 0xe3, 0x3d, 0x02, 0x40, 0xea, 0x3d,
  0xfa, 0xdf, 0xf0, 0x3d, 0xfb, 0xdf, 0xf6, 0x3d, 0xfe, 0x7f, 0xfc, 0x3d,
  0xff, 0x8f, 0x00, 0x3e, 0xfd, 0x8f, 0x02, 0x3e, 0xfe, 0x4f, 0x04, 0x3e,
  0x02, 0xd0, 0x05, 0x3e, 0xfd, 0x2f, 0x07, 0x3e, 0xff, 0x8f, 0x08, 0x3e,
  0x03, 0x10, 0x0a, 0x3e, 0x02, 0xb0, 0x0b, 0x3e, 0x02, 0xa0, 0x0d, 0x3e,
  0x00, 0xd0, 0x0f, 0x3e, 0x00, 0x50, 0x12, 0x3e, 0x01, 0x50, 0x15, 0x3e,
  0xfe, 0x1f, 0x19, 0x3e, 0xfe, 0x8f, 0x1d, 0x3e, 0x01, 0x00, 0x23, 0x3e,
  0xff, 0x9f, 0x29, 0x3e, 0x00, 0x10, 0x31, 0x3e, 0xff, 0x6f, 0x39, 0x3e,
  0xfe, 0x3f, 0x43, 0x3e, 0x00, 0xb0, 0x4d, 0x3e, 0xfe, 0x1f, 0x59, 0x3e,
  0xff, 0x0f, 0x66, 0x3e, 0x02, 0x80, 0x73, 0x3e, 0x01, 0x08, 0x81, 0x3e,
  0x00, 0xd0, 0x88, 0x3e, 0x01, 0x38, 0x91, 0x3e, 0x00, 0x98, 0x99, 0x3e,
  0x00, 0x20, 0xa2, 0x3e, 0x01, 0x00, 0xab, 0x3e, 0x01, 0x88, 0xb3, 0x3e,
  0x01, 0xf8, 0xbb, 0x3e, 0xff, 0xbf, 0xc4, 0x3e, 0xfe, 0x5f, 0xcd, 0x3e,
  0x00, 0x50, 0xd6, 0x3e, 0xff, 0x07, 0xe0, 0x3e, 0xfe, 0xff, 0xe9, 0x3e,
  0xff, 0x8f, 0xf4, 0x3e, 0x00, 0xa4, 0xff, 0x3e, 0x00, 0xc6, 0x05, 0x3f,
  0xff, 0x9d, 0x0b, 0x3f, 0x00, 0x76, 0x11, 0x3f, 0x00, 0x6a, 0x17, 0x3f,
  0x01, 0xf6, 0x1c, 0x3f, 0x00, 0x46, 0x22, 0x3f, 0xff, 0x91, 0x27, 0x3f,
  0x00, 0x72, 0x2c, 0x3f, 0xff, 0x09, 0x31, 0x3f, 0x00, 0x82, 0x35, 0x3f,
  0x01, 0x7e, 0x39, 0x3f, 0x00, 0x26, 0x3d, 0x3f, 0x00, 0x72, 0x40, 0x3f,
  0x00, 0x76, 0x43, 0x3f, 0x00, 0xfe, 0x45, 0x3f, 0x00, 0x36, 0x48, 0x3f,
  0x00, 0x3a, 0x4a, 0x3f, 0xff, 0xed, 0x4b, 0x3f, 0x00, 0x76, 0x4d, 0x3f,
  0x00, 0xe2, 0x4e, 0x3f, 0x00, 0x0e, 0x50, 0x3f, 0x00, 0x06, 0x51, 0x3f,
  0x00, 0xbe, 0x51, 0x3f, 0x00, 0x2e, 0x52, 0x3f, 0x00, 0x46, 0x52, 0x3f,
  0x00, 0xfe, 0x51, 0x3f, 0xff, 0x4d, 0x51, 0x3f, 0x01, 0x4a, 0x50, 0x3f,
  0x00, 0xf2, 0x4e, 0x3f, 0x00, 0x36, 0x4d, 0x3f, 0xff, 0x41, 0x4b, 0x3f,
  0x00, 0x0e, 0x49, 0x3f, 0x00, 0x8a, 0x46, 0x3f, 0x00, 0xe6, 0x43, 0x3f,
  0x00, 0x0e, 0x41, 0x3f, 0x00, 0x0a, 0x3e, 0x3f, 0x00, 0xb6, 0x3a, 0x3f,
  0x00, 0x52, 0x37, 0x3f, 0x00, 0xc6, 0x33, 0x3f, 0xff, 0xed, 0x2f, 0x3f,
  0x00, 0x0e, 0x2c, 0x3f, 0x00, 0x0a, 0x28, 0x3f, 0x01, 0xce, 0x23, 0x3f,
  0x00, 0xba, 0x1f, 0x3f, 0x00, 0xbe, 0x1b, 0x3f, 0x00, 0xd2, 0x17, 0x3f,
  0x01, 0x4a, 0x14, 0x3f, 0x00, 0x0e, 0x11, 0x3f, 0x01, 0x1e, 0x0e, 0x3f,
  0x00, 0x52, 0x0b, 0x3f, 0x00, 0xce, 0x08, 0x3f, 0xff, 0x69, 0x06, 0x3f,
  0x00, 0xf6, 0x03, 0x3f, 0xff, 0x91, 0x01, 0x3f, 0x01, 0x48, 0xfe, 0x3e,
  0x00, 0x40, 0xf9, 0x3e, 0x00, 0x70, 0xf4, 0x3e, 0xff, 0xbf, 0xef, 0x3e,
  0x02, 0x28, 0xeb, 0x3e, 0x00, 0x08, 0xe7, 0x3e, 0xff, 0x4f, 0xe3, 0x3e,
  0x01, 0xf8, 0xdf, 0x3e, 0x01, 0xe0, 0xdc, 0x3e, 0x00, 0x38, 0xda, 0x3e,
  0x02, 0xc8, 0xd7, 0x3e, 0x02, 0x78, 0xd5, 0x3e, 0x01, 0x58, 0xd3, 0x3e,
  0xff, 0x47, 0xd1, 0x3e, 0x02, 0x28, 0xcf, 0x3e, 0x00, 0x28, 0xcd, 0x3e,
  0x02, 0x28, 0xcb, 0x3e, 0xff, 0x17, 0xc9, 0x3e, 0x00, 0x30, 0xc7, 0x3e,
  0x01, 0x50, 0xc5, 0x3e, 0x00, 0x78, 0xc3, 0x3e, 0x01, 0xa8, 0xc1, 0x3e,
  0xff, 0xef, 0xbf, 0x3e, 0x00, 0x20, 0xbe, 0x3e, 0x00, 0x00, 0xbc, 0x3e,
  0x01, 0x90, 0xb9, 0x3e, 0x01, 0x90, 0xb6, 0x3e, 0x01, 0xd0, 0xb2, 0x3e,
  0x01, 0x78, 0xae, 0x3e, 0xff, 0x6f, 0xa9, 0x3e, 0x00, 0xa8, 0xa3, 0x3e,
  0x01, 0x90, 0x9d, 0x3e, 0xff, 0x1f, 0x97, 0x3e, 0x01, 0x68, 0x90, 0x3e,
  0xff, 0x47, 0x89, 0x3e, 0xff, 0x3f, 0x82, 0x3e, 0x02, 0x00, 0x76, 0x3e,
  0x01, 0x90, 0x66, 0x3e, 0xff, 0x4f, 0x57, 0x3e, 0xfe, 0xaf, 0x47, 0x3e,
  0xff, 0x1f, 0x37, 0x3e, 0xfe, 0xcf, 0x26, 0x3e, 0x03, 0x50, 0x16, 0x3e,
  0xfd, 0x0f, 0x05, 0x3e, 0xfd, 0x3f, 0xe8, 0x3d, 0x00, 0x80, 0xc5, 0x3d,
  0x00, 0xc0, 0xa1, 0x3d, 0x00, 0xc0, 0x76, 0x3d, 0x01, 0x80, 0x29, 0x3d,
  0x02, 0x00, 0xb3, 0x3c, 0x00, 0x00, 0x60, 0x3a, 0x00, 0x00, 0xa1, 0xbc,
  0x01, 0x40, 0x24, 0xbd, 0x00, 0xc0, 0x79, 0xbd, 0x00, 0x60, 0xa4, 0xbd,
  0x00, 0xe0, 0xc9, 0xbd, 0xff, 0x3f, 0xee, 0xbd, 0xff, 0x7f, 0x07, 0xbe,
  0x00, 0xf0, 0x16, 0xbe, 0x03, 0x70, 0x25, 0xbe, 0xfd, 0x9f, 0x33, 0xbe,
  0x03, 0xa0, 0x40, 0xbe, 0x01, 0x20, 0x4d, 0xbe, 0xfd, 0x7f, 0x59, 0xbe,
  0xfe, 0xaf, 0x64, 0xbe, 0xff, 0x1f, 0x6f, 0xbe, 0xfe, 0xef, 0x78, 0xbe,
  0x01, 0xb0, 0x80, 0xbe, 0xff, 0x47, 0x84, 0xbe, 0x01, 0x58, 0x87, 0xbe,
  0xff, 0x9f, 0x89, 0xbe, 0x01, 0x58, 0x8b, 0xbe, 0x01, 0x80, 0x8c, 0xbe,
  0x01, 0x20, 0x8d, 0xbe, 0x00, 0x40, 0x8d, 0xbe, 0x02, 0xf0, 0x8c, 0xbe,
  0x00, 0x30, 0x8c, 0xbe, 0xfe, 0x0f, 0x8b, 0xbe, 0x01, 0x90, 0x89, 0xbe,
  0x01, 0xb8, 0x87, 0xbe, 0x01, 0xc0, 0x85, 0xbe, 0xfe, 0xaf, 0x83, 0xbe,
  0x01, 0x90, 0x81, 0xbe, 0xfd, 0x2f, 0x7f, 0xbe, 0x02, 0x80, 0x7b, 0xbe,
  0x02, 0x20, 0x78, 0xbe, 0x00, 0xd0, 0x74, 0xbe, 0x03, 0xe0, 0x71, 0xbe,
  0xfd, 0xff, 0x6e, 0xbe, 0xff, 0x1f, 0x6c, 0xbe, 0xfd, 0x4f, 0x69, 0xbe,
  0x01, 0x90, 0x66, 0xbe, 0xff, 0xef, 0x63, 0xbe, 0xfd, 0xaf, 0x61, 0xbe,
  0xfe, 0xdf, 0x5f, 0xbe, 0xfe, 0xcf, 0x5e, 0xbe, 0x03, 0x80, 0x5e, 0xbe,
  0xfd, 0x2f, 0x5f, 0xbe, 0x01, 0xe0, 0x60, 0xbe, 0xfd, 0x9f, 0x63, 0xbe,
  0xfd, 0x2f, 0x67, 0xbe, 0x02, 0x80, 0x6b, 0xbe, 0x03, 0xa0, 0x70, 0xbe,
  0xfd, 0x1f, 0x76, 0xbe, 0x01, 0x10, 0x7c, 0xbe, 0x00, 0x58, 0x81, 0xbe,
  0x00, 0xd0, 0x84, 0xbe, 0xff, 0x8f, 0x88, 0xbe, 0xff, 0xa7, 0x8c, 0xbe,
  0x01, 0x50, 0x91, 0xbe, 0x01, 0x48, 0x96, 0xbe, 0x01, 0xb8, 0x9b, 0xbe,
  0x01, 0xd8, 0xa1, 0xbe, 0xfe, 0x37, 0xa8, 0xbe, 0xff, 0xf7, 0xae, 0xbe,
  0x01, 0x48, 0xb6, 0xbe, 0x01, 0x90, 0xbd, 0xbe, 0x01, 0x08, 0xc5, 0xbe,
  0x01, 0xe0, 0xcc, 0xbe, 0xff, 0x8f, 0xd4, 0xbe, 0xff, 0x5f, 0xdc, 0xbe,
  0xff, 0x47, 0xe4, 0xbe, 0x01, 0x98, 0xec, 0xbe, 0xff, 0xbf, 0xf4, 0xbe,
  0x01, 0x08, 0xfd, 0xbe, 0x00, 0xe2, 0x02, 0xbf, 0x00, 0x1e, 0x07, 0xbf,
  0x00, 0x62, 0x0b, 0xbf, 0xff, 0xd5, 0x0f, 0xbf, 0xff, 0x25, 0x14, 0xbf,
  0xff, 0x75, 0x18, 0xbf, 0x00, 0xf2, 0x1c, 0xbf, 0x01, 0x46, 0x21, 0xbf,
  0x00, 0x9a, 0x25, 0xbf, 0x00, 0xea, 0x29, 0xbf, 0x00, 0x52, 0x2e, 0xbf,
  0x00, 0x7a, 0x32, 0xbf, 0xff, 0x75, 0x36, 0xbf, 0x00, 0x5e, 0x3a, 0xbf,
  0x00, 0xea, 0x3d, 0xbf, 0x00, 0x36, 0x41, 0xbf, 0x00, 0x66, 0x44, 0xbf,
  0x00, 0x4a, 0x47, 0xbf, 0x01, 0x12, 0x4a, 0xbf, 0x00, 0xe2, 0x4c, 0xbf,
  0x00, 0x9a, 0x4f, 0xbf, 0x01, 0x56, 0x52, 0xbf, 0x00, 0x1a, 0x55, 0xbf,
  0xff, 0xf9, 0x57, 0xbf, 0xff, 0xb9, 0x5a, 0xbf, 0xff, 0x65, 0x5d, 0xbf,
  0x00, 0x0e, 0x60, 0xbf, 0x00, 0x7a, 0x62, 0xbf, 0xff, 0xb9, 0x64, 0xbf,
  0x01, 0xde, 0x66, 0xbf, 0x00, 0xca, 0x68, 0xbf, 0x01, 0x9a, 0x6a, 0xbf,
  0xff, 0x69, 0x6c, 0xbf, 0x00, 0x22, 0x6e, 0xbf, 0xff, 0xe1, 0x6f, 0xbf,
  0xff, 0xa9, 0x71, 0xbf, 0x00, 0x8e, 0x73, 0xbf, 0xff, 0x65, 0x75, 0xbf,
  0x01, 0x2e, 0x77, 0xbf, 0x01, 0xf6, 0x78, 0xbf, 0x00, 0x86, 0x7a, 0xbf,
  0x00, 0xea, 0x7b, 0xbf, 0x00, 0x1e, 0x7d, 0xbf, 0x00, 0x0e, 0x7e, 0xbf,
  0x00, 0xce, 0x7e, 0xbf, 0x00, 0x5e, 0x7f, 0xbf, 0xff, 0xbf, 0x7f, 0xbf,
  0x00, 0xf4, 0x7f, 0xbf, 0x00, 0xfe, 0x7f, 0xbf, 0x00, 0xf4, 0x7f, 0xbf,
  0xff, 0xbf, 0x7f, 0xbf, 0x00, 0x62, 0x7f, 0xbf, 0xff, 0xd1, 0x7e, 0xbf,
  0x00, 0x16, 0x7e, 0xbf, 0x00, 0x1a, 0x7d, 0xbf, 0xff, 0xd5, 0x7b, 0xbf,
  0x00, 0x5a, 0x7a, 0xbf, 0x00, 0xa2, 0x78, 0xbf, 0x00, 0x9e, 0x76, 0xbf,
  0x00, 0x7e, 0x74, 0xbf, 0xff, 0x31, 0x72, 0xbf, 0x00, 0xca, 0x6f, 0xbf,
  0x01, 0x2e, 0x6d, 0xbf, 0x00, 0x96, 0x6a, 0xbf, 0xff, 0xd5, 0x67, 0xbf,
  0x01, 0xea, 0x64, 0xbf, 0x01, 0x1e, 0x62, 0xbf, 0x00, 0x76, 0x5f, 0xbf,
  0x00, 0xfa, 0x5c, 0xbf, 0x01, 0xea, 0x5a, 0xbf, 0xff, 0x41, 0x59, 0xbf,
  0x01, 0x06, 0x58, 0xbf, 0xff, 0x21, 0x57, 0xbf, 0x01, 0x56, 0x56, 0xbf,
  0xff, 0x65, 0x55, 0xbf, 0x00, 0x0a, 0x54, 0xbf, 0x01, 0x2a, 0x52, 0xbf,
  0x00, 0x9a, 0x4f, 0xbf, 0xff, 0x3d, 0x4c, 0xbf, 0x01, 0x6e, 0x48, 0xbf,
  0x00, 0x36, 0x44, 0xbf, 0x00, 0x9a, 0x3f, 0xbf, 0xff, 0x15, 0x3b, 0xbf,
  0x00, 0xaa, 0x36, 0xbf, 0x01, 0x6e, 0x32, 0xbf, 0xff, 0x25, 0x2e, 0xbf,
  0x00, 0x1a, 0x2a, 0xbf, 0x00, 0x0e, 0x26, 0xbf, 0x01, 0xce, 0x21, 0xbf,
  0x00, 0x8e, 0x1d, 0xbf, 0x00, 0x1e, 0x19, 0xbf, 0x00, 0x42, 0x14, 0xbf,
  0x00, 0x6a, 0x0f, 0xbf, 0xff, 0x69, 0x0a, 0xbf, 0x00, 0x12, 0x05, 0xbf,
  0xff, 0x93, 0xff, 0xbe, 0xff, 0xbf, 0xf4, 0xbe, 0x01, 0xc0, 0xe9, 0xbe,
  0xff, 0x27, 0xde, 0xbe, 0x00, 0xc0, 0xd2, 0xbe, 0x02, 0x28, 0xc7, 0xbe,
  0xff, 0x1f, 0xbb, 0xbe, 0x00, 0xa8, 0xaf, 0xbe, 0x01, 0x68, 0xa4, 0xbe,
  0x00, 0x28, 0x99, 0xbe, 0xff, 0xc7, 0x8e, 0xbe, 0x01, 0xe0, 0x84, 0xbe,
  0x02, 0x00, 0x76, 0xbe, 0xfe, 0x3f, 0x63, 0xbe, 0xff, 0x5f, 0x50, 0xbe,
  0x01, 0x20, 0x3d, 0xbe, 0xfd, 0x3f, 0x28, 0xbe, 0xfe, 0x0f, 0x13, 0xbe,
  0xfa, 0xbf, 0xf9, 0xbd, 0x00, 0x40, 0xca, 0xbd, 0x01, 0x00, 0x9c, 0xbd,
  0x01, 0x80, 0x5c, 0xbd, 0x00, 0x00, 0x00, 0xbd, 0xfe, 0xff, 0x2c, 0xbc,
  0x03, 0x00, 0xf0, 0x3a, 0xfc, 0xff, 0x74, 0x3c, 0xfe, 0xff, 0xeb, 0x3c,
  0x00, 0x80, 0x2d, 0x3d, 0x00, 0x40, 0x66, 0x3d, 0x00, 0x20, 0x91, 0x3d,
  0x00, 0x80, 0xae, 0x3d, 0x00, 0x20, 0xcc, 0x3d, 0x03, 0xe0, 0xe9, 0x3d,
  0xff, 0x1f, 0x04, 0x3e, 0x02, 0xa0, 0x12, 0x3e, 0x01, 0xb0, 0x20, 0x3e,
  0x00, 0xf0, 0x2e, 0x3e, 0xfe, 0x4f, 0x3c, 0x3e, 0x02, 0x60, 0x49, 0x3e,
  0x03, 0xb0, 0x56, 0x3e, 0xfe, 0x6f, 0x63, 0x3e, 0x02, 0x20, 0x70, 0x3e,
  0xfe, 0x5f, 0x7d, 0x3e, 0xff, 0x17, 0x85, 0x3e, 0x01, 0x88, 0x8b, 0x3e,
  0xfe, 0xff, 0x91, 0x3e, 0x01, 0xb0, 0x98, 0x3e, 0xff, 0x1f, 0x9f, 0x3e,
  0xff, 0x87, 0xa5, 0x3e, 0x00, 0x18, 0xac, 0x3e, 0x00, 0x50, 0xb2, 0x3e,
  0xff, 0x77, 0xb8, 0x3e, 0x00, 0xc0, 0xbe, 0x3e, 0xff, 0xbf, 0xc4, 0x3e,
  0xff, 0xaf, 0xca, 0x3e, 0x01, 0xc8, 0xd0, 0x3e, 0x00, 0xa8, 0xd6, 0x3e,
  0x01, 0x80, 0xdc, 0x3e, 0xff, 0x57, 0xe2, 0x3e, 0x01, 0x68, 0xe8, 0x3e,
  0x01, 0x48, 0xee, 0x3e, 0x01, 0x10, 0xf4, 0x3e, 0xfe, 0xff, 0xf9, 0x3e,
  0x00, 0x8c, 0xff, 0x3e, 0x00, 0x72, 0x02, 0x3f, 0x00, 0x1e, 0x05, 0x3f,
  0x00, 0x8e, 0x07, 0x3f, 0x00, 0xde, 0x09, 0x3f, 0xff, 0x31, 0x0c, 0x3f,
  0x00, 0x66, 0x0e, 0x3f, 0x00, 0x9e, 0x10, 0x3f, 0x01, 0xea, 0x12, 0x3f,
  0xff, 0x65, 0x15, 0x3f, 0x00, 0xf2, 0x17, 0x3f, 0x00, 0x9e, 0x1a, 0x3f,
  0x01, 0x7e, 0x1d, 0x3f, 0x00, 0x5a, 0x20, 0x3f, 0xff, 0x41, 0x23, 0x3f,
  0x00, 0x42, 0x26, 0x3f, 0x00, 0x26, 0x29, 0x3f, 0x00, 0xf6, 0x2b, 0x3f,
  0xff, 0xd1, 0x2e, 0x3f, 0x01, 0x8a, 0x31, 0x3f, 0x00, 0x36, 0x34, 0x3f,
  0x00, 0xda, 0x36, 0x3f, 0x00, 0x8e, 0x39, 0x3f, 0xff, 0x25, 0x3c, 0x3f,
  0xff, 0xb9, 0x3e, 0x3f, 0x00, 0x62, 0x41, 0x3f, 0xff, 0xed, 0x43, 0x3f,
  0x01, 0x6e, 0x46, 0x3f, 0x00, 0x06, 0x49, 0x3f, 0x01, 0x8a, 0x4b, 0x3f,
  0x01, 0x12, 0x4e, 0x3f, 0x00, 0x9e, 0x50, 0x3f, 0x00, 0x52, 0x53, 0x3f,
  0x00, 0xf2, 0x55, 0x3f, 0x00, 0x9e, 0x58, 0x3f, 0xff, 0x65, 0x5b, 0x3f,
  0x00, 0x16, 0x5e, 0x3f, 0x00, 0xc2, 0x60, 0x3f, 0x01, 0x7e, 0x63, 0x3f,
  0x00, 0x16, 0x66, 0x3f, 0x00, 0x9e, 0x68, 0x3f, 0x00, 0x32, 0x6b, 0x3f,
  0xff, 0x9d, 0x6d, 0x3f, 0x00, 0xf2, 0x6f, 0x3f, 0x01, 0x2a, 0x72, 0x3f,
  0x01, 0x56, 0x74, 0x3f, 0x00, 0x46, 0x76, 0x3f, 0x01, 0x12, 0x78, 0x3f,
  0x00, 0xbe, 0x79, 0x3f, 0x00, 0x32, 0x7b, 0x3f, 0x00, 0x7a, 0x7c, 0x3f,
  0xff, 0x9d, 0x7d, 0x3f, 0x00, 0x86, 0x7e, 0x3f, 0xff, 0x41, 0x7f, 0x3f,
  0x00, 0xd0, 0x7f, 0x3f, 0x00, 0xfe, 0x7f, 0x3f, 0x00, 0xfe, 0x7f, 0x3f,
  0x00, 0xfe, 0x7f, 0x3f, 0x00, 0xfe, 0x7f, 0x3f, 0x00, 0xa8, 0x7f, 0x3f,
  0x00, 0x2a, 0x7f, 0x3f, 0xff, 0x8d, 0x7e, 0x3f, 0x00, 0xe6, 0x7d, 0x3f,
  0x00, 0x2a, 0x7d, 0x3f, 0x00, 0x52, 0x7c, 0x3f, 0x00, 0x6e, 0x7b, 0x3f,
  0x01, 0x6e, 0x7a, 0x3f, 0x00, 0x4a, 0x79, 0x3f, 0x00, 0x0e, 0x78, 0x3f,
  0x00, 0xae, 0x76, 0x3f, 0x00, 0x2a, 0x75, 0x3f, 0x01, 0x7e, 0x73, 0x3f,
  0x00, 0xbe, 0x71, 0x3f, 0xff, 0xe1, 0x6f, 0x3f, 0x01, 0xce, 0x6d, 0x3f,
  0xff, 0xa9, 0x6b, 0x3f, 0xff, 0x59, 0x69, 0x3f, 0x00, 0xce, 0x66, 0x3f,
  0x00, 0x2e, 0x64, 0x3f, 0x00, 0x62, 0x61, 0x3f, 0x01, 0x62, 0x5e, 0x3f,
  0x00, 0x6e, 0x5b, 0x3f, 0x00, 0x7e, 0x58, 0x3f, 0x00, 0xa2, 0x55, 0x3f,
  0x00, 0xce, 0x52, 0x3f, 0xff, 0x3d, 0x50, 0x3f, 0x01, 0xda, 0x4d, 0x3f,
  0x00, 0x82, 0x4b, 0x3f, 0xff, 0x59, 0x49, 0x3f, 0xff, 0x41, 0x47, 0x3f,
  0x00, 0x1a, 0x45, 0x3f, 0xff, 0xfd, 0x42, 0x3f, 0x00, 0xce, 0x40, 0x3f,
  0x00, 0x7a, 0x3e, 0x3f, 0x00, 0x2e, 0x3c, 0x3f, 0xff, 0xd5, 0x39, 0x3f,
  0x00, 0x76, 0x37, 0x3f, 0x00, 0xfa, 0x34, 0x3f, 0x00, 0x8a, 0x32, 0x3f,
  0x01, 0x12, 0x30, 0x3f, 0x00, 0x82, 0x2d, 0x3f, 0xff, 0xfd, 0x2a, 0x3f,
  0x00, 0x72, 0x28, 0x3f, 0x00, 0xd2, 0x25, 0x3f, 0x00, 0x4a, 0x23, 0x3f,
  0x00, 0xce, 0x20, 0x3f, 0x00, 0x4e, 0x1e, 0x3f, 0x00, 0xf6, 0x1b, 0x3f,
  0x00, 0xb2, 0x19, 0x3f, 0x00, 0x82, 0x17, 0x3f, 0xff, 0x4d, 0x15, 0x3f,
  0x01, 0x3a, 0x13, 0x3f, 0x00, 0x32, 0x11, 0x3f, 0x00, 0x1a, 0x0f, 0x3f,
  0x00, 0x1a, 0x0d, 0x3f, 0xff, 0x15, 0x0b, 0x3f, 0x00, 0x06, 0x09, 0x3f,
  0xff, 0x09, 0x07, 0x3f, 0x00, 0x0e, 0x05, 0x3f, 0x01, 0xf6, 0x02, 0x3f,
  0x01, 0xea, 0x00, 0x3f, 0x00, 0x98, 0xfd, 0x3e, 0x00, 0x40, 0xf9, 0x3e,
  0x01, 0x98, 0xf4, 0x3e, 0x01, 0xf8, 0xef, 0x3e, 0xff, 0x37, 0xeb, 0x3e,
  0x01, 0x48, 0xe6, 0x3e, 0xff, 0x87, 0xe1, 0x3e, 0x01, 0xe0, 0xdc, 0x3e,
  0x00, 0x30, 0xd8, 0x3e, 0xff, 0xd7, 0xd3, 0x3e, 0xfe, 0xaf, 0xcf, 0x3e,
  0x01, 0x88, 0xcb, 0x3e, 0x01, 0xa0, 0xc7, 0x3e, 0xff, 0xbf, 0xc3, 0x3e,
  0x00, 0xe8, 0xbf, 0x3e, 0x00, 0xe8, 0xbb, 0x3e, 0xff, 0xef, 0xb7, 0x3e,
  0xff, 0xef, 0xb3, 0x3e, 0x01, 0xb8, 0xaf, 0x3e, 0x01, 0xa0, 0xab, 0x3e,
  0x00, 0x90, 0xa7, 0x3e, 0xff, 0x67, 0xa3, 0x3e, 0xff, 0x7f, 0x9f, 0x3e,
  0x01, 0xb8, 0x9b, 0x3e, 0xff, 0xef, 0x97, 0x3e, 0x00, 0x70, 0x94, 0x3e,
  0x00, 0x10, 0x91, 0x3e, 0x01, 0xd8, 0x8d, 0x3e, 0x00, 0xa8, 0x8a, 0x3e,
  0x02, 0xc8, 0x87, 0x3e, 0x01, 0x08, 0x85, 0x3e, 0x00, 0x68, 0x82, 0x3e,
  0x01, 0x10, 0x80, 0x3e, 0xfd, 0xcf, 0x7b, 0x3e, 0xfe, 0xaf, 0x77, 0x3e,
  0xff, 0xef, 0x73, 0x3e, 0x02, 0x50, 0x70, 0x3e, 0x00, 0xa0, 0x6c, 0x3e,
  0x01, 0xb0, 0x68, 0x3e, 0x02, 0xc0, 0x64, 0x3e, 0x03, 0xa0, 0x60, 0x3e,
  0x01, 0x40, 0x5c, 0x3e, 0x00, 0x00, 0x58, 0x3e, 0xfd, 0xcf, 0x53, 0x3e,
  0xfe, 0xaf, 0x4f, 0x3e, 0x03, 0x00, 0x4c, 0x3e, 0xff, 0xbf, 0x48, 0x3e,
  0x00, 0xb0, 0x45, 0x3e, 0x00, 0x30, 0x43, 0x3e, 0xfe, 0xef, 0x40, 0x3e,
  0x02, 0xe0, 0x3e, 0x3e, 0xfd, 0xdf, 0x3c, 0x3e, 0x01, 0x00, 0x3b, 0x3e,
  0x00, 0x10, 0x39, 0x3e, 0x00, 0xf0, 0x36, 0x3e, 0x00, 0xd0, 0x34, 0x3e,
  0x02, 0xa0, 0x32, 0x3e, 0xff, 0x5f, 0x30, 0x3e, 0x03, 0x50, 0x2e, 0x3e,
  0xfe, 0x7f, 0x2c, 0x3e, 0xff, 0xdf, 0x2a, 0x3e, 0xff, 0x9f, 0x29, 0x3e,
  0xff, 0xbf, 0x28, 0x3e, 0x00, 0x30, 0x28, 0x3e, 0xfe, 0xdf, 0x27, 0x3e,
  0x00, 0xd0, 0x27, 0x3e, 0xfe, 0xdf, 0x27, 0x3e, 0xfe, 0x0f, 0x28, 0x3e,
  0x02, 0x50, 0x28, 0x3e, 0xff, 0x8f, 0x28, 0x3e, 0x03, 0xd0, 0x28, 0x3e,
  0xfe, 0x1f, 0x29, 0x3e, 0xfd, 0x7f, 0x29, 0x3e, 0x03, 0xe0, 0x29, 0x3e,
  0xfe, 0x5f, 0x2a, 0x3e, 0x03, 0xf0, 0x2a, 0x3e, 0xfd, 0x9f, 0x2b, 0x3e,
  0x00, 0x70, 0x2c, 0x3e, 0x01, 0x50, 0x2d, 0x3e, 0xfd, 0x1f, 0x2e, 0x3e,
  0xfd, 0xff, 0x2e, 0x3e, 0xfe, 0xaf, 0x2f, 0x3e, 0xfd, 0x3f, 0x30, 0x3e,
  0x03, 0xa0, 0x30, 0x3e, 0xff, 0xbf, 0x30, 0x3e, 0x01, 0xb0, 0x30, 0x3e,
  0x02, 0x50, 0x30, 0x3e, 0x03, 0xc0, 0x2f, 0x3e, 0xfe, 0xcf, 0x2e, 0x3e,
  0x00, 0x80, 0x2d, 0x3e, 0xff, 0xbf, 0x2b, 0x3e, 0xff, 0x9f, 0x29, 0x3e,
  0xfd, 0xff, 0x26, 0x3e, 0xfd, 0xcf, 0x23, 0x3e, 0xff, 0x5f, 0x20, 0x3e,
  0x02, 0x90, 0x1c, 0x3e, 0xfd, 0x6f, 0x18, 0x3e, 0x01, 0x40, 0x14, 0x3e,
  0xfe, 0x0f, 0x10, 0x3e, 0x02, 0xb0, 0x0b, 0x3e, 0xff, 0x7f, 0x07, 0x3e,
  0xfe, 0x3f, 0x03, 0x3e, 0x04, 0xc0, 0xfd, 0x3d, 0x01, 0x40, 0xf4, 0x3d,
  0x06, 0x80, 0xea, 0x3d, 0x00, 0x00, 0xe0, 0x3d, 0x01, 0x40, 0xd4, 0x3d,
  0x00, 0x40, 0xc8, 0x3d, 0xff, 0x7f, 0xbb, 0x3d, 0x00, 0xa0, 0xad, 0x3d,
  0x00, 0x80, 0x9f, 0x3d, 0x01, 0xa0, 0x90, 0x3d, 0x01, 0x60, 0x80, 0x3d,
  0x01, 0x40, 0x60, 0x3d, 0xff, 0x3f, 0x3e, 0x3d, 0x01, 0x80, 0x1a, 0x3d,
  0xff, 0xff, 0xe7, 0x3c, 0x01, 0x00, 0x9d, 0x3c, 0x05, 0x00, 0x24, 0x3c,
  0x00, 0x00, 0x30, 0x3a, 0x00, 0x00, 0x01, 0xbc, 0xff, 0xff, 0x82, 0xbc,
  0xff, 0xff, 0xc2, 0xbc, 0xfe, 0x7f, 0xfc, 0xbc, 0x00, 0x40, 0x19, 0xbd,
  0x01, 0x40, 0x34, 0xbd, 0x00, 0x80, 0x4d, 0xbd, 0xff, 0xff, 0x66, 0xbd,
  0x01, 0xa0, 0x80, 0xbd, 0x00, 0xc0, 0x8e, 0xbd, 0x01, 0xc0, 0x9c, 0xbd,
  0xff, 0xff, 0xaa, 0xbd, 0x00, 0x00, 0xba, 0xbd, 0x00, 0x40, 0xc8, 0xbd,
  0x06, 0x40, 0xd6, 0xbd, 0xfc, 0x5f, 0xe4, 0xbd, 0x02, 0x60, 0xf1, 0xbd,
  0x04, 0xc0, 0xfd, 0xbd, 0x01, 0x20, 0x05, 0xbe, 0x01, 0xd0, 0x0a, 0xbe,
  0xfd, 0x3f, 0x10, 0xbe, 0xfe, 0x5f, 0x15, 0xbe, 0xfe, 0x5f, 0x1a, 0xbe,
  0xfe, 0xcf, 0x1e, 0xbe, 0xff, 0xdf, 0x22, 0xbe, 0xfe, 0x9f, 0x26, 0xbe,
  0x03, 0xe0, 0x29, 0xbe, 0xff, 0xff, 0x2c, 0xbe, 0xfe, 0x0f, 0x30, 0xbe,
  0x03, 0x20, 0x33, 0xbe, 0x03, 0x50, 0x36, 0xbe, 0xff, 0xcf, 0x39, 0xbe,
  0xfe, 0xbf, 0x3d, 0xbe, 0xff, 0xcf, 0x41, 0xbe, 0xff, 0x0f, 0x46, 0xbe,
  0xff, 0xaf, 0x4a, 0xbe, 0xfd, 0x2f, 0x4f, 0xbe, 0xff, 0xbf, 0x53, 0xbe,
  0xff, 0x5f, 0x58, 0xbe, 0x00, 0xd0, 0x5c, 0xbe, 0xfe, 0x1f, 0x61, 0xbe,
  0x02, 0xa0, 0x65, 0xbe, 0x03, 0xe0, 0x69, 0xbe, 0x02, 0x00, 0x6e, 0xbe,
  0xfe, 0xff, 0x71, 0xbe, 0xff, 0x0f, 0x76, 0xbe, 0xff, 0xcf, 0x79, 0xbe,
  0xfe, 0x5f, 0x7d, 0xbe, 0xff, 0x77, 0x80, 0xbe, 0x01, 0x18, 0x82, 0xbe,
  0xfe, 0xaf, 0x83, 0xbe, 0x00, 0x58, 0x85, 0xbe, 0x01, 0xe8, 0x86, 0xbe,
  0x00, 0x88, 0x88, 0xbe, 0x00, 0x38, 0x8a, 0xbe, 0x01, 0xe0, 0x8b, 0xbe,
  0x01, 0x90, 0x8d, 0xbe, 0x00, 0x48, 0x8f, 0xbe, 0xff, 0x17, 0x91, 0xbe,
  0x00, 0xd8, 0x92, 0xbe, 0xff, 0xa7, 0x94, 0xbe, 0xfe, 0x87, 0x96, 0xbe,
  0x01, 0x68, 0x98, 0xbe, 0x00, 0x50, 0x9a, 0xbe, 0x02, 0x50, 0x9c, 0xbe,
  0x01, 0x30, 0x9e, 0xbe, 0xff, 0x07, 0xa0, 0xbe, 0xff, 0xcf, 0xa1, 0xbe,
  0x01, 0x70, 0xa3, 0xbe, 0x01, 0xe0, 0xa4, 0xbe, 0x01, 0x30, 0xa6, 0xbe,
  0x01, 0x70, 0xa7, 0xbe, 0x00, 0x88, 0xa8, 0xbe, 0xff, 0x87, 0xa9, 0xbe,
  0x01, 0x78, 0xaa, 0xbe, 0x00, 0x60, 0xab, 0xbe, 0x01, 0x40, 0xac, 0xbe,
  0x01, 0x20, 0xad, 0xbe, 0xff, 0xe7, 0xad, 0xbe, 0x01, 0xb8, 0xae, 0xbe,
  0x01, 0x88, 0xaf, 0xbe, 0x00, 0x58, 0xb0, 0xbe, 0xff, 0x2f, 0xb1, 0xbe,
  0xff, 0x0f, 0xb2, 0xbe, 0xfe, 0x0f, 0xb3, 0xbe, 0x01, 0x10, 0xb4, 0xbe,
  0x01, 0x20, 0xb5, 0xbe, 0x01, 0x48, 0xb6, 0xbe, 0x01, 0x70, 0xb7, 0xbe,
  0x00, 0xa0, 0xb8, 0xbe, 0xff, 0xe7, 0xb9, 0xbe, 0x02, 0x28, 0xbb, 0xbe,
  0x01, 0x80, 0xbc, 0xbe, 0xff, 0xe7, 0xbd, 0xbe, 0xff, 0x4f, 0xbf, 0xbe,
  0x01, 0xb0, 0xc0, 0xbe, 0x00, 0x08, 0xc2, 0xbe, 0xff, 0x4f, 0xc3, 0xbe,
  0x01, 0x68, 0xc4, 0xbe, 0x00, 0x58, 0xc5, 0xbe, 0x00, 0x20, 0xc6, 0xbe,
  0x00, 0xc0, 0xc6, 0xbe, 0xff, 0x4f, 0xc7, 0xbe, 0x00, 0xe8, 0xc7, 0xbe,
  0x01, 0x98, 0xc8, 0xbe, 0xff, 0x6f, 0xc9, 0xbe, 0xff, 0x97, 0xca, 0xbe,
  0x01, 0xf8, 0xcb, 0xbe, 0x00, 0x98, 0xcd, 0xbe, 0x01, 0x58, 0xcf, 0xbe,
  0x01, 0x38, 0xd1, 0xbe, 0x01, 0x00, 0xd3, 0xbe, 0x00, 0xa0, 0xd4, 0xbe,
  0xff, 0x0f, 0xd6, 0xbe, 0xff, 0x1f, 0xd7, 0xbe, 0xff, 0xef, 0xd7, 0xbe,
  0x00, 0x88, 0xd8, 0xbe, 0x01, 0xe0, 0xd8, 0xbe, 0x01, 0x08, 0xd9, 0xbe,
  0x00, 0xf8, 0xd8, 0xbe, 0xff, 0xbf, 0xd8, 0xbe, 0xff, 0x5f, 0xd8, 0xbe,
  0x01, 0xe0, 0xd7, 0xbe, 0x00, 0x30, 0xd7, 0xbe, 0x01, 0x60, 0xd6, 0xbe,
  0x00, 0x80, 0xd5, 0xbe, 0x00, 0x88, 0xd4, 0xbe, 0xff, 0x97, 0xd3, 0xbe,
  0x01, 0xb8, 0xd2, 0xbe, 0x00, 0xe0, 0xd1, 0xbe, 0xff, 0x17, 0xd1, 0xbe,
  0x01, 0x68, 0xd0, 0xbe, 0xff, 0xbf, 0xcf, 0xbe, 0x00, 0x30, 0xcf, 0xbe,
  0x01, 0xb8, 0xce, 0xbe, 0x00, 0x50, 0xce, 0xbe, 0x00, 0xf8, 0xcd, 0xbe,
  0x01, 0xc0, 0xcd, 0xbe, 0xff, 0x9f, 0xcd, 0xbe, 0x01, 0x90, 0xcd, 0xbe,
  0x01, 0x90, 0xcd, 0xbe, 0xff, 0x9f, 0xcd, 0xbe, 0x00, 0xb0, 0xcd, 0xbe,
  0x01, 0xc0, 0xcd, 0xbe, 0xff, 0xcf, 0xcd, 0xbe, 0x00, 0xe0, 0xcd, 0xbe,
  0xff, 0xe7, 0xcd, 0xbe, 0x01, 0xf0, 0xcd, 0xbe, 0x00, 0xf8, 0xcd, 0xbe,
  0x02, 0x00, 0xce, 0xbe, 0x02, 0x00, 0xce, 0xbe, 0x02, 0x00, 0xce, 0xbe,
  0x02, 0x00, 0xce, 0xbe, 0x00, 0xf8, 0xcd, 0xbe, 0x01, 0xf0, 0xcd, 0xbe,
  0xff, 0xe7, 0xcd, 0xbe, 0x01, 0xd8, 0xcd, 0xbe, 0xff, 0xcf, 0xcd, 0xbe,
  0x00, 0xc8, 0xcd, 0xbe, 0x00, 0xc8, 0xcd, 0xbe, 0x00, 0xc8, 0xcd, 0xbe,
  0x00, 0xc8, 0xcd, 0xbe, 0xff, 0xcf, 0xcd, 0xbe, 0x00, 0xe0, 0xcd, 0xbe,
  0x00, 0xf8, 0xcd, 0xbe, 0x01, 0x18, 0xce, 0xbe, 0x01, 0x48, 0xce, 0xbe,
  0x01, 0x90, 0xce, 0xbe, 0xff, 0xdf, 0xce, 0xbe, 0xff, 0x37, 0xcf, 0xbe,
  0x01, 0xa0, 0xcf, 0xbe, 0x00, 0x00, 0xd0, 0xbe, 0x01, 0x68, 0xd0, 0xbe,
  0xff, 0xbf, 0xd0, 0xbe, 0x00, 0x10, 0xd1, 0xbe, 0x00, 0x58, 0xd1, 0xbe,
  0x00, 0x98, 0xd1, 0xbe, 0x01, 0xd8, 0xd1, 0xbe, 0x00, 0x20, 0xd2, 0xbe,
  0x00, 0x68, 0xd2, 0xbe, 0x00, 0xc0, 0xd2, 0xbe, 0x02, 0x28, 0xd3, 0xbe,
  0x00, 0xa8, 0xd3, 0xbe, 0xfe, 0x37, 0xd4, 0xbe, 0x00, 0xd0, 0xd4, 0xbe,
  0x02, 0x78, 0xd5, 0xbe, 0xff, 0x27, 0xd6, 0xbe, 0x01, 0xd0, 0xd6, 0xbe,
  0xff, 0x7f, 0xd7, 0xbe, 0x01, 0x28, 0xd8, 0xbe, 0x01, 0xc8, 0xd8, 0xbe,
  0x01, 0x68, 0xd9, 0xbe, 0x00, 0x08, 0xda, 0xbe, 0x00, 0xa8, 0xda, 0xbe,
  0x00, 0x48, 0xdb, 0xbe, 0xff, 0xef, 0xdb, 0xbe, 0xff, 0x8f, 0xdc, 0xbe,
  0x01, 0x38, 0xdd, 0xbe, 0x01, 0xf0, 0xdd, 0xbe, 0xff, 0x97, 0xde, 0xbe,
  0xff, 0x4f, 0xdf, 0xbe, 0x01, 0x10, 0xe0, 0xbe, 0xfe, 0xd7, 0xe0, 0xbe,
  0xff, 0x9f, 0xe1, 0xbe, 0x00, 0x80, 0xe2, 0xbe, 0x00, 0x60, 0xe3, 0xbe,
  0x01, 0x40, 0xe4, 0xbe, 0x01, 0x38, 0xe5, 0xbe, 0x01, 0x30, 0xe6, 0xbe,
  0xff, 0x37, 0xe7, 0xbe, 0xff, 0x47, 0xe8, 0xbe, 0xff, 0x6f, 0xe9, 0xbe,
  0x02, 0xa0, 0xea, 0xbe, 0x01, 0xe0, 0xeb, 0xbe, 0xff, 0x2f, 0xed, 0xbe,
  0x01, 0x78, 0xee, 0xbe, 0xfe, 0xaf, 0xef, 0xbe, 0x01, 0xe0, 0xf0, 0xbe,
  0x01, 0xf0, 0xf1, 0xbe, 0x00, 0xd8, 0xf2, 0xbe, 0x00, 0xa8, 0xf3, 0xbe,
  0x00, 0x58, 0xf4, 0xbe, 0x00, 0xf8, 0xf4, 0xbe, 0xff, 0x87, 0xf5, 0xbe,
  0x00, 0x20, 0xf6, 0xbe, 0x00, 0xc0, 0xf6, 0xbe, 0xff, 0x67, 0xf7, 0xbe,
  0x00, 0x30, 0xf8, 0xbe, 0x00, 0xf8, 0xf8, 0xbe, 0xff, 0xcf, 0xf9, 0xbe,
  0x01, 0xb8, 0xfa, 0xbe, 0x01, 0xa0, 0xfb, 0xbe, 0x01, 0x98, 0xfc, 0xbe,
  0x00, 0x98, 0xfd, 0xbe, 0x01, 0x90, 0xfe, 0xbe, 0x01, 0x9c, 0xff, 0xbe,
  0x00, 0x52, 0x00, 0xbf, 0x00, 0xda, 0x00, 0xbf, 0x00, 0x62, 0x01, 0xbf,
  0x00, 0xe6, 0x01, 0xbf, 0x01, 0x6e, 0x02, 0xbf, 0x00, 0xf2, 0x02, 0xbf,
  0x00, 0x6e, 0x03, 0xbf, 0xff, 0xed, 0x03, 0xbf, 0x01, 0x62, 0x04, 0xbf,
  0xff, 0xd1, 0x04, 0xbf, 0x01, 0x3a, 0x05, 0xbf, 0x00, 0x9a, 0x05, 0xbf,
  0x00, 0xea, 0x05, 0xbf, 0xff, 0x31, 0x06, 0xbf, 0x01, 0x6e, 0x06, 0xbf,
  0x01, 0x9a, 0x06, 0xbf, 0x01, 0xbe, 0x06, 0xbf, 0xff, 0xd1, 0x06, 0xbf,
  0x00, 0xd6, 0x06, 0xbf, 0xff, 0xd1, 0x06, 0xbf, 0x01, 0xbe, 0x06, 0xbf,
  0x00, 0x9e, 0x06, 0xbf, 0x01, 0x6e, 0x06, 0xbf, 0x00, 0x2e, 0x06, 0xbf,
  0xff, 0xe1, 0x05, 0xbf, 0x00, 0x86, 0x05, 0xbf, 0x00, 0x1e, 0x05, 0xbf,
  0x01, 0xa6, 0x04, 0xbf, 0x00, 0x22, 0x04, 0xbf, 0x00, 0x8e, 0x03, 0xbf,
  0x00, 0xe6, 0x02, 0xbf, 0x00, 0x36, 0x02, 0xbf, 0x01, 0x72, 0x01, 0xbf,
  0x00, 0x96, 0x00, 0xbf, 0x01, 0x58, 0xff, 0xbe, 0xfe, 0x5f, 0xfd, 0xbe,
  0x00, 0x48, 0xfb, 0xbe, 0xff, 0xe7, 0xf8, 0xbe, 0x01, 0x78, 0xf6, 0xbe,
  0x01, 0xe0, 0xf3, 0xbe, 0x01, 0x08, 0xf1, 0xbe, 0xff, 0x27, 0xee, 0xbe,
  0x01, 0x18, 0xeb, 0xbe, 0x02, 0xc8, 0xe7, 0xbe, 0x00, 0x70, 0xe4, 0xbe,
  0x02, 0xf0, 0xe0, 0xbe, 0x01, 0x20, 0xdd, 0xbe, 0xff, 0x47, 0xd9, 0xbe,
  0xff, 0x47, 0xd5, 0xbe, 0xff, 0x17, 0xd1, 0xbe, 0x01, 0x98, 0xcc, 0xbe,
  0x01, 0x10, 0xc8, 0xbe, 0x00, 0x60, 0xc3, 0xbe, 0xff, 0x57, 0xbe, 0xbe,
  0x01, 0x50, 0xb9, 0xbe, 0x00, 0x18, 0xb4, 0xbe, 0x00, 0x80, 0xae, 0xbe,
  0x02, 0xf0, 0xa8, 0xbe, 0x00, 0x30, 0xa3, 0xbe, 0x01, 0x08, 0x9d, 0xbe,
  0xff, 0xf7, 0x96, 0xbe, 0xff, 0xbf, 0x90, 0xbe, 0x00, 0x68, 0x8a, 0xbe,
  0xff, 0xbf, 0x83, 0xbe, 0x00, 0x80, 0x7a, 0xbe, 0x03, 0x70, 0x6d, 0xbe,
  0x03, 0xc0, 0x5f, 0xbe, 0xfe, 0x5f, 0x52, 0xbe, 0xff, 0xff, 0x44, 0xbe,
  0xfd, 0x2f, 0x37, 0xbe, 0xfe, 0xff, 0x29, 0xbe, 0xfd, 0x0f, 0x1d, 0xbe,
  0x02, 0xf0, 0x0f, 0xbe, 0x02, 0xb0, 0x03, 0xbe, 0x05, 0x80, 0xef, 0xbd,
  0x06, 0x60, 0xd8, 0xbd, 0x00, 0xc0, 0xc0, 0xbd, 0x00, 0x00, 0xaa, 0xbd,
  0x00, 0x20, 0x93, 0xbd, 0xff, 0xff, 0x75, 0xbd, 0x00, 0xc0, 0x45, 0xbd,
  0xff, 0x7f, 0x14, 0xbd, 0x03, 0x80, 0xc0, 0xbc, 0x02, 0x00, 0x34, 0xbc,
  0x01, 0x00, 0xae, 0x3b, 0xfd, 0xff, 0x53, 0x3c, 0x02, 0x80, 0xa6, 0x3c,
  0x02, 0x80, 0xe4, 0x3c, 0xff, 0xff, 0x12, 0x3d, 0x01, 0x40, 0x33, 0x3d,
  0x01, 0xc0, 0x53, 0x3d, 0x00, 0xc0, 0x75, 0x3d, 0x00, 0xa0, 0x8b, 0x3d,
  0x01, 0x80, 0x9c, 0x3d, 0x00, 0x80, 0xae, 0x3d, 0x01, 0x20, 0xc0, 0x3d,
  0xfc, 0x3f, 0xd2, 0x3d, 0xfb, 0xbf, 0xe4, 0x3d, 0x06, 0x60, 0xf8, 0x3d,
  0x02, 0x00, 0x06, 0x3e, 0x00, 0x00, 0x10, 0x3e, 0xff, 0xaf, 0x1a, 0x3e,
  0xff, 0x2f, 0x25, 0x3e, 0xfe, 0xdf, 0x2f, 0x3e, 0x01, 0x00, 0x3b, 0x3e,
  0x00, 0xb0, 0x45, 0x3e, 0xff, 0x5f, 0x50, 0x3e, 0xfe, 0x3f, 0x5b, 0x3e,
  0xfe, 0x8f, 0x65, 0x3e, 0x01, 0xa0, 0x6f, 0x3e, 0xfd, 0x7f, 0x79, 0x3e,
  0xff, 0xb7, 0x81, 0x3e, 0x00, 0x68, 0x86, 0x3e, 0x00, 0x08, 0x8b, 0x3e,
  0x00, 0xd0, 0x8f, 0x3e, 0x01, 0x68, 0x94, 0x3e, 0x01, 0x08, 0x99, 0x3e,
  0xff, 0xe7, 0x9d, 0x3e, 0xff, 0xaf, 0xa2, 0x3e, 0xff, 0x97, 0xa7, 0x3e,
  0x01, 0xc8, 0xac, 0x3e, 0x00, 0xe0, 0xb1, 0x3e, 0xfe, 0x0f, 0xb7, 0x3e,
  0x02, 0x50, 0xbc, 0x3e, 0x01, 0xd8, 0xc1, 0x3e, 0x00, 0x30, 0xc7, 0x3e,
  0x01, 0x98, 0xcc, 0x3e, 0x00, 0x38, 0xd2, 0x3e, 0x01, 0xa0, 0xd7, 0x3e,
  0x00, 0x10, 0xdd, 0x3e, 0x00, 0xa8, 0xe2, 0x3e, 0x00, 0x18, 0xe8, 0x3e,
  0xff, 0x87, 0xed, 0x3e, 0x02, 0x28, 0xf3, 0x3e, 0x00, 0x88, 0xf8, 0x3e,
  0xff, 0xe7, 0xfd, 0x3e, 0x00, 0x9a, 0x01, 0x3f, 0x01, 0x4a, 0x04, 0x3f,
  0x00, 0xda, 0x06, 0x3f, 0xff, 0x59, 0x09, 0x3f, 0x00, 0xe6, 0x0b, 0x3f,
  0x00, 0x46, 0x0e, 0x3f, 0x01, 0x9a, 0x10, 0x3f, 0x01, 0xf6, 0x12, 0x3f,
  0x00, 0x32, 0x15, 0x3f, 0x00, 0x6a, 0x17, 0x3f, 0x00, 0xb2, 0x19, 0x3f,
  0xff, 0xe1, 0x1b, 0x3f, 0x01, 0x12, 0x1e, 0x3f, 0x00, 0x46, 0x20, 0x3f,
  0x00, 0x96, 0x22, 0x3f, 0xff, 0xd1, 0x24, 0x3f, 0x00, 0x12, 0x27, 0x3f,
  0x00, 0x6a, 0x29, 0x3f, 0xff, 0xa9, 0x2b, 0x3f, 0x00, 0xe6, 0x2d, 0x3f,
  0x00, 0x2e, 0x30, 0x3f, 0x00, 0x5a, 0x32, 0x3f, 0xff, 0x75, 0x34, 0x3f,
  0x00, 0x86, 0x36, 0x3f, 0x01, 0x9a, 0x38, 0x3f, 0x00, 0x8a, 0x3a, 0x3f,
  0xff, 0x69, 0x3c, 0x3f, 0x01, 0x4a, 0x3e, 0x3f, 0x01, 0x12, 0x40, 0x3f,
  0x01, 0xce, 0x41, 0x3f, 0xff, 0x91, 0x43, 0x3f, 0xff, 0x41, 0x45, 0x3f,
  0x00, 0xee, 0x46, 0x3f, 0x00, 0xae, 0x48, 0x3f, 0x00, 0x5a, 0x4a, 0x3f,
  0x01, 0x06, 0x4c, 0x3f, 0xff, 0xb5, 0x4d, 0x3f, 0x00, 0x6e, 0x4f, 0x3f,
  0x00, 0x12, 0x51, 0x3f, 0x01, 0xb2, 0x52, 0x3f, 0x00, 0x52, 0x54, 0x3f,
  0xff, 0xd5, 0x55, 0x3f, 0x00, 0x4a, 0x57, 0x3f, 0xff, 0xb9, 0x58, 0x3f,
  0x01, 0x06, 0x5a, 0x3f, 0x00, 0x3e, 0x5b, 0x3f, 0x01, 0x6e, 0x5c, 0x3f,
  0x01, 0x7e, 0x5d, 0x3f, 0x00, 0x7a, 0x5e, 0x3f, 0x00, 0x62, 0x5f, 0x3f,
  0x00, 0x46, 0x60, 0x3f, 0xff, 0x09, 0x61, 0x3f, 0x01, 0xc2, 0x61, 0x3f,
  0xff, 0x69, 0x62, 0x3f, 0x01, 0x02, 0x63, 0x3f, 0x00, 0x86, 0x63, 0x3f,
  0x00, 0xfe, 0x63, 0x3f, 0x00, 0x5e, 0x64, 0x3f, 0x00, 0xae, 0x64, 0x3f,
  0x00, 0xee, 0x64, 0x3f, 0x00, 0x1e, 0x65, 0x3f, 0x00, 0x3e, 0x65, 0x3f,
  0x00, 0x52, 0x65, 0x3f, 0x00, 0x56, 0x65, 0x3f, 0xff, 0x4d, 0x65, 0x3f,
  0x01, 0x3a, 0x65, 0x3f, 0x00, 0x1a, 0x65, 0x3f, 0x00, 0xee, 0x64, 0x3f,
  0x01, 0xb2, 0x64, 0x3f, 0x01, 0x62, 0x64, 0x3f, 0x00, 0x02, 0x64, 0x3f,
  0x00, 0x86, 0x63, 0x3f, 0x00, 0xee, 0x62, 0x3f, 0x00, 0x3a, 0x62, 0x3f,
  0x00, 0x6a, 0x61, 0x3f, 0x00, 0x7a, 0x60, 0x3f, 0x00, 0x5e, 0x5f, 0x3f,
  0x01, 0x2a, 0x5e, 0x3f, 0x00, 0xda, 0x5c, 0x3f, 0x00, 0x62, 0x5b, 0x3f,
  0xff, 0xe1, 0x59, 0x3f, 0x00, 0x52, 0x58, 0x3f, 0x01, 0xa6, 0x56, 0x3f,
  0x01, 0x02, 0x55, 0x3f, 0x00, 0x52, 0x53, 0x3f, 0xff, 0x91, 0x51, 0x3f,
  0x00, 0xde, 0x4f, 0x3f, 0x00, 0x22, 0x4e, 0x3f, 0x00, 0x5e, 0x4c, 0x3f,
  0xff, 0x81, 0x4a, 0x3f, 0x00, 0xaa, 0x48, 0x3f, 0xff, 0xc5, 0x46, 0x3f,
  0x01, 0xbe, 0x44, 0x3f, 0xff, 0xb9, 0x42, 0x3f, 0x00, 0xa2, 0x40, 0x3f,
  0x00, 0x5e, 0x3e, 0x3f, 0x01, 0x1e, 0x3c, 0x3f, 0x00, 0xca, 0x39, 0x3f,
  0x00, 0x4a, 0x37, 0x3f, 0x00, 0xce, 0x34, 0x3f, 0x00, 0x46, 0x32, 0x3f,
  0xff, 0xa9, 0x2f, 0x3f, 0x01, 0xea, 0x2c, 0x3f, 0x00, 0x36, 0x2a, 0x3f,
  0x01, 0x72, 0x27, 0x3f, 0x00, 0x8a, 0x24, 0x3f, 0x00, 0xb2, 0x21, 0x3f,
  0x00, 0xca, 0x1e, 0x3f, 0x00, 0xbe, 0x1b, 0x3f, 0xff, 0xb9, 0x18, 0x3f,
  0xff, 0xa9, 0x15, 0x3f, 0xff, 0x69, 0x12, 0x3f, 0x01, 0x2e, 0x0f, 0x3f,
  0xff, 0xe1, 0x0b, 0x3f, 0x00, 0x7e, 0x08, 0x3f, 0x01, 0xde, 0x04, 0x3f,
  0x00, 0x4a, 0x01, 0x3f, 0xff, 0x37, 0xfb, 0x3e, 0x01, 0x70, 0xf3, 0x3e,
  0x01, 0xb8, 0xeb, 0x3e, 0xff, 0xd7, 0xe3, 0x3e, 0xff, 0x7f, 0xdb, 0x3e,
  0xff, 0x37, 0xd3, 0x3e, 0xff, 0xc7, 0xca, 0x3e, 0xff, 0xcf, 0xc1, 0x3e,
  0x00, 0xf8, 0xb8, 0x3e, 0x01, 0xf8, 0xaf, 0x3e, 0x01, 0xb8, 0xa6, 0x3e,
  0x02, 0xf0, 0x9c, 0x3e, 0x01, 0x58, 0x93, 0x3e, 0x00, 0x98, 0x89, 0x3e,
  0xfe, 0xcf, 0x7e, 0x3e, 0x03, 0xf0, 0x6a, 0x3e, 0x02, 0x10, 0x57, 0x3e,
  0xfe, 0x5f, 0x42, 0x3e, 0xff, 0x6f, 0x2e, 0x3e, 0x02, 0xa0, 0x1a, 0x3e,
  0x02, 0xe0, 0x06, 0x3e, 0x04, 0xe0, 0xe4, 0x3d, 0x00, 0x80, 0xbd, 0x3d,
  0x00, 0x20, 0x96, 0x3d, 0x00, 0x40, 0x5a, 0x3d, 0x00, 0xc0, 0x0a, 0x3d,
  0x04, 0x00, 0x6a, 0x3c, 0x00, 0x00, 0xca, 0xbb, 0xff, 0x7f, 0xd6, 0xbc,
  0xff, 0x3f, 0x3e, 0xbd, 0x00, 0xa0, 0x8a, 0xbd, 0x01, 0x00, 0xb5, 0xbd,
  0xfc, 0xbf, 0xdf, 0xbd, 0xfe, 0x5f, 0x05, 0xbe, 0xfd, 0xcf, 0x1b, 0xbe,
  0xfd, 0x7f, 0x31, 0xbe, 0x01, 0x40, 0x47, 0xbe, 0x02, 0xd0, 0x5d, 0xbe,
  0xfd, 0x9f, 0x73, 0xbe, 0xff, 0xa7, 0x84, 0xbe, 0x00, 0xe8, 0x8f, 0xbe,
  0x00, 0xc0, 0x9a, 0xbe, 0x01, 0x90, 0xa5, 0xbe, 0x00, 0xb8, 0xb0, 0xbe,
  0xff, 0x67, 0xbb, 0xbe, 0x00, 0xf8, 0xc5, 0xbe, 0x00, 0x70, 0xd0, 0xbe,
  0x02, 0x28, 0xdb, 0xbe, 0x01, 0x50, 0xe5, 0xbe, 0x00, 0x48, 0xef, 0xbe,
  0xff, 0x6f, 0xf9, 0xbe, 0x00, 0x86, 0x01, 0xbf, 0x00, 0x3a, 0x06, 0xbf,
  0x01, 0x02, 0x0b, 0xbf, 0x01, 0x8a, 0x0f, 0xbf, 0x00, 0xf6, 0x13, 0xbf,
  0x00, 0x7a, 0x18, 0xbf, 0x01, 0xbe, 0x1c, 0xbf, 0x00, 0xee, 0x20, 0xbf,
  0x00, 0x0e, 0x25, 0xbf, 0x01, 0x3a, 0x29, 0xbf, 0x01, 0x2e, 0x2d, 0xbf,
  0xff, 0x09, 0x31, 0xbf, 0x00, 0xf2, 0x34, 0xbf, 0x01, 0xa6, 0x38, 0xbf,
  0xff, 0x3d, 0x3c, 0xbf, 0x00, 0xea, 0x3f, 0xbf, 0xff, 0x59, 0x43, 0xbf,
  0xff, 0xb9, 0x46, 0xbf, 0xff, 0x25, 0x4a, 0xbf, 0x00, 0x5e, 0x4d, 0xbf,
  0x00, 0x86, 0x50, 0xbf, 0xff, 0x9d, 0x53, 0xbf, 0xff, 0xb9, 0x56, 0xbf,
  0x00, 0xa2, 0x59, 0xbf, 0x01, 0x6e, 0x5c, 0xbf, 0x00, 0x36, 0x5f, 0xbf,
  0x01, 0xc2, 0x61, 0xbf, 0x01, 0x2a, 0x64, 0xbf, 0xff, 0x81, 0x66, 0xbf,
  0x01, 0x9a, 0x68, 0xbf, 0xff, 0x8d, 0x6a, 0xbf, 0xff, 0x69, 0x6c, 0xbf,
  0x01, 0x12, 0x6e, 0xbf, 0x00, 0x9a, 0x6f, 0xbf, 0x00, 0x06, 0x71, 0xbf,
  0x01, 0x62, 0x72, 0xbf, 0x00, 0xa2, 0x73, 0xbf, 0x00, 0xce, 0x74, 0xbf,
  0x00, 0xf6, 0x75, 0xbf, 0xff, 0x09, 0x77, 0xbf, 0x00, 0x0e, 0x78, 0xbf,
  0x00, 0x0e, 0x79, 0xbf, 0x00, 0xf2, 0x79, 0xbf, 0x00, 0xca, 0x7a, 0xbf,
  0xff, 0x9d, 0x7b, 0xbf, 0x00, 0x5a, 0x7c, 0xbf, 0x00, 0x06, 0x7d, 0xbf,
  0x00, 0xa6, 0x7d, 0xbf, 0xff, 0x3d, 0x7e, 0xbf, 0x00, 0xc2, 0x7e, 0xbf,
  0x00, 0x36, 0x7f, 0xbf, 0x00, 0xa4, 0x7f, 0xbf, 0x00, 0xfe, 0x7f, 0xbf,
  0x00, 0xfe, 0x7f, 0xbf, 0x00, 0xfe, 0x7f, 0xbf, 0x00, 0xfe, 0x7f, 0xbf,
  0x00, 0xfe, 0x7f, 0xbf, 0x00, 0xfe, 0x7f, 0xbf, 0x00, 0xfe, 0x7f, 0xbf,
  0x00, 0xfe, 0x7f, 0xbf, 0x01, 0x8a, 0x7f, 0xbf, 0x01, 0xea, 0x7e, 0xbf,
  0x00, 0x2e, 0x7e, 0xbf, 0x00, 0x52, 0x7d, 0xbf, 0x00, 0x52, 0x7c, 0xbf,
  0x00, 0x3e, 0x7b, 0xbf, 0x01, 0x12, 0x7a, 0xbf, 0xff, 0xc5, 0x78, 0xbf,
  0x00, 0x6e, 0x77, 0xbf, 0x01, 0x06, 0x76, 0xbf, 0x00, 0x7e, 0x74, 0xbf,
  0x00, 0xee, 0x72, 0xbf, 0xff, 0x4d, 0x71, 0xbf, 0x00, 0x9a, 0x6f, 0xbf,
  0x01, 0xc2, 0x6d, 0xbf, 0x00, 0xe6, 0x6b, 0xbf, 0x00, 0xf2, 0x69, 0xbf,
  0xff, 0xd5, 0x67, 0xbf, 0x00, 0xba, 0x65, 0xbf, 0x00, 0x82, 0x63, 0xbf,
  0xff, 0x21, 0x61, 0xbf, 0x01, 0xbe, 0x5e, 0xbf, 0x00, 0x46, 0x5c, 0xbf,
  0x00, 0xa6, 0x59, 0xbf, 0xff, 0x09, 0x57, 0xbf, 0x00, 0x5e, 0x54, 0xbf,
  0x00, 0xa6, 0x51, 0xbf, 0x00, 0xca, 0x4e, 0xbf, 0x00, 0xfe, 0x4b, 0xbf,
  0x00, 0x2a, 0x49, 0xbf, 0x00, 0x3a, 0x46, 0xbf, 0xff, 0x59, 0x43, 0xbf,
  0x00, 0x72, 0x40, 0xbf, 0x00, 0x6a, 0x3d, 0xbf, 0x00, 0x7a, 0x3a, 0xbf,
  0x00, 0x86, 0x37, 0xbf, 0xff, 0x8d, 0x34, 0xbf, 0x00, 0x76, 0x31, 0xbf,
  0x00, 0x7a, 0x2e, 0xbf, 0x01, 0x7e, 0x2b, 0xbf, 0x01, 0x62, 0x28, 0xbf,
  0xff, 0x65, 0x25, 0xbf, 0x00, 0x66, 0x22, 0xbf, 0x00, 0x4a, 0x1f, 0xbf,
  0x01, 0x4a, 0x1c, 0xbf, 0x01, 0x46, 0x19, 0xbf, 0xff, 0x25, 0x16, 0xbf,
  0x00, 0x1e, 0x13, 0xbf, 0x01, 0x12, 0x10, 0xbf, 0x01, 0x02, 0x0d, 0xbf,
  0x01, 0xce, 0x09, 0xbf, 0x00, 0xb6, 0x06, 0xbf, 0xff, 0x9d, 0x03, 0xbf,
  0x01, 0x62, 0x00, 0xbf, 0x01, 0x78, 0xfa, 0xbe, 0x01, 0x28, 0xf4, 0xbe,
  0xff, 0x87, 0xed, 0xbe, 0x01, 0x18, 0xe7, 0xbe, 0x00, 0x88, 0xe0, 0xbe,
  0x01, 0xa8, 0xd9, 0xbe, 0x00, 0xf0, 0xd2, 0xbe, 0xff, 0x1f, 0xcc, 0xbe,
  0x01, 0x38, 0xc5, 0xbe, 0x01, 0xf0, 0xbd, 0xbe, 0x01, 0xe8, 0xb6, 0xbe,
  0x00, 0xd0, 0xaf, 0xbe, 0xff, 0x77, 0xa8, 0xbe, 0x01, 0x68, 0xa1, 0xbe,
  0x00, 0x68, 0x9a, 0xbe, 0xff, 0x37, 0x93, 0xbe, 0x01, 0x68, 0x8c, 0xbe,
  0x00, 0xb0, 0x85, 0xbe, 0xfe, 0x8f, 0x7d, 0xbe, 0xfd, 0x6f, 0x70, 0xbe,
  0x02, 0x80, 0x63, 0xbe, 0xfe, 0xcf, 0x56, 0xbe, 0x03, 0xe0, 0x49, 0xbe,
  0x00, 0xb0, 0x3d, 0xbe, 0xff, 0xcf, 0x31, 0xbe, 0x02, 0xd0, 0x25, 0xbe,
  0x00, 0x80, 0x1a, 0xbe, 0x03, 0x90, 0x0f, 0xbe, 0x00, 0xa0, 0x04, 0xbe,
  0xfb, 0xbf, 0xf4, 0xbd, 0xfa, 0xdf, 0xe0, 0xbd, 0x00, 0xa0, 0xcc, 0xbd,
  0x00, 0x60, 0xb9, 0xbd, 0x00, 0x40, 0xa6, 0xbd, 0x00, 0x20, 0x93, 0xbd,
  0x00, 0x00, 0x7e, 0xbd, 0x00, 0xc0, 0x56, 0xbd, 0xff, 0xbf, 0x2e, 0xbd,
  0x01, 0x40, 0x04, 0xbd, 0x02, 0x00, 0xb6, 0xbc, 0xff, 0xff, 0x43, 0xbc,
  0xfe, 0xff, 0xa7, 0xba, 0x00, 0x00, 0x15, 0x3c, 0x00, 0x00, 0xa0, 0x3c,
  0x01, 0x00, 0xf9, 0x3c, 0xff, 0xff, 0x26, 0x3d, 0x00, 0x80, 0x51, 0x3d,
  0x01, 0x80, 0x7b, 0x3d, 0x00, 0x60, 0x93, 0x3d, 0x00, 0x00, 0xa8, 0x3d,
  0x00, 0xa0, 0xbc, 0x3d, 0x01, 0xc0, 0xd1, 0x3d, 0xfd, 0x1f, 0xe6, 0x3d,
  0xfe, 0x5f, 0xfa, 0x3d, 0x01, 0xa0, 0x07, 0x3e, 0xfd, 0xaf, 0x11, 0x3e,
  0x02, 0xb0, 0x1b, 0x3e, 0x02, 0x00, 0x26, 0x3e, 0x02, 0xf0, 0x2f, 0x3e,
  0xff, 0xcf, 0x39, 0x3e, 0xfd, 0x9f, 0x43, 0x3e, 0x00, 0xb0, 0x4d, 0x3e,
  0xfd, 0x2f, 0x57, 0x3e, 0xff, 0x8f, 0x60, 0x3e, 0xfe, 0xff, 0x69, 0x3e,
  0xff, 0xdf, 0x72, 0x3e, 0xfe, 0x6f, 0x7b, 0x3e, 0x00, 0xf8, 0x81, 0x3e,
  0x00, 0xe0, 0x85, 0x3e, 0xff, 0x9f, 0x89, 0x3e, 0x00, 0x58, 0x8d, 0x3e,
  0xff, 0xbf, 0x90, 0x3e, 0xff, 0x07, 0x94, 0x3e, 0xff, 0x1f, 0x97, 0x3e,
  0x00, 0x38, 0x9a, 0x3e, 0x00, 0x10, 0x9d, 0x3e, 0x00, 0xd0, 0x9f, 0x3e,
  0xfe, 0x87, 0xa2, 0x3e, 0x01, 0x08, 0xa5, 0x3e, 0x00, 0x78, 0xa7, 0x3e,
  0x01, 0xd8, 0xa9, 0x3e, 0xff, 0x07, 0xac, 0x3e, 0x00, 0x08, 0xae, 0x3e,
  0xff, 0xef, 0xaf, 0x3e, 0x00, 0x98, 0xb1, 0x3e, 0x01, 0x00, 0xb3, 0x3e,
  0xfe, 0x37, 0xb4, 0x3e, 0xff, 0x2f, 0xb5, 0x3e, 0x00, 0xe0, 0xb5, 0x3e,
  0x01, 0x48, 0xb6, 0x3e, 0x01, 0x78, 0xb6, 0x3e, 0xff, 0x6f, 0xb6, 0x3e,
  0x01, 0x30, 0xb6, 0x3e, 0x00, 0xc8, 0xb5, 0x3e, 0x00, 0x40, 0xb5, 0x3e,
  0x00, 0xa0, 0xb4, 0x3e, 0xff, 0xef, 0xb3, 0x3e, 0x00, 0x30, 0xb3, 0x3e,
  0x01, 0x78, 0xb2, 0x3e, 0x00, 0xb0, 0xb1, 0x3e, 0xfe, 0xd7, 0xb0, 0x3e,
  0x00, 0x00, 0xb0, 0x3e, 0x01, 0x18, 0xaf, 0x3e, 0xff, 0x0f, 0xae, 0x3e,
  0xff, 0xff, 0xac, 0x3e, 0xff, 0xd7, 0xab, 0x3e, 0x01, 0x90, 0xaa, 0x3e,
  0x00, 0x28, 0xa9, 0x3e, 0x00, 0xa8, 0xa7, 0x3e, 0x00, 0x08, 0xa6, 0x3e,
  0xfe, 0x37, 0xa4, 0x3e, 0x00, 0x68, 0xa2, 0x3e, 0xff, 0x77, 0xa0, 0x3e,
  0xff, 0x57, 0x9e, 0x3e, 0xfe, 0x37, 0x9c, 0x3e, 0xfe, 0xff, 0x99, 0x3e,
  0x01, 0xa0, 0x97, 0x3e, 0x01, 0x38, 0x95, 0x3e, 0xff, 0xc7, 0x92, 0x3e,
  0xff, 0x1f, 0x90, 0x3e, 0x00, 0x80, 0x8d, 0x3e, 0x01, 0xd0, 0x8a, 0x3e,
  0xff, 0x07, 0x88, 0x3e, 0xff, 0x17, 0x85, 0x3e, 0x00, 0x38, 0x82, 0x3e,
  0x03, 0x80, 0x7e, 0x3e, 0x02, 0x50, 0x78, 0x3e, 0xfe, 0x2f, 0x72, 0x3e,
  0x03, 0x00, 0x6c, 0x3e, 0xfe, 0x8f, 0x65, 0x3e, 0x01, 0x40, 0x5f, 0x3e,
  0xfe, 0xef, 0x58, 0x3e, 0x00, 0x50, 0x52, 0x3e, 0x01, 0xe0, 0x4b, 0x3e,
  0x01, 0x50, 0x45, 0x3e, 0xfe, 0x9f, 0x3e, 0x3e, 0x01, 0xa0, 0x37, 0x3e,
  0x01, 0xb0, 0x30, 0x3e, 0xff, 0x9f, 0x29, 0x3e, 0xfe, 0x2f, 0x22, 0x3e,
  0xff, 0xdf, 0x1a, 0x3e, 0x00, 0x60, 0x13, 0x3e, 0x00, 0x90, 0x0b, 0x3e,
  0x01, 0x10, 0x04, 0x3e, 0x00, 0x40, 0xf9, 0x3d, 0xfa, 0x1f, 0xea, 0x3d,
  0x03, 0x00, 0xdc, 0x3d, 0xfa, 0x5f, 0xce, 0x3d, 0x00, 0x60, 0xc1, 0x3d,
  0x00, 0xa0, 0xb4, 0x3d, 0x00, 0x20, 0xa9, 0x3d, 0x00, 0x20, 0x9e, 0x3d,
  0x00, 0x60, 0x93, 0x3d, 0x00, 0x80, 0x89, 0x3d, 0x00, 0x00, 0x80, 0x3d,
  0x01, 0x00, 0x6d, 0x3d, 0x01, 0x00, 0x5b, 0x3d, 0x01, 0x00, 0x49, 0x3d,
  0x00, 0x40, 0x36, 0x3d, 0xff, 0xff, 0x23, 0x3d, 0x01, 0xc0, 0x11, 0x3d,
  0xfd, 0x7f, 0xff, 0x3c, 0x01, 0x00, 0xda, 0x3c, 0xff, 0x7f, 0xb5, 0x3c,
  0x03, 0x00, 0x91, 0x3c, 0xfc, 0xff, 0x55, 0x3c, 0x00, 0x00, 0x0c, 0x3c,
  0x00, 0x00, 0x82, 0x3b, 0xff, 0xff, 0x4f, 0xba, 0x00, 0x00, 0xb4, 0xbb,
  0x04, 0x00, 0x28, 0xbc, 0xfc, 0xff, 0x78, 0xbc, 0x02, 0x80, 0xa4, 0xbc,
  0xfe, 0xff, 0xcc, 0xbc, 0xff, 0x7f, 0xf5, 0xbc, 0xff, 0xbf, 0x0f, 0xbd,
  0x01, 0xc0, 0x23, 0xbd, 0x00, 0xc0, 0x37, 0xbd, 0xff, 0x3f, 0x4c, 0xbd,
  0xff, 0xbf, 0x5f, 0xbd, 0xff, 0xff, 0x72, 0xbd, 0x00, 0x60, 0x83, 0xbd,
  0x01, 0xc0, 0x8c, 0xbd, 0x00, 0x00, 0x96, 0xbd, 0xff, 0x5f, 0x9f, 0xbd,
  0x01, 0x20, 0xa8, 0xbd, 0x01, 0xa0, 0xb0, 0xbd, 0x01, 0xe0, 0xb8, 0xbd,
  0x00, 0x20, 0xc1, 0xbd, 0x01, 0xa0, 0xc8, 0xbd, 0x05, 0xe0, 0xcf, 0xbd,
  0x04, 0x00, 0xd7, 0xbd, 0xfc, 0x9f, 0xdd, 0xbd, 0x01, 0xe0, 0xe3, 0xbd,
  0x03, 0xe0, 0xe9, 0xbd, 0x05, 0x80, 0xef, 0xbd, 0x00, 0xa0, 0xf4, 0xbd,
  0xfa, 0xbf, 0xf9, 0xbd, 0xff, 0x3f, 0xfe, 0xbd, 0x00, 0x40, 0x01, 0xbe,
  0x00, 0x30, 0x03, 0xbe, 0xfd, 0x0f, 0x05, 0xbe, 0x03, 0xb0, 0x06, 0xbe,
  0x00, 0x30, 0x08, 0xbe, 0x01, 0x90, 0x09, 0xbe, 0xfd, 0xbf, 0x0a, 0xbe,
  0xfd, 0xcf, 0x0b, 0xbe, 0x00, 0xd0, 0x0c, 0xbe, 0x02, 0xa0, 0x0d, 0xbe,
  0x01, 0x60, 0x0e, 0xbe, 0xfd, 0xff, 0x0e, 0xbe, 0xff, 0x7f, 0x0f, 0xbe,
  0x02, 0xf0, 0x0f, 0xbe, 0xfd, 0x3f, 0x10, 0xbe, 0x01, 0x80, 0x10, 0xbe,
  0x03, 0xa0, 0x10, 0xbe, 0xff, 0xbf, 0x10, 0xbe, 0xff, 0xbf, 0x10, 0xbe,
  0xff, 0xbf, 0x10, 0xbe, 0x03, 0xa0, 0x10, 0xbe, 0x01, 0x80, 0x10, 0xbe,
  0xff, 0x5f, 0x10, 0xbe, 0x02, 0x20, 0x10, 0xbe, 0xfe, 0xdf, 0x0f, 0xbe,
  0xff, 0x7f, 0x0f, 0xbe, 0xff, 0x1f, 0x0f, 0xbe, 0x00, 0xc0, 0x0e, 0xbe,
  0xff, 0x3f, 0x0e, 0xbe, 0x00, 0xb0, 0x0d, 0xbe, 0xfd, 0x0f, 0x0d, 0xbe,
  0x03, 0x60, 0x0c, 0xbe, 0xfd, 0x9f, 0x0b, 0xbe, 0xfd, 0xbf, 0x0a, 0xbe,
  0xff, 0xcf, 0x09, 0xbe, 0x03, 0xd0, 0x08, 0xbe, 0xfe, 0xaf, 0x07, 0xbe,
  0x03, 0x80, 0x06, 0xbe, 0x01, 0x20, 0x05, 0xbe, 0xfd, 0x9f, 0x03, 0xbe,
  0x03, 0x10, 0x02, 0xbe, 0xfd, 0x3f, 0x00, 0xbe, 0x02, 0xc0, 0xfc, 0xbd,
  0x01, 0xe0, 0xf8, 0xbd, 0x05, 0x80, 0xf4, 0xbd, 0x05, 0xe0, 0xef, 0xbd,
  0x06, 0xe0, 0xea, 0xbd, 0xfa, 0x1f, 0xe5, 0xbd, 0x02, 0xe0, 0xde, 0xbd,
  0xfe, 0xdf, 0xd7, 0xbd, 0x04, 0x40, 0xd0, 0xbd, 0xff, 0x5f, 0xc7, 0xbd,
  0x00, 0x00, 0xbe, 0xbd, 0x00, 0xa0, 0xb3, 0xbd, 0x00, 0x40, 0xa8, 0xbd,
  0x00, 0x60, 0x9c, 0xbd, 0x00, 0x00, 0x90, 0xbd, 0x00, 0xa0, 0x82, 0xbd,
  0x01, 0x80, 0x6a, 0xbd, 0xff, 0x3f, 0x4f, 0xbd, 0x01, 0xc0, 0x32, 0xbd,
  0xff, 0xff, 0x16, 0xbd, 0x02, 0x00, 0xf6, 0xbc, 0x00, 0x00, 0xbe, 0xbc,
  0xff, 0xff, 0x82, 0xbc, 0x00, 0x00, 0x13, 0xbc, 0x03, 0x00, 0xf0, 0xba,
  0xfe, 0xff, 0x7f, 0x39, 0xff, 0xff, 0x6b, 0x3b, 0x00, 0x00, 0xe4, 0x3b,
  0x04, 0x00, 0x2a, 0x3c, 0x05, 0x00, 0x60, 0x3c, 0xfe, 0xff, 0x8a, 0x3c,
  0x02, 0x80, 0xa5, 0x3c, 0x02, 0x80, 0xc1, 0x3c, 0x01, 0x00, 0xdc, 0x3c,
  0xff, 0x7f, 0xf6, 0x3c, 0x00, 0xc0, 0x08, 0x3d, 0xff, 0xff, 0x15, 0x3d,
  0x01, 0x40, 0x23, 0x3d, 0x01, 0xc0, 0x30, 0x3d, 0xff, 0xbf, 0x3d, 0x3d,
  0x00, 0xc0, 0x4a, 0x3d, 0x00, 0xc0, 0x57, 0x3d, 0xff, 0xff, 0x64, 0x3d,
  0x00, 0x00, 0x72, 0x3d, 0xff, 0xbf, 0x7e, 0x3d, 0x00, 0x00, 0x86, 0x3d,
  0x00, 0x60, 0x8c, 0x3d, 0x00, 0xa0, 0x92, 0x3d, 0x00, 0x40, 0x99, 0x3d,
  0xff, 0x9f, 0x9f, 0x3d, 0x00, 0xe0, 0xa5, 0x3d, 0x01, 0x80, 0xac, 0x3d,
  0x00, 0xe0, 0xb2, 0x3d, 0x00, 0x60, 0xb9, 0x3d, 0xff, 0xdf, 0xbf, 0x3d,
  0x00, 0xc0, 0xc6, 0x3d, 0x05, 0x60, 0xcd, 0x3d, 0xfd, 0xff, 0xd3, 0x3d,
  0xfc, 0x1f, 0xdb, 0x3d, 0x00, 0x20, 0xe2, 0x3d, 0x05, 0x20, 0xe9, 0x3d,
  0x03, 0xa0, 0xf0, 0x3d, 0x07, 0x00, 0xf8, 0x3d, 0x05, 0x80, 0xff, 0x3d,
  0xff, 0xbf, 0x03, 0x3e, 0xfe, 0xaf, 0x07, 0x3e, 0x02, 0xb0, 0x0b, 0x3e,
  0x03, 0xc0, 0x0f, 0x3e, 0xff, 0x1f, 0x14, 0x3e, 0x01, 0x80, 0x18, 0x3e,
  0xff, 0xff, 0x1c, 0x3e, 0x03, 0xe0, 0x21, 0x3e, 0x03, 0xb0, 0x26, 0x3e,
  0xff, 0xbf, 0x2b, 0x3e, 0x02, 0x30, 0x31, 0x3e, 0xfe, 0x9f, 0x36, 0x3e,
  0xfe, 0x4f, 0x3c, 0x3e, 0x02, 0x70, 0x42, 0x3e, 0x03, 0xa0, 0x48, 0x3e,
  0x02, 0x10, 0x4f, 0x3e, 0x00, 0xb0, 0x55, 0x3e, 0x00, 0xd0, 0x5c, 0x3e,
  0xff, 0xef, 0x63, 0x3e, 0x02, 0x50, 0x6b, 0x3e, 0x00, 0x30, 0x73, 0x3e,
  0x03, 0x20, 0x7b, 0x3e, 0xff, 0x9f, 0x81, 0x3e, 0x00, 0xf8, 0x85, 0x3e,
  0x01, 0x48, 0x8a, 0x3e, 0x00, 0xc0, 0x8e, 0x3e, 0xff, 0x7f, 0x93, 0x3e,
  0xfe, 0x37, 0x98, 0x3e, 0x00, 0x10, 0x9d, 0x3e, 0xff, 0x0f, 0xa2, 0x3e,
  0x01, 0x58, 0xa7, 0x3e, 0xff, 0x8f, 0xac, 0x3e, 0xff, 0xe7, 0xb1, 0x3e,
  0x00, 0x90, 0xb7, 0x3e, 0x00, 0x28, 0xbd, 0x3e, 0xff, 0xdf, 0xc2, 0x3e,
  0xff, 0xe7, 0xc8, 0x3e, 0xff, 0xdf, 0xce, 0x3e, 0x02, 0xf0, 0xd4, 0x3e,
  0x01, 0x58, 0xdb, 0x3e, 0x01, 0xa8, 0xe1, 0x3e, 0x00, 0x18, 0xe8, 0x3e,
  0xff, 0x97, 0xee, 0x3e, 0x02, 0x78, 0xf5, 0x3e, 0xfe, 0x37, 0xfc, 0x3e,
  0x01, 0x8a, 0x01, 0x3f, 0x00, 0x1e, 0x05, 0x3f, 0x00, 0xa2, 0x08, 0x3f,
  0x00, 0x2e, 0x0c, 0x3f, 0xff, 0xe1, 0x0f, 0x3f, 0x01, 0x7e, 0x13, 0x3f,
  0x00, 0x1e, 0x17, 0x3f, 0x00, 0xe6, 0x1a, 0x3f, 0x00, 0x8a, 0x1e, 0x3f,
  0xff, 0x31, 0x22, 0x3f, 0x01, 0xda, 0x25, 0x3f, 0xff, 0x9d, 0x29, 0x3f,
  0xff, 0x41, 0x2d, 0x3f, 0x01, 0xde, 0x30, 0x3f, 0x00, 0x92, 0x34, 0x3f,
  0xff, 0x25, 0x38, 0x3f, 0x00, 0xae, 0x3b, 0x3f, 0x00, 0x52, 0x3f, 0x3f,
  0x00, 0xca, 0x42, 0x3f, 0x00, 0x3a, 0x46, 0x3f, 0x00, 0xba, 0x49, 0x3f,
  0x00, 0x12, 0x4d, 0x3f, 0x01, 0x56, 0x50, 0x3f, 0x01, 0x8a, 0x53, 0x3f,
  0x00, 0xca, 0x56, 0x3f, 0x01, 0xda, 0x59, 0x3f, 0x00, 0xd6, 0x5c, 0x3f,
  0xff, 0xd5, 0x5f, 0x3f, 0x00, 0xa2, 0x62, 0x3f, 0x00, 0x56, 0x65, 0x3f,
  0x00, 0x0a, 0x68, 0x3f, 0xff, 0x8d, 0x6a, 0x3f, 0x01, 0xf6, 0x6c, 0x3f,
  0xff, 0x59, 0x6f, 0x3f, 0x01, 0x8a, 0x71, 0x3f, 0x00, 0x9a, 0x73, 0x3f,
  0x00, 0x8e, 0x75, 0x3f, 0x00, 0x76, 0x77, 0x3f, 0x00, 0x2a, 0x79, 0x3f,
  0xff, 0xb9, 0x7a, 0x3f, 0x00, 0x36, 0x7c, 0x3f, 0x01, 0x7e, 0x7d, 0x3f,
  0x00, 0xa2, 0x7e, 0x3f, 0x01, 0xac, 0x7f, 0x3f, 0x00, 0xfe, 0x7f, 0x3f,
  0x00, 0xfe, 0x7f, 0x3f, 0x00, 0xfe, 0x7f, 0x3f, 0x00, 0xfe, 0x7f, 0x3f,
  0x00, 0xfe, 0x7f, 0x3f, 0x00, 0xfe, 0x7f, 0x3f, 0x00, 0xfe, 0x7f, 0x3f,
  0x00, 0xfe, 0x7f, 0x3f, 0x00, 0xfe, 0x7f, 0x3f, 0x00, 0xfe, 0x7f, 0x3f,
  0x00, 0xfe, 0x7f, 0x3f, 0x00, 0xc4, 0x7f, 0x3f, 0xff, 0xb9, 0x7e, 0x3f,
  0xff, 0x91, 0x7d, 0x3f, 0x00, 0x46, 0x7c, 0x3f, 0xff, 0xd1, 0x7a, 0x3f,
  0x00, 0x26, 0x79, 0x3f, 0xff, 0x65, 0x77, 0x3f, 0x01, 0x7e, 0x75, 0x3f,
  0xff, 0x59, 0x73, 0x3f, 0x00, 0x26, 0x71, 0x3f, 0x00, 0xca, 0x6e, 0x3f,
  0xff, 0x31, 0x6c, 0x3f, 0x00, 0x8e, 0x69, 0x3f, 0x00, 0xc2, 0x66, 0x3f,
  0x00, 0xba, 0x63, 0x3f, 0x01, 0xa6, 0x60, 0x3f, 0x01, 0x72, 0x5d, 0x3f,
  0x00, 0x1a, 0x5a, 0x3f, 0x00, 0x7e, 0x56, 0x3f, 0x00, 0xe2, 0x52, 0x3f,
  0x00, 0x26, 0x4f, 0x3f, 0x00, 0x26, 0x4b, 0x3f, 0x00, 0x26, 0x47, 0x3f,
  0x00, 0x0e, 0x43, 0x3f, 0x00, 0xae, 0x3e, 0x3f, 0x00, 0x5e, 0x3a, 0x3f,
  0x00, 0xf6, 0x35, 0x3f, 0x00, 0x4a, 0x31, 0x3f, 0x01, 0xb2, 0x2c, 0x3f,
  0x00, 0x0a, 0x28, 0x3f, 0x00, 0x52, 0x23, 0x3f, 0x00, 0x5a, 0x1e, 0x3f,
  0x00, 0x86, 0x19, 0x3f, 0x00, 0xa2, 0x14, 0x3f, 0x00, 0x82, 0x0f, 0x3f,
  0x00, 0x8a, 0x0a, 0x3f, 0x00, 0x86, 0x05, 0x3f, 0x00, 0x46, 0x00, 0x3f,
  0x01, 0x60, 0xf6, 0x3e, 0x01, 0x28, 0xec, 0x3e, 0x00, 0x80, 0xe1, 0x3e,
  0xff, 0x37, 0xd7, 0x3e, 0x01, 0xe0, 0xcc, 0x3e, 0x01, 0x90, 0xc2, 0x3e,
  0x00, 0xd0, 0xb7, 0x3e, 0x00, 0x80, 0xad, 0x3e, 0x02, 0x28, 0xa3, 0x3e,
  0x01, 0x80, 0x98, 0x3e, 0x00, 0x38, 0x8e, 0x3e, 0x00, 0x00, 0x84, 0x3e,
  0xff, 0xdf, 0x72, 0x3e, 0x01, 0x90, 0x5e, 0x3e, 0xfe, 0x5f, 0x4a, 0x3e,
  0x02, 0xa0, 0x35, 0x3e, 0x01, 0xc0, 0x21, 0x3e, 0xff, 0x0f, 0x0e, 0x3e,
  0xfa, 0x1f, 0xf5, 0x3d, 0xfc, 0x3f, 0xcd, 0x3d, 0x00, 0x40, 0xa7, 0x3d,
  0x00, 0xc0, 0x81, 0x3d, 0xff, 0xff, 0x36, 0x3d, 0x01, 0x00, 0xdd, 0x3c,
  0x01, 0x00, 0x1d, 0x3c, 0x00, 0x00, 0x05, 0xbc, 0x01, 0x80, 0xcb, 0xbc,
  0x00, 0xc0, 0x28, 0xbd, 0xff, 0xbf, 0x6c, 0xbd, 0x00, 0x80, 0x96, 0xbd,
  0x00, 0xc0, 0xb5, 0xbd, 0xfc, 0x5f, 0xd4, 0xbd, 0xf9, 0x5f, 0xf3, 0xbd,
  0xfd, 0x3f, 0x08, 0xbe, 0x01, 0x60, 0x16, 0xbe, 0xfe, 0xaf, 0x24, 0xbe,
  0x00, 0x20, 0x32, 0xbe, 0xff, 0x1f, 0x3f, 0xbe, 0x01, 0x40, 0x4c, 0xbe,
  0xff, 0x8f, 0x58, 0xbe, 0x00, 0x70, 0x64, 0xbe, 0xfd, 0x6f, 0x70, 0xbe,
  0x00, 0x90, 0x7b, 0xbe, 0x02, 0x28, 0x83, 0xbe, 0x00, 0x58, 0x88, 0xbe,
  0x01, 0x90, 0x8d, 0xbe, 0x01, 0x60, 0x92, 0xbe, 0x01, 0x00, 0x97, 0xbe,
  0x01, 0xa0, 0x9b, 0xbe, 0x01, 0xe0, 0x9f, 0xbe, 0x01, 0xf8, 0xa3, 0xbe,
  0xff, 0x07, 0xa8, 0xbe, 0x02, 0xc8, 0xab, 0xbe, 0x00, 0x60, 0xaf, 0xbe,
  0x00, 0xf0, 0xb2, 0xbe, 0x01, 0x30, 0xb6, 0xbe, 0x01, 0x50, 0xb9, 0xbe,
  0xff, 0x47, 0xbc, 0xbe, 0x00, 0x30, 0xbf, 0xbe, 0x01, 0xd8, 0xc1, 0xbe,
  0x00, 0x58, 0xc4, 0xbe, 0x00, 0xd8, 0xc6, 0xbe, 0xff, 0x17, 0xc9, 0xbe,
  0xff, 0x37, 0xcb, 0xbe, 0x01, 0x50, 0xcd, 0xbe, 0x01, 0x40, 0xcf, 0xbe,
  0x00, 0x10, 0xd1, 0xbe, 0x00, 0xd8, 0xd2, 0xbe, 0xff, 0x77, 0xd4, 0xbe,
  0x00, 0x08, 0xd6, 0xbe, 0x01, 0x88, 0xd7, 0xbe, 0xff, 0xff, 0xd8, 0xbe,
  0x00, 0x50, 0xda, 0xbe, 0xff, 0x97, 0xdb, 0xbe, 0xfe, 0xd7, 0xdc, 0xbe,
  0x02, 0x00, 0xde, 0xbe, 0xff, 0x1f, 0xdf, 0xbe, 0x01, 0x40, 0xe0, 0xbe,
  0x01, 0x50, 0xe1, 0xbe, 0x01, 0x60, 0xe2, 0xbe, 0x00, 0x78, 0xe3, 0xbe,
  0x01, 0x98, 0xe4, 0xbe, 0x00, 0xb0, 0xe5, 0xbe, 0x00, 0xd8, 0xe6, 0xbe,
  0x01, 0x10, 0xe8, 0xbe, 0x01, 0x50, 0xe9, 0xbe, 0xff, 0x97, 0xea, 0xbe,
  0x00, 0x00, 0xec, 0xbe, 0x01, 0x68, 0xed, 0xbe, 0x00, 0xd8, 0xee, 0xbe,
  0x00, 0x70, 0xf0, 0xbe, 0xfe, 0xff, 0xf1, 0xbe, 0x01, 0xa0, 0xf3, 0xbe,
  0x00, 0x58, 0xf5, 0xbe, 0x02, 0x28, 0xf7, 0xbe, 0x00, 0xf8, 0xf8, 0xbe,
  0x00, 0xd8, 0xfa, 0xbe, 0xfe, 0xd7, 0xfc, 0xbe, 0x00, 0xd8, 0xfe, 0xbe,
  0x00, 0x72, 0x00, 0xbf, 0x01, 0x8a, 0x01, 0xbf, 0x00, 0x9e, 0x02, 0xbf,
  0x00, 0xba, 0x03, 0xbf, 0x01, 0xea, 0x04, 0xbf, 0x00, 0x16, 0x06, 0xbf,
  0x00, 0x4a, 0x07, 0xbf, 0xff, 0x81, 0x08, 0xbf, 0x01, 0xce, 0x09, 0xbf,
  0xff, 0x15, 0x0b, 0xbf, 0x01, 0x62, 0x0c, 0xbf, 0x01, 0xc2, 0x0d, 0xbf,
  0xff, 0x15, 0x0f, 0xbf, 0x00, 0x72, 0x10, 0xbf, 0x00, 0xde, 0x11, 0xbf,
  0xff, 0x41, 0x13, 0xbf, 0x00, 0xaa, 0x14, 0xbf, 0x01, 0x1e, 0x16, 0xbf,
  0x01, 0x8a, 0x17, 0xbf, 0x00, 0xfa, 0x18, 0xbf, 0xff, 0x69, 0x1a, 0xbf,
  0x00, 0xe6, 0x1b, 0xbf, 0xff, 0x59, 0x1d, 0xbf, 0x00, 0xce, 0x1e, 0xbf,
  0x01, 0x4a, 0x20, 0xbf, 0x00, 0xba, 0x21, 0xbf, 0x00, 0x2a, 0x23, 0xbf,
  0x00, 0xa2, 0x24, 0xbf, 0x00, 0x0a, 0x26, 0xbf, 0x00, 0x6a, 0x27, 0xbf,
  0x00, 0xd6, 0x28, 0xbf, 0x00, 0x2e, 0x2a, 0xbf, 0x01, 0x7e, 0x2b, 0xbf,
  0x00, 0xca, 0x2c, 0xbf, 0x01, 0x1e, 0x2e, 0xbf, 0xff, 0x59, 0x2f, 0xbf,
  0x00, 0x92, 0x30, 0xbf, 0x00, 0xca, 0x31, 0xbf, 0x00, 0xee, 0x32, 0xbf,
  0x01, 0x06, 0x34, 0xbf, 0x00, 0x1e, 0x35, 0xbf, 0x00, 0x22, 0x36, 0xbf,
  0x00, 0x1a, 0x37, 0xbf, 0x00, 0x0a, 0x38, 0xbf, 0x00, 0xe6, 0x38, 0xbf,
  0x00, 0xb2, 0x39, 0xbf, 0x00, 0x72, 0x3a, 0xbf, 0x00, 0x26, 0x3b, 0xbf,
  0x01, 0xc2, 0x3b, 0xbf, 0x00, 0x52, 0x3c, 0xbf, 0x00, 0xd6, 0x3c, 0xbf,
  0xff, 0x41, 0x3d, 0xbf, 0xff, 0x9d, 0x3d, 0xbf, 0x00, 0xea, 0x3d, 0xbf,
  0x00, 0x22, 0x3e, 0xbf, 0x01, 0x4a, 0x3e, 0xbf, 0x00, 0x5e, 0x3e, 0xbf,
  0x00, 0x5e, 0x3e, 0xbf, 0x00, 0x4e, 0x3e, 0xbf, 0x01, 0x2a, 0x3e, 0xbf,
  0x00, 0xf2, 0x3d, 0xbf, 0xff, 0xa9, 0x3d, 0xbf, 0x00, 0x4a, 0x3d, 0xbf,
  0x00, 0xd6, 0x3c, 0xbf, 0x00, 0x52, 0x3c, 0xbf, 0x00, 0xba, 0x3b, 0xbf,
  0xff, 0x09, 0x3b, 0xbf, 0x01, 0x4a, 0x3a, 0xbf, 0x01, 0x72, 0x39, 0xbf,
  0xff, 0x81, 0x38, 0xbf, 0x01, 0x7e, 0x37, 0xbf, 0xff, 0x69, 0x36, 0xbf,
  0x00, 0x3e, 0x35, 0xbf, 0xff, 0xed, 0x33, 0xbf, 0x00, 0x92, 0x32, 0xbf,
  0x00, 0x1e, 0x31, 0xbf, 0x00, 0x86, 0x2f, 0xbf, 0x00, 0xe6, 0x2d, 0xbf,
  0x00, 0x2e, 0x2c, 0xbf, 0x00, 0x4e, 0x2a, 0xbf, 0xff, 0x69, 0x28, 0xbf,
  0x01, 0x6e, 0x26, 0xbf, 0x01, 0x4a, 0x24, 0xbf, 0x01, 0x2a, 0x22, 0xbf,
  0x00, 0xf2, 0x1f, 0xbf, 0x00, 0xa6, 0x1d, 0xbf, 0x00, 0x36, 0x1b, 0xbf,
  0xff, 0xc5, 0x18, 0xbf, 0x00, 0x46, 0x16, 0xbf, 0x00, 0xa2, 0x13, 0xbf,
  0x01, 0x02, 0x11, 0xbf, 0x01, 0x56, 0x0e, 0xbf, 0x01, 0x7e, 0x0b, 0xbf,
  0x01, 0xb2, 0x08, 0xbf, 0x01, 0xda, 0x05, 0xbf, 0x00, 0xd6, 0x02, 0xbf,
  0x00, 0xbc, 0xff, 0xbe, 0xff, 0xb7, 0xf9, 0xbe, 0x00, 0xa8, 0xf3, 0xbe,
  0xff, 0x47, 0xed, 0xbe, 0xff, 0x1f, 0xe7, 0xbe, 0xff, 0xe7, 0xe0, 0xbe,
  0x00, 0x68, 0xda, 0xbe, 0x01, 0x28, 0xd4, 0xbe, 0xff, 0xe7, 0xcd, 0xbe,
  0x01, 0x70, 0xc7, 0xbe, 0xff, 0x2f, 0xc1, 0xbe, 0x01, 0x00, 0xbb, 0xbe,
  0x00, 0xd0, 0xb4, 0xbe, 0xff, 0x6f, 0xae, 0xbe, 0x00, 0x58, 0xa8, 0xbe,
  0xff, 0x3f, 0xa2, 0xbe, 0xff, 0xef, 0x9b, 0xbe, 0xff, 0xe7, 0x95, 0xbe,
  0x01, 0xe0, 0x8f, 0xbe, 0xff, 0x9f, 0x89, 0xbe, 0xff, 0x97, 0x83, 0xbe,
  0x03, 0x20, 0x7b, 0xbe, 0xfe, 0x9f, 0x6e, 0xbe, 0x00, 0x80, 0x62, 0xbe,
  0x01, 0x60, 0x56, 0xbe, 0x02, 0x40, 0x4a, 0xbe, 0x02, 0xa0, 0x3d, 0xbe,
  0xff, 0x6f, 0x31, 0xbe, 0x03, 0x40, 0x25, 0xbe, 0x03, 0xa0, 0x18, 0xbe,
  0xfe, 0x7f, 0x0c, 0xbe, 0xff, 0x5f, 0x00, 0xbe, 0xfe, 0xdf, 0xe7, 0xbd,
  0x00, 0x00, 0xd0, 0xbd, 0x01, 0x60, 0xb8, 0xbd, 0x01, 0x20, 0xa0, 0xbd,
  0x00, 0x00, 0x89, 0xbd, 0x01, 0x40, 0x64, 0xbd, 0xff, 0x7f, 0x37, 0xbd,
  0x01, 0x80, 0x09, 0xbd, 0xfe, 0x7f, 0xbc, 0xbc, 0x03, 0x00, 0x4f, 0xbc,
  0xff, 0xff, 0x03, 0xbb, 0x00, 0x00, 0x02, 0x3c, 0x00, 0x80, 0x91, 0x3c,
  0x02, 0x80, 0xe3, 0x3c, 0x01, 0x00, 0x18, 0x3d, 0x00, 0x80, 0x3d, 0x3d,
  0xff, 0x7f, 0x63, 0x3d, 0xff, 0x7f, 0x83, 0x3d, 0x00, 0xa0, 0x94, 0x3d,
  0x00, 0x40, 0xa5, 0x3d, 0x00, 0xc0, 0xb5, 0x3d, 0x00, 0x20, 0xc5, 0x3d,
  0x01, 0xe0, 0xd3, 0x3d, 0x00, 0x80, 0xe2, 0x3d, 0x00, 0x00, 0xf0, 0x3d,
  0x07, 0xa0, 0xfc, 0x3d, 0x02, 0x90, 0x04, 0x3e, 0x00, 0x50, 0x0a, 0x3e,
  0xfe, 0xaf, 0x0f, 0x3e, 0x02, 0xf0, 0x14, 0x3e, 0xfd, 0xaf, 0x19, 0x3e,
  0xff, 0x3f, 0x1e, 0x3e, 0x00, 0x80, 0x22, 0x3e, 0x03, 0xb0, 0x26, 0x3e,
  0x00, 0x80, 0x2a, 0x3e, 0x01, 0x30, 0x2e, 0x3e, 0x01, 0xc0, 0x31, 0x3e,
  0xfd, 0x0f, 0x35, 0x3e, 0x00, 0x30, 0x38, 0x3e, 0x02, 0x50, 0x3b, 0x3e,
  0x01, 0x30, 0x3e, 0x3e, 0x01, 0xe0, 0x40, 0x3e, 0xfe, 0x6f, 0x43, 0x3e,
  0x02, 0xd0, 0x45, 0x3e, 0x02, 0xf0, 0x47, 0x3e, 0x01, 0xf0, 0x49, 0x3e,
  0xff, 0xbf, 0x4b, 0x3e, 0xfe, 0x5f, 0x4d, 0x3e, 0x00, 0xc0, 0x4e, 0x3e,
  0x02, 0xf0, 0x4f, 0x3e, 0x01, 0xe0, 0x50, 0x3e, 0xff, 0x9f, 0x51, 0x3e,
  0x00, 0x20, 0x52, 0x3e, 0xfe, 0x5f, 0x52, 0x3e, 0x02, 0x70, 0x52, 0x3e,
  0x02, 0x40, 0x52, 0x3e, 0xff, 0xcf, 0x51, 0x3e, 0x00, 0x40, 0x51, 0x3e,
  0xfd, 0x6f, 0x50, 0x3e, 0xfd, 0x5f, 0x4f, 0x3e, 0xfd, 0x1f, 0x4e, 0x3e,
  0xfe, 0xaf, 0x4c, 0x3e, 0x03, 0xf0, 0x4a, 0x3e, 0x03, 0x00, 0x49, 0x3e,
  0xfe, 0xcf, 0x46, 0x3e, 0x03, 0x60, 0x44, 0x3e, 0xfd, 0xaf, 0x41, 0x3e,
  0xfe, 0xcf, 0x3e, 0x3e, 0x00, 0x90, 0x3b, 0x3e, 0xfd, 0x3f, 0x38, 0x3e,
  0x00, 0xa0, 0x34, 0x3e, 0xff, 0xbf, 0x30, 0x3e, 0x02, 0x90, 0x2c, 0x3e,
  0x02, 0x50, 0x28, 0x3e, 0xfd, 0xcf, 0x23, 0x3e, 0xfd, 0xff, 0x1e, 0x3e,
  0xfe, 0x2f, 0x1a, 0x3e, 0x03, 0x40, 0x15, 0x3e, 0x02, 0xf0, 0x0f, 0x3e,
  0xfd, 0xbf, 0x0a, 0x3e, 0x00, 0x80, 0x05, 0x3e, 0x05, 0xe0, 0xff, 0x3d,
  0xff, 0xff, 0xf4, 0x3d, 0xfa, 0x1f, 0xea, 0x3d, 0x06, 0x20, 0xdf, 0x3d,
  0xfd, 0x9f, 0xd3, 0x3d, 0x00, 0x80, 0xc8, 0x3d, 0x00, 0x40, 0xbd, 0x3d,
  0x00, 0x80, 0xb1, 0x3d, 0x00, 0x20, 0xa6, 0x3d, 0x00, 0xc0, 0x9a, 0x3d,
  0x00, 0xc0, 0x8e, 0x3d, 0xff, 0x3f, 0x83, 0x3d, 0xff, 0x3f, 0x6f, 0x3d,
  0x00, 0xc0, 0x57, 0x3d, 0xff, 0x3f, 0x3f, 0x3d, 0xff, 0x7f, 0x27, 0x3d,
  0x00, 0x80, 0x0f, 0x3d, 0x00, 0x80, 0xed, 0x3c, 0x01, 0x00, 0xbd, 0x3c,
  0x01, 0x80, 0x8c, 0x3c, 0x02, 0x00, 0x34, 0x3c, 0x00, 0x00, 0xa6, 0x3b,
  0x00, 0x00, 0x60, 0xba, 0x00, 0x00, 0xe6, 0xbb, 0x02, 0x00, 0x53, 0xbc,
  0xfe, 0x7f, 0x99, 0xbc, 0xfe, 0xff, 0xc8, 0xbc, 0xfe, 0x7f, 0xf9, 0xbc,
  0xff, 0xff, 0x13, 0xbd, 0x01, 0x80, 0x2a, 0xbd, 0x01, 0xc0, 0x41, 0xbd,
  0xff, 0x7f, 0x57, 0xbd, 0xff, 0xbf, 0x6c, 0xbd, 0x00, 0x00, 0x81, 0xbd,
  0x00, 0x20, 0x8b, 0xbd, 0x00, 0xe0, 0x94, 0xbd, 0x00, 0xc0, 0x9e, 0xbd,
  0x00, 0x00, 0xa8, 0xbd, 0x01, 0xe0, 0xb0, 0xbd, 0x00, 0x80, 0xb9, 0xbd,
  0x00, 0x40, 0xc2, 0xbd, 0x00, 0x60, 0xca, 0xbd, 0x00, 0x20, 0xd2, 0xbd,
  0xfe, 0xff, 0xd9, 0xbd, 0x02, 0x60, 0xe1, 0xbd, 0x06, 0x60, 0xe8, 0xbd,
  0x05, 0x80, 0xef, 0xbd, 0x02, 0x00, 0xf6, 0xbd, 0xfa, 0x3f, 0xfc, 0xbd,
  0x00, 0x40, 0x01, 0xbe, 0xff, 0x1f, 0x04, 0xbe, 0x02, 0xe0, 0x06, 0xbe,
  0xff, 0x6f, 0x09, 0xbe, 0xff, 0xef, 0x0b, 0xbe, 0x01, 0x30, 0x0e, 0xbe,
  0x02, 0x50, 0x10, 0xbe, 0x00, 0x50, 0x12, 0xbe, 0xfd, 0xff, 0x13, 0xbe,
  0xfe, 0x8f, 0x15, 0xbe, 0x00, 0xf0, 0x16, 0xbe, 0xfe, 0x0f, 0x18, 0xbe,
  0x03, 0x00, 0x19, 0xbe, 0x01, 0xc0, 0x19, 0xbe, 0x02, 0x40, 0x1a, 0xbe,
  0xfd, 0x8f, 0x1a, 0xbe, 0xff, 0xaf, 0x1a, 0xbe, 0xfd, 0x8f, 0x1a, 0xbe,
  0x00, 0x50, 0x1a, 0xbe, 0xff, 0xcf, 0x19, 0xbe, 0xfe, 0x1f, 0x19, 0xbe,
  0xfd, 0x3f, 0x18, 0xbe, 0xff, 0x1f, 0x17, 0xbe, 0x02, 0xd0, 0x15, 0xbe,
  0xfe, 0x4f, 0x14, 0xbe, 0x02, 0xa0, 0x12, 0xbe, 0x01, 0xb0, 0x10, 0xbe,
  0xfe, 0x9f, 0x0e, 0xbe, 0x03, 0x60, 0x0c, 0xbe, 0x01, 0xf0, 0x09, 0xbe,
  0xfd, 0x2f, 0x07, 0xbe, 0x03, 0x60, 0x04, 0xbe, 0x02, 0x60, 0x01, 0xbe,
  0xff, 0x1f, 0xfc, 0xbd, 0xfa, 0x7f, 0xf5, 0xbd, 0xfe, 0x9f, 0xee, 0xbd,
  0xfb, 0x3f, 0xe7, 0xbd, 0x05, 0xe0, 0xdf, 0xbd, 0x06, 0x60, 0xd8, 0xbd,
  0xfb, 0x7f, 0xd0, 0xbd, 0x00, 0xc0, 0xc8, 0xbd, 0x01, 0xe0, 0xc0, 0xbd,
  0x00, 0x00, 0xb9, 0xbd, 0x01, 0xe0, 0xb0, 0xbd, 0x00, 0x00, 0xa9, 0xbd,
  0x00, 0x20, 0xa1, 0xbd, 0x01, 0xe0, 0x98, 0xbd, 0x01, 0xe0, 0x90, 0xbd,
  0x01, 0xe0, 0x88, 0xbd, 0x01, 0xa0, 0x80, 0xbd, 0x00, 0x80, 0x71, 0xbd,
  0x00, 0x80, 0x61, 0xbd, 0x01, 0x40, 0x51, 0xbd, 0x00, 0x80, 0x41, 0xbd,
  0x00, 0x00, 0x32, 0xbd, 0x01, 0x40, 0x22, 0xbd, 0x01, 0x40, 0x12, 0xbd,
  0xff, 0xff, 0x02, 0xbd, 0x01, 0x80, 0xe7, 0xbc, 0x01, 0x80, 0xc8, 0xbc,
  0xfe, 0xff, 0xaa, 0xbc, 0x00, 0x80, 0x8d, 0xbc, 0x00, 0x00, 0x5f, 0xbc,
  0x04, 0x00, 0x26, 0xbc, 0x00, 0x00, 0xda, 0xbb, 0x00, 0x00, 0x4c, 0xbb,
  0xff, 0xff, 0x02, 0x3c, 0x00, 0x00, 0x9f, 0x3c, 0x01, 0x00, 0xf8, 0x3c,
  0xff, 0xff, 0x27, 0x3d, 0xff, 0xff, 0x54, 0x3d, 0x00, 0x00, 0x80, 0x3d,
  0x00, 0x40, 0x95, 0x3d, 0xff, 0xff, 0xaa, 0x3d, 0xff, 0x9f, 0xbf, 0x3d,
  0xfd, 0xff, 0xd3, 0x3d, 0xfc, 0xff, 0xe8, 0x3d, 0xfd, 0xdf, 0xfc, 0x3d,
  0xfd, 0x3f, 0x08, 0x3e, 0x01, 0xf0, 0x11, 0x3e, 0x01, 0xe0, 0x1b, 0x3e,
  0x01, 0x50, 0x25, 0x3e, 0x01, 0x90, 0x2e, 0x3e, 0xfe, 0x0f, 0x38, 0x3e,
  0x00, 0x10, 0x41, 0x3e, 0xfe, 0xff, 0x49, 0x3e, 0x01, 0x00, 0x53, 0x3e,
  0xfd, 0x9f, 0x5b, 0x3e, 0x01, 0x10, 0x64, 0x3e, 0xfe, 0xaf, 0x6c, 0x3e,
  0x00, 0xd0, 0x74, 0x3e, 0x00, 0xd0, 0x7c, 0x3e, 0xff, 0x57, 0x82, 0x3e,
  0xff, 0x57, 0x86, 0x3e, 0x00, 0x20, 0x8a, 0x3e, 0xff, 0xcf, 0x8d, 0x3e,
  0x00, 0x98, 0x91, 0x3e, 0x00, 0x28, 0x95, 0x3e, 0x00, 0xa0, 0x98, 0x3e,
  0x00, 0x30, 0x9c, 0x3e, 0x00, 0x90, 0x9f, 0x3e, 0xff, 0xdf, 0xa2, 0x3e,
  0x01, 0x48, 0xa6, 0x3e, 0x00, 0x80, 0xa9, 0x3e, 0x00, 0xb8, 0xac, 0x3e,
  0x01, 0xe0, 0xaf, 0x3e, 0x01, 0x18, 0xb3, 0x3e, 0x00, 0x38, 0xb6, 0x3e,
  0xff, 0x47, 0xb9, 0x3e, 0xff, 0x77, 0xbc, 0x3e, 0xff, 0x7f, 0xbf, 0x3e,
  0x00, 0x80, 0xc2, 0x3e, 0x00, 0x98, 0xc5, 0x3e, 0xff, 0x8f, 0xc8, 0x3e,
  0x01, 0x88, 0xcb, 0x3e, 0xfe, 0x87, 0xce, 0x3e, 0xff, 0x6f, 0xd1, 0x3e,
  0xff, 0x47, 0xd4, 0x3e, 0xff, 0x1f, 0xd7, 0x3e, 0x00, 0x08, 0xda, 0x3e,
  0x00, 0xd0, 0xdc, 0x3e, 0x01, 0x88, 0xdf, 0x3e, 0x00, 0x50, 0xe2, 0x3e,
  0x00, 0xf8, 0xe4, 0x3e, 0xff, 0x97, 0xe7, 0x3e, 0x01, 0x48, 0xea, 0x3e,
  0x00, 0xd0, 0xec, 0x3e, 0xff, 0x4f, 0xef, 0x3e, 0x00, 0xe0, 0xf1, 0x3e,
  0x02, 0x50, 0xf4, 0x3e, 0x01, 0xb8, 0xf6, 0x3e, 0x00, 0x10, 0xf9, 0x3e,
  0xff, 0x7f, 0xfb, 0x3e, 0x00, 0xc8, 0xfd, 0x3e, 0x00, 0x0a, 0x00, 0x3f,
  0x00, 0x32, 0x01, 0x3f, 0x00, 0x4e, 0x02, 0x3f, 0x00, 0x62, 0x03, 0x3f,
  0xff, 0x81, 0x04, 0x3f, 0xff, 0x91, 0x05, 0x3f, 0x00, 0x9e, 0x06, 0x3f,
  0x00, 0xae, 0x07, 0x3f, 0x01, 0xb2, 0x08, 0x3f, 0xff, 0xb5, 0x09, 0x3f,
  0x01, 0xb2, 0x0a, 0x3f, 0xff, 0xb5, 0x0b, 0x3f, 0x00, 0xae, 0x0c, 0x3f,
  0x00, 0xa2, 0x0d, 0x3f, 0x01, 0x9a, 0x0e, 0x3f, 0x00, 0x82, 0x0f, 0x3f,
  0xff, 0x69, 0x10, 0x3f, 0x00, 0x56, 0x11, 0x3f, 0xff, 0x31, 0x12, 0x3f,
  0xff, 0x09, 0x13, 0x3f, 0x00, 0xe6, 0x13, 0x3f, 0x00, 0xb6, 0x14, 0x3f,
  0x01, 0x7e, 0x15, 0x3f, 0x00, 0x42, 0x16, 0x3f, 0xff, 0x09, 0x17, 0x3f,
  0x01, 0xc2, 0x17, 0x3f, 0xff, 0x75, 0x18, 0x3f, 0x01, 0x2e, 0x19, 0x3f,
  0x01, 0xda, 0x19, 0x3f, 0x00, 0x7e, 0x1a, 0x3f, 0x00, 0x26, 0x1b, 0x3f,
  0x00, 0xbe, 0x1b, 0x3f, 0x01, 0x56, 0x1c, 0x3f, 0x01, 0xea, 0x1c, 0x3f,
  0x00, 0x76, 0x1d, 0x3f, 0x00, 0xfe, 0x1d, 0x3f, 0x00, 0x7e, 0x1e, 0x3f,
  0xff, 0xfd, 0x1e, 0x3f, 0x01, 0x72, 0x1f, 0x3f, 0xff, 0xe1, 0x1f, 0x3f,
  0x00, 0x52, 0x20, 0x3f, 0x00, 0xb6, 0x20, 0x3f, 0xff, 0x15, 0x21, 0x3f,
  0x01, 0x72, 0x21, 0x3f, 0x00, 0xc6, 0x21, 0x3f, 0x00, 0x16, 0x22, 0x3f,
  0x00, 0x5e, 0x22, 0x3f, 0x01, 0xa6, 0x22, 0x3f, 0x00, 0xe6, 0x22, 0x3f,
  0xff, 0x21, 0x23, 0x3f, 0xff, 0x59, 0x23, 0x3f, 0x00, 0x8e, 0x23, 0x3f,
  0x00, 0xbe, 0x23, 0x3f, 0x00, 0xea, 0x23, 0x3f, 0x01, 0x12, 0x24, 0x3f,
  0x00, 0x36, 0x24, 0x3f, 0x01, 0x56, 0x24, 0x3f, 0xff, 0x75, 0x24, 0x3f,
  0xff, 0x8d, 0x24, 0x3f, 0x01, 0xa6, 0x24, 0x3f, 0xff, 0xb9, 0x24, 0x3f,
  0x00, 0xca, 0x24, 0x3f, 0x00, 0xd6, 0x24, 0x3f, 0x01, 0xde, 0x24, 0x3f,
  0x00, 0xe2, 0x24, 0x3f, 0x00, 0xe2, 0x24, 0x3f, 0x01, 0xde, 0x24, 0x3f,
  0x00, 0xd6, 0x24, 0x3f, 0xff, 0xc5, 0x24, 0x3f, 0x01, 0xb2, 0x24, 0x3f,
  0x01, 0x9a, 0x24, 0x3f, 0x00, 0x7e, 0x24, 0x3f, 0x00, 0x5a, 0x24, 0x3f,
  0xff, 0x31, 0x24, 0x3f, 0x01, 0x06, 0x24, 0x3f, 0xff, 0xd5, 0x23, 0x3f,
  0xff, 0x9d, 0x23, 0x3f, 0x00, 0x62, 0x23, 0x3f, 0x00, 0x26, 0x23, 0x3f,
  0x00, 0xe2, 0x22, 0x3f, 0x00, 0x9e, 0x22, 0x3f, 0x01, 0x56, 0x22, 0x3f,
  0x00, 0x0a, 0x22, 0x3f, 0x00, 0xbe, 0x21, 0x3f, 0x01, 0x72, 0x21, 0x3f,
  0xff, 0x21, 0x21, 0x3f, 0x00, 0xce, 0x20, 0x3f, 0x00, 0x7a, 0x20, 0x3f,
  0xff, 0x25, 0x20, 0x3f, 0x01, 0xce, 0x1f, 0x3f, 0x00, 0x7a, 0x1f, 0x3f,
  0x00, 0x26, 0x1f, 0x3f, 0x00, 0xca, 0x1e, 0x3f, 0x00, 0x72, 0x1e, 0x3f,
  0x01, 0x1e, 0x1e, 0x3f, 0x01, 0xc2, 0x1d, 0x3f, 0x00, 0x6e, 0x1d, 0x3f,
  0x00, 0x1a, 0x1d, 0x3f, 0x00, 0xca, 0x1c, 0x3f, 0xff, 0x75, 0x1c, 0x3f,
  0x01, 0x2a, 0x1c, 0x3f, 0x00, 0xde, 0x1b, 0x3f, 0x01, 0x96, 0x1b, 0x3f,
  0x00, 0x56, 0x1b, 0x3f, 0xff, 0x15, 0x1b, 0x3f, 0x01, 0xde, 0x1a, 0x3f,
  0x00, 0xaa, 0x1a, 0x3f, 0x00, 0x7a, 0x1a, 0x3f, 0x00, 0x4e, 0x1a, 0x3f,
  0xff, 0x25, 0x1a, 0x3f, 0x01, 0x06, 0x1a, 0x3f, 0x00, 0xe6, 0x19, 0x3f,
  0x01, 0xce, 0x19, 0x3f, 0xff, 0xb5, 0x19, 0x3f, 0x00, 0xa6, 0x19, 0x3f,
  0x01, 0x96, 0x19, 0x3f, 0x01, 0x8a, 0x19, 0x3f, 0x01, 0x7e, 0x19, 0x3f,
  0x00, 0x7a, 0x19, 0x3f, 0x01, 0x72, 0x19, 0x3f, 0x01, 0x72, 0x19, 0x3f,
  0x01, 0x72, 0x19, 0x3f, 0x01, 0x72, 0x19, 0x3f, 0x00, 0x76, 0x19, 0x3f,
  0x01, 0x7e, 0x19, 0x3f, 0x00, 0x86, 0x19, 0x3f, 0xff, 0x91, 0x19, 0x3f,
  0x00, 0xa2, 0x19, 0x3f, 0xff, 0xb5, 0x19, 0x3f, 0x00, 0xca, 0x19, 0x3f,
  0x00, 0xea, 0x19, 0x3f, 0x00, 0x0a, 0x1a, 0x3f, 0xff, 0x31, 0x1a, 0x3f,
  0x01, 0x62, 0x1a, 0x3f, 0x00, 0x96, 0x1a, 0x3f, 0xff, 0xd1, 0x1a, 0x3f,
  0xff, 0x15, 0x1b, 0x3f, 0x00, 0x5e, 0x1b, 0x3f, 0x00, 0xb2, 0x1b, 0x3f,
  0x00, 0x0a, 0x1c, 0x3f, 0x00, 0x66, 0x1c, 0x3f, 0x00, 0xce, 0x1c, 0x3f,
  0x01, 0x3a, 0x1d, 0x3f, 0x00, 0xa6, 0x1d, 0x3f, 0x01, 0x1e, 0x1e, 0x3f,
  0x01, 0x9a, 0x1e, 0x3f, 0x00, 0x1a, 0x1f, 0x3f, 0xff, 0x9d, 0x1f, 0x3f,
  0xff, 0x25, 0x20, 0x3f, 0x01, 0xb2, 0x20, 0x3f, 0xff, 0x41, 0x21, 0x3f,
  0xff, 0xd5, 0x21, 0x3f, 0xff, 0x69, 0x22, 0x3f, 0x01, 0x02, 0x23, 0x3f,
  0x00, 0xa2, 0x23, 0x3f, 0xff, 0x3d, 0x24, 0x3f, 0x01, 0xde, 0x24, 0x3f,
  0x00, 0x82, 0x25, 0x3f, 0xff, 0x25, 0x26, 0x3f, 0x00, 0xca, 0x26, 0x3f,
  0x01, 0x72, 0x27, 0x3f, 0x00, 0x16, 0x28, 0x3f, 0x00, 0xb6, 0x28, 0x3f,
  0x00, 0x56, 0x29, 0x3f, 0x00, 0xf6, 0x29, 0x3f, 0xff, 0x8d, 0x2a, 0x3f,
  0x00, 0x1e, 0x2b, 0x3f, 0x00, 0xb2, 0x2b, 0x3f, 0x00, 0x3a, 0x2c, 0x3f,
  0xff, 0xb9, 0x2c, 0x3f, 0x01, 0x3a, 0x2d, 0x3f, 0xff, 0xa9, 0x2d, 0x3f,
  0x00, 0x1a, 0x2e, 0x3f, 0x00, 0x7e, 0x2e, 0x3f, 0x01, 0xde, 0x2e, 0x3f,
  0x00, 0x36, 0x2f, 0x3f, 0x00, 0x86, 0x2f, 0x3f, 0x00, 0xd2, 0x2f, 0x3f,
  0x01, 0x12, 0x30, 0x3f, 0x01, 0x4a, 0x30, 0x3f, 0x00, 0x7e, 0x30, 0x3f,
  0x00, 0xaa, 0x30, 0x3f, 0x00, 0xce, 0x30, 0x3f, 0x00, 0xee, 0x30, 0x3f,
  0x01, 0x02, 0x31, 0x3f, 0x00, 0x0e, 0x31, 0x3f, 0xff, 0x15, 0x31, 0x3f,
  0xff, 0x15, 0x31, 0x3f, 0xff, 0x09, 0x31, 0x3f, 0x01, 0xf6, 0x30, 0x3f,
  0x00, 0xd6, 0x30, 0x3f, 0x00, 0xae, 0x30, 0x3f, 0xff, 0x81, 0x30, 0x3f,
  0x00, 0x46, 0x30, 0x3f, 0x01, 0x06, 0x30, 0x3f, 0x00, 0xbe, 0x2f, 0x3f,
  0x00, 0x6a, 0x2f, 0x3f, 0x00, 0x0e, 0x2f, 0x3f, 0x00, 0xae, 0x2e, 0x3f,
  0x00, 0x42, 0x2e, 0x3f, 0x01, 0xce, 0x2d, 0x3f, 0x00, 0x52, 0x2d, 0x3f,
  0x00, 0xce, 0x2c, 0x3f, 0xff, 0x3d, 0x2c, 0x3f, 0xff, 0xa9, 0x2b, 0x3f,
  0x00, 0x0e, 0x2b, 0x3f, 0x00, 0x66, 0x2a, 0x3f, 0xff, 0xb5, 0x29, 0x3f,
  0xff, 0xfd, 0x28, 0x3f, 0xff, 0x31, 0x28, 0x3f, 0x00, 0x5e, 0x27, 0x3f,
  0x00, 0x7e, 0x26, 0x3f, 0x00, 0x8e, 0x25, 0x3f, 0x00, 0x86, 0x24, 0x3f,
  0x01, 0x72, 0x23, 0x3f, 0x00, 0x4e, 0x22, 0x3f, 0x00, 0x0e, 0x21, 0x3f,
  0x00, 0xc6, 0x1f, 0x3f, 0x00, 0x66, 0x1e, 0x3f, 0x00, 0xe6, 0x1c, 0x3f,
  0x00, 0x62, 0x1b, 0x3f, 0x00, 0xc6, 0x19, 0x3f, 0x00, 0x0a, 0x18, 0x3f,
  0x00, 0x4e, 0x16, 0x3f, 0x00, 0x7a, 0x14, 0x3f, 0x01, 0x9a, 0x12, 0x3f,
  0x00, 0x92, 0x10, 0x3f, 0xff, 0x8d, 0x0e, 0x3f, 0xff, 0x75, 0x0c, 0x3f,
  0xff, 0x3d, 0x0a, 0x3f, 0x00, 0x0a, 0x08, 0x3f, 0x00, 0xca, 0x05, 0x3f,
  0x00, 0x62, 0x03, 0x3f, 0x00, 0x06, 0x01, 0x3f, 0xff, 0x2f, 0xfd, 0x3e,
  0x00, 0x18, 0xf8, 0x3e, 0x00, 0x08, 0xf3, 0x3e, 0xff, 0xe7, 0xed, 0x3e,
  0xff, 0xa7, 0xe8, 0x3e, 0xff, 0x1f, 0xe3, 0x3e, 0x00, 0xb0, 0xdd, 0x3e,
  0x01, 0x28, 0xd8, 0x3e, 0x00, 0x50, 0xd2, 0x3e, 0x01, 0x98, 0xcc, 0x3e,
  0xff, 0xc7, 0xc6, 0x3e, 0xff, 0xa7, 0xc0, 0x3e, 0x00, 0xa8, 0xba, 0x3e,
  0x01, 0x98, 0xb4, 0x3e, 0x01, 0x30, 0xae, 0x3e, 0x01, 0xf8, 0xa7, 0x3e,
  0x01, 0xa8, 0xa1, 0x3e, 0x01, 0x40, 0x9b, 0x3e, 0xff, 0x8f, 0x94, 0x3e,
  0x00, 0x08, 0x8e, 0x3e, 0x01, 0x70, 0x87, 0x3e, 0x00, 0x88, 0x80, 0x3e,
  0xfd, 0x9f, 0x73, 0x3e, 0xff, 0x0f, 0x66, 0x3e, 0xfe, 0xdf, 0x57, 0x3e,
  0x03, 0x10, 0x4a, 0x3e, 0x03, 0x30, 0x3c, 0x3e, 0x00, 0xb0, 0x2d, 0x3e,
  0x01, 0xa0, 0x1f, 0x3e, 0xfd, 0x7f, 0x11, 0x3e, 0xfe, 0x3f, 0x03, 0x3e,
  0x05, 0xc0, 0xe8, 0x3d, 0x01, 0x00, 0xcc, 0x3d, 0xff, 0x1f, 0xaf, 0x3d,
  0x00, 0x00, 0x91, 0x3d, 0xff, 0x7f, 0x67, 0x3d, 0x01, 0x00, 0x2d, 0x3d,
  0x00, 0x00, 0xe0, 0x3c, 0xfd, 0xff, 0x53, 0x3c, 0x03, 0x00, 0xb8, 0xba,
  0x02, 0x80, 0x85, 0xbc, 0x01, 0x00, 0xfb, 0xbc, 0x00, 0x40, 0x38, 0xbd,
  0x01, 0xc0, 0x72, 0xbd, 0xff, 0x9f, 0x97, 0xbd, 0x00, 0xa0, 0xb4, 0xbd,
  0x02, 0x60, 0xd1, 0xbd, 0xfd, 0xff, 0xee, 0xbd, 0x00, 0xb0, 0x05, 0xbe,
  0xff, 0xbf, 0x13, 0xbe, 0xfe, 0x2f, 0x22, 0xbe, 0x02, 0xf0, 0x2f, 0xbe,
  0x02, 0xa0, 0x3d, 0xbe, 0x03, 0x20, 0x4b, 0xbe, 0x00, 0x10, 0x59, 0xbe,
  0x03, 0x50, 0x66, 0xbe, 0xfe, 0x6f, 0x73, 0xbe, 0x00, 0x70, 0x80, 0xbe,
  0xff, 0xdf, 0x86, 0xbe, 0x00, 0x40, 0x8d, 0xbe, 0x02, 0xc8, 0x93, 0xbe,
  0x00, 0x08, 0x9a, 0xbe, 0xfe, 0x37, 0xa0, 0xbe, 0x01, 0x90, 0xa6, 0xbe,
  0x00, 0xa0, 0xac, 0xbe, 0x02, 0xa0, 0xb2, 0xbe, 0xff, 0x8f, 0xb8, 0xbe,
  0x00, 0xa8, 0xbe, 0xbe, 0x00, 0x70, 0xc4, 0xbe, 0x01, 0x30, 0xca, 0xbe,
  0x01, 0x10, 0xd0, 0xbe, 0x01, 0xa8, 0xd5, 0xbe, 0x00, 0x30, 0xdb, 0xbe,
  0x00, 0xd0, 0xe0, 0xbe, 0xff, 0x27, 0xe6, 0xbe, 0x01, 0x70, 0xeb, 0xbe,
  0x00, 0xd0, 0xf0, 0xbe, 0xff, 0xe7, 0xf5, 0xbe, 0x01, 0xe8, 0xfa, 0xbe,
  0x00, 0xd4, 0xff, 0xbe, 0x00, 0x66, 0x02, 0xbf, 0x00, 0xc2, 0x04, 0xbf,
  0x00, 0x12, 0x07, 0xbf, 0x00, 0x6a, 0x09, 0xbf, 0xff, 0x9d, 0x0b, 0xbf,
  0x00, 0xca, 0x0d, 0xbf, 0x00, 0xfe, 0x0f, 0xbf, 0x00, 0x0e, 0x12, 0xbf,
  0x00, 0x16, 0x14, 0xbf, 0xff, 0x25, 0x16, 0xbf, 0x00, 0x1a, 0x18, 0xbf,
  0x00, 0xfe, 0x19, 0xbf, 0x00, 0xde, 0x1b, 0xbf, 0x01, 0xc2, 0x1d, 0xbf,
  0x01, 0x8a, 0x1f, 0xbf, 0x00, 0x4a, 0x21, 0xbf, 0x00, 0x12, 0x23, 0xbf,
  0x00, 0xc2, 0x24, 0xbf, 0xff, 0x69, 0x26, 0xbf, 0x00, 0x16, 0x28, 0xbf,
  0xff, 0xa9, 0x29, 0xbf, 0x00, 0x32, 0x2b, 0xbf, 0x00, 0xc2, 0x2c, 0xbf,
  0x00, 0x3a, 0x2e, 0xbf, 0x00, 0xae, 0x2f, 0xbf, 0x00, 0x1a, 0x31, 0xbf,
  0xff, 0x8d, 0x32, 0xbf, 0xff, 0xed, 0x33, 0xbf, 0x00, 0x4a, 0x35, 0xbf,
  0x00, 0xae, 0x36, 0xbf, 0x00, 0x02, 0x38, 0xbf, 0x00, 0x56, 0x39, 0xbf,
  0x01, 0xb2, 0x3a, 0xbf, 0x00, 0x02, 0x3c, 0xbf, 0xff, 0x4d, 0x3d, 0xbf,
  0x01, 0xa6, 0x3e, 0xbf, 0x00, 0xf2, 0x3f, 0xbf, 0x00, 0x3e, 0x41, 0xbf,
  0x00, 0x8a, 0x42, 0xbf, 0x00, 0xde, 0x43, 0xbf, 0x00, 0x26, 0x45, 0xbf,
  0x00, 0x66, 0x46, 0xbf, 0x00, 0xb2, 0x47, 0xbf, 0x01, 0xea, 0x48, 0xbf,
  0x01, 0x1e, 0x4a, 0xbf, 0x00, 0x52, 0x4b, 0xbf, 0xff, 0x75, 0x4c, 0xbf,
  0xff, 0x91, 0x4d, 0xbf, 0x00, 0xae, 0x4e, 0xbf, 0xff, 0xb5, 0x4f, 0xbf,
  0x00, 0xb6, 0x50, 0xbf, 0xff, 0xa9, 0x51, 0xbf, 0x01, 0x9a, 0x52, 0xbf,
  0x00, 0x7a, 0x53, 0xbf, 0x00, 0x52, 0x54, 0xbf, 0x00, 0x2a, 0x55, 0xbf,
  0x00, 0xf2, 0x55, 0xbf, 0x00, 0xb6, 0x56, 0xbf, 0x01, 0x7e, 0x57, 0xbf,
  0xff, 0x3d, 0x58, 0xbf, 0x00, 0xfa, 0x58, 0xbf, 0x00, 0xbe, 0x59, 0xbf,
  0xff, 0x81, 0x5a, 0xbf, 0x01, 0x46, 0x5b, 0xbf, 0x00, 0x0e, 0x5c, 0xbf,
  0x00, 0xe2, 0x5c, 0xbf, 0xff, 0xb5, 0x5d, 0xbf, 0x00, 0x92, 0x5e, 0xbf,
  0x00, 0x7a, 0x5f, 0xbf, 0x00, 0x5e, 0x60, 0xbf, 0x01, 0x46, 0x61, 0xbf,
  0xff, 0x3d, 0x62, 0xbf, 0x01, 0x2e, 0x63, 0xbf, 0x00, 0x22, 0x64, 0xbf,
  0x00, 0x1e, 0x65, 0xbf, 0x00, 0x16, 0x66, 0xbf, 0x00, 0x0e, 0x67, 0xbf,
  0x01, 0x06, 0x68, 0xbf, 0x00, 0x06, 0x69, 0xbf, 0xff, 0xf9, 0x69, 0xbf,
  0x00, 0xee, 0x6a, 0xbf, 0xff, 0xe1, 0x6b, 0xbf, 0x00, 0xce, 0x6c, 0xbf,
  0xff, 0xb5, 0x6d, 0xbf, 0x00, 0x9e, 0x6e, 0xbf, 0x01, 0x7e, 0x6f, 0xbf,
  0x00, 0x5a, 0x70, 0xbf, 0x01, 0x3a, 0x71, 0xbf, 0x00, 0x0e, 0x72, 0xbf,
  0x01, 0xde, 0x72, 0xbf, 0xff, 0xa9, 0x73, 0xbf, 0x00, 0x7a, 0x74, 0xbf,
  0x00, 0x3e, 0x75, 0xbf, 0xff, 0xf9, 0x75, 0xbf, 0x01, 0xbe, 0x76, 0xbf,
  0x00, 0x76, 0x77, 0xbf, 0xff, 0x25, 0x78, 0xbf, 0x01, 0xde, 0x78, 0xbf,
  0x00, 0x86, 0x79, 0xbf, 0x01, 0x2a, 0x7a, 0xbf, 0x00, 0xca, 0x7a, 0xbf,
  0x00, 0x6a, 0x7b, 0xbf, 0x00, 0x02, 0x7c, 0xbf, 0xff, 0x8d, 0x7c, 0xbf,
  0x00, 0x1a, 0x7d, 0xbf, 0x00, 0x9a, 0x7d, 0xbf, 0x01, 0x12, 0x7e, 0xbf,
  0xff, 0x81, 0x7e, 0xbf, 0x00, 0xe2, 0x7e, 0xbf, 0x00, 0x36, 0x7f, 0xbf,
  0x01, 0x7e, 0x7f, 0xbf, 0x01, 0xb8, 0x7f, 0xbf, 0x00, 0xe0, 0x7f, 0xbf,
  0x01, 0xfc, 0x7f, 0xbf, 0x00, 0xfe, 0x7f, 0xbf, 0x00, 0xfe, 0x7f, 0xbf,
  0x01, 0xe4, 0x7f, 0xbf, 0x00, 0xbc, 0x7f, 0xbf, 0x01, 0x7e, 0x7f, 0xbf,
  0x00, 0x32, 0x7f, 0xbf, 0xff, 0xd1, 0x7e, 0xbf, 0x01, 0x62, 0x7e, 0xbf,
  0x00, 0xe6, 0x7d, 0xbf, 0x00, 0x52, 0x7d, 0xbf, 0x01, 0xb2, 0x7c, 0xbf,
  0x00, 0x02, 0x7c, 0xbf, 0x01, 0x46, 0x7b, 0xbf, 0x01, 0x6e, 0x7a, 0xbf,
  0xff, 0x91, 0x79, 0xbf, 0x01, 0xa6, 0x78, 0xbf, 0xff, 0x9d, 0x77, 0xbf,
  0x00, 0x96, 0x76, 0xbf, 0x00, 0x7a, 0x75, 0xbf, 0x01, 0x4a, 0x74, 0xbf,
  0x00, 0x12, 0x73, 0xbf, 0x00, 0xca, 0x71, 0xbf, 0x00, 0x66, 0x70, 0xbf,
  0xff, 0xfd, 0x6e, 0xbf, 0x01, 0x8a, 0x6d, 0xbf, 0x00, 0x02, 0x6c, 0xbf,
  0x00, 0x5e, 0x6a, 0xbf, 0x00, 0xb6, 0x68, 0xbf, 0xff, 0xfd, 0x66, 0xbf,
  0x00, 0x26, 0x65, 0xbf, 0xff, 0x4d, 0x63, 0xbf, 0xff, 0x65, 0x61, 0xbf,
  0xff, 0x59, 0x5f, 0xbf, 0xff, 0x4d, 0x5d, 0xbf, 0x00, 0x32, 0x5b, 0xbf,
  0x00, 0xf2, 0x58, 0xbf, 0xff, 0xb9, 0x56, 0xbf, 0x01, 0x6e, 0x54, 0xbf,
  0x01, 0x12, 0x52, 0xbf, 0xff, 0x91, 0x4f, 0xbf, 0x00, 0x1a, 0x4d, 0xbf,
  0x00, 0x96, 0x4a, 0xbf, 0x00, 0xe6, 0x47, 0xbf, 0x01, 0x46, 0x45, 0xbf,
  0x00, 0x96, 0x42, 0xbf, 0x00, 0xbe, 0x3f, 0xbf, 0x00, 0xf2, 0x3c, 0xbf,
  0x00, 0x1a, 0x3a, 0xbf, 0x00, 0x1a, 0x37, 0xbf, 0x00, 0x2e, 0x34, 0xbf,
  0x00, 0x32, 0x31, 0xbf, 0x01, 0x2a, 0x2e, 0xbf, 0xff, 0xfd, 0x2a, 0xbf,
  0xff, 0xe1, 0x27, 0xbf, 0xff, 0xb9, 0x24, 0xbf, 0x00, 0x6e, 0x21, 0xbf,
  0xff, 0x31, 0x1e, 0xbf, 0x00, 0xf2, 0x1a, 0xbf, 0x01, 0x8a, 0x17, 0xbf,
  0x00, 0x3a, 0x14, 0xbf, 0x00, 0xe2, 0x10, 0xbf, 0x00, 0x62, 0x0d, 0xbf,
  0x00, 0xfe, 0x09, 0xbf, 0x01, 0x9a, 0x06, 0xbf, 0x00, 0x2a, 0x03, 0xbf,
  0x00, 0x30, 0xff, 0xbe, 0x02, 0x50, 0xf8, 0xbe, 0xfe, 0x5f, 0xf1, 0xbe,
  0xff, 0x27, 0xea, 0xbe, 0x00, 0x30, 0xe3, 0xbe, 0xfe, 0x37, 0xdc, 0xbe,
  0x02, 0xf0, 0xd4, 0xbe, 0x01, 0xf0, 0xcd, 0xbe, 0x00, 0xf0, 0xc6, 0xbe,
  0x00, 0xa8, 0xbf, 0xbe, 0xff, 0xa7, 0xb8, 0xbe, 0x01, 0xa8, 0xb1, 0xbe,
  0xff, 0xaf, 0xaa, 0xbe, 0x00, 0x78, 0xa3, 0xbe, 0x00, 0x88, 0x9c, 0xbe,
  0xff, 0x9f, 0x95, 0xbe, 0x00, 0x80, 0x8e, 0xbe, 0xfe, 0xaf, 0x87, 0xbe,
  0x01, 0xe0, 0x80, 0xbe, 0xff, 0xbf, 0x73, 0xbe, 0x03, 0x50, 0x66, 0xbe,
  0xfe, 0xef, 0x58, 0xbe, 0x00, 0x30, 0x4b, 0xbe, 0x02, 0x00, 0x3e, 0xbe,
  0xfe, 0xef, 0x30, 0xbe, 0xff, 0xef, 0x23, 0xbe, 0x01, 0x90, 0x16, 0xbe,
  0xff, 0xcf, 0x09, 0xbe, 0x02, 0x40, 0xfa, 0xbd, 0xfb, 0x1f, 0xe0, 0xbd,
  0x00, 0x40, 0xc7, 0xbd, 0x00, 0x80, 0xae, 0xbd, 0x00, 0x20, 0x95, 0xbd,
  0x00, 0xc0, 0x79, 0xbd, 0x00, 0xc0, 0x49, 0xbd, 0x01, 0x00, 0x1a, 0xbd,
  0x00, 0x80, 0xd2, 0xbc, 0xfe, 0xff, 0x6a, 0xbc, 0x00, 0x00, 0x4c, 0xbb,
  0x02, 0x00, 0x40, 0x39, 0xfc, 0xff, 0x34, 0x3c, 0x02, 0x00, 0xb4, 0x3c,
  0xff, 0xff, 0x06, 0x3d, 0x00, 0xc0, 0x35, 0x3d, 0xff, 0xff, 0x62, 0x3d,
  0x00, 0x40, 0x88, 0x3d, 0xff, 0xdf, 0x9f, 0x3d, 0x00, 0xa0, 0xb6, 0x3d,
  0x05, 0x60, 0xcd, 0x3d, 0xff, 0xff, 0xe4, 0x3d, 0xfb, 0xdf, 0xfb, 0x3d,
  0xfd, 0x4f, 0x09, 0x3e, 0xfd, 0x0f, 0x15, 0x3e, 0xfd, 0x6f, 0x20, 0x3e,
  0x02, 0xb0, 0x2b, 0x3e, 0xfd, 0xff, 0x36, 0x3e, 0x02, 0xa0, 0x42, 0x3e,
  0x02, 0xd0, 0x4d, 0x3e, 0x03, 0x00, 0x59, 0x3e, 0xfe, 0x7f, 0x64, 0x3e,
  0x01, 0xa0, 0x6f, 0x3e, 0xff, 0xaf, 0x7a, 0x3e, 0xfe, 0x0f, 0x83, 0x3e,
  0xff, 0x8f, 0x88, 0x3e, 0xff, 0x0f, 0x8e, 0x3e, 0x02, 0xc8, 0x93, 0x3e,
  0xff, 0x47, 0x99, 0x3e, 0x00, 0xc0, 0x9e, 0x3e, 0x01, 0x40, 0xa4, 0x3e,
  0x01, 0xf0, 0xa9, 0x3e, 0x01, 0x70, 0xaf, 0x3e, 0x02, 0xf0, 0xb4, 0x3e,
  0x00, 0xa8, 0xba, 0x3e, 0x01, 0x28, 0xc0, 0x3e, 0x01, 0xa8, 0xc5, 0x3e,
  0x01, 0x58, 0xcb, 0x3e, 0x00, 0xd0, 0xd0, 0x3e, 0x00, 0x50, 0xd6, 0x3e,
  0x01, 0xf8, 0xdb, 0x3e, 0xff, 0x6f, 0xe1, 0x3e, 0x01, 0xe8, 0xe6, 0x3e,
  0x00, 0x58, 0xec, 0x3e, 0x00, 0xf8, 0xf1, 0x3e, 0x00, 0x60, 0xf7, 0x3e,
  0x01, 0xc8, 0xfc, 0x3e, 0x01, 0x2e, 0x01, 0x3f, 0x00, 0xde, 0x03, 0x3f,
  0x00, 0x8a, 0x06, 0x3f, 0x00, 0x4a, 0x09, 0x3f, 0x00, 0xf2, 0x0b, 0x3f,
  0x00, 0x92, 0x0e, 0x3f, 0xff, 0x4d, 0x11, 0x3f, 0x00, 0xea, 0x13, 0x3f,
  0x00, 0x86, 0x16, 0x3f, 0x00, 0x1a, 0x19, 0x3f, 0x00, 0xc6, 0x1b, 0x3f,
  0x01, 0x56, 0x1e, 0x3f, 0x01, 0xde, 0x20, 0x3f, 0x00, 0x7a, 0x23, 0x3f,
  0xff, 0xf9, 0x25, 0x3f, 0xff, 0x75, 0x28, 0x3f, 0x01, 0x02, 0x2b, 0x3f,
  0x01, 0x72, 0x2d, 0x3f, 0x01, 0xda, 0x2f, 0x3f, 0x00, 0x52, 0x32, 0x3f,
  0x00, 0xaa, 0x34, 0x3f, 0xff, 0xfd, 0x36, 0x3f, 0x00, 0x4a, 0x39, 0x3f,
  0x00, 0xa2, 0x3b, 0x3f, 0x00, 0xde, 0x3d, 0x3f, 0x01, 0x12, 0x40, 0x3f,
  0x00, 0x52, 0x42, 0x3f, 0xff, 0x75, 0x44, 0x3f, 0x00, 0x96, 0x46, 0x3f,
  0x01, 0xbe, 0x48, 0x3f, 0x00, 0xce, 0x4a, 0x3f, 0xff, 0xd1, 0x4c, 0x3f,
  0x00, 0xe6, 0x4e, 0x3f, 0x01, 0xde, 0x50, 0x3f, 0x00, 0xce, 0x52, 0x3f,
  0x00, 0xb6, 0x54, 0x3f, 0x00, 0xaa, 0x56, 0x3f, 0x00, 0x86, 0x58, 0x3f,
  0x01, 0x56, 0x5a, 0x3f, 0x00, 0x36, 0x5c, 0x3f, 0xff, 0xf9, 0x5d, 0x3f,
  0xff, 0xb5, 0x5f, 0x3f, 0x00, 0x7a, 0x61, 0x3f, 0x00, 0x26, 0x63, 0x3f,
  0x00, 0xca, 0x64, 0x3f, 0x00, 0x66, 0x66, 0x3f, 0x01, 0x06, 0x68, 0x3f,
  0x01, 0x8a, 0x69, 0x3f, 0x00, 0x06, 0x6b, 0x3f, 0xff, 0x81, 0x6c, 0x3f,
  0x00, 0xea, 0x6d, 0x3f, 0xff, 0x41, 0x6f, 0x3f, 0x01, 0x9a, 0x70, 0x3f,
  0x01, 0xda, 0x71, 0x3f, 0xff, 0x09, 0x73, 0x3f, 0x00, 0x3a, 0x74, 0x3f,
  0x00, 0x52, 0x75, 0x3f, 0x00, 0x5e, 0x76, 0x3f, 0xff, 0x59, 0x77, 0x3f,
  0x00, 0x52, 0x78, 0x3f, 0x00, 0x36, 0x79, 0x3f, 0x00, 0x0a, 0x7a, 0x3f,
  0x00, 0xda, 0x7a, 0x3f, 0xff, 0x91, 0x7b, 0x3f, 0x00, 0x42, 0x7c, 0x3f,
  0x00, 0xe6, 0x7c, 0x3f, 0x00, 0x7a, 0x7d, 0x3f, 0x00, 0x02, 0x7e, 0x3f,
  0x00, 0x7e, 0x7e, 0x3f, 0x00, 0xee, 0x7e, 0x3f, 0xff, 0x4d, 0x7f, 0x3f,
  0xff, 0x9d, 0x7f, 0x3f, 0x00, 0xec, 0x7f, 0x3f, 0x00, 0xfe, 0x7f, 0x3f,
  0x00, 0xfe, 0x7f, 0x3f, 0x00, 0xfe, 0x7f, 0x3f, 0x00, 0xfe, 0x7f, 0x3f,
  0x00, 0xfe, 0x7f, 0x3f, 0x00, 0xfe, 0x7f, 0x3f, 0x00, 0xfe, 0x7f, 0x3f,
  0x00, 0xfe, 0x7f, 0x3f, 0x00, 0xfe, 0x7f, 0x3f, 0x01, 0xfc, 0x7f, 0x3f,
  0x01, 0xb8, 0x7f, 0x3f, 0xff, 0x65, 0x7f, 0x3f, 0xff, 0x09, 0x7f, 0x3f,
  0x00, 0xa2, 0x7e, 0x3f, 0x00, 0x2e, 0x7e, 0x3f, 0xff, 0xa9, 0x7d, 0x3f,
  0x00, 0x1e, 0x7d, 0x3f, 0x00, 0x86, 0x7c, 0x3f, 0x00, 0xde, 0x7b, 0x3f,
  0x00, 0x32, 0x7b, 0x3f, 0xff, 0x75, 0x7a, 0x3f, 0xff, 0xa9, 0x79, 0x3f,
  0x01, 0xde, 0x78, 0x3f, 0x00, 0x02, 0x78, 0x3f, 0x00, 0x1e, 0x77, 0x3f,
  0xff, 0x25, 0x76, 0x3f, 0x00, 0x2a, 0x75, 0x3f, 0xff, 0x25, 0x74, 0x3f,
  0xff, 0x09, 0x73, 0x3f, 0x00, 0xf2, 0x71, 0x3f, 0x00, 0xce, 0x70, 0x3f,
  0xff, 0x91, 0x6f, 0x3f, 0x00, 0x5a, 0x6e, 0x3f, 0xff, 0x15, 0x6d, 0x3f,
  0x00, 0xbe, 0x6b, 0x3f, 0x00, 0x66, 0x6a, 0x3f, 0x00, 0x06, 0x69, 0x3f,
  0xff, 0x9d, 0x67, 0x3f, 0x00, 0x1a, 0x66, 0x3f, 0x00, 0xa2, 0x64, 0x3f,
  0x00, 0x1e, 0x63, 0x3f, 0x00, 0x82, 0x61, 0x3f, 0x00, 0xf2, 0x5f, 0x3f,
  0x01, 0x56, 0x5e, 0x3f, 0x00, 0xaa, 0x5c, 0x3f, 0x01, 0x02, 0x5b, 0x3f,
  0xff, 0x59, 0x59, 0x3f, 0x00, 0x9a, 0x57, 0x3f, 0x00, 0xe6, 0x55, 0x3f,
  0x00, 0x2e, 0x54, 0x3f, 0x00, 0x72, 0x52, 0x3f, 0x00, 0xa2, 0x50, 0x3f,
  0x01, 0xde, 0x4e, 0x3f, 0x00, 0x1a, 0x4d, 0x3f, 0x00, 0x3e, 0x4b, 0x3f,
  0x01, 0x72, 0x49, 0x3f, 0x00, 0xa2, 0x47, 0x3f, 0x00, 0xbe, 0x45, 0x3f,
  0x00, 0xea, 0x43, 0x3f, 0x01, 0x12, 0x42, 0x3f, 0x01, 0x2a, 0x40, 0x3f,
  0x01, 0x4a, 0x3e, 0x3f, 0x01, 0x6e, 0x3c, 0x3f, 0xff, 0x8d, 0x3a, 0x3f,
  0x00, 0x96, 0x38, 0x3f, 0x01, 0xb2, 0x36, 0x3f, 0x00, 0xce, 0x34, 0x3f,
  0xff, 0xd1, 0x32, 0x3f, 0x00, 0xe6, 0x30, 0x3f, 0x00, 0xfa, 0x2e, 0x3f,
  0x00, 0xfa, 0x2c, 0x3f, 0x00, 0x0e, 0x2b, 0x3f, 0x00, 0x1e, 0x29, 0x3f,
  0x00, 0x1a, 0x27, 0x3f, 0x00, 0x2a, 0x25, 0x3f, 0x00, 0x36, 0x23, 0x3f,
  0x01, 0x46, 0x21, 0x3f, 0xff, 0x41, 0x1f, 0x3f, 0xff, 0x4d, 0x1d, 0x3f,
  0xff, 0x59, 0x1b, 0x3f, 0x00, 0x56, 0x19, 0x3f, 0x00, 0x62, 0x17, 0x3f,
  0x01, 0x72, 0x15, 0x3f, 0x00, 0x6e, 0x13, 0x3f, 0x00, 0x7a, 0x11, 0x3f,
  0x01, 0x8a, 0x0f, 0x3f, 0x00, 0x86, 0x0d, 0x3f, 0x01, 0x96, 0x0b, 0x3f,
  0xff, 0xa9, 0x09, 0x3f, 0x00, 0xba, 0x07, 0x3f, 0x00, 0xba, 0x05, 0x3f,
  0x01, 0xce, 0x03, 0x3f, 0xff, 0xe1, 0x01, 0x3f, 0xff, 0xc3, 0xff, 0x3e,
  0xff, 0xef, 0xfb, 0x3e, 0x00, 0x18, 0xf8, 0x3e, 0x01, 0x28, 0xf4, 0x3e,
  0x00, 0x58, 0xf0, 0x3e, 0xff, 0x8f, 0xec, 0x3e, 0x01, 0xc8, 0xe8, 0x3e,
  0x01, 0xe0, 0xe4, 0x3e, 0x01, 0x20, 0xe1, 0x3e, 0x01, 0x68, 0xdd, 0x3e,
  0xff, 0x87, 0xd9, 0x3e, 0xff, 0xcf, 0xd5, 0x3e, 0x01, 0x18, 0xd2, 0x3e,
  0xff, 0x3f, 0xce, 0x3e, 0x01, 0x90, 0xca, 0x3e, 0xff, 0xdf, 0xc6, 0x3e,
  0xfe, 0x0f, 0xc3, 0x3e, 0x00, 0x60, 0xbf, 0x3e, 0x01, 0xb8, 0xbb, 0x3e,
  0xff, 0x07, 0xb8, 0x3e, 0x01, 0x40, 0xb4, 0x3e, 0x01, 0x98, 0xb0, 0x3e,
  0x02, 0xf0, 0xac, 0x3e, 0x01, 0x20, 0xa9, 0x3e, 0x02, 0x78, 0xa5, 0x3e,
  0xff, 0xcf, 0xa1, 0x3e, 0x02, 0x00, 0x9e, 0x3e, 0x00, 0x50, 0x9a, 0x3e,
  0x02, 0xa0, 0x96, 0x3e, 0x00, 0xd8, 0x92, 0x3e, 0x02, 0x28, 0x8f, 0x3e,
  0x00, 0x78, 0x8b, 0x3e, 0xff, 0xbf, 0x87, 0x3e, 0x00, 0xe8, 0x83, 0x3e,
  0x00, 0x30, 0x80, 0x3e, 0x01, 0xe0, 0x78, 0x3e, 0x00, 0x10, 0x71, 0x3e,
  0xff, 0x6f, 0x69, 0x3e, 0x01, 0xc0, 0x61, 0x3e, 0xfd, 0xaf, 0x59, 0x3e,
  0x03, 0xe0, 0x51, 0x3e, 0x01, 0xf0, 0x49, 0x3e, 0xff, 0x9f, 0x41, 0x3e,
  0x01, 0x90, 0x39, 0x3e, 0x02, 0x60, 0x31, 0x3e, 0x00, 0x10, 0x29, 0x3e,
  0xff, 0x5f, 0x20, 0x3e, 0xfe, 0xdf, 0x17, 0x3e, 0xff, 0x4f, 0x0f, 0x3e,
  0x03, 0x50, 0x06, 0x3e, 0xfc, 0x1f, 0xfb, 0x3d, 0x04, 0x80, 0xe9, 0x3d,
  0x04, 0x00, 0xd7, 0x3d, 0x00, 0x20, 0xc5, 0x3d, 0xff, 0xff, 0xb2, 0x3d,
  0x00, 0x00, 0xa0, 0x3d, 0x00, 0xa0, 0x8d, 0x3d, 0x00, 0x40, 0x76, 0x3d,
  0x01, 0xc0, 0x50, 0x3d, 0x01, 0x00, 0x2a, 0x3d, 0x01, 0x40, 0x04, 0x3d,
  0xfe, 0x7f, 0xbc, 0x3c, 0xfc, 0xff, 0x59, 0x3c, 0x00, 0x00, 0x82, 0x3b,
  0x00, 0x00, 0xb2, 0xbb, 0x01, 0x00, 0x7a, 0xbc, 0xfe, 0xff, 0xca, 0xbc,
  0xff, 0xbf, 0x0c, 0xbd, 0x00, 0xc0, 0x35, 0xbd, 0xff, 0x3f, 0x5d, 0xbd,
  0x00, 0xa0, 0x82, 0xbd, 0x00, 0xa0, 0x96, 0xbd, 0xff, 0x7f, 0xab, 0xbd,
  0x00, 0xc0, 0xbf, 0xbd, 0xfd, 0xff, 0xd3, 0xbd, 0x00, 0x40, 0xe9, 0xbd,
  0x04, 0xc0, 0xfd, 0xbd, 0xfe, 0x1f, 0x09, 0xbe, 0x01, 0xe0, 0x13, 0xbe,
  0xff, 0x3f, 0x1e, 0xbe, 0x03, 0xa0, 0x28, 0xbe, 0xfe, 0x6f, 0x33, 0xbe,
  0x00, 0xe0, 0x3d, 0xbe, 0xff, 0x5f, 0x48, 0xbe, 0xff, 0xdf, 0x52, 0xbe,
  0xfe, 0xbf, 0x5d, 0xbe, 0xfd, 0x3f, 0x68, 0xbe, 0xff, 0xaf, 0x72, 0xbe,
  0xfe, 0x8f, 0x7d, 0xbe, 0xff, 0x07, 0x84, 0xbe, 0x00, 0x40, 0x89, 0xbe,
  0x00, 0xa8, 0x8e, 0xbe, 0xff, 0xd7, 0x93, 0xbe, 0xff, 0xff, 0x98, 0xbe,
  0xff, 0x57, 0x9e, 0xbe, 0x00, 0x78, 0xa3, 0xbe, 0xff, 0x8f, 0xa8, 0xbe,
  0xff, 0x9f, 0xad, 0xbe, 0xff, 0xdf, 0xb2, 0xbe, 0x01, 0xe0, 0xb7, 0xbe,
  0x01, 0xe0, 0xbc, 0xbe, 0xfe, 0xff, 0xc1, 0xbe, 0x01, 0xe8, 0xc6, 0xbe,
  0xff, 0xbf, 0xcb, 0xbe, 0xff, 0xbf, 0xd0, 0xbe, 0x00, 0x80, 0xd5, 0xbe,
  0x01, 0x30, 0xda, 0xbe, 0x01, 0x00, 0xdf, 0xbe, 0x00, 0x90, 0xe3, 0xbe,
  0x01, 0x10, 0xe8, 0xbe, 0xff, 0x77, 0xec, 0xbe, 0x00, 0xf8, 0xf0, 0xbe,
  0x00, 0x40, 0xf5, 0xbe, 0xff, 0x6f, 0xf9, 0xbe, 0x00, 0xb0, 0xfd, 0xbe,
  0x01, 0xde, 0x00, 0xbf, 0x00, 0xda, 0x02, 0xbf, 0x00, 0xda, 0x04, 0xbf,
  0x01, 0xbe, 0x06, 0xbf, 0x00, 0x96, 0x08, 0xbf, 0x00, 0x66, 0x0a, 0xbf,
  0x00, 0x3a, 0x0c, 0xbf, 0xff, 0xed, 0x0d, 0xbf, 0x00, 0x9a, 0x0f, 0xbf,
  0xff, 0x4d, 0x11, 0xbf, 0x00, 0xe2, 0x12, 0xbf, 0xff, 0x69, 0x14, 0xbf,
  0x00, 0xf6, 0x15, 0xbf, 0x00, 0x6a, 0x17, 0xbf, 0x00, 0xce, 0x18, 0xbf,
  0x00, 0x36, 0x1a, 0xbf, 0x00, 0x86, 0x1b, 0xbf, 0x00, 0xca, 0x1c, 0xbf,
  0x00, 0xfe, 0x1d, 0xbf, 0x00, 0x36, 0x1f, 0xbf, 0x00, 0x52, 0x20, 0xbf,
  0xff, 0x65, 0x21, 0xbf, 0xff, 0x75, 0x22, 0xbf, 0x00, 0x6e, 0x23, 0xbf,
  0x00, 0x5e, 0x24, 0xbf, 0x00, 0x4a, 0x25, 0xbf, 0x01, 0x1e, 0x26, 0xbf,
  0x01, 0xea, 0x26, 0xbf, 0x00, 0xae, 0x27, 0xbf, 0x01, 0x62, 0x28, 0xbf,
  0xff, 0x09, 0x29, 0xbf, 0x00, 0xa6, 0x29, 0xbf, 0x00, 0x3a, 0x2a, 0xbf,
  0x01, 0xbe, 0x2a, 0xbf, 0x00, 0x36, 0x2b, 0xbf, 0xff, 0xa9, 0x2b, 0xbf,
  0x00, 0x0e, 0x2c, 0xbf, 0x00, 0x66, 0x2c, 0xbf, 0x00, 0xb6, 0x2c, 0xbf,
  0x01, 0xf6, 0x2c, 0xbf, 0x00, 0x32, 0x2d, 0xbf, 0x00, 0x62, 0x2d, 0xbf,
  0x00, 0x86, 0x2d, 0xbf, 0x00, 0xa2, 0x2d, 0xbf, 0x00, 0xb2, 0x2d, 0xbf,
  0x00, 0xbe, 0x2d, 0xbf, 0x00, 0xbe, 0x2d, 0xbf, 0xff, 0xb5, 0x2d, 0xbf,
  0x00, 0xa6, 0x2d, 0xbf, 0x00, 0x8e, 0x2d, 0xbf, 0x00, 0x6e, 0x2d, 0xbf,
  0xff, 0x41, 0x2d, 0xbf, 0x00, 0x12, 0x2d, 0xbf, 0x00, 0xda, 0x2c, 0xbf,
  0x01, 0x9a, 0x2c, 0xbf, 0x00, 0x52, 0x2c, 0xbf, 0x00, 0x0a, 0x2c, 0xbf,
  0xff, 0xb5, 0x2b, 0xbf, 0x00, 0x5e, 0x2b, 0xbf, 0x01, 0x02, 0x2b, 0xbf,
  0x00, 0xa2, 0x2a, 0xbf, 0x00, 0x3a, 0x2a, 0xbf, 0x00, 0xd2, 0x29, 0xbf,
  0xff, 0x65, 0x29, 0xbf, 0x00, 0xf2, 0x28, 0xbf, 0x00, 0x7e, 0x28, 0xbf,
  0x00, 0x0a, 0x28, 0xbf, 0xff, 0x91, 0x27, 0xbf, 0xff, 0x15, 0x27, 0xbf,
  0x00, 0x9e, 0x26, 0xbf, 0x01, 0x1e, 0x26, 0xbf, 0xff, 0x9d, 0x25, 0xbf,
  0x00, 0x1e, 0x25, 0xbf, 0x01, 0x9a, 0x24, 0xbf, 0x00, 0x16, 0x24, 0xbf,
  0xff, 0x91, 0x23, 0xbf, 0x00, 0x0e, 0x23, 0xbf, 0x00, 0x86, 0x22, 0xbf,
  0x00, 0x02, 0x22, 0xbf, 0x01, 0x7e, 0x21, 0xbf, 0x00, 0xf2, 0x20, 0xbf,
  0x01, 0x6e, 0x20, 0xbf, 0xff, 0xed, 0x1f, 0xbf, 0x00, 0x6a, 0x1f, 0xbf,
  0x00, 0xe2, 0x1e, 0xbf, 0x01, 0x62, 0x1e, 0xbf, 0xff, 0xe1, 0x1d, 0xbf,
  0x00, 0x62, 0x1d, 0xbf, 0x00, 0xe6, 0x1c, 0xbf, 0xff, 0x69, 0x1c, 0xbf,
  0xff, 0xed, 0x1b, 0xbf, 0x00, 0x76, 0x1b, 0xbf, 0x01, 0x02, 0x1b, 0xbf,
  0xff, 0x8d, 0x1a, 0xbf, 0x00, 0x22, 0x1a, 0xbf, 0xff, 0xb5, 0x19, 0xbf,
  0xff, 0x4d, 0x19, 0xbf, 0x01, 0xea, 0x18, 0xbf, 0x00, 0x8a, 0x18, 0xbf,
  0x00, 0x2e, 0x18, 0xbf, 0x00, 0xd2, 0x17, 0xbf, 0x01, 0x7e, 0x17, 0xbf,
  0x00, 0x32, 0x17, 0xbf, 0x00, 0xe2, 0x16, 0xbf, 0x00, 0x9e, 0x16, 0xbf,
  0x00, 0x5a, 0x16, 0xbf, 0x00, 0x1a, 0x16, 0xbf, 0x00, 0xde, 0x15, 0xbf,
  0xff, 0xa9, 0x15, 0xbf, 0x00, 0x7a, 0x15, 0xbf, 0x00, 0x4a, 0x15, 0xbf,
  0x00, 0x26, 0x15, 0xbf, 0x01, 0x02, 0x15, 0xbf, 0x00, 0xe2, 0x14, 0xbf,
  0xff, 0xc5, 0x14, 0xbf, 0x01, 0xb2, 0x14, 0xbf, 0x00, 0x9e, 0x14, 0xbf,
  0x00, 0x92, 0x14, 0xbf, 0x00, 0x8a, 0x14, 0xbf, 0xff, 0x81, 0x14, 0xbf,
  0xff, 0x81, 0x14, 0xbf, 0x00, 0x86, 0x14, 0xbf, 0xff, 0x8d, 0x14, 0xbf,
  0x01, 0x9a, 0x14, 0xbf, 0x00, 0xaa, 0x14, 0xbf, 0x01, 0xbe, 0x14, 0xbf,
  0x00, 0xd6, 0x14, 0xbf, 0x00, 0xf2, 0x14, 0xbf, 0x00, 0x12, 0x15, 0xbf,
  0x00, 0x36, 0x15, 0xbf, 0xff, 0x59, 0x15, 0xbf, 0x00, 0x82, 0x15, 0xbf,
  0x00, 0xae, 0x15, 0xbf, 0x01, 0xda, 0x15, 0xbf, 0x00, 0x0a, 0x16, 0xbf,
  0xff, 0x3d, 0x16, 0xbf, 0xff, 0x75, 0x16, 0xbf, 0x00, 0xae, 0x16, 0xbf,
  0x01, 0xea, 0x16, 0xbf, 0x00, 0x26, 0x17, 0xbf, 0xff, 0x65, 0x17, 0xbf,
  0x00, 0xa2, 0x17, 0xbf, 0x00, 0xe6, 0x17, 0xbf, 0x00, 0x22, 0x18, 0xbf,
  0x01, 0x62, 0x18, 0xbf, 0x00, 0xa2, 0x18, 0xbf, 0x00, 0xe2, 0x18, 0xbf,
  0x00, 0x1e, 0x19, 0xbf, 0xff, 0x59, 0x19, 0xbf, 0x01, 0x96, 0x19, 0xbf,
  0x01, 0xce, 0x19, 0xbf, 0x00, 0x02, 0x1a, 0xbf, 0x00, 0x36, 0x1a, 0xbf,
  0x00, 0x66, 0x1a, 0xbf, 0x00, 0x92, 0x1a, 0xbf, 0xff, 0xb9, 0x1a, 0xbf,
  0x00, 0xe2, 0x1a, 0xbf, 0x00, 0x06, 0x1b, 0xbf, 0x00, 0x26, 0x1b, 0xbf,
  0xff, 0x41, 0x1b, 0xbf, 0xff, 0x59, 0x1b, 0xbf, 0x00, 0x6a, 0x1b, 0xbf,
  0x00, 0x7a, 0x1b, 0xbf, 0x00, 0x86, 0x1b, 0xbf, 0x00, 0x8e, 0x1b, 0xbf,
  0x00, 0x8e, 0x1b, 0xbf, 0x01, 0x8a, 0x1b, 0xbf, 0x00, 0x82, 0x1b, 0xbf,
  0x01, 0x72, 0x1b, 0xbf, 0x00, 0x5e, 0x1b, 0xbf, 0xff, 0x41, 0x1b, 0xbf,
  0x00, 0x26, 0x1b, 0xbf, 0xff, 0xfd, 0x1a, 0xbf, 0xff, 0xd1, 0x1a, 0xbf,
  0x00, 0xa2, 0x1a, 0xbf, 0xff, 0x69, 0x1a, 0xbf, 0x00, 0x2e, 0x1a, 0xbf,
  0x00, 0xea, 0x19, 0xbf, 0xff, 0x9d, 0x19, 0xbf, 0xff, 0x4d, 0x19, 0xbf,
  0x01, 0xf6, 0x18, 0xbf, 0x01, 0x9a, 0x18, 0xbf, 0x00, 0x36, 0x18, 0xbf,
  0x01, 0xce, 0x17, 0xbf, 0x00, 0x5e, 0x17, 0xbf, 0x00, 0xe6, 0x16, 0xbf,
  0xff, 0x69, 0x16, 0xbf, 0x00, 0xea, 0x15, 0xbf, 0xff, 0x59, 0x15, 0xbf,
  0x00, 0xce, 0x14, 0xbf, 0x00, 0x36, 0x14, 0xbf, 0xff, 0x91, 0x13, 0xbf,
  0x00, 0xee, 0x12, 0xbf, 0x00, 0x46, 0x12, 0xbf, 0x00, 0x8e, 0x11, 0xbf,
  0x00, 0xd6, 0x10, 0xbf, 0x00, 0x16, 0x10, 0xbf, 0x00, 0x52, 0x0f, 0xbf,
  0x00, 0x7e, 0x0e, 0xbf, 0x00, 0xae, 0x0d, 0xbf, 0x00, 0xd6, 0x0c, 0xbf,
  0xff, 0xed, 0x0b, 0xbf, 0x00, 0x06, 0x0b, 0xbf, 0x00, 0x1a, 0x0a, 0xbf,
  0x00, 0x1e, 0x09, 0xbf, 0xff, 0x25, 0x08, 0xbf, 0x00, 0x26, 0x07, 0xbf,
  0x00, 0x16, 0x06, 0xbf, 0xff, 0x09, 0x05, 0xbf, 0x00, 0xf6, 0x03, 0xbf,
  0x00, 0xda, 0x02, 0xbf, 0x00, 0xae, 0x01, 0xbf, 0xff, 0x81, 0x00, 0xbf,
  0xff, 0x97, 0xfe, 0xbe, 0x01, 0x10, 0xfc, 0xbe, 0xff, 0x87, 0xf9, 0xbe,
  0xff, 0xf7, 0xf6, 0xbe, 0xfe, 0x37, 0xf4, 0xbe, 0x00, 0x80, 0xf1, 0xbe,
  0x01, 0xb8, 0xee, 0xbe, 0x02, 0xc8, 0xeb, 0xbe, 0x01, 0xe0, 0xe8, 0xbe,
  0x00, 0xe0, 0xe5, 0xbe, 0x00, 0xd8, 0xe2, 0xbe, 0x01, 0xa0, 0xdf, 0xbe,
  0xff, 0x77, 0xdc, 0xbe, 0x01, 0x38, 0xd9, 0xbe, 0x00, 0xc8, 0xd5, 0xbe,
  0xff, 0x6f, 0xd2, 0xbe, 0x01, 0x00, 0xcf, 0xbe, 0x00, 0x60, 0xcb, 0xbe,
  0x00, 0xd0, 0xc7, 0xbe, 0x01, 0x28, 0xc4, 0xbe, 0x00, 0x58, 0xc0, 0xbe,
  0x01, 0x98, 0xbc, 0xbe, 0x01, 0xc8, 0xb8, 0xbe, 0x01, 0xe0, 0xb4, 0xbe,
  0x01, 0xc8, 0xb0, 0xbe, 0x01, 0xc8, 0xac, 0xbe, 0x00, 0xb8, 0xa8, 0xbe,
  0x00, 0x70, 0xa4, 0xbe, 0xfe, 0x37, 0xa0, 0xbe, 0x01, 0xf8, 0x9b, 0xbe,
  0xff, 0x7f, 0x97, 0xbe, 0xff, 0x1f, 0x93, 0xbe, 0xff, 0xaf, 0x8e, 0xbe,
  0x00, 0x38, 0x8a, 0xbe, 0x00, 0x80, 0x85, 0xbe, 0x02, 0xf0, 0x80, 0xbe,
  0xff, 0x8f, 0x78, 0xbe, 0x02, 0xe0, 0x6e, 0xbe, 0x03, 0x70, 0x65, 0xbe,
  0xff, 0xef, 0x5b, 0xbe, 0x01, 0xf0, 0x51, 0xbe, 0xfd, 0x3f, 0x48, 0xbe,
  0xff, 0x6f, 0x3e, 0xbe, 0x01, 0x40, 0x34, 0xbe, 0x00, 0x50, 0x2a, 0xbe,
  0x02, 0x50, 0x20, 0xbe, 0xff, 0x3f, 0x16, 0xbe, 0xff, 0xbf, 0x0b, 0xbe,
  0xfd, 0x7f, 0x01, 0xbe, 0xfa, 0x5f, 0xee, 0xbd, 0x01, 0xe0, 0xd8, 0xbd,
  0xff, 0xff, 0xc3, 0xbd, 0x00, 0x00, 0xaf, 0xbd, 0x00, 0x20, 0x99, 0xbd,
  0xff, 0xbf, 0x83, 0xbd, 0xff, 0xbf, 0x5c, 0xbd, 0x00, 0x00, 0x30, 0xbd,
  0xff, 0x7f, 0x04, 0xbd, 0x00, 0x80, 0xb1, 0xbc, 0x02, 0x00, 0x34, 0xbc,
  0x00, 0x00, 0xcc, 0x3b, 0xfe, 0xff, 0x8d, 0x3c, 0x01, 0x80, 0xe8, 0x3c,
  0x00, 0x80, 0x22, 0x3d, 0xff, 0xbf, 0x4e, 0x3d, 0x01, 0x00, 0x7a, 0x3d,
  0x00, 0x60, 0x92, 0x3d, 0x01, 0x20, 0xa8, 0x3d, 0x01, 0xc0, 0xbc, 0x3d,
  0xfa, 0xdf, 0xd0, 0x3d, 0xfa, 0x7f, 0xe5, 0x3d, 0x05, 0x20, 0xf9, 0x3d,
  0x01, 0x30, 0x06, 0x3e, 0x02, 0xf0, 0x0f, 0x3e, 0x00, 0x40, 0x19, 0x3e,
  0xfe, 0x5f, 0x22, 0x3e, 0x02, 0xb0, 0x2b, 0x3e, 0xfe, 0x7f, 0x34, 0x3e,
  0xff, 0x2f, 0x3d, 0x3e, 0x00, 0xb0, 0x45, 0x3e, 0xff, 0x6f, 0x4e, 0x3e,
  0x03, 0xb0, 0x56, 0x3e, 0xfe, 0xcf, 0x5e, 0x3e, 0xff, 0x1f, 0x67, 0x3e,
  0xfd, 0xff, 0x6e, 0x3e, 0xfe, 0xcf, 0x76, 0x3e, 0x00, 0xc0, 0x7e, 0x3e,
  0xff, 0x1f, 0x83, 0x3e, 0x01, 0xd0, 0x86, 0x3e, 0xff, 0x97, 0x8a, 0x3e,
  0xff, 0x27, 0x8e, 0x3e, 0x01, 0xa8, 0x91, 0x3e, 0x01, 0x20, 0x95, 0x3e,
  0xff, 0xa7, 0x98, 0x3e, 0xff, 0x07, 0x9c, 0x3e, 0x00, 0x60, 0x9f, 0x3e,
  0x01, 0xd0, 0xa2, 0x3e, 0x00, 0x20, 0xa6, 0x3e, 0x01, 0x68, 0xa9, 0x3e,
  0x00, 0xd0, 0xac, 0x3e, 0x01, 0x10, 0xb0, 0x3e, 0x01, 0x58, 0xb3, 0x3e,
  0x00, 0xc0, 0xb6, 0x3e, 0xff, 0x0f, 0xba, 0x3e, 0xfe, 0x5f, 0xbd, 0x3e,
  0x01, 0xb0, 0xc0, 0x3e, 0x01, 0x28, 0xc4, 0x3e, 0xff, 0x7f, 0xc7, 0x3e,
  0xff, 0xdf, 0xca, 0x3e, 0x01, 0x60, 0xce, 0x3e, 0x00, 0xc8, 0xd1, 0x3e,
  0x00, 0x28, 0xd5, 0x3e, 0x01, 0xb0, 0xd8, 0x3e, 0x00, 0x18, 0xdc, 0x3e,
  0xff, 0x7f, 0xdf, 0x3e, 0x01, 0xe8, 0xe2, 0x3e, 0xff, 0x6f, 0xe6, 0x3e,
  0x01, 0xd8, 0xe9, 0x3e, 0x00, 0x40, 0xed, 0x3e, 0xff, 0xbf, 0xf0, 0x3e,
  0xff, 0x1f, 0xf4, 0x3e, 0x00, 0x78, 0xf7, 0x3e, 0x00, 0xf0, 0xfa, 0x3e,
  0x01, 0x48, 0xfe, 0x3e, 0x00, 0xce, 0x00, 0x3f, 0xff, 0x81, 0x02, 0x3f,
  0x01, 0x2a, 0x04, 0x3f, 0x01, 0xce, 0x05, 0x3f, 0x01, 0x72, 0x07, 0x3f,
  0x00, 0x26, 0x09, 0x3f, 0x00, 0xca, 0x0a, 0x3f, 0x01, 0x6e, 0x0c, 0x3f,
  0x00, 0x22, 0x0e, 0x3f, 0x00, 0xc6, 0x0f, 0x3f, 0x00, 0x6e, 0x11, 0x3f,
  0x00, 0x26, 0x13, 0x3f, 0x00, 0xce, 0x14, 0x3f, 0x00, 0x7a, 0x16, 0x3f,
  0x00, 0x36, 0x18, 0x3f, 0x00, 0xe6, 0x19, 0x3f, 0x01, 0x96, 0x1b, 0x3f,
  0x00, 0x4a, 0x1d, 0x3f, 0x00, 0x12, 0x1f, 0x3f, 0x00, 0xca, 0x20, 0x3f,
  0x00, 0x86, 0x22, 0x3f, 0x00, 0x52, 0x24, 0x3f, 0x01, 0x12, 0x26, 0x3f,
  0x01, 0xce, 0x27, 0x3f, 0xff, 0x9d, 0x29, 0x3f, 0xff, 0x59, 0x2b, 0x3f,
  0xff, 0x15, 0x2d, 0x3f, 0x00, 0xe2, 0x2e, 0x3f, 0x01, 0x9a, 0x30, 0x3f,
  0x00, 0x52, 0x32, 0x3f, 0x00, 0x02, 0x34, 0x3f, 0x01, 0xc2, 0x35, 0x3f,
  0x00, 0x6e, 0x37, 0x3f, 0x00, 0x12, 0x39, 0x3f, 0x00, 0xc2, 0x3a, 0x3f,
  0x00, 0x5a, 0x3c, 0x3f, 0xff, 0xed, 0x3d, 0x3f, 0x01, 0x8a, 0x3f, 0x3f,
  0x00, 0x12, 0x41, 0x3f, 0x00, 0x96, 0x42, 0x3f, 0x00, 0x22, 0x44, 0x3f,
  0x00, 0x9a, 0x45, 0x3f, 0x00, 0x0e, 0x47, 0x3f, 0xff, 0x81, 0x48, 0x3f,
  0x00, 0xfe, 0x49, 0x3f, 0x00, 0x6e, 0x4b, 0x3f, 0x01, 0xde, 0x4c, 0x3f,
  0x01, 0x56, 0x4e, 0x3f, 0x00, 0xc6, 0x4f, 0x3f, 0x00, 0x36, 0x51, 0x3f,
  0x01, 0xb2, 0x52, 0x3f, 0x00, 0x22, 0x54, 0x3f, 0x01, 0x96, 0x55, 0x3f,
  0x00, 0x1a, 0x57, 0x3f, 0x00, 0x92, 0x58, 0x3f, 0x00, 0x0e, 0x5a, 0x3f,
  0x00, 0x8e, 0x5b, 0x3f, 0xff, 0x15, 0x5d, 0x3f, 0x00, 0x96, 0x5e, 0x3f,
  0x00, 0x0e, 0x60, 0x3f, 0x01, 0x96, 0x61, 0x3f, 0xff, 0x09, 0x63, 0x3f,
  0xff, 0x75, 0x64, 0x3f, 0x00, 0xe6, 0x65, 0x3f, 0xff, 0x41, 0x67, 0x3f,
  0x00, 0x92, 0x68, 0x3f, 0x00, 0xe6, 0x69, 0x3f, 0x00, 0x1e, 0x6b, 0x3f,
  0x00, 0x46, 0x6c, 0x3f, 0x00, 0x5e, 0x6d, 0x3f, 0x00, 0x72, 0x6e, 0x3f,
  0x00, 0x6a, 0x6f, 0x3f, 0x00, 0x4e, 0x70, 0x3f, 0x01, 0x2e, 0x71, 0x3f,
  0x00, 0xf6, 0x71, 0x3f, 0x00, 0xaa, 0x72, 0x3f, 0xff, 0x59, 0x73, 0x3f,
  0x00, 0xf2, 0x73, 0x3f, 0x00, 0x7e, 0x74, 0x3f, 0x01, 0x02, 0x75, 0x3f,
  0x00, 0x76, 0x75, 0x3f, 0x00, 0xde, 0x75, 0x3f, 0xff, 0x3d, 0x76, 0x3f,
  0x00, 0x96, 0x76, 0x3f, 0x00, 0xe2, 0x76, 0x3f, 0x00, 0x2a, 0x77, 0x3f,
  0x00, 0x6a, 0x77, 0x3f, 0x00, 0xa2, 0x77, 0x3f, 0x00, 0xd2, 0x77, 0x3f,
  0x00, 0x02, 0x78, 0x3f, 0x01, 0x2a, 0x78, 0x3f, 0x00, 0x4e, 0x78, 0x3f,
  0x00, 0x66, 0x78, 0x3f, 0x00, 0x7a, 0x78, 0x3f, 0x00, 0x8a, 0x78, 0x3f,
  0xff, 0x8d, 0x78, 0x3f, 0xff, 0x8d, 0x78, 0x3f, 0x00, 0x8a, 0x78, 0x3f,
  0x00, 0x7a, 0x78, 0x3f, 0x00, 0x66, 0x78, 0x3f, 0x00, 0x46, 0x78, 0x3f,
  0xff, 0x25, 0x78, 0x3f, 0x00, 0xf6, 0x77, 0x3f, 0x00, 0xc6, 0x77, 0x3f,
  0x01, 0x8a, 0x77, 0x3f, 0x00, 0x4a, 0x77, 0x3f, 0xff, 0xfd, 0x76, 0x3f,
  0x00, 0xaa, 0x76, 0x3f, 0x00, 0x52, 0x76, 0x3f, 0xff, 0xed, 0x75, 0x3f,
  0x00, 0x86, 0x75, 0x3f, 0x00, 0x1a, 0x75, 0x3f, 0x00, 0xa2, 0x74, 0x3f,
  0xff, 0x25, 0x74, 0x3f, 0x00, 0xa2, 0x73, 0x3f, 0xff, 0x15, 0x73, 0x3f,
  0x00, 0x86, 0x72, 0x3f, 0x00, 0xf2, 0x71, 0x3f, 0xff, 0x59, 0x71, 0x3f,
  0x01, 0xb2, 0x70, 0x3f, 0x00, 0x0a, 0x70, 0x3f, 0x00, 0x5e, 0x6f, 0x3f,
  0x01, 0xa6, 0x6e, 0x3f, 0x00, 0xf2, 0x6d, 0x3f, 0x00, 0x36, 0x6d, 0x3f,
  0xff, 0x69, 0x6c, 0x3f, 0x00, 0xa6, 0x6b, 0x3f, 0x00, 0xda, 0x6a, 0x3f,
  0x00, 0xfe, 0x69, 0x3f, 0x00, 0x2a, 0x69, 0x3f, 0x00, 0x4e, 0x68, 0x3f,
  0x00, 0x6e, 0x67, 0x3f, 0x00, 0x7e, 0x66, 0x3f, 0x01, 0x96, 0x65, 0x3f,
  0x00, 0xaa, 0x64, 0x3f, 0x00, 0xae, 0x63, 0x3f, 0xff, 0xb9, 0x62, 0x3f,
  0x01, 0xc2, 0x61, 0x3f, 0x01, 0xbe, 0x60, 0x3f, 0x01, 0xc2, 0x5f, 0x3f,
  0x00, 0xc2, 0x5e, 0x3f, 0xff, 0xb5, 0x5d, 0x3f, 0x01, 0xb2, 0x5c, 0x3f,
  0xff, 0xa9, 0x5b, 0x3f, 0x00, 0xa2, 0x5a, 0x3f, 0x01, 0x8a, 0x59, 0x3f,
  0x00, 0x7e, 0x58, 0x3f, 0x01, 0x72, 0x57, 0x3f, 0x01, 0x56, 0x56, 0x3f,
  0xff, 0x41, 0x55, 0x3f, 0x00, 0x2e, 0x54, 0x3f, 0xff, 0x09, 0x53, 0x3f,
  0xff, 0xed, 0x51, 0x3f, 0xff, 0xd1, 0x50, 0x3f, 0x00, 0xa6, 0x4f, 0x3f,
  0xff, 0x81, 0x4e, 0x3f, 0x00, 0x56, 0x4d, 0x3f, 0x01, 0x2a, 0x4c, 0x3f,
  0x00, 0xee, 0x4a, 0x3f, 0xff, 0xb5, 0x49, 0x3f, 0x00, 0x7e, 0x48, 0x3f,
  0x00, 0x32, 0x47, 0x3f, 0xff, 0xed, 0x45, 0x3f, 0x01, 0xa6, 0x44, 0x3f,
  0x00, 0x4a, 0x43, 0x3f, 0xff, 0xf9, 0x41, 0x3f, 0x00, 0xa2, 0x40, 0x3f,
  0x01, 0x3a, 0x3f, 0x3f, 0x00, 0xde, 0x3d, 0x3f, 0x00, 0x7a, 0x3c, 0x3f,
  0x00, 0x12, 0x3b, 0x3f, 0x00, 0x9a, 0x39, 0x3f, 0x01, 0x2a, 0x38, 0x3f,
  0x00, 0xb6, 0x36, 0x3f, 0x00, 0x32, 0x35, 0x3f, 0xff, 0xb5, 0x33, 0x3f,
  0x00, 0x36, 0x32, 0x3f, 0x01, 0xa6, 0x30, 0x3f, 0xff, 0x21, 0x2f, 0x3f,
  0x00, 0x9a, 0x2d, 0x3f, 0x00, 0xfe, 0x2b, 0x3f, 0x01, 0x6e, 0x2a, 0x3f,
  0x00, 0xda, 0x28, 0x3f, 0x01, 0x46, 0x27, 0x3f, 0x00, 0x9a, 0x25, 0x3f,
  0xff, 0xf9, 0x23, 0x3f, 0x00, 0x5a, 0x22, 0x3f, 0x00, 0xa2, 0x20, 0x3f,
  0x01, 0xf6, 0x1e, 0x3f, 0x00, 0x4a, 0x1d, 0x3f, 0x00, 0x86, 0x1b, 0x3f,
  0x00, 0xd2, 0x19, 0x3f, 0x00, 0x16, 0x18, 0x3f, 0x00, 0x46, 0x16, 0x3f,
  0x00, 0x86, 0x14, 0x3f, 0x01, 0xbe, 0x12, 0x3f, 0x01, 0xf6, 0x10, 0x3f,
  0xff, 0x15, 0x0f, 0x3f, 0x01, 0x46, 0x0d, 0x3f, 0x00, 0x6e, 0x0b, 0x3f,
  0x00, 0x82, 0x09, 0x3f, 0x00, 0xa6, 0x07, 0x3f, 0x00, 0xc6, 0x05, 0x3f,
  0x01, 0xce, 0x03, 0x3f, 0xff, 0xe1, 0x01, 0x3f, 0x01, 0xe4, 0xff, 0x3e,
  0x00, 0xd0, 0xfb, 0x3e, 0x01, 0xe0, 0xf7, 0x3e, 0x01, 0xe0, 0xf3, 0x3e,
  0x00, 0xd0, 0xef, 0x3e, 0x01, 0x88, 0xeb, 0x3e, 0x01, 0x58, 0xe7, 0x3e,
  0xff, 0x1f, 0xe3, 0x3e, 0x00, 0xa8, 0xde, 0x3e, 0x01, 0x48, 0xda, 0x3e,
  0x00, 0xe0, 0xd5, 0x3e, 0xff, 0x2f, 0xd1, 0x3e, 0x00, 0xa0, 0xcc, 0x3e,
  0x01, 0xf8, 0xc7, 0x3e, 0x01, 0x18, 0xc3, 0x3e, 0x00, 0x50, 0xbe, 0x3e,
  0xff, 0x6f, 0xb9, 0x3e, 0x00, 0x88, 0xb4, 0x3e, 0x00, 0x60, 0xaf, 0x3e,
  0xff, 0x57, 0xaa, 0x3e, 0xff, 0x47, 0xa5, 0x3e, 0xff, 0xef, 0x9f, 0x3e,
  0x00, 0xc0, 0x9a, 0x3e, 0xff, 0x87, 0x95, 0x3e, 0x01, 0x10, 0x90, 0x3e,
  0x01, 0xb8, 0x8a, 0x3e, 0xfe, 0x5f, 0x85, 0x3e, 0x02, 0xf0, 0x7f, 0x3e,
  0xfe, 0xaf, 0x74, 0x3e, 0xff, 0xcf, 0x69, 0x3e, 0xfe, 0xcf, 0x5e, 0x3e,
  0x00, 0x60, 0x53, 0x3e, 0xfd, 0x3f, 0x48, 0x3e, 0x01, 0x20, 0x3d, 0x3e,
  0xfd, 0x7f, 0x31, 0x3e, 0xff, 0x3f, 0x26, 0x3e, 0xff, 0xdf, 0x1a, 0x3e,
  0x02, 0x10, 0x0f, 0x3e, 0x00, 0x90, 0x03, 0x3e, 0x00, 0x00, 0xf0, 0x3d,
  0x05, 0xc0, 0xd8, 0x3d, 0x00, 0x80, 0xc0, 0x3d, 0x00, 0x00, 0xa9, 0x3d,
  0x00, 0x40, 0x91, 0x3d, 0x01, 0xc0, 0x70, 0x3d, 0x01, 0xc0, 0x40, 0x3d,
  0x01, 0x40, 0x10, 0x3d, 0x01, 0x00, 0xbb, 0x3c, 0xfd, 0xff, 0x30, 0x3c,
  0xff, 0xff, 0x9f, 0xba, 0xff, 0xff, 0x62, 0xbc, 0x02, 0x00, 0xd6, 0xbc,
  0x00, 0x80, 0x1d, 0xbd, 0x01, 0x40, 0x50, 0xbd, 0x00, 0x80, 0x82, 0xbd,
  0x01, 0x00, 0x9c, 0xbd, 0x00, 0x80, 0xb5, 0xbd, 0x00, 0x00, 0xd0, 0xbd,
  0x04, 0x80, 0xe9, 0xbd, 0x01, 0x90, 0x01, 0xbe, 0x00, 0xc0, 0x0e, 0xbe,
  0xfe, 0x6f, 0x1b, 0xbe, 0x02, 0x20, 0x28, 0xbe, 0xff, 0x2f, 0x35, 0xbe,
  0xfd, 0xaf, 0x41, 0xbe, 0xfd, 0x1f, 0x4e, 0xbe, 0x00, 0x80, 0x5a, 0xbe,
  0x01, 0x40, 0x67, 0xbe, 0x02, 0x80, 0x73, 0xbe, 0x01, 0xa0, 0x7f, 0xbe,
  0xff, 0x0f, 0x86, 0xbe, 0x01, 0x10, 0x8c, 0xbe, 0x00, 0x08, 0x92, 0xbe,
  0x01, 0x28, 0x98, 0xbe, 0x00, 0x08, 0x9e, 0xbe, 0x01, 0xe0, 0xa3, 0xbe,
  0x01, 0xd8, 0xa9, 0xbe, 0xff, 0x97, 0xaf, 0xbe, 0xff, 0x47, 0xb5, 0xbe,
  0x00, 0xf0, 0xba, 0xbe, 0xff, 0xbf, 0xc0, 0xbe, 0x00, 0x50, 0xc6, 0xbe,
  0x00, 0xd0, 0xcb, 0xbe, 0x02, 0x78, 0xd1, 0xbe, 0x01, 0xe8, 0xd6, 0xbe,
  0x01, 0x40, 0xdc, 0xbe, 0x01, 0xc0, 0xe1, 0xbe, 0x01, 0x00, 0xe7, 0xbe,
  0x00, 0x30, 0xec, 0xbe, 0x00, 0x80, 0xf1, 0xbe, 0xff, 0x97, 0xf6, 0xbe,
  0x01, 0xa0, 0xfb, 0xbe, 0x00, 0x52, 0x00, 0xbf, 0x00, 0xe2, 0x02, 0xbf,
  0x00, 0x56, 0x05, 0xbf, 0x00, 0xc6, 0x07, 0xbf, 0x01, 0x4a, 0x0a, 0xbf,
  0x01, 0xb2, 0x0c, 0xbf, 0xff, 0x15, 0x0f, 0xbf, 0xff, 0x91, 0x11, 0xbf,
  0xff, 0xed, 0x13, 0xbf, 0x00, 0x4e, 0x16, 0xbf, 0x01, 0xbe, 0x18, 0xbf,
  0xff, 0x15, 0x1b, 0xbf, 0x00, 0x6e, 0x1d, 0xbf, 0x00, 0xc6, 0x1f, 0xbf,
  0x00, 0x2e, 0x22, 0xbf, 0x00, 0x7e, 0x24, 0xbf, 0x00, 0xca, 0x26, 0xbf,
  0x00, 0x26, 0x29, 0xbf, 0x00, 0x6a, 0x2b, 0xbf, 0x00, 0xa2, 0x2d, 0xbf,
  0xff, 0xed, 0x2f, 0xbf, 0x00, 0x1a, 0x32, 0xbf, 0xff, 0x3d, 0x34, 0xbf,
  0x01, 0x6e, 0x36, 0xbf, 0x00, 0x7e, 0x38, 0xbf, 0xff, 0x81, 0x3a, 0xbf,
  0x00, 0x7e, 0x3c, 0xbf, 0x00, 0x7e, 0x3e, 0xbf, 0x01, 0x62, 0x40, 0xbf,
  0x00, 0x36, 0x42, 0xbf, 0x00, 0x0e, 0x44, 0xbf, 0x00, 0xca, 0x45, 0xbf,
  0x01, 0x7e, 0x47, 0xbf, 0x00, 0x32, 0x49, 0xbf, 0x00, 0xce, 0x4a, 0xbf,
  0x00, 0x5e, 0x4c, 0xbf, 0x00, 0xf2, 0x4d, 0xbf, 0x01, 0x72, 0x4f, 0xbf,
  0x00, 0xe6, 0x50, 0xbf, 0x00, 0x52, 0x52, 0xbf, 0x00, 0xc6, 0x53, 0xbf,
  0x00, 0x26, 0x55, 0xbf, 0x00, 0x7e, 0x56, 0xbf, 0x00, 0xde, 0x57, 0xbf,
  0x01, 0x2e, 0x59, 0xbf, 0xff, 0x75, 0x5a, 0xbf, 0x00, 0xc6, 0x5b, 0xbf,
  0xff, 0x09, 0x5d, 0xbf, 0x00, 0x46, 0x5e, 0xbf, 0x01, 0x8a, 0x5f, 0xbf,
  0x01, 0xbe, 0x60, 0xbf, 0x00, 0xea, 0x61, 0xbf, 0xff, 0x15, 0x63, 0xbf,
  0x00, 0x42, 0x64, 0xbf, 0x00, 0x62, 0x65, 0xbf, 0x00, 0x7a, 0x66, 0xbf,
  0x01, 0x96, 0x67, 0xbf, 0x01, 0xa6, 0x68, 0xbf, 0xff, 0xa9, 0x69, 0xbf,
  0x00, 0xb6, 0x6a, 0xbf, 0x00, 0xb2, 0x6b, 0xbf, 0x01, 0xa6, 0x6c, 0xbf,
  0xff, 0x91, 0x6d, 0xbf, 0xff, 0x81, 0x6e, 0xbf, 0xff, 0x65, 0x6f, 0xbf,
  0xff, 0x3d, 0x70, 0xbf, 0x00, 0x1a, 0x71, 0xbf, 0x00, 0xe6, 0x71, 0xbf,
  0x00, 0xaa, 0x72, 0xbf, 0x01, 0x72, 0x73, 0xbf, 0x00, 0x2e, 0x74, 0xbf,
  0x00, 0xe2, 0x74, 0xbf, 0x01, 0x96, 0x75, 0xbf, 0xff, 0x3d, 0x76, 0xbf,
  0x01, 0xde, 0x76, 0xbf, 0x01, 0x7e, 0x77, 0xbf, 0x00, 0x1a, 0x78, 0xbf,
  0x00, 0xaa, 0x78, 0xbf, 0x00, 0x32, 0x79, 0xbf, 0x00, 0xbe, 0x79, 0xbf,
  0xff, 0x3d, 0x7a, 0xbf, 0xff, 0xb9, 0x7a, 0xbf, 0x00, 0x32, 0x7b, 0xbf,
  0x00, 0xa2, 0x7b, 0xbf, 0x00, 0x0a, 0x7c, 0xbf, 0x00, 0x72, 0x7c, 0xbf,
  0xff, 0xd1, 0x7c, 0xbf, 0x00, 0x2a, 0x7d, 0xbf, 0x01, 0x7e, 0x7d, 0xbf,
  0x01, 0xce, 0x7d, 0xbf, 0x00, 0x16, 0x7e, 0xbf, 0x00, 0x5a, 0x7e, 0xbf,
  0x01, 0x9a, 0x7e, 0xbf, 0xff, 0xd1, 0x7e, 0xbf, 0x00, 0x06, 0x7f, 0xbf,
  0x01, 0x3a, 0x7f, 0xbf, 0xff, 0x65, 0x7f, 0xbf, 0x01, 0x8a, 0x7f, 0xbf,
  0x00, 0xb0, 0x7f, 0xbf, 0xff, 0xcb, 0x7f, 0xbf, 0x00, 0xe8, 0x7f, 0xbf,
  0x00, 0xfe, 0x7f, 0xbf, 0x00, 0xfe, 0x7f, 0xbf, 0x00, 0xfe, 0x7f, 0xbf,
  0x00, 0xfe, 0x7f, 0xbf, 0x00, 0xfe, 0x7f, 0xbf, 0x00, 0xfe, 0x7f, 0xbf,
  0x00, 0xfe, 0x7f, 0xbf, 0x00, 0xfe, 0x7f, 0xbf, 0x00, 0xfe, 0x7f, 0xbf,
  0x00, 0xf4, 0x7f, 0xbf, 0xff, 0xd7, 0x7f, 0xbf, 0x01, 0xb8, 0x7f, 0xbf,
  0xff, 0x91, 0x7f, 0xbf, 0xff, 0x65, 0x7f, 0xbf, 0x00, 0x36, 0x7f, 0xbf,
  0xff, 0xfd, 0x7e, 0xbf, 0x00, 0xc2, 0x7e, 0xbf, 0x00, 0x7a, 0x7e, 0xbf,
  0xff, 0x31, 0x7e, 0xbf, 0xff, 0xe1, 0x7d, 0xbf, 0x01, 0x8a, 0x7d, 0xbf,
  0x01, 0x2e, 0x7d, 0xbf, 0x00, 0xca, 0x7c, 0xbf, 0x00, 0x5e, 0x7c, 0xbf,
  0x00, 0xea, 0x7b, 0xbf, 0x00, 0x76, 0x7b, 0xbf, 0x01, 0xf6, 0x7a, 0xbf,
  0xff, 0x69, 0x7a, 0xbf, 0x00, 0xde, 0x79, 0xbf, 0x01, 0x46, 0x79, 0xbf,
  0x00, 0xa2, 0x78, 0xbf, 0xff, 0xf9, 0x77, 0xbf, 0x00, 0x4a, 0x77, 0xbf,
  0x00, 0x8a, 0x76, 0xbf, 0x00, 0xc6, 0x75, 0xbf, 0x00, 0xfa, 0x74, 0xbf,
  0x01, 0x1e, 0x74, 0xbf, 0x00, 0x3e, 0x73, 0xbf, 0x01, 0x56, 0x72, 0xbf,
  0x00, 0x62, 0x71, 0xbf, 0x00, 0x5e, 0x70, 0xbf, 0x00, 0x56, 0x6f, 0xbf,
  0x00, 0x46, 0x6e, 0xbf, 0xff, 0x21, 0x6d, 0xbf, 0x00, 0xfe, 0x6b, 0xbf,
  0xff, 0xd1, 0x6a, 0xbf, 0x00, 0x8e, 0x69, 0xbf, 0x00, 0x4e, 0x68, 0xbf,
  0x01, 0x02, 0x67, 0xbf, 0xff, 0x9d, 0x65, 0xbf, 0xff, 0x3d, 0x64, 0xbf,
  0x00, 0xd6, 0x62, 0xbf, 0x00, 0x62, 0x61, 0xbf, 0xff, 0xd5, 0x5f, 0xbf,
  0x00, 0x4e, 0x5e, 0xbf, 0xff, 0xb9, 0x5c, 0xbf, 0x00, 0x0e, 0x5b, 0xbf,
  0x00, 0x6a, 0x59, 0xbf, 0x00, 0xba, 0x57, 0xbf, 0xff, 0xed, 0x55, 0xbf,
  0x01, 0x2a, 0x54, 0xbf, 0x00, 0x5e, 0x52, 0xbf, 0x00, 0x72, 0x50, 0xbf,
  0x00, 0x92, 0x4e, 0xbf, 0x00, 0xa2, 0x4c, 0xbf, 0x00, 0xaa, 0x4a, 0xbf,
  0x00, 0x92, 0x48, 0xbf, 0x00, 0x86, 0x46, 0xbf, 0xff, 0x69, 0x44, 0xbf,
  0xff, 0x31, 0x42, 0xbf, 0x00, 0x02, 0x40, 0xbf, 0x00, 0xc6, 0x3d, 0xbf,
  0x00, 0x6a, 0x3b, 0xbf, 0xff, 0x15, 0x39, 0xbf, 0xff, 0xb9, 0x36, 0xbf,
  0x00, 0x52, 0x34, 0xbf, 0x00, 0xca, 0x31, 0xbf, 0xff, 0x4d, 0x2f, 0xbf,
  0xff, 0xc5, 0x2c, 0xbf, 0x01, 0x1e, 0x2a, 0xbf, 0x00, 0x86, 0x27, 0xbf,
  0x00, 0xe2, 0x24, 0xbf, 0x01, 0x1e, 0x22, 0xbf, 0x00, 0x6a, 0x1f, 0xbf,
  0x00, 0xae, 0x1c, 0xbf, 0x01, 0xce, 0x19, 0xbf, 0x00, 0x06, 0x17, 0xbf,
  0xff, 0x31, 0x14, 0xbf, 0xff, 0x59, 0x11, 0xbf, 0x01, 0x62, 0x0e, 0xbf,
  0x01, 0x7e, 0x0b, 0xbf, 0x00, 0x96, 0x08, 0xbf, 0x01, 0x8a, 0x05, 0xbf,
  0x00, 0x92, 0x02, 0xbf, 0x02, 0x28, 0xff, 0xbe, 0xff, 0xe7, 0xf8, 0xbe,
  0x00, 0xd8, 0xf2, 0xbe, 0xff, 0xbf, 0xec, 0xbe, 0x00, 0x68, 0xe6, 0xbe,
  0xff, 0x47, 0xe0, 0xbe, 0x00, 0x20, 0xda, 0xbe, 0x00, 0x00, 0xd4, 0xbe,
  0xff, 0x9f, 0xcd, 0xbe, 0x01, 0x88, 0xc7, 0xbe, 0xff, 0x6f, 0xc1, 0xbe,
  0xff, 0x1f, 0xbb, 0xbe, 0xff, 0x17, 0xb5, 0xbe, 0x01, 0x18, 0xaf, 0xbe,
  0x02, 0xf0, 0xa8, 0xbe, 0x00, 0x08, 0xa3, 0xbe, 0xff, 0x2f, 0x9d, 0xbe,
  0x00, 0x30, 0x97, 0xbe, 0xff, 0x6f, 0x91, 0xbe, 0x02, 0xc8, 0x8b, 0xbe,
  0xff, 0x27, 0x86, 0xbe, 0xff, 0x5f, 0x80, 0xbe, 0x02, 0xa0, 0x75, 0xbe,
  0x02, 0xa0, 0x6a, 0xbe, 0xfd, 0x2f, 0x5f, 0xbe, 0x01, 0x40, 0x54, 0xbe,
  0x00, 0x40, 0x49, 0xbe, 0x00, 0xe0, 0x3d, 0xbe, 0xff, 0xdf, 0x32, 0xbe,
  0xfe, 0xdf, 0x27, 0xbe, 0x03, 0x60, 0x1c, 0xbe, 0x02, 0x30, 0x11, 0xbe,
  0x02, 0x00, 0x06, 0xbe, 0xfe, 0x5f, 0xf5, 0xbd, 0x04, 0xc0, 0xdd, 0xbd,
  0x00, 0xc0, 0xc6, 0xbd, 0x00, 0xc0, 0xaf, 0xbd, 0xff, 0x9f, 0x97, 0xbd,
  0x01, 0x60, 0x80, 0xbd, 0x00, 0x00, 0x52, 0xbd, 0x01, 0xc0, 0x21, 0xbd,
  0xff, 0xff, 0xe5, 0xbc, 0xfe, 0xff, 0x88, 0xbc, 0x00, 0x00, 0xa4, 0xbb,
  0x01, 0x80, 0x87, 0x3c, 0xff, 0xbf, 0x1e, 0x3d, 0x00, 0x40, 0x76, 0x3d,
  0x00, 0xe0, 0xa6, 0x3d, 0x05, 0x20, 0xd4, 0x3d, 0x05, 0x80, 0xff, 0x3d,
  0x01, 0x50, 0x15, 0x3e, 0xfd, 0xbf, 0x2a, 0x3e, 0xff, 0xbf, 0x40, 0x3e,
  0x00, 0xb0, 0x55, 0x3e, 0x02, 0x70, 0x6a, 0x3e, 0xfe, 0xaf, 0x7f, 0x3e,
  0xff, 0xe7, 0x89, 0x3e, 0x00, 0xd0, 0x93, 0x3e, 0xff, 0xe7, 0x9d, 0x3e,
  0x00, 0x78, 0xa7, 0x3e, 0x01, 0xc8, 0xb0, 0x3e, 0x01, 0xf0, 0xb9, 0x3e,
  0x02, 0x28, 0xc3, 0x3e, 0x01, 0xe0, 0xcb, 0x3e, 0x00, 0x58, 0xd4, 0x3e,
  0xff, 0xe7, 0xdc, 0x3e, 0x00, 0xf8, 0xe4, 0x3e, 0x01, 0xc8, 0xec, 0x3e,
  0x01, 0xb0, 0xf4, 0x3e, 0xff, 0x1f, 0xfc, 0x3e, 0x00, 0xae, 0x01, 0x3f,
  0x00, 0x52, 0x05, 0x3f, 0xff, 0xb9, 0x08, 0x3f, 0x00, 0x0e, 0x0c, 0x3f,
  0x00, 0x4a, 0x0f, 0x3f, 0xff, 0x8d, 0x12, 0x3f, 0x00, 0xa2, 0x15, 0x3f,
  0x00, 0x9e, 0x18, 0x3f, 0x00, 0xa2, 0x1b, 0x3f, 0xff, 0x75, 0x1e, 0x3f,
  0x01, 0x3a, 0x21, 0x3f, 0x00, 0x02, 0x24, 0x3f, 0x00, 0xa2, 0x26, 0x3f,
  0x01, 0x2e, 0x29, 0x3f, 0x00, 0xbe, 0x2b, 0x3f, 0x01, 0x1e, 0x2e, 0x3f,
  0x01, 0x6e, 0x30, 0x3f, 0x00, 0xaa, 0x32, 0x3f, 0x00, 0xe2, 0x34, 0x3f,
  0x00, 0xf2, 0x36, 0x3f, 0x01, 0xea, 0x38, 0x3f, 0x00, 0xe2, 0x3a, 0x3f,
  0x00, 0xaa, 0x3c, 0x3f, 0x01, 0x62, 0x3e, 0x3f, 0x00, 0x0e, 0x40, 0x3f,
  0xff, 0x91, 0x41, 0x3f, 0x00, 0xfa, 0x42, 0x3f, 0x00, 0x5a, 0x44, 0x3f,
  0xff, 0x91, 0x45, 0x3f, 0x01, 0xb2, 0x46, 0x3f, 0xff, 0xb5, 0x47, 0x3f,
  0x00, 0xaa, 0x48, 0x3f, 0x00, 0x7a, 0x49, 0x3f, 0xff, 0x31, 0x4a, 0x3f,
  0xff, 0xd1, 0x4a, 0x3f, 0x00, 0x56, 0x4b, 0x3f, 0x01, 0xc2, 0x4b, 0x3f,
  0x00, 0x16, 0x4c, 0x3f, 0x00, 0x52, 0x4c, 0x3f, 0x00, 0x72, 0x4c, 0x3f,
  0x00, 0x7e, 0x4c, 0x3f, 0x01, 0x6e, 0x4c, 0x3f, 0x00, 0x46, 0x4c, 0x3f,
  0x00, 0x0a, 0x4c, 0x3f, 0x00, 0xb2, 0x4b, 0x3f, 0x01, 0x46, 0x4b, 0x3f,
  0x00, 0xc2, 0x4a, 0x3f, 0x00, 0x22, 0x4a, 0x3f, 0x01, 0x72, 0x49, 0x3f,
  0x00, 0xaa, 0x48, 0x3f, 0x00, 0xc6, 0x47, 0x3f, 0xff, 0xd1, 0x46, 0x3f,
  0x00, 0xca, 0x45, 0x3f, 0x01, 0xa6, 0x44, 0x3f, 0x00, 0x76, 0x43, 0x3f,
  0x00, 0x2e, 0x42, 0x3f, 0xff, 0xd1, 0x40, 0x3f, 0x00, 0x52, 0x3f, 0x3f,
  0x01, 0xce, 0x3d, 0x3f, 0x00, 0x36, 0x3c, 0x3f, 0x00, 0x7e, 0x3a, 0x3f,
  0xff, 0xc5, 0x38, 0x3f, 0xff, 0xfd, 0x36, 0x3f, 0xff, 0x15, 0x35, 0x3f,
  0x00, 0x32, 0x33, 0x3f, 0xff, 0x41, 0x31, 0x3f, 0x00, 0x36, 0x2f, 0x3f,
  0x00, 0x32, 0x2d, 0x3f, 0x00, 0x2a, 0x2b, 0x3f, 0xff, 0x15, 0x29, 0x3f,
  0x00, 0xee, 0x26, 0x3f, 0xff, 0xd1, 0x24, 0x3f, 0x01, 0xb2, 0x22, 0x3f,
  0x00, 0x7a, 0x20, 0x3f, 0x01, 0x56, 0x1e, 0x3f, 0xff, 0x31, 0x1c, 0x3f,
  0x00, 0xf6, 0x19, 0x3f, 0x00, 0xd2, 0x17, 0x3f, 0xff, 0xa9, 0x15, 0x3f,
  0x00, 0x6a, 0x13, 0x3f, 0xff, 0x41, 0x11, 0x3f, 0xff, 0x15, 0x0f, 0x3f,
  0x01, 0xea, 0x0c, 0x3f, 0x00, 0xaa, 0x0a, 0x3f, 0x00, 0x7a, 0x08, 0x3f,
  0x01, 0x4a, 0x06, 0x3f, 0x00, 0x02, 0x04, 0x3f, 0x01, 0xce, 0x01, 0x3f,
  0x02, 0x28, 0xff, 0x3e, 0xfe, 0x87, 0xfa, 0x3e, 0xff, 0x0f, 0xf6, 0x3e,
  0x01, 0x90, 0xf1, 0x3e, 0x01, 0xe0, 0xec, 0x3e, 0x02, 0x50, 0xe8, 0x3e,
  0xff, 0xbf, 0xe3, 0x3e, 0xff, 0x1f, 0xdf, 0x3e, 0xff, 0x57, 0xda, 0x3e,
  0x00, 0xb0, 0xd5, 0x3e, 0x01, 0x08, 0xd1, 0x3e, 0x00, 0x30, 0xcc, 0x3e,
  0x01, 0x88, 0xc7, 0x3e, 0xff, 0xdf, 0xc2, 0x3e, 0x00, 0x08, 0xbe, 0x3e,
  0xff, 0x6f, 0xb9, 0x3e, 0xfe, 0xd7, 0xb4, 0x3e, 0xff, 0x1f, 0xb0, 0x3e,
  0x00, 0xa8, 0xab, 0x3e, 0xff, 0x37, 0xa7, 0x3e, 0xff, 0xdf, 0xa2, 0x3e,
  0x01, 0x78, 0x9e, 0x3e, 0x00, 0x50, 0x9a, 0x3e, 0x00, 0x38, 0x96, 0x3e,
  0x00, 0x20, 0x92, 0x3e, 0x01, 0x48, 0x8e, 0x3e, 0x01, 0x90, 0x8a, 0x3e,
  0x00, 0xd8, 0x86, 0x3e, 0x00, 0x60, 0x83, 0x3e, 0xff, 0x07, 0x80, 0x3e,
  0xff, 0x9f, 0x79, 0x3e, 0x00, 0x30, 0x73, 0x3e, 0x03, 0x40, 0x6d, 0x3e,
  0xff, 0x7f, 0x67, 0x3e, 0xff, 0xcf, 0x61, 0x3e, 0x02, 0x90, 0x5c, 0x3e,
  0xff, 0x7f, 0x57, 0x3e, 0x00, 0x80, 0x52, 0x3e, 0x00, 0xe0, 0x4d, 0x3e,
  0xff, 0x6f, 0x49, 0x3e, 0xfd, 0x0f, 0x45, 0x3e, 0x00, 0x10, 0x41, 0x3e,
  0xff, 0x2f, 0x3d, 0x3e, 0xfd, 0x7f, 0x39, 0x3e, 0x00, 0xe0, 0x35, 0x3e,
  0xfd, 0x8f, 0x32, 0x3e, 0xfd, 0x5f, 0x2f, 0x3e, 0x03, 0x30, 0x2c, 0x3e,
  0xfd, 0x4f, 0x29, 0x3e, 0x01, 0x90, 0x26, 0x3e, 0xff, 0xef, 0x23, 0x3e,
  0x01, 0x90, 0x21, 0x3e, 0xfd, 0x5f, 0x1f, 0x3e, 0x01, 0x50, 0x1d, 0x3e,
  0xfe, 0x6f, 0x1b, 0x3e, 0xfd, 0xaf, 0x19, 0x3e, 0x02, 0x20, 0x18, 0x3e,
  0x01, 0x90, 0x16, 0x3e, 0xff, 0x2f, 0x15, 0x3e, 0x01, 0xe0, 0x13, 0x3e,
  0xfd, 0x8f, 0x12, 0x3e, 0x02, 0x60, 0x11, 0x3e, 0x00, 0x30, 0x10, 0x3e,
  0xfd, 0xff, 0x0e, 0x3e, 0x00, 0xe0, 0x0d, 0x3e, 0x02, 0xc0, 0x0c, 0x3e,
  0x00, 0x90, 0x0b, 0x3e, 0xfe, 0x5f, 0x0a, 0x3e, 0xfe, 0x1f, 0x09, 0x3e,
  0xfe, 0xdf, 0x07, 0x3e, 0x03, 0x80, 0x06, 0x3e, 0x01, 0x20, 0x05, 0x3e,
  0x02, 0xb0, 0x03, 0x3e, 0x00, 0x20, 0x02, 0x3e, 0xff, 0x8f, 0x00, 0x3e,
  0xfb, 0xff, 0xfd, 0x3d, 0xfd, 0xbf, 0xfa, 0x3d, 0xfa, 0x9f, 0xf7, 0x3d,
  0x05, 0x80, 0xf4, 0x3d, 0x07, 0x40, 0xf1, 0x3d, 0xfa, 0x5f, 0xee, 0x3d,
  0x04, 0xa0, 0xeb, 0x3d, 0xfc, 0xff, 0xe8, 0x3d, 0xfc, 0x7f, 0xe6, 0x3d,
  0xfc, 0x5f, 0xe4, 0x3d, 0x00, 0x80, 0xe2, 0x3d, 0xfa, 0xdf, 0xe0, 0x3d,
  0x01, 0xa0, 0xdf, 0x3d, 0xfe, 0x9f, 0xde, 0x3d, 0x04, 0x20, 0xde, 0x3d,
  0x00, 0xe0, 0xdd, 0x3d, 0xfb, 0xff, 0xdd, 0x3d, 0xfe, 0x9f, 0xde, 0x3d,
  0x05, 0x80, 0xdf, 0x3d, 0x03, 0xa0, 0xe0, 0x3d, 0x00, 0x20, 0xe2, 0x3d,
  0x01, 0xe0, 0xe3, 0x3d, 0x02, 0xa0, 0xe5, 0x3d, 0xfa, 0x9f, 0xe7, 0x3d,
  0xfa, 0xbf, 0xe9, 0x3d, 0xfb, 0xdf, 0xeb, 0x3d, 0xfb, 0xff, 0xed, 0x3d,
  0xfb, 0x1f, 0xf0, 0x3d, 0x00, 0x20, 0xf2, 0x3d, 0xfd, 0xff, 0xf3, 0x3d,
  0x02, 0xa0, 0xf5, 0x3d, 0x04, 0x00, 0xf7, 0x3d, 0xfd, 0x3f, 0xf8, 0x3d,
  0xfc, 0xff, 0xf8, 0x3d, 0xff, 0x9f, 0xf9, 0x3d, 0xfa, 0xbf, 0xf9, 0x3d,
  0x04, 0x80, 0xf9, 0x3d, 0xfc, 0xff, 0xf8, 0x3d, 0x02, 0x20, 0xf8, 0x3d,
  0x04, 0x00, 0xf7, 0x3d, 0x02, 0xa0, 0xf5, 0x3d, 0x01, 0xe0, 0xf3, 0x3d,
  0x05, 0x00, 0xf2, 0x3d, 0xfc, 0xbf, 0xef, 0x3d, 0x05, 0x60, 0xed, 0x3d,
  0xfd, 0xbf, 0xea, 0x3d, 0xf9, 0xff, 0xe7, 0x3d, 0xfa, 0x1f, 0xe5, 0x3d,
  0x00, 0x20, 0xe2, 0x3d, 0xfd, 0xff, 0xde, 0x3d, 0xff, 0xbf, 0xdb, 0x3d,
  0x01, 0x80, 0xd8, 0x3d, 0x03, 0x40, 0xd5, 0x3d, 0xfc, 0xdf, 0xd1, 0x3d,
  0xfe, 0x9f, 0xce, 0x3d, 0xff, 0x7f, 0xcb, 0x3d, 0x01, 0x20, 0xc8, 0x3d,
  0x01, 0x00, 0xc5, 0x3d, 0x00, 0xe0, 0xc1, 0x3d, 0x00, 0xa0, 0xbe, 0x3d,
  0xff, 0x3f, 0xbb, 0x3d, 0x00, 0x00, 0xb8, 0x3d, 0x01, 0xc0, 0xb4, 0x3d,
  0x00, 0x60, 0xb1, 0x3d, 0x00, 0x00, 0xae, 0x3d, 0x00, 0xc0, 0xaa, 0x3d,
  0xff, 0x5f, 0xa7, 0x3d, 0x00, 0x20, 0xa4, 0x3d, 0x00, 0x00, 0xa1, 0x3d,
  0x00, 0xc0, 0x9d, 0x3d, 0x00, 0x80, 0x9a, 0x3d, 0x00, 0x80, 0x97, 0x3d,
  0x00, 0x60, 0x94, 0x3d, 0x00, 0x60, 0x91, 0x3d, 0x00, 0x60, 0x8e, 0x3d,
  0x00, 0xa0, 0x8b, 0x3d, 0x01, 0xa0, 0x88, 0x3d, 0x00, 0x00, 0x86, 0x3d,
  0x00, 0x60, 0x83, 0x3d, 0x01, 0xe0, 0x80, 0x3d, 0x01, 0x00, 0x7d, 0x3d,
  0x00, 0xc0, 0x78, 0x3d, 0xff, 0x7f, 0x74, 0x3d, 0x01, 0x40, 0x70, 0x3d,
  0xff, 0x3f, 0x6c, 0x3d, 0x01, 0x80, 0x68, 0x3d, 0xff, 0x7f, 0x64, 0x3d,
  0x01, 0xc0, 0x60, 0x3d, 0xff, 0xbf, 0x5c, 0x3d, 0x00, 0xc0, 0x58, 0x3d,
  0xff, 0x7f, 0x54, 0x3d, 0x01, 0x40, 0x50, 0x3d, 0xff, 0xbf, 0x4b, 0x3d,
  0xff, 0xff, 0x46, 0x3d, 0x01, 0x40, 0x42, 0x3d, 0x01, 0x00, 0x3d, 0x3d,
  0x00, 0x40, 0x37, 0x3d, 0x01, 0x40, 0x31, 0x3d, 0xff, 0x3f, 0x2b, 0x3d,
  0x01, 0x40, 0x24, 0x3d, 0xff, 0x3f, 0x1d, 0x3d, 0xff, 0xff, 0x15, 0x3d,
  0xff, 0x3f, 0x0e, 0x3d, 0xff, 0x7f, 0x06, 0x3d, 0x01, 0x00, 0xfd, 0x3c,
  0xfe, 0xff, 0xec, 0x3c, 0xfe, 0x7f, 0xdd, 0x3c, 0xfe, 0xff, 0xcd, 0x3c,
  0xfd, 0x7f, 0xbf, 0x3c, 0x03, 0x00, 0xb1, 0x3c, 0x02, 0x80, 0xa3, 0x3c,
  0xff, 0x7f, 0x97, 0x3c, 0xfe, 0xff, 0x8b, 0x3c, 0x02, 0x80, 0x82, 0x3c,
  0xfc, 0xff, 0x74, 0x3c, 0x04, 0x00, 0x68, 0x3c, 0x00, 0x00, 0x5f, 0x3c,
  0xfc, 0xff, 0x59, 0x3c, 0x01, 0x00, 0x59, 0x3c, 0xfb, 0xff, 0x5b, 0x3c,
  0x05, 0x00, 0x62, 0x3c, 0x03, 0x00, 0x6c, 0x3c, 0xfb, 0xff, 0x7a, 0x3c,
  0xff, 0xff, 0x85, 0x3c, 0xfd, 0xff, 0x8f, 0x3c, 0xfe, 0x7f, 0x9c, 0x3c,
  0x01, 0x80, 0xa9, 0x3c, 0xff, 0x7f, 0xb8, 0x3c, 0x01, 0x80, 0xc8, 0x3c,
  0xfe, 0x7f, 0xd9, 0x3c, 0xfe, 0xff, 0xeb, 0x3c, 0xfd, 0x7f, 0xff, 0x3c,
  0x01, 0x80, 0x09, 0x3d, 0x01, 0xc0, 0x13, 0x3d, 0xff, 0x3f, 0x1e, 0x3d,
  0x01, 0x80, 0x29, 0x3d, 0xff, 0x7f, 0x34, 0x3d, 0xff, 0xbf, 0x3f, 0x3d,
  0xff, 0x3f, 0x4b, 0x3d, 0xff, 0x7f, 0x56, 0x3d, 0x00, 0x00, 0x62, 0x3d,
  0xff, 0x3f, 0x6e, 0x3d, 0x00, 0x40, 0x7a, 0x3d, 0xff, 0x3f, 0x83, 0x3d,
  0x00, 0xa0, 0x89, 0x3d, 0xff, 0xdf, 0x8f, 0x3d, 0x00, 0x40, 0x96, 0x3d,
  0x01, 0xc0, 0x9c, 0x3d, 0xff, 0x7f, 0xa3, 0x3d, 0x00, 0x20, 0xaa, 0x3d,
  0x01, 0xe0, 0xb0, 0x3d, 0xff, 0xdf, 0xb7, 0x3d, 0x00, 0xc0, 0xbe, 0x3d,
  0x00, 0xa0, 0xc5, 0x3d, 0xfd, 0xdf, 0xcc, 0x3d, 0x01, 0xe0, 0xd3, 0x3d,
  0x01, 0x00, 0xdb, 0x3d, 0x00, 0x80, 0xe2, 0x3d, 0xfa, 0xbf, 0xe9, 0x3d,
  0x03, 0x00, 0xf1, 0x3d, 0x06, 0x60, 0xf8, 0x3d, 0x00, 0x00, 0x00, 0x3e,
  0x00, 0x90, 0x03, 0x3e, 0xfd, 0x2f, 0x07, 0x3e, 0x03, 0xf0, 0x0a, 0x3e,
  0x03, 0x80, 0x0e, 0x3e, 0x03, 0x10, 0x12, 0x3e, 0x02, 0xd0, 0x15, 0x3e,
  0xff, 0x6f, 0x19, 0x3e, 0xfd, 0x0f, 0x1d, 0x3e, 0x01, 0xe0, 0x20, 0x3e,
  0x02, 0x90, 0x24, 0x3e, 0x02, 0x50, 0x28, 0x3e, 0xff, 0x1f, 0x2c, 0x3e,
  0x02, 0x20, 0x30, 0x3e, 0xfd, 0xff, 0x33, 0x3e, 0x00, 0x00, 0x38, 0x3e,
  0x01, 0x40, 0x3c, 0x3e, 0xff, 0x5f, 0x40, 0x3e, 0x02, 0x90, 0x44, 0x3e,
  0x03, 0x00, 0x49, 0x3e, 0xfe, 0x5f, 0x4d, 0x3e, 0xff, 0xcf, 0x51, 0x3e,
  0x01, 0x90, 0x56, 0x3e, 0x03, 0x20, 0x5b, 0x3e, 0x00, 0xd0, 0x5f, 0x3e,
  0x00, 0x70, 0x64, 0x3e, 0x00, 0x40, 0x69, 0x3e, 0x02, 0xd0, 0x6d, 0x3e,
  0x00, 0x50, 0x72, 0x3e, 0x02, 0xe0, 0x76, 0x3e, 0x03, 0x20, 0x7b, 0x3e,
  0xfd, 0x2f, 0x7f, 0x3e, 0x00, 0x98, 0x81, 0x3e, 0x01, 0x70, 0x83, 0x3e,
  0xff, 0x17, 0x85, 0x3e, 0x00, 0xa8, 0x86, 0x3e, 0x00, 0x18, 0x88, 0x3e,
  0xff, 0x47, 0x89, 0x3e, 0x00, 0x50, 0x8a, 0x3e, 0x02, 0x28, 0x8b, 0x3e,
  0x02, 0xc8, 0x8b, 0x3e, 0xfe, 0x37, 0x8c, 0x3e, 0xff, 0x77, 0x8c, 0x3e,
  0xff, 0x8f, 0x8c, 0x3e, 0xff, 0x77, 0x8c, 0x3e, 0x00, 0x30, 0x8c, 0x3e,
  0x01, 0xb8, 0x8b, 0x3e, 0xfe, 0x0f, 0x8b, 0x3e, 0xff, 0x3f, 0x8a, 0x3e,
  0xff, 0x2f, 0x89, 0x3e, 0x00, 0x00, 0x88, 0x3e, 0x02, 0xa0, 0x86, 0x3e,
  0x01, 0x08, 0x85, 0x3e, 0xff, 0x4f, 0x83, 0x3e, 0x01, 0x68, 0x81, 0x3e,
  0x03, 0x80, 0x7e, 0x3e, 0xfe, 0xff, 0x79, 0x3e, 0x01, 0x20, 0x75, 0x3e,
  0x03, 0xc0, 0x6f, 0x3e, 0x02, 0x40, 0x6a, 0x3e, 0x00, 0x70, 0x64, 0x3e,
  0xff, 0x3f, 0x5e, 0x3e, 0x01, 0x70, 0x57, 0x3e, 0x01, 0x80, 0x50, 0x3e,
  0xfe, 0x1f, 0x49, 0x3e, 0x02, 0x30, 0x41, 0x3e, 0xfe, 0x1f, 0x39, 0x3e,
  0xff, 0xbf, 0x30, 0x3e, 0x03, 0xc0, 0x27, 0x3e, 0xfe, 0xcf, 0x1e, 0x3e,
  0xfe, 0x8f, 0x15, 0x3e, 0xfd, 0xcf, 0x0b, 0x3e, 0x00, 0x20, 0x02, 0x3e,
  0x03, 0xa0, 0xf0, 0x3d, 0x07, 0xa0, 0xdc, 0x3d, 0xff, 0x9f, 0xc7, 0x3d,
  0x00, 0x20, 0xb3, 0x3d, 0x00, 0x60, 0x9e, 0x3d, 0x00, 0xc0, 0x88, 0x3d,
  0x00, 0xc0, 0x67, 0x3d, 0x00, 0x80, 0x3d, 0x3d, 0x01, 0xc0, 0x11, 0x3d,
  0xfd, 0xff, 0xce, 0x3c, 0xfc, 0xff, 0x74, 0x3c, 0x00, 0x00, 0x8e, 0x3b,
  0xff, 0xff, 0xc3, 0xbb, 0x02, 0x80, 0x85, 0xbc, 0xfe, 0x7f, 0xda, 0xbc,
  0x00, 0xc0, 0x19, 0xbd, 0xff, 0xff, 0x44, 0xbd, 0x01, 0xc0, 0x70, 0xbd,
  0xff, 0x5f, 0x8f, 0xbd, 0x00, 0x00, 0xa6, 0xbd, 0x01, 0x00, 0xbd, 0xbd,
  0x03, 0x40, 0xd5, 0xbd, 0x05, 0x60, 0xed, 0xbd, 0x03, 0xf0, 0x02, 0xbe,
  0xfe, 0x0f, 0x10, 0xbe, 0xff, 0xff, 0x1c, 0xbe, 0xfe, 0x5f, 0x2a, 0xbe,
  0xfe, 0x0f, 0x38, 0xbe, 0x03, 0xb0, 0x46, 0xbe, 0xff, 0x2f, 0x55, 0xbe,
  0x01, 0x10, 0x64, 0xbe, 0x01, 0xe0, 0x73, 0xbe, 0x01, 0xc0, 0x81, 0xbe,
  0xff, 0xb7, 0x89, 0xbe, 0xff, 0x27, 0x92, 0xbe, 0x00, 0x68, 0x9a, 0xbe,
  0xff, 0xc7, 0xa2, 0xbe, 0x00, 0x90, 0xab, 0xbe, 0xff, 0x1f, 0xb4, 0xbe,
  0xff, 0xbf, 0xbc, 0xbe, 0x01, 0x68, 0xc5, 0xbe, 0x01, 0x60, 0xce, 0xbe,
  0xfe, 0x0f, 0xd7, 0xbe, 0x01, 0xb8, 0xdf, 0xbe, 0x00, 0xa0, 0xe8, 0xbe,
  0xff, 0x2f, 0xf1, 0xbe, 0x01, 0xa8, 0xf9, 0xbe, 0x01, 0x2e, 0x01, 0xbf,
  0x00, 0x52, 0x05, 0xbf, 0xff, 0x65, 0x09, 0xbf, 0x00, 0x8e, 0x0d, 0xbf,
  0x00, 0x82, 0x11, 0xbf, 0xff, 0x65, 0x15, 0xbf, 0x00, 0x3e, 0x19, 0xbf,
  0x00, 0x2a, 0x1d, 0xbf, 0x00, 0xe6, 0x20, 0xbf, 0xff, 0x8d, 0x24, 0xbf,
  0x00, 0x4e, 0x28, 0xbf, 0x01, 0xda, 0x2b, 0xbf, 0xff, 0x59, 0x2f, 0xbf,
  0x00, 0xee, 0x32, 0xbf, 0x00, 0x52, 0x36, 0xbf, 0x00, 0xa6, 0x39, 0xbf,
  0x00, 0x0e, 0x3d, 0xbf, 0x01, 0x4a, 0x40, 0xbf, 0x00, 0x76, 0x43, 0xbf,
  0x01, 0x9a, 0x46, 0xbf, 0x01, 0xce, 0x49, 0xbf, 0x00, 0xd6, 0x4c, 0xbf,
  0x00, 0xd2, 0x4f, 0xbf, 0x01, 0xde, 0x52, 0xbf, 0x01, 0xc2, 0x55, 0xbf,
  0x01, 0x9a, 0x58, 0xbf, 0x00, 0x7a, 0x5b, 0xbf, 0xff, 0x31, 0x5e, 0xbf,
  0x00, 0xd6, 0x60, 0xbf, 0x00, 0x6e, 0x63, 0xbf, 0x00, 0x0a, 0x66, 0xbf,
  0x00, 0x7a, 0x68, 0xbf, 0x00, 0xd6, 0x6a, 0xbf, 0x00, 0x32, 0x6d, 0xbf,
  0xff, 0x65, 0x6f, 0xbf, 0x00, 0x82, 0x71, 0xbf, 0x01, 0x96, 0x73, 0xbf,
  0x00, 0x82, 0x75, 0xbf, 0x00, 0x52, 0x77, 0xbf, 0x00, 0x1a, 0x79, 0xbf,
  0x00, 0xb6, 0x7a, 0xbf, 0x00, 0x36, 0x7c, 0xbf, 0x00, 0x9a, 0x7d, 0xbf,
  0x01, 0xea, 0x7e, 0xbf, 0x00, 0xfe, 0x7f, 0xbf, 0x00, 0xfe, 0x7f, 0xbf,
  0x00, 0xfe, 0x7f, 0xbf, 0x00, 0xfe, 0x7f, 0xbf, 0x00, 0xfe, 0x7f, 0xbf,
  0x00, 0xfe, 0x7f, 0xbf, 0x00, 0xfe, 0x7f, 0xbf, 0x00, 0xfe, 0x7f, 0xbf,
  0x00, 0xfe, 0x7f, 0xbf, 0x00, 0xfe, 0x7f, 0xbf, 0x00, 0xfe, 0x7f, 0xbf,
  0x00, 0xfe, 0x7f, 0xbf, 0x00, 0xfe, 0x7f, 0xbf, 0x00, 0xfe, 0x7f, 0xbf,
  0x00, 0xfe, 0x7f, 0xbf, 0x00, 0xfe, 0x7f, 0xbf, 0x00, 0xfe, 0x7f, 0xbf,
  0x00, 0xfe, 0x7f, 0xbf, 0x00, 0xfe, 0x7f, 0xbf, 0x00, 0xfe, 0x7f, 0xbf,
  0x00, 0x12, 0x7f, 0xbf, 0x00, 0xba, 0x7d, 0xbf, 0x00, 0x52, 0x7c, 0xbf,
  0xff, 0xc5, 0x7a, 0xbf, 0x00, 0x1a, 0x79, 0xbf, 0x00, 0x3e, 0x77, 0xbf,
  0x00, 0x56, 0x75, 0xbf, 0x00, 0x52, 0x73, 0xbf, 0x00, 0x1a, 0x71, 0xbf,
  0x01, 0xde, 0x6e, 0xbf, 0x00, 0x86, 0x6c, 0xbf, 0x00, 0x02, 0x6a, 0xbf,
  0x00, 0x76, 0x67, 0xbf, 0x00, 0xda, 0x64, 0xbf, 0x00, 0x0a, 0x62, 0xbf,
  0xff, 0x41, 0x5f, 0xbf, 0x01, 0x62, 0x5c, 0xbf, 0x01, 0x72, 0x59, 0xbf,
  0x01, 0x56, 0x56, 0xbf, 0xff, 0x41, 0x53, 0xbf, 0x01, 0x1e, 0x50, 0xbf,
  0x00, 0xce, 0x4c, 0xbf, 0x00, 0x8e, 0x49, 0xbf, 0xff, 0x3d, 0x46, 0xbf,
  0x00, 0xc2, 0x42, 0xbf, 0x00, 0x56, 0x3f, 0xbf, 0x01, 0xda, 0x3b, 0xbf,
  0xff, 0x31, 0x38, 0xbf, 0x00, 0x96, 0x34, 0xbf, 0x00, 0xee, 0x30, 0xbf,
  0x00, 0x36, 0x2d, 0xbf, 0x01, 0x46, 0x29, 0xbf, 0x00, 0x6a, 0x25, 0xbf,
  0x01, 0x7e, 0x21, 0xbf, 0x00, 0x56, 0x1d, 0xbf, 0x01, 0x46, 0x19, 0xbf,
  0x00, 0x1e, 0x15, 0xbf, 0x01, 0xbe, 0x10, 0xbf, 0x00, 0x72, 0x0c, 0xbf,
  0x00, 0x0e, 0x08, 0xbf, 0x00, 0x6e, 0x03, 0xbf, 0x00, 0xc8, 0xfd, 0xbe,
  0x00, 0x88, 0xf4, 0xbe, 0x02, 0x28, 0xeb, 0xbe, 0xff, 0x47, 0xe1, 0xbe,
  0x01, 0xa0, 0xd7, 0xbe, 0x01, 0xd8, 0xcd, 0xbe, 0x00, 0x90, 0xc3, 0xbe,
  0x01, 0x90, 0xb9, 0xbe, 0x01, 0x70, 0xaf, 0xbe, 0x00, 0xd0, 0xa4, 0xbe,
  0x00, 0x80, 0x9a, 0xbe, 0x00, 0x18, 0x90, 0xbe, 0x01, 0x38, 0x85, 0xbe,
  0x01, 0x50, 0x75, 0xbe, 0xfe, 0x0f, 0x60, 0xbe, 0xff, 0xaf, 0x4a, 0xbe,
  0x03, 0x60, 0x34, 0xbe, 0xfe, 0xcf, 0x1e, 0xbe, 0x02, 0x30, 0x09, 0xbe,
  0xfe, 0x5f, 0xe5, 0xbd, 0x00, 0x00, 0xba, 0xbd, 0x00, 0x80, 0x8e, 0xbd,
  0x01, 0xc0, 0x42, 0xbd, 0xff, 0x7f, 0xd6, 0xbc, 0xff, 0xff, 0x9d, 0xbb,
  0x02, 0x00, 0x36, 0x3c, 0xff, 0xff, 0x14, 0x3d, 0x00, 0xc0, 0x80, 0x3d,
  0x00, 0x00, 0xb6, 0x3d, 0x02, 0xc0, 0xec, 0x3d, 0x01, 0x10, 0x14, 0x3e,
  0x01, 0xf0, 0x31, 0x3e, 0x00, 0x10, 0x51, 0x3e, 0xfe, 0x0f, 0x73, 0x3e,
  0x01, 0xb8, 0x8a, 0x3e, 0x00, 0x88, 0x9c, 0x3e, 0x00, 0xa8, 0xae, 0x3e,
  0x01, 0x90, 0xc1, 0x3e, 0xff, 0xd7, 0xd3, 0x3e, 0x02, 0x00, 0xe6, 0x3e,
  0x01, 0x98, 0xf8, 0x3e, 0x00, 0x1e, 0x05, 0x3f, 0xff, 0xd5, 0x0d, 0x3f,
  0xff, 0xd1, 0x16, 0x3f, 0xff, 0x65, 0x1f, 0x3f, 0xff, 0xd5, 0x27, 0x3f,
  0x00, 0x5a, 0x30, 0x3f, 0x01, 0x56, 0x38, 0x3f, 0x00, 0xf2, 0x3f, 0x3f,
  0x00, 0x0e, 0x47, 0x3f, 0x01, 0xce, 0x4d, 0x3f, 0x00, 0xca, 0x53, 0x3f,
  0x01, 0x72, 0x59, 0x3f, 0x00, 0x12, 0x5f, 0x3f, 0xff, 0x31, 0x64, 0x3f,
  0x01, 0xea, 0x68, 0x3f, 0x00, 0x56, 0x6d, 0x3f, 0xff, 0x21, 0x71, 0x3f,
  0xff, 0x75, 0x74, 0x3f, 0x00, 0x5e, 0x77, 0x3f, 0x00, 0xa6, 0x79, 0x3f,
  0x00, 0x86, 0x7b, 0x3f, 0x00, 0x1a, 0x7d, 0x3f, 0x00, 0x72, 0x7e, 0x3f,
  0x00, 0x6e, 0x7f, 0x3f, 0x00, 0xfe, 0x7f, 0x3f, 0x00, 0xfe, 0x7f, 0x3f,
  0x00, 0xec, 0x7f, 0x3f, 0x00, 0x4a, 0x7f, 0x3f, 0x01, 0x4a, 0x7e, 0x3f,
  0x01, 0xf6, 0x7c, 0x3f, 0x00, 0x62, 0x7b, 0x3f, 0x00, 0x86, 0x79, 0x3f,
  0x00, 0x82, 0x77, 0x3f, 0x01, 0x3a, 0x75, 0x3f, 0x00, 0xa2, 0x72, 0x3f,
  0x01, 0x96, 0x6f, 0x3f, 0x00, 0x52, 0x6c, 0x3f, 0x00, 0xc2, 0x68, 0x3f,
  0x00, 0xb6, 0x64, 0x3f, 0x00, 0x86, 0x60, 0x3f, 0x00, 0x0a, 0x5c, 0x3f,
  0x00, 0x1a, 0x57, 0x3f, 0x01, 0x12, 0x52, 0x3f, 0x00, 0xca, 0x4c, 0x3f,
  0x00, 0x1a, 0x47, 0x3f, 0x00, 0x5e, 0x41, 0x3f, 0x00, 0x3e, 0x3b, 0x3f,
  0x01, 0x9a, 0x34, 0x3f, 0x00, 0x32, 0x2d, 0x3f, 0x00, 0xba, 0x25, 0x3f,
  0xff, 0x25, 0x1e, 0x3f, 0xff, 0x31, 0x16, 0x3f, 0x00, 0x5a, 0x0e, 0x3f,
  0x01, 0x2a, 0x06, 0x3f, 0xff, 0x97, 0xfa, 0x3e, 0x01, 0x08, 0xe9, 0x3e,
  0x02, 0x28, 0xd7, 0x3e, 0x00, 0x88, 0xc4, 0x3e, 0x01, 0x78, 0xb2, 0x3e,
  0xff, 0x77, 0xa0, 0x3e, 0x02, 0xa0, 0x8e, 0x3e, 0x03, 0xa0, 0x78, 0x3e,
  0xfe, 0xbf, 0x55, 0x3e, 0xfe, 0x3f, 0x33, 0x3e, 0x00, 0x00, 0x10, 0x3e,
  0x01, 0x20, 0xdd, 0x3d, 0xff, 0x3f, 0x9b, 0x3d, 0x00, 0x00, 0x30, 0x3d,
  0xff, 0xff, 0x45, 0x3c, 0x02, 0x00, 0x93, 0xbc, 0x01, 0xc0, 0x40, 0xbd,
  0x00, 0xe0, 0x9b, 0xbd, 0xfb, 0x9f, 0xd2, 0xbd, 0xfe, 0x3f, 0x03, 0xbe,
  0x00, 0xa0, 0x1c, 0xbe, 0xff, 0x1f, 0x34, 0xbe, 0x03, 0xf0, 0x4a, 0xbe,
  0x01, 0x90, 0x61, 0xbe, 0x00, 0xe0, 0x75, 0xbe, 0x00, 0x00, 0x84, 0xbe,
  0xff, 0x47, 0x8c, 0xbe, 0x01, 0x58, 0x93, 0xbe, 0x00, 0xb0, 0x99, 0xbe,
  0x01, 0x58, 0x9f, 0xbe, 0x00, 0x88, 0xa4, 0xbe, 0x01, 0x08, 0xa9, 0xbe,
  0xff, 0x17, 0xad, 0xbe, 0xff, 0x8f, 0xb0, 0xbe, 0x00, 0x80, 0xb2, 0xbe,
  0x00, 0xa8, 0xb2, 0xbe, 0xff, 0x2f, 0xb1, 0xbe, 0xff, 0xc7, 0xae, 0xbe,
  0x01, 0xe0, 0xab, 0xbe, 0x02, 0x50, 0xa8, 0xbe, 0x01, 0x28, 0xa4, 0xbe,
  0x01, 0x40, 0x9f, 0xbe, 0x00, 0x98, 0x99, 0xbe, 0x01, 0xe8, 0x92, 0xbe,
  0x00, 0x90, 0x8b, 0xbe, 0x01, 0x58, 0x83, 0xbe, 0x02, 0x90, 0x74, 0xbe,
  0xff, 0xdf, 0x62, 0xbe, 0x01, 0x90, 0x51, 0xbe, 0x00, 0x30, 0x40, 0xbe,
  0x00, 0x30, 0x30, 0xbe, 0x00, 0x40, 0x21, 0xbe, 0x03, 0xf0, 0x12, 0xbe,
  0xfd, 0xef, 0x05, 0xbe, 0xff, 0xdf, 0xf2, 0xbd, 0x05, 0x40, 0xdb, 0xbd,
  0x01, 0x80, 0xc4, 0xbd, 0x00, 0x80, 0xb0, 0xbd, 0x00, 0x60, 0x9e, 0xbd,
  0x00, 0xe0, 0x8d, 0xbd, 0x01, 0xa0, 0x80, 0xbd, 0xff, 0x3f, 0x6c, 0xbd,
  0x00, 0x40, 0x5a, 0xbd, 0x00, 0x40, 0x4a, 0xbd, 0x01, 0x00, 0x3a, 0xbd,
  0x00, 0xc0, 0x28, 0xbd, 0x00, 0x40, 0x17, 0xbd, 0xff, 0x7f, 0x04, 0xbd,
  0x03, 0x80, 0xe0, 0xbc, 0x02, 0x00, 0xb5, 0xbc, 0xfe, 0xff, 0x8b, 0xbc,
  0xff, 0xff, 0x47, 0xbc, 0x01, 0x00, 0xe0, 0xbb, 0x00, 0x00, 0x98, 0xba,
  0x00, 0x00, 0xa4, 0x3b, 0x05, 0x00, 0x41, 0x3c, 0xff, 0x7f, 0x96, 0x3c,
  0x01, 0x80, 0xcc, 0x3c, 0x00, 0x80, 0x01, 0x3d, 0x01, 0x80, 0x1a, 0x3d,
  0x00, 0x00, 0x32, 0x3d, 0xff, 0xff, 0x46, 0x3d, 0x00, 0x40, 0x59, 0x3d,
  0x00, 0xc0, 0x66, 0x3d, 0xff, 0xbf, 0x6f, 0x3d, 0x00, 0x40, 0x76, 0x3d,
  0x01, 0x00, 0x7b, 0x3d, 0x00, 0x00, 0x7e, 0x3d, 0x00, 0x00, 0x7e, 0x3d,
  0x00, 0x40, 0x79, 0x3d, 0xff, 0xbf, 0x6f, 0x3d, 0x00, 0x80, 0x61, 0x3d,
  0x00, 0x00, 0x50, 0x3d, 0x01, 0x00, 0x3b, 0x3d, 0xff, 0xff, 0x22, 0x3d,
  0x00, 0x40, 0x08, 0x3d, 0xfe, 0x7f, 0xda, 0x3c, 0x02, 0x80, 0xa1, 0x3c,
  0x01, 0x00, 0x3a, 0x3c, 0xfe, 0xff, 0xd7, 0x3a, 0x00, 0x00, 0x19, 0xbc,
  0x03, 0x00, 0xb0, 0xbc, 0x00, 0x40, 0x07, 0xbd, 0xff, 0xff, 0x35, 0xbd,
  0xff, 0x7f, 0x67, 0xbd, 0x00, 0x80, 0x8d, 0xbd, 0x00, 0x00, 0xa9, 0xbd,
  0x00, 0xc0, 0xc5, 0xbd, 0xfd, 0x9f, 0xe3, 0xbd, 0x02, 0x20, 0x00, 0xbe,
  0x01, 0x60, 0x0e, 0xbe, 0x01, 0x50, 0x1d, 0xbe, 0xfd, 0xcf, 0x2b, 0xbe,
  0xfe, 0x5f, 0x3a, 0xbe, 0xff, 0x6f, 0x49, 0xbe, 0x00, 0xd0, 0x57, 0xbe,
  0xff, 0x0f, 0x66, 0xbe, 0x01, 0x40, 0x74, 0xbe, 0xff, 0x8f, 0x80, 0xbe,
  0xff, 0x97, 0x86, 0xbe, 0x00, 0x58, 0x8c, 0xbe, 0x00, 0x38, 0x92, 0xbe,
  0x01, 0xe0, 0x97, 0xbe, 0x01, 0x68, 0x9d, 0xbe, 0xff, 0xc7, 0xa2, 0xbe,
  0x00, 0x90, 0xa7, 0xbe, 0x01, 0xf8, 0xab, 0xbe, 0x01, 0x40, 0xb0, 0xbe,
  0x00, 0x18, 0xb4, 0xbe, 0x00, 0xa8, 0xb7, 0xbe, 0x01, 0xe8, 0xba, 0xbe,
  0x02, 0x00, 0xbe, 0xbe, 0x01, 0xb0, 0xc0, 0xbe, 0x00, 0xf0, 0xc2, 0xbe,
  0x00, 0xa0, 0xc4, 0xbe, 0x01, 0xa8, 0xc5, 0xbe, 0x00, 0x50, 0xc6, 0xbe,
  0x01, 0xe8, 0xc6, 0xbe, 0xff, 0x7f, 0xc7, 0xbe, 0x01, 0xf8, 0xc7, 0xbe,
  0xff, 0x1f, 0xc8, 0xbe, 0x00, 0xe8, 0xc7, 0xbe, 0xff, 0x4f, 0xc7, 0xbe,
  0x01, 0x60, 0xc6, 0xbe, 0xff, 0xff, 0xc4, 0xbe, 0xff, 0x67, 0xc3, 0xbe,
  0xff, 0xb7, 0xc1, 0xbe, 0xff, 0x07, 0xc0, 0xbe, 0xfe, 0x87, 0xbe, 0xbe,
  0x00, 0xf8, 0xbc, 0xbe, 0x02, 0x28, 0xbb, 0xbe, 0x01, 0x38, 0xb9, 0xbe,
  0x01, 0x18, 0xb7, 0xbe, 0xff, 0x8f, 0xb4, 0xbe, 0x01, 0xd8, 0xb1, 0xbe,
  0x00, 0xf0, 0xae, 0xbe, 0x00, 0x00, 0xac, 0xbe, 0xff, 0x17, 0xa9, 0xbe,
  0x01, 0x48, 0xa6, 0xbe, 0xff, 0x67, 0xa3, 0xbe, 0x01, 0x40, 0xa0, 0xbe,
  0x01, 0x08, 0x9d, 0xbe, 0x00, 0x80, 0x99, 0xbe, 0x02, 0x78, 0x95, 0xbe,
  0xff, 0x2f, 0x91, 0xbe, 0x00, 0xa0, 0x8c, 0xbe, 0x00, 0xa8, 0x87, 0xbe,
  0x02, 0xa0, 0x82, 0xbe, 0x01, 0xd0, 0x7a, 0xbe, 0x02, 0x20, 0x70, 0xbe,
  0x00, 0xd0, 0x64, 0xbe, 0xff, 0x9f, 0x59, 0xbe, 0x00, 0xb0, 0x4d, 0xbe,
  0x02, 0x50, 0x40, 0xbe, 0xfd, 0xbf, 0x32, 0xbe, 0xfe, 0x5f, 0x25, 0xbe,
  0xfd, 0x3f, 0x18, 0xbe, 0x01, 0x40, 0x0c, 0xbe, 0x01, 0x80, 0x00, 0xbe,
  0x06, 0x60, 0xe8, 0xbd, 0x04, 0x40, 0xd0, 0xbd, 0x00, 0x40, 0xb8, 0xbd,
  0x01, 0x60, 0xa0, 0xbd, 0x00, 0x00, 0x88, 0xbd, 0x01, 0xc0, 0x61, 0xbd,
  0xff, 0x7f, 0x34, 0xbd, 0x00, 0xc0, 0x07, 0xbd, 0xfe, 0x7f, 0xba, 0xbc,
  0x04, 0x00, 0x49, 0xbc, 0x02, 0x00, 0x90, 0xba, 0xff, 0xff, 0x22, 0x3c,
  0x01, 0x80, 0xaa, 0x3c, 0x01, 0x40, 0x01, 0x3d, 0x00, 0x40, 0x2a, 0x3d,
  0x01, 0x40, 0x54, 0x3d, 0x00, 0xc0, 0x80, 0x3d, 0x00, 0x40, 0x9a, 0x3d,
  0x00, 0xc0, 0xb2, 0x3d, 0x00, 0x60, 0xc9, 0x3d, 0x04, 0x20, 0xde, 0x3d,
  0xff, 0xbf, 0xf0, 0x3d, 0x03, 0xe0, 0x01, 0x3e, 0x03, 0x60, 0x0c, 0x3e,
  0x03, 0xb0, 0x16, 0x3e, 0x01, 0xb0, 0x20, 0x3e, 0x02, 0x40, 0x2a, 0x3e,
  0x01, 0xd0, 0x32, 0x3e, 0x01, 0xd0, 0x3a, 0x3e, 0x02, 0x40, 0x42, 0x3e,
  0xff, 0x6f, 0x49, 0x3e, 0x01, 0xa0, 0x4f, 0x3e, 0xfd, 0x0f, 0x55, 0x3e,
  0x01, 0xf0, 0x59, 0x3e, 0xfd, 0x1f, 0x5e, 0x3e, 0x00, 0x20, 0x62, 0x3e,
  0xff, 0x0f, 0x66, 0x3e, 0xff, 0x9f, 0x69, 0x3e, 0x02, 0xf0, 0x6c, 0x3e,
  0x02, 0xf0, 0x6f, 0x3e, 0xfd, 0x8f, 0x72, 0x3e, 0x02, 0xc0, 0x74, 0x3e,
  0x01, 0x90, 0x76, 0x3e, 0xfe, 0x0f, 0x78, 0x3e, 0x00, 0x10, 0x79, 0x3e,
  0xff, 0x6f, 0x79, 0x3e, 0xfd, 0x4f, 0x79, 0x3e, 0x01, 0xe0, 0x78, 0x3e,
  0x01, 0x80, 0x78, 0x3e, 0xfd, 0x3f, 0x78, 0x3e, 0x01, 0xa0, 0x77, 0x3e,
  0x03, 0x50, 0x76, 0x3e, 0xfd, 0xff, 0x73, 0x3e, 0x00, 0x10, 0x71, 0x3e,
  0xfd, 0xef, 0x6d, 0x3e, 0xff, 0xaf, 0x6a, 0x3e, 0xfd, 0x2f, 0x67, 0x3e,
  0xfe, 0x3f, 0x63, 0x3e, 0x03, 0xb0, 0x5e, 0x3e, 0x02, 0x30, 0x59, 0x3e,
  0x02, 0x50, 0x53, 0x3e, 0xff, 0xff, 0x4c, 0x3e, 0x00, 0xe0, 0x45, 0x3e,
  0x03, 0x80, 0x3e, 0x3e, 0xfe, 0x9f, 0x36, 0x3e, 0x00, 0xe0, 0x2d, 0x3e,
  0xfd, 0x0f, 0x25, 0x3e, 0x03, 0x30, 0x1c, 0x3e, 0x02, 0x50, 0x13, 0x3e,
  0xfe, 0xff, 0x09, 0x3e, 0x01, 0xb0, 0x00, 0x3e, 0xff, 0x3f, 0xee, 0x3d,
  0xff, 0x9f, 0xd9, 0x3d, 0x01, 0xc0, 0xc4, 0x3d, 0x00, 0x60, 0xae, 0x3d,
  0x00, 0x00, 0x96, 0x3d, 0xff, 0x3f, 0x7d, 0x3d, 0x00, 0x80, 0x50, 0x3d,
  0xff, 0x7f, 0x26, 0x3d, 0xff, 0x7f, 0xf7, 0x3c, 0x02, 0x80, 0xa2, 0x3c,
  0x00, 0x00, 0x16, 0x3c, 0xff, 0xff, 0x03, 0xbb, 0x03, 0x00, 0x4f, 0xbc,
  0xfe, 0x7f, 0xbc, 0xbc, 0x00, 0x40, 0x08, 0xbd, 0x01, 0x80, 0x2c, 0xbd,
  0x01, 0x80, 0x4b, 0xbd, 0xff, 0x7f, 0x66, 0xbd, 0x00, 0x00, 0x7e, 0xbd,
  0x00, 0x80, 0x8a, 0xbd, 0x00, 0x60, 0x95, 0xbd, 0xff, 0x5f, 0x9f, 0xbd,
  0x00, 0xe0, 0xa6, 0xbd, 0x01, 0x40, 0xac, 0xbd, 0x00, 0x40, 0xb0, 0xbd,
  0x00, 0xa0, 0xb3, 0xbd, 0x00, 0xc0, 0xb6, 0xbd, 0x00, 0x40, 0xb9, 0xbd,
  0x00, 0xc0, 0xb9, 0xbd, 0x00, 0x00, 0xb8, 0xbd, 0x00, 0xe0, 0xb4, 0xbd,
  0x00, 0x00, 0xb2, 0xbd, 0x00, 0x00, 0xb0, 0xbd, 0x00, 0xe0, 0xae, 0xbd,
  0x00, 0xe0, 0xad, 0xbd, 0x00, 0xa0, 0xac, 0xbd, 0x00, 0x20, 0xab, 0xbd,
  0x00, 0x40, 0xa9, 0xbd, 0x00, 0x00, 0xa7, 0xbd, 0x01, 0x40, 0xa4, 0xbd,
  0x00, 0x60, 0xa1, 0xbd, 0x00, 0x80, 0x9f, 0xbd, 0x00, 0xa0, 0x9e, 0xbd,
  0x00, 0x20, 0x9e, 0xbd, 0x00, 0x20, 0x9d, 0xbd, 0x00, 0xc0, 0x9a, 0xbd,
  0x00, 0x80, 0x97, 0xbd, 0x00, 0x20, 0x94, 0xbd, 0x00, 0x80, 0x91, 0xbd,
  0xff, 0x1f, 0x8f, 0xbd, 0xff, 0xbf, 0x8b, 0xbd, 0x00, 0x00, 0x87, 0xbd,
  0x01, 0xa0, 0x80, 0xbd, 0x01, 0x40, 0x72, 0xbd, 0x00, 0x80, 0x62, 0xbd,
  0x00, 0x00, 0x52, 0xbd, 0x00, 0x80, 0x40, 0xbd, 0xff, 0xbf, 0x2e, 0xbd,
  0x01, 0x00, 0x1d, 0xbd, 0x00, 0xc0, 0x0a, 0xbd, 0xfe, 0xff, 0xec, 0xbc,
  0xff, 0xff, 0xc2, 0xbc, 0xff, 0x7f, 0x97, 0xbc, 0x01, 0x00, 0x59, 0xbc,
  0x00, 0x00, 0x0f, 0xbc, 0x00, 0x00, 0x9a, 0xbb, 0x01, 0x00, 0x20, 0xba,
  0x00, 0x00, 0x68, 0x3b, 0x00, 0x00, 0x04, 0x3c, 0xfe, 0xff, 0x4d, 0x3c,
  0xff, 0xff, 0x86, 0x3c, 0xff, 0xff, 0xa2, 0x3c, 0x01, 0x00, 0xbb, 0x3c,
  0x00, 0x80, 0xd1, 0x3c, 0xff, 0xff, 0xe4, 0x3c, 0x02, 0x00, 0xf6, 0x3c,
  0x00, 0x80, 0x02, 0x3d, 0x01, 0x80, 0x08, 0x3d, 0xff, 0x3f, 0x0d, 0x3d,
  0x01, 0x40, 0x10, 0x3d, 0x00, 0x00, 0x11, 0x3d, 0x00, 0x80, 0x0f, 0x3d,
  0xff, 0xbf, 0x0c, 0x3d, 0x01, 0x80, 0x09, 0x3d, 0xff, 0x7f, 0x05, 0x3d,
  0x01, 0x40, 0x01, 0x3d, 0xff, 0x7f, 0xf8, 0x3c, 0xfd, 0xff, 0xee, 0x3c,
  0x02, 0x80, 0xe3, 0x3c, 0xff, 0x7f, 0xd3, 0x3c, 0xfd, 0x7f, 0xbf, 0x3c,
  0xff, 0xff, 0xa7, 0x3c, 0x03, 0x00, 0x91, 0x3c, 0x01, 0x00, 0x7a, 0x3c,
  0xfc, 0xff, 0x55, 0x3c, 0x03, 0x00, 0x30, 0x3c, 0x00, 0x00, 0x0a, 0x3c,
  0x00, 0x00, 0xc0, 0x3b, 0x00, 0x00, 0x4c, 0x3b, 0x01, 0x00, 0x80, 0xb8,
  0x00, 0x00, 0x64, 0xbb, 0x00, 0x00, 0xe8, 0xbb, 0xfd, 0xff, 0x30, 0xbc,
  0xfe, 0xff, 0x6a, 0xbc, 0x00, 0x80, 0x91, 0xbc, 0x00, 0x80, 0xaf, 0xbc,
  0x01, 0x80, 0xcc, 0xbc, 0xfe, 0xff, 0xe9, 0xbc, 0x01, 0xc0, 0x03, 0xbd,
  0x01, 0xc0, 0x11, 0xbd, 0x00, 0x80, 0x1f, 0xbd, 0x01, 0x80, 0x2c, 0xbd,
  0x01, 0x80, 0x39, 0xbd, 0x00, 0xc0, 0x45, 0xbd, 0x00, 0x80, 0x50, 0xbd,
  0x00, 0x40, 0x5a, 0xbd, 0x01, 0xc0, 0x61, 0xbd, 0x00, 0x40, 0x69, 0xbd,
  0xff, 0xff, 0x72, 0xbd, 0xff, 0x3f, 0x7f, 0xbd, 0x00, 0x60, 0x86, 0xbd,
  0x01, 0x80, 0x8c, 0xbd, 0x00, 0xa0, 0x91, 0xbd, 0x00, 0x20, 0x96, 0xbd,
  0xff, 0xff, 0x9a, 0xbd, 0x00, 0x80, 0xa1, 0xbd, 0x00, 0x00, 0xa9, 0xbd,
  0x00, 0x00, 0xb1, 0xbd, 0x00, 0x60, 0xb9, 0xbd, 0x00, 0x60, 0xc1, 0xbd,
  0x00, 0xe0, 0xc9, 0xbd, 0xfe, 0x3f, 0xd3, 0xbd, 0xfc, 0x3f, 0xdd, 0xbd,
  0xfb, 0x3f, 0xe7, 0xbd, 0xfa, 0xdf, 0xf0, 0xbd, 0xfa, 0x1f, 0xfa, 0xbd,
  0x00, 0x40, 0x01, 0xbe, 0x00, 0x80, 0x05, 0xbe, 0x00, 0x20, 0x0a, 0xbe,
  0xfe, 0x9f, 0x0e, 0xbe, 0x01, 0x00, 0x13, 0xbe, 0x01, 0x40, 0x17, 0xbe,
  0xfe, 0x0f, 0x1b, 0xbe, 0x03, 0xb0, 0x1e, 0xbe, 0xfe, 0x5f, 0x22, 0xbe,
  0xfe, 0xbf, 0x25, 0xbe, 0x03, 0x00, 0x29, 0xbe, 0xff, 0x1f, 0x2c, 0xbe,
  0xff, 0x4f, 0x2f, 0xbe, 0xfe, 0x2f, 0x32, 0xbe, 0x02, 0xf0, 0x34, 0xbe,
  0x03, 0x90, 0x37, 0xbe, 0xff, 0xcf, 0x39, 0xbe, 0xff, 0xbf, 0x3b, 0xbe,
  0x01, 0x50, 0x3d, 0xbe, 0x03, 0x80, 0x3e, 0xbe, 0x02, 0xf0, 0x3f, 0xbe,
  0xfe, 0x2f, 0x42, 0xbe, 0x02, 0xc0, 0x44, 0xbe, 0x00, 0xf0, 0x46, 0xbe,
  0xfe, 0xdf, 0x47, 0xbe, 0xff, 0x7f, 0x47, 0xbe, 0xff, 0x6f, 0x46, 0xbe,
  0x01, 0x50, 0x45, 0xbe, 0xff, 0x1f, 0x44, 0xbe, 0x00, 0x30, 0x43, 0xbe,
  0x00, 0x80, 0x42, 0xbe, 0x02, 0x40, 0x42, 0xbe, 0xfe, 0x2f, 0x42, 0xbe,
  0x03, 0xe0, 0x41, 0xbe, 0x01, 0xe0, 0x40, 0xbe, 0x01, 0x40, 0x3f, 0xbe,
  0x02, 0xf0, 0x3c, 0xbe, 0x03, 0xe0, 0x39, 0xbe, 0x00, 0xe0, 0x35, 0xbe,
  0xfd, 0x7f, 0x31, 0xbe, 0xfd, 0xdf, 0x2c, 0xbe, 0xfe, 0xdf, 0x27, 0xbe,
  0xfe, 0x3f, 0x23, 0xbe, 0x01, 0x70, 0x1f, 0xbe, 0x00, 0x70, 0x1c, 0xbe,
  0x03, 0x10, 0x1a, 0xbe, 0xff, 0x7f, 0x17, 0xbe, 0xfe, 0x4f, 0x14, 0xbe,
  0x00, 0x10, 0x11, 0xbe, 0x01, 0x30, 0x0e, 0xbe, 0x03, 0x00, 0x0c, 0xbe,
  0xfe, 0x5f, 0x0a, 0xbe, 0x00, 0x10, 0x09, 0xbe, 0xfe, 0xdf, 0x07, 0xbe,
  0x00, 0xc0, 0x06, 0xbe, 0x03, 0x70, 0x05, 0xbe, 0xff, 0xbf, 0x03, 0xbe,
  0xff, 0x6f, 0x01, 0xbe, 0xff, 0x3f, 0xfe, 0xbd, 0xfd, 0xbf, 0xfa, 0xbd,
  0xfd, 0x3f, 0xf8, 0xbd, 0x00, 0xc0, 0xf6, 0xbd, 0x03, 0x40, 0xf5, 0xbd,
  0xf9, 0x5f, 0xf3, 0xbd, 0x03, 0x00, 0xf1, 0xbd, 0x04, 0x20, 0xee, 0xbd,
  0xfe, 0x5f, 0xea, 0xbd, 0xfe, 0xbf, 0xe5, 0xbd, 0xfe, 0x1f, 0xe1, 0xbd,
  0x07, 0xa0, 0xdc, 0xbd, 0x02, 0x20, 0xd8, 0xbd, 0x06, 0xc0, 0xd3, 0xbd,
  0xfd, 0xff, 0xce, 0xbd, 0x00, 0xa0, 0xc9, 0xbd, 0x00, 0x60, 0xc4, 0xbd,
  0xff, 0xdf, 0xbf, 0xbd, 0x00, 0x20, 0xbc, 0xbd, 0x00, 0xc0, 0xb8, 0xbd,
  0x01, 0x00, 0xb5, 0xbd, 0x01, 0x60, 0xb0, 0xbd, 0xff, 0xff, 0xaa, 0xbd,
  0x00, 0x00, 0xa6, 0xbd, 0x00, 0xa0, 0xa1, 0xbd, 0x00, 0xc0, 0x9d, 0xbd,
  0x00, 0x20, 0x9b, 0xbd, 0x00, 0xe0, 0x99, 0xbd, 0x00, 0x20, 0x9a, 0xbd,
  0x00, 0x20, 0x9b, 0xbd, 0x01, 0x00, 0x9c, 0xbd, 0x01, 0x80, 0x9c, 0xbd,
  0x01, 0x00, 0x9d, 0xbd, 0x00, 0x00, 0x9e, 0xbd, 0xff, 0x9f, 0x9f, 0xbd,
  0x00, 0xa0, 0xa1, 0xbd, 0x00, 0x60, 0xa3, 0xbd, 0x00, 0xa0, 0xa4, 0xbd,
  0x00, 0xa0, 0xa5, 0xbd, 0x00, 0x00, 0xa7, 0xbd, 0x00, 0x40, 0xa9, 0xbd,
  0x00, 0xa0, 0xac, 0xbd, 0x01, 0xe0, 0xb0, 0xbd, 0x00, 0x40, 0xb6, 0xbd,
  0x01, 0x00, 0xbd, 0xbd, 0x00, 0xa0, 0xc4, 0xbd, 0x01, 0x00, 0xcc, 0xbd,
  0xfa, 0xff, 0xd2, 0xbd, 0x06, 0x80, 0xda, 0xbd, 0x00, 0x80, 0xe2, 0xbd,
  0x04, 0xa0, 0xeb, 0xbd, 0xfe, 0xbf, 0xf5, 0xbd, 0x01, 0xa0, 0xff, 0xbd,
  0x00, 0xa0, 0x04, 0xbe, 0xfd, 0x4f, 0x09, 0xbe, 0xff, 0x0f, 0x0e, 0xbe,
  0x02, 0x70, 0x12, 0xbe, 0x03, 0xb0, 0x16, 0xbe, 0x03, 0xf0, 0x1a, 0xbe,
  0x00, 0xf0, 0x1e, 0xbe, 0xff, 0xdf, 0x22, 0xbe, 0x00, 0xf0, 0x26, 0xbe,
  0x01, 0x00, 0x2b, 0xbe, 0x01, 0x40, 0x2f, 0xbe, 0x02, 0x50, 0x33, 0xbe,
  0x03, 0x50, 0x36, 0xbe, 0x02, 0x20, 0x38, 0xbe, 0x03, 0xd0, 0x38, 0xbe,
  0xff, 0x5f, 0x38, 0xbe, 0x00, 0xc0, 0x36, 0xbe, 0x03, 0x30, 0x34, 0xbe,
  0x00, 0x10, 0x31, 0xbe, 0xfd, 0x1f, 0x2e, 0xbe, 0x00, 0x30, 0x2b, 0xbe,
  0xfd, 0xff, 0x26, 0xbe, 0x03, 0xa0, 0x20, 0xbe, 0x02, 0xf0, 0x17, 0xbe,
  0x00, 0xd0, 0x0c, 0xbe, 0x02, 0x50, 0x00, 0xbe, 0x01, 0x40, 0xe4, 0xbd,
  0x00, 0x80, 0xc5, 0xbd, 0x00, 0x60, 0xa5, 0xbd, 0x00, 0x40, 0x87, 0xbd,
  0x00, 0x00, 0x51, 0xbd, 0xff, 0xff, 0x07, 0xbd, 0x03, 0x00, 0x4d, 0xbc,
  0x04, 0x00, 0x6a, 0x3c, 0x00, 0x00, 0x1e, 0x3d, 0x00, 0x40, 0x82, 0x3d,
  0x01, 0xa0, 0xb8, 0x3d, 0x05, 0x80, 0xef, 0x3d, 0xfd, 0xdf, 0x14, 0x3e,
  0xff, 0xff, 0x34, 0x3e, 0x03, 0x40, 0x55, 0x3e, 0xfd, 0x1f, 0x76, 0x3e,
  0xff, 0x47, 0x8c, 0x3e, 0x01, 0x20, 0x9d, 0x3e, 0x00, 0x38, 0xae, 0x3e,
  0xff, 0x97, 0xbf, 0x3e, 0xff, 0xcf, 0xd1, 0x3e, 0x00, 0xa8, 0xe3, 0x3e,
  0xff, 0xcf, 0xf5, 0x3e, 0xff, 0x69, 0x04, 0x3f, 0x01, 0x72, 0x0d, 0x3f,
  0x01, 0x2a, 0x16, 0x3f, 0x00, 0xda, 0x1e, 0x3f, 0x00, 0xf2, 0x26, 0x3f,
  0xff, 0xd1, 0x2e, 0x3f, 0x01, 0xbe, 0x36, 0x3f, 0x01, 0x1e, 0x3e, 0x3f,
  0x01, 0x46, 0x45, 0x3f, 0x00, 0x2e, 0x4c, 0x3f, 0x01, 0x02, 0x53, 0x3f,
  0xff, 0x15, 0x59, 0x3f, 0x00, 0x92, 0x5e, 0x3f, 0x00, 0xb2, 0x63, 0x3f,
  0x00, 0x3a, 0x68, 0x3f, 0xff, 0x75, 0x6c, 0x3f, 0x00, 0x7e, 0x70, 0x3f,
  0x00, 0x02, 0x74, 0x3f, 0xff, 0x15, 0x77, 0x3f, 0xff, 0xd5, 0x79, 0x3f,
  0x00, 0x02, 0x7c, 0x3f, 0xff, 0xb5, 0x7d, 0x3f, 0x00, 0xe6, 0x7e, 0x3f,
  0x00, 0xa8, 0x7f, 0x3f, 0x00, 0xfe, 0x7f, 0x3f, 0x00, 0xfe, 0x7f, 0x3f,
  0x00, 0xa4, 0x7f, 0x3f, 0x01, 0x02, 0x7f, 0x3f, 0x00, 0x1a, 0x7e, 0x3f,
  0x01, 0xde, 0x7c, 0x3f, 0x01, 0x46, 0x7b, 0x3f, 0x00, 0x32, 0x79, 0x3f,
  0xff, 0x8d, 0x76, 0x3f, 0x00, 0xa2, 0x73, 0x3f, 0xff, 0x69, 0x70, 0x3f,
  0x01, 0xea, 0x6c, 0x3f, 0x01, 0x02, 0x69, 0x3f, 0x01, 0x02, 0x65, 0x3f,
  0xff, 0xc5, 0x60, 0x3f, 0x00, 0x1a, 0x5c, 0x3f, 0x00, 0x36, 0x57, 0x3f,
  0x00, 0xea, 0x51, 0x3f, 0x00, 0x02, 0x4c, 0x3f, 0x00, 0xea, 0x45, 0x3f,
  0x01, 0x72, 0x3f, 0x3f, 0x00, 0x52, 0x38, 0x3f, 0x00, 0x1a, 0x31, 0x3f,
  0xff, 0x91, 0x29, 0x3f, 0xff, 0xb5, 0x21, 0x3f, 0x00, 0x36, 0x19, 0x3f,
  0x00, 0xae, 0x10, 0x3f, 0x00, 0xd2, 0x07, 0x3f, 0xff, 0xbf, 0xfc, 0x3e,
  0x01, 0x30, 0xea, 0x3e, 0xff, 0x67, 0xd7, 0x3e, 0x01, 0xb8, 0xc3, 0x3e,
  0xff, 0xbf, 0xb0, 0x3e, 0xff, 0xcf, 0x9d, 0x3e, 0x00, 0x50, 0x8a, 0x3e,
  0xfd, 0x2f, 0x6f, 0x3e, 0x03, 0x10, 0x4a, 0x3e, 0x01, 0x50, 0x25, 0x3e,
  0x05, 0xe0, 0xff, 0x3d, 0x00, 0x60, 0xb9, 0x3d, 0x01, 0x80, 0x69, 0x3d,
  0x00, 0x00, 0xc1, 0x3c, 0x00, 0x00, 0xe4, 0xbb, 0x01, 0x40, 0x12, 0xbd,
  0x00, 0xe0, 0x82, 0xbd, 0x00, 0x80, 0xb8, 0xbd, 0xfa, 0x3f, 0xec, 0xbd,
  0xff, 0x7f, 0x0f, 0xbe, 0x00, 0xe0, 0x25, 0xbe, 0x03, 0xe0, 0x39, 0xbe,
  0xfd, 0x9f, 0x4b, 0xbe, 0x01, 0xe0, 0x5b, 0xbe, 0xfd, 0x7f, 0x69, 0xbe,
  0xfe, 0x5f, 0x75, 0xbe, 0x00, 0x30, 0x80, 0xbe, 0xff, 0x2f, 0x85, 0xbe,
  0xff, 0xe7, 0x89, 0xbe, 0xff, 0x57, 0x8e, 0xbe, 0xfe, 0xff, 0x91, 0xbe,
  0xff, 0x17, 0x95, 0xbe, 0x01, 0xa0, 0x97, 0xbe, 0x00, 0xb0, 0x99, 0xbe,
  0x02, 0x28, 0x9b, 0xbe, 0x00, 0x30, 0x9c, 0xbe, 0x02, 0xf0, 0x9c, 0xbe,
  0xff, 0x6f, 0x9d, 0xbe, 0x01, 0xc0, 0x9d, 0xbe, 0xff, 0xb7, 0x9d, 0xbe,
  0x01, 0x50, 0x9d, 0xbe, 0x00, 0x88, 0x9c, 0xbe, 0x00, 0x48, 0x9b, 0xbe,
  0xff, 0x87, 0x99, 0xbe, 0x00, 0x48, 0x97, 0xbe, 0xff, 0xa7, 0x94, 0xbe,
  0x00, 0xb0, 0x91, 0xbe, 0x02, 0xa0, 0x8e, 0xbe, 0x00, 0x60, 0x8b, 0xbe,
  0xff, 0xbf, 0x87, 0xbe, 0x01, 0x10, 0x84, 0xbe, 0xff, 0x1f, 0x80, 0xbe,
  0x01, 0x40, 0x77, 0xbe, 0xfe, 0x8f, 0x6d, 0xbe, 0x01, 0x00, 0x63, 0xbe,
  0xff, 0x7f, 0x57, 0xbe, 0x01, 0x40, 0x4c, 0xbe, 0xff, 0xbf, 0x40, 0xbe,
  0x00, 0xd0, 0x34, 0xbe, 0x00, 0xd0, 0x27, 0xbe, 0x02, 0xa0, 0x1a, 0xbe,
  0x02, 0xf0, 0x0c, 0xbe, 0xfe, 0x7f, 0xfc, 0xbd, 0x05, 0x80, 0xdf, 0xbd,
  0x00, 0xe0, 0xc1, 0xbd, 0xff, 0xff, 0xa2, 0xbd, 0x00, 0x40, 0x85, 0xbd,
  0x00, 0x80, 0x4f, 0xbd, 0xff, 0x7f, 0x13, 0xbd, 0x02, 0x00, 0xb6, 0xbc,
  0x00, 0x00, 0x11, 0xbc, 0x00, 0x00, 0x82, 0x3b, 0x01, 0x80, 0x89, 0x3c,
  0x01, 0x80, 0xea, 0x3c, 0xff, 0xff, 0x22, 0x3d, 0xff, 0xbf, 0x4f, 0x3d,
  0x01, 0x00, 0x78, 0x3d, 0x00, 0x60, 0x8e, 0x3d, 0x00, 0x40, 0x9f, 0x3d,
  0x00, 0x40, 0xad, 0x3d, 0x00, 0x20, 0xb9, 0x3d, 0x00, 0xa0, 0xc3, 0x3d,
  0x01, 0x00, 0xcc, 0x3d, 0x00, 0x80, 0xd2, 0x3d, 0xff, 0x1f, 0xd7, 0x3d,
  0x03, 0xe0, 0xd9, 0x3d, 0x06, 0x80, 0xda, 0x3d, 0xfd, 0x9f, 0xd8, 0x3d,
  0x06, 0xc0, 0xd3, 0x3d, 0x01, 0x40, 0xcc, 0x3d, 0xff, 0xff, 0xc2, 0x3d,
  0x00, 0x40, 0xb8, 0x3d, 0x00, 0x20, 0xad, 0x3d, 0x01, 0xe0, 0xa0, 0x3d,
  0x00, 0x40, 0x92, 0x3d, 0x00, 0x40, 0x82, 0x3d, 0x00, 0x80, 0x61, 0x3d,
  0xff, 0xbf, 0x3c, 0x3d, 0x00, 0xc0, 0x15, 0x3d, 0x01, 0x00, 0xdd, 0x3c,
  0x01, 0x80, 0x89, 0x3c, 0x01, 0x00, 0xae, 0x3b, 0x01, 0x00, 0xd4, 0xbb,
  0x01, 0x00, 0x99, 0xbc, 0x00, 0x00, 0x00, 0xbd, 0x01, 0x40, 0x31, 0xbd,
  0xff, 0x7f, 0x63, 0xbd, 0x01, 0xc0, 0x8c, 0xbd, 0x00, 0x00, 0xa8, 0xbd,
  0xff, 0xbf, 0xc3, 0xbd, 0xfd, 0x5f, 0xdf, 0xbd, 0xff, 0xbf, 0xfb, 0xbd,
  0x00, 0x60, 0x0b, 0xbe, 0xff, 0xbf, 0x18, 0xbe, 0x01, 0x60, 0x26, 0xbe,
  0xfe, 0x6f, 0x33, 0xbe, 0xff, 0x8f, 0x40, 0xbe, 0x03, 0x80, 0x4e, 0xbe,
  0x03, 0x30, 0x5c, 0xbe, 0xff, 0x6f, 0x69, 0xbe, 0xfd, 0x1f, 0x76, 0xbe,
  0x01, 0x98, 0x80, 0xbe, 0xff, 0xe7, 0x85, 0xbe, 0x01, 0x40, 0x8b, 0xbe,
  0xff, 0xe7, 0x90, 0xbe, 0xff, 0x57, 0x96, 0xbe, 0x01, 0xa0, 0x9b, 0xbe,
  0xff, 0xe7, 0xa0, 0xbe, 0xff, 0xb7, 0xa5, 0xbe, 0xfe, 0xff, 0xa9, 0xbe,
  0x00, 0xb0, 0xad, 0xbe, 0x00, 0xa0, 0xb0, 0xbe, 0xff, 0x67, 0xb3, 0xbe,
  0xfe, 0x87, 0xb6, 0xbe, 0x01, 0xa8, 0xb9, 0xbe, 0xff, 0x8f, 0xbc, 0xbe,
  0xff, 0xf7, 0xbe, 0xbe, 0x00, 0xd0, 0xc0, 0xbe, 0x01, 0x30, 0xc2, 0xbe,
  0x01, 0x58, 0xc3, 0xbe, 0x00, 0x58, 0xc4, 0xbe, 0x01, 0x08, 0xc5, 0xbe,
  0x00, 0x58, 0xc5, 0xbe, 0xff, 0x2f, 0xc5, 0xbe, 0x00, 0xb8, 0xc4, 0xbe,
  0x01, 0x28, 0xc4, 0xbe, 0xff, 0xbf, 0xc3, 0xbe, 0x00, 0x48, 0xc3, 0xbe,
  0xff, 0x97, 0xc2, 0xbe, 0x01, 0x68, 0xc1, 0xbe, 0x00, 0xa8, 0xbf, 0xbe,
  0x01, 0x90, 0xbd, 0xbe, 0xff, 0x37, 0xbb, 0xbe, 0x01, 0x80, 0xb8, 0xbe,
  0x01, 0xa8, 0xb5, 0xbe, 0x01, 0xb8, 0xb2, 0xbe, 0xff, 0x97, 0xaf, 0xbe,
  0x00, 0x70, 0xac, 0xbe, 0xff, 0x2f, 0xa9, 0xbe, 0x00, 0xc8, 0xa5, 0xbe,
  0x01, 0x18, 0xa2, 0xbe, 0x01, 0x48, 0x9e, 0xbe, 0x01, 0x30, 0x9a, 0xbe,
  0x01, 0xa8, 0x95, 0xbe, 0x00, 0x40, 0x91, 0xbe, 0x00, 0x10, 0x8d, 0xbe,
  0xff, 0xe7, 0x88, 0xbe, 0xfe, 0xd7, 0x84, 0xbe, 0xff, 0x77, 0x80, 0xbe,
  0xff, 0x1f, 0x77, 0xbe, 0xff, 0x2f, 0x6d, 0xbe, 0x01, 0xd0, 0x62, 0xbe,
  0x02, 0x20, 0x58, 0xbe, 0xfe, 0xaf, 0x4c, 0xbe, 0xff, 0x6f, 0x41, 0xbe,
  0x01, 0x30, 0x36, 0xbe, 0xfe, 0x5f, 0x2a, 0xbe, 0x01, 0x90, 0x1e, 0xbe,
  0xfe, 0x2f, 0x12, 0xbe, 0x02, 0xf0, 0x04, 0xbe, 0xfb, 0x1f, 0xf0, 0xbd,
  0x00, 0xc0, 0xd6, 0xbd, 0x00, 0xe0, 0xbc, 0xbd, 0x00, 0xe0, 0xa3, 0xbd,
  0x00, 0xa0, 0x8a, 0xbd, 0x00, 0x80, 0x61, 0xbd, 0xff, 0xbf, 0x2b, 0xbd,
  0x00, 0x80, 0xef, 0xbc, 0xff, 0xff, 0x87, 0xbc, 0xfe, 0xff, 0x6f, 0xbb,
  0x00, 0x00, 0x0b, 0x3c, 0x02, 0x80, 0xa6, 0x3c, 0xff, 0xff, 0x03, 0x3d,
  0x00, 0x00, 0x32, 0x3d, 0xff, 0xbf, 0x5f, 0x3d, 0xff, 0x5f, 0x87, 0x3d,
  0x00, 0x80, 0x9d, 0x3d, 0xff, 0xff, 0xb2, 0x3d, 0x00, 0x00, 0xc8, 0x3d,
  0xfd, 0xdf, 0xdc, 0x3d, 0x05, 0xe0, 0xef, 0x3d, 0xfe, 0xef, 0x00, 0x3e,
  0x01, 0xc0, 0x09, 0x3e, 0x01, 0xf0, 0x11, 0x3e, 0x01, 0xc0, 0x19, 0x3e,
  0xff, 0x9f, 0x21, 0x3e, 0xfe, 0x1f, 0x29, 0x3e, 0xff, 0xbf, 0x30, 0x3e,
  0x01, 0xb0, 0x38, 0x3e, 0x00, 0x00, 0x40, 0x3e, 0xfe, 0x9f, 0x46, 0x3e,
  0xfe, 0xaf, 0x4c, 0x3e, 0xfd, 0xbf, 0x52, 0x3e, 0xff, 0xbf, 0x58, 0x3e,
  0x00, 0xc0, 0x5e, 0x3e, 0x01, 0x20, 0x65, 0x3e, 0xfe, 0x3f, 0x6b, 0x3e,
  0xfd, 0x4f, 0x71, 0x3e, 0xff, 0x7f, 0x77, 0x3e, 0xff, 0xff, 0x7c, 0x3e,
  0x00, 0xf8, 0x80, 0x3e, 0x00, 0x30, 0x83, 0x3e, 0xff, 0x17, 0x85, 0x3e,
  0x01, 0xd0, 0x86, 0x3e, 0x01, 0x40, 0x88, 0x3e, 0x01, 0x50, 0x89, 0x3e,
  0x00, 0xe0, 0x89, 0x3e, 0x00, 0xf8, 0x89, 0x3e, 0xff, 0x9f, 0x89, 0x3e,
  0xff, 0xff, 0x88, 0x3e, 0x01, 0x10, 0x88, 0x3e, 0xff, 0xc7, 0x86, 0x3e,
  0x00, 0x28, 0x85, 0x3e, 0x02, 0x28, 0x83, 0x3e, 0x01, 0xb0, 0x80, 0x3e,
  0x01, 0xe0, 0x7b, 0x3e, 0xfe, 0x8f, 0x75, 0x3e, 0x01, 0x90, 0x6e, 0x3e,
  0x03, 0xb0, 0x66, 0x3e, 0xfe, 0x9f, 0x5e, 0x3e, 0xff, 0x0f, 0x56, 0x3e,
  0x02, 0x90, 0x4c, 0x3e, 0xfd, 0x8f, 0x42, 0x3e, 0xfe, 0xdf, 0x37, 0x3e,
  0xfe, 0xaf, 0x2c, 0x3e, 0xfe, 0x5f, 0x22, 0x3e, 0x03, 0xa0, 0x18, 0x3e,
  0x03, 0xb0, 0x0e, 0x3e, 0x00, 0xa0, 0x04, 0x3e, 0x01, 0xe0, 0xf3, 0x3d,
  0xfc, 0x9f, 0xdd, 0x3d, 0x00, 0x80, 0xc6, 0x3d, 0x01, 0xa0, 0xb0, 0x3d,
  0x00, 0x20, 0x9b, 0x3d, 0x00, 0xe0, 0x85, 0x3d, 0x00, 0x40, 0x65, 0x3d,
  0x00, 0x80, 0x41, 0x3d, 0x01, 0x00, 0x1d, 0x3d, 0x00, 0x80, 0xf1, 0x3c,
  0xff, 0xff, 0xa6, 0x3c, 0x01, 0x00, 0x38, 0x3c, 0xff, 0xff, 0x53, 0x3b,
  0x01, 0x00, 0x78, 0xbb, 0xff, 0xff, 0x26, 0xbc, 0xfe, 0xff, 0x88, 0xbc,
  0xfe, 0x7f, 0xbc, 0xbc, 0x00, 0x80, 0xef, 0xbc, 0x01, 0xc0, 0x10, 0xbd,
  0x00, 0x40, 0x27, 0xbd, 0x01, 0x80, 0x3c, 0xbd, 0x00, 0x80, 0x51, 0xbd,
  0xff, 0x7f, 0x65, 0xbd, 0x01, 0x00, 0x79, 0xbd, 0x00, 0xc0, 0x85, 0xbd,
  0x00, 0x60, 0x8e, 0xbd, 0x00, 0xc0, 0x95, 0xbd, 0x01, 0x00, 0x9d, 0xbd,
  0x01, 0xc0, 0xa4, 0xbd, 0x01, 0xc0, 0xac, 0xbd, 0x00, 0xa0, 0xb4, 0xbd,
  0x00, 0x20, 0xbb, 0xbd, 0x00, 0x80, 0xbf, 0xbd, 0x00, 0x60, 0xc2, 0xbd,
  0x00, 0xa0, 0xc4, 0xbd, 0x00, 0xc0, 0xc6, 0xbd, 0x01, 0xa0, 0xc8, 0xbd,
  0x00, 0xa0, 0xca, 0xbd, 0x01, 0xc0, 0xcc, 0xbd, 0x02, 0xe0, 0xce, 0xbd,
  0x04, 0x40, 0xd0, 0xbd, 0xfb, 0x1f, 0xd0, 0xbd, 0xfe, 0x9f, 0xce, 0xbd,
  0xff, 0xbf, 0xcb, 0xbd, 0xff, 0xdf, 0xc7, 0xbd, 0xff, 0x3f, 0xc3, 0xbd,
  0x00, 0x20, 0xbe, 0xbd, 0x00, 0x80, 0xb9, 0xbd, 0x00, 0xe0, 0xb5, 0xbd,
  0x00, 0xa0, 0xb2, 0xbd, 0x00, 0x20, 0xae, 0xbd, 0xff, 0x1f, 0xa7, 0xbd,
  0x00, 0x60, 0x9e, 0xbd, 0x00, 0xe0, 0x94, 0xbd, 0xff, 0x3f, 0x8b, 0xbd,
  0x00, 0x20, 0x82, 0xbd, 0x01, 0x40, 0x71, 0xbd, 0xff, 0xbf, 0x5c, 0xbd,
  0x00, 0xc0, 0x47, 0xbd, 0x01, 0x40, 0x32, 0xbd, 0x01, 0x00, 0x1c, 0xbd,
  0xff, 0x7f, 0x07, 0xbd, 0x02, 0x80, 0xe5, 0xbc, 0xfe, 0x7f, 0xb9, 0xbc,
  0xff, 0xff, 0x87, 0xbc, 0x03, 0x00, 0x2e, 0xbc, 0x00, 0x00, 0xa6, 0xbb,
  0x02, 0x00, 0x40, 0xb9, 0x01, 0x00, 0x78, 0x3b, 0x00, 0x00, 0xf6, 0x3b,
  0x01, 0x00, 0x3c, 0x3c, 0x01, 0x00, 0x7a, 0x3c, 0xfe, 0x7f, 0x9c, 0x3c,
  0xfe, 0x7f, 0xbc, 0x3c, 0x01, 0x00, 0xdb, 0x3c, 0x02, 0x00, 0xf6, 0x3c,
  0xff, 0xff, 0x04, 0x3d, 0x00, 0x40, 0x0a, 0x3d, 0x01, 0x80, 0x0c, 0x3d,
  0x00, 0x00, 0x0e, 0x3d, 0x00, 0x00, 0x11, 0x3d, 0x01, 0x40, 0x14, 0x3d,
  0xff, 0x7f, 0x17, 0x3d, 0x01, 0x80, 0x1a, 0x3d, 0xff, 0xbf, 0x1c, 0x3d,
  0xff, 0xbf, 0x1d, 0x3d, 0xff, 0xbf, 0x1c, 0x3d, 0x00, 0x40, 0x1a, 0x3d,
  0x00, 0x40, 0x16, 0x3d, 0x00, 0x00, 0x12, 0x3d, 0xff, 0x3f, 0x0d, 0x3d,
  0x01, 0x80, 0x08, 0x3d, 0x01, 0xc0, 0x03, 0x3d, 0x00, 0x00, 0xfe, 0x3c,
  0xff, 0x7f, 0xf4, 0x3c, 0xff, 0xff, 0xe6, 0x3c, 0x02, 0x00, 0xd3, 0x3c,
  0x01, 0x00, 0xbc, 0x3c, 0xff, 0xff, 0xa4, 0x3c, 0x00, 0x80, 0x8f, 0x3c,
  0x01, 0x00, 0x7a, 0x3c, 0x02, 0x00, 0x55, 0x3c, 0xfe, 0xff, 0x28, 0x3c,
  0xff, 0xff, 0xe9, 0x3b, 0x01, 0x00, 0x7c, 0x3b, 0x00, 0x00, 0x10, 0x3a,
  0x00, 0x00, 0x34, 0xbb, 0xff, 0xff, 0xc5, 0xbb, 0x00, 0x00, 0x1c, 0xbc,
  0xfc, 0xff, 0x59, 0xbc, 0xfe, 0xff, 0x8b, 0xbc, 0x01, 0x80, 0xa9, 0xbc,
  0xff, 0xff, 0xc3, 0xbc, 0xfe, 0x7f, 0xdb, 0xbc, 0x00, 0x80, 0xf2, 0xbc,
  0x00, 0x40, 0x05, 0xbd, 0x01, 0x40, 0x12, 0xbd, 0xff, 0xbf, 0x1e, 0xbd,
  0x01, 0x00, 0x2b, 0xbd, 0x00, 0x40, 0x37, 0xbd, 0xff, 0xff, 0x42, 0xbd,
  0xff, 0x3f, 0x4f, 0xbd, 0x01, 0x80, 0x5c, 0xbd, 0x00, 0xc0, 0x69, 0xbd,
  0x00, 0xc0, 0x77, 0xbd, 0x00, 0x20, 0x83, 0xbd, 0x00, 0x80, 0x8a, 0xbd,
  0x00, 0xa0, 0x92, 0xbd, 0x00, 0xa0, 0x9b, 0xbd, 0x00, 0xc0, 0xa5, 0xbd,
  0x00, 0x40, 0xaf, 0xbd, 0xff, 0xdf, 0xb7, 0xbd, 0x00, 0xc0, 0xbf, 0xbd,
  0x00, 0x40, 0xc7, 0xbd, 0x01, 0x40, 0xcf, 0xbd, 0xfd, 0x3f, 0xd8, 0xbd,
  0x02, 0x60, 0xe1, 0xbd, 0x06, 0xe0, 0xea, 0xbd, 0xfb, 0xbf, 0xf4, 0xbd,
  0x06, 0x20, 0xff, 0xbd, 0x01, 0x40, 0x04, 0xbe, 0x01, 0x80, 0x08, 0xbe,
  0x02, 0x90, 0x0c, 0xbe, 0xfd, 0x3f, 0x10, 0xbe, 0xfd, 0xff, 0x13, 0xbe,
  0x03, 0xc0, 0x17, 0xbe, 0x02, 0x50, 0x1b, 0xbe, 0x02, 0xe0, 0x1e, 0xbe,
  0x02, 0xa0, 0x22, 0xbe, 0x00, 0xe0, 0x25, 0xbe, 0xfd, 0x6f, 0x28, 0xbe,
  0x00, 0x50, 0x2a, 0xbe, 0x03, 0x00, 0x2c, 0xbe, 0xfd, 0x1f, 0x2e, 0xbe,
  0x03, 0x00, 0x31, 0xbe, 0xfe, 0x4f, 0x34, 0xbe, 0x02, 0x10, 0x37, 0xbe,
  0x03, 0x00, 0x39, 0xbe, 0x00, 0x50, 0x3a, 0xbe, 0x00, 0x60, 0x3b, 0xbe,
  0xfe, 0x7f, 0x3c, 0xbe, 0xfe, 0x8f, 0x3d, 0xbe, 0x03, 0x50, 0x3e, 0xbe,
  0xff, 0x6f, 0x3e, 0xbe, 0xff, 0x0f, 0x3e, 0xbe, 0x03, 0x40, 0x3d, 0xbe,
  0xfe, 0x4f, 0x3c, 0xbe, 0xfe, 0x3f, 0x3b, 0xbe, 0x03, 0xe0, 0x39, 0xbe,
  0x02, 0x50, 0x38, 0xbe, 0x01, 0x60, 0x36, 0xbe, 0x03, 0x30, 0x34, 0xbe,
  0xfe, 0xff, 0x31, 0xbe, 0x00, 0xd0, 0x2f, 0xbe, 0x02, 0xa0, 0x2d, 0xbe,
  0x02, 0xb0, 0x2b, 0xbe, 0x03, 0x10, 0x2a, 0xbe, 0x03, 0xa0, 0x28, 0xbe,
  0x03, 0xb0, 0x26, 0xbe, 0x02, 0xb0, 0x23, 0xbe, 0x03, 0x90, 0x1f, 0xbe,
  0xfd, 0xbf, 0x1a, 0xbe, 0x03, 0x50, 0x16, 0xbe, 0x00, 0x50, 0x12, 0xbe,
  0x01, 0x90, 0x0e, 0xbe, 0x00, 0x90, 0x0b, 0xbe, 0x02, 0x30, 0x09, 0xbe,
  0xfd, 0x2f, 0x07, 0xbe, 0x02, 0xf0, 0x04, 0xbe, 0x03, 0x10, 0x02, 0xbe,
  0x00, 0x80, 0xfd, 0xbd, 0xfb, 0xdf, 0xf6, 0xbd, 0x02, 0x60, 0xf1, 0xbd,
  0xfd, 0xdf, 0xec, 0xbd, 0x01, 0xe0, 0xe8, 0xbd, 0x03, 0x40, 0xe5, 0xbd,
  0xfc, 0xdf, 0xe1, 0xbd, 0x03, 0x80, 0xde, 0xbd, 0x02, 0xa0, 0xda, 0xbd,
  0x06, 0x40, 0xd6, 0xbd, 0x07, 0x40, 0xd1, 0xbd, 0x00, 0x20, 0xcc, 0xbd,
  0x00, 0x00, 0xc7, 0xbd, 0x00, 0xc0, 0xc1, 0xbd, 0x00, 0xa0, 0xbc, 0xbd,
  0x01, 0x60, 0xb8, 0xbd, 0x01, 0x80, 0xb4, 0xbd, 0x00, 0x80, 0xb0, 0xbd,
  0x00, 0x60, 0xac, 0xbd, 0x01, 0x20, 0xa8, 0xbd, 0x00, 0xa0, 0xa3, 0xbd,
  0xff, 0x9f, 0x9f, 0xbd, 0x00, 0xe0, 0x9b, 0xbd, 0xff, 0xdf, 0x97, 0xbd,
  0x00, 0x60, 0x93, 0xbd, 0x00, 0x60, 0x8e, 0xbd, 0x01, 0xe0, 0x88, 0xbd,
  0xff, 0xff, 0x82, 0xbd, 0x00, 0x40, 0x7a, 0xbd, 0xff, 0x3f, 0x6f, 0xbd,
  0xff, 0xff, 0x66, 0xbd, 0xff, 0xff, 0x63, 0xbd, 0xff, 0xff, 0x64, 0xbd,
  0x00, 0x40, 0x67, 0xbd, 0x01, 0x80, 0x68, 0xbd, 0x01, 0x80, 0x68, 0xbd,
  0x00, 0xc0, 0x68, 0xbd, 0x00, 0xc0, 0x6a, 0xbd, 0xff, 0x3f, 0x6e, 0xbd,
  0x01, 0xc0, 0x72, 0xbd, 0xff, 0x7f, 0x76, 0xbd, 0x01, 0x00, 0x79, 0xbd,
  0x01, 0x80, 0x7b, 0xbd, 0x00, 0x00, 0x80, 0xbd, 0xff, 0x7f, 0x83, 0xbd,
  0x00, 0x40, 0x88, 0xbd, 0x00, 0x20, 0x8e, 0xbd, 0x01, 0x80, 0x94, 0xbd,
  0xff, 0x7f, 0x9b, 0xbd, 0xff, 0xff, 0xa2, 0xbd, 0x00, 0xe0, 0xa9, 0xbd,
  0x00, 0x80, 0xb0, 0xbd, 0xff, 0x1f, 0xb7, 0xbd, 0x00, 0x60, 0xbe, 0xbd,
  0x00, 0xc0, 0xc5, 0xbd, 0x05, 0x60, 0xcd, 0xbd, 0x03, 0x40, 0xd5, 0xbd,
  0x07, 0xa0, 0xdc, 0xbd, 0xfd, 0xff, 0xe3, 0xbd, 0xff, 0x1f, 0xec, 0xbd,
  0x01, 0x40, 0xf4, 0xbd, 0xfd, 0xdf, 0xfc, 0xbd, 0x02, 0x80, 0x03, 0xbe,
  0xfe, 0x1f, 0x09, 0xbe, 0xfd, 0x5f, 0x0f, 0xbe, 0x00, 0x80, 0x15, 0xbe,
  0xfe, 0x0f, 0x1b, 0xbe, 0xff, 0x7f, 0x1f, 0xbe, 0x00, 0x90, 0x23, 0xbe,
  0x00, 0x00, 0x28, 0xbe, 0xfe, 0x7f, 0x2c, 0xbe, 0x03, 0xd0, 0x30, 0xbe,
  0x00, 0xa0, 0x34, 0xbe, 0xfd, 0x5f, 0x37, 0xbe, 0x02, 0x30, 0x39, 0xbe,
  0x00, 0x20, 0x3a, 0xbe, 0x00, 0x20, 0x3a, 0xbe, 0xfe, 0x1f, 0x39, 0xbe,
  0x01, 0x40, 0x37, 0xbe, 0x02, 0x90, 0x34, 0xbe, 0x00, 0x10, 0x31, 0xbe,
  0x03, 0x30, 0x2c, 0xbe, 0x01, 0x20, 0x25, 0xbe, 0x03, 0x60, 0x1c, 0xbe,
  0x03, 0xe0, 0x11, 0xbe, 0xfe, 0x5f, 0x05, 0xbe, 0xfc, 0xbf, 0xef, 0xbd,
  0x00, 0x20, 0xd2, 0xbd, 0x00, 0xc0, 0xb1, 0xbd, 0x00, 0xe0, 0x8d, 0xbd,
  0x01, 0x40, 0x51, 0xbd, 0x01, 0x40, 0x00, 0xbd, 0x00, 0x00, 0x13, 0xbc,
  0xfd, 0x7f, 0xbf, 0x3c, 0x00, 0x00, 0x6f, 0x3d, 0x00, 0x60, 0xbe, 0x3d,
  0x02, 0x80, 0x03, 0x3e, 0x01, 0xc0, 0x29, 0x3e, 0xfe, 0xcf, 0x4e, 0x3e,
  0x02, 0xb0, 0x73, 0x3e, 0x01, 0x50, 0x8d, 0x3e, 0x02, 0xf0, 0xa0, 0x3e,
  0x01, 0xc0, 0xb5, 0x3e, 0xfe, 0x37, 0xcc, 0x3e, 0x01, 0xd8, 0xe1, 0x3e,
  0xff, 0xaf, 0xf6, 0x3e, 0x00, 0x56, 0x05, 0x3f, 0x01, 0x72, 0x0f, 0x3f,
  0x00, 0x26, 0x19, 0x3f, 0x01, 0xde, 0x22, 0x3f, 0x00, 0xc2, 0x2c, 0x3f,
  0xff, 0xf9, 0x35, 0x3f, 0x00, 0xc2, 0x3e, 0x3f, 0x00, 0x5e, 0x47, 0x3f,
  0xff, 0x21, 0x4f, 0x3f, 0x01, 0x4a, 0x56, 0x3f, 0x00, 0x06, 0x5d, 0x3f,
  0x00, 0xee, 0x62, 0x3f, 0x00, 0x5a, 0x68, 0x3f, 0xff, 0x59, 0x6d, 0x3f,
  0xff, 0xed, 0x71, 0x3f, 0x00, 0x8e, 0x75, 0x3f, 0x00, 0x46, 0x78, 0x3f,
  0x00, 0x3a, 0x7a, 0x3f, 0x00, 0xae, 0x7b, 0x3f, 0x00, 0x12, 0x7d, 0x3f,
  0xff, 0x81, 0x7e, 0x3f, 0x01, 0x96, 0x7f, 0x3f, 0x00, 0xfe, 0x7f, 0x3f,
  0x00, 0x8e, 0x7f, 0x3f, 0xff, 0x81, 0x7e, 0x3f, 0xff, 0x21, 0x7d, 0x3f,
  0xff, 0xa9, 0x7b, 0x3f, 0x00, 0x02, 0x7a, 0x3f, 0xff, 0x3d, 0x78, 0x3f,
  0x00, 0x3a, 0x76, 0x3f, 0x00, 0xea, 0x73, 0x3f, 0x00, 0x76, 0x71, 0x3f,
  0x00, 0xc2, 0x6e, 0x3f, 0x00, 0xa6, 0x6b, 0x3f, 0x01, 0x62, 0x68, 0x3f,
  0x00, 0xe6, 0x64, 0x3f, 0x00, 0x0e, 0x61, 0x3f, 0x00, 0x1a, 0x5d, 0x3f,
  0x01, 0xde, 0x58, 0x3f, 0xff, 0x3d, 0x54, 0x3f, 0x01, 0x02, 0x4f, 0x3f,
  0xff, 0x9d, 0x49, 0x3f, 0x00, 0x0a, 0x44, 0x3f, 0x00, 0x22, 0x3e, 0x3f,
  0xff, 0x31, 0x38, 0x3f, 0x00, 0xa6, 0x31, 0x3f, 0xff, 0xed, 0x29, 0x3f,
  0xff, 0xa9, 0x21, 0x3f, 0x00, 0xee, 0x18, 0x3f, 0xff, 0xd5, 0x0f, 0x3f,
  0x00, 0x1a, 0x07, 0x3f, 0xff, 0x77, 0xfc, 0x3e, 0xff, 0xe7, 0xe9, 0x3e,
  0x00, 0x80, 0xd5, 0x3e, 0x01, 0xe0, 0xc0, 0x3e, 0x01, 0x88, 0xab, 0x3e,
  0x01, 0xc8, 0x94, 0x3e, 0xfe, 0xaf, 0x7c, 0x3e, 0x01, 0x40, 0x4f, 0x3e,
  0xfe, 0xdf, 0x1f, 0x3e, 0x05, 0x80, 0xe4, 0x3d, 0x00, 0xa0, 0x89, 0x3d,
  0x00, 0x80, 0xb0, 0x3c, 0xff, 0x7f, 0xb4, 0xbc, 0x01, 0x00, 0x85, 0xbd,
  0xfb, 0x7f, 0xdb, 0xbd, 0xff, 0xcf, 0x19, 0xbe, 0xfe, 0x3f, 0x43, 0xbe,
  0x00, 0x30, 0x6b, 0xbe, 0x01, 0x50, 0x89, 0xbe, 0x00, 0x30, 0x9b, 0xbe,
  0x01, 0xe0, 0xab, 0xbe, 0x00, 0xa8, 0xbb, 0xbe, 0x00, 0x40, 0xc9, 0xbe,
  0xff, 0x47, 0xd5, 0xbe, 0x01, 0x68, 0xe0, 0xbe, 0x01, 0x18, 0xea, 0xbe,
  0x00, 0xc0, 0xf2, 0xbe, 0xfe, 0xff, 0xf9, 0xbe, 0x01, 0x9c, 0xff, 0xbe,
  0x01, 0x7e, 0x01, 0xbf, 0x00, 0x4e, 0x02, 0xbf, 0x00, 0x72, 0x02, 0xbf,
  0x01, 0x12, 0x02, 0xbf, 0x00, 0x2a, 0x01, 0xbf, 0x01, 0x58, 0xff, 0xbe,
  0x00, 0x60, 0xfb, 0xbe, 0x00, 0x68, 0xf6, 0xbe, 0x00, 0x30, 0xf0, 0xbe,
  0x01, 0x08, 0xe9, 0xbe, 0x01, 0xc8, 0xe0, 0xbe, 0xff, 0x97, 0xd7, 0xbe,
  0x00, 0x58, 0xcd, 0xbe, 0x01, 0x00, 0xc3, 0xbe, 0xff, 0x47, 0xb8, 0xbe,
  0xfe, 0xd7, 0xac, 0xbe, 0x01, 0x90, 0xa1, 0xbe, 0x01, 0x18, 0x96, 0xbe,
  0x01, 0x18, 0x8a, 0xbe, 0x02, 0xc0, 0x7c, 0xbe, 0xff, 0x2f, 0x65, 0xbe,
  0x03, 0x70, 0x4d, 0xbe, 0x00, 0xa0, 0x34, 0xbe, 0x00, 0x70, 0x1c, 0xbe,
  0xff, 0x1f, 0x04, 0xbe, 0x01, 0x60, 0xd6, 0xbd, 0x00, 0x40, 0xa7, 0xbd,
  0x01, 0x40, 0x73, 0xbd, 0xff, 0x7f, 0x16, 0xbd, 0xfc, 0xff, 0x74, 0xbc,
  0x01, 0x00, 0xe2, 0x3b, 0x02, 0x00, 0xf2, 0x3c, 0x01, 0xc0, 0x51, 0x3d,
  0x00, 0xa0, 0x94, 0x3d, 0x00, 0x80, 0xbf, 0x3d, 0x06, 0x80, 0xea, 0x3d,
  0x03, 0xd0, 0x08, 0x3e, 0x03, 0x20, 0x1b, 0x3e, 0xff, 0xff, 0x2c, 0x3e,
  0xfe, 0x8f, 0x3d, 0x3e, 0x00, 0xb0, 0x4d, 0x3e, 0x02, 0xd0, 0x5d, 0x3e,
  0x02, 0x90, 0x6c, 0x3e, 0x00, 0x50, 0x7a, 0x3e, 0x00, 0xd0, 0x83, 0x3e,
  0x01, 0xa8, 0x89, 0x3e, 0x01, 0xe8, 0x8e, 0x3e, 0x01, 0x88, 0x93, 0x3e,
  0x00, 0xa8, 0x97, 0x3e, 0x01, 0x18, 0x9b, 0x3e, 0x00, 0xf8, 0x9d, 0x3e,
  0x00, 0x70, 0xa0, 0x3e, 0xff, 0x6f, 0xa2, 0x3e, 0xff, 0x47, 0xa4, 0x3e,
  0x02, 0x00, 0xa6, 0x3e, 0x00, 0x30, 0xa7, 0x3e, 0xfe, 0xaf, 0xa7, 0x3e,
  0x00, 0x48, 0xa7, 0x3e, 0x00, 0x20, 0xa6, 0x3e, 0x01, 0x40, 0xa4, 0x3e,
  0xff, 0xcf, 0xa1, 0x3e, 0xff, 0x97, 0x9e, 0x3e, 0x01, 0xd0, 0x9a, 0x3e,
  0x01, 0x60, 0x96, 0x3e, 0x01, 0x08, 0x91, 0x3e, 0xff, 0x37, 0x8b, 0x3e,
  0x01, 0xb0, 0x84, 0x3e, 0x02, 0x70, 0x7a, 0x3e, 0x02, 0xa0, 0x6a, 0x3e,
  0x01, 0x90, 0x59, 0x3e, 0x03, 0xb0, 0x46, 0x3e, 0xfe, 0x3f, 0x33, 0x3e,
  0x00, 0xc0, 0x1e, 0x3e, 0xfe, 0x1f, 0x09, 0x3e, 0x03, 0x20, 0xe3, 0x3d,
  0x00, 0xe0, 0xb3, 0x3d, 0x00, 0x60, 0x83, 0x3d, 0x00, 0x80, 0x1f, 0x3d,
  0x04, 0x00, 0x68, 0x3c, 0xfc, 0xff, 0x34, 0xbc, 0x01, 0x80, 0x1a, 0xbd,
  0x00, 0xc0, 0x82, 0xbd, 0x00, 0xc0, 0xb8, 0xbd, 0xfe, 0x1f, 0xf1, 0xbd,
  0xfd, 0xcf, 0x13, 0xbe, 0x02, 0x10, 0x2f, 0xbe, 0x00, 0x50, 0x4a, 0xbe,
  0x03, 0x80, 0x66, 0xbe, 0x00, 0xb8, 0x80, 0xbe, 0x00, 0x08, 0x8e, 0xbe,
  0xfe, 0xaf, 0x9b, 0xbe, 0xff, 0x8f, 0xa8, 0xbe, 0x00, 0x10, 0xb5, 0xbe,
  0x00, 0x58, 0xc1, 0xbe, 0x01, 0x80, 0xcc, 0xbe, 0x01, 0x00, 0xd7, 0xbe,
  0x00, 0x58, 0xe1, 0xbe, 0xff, 0xdf, 0xea, 0xbe, 0x00, 0xd0, 0xf3, 0xbe,
  0x00, 0x00, 0xfc, 0xbe, 0xff, 0xb5, 0x01, 0xbf, 0xff, 0xc5, 0x04, 0xbf,
  0x00, 0x5e, 0x07, 0xbf, 0x01, 0x96, 0x09, 0xbf, 0xff, 0x4d, 0x0b, 0xbf,
  0x01, 0x9a, 0x0c, 0xbf, 0x00, 0x8e, 0x0d, 0xbf, 0x01, 0x1e, 0x0e, 0xbf,
  0x01, 0x56, 0x0e, 0xbf, 0x00, 0x36, 0x0e, 0xbf, 0x00, 0xbe, 0x0d, 0xbf,
  0x00, 0xf2, 0x0c, 0xbf, 0x01, 0xda, 0x0b, 0xbf, 0xff, 0x69, 0x0a, 0xbf,
  0x01, 0xbe, 0x08, 0xbf, 0x00, 0xd6, 0x06, 0xbf, 0x01, 0xa6, 0x04, 0xbf,
  0x00, 0x5e, 0x02, 0xbf, 0x00, 0xd4, 0xff, 0xbe, 0x01, 0x78, 0xfa, 0xbe,
  0x01, 0x20, 0xf5, 0xbe, 0x00, 0x90, 0xef, 0xbe, 0xff, 0x87, 0xe9, 0xbe,
  0x01, 0x40, 0xe3, 0xbe, 0x00, 0x70, 0xdc, 0xbe, 0x01, 0x50, 0xd5, 0xbe,
  0xff, 0xcf, 0xcd, 0xbe, 0x00, 0xa8, 0xc6, 0xbe, 0x00, 0x90, 0xbf, 0xbe,
  0x00, 0x30, 0xb8, 0xbe, 0x00, 0xf8, 0xb0, 0xbe, 0xff, 0xb7, 0xa9, 0xbe,
  0x00, 0xf8, 0xa1, 0xbe, 0x01, 0x30, 0x9a, 0xbe, 0x01, 0xf0, 0x91, 0xbe,
  0x01, 0x68, 0x89, 0xbe, 0x01, 0xb0, 0x80, 0xbe, 0xfd, 0x4f, 0x71, 0xbe,
  0x01, 0xf0, 0x61, 0xbe, 0x01, 0xf0, 0x51, 0xbe, 0x01, 0xc0, 0x41, 0xbe,
  0x03, 0xa0, 0x30, 0xbe, 0x03, 0x80, 0x1e, 0xbe, 0x03, 0x70, 0x0d, 0xbe,
  0x02, 0x40, 0xfa, 0xbd, 0x04, 0x80, 0xd9, 0xbd, 0x00, 0x80, 0xb9, 0xbd,
  0x01, 0x20, 0x98, 0xbd, 0x01, 0x00, 0x6b, 0xbd, 0xff, 0xff, 0x22, 0xbd,
  0x00, 0x00, 0xc0, 0xbc, 0x00, 0x00, 0x00, 0xbc, 0x00, 0x00, 0x00, 0x3c,
  0x01, 0x00, 0xba, 0x3c, 0x00, 0xc0, 0x19, 0x3d, 0x01, 0x80, 0x58, 0x3d,
  0x00, 0xc0, 0x8a, 0x3d, 0x00, 0x00, 0xaa, 0x3d, 0xff, 0x3f, 0xcb, 0x3d,
  0xfa, 0xbf, 0xe9, 0x3d, 0x02, 0x70, 0x02, 0x3e, 0x00, 0xe0, 0x0d, 0x3e,
  0x02, 0x20, 0x18, 0x3e, 0xff, 0x9f, 0x21, 0x3e, 0xfe, 0x6f, 0x2b, 0x3e,
  0xfe, 0x8f, 0x35, 0x3e, 0x00, 0xc0, 0x3e, 0x3e, 0xfd, 0xff, 0x46, 0x3e,
  0x03, 0x80, 0x4e, 0x3e, 0xfe, 0xaf, 0x54, 0x3e, 0x01, 0xc0, 0x59, 0x3e,
  0xfe, 0xbf, 0x5d, 0x3e, 0xfd, 0x6f, 0x60, 0x3e, 0x02, 0x40, 0x62, 0x3e,
  0xfe, 0x3f, 0x63, 0x3e, 0xfe, 0x6f, 0x63, 0x3e, 0xfe, 0x3f, 0x63, 0x3e,
  0xff, 0xdf, 0x62, 0x3e, 0x00, 0x50, 0x62, 0x3e, 0xfd, 0x7f, 0x61, 0x3e,
  0xfe, 0x0f, 0x60, 0x3e, 0xfd, 0xef, 0x5d, 0x3e, 0x03, 0x20, 0x5b, 0x3e,
  0xfd, 0x2f, 0x57, 0x3e, 0x01, 0x90, 0x51, 0x3e, 0x03, 0xf0, 0x4a, 0x3e,
  0xff, 0x1f, 0x44, 0x3e, 0x03, 0x50, 0x3e, 0x3e, 0x02, 0x60, 0x39, 0x3e,
  0x00, 0xd0, 0x34, 0x3e, 0xff, 0x4f, 0x2f, 0x3e, 0x02, 0x20, 0x28, 0x3e,
  0x00, 0x30, 0x20, 0x3e, 0x01, 0xa0, 0x17, 0x3e, 0x03, 0x80, 0x0e, 0x3e,
  0x03, 0x70, 0x05, 0x3e, 0xfc, 0xff, 0xf8, 0x3d, 0xfa, 0x9f, 0xe7, 0x3d,
  0x07, 0x00, 0xd8, 0x3d, 0x00, 0x00, 0xc9, 0x3d, 0x00, 0x80, 0xb9, 0x3d,
  0x00, 0x80, 0xa8, 0x3d, 0xff, 0x9f, 0x97, 0x3d, 0x00, 0x60, 0x86, 0x3d,
  0x01, 0x00, 0x69, 0x3d, 0xff, 0x7f, 0x46, 0x3d, 0x01, 0xc0, 0x24, 0x3d,
  0xff, 0x7f, 0x03, 0x3d, 0x01, 0x80, 0xca, 0x3c, 0x00, 0x80, 0x90, 0x3c,
  0x03, 0x00, 0x2c, 0x3c, 0x01, 0x00, 0x78, 0x3b, 0x01, 0x00, 0x30, 0xbb,
  0x00, 0x00, 0x18, 0xbc, 0xff, 0xff, 0x85, 0xbc, 0x00, 0x00, 0xbf, 0xbc,
  0xff, 0x7f, 0xf4, 0xbc, 0x00, 0x00, 0x11, 0xbd, 0x00, 0x00, 0x22, 0xbd,
  0xff, 0x3f, 0x2f, 0xbd, 0xff, 0xbf, 0x3b, 0xbd, 0x00, 0xc0, 0x48, 0xbd,
  0xff, 0x7f, 0x55, 0xbd, 0x01, 0xc0, 0x62, 0xbd, 0xff, 0xbf, 0x6e, 0xbd,
  0x00, 0x40, 0x7a, 0xbd, 0x00, 0xa0, 0x82, 0xbd, 0xff, 0xdf, 0x87, 0xbd,
  0x00, 0xa0, 0x8c, 0xbd, 0x01, 0xe0, 0x90, 0xbd, 0x01, 0x80, 0x94, 0xbd,
  0x00, 0x40, 0x97, 0xbd, 0x00, 0x60, 0x99, 0xbd, 0x00, 0x60, 0x9b, 0xbd,
  0x00, 0xc0, 0x9d, 0xbd, 0x00, 0x80, 0xa0, 0xbd, 0xff, 0x3f, 0xa3, 0xbd,
  0x00, 0x40, 0xa5, 0xbd, 0x00, 0x40, 0xa6, 0xbd, 0x00, 0x40, 0xa6, 0xbd,
  0x01, 0xc0, 0xa4, 0xbd, 0x00, 0x60, 0xa1, 0xbd, 0x01, 0x80, 0x9c, 0xbd,
  0x00, 0xa0, 0x96, 0xbd, 0x00, 0x00, 0x91, 0xbd, 0x00, 0x60, 0x8b, 0xbd,
  0x00, 0x80, 0x85, 0xbd, 0xff, 0x3f, 0x7e, 0xbd, 0x00, 0x80, 0x70, 0xbd,
  0x01, 0xc0, 0x60, 0xbd, 0xff, 0xbf, 0x4e, 0xbd, 0x01, 0x80, 0x39, 0xbd,
  0x00, 0x00, 0x21, 0xbd, 0x00, 0x40, 0x07, 0xbd, 0x03, 0x80, 0xe0, 0xbc,
  0x02, 0x00, 0xb7, 0xbc, 0x00, 0x80, 0x8d, 0xbc, 0x05, 0x00, 0x43, 0xbc,
  0x00, 0x00, 0xc0, 0xbb, 0x00, 0x00, 0x60, 0x3a, 0x01, 0x00, 0xf0, 0x3b,
  0x01, 0x00, 0x5d, 0x3c, 0x00, 0x00, 0x9e, 0x3c, 0x00, 0x80, 0xce, 0x3c,
  0xfe, 0x7f, 0xfd, 0x3c, 0x00, 0xc0, 0x16, 0x3d, 0xff, 0x3f, 0x2f, 0x3d,
  0xff, 0x7f, 0x45, 0x3d, 0x00, 0x40, 0x59, 0x3d, 0x01, 0x00, 0x6c, 0x3d,
  0xff, 0x3f, 0x7c, 0x3d, 0x00, 0xc0, 0x85, 0x3d, 0x00, 0xe0, 0x8c, 0x3d,
  0xff, 0x3f, 0x93, 0x3d, 0x00, 0x40, 0x99, 0x3d, 0x00, 0x40, 0x9f, 0x3d,
  0x00, 0xa0, 0xa4, 0x3d, 0x01, 0x60, 0xa8, 0x3d, 0x00, 0x60, 0xaa, 0x3d,
  0x00, 0xa0, 0xaa, 0x3d, 0x00, 0x20, 0xaa, 0x3d, 0x00, 0x60, 0xa9, 0x3d,
  0x01, 0x60, 0xa8, 0x3d, 0x00, 0xe0, 0xa6, 0x3d, 0x01, 0x80, 0xa4, 0x3d,
  0x00, 0x00, 0xa1, 0x3d, 0x01, 0x00, 0x9d, 0x3d, 0x00, 0xc0, 0x98, 0x3d,
  0x01, 0x80, 0x94, 0x3d, 0x00, 0x00, 0x90, 0x3d, 0x00, 0x20, 0x8b, 0x3d,
  0x01, 0x00, 0x85, 0x3d, 0x00, 0xc0, 0x7a, 0x3d, 0x01, 0x00, 0x6b, 0x3d,
  0xff, 0xbf, 0x5b, 0x3d, 0x01, 0x80, 0x4c, 0x3d, 0x00, 0x80, 0x3e, 0x3d,
  0x00, 0x00, 0x30, 0x3d, 0x00, 0x80, 0x20, 0x3d, 0x01, 0xc0, 0x10, 0x3d,
  0x01, 0x40, 0x00, 0x3d, 0x00, 0x00, 0xde, 0x3c, 0xff, 0x7f, 0xb7, 0x3c,
  0x00, 0x80, 0x91, 0x3c, 0x02, 0x00, 0x55, 0x3c, 0x00, 0x00, 0x05, 0x3c,
  0x01, 0x00, 0x60, 0x3b, 0xfe, 0xff, 0xa7, 0xba, 0x00, 0x00, 0xcc, 0xbb,
  0xfd, 0xff, 0x32, 0xbc, 0x00, 0x00, 0x82, 0xbc, 0xfe, 0xff, 0xad, 0xbc,
  0x01, 0x00, 0xdb, 0xbc, 0x01, 0xc0, 0x04, 0xbd, 0x01, 0x80, 0x1b, 0xbd,
  0x00, 0x00, 0x32, 0xbd, 0x00, 0x40, 0x47, 0xbd, 0xff, 0xbf, 0x5c, 0xbd,
  0x01, 0x40, 0x74, 0xbd, 0x00, 0xa0, 0x85, 0xbd, 0x00, 0x60, 0x91, 0xbd,
  0x00, 0x80, 0x9d, 0xbd, 0x00, 0x20, 0xa9, 0xbd, 0x01, 0x80, 0xb4, 0xbd,
  0x00, 0x00, 0xc0, 0xbd, 0x00, 0xc0, 0xca, 0xbd, 0x03, 0x40, 0xd5, 0xbd,
  0x01, 0xa0, 0xdf, 0xbd, 0x06, 0x80, 0xea, 0xbd, 0xff, 0xff, 0xf4, 0xbd,
  0x02, 0xe0, 0xfe, 0xbd, 0x01, 0xe0, 0x03, 0xbe, 0x01, 0x70, 0x07, 0xbe,
  0xfe, 0x5f, 0x0a, 0xbe, 0xfd, 0x0f, 0x0d, 0xbe, 0xfd, 0x5f, 0x0f, 0xbe,
  0x02, 0x60, 0x11, 0xbe, 0x00, 0x30, 0x13, 0xbe, 0xfe, 0xaf, 0x14, 0xbe,
  0xfd, 0xef, 0x15, 0xbe, 0xfe, 0xcf, 0x16, 0xbe, 0xfd, 0x2f, 0x17, 0xbe,
  0xfd, 0xff, 0x16, 0xbe, 0x01, 0x60, 0x16, 0xbe, 0x00, 0x80, 0x15, 0xbe,
  0x02, 0x90, 0x14, 0xbe, 0x00, 0x90, 0x13, 0xbe, 0xfe, 0x2f, 0x12, 0xbe,
  0xfd, 0x6f, 0x10, 0xbe, 0x03, 0x50, 0x0e, 0xbe, 0x01, 0xe0, 0x0b, 0xbe,
  0xfd, 0xaf, 0x09, 0xbe, 0x00, 0xd0, 0x07, 0xbe, 0xff, 0x0f, 0x06, 0xbe,
  0x01, 0x10, 0x04, 0xbe, 0xff, 0xcf, 0x01, 0xbe, 0xfe, 0x9f, 0xfe, 0xbd,
  0xfb, 0x5f, 0xf9, 0xbd, 0x04, 0xe0, 0xf4, 0xbd, 0xfa, 0xdf, 0xf0, 0xbd,
  0xfc, 0x3f, 0xed, 0xbd, 0xfe, 0x5f, 0xea, 0xbd, 0xf9, 0xff, 0xe7, 0xbd,
  0x02, 0x00, 0xe6, 0xbd, 0x06, 0xc0, 0xe3, 0xbd, 0x07, 0x40, 0xe1, 0xbd,
  0xff, 0x3f, 0xde, 0xbd, 0xfd, 0xbf, 0xda, 0xbd, 0x03, 0x60, 0xd7, 0xbd,
  0x06, 0xc0, 0xd3, 0xbd, 0xfb, 0x1f, 0xd0, 0xbd, 0xfc, 0x3f, 0xcd, 0xbd,
  0x00, 0xc0, 0xca, 0xbd, 0x01, 0xe0, 0xc8, 0xbd, 0xff, 0xdf, 0xc7, 0xbd,
  0xff, 0x9f, 0xc7, 0xbd, 0x01, 0x20, 0xc8, 0xbd, 0x01, 0x60, 0xc8, 0xbd,
  0x00, 0xc0, 0xc7, 0xbd, 0x00, 0xe0, 0xc5, 0xbd, 0x00, 0x20, 0xc3, 0xbd,
  0x00, 0xc0, 0xc0, 0xbd, 0x00, 0xe0, 0xbe, 0xbd, 0x00, 0x20, 0xbd, 0xbd,
  0xff, 0xff, 0xba, 0xbd, 0xff, 0xdf, 0xb7, 0xbd, 0xff, 0xbf, 0xb3, 0xbd,
  0xff, 0x5f, 0xaf, 0xbd, 0x00, 0x20, 0xab, 0xbd, 0x00, 0xa0, 0xa6, 0xbd,
  0x00, 0xe0, 0xa2, 0xbd, 0x00, 0x00, 0xa1, 0xbd, 0x00, 0xc0, 0xa1, 0xbd,
  0x01, 0x80, 0xa4, 0xbd, 0x00, 0x80, 0xa6, 0xbd, 0x00, 0x40, 0xa6, 0xbd,
  0xff, 0x7f, 0xa3, 0xbd, 0x00, 0x40, 0xa0, 0xbd, 0x00, 0x00, 0x9e, 0xbd,
  0x00, 0x60, 0x9d, 0xbd, 0x00, 0x20, 0x9d, 0xbd, 0x00, 0x60, 0x9b, 0xbd,
  0x00, 0x00, 0x97, 0xbd, 0x01, 0x60, 0x90, 0xbd, 0x00, 0x80, 0x89, 0xbd,
  0xff, 0x3f, 0x83, 0xbd, 0x01, 0x00, 0x7b, 0xbd, 0x00, 0x00, 0x71, 0xbd,
  0x00, 0x40, 0x67, 0xbd, 0xff, 0xbf, 0x5d, 0xbd, 0xff, 0xff, 0x54, 0xbd,
  0x01, 0x80, 0x4c, 0xbd, 0xff, 0xff, 0x43, 0xbd, 0x01, 0x00, 0x3c, 0xbd,
  0xff, 0xff, 0x32, 0xbd, 0x00, 0xc0, 0x28, 0xbd, 0xff, 0x3f, 0x1c, 0xbd,
  0xff, 0xbf, 0x0f, 0xbd, 0x01, 0x40, 0x04, 0xbd, 0x02, 0x00, 0xf4, 0xbc,
  0x02, 0x80, 0xe2, 0xbc, 0x00, 0x80, 0xd2, 0xbc, 0x02, 0x80, 0xc1, 0xbc,
  0x00, 0x80, 0xb1, 0xbc, 0x02, 0x80, 0xa4, 0xbc, 0x01, 0x00, 0x9c, 0xbc,
  0x01, 0x00, 0x99, 0xbc, 0xff, 0x7f, 0x98, 0xbc, 0xff, 0x7f, 0x98, 0xbc,
  0x01, 0x00, 0x98, 0xbc, 0xff, 0x7f, 0x97, 0xbc, 0x02, 0x00, 0x97, 0xbc,
  0x02, 0x00, 0x97, 0xbc, 0x02, 0x00, 0x97, 0xbc, 0xfe, 0x7f, 0x9a, 0xbc,
  0x02, 0x80, 0xa4, 0xbc, 0x02, 0x00, 0xb5, 0xbc, 0x01, 0x80, 0xca, 0xbc,
  0x02, 0x80, 0xe4, 0xbc, 0x00, 0x00, 0x00, 0xbd, 0x00, 0x00, 0x0f, 0xbd,
  0x00, 0x80, 0x1d, 0xbd, 0xff, 0x3f, 0x2b, 0xbd, 0x00, 0x40, 0x37, 0xbd,
  0xff, 0xff, 0x42, 0xbd, 0xff, 0x3f, 0x4f, 0xbd, 0x01, 0x80, 0x5b, 0xbd,
  0x01, 0x00, 0x69, 0xbd, 0x00, 0x40, 0x79, 0xbd, 0x00, 0xc0, 0x85, 0xbd,
  0x00, 0x40, 0x90, 0xbd, 0x00, 0xa0, 0x9c, 0xbd, 0x00, 0x20, 0xaa, 0xbd,
  0x01, 0xe0, 0xb8, 0xbd, 0x00, 0xc0, 0xc8, 0xbd, 0x03, 0xe0, 0xd9, 0xbd,
  0x02, 0xa0, 0xea, 0xbd, 0xff, 0xbf, 0xfb, 0xbd, 0x02, 0xe0, 0x06, 0xbe,
  0xfe, 0xaf, 0x0f, 0xbe, 0x03, 0xa0, 0x18, 0xbe, 0x03, 0x10, 0x22, 0xbe,
  0x00, 0x60, 0x2b, 0xbe, 0xff, 0xff, 0x34, 0xbe, 0xfd, 0x2f, 0x3f, 0xbe,
  0xfe, 0x1f, 0x49, 0xbe, 0x02, 0x50, 0x53, 0xbe, 0xfe, 0x8f, 0x5d, 0xbe,
  0xfd, 0x3f, 0x68, 0xbe, 0xfd, 0x8f, 0x72, 0xbe, 0x00, 0xd0, 0x7c, 0xbe,
  0x01, 0xb8, 0x83, 0xbe, 0x00, 0xd0, 0x88, 0xbe, 0x00, 0xe0, 0x8d, 0xbe,
  0x01, 0xe8, 0x92, 0xbe, 0x00, 0x48, 0x97, 0xbe, 0xff, 0x1f, 0x9b, 0xbe,
  0x02, 0xa0, 0x9e, 0xbe, 0x00, 0x98, 0xa1, 0xbe, 0x01, 0x40, 0xa4, 0xbe,
  0x00, 0x80, 0xa6, 0xbe, 0x00, 0x70, 0xa8, 0xbe, 0x00, 0xe0, 0xa9, 0xbe,
  0x00, 0xf0, 0xaa, 0xbe, 0x01, 0x70, 0xab, 0xbe, 0x02, 0x28, 0xab, 0xbe,
  0x00, 0x08, 0xaa, 0xbe, 0x00, 0x18, 0xa8, 0xbe, 0x00, 0xb0, 0xa5, 0xbe,
  0x00, 0xd8, 0xa2, 0xbe, 0x01, 0x70, 0x9f, 0xbe, 0x00, 0x78, 0x9b, 0xbe,
  0x02, 0xa0, 0x96, 0xbe, 0x01, 0xe0, 0x90, 0xbe, 0x01, 0x18, 0x8a, 0xbe,
  0x01, 0xe8, 0x82, 0xbe, 0x01, 0x60, 0x76, 0xbe, 0xfd, 0x0f, 0x65, 0xbe,
  0xff, 0xaf, 0x52, 0xbe, 0x03, 0x50, 0x3e, 0xbe, 0xfd, 0x2f, 0x27, 0xbe,
  0x01, 0xa0, 0x0f, 0xbe, 0xf9, 0xbf, 0xee, 0xbd, 0x00, 0x80, 0xbd, 0xbd,
  0x00, 0xc0, 0x87, 0xbd, 0xff, 0x3f, 0x1f, 0xbd, 0x00, 0x00, 0x11, 0xbc
};
unsigned int src_OBOE_bin_len = 31200;
