unsigned char src_OPAL_bin[] = {
  0x00, 0x00, 0x00, 0x00, 0x01, 0x0c, 0xc9, 0x3a, 0x00, 0x0e, 0x49, 0x3b,
  0x00, 0xcb, 0x96, 0x3b, 0xff, 0x0e, 0xc9, 0x3b, 0xff, 0x52, 0xfb, 0x3b,
  0x00, 0xcb, 0x16, 0x3c, 0x03, 0xed, 0x2f, 0x3c, 0x7c, 0x0e, 0x49, 0x3c,
  0x80, 0x2f, 0x62, 0x3c, 0x04, 0x51, 0x7b, 0x3c, 0xfe, 0x38, 0x8a, 0x3c,
  0x80, 0xc9, 0x96, 0x3c, 0x02, 0x5a, 0xa3, 0x3c, 0x3e, 0xea, 0xaf, 0x3c,
  0x7f, 0x7a, 0xbc, 0x3c, 0x80, 0x0a, 0xc9, 0x3c, 0x81, 0x9a, 0xd5, 0x3c,
  0x42, 0x2a, 0xe2, 0x3c, 0x02, 0xba, 0xee, 0x3c, 0x82, 0x49, 0xfb, 0x3c,
  0x81, 0xec, 0x03, 0x3d, 0x21, 0x34, 0x0a, 0x3d, 0xa1, 0x7b, 0x10, 0x3d,
  0x20, 0xc3, 0x16, 0x3d, 0x80, 0x0a, 0x1d, 0x3d, 0xbf, 0x51, 0x23, 0x3d,
  0xe0, 0x98, 0x29, 0x3d, 0xff, 0xdf, 0x2f, 0x3d, 0xe1, 0x26, 0x36, 0x3d,
  0xbf, 0x6d, 0x3c, 0x3d, 0x80, 0xb4, 0x42, 0x3d, 0x21, 0xfb, 0x48, 0x3d,
  0x9f, 0x41, 0x4f, 0x3d, 0xff, 0x87, 0x55, 0x3d, 0x3f, 0xce, 0x5b, 0x3d,
  0x5f, 0x14, 0x62, 0x3d, 0x5f, 0x5a, 0x68, 0x3d, 0x21, 0xa0, 0x6e, 0x3d,
  0xe0, 0xe5, 0x74, 0x3d, 0x5f, 0x2b, 0x7b, 0x3d, 0x60, 0xb8, 0x80, 0x3d,
  0x00, 0xdb, 0x83, 0x3d, 0x90, 0xfd, 0x86, 0x3d, 0x00, 0x20, 0x8a, 0x3d,
  0x60, 0x42, 0x8d, 0x3d, 0xb1, 0x64, 0x90, 0x3d, 0xe0, 0x86, 0x93, 0x3d,
  0x00, 0xa9, 0x96, 0x3d, 0x00, 0xcb, 0x99, 0x3d, 0xf0, 0xec, 0x9c, 0x3d,
  0xc0, 0x0e, 0xa0, 0x3d, 0x80, 0x30, 0xa3, 0x3d, 0x20, 0x52, 0xa6, 0x3d,
  0xb0, 0x73, 0xa9, 0x3d, 0x20, 0x95, 0xac, 0x3d, 0x80, 0xb6, 0xaf, 0x3d,
  0xaf, 0xd7, 0xb2, 0x3d, 0xd0, 0xf8, 0xb5, 0x3d, 0xcf, 0x19, 0xb9, 0x3d,
  0xc0, 0x3a, 0xbc, 0x3d, 0x80, 0x5b, 0xbf, 0x3d, 0x30, 0x7c, 0xc2, 0x3d,
  0xc0, 0x9c, 0xc5, 0x3d, 0x30, 0xbd, 0xc8, 0x3d, 0x80, 0xdd, 0xcb, 0x3d,
  0xaf, 0xfd, 0xce, 0x3d, 0xbf, 0x1d, 0xd2, 0x3d, 0xb5, 0x3d, 0xd5, 0x3d,
  0x82, 0x5d, 0xd8, 0x3d, 0x34, 0x7d, 0xdb, 0x3d, 0xbe, 0x9c, 0xde, 0x3d,
  0x20, 0xbc, 0xe1, 0x3d, 0x74, 0xdb, 0xe4, 0x3d, 0x93, 0xfa, 0xe7, 0x3d,
  0x97, 0x19, 0xeb, 0x3d, 0x72, 0x38, 0xee, 0x3d, 0x26, 0x57, 0xf1, 0x3d,
  0xb1, 0x75, 0xf4, 0x3d, 0x21, 0x94, 0xf7, 0x3d, 0x76, 0xb2, 0xfa, 0x3d,
  0x96, 0xd0, 0xfd, 0x3d, 0x40, 0x77, 0x00, 0x3e, 0x27, 0x06, 0x02, 0x3e,
  0x02, 0x95, 0x03, 0x3e, 0xc1, 0x23, 0x05, 0x3e, 0x65, 0xb2, 0x06, 0x3e,
  0x03, 0x41, 0x08, 0x3e, 0x7f, 0xcf, 0x09, 0x3e, 0xee, 0x5d, 0x0b, 0x3e,
  0x49, 0xec, 0x0c, 0x3e, 0x88, 0x7a, 0x0e, 0x3e, 0xad, 0x08, 0x10, 0x3e,
  0xc5, 0x96, 0x11, 0x3e, 0xc8, 0x24, 0x13, 0x3e, 0xb1, 0xb2, 0x14, 0x3e,
  0x7e, 0x40, 0x16, 0x3e, 0x38, 0xce, 0x17, 0x3e, 0xd7, 0x5b, 0x19, 0x3e,
  0x68, 0xe9, 0x1a, 0x3e, 0xd8, 0x76, 0x1c, 0x3e, 0x3a, 0x04, 0x1e, 0x3e,
  0x7b, 0x91, 0x1f, 0x3e, 0xa1, 0x1e, 0x21, 0x3e, 0xb3, 0xab, 0x22, 0x3e,
  0xaa, 0x38, 0x24, 0x3e, 0x86, 0xc5, 0x25, 0x3e, 0x4e, 0x52, 0x27, 0x3e,
  0xfb, 0xde, 0x28, 0x3e, 0x86, 0x6b, 0x2a, 0x3e, 0xfe, 0xf7, 0x2b, 0x3e,
  0x61, 0x84, 0x2d, 0x3e, 0xa3, 0x10, 0x2f, 0x3e, 0xca, 0x9c, 0x30, 0x3e,
  0xcf, 0x28, 0x32, 0x3e, 0xc0, 0xb4, 0x33, 0x3e, 0x97, 0x40, 0x35, 0x3e,
  0x52, 0xcc, 0x36, 0x3e, 0xe6, 0x57, 0x38, 0x3e, 0x65, 0xe3, 0x39, 0x3e,
  0xc9, 0x6e, 0x3b, 0x3e, 0x13, 0xfa, 0x3c, 0x3e, 0x3a, 0x85, 0x3e, 0x3e,
  0x47, 0x10, 0x40, 0x3e, 0x33, 0x9b, 0x41, 0x3e, 0xfd, 0x25, 0x43, 0x3e,
  0xb9, 0xb0, 0x44, 0x3e, 0x47, 0x3b, 0x46, 0x3e, 0xc0, 0xc5, 0x47, 0x3e,
  0x18, 0x50, 0x49, 0x3e, 0x48, 0xda, 0x4a, 0x3e, 0x63, 0x64, 0x4c, 0x3e,
  0x57, 0xee, 0x4d, 0x3e, 0x36, 0x78, 0x4f, 0x3e, 0xf3, 0x01, 0x51, 0x3e,
  0x88, 0x8b, 0x52, 0x3e, 0x03, 0x15, 0x54, 0x3e, 0x55, 0x9e, 0x55, 0x3e,
  0x86, 0x27, 0x57, 0x3e, 0xa2, 0xb0, 0x58, 0x3e, 0x8f, 0x39, 0x5a, 0x3e,
  0x69, 0xc2, 0x5b, 0x3e, 0x1a, 0x4b, 0x5d, 0x3e, 0xa3, 0xd3, 0x5e, 0x3e,
  0x11, 0x5c, 0x60, 0x3e, 0x56, 0xe4, 0x61, 0x3e, 0x81, 0x6c, 0x63, 0x3e,
  0x7d, 0xf4, 0x64, 0x3e, 0x5e, 0x7c, 0x66, 0x3e, 0x1e, 0x04, 0x68, 0x3e,
  0xb5, 0x8b, 0x69, 0x3e, 0x2a, 0x13, 0x6b, 0x3e, 0x78, 0x9a, 0x6c, 0x3e,
  0xaa, 0x21, 0x6e, 0x3e, 0xae, 0xa8, 0x6f, 0x3e, 0x90, 0x2f, 0x71, 0x3e,
  0x51, 0xb6, 0x72, 0x3e, 0xe9, 0x3c, 0x74, 0x3e, 0x59, 0xc3, 0x75, 0x3e,
  0xa0, 0x49, 0x77, 0x3e, 0xc6, 0xcf, 0x78, 0x3e, 0xcb, 0x55, 0x7a, 0x3e,
  0xa1, 0xdb, 0x7b, 0x3e, 0x4e, 0x61, 0x7d, 0x3e, 0xe0, 0xe6, 0x7e, 0x3e,
  0x1f, 0x36, 0x80, 0x3e, 0xc0, 0xf8, 0x80, 0x3e, 0x49, 0xbb, 0x81, 0x3e,
  0xbe, 0x7d, 0x82, 0x3e, 0x20, 0x40, 0x83, 0x3e, 0x70, 0x02, 0x84, 0x3e,
  0xa9, 0xc4, 0x84, 0x3e, 0xcb, 0x86, 0x85, 0x3e, 0xdb, 0x48, 0x86, 0x3e,
  0xd8, 0x0a, 0x87, 0x3e, 0xc0, 0xcc, 0x87, 0x3e, 0x91, 0x8e, 0x88, 0x3e,
  0x4b, 0x50, 0x89, 0x3e, 0xf3, 0x11, 0x8a, 0x3e, 0x88, 0xd3, 0x8a, 0x3e,
  0x05, 0x95, 0x8b, 0x3e, 0x6a, 0x56, 0x8c, 0x3e, 0xbc, 0x17, 0x8d, 0x3e,
  0xf9, 0xd8, 0x8d, 0x3e, 0x1f, 0x9a, 0x8e, 0x3e, 0x31, 0x5b, 0x8f, 0x3e,
  0x2b, 0x1c, 0x90, 0x3e, 0x0e, 0xdd, 0x90, 0x3e, 0xdc, 0x9d, 0x91, 0x3e,
  0x93, 0x5e, 0x92, 0x3e, 0x33, 0x1f, 0x93, 0x3e, 0xbb, 0xdf, 0x93, 0x3e,
  0x2f, 0xa0, 0x94, 0x3e, 0x8b, 0x60, 0x95, 0x3e, 0xd0, 0x20, 0x96, 0x3e,
  0x01, 0xe1, 0x96, 0x3e, 0x14, 0xa1, 0x97, 0x3e, 0x12, 0x61, 0x98, 0x3e,
  0xfd, 0x20, 0x99, 0x3e, 0xcc, 0xe0, 0x99, 0x3e, 0x84, 0xa0, 0x9a, 0x3e,
  0x25, 0x60, 0x9b, 0x3e, 0xab, 0x1f, 0x9c, 0x3e, 0x1c, 0xdf, 0x9c, 0x3e,
  0x73, 0x9e, 0x9d, 0x3e, 0xb2, 0x5d, 0x9e, 0x3e, 0xde, 0x1c, 0x9f, 0x3e,
  0xea, 0xdb, 0x9f, 0x3e, 0xe3, 0x9a, 0xa0, 0x3e, 0xc1, 0x59, 0xa1, 0x3e,
  0x84, 0x18, 0xa2, 0x3e, 0x30, 0xd7, 0xa2, 0x3e, 0xc4, 0x95, 0xa3, 0x3e,
  0x3d, 0x54, 0xa4, 0x3e, 0x9c, 0x12, 0xa5, 0x3e, 0xe3, 0xd0, 0xa5, 0x3e,
  0x0f, 0x8f, 0xa6, 0x3e, 0x24, 0x4d, 0xa7, 0x3e, 0x1d, 0x0b, 0xa8, 0x3e,
  0xfc, 0xc8, 0xa8, 0x3e, 0xc4, 0x86, 0xa9, 0x3e, 0x6d, 0x44, 0xaa, 0x3e,
  0xff, 0x01, 0xab, 0x3e, 0x72, 0xbf, 0xab, 0x3e, 0xcf, 0x7c, 0xac, 0x3e,
  0x13, 0x3a, 0xad, 0x3e, 0x3d, 0xf7, 0xad, 0x3e, 0x48, 0xb4, 0xae, 0x3e,
  0x39, 0x71, 0xaf, 0x3e, 0x0c, 0x2e, 0xb0, 0x3e, 0xc7, 0xea, 0xb0, 0x3e,
  0x67, 0xa7, 0xb1, 0x3e, 0xec, 0x63, 0xb2, 0x3e, 0x53, 0x20, 0xb3, 0x3e,
  0xa3, 0xdc, 0xb3, 0x3e, 0xd4, 0x98, 0xb4, 0x3e, 0xe8, 0x54, 0xb5, 0x3e,
  0xe3, 0x10, 0xb6, 0x3e, 0xc1, 0xcc, 0xb6, 0x3e, 0x84, 0x88, 0xb7, 0x3e,
  0x28, 0x44, 0xb8, 0x3e, 0xaf, 0xff, 0xb8, 0x3e, 0x1d, 0xbb, 0xb9, 0x3e,
  0x6b, 0x76, 0xba, 0x3e, 0xa1, 0x31, 0xbb, 0x3e, 0xb5, 0xec, 0xbb, 0x3e,
  0xab, 0xa7, 0xbc, 0x3e, 0x89, 0x62, 0xbd, 0x3e, 0x46, 0x1d, 0xbe, 0x3e,
  0xe9, 0xd7, 0xbe, 0x3e, 0x6c, 0x92, 0xbf, 0x3e, 0xd6, 0x4c, 0xc0, 0x3e,
  0x1d, 0x07, 0xc1, 0x3e, 0x47, 0xc1, 0xc1, 0x3e, 0x55, 0x7b, 0xc2, 0x3e,
  0x45, 0x35, 0xc3, 0x3e, 0x14, 0xef, 0xc3, 0x3e, 0xc5, 0xa8, 0xc4, 0x3e,
  0x5a, 0x62, 0xc5, 0x3e, 0xcf, 0x1b, 0xc6, 0x3e, 0x28, 0xd5, 0xc6, 0x3e,
  0x60, 0x8e, 0xc7, 0x3e, 0x7d, 0x47, 0xc8, 0x3e, 0x75, 0x00, 0xc9, 0x3e,
  0x4e, 0xb9, 0xc9, 0x3e, 0x11, 0x72, 0xca, 0x3e, 0xab, 0x2a, 0xcb, 0x3e,
  0x2d, 0xe3, 0xcb, 0x3e, 0x88, 0x9b, 0xcc, 0x3e, 0xc7, 0x53, 0xcd, 0x3e,
  0xe8, 0x0b, 0xce, 0x3e, 0xe8, 0xc3, 0xce, 0x3e, 0xca, 0x7b, 0xcf, 0x3e,
  0x8a, 0x33, 0xd0, 0x3e, 0x28, 0xeb, 0xd0, 0x3e, 0xa8, 0xa2, 0xd1, 0x3e,
  0x07, 0x5a, 0xd2, 0x3e, 0x47, 0x11, 0xd3, 0x3e, 0x63, 0xc8, 0xd3, 0x3e,
  0x64, 0x7f, 0xd4, 0x3e, 0x3f, 0x36, 0xd5, 0x3e, 0xfd, 0xec, 0xd5, 0x3e,
  0x99, 0xa3, 0xd6, 0x3e, 0x10, 0x5a, 0xd7, 0x3e, 0x69, 0x10, 0xd8, 0x3e,
  0xa0, 0xc6, 0xd8, 0x3e, 0xba, 0x7c, 0xd9, 0x3e, 0xaa, 0x32, 0xda, 0x3e,
  0x81, 0xe8, 0xda, 0x3e, 0x2e, 0x9e, 0xdb, 0x3e, 0xc1, 0x53, 0xdc, 0x3e,
  0x2c, 0x09, 0xdd, 0x3e, 0x78, 0xbe, 0xdd, 0x3e, 0xa0, 0x73, 0xde, 0x3e,
  0xa9, 0x28, 0xdf, 0x3e, 0x8b, 0xdd, 0xdf, 0x3e, 0x4d, 0x92, 0xe0, 0x3e,
  0xeb, 0x46, 0xe1, 0x3e, 0x68, 0xfb, 0xe1, 0x3e, 0xbf, 0xaf, 0xe2, 0x3e,
  0xf9, 0x63, 0xe3, 0x3e, 0x0d, 0x18, 0xe4, 0x3e, 0xfd, 0xcb, 0xe4, 0x3e,
  0xc7, 0x7f, 0xe5, 0x3e, 0x74, 0x33, 0xe6, 0x3e, 0xf8, 0xe6, 0xe6, 0x3e,
  0x5b, 0x9a, 0xe7, 0x3e, 0x9c, 0x4d, 0xe8, 0x3e, 0xb4, 0x00, 0xe9, 0x3e,
  0xac, 0xb3, 0xe9, 0x3e, 0x81, 0x66, 0xea, 0x3e, 0x2f, 0x19, 0xeb, 0x3e,
  0xb7, 0xcb, 0xeb, 0x3e, 0x21, 0x7e, 0xec, 0x3e, 0x60, 0x30, 0xed, 0x3e,
  0x81, 0xe2, 0xed, 0x3e, 0x79, 0x94, 0xee, 0x3e, 0x4c, 0x46, 0xef, 0x3e,
  0xf7, 0xf7, 0xef, 0x3e, 0x84, 0xa9, 0xf0, 0x3e, 0xe9, 0x5a, 0xf1, 0x3e,
  0x28, 0x0c, 0xf2, 0x3e, 0x40, 0xbd, 0xf2, 0x3e, 0x39, 0x6e, 0xf3, 0x3e,
  0x03, 0x1f, 0xf4, 0x3e, 0xaf, 0xcf, 0xf4, 0x3e, 0x33, 0x80, 0xf5, 0x3e,
  0x92, 0x30, 0xf6, 0x3e, 0xc8, 0xe0, 0xf6, 0x3e, 0xdd, 0x90, 0xf7, 0x3e,
  0xc7, 0x40, 0xf8, 0x3e, 0x8b, 0xf0, 0xf8, 0x3e, 0x2b, 0xa0, 0xf9, 0x3e,
  0xa5, 0x4f, 0xfa, 0x3e, 0xf4, 0xfe, 0xfa, 0x3e, 0x1f, 0xae, 0xfb, 0x3e,
  0x24, 0x5d, 0xfc, 0x3e, 0x04, 0x0c, 0xfd, 0x3e, 0xb9, 0xba, 0xfd, 0x3e,
  0x49, 0x69, 0xfe, 0x3e, 0xb0, 0x17, 0xff, 0x3e, 0xef, 0xc5, 0xff, 0x3e,
  0x07, 0x3a, 0x00, 0x3f, 0xfe, 0x90, 0x00, 0x3f, 0xe5, 0xe7, 0x00, 0x3f,
  0xb4, 0x3e, 0x01, 0x3f, 0x72, 0x95, 0x01, 0x3f, 0x1a, 0xec, 0x01, 0x3f,
  0xb0, 0x42, 0x02, 0x3f, 0x32, 0x99, 0x02, 0x3f, 0x9f, 0xef, 0x02, 0x3f,
  0xf8, 0x45, 0x03, 0x3f, 0x3c, 0x9c, 0x03, 0x3f, 0x6c, 0xf2, 0x03, 0x3f,
  0x87, 0x48, 0x04, 0x3f, 0x90, 0x9e, 0x04, 0x3f, 0x82, 0xf4, 0x04, 0x3f,
  0x61, 0x4a, 0x05, 0x3f, 0x2c, 0xa0, 0x05, 0x3f, 0xe0, 0xf5, 0x05, 0x3f,
  0x83, 0x4b, 0x06, 0x3f, 0x0e, 0xa1, 0x06, 0x3f, 0x83, 0xf6, 0x06, 0x3f,
  0xe8, 0x4b, 0x07, 0x3f, 0x34, 0xa1, 0x07, 0x3f, 0x6f, 0xf6, 0x07, 0x3f,
  0x92, 0x4b, 0x08, 0x3f, 0x9f, 0xa0, 0x08, 0x3f, 0x9a, 0xf5, 0x08, 0x3f,
  0x7e, 0x4a, 0x09, 0x3f, 0x4d, 0x9f, 0x09, 0x3f, 0x08, 0xf4, 0x09, 0x3f,
  0xac, 0x48, 0x0a, 0x3f, 0x3c, 0x9d, 0x0a, 0x3f, 0xb6, 0xf1, 0x0a, 0x3f,
  0x1a, 0x46, 0x0b, 0x3f, 0x6a, 0x9a, 0x0b, 0x3f, 0xa4, 0xee, 0x0b, 0x3f,
  0xc8, 0x42, 0x0c, 0x3f, 0xd6, 0x96, 0x0c, 0x3f, 0xd1, 0xea, 0x0c, 0x3f,
  0xb2, 0x3e, 0x0d, 0x3f, 0x81, 0x92, 0x0d, 0x3f, 0x38, 0xe6, 0x0d, 0x3f,
  0xd8, 0x39, 0x0e, 0x3f, 0x63, 0x8d, 0x0e, 0x3f, 0xdb, 0xe0, 0x0e, 0x3f,
  0x3b, 0x34, 0x0f, 0x3f, 0x85, 0x87, 0x0f, 0x3f, 0xb6, 0xda, 0x0f, 0x3f,
  0xd4, 0x2d, 0x10, 0x3f, 0xdb, 0x80, 0x10, 0x3f, 0xcd, 0xd3, 0x10, 0x3f,
  0xa6, 0x26, 0x11, 0x3f, 0x6a, 0x79, 0x11, 0x3f, 0x18, 0xcc, 0x11, 0x3f,
  0xad, 0x1e, 0x12, 0x3f, 0x30, 0x71, 0x12, 0x3f, 0x99, 0xc3, 0x12, 0x3f,
  0xed, 0x15, 0x13, 0x3f, 0x2b, 0x68, 0x13, 0x3f, 0x51, 0xba, 0x13, 0x3f,
  0x5e, 0x0c, 0x14, 0x3f, 0x57, 0x5e, 0x14, 0x3f, 0x38, 0xb0, 0x14, 0x3f,
  0x02, 0x02, 0x15, 0x3f, 0xb6, 0x53, 0x15, 0x3f, 0x51, 0xa5, 0x15, 0x3f,
  0xd8, 0xf6, 0x15, 0x3f, 0x46, 0x48, 0x16, 0x3f, 0x9e, 0x99, 0x16, 0x3f,
  0xde, 0xea, 0x16, 0x3f, 0x05, 0x3c, 0x17, 0x3f, 0x19, 0x8d, 0x17, 0x3f,
  0x12, 0xde, 0x17, 0x3f, 0xf3, 0x2e, 0x18, 0x3f, 0xbe, 0x7f, 0x18, 0x3f,
  0x72, 0xd0, 0x18, 0x3f, 0x0e, 0x21, 0x19, 0x3f, 0x92, 0x71, 0x19, 0x3f,
  0x01, 0xc2, 0x19, 0x3f, 0x55, 0x12, 0x1a, 0x3f, 0x93, 0x62, 0x1a, 0x3f,
  0xb6, 0xb2, 0x1a, 0x3f, 0xc5, 0x02, 0x1b, 0x3f, 0xbb, 0x52, 0x1b, 0x3f,
  0x97, 0xa2, 0x1b, 0x3f, 0x5e, 0xf2, 0x1b, 0x3f, 0x0c, 0x42, 0x1c, 0x3f,
  0xa1, 0x91, 0x1c, 0x3f, 0x1e, 0xe1, 0x1c, 0x3f, 0x83, 0x30, 0x1d, 0x3f,
  0xd0, 0x7f, 0x1d, 0x3f, 0x05, 0xcf, 0x1d, 0x3f, 0x22, 0x1e, 0x1e, 0x3f,
  0x26, 0x6d, 0x1e, 0x3f, 0x10, 0xbc, 0x1e, 0x3f, 0xe4, 0x0a, 0x1f, 0x3f,
  0x9e, 0x59, 0x1f, 0x3f, 0x3f, 0xa8, 0x1f, 0x3f, 0xcb, 0xf6, 0x1f, 0x3f,
  0x3a, 0x45, 0x20, 0x3f, 0x91, 0x93, 0x20, 0x3f, 0xd1, 0xe1, 0x20, 0x3f,
  0xf8, 0x2f, 0x21, 0x3f, 0x06, 0x7e, 0x21, 0x3f, 0xfa, 0xcb, 0x21, 0x3f,
  0xd6, 0x19, 0x22, 0x3f, 0x98, 0x67, 0x22, 0x3f, 0x42, 0xb5, 0x22, 0x3f,
  0xd2, 0x02, 0x23, 0x3f, 0x4b, 0x50, 0x23, 0x3f, 0xa8, 0x9d, 0x23, 0x3f,
  0xec, 0xea, 0x23, 0x3f, 0x18, 0x38, 0x24, 0x3f, 0x2a, 0x85, 0x24, 0x3f,
  0x24, 0xd2, 0x24, 0x3f, 0x04, 0x1f, 0x25, 0x3f, 0xca, 0x6b, 0x25, 0x3f,
  0x76, 0xb8, 0x25, 0x3f, 0x0a, 0x05, 0x26, 0x3f, 0x82, 0x51, 0x26, 0x3f,
  0xe2, 0x9d, 0x26, 0x3f, 0x27, 0xea, 0x26, 0x3f, 0x53, 0x36, 0x27, 0x3f,
  0x68, 0x82, 0x27, 0x3f, 0x60, 0xce, 0x27, 0x3f, 0x3f, 0x1a, 0x28, 0x3f,
  0x03, 0x66, 0x28, 0x3f, 0xae, 0xb1, 0x28, 0x3f, 0x40, 0xfd, 0x28, 0x3f,
  0xb5, 0x48, 0x29, 0x3f, 0x13, 0x94, 0x29, 0x3f, 0x56, 0xdf, 0x29, 0x3f,
  0x7e, 0x2a, 0x2a, 0x3f, 0x8c, 0x75, 0x2a, 0x3f, 0x80, 0xc0, 0x2a, 0x3f,
  0x5b, 0x0b, 0x2b, 0x3f, 0x1b, 0x56, 0x2b, 0x3f, 0xbe, 0xa0, 0x2b, 0x3f,
  0x49, 0xeb, 0x2b, 0x3f, 0xb8, 0x35, 0x2c, 0x3f, 0x0f, 0x80, 0x2c, 0x3f,
  0x49, 0xca, 0x2c, 0x3f, 0x68, 0x14, 0x2d, 0x3f, 0x6d, 0x5e, 0x2d, 0x3f,
  0x58, 0xa8, 0x2d, 0x3f, 0x29, 0xf2, 0x2d, 0x3f, 0xdc, 0x3b, 0x2e, 0x3f,
  0x78, 0x85, 0x2e, 0x3f, 0xf6, 0xce, 0x2e, 0x3f, 0x5a, 0x18, 0x2f, 0x3f,
  0xa4, 0x61, 0x2f, 0x3f, 0xd3, 0xaa, 0x2f, 0x3f, 0xe4, 0xf3, 0x2f, 0x3f,
  0xdb, 0x3c, 0x30, 0x3f, 0xba, 0x85, 0x30, 0x3f, 0x7c, 0xce, 0x30, 0x3f,
  0x22, 0x17, 0x31, 0x3f, 0xac, 0x5f, 0x31, 0x3f, 0x1c, 0xa8, 0x31, 0x3f,
  0x6f, 0xf0, 0x31, 0x3f, 0xaa, 0x38, 0x32, 0x3f, 0xc6, 0x80, 0x32, 0x3f,
  0xc8, 0xc8, 0x32, 0x3f, 0xaf, 0x10, 0x33, 0x3f, 0x78, 0x58, 0x33, 0x3f,
  0x27, 0xa0, 0x33, 0x3f, 0xbb, 0xe7, 0x33, 0x3f, 0x31, 0x2f, 0x34, 0x3f,
  0x8e, 0x76, 0x34, 0x3f, 0xce, 0xbd, 0x34, 0x3f, 0xf2, 0x04, 0x35, 0x3f,
  0xfb, 0x4b, 0x35, 0x3f, 0xe5, 0x92, 0x35, 0x3f, 0xb7, 0xd9, 0x35, 0x3f,
  0x6a, 0x20, 0x36, 0x3f, 0x02, 0x67, 0x36, 0x3f, 0x7e, 0xad, 0x36, 0x3f,
  0xde, 0xf3, 0x36, 0x3f, 0x22, 0x3a, 0x37, 0x3f, 0x49, 0x80, 0x37, 0x3f,
  0x54, 0xc6, 0x37, 0x3f, 0x41, 0x0c, 0x38, 0x3f, 0x14, 0x52, 0x38, 0x3f,
  0xca, 0x97, 0x38, 0x3f, 0x65, 0xdd, 0x38, 0x3f, 0xe0, 0x22, 0x39, 0x3f,
  0x40, 0x68, 0x39, 0x3f, 0x84, 0xad, 0x39, 0x3f, 0xac, 0xf2, 0x39, 0x3f,
  0xb6, 0x37, 0x3a, 0x3f, 0xa5, 0x7c, 0x3a, 0x3f, 0x75, 0xc1, 0x3a, 0x3f,
  0x28, 0x06, 0x3b, 0x3f, 0xbf, 0x4a, 0x3b, 0x3f, 0x3a, 0x8f, 0x3b, 0x3f,
  0x98, 0xd3, 0x3b, 0x3f, 0xd8, 0x17, 0x3c, 0x3f, 0xfd, 0x5b, 0x3c, 0x3f,
  0x02, 0xa0, 0x3c, 0x3f, 0xec, 0xe3, 0x3c, 0x3f, 0xb8, 0x27, 0x3d, 0x3f,
  0x66, 0x6b, 0x3d, 0x3f, 0xf9, 0xae, 0x3d, 0x3f, 0x6c, 0xf2, 0x3d, 0x3f,
  0xc4, 0x35, 0x3e, 0x3f, 0xfe, 0x78, 0x3e, 0x3f, 0x1a, 0xbc, 0x3e, 0x3f,
  0x19, 0xff, 0x3e, 0x3f, 0xfc, 0x41, 0x3f, 0x3f, 0xc1, 0x84, 0x3f, 0x3f,
  0x66, 0xc7, 0x3f, 0x3f, 0xef, 0x09, 0x40, 0x3f, 0x59, 0x4c, 0x40, 0x3f,
  0xa9, 0x8e, 0x40, 0x3f, 0xd8, 0xd0, 0x40, 0x3f, 0xec, 0x12, 0x41, 0x3f,
  0xdf, 0x54, 0x41, 0x3f, 0xb6, 0x96, 0x41, 0x3f, 0x70, 0xd8, 0x41, 0x3f,
  0x0a, 0x1a, 0x42, 0x3f, 0x89, 0x5b, 0x42, 0x3f, 0xe6, 0x9c, 0x42, 0x3f,
  0x27, 0xde, 0x42, 0x3f, 0x4a, 0x1f, 0x43, 0x3f, 0x51, 0x60, 0x43, 0x3f,
  0x35, 0xa1, 0x43, 0x3f, 0xff, 0xe1, 0x43, 0x3f, 0xa9, 0x22, 0x44, 0x3f,
  0x35, 0x63, 0x44, 0x3f, 0xa5, 0xa3, 0x44, 0x3f, 0xf4, 0xe3, 0x44, 0x3f,
  0x25, 0x24, 0x45, 0x3f, 0x39, 0x64, 0x45, 0x3f, 0x2c, 0xa4, 0x45, 0x3f,
  0x02, 0xe4, 0x45, 0x3f, 0xb9, 0x23, 0x46, 0x3f, 0x52, 0x63, 0x46, 0x3f,
  0xcc, 0xa2, 0x46, 0x3f, 0x28, 0xe2, 0x46, 0x3f, 0x67, 0x21, 0x47, 0x3f,
  0x85, 0x60, 0x47, 0x3f, 0x85, 0x9f, 0x47, 0x3f, 0x65, 0xde, 0x47, 0x3f,
  0x27, 0x1d, 0x48, 0x3f, 0xca, 0x5b, 0x48, 0x3f, 0x4e, 0x9a, 0x48, 0x3f,
  0xb2, 0xd8, 0x48, 0x3f, 0xf8, 0x16, 0x49, 0x3f, 0x21, 0x55, 0x49, 0x3f,
  0x28, 0x93, 0x49, 0x3f, 0x12, 0xd1, 0x49, 0x3f, 0xdb, 0x0e, 0x4a, 0x3f,
  0x87, 0x4c, 0x4a, 0x3f, 0x12, 0x8a, 0x4a, 0x3f, 0x7e, 0xc7, 0x4a, 0x3f,
  0xcb, 0x04, 0x4b, 0x3f, 0xfa, 0x41, 0x4b, 0x3f, 0x08, 0x7f, 0x4b, 0x3f,
  0xf6, 0xbb, 0x4b, 0x3f, 0xc5, 0xf8, 0x4b, 0x3f, 0x75, 0x35, 0x4c, 0x3f,
  0x08, 0x72, 0x4c, 0x3f, 0x78, 0xae, 0x4c, 0x3f, 0xca, 0xea, 0x4c, 0x3f,
  0xfc, 0x26, 0x4d, 0x3f, 0x0e, 0x63, 0x4d, 0x3f, 0x02, 0x9f, 0x4d, 0x3f,
  0xd4, 0xda, 0x4d, 0x3f, 0x88, 0x16, 0x4e, 0x3f, 0x1c, 0x52, 0x4e, 0x3f,
  0x8f, 0x8d, 0x4e, 0x3f, 0xe2, 0xc8, 0x4e, 0x3f, 0x16, 0x04, 0x4f, 0x3f,
  0x2b, 0x3f, 0x4f, 0x3f, 0x1e, 0x7a, 0x4f, 0x3f, 0xf3, 0xb4, 0x4f, 0x3f,
  0xa6, 0xef, 0x4f, 0x3f, 0x3a, 0x2a, 0x50, 0x3f, 0xaf, 0x64, 0x50, 0x3f,
  0x03, 0x9f, 0x50, 0x3f, 0x36, 0xd9, 0x50, 0x3f, 0x49, 0x13, 0x51, 0x3f,
  0x3d, 0x4d, 0x51, 0x3f, 0x0e, 0x87, 0x51, 0x3f, 0xc2, 0xc0, 0x51, 0x3f,
  0x55, 0xfa, 0x51, 0x3f, 0xc6, 0x33, 0x52, 0x3f, 0x16, 0x6d, 0x52, 0x3f,
  0x49, 0xa6, 0x52, 0x3f, 0x59, 0xdf, 0x52, 0x3f, 0x49, 0x18, 0x53, 0x3f,
  0x17, 0x51, 0x53, 0x3f, 0xc6, 0x89, 0x53, 0x3f, 0x55, 0xc2, 0x53, 0x3f,
  0xc2, 0xfa, 0x53, 0x3f, 0x0d, 0x33, 0x54, 0x3f, 0x39, 0x6b, 0x54, 0x3f,
  0x47, 0xa3, 0x54, 0x3f, 0x2f, 0xdb, 0x54, 0x3f, 0xfa, 0x12, 0x55, 0x3f,
  0xa3, 0x4a, 0x55, 0x3f, 0x2a, 0x82, 0x55, 0x3f, 0x92, 0xb9, 0x55, 0x3f,
  0xd7, 0xf0, 0x55, 0x3f, 0xfc, 0x27, 0x56, 0x3f, 0x00, 0x5f, 0x56, 0x3f,
  0xe3, 0x95, 0x56, 0x3f, 0xa6, 0xcc, 0x56, 0x3f, 0x46, 0x03, 0x57, 0x3f,
  0xc6, 0x39, 0x57, 0x3f, 0x24, 0x70, 0x57, 0x3f, 0x63, 0xa6, 0x57, 0x3f,
  0x7e, 0xdc, 0x57, 0x3f, 0x78, 0x12, 0x58, 0x3f, 0x52, 0x48, 0x58, 0x3f,
  0x0a, 0x7e, 0x58, 0x3f, 0xa1, 0xb3, 0x58, 0x3f, 0x16, 0xe9, 0x58, 0x3f,
  0x69, 0x1e, 0x59, 0x3f, 0x9c, 0x53, 0x59, 0x3f, 0xac, 0x88, 0x59, 0x3f,
  0x9d, 0xbd, 0x59, 0x3f, 0x68, 0xf2, 0x59, 0x3f, 0x14, 0x27, 0x5a, 0x3f,
  0xa0, 0x5b, 0x5a, 0x3f, 0x07, 0x90, 0x5a, 0x3f, 0x4e, 0xc4, 0x5a, 0x3f,
  0x74, 0xf8, 0x5a, 0x3f, 0x78, 0x2c, 0x5b, 0x3f, 0x5b, 0x60, 0x5b, 0x3f,
  0x1a, 0x94, 0x5b, 0x3f, 0xb8, 0xc7, 0x5b, 0x3f, 0x34, 0xfb, 0x5b, 0x3f,
  0x8f, 0x2e, 0x5c, 0x3f, 0xc6, 0x61, 0x5c, 0x3f, 0xdc, 0x94, 0x5c, 0x3f,
  0xd0, 0xc7, 0x5c, 0x3f, 0xa3, 0xfa, 0x5c, 0x3f, 0x52, 0x2d, 0x5d, 0x3f,
  0xe0, 0x5f, 0x5d, 0x3f, 0x4d, 0x92, 0x5d, 0x3f, 0x96, 0xc4, 0x5d, 0x3f,
  0xbd, 0xf6, 0x5d, 0x3f, 0xc2, 0x28, 0x5e, 0x3f, 0xa6, 0x5a, 0x5e, 0x3f,
  0x66, 0x8c, 0x5e, 0x3f, 0x04, 0xbe, 0x5e, 0x3f, 0x80, 0xef, 0x5e, 0x3f,
  0xda, 0x20, 0x5f, 0x3f, 0x11, 0x52, 0x5f, 0x3f, 0x26, 0x83, 0x5f, 0x3f,
  0x19, 0xb4, 0x5f, 0x3f, 0xe8, 0xe4, 0x5f, 0x3f, 0x96, 0x15, 0x60, 0x3f,
  0x20, 0x46, 0x60, 0x3f, 0x87, 0x76, 0x60, 0x3f, 0xcd, 0xa6, 0x60, 0x3f,
  0xf0, 0xd6, 0x60, 0x3f, 0xf0, 0x06, 0x61, 0x3f, 0xce, 0x36, 0x61, 0x3f,
  0x8a, 0x66, 0x61, 0x3f, 0x22, 0x96, 0x61, 0x3f, 0x96, 0xc5, 0x61, 0x3f,
  0xe8, 0xf4, 0x61, 0x3f, 0x17, 0x24, 0x62, 0x3f, 0x25, 0x53, 0x62, 0x3f,
  0x10, 0x82, 0x62, 0x3f, 0xd6, 0xb0, 0x62, 0x3f, 0x7a, 0xdf, 0x62, 0x3f,
  0xfa, 0x0d, 0x63, 0x3f, 0x58, 0x3c, 0x63, 0x3f, 0x94, 0x6a, 0x63, 0x3f,
  0xab, 0x98, 0x63, 0x3f, 0xa0, 0xc6, 0x63, 0x3f, 0x72, 0xf4, 0x63, 0x3f,
  0x20, 0x22, 0x64, 0x3f, 0xac, 0x4f, 0x64, 0x3f, 0x13, 0x7d, 0x64, 0x3f,
  0x57, 0xaa, 0x64, 0x3f, 0x7a, 0xd7, 0x64, 0x3f, 0x77, 0x04, 0x65, 0x3f,
  0x52, 0x31, 0x65, 0x3f, 0x0a, 0x5e, 0x65, 0x3f, 0x9e, 0x8a, 0x65, 0x3f,
  0x11, 0xb7, 0x65, 0x3f, 0x5c, 0xe3, 0x65, 0x3f, 0x87, 0x0f, 0x66, 0x3f,
  0x8d, 0x3b, 0x66, 0x3f, 0x6f, 0x67, 0x66, 0x3f, 0x30, 0x93, 0x66, 0x3f,
  0xcc, 0xbe, 0x66, 0x3f, 0x44, 0xea, 0x66, 0x3f, 0x97, 0x15, 0x67, 0x3f,
  0xcb, 0x40, 0x67, 0x3f, 0xd6, 0x6b, 0x67, 0x3f, 0xc0, 0x96, 0x67, 0x3f,
  0x86, 0xc1, 0x67, 0x3f, 0x28, 0xec, 0x67, 0x3f, 0xa6, 0x16, 0x68, 0x3f,
  0x01, 0x41, 0x68, 0x3f, 0x38, 0x6b, 0x68, 0x3f, 0x4c, 0x95, 0x68, 0x3f,
  0x3a, 0xbf, 0x68, 0x3f, 0x07, 0xe9, 0x68, 0x3f, 0xae, 0x12, 0x69, 0x3f,
  0x2f, 0x3c, 0x69, 0x3f, 0x90, 0x65, 0x69, 0x3f, 0xcd, 0x8e, 0x69, 0x3f,
  0xe2, 0xb7, 0x69, 0x3f, 0xd6, 0xe0, 0x69, 0x3f, 0xa6, 0x09, 0x6a, 0x3f,
  0x50, 0x32, 0x6a, 0x3f, 0xd9, 0x5a, 0x6a, 0x3f, 0x3b, 0x83, 0x6a, 0x3f,
  0x7a, 0xab, 0x6a, 0x3f, 0x94, 0xd3, 0x6a, 0x3f, 0x8a, 0xfb, 0x6a, 0x3f,
  0x5c, 0x23, 0x6b, 0x3f, 0x0b, 0x4b, 0x6b, 0x3f, 0x94, 0x72, 0x6b, 0x3f,
  0xf9, 0x99, 0x6b, 0x3f, 0x3b, 0xc1, 0x6b, 0x3f, 0x57, 0xe8, 0x6b, 0x3f,
  0x51, 0x0f, 0x6c, 0x3f, 0x24, 0x36, 0x6c, 0x3f, 0xd2, 0x5c, 0x6c, 0x3f,
  0x5e, 0x83, 0x6c, 0x3f, 0xc4, 0xa9, 0x6c, 0x3f, 0x06, 0xd0, 0x6c, 0x3f,
  0x24, 0xf6, 0x6c, 0x3f, 0x1d, 0x1c, 0x6d, 0x3f, 0xf0, 0x41, 0x6d, 0x3f,
  0x9f, 0x67, 0x6d, 0x3f, 0x2d, 0x8d, 0x6d, 0x3f, 0x92, 0xb2, 0x6d, 0x3f,
  0xd4, 0xd7, 0x6d, 0x3f, 0xf2, 0xfc, 0x6d, 0x3f, 0xea, 0x21, 0x6e, 0x3f,
  0xbd, 0x46, 0x6e, 0x3f, 0x6c, 0x6b, 0x6e, 0x3f, 0xf7, 0x8f, 0x6e, 0x3f,
  0x5d, 0xb4, 0x6e, 0x3f, 0x9c, 0xd8, 0x6e, 0x3f, 0xb8, 0xfc, 0x6e, 0x3f,
  0xb0, 0x20, 0x6f, 0x3f, 0x82, 0x44, 0x6f, 0x3f, 0x2e, 0x68, 0x6f, 0x3f,
  0xb8, 0x8b, 0x6f, 0x3f, 0x1a, 0xaf, 0x6f, 0x3f, 0x57, 0xd2, 0x6f, 0x3f,
  0x71, 0xf5, 0x6f, 0x3f, 0x66, 0x18, 0x70, 0x3f, 0x36, 0x3b, 0x70, 0x3f,
  0xe0, 0x5d, 0x70, 0x3f, 0x66, 0x80, 0x70, 0x3f, 0xc6, 0xa2, 0x70, 0x3f,
  0x00, 0xc5, 0x70, 0x3f, 0x16, 0xe7, 0x70, 0x3f, 0x09, 0x09, 0x71, 0x3f,
  0xd1, 0x2a, 0x71, 0x3f, 0x7a, 0x4c, 0x71, 0x3f, 0xfb, 0x6d, 0x71, 0x3f,
  0x56, 0x8f, 0x71, 0x3f, 0x8b, 0xb0, 0x71, 0x3f, 0x9f, 0xd1, 0x71, 0x3f,
  0x8a, 0xf2, 0x71, 0x3f, 0x52, 0x13, 0x72, 0x3f, 0xf2, 0x33, 0x72, 0x3f,
  0x6e, 0x54, 0x72, 0x3f, 0xc6, 0x74, 0x72, 0x3f, 0xf8, 0x94, 0x72, 0x3f,
  0x04, 0xb5, 0x72, 0x3f, 0xea, 0xd4, 0x72, 0x3f, 0xaa, 0xf4, 0x72, 0x3f,
  0x46, 0x14, 0x73, 0x3f, 0xbd, 0x33, 0x73, 0x3f, 0x0f, 0x53, 0x73, 0x3f,
  0x38, 0x72, 0x73, 0x3f, 0x3f, 0x91, 0x73, 0x3f, 0x1e, 0xb0, 0x73, 0x3f,
  0xd7, 0xce, 0x73, 0x3f, 0x6d, 0xed, 0x73, 0x3f, 0xdd, 0x0b, 0x74, 0x3f,
  0x25, 0x2a, 0x74, 0x3f, 0x49, 0x48, 0x74, 0x3f, 0x48, 0x66, 0x74, 0x3f,
  0x21, 0x84, 0x74, 0x3f, 0xd4, 0xa1, 0x74, 0x3f, 0x61, 0xbf, 0x74, 0x3f,
  0xc9, 0xdc, 0x74, 0x3f, 0x0a, 0xfa, 0x74, 0x3f, 0x27, 0x17, 0x75, 0x3f,
  0x1c, 0x34, 0x75, 0x3f, 0xec, 0x50, 0x75, 0x3f, 0x96, 0x6d, 0x75, 0x3f,
  0x1a, 0x8a, 0x75, 0x3f, 0x7a, 0xa6, 0x75, 0x3f, 0xb3, 0xc2, 0x75, 0x3f,
  0xc6, 0xde, 0x75, 0x3f, 0xb3, 0xfa, 0x75, 0x3f, 0x7b, 0x16, 0x76, 0x3f,
  0x1a, 0x32, 0x76, 0x3f, 0x97, 0x4d, 0x76, 0x3f, 0xeb, 0x68, 0x76, 0x3f,
  0x1a, 0x84, 0x76, 0x3f, 0x24, 0x9f, 0x76, 0x3f, 0x06, 0xba, 0x76, 0x3f,
  0xc3, 0xd4, 0x76, 0x3f, 0x5a, 0xef, 0x76, 0x3f, 0xcb, 0x09, 0x77, 0x3f,
  0x16, 0x24, 0x77, 0x3f, 0x3b, 0x3e, 0x77, 0x3f, 0x3a, 0x58, 0x77, 0x3f,
  0x12, 0x72, 0x77, 0x3f, 0xc4, 0x8b, 0x77, 0x3f, 0x50, 0xa5, 0x77, 0x3f,
  0xb7, 0xbe, 0x77, 0x3f, 0xf7, 0xd7, 0x77, 0x3f, 0x10, 0xf1, 0x77, 0x3f,
  0x02, 0x0a, 0x78, 0x3f, 0xd0, 0x22, 0x78, 0x3f, 0x76, 0x3b, 0x78, 0x3f,
  0xf5, 0x53, 0x78, 0x3f, 0x51, 0x6c, 0x78, 0x3f, 0x84, 0x84, 0x78, 0x3f,
  0x92, 0x9c, 0x78, 0x3f, 0x7b, 0xb4, 0x78, 0x3f, 0x3b, 0xcc, 0x78, 0x3f,
  0xd4, 0xe3, 0x78, 0x3f, 0x4b, 0xfb, 0x78, 0x3f, 0x95, 0x12, 0x79, 0x3f,
  0xbe, 0x29, 0x79, 0x3f, 0xbd, 0x40, 0x79, 0x3f, 0x99, 0x57, 0x79, 0x3f,
  0x4f, 0x6e, 0x79, 0x3f, 0xda, 0x84, 0x79, 0x3f, 0x42, 0x9b, 0x79, 0x3f,
  0x82, 0xb1, 0x79, 0x3f, 0x9b, 0xc7, 0x79, 0x3f, 0x90, 0xdd, 0x79, 0x3f,
  0x5c, 0xf3, 0x79, 0x3f, 0x05, 0x09, 0x7a, 0x3f, 0x83, 0x1e, 0x7a, 0x3f,
  0xdc, 0x33, 0x7a, 0x3f, 0x0f, 0x49, 0x7a, 0x3f, 0x1c, 0x5e, 0x7a, 0x3f,
  0x01, 0x73, 0x7a, 0x3f, 0xc0, 0x87, 0x7a, 0x3f, 0x58, 0x9c, 0x7a, 0x3f,
  0xca, 0xb0, 0x7a, 0x3f, 0x14, 0xc5, 0x7a, 0x3f, 0x38, 0xd9, 0x7a, 0x3f,
  0x37, 0xed, 0x7a, 0x3f, 0x0d, 0x01, 0x7b, 0x3f, 0xbf, 0x14, 0x7b, 0x3f,
  0x46, 0x28, 0x7b, 0x3f, 0xab, 0x3b, 0x7b, 0x3f, 0xe5, 0x4e, 0x7b, 0x3f,
  0xfb, 0x61, 0x7b, 0x3f, 0xea, 0x74, 0x7b, 0x3f, 0xb2, 0x87, 0x7b, 0x3f,
  0x52, 0x9a, 0x7b, 0x3f, 0xcc, 0xac, 0x7b, 0x3f, 0x20, 0xbf, 0x7b, 0x3f,
  0x4d, 0xd1, 0x7b, 0x3f, 0x52, 0xe3, 0x7b, 0x3f, 0x30, 0xf5, 0x7b, 0x3f,
  0xe8, 0x06, 0x7c, 0x3f, 0x7a, 0x18, 0x7c, 0x3f, 0xe4, 0x29, 0x7c, 0x3f,
  0x25, 0x3b, 0x7c, 0x3f, 0x44, 0x4c, 0x7c, 0x3f, 0x38, 0x5d, 0x7c, 0x3f,
  0x07, 0x6e, 0x7c, 0x3f, 0xae, 0x7e, 0x7c, 0x3f, 0x31, 0x8f, 0x7c, 0x3f,
  0x8a, 0x9f, 0x7c, 0x3f, 0xbc, 0xaf, 0x7c, 0x3f, 0xc7, 0xbf, 0x7c, 0x3f,
  0xad, 0xcf, 0x7c, 0x3f, 0x6a, 0xdf, 0x7c, 0x3f, 0x03, 0xef, 0x7c, 0x3f,
  0x72, 0xfe, 0x7c, 0x3f, 0xba, 0x0d, 0x7d, 0x3f, 0xdc, 0x1c, 0x7d, 0x3f,
  0xd9, 0x2b, 0x7d, 0x3f, 0xaa, 0x3a, 0x7d, 0x3f, 0x58, 0x49, 0x7d, 0x3f,
  0xde, 0x57, 0x7d, 0x3f, 0x3c, 0x66, 0x7d, 0x3f, 0x74, 0x74, 0x7d, 0x3f,
  0x85, 0x82, 0x7d, 0x3f, 0x6e, 0x90, 0x7d, 0x3f, 0x30, 0x9e, 0x7d, 0x3f,
  0xc9, 0xab, 0x7d, 0x3f, 0x3e, 0xb9, 0x7d, 0x3f, 0x8b, 0xc6, 0x7d, 0x3f,
  0xb3, 0xd3, 0x7d, 0x3f, 0xb0, 0xe0, 0x7d, 0x3f, 0x88, 0xed, 0x7d, 0x3f,
  0x38, 0xfa, 0x7d, 0x3f, 0xc0, 0x06, 0x7e, 0x3f, 0x21, 0x13, 0x7e, 0x3f,
  0x5e, 0x1f, 0x7e, 0x3f, 0x70, 0x2b, 0x7e, 0x3f, 0x5d, 0x37, 0x7e, 0x3f,
  0x23, 0x43, 0x7e, 0x3f, 0xc0, 0x4e, 0x7e, 0x3f, 0x38, 0x5a, 0x7e, 0x3f,
  0x86, 0x65, 0x7e, 0x3f, 0xaf, 0x70, 0x7e, 0x3f, 0xb0, 0x7b, 0x7e, 0x3f,
  0x8a, 0x86, 0x7e, 0x3f, 0x3c, 0x91, 0x7e, 0x3f, 0xc7, 0x9b, 0x7e, 0x3f,
  0x2c, 0xa6, 0x7e, 0x3f, 0x67, 0xb0, 0x7e, 0x3f, 0x7d, 0xba, 0x7e, 0x3f,
  0x6d, 0xc4, 0x7e, 0x3f, 0x34, 0xce, 0x7e, 0x3f, 0xd3, 0xd7, 0x7e, 0x3f,
  0x49, 0xe1, 0x7e, 0x3f, 0x9d, 0xea, 0x7e, 0x3f, 0xc6, 0xf3, 0x7e, 0x3f,
  0xc7, 0xfc, 0x7e, 0x3f, 0xa4, 0x05, 0x7f, 0x3f, 0x56, 0x0e, 0x7f, 0x3f,
  0xe3, 0x16, 0x7f, 0x3f, 0x49, 0x1f, 0x7f, 0x3f, 0x86, 0x27, 0x7f, 0x3f,
  0x9c, 0x2f, 0x7f, 0x3f, 0x8c, 0x37, 0x7f, 0x3f, 0x55, 0x3f, 0x7f, 0x3f,
  0xf4, 0x46, 0x7f, 0x3f, 0x6c, 0x4e, 0x7f, 0x3f, 0xbe, 0x55, 0x7f, 0x3f,
  0xe8, 0x5c, 0x7f, 0x3f, 0xea, 0x63, 0x7f, 0x3f, 0xc6, 0x6a, 0x7f, 0x3f,
  0x7b, 0x71, 0x7f, 0x3f, 0x08, 0x78, 0x7f, 0x3f, 0x6c, 0x7e, 0x7f, 0x3f,
  0xa9, 0x84, 0x7f, 0x3f, 0xc0, 0x8a, 0x7f, 0x3f, 0xb0, 0x90, 0x7f, 0x3f,
  0x78, 0x96, 0x7f, 0x3f, 0x19, 0x9c, 0x7f, 0x3f, 0x90, 0xa1, 0x7f, 0x3f,
  0xe2, 0xa6, 0x7f, 0x3f, 0x0c, 0xac, 0x7f, 0x3f, 0x0e, 0xb1, 0x7f, 0x3f,
  0xe9, 0xb5, 0x7f, 0x3f, 0x9c, 0xba, 0x7f, 0x3f, 0x2a, 0xbf, 0x7f, 0x3f,
  0x8e, 0xc3, 0x7f, 0x3f, 0xcc, 0xc7, 0x7f, 0x3f, 0xe3, 0xcb, 0x7f, 0x3f,
  0xd0, 0xcf, 0x7f, 0x3f, 0x96, 0xd3, 0x7f, 0x3f, 0x36, 0xd7, 0x7f, 0x3f,
  0xad, 0xda, 0x7f, 0x3f, 0xfe, 0xdd, 0x7f, 0x3f, 0x29, 0xe1, 0x7f, 0x3f,
  0x2b, 0xe4, 0x7f, 0x3f, 0x05, 0xe7, 0x7f, 0x3f, 0xb6, 0xe9, 0x7f, 0x3f,
  0x43, 0xec, 0x7f, 0x3f, 0xa5, 0xee, 0x7f, 0x3f, 0xe1, 0xf0, 0x7f, 0x3f,
  0xf9, 0xf2, 0x7f, 0x3f, 0xe4, 0xf4, 0x7f, 0x3f, 0xa9, 0xf6, 0x7f, 0x3f,
  0x49, 0xf8, 0x7f, 0x3f, 0xbf, 0xf9, 0x7f, 0x3f, 0x11, 0xfb, 0x7f, 0x3f,
  0x38, 0xfc, 0x7f, 0x3f, 0x39, 0xfd, 0x7f, 0x3f, 0x13, 0xfe, 0x7f, 0x3f,
  0xc5, 0xfe, 0x7f, 0x3f, 0x4e, 0xff, 0x7f, 0x3f, 0xaf, 0xff, 0x7f, 0x3f,
  0xec, 0xff, 0x7f, 0x3f, 0xfe, 0xff, 0x7f, 0x3f, 0xec, 0xff, 0x7f, 0x3f,
  0xaf, 0xff, 0x7f, 0x3f, 0x4e, 0xff, 0x7f, 0x3f, 0xc5, 0xfe, 0x7f, 0x3f,
  0x13, 0xfe, 0x7f, 0x3f, 0x39, 0xfd, 0x7f, 0x3f, 0x38, 0xfc, 0x7f, 0x3f,
  0x11, 0xfb, 0x7f, 0x3f, 0xbf, 0xf9, 0x7f, 0x3f, 0x49, 0xf8, 0x7f, 0x3f,
  0xa9, 0xf6, 0x7f, 0x3f, 0xe4, 0xf4, 0x7f, 0x3f, 0xf9, 0xf2, 0x7f, 0x3f,
  0xe1, 0xf0, 0x7f, 0x3f, 0xa5, 0xee, 0x7f, 0x3f, 0x43, 0xec, 0x7f, 0x3f,
  0xb6, 0xe9, 0x7f, 0x3f, 0x05, 0xe7, 0x7f, 0x3f, 0x2b, 0xe4, 0x7f, 0x3f,
  0x29, 0xe1, 0x7f, 0x3f, 0xfe, 0xdd, 0x7f, 0x3f, 0xad, 0xda, 0x7f, 0x3f,
  0x36, 0xd7, 0x7f, 0x3f, 0x96, 0xd3, 0x7f, 0x3f, 0xd0, 0xcf, 0x7f, 0x3f,
  0xe3, 0xcb, 0x7f, 0x3f, 0xcc, 0xc7, 0x7f, 0x3f, 0x8e, 0xc3, 0x7f, 0x3f,
  0x2a, 0xbf, 0x7f, 0x3f, 0x9c, 0xba, 0x7f, 0x3f, 0xe9, 0xb5, 0x7f, 0x3f,
  0x0e, 0xb1, 0x7f, 0x3f, 0x0c, 0xac, 0x7f, 0x3f, 0xe2, 0xa6, 0x7f, 0x3f,
  0x90, 0xa1, 0x7f, 0x3f, 0x19, 0x9c, 0x7f, 0x3f, 0x78, 0x96, 0x7f, 0x3f,
  0xb0, 0x90, 0x7f, 0x3f, 0xc0, 0x8a, 0x7f, 0x3f, 0xa9, 0x84, 0x7f, 0x3f,
  0x6c, 0x7e, 0x7f, 0x3f, 0x08, 0x78, 0x7f, 0x3f, 0x7b, 0x71, 0x7f, 0x3f,
  0xc6, 0x6a, 0x7f, 0x3f, 0xea, 0x63, 0x7f, 0x3f, 0xe8, 0x5c, 0x7f, 0x3f,
  0xbe, 0x55, 0x7f, 0x3f, 0x6c, 0x4e, 0x7f, 0x3f, 0xf4, 0x46, 0x7f, 0x3f,
  0x55, 0x3f, 0x7f, 0x3f, 0x8c, 0x37, 0x7f, 0x3f, 0x9c, 0x2f, 0x7f, 0x3f,
  0x86, 0x27, 0x7f, 0x3f, 0x49, 0x1f, 0x7f, 0x3f, 0xe3, 0x16, 0x7f, 0x3f,
  0x56, 0x0e, 0x7f, 0x3f, 0xa4, 0x05, 0x7f, 0x3f, 0xc7, 0xfc, 0x7e, 0x3f,
  0xc6, 0xf3, 0x7e, 0x3f, 0x9d, 0xea, 0x7e, 0x3f, 0x49, 0xe1, 0x7e, 0x3f,
  0xd3, 0xd7, 0x7e, 0x3f, 0x34, 0xce, 0x7e, 0x3f, 0x6d, 0xc4, 0x7e, 0x3f,
  0x7d, 0xba, 0x7e, 0x3f, 0x67, 0xb0, 0x7e, 0x3f, 0x2c, 0xa6, 0x7e, 0x3f,
  0xc7, 0x9b, 0x7e, 0x3f, 0x3c, 0x91, 0x7e, 0x3f, 0x8a, 0x86, 0x7e, 0x3f,
  0xb0, 0x7b, 0x7e, 0x3f, 0xaf, 0x70, 0x7e, 0x3f, 0x86, 0x65, 0x7e, 0x3f,
  0x38, 0x5a, 0x7e, 0x3f, 0xc0, 0x4e, 0x7e, 0x3f, 0x23, 0x43, 0x7e, 0x3f,
  0x5d, 0x37, 0x7e, 0x3f, 0x70, 0x2b, 0x7e, 0x3f, 0x5e, 0x1f, 0x7e, 0x3f,
  0x21, 0x13, 0x7e, 0x3f, 0xc0, 0x06, 0x7e, 0x3f, 0x38, 0xfa, 0x7d, 0x3f,
  0x88, 0xed, 0x7d, 0x3f, 0xb0, 0xe0, 0x7d, 0x3f, 0xb3, 0xd3, 0x7d, 0x3f,
  0x8b, 0xc6, 0x7d, 0x3f, 0x3e, 0xb9, 0x7d, 0x3f, 0xc9, 0xab, 0x7d, 0x3f,
  0x30, 0x9e, 0x7d, 0x3f, 0x6e, 0x90, 0x7d, 0x3f, 0x85, 0x82, 0x7d, 0x3f,
  0x74, 0x74, 0x7d, 0x3f, 0x3c, 0x66, 0x7d, 0x3f, 0xde, 0x57, 0x7d, 0x3f,
  0x58, 0x49, 0x7d, 0x3f, 0xaa, 0x3a, 0x7d, 0x3f, 0xd9, 0x2b, 0x7d, 0x3f,
  0xdc, 0x1c, 0x7d, 0x3f, 0xba, 0x0d, 0x7d, 0x3f, 0x72, 0xfe, 0x7c, 0x3f,
  0x03, 0xef, 0x7c, 0x3f, 0x6a, 0xdf, 0x7c, 0x3f, 0xad, 0xcf, 0x7c, 0x3f,
  0xc7, 0xbf, 0x7c, 0x3f, 0xbc, 0xaf, 0x7c, 0x3f, 0x8a, 0x9f, 0x7c, 0x3f,
  0x31, 0x8f, 0x7c, 0x3f, 0xae, 0x7e, 0x7c, 0x3f, 0x07, 0x6e, 0x7c, 0x3f,
  0x38, 0x5d, 0x7c, 0x3f, 0x44, 0x4c, 0x7c, 0x3f, 0x25, 0x3b, 0x7c, 0x3f,
  0xe4, 0x29, 0x7c, 0x3f, 0x7a, 0x18, 0x7c, 0x3f, 0xe8, 0x06, 0x7c, 0x3f,
  0x30, 0xf5, 0x7b, 0x3f, 0x52, 0xe3, 0x7b, 0x3f, 0x4d, 0xd1, 0x7b, 0x3f,
  0x20, 0xbf, 0x7b, 0x3f, 0xcc, 0xac, 0x7b, 0x3f, 0x52, 0x9a, 0x7b, 0x3f,
  0xb2, 0x87, 0x7b, 0x3f, 0xea, 0x74, 0x7b, 0x3f, 0xfb, 0x61, 0x7b, 0x3f,
  0xe5, 0x4e, 0x7b, 0x3f, 0xab, 0x3b, 0x7b, 0x3f, 0x46, 0x28, 0x7b, 0x3f,
  0xbf, 0x14, 0x7b, 0x3f, 0x0d, 0x01, 0x7b, 0x3f, 0x37, 0xed, 0x7a, 0x3f,
  0x38, 0xd9, 0x7a, 0x3f, 0x14, 0xc5, 0x7a, 0x3f, 0xca, 0xb0, 0x7a, 0x3f,
  0x58, 0x9c, 0x7a, 0x3f, 0xc0, 0x87, 0x7a, 0x3f, 0x01, 0x73, 0x7a, 0x3f,
  0x1c, 0x5e, 0x7a, 0x3f, 0x0f, 0x49, 0x7a, 0x3f, 0xdc, 0x33, 0x7a, 0x3f,
  0x83, 0x1e, 0x7a, 0x3f, 0x05, 0x09, 0x7a, 0x3f, 0x5c, 0xf3, 0x79, 0x3f,
  0x90, 0xdd, 0x79, 0x3f, 0x9b, 0xc7, 0x79, 0x3f, 0x82, 0xb1, 0x79, 0x3f,
  0x42, 0x9b, 0x79, 0x3f, 0xda, 0x84, 0x79, 0x3f, 0x4f, 0x6e, 0x79, 0x3f,
  0x99, 0x57, 0x79, 0x3f, 0xbd, 0x40, 0x79, 0x3f, 0xbe, 0x29, 0x79, 0x3f,
  0x95, 0x12, 0x79, 0x3f, 0x4b, 0xfb, 0x78, 0x3f, 0xd4, 0xe3, 0x78, 0x3f,
  0x3b, 0xcc, 0x78, 0x3f, 0x7b, 0xb4, 0x78, 0x3f, 0x92, 0x9c, 0x78, 0x3f,
  0x84, 0x84, 0x78, 0x3f, 0x51, 0x6c, 0x78, 0x3f, 0xf5, 0x53, 0x78, 0x3f,
  0x76, 0x3b, 0x78, 0x3f, 0xd0, 0x22, 0x78, 0x3f, 0x02, 0x0a, 0x78, 0x3f,
  0x10, 0xf1, 0x77, 0x3f, 0xf7, 0xd7, 0x77, 0x3f, 0xb7, 0xbe, 0x77, 0x3f,
  0x50, 0xa5, 0x77, 0x3f, 0xc4, 0x8b, 0x77, 0x3f, 0x12, 0x72, 0x77, 0x3f,
  0x3a, 0x58, 0x77, 0x3f, 0x3b, 0x3e, 0x77, 0x3f, 0x16, 0x24, 0x77, 0x3f,
  0xcb, 0x09, 0x77, 0x3f, 0x5a, 0xef, 0x76, 0x3f, 0xc3, 0xd4, 0x76, 0x3f,
  0x06, 0xba, 0x76, 0x3f, 0x24, 0x9f, 0x76, 0x3f, 0x1a, 0x84, 0x76, 0x3f,
  0xeb, 0x68, 0x76, 0x3f, 0x97, 0x4d, 0x76, 0x3f, 0x1a, 0x32, 0x76, 0x3f,
  0x7b, 0x16, 0x76, 0x3f, 0xb3, 0xfa, 0x75, 0x3f, 0xc6, 0xde, 0x75, 0x3f,
  0xb3, 0xc2, 0x75, 0x3f, 0x7a, 0xa6, 0x75, 0x3f, 0x1a, 0x8a, 0x75, 0x3f,
  0x96, 0x6d, 0x75, 0x3f, 0xec, 0x50, 0x75, 0x3f, 0x1c, 0x34, 0x75, 0x3f,
  0x27, 0x17, 0x75, 0x3f, 0x0a, 0xfa, 0x74, 0x3f, 0xc9, 0xdc, 0x74, 0x3f,
  0x61, 0xbf, 0x74, 0x3f, 0xd4, 0xa1, 0x74, 0x3f, 0x21, 0x84, 0x74, 0x3f,
  0x48, 0x66, 0x74, 0x3f, 0x49, 0x48, 0x74, 0x3f, 0x25, 0x2a, 0x74, 0x3f,
  0xdd, 0x0b, 0x74, 0x3f, 0x6d, 0xed, 0x73, 0x3f, 0xd7, 0xce, 0x73, 0x3f,
  0x1e, 0xb0, 0x73, 0x3f, 0x3f, 0x91, 0x73, 0x3f, 0x38, 0x72, 0x73, 0x3f,
  0x0f, 0x53, 0x73, 0x3f, 0xbd, 0x33, 0x73, 0x3f, 0x46, 0x14, 0x73, 0x3f,
  0xaa, 0xf4, 0x72, 0x3f, 0xea, 0xd4, 0x72, 0x3f, 0x04, 0xb5, 0x72, 0x3f,
  0xf8, 0x94, 0x72, 0x3f, 0xc6, 0x74, 0x72, 0x3f, 0x6e, 0x54, 0x72, 0x3f,
  0xf2, 0x33, 0x72, 0x3f, 0x52, 0x13, 0x72, 0x3f, 0x8a, 0xf2, 0x71, 0x3f,
  0x9f, 0xd1, 0x71, 0x3f, 0x8b, 0xb0, 0x71, 0x3f, 0x56, 0x8f, 0x71, 0x3f,
  0xfb, 0x6d, 0x71, 0x3f, 0x7a, 0x4c, 0x71, 0x3f, 0xd1, 0x2a, 0x71, 0x3f,
  0x09, 0x09, 0x71, 0x3f, 0x16, 0xe7, 0x70, 0x3f, 0x00, 0xc5, 0x70, 0x3f,
  0xc6, 0xa2, 0x70, 0x3f, 0x66, 0x80, 0x70, 0x3f, 0xe0, 0x5d, 0x70, 0x3f,
  0x36, 0x3b, 0x70, 0x3f, 0x66, 0x18, 0x70, 0x3f, 0x71, 0xf5, 0x6f, 0x3f,
  0x57, 0xd2, 0x6f, 0x3f, 0x1a, 0xaf, 0x6f, 0x3f, 0xb8, 0x8b, 0x6f, 0x3f,
  0x2e, 0x68, 0x6f, 0x3f, 0x82, 0x44, 0x6f, 0x3f, 0xb0, 0x20, 0x6f, 0x3f,
  0xb8, 0xfc, 0x6e, 0x3f, 0x9c, 0xd8, 0x6e, 0x3f, 0x5d, 0xb4, 0x6e, 0x3f,
  0xf7, 0x8f, 0x6e, 0x3f, 0x6c, 0x6b, 0x6e, 0x3f, 0xbd, 0x46, 0x6e, 0x3f,
  0xea, 0x21, 0x6e, 0x3f, 0xf2, 0xfc, 0x6d, 0x3f, 0xd4, 0xd7, 0x6d, 0x3f,
  0x92, 0xb2, 0x6d, 0x3f, 0x2d, 0x8d, 0x6d, 0x3f, 0x9f, 0x67, 0x6d, 0x3f,
  0xf0, 0x41, 0x6d, 0x3f, 0x1d, 0x1c, 0x6d, 0x3f, 0x24, 0xf6, 0x6c, 0x3f,
  0x06, 0xd0, 0x6c, 0x3f, 0xc4, 0xa9, 0x6c, 0x3f, 0x5e, 0x83, 0x6c, 0x3f,
  0xd2, 0x5c, 0x6c, 0x3f, 0x24, 0x36, 0x6c, 0x3f, 0x51, 0x0f, 0x6c, 0x3f,
  0x57, 0xe8, 0x6b, 0x3f, 0x3b, 0xc1, 0x6b, 0x3f, 0xf9, 0x99, 0x6b, 0x3f,
  0x94, 0x72, 0x6b, 0x3f, 0x0b, 0x4b, 0x6b, 0x3f, 0x5c, 0x23, 0x6b, 0x3f,
  0x8a, 0xfb, 0x6a, 0x3f, 0x94, 0xd3, 0x6a, 0x3f, 0x7a, 0xab, 0x6a, 0x3f,
  0x3b, 0x83, 0x6a, 0x3f, 0xd9, 0x5a, 0x6a, 0x3f, 0x50, 0x32, 0x6a, 0x3f,
  0xa6, 0x09, 0x6a, 0x3f, 0xd6, 0xe0, 0x69, 0x3f, 0xe2, 0xb7, 0x69, 0x3f,
  0xcd, 0x8e, 0x69, 0x3f, 0x90, 0x65, 0x69, 0x3f, 0x2f, 0x3c, 0x69, 0x3f,
  0xae, 0x12, 0x69, 0x3f, 0x07, 0xe9, 0x68, 0x3f, 0x3a, 0xbf, 0x68, 0x3f,
  0x4c, 0x95, 0x68, 0x3f, 0x38, 0x6b, 0x68, 0x3f, 0x01, 0x41, 0x68, 0x3f,
  0xa6, 0x16, 0x68, 0x3f, 0x28, 0xec, 0x67, 0x3f, 0x86, 0xc1, 0x67, 0x3f,
  0xc0, 0x96, 0x67, 0x3f, 0xd6, 0x6b, 0x67, 0x3f, 0xcb, 0x40, 0x67, 0x3f,
  0x97, 0x15, 0x67, 0x3f, 0x44, 0xea, 0x66, 0x3f, 0xcc, 0xbe, 0x66, 0x3f,
  0x30, 0x93, 0x66, 0x3f, 0x6f, 0x67, 0x66, 0x3f, 0x8d, 0x3b, 0x66, 0x3f,
  0x87, 0x0f, 0x66, 0x3f, 0x5c, 0xe3, 0x65, 0x3f, 0x11, 0xb7, 0x65, 0x3f,
  0x9e, 0x8a, 0x65, 0x3f, 0x0a, 0x5e, 0x65, 0x3f, 0x52, 0x31, 0x65, 0x3f,
  0x77, 0x04, 0x65, 0x3f, 0x7a, 0xd7, 0x64, 0x3f, 0x57, 0xaa, 0x64, 0x3f,
  0x13, 0x7d, 0x64, 0x3f, 0xac, 0x4f, 0x64, 0x3f, 0x20, 0x22, 0x64, 0x3f,
  0x72, 0xf4, 0x63, 0x3f, 0xa0, 0xc6, 0x63, 0x3f, 0xab, 0x98, 0x63, 0x3f,
  0x94, 0x6a, 0x63, 0x3f, 0x58, 0x3c, 0x63, 0x3f, 0xfa, 0x0d, 0x63, 0x3f,
  0x7a, 0xdf, 0x62, 0x3f, 0xd6, 0xb0, 0x62, 0x3f, 0x10, 0x82, 0x62, 0x3f,
  0x25, 0x53, 0x62, 0x3f, 0x17, 0x24, 0x62, 0x3f, 0xe8, 0xf4, 0x61, 0x3f,
  0x96, 0xc5, 0x61, 0x3f, 0x22, 0x96, 0x61, 0x3f, 0x8a, 0x66, 0x61, 0x3f,
  0xce, 0x36, 0x61, 0x3f, 0xf0, 0x06, 0x61, 0x3f, 0xf0, 0xd6, 0x60, 0x3f,
  0xcd, 0xa6, 0x60, 0x3f, 0x87, 0x76, 0x60, 0x3f, 0x20, 0x46, 0x60, 0x3f,
  0x96, 0x15, 0x60, 0x3f, 0xe8, 0xe4, 0x5f, 0x3f, 0x19, 0xb4, 0x5f, 0x3f,
  0x26, 0x83, 0x5f, 0x3f, 0x11, 0x52, 0x5f, 0x3f, 0xda, 0x20, 0x5f, 0x3f,
  0x80, 0xef, 0x5e, 0x3f, 0x04, 0xbe, 0x5e, 0x3f, 0x66, 0x8c, 0x5e, 0x3f,
  0xa6, 0x5a, 0x5e, 0x3f, 0xc2, 0x28, 0x5e, 0x3f, 0xbd, 0xf6, 0x5d, 0x3f,
  0x96, 0xc4, 0x5d, 0x3f, 0x4d, 0x92, 0x5d, 0x3f, 0xe0, 0x5f, 0x5d, 0x3f,
  0x52, 0x2d, 0x5d, 0x3f, 0xa3, 0xfa, 0x5c, 0x3f, 0xd0, 0xc7, 0x5c, 0x3f,
  0xdc, 0x94, 0x5c, 0x3f, 0xc6, 0x61, 0x5c, 0x3f, 0x8f, 0x2e, 0x5c, 0x3f,
  0x34, 0xfb, 0x5b, 0x3f, 0xb8, 0xc7, 0x5b, 0x3f, 0x1a, 0x94, 0x5b, 0x3f,
  0x5b, 0x60, 0x5b, 0x3f, 0x78, 0x2c, 0x5b, 0x3f, 0x74, 0xf8, 0x5a, 0x3f,
  0x4e, 0xc4, 0x5a, 0x3f, 0x07, 0x90, 0x5a, 0x3f, 0xa0, 0x5b, 0x5a, 0x3f,
  0x14, 0x27, 0x5a, 0x3f, 0x68, 0xf2, 0x59, 0x3f, 0x9d, 0xbd, 0x59, 0x3f,
  0xac, 0x88, 0x59, 0x3f, 0x9c, 0x53, 0x59, 0x3f, 0x69, 0x1e, 0x59, 0x3f,
  0x16, 0xe9, 0x58, 0x3f, 0xa1, 0xb3, 0x58, 0x3f, 0x0a, 0x7e, 0x58, 0x3f,
  0x52, 0x48, 0x58, 0x3f, 0x78, 0x12, 0x58, 0x3f, 0x7e, 0xdc, 0x57, 0x3f,
  0x63, 0xa6, 0x57, 0x3f, 0x24, 0x70, 0x57, 0x3f, 0xc6, 0x39, 0x57, 0x3f,
  0x46, 0x03, 0x57, 0x3f, 0xa6, 0xcc, 0x56, 0x3f, 0xe3, 0x95, 0x56, 0x3f,
  0x00, 0x5f, 0x56, 0x3f, 0xfc, 0x27, 0x56, 0x3f, 0xd7, 0xf0, 0x55, 0x3f,
  0x92, 0xb9, 0x55, 0x3f, 0x2a, 0x82, 0x55, 0x3f, 0xa3, 0x4a, 0x55, 0x3f,
  0xfa, 0x12, 0x55, 0x3f, 0x2f, 0xdb, 0x54, 0x3f, 0x47, 0xa3, 0x54, 0x3f,
  0x39, 0x6b, 0x54, 0x3f, 0x0d, 0x33, 0x54, 0x3f, 0xc2, 0xfa, 0x53, 0x3f,
  0x55, 0xc2, 0x53, 0x3f, 0xc6, 0x89, 0x53, 0x3f, 0x17, 0x51, 0x53, 0x3f,
  0x49, 0x18, 0x53, 0x3f, 0x59, 0xdf, 0x52, 0x3f, 0x49, 0xa6, 0x52, 0x3f,
  0x16, 0x6d, 0x52, 0x3f, 0xc6, 0x33, 0x52, 0x3f, 0x55, 0xfa, 0x51, 0x3f,
  0xc2, 0xc0, 0x51, 0x3f, 0x0e, 0x87, 0x51, 0x3f, 0x3d, 0x4d, 0x51, 0x3f,
  0x49, 0x13, 0x51, 0x3f, 0x36, 0xd9, 0x50, 0x3f, 0x03, 0x9f, 0x50, 0x3f,
  0xaf, 0x64, 0x50, 0x3f, 0x3a, 0x2a, 0x50, 0x3f, 0xa6, 0xef, 0x4f, 0x3f,
  0xf3, 0xb4, 0x4f, 0x3f, 0x1e, 0x7a, 0x4f, 0x3f, 0x2b, 0x3f, 0x4f, 0x3f,
  0x16, 0x04, 0x4f, 0x3f, 0xe2, 0xc8, 0x4e, 0x3f, 0x8f, 0x8d, 0x4e, 0x3f,
  0x1c, 0x52, 0x4e, 0x3f, 0x88, 0x16, 0x4e, 0x3f, 0xd4, 0xda, 0x4d, 0x3f,
  0x02, 0x9f, 0x4d, 0x3f, 0x0e, 0x63, 0x4d, 0x3f, 0xfc, 0x26, 0x4d, 0x3f,
  0xca, 0xea, 0x4c, 0x3f, 0x78, 0xae, 0x4c, 0x3f, 0x08, 0x72, 0x4c, 0x3f,
  0x75, 0x35, 0x4c, 0x3f, 0xc5, 0xf8, 0x4b, 0x3f, 0xf6, 0xbb, 0x4b, 0x3f,
  0x08, 0x7f, 0x4b, 0x3f, 0xfa, 0x41, 0x4b, 0x3f, 0xcb, 0x04, 0x4b, 0x3f,
  0x7e, 0xc7, 0x4a, 0x3f, 0x12, 0x8a, 0x4a, 0x3f, 0x87, 0x4c, 0x4a, 0x3f,
  0xdb, 0x0e, 0x4a, 0x3f, 0x12, 0xd1, 0x49, 0x3f, 0x28, 0x93, 0x49, 0x3f,
  0x21, 0x55, 0x49, 0x3f, 0xf8, 0x16, 0x49, 0x3f, 0xb2, 0xd8, 0x48, 0x3f,
  0x4e, 0x9a, 0x48, 0x3f, 0xca, 0x5b, 0x48, 0x3f, 0x27, 0x1d, 0x48, 0x3f,
  0x65, 0xde, 0x47, 0x3f, 0x85, 0x9f, 0x47, 0x3f, 0x85, 0x60, 0x47, 0x3f,
  0x67, 0x21, 0x47, 0x3f, 0x28, 0xe2, 0x46, 0x3f, 0xcc, 0xa2, 0x46, 0x3f,
  0x52, 0x63, 0x46, 0x3f, 0xb9, 0x23, 0x46, 0x3f, 0x02, 0xe4, 0x45, 0x3f,
  0x2c, 0xa4, 0x45, 0x3f, 0x39, 0x64, 0x45, 0x3f, 0x25, 0x24, 0x45, 0x3f,
  0xf4, 0xe3, 0x44, 0x3f, 0xa5, 0xa3, 0x44, 0x3f, 0x35, 0x63, 0x44, 0x3f,
  0xa9, 0x22, 0x44, 0x3f, 0xff, 0xe1, 0x43, 0x3f, 0x35, 0xa1, 0x43, 0x3f,
  0x51, 0x60, 0x43, 0x3f, 0x4a, 0x1f, 0x43, 0x3f, 0x27, 0xde, 0x42, 0x3f,
  0xe6, 0x9c, 0x42, 0x3f, 0x89, 0x5b, 0x42, 0x3f, 0x0a, 0x1a, 0x42, 0x3f,
  0x70, 0xd8, 0x41, 0x3f, 0xb6, 0x96, 0x41, 0x3f, 0xdf, 0x54, 0x41, 0x3f,
  0xec, 0x12, 0x41, 0x3f, 0xd8, 0xd0, 0x40, 0x3f, 0xa9, 0x8e, 0x40, 0x3f,
  0x59, 0x4c, 0x40, 0x3f, 0xef, 0x09, 0x40, 0x3f, 0x66, 0xc7, 0x3f, 0x3f,
  0xc1, 0x84, 0x3f, 0x3f, 0xfc, 0x41, 0x3f, 0x3f, 0x19, 0xff, 0x3e, 0x3f,
  0x1a, 0xbc, 0x3e, 0x3f, 0xfe, 0x78, 0x3e, 0x3f, 0xc4, 0x35, 0x3e, 0x3f,
  0x6c, 0xf2, 0x3d, 0x3f, 0xf9, 0xae, 0x3d, 0x3f, 0x66, 0x6b, 0x3d, 0x3f,
  0xb8, 0x27, 0x3d, 0x3f, 0xec, 0xe3, 0x3c, 0x3f, 0x02, 0xa0, 0x3c, 0x3f,
  0xfd, 0x5b, 0x3c, 0x3f, 0xd8, 0x17, 0x3c, 0x3f, 0x98, 0xd3, 0x3b, 0x3f,
  0x3a, 0x8f, 0x3b, 0x3f, 0xbf, 0x4a, 0x3b, 0x3f, 0x28, 0x06, 0x3b, 0x3f,
  0x75, 0xc1, 0x3a, 0x3f, 0xa5, 0x7c, 0x3a, 0x3f, 0xb6, 0x37, 0x3a, 0x3f,
  0xac, 0xf2, 0x39, 0x3f, 0x84, 0xad, 0x39, 0x3f, 0x40, 0x68, 0x39, 0x3f,
  0xe0, 0x22, 0x39, 0x3f, 0x65, 0xdd, 0x38, 0x3f, 0xca, 0x97, 0x38, 0x3f,
  0x14, 0x52, 0x38, 0x3f, 0x41, 0x0c, 0x38, 0x3f, 0x54, 0xc6, 0x37, 0x3f,
  0x49, 0x80, 0x37, 0x3f, 0x22, 0x3a, 0x37, 0x3f, 0xde, 0xf3, 0x36, 0x3f,
  0x7e, 0xad, 0x36, 0x3f, 0x02, 0x67, 0x36, 0x3f, 0x6a, 0x20, 0x36, 0x3f,
  0xb7, 0xd9, 0x35, 0x3f, 0xe5, 0x92, 0x35, 0x3f, 0xfb, 0x4b, 0x35, 0x3f,
  0xf2, 0x04, 0x35, 0x3f, 0xce, 0xbd, 0x34, 0x3f, 0x8e, 0x76, 0x34, 0x3f,
  0x31, 0x2f, 0x34, 0x3f, 0xbb, 0xe7, 0x33, 0x3f, 0x27, 0xa0, 0x33, 0x3f,
  0x78, 0x58, 0x33, 0x3f, 0xaf, 0x10, 0x33, 0x3f, 0xc8, 0xc8, 0x32, 0x3f,
  0xc6, 0x80, 0x32, 0x3f, 0xaa, 0x38, 0x32, 0x3f, 0x6f, 0xf0, 0x31, 0x3f,
  0x1c, 0xa8, 0x31, 0x3f, 0xac, 0x5f, 0x31, 0x3f, 0x22, 0x17, 0x31, 0x3f,
  0x7c, 0xce, 0x30, 0x3f, 0xba, 0x85, 0x30, 0x3f, 0xdb, 0x3c, 0x30, 0x3f,
  0xe4, 0xf3, 0x2f, 0x3f, 0xd3, 0xaa, 0x2f, 0x3f, 0xa4, 0x61, 0x2f, 0x3f,
  0x5a, 0x18, 0x2f, 0x3f, 0xf6, 0xce, 0x2e, 0x3f, 0x78, 0x85, 0x2e, 0x3f,
  0xdc, 0x3b, 0x2e, 0x3f, 0x29, 0xf2, 0x2d, 0x3f, 0x58, 0xa8, 0x2d, 0x3f,
  0x6d, 0x5e, 0x2d, 0x3f, 0x68, 0x14, 0x2d, 0x3f, 0x49, 0xca, 0x2c, 0x3f,
  0x0f, 0x80, 0x2c, 0x3f, 0xb8, 0x35, 0x2c, 0x3f, 0x49, 0xeb, 0x2b, 0x3f,
  0xbe, 0xa0, 0x2b, 0x3f, 0x1b, 0x56, 0x2b, 0x3f, 0x5b, 0x0b, 0x2b, 0x3f,
  0x80, 0xc0, 0x2a, 0x3f, 0x8c, 0x75, 0x2a, 0x3f, 0x7e, 0x2a, 0x2a, 0x3f,
  0x56, 0xdf, 0x29, 0x3f, 0x13, 0x94, 0x29, 0x3f, 0xb5, 0x48, 0x29, 0x3f,
  0x40, 0xfd, 0x28, 0x3f, 0xae, 0xb1, 0x28, 0x3f, 0x03, 0x66, 0x28, 0x3f,
  0x3f, 0x1a, 0x28, 0x3f, 0x60, 0xce, 0x27, 0x3f, 0x68, 0x82, 0x27, 0x3f,
  0x53, 0x36, 0x27, 0x3f, 0x27, 0xea, 0x26, 0x3f, 0xe2, 0x9d, 0x26, 0x3f,
  0x82, 0x51, 0x26, 0x3f, 0x0a, 0x05, 0x26, 0x3f, 0x76, 0xb8, 0x25, 0x3f,
  0xca, 0x6b, 0x25, 0x3f, 0x04, 0x1f, 0x25, 0x3f, 0x24, 0xd2, 0x24, 0x3f,
  0x2a, 0x85, 0x24, 0x3f, 0x18, 0x38, 0x24, 0x3f, 0xec, 0xea, 0x23, 0x3f,
  0xa8, 0x9d, 0x23, 0x3f, 0x4b, 0x50, 0x23, 0x3f, 0xd2, 0x02, 0x23, 0x3f,
  0x42, 0xb5, 0x22, 0x3f, 0x98, 0x67, 0x22, 0x3f, 0xd6, 0x19, 0x22, 0x3f,
  0xfa, 0xcb, 0x21, 0x3f, 0x06, 0x7e, 0x21, 0x3f, 0xf8, 0x2f, 0x21, 0x3f,
  0xd1, 0xe1, 0x20, 0x3f, 0x91, 0x93, 0x20, 0x3f, 0x3a, 0x45, 0x20, 0x3f,
  0xcb, 0xf6, 0x1f, 0x3f, 0x3f, 0xa8, 0x1f, 0x3f, 0x9e, 0x59, 0x1f, 0x3f,
  0xe4, 0x0a, 0x1f, 0x3f, 0x10, 0xbc, 0x1e, 0x3f, 0x26, 0x6d, 0x1e, 0x3f,
  0x22, 0x1e, 0x1e, 0x3f, 0x05, 0xcf, 0x1d, 0x3f, 0xd0, 0x7f, 0x1d, 0x3f,
  0x83, 0x30, 0x1d, 0x3f, 0x1e, 0xe1, 0x1c, 0x3f, 0xa1, 0x91, 0x1c, 0x3f,
  0x0c, 0x42, 0x1c, 0x3f, 0x5e, 0xf2, 0x1b, 0x3f, 0x97, 0xa2, 0x1b, 0x3f,
  0xbb, 0x52, 0x1b, 0x3f, 0xc5, 0x02, 0x1b, 0x3f, 0xb6, 0xb2, 0x1a, 0x3f,
  0x93, 0x62, 0x1a, 0x3f, 0x55, 0x12, 0x1a, 0x3f, 0x01, 0xc2, 0x19, 0x3f,
  0x92, 0x71, 0x19, 0x3f, 0x0e, 0x21, 0x19, 0x3f, 0x72, 0xd0, 0x18, 0x3f,
  0xbe, 0x7f, 0x18, 0x3f, 0xf3, 0x2e, 0x18, 0x3f, 0x12, 0xde, 0x17, 0x3f,
  0x19, 0x8d, 0x17, 0x3f, 0x05, 0x3c, 0x17, 0x3f, 0xde, 0xea, 0x16, 0x3f,
  0x9e, 0x99, 0x16, 0x3f, 0x46, 0x48, 0x16, 0x3f, 0xd8, 0xf6, 0x15, 0x3f,
  0x51, 0xa5, 0x15, 0x3f, 0xb6, 0x53, 0x15, 0x3f, 0x02, 0x02, 0x15, 0x3f,
  0x38, 0xb0, 0x14, 0x3f, 0x57, 0x5e, 0x14, 0x3f, 0x5e, 0x0c, 0x14, 0x3f,
  0x51, 0xba, 0x13, 0x3f, 0x2b, 0x68, 0x13, 0x3f, 0xed, 0x15, 0x13, 0x3f,
  0x99, 0xc3, 0x12, 0x3f, 0x30, 0x71, 0x12, 0x3f, 0xad, 0x1e, 0x12, 0x3f,
  0x18, 0xcc, 0x11, 0x3f, 0x6a, 0x79, 0x11, 0x3f, 0xa6, 0x26, 0x11, 0x3f,
  0xcd, 0xd3, 0x10, 0x3f, 0xdb, 0x80, 0x10, 0x3f, 0xd4, 0x2d, 0x10, 0x3f,
  0xb6, 0xda, 0x0f, 0x3f, 0x85, 0x87, 0x0f, 0x3f, 0x3b, 0x34, 0x0f, 0x3f,
  0xdb, 0xe0, 0x0e, 0x3f, 0x63, 0x8d, 0x0e, 0x3f, 0xd8, 0x39, 0x0e, 0x3f,
  0x38, 0xe6, 0x0d, 0x3f, 0x81, 0x92, 0x0d, 0x3f, 0xb2, 0x3e, 0x0d, 0x3f,
  0xd1, 0xea, 0x0c, 0x3f, 0xd6, 0x96, 0x0c, 0x3f, 0xc8, 0x42, 0x0c, 0x3f,
  0xa4, 0xee, 0x0b, 0x3f, 0x6a, 0x9a, 0x0b, 0x3f, 0x1a, 0x46, 0x0b, 0x3f,
  0xb6, 0xf1, 0x0a, 0x3f, 0x3c, 0x9d, 0x0a, 0x3f, 0xac, 0x48, 0x0a, 0x3f,
  0x08, 0xf4, 0x09, 0x3f, 0x4d, 0x9f, 0x09, 0x3f, 0x7e, 0x4a, 0x09, 0x3f,
  0x9a, 0xf5, 0x08, 0x3f, 0x9f, 0xa0, 0x08, 0x3f, 0x92, 0x4b, 0x08, 0x3f,
  0x6f, 0xf6, 0x07, 0x3f, 0x34, 0xa1, 0x07, 0x3f, 0xe8, 0x4b, 0x07, 0x3f,
  0x83, 0xf6, 0x06, 0x3f, 0x0e, 0xa1, 0x06, 0x3f, 0x83, 0x4b, 0x06, 0x3f,
  0xe0, 0xf5, 0x05, 0x3f, 0x2c, 0xa0, 0x05, 0x3f, 0x61, 0x4a, 0x05, 0x3f,
  0x82, 0xf4, 0x04, 0x3f, 0x90, 0x9e, 0x04, 0x3f, 0x87, 0x48, 0x04, 0x3f,
  0x6c, 0xf2, 0x03, 0x3f, 0x3c, 0x9c, 0x03, 0x3f, 0xf8, 0x45, 0x03, 0x3f,
  0x9f, 0xef, 0x02, 0x3f, 0x32, 0x99, 0x02, 0x3f, 0xb0, 0x42, 0x02, 0x3f,
  0x1a, 0xec, 0x01, 0x3f, 0x72, 0x95, 0x01, 0x3f, 0xb4, 0x3e, 0x01, 0x3f,
  0xe5, 0xe7, 0x00, 0x3f, 0xfe, 0x90, 0x00, 0x3f, 0x07, 0x3a, 0x00, 0x3f,
  0xef, 0xc5, 0xff, 0x3e, 0xb0, 0x17, 0xff, 0x3e, 0x49, 0x69, 0xfe, 0x3e,
  0xb9, 0xba, 0xfd, 0x3e, 0x04, 0x0c, 0xfd, 0x3e, 0x24, 0x5d, 0xfc, 0x3e,
  0x1f, 0xae, 0xfb, 0x3e, 0xf4, 0xfe, 0xfa, 0x3e, 0xa5, 0x4f, 0xfa, 0x3e,
  0x2b, 0xa0, 0xf9, 0x3e, 0x8b, 0xf0, 0xf8, 0x3e, 0xc7, 0x40, 0xf8, 0x3e,
  0xdd, 0x90, 0xf7, 0x3e, 0xc8, 0xe0, 0xf6, 0x3e, 0x92, 0x30, 0xf6, 0x3e,
  0x33, 0x80, 0xf5, 0x3e, 0xaf, 0xcf, 0xf4, 0x3e, 0x03, 0x1f, 0xf4, 0x3e,
  0x39, 0x6e, 0xf3, 0x3e, 0x40, 0xbd, 0xf2, 0x3e, 0x28, 0x0c, 0xf2, 0x3e,
  0xe9, 0x5a, 0xf1, 0x3e, 0x84, 0xa9, 0xf0, 0x3e, 0xf7, 0xf7, 0xef, 0x3e,
  0x4c, 0x46, 0xef, 0x3e, 0x79, 0x94, 0xee, 0x3e, 0x81, 0xe2, 0xed, 0x3e,
  0x60, 0x30, 0xed, 0x3e, 0x21, 0x7e, 0xec, 0x3e, 0xb7, 0xcb, 0xeb, 0x3e,
  0x2f, 0x19, 0xeb, 0x3e, 0x81, 0x66, 0xea, 0x3e, 0xac, 0xb3, 0xe9, 0x3e,
  0xb4, 0x00, 0xe9, 0x3e, 0x9c, 0x4d, 0xe8, 0x3e, 0x5b, 0x9a, 0xe7, 0x3e,
  0xf8, 0xe6, 0xe6, 0x3e, 0x74, 0x33, 0xe6, 0x3e, 0xc7, 0x7f, 0xe5, 0x3e,
  0xfd, 0xcb, 0xe4, 0x3e, 0x0d, 0x18, 0xe4, 0x3e, 0xf9, 0x63, 0xe3, 0x3e,
  0xbf, 0xaf, 0xe2, 0x3e, 0x68, 0xfb, 0xe1, 0x3e, 0xeb, 0x46, 0xe1, 0x3e,
  0x4d, 0x92, 0xe0, 0x3e, 0x8b, 0xdd, 0xdf, 0x3e, 0xa9, 0x28, 0xdf, 0x3e,
  0xa0, 0x73, 0xde, 0x3e, 0x78, 0xbe, 0xdd, 0x3e, 0x2c, 0x09, 0xdd, 0x3e,
  0xc1, 0x53, 0xdc, 0x3e, 0x2e, 0x9e, 0xdb, 0x3e, 0x81, 0xe8, 0xda, 0x3e,
  0xaa, 0x32, 0xda, 0x3e, 0xba, 0x7c, 0xd9, 0x3e, 0xa0, 0xc6, 0xd8, 0x3e,
  0x69, 0x10, 0xd8, 0x3e, 0x10, 0x5a, 0xd7, 0x3e, 0x99, 0xa3, 0xd6, 0x3e,
  0xfd, 0xec, 0xd5, 0x3e, 0x3f, 0x36, 0xd5, 0x3e, 0x64, 0x7f, 0xd4, 0x3e,
  0x63, 0xc8, 0xd3, 0x3e, 0x47, 0x11, 0xd3, 0x3e, 0x07, 0x5a, 0xd2, 0x3e,
  0xa8, 0xa2, 0xd1, 0x3e, 0x28, 0xeb, 0xd0, 0x3e, 0x8a, 0x33, 0xd0, 0x3e,
  0xca, 0x7b, 0xcf, 0x3e, 0xe8, 0xc3, 0xce, 0x3e, 0xe8, 0x0b, 0xce, 0x3e,
  0xc7, 0x53, 0xcd, 0x3e, 0x88, 0x9b, 0xcc, 0x3e, 0x2d, 0xe3, 0xcb, 0x3e,
  0xab, 0x2a, 0xcb, 0x3e, 0x11, 0x72, 0xca, 0x3e, 0x4e, 0xb9, 0xc9, 0x3e,
  0x75, 0x00, 0xc9, 0x3e, 0x7d, 0x47, 0xc8, 0x3e, 0x60, 0x8e, 0xc7, 0x3e,
  0x28, 0xd5, 0xc6, 0x3e, 0xcf, 0x1b, 0xc6, 0x3e, 0x5a, 0x62, 0xc5, 0x3e,
  0xc5, 0xa8, 0xc4, 0x3e, 0x14, 0xef, 0xc3, 0x3e, 0x45, 0x35, 0xc3, 0x3e,
  0x55, 0x7b, 0xc2, 0x3e, 0x47, 0xc1, 0xc1, 0x3e, 0x1d, 0x07, 0xc1, 0x3e,
  0xd6, 0x4c, 0xc0, 0x3e, 0x6c, 0x92, 0xbf, 0x3e, 0xe9, 0xd7, 0xbe, 0x3e,
  0x46, 0x1d, 0xbe, 0x3e, 0x89, 0x62, 0xbd, 0x3e, 0xab, 0xa7, 0xbc, 0x3e,
  0xb5, 0xec, 0xbb, 0x3e, 0xa1, 0x31, 0xbb, 0x3e, 0x6b, 0x76, 0xba, 0x3e,
  0x1d, 0xbb, 0xb9, 0x3e, 0xaf, 0xff, 0xb8, 0x3e, 0x28, 0x44, 0xb8, 0x3e,
  0x84, 0x88, 0xb7, 0x3e, 0xc1, 0xcc, 0xb6, 0x3e, 0xe3, 0x10, 0xb6, 0x3e,
  0xe8, 0x54, 0xb5, 0x3e, 0xd4, 0x98, 0xb4, 0x3e, 0xa3, 0xdc, 0xb3, 0x3e,
  0x53, 0x20, 0xb3, 0x3e, 0xec, 0x63, 0xb2, 0x3e, 0x67, 0xa7, 0xb1, 0x3e,
  0xc7, 0xea, 0xb0, 0x3e, 0x0c, 0x2e, 0xb0, 0x3e, 0x39, 0x71, 0xaf, 0x3e,
  0x48, 0xb4, 0xae, 0x3e, 0x3d, 0xf7, 0xad, 0x3e, 0x13, 0x3a, 0xad, 0x3e,
  0xcf, 0x7c, 0xac, 0x3e, 0x72, 0xbf, 0xab, 0x3e, 0xff, 0x01, 0xab, 0x3e,
  0x6d, 0x44, 0xaa, 0x3e, 0xc4, 0x86, 0xa9, 0x3e, 0xfc, 0xc8, 0xa8, 0x3e,
  0x1d, 0x0b, 0xa8, 0x3e, 0x24, 0x4d, 0xa7, 0x3e, 0x0f, 0x8f, 0xa6, 0x3e,
  0xe3, 0xd0, 0xa5, 0x3e, 0x9c, 0x12, 0xa5, 0x3e, 0x3d, 0x54, 0xa4, 0x3e,
  0xc4, 0x95, 0xa3, 0x3e, 0x30, 0xd7, 0xa2, 0x3e, 0x84, 0x18, 0xa2, 0x3e,
  0xc1, 0x59, 0xa1, 0x3e, 0xe3, 0x9a, 0xa0, 0x3e, 0xea, 0xdb, 0x9f, 0x3e,
  0xde, 0x1c, 0x9f, 0x3e, 0xb2, 0x5d, 0x9e, 0x3e, 0x73, 0x9e, 0x9d, 0x3e,
  0x1c, 0xdf, 0x9c, 0x3e, 0xab, 0x1f, 0x9c, 0x3e, 0x25, 0x60, 0x9b, 0x3e,
  0x84, 0xa0, 0x9a, 0x3e, 0xcc, 0xe0, 0x99, 0x3e, 0xfd, 0x20, 0x99, 0x3e,
  0x12, 0x61, 0x98, 0x3e, 0x14, 0xa1, 0x97, 0x3e, 0x01, 0xe1, 0x96, 0x3e,
  0xd0, 0x20, 0x96, 0x3e, 0x8b, 0x60, 0x95, 0x3e, 0x2f, 0xa0, 0x94, 0x3e,
  0xbb, 0xdf, 0x93, 0x3e, 0x33, 0x1f, 0x93, 0x3e, 0x93, 0x5e, 0x92, 0x3e,
  0xdc, 0x9d, 0x91, 0x3e, 0x0e, 0xdd, 0x90, 0x3e, 0x2b, 0x1c, 0x90, 0x3e,
  0x31, 0x5b, 0x8f, 0x3e, 0x1f, 0x9a, 0x8e, 0x3e, 0xf9, 0xd8, 0x8d, 0x3e,
  0xbc, 0x17, 0x8d, 0x3e, 0x6a, 0x56, 0x8c, 0x3e, 0x05, 0x95, 0x8b, 0x3e,
  0x88, 0xd3, 0x8a, 0x3e, 0xf3, 0x11, 0x8a, 0x3e, 0x4b, 0x50, 0x89, 0x3e,
  0x91, 0x8e, 0x88, 0x3e, 0xc0, 0xcc, 0x87, 0x3e, 0xd8, 0x0a, 0x87, 0x3e,
  0xdb, 0x48, 0x86, 0x3e, 0xcb, 0x86, 0x85, 0x3e, 0xa9, 0xc4, 0x84, 0x3e,
  0x70, 0x02, 0x84, 0x3e, 0x20, 0x40, 0x83, 0x3e, 0xbe, 0x7d, 0x82, 0x3e,
  0x49, 0xbb, 0x81, 0x3e, 0xc0, 0xf8, 0x80, 0x3e, 0x1f, 0x36, 0x80, 0x3e,
  0xe0, 0xe6, 0x7e, 0x3e, 0x4e, 0x61, 0x7d, 0x3e, 0xa1, 0xdb, 0x7b, 0x3e,
  0xcb, 0x55, 0x7a, 0x3e, 0xc6, 0xcf, 0x78, 0x3e, 0xa0, 0x49, 0x77, 0x3e,
  0x59, 0xc3, 0x75, 0x3e, 0xe9, 0x3c, 0x74, 0x3e, 0x51, 0xb6, 0x72, 0x3e,
  0x90, 0x2f, 0x71, 0x3e, 0xae, 0xa8, 0x6f, 0x3e, 0xaa, 0x21, 0x6e, 0x3e,
  0x78, 0x9a, 0x6c, 0x3e, 0x2a, 0x13, 0x6b, 0x3e, 0xb5, 0x8b, 0x69, 0x3e,
  0x1e, 0x04, 0x68, 0x3e, 0x5e, 0x7c, 0x66, 0x3e, 0x7d, 0xf4, 0x64, 0x3e,
  0x81, 0x6c, 0x63, 0x3e, 0x56, 0xe4, 0x61, 0x3e, 0x11, 0x5c, 0x60, 0x3e,
  0xa3, 0xd3, 0x5e, 0x3e, 0x1a, 0x4b, 0x5d, 0x3e, 0x69, 0xc2, 0x5b, 0x3e,
  0x8f, 0x39, 0x5a, 0x3e, 0xa2, 0xb0, 0x58, 0x3e, 0x86, 0x27, 0x57, 0x3e,
  0x55, 0x9e, 0x55, 0x3e, 0x03, 0x15, 0x54, 0x3e, 0x88, 0x8b, 0x52, 0x3e,
  0xf3, 0x01, 0x51, 0x3e, 0x36, 0x78, 0x4f, 0x3e, 0x57, 0xee, 0x4d, 0x3e,
  0x63, 0x64, 0x4c, 0x3e, 0x48, 0xda, 0x4a, 0x3e, 0x18, 0x50, 0x49, 0x3e,
  0xc0, 0xc5, 0x47, 0x3e, 0x47, 0x3b, 0x46, 0x3e, 0xb9, 0xb0, 0x44, 0x3e,
  0xfd, 0x25, 0x43, 0x3e, 0x33, 0x9b, 0x41, 0x3e, 0x47, 0x10, 0x40, 0x3e,
  0x3a, 0x85, 0x3e, 0x3e, 0x13, 0xfa, 0x3c, 0x3e, 0xc9, 0x6e, 0x3b, 0x3e,
  0x65, 0xe3, 0x39, 0x3e, 0xe6, 0x57, 0x38, 0x3e, 0x52, 0xcc, 0x36, 0x3e,
  0x97, 0x40, 0x35, 0x3e, 0xc0, 0xb4, 0x33, 0x3e, 0xcf, 0x28, 0x32, 0x3e,
  0xca, 0x9c, 0x30, 0x3e, 0xa3, 0x10, 0x2f, 0x3e, 0x61, 0x84, 0x2d, 0x3e,
  0xfe, 0xf7, 0x2b, 0x3e, 0x86, 0x6b, 0x2a, 0x3e, 0xfb, 0xde, 0x28, 0x3e,
  0x4e, 0x52, 0x27, 0x3e, 0x86, 0xc5, 0x25, 0x3e, 0xaa, 0x38, 0x24, 0x3e,
  0xb3, 0xab, 0x22, 0x3e, 0xa1, 0x1e, 0x21, 0x3e, 0x7b, 0x91, 0x1f, 0x3e,
  0x3a, 0x04, 0x1e, 0x3e, 0xd8, 0x76, 0x1c, 0x3e, 0x68, 0xe9, 0x1a, 0x3e,
  0xd7, 0x5b, 0x19, 0x3e, 0x38, 0xce, 0x17, 0x3e, 0x7e, 0x40, 0x16, 0x3e,
  0xb1, 0xb2, 0x14, 0x3e, 0xc8, 0x24, 0x13, 0x3e, 0xc5, 0x96, 0x11, 0x3e,
  0xad, 0x08, 0x10, 0x3e, 0x88, 0x7a, 0x0e, 0x3e, 0x49, 0xec, 0x0c, 0x3e,
  0xee, 0x5d, 0x0b, 0x3e, 0x7f, 0xcf, 0x09, 0x3e, 0x03, 0x41, 0x08, 0x3e,
  0x65, 0xb2, 0x06, 0x3e, 0xc1, 0x23, 0x05, 0x3e, 0x02, 0x95, 0x03, 0x3e,
  0x27, 0x06, 0x02, 0x3e, 0x40, 0x77, 0x00, 0x3e, 0x96, 0xd0, 0xfd, 0x3d,
  0x76, 0xb2, 0xfa, 0x3d, 0x21, 0x94, 0xf7, 0x3d, 0xb1, 0x75, 0xf4, 0x3d,
  0x26, 0x57, 0xf1, 0x3d, 0x72, 0x38, 0xee, 0x3d, 0x97, 0x19, 0xeb, 0x3d,
  0x93, 0xfa, 0xe7, 0x3d, 0x74, 0xdb, 0xe4, 0x3d, 0x20, 0xbc, 0xe1, 0x3d,
  0xbe, 0x9c, 0xde, 0x3d, 0x34, 0x7d, 0xdb, 0x3d, 0x82, 0x5d, 0xd8, 0x3d,
  0xb5, 0x3d, 0xd5, 0x3d, 0xbf, 0x1d, 0xd2, 0x3d, 0xaf, 0xfd, 0xce, 0x3d,
  0x80, 0xdd, 0xcb, 0x3d, 0x30, 0xbd, 0xc8, 0x3d, 0xc0, 0x9c, 0xc5, 0x3d,
  0x30, 0x7c, 0xc2, 0x3d, 0x80, 0x5b, 0xbf, 0x3d, 0xc0, 0x3a, 0xbc, 0x3d,
  0xcf, 0x19, 0xb9, 0x3d, 0xd0, 0xf8, 0xb5, 0x3d, 0xaf, 0xd7, 0xb2, 0x3d,
  0x80, 0xb6, 0xaf, 0x3d, 0x20, 0x95, 0xac, 0x3d, 0xb0, 0x73, 0xa9, 0x3d,
  0x20, 0x52, 0xa6, 0x3d, 0x80, 0x30, 0xa3, 0x3d, 0xc0, 0x0e, 0xa0, 0x3d,
  0xf0, 0xec, 0x9c, 0x3d, 0x00, 0xcb, 0x99, 0x3d, 0x00, 0xa9, 0x96, 0x3d,
  0xe0, 0x86, 0x93, 0x3d, 0xb1, 0x64, 0x90, 0x3d, 0x60, 0x42, 0x8d, 0x3d,
  0x00, 0x20, 0x8a, 0x3d, 0x90, 0xfd, 0x86, 0x3d, 0x00, 0xdb, 0x83, 0x3d,
  0x60, 0xb8, 0x80, 0x3d, 0x5f, 0x2b, 0x7b, 0x3d, 0xe0, 0xe5, 0x74, 0x3d,
  0x21, 0xa0, 0x6e, 0x3d, 0x5f, 0x5a, 0x68, 0x3d, 0x5f, 0x14, 0x62, 0x3d,
  0x3f, 0xce, 0x5b, 0x3d, 0xff, 0x87, 0x55, 0x3d, 0x9f, 0x41, 0x4f, 0x3d,
  0x21, 0xfb, 0x48, 0x3d, 0x80, 0xb4, 0x42, 0x3d, 0xbf, 0x6d, 0x3c, 0x3d,
  0xe1, 0x26, 0x36, 0x3d, 0xff, 0xdf, 0x2f, 0x3d, 0xe0, 0x98, 0x29, 0x3d,
  0xbf, 0x51, 0x23, 0x3d, 0x80, 0x0a, 0x1d, 0x3d, 0x20, 0xc3, 0x16, 0x3d,
  0xa1, 0x7b, 0x10, 0x3d, 0x21, 0x34, 0x0a, 0x3d, 0x81, 0xec, 0x03, 0x3d,
  0x82, 0x49, 0xfb, 0x3c, 0x02, 0xba, 0xee, 0x3c, 0x42, 0x2a, 0xe2, 0x3c,
  0x81, 0x9a, 0xd5, 0x3c, 0x80, 0x0a, 0xc9, 0x3c, 0x7f, 0x7a, 0xbc, 0x3c,
  0x3e, 0xea, 0xaf, 0x3c, 0x02, 0x5a, 0xa3, 0x3c, 0x80, 0xc9, 0x96, 0x3c,
  0xfe, 0x38, 0x8a, 0x3c, 0x04, 0x51, 0x7b, 0x3c, 0x80, 0x2f, 0x62, 0x3c,
  0x7c, 0x0e, 0x49, 0x3c, 0x03, 0xed, 0x2f, 0x3c, 0x00, 0xcb, 0x16, 0x3c,
  0xff, 0x52, 0xfb, 0x3b, 0xff, 0x0e, 0xc9, 0x3b, 0x00, 0xcb, 0x96, 0x3b,
  0x00, 0x0e, 0x49, 0x3b, 0x01, 0x0c, 0xc9, 0x3a, 0x00, 0x00, 0x00, 0x00,
  0xff, 0x0f, 0xc9, 0xba, 0xff, 0x0f, 0x49, 0xbb, 0xff, 0xcb, 0x96, 0xbb,
  0x01, 0x10, 0xc9, 0xbb, 0x01, 0x54, 0xfb, 0xbb, 0x80, 0xcb, 0x16, 0xbc,
  0x83, 0xed, 0x2f, 0xbc, 0xfd, 0x0e, 0x49, 0xbc, 0x01, 0x30, 0x62, 0xbc,
  0x85, 0x51, 0x7b, 0xbc, 0x3f, 0x39, 0x8a, 0xbc, 0xc1, 0xc9, 0x96, 0xbc,
  0x42, 0x5a, 0xa3, 0xbc, 0x7e, 0xea, 0xaf, 0xbc, 0xc0, 0x7a, 0xbc, 0xbc,
  0xc1, 0x0a, 0xc9, 0xbc, 0xc2, 0x9a, 0xd5, 0xbc, 0x82, 0x2a, 0xe2, 0xbc,
  0x43, 0xba, 0xee, 0xbc, 0xc3, 0x49, 0xfb, 0xbc, 0xa1, 0xec, 0x03, 0xbd,
  0x41, 0x34, 0x0a, 0xbd, 0xc1, 0x7b, 0x10, 0xbd, 0x40, 0xc3, 0x16, 0xbd,
  0xa0, 0x0a, 0x1d, 0xbd, 0xdf, 0x51, 0x23, 0xbd, 0x01, 0x99, 0x29, 0xbd,
  0x20, 0xe0, 0x2f, 0xbd, 0x01, 0x27, 0x36, 0xbd, 0xdf, 0x6d, 0x3c, 0xbd,
  0xa0, 0xb4, 0x42, 0xbd, 0x41, 0xfb, 0x48, 0xbd, 0xbf, 0x41, 0x4f, 0xbd,
  0x1f, 0x88, 0x55, 0xbd, 0x60, 0xce, 0x5b, 0xbd, 0x80, 0x14, 0x62, 0xbd,
  0x7f, 0x5a, 0x68, 0xbd, 0x41, 0xa0, 0x6e, 0xbd, 0x01, 0xe6, 0x74, 0xbd,
  0x80, 0x2b, 0x7b, 0xbd, 0x70, 0xb8, 0x80, 0xbd, 0x10, 0xdb, 0x83, 0xbd,
  0xa0, 0xfd, 0x86, 0xbd, 0x10, 0x20, 0x8a, 0xbd, 0x71, 0x42, 0x8d, 0xbd,
  0xc1, 0x64, 0x90, 0xbd, 0xf0, 0x86, 0x93, 0xbd, 0x10, 0xa9, 0x96, 0xbd,
  0x10, 0xcb, 0x99, 0xbd, 0x00, 0xed, 0x9c, 0xbd, 0xd0, 0x0e, 0xa0, 0xbd,
  0x90, 0x30, 0xa3, 0xbd, 0x30, 0x52, 0xa6, 0xbd, 0xc0, 0x73, 0xa9, 0xbd,
  0x30, 0x95, 0xac, 0xbd, 0x90, 0xb6, 0xaf, 0xbd, 0xc0, 0xd7, 0xb2, 0xbd,
  0xe0, 0xf8, 0xb5, 0xbd, 0xdf, 0x19, 0xb9, 0xbd, 0xd0, 0x3a, 0xbc, 0xbd,
  0x90, 0x5b, 0xbf, 0xbd, 0x40, 0x7c, 0xc2, 0xbd, 0xd0, 0x9c, 0xc5, 0xbd,
  0x41, 0xbd, 0xc8, 0xbd, 0x90, 0xdd, 0xcb, 0xbd, 0xbc, 0xfd, 0xce, 0xbd,
  0xcd, 0x1d, 0xd2, 0xbd, 0xc2, 0x3d, 0xd5, 0xbd, 0x8f, 0x5d, 0xd8, 0xbd,
  0x41, 0x7d, 0xdb, 0xbd, 0xcb, 0x9c, 0xde, 0xbd, 0x2d, 0xbc, 0xe1, 0xbd,
  0x82, 0xdb, 0xe4, 0xbd, 0xa0, 0xfa, 0xe7, 0xbd, 0xa4, 0x19, 0xeb, 0xbd,
  0x80, 0x38, 0xee, 0xbd, 0x33, 0x57, 0xf1, 0xbd, 0xbe, 0x75, 0xf4, 0xbd,
  0x2e, 0x94, 0xf7, 0xbd, 0x83, 0xb2, 0xfa, 0xbd, 0xa3, 0xd0, 0xfd, 0xbd,
  0x47, 0x77, 0x00, 0xbe, 0x2e, 0x06, 0x02, 0xbe, 0x08, 0x95, 0x03, 0xbe,
  0xc8, 0x23, 0x05, 0xbe, 0x73, 0xb2, 0x06, 0xbe, 0x0a, 0x41, 0x08, 0xbe,
  0x86, 0xcf, 0x09, 0xbe, 0xf5, 0x5d, 0x0b, 0xbe, 0x4f, 0xec, 0x0c, 0xbe,
  0x8f, 0x7a, 0x0e, 0xbe, 0xbb, 0x08, 0x10, 0xbe, 0xd2, 0x96, 0x11, 0xbe,
  0xcf, 0x24, 0x13, 0xbe, 0xb7, 0xb2, 0x14, 0xbe, 0x85, 0x40, 0x16, 0xbe,
  0x3f, 0xce, 0x17, 0xbe, 0xdd, 0x5b, 0x19, 0xbe, 0x6f, 0xe9, 0x1a, 0xbe,
  0xdf, 0x76, 0x1c, 0xbe, 0x41, 0x04, 0x1e, 0xbe, 0x82, 0x91, 0x1f, 0xbe,
  0xa8, 0x1e, 0x21, 0xbe, 0xb9, 0xab, 0x22, 0xbe, 0xb0, 0x38, 0x24, 0xbe,
  0x93, 0xc5, 0x25, 0xbe, 0x5b, 0x52, 0x27, 0xbe, 0x02, 0xdf, 0x28, 0xbe,
  0x8d, 0x6b, 0x2a, 0xbe, 0x0b, 0xf8, 0x2b, 0xbe, 0x68, 0x84, 0x2d, 0xbe,
  0xaa, 0x10, 0x2f, 0xbe, 0xd1, 0x9c, 0x30, 0xbe, 0xd6, 0x28, 0x32, 0xbe,
  0xc7, 0xb4, 0x33, 0xbe, 0x9d, 0x40, 0x35, 0xbe, 0x59, 0xcc, 0x36, 0xbe,
  0xf3, 0x57, 0x38, 0xbe, 0x72, 0xe3, 0x39, 0xbe, 0xd0, 0x6e, 0x3b, 0xbe,
  0x19, 0xfa, 0x3c, 0xbe, 0x41, 0x85, 0x3e, 0xbe, 0x4e, 0x10, 0x40, 0xbe,
  0x3a, 0x9b, 0x41, 0xbe, 0x0a, 0x26, 0x43, 0xbe, 0xc0, 0xb0, 0x44, 0xbe,
  0x4e, 0x3b, 0x46, 0xbe, 0xc7, 0xc5, 0x47, 0xbe, 0x1f, 0x50, 0x49, 0xbe,
  0x4f, 0xda, 0x4a, 0xbe, 0x6a, 0x64, 0x4c, 0xbe, 0x5d, 0xee, 0x4d, 0xbe,
  0x43, 0x78, 0x4f, 0xbe, 0xfa, 0x01, 0x51, 0xbe, 0x8f, 0x8b, 0x52, 0xbe,
  0x09, 0x15, 0x54, 0xbe, 0x62, 0x9e, 0x55, 0xbe, 0x93, 0x27, 0x57, 0xbe,
  0xa9, 0xb0, 0x58, 0xbe, 0x96, 0x39, 0x5a, 0xbe, 0x6f, 0xc2, 0x5b, 0xbe,
  0x21, 0x4b, 0x5d, 0xbe, 0xa9, 0xd3, 0x5e, 0xbe, 0x17, 0x5c, 0x60, 0xbe,
  0x5d, 0xe4, 0x61, 0xbe, 0x88, 0x6c, 0x63, 0xbe, 0x8b, 0xf4, 0x64, 0xbe,
  0x65, 0x7c, 0x66, 0xbe, 0x2b, 0x04, 0x68, 0xbe, 0xc2, 0x8b, 0x69, 0xbe,
  0x31, 0x13, 0x6b, 0xbe, 0x7f, 0x9a, 0x6c, 0xbe, 0xb1, 0x21, 0x6e, 0xbe,
  0xb5, 0xa8, 0x6f, 0xbe, 0x97, 0x2f, 0x71, 0xbe, 0x57, 0xb6, 0x72, 0xbe,
  0xef, 0x3c, 0x74, 0xbe, 0x5f, 0xc3, 0x75, 0xbe, 0xa7, 0x49, 0x77, 0xbe,
  0xcd, 0xcf, 0x78, 0xbe, 0xd2, 0x55, 0x7a, 0xbe, 0xa7, 0xdb, 0x7b, 0xbe,
  0x55, 0x61, 0x7d, 0xbe, 0xe7, 0xe6, 0x7e, 0xbe, 0x25, 0x36, 0x80, 0xbe,
  0xc3, 0xf8, 0x80, 0xbe, 0x4c, 0xbb, 0x81, 0xbe, 0xc5, 0x7d, 0x82, 0xbe,
  0x23, 0x40, 0x83, 0xbe, 0x73, 0x02, 0x84, 0xbe, 0xac, 0xc4, 0x84, 0xbe,
  0xd1, 0x86, 0x85, 0xbe, 0xdf, 0x48, 0x86, 0xbe, 0xdb, 0x0a, 0x87, 0xbe,
  0xc4, 0xcc, 0x87, 0xbe, 0x95, 0x8e, 0x88, 0xbe, 0x51, 0x50, 0x89, 0xbe,
  0xf7, 0x11, 0x8a, 0xbe, 0x8b, 0xd3, 0x8a, 0xbe, 0x08, 0x95, 0x8b, 0xbe,
  0x71, 0x56, 0x8c, 0xbe, 0xbf, 0x17, 0x8d, 0xbe, 0xfd, 0xd8, 0x8d, 0xbe,
  0x22, 0x9a, 0x8e, 0xbe, 0x34, 0x5b, 0x8f, 0xbe, 0x32, 0x1c, 0x90, 0xbe,
  0x11, 0xdd, 0x90, 0xbe, 0xdf, 0x9d, 0x91, 0xbe, 0x97, 0x5e, 0x92, 0xbe,
  0x3a, 0x1f, 0x93, 0xbe, 0xc2, 0xdf, 0x93, 0xbe, 0x36, 0xa0, 0x94, 0xbe,
  0x8f, 0x60, 0x95, 0xbe, 0xd4, 0x20, 0x96, 0xbe, 0x05, 0xe1, 0x96, 0xbe,
  0x17, 0xa1, 0x97, 0xbe, 0x19, 0x61, 0x98, 0xbe, 0x00, 0x21, 0x99, 0xbe,
  0xd0, 0xe0, 0x99, 0xbe, 0x88, 0xa0, 0x9a, 0xbe, 0x28, 0x60, 0x9b, 0xbe,
  0xb1, 0x1f, 0x9c, 0xbe, 0x20, 0xdf, 0x9c, 0xbe, 0x76, 0x9e, 0x9d, 0xbe,
  0xb9, 0x5d, 0x9e, 0xbe, 0xe1, 0x1c, 0x9f, 0xbe, 0xf1, 0xdb, 0x9f, 0xbe,
  0xe7, 0x9a, 0xa0, 0xbe, 0xc5, 0x59, 0xa1, 0xbe, 0x88, 0x18, 0xa2, 0xbe,
  0x33, 0xd7, 0xa2, 0xbe, 0xc7, 0x95, 0xa3, 0xbe, 0x41, 0x54, 0xa4, 0xbe,
  0x9f, 0x12, 0xa5, 0xbe, 0xea, 0xd0, 0xa5, 0xbe, 0x12, 0x8f, 0xa6, 0xbe,
  0x27, 0x4d, 0xa7, 0xbe, 0x21, 0x0b, 0xa8, 0xbe, 0x00, 0xc9, 0xa8, 0xbe,
  0xc7, 0x86, 0xa9, 0xbe, 0x70, 0x44, 0xaa, 0xbe, 0x06, 0x02, 0xab, 0xbe,
  0x79, 0xbf, 0xab, 0xbe, 0xd5, 0x7c, 0xac, 0xbe, 0x16, 0x3a, 0xad, 0xbe,
  0x40, 0xf7, 0xad, 0xbe, 0x4c, 0xb4, 0xae, 0xbe, 0x3d, 0x71, 0xaf, 0xbe,
  0x0f, 0x2e, 0xb0, 0xbe, 0xcd, 0xea, 0xb0, 0xbe, 0x6e, 0xa7, 0xb1, 0xbe,
  0xf0, 0x63, 0xb2, 0xbe, 0x57, 0x20, 0xb3, 0xbe, 0xa6, 0xdc, 0xb3, 0xbe,
  0xd8, 0x98, 0xb4, 0xbe, 0xeb, 0x54, 0xb5, 0xbe, 0xe7, 0x10, 0xb6, 0xbe,
  0xc4, 0xcc, 0xb6, 0xbe, 0x87, 0x88, 0xb7, 0xbe, 0x2c, 0x44, 0xb8, 0xbe,
  0xb5, 0xff, 0xb8, 0xbe, 0x21, 0xbb, 0xb9, 0xbe, 0x71, 0x76, 0xba, 0xbe,
  0xa4, 0x31, 0xbb, 0xbe, 0xb8, 0xec, 0xbb, 0xbe, 0xb2, 0xa7, 0xbc, 0xbe,
  0x8d, 0x62, 0xbd, 0xbe, 0x4d, 0x1d, 0xbe, 0xbe, 0xec, 0xd7, 0xbe, 0xbe,
  0x70, 0x92, 0xbf, 0xbe, 0xd9, 0x4c, 0xc0, 0xbe, 0x21, 0x07, 0xc1, 0xbe,
  0x4d, 0xc1, 0xc1, 0xbe, 0x58, 0x7b, 0xc2, 0xbe, 0x49, 0x35, 0xc3, 0xbe,
  0x17, 0xef, 0xc3, 0xbe, 0xc8, 0xa8, 0xc4, 0xbe, 0x61, 0x62, 0xc5, 0xbe,
  0xd5, 0x1b, 0xc6, 0xbe, 0x2b, 0xd5, 0xc6, 0xbe, 0x63, 0x8e, 0xc7, 0xbe,
  0x80, 0x47, 0xc8, 0xbe, 0x78, 0x00, 0xc9, 0xbe, 0x55, 0xb9, 0xc9, 0xbe,
  0x14, 0x72, 0xca, 0xbe, 0xb2, 0x2a, 0xcb, 0xbe, 0x31, 0xe3, 0xcb, 0xbe,
  0x8b, 0x9b, 0xcc, 0xbe, 0xcb, 0x53, 0xcd, 0xbe, 0xec, 0x0b, 0xce, 0xbe,
  0xeb, 0xc3, 0xce, 0xbe, 0xcd, 0x7b, 0xcf, 0xbe, 0x8d, 0x33, 0xd0, 0xbe,
  0x2b, 0xeb, 0xd0, 0xbe, 0xac, 0xa2, 0xd1, 0xbe, 0x0e, 0x5a, 0xd2, 0xbe,
  0x4b, 0x11, 0xd3, 0xbe, 0x6a, 0xc8, 0xd3, 0xbe, 0x67, 0x7f, 0xd4, 0xbe,
  0x43, 0x36, 0xd5, 0xbe, 0x00, 0xed, 0xd5, 0xbe, 0x9c, 0xa3, 0xd6, 0xbe,
  0x13, 0x5a, 0xd7, 0xbe, 0x6c, 0x10, 0xd8, 0xbe, 0xa4, 0xc6, 0xd8, 0xbe,
  0xbd, 0x7c, 0xd9, 0xbe, 0xb1, 0x32, 0xda, 0xbe, 0x84, 0xe8, 0xda, 0xbe,
  0x35, 0x9e, 0xdb, 0xbe, 0xc5, 0x53, 0xdc, 0xbe, 0x2f, 0x09, 0xdd, 0xbe,
  0x7c, 0xbe, 0xdd, 0xbe, 0xa3, 0x73, 0xde, 0xbe, 0xad, 0x28, 0xdf, 0xbe,
  0x91, 0xdd, 0xdf, 0xbe, 0x51, 0x92, 0xe0, 0xbe, 0xef, 0x46, 0xe1, 0xbe,
  0x6b, 0xfb, 0xe1, 0xbe, 0xc3, 0xaf, 0xe2, 0xbe, 0xfc, 0x63, 0xe3, 0xbe,
  0x11, 0x18, 0xe4, 0xbe, 0x00, 0xcc, 0xe4, 0xbe, 0xcb, 0x7f, 0xe5, 0xbe,
  0x77, 0x33, 0xe6, 0xbe, 0xfb, 0xe6, 0xe6, 0xbe, 0x61, 0x9a, 0xe7, 0xbe,
  0x9f, 0x4d, 0xe8, 0xbe, 0xb8, 0x00, 0xe9, 0xbe, 0xaf, 0xb3, 0xe9, 0xbe,
  0x85, 0x66, 0xea, 0xbe, 0x35, 0x19, 0xeb, 0xbe, 0xba, 0xcb, 0xeb, 0xbe,
  0x25, 0x7e, 0xec, 0xbe, 0x63, 0x30, 0xed, 0xbe, 0x84, 0xe2, 0xed, 0xbe,
  0x7c, 0x94, 0xee, 0xbe, 0x4f, 0x46, 0xef, 0xbe, 0xfa, 0xf7, 0xef, 0xbe,
  0x87, 0xa9, 0xf0, 0xbe, 0xec, 0x5a, 0xf1, 0xbe, 0x2c, 0x0c, 0xf2, 0xbe,
  0x43, 0xbd, 0xf2, 0xbe, 0x3c, 0x6e, 0xf3, 0xbe, 0x06, 0x1f, 0xf4, 0xbe,
  0xb2, 0xcf, 0xf4, 0xbe, 0x39, 0x80, 0xf5, 0xbe, 0x95, 0x30, 0xf6, 0xbe,
  0xcc, 0xe0, 0xf6, 0xbe, 0xe1, 0x90, 0xf7, 0xbe, 0xcd, 0x40, 0xf8, 0xbe,
  0x8e, 0xf0, 0xf8, 0xbe, 0x31, 0xa0, 0xf9, 0xbe, 0xa9, 0x4f, 0xfa, 0xbe,
  0xf8, 0xfe, 0xfa, 0xbe, 0x25, 0xae, 0xfb, 0xbe, 0x27, 0x5d, 0xfc, 0xbe,
  0x07, 0x0c, 0xfd, 0xbe, 0xbc, 0xba, 0xfd, 0xbe, 0x4c, 0x69, 0xfe, 0xbe,
  0xb3, 0x17, 0xff, 0xbe, 0xf3, 0xc5, 0xff, 0xbe, 0x08, 0x3a, 0x00, 0xbf,
  0x00, 0x91, 0x00, 0xbf, 0xe6, 0xe7, 0x00, 0xbf, 0xb5, 0x3e, 0x01, 0xbf,
  0x74, 0x95, 0x01, 0xbf, 0x1c, 0xec, 0x01, 0xbf, 0xb2, 0x42, 0x02, 0xbf,
  0x34, 0x99, 0x02, 0xbf, 0xa0, 0xef, 0x02, 0xbf, 0xfa, 0x45, 0x03, 0xbf,
  0x3e, 0x9c, 0x03, 0xbf, 0x6d, 0xf2, 0x03, 0xbf, 0x8b, 0x48, 0x04, 0xbf,
  0x92, 0x9e, 0x04, 0xbf, 0x84, 0xf4, 0x04, 0xbf, 0x65, 0x4a, 0x05, 0xbf,
  0x2e, 0xa0, 0x05, 0xbf, 0xe2, 0xf5, 0x05, 0xbf, 0x84, 0x4b, 0x06, 0xbf,
  0x10, 0xa1, 0x06, 0xbf, 0x85, 0xf6, 0x06, 0xbf, 0xea, 0x4b, 0x07, 0xbf,
  0x35, 0xa1, 0x07, 0xbf, 0x70, 0xf6, 0x07, 0xbf, 0x93, 0x4b, 0x08, 0xbf,
  0xa3, 0xa0, 0x08, 0xbf, 0x9c, 0xf5, 0x08, 0xbf, 0x80, 0x4a, 0x09, 0xbf,
  0x51, 0x9f, 0x09, 0xbf, 0x0a, 0xf4, 0x09, 0xbf, 0xae, 0x48, 0x0a, 0xbf,
  0x3e, 0x9d, 0x0a, 0xbf, 0xb7, 0xf1, 0x0a, 0xbf, 0x1b, 0x46, 0x0b, 0xbf,
  0x6b, 0x9a, 0x0b, 0xbf, 0xa5, 0xee, 0x0b, 0xbf, 0xca, 0x42, 0x0c, 0xbf,
  0xd8, 0x96, 0x0c, 0xbf, 0xd2, 0xea, 0x0c, 0xbf, 0xb4, 0x3e, 0x0d, 0xbf,
  0x82, 0x92, 0x0d, 0xbf, 0x3a, 0xe6, 0x0d, 0xbf, 0xd9, 0x39, 0x0e, 0xbf,
  0x67, 0x8d, 0x0e, 0xbf, 0xdc, 0xe0, 0x0e, 0xbf, 0x3c, 0x34, 0x0f, 0xbf,
  0x86, 0x87, 0x0f, 0xbf, 0xb7, 0xda, 0x0f, 0xbf, 0xd6, 0x2d, 0x10, 0xbf,
  0xdf, 0x80, 0x10, 0xbf, 0xce, 0xd3, 0x10, 0xbf, 0xa8, 0x26, 0x11, 0xbf,
  0x6c, 0x79, 0x11, 0xbf, 0x1a, 0xcc, 0x11, 0xbf, 0xb1, 0x1e, 0x12, 0xbf,
  0x32, 0x71, 0x12, 0xbf, 0x9d, 0xc3, 0x12, 0xbf, 0xee, 0x15, 0x13, 0xbf,
  0x2c, 0x68, 0x13, 0xbf, 0x52, 0xba, 0x13, 0xbf, 0x60, 0x0c, 0x14, 0xbf,
  0x58, 0x5e, 0x14, 0xbf, 0x3a, 0xb0, 0x14, 0xbf, 0x04, 0x02, 0x15, 0xbf,
  0xb8, 0x53, 0x15, 0xbf, 0x55, 0xa5, 0x15, 0xbf, 0xda, 0xf6, 0x15, 0xbf,
  0x48, 0x48, 0x16, 0xbf, 0x9f, 0x99, 0x16, 0xbf, 0xe0, 0xea, 0x16, 0xbf,
  0x09, 0x3c, 0x17, 0xbf, 0x1a, 0x8d, 0x17, 0xbf, 0x14, 0xde, 0x17, 0xbf,
  0xf7, 0x2e, 0x18, 0xbf, 0xc0, 0x7f, 0x18, 0xbf, 0x73, 0xd0, 0x18, 0xbf,
  0x0f, 0x21, 0x19, 0xbf, 0x94, 0x71, 0x19, 0xbf, 0x02, 0xc2, 0x19, 0xbf,
  0x56, 0x12, 0x1a, 0xbf, 0x94, 0x62, 0x1a, 0xbf, 0xb7, 0xb2, 0x1a, 0xbf,
  0xc7, 0x02, 0x1b, 0xbf, 0xbc, 0x52, 0x1b, 0xbf, 0x9b, 0xa2, 0x1b, 0xbf,
  0x60, 0xf2, 0x1b, 0xbf, 0x0e, 0x42, 0x1c, 0xbf, 0xa2, 0x91, 0x1c, 0xbf,
  0x1f, 0xe1, 0x1c, 0xbf, 0x87, 0x30, 0x1d, 0xbf, 0xd1, 0x7f, 0x1d, 0xbf,
  0x06, 0xcf, 0x1d, 0xbf, 0x24, 0x1e, 0x1e, 0xbf, 0x28, 0x6d, 0x1e, 0xbf,
  0x12, 0xbc, 0x1e, 0xbf, 0xe5, 0x0a, 0x1f, 0xbf, 0xa0, 0x59, 0x1f, 0xbf,
  0x43, 0xa8, 0x1f, 0xbf, 0xcc, 0xf6, 0x1f, 0xbf, 0x3b, 0x45, 0x20, 0xbf,
  0x95, 0x93, 0x20, 0xbf, 0xd5, 0xe1, 0x20, 0xbf, 0xfa, 0x2f, 0x21, 0xbf,
  0x07, 0x7e, 0x21, 0xbf, 0xfc, 0xcb, 0x21, 0xbf, 0xd7, 0x19, 0x22, 0xbf,
  0x99, 0x67, 0x22, 0xbf, 0x44, 0xb5, 0x22, 0xbf, 0xd4, 0x02, 0x23, 0xbf,
  0x4c, 0x50, 0x23, 0xbf, 0xaa, 0x9d, 0x23, 0xbf, 0xee, 0xea, 0x23, 0xbf,
  0x19, 0x38, 0x24, 0xbf, 0x2b, 0x85, 0x24, 0xbf, 0x26, 0xd2, 0x24, 0xbf,
  0x05, 0x1f, 0x25, 0xbf, 0xcc, 0x6b, 0x25, 0xbf, 0x78, 0xb8, 0x25, 0xbf,
  0x0c, 0x05, 0x26, 0xbf, 0x84, 0x51, 0x26, 0xbf, 0xe4, 0x9d, 0x26, 0xbf,
  0x2b, 0xea, 0x26, 0xbf, 0x57, 0x36, 0x27, 0xbf, 0x6a, 0x82, 0x27, 0xbf,
  0x62, 0xce, 0x27, 0xbf, 0x43, 0x1a, 0x28, 0xbf, 0x07, 0x66, 0x28, 0xbf,
  0xb0, 0xb1, 0x28, 0xbf, 0x42, 0xfd, 0x28, 0xbf, 0xb9, 0x48, 0x29, 0xbf,
  0x17, 0x94, 0x29, 0xbf, 0x58, 0xdf, 0x29, 0xbf, 0x80, 0x2a, 0x2a, 0xbf,
  0x8d, 0x75, 0x2a, 0xbf, 0x81, 0xc0, 0x2a, 0xbf, 0x5c, 0x0b, 0x2b, 0xbf,
  0x1c, 0x56, 0x2b, 0xbf, 0xc0, 0xa0, 0x2b, 0xbf, 0x4a, 0xeb, 0x2b, 0xbf,
  0xba, 0x35, 0x2c, 0xbf, 0x10, 0x80, 0x2c, 0xbf, 0x4a, 0xca, 0x2c, 0xbf,
  0x69, 0x14, 0x2d, 0xbf, 0x71, 0x5e, 0x2d, 0xbf, 0x5a, 0xa8, 0x2d, 0xbf,
  0x2a, 0xf2, 0x2d, 0xbf, 0xde, 0x3b, 0x2e, 0xbf, 0x7a, 0x85, 0x2e, 0xbf,
  0xf8, 0xce, 0x2e, 0xbf, 0x5b, 0x18, 0x2f, 0xbf, 0xa5, 0x61, 0x2f, 0xbf,
  0xd4, 0xaa, 0x2f, 0xbf, 0xe5, 0xf3, 0x2f, 0xbf, 0xdf, 0x3c, 0x30, 0xbf,
  0xbc, 0x85, 0x30, 0xbf, 0x7e, 0xce, 0x30, 0xbf, 0x23, 0x17, 0x31, 0xbf,
  0xae, 0x5f, 0x31, 0xbf, 0x1e, 0xa8, 0x31, 0xbf, 0x73, 0xf0, 0x31, 0xbf,
  0xab, 0x38, 0x32, 0xbf, 0xc7, 0x80, 0x32, 0xbf, 0xca, 0xc8, 0x32, 0xbf,
  0xb0, 0x10, 0x33, 0xbf, 0x7a, 0x58, 0x33, 0xbf, 0x2b, 0xa0, 0x33, 0xbf,
  0xbf, 0xe7, 0x33, 0xbf, 0x35, 0x2f, 0x34, 0xbf, 0x90, 0x76, 0x34, 0xbf,
  0xd0, 0xbd, 0x34, 0xbf, 0xf4, 0x04, 0x35, 0xbf, 0xfc, 0x4b, 0x35, 0xbf,
  0xe9, 0x92, 0x35, 0xbf, 0xb8, 0xd9, 0x35, 0xbf, 0x6c, 0x20, 0x36, 0xbf,
  0x04, 0x67, 0x36, 0xbf, 0x80, 0xad, 0x36, 0xbf, 0xdf, 0xf3, 0x36, 0xbf,
  0x24, 0x3a, 0x37, 0xbf, 0x4a, 0x80, 0x37, 0xbf, 0x56, 0xc6, 0x37, 0xbf,
  0x45, 0x0c, 0x38, 0xbf, 0x15, 0x52, 0x38, 0xbf, 0xcb, 0x97, 0x38, 0xbf,
  0x66, 0xdd, 0x38, 0xbf, 0xe2, 0x22, 0x39, 0xbf, 0x42, 0x68, 0x39, 0xbf,
  0x86, 0xad, 0x39, 0xbf, 0xad, 0xf2, 0x39, 0xbf, 0xb8, 0x37, 0x3a, 0xbf,
  0xa6, 0x7c, 0x3a, 0xbf, 0x76, 0xc1, 0x3a, 0xbf, 0x2a, 0x06, 0x3b, 0xbf,
  0xc3, 0x4a, 0x3b, 0xbf, 0x3b, 0x8f, 0x3b, 0xbf, 0x99, 0xd3, 0x3b, 0xbf,
  0xd9, 0x17, 0x3c, 0xbf, 0xfe, 0x5b, 0x3c, 0xbf, 0x03, 0xa0, 0x3c, 0xbf,
  0xed, 0xe3, 0x3c, 0xbf, 0xba, 0x27, 0x3d, 0xbf, 0x67, 0x6b, 0x3d, 0xbf,
  0xfa, 0xae, 0x3d, 0xbf, 0x6d, 0xf2, 0x3d, 0xbf, 0xc6, 0x35, 0x3e, 0xbf,
  0x00, 0x79, 0x3e, 0xbf, 0x1c, 0xbc, 0x3e, 0xbf, 0x1d, 0xff, 0x3e, 0xbf,
  0xfe, 0x41, 0x3f, 0xbf, 0xc2, 0x84, 0x3f, 0xbf, 0x67, 0xc7, 0x3f, 0xbf,
  0xf3, 0x09, 0x40, 0xbf, 0x5d, 0x4c, 0x40, 0xbf, 0xaa, 0x8e, 0x40, 0xbf,
  0xda, 0xd0, 0x40, 0xbf, 0xee, 0x12, 0x41, 0xbf, 0xe3, 0x54, 0x41, 0xbf,
  0xb7, 0x96, 0x41, 0xbf, 0x71, 0xd8, 0x41, 0xbf, 0x0b, 0x1a, 0x42, 0xbf,
  0x8a, 0x5b, 0x42, 0xbf, 0xe8, 0x9c, 0x42, 0xbf, 0x2b, 0xde, 0x42, 0xbf,
  0x4c, 0x1f, 0x43, 0xbf, 0x52, 0x60, 0x43, 0xbf, 0x39, 0xa1, 0x43, 0xbf,
  0x03, 0xe2, 0x43, 0xbf, 0xad, 0x22, 0x44, 0xbf, 0x39, 0x63, 0x44, 0xbf,
  0xa6, 0xa3, 0x44, 0xbf, 0xf6, 0xe3, 0x44, 0xbf, 0x29, 0x24, 0x45, 0xbf,
  0x3a, 0x64, 0x45, 0xbf, 0x2d, 0xa4, 0x45, 0xbf, 0x04, 0xe4, 0x45, 0xbf,
  0xbd, 0x23, 0x46, 0xbf, 0x54, 0x63, 0x46, 0xbf, 0xce, 0xa2, 0x46, 0xbf,
  0x2a, 0xe2, 0x46, 0xbf, 0x68, 0x21, 0x47, 0xbf, 0x86, 0x60, 0x47, 0xbf,
  0x86, 0x9f, 0x47, 0xbf, 0x66, 0xde, 0x47, 0xbf, 0x28, 0x1d, 0x48, 0xbf,
  0xcc, 0x5b, 0x48, 0xbf, 0x50, 0x9a, 0x48, 0xbf, 0xb4, 0xd8, 0x48, 0xbf,
  0xf9, 0x16, 0x49, 0xbf, 0x22, 0x55, 0x49, 0xbf, 0x2a, 0x93, 0x49, 0xbf,
  0x14, 0xd1, 0x49, 0xbf, 0xdf, 0x0e, 0x4a, 0xbf, 0x88, 0x4c, 0x4a, 0xbf,
  0x14, 0x8a, 0x4a, 0xbf, 0x80, 0xc7, 0x4a, 0xbf, 0xcf, 0x04, 0x4b, 0xbf,
  0xfc, 0x41, 0x4b, 0xbf, 0x0a, 0x7f, 0x4b, 0xbf, 0xf8, 0xbb, 0x4b, 0xbf,
  0xc9, 0xf8, 0x4b, 0xbf, 0x79, 0x35, 0x4c, 0xbf, 0x0a, 0x72, 0x4c, 0xbf,
  0x7a, 0xae, 0x4c, 0xbf, 0xcc, 0xea, 0x4c, 0xbf, 0xfe, 0x26, 0x4d, 0xbf,
  0x10, 0x63, 0x4d, 0xbf, 0x03, 0x9f, 0x4d, 0xbf, 0xd6, 0xda, 0x4d, 0xbf,
  0x8a, 0x16, 0x4e, 0xbf, 0x1e, 0x52, 0x4e, 0xbf, 0x90, 0x8d, 0x4e, 0xbf,
  0xe3, 0xc8, 0x4e, 0xbf, 0x18, 0x04, 0x4f, 0xbf, 0x2c, 0x3f, 0x4f, 0xbf,
  0x20, 0x7a, 0x4f, 0xbf, 0xf4, 0xb4, 0x4f, 0xbf, 0xa8, 0xef, 0x4f, 0xbf,
  0x3b, 0x2a, 0x50, 0xbf, 0xb1, 0x64, 0x50, 0xbf, 0x04, 0x9f, 0x50, 0xbf,
  0x38, 0xd9, 0x50, 0xbf, 0x4a, 0x13, 0x51, 0xbf, 0x3e, 0x4d, 0x51, 0xbf,
  0x0f, 0x87, 0x51, 0xbf, 0xc4, 0xc0, 0x51, 0xbf, 0x56, 0xfa, 0x51, 0xbf,
  0xc8, 0x33, 0x52, 0xbf, 0x17, 0x6d, 0x52, 0xbf, 0x4b, 0xa6, 0x52, 0xbf,
  0x5a, 0xdf, 0x52, 0xbf, 0x4a, 0x18, 0x53, 0xbf, 0x1b, 0x51, 0x53, 0xbf,
  0xc8, 0x89, 0x53, 0xbf, 0x56, 0xc2, 0x53, 0xbf, 0xc4, 0xfa, 0x53, 0xbf,
  0x11, 0x33, 0x54, 0xbf, 0x3d, 0x6b, 0x54, 0xbf, 0x48, 0xa3, 0x54, 0xbf,
  0x33, 0xdb, 0x54, 0xbf, 0xfc, 0x12, 0x55, 0xbf, 0xa4, 0x4a, 0x55, 0xbf,
  0x2c, 0x82, 0x55, 0xbf, 0x93, 0xb9, 0x55, 0xbf, 0xdb, 0xf0, 0x55, 0xbf,
  0xfd, 0x27, 0x56, 0xbf, 0x02, 0x5f, 0x56, 0xbf, 0xe7, 0x95, 0x56, 0xbf,
  0xa8, 0xcc, 0x56, 0xbf, 0x48, 0x03, 0x57, 0xbf, 0xc8, 0x39, 0x57, 0xbf,
  0x26, 0x70, 0x57, 0xbf, 0x65, 0xa6, 0x57, 0xbf, 0x80, 0xdc, 0x57, 0xbf,
  0x79, 0x12, 0x58, 0xbf, 0x53, 0x48, 0x58, 0xbf, 0x0c, 0x7e, 0x58, 0xbf,
  0xa2, 0xb3, 0x58, 0xbf, 0x18, 0xe9, 0x58, 0xbf, 0x6d, 0x1e, 0x59, 0xbf,
  0x9d, 0x53, 0x59, 0xbf, 0xae, 0x88, 0x59, 0xbf, 0x9e, 0xbd, 0x59, 0xbf,
  0x6a, 0xf2, 0x59, 0xbf, 0x16, 0x27, 0x5a, 0xbf, 0xa2, 0x5b, 0x5a, 0xbf,
  0x0b, 0x90, 0x5a, 0xbf, 0x50, 0xc4, 0x5a, 0xbf, 0x76, 0xf8, 0x5a, 0xbf,
  0x7a, 0x2c, 0x5b, 0xbf, 0x5c, 0x60, 0x5b, 0xbf, 0x1c, 0x94, 0x5b, 0xbf,
  0xb9, 0xc7, 0x5b, 0xbf, 0x36, 0xfb, 0x5b, 0xbf, 0x90, 0x2e, 0x5c, 0xbf,
  0xc8, 0x61, 0x5c, 0xbf, 0xdd, 0x94, 0x5c, 0xbf, 0xd2, 0xc7, 0x5c, 0xbf,
  0xa4, 0xfa, 0x5c, 0xbf, 0x54, 0x2d, 0x5d, 0xbf, 0xe2, 0x5f, 0x5d, 0xbf,
  0x4e, 0x92, 0x5d, 0xbf, 0x97, 0xc4, 0x5d, 0xbf, 0xc1, 0xf6, 0x5d, 0xbf,
  0xc3, 0x28, 0x5e, 0xbf, 0xa8, 0x5a, 0x5e, 0xbf, 0x68, 0x8c, 0x5e, 0xbf,
  0x06, 0xbe, 0x5e, 0xbf, 0x82, 0xef, 0x5e, 0xbf, 0xdb, 0x20, 0x5f, 0xbf,
  0x15, 0x52, 0x5f, 0xbf, 0x27, 0x83, 0x5f, 0xbf, 0x1a, 0xb4, 0x5f, 0xbf,
  0xea, 0xe4, 0x5f, 0xbf, 0x98, 0x15, 0x60, 0xbf, 0x21, 0x46, 0x60, 0xbf,
  0x8b, 0x76, 0x60, 0xbf, 0xd1, 0xa6, 0x60, 0xbf, 0xf2, 0xd6, 0x60, 0xbf,
  0xf2, 0x06, 0x61, 0xbf, 0xd0, 0x36, 0x61, 0xbf, 0x8c, 0x66, 0x61, 0xbf,
  0x24, 0x96, 0x61, 0xbf, 0x98, 0xc5, 0x61, 0xbf, 0xe9, 0xf4, 0x61, 0xbf,
  0x1b, 0x24, 0x62, 0xbf, 0x29, 0x53, 0x62, 0xbf, 0x12, 0x82, 0x62, 0xbf,
  0xd8, 0xb0, 0x62, 0xbf, 0x7c, 0xdf, 0x62, 0xbf, 0xfb, 0x0d, 0x63, 0xbf,
  0x59, 0x3c, 0x63, 0xbf, 0x96, 0x6a, 0x63, 0xbf, 0xaf, 0x98, 0x63, 0xbf,
  0xa1, 0xc6, 0x63, 0xbf, 0x74, 0xf4, 0x63, 0xbf, 0x22, 0x22, 0x64, 0xbf,
  0xae, 0x4f, 0x64, 0xbf, 0x17, 0x7d, 0x64, 0xbf, 0x5b, 0xaa, 0x64, 0xbf,
  0x7b, 0xd7, 0x64, 0xbf, 0x7b, 0x04, 0x65, 0xbf, 0x53, 0x31, 0x65, 0xbf,
  0x0c, 0x5e, 0x65, 0xbf, 0xa0, 0x8a, 0x65, 0xbf, 0x12, 0xb7, 0x65, 0xbf,
  0x5e, 0xe3, 0x65, 0xbf, 0x88, 0x0f, 0x66, 0xbf, 0x91, 0x3b, 0x66, 0xbf,
  0x73, 0x67, 0x66, 0xbf, 0x32, 0x93, 0x66, 0xbf, 0xcd, 0xbe, 0x66, 0xbf,
  0x46, 0xea, 0x66, 0xbf, 0x9b, 0x15, 0x67, 0xbf, 0xcc, 0x40, 0x67, 0xbf,
  0xd8, 0x6b, 0x67, 0xbf, 0xc1, 0x96, 0x67, 0xbf, 0x88, 0xc1, 0x67, 0xbf,
  0x2a, 0xec, 0x67, 0xbf, 0xa8, 0x16, 0x68, 0xbf, 0x05, 0x41, 0x68, 0xbf,
  0x39, 0x6b, 0x68, 0xbf, 0x4e, 0x95, 0x68, 0xbf, 0x3c, 0xbf, 0x68, 0xbf,
  0x08, 0xe9, 0x68, 0xbf, 0xb0, 0x12, 0x69, 0xbf, 0x33, 0x3c, 0x69, 0xbf,
  0x92, 0x65, 0x69, 0xbf, 0xce, 0x8e, 0x69, 0xbf, 0xe4, 0xb7, 0x69, 0xbf,
  0xd8, 0xe0, 0x69, 0xbf, 0xa7, 0x09, 0x6a, 0xbf, 0x52, 0x32, 0x6a, 0xbf,
  0xda, 0x5a, 0x6a, 0xbf, 0x3c, 0x83, 0x6a, 0xbf, 0x7b, 0xab, 0x6a, 0xbf,
  0x95, 0xd3, 0x6a, 0xbf, 0x8c, 0xfb, 0x6a, 0xbf, 0x5e, 0x23, 0x6b, 0xbf,
  0x0c, 0x4b, 0x6b, 0xbf, 0x96, 0x72, 0x6b, 0xbf, 0xfd, 0x99, 0x6b, 0xbf,
  0x3c, 0xc1, 0x6b, 0xbf, 0x5b, 0xe8, 0x6b, 0xbf, 0x53, 0x0f, 0x6c, 0xbf,
  0x25, 0x36, 0x6c, 0xbf, 0xd3, 0x5c, 0x6c, 0xbf, 0x60, 0x83, 0x6c, 0xbf,
  0xc5, 0xa9, 0x6c, 0xbf, 0x08, 0xd0, 0x6c, 0xbf, 0x26, 0xf6, 0x6c, 0xbf,
  0x1e, 0x1c, 0x6d, 0xbf, 0xf2, 0x41, 0x6d, 0xbf, 0xa3, 0x67, 0x6d, 0xbf,
  0x2e, 0x8d, 0x6d, 0xbf, 0x93, 0xb2, 0x6d, 0xbf, 0xd5, 0xd7, 0x6d, 0xbf,
  0xf4, 0xfc, 0x6d, 0xbf, 0xec, 0x21, 0x6e, 0xbf, 0xc1, 0x46, 0x6e, 0xbf,
  0x6d, 0x6b, 0x6e, 0xbf, 0xf8, 0x8f, 0x6e, 0xbf, 0x5e, 0xb4, 0x6e, 0xbf,
  0x9e, 0xd8, 0x6e, 0xbf, 0xba, 0xfc, 0x6e, 0xbf, 0xb1, 0x20, 0x6f, 0xbf,
  0x84, 0x44, 0x6f, 0xbf, 0x30, 0x68, 0x6f, 0xbf, 0xba, 0x8b, 0x6f, 0xbf,
  0x1c, 0xaf, 0x6f, 0xbf, 0x5b, 0xd2, 0x6f, 0xbf, 0x75, 0xf5, 0x6f, 0xbf,
  0x68, 0x18, 0x70, 0xbf, 0x38, 0x3b, 0x70, 0xbf, 0xe1, 0x5d, 0x70, 0xbf,
  0x68, 0x80, 0x70, 0xbf, 0xc7, 0xa2, 0x70, 0xbf, 0x02, 0xc5, 0x70, 0xbf,
  0x18, 0xe7, 0x70, 0xbf, 0x0a, 0x09, 0x71, 0xbf, 0xd5, 0x2a, 0x71, 0xbf,
  0x7c, 0x4c, 0x71, 0xbf, 0xfc, 0x6d, 0x71, 0xbf, 0x58, 0x8f, 0x71, 0xbf,
  0x8f, 0xb0, 0x71, 0xbf, 0xa0, 0xd1, 0x71, 0xbf, 0x8c, 0xf2, 0x71, 0xbf,
  0x54, 0x13, 0x72, 0xbf, 0xf3, 0x33, 0x72, 0xbf, 0x70, 0x54, 0x72, 0xbf,
  0xc7, 0x74, 0x72, 0xbf, 0xfa, 0x94, 0x72, 0xbf, 0x06, 0xb5, 0x72, 0xbf,
  0xeb, 0xd4, 0x72, 0xbf, 0xac, 0xf4, 0x72, 0xbf, 0x48, 0x14, 0x73, 0xbf,
  0xbe, 0x33, 0x73, 0xbf, 0x10, 0x53, 0x73, 0xbf, 0x3a, 0x72, 0x73, 0xbf,
  0x40, 0x91, 0x73, 0xbf, 0x20, 0xb0, 0x73, 0xbf, 0xdb, 0xce, 0x73, 0xbf,
  0x71, 0xed, 0x73, 0xbf, 0xde, 0x0b, 0x74, 0xbf, 0x29, 0x2a, 0x74, 0xbf,
  0x4d, 0x48, 0x74, 0xbf, 0x4a, 0x66, 0x74, 0xbf, 0x22, 0x84, 0x74, 0xbf,
  0xd6, 0xa1, 0x74, 0xbf, 0x63, 0xbf, 0x74, 0xbf, 0xca, 0xdc, 0x74, 0xbf,
  0x0c, 0xfa, 0x74, 0xbf, 0x28, 0x17, 0x75, 0xbf, 0x1e, 0x34, 0x75, 0xbf,
  0xed, 0x50, 0x75, 0xbf, 0x98, 0x6d, 0x75, 0xbf, 0x1b, 0x8a, 0x75, 0xbf,
  0x7c, 0xa6, 0x75, 0xbf, 0xb4, 0xc2, 0x75, 0xbf, 0xc8, 0xde, 0x75, 0xbf,
  0xb4, 0xfa, 0x75, 0xbf, 0x7c, 0x16, 0x76, 0xbf, 0x1c, 0x32, 0x76, 0xbf,
  0x98, 0x4d, 0x76, 0xbf, 0xec, 0x68, 0x76, 0xbf, 0x1c, 0x84, 0x76, 0xbf,
  0x26, 0x9f, 0x76, 0xbf, 0x08, 0xba, 0x76, 0xbf, 0xc7, 0xd4, 0x76, 0xbf,
  0x5b, 0xef, 0x76, 0xbf, 0xcf, 0x09, 0x77, 0xbf, 0x18, 0x24, 0x77, 0xbf,
  0x3c, 0x3e, 0x77, 0xbf, 0x3c, 0x58, 0x77, 0xbf, 0x13, 0x72, 0x77, 0xbf,
  0xc6, 0x8b, 0x77, 0xbf, 0x51, 0xa5, 0x77, 0xbf, 0xb8, 0xbe, 0x77, 0xbf,
  0xf8, 0xd7, 0x77, 0xbf, 0x12, 0xf1, 0x77, 0xbf, 0x04, 0x0a, 0x78, 0xbf,
  0xd2, 0x22, 0x78, 0xbf, 0x78, 0x3b, 0x78, 0xbf, 0xf9, 0x53, 0x78, 0xbf,
  0x55, 0x6c, 0x78, 0xbf, 0x85, 0x84, 0x78, 0xbf, 0x94, 0x9c, 0x78, 0xbf,
  0x7c, 0xb4, 0x78, 0xbf, 0x3d, 0xcc, 0x78, 0xbf, 0xd6, 0xe3, 0x78, 0xbf,
  0x4c, 0xfb, 0x78, 0xbf, 0x99, 0x12, 0x79, 0xbf, 0xc0, 0x29, 0x79, 0xbf,
  0xc1, 0x40, 0x79, 0xbf, 0x9d, 0x57, 0x79, 0xbf, 0x50, 0x6e, 0x79, 0xbf,
  0xdc, 0x84, 0x79, 0xbf, 0x44, 0x9b, 0x79, 0xbf, 0x84, 0xb1, 0x79, 0xbf,
  0x9f, 0xc7, 0x79, 0xbf, 0x91, 0xdd, 0x79, 0xbf, 0x5d, 0xf3, 0x79, 0xbf,
  0x06, 0x09, 0x7a, 0xbf, 0x87, 0x1e, 0x7a, 0xbf, 0xdd, 0x33, 0x7a, 0xbf,
  0x13, 0x49, 0x7a, 0xbf, 0x1e, 0x5e, 0x7a, 0xbf, 0x02, 0x73, 0x7a, 0xbf,
  0xc2, 0x87, 0x7a, 0xbf, 0x59, 0x9c, 0x7a, 0xbf, 0xcc, 0xb0, 0x7a, 0xbf,
  0x16, 0xc5, 0x7a, 0xbf, 0x3a, 0xd9, 0x7a, 0xbf, 0x38, 0xed, 0x7a, 0xbf,
  0x11, 0x01, 0x7b, 0xbf, 0xc1, 0x14, 0x7b, 0xbf, 0x48, 0x28, 0x7b, 0xbf,
  0xac, 0x3b, 0x7b, 0xbf, 0xe9, 0x4e, 0x7b, 0xbf, 0xfc, 0x61, 0x7b, 0xbf,
  0xeb, 0x74, 0x7b, 0xbf, 0xb4, 0x87, 0x7b, 0xbf, 0x54, 0x9a, 0x7b, 0xbf,
  0xcd, 0xac, 0x7b, 0xbf, 0x22, 0xbf, 0x7b, 0xbf, 0x4e, 0xd1, 0x7b, 0xbf,
  0x54, 0xe3, 0x7b, 0xbf, 0x31, 0xf5, 0x7b, 0xbf, 0xea, 0x06, 0x7c, 0xbf,
  0x7c, 0x18, 0x7c, 0xbf, 0xe6, 0x29, 0x7c, 0xbf, 0x29, 0x3b, 0x7c, 0xbf,
  0x45, 0x4c, 0x7c, 0xbf, 0x3a, 0x5d, 0x7c, 0xbf, 0x0b, 0x6e, 0x7c, 0xbf,
  0xb0, 0x7e, 0x7c, 0xbf, 0x32, 0x8f, 0x7c, 0xbf, 0x8c, 0x9f, 0x7c, 0xbf,
  0xbe, 0xaf, 0x7c, 0xbf, 0xcb, 0xbf, 0x7c, 0xbf, 0xb1, 0xcf, 0x7c, 0xbf,
  0x6b, 0xdf, 0x7c, 0xbf, 0x04, 0xef, 0x7c, 0xbf, 0x73, 0xfe, 0x7c, 0xbf,
  0xbc, 0x0d, 0x7d, 0xbf, 0xde, 0x1c, 0x7d, 0xbf, 0xda, 0x2b, 0x7d, 0xbf,
  0xac, 0x3a, 0x7d, 0xbf, 0x5a, 0x49, 0x7d, 0xbf, 0xe0, 0x57, 0x7d, 0xbf,
  0x3d, 0x66, 0x7d, 0xbf, 0x76, 0x74, 0x7d, 0xbf, 0x86, 0x82, 0x7d, 0xbf,
  0x70, 0x90, 0x7d, 0xbf, 0x32, 0x9e, 0x7d, 0xbf, 0xcd, 0xab, 0x7d, 0xbf,
  0x3f, 0xb9, 0x7d, 0xbf, 0x8f, 0xc6, 0x7d, 0xbf, 0xb4, 0xd3, 0x7d, 0xbf,
  0xb2, 0xe0, 0x7d, 0xbf, 0x8a, 0xed, 0x7d, 0xbf, 0x3a, 0xfa, 0x7d, 0xbf,
  0xc2, 0x06, 0x7e, 0xbf, 0x25, 0x13, 0x7e, 0xbf, 0x5f, 0x1f, 0x7e, 0xbf,
  0x72, 0x2b, 0x7e, 0xbf, 0x61, 0x37, 0x7e, 0xbf, 0x24, 0x43, 0x7e, 0xbf,
  0xc1, 0x4e, 0x7e, 0xbf, 0x39, 0x5a, 0x7e, 0xbf, 0x87, 0x65, 0x7e, 0xbf,
  0xb0, 0x70, 0x7e, 0xbf, 0xb1, 0x7b, 0x7e, 0xbf, 0x8c, 0x86, 0x7e, 0xbf,
  0x3e, 0x91, 0x7e, 0xbf, 0xcb, 0x9b, 0x7e, 0xbf, 0x2e, 0xa6, 0x7e, 0xbf,
  0x6b, 0xb0, 0x7e, 0xbf, 0x81, 0xba, 0x7e, 0xbf, 0x6e, 0xc4, 0x7e, 0xbf,
  0x36, 0xce, 0x7e, 0xbf, 0xd4, 0xd7, 0x7e, 0xbf, 0x4d, 0xe1, 0x7e, 0xbf,
  0x9e, 0xea, 0x7e, 0xbf, 0xc8, 0xf3, 0x7e, 0xbf, 0xcb, 0xfc, 0x7e, 0xbf,
  0xa5, 0x05, 0x7f, 0xbf, 0x58, 0x0e, 0x7f, 0xbf, 0xe7, 0x16, 0x7f, 0xbf,
  0x4a, 0x1f, 0x7f, 0xbf, 0x87, 0x27, 0x7f, 0xbf, 0x9d, 0x2f, 0x7f, 0xbf,
  0x8d, 0x37, 0x7f, 0xbf, 0x56, 0x3f, 0x7f, 0xbf, 0xf6, 0x46, 0x7f, 0xbf,
  0x6e, 0x4e, 0x7f, 0xbf, 0xc0, 0x55, 0x7f, 0xbf, 0xea, 0x5c, 0x7f, 0xbf,
  0xeb, 0x63, 0x7f, 0xbf, 0xc8, 0x6a, 0x7f, 0xbf, 0x7c, 0x71, 0x7f, 0xbf,
  0x0a, 0x78, 0x7f, 0xbf, 0x6e, 0x7e, 0x7f, 0xbf, 0xad, 0x84, 0x7f, 0xbf,
  0xc2, 0x8a, 0x7f, 0xbf, 0xb2, 0x90, 0x7f, 0xbf, 0x79, 0x96, 0x7f, 0xbf,
  0x1a, 0x9c, 0x7f, 0xbf, 0x92, 0xa1, 0x7f, 0xbf, 0xe4, 0xa6, 0x7f, 0xbf,
  0x0e, 0xac, 0x7f, 0xbf, 0x10, 0xb1, 0x7f, 0xbf, 0xed, 0xb5, 0x7f, 0xbf,
  0x9e, 0xba, 0x7f, 0xbf, 0x2c, 0xbf, 0x7f, 0xbf, 0x90, 0xc3, 0x7f, 0xbf,
  0xce, 0xc7, 0x7f, 0xbf, 0xe4, 0xcb, 0x7f, 0xbf, 0xd1, 0xcf, 0x7f, 0xbf,
  0x98, 0xd3, 0x7f, 0xbf, 0x38, 0xd7, 0x7f, 0xbf, 0xb1, 0xda, 0x7f, 0xbf,
  0x00, 0xde, 0x7f, 0xbf, 0x2a, 0xe1, 0x7f, 0xbf, 0x2c, 0xe4, 0x7f, 0xbf,
  0x06, 0xe7, 0x7f, 0xbf, 0xb8, 0xe9, 0x7f, 0xbf, 0x44, 0xec, 0x7f, 0xbf,
  0xa9, 0xee, 0x7f, 0xbf, 0xe3, 0xf0, 0x7f, 0xbf, 0xfa, 0xf2, 0x7f, 0xbf,
  0xe6, 0xf4, 0x7f, 0xbf, 0xad, 0xf6, 0x7f, 0xbf, 0x4d, 0xf8, 0x7f, 0xbf,
  0xc3, 0xf9, 0x7f, 0xbf, 0x12, 0xfb, 0x7f, 0xbf, 0x3a, 0xfc, 0x7f, 0xbf,
  0x3a, 0xfd, 0x7f, 0xbf, 0x14, 0xfe, 0x7f, 0xbf, 0xc6, 0xfe, 0x7f, 0xbf,
  0x50, 0xff, 0x7f, 0xbf, 0xb3, 0xff, 0x7f, 0xbf, 0xee, 0xff, 0x7f, 0xbf,
  0x00, 0x00, 0x80, 0xbf, 0xee, 0xff, 0x7f, 0xbf, 0xb3, 0xff, 0x7f, 0xbf,
  0x50, 0xff, 0x7f, 0xbf, 0xc6, 0xfe, 0x7f, 0xbf, 0x14, 0xfe, 0x7f, 0xbf,
  0x3a, 0xfd, 0x7f, 0xbf, 0x3a, 0xfc, 0x7f, 0xbf, 0x12, 0xfb, 0x7f, 0xbf,
  0xc3, 0xf9, 0x7f, 0xbf, 0x4d, 0xf8, 0x7f, 0xbf, 0xad, 0xf6, 0x7f, 0xbf,
  0xe6, 0xf4, 0x7f, 0xbf, 0xfa, 0xf2, 0x7f, 0xbf, 0xe3, 0xf0, 0x7f, 0xbf,
  0xa9, 0xee, 0x7f, 0xbf, 0x44, 0xec, 0x7f, 0xbf, 0xb8, 0xe9, 0x7f, 0xbf,
  0x06, 0xe7, 0x7f, 0xbf, 0x2c, 0xe4, 0x7f, 0xbf, 0x2a, 0xe1, 0x7f, 0xbf,
  0x00, 0xde, 0x7f, 0xbf, 0xb1, 0xda, 0x7f, 0xbf, 0x38, 0xd7, 0x7f, 0xbf,
  0x98, 0xd3, 0x7f, 0xbf, 0xd1, 0xcf, 0x7f, 0xbf, 0xe4, 0xcb, 0x7f, 0xbf,
  0xce, 0xc7, 0x7f, 0xbf, 0x90, 0xc3, 0x7f, 0xbf, 0x2c, 0xbf, 0x7f, 0xbf,
  0x9e, 0xba, 0x7f, 0xbf, 0xed, 0xb5, 0x7f, 0xbf, 0x10, 0xb1, 0x7f, 0xbf,
  0x0e, 0xac, 0x7f, 0xbf, 0xe4, 0xa6, 0x7f, 0xbf, 0x92, 0xa1, 0x7f, 0xbf,
  0x1a, 0x9c, 0x7f, 0xbf, 0x79, 0x96, 0x7f, 0xbf, 0xb2, 0x90, 0x7f, 0xbf,
  0xc2, 0x8a, 0x7f, 0xbf, 0xad, 0x84, 0x7f, 0xbf, 0x6e, 0x7e, 0x7f, 0xbf,
  0x0a, 0x78, 0x7f, 0xbf, 0x7c, 0x71, 0x7f, 0xbf, 0xc8, 0x6a, 0x7f, 0xbf,
  0xeb, 0x63, 0x7f, 0xbf, 0xea, 0x5c, 0x7f, 0xbf, 0xc0, 0x55, 0x7f, 0xbf,
  0x6e, 0x4e, 0x7f, 0xbf, 0xf6, 0x46, 0x7f, 0xbf, 0x56, 0x3f, 0x7f, 0xbf,
  0x8d, 0x37, 0x7f, 0xbf, 0x9d, 0x2f, 0x7f, 0xbf, 0x87, 0x27, 0x7f, 0xbf,
  0x4a, 0x1f, 0x7f, 0xbf, 0xe7, 0x16, 0x7f, 0xbf, 0x58, 0x0e, 0x7f, 0xbf,
  0xa5, 0x05, 0x7f, 0xbf, 0xcb, 0xfc, 0x7e, 0xbf, 0xc8, 0xf3, 0x7e, 0xbf,
  0x9e, 0xea, 0x7e, 0xbf, 0x4d, 0xe1, 0x7e, 0xbf, 0xd4, 0xd7, 0x7e, 0xbf,
  0x36, 0xce, 0x7e, 0xbf, 0x6e, 0xc4, 0x7e, 0xbf, 0x81, 0xba, 0x7e, 0xbf,
  0x6b, 0xb0, 0x7e, 0xbf, 0x2e, 0xa6, 0x7e, 0xbf, 0xcb, 0x9b, 0x7e, 0xbf,
  0x3e, 0x91, 0x7e, 0xbf, 0x8c, 0x86, 0x7e, 0xbf, 0xb1, 0x7b, 0x7e, 0xbf,
  0xb0, 0x70, 0x7e, 0xbf, 0x87, 0x65, 0x7e, 0xbf, 0x39, 0x5a, 0x7e, 0xbf,
  0xc1, 0x4e, 0x7e, 0xbf, 0x24, 0x43, 0x7e, 0xbf, 0x61, 0x37, 0x7e, 0xbf,
  0x72, 0x2b, 0x7e, 0xbf, 0x5f, 0x1f, 0x7e, 0xbf, 0x25, 0x13, 0x7e, 0xbf,
  0xc2, 0x06, 0x7e, 0xbf, 0x3a, 0xfa, 0x7d, 0xbf, 0x8a, 0xed, 0x7d, 0xbf,
  0xb2, 0xe0, 0x7d, 0xbf, 0xb4, 0xd3, 0x7d, 0xbf, 0x8f, 0xc6, 0x7d, 0xbf,
  0x3f, 0xb9, 0x7d, 0xbf, 0xcd, 0xab, 0x7d, 0xbf, 0x32, 0x9e, 0x7d, 0xbf,
  0x70, 0x90, 0x7d, 0xbf, 0x86, 0x82, 0x7d, 0xbf, 0x76, 0x74, 0x7d, 0xbf,
  0x3d, 0x66, 0x7d, 0xbf, 0xe0, 0x57, 0x7d, 0xbf, 0x5a, 0x49, 0x7d, 0xbf,
  0xac, 0x3a, 0x7d, 0xbf, 0xda, 0x2b, 0x7d, 0xbf, 0xde, 0x1c, 0x7d, 0xbf,
  0xbc, 0x0d, 0x7d, 0xbf, 0x73, 0xfe, 0x7c, 0xbf, 0x04, 0xef, 0x7c, 0xbf,
  0x6b, 0xdf, 0x7c, 0xbf, 0xb1, 0xcf, 0x7c, 0xbf, 0xcb, 0xbf, 0x7c, 0xbf,
  0xbe, 0xaf, 0x7c, 0xbf, 0x8c, 0x9f, 0x7c, 0xbf, 0x32, 0x8f, 0x7c, 0xbf,
  0xb0, 0x7e, 0x7c, 0xbf, 0x0b, 0x6e, 0x7c, 0xbf, 0x3a, 0x5d, 0x7c, 0xbf,
  0x45, 0x4c, 0x7c, 0xbf, 0x29, 0x3b, 0x7c, 0xbf, 0xe6, 0x29, 0x7c, 0xbf,
  0x7c, 0x18, 0x7c, 0xbf, 0xea, 0x06, 0x7c, 0xbf, 0x31, 0xf5, 0x7b, 0xbf,
  0x54, 0xe3, 0x7b, 0xbf, 0x4e, 0xd1, 0x7b, 0xbf, 0x22, 0xbf, 0x7b, 0xbf,
  0xcd, 0xac, 0x7b, 0xbf, 0x54, 0x9a, 0x7b, 0xbf, 0xb4, 0x87, 0x7b, 0xbf,
  0xeb, 0x74, 0x7b, 0xbf, 0xfc, 0x61, 0x7b, 0xbf, 0xe9, 0x4e, 0x7b, 0xbf,
  0xac, 0x3b, 0x7b, 0xbf, 0x48, 0x28, 0x7b, 0xbf, 0xc1, 0x14, 0x7b, 0xbf,
  0x11, 0x01, 0x7b, 0xbf, 0x38, 0xed, 0x7a, 0xbf, 0x3a, 0xd9, 0x7a, 0xbf,
  0x16, 0xc5, 0x7a, 0xbf, 0xcc, 0xb0, 0x7a, 0xbf, 0x59, 0x9c, 0x7a, 0xbf,
  0xc2, 0x87, 0x7a, 0xbf, 0x02, 0x73, 0x7a, 0xbf, 0x1e, 0x5e, 0x7a, 0xbf,
  0x13, 0x49, 0x7a, 0xbf, 0xdd, 0x33, 0x7a, 0xbf, 0x87, 0x1e, 0x7a, 0xbf,
  0x06, 0x09, 0x7a, 0xbf, 0x5d, 0xf3, 0x79, 0xbf, 0x91, 0xdd, 0x79, 0xbf,
  0x9f, 0xc7, 0x79, 0xbf, 0x84, 0xb1, 0x79, 0xbf, 0x44, 0x9b, 0x79, 0xbf,
  0xdc, 0x84, 0x79, 0xbf, 0x50, 0x6e, 0x79, 0xbf, 0x9d, 0x57, 0x79, 0xbf,
  0xc1, 0x40, 0x79, 0xbf, 0xc0, 0x29, 0x79, 0xbf, 0x99, 0x12, 0x79, 0xbf,
  0x4c, 0xfb, 0x78, 0xbf, 0xd6, 0xe3, 0x78, 0xbf, 0x3d, 0xcc, 0x78, 0xbf,
  0x7c, 0xb4, 0x78, 0xbf, 0x94, 0x9c, 0x78, 0xbf, 0x85, 0x84, 0x78, 0xbf,
  0x55, 0x6c, 0x78, 0xbf, 0xf9, 0x53, 0x78, 0xbf, 0x78, 0x3b, 0x78, 0xbf,
  0xd2, 0x22, 0x78, 0xbf, 0x04, 0x0a, 0x78, 0xbf, 0x12, 0xf1, 0x77, 0xbf,
  0xf8, 0xd7, 0x77, 0xbf, 0xb8, 0xbe, 0x77, 0xbf, 0x51, 0xa5, 0x77, 0xbf,
  0xc6, 0x8b, 0x77, 0xbf, 0x13, 0x72, 0x77, 0xbf, 0x3c, 0x58, 0x77, 0xbf,
  0x3c, 0x3e, 0x77, 0xbf, 0x18, 0x24, 0x77, 0xbf, 0xcf, 0x09, 0x77, 0xbf,
  0x5b, 0xef, 0x76, 0xbf, 0xc7, 0xd4, 0x76, 0xbf, 0x08, 0xba, 0x76, 0xbf,
  0x26, 0x9f, 0x76, 0xbf, 0x1c, 0x84, 0x76, 0xbf, 0xec, 0x68, 0x76, 0xbf,
  0x98, 0x4d, 0x76, 0xbf, 0x1c, 0x32, 0x76, 0xbf, 0x7c, 0x16, 0x76, 0xbf,
  0xb4, 0xfa, 0x75, 0xbf, 0xc8, 0xde, 0x75, 0xbf, 0xb4, 0xc2, 0x75, 0xbf,
  0x7c, 0xa6, 0x75, 0xbf, 0x1b, 0x8a, 0x75, 0xbf, 0x98, 0x6d, 0x75, 0xbf,
  0xed, 0x50, 0x75, 0xbf, 0x1e, 0x34, 0x75, 0xbf, 0x28, 0x17, 0x75, 0xbf,
  0x0c, 0xfa, 0x74, 0xbf, 0xca, 0xdc, 0x74, 0xbf, 0x63, 0xbf, 0x74, 0xbf,
  0xd6, 0xa1, 0x74, 0xbf, 0x22, 0x84, 0x74, 0xbf, 0x4a, 0x66, 0x74, 0xbf,
  0x4d, 0x48, 0x74, 0xbf, 0x29, 0x2a, 0x74, 0xbf, 0xde, 0x0b, 0x74, 0xbf,
  0x71, 0xed, 0x73, 0xbf, 0xdb, 0xce, 0x73, 0xbf, 0x20, 0xb0, 0x73, 0xbf,
  0x40, 0x91, 0x73, 0xbf, 0x3a, 0x72, 0x73, 0xbf, 0x10, 0x53, 0x73, 0xbf,
  0xbe, 0x33, 0x73, 0xbf, 0x48, 0x14, 0x73, 0xbf, 0xac, 0xf4, 0x72, 0xbf,
  0xeb, 0xd4, 0x72, 0xbf, 0x06, 0xb5, 0x72, 0xbf, 0xfa, 0x94, 0x72, 0xbf,
  0xc7, 0x74, 0x72, 0xbf, 0x70, 0x54, 0x72, 0xbf, 0xf3, 0x33, 0x72, 0xbf,
  0x54, 0x13, 0x72, 0xbf, 0x8c, 0xf2, 0x71, 0xbf, 0xa0, 0xd1, 0x71, 0xbf,
  0x8f, 0xb0, 0x71, 0xbf, 0x58, 0x8f, 0x71, 0xbf, 0xfc, 0x6d, 0x71, 0xbf,
  0x7c, 0x4c, 0x71, 0xbf, 0xd5, 0x2a, 0x71, 0xbf, 0x0a, 0x09, 0x71, 0xbf,
  0x18, 0xe7, 0x70, 0xbf, 0x02, 0xc5, 0x70, 0xbf, 0xc7, 0xa2, 0x70, 0xbf,
  0x68, 0x80, 0x70, 0xbf, 0xe1, 0x5d, 0x70, 0xbf, 0x38, 0x3b, 0x70, 0xbf,
  0x68, 0x18, 0x70, 0xbf, 0x75, 0xf5, 0x6f, 0xbf, 0x5b, 0xd2, 0x6f, 0xbf,
  0x1c, 0xaf, 0x6f, 0xbf, 0xba, 0x8b, 0x6f, 0xbf, 0x30, 0x68, 0x6f, 0xbf,
  0x84, 0x44, 0x6f, 0xbf, 0xb1, 0x20, 0x6f, 0xbf, 0xba, 0xfc, 0x6e, 0xbf,
  0x9e, 0xd8, 0x6e, 0xbf, 0x5e, 0xb4, 0x6e, 0xbf, 0xf8, 0x8f, 0x6e, 0xbf,
  0x6d, 0x6b, 0x6e, 0xbf, 0xc1, 0x46, 0x6e, 0xbf, 0xec, 0x21, 0x6e, 0xbf,
  0xf4, 0xfc, 0x6d, 0xbf, 0xd5, 0xd7, 0x6d, 0xbf, 0x93, 0xb2, 0x6d, 0xbf,
  0x2e, 0x8d, 0x6d, 0xbf, 0xa3, 0x67, 0x6d, 0xbf, 0xf2, 0x41, 0x6d, 0xbf,
  0x1e, 0x1c, 0x6d, 0xbf, 0x26, 0xf6, 0x6c, 0xbf, 0x08, 0xd0, 0x6c, 0xbf,
  0xc5, 0xa9, 0x6c, 0xbf, 0x60, 0x83, 0x6c, 0xbf, 0xd3, 0x5c, 0x6c, 0xbf,
  0x25, 0x36, 0x6c, 0xbf, 0x53, 0x0f, 0x6c, 0xbf, 0x5b, 0xe8, 0x6b, 0xbf,
  0x3c, 0xc1, 0x6b, 0xbf, 0xfd, 0x99, 0x6b, 0xbf, 0x96, 0x72, 0x6b, 0xbf,
  0x0c, 0x4b, 0x6b, 0xbf, 0x5e, 0x23, 0x6b, 0xbf, 0x8c, 0xfb, 0x6a, 0xbf,
  0x95, 0xd3, 0x6a, 0xbf, 0x7b, 0xab, 0x6a, 0xbf, 0x3c, 0x83, 0x6a, 0xbf,
  0xda, 0x5a, 0x6a, 0xbf, 0x52, 0x32, 0x6a, 0xbf, 0xa7, 0x09, 0x6a, 0xbf,
  0xd8, 0xe0, 0x69, 0xbf, 0xe4, 0xb7, 0x69, 0xbf, 0xce, 0x8e, 0x69, 0xbf,
  0x92, 0x65, 0x69, 0xbf, 0x33, 0x3c, 0x69, 0xbf, 0xb0, 0x12, 0x69, 0xbf,
  0x08, 0xe9, 0x68, 0xbf, 0x3c, 0xbf, 0x68, 0xbf, 0x4e, 0x95, 0x68, 0xbf,
  0x39, 0x6b, 0x68, 0xbf, 0x05, 0x41, 0x68, 0xbf, 0xa8, 0x16, 0x68, 0xbf,
  0x2a, 0xec, 0x67, 0xbf, 0x88, 0xc1, 0x67, 0xbf, 0xc1, 0x96, 0x67, 0xbf,
  0xd8, 0x6b, 0x67, 0xbf, 0xcc, 0x40, 0x67, 0xbf, 0x9b, 0x15, 0x67, 0xbf,
  0x46, 0xea, 0x66, 0xbf, 0xcd, 0xbe, 0x66, 0xbf, 0x32, 0x93, 0x66, 0xbf,
  0x73, 0x67, 0x66, 0xbf, 0x91, 0x3b, 0x66, 0xbf, 0x88, 0x0f, 0x66, 0xbf,
  0x5e, 0xe3, 0x65, 0xbf, 0x12, 0xb7, 0x65, 0xbf, 0xa0, 0x8a, 0x65, 0xbf,
  0x0c, 0x5e, 0x65, 0xbf, 0x53, 0x31, 0x65, 0xbf, 0x7b, 0x04, 0x65, 0xbf,
  0x7b, 0xd7, 0x64, 0xbf, 0x5b, 0xaa, 0x64, 0xbf, 0x17, 0x7d, 0x64, 0xbf,
  0xae, 0x4f, 0x64, 0xbf, 0x22, 0x22, 0x64, 0xbf, 0x74, 0xf4, 0x63, 0xbf,
  0xa1, 0xc6, 0x63, 0xbf, 0xaf, 0x98, 0x63, 0xbf, 0x96, 0x6a, 0x63, 0xbf,
  0x59, 0x3c, 0x63, 0xbf, 0xfb, 0x0d, 0x63, 0xbf, 0x7c, 0xdf, 0x62, 0xbf,
  0xd8, 0xb0, 0x62, 0xbf, 0x12, 0x82, 0x62, 0xbf, 0x29, 0x53, 0x62, 0xbf,
  0x1b, 0x24, 0x62, 0xbf, 0xe9, 0xf4, 0x61, 0xbf, 0x98, 0xc5, 0x61, 0xbf,
  0x24, 0x96, 0x61, 0xbf, 0x8c, 0x66, 0x61, 0xbf, 0xd0, 0x36, 0x61, 0xbf,
  0xf2, 0x06, 0x61, 0xbf, 0xf2, 0xd6, 0x60, 0xbf, 0xd1, 0xa6, 0x60, 0xbf,
  0x8b, 0x76, 0x60, 0xbf, 0x21, 0x46, 0x60, 0xbf, 0x98, 0x15, 0x60, 0xbf,
  0xea, 0xe4, 0x5f, 0xbf, 0x1a, 0xb4, 0x5f, 0xbf, 0x27, 0x83, 0x5f, 0xbf,
  0x15, 0x52, 0x5f, 0xbf, 0xdb, 0x20, 0x5f, 0xbf, 0x82, 0xef, 0x5e, 0xbf,
  0x06, 0xbe, 0x5e, 0xbf, 0x68, 0x8c, 0x5e, 0xbf, 0xa8, 0x5a, 0x5e, 0xbf,
  0xc3, 0x28, 0x5e, 0xbf, 0xc1, 0xf6, 0x5d, 0xbf, 0x97, 0xc4, 0x5d, 0xbf,
  0x4e, 0x92, 0x5d, 0xbf, 0xe2, 0x5f, 0x5d, 0xbf, 0x54, 0x2d, 0x5d, 0xbf,
  0xa4, 0xfa, 0x5c, 0xbf, 0xd2, 0xc7, 0x5c, 0xbf, 0xdd, 0x94, 0x5c, 0xbf,
  0xc8, 0x61, 0x5c, 0xbf, 0x90, 0x2e, 0x5c, 0xbf, 0x36, 0xfb, 0x5b, 0xbf,
  0xb9, 0xc7, 0x5b, 0xbf, 0x1c, 0x94, 0x5b, 0xbf, 0x5c, 0x60, 0x5b, 0xbf,
  0x7a, 0x2c, 0x5b, 0xbf, 0x76, 0xf8, 0x5a, 0xbf, 0x50, 0xc4, 0x5a, 0xbf,
  0x0b, 0x90, 0x5a, 0xbf, 0xa2, 0x5b, 0x5a, 0xbf, 0x16, 0x27, 0x5a, 0xbf,
  0x6a, 0xf2, 0x59, 0xbf, 0x9e, 0xbd, 0x59, 0xbf, 0xae, 0x88, 0x59, 0xbf,
  0x9d, 0x53, 0x59, 0xbf, 0x6d, 0x1e, 0x59, 0xbf, 0x18, 0xe9, 0x58, 0xbf,
  0xa2, 0xb3, 0x58, 0xbf, 0x0c, 0x7e, 0x58, 0xbf, 0x53, 0x48, 0x58, 0xbf,
  0x79, 0x12, 0x58, 0xbf, 0x80, 0xdc, 0x57, 0xbf, 0x65, 0xa6, 0x57, 0xbf,
  0x26, 0x70, 0x57, 0xbf, 0xc8, 0x39, 0x57, 0xbf, 0x48, 0x03, 0x57, 0xbf,
  0xa8, 0xcc, 0x56, 0xbf, 0xe7, 0x95, 0x56, 0xbf, 0x02, 0x5f, 0x56, 0xbf,
  0xfd, 0x27, 0x56, 0xbf, 0xdb, 0xf0, 0x55, 0xbf, 0x93, 0xb9, 0x55, 0xbf,
  0x2c, 0x82, 0x55, 0xbf, 0xa4, 0x4a, 0x55, 0xbf, 0xfc, 0x12, 0x55, 0xbf,
  0x33, 0xdb, 0x54, 0xbf, 0x48, 0xa3, 0x54, 0xbf, 0x3d, 0x6b, 0x54, 0xbf,
  0x11, 0x33, 0x54, 0xbf, 0xc4, 0xfa, 0x53, 0xbf, 0x56, 0xc2, 0x53, 0xbf,
  0xc8, 0x89, 0x53, 0xbf, 0x1b, 0x51, 0x53, 0xbf, 0x4a, 0x18, 0x53, 0xbf,
  0x5a, 0xdf, 0x52, 0xbf, 0x4b, 0xa6, 0x52, 0xbf, 0x17, 0x6d, 0x52, 0xbf,
  0xc8, 0x33, 0x52, 0xbf, 0x56, 0xfa, 0x51, 0xbf, 0xc4, 0xc0, 0x51, 0xbf,
  0x0f, 0x87, 0x51, 0xbf, 0x3e, 0x4d, 0x51, 0xbf, 0x4a, 0x13, 0x51, 0xbf,
  0x38, 0xd9, 0x50, 0xbf, 0x04, 0x9f, 0x50, 0xbf, 0xb1, 0x64, 0x50, 0xbf,
  0x3b, 0x2a, 0x50, 0xbf, 0xa8, 0xef, 0x4f, 0xbf, 0xf4, 0xb4, 0x4f, 0xbf,
  0x20, 0x7a, 0x4f, 0xbf, 0x2c, 0x3f, 0x4f, 0xbf, 0x18, 0x04, 0x4f, 0xbf,
  0xe3, 0xc8, 0x4e, 0xbf, 0x90, 0x8d, 0x4e, 0xbf, 0x1e, 0x52, 0x4e, 0xbf,
  0x8a, 0x16, 0x4e, 0xbf, 0xd6, 0xda, 0x4d, 0xbf, 0x03, 0x9f, 0x4d, 0xbf,
  0x10, 0x63, 0x4d, 0xbf, 0xfe, 0x26, 0x4d, 0xbf, 0xcc, 0xea, 0x4c, 0xbf,
  0x7a, 0xae, 0x4c, 0xbf, 0x0a, 0x72, 0x4c, 0xbf, 0x79, 0x35, 0x4c, 0xbf,
  0xc9, 0xf8, 0x4b, 0xbf, 0xf8, 0xbb, 0x4b, 0xbf, 0x0a, 0x7f, 0x4b, 0xbf,
  0xfc, 0x41, 0x4b, 0xbf, 0xcf, 0x04, 0x4b, 0xbf, 0x80, 0xc7, 0x4a, 0xbf,
  0x14, 0x8a, 0x4a, 0xbf, 0x88, 0x4c, 0x4a, 0xbf, 0xdf, 0x0e, 0x4a, 0xbf,
  0x14, 0xd1, 0x49, 0xbf, 0x2a, 0x93, 0x49, 0xbf, 0x22, 0x55, 0x49, 0xbf,
  0xf9, 0x16, 0x49, 0xbf, 0xb4, 0xd8, 0x48, 0xbf, 0x50, 0x9a, 0x48, 0xbf,
  0xcc, 0x5b, 0x48, 0xbf, 0x28, 0x1d, 0x48, 0xbf, 0x66, 0xde, 0x47, 0xbf,
  0x86, 0x9f, 0x47, 0xbf, 0x86, 0x60, 0x47, 0xbf, 0x68, 0x21, 0x47, 0xbf,
  0x2a, 0xe2, 0x46, 0xbf, 0xce, 0xa2, 0x46, 0xbf, 0x54, 0x63, 0x46, 0xbf,
  0xbd, 0x23, 0x46, 0xbf, 0x04, 0xe4, 0x45, 0xbf, 0x2d, 0xa4, 0x45, 0xbf,
  0x3a, 0x64, 0x45, 0xbf, 0x29, 0x24, 0x45, 0xbf, 0xf6, 0xe3, 0x44, 0xbf,
  0xa6, 0xa3, 0x44, 0xbf, 0x39, 0x63, 0x44, 0xbf, 0xad, 0x22, 0x44, 0xbf,
  0x03, 0xe2, 0x43, 0xbf, 0x39, 0xa1, 0x43, 0xbf, 0x52, 0x60, 0x43, 0xbf,
  0x4c, 0x1f, 0x43, 0xbf, 0x2b, 0xde, 0x42, 0xbf, 0xe8, 0x9c, 0x42, 0xbf,
  0x8a, 0x5b, 0x42, 0xbf, 0x0b, 0x1a, 0x42, 0xbf, 0x71, 0xd8, 0x41, 0xbf,
  0xb7, 0x96, 0x41, 0xbf, 0xe3, 0x54, 0x41, 0xbf, 0xee, 0x12, 0x41, 0xbf,
  0xda, 0xd0, 0x40, 0xbf, 0xaa, 0x8e, 0x40, 0xbf, 0x5d, 0x4c, 0x40, 0xbf,
  0xf3, 0x09, 0x40, 0xbf, 0x67, 0xc7, 0x3f, 0xbf, 0xc2, 0x84, 0x3f, 0xbf,
  0xfe, 0x41, 0x3f, 0xbf, 0x1d, 0xff, 0x3e, 0xbf, 0x1c, 0xbc, 0x3e, 0xbf,
  0x00, 0x79, 0x3e, 0xbf, 0xc6, 0x35, 0x3e, 0xbf, 0x6d, 0xf2, 0x3d, 0xbf,
  0xfa, 0xae, 0x3d, 0xbf, 0x67, 0x6b, 0x3d, 0xbf, 0xba, 0x27, 0x3d, 0xbf,
  0xed, 0xe3, 0x3c, 0xbf, 0x03, 0xa0, 0x3c, 0xbf, 0xfe, 0x5b, 0x3c, 0xbf,
  0xd9, 0x17, 0x3c, 0xbf, 0x99, 0xd3, 0x3b, 0xbf, 0x3b, 0x8f, 0x3b, 0xbf,
  0xc3, 0x4a, 0x3b, 0xbf, 0x2a, 0x06, 0x3b, 0xbf, 0x76, 0xc1, 0x3a, 0xbf,
  0xa6, 0x7c, 0x3a, 0xbf, 0xb8, 0x37, 0x3a, 0xbf, 0xad, 0xf2, 0x39, 0xbf,
  0x86, 0xad, 0x39, 0xbf, 0x42, 0x68, 0x39, 0xbf, 0xe2, 0x22, 0x39, 0xbf,
  0x66, 0xdd, 0x38, 0xbf, 0xcb, 0x97, 0x38, 0xbf, 0x15, 0x52, 0x38, 0xbf,
  0x45, 0x0c, 0x38, 0xbf, 0x56, 0xc6, 0x37, 0xbf, 0x4a, 0x80, 0x37, 0xbf,
  0x24, 0x3a, 0x37, 0xbf, 0xdf, 0xf3, 0x36, 0xbf, 0x80, 0xad, 0x36, 0xbf,
  0x04, 0x67, 0x36, 0xbf, 0x6c, 0x20, 0x36, 0xbf, 0xb8, 0xd9, 0x35, 0xbf,
  0xe9, 0x92, 0x35, 0xbf, 0xfc, 0x4b, 0x35, 0xbf, 0xf4, 0x04, 0x35, 0xbf,
  0xd0, 0xbd, 0x34, 0xbf, 0x90, 0x76, 0x34, 0xbf, 0x35, 0x2f, 0x34, 0xbf,
  0xbf, 0xe7, 0x33, 0xbf, 0x2b, 0xa0, 0x33, 0xbf, 0x7a, 0x58, 0x33, 0xbf,
  0xb0, 0x10, 0x33, 0xbf, 0xca, 0xc8, 0x32, 0xbf, 0xc7, 0x80, 0x32, 0xbf,
  0xab, 0x38, 0x32, 0xbf, 0x73, 0xf0, 0x31, 0xbf, 0x1e, 0xa8, 0x31, 0xbf,
  0xae, 0x5f, 0x31, 0xbf, 0x23, 0x17, 0x31, 0xbf, 0x7e, 0xce, 0x30, 0xbf,
  0xbc, 0x85, 0x30, 0xbf, 0xdf, 0x3c, 0x30, 0xbf, 0xe5, 0xf3, 0x2f, 0xbf,
  0xd4, 0xaa, 0x2f, 0xbf, 0xa5, 0x61, 0x2f, 0xbf, 0x5b, 0x18, 0x2f, 0xbf,
  0xf8, 0xce, 0x2e, 0xbf, 0x7a, 0x85, 0x2e, 0xbf, 0xde, 0x3b, 0x2e, 0xbf,
  0x2a, 0xf2, 0x2d, 0xbf, 0x5a, 0xa8, 0x2d, 0xbf, 0x71, 0x5e, 0x2d, 0xbf,
  0x69, 0x14, 0x2d, 0xbf, 0x4a, 0xca, 0x2c, 0xbf, 0x10, 0x80, 0x2c, 0xbf,
  0xba, 0x35, 0x2c, 0xbf, 0x4a, 0xeb, 0x2b, 0xbf, 0xc0, 0xa0, 0x2b, 0xbf,
  0x1c, 0x56, 0x2b, 0xbf, 0x5c, 0x0b, 0x2b, 0xbf, 0x81, 0xc0, 0x2a, 0xbf,
  0x8d, 0x75, 0x2a, 0xbf, 0x80, 0x2a, 0x2a, 0xbf, 0x58, 0xdf, 0x29, 0xbf,
  0x17, 0x94, 0x29, 0xbf, 0xb9, 0x48, 0x29, 0xbf, 0x42, 0xfd, 0x28, 0xbf,
  0xb0, 0xb1, 0x28, 0xbf, 0x07, 0x66, 0x28, 0xbf, 0x43, 0x1a, 0x28, 0xbf,
  0x62, 0xce, 0x27, 0xbf, 0x6a, 0x82, 0x27, 0xbf, 0x57, 0x36, 0x27, 0xbf,
  0x2b, 0xea, 0x26, 0xbf, 0xe4, 0x9d, 0x26, 0xbf, 0x84, 0x51, 0x26, 0xbf,
  0x0c, 0x05, 0x26, 0xbf, 0x78, 0xb8, 0x25, 0xbf, 0xcc, 0x6b, 0x25, 0xbf,
  0x05, 0x1f, 0x25, 0xbf, 0x26, 0xd2, 0x24, 0xbf, 0x2b, 0x85, 0x24, 0xbf,
  0x19, 0x38, 0x24, 0xbf, 0xee, 0xea, 0x23, 0xbf, 0xaa, 0x9d, 0x23, 0xbf,
  0x4c, 0x50, 0x23, 0xbf, 0xd4, 0x02, 0x23, 0xbf, 0x44, 0xb5, 0x22, 0xbf,
  0x99, 0x67, 0x22, 0xbf, 0xd7, 0x19, 0x22, 0xbf, 0xfc, 0xcb, 0x21, 0xbf,
  0x07, 0x7e, 0x21, 0xbf, 0xfa, 0x2f, 0x21, 0xbf, 0xd5, 0xe1, 0x20, 0xbf,
  0x95, 0x93, 0x20, 0xbf, 0x3b, 0x45, 0x20, 0xbf, 0xcc, 0xf6, 0x1f, 0xbf,
  0x43, 0xa8, 0x1f, 0xbf, 0xa0, 0x59, 0x1f, 0xbf, 0xe5, 0x0a, 0x1f, 0xbf,
  0x12, 0xbc, 0x1e, 0xbf, 0x28, 0x6d, 0x1e, 0xbf, 0x24, 0x1e, 0x1e, 0xbf,
  0x06, 0xcf, 0x1d, 0xbf, 0xd1, 0x7f, 0x1d, 0xbf, 0x87, 0x30, 0x1d, 0xbf,
  0x1f, 0xe1, 0x1c, 0xbf, 0xa2, 0x91, 0x1c, 0xbf, 0x0e, 0x42, 0x1c, 0xbf,
  0x60, 0xf2, 0x1b, 0xbf, 0x9b, 0xa2, 0x1b, 0xbf, 0xbc, 0x52, 0x1b, 0xbf,
  0xc7, 0x02, 0x1b, 0xbf, 0xb7, 0xb2, 0x1a, 0xbf, 0x94, 0x62, 0x1a, 0xbf,
  0x56, 0x12, 0x1a, 0xbf, 0x02, 0xc2, 0x19, 0xbf, 0x94, 0x71, 0x19, 0xbf,
  0x0f, 0x21, 0x19, 0xbf, 0x73, 0xd0, 0x18, 0xbf, 0xc0, 0x7f, 0x18, 0xbf,
  0xf7, 0x2e, 0x18, 0xbf, 0x14, 0xde, 0x17, 0xbf, 0x1a, 0x8d, 0x17, 0xbf,
  0x09, 0x3c, 0x17, 0xbf, 0xe0, 0xea, 0x16, 0xbf, 0x9f, 0x99, 0x16, 0xbf,
  0x48, 0x48, 0x16, 0xbf, 0xda, 0xf6, 0x15, 0xbf, 0x55, 0xa5, 0x15, 0xbf,
  0xb8, 0x53, 0x15, 0xbf, 0x04, 0x02, 0x15, 0xbf, 0x3a, 0xb0, 0x14, 0xbf,
  0x58, 0x5e, 0x14, 0xbf, 0x60, 0x0c, 0x14, 0xbf, 0x52, 0xba, 0x13, 0xbf,
  0x2c, 0x68, 0x13, 0xbf, 0xee, 0x15, 0x13, 0xbf, 0x9d, 0xc3, 0x12, 0xbf,
  0x32, 0x71, 0x12, 0xbf, 0xb1, 0x1e, 0x12, 0xbf, 0x1a, 0xcc, 0x11, 0xbf,
  0x6c, 0x79, 0x11, 0xbf, 0xa8, 0x26, 0x11, 0xbf, 0xce, 0xd3, 0x10, 0xbf,
  0xdf, 0x80, 0x10, 0xbf, 0xd6, 0x2d, 0x10, 0xbf, 0xb7, 0xda, 0x0f, 0xbf,
  0x86, 0x87, 0x0f, 0xbf, 0x3c, 0x34, 0x0f, 0xbf, 0xdc, 0xe0, 0x0e, 0xbf,
  0x67, 0x8d, 0x0e, 0xbf, 0xd9, 0x39, 0x0e, 0xbf, 0x3a, 0xe6, 0x0d, 0xbf,
  0x82, 0x92, 0x0d, 0xbf, 0xb4, 0x3e, 0x0d, 0xbf, 0xd2, 0xea, 0x0c, 0xbf,
  0xd8, 0x96, 0x0c, 0xbf, 0xca, 0x42, 0x0c, 0xbf, 0xa5, 0xee, 0x0b, 0xbf,
  0x6b, 0x9a, 0x0b, 0xbf, 0x1b, 0x46, 0x0b, 0xbf, 0xb7, 0xf1, 0x0a, 0xbf,
  0x3e, 0x9d, 0x0a, 0xbf, 0xae, 0x48, 0x0a, 0xbf, 0x0a, 0xf4, 0x09, 0xbf,
  0x51, 0x9f, 0x09, 0xbf, 0x80, 0x4a, 0x09, 0xbf, 0x9c, 0xf5, 0x08, 0xbf,
  0xa3, 0xa0, 0x08, 0xbf, 0x93, 0x4b, 0x08, 0xbf, 0x70, 0xf6, 0x07, 0xbf,
  0x35, 0xa1, 0x07, 0xbf, 0xea, 0x4b, 0x07, 0xbf, 0x85, 0xf6, 0x06, 0xbf,
  0x10, 0xa1, 0x06, 0xbf, 0x84, 0x4b, 0x06, 0xbf, 0xe2, 0xf5, 0x05, 0xbf,
  0x2e, 0xa0, 0x05, 0xbf, 0x65, 0x4a, 0x05, 0xbf, 0x84, 0xf4, 0x04, 0xbf,
  0x92, 0x9e, 0x04, 0xbf, 0x8b, 0x48, 0x04, 0xbf, 0x6d, 0xf2, 0x03, 0xbf,
  0x3e, 0x9c, 0x03, 0xbf, 0xfa, 0x45, 0x03, 0xbf, 0xa0, 0xef, 0x02, 0xbf,
  0x34, 0x99, 0x02, 0xbf, 0xb2, 0x42, 0x02, 0xbf, 0x1c, 0xec, 0x01, 0xbf,
  0x74, 0x95, 0x01, 0xbf, 0xb5, 0x3e, 0x01, 0xbf, 0xe6, 0xe7, 0x00, 0xbf,
  0x00, 0x91, 0x00, 0xbf, 0x08, 0x3a, 0x00, 0xbf, 0xf3, 0xc5, 0xff, 0xbe,
  0xb3, 0x17, 0xff, 0xbe, 0x4c, 0x69, 0xfe, 0xbe, 0xbc, 0xba, 0xfd, 0xbe,
  0x07, 0x0c, 0xfd, 0xbe, 0x27, 0x5d, 0xfc, 0xbe, 0x25, 0xae, 0xfb, 0xbe,
  0xf8, 0xfe, 0xfa, 0xbe, 0xa9, 0x4f, 0xfa, 0xbe, 0x31, 0xa0, 0xf9, 0xbe,
  0x8e, 0xf0, 0xf8, 0xbe, 0xcd, 0x40, 0xf8, 0xbe, 0xe1, 0x90, 0xf7, 0xbe,
  0xcc, 0xe0, 0xf6, 0xbe, 0x95, 0x30, 0xf6, 0xbe, 0x39, 0x80, 0xf5, 0xbe,
  0xb2, 0xcf, 0xf4, 0xbe, 0x06, 0x1f, 0xf4, 0xbe, 0x3c, 0x6e, 0xf3, 0xbe,
  0x43, 0xbd, 0xf2, 0xbe, 0x2c, 0x0c, 0xf2, 0xbe, 0xec, 0x5a, 0xf1, 0xbe,
  0x87, 0xa9, 0xf0, 0xbe, 0xfa, 0xf7, 0xef, 0xbe, 0x4f, 0x46, 0xef, 0xbe,
  0x7c, 0x94, 0xee, 0xbe, 0x84, 0xe2, 0xed, 0xbe, 0x63, 0x30, 0xed, 0xbe,
  0x25, 0x7e, 0xec, 0xbe, 0xba, 0xcb, 0xeb, 0xbe, 0x35, 0x19, 0xeb, 0xbe,
  0x85, 0x66, 0xea, 0xbe, 0xaf, 0xb3, 0xe9, 0xbe, 0xb8, 0x00, 0xe9, 0xbe,
  0x9f, 0x4d, 0xe8, 0xbe, 0x61, 0x9a, 0xe7, 0xbe, 0xfb, 0xe6, 0xe6, 0xbe,
  0x77, 0x33, 0xe6, 0xbe, 0xcb, 0x7f, 0xe5, 0xbe, 0x00, 0xcc, 0xe4, 0xbe,
  0x11, 0x18, 0xe4, 0xbe, 0xfc, 0x63, 0xe3, 0xbe, 0xc3, 0xaf, 0xe2, 0xbe,
  0x6b, 0xfb, 0xe1, 0xbe, 0xef, 0x46, 0xe1, 0xbe, 0x51, 0x92, 0xe0, 0xbe,
  0x91, 0xdd, 0xdf, 0xbe, 0xad, 0x28, 0xdf, 0xbe, 0xa3, 0x73, 0xde, 0xbe,
  0x7c, 0xbe, 0xdd, 0xbe, 0x2f, 0x09, 0xdd, 0xbe, 0xc5, 0x53, 0xdc, 0xbe,
  0x35, 0x9e, 0xdb, 0xbe, 0x84, 0xe8, 0xda, 0xbe, 0xb1, 0x32, 0xda, 0xbe,
  0xbd, 0x7c, 0xd9, 0xbe, 0xa4, 0xc6, 0xd8, 0xbe, 0x6c, 0x10, 0xd8, 0xbe,
  0x13, 0x5a, 0xd7, 0xbe, 0x9c, 0xa3, 0xd6, 0xbe, 0x00, 0xed, 0xd5, 0xbe,
  0x43, 0x36, 0xd5, 0xbe, 0x67, 0x7f, 0xd4, 0xbe, 0x6a, 0xc8, 0xd3, 0xbe,
  0x4b, 0x11, 0xd3, 0xbe, 0x0e, 0x5a, 0xd2, 0xbe, 0xac, 0xa2, 0xd1, 0xbe,
  0x2b, 0xeb, 0xd0, 0xbe, 0x8d, 0x33, 0xd0, 0xbe, 0xcd, 0x7b, 0xcf, 0xbe,
  0xeb, 0xc3, 0xce, 0xbe, 0xec, 0x0b, 0xce, 0xbe, 0xcb, 0x53, 0xcd, 0xbe,
  0x8b, 0x9b, 0xcc, 0xbe, 0x31, 0xe3, 0xcb, 0xbe, 0xb2, 0x2a, 0xcb, 0xbe,
  0x14, 0x72, 0xca, 0xbe, 0x55, 0xb9, 0xc9, 0xbe, 0x78, 0x00, 0xc9, 0xbe,
  0x80, 0x47, 0xc8, 0xbe, 0x63, 0x8e, 0xc7, 0xbe, 0x2b, 0xd5, 0xc6, 0xbe,
  0xd5, 0x1b, 0xc6, 0xbe, 0x61, 0x62, 0xc5, 0xbe, 0xc8, 0xa8, 0xc4, 0xbe,
  0x17, 0xef, 0xc3, 0xbe, 0x49, 0x35, 0xc3, 0xbe, 0x58, 0x7b, 0xc2, 0xbe,
  0x4d, 0xc1, 0xc1, 0xbe, 0x21, 0x07, 0xc1, 0xbe, 0xd9, 0x4c, 0xc0, 0xbe,
  0x70, 0x92, 0xbf, 0xbe, 0xec, 0xd7, 0xbe, 0xbe, 0x4d, 0x1d, 0xbe, 0xbe,
  0x8d, 0x62, 0xbd, 0xbe, 0xb2, 0xa7, 0xbc, 0xbe, 0xb8, 0xec, 0xbb, 0xbe,
  0xa4, 0x31, 0xbb, 0xbe, 0x71, 0x76, 0xba, 0xbe, 0x21, 0xbb, 0xb9, 0xbe,
  0xb5, 0xff, 0xb8, 0xbe, 0x2c, 0x44, 0xb8, 0xbe, 0x87, 0x88, 0xb7, 0xbe,
  0xc4, 0xcc, 0xb6, 0xbe, 0xe7, 0x10, 0xb6, 0xbe, 0xeb, 0x54, 0xb5, 0xbe,
  0xd8, 0x98, 0xb4, 0xbe, 0xa6, 0xdc, 0xb3, 0xbe, 0x57, 0x20, 0xb3, 0xbe,
  0xf0, 0x63, 0xb2, 0xbe, 0x6e, 0xa7, 0xb1, 0xbe, 0xcd, 0xea, 0xb0, 0xbe,
  0x0f, 0x2e, 0xb0, 0xbe, 0x3d, 0x71, 0xaf, 0xbe, 0x4c, 0xb4, 0xae, 0xbe,
  0x40, 0xf7, 0xad, 0xbe, 0x16, 0x3a, 0xad, 0xbe, 0xd5, 0x7c, 0xac, 0xbe,
  0x79, 0xbf, 0xab, 0xbe, 0x06, 0x02, 0xab, 0xbe, 0x70, 0x44, 0xaa, 0xbe,
  0xc7, 0x86, 0xa9, 0xbe, 0x00, 0xc9, 0xa8, 0xbe, 0x21, 0x0b, 0xa8, 0xbe,
  0x27, 0x4d, 0xa7, 0xbe, 0x12, 0x8f, 0xa6, 0xbe, 0xea, 0xd0, 0xa5, 0xbe,
  0x9f, 0x12, 0xa5, 0xbe, 0x41, 0x54, 0xa4, 0xbe, 0xc7, 0x95, 0xa3, 0xbe,
  0x33, 0xd7, 0xa2, 0xbe, 0x88, 0x18, 0xa2, 0xbe, 0xc5, 0x59, 0xa1, 0xbe,
  0xe7, 0x9a, 0xa0, 0xbe, 0xf1, 0xdb, 0x9f, 0xbe, 0xe1, 0x1c, 0x9f, 0xbe,
  0xb9, 0x5d, 0x9e, 0xbe, 0x76, 0x9e, 0x9d, 0xbe, 0x20, 0xdf, 0x9c, 0xbe,
  0xb1, 0x1f, 0x9c, 0xbe, 0x28, 0x60, 0x9b, 0xbe, 0x88, 0xa0, 0x9a, 0xbe,
  0xd0, 0xe0, 0x99, 0xbe, 0x00, 0x21, 0x99, 0xbe, 0x19, 0x61, 0x98, 0xbe,
  0x17, 0xa1, 0x97, 0xbe, 0x05, 0xe1, 0x96, 0xbe, 0xd4, 0x20, 0x96, 0xbe,
  0x8f, 0x60, 0x95, 0xbe, 0x36, 0xa0, 0x94, 0xbe, 0xc2, 0xdf, 0x93, 0xbe,
  0x3a, 0x1f, 0x93, 0xbe, 0x97, 0x5e, 0x92, 0xbe, 0xdf, 0x9d, 0x91, 0xbe,
  0x11, 0xdd, 0x90, 0xbe, 0x32, 0x1c, 0x90, 0xbe, 0x34, 0x5b, 0x8f, 0xbe,
  0x22, 0x9a, 0x8e, 0xbe, 0xfd, 0xd8, 0x8d, 0xbe, 0xbf, 0x17, 0x8d, 0xbe,
  0x71, 0x56, 0x8c, 0xbe, 0x08, 0x95, 0x8b, 0xbe, 0x8b, 0xd3, 0x8a, 0xbe,
  0xf7, 0x11, 0x8a, 0xbe, 0x51, 0x50, 0x89, 0xbe, 0x95, 0x8e, 0x88, 0xbe,
  0xc4, 0xcc, 0x87, 0xbe, 0xdb, 0x0a, 0x87, 0xbe, 0xdf, 0x48, 0x86, 0xbe,
  0xd1, 0x86, 0x85, 0xbe, 0xac, 0xc4, 0x84, 0xbe, 0x73, 0x02, 0x84, 0xbe,
  0x23, 0x40, 0x83, 0xbe, 0xc5, 0x7d, 0x82, 0xbe, 0x4c, 0xbb, 0x81, 0xbe,
  0xc3, 0xf8, 0x80, 0xbe, 0x25, 0x36, 0x80, 0xbe, 0xe7, 0xe6, 0x7e, 0xbe,
  0x55, 0x61, 0x7d, 0xbe, 0xa7, 0xdb, 0x7b, 0xbe, 0xd2, 0x55, 0x7a, 0xbe,
  0xcd, 0xcf, 0x78, 0xbe, 0xa7, 0x49, 0x77, 0xbe, 0x5f, 0xc3, 0x75, 0xbe,
  0xef, 0x3c, 0x74, 0xbe, 0x57, 0xb6, 0x72, 0xbe, 0x97, 0x2f, 0x71, 0xbe,
  0xb5, 0xa8, 0x6f, 0xbe, 0xb1, 0x21, 0x6e, 0xbe, 0x7f, 0x9a, 0x6c, 0xbe,
  0x31, 0x13, 0x6b, 0xbe, 0xc2, 0x8b, 0x69, 0xbe, 0x2b, 0x04, 0x68, 0xbe,
  0x65, 0x7c, 0x66, 0xbe, 0x8b, 0xf4, 0x64, 0xbe, 0x88, 0x6c, 0x63, 0xbe,
  0x5d, 0xe4, 0x61, 0xbe, 0x17, 0x5c, 0x60, 0xbe, 0xa9, 0xd3, 0x5e, 0xbe,
  0x21, 0x4b, 0x5d, 0xbe, 0x6f, 0xc2, 0x5b, 0xbe, 0x96, 0x39, 0x5a, 0xbe,
  0xa9, 0xb0, 0x58, 0xbe, 0x93, 0x27, 0x57, 0xbe, 0x62, 0x9e, 0x55, 0xbe,
  0x09, 0x15, 0x54, 0xbe, 0x8f, 0x8b, 0x52, 0xbe, 0xfa, 0x01, 0x51, 0xbe,
  0x43, 0x78, 0x4f, 0xbe, 0x5d, 0xee, 0x4d, 0xbe, 0x6a, 0x64, 0x4c, 0xbe,
  0x4f, 0xda, 0x4a, 0xbe, 0x1f, 0x50, 0x49, 0xbe, 0xc7, 0xc5, 0x47, 0xbe,
  0x4e, 0x3b, 0x46, 0xbe, 0xc0, 0xb0, 0x44, 0xbe, 0x0a, 0x26, 0x43, 0xbe,
  0x3a, 0x9b, 0x41, 0xbe, 0x4e, 0x10, 0x40, 0xbe, 0x41, 0x85, 0x3e, 0xbe,
  0x19, 0xfa, 0x3c, 0xbe, 0xd0, 0x6e, 0x3b, 0xbe, 0x72, 0xe3, 0x39, 0xbe,
  0xf3, 0x57, 0x38, 0xbe, 0x59, 0xcc, 0x36, 0xbe, 0x9d, 0x40, 0x35, 0xbe,
  0xc7, 0xb4, 0x33, 0xbe, 0xd6, 0x28, 0x32, 0xbe, 0xd1, 0x9c, 0x30, 0xbe,
  0xaa, 0x10, 0x2f, 0xbe, 0x68, 0x84, 0x2d, 0xbe, 0x0b, 0xf8, 0x2b, 0xbe,
  0x8d, 0x6b, 0x2a, 0xbe, 0x02, 0xdf, 0x28, 0xbe, 0x5b, 0x52, 0x27, 0xbe,
  0x93, 0xc5, 0x25, 0xbe, 0xb0, 0x38, 0x24, 0xbe, 0xb9, 0xab, 0x22, 0xbe,
  0xa8, 0x1e, 0x21, 0xbe, 0x82, 0x91, 0x1f, 0xbe, 0x41, 0x04, 0x1e, 0xbe,
  0xdf, 0x76, 0x1c, 0xbe, 0x6f, 0xe9, 0x1a, 0xbe, 0xdd, 0x5b, 0x19, 0xbe,
  0x3f, 0xce, 0x17, 0xbe, 0x85, 0x40, 0x16, 0xbe, 0xb7, 0xb2, 0x14, 0xbe,
  0xcf, 0x24, 0x13, 0xbe, 0xd2, 0x96, 0x11, 0xbe, 0xbb, 0x08, 0x10, 0xbe,
  0x8f, 0x7a, 0x0e, 0xbe, 0x4f, 0xec, 0x0c, 0xbe, 0xf5, 0x5d, 0x0b, 0xbe,
  0x86, 0xcf, 0x09, 0xbe, 0x0a, 0x41, 0x08, 0xbe, 0x73, 0xb2, 0x06, 0xbe,
  0xc8, 0x23, 0x05, 0xbe, 0x08, 0x95, 0x03, 0xbe, 0x2e, 0x06, 0x02, 0xbe,
  0x47, 0x77, 0x00, 0xbe, 0xa3, 0xd0, 0xfd, 0xbd, 0x83, 0xb2, 0xfa, 0xbd,
  0x2e, 0x94, 0xf7, 0xbd, 0xbe, 0x75, 0xf4, 0xbd, 0x33, 0x57, 0xf1, 0xbd,
  0x80, 0x38, 0xee, 0xbd, 0xa4, 0x19, 0xeb, 0xbd, 0xa0, 0xfa, 0xe7, 0xbd,
  0x82, 0xdb, 0xe4, 0xbd, 0x2d, 0xbc, 0xe1, 0xbd, 0xcb, 0x9c, 0xde, 0xbd,
  0x41, 0x7d, 0xdb, 0xbd, 0x8f, 0x5d, 0xd8, 0xbd, 0xc2, 0x3d, 0xd5, 0xbd,
  0xcd, 0x1d, 0xd2, 0xbd, 0xbc, 0xfd, 0xce, 0xbd, 0x90, 0xdd, 0xcb, 0xbd,
  0x41, 0xbd, 0xc8, 0xbd, 0xd0, 0x9c, 0xc5, 0xbd, 0x40, 0x7c, 0xc2, 0xbd,
  0x90, 0x5b, 0xbf, 0xbd, 0xd0, 0x3a, 0xbc, 0xbd, 0xdf, 0x19, 0xb9, 0xbd,
  0xe0, 0xf8, 0xb5, 0xbd, 0xc0, 0xd7, 0xb2, 0xbd, 0x90, 0xb6, 0xaf, 0xbd,
  0x30, 0x95, 0xac, 0xbd, 0xc0, 0x73, 0xa9, 0xbd, 0x30, 0x52, 0xa6, 0xbd,
  0x90, 0x30, 0xa3, 0xbd, 0xd0, 0x0e, 0xa0, 0xbd, 0x00, 0xed, 0x9c, 0xbd,
  0x10, 0xcb, 0x99, 0xbd, 0x10, 0xa9, 0x96, 0xbd, 0xf0, 0x86, 0x93, 0xbd,
  0xc1, 0x64, 0x90, 0xbd, 0x71, 0x42, 0x8d, 0xbd, 0x10, 0x20, 0x8a, 0xbd,
  0xa0, 0xfd, 0x86, 0xbd, 0x10, 0xdb, 0x83, 0xbd, 0x70, 0xb8, 0x80, 0xbd,
  0x80, 0x2b, 0x7b, 0xbd, 0x01, 0xe6, 0x74, 0xbd, 0x41, 0xa0, 0x6e, 0xbd,
  0x7f, 0x5a, 0x68, 0xbd, 0x80, 0x14, 0x62, 0xbd, 0x60, 0xce, 0x5b, 0xbd,
  0x1f, 0x88, 0x55, 0xbd, 0xbf, 0x41, 0x4f, 0xbd, 0x41, 0xfb, 0x48, 0xbd,
  0xa0, 0xb4, 0x42, 0xbd, 0xdf, 0x6d, 0x3c, 0xbd, 0x01, 0x27, 0x36, 0xbd,
  0x20, 0xe0, 0x2f, 0xbd, 0x01, 0x99, 0x29, 0xbd, 0xdf, 0x51, 0x23, 0xbd,
  0xa0, 0x0a, 0x1d, 0xbd, 0x40, 0xc3, 0x16, 0xbd, 0xc1, 0x7b, 0x10, 0xbd,
  0x41, 0x34, 0x0a, 0xbd, 0xa1, 0xec, 0x03, 0xbd, 0xc3, 0x49, 0xfb, 0xbc,
  0x43, 0xba, 0xee, 0xbc, 0x82, 0x2a, 0xe2, 0xbc, 0xc2, 0x9a, 0xd5, 0xbc,
  0xc1, 0x0a, 0xc9, 0xbc, 0xc0, 0x7a, 0xbc, 0xbc, 0x7e, 0xea, 0xaf, 0xbc,
  0x42, 0x5a, 0xa3, 0xbc, 0xc1, 0xc9, 0x96, 0xbc, 0x3f, 0x39, 0x8a, 0xbc,
  0x85, 0x51, 0x7b, 0xbc, 0x01, 0x30, 0x62, 0xbc, 0xfd, 0x0e, 0x49, 0xbc,
  0x83, 0xed, 0x2f, 0xbc, 0x80, 0xcb, 0x16, 0xbc, 0x01, 0x54, 0xfb, 0xbb,
  0x01, 0x10, 0xc9, 0xbb, 0xff, 0xcb, 0x96, 0xbb, 0xff, 0x0f, 0x49, 0xbb,
  0xff, 0x0f, 0xc9, 0xba, 0x00, 0x00, 0x00, 0x00, 0x01, 0x0c, 0xc9, 0x3a,
  0x00, 0x0e, 0x49, 0x3b, 0x00, 0xcb, 0x96, 0x3b, 0xff, 0x0e, 0xc9, 0x3b,
  0xff, 0x52, 0xfb, 0x3b, 0x00, 0xcb, 0x16, 0x3c, 0x03, 0xed, 0x2f, 0x3c,
  0x7c, 0x0e, 0x49, 0x3c, 0x80, 0x2f, 0x62, 0x3c, 0x04, 0x51, 0x7b, 0x3c,
  0xfe, 0x38, 0x8a, 0x3c, 0x80, 0xc9, 0x96, 0x3c, 0x02, 0x5a, 0xa3, 0x3c,
  0x3e, 0xea, 0xaf, 0x3c, 0x7f, 0x7a, 0xbc, 0x3c, 0x80, 0x0a, 0xc9, 0x3c,
  0x81, 0x9a, 0xd5, 0x3c, 0x42, 0x2a, 0xe2, 0x3c, 0x02, 0xba, 0xee, 0x3c,
  0x82, 0x49, 0xfb, 0x3c, 0x81, 0xec, 0x03, 0x3d, 0x21, 0x34, 0x0a, 0x3d,
  0xa1, 0x7b, 0x10, 0x3d, 0x20, 0xc3, 0x16, 0x3d, 0x80, 0x0a, 0x1d, 0x3d,
  0xbf, 0x51, 0x23, 0x3d, 0xe0, 0x98, 0x29, 0x3d, 0xff, 0xdf, 0x2f, 0x3d,
  0xe1, 0x26, 0x36, 0x3d, 0xbf, 0x6d, 0x3c, 0x3d, 0x80, 0xb4, 0x42, 0x3d,
  0x21, 0xfb, 0x48, 0x3d, 0x9f, 0x41, 0x4f, 0x3d, 0xff, 0x87, 0x55, 0x3d,
  0x3f, 0xce, 0x5b, 0x3d, 0x5f, 0x14, 0x62, 0x3d, 0x5f, 0x5a, 0x68, 0x3d,
  0x21, 0xa0, 0x6e, 0x3d, 0xe0, 0xe5, 0x74, 0x3d, 0x5f, 0x2b, 0x7b, 0x3d,
  0x60, 0xb8, 0x80, 0x3d, 0x00, 0xdb, 0x83, 0x3d, 0x90, 0xfd, 0x86, 0x3d,
  0x00, 0x20, 0x8a, 0x3d, 0x60, 0x42, 0x8d, 0x3d, 0xb1, 0x64, 0x90, 0x3d,
  0xe0, 0x86, 0x93, 0x3d, 0x00, 0xa9, 0x96, 0x3d, 0x00, 0xcb, 0x99, 0x3d,
  0xf0, 0xec, 0x9c, 0x3d, 0xc0, 0x0e, 0xa0, 0x3d, 0x80, 0x30, 0xa3, 0x3d,
  0x20, 0x52, 0xa6, 0x3d, 0xb0, 0x73, 0xa9, 0x3d, 0x20, 0x95, 0xac, 0x3d,
  0x80, 0xb6, 0xaf, 0x3d, 0xaf, 0xd7, 0xb2, 0x3d, 0xd0, 0xf8, 0xb5, 0x3d,
  0xcf, 0x19, 0xb9, 0x3d, 0xc0, 0x3a, 0xbc, 0x3d, 0x80, 0x5b, 0xbf, 0x3d,
  0x30, 0x7c, 0xc2, 0x3d, 0xc0, 0x9c, 0xc5, 0x3d, 0x30, 0xbd, 0xc8, 0x3d,
  0x80, 0xdd, 0xcb, 0x3d, 0xaf, 0xfd, 0xce, 0x3d, 0xbf, 0x1d, 0xd2, 0x3d,
  0xb5, 0x3d, 0xd5, 0x3d, 0x82, 0x5d, 0xd8, 0x3d, 0x34, 0x7d, 0xdb, 0x3d,
  0xbe, 0x9c, 0xde, 0x3d, 0x20, 0xbc, 0xe1, 0x3d, 0x74, 0xdb, 0xe4, 0x3d,
  0x93, 0xfa, 0xe7, 0x3d, 0x97, 0x19, 0xeb, 0x3d, 0x72, 0x38, 0xee, 0x3d,
  0x26, 0x57, 0xf1, 0x3d, 0xb1, 0x75, 0xf4, 0x3d, 0x21, 0x94, 0xf7, 0x3d,
  0x76, 0xb2, 0xfa, 0x3d, 0x96, 0xd0, 0xfd, 0x3d, 0x40, 0x77, 0x00, 0x3e,
  0x27, 0x06, 0x02, 0x3e, 0x02, 0x95, 0x03, 0x3e, 0xc1, 0x23, 0x05, 0x3e,
  0x65, 0xb2, 0x06, 0x3e, 0x03, 0x41, 0x08, 0x3e, 0x7f, 0xcf, 0x09, 0x3e,
  0xee, 0x5d, 0x0b, 0x3e, 0x49, 0xec, 0x0c, 0x3e, 0x88, 0x7a, 0x0e, 0x3e,
  0xad, 0x08, 0x10, 0x3e, 0xc5, 0x96, 0x11, 0x3e, 0xc8, 0x24, 0x13, 0x3e,
  0xb1, 0xb2, 0x14, 0x3e, 0x7e, 0x40, 0x16, 0x3e, 0x38, 0xce, 0x17, 0x3e,
  0xd7, 0x5b, 0x19, 0x3e, 0x68, 0xe9, 0x1a, 0x3e, 0xd8, 0x76, 0x1c, 0x3e,
  0x3a, 0x04, 0x1e, 0x3e, 0x7b, 0x91, 0x1f, 0x3e, 0xa1, 0x1e, 0x21, 0x3e,
  0xb3, 0xab, 0x22, 0x3e, 0xaa, 0x38, 0x24, 0x3e, 0x86, 0xc5, 0x25, 0x3e,
  0x4e, 0x52, 0x27, 0x3e, 0xfb, 0xde, 0x28, 0x3e, 0x86, 0x6b, 0x2a, 0x3e,
  0xfe, 0xf7, 0x2b, 0x3e, 0x61, 0x84, 0x2d, 0x3e, 0xa3, 0x10, 0x2f, 0x3e,
  0xca, 0x9c, 0x30, 0x3e, 0xcf, 0x28, 0x32, 0x3e, 0xc0, 0xb4, 0x33, 0x3e,
  0x97, 0x40, 0x35, 0x3e, 0x52, 0xcc, 0x36, 0x3e, 0xe6, 0x57, 0x38, 0x3e,
  0x65, 0xe3, 0x39, 0x3e, 0xc9, 0x6e, 0x3b, 0x3e, 0x13, 0xfa, 0x3c, 0x3e,
  0x3a, 0x85, 0x3e, 0x3e, 0x47, 0x10, 0x40, 0x3e, 0x33, 0x9b, 0x41, 0x3e,
  0xfd, 0x25, 0x43, 0x3e, 0xb9, 0xb0, 0x44, 0x3e, 0x47, 0x3b, 0x46, 0x3e,
  0xc0, 0xc5, 0x47, 0x3e, 0x18, 0x50, 0x49, 0x3e, 0x48, 0xda, 0x4a, 0x3e,
  0x63, 0x64, 0x4c, 0x3e, 0x57, 0xee, 0x4d, 0x3e, 0x36, 0x78, 0x4f, 0x3e,
  0xf3, 0x01, 0x51, 0x3e, 0x88, 0x8b, 0x52, 0x3e, 0x03, 0x15, 0x54, 0x3e,
  0x55, 0x9e, 0x55, 0x3e, 0x86, 0x27, 0x57, 0x3e, 0xa2, 0xb0, 0x58, 0x3e,
  0x8f, 0x39, 0x5a, 0x3e, 0x69, 0xc2, 0x5b, 0x3e, 0x1a, 0x4b, 0x5d, 0x3e,
  0xa3, 0xd3, 0x5e, 0x3e, 0x11, 0x5c, 0x60, 0x3e, 0x56, 0xe4, 0x61, 0x3e,
  0x81, 0x6c, 0x63, 0x3e, 0x7d, 0xf4, 0x64, 0x3e, 0x5e, 0x7c, 0x66, 0x3e,
  0x1e, 0x04, 0x68, 0x3e, 0xb5, 0x8b, 0x69, 0x3e, 0x2a, 0x13, 0x6b, 0x3e,
  0x78, 0x9a, 0x6c, 0x3e, 0xaa, 0x21, 0x6e, 0x3e, 0xae, 0xa8, 0x6f, 0x3e,
  0x90, 0x2f, 0x71, 0x3e, 0x51, 0xb6, 0x72, 0x3e, 0xe9, 0x3c, 0x74, 0x3e,
  0x59, 0xc3, 0x75, 0x3e, 0xa0, 0x49, 0x77, 0x3e, 0xc6, 0xcf, 0x78, 0x3e,
  0xcb, 0x55, 0x7a, 0x3e, 0xa1, 0xdb, 0x7b, 0x3e, 0x4e, 0x61, 0x7d, 0x3e,
  0xe0, 0xe6, 0x7e, 0x3e, 0x1f, 0x36, 0x80, 0x3e, 0xc0, 0xf8, 0x80, 0x3e,
  0x49, 0xbb, 0x81, 0x3e, 0xbe, 0x7d, 0x82, 0x3e, 0x20, 0x40, 0x83, 0x3e,
  0x70, 0x02, 0x84, 0x3e, 0xa9, 0xc4, 0x84, 0x3e, 0xcb, 0x86, 0x85, 0x3e,
  0xdb, 0x48, 0x86, 0x3e, 0xd8, 0x0a, 0x87, 0x3e, 0xc0, 0xcc, 0x87, 0x3e,
  0x91, 0x8e, 0x88, 0x3e, 0x4b, 0x50, 0x89, 0x3e, 0xf3, 0x11, 0x8a, 0x3e,
  0x88, 0xd3, 0x8a, 0x3e, 0x05, 0x95, 0x8b, 0x3e, 0x6a, 0x56, 0x8c, 0x3e,
  0xbc, 0x17, 0x8d, 0x3e, 0xf9, 0xd8, 0x8d, 0x3e, 0x1f, 0x9a, 0x8e, 0x3e,
  0x31, 0x5b, 0x8f, 0x3e, 0x2b, 0x1c, 0x90, 0x3e, 0x0e, 0xdd, 0x90, 0x3e,
  0xdc, 0x9d, 0x91, 0x3e, 0x93, 0x5e, 0x92, 0x3e, 0x33, 0x1f, 0x93, 0x3e,
  0xbb, 0xdf, 0x93, 0x3e, 0x2f, 0xa0, 0x94, 0x3e, 0x8b, 0x60, 0x95, 0x3e,
  0xd0, 0x20, 0x96, 0x3e, 0x01, 0xe1, 0x96, 0x3e, 0x14, 0xa1, 0x97, 0x3e,
  0x12, 0x61, 0x98, 0x3e, 0xfd, 0x20, 0x99, 0x3e, 0xcc, 0xe0, 0x99, 0x3e,
  0x84, 0xa0, 0x9a, 0x3e, 0x25, 0x60, 0x9b, 0x3e, 0xab, 0x1f, 0x9c, 0x3e,
  0x1c, 0xdf, 0x9c, 0x3e, 0x73, 0x9e, 0x9d, 0x3e, 0xb2, 0x5d, 0x9e, 0x3e,
  0xde, 0x1c, 0x9f, 0x3e, 0xea, 0xdb, 0x9f, 0x3e, 0xe3, 0x9a, 0xa0, 0x3e,
  0xc1, 0x59, 0xa1, 0x3e, 0x84, 0x18, 0xa2, 0x3e, 0x30, 0xd7, 0xa2, 0x3e,
  0xc4, 0x95, 0xa3, 0x3e, 0x3d, 0x54, 0xa4, 0x3e, 0x9c, 0x12, 0xa5, 0x3e,
  0xe3, 0xd0, 0xa5, 0x3e, 0x0f, 0x8f, 0xa6, 0x3e, 0x24, 0x4d, 0xa7, 0x3e,
  0x1d, 0x0b, 0xa8, 0x3e, 0xfc, 0xc8, 0xa8, 0x3e, 0xc4, 0x86, 0xa9, 0x3e,
  0x6d, 0x44, 0xaa, 0x3e, 0xff, 0x01, 0xab, 0x3e, 0x72, 0xbf, 0xab, 0x3e,
  0xcf, 0x7c, 0xac, 0x3e, 0x13, 0x3a, 0xad, 0x3e, 0x3d, 0xf7, 0xad, 0x3e,
  0x48, 0xb4, 0xae, 0x3e, 0x39, 0x71, 0xaf, 0x3e, 0x0c, 0x2e, 0xb0, 0x3e,
  0xc7, 0xea, 0xb0, 0x3e, 0x67, 0xa7, 0xb1, 0x3e, 0xec, 0x63, 0xb2, 0x3e,
  0x53, 0x20, 0xb3, 0x3e, 0xa3, 0xdc, 0xb3, 0x3e, 0xd4, 0x98, 0xb4, 0x3e,
  0xe8, 0x54, 0xb5, 0x3e, 0xe3, 0x10, 0xb6, 0x3e, 0xc1, 0xcc, 0xb6, 0x3e,
  0x84, 0x88, 0xb7, 0x3e, 0x28, 0x44, 0xb8, 0x3e, 0xaf, 0xff, 0xb8, 0x3e,
  0x1d, 0xbb, 0xb9, 0x3e, 0x6b, 0x76, 0xba, 0x3e, 0xa1, 0x31, 0xbb, 0x3e,
  0xb5, 0xec, 0xbb, 0x3e, 0xab, 0xa7, 0xbc, 0x3e, 0x89, 0x62, 0xbd, 0x3e,
  0x46, 0x1d, 0xbe, 0x3e, 0xe9, 0xd7, 0xbe, 0x3e, 0x6c, 0x92, 0xbf, 0x3e,
  0xd6, 0x4c, 0xc0, 0x3e, 0x1d, 0x07, 0xc1, 0x3e, 0x47, 0xc1, 0xc1, 0x3e,
  0x55, 0x7b, 0xc2, 0x3e, 0x45, 0x35, 0xc3, 0x3e, 0x14, 0xef, 0xc3, 0x3e,
  0xc5, 0xa8, 0xc4, 0x3e, 0x5a, 0x62, 0xc5, 0x3e, 0xcf, 0x1b, 0xc6, 0x3e,
  0x28, 0xd5, 0xc6, 0x3e, 0x60, 0x8e, 0xc7, 0x3e, 0x7d, 0x47, 0xc8, 0x3e,
  0x75, 0x00, 0xc9, 0x3e, 0x4e, 0xb9, 0xc9, 0x3e, 0x11, 0x72, 0xca, 0x3e,
  0xab, 0x2a, 0xcb, 0x3e, 0x2d, 0xe3, 0xcb, 0x3e, 0x88, 0x9b, 0xcc, 0x3e,
  0xc7, 0x53, 0xcd, 0x3e, 0xe8, 0x0b, 0xce, 0x3e, 0xe8, 0xc3, 0xce, 0x3e,
  0xca, 0x7b, 0xcf, 0x3e, 0x8a, 0x33, 0xd0, 0x3e, 0x28, 0xeb, 0xd0, 0x3e,
  0xa8, 0xa2, 0xd1, 0x3e, 0x07, 0x5a, 0xd2, 0x3e, 0x47, 0x11, 0xd3, 0x3e,
  0x63, 0xc8, 0xd3, 0x3e, 0x64, 0x7f, 0xd4, 0x3e, 0x3f, 0x36, 0xd5, 0x3e,
  0xfd, 0xec, 0xd5, 0x3e, 0x99, 0xa3, 0xd6, 0x3e, 0x10, 0x5a, 0xd7, 0x3e,
  0x69, 0x10, 0xd8, 0x3e, 0xa0, 0xc6, 0xd8, 0x3e, 0xba, 0x7c, 0xd9, 0x3e,
  0xaa, 0x32, 0xda, 0x3e, 0x81, 0xe8, 0xda, 0x3e, 0x2e, 0x9e, 0xdb, 0x3e,
  0xc1, 0x53, 0xdc, 0x3e, 0x2c, 0x09, 0xdd, 0x3e, 0x78, 0xbe, 0xdd, 0x3e,
  0xa0, 0x73, 0xde, 0x3e, 0xa9, 0x28, 0xdf, 0x3e, 0x8b, 0xdd, 0xdf, 0x3e,
  0x4d, 0x92, 0xe0, 0x3e, 0xeb, 0x46, 0xe1, 0x3e, 0x68, 0xfb, 0xe1, 0x3e,
  0xbf, 0xaf, 0xe2, 0x3e, 0xf9, 0x63, 0xe3, 0x3e, 0x0d, 0x18, 0xe4, 0x3e,
  0xfd, 0xcb, 0xe4, 0x3e, 0xc7, 0x7f, 0xe5, 0x3e, 0x74, 0x33, 0xe6, 0x3e,
  0xf8, 0xe6, 0xe6, 0x3e, 0x5b, 0x9a, 0xe7, 0x3e, 0x9c, 0x4d, 0xe8, 0x3e,
  0xb4, 0x00, 0xe9, 0x3e, 0xac, 0xb3, 0xe9, 0x3e, 0x81, 0x66, 0xea, 0x3e,
  0x2f, 0x19, 0xeb, 0x3e, 0xb7, 0xcb, 0xeb, 0x3e, 0x21, 0x7e, 0xec, 0x3e,
  0x60, 0x30, 0xed, 0x3e, 0x81, 0xe2, 0xed, 0x3e, 0x79, 0x94, 0xee, 0x3e,
  0x4c, 0x46, 0xef, 0x3e, 0xf7, 0xf7, 0xef, 0x3e, 0x84, 0xa9, 0xf0, 0x3e,
  0xe9, 0x5a, 0xf1, 0x3e, 0x28, 0x0c, 0xf2, 0x3e, 0x40, 0xbd, 0xf2, 0x3e,
  0x39, 0x6e, 0xf3, 0x3e, 0x03, 0x1f, 0xf4, 0x3e, 0xaf, 0xcf, 0xf4, 0x3e,
  0x33, 0x80, 0xf5, 0x3e, 0x92, 0x30, 0xf6, 0x3e, 0xc8, 0xe0, 0xf6, 0x3e,
  0xdd, 0x90, 0xf7, 0x3e, 0xc7, 0x40, 0xf8, 0x3e, 0x8b, 0xf0, 0xf8, 0x3e,
  0x2b, 0xa0, 0xf9, 0x3e, 0xa5, 0x4f, 0xfa, 0x3e, 0xf4, 0xfe, 0xfa, 0x3e,
  0x1f, 0xae, 0xfb, 0x3e, 0x24, 0x5d, 0xfc, 0x3e, 0x04, 0x0c, 0xfd, 0x3e,
  0xb9, 0xba, 0xfd, 0x3e, 0x49, 0x69, 0xfe, 0x3e, 0xb0, 0x17, 0xff, 0x3e,
  0xef, 0xc5, 0xff, 0x3e, 0x07, 0x3a, 0x00, 0x3f, 0xfe, 0x90, 0x00, 0x3f,
  0xe5, 0xe7, 0x00, 0x3f, 0xb4, 0x3e, 0x01, 0x3f, 0x72, 0x95, 0x01, 0x3f,
  0x1a, 0xec, 0x01, 0x3f, 0xb0, 0x42, 0x02, 0x3f, 0x32, 0x99, 0x02, 0x3f,
  0x9f, 0xef, 0x02, 0x3f, 0xf8, 0x45, 0x03, 0x3f, 0x3c, 0x9c, 0x03, 0x3f,
  0x6c, 0xf2, 0x03, 0x3f, 0x87, 0x48, 0x04, 0x3f, 0x90, 0x9e, 0x04, 0x3f,
  0x82, 0xf4, 0x04, 0x3f, 0x61, 0x4a, 0x05, 0x3f, 0x2c, 0xa0, 0x05, 0x3f,
  0xe0, 0xf5, 0x05, 0x3f, 0x83, 0x4b, 0x06, 0x3f, 0x0e, 0xa1, 0x06, 0x3f,
  0x83, 0xf6, 0x06, 0x3f, 0xe8, 0x4b, 0x07, 0x3f, 0x34, 0xa1, 0x07, 0x3f,
  0x6f, 0xf6, 0x07, 0x3f, 0x92, 0x4b, 0x08, 0x3f, 0x9f, 0xa0, 0x08, 0x3f,
  0x9a, 0xf5, 0x08, 0x3f, 0x7e, 0x4a, 0x09, 0x3f, 0x4d, 0x9f, 0x09, 0x3f,
  0x08, 0xf4, 0x09, 0x3f, 0xac, 0x48, 0x0a, 0x3f, 0x3c, 0x9d, 0x0a, 0x3f,
  0xb6, 0xf1, 0x0a, 0x3f, 0x1a, 0x46, 0x0b, 0x3f, 0x6a, 0x9a, 0x0b, 0x3f,
  0xa4, 0xee, 0x0b, 0x3f, 0xc8, 0x42, 0x0c, 0x3f, 0xd6, 0x96, 0x0c, 0x3f,
  0xd1, 0xea, 0x0c, 0x3f, 0xb2, 0x3e, 0x0d, 0x3f, 0x81, 0x92, 0x0d, 0x3f,
  0x38, 0xe6, 0x0d, 0x3f, 0xd8, 0x39, 0x0e, 0x3f, 0x63, 0x8d, 0x0e, 0x3f,
  0xdb, 0xe0, 0x0e, 0x3f, 0x3b, 0x34, 0x0f, 0x3f, 0x85, 0x87, 0x0f, 0x3f,
  0xb6, 0xda, 0x0f, 0x3f, 0xd4, 0x2d, 0x10, 0x3f, 0xdb, 0x80, 0x10, 0x3f,
  0xcd, 0xd3, 0x10, 0x3f, 0xa6, 0x26, 0x11, 0x3f, 0x6a, 0x79, 0x11, 0x3f,
  0x18, 0xcc, 0x11, 0x3f, 0xad, 0x1e, 0x12, 0x3f, 0x30, 0x71, 0x12, 0x3f,
  0x99, 0xc3, 0x12, 0x3f, 0xed, 0x15, 0x13, 0x3f, 0x2b, 0x68, 0x13, 0x3f,
  0x51, 0xba, 0x13, 0x3f, 0x5e, 0x0c, 0x14, 0x3f, 0x57, 0x5e, 0x14, 0x3f,
  0x38, 0xb0, 0x14, 0x3f, 0x02, 0x02, 0x15, 0x3f, 0xb6, 0x53, 0x15, 0x3f,
  0x51, 0xa5, 0x15, 0x3f, 0xd8, 0xf6, 0x15, 0x3f, 0x46, 0x48, 0x16, 0x3f,
  0x9e, 0x99, 0x16, 0x3f, 0xde, 0xea, 0x16, 0x3f, 0x05, 0x3c, 0x17, 0x3f,
  0x19, 0x8d, 0x17, 0x3f, 0x12, 0xde, 0x17, 0x3f, 0xf3, 0x2e, 0x18, 0x3f,
  0xbe, 0x7f, 0x18, 0x3f, 0x72, 0xd0, 0x18, 0x3f, 0x0e, 0x21, 0x19, 0x3f,
  0x92, 0x71, 0x19, 0x3f, 0x01, 0xc2, 0x19, 0x3f, 0x55, 0x12, 0x1a, 0x3f,
  0x93, 0x62, 0x1a, 0x3f, 0xb6, 0xb2, 0x1a, 0x3f, 0xc5, 0x02, 0x1b, 0x3f,
  0xbb, 0x52, 0x1b, 0x3f, 0x97, 0xa2, 0x1b, 0x3f, 0x5e, 0xf2, 0x1b, 0x3f,
  0x0c, 0x42, 0x1c, 0x3f, 0xa1, 0x91, 0x1c, 0x3f, 0x1e, 0xe1, 0x1c, 0x3f,
  0x83, 0x30, 0x1d, 0x3f, 0xd0, 0x7f, 0x1d, 0x3f, 0x05, 0xcf, 0x1d, 0x3f,
  0x22, 0x1e, 0x1e, 0x3f, 0x26, 0x6d, 0x1e, 0x3f, 0x10, 0xbc, 0x1e, 0x3f,
  0xe4, 0x0a, 0x1f, 0x3f, 0x9e, 0x59, 0x1f, 0x3f, 0x3f, 0xa8, 0x1f, 0x3f,
  0xcb, 0xf6, 0x1f, 0x3f, 0x3a, 0x45, 0x20, 0x3f, 0x91, 0x93, 0x20, 0x3f,
  0xd1, 0xe1, 0x20, 0x3f, 0xf8, 0x2f, 0x21, 0x3f, 0x06, 0x7e, 0x21, 0x3f,
  0xfa, 0xcb, 0x21, 0x3f, 0xd6, 0x19, 0x22, 0x3f, 0x98, 0x67, 0x22, 0x3f,
  0x42, 0xb5, 0x22, 0x3f, 0xd2, 0x02, 0x23, 0x3f, 0x4b, 0x50, 0x23, 0x3f,
  0xa8, 0x9d, 0x23, 0x3f, 0xec, 0xea, 0x23, 0x3f, 0x18, 0x38, 0x24, 0x3f,
  0x2a, 0x85, 0x24, 0x3f, 0x24, 0xd2, 0x24, 0x3f, 0x04, 0x1f, 0x25, 0x3f,
  0xca, 0x6b, 0x25, 0x3f, 0x76, 0xb8, 0x25, 0x3f, 0x0a, 0x05, 0x26, 0x3f,
  0x82, 0x51, 0x26, 0x3f, 0xe2, 0x9d, 0x26, 0x3f, 0x27, 0xea, 0x26, 0x3f,
  0x53, 0x36, 0x27, 0x3f, 0x68, 0x82, 0x27, 0x3f, 0x60, 0xce, 0x27, 0x3f,
  0x3f, 0x1a, 0x28, 0x3f, 0x03, 0x66, 0x28, 0x3f, 0xae, 0xb1, 0x28, 0x3f,
  0x40, 0xfd, 0x28, 0x3f, 0xb5, 0x48, 0x29, 0x3f, 0x13, 0x94, 0x29, 0x3f,
  0x56, 0xdf, 0x29, 0x3f, 0x7e, 0x2a, 0x2a, 0x3f, 0x8c, 0x75, 0x2a, 0x3f,
  0x80, 0xc0, 0x2a, 0x3f, 0x5b, 0x0b, 0x2b, 0x3f, 0x1b, 0x56, 0x2b, 0x3f,
  0xbe, 0xa0, 0x2b, 0x3f, 0x49, 0xeb, 0x2b, 0x3f, 0xb8, 0x35, 0x2c, 0x3f,
  0x0f, 0x80, 0x2c, 0x3f, 0x49, 0xca, 0x2c, 0x3f, 0x68, 0x14, 0x2d, 0x3f,
  0x6d, 0x5e, 0x2d, 0x3f, 0x58, 0xa8, 0x2d, 0x3f, 0x29, 0xf2, 0x2d, 0x3f,
  0xdc, 0x3b, 0x2e, 0x3f, 0x78, 0x85, 0x2e, 0x3f, 0xf6, 0xce, 0x2e, 0x3f,
  0x5a, 0x18, 0x2f, 0x3f, 0xa4, 0x61, 0x2f, 0x3f, 0xd3, 0xaa, 0x2f, 0x3f,
  0xe4, 0xf3, 0x2f, 0x3f, 0xdb, 0x3c, 0x30, 0x3f, 0xba, 0x85, 0x30, 0x3f,
  0x7c, 0xce, 0x30, 0x3f, 0x22, 0x17, 0x31, 0x3f, 0xac, 0x5f, 0x31, 0x3f,
  0x1c, 0xa8, 0x31, 0x3f, 0x6f, 0xf0, 0x31, 0x3f, 0xaa, 0x38, 0x32, 0x3f,
  0xc6, 0x80, 0x32, 0x3f, 0xc8, 0xc8, 0x32, 0x3f, 0xaf, 0x10, 0x33, 0x3f,
  0x78, 0x58, 0x33, 0x3f, 0x27, 0xa0, 0x33, 0x3f, 0xbb, 0xe7, 0x33, 0x3f,
  0x31, 0x2f, 0x34, 0x3f, 0x8e, 0x76, 0x34, 0x3f, 0xce, 0xbd, 0x34, 0x3f,
  0xf2, 0x04, 0x35, 0x3f, 0xfb, 0x4b, 0x35, 0x3f, 0xe5, 0x92, 0x35, 0x3f,
  0xb7, 0xd9, 0x35, 0x3f, 0x6a, 0x20, 0x36, 0x3f, 0x02, 0x67, 0x36, 0x3f,
  0x7e, 0xad, 0x36, 0x3f, 0xde, 0xf3, 0x36, 0x3f, 0x22, 0x3a, 0x37, 0x3f,
  0x49, 0x80, 0x37, 0x3f, 0x54, 0xc6, 0x37, 0x3f, 0x41, 0x0c, 0x38, 0x3f,
  0x14, 0x52, 0x38, 0x3f, 0xca, 0x97, 0x38, 0x3f, 0x65, 0xdd, 0x38, 0x3f,
  0xe0, 0x22, 0x39, 0x3f, 0x40, 0x68, 0x39, 0x3f, 0x84, 0xad, 0x39, 0x3f,
  0xac, 0xf2, 0x39, 0x3f, 0xb6, 0x37, 0x3a, 0x3f, 0xa5, 0x7c, 0x3a, 0x3f,
  0x75, 0xc1, 0x3a, 0x3f, 0x28, 0x06, 0x3b, 0x3f, 0xbf, 0x4a, 0x3b, 0x3f,
  0x3a, 0x8f, 0x3b, 0x3f, 0x98, 0xd3, 0x3b, 0x3f, 0xd8, 0x17, 0x3c, 0x3f,
  0xfd, 0x5b, 0x3c, 0x3f, 0x02, 0xa0, 0x3c, 0x3f, 0xec, 0xe3, 0x3c, 0x3f,
  0xb8, 0x27, 0x3d, 0x3f, 0x66, 0x6b, 0x3d, 0x3f, 0xf9, 0xae, 0x3d, 0x3f,
  0x6c, 0xf2, 0x3d, 0x3f, 0xc4, 0x35, 0x3e, 0x3f, 0xfe, 0x78, 0x3e, 0x3f,
  0x1a, 0xbc, 0x3e, 0x3f, 0x19, 0xff, 0x3e, 0x3f, 0xfc, 0x41, 0x3f, 0x3f,
  0xc1, 0x84, 0x3f, 0x3f, 0x66, 0xc7, 0x3f, 0x3f, 0xef, 0x09, 0x40, 0x3f,
  0x59, 0x4c, 0x40, 0x3f, 0xa9, 0x8e, 0x40, 0x3f, 0xd8, 0xd0, 0x40, 0x3f,
  0xec, 0x12, 0x41, 0x3f, 0xdf, 0x54, 0x41, 0x3f, 0xb6, 0x96, 0x41, 0x3f,
  0x70, 0xd8, 0x41, 0x3f, 0x0a, 0x1a, 0x42, 0x3f, 0x89, 0x5b, 0x42, 0x3f,
  0xe6, 0x9c, 0x42, 0x3f, 0x27, 0xde, 0x42, 0x3f, 0x4a, 0x1f, 0x43, 0x3f,
  0x51, 0x60, 0x43, 0x3f, 0x35, 0xa1, 0x43, 0x3f, 0xff, 0xe1, 0x43, 0x3f,
  0xa9, 0x22, 0x44, 0x3f, 0x35, 0x63, 0x44, 0x3f, 0xa5, 0xa3, 0x44, 0x3f,
  0xf4, 0xe3, 0x44, 0x3f, 0x25, 0x24, 0x45, 0x3f, 0x39, 0x64, 0x45, 0x3f,
  0x2c, 0xa4, 0x45, 0x3f, 0x02, 0xe4, 0x45, 0x3f, 0xb9, 0x23, 0x46, 0x3f,
  0x52, 0x63, 0x46, 0x3f, 0xcc, 0xa2, 0x46, 0x3f, 0x28, 0xe2, 0x46, 0x3f,
  0x67, 0x21, 0x47, 0x3f, 0x85, 0x60, 0x47, 0x3f, 0x85, 0x9f, 0x47, 0x3f,
  0x65, 0xde, 0x47, 0x3f, 0x27, 0x1d, 0x48, 0x3f, 0xca, 0x5b, 0x48, 0x3f,
  0x4e, 0x9a, 0x48, 0x3f, 0xb2, 0xd8, 0x48, 0x3f, 0xf8, 0x16, 0x49, 0x3f,
  0x21, 0x55, 0x49, 0x3f, 0x28, 0x93, 0x49, 0x3f, 0x12, 0xd1, 0x49, 0x3f,
  0xdb, 0x0e, 0x4a, 0x3f, 0x87, 0x4c, 0x4a, 0x3f, 0x12, 0x8a, 0x4a, 0x3f,
  0x7e, 0xc7, 0x4a, 0x3f, 0xcb, 0x04, 0x4b, 0x3f, 0xfa, 0x41, 0x4b, 0x3f,
  0x08, 0x7f, 0x4b, 0x3f, 0xf6, 0xbb, 0x4b, 0x3f, 0xc5, 0xf8, 0x4b, 0x3f,
  0x75, 0x35, 0x4c, 0x3f, 0x08, 0x72, 0x4c, 0x3f, 0x78, 0xae, 0x4c, 0x3f,
  0xca, 0xea, 0x4c, 0x3f, 0xfc, 0x26, 0x4d, 0x3f, 0x0e, 0x63, 0x4d, 0x3f,
  0x02, 0x9f, 0x4d, 0x3f, 0xd4, 0xda, 0x4d, 0x3f, 0x88, 0x16, 0x4e, 0x3f,
  0x1c, 0x52, 0x4e, 0x3f, 0x8f, 0x8d, 0x4e, 0x3f, 0xe2, 0xc8, 0x4e, 0x3f,
  0x16, 0x04, 0x4f, 0x3f, 0x2b, 0x3f, 0x4f, 0x3f, 0x1e, 0x7a, 0x4f, 0x3f,
  0xf3, 0xb4, 0x4f, 0x3f, 0xa6, 0xef, 0x4f, 0x3f, 0x3a, 0x2a, 0x50, 0x3f,
  0xaf, 0x64, 0x50, 0x3f, 0x03, 0x9f, 0x50, 0x3f, 0x36, 0xd9, 0x50, 0x3f,
  0x49, 0x13, 0x51, 0x3f, 0x3d, 0x4d, 0x51, 0x3f, 0x0e, 0x87, 0x51, 0x3f,
  0xc2, 0xc0, 0x51, 0x3f, 0x55, 0xfa, 0x51, 0x3f, 0xc6, 0x33, 0x52, 0x3f,
  0x16, 0x6d, 0x52, 0x3f, 0x49, 0xa6, 0x52, 0x3f, 0x59, 0xdf, 0x52, 0x3f,
  0x49, 0x18, 0x53, 0x3f, 0x17, 0x51, 0x53, 0x3f, 0xc6, 0x89, 0x53, 0x3f,
  0x55, 0xc2, 0x53, 0x3f, 0xc2, 0xfa, 0x53, 0x3f, 0x0d, 0x33, 0x54, 0x3f,
  0x39, 0x6b, 0x54, 0x3f, 0x47, 0xa3, 0x54, 0x3f, 0x2f, 0xdb, 0x54, 0x3f,
  0xfa, 0x12, 0x55, 0x3f, 0xa3, 0x4a, 0x55, 0x3f, 0x2a, 0x82, 0x55, 0x3f,
  0x92, 0xb9, 0x55, 0x3f, 0xd7, 0xf0, 0x55, 0x3f, 0xfc, 0x27, 0x56, 0x3f,
  0x00, 0x5f, 0x56, 0x3f, 0xe3, 0x95, 0x56, 0x3f, 0xa6, 0xcc, 0x56, 0x3f,
  0x46, 0x03, 0x57, 0x3f, 0xc6, 0x39, 0x57, 0x3f, 0x24, 0x70, 0x57, 0x3f,
  0x63, 0xa6, 0x57, 0x3f, 0x7e, 0xdc, 0x57, 0x3f, 0x78, 0x12, 0x58, 0x3f,
  0x52, 0x48, 0x58, 0x3f, 0x0a, 0x7e, 0x58, 0x3f, 0xa1, 0xb3, 0x58, 0x3f,
  0x16, 0xe9, 0x58, 0x3f, 0x69, 0x1e, 0x59, 0x3f, 0x9c, 0x53, 0x59, 0x3f,
  0xac, 0x88, 0x59, 0x3f, 0x9d, 0xbd, 0x59, 0x3f, 0x68, 0xf2, 0x59, 0x3f,
  0x14, 0x27, 0x5a, 0x3f, 0xa0, 0x5b, 0x5a, 0x3f, 0x07, 0x90, 0x5a, 0x3f,
  0x4e, 0xc4, 0x5a, 0x3f, 0x74, 0xf8, 0x5a, 0x3f, 0x78, 0x2c, 0x5b, 0x3f,
  0x5b, 0x60, 0x5b, 0x3f, 0x1a, 0x94, 0x5b, 0x3f, 0xb8, 0xc7, 0x5b, 0x3f,
  0x34, 0xfb, 0x5b, 0x3f, 0x8f, 0x2e, 0x5c, 0x3f, 0xc6, 0x61, 0x5c, 0x3f,
  0xdc, 0x94, 0x5c, 0x3f, 0xd0, 0xc7, 0x5c, 0x3f, 0xa3, 0xfa, 0x5c, 0x3f,
  0x52, 0x2d, 0x5d, 0x3f, 0xe0, 0x5f, 0x5d, 0x3f, 0x4d, 0x92, 0x5d, 0x3f,
  0x96, 0xc4, 0x5d, 0x3f, 0xbd, 0xf6, 0x5d, 0x3f, 0xc2, 0x28, 0x5e, 0x3f,
  0xa6, 0x5a, 0x5e, 0x3f, 0x66, 0x8c, 0x5e, 0x3f, 0x04, 0xbe, 0x5e, 0x3f,
  0x80, 0xef, 0x5e, 0x3f, 0xda, 0x20, 0x5f, 0x3f, 0x11, 0x52, 0x5f, 0x3f,
  0x26, 0x83, 0x5f, 0x3f, 0x19, 0xb4, 0x5f, 0x3f, 0xe8, 0xe4, 0x5f, 0x3f,
  0x96, 0x15, 0x60, 0x3f, 0x20, 0x46, 0x60, 0x3f, 0x87, 0x76, 0x60, 0x3f,
  0xcd, 0xa6, 0x60, 0x3f, 0xf0, 0xd6, 0x60, 0x3f, 0xf0, 0x06, 0x61, 0x3f,
  0xce, 0x36, 0x61, 0x3f, 0x8a, 0x66, 0x61, 0x3f, 0x22, 0x96, 0x61, 0x3f,
  0x96, 0xc5, 0x61, 0x3f, 0xe8, 0xf4, 0x61, 0x3f, 0x17, 0x24, 0x62, 0x3f,
  0x25, 0x53, 0x62, 0x3f, 0x10, 0x82, 0x62, 0x3f, 0xd6, 0xb0, 0x62, 0x3f,
  0x7a, 0xdf, 0x62, 0x3f, 0xfa, 0x0d, 0x63, 0x3f, 0x58, 0x3c, 0x63, 0x3f,
  0x94, 0x6a, 0x63, 0x3f, 0xab, 0x98, 0x63, 0x3f, 0xa0, 0xc6, 0x63, 0x3f,
  0x72, 0xf4, 0x63, 0x3f, 0x20, 0x22, 0x64, 0x3f, 0xac, 0x4f, 0x64, 0x3f,
  0x13, 0x7d, 0x64, 0x3f, 0x57, 0xaa, 0x64, 0x3f, 0x7a, 0xd7, 0x64, 0x3f,
  0x77, 0x04, 0x65, 0x3f, 0x52, 0x31, 0x65, 0x3f, 0x0a, 0x5e, 0x65, 0x3f,
  0x9e, 0x8a, 0x65, 0x3f, 0x11, 0xb7, 0x65, 0x3f, 0x5c, 0xe3, 0x65, 0x3f,
  0x87, 0x0f, 0x66, 0x3f, 0x8d, 0x3b, 0x66, 0x3f, 0x6f, 0x67, 0x66, 0x3f,
  0x30, 0x93, 0x66, 0x3f, 0xcc, 0xbe, 0x66, 0x3f, 0x44, 0xea, 0x66, 0x3f,
  0x97, 0x15, 0x67, 0x3f, 0xcb, 0x40, 0x67, 0x3f, 0xd6, 0x6b, 0x67, 0x3f,
  0xc0, 0x96, 0x67, 0x3f, 0x86, 0xc1, 0x67, 0x3f, 0x28, 0xec, 0x67, 0x3f,
  0xa6, 0x16, 0x68, 0x3f, 0x01, 0x41, 0x68, 0x3f, 0x38, 0x6b, 0x68, 0x3f,
  0x4c, 0x95, 0x68, 0x3f, 0x3a, 0xbf, 0x68, 0x3f, 0x07, 0xe9, 0x68, 0x3f,
  0xae, 0x12, 0x69, 0x3f, 0x2f, 0x3c, 0x69, 0x3f, 0x90, 0x65, 0x69, 0x3f,
  0xcd, 0x8e, 0x69, 0x3f, 0xe2, 0xb7, 0x69, 0x3f, 0xd6, 0xe0, 0x69, 0x3f,
  0xa6, 0x09, 0x6a, 0x3f, 0x50, 0x32, 0x6a, 0x3f, 0xd9, 0x5a, 0x6a, 0x3f,
  0x3b, 0x83, 0x6a, 0x3f, 0x7a, 0xab, 0x6a, 0x3f, 0x94, 0xd3, 0x6a, 0x3f,
  0x8a, 0xfb, 0x6a, 0x3f, 0x5c, 0x23, 0x6b, 0x3f, 0x0b, 0x4b, 0x6b, 0x3f,
  0x94, 0x72, 0x6b, 0x3f, 0xf9, 0x99, 0x6b, 0x3f, 0x3b, 0xc1, 0x6b, 0x3f,
  0x57, 0xe8, 0x6b, 0x3f, 0x51, 0x0f, 0x6c, 0x3f, 0x24, 0x36, 0x6c, 0x3f,
  0xd2, 0x5c, 0x6c, 0x3f, 0x5e, 0x83, 0x6c, 0x3f, 0xc4, 0xa9, 0x6c, 0x3f,
  0x06, 0xd0, 0x6c, 0x3f, 0x24, 0xf6, 0x6c, 0x3f, 0x1d, 0x1c, 0x6d, 0x3f,
  0xf0, 0x41, 0x6d, 0x3f, 0x9f, 0x67, 0x6d, 0x3f, 0x2d, 0x8d, 0x6d, 0x3f,
  0x92, 0xb2, 0x6d, 0x3f, 0xd4, 0xd7, 0x6d, 0x3f, 0xf2, 0xfc, 0x6d, 0x3f,
  0xea, 0x21, 0x6e, 0x3f, 0xbd, 0x46, 0x6e, 0x3f, 0x6c, 0x6b, 0x6e, 0x3f,
  0xf7, 0x8f, 0x6e, 0x3f, 0x5d, 0xb4, 0x6e, 0x3f, 0x9c, 0xd8, 0x6e, 0x3f,
  0xb8, 0xfc, 0x6e, 0x3f, 0xb0, 0x20, 0x6f, 0x3f, 0x82, 0x44, 0x6f, 0x3f,
  0x2e, 0x68, 0x6f, 0x3f, 0xb8, 0x8b, 0x6f, 0x3f, 0x1a, 0xaf, 0x6f, 0x3f,
  0x57, 0xd2, 0x6f, 0x3f, 0x71, 0xf5, 0x6f, 0x3f, 0x66, 0x18, 0x70, 0x3f,
  0x36, 0x3b, 0x70, 0x3f, 0xe0, 0x5d, 0x70, 0x3f, 0x66, 0x80, 0x70, 0x3f,
  0xc6, 0xa2, 0x70, 0x3f, 0x00, 0xc5, 0x70, 0x3f, 0x16, 0xe7, 0x70, 0x3f,
  0x09, 0x09, 0x71, 0x3f, 0xd1, 0x2a, 0x71, 0x3f, 0x7a, 0x4c, 0x71, 0x3f,
  0xfb, 0x6d, 0x71, 0x3f, 0x56, 0x8f, 0x71, 0x3f, 0x8b, 0xb0, 0x71, 0x3f,
  0x9f, 0xd1, 0x71, 0x3f, 0x8a, 0xf2, 0x71, 0x3f, 0x52, 0x13, 0x72, 0x3f,
  0xf2, 0x33, 0x72, 0x3f, 0x6e, 0x54, 0x72, 0x3f, 0xc6, 0x74, 0x72, 0x3f,
  0xf8, 0x94, 0x72, 0x3f, 0x04, 0xb5, 0x72, 0x3f, 0xea, 0xd4, 0x72, 0x3f,
  0xaa, 0xf4, 0x72, 0x3f, 0x46, 0x14, 0x73, 0x3f, 0xbd, 0x33, 0x73, 0x3f,
  0x0f, 0x53, 0x73, 0x3f, 0x38, 0x72, 0x73, 0x3f, 0x3f, 0x91, 0x73, 0x3f,
  0x1e, 0xb0, 0x73, 0x3f, 0xd7, 0xce, 0x73, 0x3f, 0x6d, 0xed, 0x73, 0x3f,
  0xdd, 0x0b, 0x74, 0x3f, 0x25, 0x2a, 0x74, 0x3f, 0x49, 0x48, 0x74, 0x3f,
  0x48, 0x66, 0x74, 0x3f, 0x21, 0x84, 0x74, 0x3f, 0xd4, 0xa1, 0x74, 0x3f,
  0x61, 0xbf, 0x74, 0x3f, 0xc9, 0xdc, 0x74, 0x3f, 0x0a, 0xfa, 0x74, 0x3f,
  0x27, 0x17, 0x75, 0x3f, 0x1c, 0x34, 0x75, 0x3f, 0xec, 0x50, 0x75, 0x3f,
  0x96, 0x6d, 0x75, 0x3f, 0x1a, 0x8a, 0x75, 0x3f, 0x7a, 0xa6, 0x75, 0x3f,
  0xb3, 0xc2, 0x75, 0x3f, 0xc6, 0xde, 0x75, 0x3f, 0xb3, 0xfa, 0x75, 0x3f,
  0x7b, 0x16, 0x76, 0x3f, 0x1a, 0x32, 0x76, 0x3f, 0x97, 0x4d, 0x76, 0x3f,
  0xeb, 0x68, 0x76, 0x3f, 0x1a, 0x84, 0x76, 0x3f, 0x24, 0x9f, 0x76, 0x3f,
  0x06, 0xba, 0x76, 0x3f, 0xc3, 0xd4, 0x76, 0x3f, 0x5a, 0xef, 0x76, 0x3f,
  0xcb, 0x09, 0x77, 0x3f, 0x16, 0x24, 0x77, 0x3f, 0x3b, 0x3e, 0x77, 0x3f,
  0x3a, 0x58, 0x77, 0x3f, 0x12, 0x72, 0x77, 0x3f, 0xc4, 0x8b, 0x77, 0x3f,
  0x50, 0xa5, 0x77, 0x3f, 0xb7, 0xbe, 0x77, 0x3f, 0xf7, 0xd7, 0x77, 0x3f,
  0x10, 0xf1, 0x77, 0x3f, 0x02, 0x0a, 0x78, 0x3f, 0xd0, 0x22, 0x78, 0x3f,
  0x76, 0x3b, 0x78, 0x3f, 0xf5, 0x53, 0x78, 0x3f, 0x51, 0x6c, 0x78, 0x3f,
  0x84, 0x84, 0x78, 0x3f, 0x92, 0x9c, 0x78, 0x3f, 0x7b, 0xb4, 0x78, 0x3f,
  0x3b, 0xcc, 0x78, 0x3f, 0xd4, 0xe3, 0x78, 0x3f, 0x4b, 0xfb, 0x78, 0x3f,
  0x95, 0x12, 0x79, 0x3f, 0xbe, 0x29, 0x79, 0x3f, 0xbd, 0x40, 0x79, 0x3f,
  0x99, 0x57, 0x79, 0x3f, 0x4f, 0x6e, 0x79, 0x3f, 0xda, 0x84, 0x79, 0x3f,
  0x42, 0x9b, 0x79, 0x3f, 0x82, 0xb1, 0x79, 0x3f, 0x9b, 0xc7, 0x79, 0x3f,
  0x90, 0xdd, 0x79, 0x3f, 0x5c, 0xf3, 0x79, 0x3f, 0x05, 0x09, 0x7a, 0x3f,
  0x83, 0x1e, 0x7a, 0x3f, 0xdc, 0x33, 0x7a, 0x3f, 0x0f, 0x49, 0x7a, 0x3f,
  0x1c, 0x5e, 0x7a, 0x3f, 0x01, 0x73, 0x7a, 0x3f, 0xc0, 0x87, 0x7a, 0x3f,
  0x58, 0x9c, 0x7a, 0x3f, 0xca, 0xb0, 0x7a, 0x3f, 0x14, 0xc5, 0x7a, 0x3f,
  0x38, 0xd9, 0x7a, 0x3f, 0x37, 0xed, 0x7a, 0x3f, 0x0d, 0x01, 0x7b, 0x3f,
  0xbf, 0x14, 0x7b, 0x3f, 0x46, 0x28, 0x7b, 0x3f, 0xab, 0x3b, 0x7b, 0x3f,
  0xe5, 0x4e, 0x7b, 0x3f, 0xfb, 0x61, 0x7b, 0x3f, 0xea, 0x74, 0x7b, 0x3f,
  0xb2, 0x87, 0x7b, 0x3f, 0x52, 0x9a, 0x7b, 0x3f, 0xcc, 0xac, 0x7b, 0x3f,
  0x20, 0xbf, 0x7b, 0x3f, 0x4d, 0xd1, 0x7b, 0x3f, 0x52, 0xe3, 0x7b, 0x3f,
  0x30, 0xf5, 0x7b, 0x3f, 0xe8, 0x06, 0x7c, 0x3f, 0x7a, 0x18, 0x7c, 0x3f,
  0xe4, 0x29, 0x7c, 0x3f, 0x25, 0x3b, 0x7c, 0x3f, 0x44, 0x4c, 0x7c, 0x3f,
  0x38, 0x5d, 0x7c, 0x3f, 0x07, 0x6e, 0x7c, 0x3f, 0xae, 0x7e, 0x7c, 0x3f,
  0x31, 0x8f, 0x7c, 0x3f, 0x8a, 0x9f, 0x7c, 0x3f, 0xbc, 0xaf, 0x7c, 0x3f,
  0xc7, 0xbf, 0x7c, 0x3f, 0xad, 0xcf, 0x7c, 0x3f, 0x6a, 0xdf, 0x7c, 0x3f,
  0x03, 0xef, 0x7c, 0x3f, 0x72, 0xfe, 0x7c, 0x3f, 0xba, 0x0d, 0x7d, 0x3f,
  0xdc, 0x1c, 0x7d, 0x3f, 0xd9, 0x2b, 0x7d, 0x3f, 0xaa, 0x3a, 0x7d, 0x3f,
  0x58, 0x49, 0x7d, 0x3f, 0xde, 0x57, 0x7d, 0x3f, 0x3c, 0x66, 0x7d, 0x3f,
  0x74, 0x74, 0x7d, 0x3f, 0x85, 0x82, 0x7d, 0x3f, 0x6e, 0x90, 0x7d, 0x3f,
  0x30, 0x9e, 0x7d, 0x3f, 0xc9, 0xab, 0x7d, 0x3f, 0x3e, 0xb9, 0x7d, 0x3f,
  0x8b, 0xc6, 0x7d, 0x3f, 0xb3, 0xd3, 0x7d, 0x3f, 0xb0, 0xe0, 0x7d, 0x3f,
  0x88, 0xed, 0x7d, 0x3f, 0x38, 0xfa, 0x7d, 0x3f, 0xc0, 0x06, 0x7e, 0x3f,
  0x21, 0x13, 0x7e, 0x3f, 0x5e, 0x1f, 0x7e, 0x3f, 0x70, 0x2b, 0x7e, 0x3f,
  0x5d, 0x37, 0x7e, 0x3f, 0x23, 0x43, 0x7e, 0x3f, 0xc0, 0x4e, 0x7e, 0x3f,
  0x38, 0x5a, 0x7e, 0x3f, 0x86, 0x65, 0x7e, 0x3f, 0xaf, 0x70, 0x7e, 0x3f,
  0xb0, 0x7b, 0x7e, 0x3f, 0x8a, 0x86, 0x7e, 0x3f, 0x3c, 0x91, 0x7e, 0x3f,
  0xc7, 0x9b, 0x7e, 0x3f, 0x2c, 0xa6, 0x7e, 0x3f, 0x67, 0xb0, 0x7e, 0x3f,
  0x7d, 0xba, 0x7e, 0x3f, 0x6d, 0xc4, 0x7e, 0x3f, 0x34, 0xce, 0x7e, 0x3f,
  0xd3, 0xd7, 0x7e, 0x3f, 0x49, 0xe1, 0x7e, 0x3f, 0x9d, 0xea, 0x7e, 0x3f,
  0xc6, 0xf3, 0x7e, 0x3f, 0xc7, 0xfc, 0x7e, 0x3f, 0xa4, 0x05, 0x7f, 0x3f,
  0x56, 0x0e, 0x7f, 0x3f, 0xe3, 0x16, 0x7f, 0x3f, 0x49, 0x1f, 0x7f, 0x3f,
  0x86, 0x27, 0x7f, 0x3f, 0x9c, 0x2f, 0x7f, 0x3f, 0x8c, 0x37, 0x7f, 0x3f,
  0x55, 0x3f, 0x7f, 0x3f, 0xf4, 0x46, 0x7f, 0x3f, 0x6c, 0x4e, 0x7f, 0x3f,
  0xbe, 0x55, 0x7f, 0x3f, 0xe8, 0x5c, 0x7f, 0x3f, 0xea, 0x63, 0x7f, 0x3f,
  0xc6, 0x6a, 0x7f, 0x3f, 0x7b, 0x71, 0x7f, 0x3f, 0x08, 0x78, 0x7f, 0x3f,
  0x6c, 0x7e, 0x7f, 0x3f, 0xa9, 0x84, 0x7f, 0x3f, 0xc0, 0x8a, 0x7f, 0x3f,
  0xb0, 0x90, 0x7f, 0x3f, 0x78, 0x96, 0x7f, 0x3f, 0x19, 0x9c, 0x7f, 0x3f,
  0x90, 0xa1, 0x7f, 0x3f, 0xe2, 0xa6, 0x7f, 0x3f, 0x0c, 0xac, 0x7f, 0x3f,
  0x0e, 0xb1, 0x7f, 0x3f, 0xe9, 0xb5, 0x7f, 0x3f, 0x9c, 0xba, 0x7f, 0x3f,
  0x2a, 0xbf, 0x7f, 0x3f, 0x8e, 0xc3, 0x7f, 0x3f, 0xcc, 0xc7, 0x7f, 0x3f,
  0xe3, 0xcb, 0x7f, 0x3f, 0xd0, 0xcf, 0x7f, 0x3f, 0x96, 0xd3, 0x7f, 0x3f,
  0x36, 0xd7, 0x7f, 0x3f, 0xad, 0xda, 0x7f, 0x3f, 0xfe, 0xdd, 0x7f, 0x3f,
  0x29, 0xe1, 0x7f, 0x3f, 0x2b, 0xe4, 0x7f, 0x3f, 0x05, 0xe7, 0x7f, 0x3f,
  0xb6, 0xe9, 0x7f, 0x3f, 0x43, 0xec, 0x7f, 0x3f, 0xa5, 0xee, 0x7f, 0x3f,
  0xe1, 0xf0, 0x7f, 0x3f, 0xf9, 0xf2, 0x7f, 0x3f, 0xe4, 0xf4, 0x7f, 0x3f,
  0xa9, 0xf6, 0x7f, 0x3f, 0x49, 0xf8, 0x7f, 0x3f, 0xbf, 0xf9, 0x7f, 0x3f,
  0x11, 0xfb, 0x7f, 0x3f, 0x38, 0xfc, 0x7f, 0x3f, 0x39, 0xfd, 0x7f, 0x3f,
  0x13, 0xfe, 0x7f, 0x3f, 0xc5, 0xfe, 0x7f, 0x3f, 0x4e, 0xff, 0x7f, 0x3f,
  0xaf, 0xff, 0x7f, 0x3f, 0xec, 0xff, 0x7f, 0x3f, 0xfe, 0xff, 0x7f, 0x3f,
  0xec, 0xff, 0x7f, 0x3f, 0xaf, 0xff, 0x7f, 0x3f, 0x4e, 0xff, 0x7f, 0x3f,
  0xc5, 0xfe, 0x7f, 0x3f, 0x13, 0xfe, 0x7f, 0x3f, 0x39, 0xfd, 0x7f, 0x3f,
  0x38, 0xfc, 0x7f, 0x3f, 0x11, 0xfb, 0x7f, 0x3f, 0xbf, 0xf9, 0x7f, 0x3f,
  0x49, 0xf8, 0x7f, 0x3f, 0xa9, 0xf6, 0x7f, 0x3f, 0xe4, 0xf4, 0x7f, 0x3f,
  0xf9, 0xf2, 0x7f, 0x3f, 0xe1, 0xf0, 0x7f, 0x3f, 0xa5, 0xee, 0x7f, 0x3f,
  0x43, 0xec, 0x7f, 0x3f, 0xb6, 0xe9, 0x7f, 0x3f, 0x05, 0xe7, 0x7f, 0x3f,
  0x2b, 0xe4, 0x7f, 0x3f, 0x29, 0xe1, 0x7f, 0x3f, 0xfe, 0xdd, 0x7f, 0x3f,
  0xad, 0xda, 0x7f, 0x3f, 0x36, 0xd7, 0x7f, 0x3f, 0x96, 0xd3, 0x7f, 0x3f,
  0xd0, 0xcf, 0x7f, 0x3f, 0xe3, 0xcb, 0x7f, 0x3f, 0xcc, 0xc7, 0x7f, 0x3f,
  0x8e, 0xc3, 0x7f, 0x3f, 0x2a, 0xbf, 0x7f, 0x3f, 0x9c, 0xba, 0x7f, 0x3f,
  0xe9, 0xb5, 0x7f, 0x3f, 0x0e, 0xb1, 0x7f, 0x3f, 0x0c, 0xac, 0x7f, 0x3f,
  0xe2, 0xa6, 0x7f, 0x3f, 0x90, 0xa1, 0x7f, 0x3f, 0x19, 0x9c, 0x7f, 0x3f,
  0x78, 0x96, 0x7f, 0x3f, 0xb0, 0x90, 0x7f, 0x3f, 0xc0, 0x8a, 0x7f, 0x3f,
  0xa9, 0x84, 0x7f, 0x3f, 0x6c, 0x7e, 0x7f, 0x3f, 0x08, 0x78, 0x7f, 0x3f,
  0x7b, 0x71, 0x7f, 0x3f, 0xc6, 0x6a, 0x7f, 0x3f, 0xea, 0x63, 0x7f, 0x3f,
  0xe8, 0x5c, 0x7f, 0x3f, 0xbe, 0x55, 0x7f, 0x3f, 0x6c, 0x4e, 0x7f, 0x3f,
  0xf4, 0x46, 0x7f, 0x3f, 0x55, 0x3f, 0x7f, 0x3f, 0x8c, 0x37, 0x7f, 0x3f,
  0x9c, 0x2f, 0x7f, 0x3f, 0x86, 0x27, 0x7f, 0x3f, 0x49, 0x1f, 0x7f, 0x3f,
  0xe3, 0x16, 0x7f, 0x3f, 0x56, 0x0e, 0x7f, 0x3f, 0xa4, 0x05, 0x7f, 0x3f,
  0xc7, 0xfc, 0x7e, 0x3f, 0xc6, 0xf3, 0x7e, 0x3f, 0x9d, 0xea, 0x7e, 0x3f,
  0x49, 0xe1, 0x7e, 0x3f, 0xd3, 0xd7, 0x7e, 0x3f, 0x34, 0xce, 0x7e, 0x3f,
  0x6d, 0xc4, 0x7e, 0x3f, 0x7d, 0xba, 0x7e, 0x3f, 0x67, 0xb0, 0x7e, 0x3f,
  0x2c, 0xa6, 0x7e, 0x3f, 0xc7, 0x9b, 0x7e, 0x3f, 0x3c, 0x91, 0x7e, 0x3f,
  0x8a, 0x86, 0x7e, 0x3f, 0xb0, 0x7b, 0x7e, 0x3f, 0xaf, 0x70, 0x7e, 0x3f,
  0x86, 0x65, 0x7e, 0x3f, 0x38, 0x5a, 0x7e, 0x3f, 0xc0, 0x4e, 0x7e, 0x3f,
  0x23, 0x43, 0x7e, 0x3f, 0x5d, 0x37, 0x7e, 0x3f, 0x70, 0x2b, 0x7e, 0x3f,
  0x5e, 0x1f, 0x7e, 0x3f, 0x21, 0x13, 0x7e, 0x3f, 0xc0, 0x06, 0x7e, 0x3f,
  0x38, 0xfa, 0x7d, 0x3f, 0x88, 0xed, 0x7d, 0x3f, 0xb0, 0xe0, 0x7d, 0x3f,
  0xb3, 0xd3, 0x7d, 0x3f, 0x8b, 0xc6, 0x7d, 0x3f, 0x3e, 0xb9, 0x7d, 0x3f,
  0xc9, 0xab, 0x7d, 0x3f, 0x30, 0x9e, 0x7d, 0x3f, 0x6e, 0x90, 0x7d, 0x3f,
  0x85, 0x82, 0x7d, 0x3f, 0x74, 0x74, 0x7d, 0x3f, 0x3c, 0x66, 0x7d, 0x3f,
  0xde, 0x57, 0x7d, 0x3f, 0x58, 0x49, 0x7d, 0x3f, 0xaa, 0x3a, 0x7d, 0x3f,
  0xd9, 0x2b, 0x7d, 0x3f, 0xdc, 0x1c, 0x7d, 0x3f, 0xba, 0x0d, 0x7d, 0x3f,
  0x72, 0xfe, 0x7c, 0x3f, 0x03, 0xef, 0x7c, 0x3f, 0x6a, 0xdf, 0x7c, 0x3f,
  0xad, 0xcf, 0x7c, 0x3f, 0xc7, 0xbf, 0x7c, 0x3f, 0xbc, 0xaf, 0x7c, 0x3f,
  0x8a, 0x9f, 0x7c, 0x3f, 0x31, 0x8f, 0x7c, 0x3f, 0xae, 0x7e, 0x7c, 0x3f,
  0x07, 0x6e, 0x7c, 0x3f, 0x38, 0x5d, 0x7c, 0x3f, 0x44, 0x4c, 0x7c, 0x3f,
  0x25, 0x3b, 0x7c, 0x3f, 0xe4, 0x29, 0x7c, 0x3f, 0x7a, 0x18, 0x7c, 0x3f,
  0xe8, 0x06, 0x7c, 0x3f, 0x30, 0xf5, 0x7b, 0x3f, 0x52, 0xe3, 0x7b, 0x3f,
  0x4d, 0xd1, 0x7b, 0x3f, 0x20, 0xbf, 0x7b, 0x3f, 0xcc, 0xac, 0x7b, 0x3f,
  0x52, 0x9a, 0x7b, 0x3f, 0xb2, 0x87, 0x7b, 0x3f, 0xea, 0x74, 0x7b, 0x3f,
  0xfb, 0x61, 0x7b, 0x3f, 0xe5, 0x4e, 0x7b, 0x3f, 0xab, 0x3b, 0x7b, 0x3f,
  0x46, 0x28, 0x7b, 0x3f, 0xbf, 0x14, 0x7b, 0x3f, 0x0d, 0x01, 0x7b, 0x3f,
  0x37, 0xed, 0x7a, 0x3f, 0x38, 0xd9, 0x7a, 0x3f, 0x14, 0xc5, 0x7a, 0x3f,
  0xca, 0xb0, 0x7a, 0x3f, 0x58, 0x9c, 0x7a, 0x3f, 0xc0, 0x87, 0x7a, 0x3f,
  0x01, 0x73, 0x7a, 0x3f, 0x1c, 0x5e, 0x7a, 0x3f, 0x0f, 0x49, 0x7a, 0x3f,
  0xdc, 0x33, 0x7a, 0x3f, 0x83, 0x1e, 0x7a, 0x3f, 0x05, 0x09, 0x7a, 0x3f,
  0x5c, 0xf3, 0x79, 0x3f, 0x90, 0xdd, 0x79, 0x3f, 0x9b, 0xc7, 0x79, 0x3f,
  0x82, 0xb1, 0x79, 0x3f, 0x42, 0x9b, 0x79, 0x3f, 0xda, 0x84, 0x79, 0x3f,
  0x4f, 0x6e, 0x79, 0x3f, 0x99, 0x57, 0x79, 0x3f, 0xbd, 0x40, 0x79, 0x3f,
  0xbe, 0x29, 0x79, 0x3f, 0x95, 0x12, 0x79, 0x3f, 0x4b, 0xfb, 0x78, 0x3f,
  0xd4, 0xe3, 0x78, 0x3f, 0x3b, 0xcc, 0x78, 0x3f, 0x7b, 0xb4, 0x78, 0x3f,
  0x92, 0x9c, 0x78, 0x3f, 0x84, 0x84, 0x78, 0x3f, 0x51, 0x6c, 0x78, 0x3f,
  0xf5, 0x53, 0x78, 0x3f, 0x76, 0x3b, 0x78, 0x3f, 0xd0, 0x22, 0x78, 0x3f,
  0x02, 0x0a, 0x78, 0x3f, 0x10, 0xf1, 0x77, 0x3f, 0xf7, 0xd7, 0x77, 0x3f,
  0xb7, 0xbe, 0x77, 0x3f, 0x50, 0xa5, 0x77, 0x3f, 0xc4, 0x8b, 0x77, 0x3f,
  0x12, 0x72, 0x77, 0x3f, 0x3a, 0x58, 0x77, 0x3f, 0x3b, 0x3e, 0x77, 0x3f,
  0x16, 0x24, 0x77, 0x3f, 0xcb, 0x09, 0x77, 0x3f, 0x5a, 0xef, 0x76, 0x3f,
  0xc3, 0xd4, 0x76, 0x3f, 0x06, 0xba, 0x76, 0x3f, 0x24, 0x9f, 0x76, 0x3f,
  0x1a, 0x84, 0x76, 0x3f, 0xeb, 0x68, 0x76, 0x3f, 0x97, 0x4d, 0x76, 0x3f,
  0x1a, 0x32, 0x76, 0x3f, 0x7b, 0x16, 0x76, 0x3f, 0xb3, 0xfa, 0x75, 0x3f,
  0xc6, 0xde, 0x75, 0x3f, 0xb3, 0xc2, 0x75, 0x3f, 0x7a, 0xa6, 0x75, 0x3f,
  0x1a, 0x8a, 0x75, 0x3f, 0x96, 0x6d, 0x75, 0x3f, 0xec, 0x50, 0x75, 0x3f,
  0x1c, 0x34, 0x75, 0x3f, 0x27, 0x17, 0x75, 0x3f, 0x0a, 0xfa, 0x74, 0x3f,
  0xc9, 0xdc, 0x74, 0x3f, 0x61, 0xbf, 0x74, 0x3f, 0xd4, 0xa1, 0x74, 0x3f,
  0x21, 0x84, 0x74, 0x3f, 0x48, 0x66, 0x74, 0x3f, 0x49, 0x48, 0x74, 0x3f,
  0x25, 0x2a, 0x74, 0x3f, 0xdd, 0x0b, 0x74, 0x3f, 0x6d, 0xed, 0x73, 0x3f,
  0xd7, 0xce, 0x73, 0x3f, 0x1e, 0xb0, 0x73, 0x3f, 0x3f, 0x91, 0x73, 0x3f,
  0x38, 0x72, 0x73, 0x3f, 0x0f, 0x53, 0x73, 0x3f, 0xbd, 0x33, 0x73, 0x3f,
  0x46, 0x14, 0x73, 0x3f, 0xaa, 0xf4, 0x72, 0x3f, 0xea, 0xd4, 0x72, 0x3f,
  0x04, 0xb5, 0x72, 0x3f, 0xf8, 0x94, 0x72, 0x3f, 0xc6, 0x74, 0x72, 0x3f,
  0x6e, 0x54, 0x72, 0x3f, 0xf2, 0x33, 0x72, 0x3f, 0x52, 0x13, 0x72, 0x3f,
  0x8a, 0xf2, 0x71, 0x3f, 0x9f, 0xd1, 0x71, 0x3f, 0x8b, 0xb0, 0x71, 0x3f,
  0x56, 0x8f, 0x71, 0x3f, 0xfb, 0x6d, 0x71, 0x3f, 0x7a, 0x4c, 0x71, 0x3f,
  0xd1, 0x2a, 0x71, 0x3f, 0x09, 0x09, 0x71, 0x3f, 0x16, 0xe7, 0x70, 0x3f,
  0x00, 0xc5, 0x70, 0x3f, 0xc6, 0xa2, 0x70, 0x3f, 0x66, 0x80, 0x70, 0x3f,
  0xe0, 0x5d, 0x70, 0x3f, 0x36, 0x3b, 0x70, 0x3f, 0x66, 0x18, 0x70, 0x3f,
  0x71, 0xf5, 0x6f, 0x3f, 0x57, 0xd2, 0x6f, 0x3f, 0x1a, 0xaf, 0x6f, 0x3f,
  0xb8, 0x8b, 0x6f, 0x3f, 0x2e, 0x68, 0x6f, 0x3f, 0x82, 0x44, 0x6f, 0x3f,
  0xb0, 0x20, 0x6f, 0x3f, 0xb8, 0xfc, 0x6e, 0x3f, 0x9c, 0xd8, 0x6e, 0x3f,
  0x5d, 0xb4, 0x6e, 0x3f, 0xf7, 0x8f, 0x6e, 0x3f, 0x6c, 0x6b, 0x6e, 0x3f,
  0xbd, 0x46, 0x6e, 0x3f, 0xea, 0x21, 0x6e, 0x3f, 0xf2, 0xfc, 0x6d, 0x3f,
  0xd4, 0xd7, 0x6d, 0x3f, 0x92, 0xb2, 0x6d, 0x3f, 0x2d, 0x8d, 0x6d, 0x3f,
  0x9f, 0x67, 0x6d, 0x3f, 0xf0, 0x41, 0x6d, 0x3f, 0x1d, 0x1c, 0x6d, 0x3f,
  0x24, 0xf6, 0x6c, 0x3f, 0x06, 0xd0, 0x6c, 0x3f, 0xc4, 0xa9, 0x6c, 0x3f,
  0x5e, 0x83, 0x6c, 0x3f, 0xd2, 0x5c, 0x6c, 0x3f, 0x24, 0x36, 0x6c, 0x3f,
  0x51, 0x0f, 0x6c, 0x3f, 0x57, 0xe8, 0x6b, 0x3f, 0x3b, 0xc1, 0x6b, 0x3f,
  0xf9, 0x99, 0x6b, 0x3f, 0x94, 0x72, 0x6b, 0x3f, 0x0b, 0x4b, 0x6b, 0x3f,
  0x5c, 0x23, 0x6b, 0x3f, 0x8a, 0xfb, 0x6a, 0x3f, 0x94, 0xd3, 0x6a, 0x3f,
  0x7a, 0xab, 0x6a, 0x3f, 0x3b, 0x83, 0x6a, 0x3f, 0xd9, 0x5a, 0x6a, 0x3f,
  0x50, 0x32, 0x6a, 0x3f, 0xa6, 0x09, 0x6a, 0x3f, 0xd6, 0xe0, 0x69, 0x3f,
  0xe2, 0xb7, 0x69, 0x3f, 0xcd, 0x8e, 0x69, 0x3f, 0x90, 0x65, 0x69, 0x3f,
  0x2f, 0x3c, 0x69, 0x3f, 0xae, 0x12, 0x69, 0x3f, 0x07, 0xe9, 0x68, 0x3f,
  0x3a, 0xbf, 0x68, 0x3f, 0x4c, 0x95, 0x68, 0x3f, 0x38, 0x6b, 0x68, 0x3f,
  0x01, 0x41, 0x68, 0x3f, 0xa6, 0x16, 0x68, 0x3f, 0x28, 0xec, 0x67, 0x3f,
  0x86, 0xc1, 0x67, 0x3f, 0xc0, 0x96, 0x67, 0x3f, 0xd6, 0x6b, 0x67, 0x3f,
  0xcb, 0x40, 0x67, 0x3f, 0x97, 0x15, 0x67, 0x3f, 0x44, 0xea, 0x66, 0x3f,
  0xcc, 0xbe, 0x66, 0x3f, 0x30, 0x93, 0x66, 0x3f, 0x6f, 0x67, 0x66, 0x3f,
  0x8d, 0x3b, 0x66, 0x3f, 0x87, 0x0f, 0x66, 0x3f, 0x5c, 0xe3, 0x65, 0x3f,
  0x11, 0xb7, 0x65, 0x3f, 0x9e, 0x8a, 0x65, 0x3f, 0x0a, 0x5e, 0x65, 0x3f,
  0x52, 0x31, 0x65, 0x3f, 0x77, 0x04, 0x65, 0x3f, 0x7a, 0xd7, 0x64, 0x3f,
  0x57, 0xaa, 0x64, 0x3f, 0x13, 0x7d, 0x64, 0x3f, 0xac, 0x4f, 0x64, 0x3f,
  0x20, 0x22, 0x64, 0x3f, 0x72, 0xf4, 0x63, 0x3f, 0xa0, 0xc6, 0x63, 0x3f,
  0xab, 0x98, 0x63, 0x3f, 0x94, 0x6a, 0x63, 0x3f, 0x58, 0x3c, 0x63, 0x3f,
  0xfa, 0x0d, 0x63, 0x3f, 0x7a, 0xdf, 0x62, 0x3f, 0xd6, 0xb0, 0x62, 0x3f,
  0x10, 0x82, 0x62, 0x3f, 0x25, 0x53, 0x62, 0x3f, 0x17, 0x24, 0x62, 0x3f,
  0xe8, 0xf4, 0x61, 0x3f, 0x96, 0xc5, 0x61, 0x3f, 0x22, 0x96, 0x61, 0x3f,
  0x8a, 0x66, 0x61, 0x3f, 0xce, 0x36, 0x61, 0x3f, 0xf0, 0x06, 0x61, 0x3f,
  0xf0, 0xd6, 0x60, 0x3f, 0xcd, 0xa6, 0x60, 0x3f, 0x87, 0x76, 0x60, 0x3f,
  0x20, 0x46, 0x60, 0x3f, 0x96, 0x15, 0x60, 0x3f, 0xe8, 0xe4, 0x5f, 0x3f,
  0x19, 0xb4, 0x5f, 0x3f, 0x26, 0x83, 0x5f, 0x3f, 0x11, 0x52, 0x5f, 0x3f,
  0xda, 0x20, 0x5f, 0x3f, 0x80, 0xef, 0x5e, 0x3f, 0x04, 0xbe, 0x5e, 0x3f,
  0x66, 0x8c, 0x5e, 0x3f, 0xa6, 0x5a, 0x5e, 0x3f, 0xc2, 0x28, 0x5e, 0x3f,
  0xbd, 0xf6, 0x5d, 0x3f, 0x96, 0xc4, 0x5d, 0x3f, 0x4d, 0x92, 0x5d, 0x3f,
  0xe0, 0x5f, 0x5d, 0x3f, 0x52, 0x2d, 0x5d, 0x3f, 0xa3, 0xfa, 0x5c, 0x3f,
  0xd0, 0xc7, 0x5c, 0x3f, 0xdc, 0x94, 0x5c, 0x3f, 0xc6, 0x61, 0x5c, 0x3f,
  0x8f, 0x2e, 0x5c, 0x3f, 0x34, 0xfb, 0x5b, 0x3f, 0xb8, 0xc7, 0x5b, 0x3f,
  0x1a, 0x94, 0x5b, 0x3f, 0x5b, 0x60, 0x5b, 0x3f, 0x78, 0x2c, 0x5b, 0x3f,
  0x74, 0xf8, 0x5a, 0x3f, 0x4e, 0xc4, 0x5a, 0x3f, 0x07, 0x90, 0x5a, 0x3f,
  0xa0, 0x5b, 0x5a, 0x3f, 0x14, 0x27, 0x5a, 0x3f, 0x68, 0xf2, 0x59, 0x3f,
  0x9d, 0xbd, 0x59, 0x3f, 0xac, 0x88, 0x59, 0x3f, 0x9c, 0x53, 0x59, 0x3f,
  0x69, 0x1e, 0x59, 0x3f, 0x16, 0xe9, 0x58, 0x3f, 0xa1, 0xb3, 0x58, 0x3f,
  0x0a, 0x7e, 0x58, 0x3f, 0x52, 0x48, 0x58, 0x3f, 0x78, 0x12, 0x58, 0x3f,
  0x7e, 0xdc, 0x57, 0x3f, 0x63, 0xa6, 0x57, 0x3f, 0x24, 0x70, 0x57, 0x3f,
  0xc6, 0x39, 0x57, 0x3f, 0x46, 0x03, 0x57, 0x3f, 0xa6, 0xcc, 0x56, 0x3f,
  0xe3, 0x95, 0x56, 0x3f, 0x00, 0x5f, 0x56, 0x3f, 0xfc, 0x27, 0x56, 0x3f,
  0xd7, 0xf0, 0x55, 0x3f, 0x92, 0xb9, 0x55, 0x3f, 0x2a, 0x82, 0x55, 0x3f,
  0xa3, 0x4a, 0x55, 0x3f, 0xfa, 0x12, 0x55, 0x3f, 0x2f, 0xdb, 0x54, 0x3f,
  0x47, 0xa3, 0x54, 0x3f, 0x39, 0x6b, 0x54, 0x3f, 0x0d, 0x33, 0x54, 0x3f,
  0xc2, 0xfa, 0x53, 0x3f, 0x55, 0xc2, 0x53, 0x3f, 0xc6, 0x89, 0x53, 0x3f,
  0x17, 0x51, 0x53, 0x3f, 0x49, 0x18, 0x53, 0x3f, 0x59, 0xdf, 0x52, 0x3f,
  0x49, 0xa6, 0x52, 0x3f, 0x16, 0x6d, 0x52, 0x3f, 0xc6, 0x33, 0x52, 0x3f,
  0x55, 0xfa, 0x51, 0x3f, 0xc2, 0xc0, 0x51, 0x3f, 0x0e, 0x87, 0x51, 0x3f,
  0x3d, 0x4d, 0x51, 0x3f, 0x49, 0x13, 0x51, 0x3f, 0x36, 0xd9, 0x50, 0x3f,
  0x03, 0x9f, 0x50, 0x3f, 0xaf, 0x64, 0x50, 0x3f, 0x3a, 0x2a, 0x50, 0x3f,
  0xa6, 0xef, 0x4f, 0x3f, 0xf3, 0xb4, 0x4f, 0x3f, 0x1e, 0x7a, 0x4f, 0x3f,
  0x2b, 0x3f, 0x4f, 0x3f, 0x16, 0x04, 0x4f, 0x3f, 0xe2, 0xc8, 0x4e, 0x3f,
  0x8f, 0x8d, 0x4e, 0x3f, 0x1c, 0x52, 0x4e, 0x3f, 0x88, 0x16, 0x4e, 0x3f,
  0xd4, 0xda, 0x4d, 0x3f, 0x02, 0x9f, 0x4d, 0x3f, 0x0e, 0x63, 0x4d, 0x3f,
  0xfc, 0x26, 0x4d, 0x3f, 0xca, 0xea, 0x4c, 0x3f, 0x78, 0xae, 0x4c, 0x3f,
  0x08, 0x72, 0x4c, 0x3f, 0x75, 0x35, 0x4c, 0x3f, 0xc5, 0xf8, 0x4b, 0x3f,
  0xf6, 0xbb, 0x4b, 0x3f, 0x08, 0x7f, 0x4b, 0x3f, 0xfa, 0x41, 0x4b, 0x3f,
  0xcb, 0x04, 0x4b, 0x3f, 0x7e, 0xc7, 0x4a, 0x3f, 0x12, 0x8a, 0x4a, 0x3f,
  0x87, 0x4c, 0x4a, 0x3f, 0xdb, 0x0e, 0x4a, 0x3f, 0x12, 0xd1, 0x49, 0x3f,
  0x28, 0x93, 0x49, 0x3f, 0x21, 0x55, 0x49, 0x3f, 0xf8, 0x16, 0x49, 0x3f,
  0xb2, 0xd8, 0x48, 0x3f, 0x4e, 0x9a, 0x48, 0x3f, 0xca, 0x5b, 0x48, 0x3f,
  0x27, 0x1d, 0x48, 0x3f, 0x65, 0xde, 0x47, 0x3f, 0x85, 0x9f, 0x47, 0x3f,
  0x85, 0x60, 0x47, 0x3f, 0x67, 0x21, 0x47, 0x3f, 0x28, 0xe2, 0x46, 0x3f,
  0xcc, 0xa2, 0x46, 0x3f, 0x52, 0x63, 0x46, 0x3f, 0xb9, 0x23, 0x46, 0x3f,
  0x02, 0xe4, 0x45, 0x3f, 0x2c, 0xa4, 0x45, 0x3f, 0x39, 0x64, 0x45, 0x3f,
  0x25, 0x24, 0x45, 0x3f, 0xf4, 0xe3, 0x44, 0x3f, 0xa5, 0xa3, 0x44, 0x3f,
  0x35, 0x63, 0x44, 0x3f, 0xa9, 0x22, 0x44, 0x3f, 0xff, 0xe1, 0x43, 0x3f,
  0x35, 0xa1, 0x43, 0x3f, 0x51, 0x60, 0x43, 0x3f, 0x4a, 0x1f, 0x43, 0x3f,
  0x27, 0xde, 0x42, 0x3f, 0xe6, 0x9c, 0x42, 0x3f, 0x89, 0x5b, 0x42, 0x3f,
  0x0a, 0x1a, 0x42, 0x3f, 0x70, 0xd8, 0x41, 0x3f, 0xb6, 0x96, 0x41, 0x3f,
  0xdf, 0x54, 0x41, 0x3f, 0xec, 0x12, 0x41, 0x3f, 0xd8, 0xd0, 0x40, 0x3f,
  0xa9, 0x8e, 0x40, 0x3f, 0x59, 0x4c, 0x40, 0x3f, 0xef, 0x09, 0x40, 0x3f,
  0x66, 0xc7, 0x3f, 0x3f, 0xc1, 0x84, 0x3f, 0x3f, 0xfc, 0x41, 0x3f, 0x3f,
  0x19, 0xff, 0x3e, 0x3f, 0x1a, 0xbc, 0x3e, 0x3f, 0xfe, 0x78, 0x3e, 0x3f,
  0xc4, 0x35, 0x3e, 0x3f, 0x6c, 0xf2, 0x3d, 0x3f, 0xf9, 0xae, 0x3d, 0x3f,
  0x66, 0x6b, 0x3d, 0x3f, 0xb8, 0x27, 0x3d, 0x3f, 0xec, 0xe3, 0x3c, 0x3f,
  0x02, 0xa0, 0x3c, 0x3f, 0xfd, 0x5b, 0x3c, 0x3f, 0xd8, 0x17, 0x3c, 0x3f,
  0x98, 0xd3, 0x3b, 0x3f, 0x3a, 0x8f, 0x3b, 0x3f, 0xbf, 0x4a, 0x3b, 0x3f,
  0x28, 0x06, 0x3b, 0x3f, 0x75, 0xc1, 0x3a, 0x3f, 0xa5, 0x7c, 0x3a, 0x3f,
  0xb6, 0x37, 0x3a, 0x3f, 0xac, 0xf2, 0x39, 0x3f, 0x84, 0xad, 0x39, 0x3f,
  0x40, 0x68, 0x39, 0x3f, 0xe0, 0x22, 0x39, 0x3f, 0x65, 0xdd, 0x38, 0x3f,
  0xca, 0x97, 0x38, 0x3f, 0x14, 0x52, 0x38, 0x3f, 0x41, 0x0c, 0x38, 0x3f,
  0x54, 0xc6, 0x37, 0x3f, 0x49, 0x80, 0x37, 0x3f, 0x22, 0x3a, 0x37, 0x3f,
  0xde, 0xf3, 0x36, 0x3f, 0x7e, 0xad, 0x36, 0x3f, 0x02, 0x67, 0x36, 0x3f,
  0x6a, 0x20, 0x36, 0x3f, 0xb7, 0xd9, 0x35, 0x3f, 0xe5, 0x92, 0x35, 0x3f,
  0xfb, 0x4b, 0x35, 0x3f, 0xf2, 0x04, 0x35, 0x3f, 0xce, 0xbd, 0x34, 0x3f,
  0x8e, 0x76, 0x34, 0x3f, 0x31, 0x2f, 0x34, 0x3f, 0xbb, 0xe7, 0x33, 0x3f,
  0x27, 0xa0, 0x33, 0x3f, 0x78, 0x58, 0x33, 0x3f, 0xaf, 0x10, 0x33, 0x3f,
  0xc8, 0xc8, 0x32, 0x3f, 0xc6, 0x80, 0x32, 0x3f, 0xaa, 0x38, 0x32, 0x3f,
  0x6f, 0xf0, 0x31, 0x3f, 0x1c, 0xa8, 0x31, 0x3f, 0xac, 0x5f, 0x31, 0x3f,
  0x22, 0x17, 0x31, 0x3f, 0x7c, 0xce, 0x30, 0x3f, 0xba, 0x85, 0x30, 0x3f,
  0xdb, 0x3c, 0x30, 0x3f, 0xe4, 0xf3, 0x2f, 0x3f, 0xd3, 0xaa, 0x2f, 0x3f,
  0xa4, 0x61, 0x2f, 0x3f, 0x5a, 0x18, 0x2f, 0x3f, 0xf6, 0xce, 0x2e, 0x3f,
  0x78, 0x85, 0x2e, 0x3f, 0xdc, 0x3b, 0x2e, 0x3f, 0x29, 0xf2, 0x2d, 0x3f,
  0x58, 0xa8, 0x2d, 0x3f, 0x6d, 0x5e, 0x2d, 0x3f, 0x68, 0x14, 0x2d, 0x3f,
  0x49, 0xca, 0x2c, 0x3f, 0x0f, 0x80, 0x2c, 0x3f, 0xb8, 0x35, 0x2c, 0x3f,
  0x49, 0xeb, 0x2b, 0x3f, 0xbe, 0xa0, 0x2b, 0x3f, 0x1b, 0x56, 0x2b, 0x3f,
  0x5b, 0x0b, 0x2b, 0x3f, 0x80, 0xc0, 0x2a, 0x3f, 0x8c, 0x75, 0x2a, 0x3f,
  0x7e, 0x2a, 0x2a, 0x3f, 0x56, 0xdf, 0x29, 0x3f, 0x13, 0x94, 0x29, 0x3f,
  0xb5, 0x48, 0x29, 0x3f, 0x40, 0xfd, 0x28, 0x3f, 0xae, 0xb1, 0x28, 0x3f,
  0x03, 0x66, 0x28, 0x3f, 0x3f, 0x1a, 0x28, 0x3f, 0x60, 0xce, 0x27, 0x3f,
  0x68, 0x82, 0x27, 0x3f, 0x53, 0x36, 0x27, 0x3f, 0x27, 0xea, 0x26, 0x3f,
  0xe2, 0x9d, 0x26, 0x3f, 0x82, 0x51, 0x26, 0x3f, 0x0a, 0x05, 0x26, 0x3f,
  0x76, 0xb8, 0x25, 0x3f, 0xca, 0x6b, 0x25, 0x3f, 0x04, 0x1f, 0x25, 0x3f,
  0x24, 0xd2, 0x24, 0x3f, 0x2a, 0x85, 0x24, 0x3f, 0x18, 0x38, 0x24, 0x3f,
  0xec, 0xea, 0x23, 0x3f, 0xa8, 0x9d, 0x23, 0x3f, 0x4b, 0x50, 0x23, 0x3f,
  0xd2, 0x02, 0x23, 0x3f, 0x42, 0xb5, 0x22, 0x3f, 0x98, 0x67, 0x22, 0x3f,
  0xd6, 0x19, 0x22, 0x3f, 0xfa, 0xcb, 0x21, 0x3f, 0x06, 0x7e, 0x21, 0x3f,
  0xf8, 0x2f, 0x21, 0x3f, 0xd1, 0xe1, 0x20, 0x3f, 0x91, 0x93, 0x20, 0x3f,
  0x3a, 0x45, 0x20, 0x3f, 0xcb, 0xf6, 0x1f, 0x3f, 0x3f, 0xa8, 0x1f, 0x3f,
  0x9e, 0x59, 0x1f, 0x3f, 0xe4, 0x0a, 0x1f, 0x3f, 0x10, 0xbc, 0x1e, 0x3f,
  0x26, 0x6d, 0x1e, 0x3f, 0x22, 0x1e, 0x1e, 0x3f, 0x05, 0xcf, 0x1d, 0x3f,
  0xd0, 0x7f, 0x1d, 0x3f, 0x83, 0x30, 0x1d, 0x3f, 0x1e, 0xe1, 0x1c, 0x3f,
  0xa1, 0x91, 0x1c, 0x3f, 0x0c, 0x42, 0x1c, 0x3f, 0x5e, 0xf2, 0x1b, 0x3f,
  0x97, 0xa2, 0x1b, 0x3f, 0xbb, 0x52, 0x1b, 0x3f, 0xc5, 0x02, 0x1b, 0x3f,
  0xb6, 0xb2, 0x1a, 0x3f, 0x93, 0x62, 0x1a, 0x3f, 0x55, 0x12, 0x1a, 0x3f,
  0x01, 0xc2, 0x19, 0x3f, 0x92, 0x71, 0x19, 0x3f, 0x0e, 0x21, 0x19, 0x3f,
  0x72, 0xd0, 0x18, 0x3f, 0xbe, 0x7f, 0x18, 0x3f, 0xf3, 0x2e, 0x18, 0x3f,
  0x12, 0xde, 0x17, 0x3f, 0x19, 0x8d, 0x17, 0x3f, 0x05, 0x3c, 0x17, 0x3f,
  0xde, 0xea, 0x16, 0x3f, 0x9e, 0x99, 0x16, 0x3f, 0x46, 0x48, 0x16, 0x3f,
  0xd8, 0xf6, 0x15, 0x3f, 0x51, 0xa5, 0x15, 0x3f, 0xb6, 0x53, 0x15, 0x3f,
  0x02, 0x02, 0x15, 0x3f, 0x38, 0xb0, 0x14, 0x3f, 0x57, 0x5e, 0x14, 0x3f,
  0x5e, 0x0c, 0x14, 0x3f, 0x51, 0xba, 0x13, 0x3f, 0x2b, 0x68, 0x13, 0x3f,
  0xed, 0x15, 0x13, 0x3f, 0x99, 0xc3, 0x12, 0x3f, 0x30, 0x71, 0x12, 0x3f,
  0xad, 0x1e, 0x12, 0x3f, 0x18, 0xcc, 0x11, 0x3f, 0x6a, 0x79, 0x11, 0x3f,
  0xa6, 0x26, 0x11, 0x3f, 0xcd, 0xd3, 0x10, 0x3f, 0xdb, 0x80, 0x10, 0x3f,
  0xd4, 0x2d, 0x10, 0x3f, 0xb6, 0xda, 0x0f, 0x3f, 0x85, 0x87, 0x0f, 0x3f,
  0x3b, 0x34, 0x0f, 0x3f, 0xdb, 0xe0, 0x0e, 0x3f, 0x63, 0x8d, 0x0e, 0x3f,
  0xd8, 0x39, 0x0e, 0x3f, 0x38, 0xe6, 0x0d, 0x3f, 0x81, 0x92, 0x0d, 0x3f,
  0xb2, 0x3e, 0x0d, 0x3f, 0xd1, 0xea, 0x0c, 0x3f, 0xd6, 0x96, 0x0c, 0x3f,
  0xc8, 0x42, 0x0c, 0x3f, 0xa4, 0xee, 0x0b, 0x3f, 0x6a, 0x9a, 0x0b, 0x3f,
  0x1a, 0x46, 0x0b, 0x3f, 0xb6, 0xf1, 0x0a, 0x3f, 0x3c, 0x9d, 0x0a, 0x3f,
  0xac, 0x48, 0x0a, 0x3f, 0x08, 0xf4, 0x09, 0x3f, 0x4d, 0x9f, 0x09, 0x3f,
  0x7e, 0x4a, 0x09, 0x3f, 0x9a, 0xf5, 0x08, 0x3f, 0x9f, 0xa0, 0x08, 0x3f,
  0x92, 0x4b, 0x08, 0x3f, 0x6f, 0xf6, 0x07, 0x3f, 0x34, 0xa1, 0x07, 0x3f,
  0xe8, 0x4b, 0x07, 0x3f, 0x83, 0xf6, 0x06, 0x3f, 0x0e, 0xa1, 0x06, 0x3f,
  0x83, 0x4b, 0x06, 0x3f, 0xe0, 0xf5, 0x05, 0x3f, 0x2c, 0xa0, 0x05, 0x3f,
  0x61, 0x4a, 0x05, 0x3f, 0x82, 0xf4, 0x04, 0x3f, 0x90, 0x9e, 0x04, 0x3f,
  0x87, 0x48, 0x04, 0x3f, 0x6c, 0xf2, 0x03, 0x3f, 0x3c, 0x9c, 0x03, 0x3f,
  0xf8, 0x45, 0x03, 0x3f, 0x9f, 0xef, 0x02, 0x3f, 0x32, 0x99, 0x02, 0x3f,
  0xb0, 0x42, 0x02, 0x3f, 0x1a, 0xec, 0x01, 0x3f, 0x72, 0x95, 0x01, 0x3f,
  0xb4, 0x3e, 0x01, 0x3f, 0xe5, 0xe7, 0x00, 0x3f, 0xfe, 0x90, 0x00, 0x3f,
  0x07, 0x3a, 0x00, 0x3f, 0xef, 0xc5, 0xff, 0x3e, 0xb0, 0x17, 0xff, 0x3e,
  0x49, 0x69, 0xfe, 0x3e, 0xb9, 0xba, 0xfd, 0x3e, 0x04, 0x0c, 0xfd, 0x3e,
  0x24, 0x5d, 0xfc, 0x3e, 0x1f, 0xae, 0xfb, 0x3e, 0xf4, 0xfe, 0xfa, 0x3e,
  0xa5, 0x4f, 0xfa, 0x3e, 0x2b, 0xa0, 0xf9, 0x3e, 0x8b, 0xf0, 0xf8, 0x3e,
  0xc7, 0x40, 0xf8, 0x3e, 0xdd, 0x90, 0xf7, 0x3e, 0xc8, 0xe0, 0xf6, 0x3e,
  0x92, 0x30, 0xf6, 0x3e, 0x33, 0x80, 0xf5, 0x3e, 0xaf, 0xcf, 0xf4, 0x3e,
  0x03, 0x1f, 0xf4, 0x3e, 0x39, 0x6e, 0xf3, 0x3e, 0x40, 0xbd, 0xf2, 0x3e,
  0x28, 0x0c, 0xf2, 0x3e, 0xe9, 0x5a, 0xf1, 0x3e, 0x84, 0xa9, 0xf0, 0x3e,
  0xf7, 0xf7, 0xef, 0x3e, 0x4c, 0x46, 0xef, 0x3e, 0x79, 0x94, 0xee, 0x3e,
  0x81, 0xe2, 0xed, 0x3e, 0x60, 0x30, 0xed, 0x3e, 0x21, 0x7e, 0xec, 0x3e,
  0xb7, 0xcb, 0xeb, 0x3e, 0x2f, 0x19, 0xeb, 0x3e, 0x81, 0x66, 0xea, 0x3e,
  0xac, 0xb3, 0xe9, 0x3e, 0xb4, 0x00, 0xe9, 0x3e, 0x9c, 0x4d, 0xe8, 0x3e,
  0x5b, 0x9a, 0xe7, 0x3e, 0xf8, 0xe6, 0xe6, 0x3e, 0x74, 0x33, 0xe6, 0x3e,
  0xc7, 0x7f, 0xe5, 0x3e, 0xfd, 0xcb, 0xe4, 0x3e, 0x0d, 0x18, 0xe4, 0x3e,
  0xf9, 0x63, 0xe3, 0x3e, 0xbf, 0xaf, 0xe2, 0x3e, 0x68, 0xfb, 0xe1, 0x3e,
  0xeb, 0x46, 0xe1, 0x3e, 0x4d, 0x92, 0xe0, 0x3e, 0x8b, 0xdd, 0xdf, 0x3e,
  0xa9, 0x28, 0xdf, 0x3e, 0xa0, 0x73, 0xde, 0x3e, 0x78, 0xbe, 0xdd, 0x3e,
  0x2c, 0x09, 0xdd, 0x3e, 0xc1, 0x53, 0xdc, 0x3e, 0x2e, 0x9e, 0xdb, 0x3e,
  0x81, 0xe8, 0xda, 0x3e, 0xaa, 0x32, 0xda, 0x3e, 0xba, 0x7c, 0xd9, 0x3e,
  0xa0, 0xc6, 0xd8, 0x3e, 0x69, 0x10, 0xd8, 0x3e, 0x10, 0x5a, 0xd7, 0x3e,
  0x99, 0xa3, 0xd6, 0x3e, 0xfd, 0xec, 0xd5, 0x3e, 0x3f, 0x36, 0xd5, 0x3e,
  0x64, 0x7f, 0xd4, 0x3e, 0x63, 0xc8, 0xd3, 0x3e, 0x47, 0x11, 0xd3, 0x3e,
  0x07, 0x5a, 0xd2, 0x3e, 0xa8, 0xa2, 0xd1, 0x3e, 0x28, 0xeb, 0xd0, 0x3e,
  0x8a, 0x33, 0xd0, 0x3e, 0xca, 0x7b, 0xcf, 0x3e, 0xe8, 0xc3, 0xce, 0x3e,
  0xe8, 0x0b, 0xce, 0x3e, 0xc7, 0x53, 0xcd, 0x3e, 0x88, 0x9b, 0xcc, 0x3e,
  0x2d, 0xe3, 0xcb, 0x3e, 0xab, 0x2a, 0xcb, 0x3e, 0x11, 0x72, 0xca, 0x3e,
  0x4e, 0xb9, 0xc9, 0x3e, 0x75, 0x00, 0xc9, 0x3e, 0x7d, 0x47, 0xc8, 0x3e,
  0x60, 0x8e, 0xc7, 0x3e, 0x28, 0xd5, 0xc6, 0x3e, 0xcf, 0x1b, 0xc6, 0x3e,
  0x5a, 0x62, 0xc5, 0x3e, 0xc5, 0xa8, 0xc4, 0x3e, 0x14, 0xef, 0xc3, 0x3e,
  0x45, 0x35, 0xc3, 0x3e, 0x55, 0x7b, 0xc2, 0x3e, 0x47, 0xc1, 0xc1, 0x3e,
  0x1d, 0x07, 0xc1, 0x3e, 0xd6, 0x4c, 0xc0, 0x3e, 0x6c, 0x92, 0xbf, 0x3e,
  0xe9, 0xd7, 0xbe, 0x3e, 0x46, 0x1d, 0xbe, 0x3e, 0x89, 0x62, 0xbd, 0x3e,
  0xab, 0xa7, 0xbc, 0x3e, 0xb5, 0xec, 0xbb, 0x3e, 0xa1, 0x31, 0xbb, 0x3e,
  0x6b, 0x76, 0xba, 0x3e, 0x1d, 0xbb, 0xb9, 0x3e, 0xaf, 0xff, 0xb8, 0x3e,
  0x28, 0x44, 0xb8, 0x3e, 0x84, 0x88, 0xb7, 0x3e, 0xc1, 0xcc, 0xb6, 0x3e,
  0xe3, 0x10, 0xb6, 0x3e, 0xe8, 0x54, 0xb5, 0x3e, 0xd4, 0x98, 0xb4, 0x3e,
  0xa3, 0xdc, 0xb3, 0x3e, 0x53, 0x20, 0xb3, 0x3e, 0xec, 0x63, 0xb2, 0x3e,
  0x67, 0xa7, 0xb1, 0x3e, 0xc7, 0xea, 0xb0, 0x3e, 0x0c, 0x2e, 0xb0, 0x3e,
  0x39, 0x71, 0xaf, 0x3e, 0x48, 0xb4, 0xae, 0x3e, 0x3d, 0xf7, 0xad, 0x3e,
  0x13, 0x3a, 0xad, 0x3e, 0xcf, 0x7c, 0xac, 0x3e, 0x72, 0xbf, 0xab, 0x3e,
  0xff, 0x01, 0xab, 0x3e, 0x6d, 0x44, 0xaa, 0x3e, 0xc4, 0x86, 0xa9, 0x3e,
  0xfc, 0xc8, 0xa8, 0x3e, 0x1d, 0x0b, 0xa8, 0x3e, 0x24, 0x4d, 0xa7, 0x3e,
  0x0f, 0x8f, 0xa6, 0x3e, 0xe3, 0xd0, 0xa5, 0x3e, 0x9c, 0x12, 0xa5, 0x3e,
  0x3d, 0x54, 0xa4, 0x3e, 0xc4, 0x95, 0xa3, 0x3e, 0x30, 0xd7, 0xa2, 0x3e,
  0x84, 0x18, 0xa2, 0x3e, 0xc1, 0x59, 0xa1, 0x3e, 0xe3, 0x9a, 0xa0, 0x3e,
  0xea, 0xdb, 0x9f, 0x3e, 0xde, 0x1c, 0x9f, 0x3e, 0xb2, 0x5d, 0x9e, 0x3e,
  0x73, 0x9e, 0x9d, 0x3e, 0x1c, 0xdf, 0x9c, 0x3e, 0xab, 0x1f, 0x9c, 0x3e,
  0x25, 0x60, 0x9b, 0x3e, 0x84, 0xa0, 0x9a, 0x3e, 0xcc, 0xe0, 0x99, 0x3e,
  0xfd, 0x20, 0x99, 0x3e, 0x12, 0x61, 0x98, 0x3e, 0x14, 0xa1, 0x97, 0x3e,
  0x01, 0xe1, 0x96, 0x3e, 0xd0, 0x20, 0x96, 0x3e, 0x8b, 0x60, 0x95, 0x3e,
  0x2f, 0xa0, 0x94, 0x3e, 0xbb, 0xdf, 0x93, 0x3e, 0x33, 0x1f, 0x93, 0x3e,
  0x93, 0x5e, 0x92, 0x3e, 0xdc, 0x9d, 0x91, 0x3e, 0x0e, 0xdd, 0x90, 0x3e,
  0x2b, 0x1c, 0x90, 0x3e, 0x31, 0x5b, 0x8f, 0x3e, 0x1f, 0x9a, 0x8e, 0x3e,
  0xf9, 0xd8, 0x8d, 0x3e, 0xbc, 0x17, 0x8d, 0x3e, 0x6a, 0x56, 0x8c, 0x3e,
  0x05, 0x95, 0x8b, 0x3e, 0x88, 0xd3, 0x8a, 0x3e, 0xf3, 0x11, 0x8a, 0x3e,
  0x4b, 0x50, 0x89, 0x3e, 0x91, 0x8e, 0x88, 0x3e, 0xc0, 0xcc, 0x87, 0x3e,
  0xd8, 0x0a, 0x87, 0x3e, 0xdb, 0x48, 0x86, 0x3e, 0xcb, 0x86, 0x85, 0x3e,
  0xa9, 0xc4, 0x84, 0x3e, 0x70, 0x02, 0x84, 0x3e, 0x20, 0x40, 0x83, 0x3e,
  0xbe, 0x7d, 0x82, 0x3e, 0x49, 0xbb, 0x81, 0x3e, 0xc0, 0xf8, 0x80, 0x3e,
  0x1f, 0x36, 0x80, 0x3e, 0xe0, 0xe6, 0x7e, 0x3e, 0x4e, 0x61, 0x7d, 0x3e,
  0xa1, 0xdb, 0x7b, 0x3e, 0xcb, 0x55, 0x7a, 0x3e, 0xc6, 0xcf, 0x78, 0x3e,
  0xa0, 0x49, 0x77, 0x3e, 0x59, 0xc3, 0x75, 0x3e, 0xe9, 0x3c, 0x74, 0x3e,
  0x51, 0xb6, 0x72, 0x3e, 0x90, 0x2f, 0x71, 0x3e, 0xae, 0xa8, 0x6f, 0x3e,
  0xaa, 0x21, 0x6e, 0x3e, 0x78, 0x9a, 0x6c, 0x3e, 0x2a, 0x13, 0x6b, 0x3e,
  0xb5, 0x8b, 0x69, 0x3e, 0x1e, 0x04, 0x68, 0x3e, 0x5e, 0x7c, 0x66, 0x3e,
  0x7d, 0xf4, 0x64, 0x3e, 0x81, 0x6c, 0x63, 0x3e, 0x56, 0xe4, 0x61, 0x3e,
  0x11, 0x5c, 0x60, 0x3e, 0xa3, 0xd3, 0x5e, 0x3e, 0x1a, 0x4b, 0x5d, 0x3e,
  0x69, 0xc2, 0x5b, 0x3e, 0x8f, 0x39, 0x5a, 0x3e, 0xa2, 0xb0, 0x58, 0x3e,
  0x86, 0x27, 0x57, 0x3e, 0x55, 0x9e, 0x55, 0x3e, 0x03, 0x15, 0x54, 0x3e,
  0x88, 0x8b, 0x52, 0x3e, 0xf3, 0x01, 0x51, 0x3e, 0x36, 0x78, 0x4f, 0x3e,
  0x57, 0xee, 0x4d, 0x3e, 0x63, 0x64, 0x4c, 0x3e, 0x48, 0xda, 0x4a, 0x3e,
  0x18, 0x50, 0x49, 0x3e, 0xc0, 0xc5, 0x47, 0x3e, 0x47, 0x3b, 0x46, 0x3e,
  0xb9, 0xb0, 0x44, 0x3e, 0xfd, 0x25, 0x43, 0x3e, 0x33, 0x9b, 0x41, 0x3e,
  0x47, 0x10, 0x40, 0x3e, 0x3a, 0x85, 0x3e, 0x3e, 0x13, 0xfa, 0x3c, 0x3e,
  0xc9, 0x6e, 0x3b, 0x3e, 0x65, 0xe3, 0x39, 0x3e, 0xe6, 0x57, 0x38, 0x3e,
  0x52, 0xcc, 0x36, 0x3e, 0x97, 0x40, 0x35, 0x3e, 0xc0, 0xb4, 0x33, 0x3e,
  0xcf, 0x28, 0x32, 0x3e, 0xca, 0x9c, 0x30, 0x3e, 0xa3, 0x10, 0x2f, 0x3e,
  0x61, 0x84, 0x2d, 0x3e, 0xfe, 0xf7, 0x2b, 0x3e, 0x86, 0x6b, 0x2a, 0x3e,
  0xfb, 0xde, 0x28, 0x3e, 0x4e, 0x52, 0x27, 0x3e, 0x86, 0xc5, 0x25, 0x3e,
  0xaa, 0x38, 0x24, 0x3e, 0xb3, 0xab, 0x22, 0x3e, 0xa1, 0x1e, 0x21, 0x3e,
  0x7b, 0x91, 0x1f, 0x3e, 0x3a, 0x04, 0x1e, 0x3e, 0xd8, 0x76, 0x1c, 0x3e,
  0x68, 0xe9, 0x1a, 0x3e, 0xd7, 0x5b, 0x19, 0x3e, 0x38, 0xce, 0x17, 0x3e,
  0x7e, 0x40, 0x16, 0x3e, 0xb1, 0xb2, 0x14, 0x3e, 0xc8, 0x24, 0x13, 0x3e,
  0xc5, 0x96, 0x11, 0x3e, 0xad, 0x08, 0x10, 0x3e, 0x88, 0x7a, 0x0e, 0x3e,
  0x49, 0xec, 0x0c, 0x3e, 0xee, 0x5d, 0x0b, 0x3e, 0x7f, 0xcf, 0x09, 0x3e,
  0x03, 0x41, 0x08, 0x3e, 0x65, 0xb2, 0x06, 0x3e, 0xc1, 0x23, 0x05, 0x3e,
  0x02, 0x95, 0x03, 0x3e, 0x27, 0x06, 0x02, 0x3e, 0x40, 0x77, 0x00, 0x3e,
  0x96, 0xd0, 0xfd, 0x3d, 0x76, 0xb2, 0xfa, 0x3d, 0x21, 0x94, 0xf7, 0x3d,
  0xb1, 0x75, 0xf4, 0x3d, 0x26, 0x57, 0xf1, 0x3d, 0x72, 0x38, 0xee, 0x3d,
  0x97, 0x19, 0xeb, 0x3d, 0x93, 0xfa, 0xe7, 0x3d, 0x74, 0xdb, 0xe4, 0x3d,
  0x20, 0xbc, 0xe1, 0x3d, 0xbe, 0x9c, 0xde, 0x3d, 0x34, 0x7d, 0xdb, 0x3d,
  0x82, 0x5d, 0xd8, 0x3d, 0xb5, 0x3d, 0xd5, 0x3d, 0xbf, 0x1d, 0xd2, 0x3d,
  0xaf, 0xfd, 0xce, 0x3d, 0x80, 0xdd, 0xcb, 0x3d, 0x30, 0xbd, 0xc8, 0x3d,
  0xc0, 0x9c, 0xc5, 0x3d, 0x30, 0x7c, 0xc2, 0x3d, 0x80, 0x5b, 0xbf, 0x3d,
  0xc0, 0x3a, 0xbc, 0x3d, 0xcf, 0x19, 0xb9, 0x3d, 0xd0, 0xf8, 0xb5, 0x3d,
  0xaf, 0xd7, 0xb2, 0x3d, 0x80, 0xb6, 0xaf, 0x3d, 0x20, 0x95, 0xac, 0x3d,
  0xb0, 0x73, 0xa9, 0x3d, 0x20, 0x52, 0xa6, 0x3d, 0x80, 0x30, 0xa3, 0x3d,
  0xc0, 0x0e, 0xa0, 0x3d, 0xf0, 0xec, 0x9c, 0x3d, 0x00, 0xcb, 0x99, 0x3d,
  0x00, 0xa9, 0x96, 0x3d, 0xe0, 0x86, 0x93, 0x3d, 0xb1, 0x64, 0x90, 0x3d,
  0x60, 0x42, 0x8d, 0x3d, 0x00, 0x20, 0x8a, 0x3d, 0x90, 0xfd, 0x86, 0x3d,
  0x00, 0xdb, 0x83, 0x3d, 0x60, 0xb8, 0x80, 0x3d, 0x5f, 0x2b, 0x7b, 0x3d,
  0xe0, 0xe5, 0x74, 0x3d, 0x21, 0xa0, 0x6e, 0x3d, 0x5f, 0x5a, 0x68, 0x3d,
  0x5f, 0x14, 0x62, 0x3d, 0x3f, 0xce, 0x5b, 0x3d, 0xff, 0x87, 0x55, 0x3d,
  0x9f, 0x41, 0x4f, 0x3d, 0x21, 0xfb, 0x48, 0x3d, 0x80, 0xb4, 0x42, 0x3d,
  0xbf, 0x6d, 0x3c, 0x3d, 0xe1, 0x26, 0x36, 0x3d, 0xff, 0xdf, 0x2f, 0x3d,
  0xe0, 0x98, 0x29, 0x3d, 0xbf, 0x51, 0x23, 0x3d, 0x80, 0x0a, 0x1d, 0x3d,
  0x20, 0xc3, 0x16, 0x3d, 0xa1, 0x7b, 0x10, 0x3d, 0x21, 0x34, 0x0a, 0x3d,
  0x81, 0xec, 0x03, 0x3d, 0x82, 0x49, 0xfb, 0x3c, 0x02, 0xba, 0xee, 0x3c,
  0x42, 0x2a, 0xe2, 0x3c, 0x81, 0x9a, 0xd5, 0x3c, 0x80, 0x0a, 0xc9, 0x3c,
  0x7f, 0x7a, 0xbc, 0x3c, 0x3e, 0xea, 0xaf, 0x3c, 0x02, 0x5a, 0xa3, 0x3c,
  0x80, 0xc9, 0x96, 0x3c, 0xfe, 0x38, 0x8a, 0x3c, 0x04, 0x51, 0x7b, 0x3c,
  0x80, 0x2f, 0x62, 0x3c, 0x7c, 0x0e, 0x49, 0x3c, 0x03, 0xed, 0x2f, 0x3c,
  0x00, 0xcb, 0x16, 0x3c, 0xff, 0x52, 0xfb, 0x3b, 0xff, 0x0e, 0xc9, 0x3b,
  0x00, 0xcb, 0x96, 0x3b, 0x00, 0x0e, 0x49, 0x3b, 0x01, 0x0c, 0xc9, 0x3a,
  0x00, 0x00, 0x00, 0x00, 0x00, 0x00, 0x00, 0x00, 0x00, 0x00, 0x00, 0x00,
  0x00, 0x00, 0x00, 0x00, 0x00, 0x00, 0x00, 0x00, 0x00, 0x00, 0x00, 0x00,
  0x00, 0x00, 0x00, 0x00, 0x00, 0x00, 0x00, 0x00, 0x00, 0x00, 0x00, 0x00,
  0x00, 0x00, 0x00, 0x00, 0x00, 0x00, 0x00, 0x00, 0x00, 0x00, 0x00, 0x00,
  0x00, 0x00, 0x00, 0x00, 0x00, 0x00, 0x00, 0x00, 0x00, 0x00, 0x00, 0x00,
  0x00, 0x00, 0x00, 0x00, 0x00, 0x00, 0x00, 0x00, 0x00, 0x00, 0x00, 0x00,
  0x00, 0x00, 0x00, 0x00, 0x00, 0x00, 0x00, 0x00, 0x00, 0x00, 0x00, 0x00,
  0x00, 0x00, 0x00, 0x00, 0x00, 0x00, 0x00, 0x00, 0x00, 0x00, 0x00, 0x00,
  0x00, 0x00, 0x00, 0x00, 0x00, 0x00, 0x00, 0x00, 0x00, 0x00, 0x00, 0x00,
  0x00, 0x00, 0x00, 0x00, 0x00, 0x00, 0x00, 0x00, 0x00, 0x00, 0x00, 0x00,
  0x00, 0x00, 0x00, 0x00, 0x00, 0x00, 0x00, 0x00, 0x00, 0x00, 0x00, 0x00,
  0x00, 0x00, 0x00, 0x00, 0x00, 0x00, 0x00, 0x00, 0x00, 0x00, 0x00, 0x00,
  0x00, 0x00, 0x00, 0x00, 0x00, 0x00, 0x00, 0x00, 0x00, 0x00, 0x00, 0x00,
  0x00, 0x00, 0x00, 0x00, 0x00, 0x00, 0x00, 0x00, 0x00, 0x00, 0x00, 0x00,
  0x00, 0x00, 0x00, 0x00, 0x00, 0x00, 0x00, 0x00, 0x00, 0x00, 0x00, 0x00,
  0x00, 0x00, 0x00, 0x00, 0x00, 0x00, 0x00, 0x00, 0x00, 0x00, 0x00, 0x00,
  0x00, 0x00, 0x00, 0x00, 0x00, 0x00, 0x00, 0x00, 0x00, 0x00, 0x00, 0x00,
  0x00, 0x00, 0x00, 0x00, 0x00, 0x00, 0x00, 0x00, 0x00, 0x00, 0x00, 0x00,
  0x00, 0x00, 0x00, 0x00, 0x00, 0x00, 0x00, 0x00, 0x00, 0x00, 0x00, 0x00,
  0x00, 0x00, 0x00, 0x00, 0x00, 0x00, 0x00, 0x00, 0x00, 0x00, 0x00, 0x00,
  0x00, 0x00, 0x00, 0x00, 0x00, 0x00, 0x00, 0x00, 0x00, 0x00, 0x00, 0x00,
  0x00, 0x00, 0x00, 0x00, 0x00, 0x00, 0x00, 0x00, 0x00, 0x00, 0x00, 0x00,
  0x00, 0x00, 0x00, 0x00, 0x00, 0x00, 0x00, 0x00, 0x00, 0x00, 0x00, 0x00,
  0x00, 0x00, 0x00, 0x00, 0x00, 0x00, 0x00, 0x00, 0x00, 0x00, 0x00, 0x00,
  0x00, 0x00, 0x00, 0x00, 0x00, 0x00, 0x00, 0x00, 0x00, 0x00, 0x00, 0x00,
  0x00, 0x00, 0x00, 0x00, 0x00, 0x00, 0x00, 0x00, 0x00, 0x00, 0x00, 0x00,
  0x00, 0x00, 0x00, 0x00, 0x00, 0x00, 0x00, 0x00, 0x00, 0x00, 0x00, 0x00,
  0x00, 0x00, 0x00, 0x00, 0x00, 0x00, 0x00, 0x00, 0x00, 0x00, 0x00, 0x00,
  0x00, 0x00, 0x00, 0x00, 0x00, 0x00, 0x00, 0x00, 0x00, 0x00, 0x00, 0x00,
  0x00, 0x00, 0x00, 0x00, 0x00, 0x00, 0x00, 0x00, 0x00, 0x00, 0x00, 0x00,
  0x00, 0x00, 0x00, 0x00, 0x00, 0x00, 0x00, 0x00, 0x00, 0x00, 0x00, 0x00,
  0x00, 0x00, 0x00, 0x00, 0x00, 0x00, 0x00, 0x00, 0x00, 0x00, 0x00, 0x00,
  0x00, 0x00, 0x00, 0x00, 0x00, 0x00, 0x00, 0x00, 0x00, 0x00, 0x00, 0x00,
  0x00, 0x00, 0x00, 0x00, 0x00, 0x00, 0x00, 0x00, 0x00, 0x00, 0x00, 0x00,
  0x00, 0x00, 0x00, 0x00, 0x00, 0x00, 0x00, 0x00, 0x00, 0x00, 0x00, 0x00,
  0x00, 0x00, 0x00, 0x00, 0x00, 0x00, 0x00, 0x00, 0x00, 0x00, 0x00, 0x00,
  0x00, 0x00, 0x00, 0x00, 0x00, 0x00, 0x00, 0x00, 0x00, 0x00, 0x00, 0x00,
  0x00, 0x00, 0x00, 0x00, 0x00, 0x00, 0x00, 0x00, 0x00, 0x00, 0x00, 0x00,
  0x00, 0x00, 0x00, 0x00, 0x00, 0x00, 0x00, 0x00, 0x00, 0x00, 0x00, 0x00,
  0x00, 0x00, 0x00, 0x00, 0x00, 0x00, 0x00, 0x00, 0x00, 0x00, 0x00, 0x00,
  0x00, 0x00, 0x00, 0x00, 0x00, 0x00, 0x00, 0x00, 0x00, 0x00, 0x00, 0x00,
  0x00, 0x00, 0x00, 0x00, 0x00, 0x00, 0x00, 0x00, 0x00, 0x00, 0x00, 0x00,
  0x00, 0x00, 0x00, 0x00, 0x00, 0x00, 0x00, 0x00, 0x00, 0x00, 0x00, 0x00,
  0x00, 0x00, 0x00, 0x00, 0x00, 0x00, 0x00, 0x00, 0x00, 0x00, 0x00, 0x00,
  0x00, 0x00, 0x00, 0x00, 0x00, 0x00, 0x00, 0x00, 0x00, 0x00, 0x00, 0x00,
  0x00, 0x00, 0x00, 0x00, 0x00, 0x00, 0x00, 0x00, 0x00, 0x00, 0x00, 0x00,
  0x00, 0x00, 0x00, 0x00, 0x00, 0x00, 0x00, 0x00, 0x00, 0x00, 0x00, 0x00,
  0x00, 0x00, 0x00, 0x00, 0x00, 0x00, 0x00, 0x00, 0x00, 0x00, 0x00, 0x00,
  0x00, 0x00, 0x00, 0x00, 0x00, 0x00, 0x00, 0x00, 0x00, 0x00, 0x00, 0x00,
  0x00, 0x00, 0x00, 0x00, 0x00, 0x00, 0x00, 0x00, 0x00, 0x00, 0x00, 0x00,
  0x00, 0x00, 0x00, 0x00, 0x00, 0x00, 0x00, 0x00, 0x00, 0x00, 0x00, 0x00,
  0x00, 0x00, 0x00, 0x00, 0x00, 0x00, 0x00, 0x00, 0x00, 0x00, 0x00, 0x00,
  0x00, 0x00, 0x00, 0x00, 0x00, 0x00, 0x00, 0x00, 0x00, 0x00, 0x00, 0x00,
  0x00, 0x00, 0x00, 0x00, 0x00, 0x00, 0x00, 0x00, 0x00, 0x00, 0x00, 0x00,
  0x00, 0x00, 0x00, 0x00, 0x00, 0x00, 0x00, 0x00, 0x00, 0x00, 0x00, 0x00,
  0x00, 0x00, 0x00, 0x00, 0x00, 0x00, 0x00, 0x00, 0x00, 0x00, 0x00, 0x00,
  0x00, 0x00, 0x00, 0x00, 0x00, 0x00, 0x00, 0x00, 0x00, 0x00, 0x00, 0x00,
  0x00, 0x00, 0x00, 0x00, 0x00, 0x00, 0x00, 0x00, 0x00, 0x00, 0x00, 0x00,
  0x00, 0x00, 0x00, 0x00, 0x00, 0x00, 0x00, 0x00, 0x00, 0x00, 0x00, 0x00,
  0x00, 0x00, 0x00, 0x00, 0x00, 0x00, 0x00, 0x00, 0x00, 0x00, 0x00, 0x00,
  0x00, 0x00, 0x00, 0x00, 0x00, 0x00, 0x00, 0x00, 0x00, 0x00, 0x00, 0x00,
  0x00, 0x00, 0x00, 0x00, 0x00, 0x00, 0x00, 0x00, 0x00, 0x00, 0x00, 0x00,
  0x00, 0x00, 0x00, 0x00, 0x00, 0x00, 0x00, 0x00, 0x00, 0x00, 0x00, 0x00,
  0x00, 0x00, 0x00, 0x00, 0x00, 0x00, 0x00, 0x00, 0x00, 0x00, 0x00, 0x00,
  0x00, 0x00, 0x00, 0x00, 0x00, 0x00, 0x00, 0x00, 0x00, 0x00, 0x00, 0x00,
  0x00, 0x00, 0x00, 0x00, 0x00, 0x00, 0x00, 0x00, 0x00, 0x00, 0x00, 0x00,
  0x00, 0x00, 0x00, 0x00, 0x00, 0x00, 0x00, 0x00, 0x00, 0x00, 0x00, 0x00,
  0x00, 0x00, 0x00, 0x00, 0x00, 0x00, 0x00, 0x00, 0x00, 0x00, 0x00, 0x00,
  0x00, 0x00, 0x00, 0x00, 0x00, 0x00, 0x00, 0x00, 0x00, 0x00, 0x00, 0x00,
  0x00, 0x00, 0x00, 0x00, 0x00, 0x00, 0x00, 0x00, 0x00, 0x00, 0x00, 0x00,
  0x00, 0x00, 0x00, 0x00, 0x00, 0x00, 0x00, 0x00, 0x00, 0x00, 0x00, 0x00,
  0x00, 0x00, 0x00, 0x00, 0x00, 0x00, 0x00, 0x00, 0x00, 0x00, 0x00, 0x00,
  0x00, 0x00, 0x00, 0x00, 0x00, 0x00, 0x00, 0x00, 0x00, 0x00, 0x00, 0x00,
  0x00, 0x00, 0x00, 0x00, 0x00, 0x00, 0x00, 0x00, 0x00, 0x00, 0x00, 0x00,
  0x00, 0x00, 0x00, 0x00, 0x00, 0x00, 0x00, 0x00, 0x00, 0x00, 0x00, 0x00,
  0x00, 0x00, 0x00, 0x00, 0x00, 0x00, 0x00, 0x00, 0x00, 0x00, 0x00, 0x00,
  0x00, 0x00, 0x00, 0x00, 0x00, 0x00, 0x00, 0x00, 0x00, 0x00, 0x00, 0x00,
  0x00, 0x00, 0x00, 0x00, 0x00, 0x00, 0x00, 0x00, 0x00, 0x00, 0x00, 0x00,
  0x00, 0x00, 0x00, 0x00, 0x00, 0x00, 0x00, 0x00, 0x00, 0x00, 0x00, 0x00,
  0x00, 0x00, 0x00, 0x00, 0x00, 0x00, 0x00, 0x00, 0x00, 0x00, 0x00, 0x00,
  0x00, 0x00, 0x00, 0x00, 0x00, 0x00, 0x00, 0x00, 0x00, 0x00, 0x00, 0x00,
  0x00, 0x00, 0x00, 0x00, 0x00, 0x00, 0x00, 0x00, 0x00, 0x00, 0x00, 0x00,
  0x00, 0x00, 0x00, 0x00, 0x00, 0x00, 0x00, 0x00, 0x00, 0x00, 0x00, 0x00,
  0x00, 0x00, 0x00, 0x00, 0x00, 0x00, 0x00, 0x00, 0x00, 0x00, 0x00, 0x00,
  0x00, 0x00, 0x00, 0x00, 0x00, 0x00, 0x00, 0x00, 0x00, 0x00, 0x00, 0x00,
  0x00, 0x00, 0x00, 0x00, 0x00, 0x00, 0x00, 0x00, 0x00, 0x00, 0x00, 0x00,
  0x00, 0x00, 0x00, 0x00, 0x00, 0x00, 0x00, 0x00, 0x00, 0x00, 0x00, 0x00,
  0x00, 0x00, 0x00, 0x00, 0x00, 0x00, 0x00, 0x00, 0x00, 0x00, 0x00, 0x00,
  0x00, 0x00, 0x00, 0x00, 0x00, 0x00, 0x00, 0x00, 0x00, 0x00, 0x00, 0x00,
  0x00, 0x00, 0x00, 0x00, 0x00, 0x00, 0x00, 0x00, 0x00, 0x00, 0x00, 0x00,
  0x00, 0x00, 0x00, 0x00, 0x00, 0x00, 0x00, 0x00, 0x00, 0x00, 0x00, 0x00,
  0x00, 0x00, 0x00, 0x00, 0x00, 0x00, 0x00, 0x00, 0x00, 0x00, 0x00, 0x00,
  0x00, 0x00, 0x00, 0x00, 0x00, 0x00, 0x00, 0x00, 0x00, 0x00, 0x00, 0x00,
  0x00, 0x00, 0x00, 0x00, 0x00, 0x00, 0x00, 0x00, 0x00, 0x00, 0x00, 0x00,
  0x00, 0x00, 0x00, 0x00, 0x00, 0x00, 0x00, 0x00, 0x00, 0x00, 0x00, 0x00,
  0x00, 0x00, 0x00, 0x00, 0x00, 0x00, 0x00, 0x00, 0x00, 0x00, 0x00, 0x00,
  0x00, 0x00, 0x00, 0x00, 0x00, 0x00, 0x00, 0x00, 0x00, 0x00, 0x00, 0x00,
  0x00, 0x00, 0x00, 0x00, 0x00, 0x00, 0x00, 0x00, 0x00, 0x00, 0x00, 0x00,
  0x00, 0x00, 0x00, 0x00, 0x00, 0x00, 0x00, 0x00, 0x00, 0x00, 0x00, 0x00,
  0x00, 0x00, 0x00, 0x00, 0x00, 0x00, 0x00, 0x00, 0x00, 0x00, 0x00, 0x00,
  0x00, 0x00, 0x00, 0x00, 0x00, 0x00, 0x00, 0x00, 0x00, 0x00, 0x00, 0x00,
  0x00, 0x00, 0x00, 0x00, 0x00, 0x00, 0x00, 0x00, 0x00, 0x00, 0x00, 0x00,
  0x00, 0x00, 0x00, 0x00, 0x00, 0x00, 0x00, 0x00, 0x00, 0x00, 0x00, 0x00,
  0x00, 0x00, 0x00, 0x00, 0x00, 0x00, 0x00, 0x00, 0x00, 0x00, 0x00, 0x00,
  0x00, 0x00, 0x00, 0x00, 0x00, 0x00, 0x00, 0x00, 0x00, 0x00, 0x00, 0x00,
  0x00, 0x00, 0x00, 0x00, 0x00, 0x00, 0x00, 0x00, 0x00, 0x00, 0x00, 0x00,
  0x00, 0x00, 0x00, 0x00, 0x00, 0x00, 0x00, 0x00, 0x00, 0x00, 0x00, 0x00,
  0x00, 0x00, 0x00, 0x00, 0x00, 0x00, 0x00, 0x00, 0x00, 0x00, 0x00, 0x00,
  0x00, 0x00, 0x00, 0x00, 0x00, 0x00, 0x00, 0x00, 0x00, 0x00, 0x00, 0x00,
  0x00, 0x00, 0x00, 0x00, 0x00, 0x00, 0x00, 0x00, 0x00, 0x00, 0x00, 0x00,
  0x00, 0x00, 0x00, 0x00, 0x00, 0x00, 0x00, 0x00, 0x00, 0x00, 0x00, 0x00,
  0x00, 0x00, 0x00, 0x00, 0x00, 0x00, 0x00, 0x00, 0x00, 0x00, 0x00, 0x00,
  0x00, 0x00, 0x00, 0x00, 0x00, 0x00, 0x00, 0x00, 0x00, 0x00, 0x00, 0x00,
  0x00, 0x00, 0x00, 0x00, 0x00, 0x00, 0x00, 0x00, 0x00, 0x00, 0x00, 0x00,
  0x00, 0x00, 0x00, 0x00, 0x00, 0x00, 0x00, 0x00, 0x00, 0x00, 0x00, 0x00,
  0x00, 0x00, 0x00, 0x00, 0x00, 0x00, 0x00, 0x00, 0x00, 0x00, 0x00, 0x00,
  0x00, 0x00, 0x00, 0x00, 0x00, 0x00, 0x00, 0x00, 0x00, 0x00, 0x00, 0x00,
  0x00, 0x00, 0x00, 0x00, 0x00, 0x00, 0x00, 0x00, 0x00, 0x00, 0x00, 0x00,
  0x00, 0x00, 0x00, 0x00, 0x00, 0x00, 0x00, 0x00, 0x00, 0x00, 0x00, 0x00,
  0x00, 0x00, 0x00, 0x00, 0x00, 0x00, 0x00, 0x00, 0x00, 0x00, 0x00, 0x00,
  0x00, 0x00, 0x00, 0x00, 0x00, 0x00, 0x00, 0x00, 0x00, 0x00, 0x00, 0x00,
  0x00, 0x00, 0x00, 0x00, 0x00, 0x00, 0x00, 0x00, 0x00, 0x00, 0x00, 0x00,
  0x00, 0x00, 0x00, 0x00, 0x00, 0x00, 0x00, 0x00, 0x00, 0x00, 0x00, 0x00,
  0x00, 0x00, 0x00, 0x00, 0x00, 0x00, 0x00, 0x00, 0x00, 0x00, 0x00, 0x00,
  0x00, 0x00, 0x00, 0x00, 0x00, 0x00, 0x00, 0x00, 0x00, 0x00, 0x00, 0x00,
  0x00, 0x00, 0x00, 0x00, 0x00, 0x00, 0x00, 0x00, 0x00, 0x00, 0x00, 0x00,
  0x00, 0x00, 0x00, 0x00, 0x00, 0x00, 0x00, 0x00, 0x00, 0x00, 0x00, 0x00,
  0x00, 0x00, 0x00, 0x00, 0x00, 0x00, 0x00, 0x00, 0x00, 0x00, 0x00, 0x00,
  0x00, 0x00, 0x00, 0x00, 0x00, 0x00, 0x00, 0x00, 0x00, 0x00, 0x00, 0x00,
  0x00, 0x00, 0x00, 0x00, 0x00, 0x00, 0x00, 0x00, 0x00, 0x00, 0x00, 0x00,
  0x00, 0x00, 0x00, 0x00, 0x00, 0x00, 0x00, 0x00, 0x00, 0x00, 0x00, 0x00,
  0x00, 0x00, 0x00, 0x00, 0x00, 0x00, 0x00, 0x00, 0x00, 0x00, 0x00, 0x00,
  0x00, 0x00, 0x00, 0x00, 0x00, 0x00, 0x00, 0x00, 0x00, 0x00, 0x00, 0x00,
  0x00, 0x00, 0x00, 0x00, 0x00, 0x00, 0x00, 0x00, 0x00, 0x00, 0x00, 0x00,
  0x00, 0x00, 0x00, 0x00, 0x00, 0x00, 0x00, 0x00, 0x00, 0x00, 0x00, 0x00,
  0x00, 0x00, 0x00, 0x00, 0x00, 0x00, 0x00, 0x00, 0x00, 0x00, 0x00, 0x00,
  0x00, 0x00, 0x00, 0x00, 0x00, 0x00, 0x00, 0x00, 0x00, 0x00, 0x00, 0x00,
  0x00, 0x00, 0x00, 0x00, 0x00, 0x00, 0x00, 0x00, 0x00, 0x00, 0x00, 0x00,
  0x00, 0x00, 0x00, 0x00, 0x00, 0x00, 0x00, 0x00, 0x00, 0x00, 0x00, 0x00,
  0x00, 0x00, 0x00, 0x00, 0x00, 0x00, 0x00, 0x00, 0x00, 0x00, 0x00, 0x00,
  0x00, 0x00, 0x00, 0x00, 0x00, 0x00, 0x00, 0x00, 0x00, 0x00, 0x00, 0x00,
  0x00, 0x00, 0x00, 0x00, 0x00, 0x00, 0x00, 0x00, 0x00, 0x00, 0x00, 0x00,
  0x00, 0x00, 0x00, 0x00, 0x00, 0x00, 0x00, 0x00, 0x00, 0x00, 0x00, 0x00,
  0x00, 0x00, 0x00, 0x00, 0x00, 0x00, 0x00, 0x00, 0x00, 0x00, 0x00, 0x00,
  0x00, 0x00, 0x00, 0x00, 0x00, 0x00, 0x00, 0x00, 0x00, 0x00, 0x00, 0x00,
  0x00, 0x00, 0x00, 0x00, 0x00, 0x00, 0x00, 0x00, 0x00, 0x00, 0x00, 0x00,
  0x00, 0x00, 0x00, 0x00, 0x00, 0x00, 0x00, 0x00, 0x00, 0x00, 0x00, 0x00,
  0x00, 0x00, 0x00, 0x00, 0x00, 0x00, 0x00, 0x00, 0x00, 0x00, 0x00, 0x00,
  0x00, 0x00, 0x00, 0x00, 0x00, 0x00, 0x00, 0x00, 0x00, 0x00, 0x00, 0x00,
  0x00, 0x00, 0x00, 0x00, 0x00, 0x00, 0x00, 0x00, 0x00, 0x00, 0x00, 0x00,
  0x00, 0x00, 0x00, 0x00, 0x00, 0x00, 0x00, 0x00, 0x00, 0x00, 0x00, 0x00,
  0x00, 0x00, 0x00, 0x00, 0x00, 0x00, 0x00, 0x00, 0x00, 0x00, 0x00, 0x00,
  0x00, 0x00, 0x00, 0x00, 0x00, 0x00, 0x00, 0x00, 0x00, 0x00, 0x00, 0x00,
  0x00, 0x00, 0x00, 0x00, 0x00, 0x00, 0x00, 0x00, 0x00, 0x00, 0x00, 0x00,
  0x00, 0x00, 0x00, 0x00, 0x00, 0x00, 0x00, 0x00, 0x00, 0x00, 0x00, 0x00,
  0x00, 0x00, 0x00, 0x00, 0x00, 0x00, 0x00, 0x00, 0x00, 0x00, 0x00, 0x00,
  0x00, 0x00, 0x00, 0x00, 0x00, 0x00, 0x00, 0x00, 0x00, 0x00, 0x00, 0x00,
  0x00, 0x00, 0x00, 0x00, 0x00, 0x00, 0x00, 0x00, 0x00, 0x00, 0x00, 0x00,
  0x00, 0x00, 0x00, 0x00, 0x00, 0x00, 0x00, 0x00, 0x00, 0x00, 0x00, 0x00,
  0x00, 0x00, 0x00, 0x00, 0x00, 0x00, 0x00, 0x00, 0x00, 0x00, 0x00, 0x00,
  0x00, 0x00, 0x00, 0x00, 0x00, 0x00, 0x00, 0x00, 0x00, 0x00, 0x00, 0x00,
  0x00, 0x00, 0x00, 0x00, 0x00, 0x00, 0x00, 0x00, 0x00, 0x00, 0x00, 0x00,
  0x00, 0x00, 0x00, 0x00, 0x00, 0x00, 0x00, 0x00, 0x00, 0x00, 0x00, 0x00,
  0x00, 0x00, 0x00, 0x00, 0x00, 0x00, 0x00, 0x00, 0x00, 0x00, 0x00, 0x00,
  0x00, 0x00, 0x00, 0x00, 0x00, 0x00, 0x00, 0x00, 0x00, 0x00, 0x00, 0x00,
  0x00, 0x00, 0x00, 0x00, 0x00, 0x00, 0x00, 0x00, 0x00, 0x00, 0x00, 0x00,
  0x00, 0x00, 0x00, 0x00, 0x00, 0x00, 0x00, 0x00, 0x00, 0x00, 0x00, 0x00,
  0x00, 0x00, 0x00, 0x00, 0x00, 0x00, 0x00, 0x00, 0x00, 0x00, 0x00, 0x00,
  0x00, 0x00, 0x00, 0x00, 0x00, 0x00, 0x00, 0x00, 0x00, 0x00, 0x00, 0x00,
  0x00, 0x00, 0x00, 0x00, 0x00, 0x00, 0x00, 0x00, 0x00, 0x00, 0x00, 0x00,
  0x00, 0x00, 0x00, 0x00, 0x00, 0x00, 0x00, 0x00, 0x00, 0x00, 0x00, 0x00,
  0x00, 0x00, 0x00, 0x00, 0x00, 0x00, 0x00, 0x00, 0x00, 0x00, 0x00, 0x00,
  0x00, 0x00, 0x00, 0x00, 0x00, 0x00, 0x00, 0x00, 0x00, 0x00, 0x00, 0x00,
  0x00, 0x00, 0x00, 0x00, 0x00, 0x00, 0x00, 0x00, 0x00, 0x00, 0x00, 0x00,
  0x00, 0x00, 0x00, 0x00, 0x00, 0x00, 0x00, 0x00, 0x00, 0x00, 0x00, 0x00,
  0x00, 0x00, 0x00, 0x00, 0x00, 0x00, 0x00, 0x00, 0x00, 0x00, 0x00, 0x00,
  0x00, 0x00, 0x00, 0x00, 0x00, 0x00, 0x00, 0x00, 0x00, 0x00, 0x00, 0x00,
  0x00, 0x00, 0x00, 0x00, 0x00, 0x00, 0x00, 0x00, 0x00, 0x00, 0x00, 0x00,
  0x00, 0x00, 0x00, 0x00, 0x00, 0x00, 0x00, 0x00, 0x00, 0x00, 0x00, 0x00,
  0x00, 0x00, 0x00, 0x00, 0x00, 0x00, 0x00, 0x00, 0x00, 0x00, 0x00, 0x00,
  0x00, 0x00, 0x00, 0x00, 0x00, 0x00, 0x00, 0x00, 0x00, 0x00, 0x00, 0x00,
  0x00, 0x00, 0x00, 0x00, 0x00, 0x00, 0x00, 0x00, 0x00, 0x00, 0x00, 0x00,
  0x00, 0x00, 0x00, 0x00, 0x00, 0x00, 0x00, 0x00, 0x00, 0x00, 0x00, 0x00,
  0x00, 0x00, 0x00, 0x00, 0x00, 0x00, 0x00, 0x00, 0x00, 0x00, 0x00, 0x00,
  0x00, 0x00, 0x00, 0x00, 0x00, 0x00, 0x00, 0x00, 0x00, 0x00, 0x00, 0x00,
  0x00, 0x00, 0x00, 0x00, 0x00, 0x00, 0x00, 0x00, 0x00, 0x00, 0x00, 0x00,
  0x00, 0x00, 0x00, 0x00, 0x00, 0x00, 0x00, 0x00, 0x00, 0x00, 0x00, 0x00,
  0x00, 0x00, 0x00, 0x00, 0x00, 0x00, 0x00, 0x00, 0x00, 0x00, 0x00, 0x00,
  0x00, 0x00, 0x00, 0x00, 0x00, 0x00, 0x00, 0x00, 0x00, 0x00, 0x00, 0x00,
  0x00, 0x00, 0x00, 0x00, 0x00, 0x00, 0x00, 0x00, 0x00, 0x00, 0x00, 0x00,
  0x00, 0x00, 0x00, 0x00, 0x00, 0x00, 0x00, 0x00, 0x00, 0x00, 0x00, 0x00,
  0x00, 0x00, 0x00, 0x00, 0x00, 0x00, 0x00, 0x00, 0x00, 0x00, 0x00, 0x00,
  0x00, 0x00, 0x00, 0x00, 0x00, 0x00, 0x00, 0x00, 0x00, 0x00, 0x00, 0x00,
  0x00, 0x00, 0x00, 0x00, 0x00, 0x00, 0x00, 0x00, 0x00, 0x00, 0x00, 0x00,
  0x00, 0x00, 0x00, 0x00, 0x00, 0x00, 0x00, 0x00, 0x00, 0x00, 0x00, 0x00,
  0x00, 0x00, 0x00, 0x00, 0x00, 0x00, 0x00, 0x00, 0x00, 0x00, 0x00, 0x00,
  0x00, 0x00, 0x00, 0x00, 0x00, 0x00, 0x00, 0x00, 0x00, 0x00, 0x00, 0x00,
  0x00, 0x00, 0x00, 0x00, 0x00, 0x00, 0x00, 0x00, 0x00, 0x00, 0x00, 0x00,
  0x00, 0x00, 0x00, 0x00, 0x00, 0x00, 0x00, 0x00, 0x00, 0x00, 0x00, 0x00,
  0x00, 0x00, 0x00, 0x00, 0x00, 0x00, 0x00, 0x00, 0x00, 0x00, 0x00, 0x00,
  0x00, 0x00, 0x00, 0x00, 0x00, 0x00, 0x00, 0x00, 0x00, 0x00, 0x00, 0x00,
  0x00, 0x00, 0x00, 0x00, 0x00, 0x00, 0x00, 0x00, 0x00, 0x00, 0x00, 0x00,
  0x00, 0x00, 0x00, 0x00, 0x00, 0x00, 0x00, 0x00, 0x00, 0x00, 0x00, 0x00,
  0x00, 0x00, 0x00, 0x00, 0x00, 0x00, 0x00, 0x00, 0x00, 0x00, 0x00, 0x00,
  0x00, 0x00, 0x00, 0x00, 0x00, 0x00, 0x00, 0x00, 0x00, 0x00, 0x00, 0x00,
  0x00, 0x00, 0x00, 0x00, 0x00, 0x00, 0x00, 0x00, 0x00, 0x00, 0x00, 0x00,
  0x00, 0x00, 0x00, 0x00, 0x00, 0x00, 0x00, 0x00, 0x00, 0x00, 0x00, 0x00,
  0x00, 0x00, 0x00, 0x00, 0x00, 0x00, 0x00, 0x00, 0x00, 0x00, 0x00, 0x00,
  0x00, 0x00, 0x00, 0x00, 0x00, 0x00, 0x00, 0x00, 0x00, 0x00, 0x00, 0x00,
  0x00, 0x00, 0x00, 0x00, 0x00, 0x00, 0x00, 0x00, 0x00, 0x00, 0x00, 0x00,
  0x00, 0x00, 0x00, 0x00, 0x00, 0x00, 0x00, 0x00, 0x00, 0x00, 0x00, 0x00,
  0x00, 0x00, 0x00, 0x00, 0x00, 0x00, 0x00, 0x00, 0x00, 0x00, 0x00, 0x00,
  0x00, 0x00, 0x00, 0x00, 0x00, 0x00, 0x00, 0x00, 0x00, 0x00, 0x00, 0x00,
  0x00, 0x00, 0x00, 0x00, 0x00, 0x00, 0x00, 0x00, 0x00, 0x00, 0x00, 0x00,
  0x00, 0x00, 0x00, 0x00, 0x00, 0x00, 0x00, 0x00, 0x00, 0x00, 0x00, 0x00,
  0x00, 0x00, 0x00, 0x00, 0x00, 0x00, 0x00, 0x00, 0x00, 0x00, 0x00, 0x00,
  0x00, 0x00, 0x00, 0x00, 0x00, 0x00, 0x00, 0x00, 0x00, 0x00, 0x00, 0x00,
  0x00, 0x00, 0x00, 0x00, 0x00, 0x00, 0x00, 0x00, 0x00, 0x00, 0x00, 0x00,
  0x00, 0x00, 0x00, 0x00, 0x00, 0x00, 0x00, 0x00, 0x00, 0x00, 0x00, 0x00,
  0x00, 0x00, 0x00, 0x00, 0x00, 0x00, 0x00, 0x00, 0x00, 0x00, 0x00, 0x00,
  0x00, 0x00, 0x00, 0x00, 0x00, 0x00, 0x00, 0x00, 0x00, 0x00, 0x00, 0x00,
  0x00, 0x00, 0x00, 0x00, 0x00, 0x00, 0x00, 0x00, 0x00, 0x00, 0x00, 0x00,
  0x00, 0x00, 0x00, 0x00, 0x00, 0x00, 0x00, 0x00, 0x00, 0x00, 0x00, 0x00,
  0x00, 0x00, 0x00, 0x00, 0x00, 0x00, 0x00, 0x00, 0x00, 0x00, 0x00, 0x00,
  0x00, 0x00, 0x00, 0x00, 0x00, 0x00, 0x00, 0x00, 0x00, 0x00, 0x00, 0x00,
  0x00, 0x00, 0x00, 0x00, 0x00, 0x00, 0x00, 0x00, 0x00, 0x00, 0x00, 0x00,
  0x00, 0x00, 0x00, 0x00, 0x00, 0x00, 0x00, 0x00, 0x00, 0x00, 0x00, 0x00,
  0x00, 0x00, 0x00, 0x00, 0x00, 0x00, 0x00, 0x00, 0x00, 0x00, 0x00, 0x00,
  0x00, 0x00, 0x00, 0x00, 0x00, 0x00, 0x00, 0x00, 0x00, 0x00, 0x00, 0x00,
  0x00, 0x00, 0x00, 0x00, 0x00, 0x00, 0x00, 0x00, 0x00, 0x00, 0x00, 0x00,
  0x00, 0x00, 0x00, 0x00, 0x00, 0x00, 0x00, 0x00, 0x00, 0x00, 0x00, 0x00,
  0x00, 0x00, 0x00, 0x00, 0x00, 0x00, 0x00, 0x00, 0x00, 0x00, 0x00, 0x00,
  0x00, 0x00, 0x00, 0x00, 0x00, 0x00, 0x00, 0x00, 0x00, 0x00, 0x00, 0x00,
  0x00, 0x00, 0x00, 0x00, 0x00, 0x00, 0x00, 0x00, 0x00, 0x00, 0x00, 0x00,
  0x00, 0x00, 0x00, 0x00, 0x00, 0x00, 0x00, 0x00, 0x00, 0x00, 0x00, 0x00,
  0x00, 0x00, 0x00, 0x00, 0x00, 0x00, 0x00, 0x00, 0x00, 0x00, 0x00, 0x00,
  0x00, 0x00, 0x00, 0x00, 0x00, 0x00, 0x00, 0x00, 0x00, 0x00, 0x00, 0x00,
  0x00, 0x00, 0x00, 0x00, 0x00, 0x00, 0x00, 0x00, 0x00, 0x00, 0x00, 0x00,
  0x00, 0x00, 0x00, 0x00, 0x00, 0x00, 0x00, 0x00, 0x00, 0x00, 0x00, 0x00,
  0x00, 0x00, 0x00, 0x00, 0x00, 0x00, 0x00, 0x00, 0x00, 0x00, 0x00, 0x00,
  0x00, 0x00, 0x00, 0x00, 0x00, 0x00, 0x00, 0x00, 0x00, 0x00, 0x00, 0x00,
  0x00, 0x00, 0x00, 0x00, 0x00, 0x00, 0x00, 0x00, 0x00, 0x00, 0x00, 0x00,
  0x00, 0x00, 0x00, 0x00, 0x00, 0x00, 0x00, 0x00, 0x00, 0x00, 0x00, 0x00,
  0x00, 0x00, 0x00, 0x00, 0x00, 0x00, 0x00, 0x00, 0x00, 0x00, 0x00, 0x00,
  0x00, 0x00, 0x00, 0x00, 0x00, 0x00, 0x00, 0x00, 0x00, 0x00, 0x00, 0x00,
  0x00, 0x00, 0x00, 0x00, 0x00, 0x00, 0x00, 0x00, 0x00, 0x00, 0x00, 0x00,
  0x00, 0x00, 0x00, 0x00, 0x00, 0x00, 0x00, 0x00, 0x00, 0x00, 0x00, 0x00,
  0x00, 0x00, 0x00, 0x00, 0x00, 0x00, 0x00, 0x00, 0x00, 0x00, 0x00, 0x00,
  0x00, 0x00, 0x00, 0x00, 0x00, 0x00, 0x00, 0x00, 0x00, 0x00, 0x00, 0x00,
  0x00, 0x00, 0x00, 0x00, 0x00, 0x00, 0x00, 0x00, 0x00, 0x00, 0x00, 0x00,
  0x00, 0x00, 0x00, 0x00, 0x00, 0x00, 0x00, 0x00, 0x00, 0x00, 0x00, 0x00,
  0x00, 0x00, 0x00, 0x00, 0x00, 0x00, 0x00, 0x00, 0x00, 0x00, 0x00, 0x00,
  0x00, 0x00, 0x00, 0x00, 0x00, 0x00, 0x00, 0x00, 0x00, 0x00, 0x00, 0x00,
  0x00, 0x00, 0x00, 0x00, 0x00, 0x00, 0x00, 0x00, 0x00, 0x00, 0x00, 0x00,
  0x00, 0x00, 0x00, 0x00, 0x00, 0x00, 0x00, 0x00, 0x00, 0x00, 0x00, 0x00,
  0x00, 0x00, 0x00, 0x00, 0x00, 0x00, 0x00, 0x00, 0x00, 0x00, 0x00, 0x00,
  0x00, 0x00, 0x00, 0x00, 0x00, 0x00, 0x00, 0x00, 0x00, 0x00, 0x00, 0x00,
  0x00, 0x00, 0x00, 0x00, 0x00, 0x00, 0x00, 0x00, 0x00, 0x00, 0x00, 0x00,
  0x00, 0x00, 0x00, 0x00, 0x00, 0x00, 0x00, 0x00, 0x00, 0x00, 0x00, 0x00,
  0x00, 0x00, 0x00, 0x00, 0x00, 0x00, 0x00, 0x00, 0x00, 0x00, 0x00, 0x00,
  0x00, 0x00, 0x00, 0x00, 0x00, 0x00, 0x00, 0x00, 0x00, 0x00, 0x00, 0x00,
  0x00, 0x00, 0x00, 0x00, 0x00, 0x00, 0x00, 0x00, 0x00, 0x00, 0x00, 0x00,
  0x00, 0x00, 0x00, 0x00, 0x00, 0x00, 0x00, 0x00, 0x00, 0x00, 0x00, 0x00,
  0x00, 0x00, 0x00, 0x00, 0x00, 0x00, 0x00, 0x00, 0x00, 0x00, 0x00, 0x00,
  0x00, 0x00, 0x00, 0x00, 0x00, 0x00, 0x00, 0x00, 0x00, 0x00, 0x00, 0x00,
  0x00, 0x00, 0x00, 0x00, 0x00, 0x00, 0x00, 0x00, 0x00, 0x00, 0x00, 0x00,
  0x00, 0x00, 0x00, 0x00, 0x00, 0x00, 0x00, 0x00, 0x00, 0x00, 0x00, 0x00,
  0x00, 0x00, 0x00, 0x00, 0x00, 0x00, 0x00, 0x00, 0x00, 0x00, 0x00, 0x00,
  0x00, 0x00, 0x00, 0x00, 0x00, 0x00, 0x00, 0x00, 0x00, 0x00, 0x00, 0x00,
  0x00, 0x00, 0x00, 0x00, 0x00, 0x00, 0x00, 0x00, 0x00, 0x00, 0x00, 0x00,
  0x00, 0x00, 0x00, 0x00, 0x00, 0x00, 0x00, 0x00, 0x00, 0x00, 0x00, 0x00,
  0x00, 0x00, 0x00, 0x00, 0x00, 0x00, 0x00, 0x00, 0x00, 0x00, 0x00, 0x00,
  0x00, 0x00, 0x00, 0x00, 0x00, 0x00, 0x00, 0x00, 0x00, 0x00, 0x00, 0x00,
  0x00, 0x00, 0x00, 0x00, 0x00, 0x00, 0x00, 0x00, 0x00, 0x00, 0x00, 0x00,
  0x00, 0x00, 0x00, 0x00, 0x00, 0x00, 0x00, 0x00, 0x00, 0x00, 0x00, 0x00,
  0x00, 0x00, 0x00, 0x00, 0x00, 0x00, 0x00, 0x00, 0x00, 0x00, 0x00, 0x00,
  0x00, 0x00, 0x00, 0x00, 0x00, 0x00, 0x00, 0x00, 0x00, 0x00, 0x00, 0x00,
  0x00, 0x00, 0x00, 0x00, 0x00, 0x00, 0x00, 0x00, 0x00, 0x00, 0x00, 0x00,
  0x00, 0x00, 0x00, 0x00, 0x00, 0x00, 0x00, 0x00, 0x00, 0x00, 0x00, 0x00,
  0x00, 0x00, 0x00, 0x00, 0x00, 0x00, 0x00, 0x00, 0x00, 0x00, 0x00, 0x00,
  0x00, 0x00, 0x00, 0x00, 0x00, 0x00, 0x00, 0x00, 0x00, 0x00, 0x00, 0x00,
  0x00, 0x00, 0x00, 0x00, 0x00, 0x00, 0x00, 0x00, 0x00, 0x00, 0x00, 0x00,
  0x00, 0x00, 0x00, 0x00, 0x00, 0x00, 0x00, 0x00, 0x00, 0x00, 0x00, 0x00,
  0x00, 0x00, 0x00, 0x00, 0x00, 0x00, 0x00, 0x00, 0x00, 0x00, 0x00, 0x00,
  0x00, 0x00, 0x00, 0x00, 0x00, 0x00, 0x00, 0x00, 0x00, 0x00, 0x00, 0x00,
  0x00, 0x00, 0x00, 0x00, 0x00, 0x00, 0x00, 0x00, 0x00, 0x00, 0x00, 0x00,
  0x00, 0x00, 0x00, 0x00, 0x00, 0x00, 0x00, 0x00, 0x00, 0x00, 0x00, 0x00,
  0x00, 0x00, 0x00, 0x00, 0x00, 0x00, 0x00, 0x00, 0x00, 0x00, 0x00, 0x00,
  0x00, 0x00, 0x00, 0x00, 0x00, 0x00, 0x00, 0x00, 0x00, 0x00, 0x00, 0x00,
  0x00, 0x00, 0x00, 0x00, 0x00, 0x00, 0x00, 0x00, 0x00, 0x00, 0x00, 0x00,
  0x00, 0x00, 0x00, 0x00, 0x00, 0x00, 0x00, 0x00, 0x00, 0x00, 0x00, 0x00,
  0x00, 0x00, 0x00, 0x00, 0x00, 0x00, 0x00, 0x00, 0x00, 0x00, 0x00, 0x00,
  0x00, 0x00, 0x00, 0x00, 0x00, 0x00, 0x00, 0x00, 0x00, 0x00, 0x00, 0x00,
  0x00, 0x00, 0x00, 0x00, 0x00, 0x00, 0x00, 0x00, 0x00, 0x00, 0x00, 0x00,
  0x00, 0x00, 0x00, 0x00, 0x00, 0x00, 0x00, 0x00, 0x00, 0x00, 0x00, 0x00,
  0x00, 0x00, 0x00, 0x00, 0x00, 0x00, 0x00, 0x00, 0x00, 0x00, 0x00, 0x00,
  0x00, 0x00, 0x00, 0x00, 0x00, 0x00, 0x00, 0x00, 0x00, 0x00, 0x00, 0x00,
  0x00, 0x00, 0x00, 0x00, 0x00, 0x00, 0x00, 0x00, 0x00, 0x00, 0x00, 0x00,
  0x00, 0x00, 0x00, 0x00, 0x00, 0x00, 0x00, 0x00, 0x00, 0x00, 0x00, 0x00,
  0x00, 0x00, 0x00, 0x00, 0x00, 0x00, 0x00, 0x00, 0x00, 0x00, 0x00, 0x00,
  0x00, 0x00, 0x00, 0x00, 0x00, 0x00, 0x00, 0x00, 0x00, 0x00, 0x00, 0x00,
  0x00, 0x00, 0x00, 0x00, 0x00, 0x00, 0x00, 0x00, 0x00, 0x00, 0x00, 0x00,
  0x00, 0x00, 0x00, 0x00, 0x00, 0x00, 0x00, 0x00, 0x00, 0x00, 0x00, 0x00,
  0x00, 0x00, 0x00, 0x00, 0x00, 0x00, 0x00, 0x00, 0x00, 0x00, 0x00, 0x00,
  0x00, 0x00, 0x00, 0x00, 0x00, 0x00, 0x00, 0x00, 0x00, 0x00, 0x00, 0x00,
  0x00, 0x00, 0x00, 0x00, 0x00, 0x00, 0x00, 0x00, 0x00, 0x00, 0x00, 0x00,
  0x00, 0x00, 0x00, 0x00, 0x00, 0x00, 0x00, 0x00, 0x00, 0x00, 0x00, 0x00,
  0x00, 0x00, 0x00, 0x00, 0x00, 0x00, 0x00, 0x00, 0x00, 0x00, 0x00, 0x00,
  0x00, 0x00, 0x00, 0x00, 0x00, 0x00, 0x00, 0x00, 0x00, 0x00, 0x00, 0x00,
  0x00, 0x00, 0x00, 0x00, 0x00, 0x00, 0x00, 0x00, 0x00, 0x00, 0x00, 0x00,
  0x00, 0x00, 0x00, 0x00, 0x00, 0x00, 0x00, 0x00, 0x00, 0x00, 0x00, 0x00,
  0x00, 0x00, 0x00, 0x00, 0x00, 0x00, 0x00, 0x00, 0x00, 0x00, 0x00, 0x00,
  0x00, 0x00, 0x00, 0x00, 0x00, 0x00, 0x00, 0x00, 0x00, 0x00, 0x00, 0x00,
  0x00, 0x00, 0x00, 0x00, 0x00, 0x00, 0x00, 0x00, 0x00, 0x00, 0x00, 0x00,
  0x00, 0x00, 0x00, 0x00, 0x00, 0x00, 0x00, 0x00, 0x00, 0x00, 0x00, 0x00,
  0x00, 0x00, 0x00, 0x00, 0x00, 0x00, 0x00, 0x00, 0x00, 0x00, 0x00, 0x00,
  0x00, 0x00, 0x00, 0x00, 0x00, 0x00, 0x00, 0x00, 0x00, 0x00, 0x00, 0x00,
  0x00, 0x00, 0x00, 0x00, 0x00, 0x00, 0x00, 0x00, 0x00, 0x00, 0x00, 0x00,
  0x00, 0x00, 0x00, 0x00, 0x00, 0x00, 0x00, 0x00, 0x00, 0x00, 0x00, 0x00,
  0x00, 0x00, 0x00, 0x00, 0x00, 0x00, 0x00, 0x00, 0x00, 0x00, 0x00, 0x00,
  0x00, 0x00, 0x00, 0x00, 0x00, 0x00, 0x00, 0x00, 0x00, 0x00, 0x00, 0x00,
  0x00, 0x00, 0x00, 0x00, 0x00, 0x00, 0x00, 0x00, 0x00, 0x00, 0x00, 0x00,
  0x00, 0x00, 0x00, 0x00, 0x00, 0x00, 0x00, 0x00, 0x00, 0x00, 0x00, 0x00,
  0x00, 0x00, 0x00, 0x00, 0x00, 0x00, 0x00, 0x00, 0x00, 0x00, 0x00, 0x00,
  0x00, 0x00, 0x00, 0x00, 0x00, 0x00, 0x00, 0x00, 0x00, 0x00, 0x00, 0x00,
  0x00, 0x00, 0x00, 0x00, 0x00, 0x00, 0x00, 0x00, 0x00, 0x00, 0x00, 0x00,
  0x00, 0x00, 0x00, 0x00, 0x00, 0x00, 0x00, 0x00, 0x00, 0x00, 0x00, 0x00,
  0x00, 0x00, 0x00, 0x00, 0x00, 0x00, 0x00, 0x00, 0x00, 0x00, 0x00, 0x00,
  0x00, 0x00, 0x00, 0x00, 0x00, 0x00, 0x00, 0x00, 0x00, 0x00, 0x00, 0x00,
  0x00, 0x00, 0x00, 0x00, 0x00, 0x00, 0x00, 0x00, 0x00, 0x00, 0x00, 0x00,
  0x00, 0x00, 0x00, 0x00, 0x00, 0x00, 0x00, 0x00, 0x00, 0x00, 0x00, 0x00,
  0x00, 0x00, 0x00, 0x00, 0x00, 0x00, 0x00, 0x00, 0x00, 0x00, 0x00, 0x00,
  0x00, 0x00, 0x00, 0x00, 0x00, 0x00, 0x00, 0x00, 0x00, 0x00, 0x00, 0x00,
  0x00, 0x00, 0x00, 0x00, 0x00, 0x00, 0x00, 0x00, 0x00, 0x00, 0x00, 0x00,
  0x00, 0x00, 0x00, 0x00, 0x00, 0x00, 0x00, 0x00, 0x00, 0x00, 0x00, 0x00,
  0x00, 0x00, 0x00, 0x00, 0x00, 0x00, 0x00, 0x00, 0x00, 0x00, 0x00, 0x00,
  0x00, 0x00, 0x00, 0x00, 0x00, 0x00, 0x00, 0x00, 0x00, 0x00, 0x00, 0x00,
  0x00, 0x00, 0x00, 0x00, 0x00, 0x00, 0x00, 0x00, 0x00, 0x00, 0x00, 0x00,
  0x00, 0x00, 0x00, 0x00, 0x00, 0x00, 0x00, 0x00, 0x00, 0x00, 0x00, 0x00,
  0x00, 0x00, 0x00, 0x00, 0x00, 0x00, 0x00, 0x00, 0x00, 0x00, 0x00, 0x00,
  0x00, 0x00, 0x00, 0x00, 0x00, 0x00, 0x00, 0x00, 0x00, 0x00, 0x00, 0x00,
  0x00, 0x00, 0x00, 0x00, 0x00, 0x00, 0x00, 0x00, 0x00, 0x00, 0x00, 0x00,
  0x00, 0x00, 0x00, 0x00, 0x00, 0x00, 0x00, 0x00, 0x00, 0x00, 0x00, 0x00,
  0x00, 0x00, 0x00, 0x00, 0x00, 0x00, 0x00, 0x00, 0x00, 0x00, 0x00, 0x00,
  0x00, 0x00, 0x00, 0x00, 0x00, 0x00, 0x00, 0x00, 0x00, 0x00, 0x00, 0x00,
  0x00, 0x00, 0x00, 0x00, 0x00, 0x00, 0x00, 0x00, 0x00, 0x00, 0x00, 0x00,
  0x00, 0x00, 0x00, 0x00, 0x00, 0x00, 0x00, 0x00, 0x00, 0x00, 0x00, 0x00,
  0x00, 0x00, 0x00, 0x00, 0x00, 0x00, 0x00, 0x00, 0x00, 0x00, 0x00, 0x00,
  0x00, 0x00, 0x00, 0x00, 0x00, 0x00, 0x00, 0x00, 0x00, 0x00, 0x00, 0x00,
  0x00, 0x00, 0x00, 0x00, 0x00, 0x00, 0x00, 0x00, 0x00, 0x00, 0x00, 0x00,
  0x00, 0x00, 0x00, 0x00, 0x00, 0x00, 0x00, 0x00, 0x00, 0x00, 0x00, 0x00,
  0x00, 0x00, 0x00, 0x00, 0x00, 0x00, 0x00, 0x00, 0x00, 0x00, 0x00, 0x00,
  0x00, 0x00, 0x00, 0x00, 0x00, 0x00, 0x00, 0x00, 0x00, 0x00, 0x00, 0x00,
  0x00, 0x00, 0x00, 0x00, 0x00, 0x00, 0x00, 0x00, 0x00, 0x00, 0x00, 0x00,
  0x00, 0x00, 0x00, 0x00, 0x00, 0x00, 0x00, 0x00, 0x00, 0x00, 0x00, 0x00,
  0x00, 0x00, 0x00, 0x00, 0x00, 0x00, 0x00, 0x00, 0x00, 0x00, 0x00, 0x00,
  0x00, 0x00, 0x00, 0x00, 0x00, 0x00, 0x00, 0x00, 0x00, 0x00, 0x00, 0x00,
  0x00, 0x00, 0x00, 0x00, 0x00, 0x00, 0x00, 0x00, 0x00, 0x00, 0x00, 0x00,
  0x00, 0x00, 0x00, 0x00, 0x00, 0x00, 0x00, 0x00, 0x00, 0x00, 0x00, 0x00,
  0x00, 0x00, 0x00, 0x00, 0x00, 0x00, 0x00, 0x00, 0x00, 0x00, 0x00, 0x00,
  0x00, 0x00, 0x00, 0x00, 0x00, 0x00, 0x00, 0x00, 0x00, 0x00, 0x00, 0x00,
  0x00, 0x00, 0x00, 0x00, 0x00, 0x00, 0x00, 0x00, 0x00, 0x00, 0x00, 0x00,
  0x00, 0x00, 0x00, 0x00, 0x00, 0x00, 0x00, 0x00, 0x00, 0x00, 0x00, 0x00,
  0x00, 0x00, 0x00, 0x00, 0x00, 0x00, 0x00, 0x00, 0x00, 0x00, 0x00, 0x00,
  0x00, 0x00, 0x00, 0x00, 0x00, 0x00, 0x00, 0x00, 0x00, 0x00, 0x00, 0x00,
  0x00, 0x00, 0x00, 0x00, 0x00, 0x00, 0x00, 0x00, 0x00, 0x00, 0x00, 0x00,
  0x00, 0x00, 0x00, 0x00, 0x00, 0x00, 0x00, 0x00, 0x00, 0x00, 0x00, 0x00,
  0x00, 0x00, 0x00, 0x00, 0x00, 0x00, 0x00, 0x00, 0x00, 0x00, 0x00, 0x00,
  0x00, 0x00, 0x00, 0x00, 0x00, 0x00, 0x00, 0x00, 0x00, 0x00, 0x00, 0x00,
  0x00, 0x00, 0x00, 0x00, 0x00, 0x00, 0x00, 0x00, 0x00, 0x00, 0x00, 0x00,
  0x00, 0x00, 0x00, 0x00, 0x00, 0x00, 0x00, 0x00, 0x00, 0x00, 0x00, 0x00,
  0x00, 0x00, 0x00, 0x00, 0x00, 0x00, 0x00, 0x00, 0x00, 0x00, 0x00, 0x00,
  0x00, 0x00, 0x00, 0x00, 0x00, 0x00, 0x00, 0x00, 0x00, 0x00, 0x00, 0x00,
  0x00, 0x00, 0x00, 0x00, 0x00, 0x00, 0x00, 0x00, 0x00, 0x00, 0x00, 0x00,
  0x00, 0x00, 0x00, 0x00, 0x00, 0x00, 0x00, 0x00, 0x00, 0x00, 0x00, 0x00,
  0x00, 0x00, 0x00, 0x00, 0x00, 0x00, 0x00, 0x00, 0x00, 0x00, 0x00, 0x00,
  0x00, 0x00, 0x00, 0x00, 0x00, 0x00, 0x00, 0x00, 0x00, 0x00, 0x00, 0x00,
  0x00, 0x00, 0x00, 0x00, 0x00, 0x00, 0x00, 0x00, 0x00, 0x00, 0x00, 0x00,
  0x00, 0x00, 0x00, 0x00, 0x00, 0x00, 0x00, 0x00, 0x00, 0x00, 0x00, 0x00,
  0x00, 0x00, 0x00, 0x00, 0x00, 0x00, 0x00, 0x00, 0x00, 0x00, 0x00, 0x00,
  0x00, 0x00, 0x00, 0x00, 0x00, 0x00, 0x00, 0x00, 0x00, 0x00, 0x00, 0x00,
  0x00, 0x00, 0x00, 0x00, 0x00, 0x00, 0x00, 0x00, 0x00, 0x00, 0x00, 0x00,
  0x00, 0x00, 0x00, 0x00, 0x00, 0x00, 0x00, 0x00, 0x00, 0x00, 0x00, 0x00,
  0x00, 0x00, 0x00, 0x00, 0x00, 0x00, 0x00, 0x00, 0x00, 0x00, 0x00, 0x00,
  0x00, 0x00, 0x00, 0x00, 0x00, 0x00, 0x00, 0x00, 0x00, 0x00, 0x00, 0x00,
  0x00, 0x00, 0x00, 0x00, 0x00, 0x00, 0x00, 0x00, 0x00, 0x00, 0x00, 0x00,
  0x00, 0x00, 0x00, 0x00, 0x00, 0x00, 0x00, 0x00, 0x00, 0x00, 0x00, 0x00,
  0x00, 0x00, 0x00, 0x00, 0x00, 0x00, 0x00, 0x00, 0x00, 0x00, 0x00, 0x00,
  0x00, 0x00, 0x00, 0x00, 0x00, 0x00, 0x00, 0x00, 0x00, 0x00, 0x00, 0x00,
  0x00, 0x00, 0x00, 0x00, 0x00, 0x00, 0x00, 0x00, 0x00, 0x00, 0x00, 0x00,
  0x00, 0x00, 0x00, 0x00, 0x00, 0x00, 0x00, 0x00, 0x00, 0x00, 0x00, 0x00,
  0x00, 0x00, 0x00, 0x00, 0x00, 0x00, 0x00, 0x00, 0x00, 0x00, 0x00, 0x00,
  0x00, 0x00, 0x00, 0x00, 0x00, 0x00, 0x00, 0x00, 0x00, 0x00, 0x00, 0x00,
  0x00, 0x00, 0x00, 0x00, 0x00, 0x00, 0x00, 0x00, 0x00, 0x00, 0x00, 0x00,
  0x00, 0x00, 0x00, 0x00, 0x00, 0x00, 0x00, 0x00, 0x00, 0x00, 0x00, 0x00,
  0x00, 0x00, 0x00, 0x00, 0x00, 0x00, 0x00, 0x00, 0x00, 0x00, 0x00, 0x00,
  0x00, 0x00, 0x00, 0x00, 0x00, 0x00, 0x00, 0x00, 0x00, 0x00, 0x00, 0x00,
  0x00, 0x00, 0x00, 0x00, 0x00, 0x00, 0x00, 0x00, 0x00, 0x00, 0x00, 0x00,
  0x00, 0x00, 0x00, 0x00, 0x00, 0x00, 0x00, 0x00, 0x00, 0x00, 0x00, 0x00,
  0x00, 0x00, 0x00, 0x00, 0x00, 0x00, 0x00, 0x00, 0x00, 0x00, 0x00, 0x00,
  0x00, 0x00, 0x00, 0x00, 0x00, 0x00, 0x00, 0x00, 0x00, 0x00, 0x00, 0x00,
  0x00, 0x00, 0x00, 0x00, 0x00, 0x00, 0x00, 0x00, 0x00, 0x00, 0x00, 0x00,
  0x00, 0x00, 0x00, 0x00, 0x00, 0x00, 0x00, 0x00, 0x00, 0x00, 0x00, 0x00,
  0x00, 0x00, 0x00, 0x00, 0x00, 0x00, 0x00, 0x00, 0x00, 0x00, 0x00, 0x00,
  0x00, 0x00, 0x00, 0x00, 0x00, 0x00, 0x00, 0x00, 0x00, 0x00, 0x00, 0x00,
  0x00, 0x00, 0x00, 0x00, 0x00, 0x00, 0x00, 0x00, 0x00, 0x00, 0x00, 0x00,
  0x00, 0x00, 0x00, 0x00, 0x00, 0x00, 0x00, 0x00, 0x00, 0x00, 0x00, 0x00,
  0x00, 0x00, 0x00, 0x00, 0x00, 0x00, 0x00, 0x00, 0x00, 0x00, 0x00, 0x00,
  0x00, 0x00, 0x00, 0x00, 0x00, 0x00, 0x00, 0x00, 0x00, 0x00, 0x00, 0x00,
  0x00, 0x00, 0x00, 0x00, 0x00, 0x00, 0x00, 0x00, 0x00, 0x00, 0x00, 0x00,
  0x00, 0x00, 0x00, 0x00, 0x00, 0x00, 0x00, 0x00, 0x00, 0x00, 0x00, 0x00,
  0x00, 0x00, 0x00, 0x00, 0x00, 0x00, 0x00, 0x00, 0x00, 0x00, 0x00, 0x00,
  0x00, 0x00, 0x00, 0x00, 0x00, 0x00, 0x00, 0x00, 0x00, 0x00, 0x00, 0x00,
  0x00, 0x00, 0x00, 0x00, 0x00, 0x00, 0x00, 0x00, 0x00, 0x00, 0x00, 0x00,
  0x00, 0x00, 0x00, 0x00, 0x00, 0x00, 0x00, 0x00, 0x00, 0x00, 0x00, 0x00,
  0x00, 0x00, 0x00, 0x00, 0x00, 0x00, 0x00, 0x00, 0x00, 0x00, 0x00, 0x00,
  0x00, 0x00, 0x00, 0x00, 0x00, 0x00, 0x00, 0x00, 0x00, 0x00, 0x00, 0x00,
  0x00, 0x00, 0x00, 0x00, 0x00, 0x00, 0x00, 0x00, 0x00, 0x00, 0x00, 0x00,
  0x00, 0x00, 0x00, 0x00, 0x00, 0x00, 0x00, 0x00, 0x00, 0x00, 0x00, 0x00,
  0x00, 0x00, 0x00, 0x00, 0x00, 0x00, 0x00, 0x00, 0x00, 0x00, 0x00, 0x00,
  0x00, 0x00, 0x00, 0x00, 0x00, 0x00, 0x00, 0x00, 0x00, 0x00, 0x00, 0x00,
  0x00, 0x00, 0x00, 0x00, 0x00, 0x00, 0x00, 0x00, 0x00, 0x00, 0x00, 0x00,
  0x00, 0x00, 0x00, 0x00, 0x00, 0x00, 0x00, 0x00, 0x00, 0x00, 0x00, 0x00,
  0x00, 0x00, 0x00, 0x00, 0x00, 0x00, 0x00, 0x00, 0x00, 0x00, 0x00, 0x00,
  0x00, 0x00, 0x00, 0x00, 0x00, 0x00, 0x00, 0x00, 0x00, 0x00, 0x00, 0x00,
  0x00, 0x00, 0x00, 0x00, 0x00, 0x00, 0x00, 0x00, 0x00, 0x00, 0x00, 0x00,
  0x00, 0x00, 0x00, 0x00, 0x00, 0x00, 0x00, 0x00, 0x00, 0x00, 0x00, 0x00,
  0x00, 0x00, 0x00, 0x00, 0x00, 0x00, 0x00, 0x00, 0x00, 0x00, 0x00, 0x00,
  0x00, 0x00, 0x00, 0x00, 0x00, 0x00, 0x00, 0x00, 0x00, 0x00, 0x00, 0x00,
  0x00, 0x00, 0x00, 0x00, 0x00, 0x00, 0x00, 0x00, 0x00, 0x00, 0x00, 0x00,
  0x00, 0x00, 0x00, 0x00, 0x00, 0x00, 0x00, 0x00, 0x00, 0x00, 0x00, 0x00,
  0x00, 0x00, 0x00, 0x00, 0x00, 0x00, 0x00, 0x00, 0x00, 0x00, 0x00, 0x00,
  0x00, 0x00, 0x00, 0x00, 0x00, 0x00, 0x00, 0x00, 0x00, 0x00, 0x00, 0x00,
  0x00, 0x00, 0x00, 0x00, 0x00, 0x00, 0x00, 0x00, 0x00, 0x00, 0x00, 0x00,
  0x00, 0x00, 0x00, 0x00, 0x00, 0x00, 0x00, 0x00, 0x00, 0x00, 0x00, 0x00,
  0x00, 0x00, 0x00, 0x00, 0x00, 0x00, 0x00, 0x00, 0x00, 0x00, 0x00, 0x00,
  0x00, 0x00, 0x00, 0x00, 0x00, 0x00, 0x00, 0x00, 0x00, 0x00, 0x00, 0x00,
  0x00, 0x00, 0x00, 0x00, 0x00, 0x00, 0x00, 0x00, 0x00, 0x00, 0x00, 0x00,
  0x00, 0x00, 0x00, 0x00, 0x00, 0x00, 0x00, 0x00, 0x00, 0x00, 0x00, 0x00,
  0x00, 0x00, 0x00, 0x00, 0x00, 0x00, 0x00, 0x00, 0x00, 0x00, 0x00, 0x00,
  0x00, 0x00, 0x00, 0x00, 0x00, 0x00, 0x00, 0x00, 0x00, 0x00, 0x00, 0x00,
  0x00, 0x00, 0x00, 0x00, 0x00, 0x00, 0x00, 0x00, 0x00, 0x00, 0x00, 0x00,
  0x00, 0x00, 0x00, 0x00, 0x00, 0x00, 0x00, 0x00, 0x00, 0x00, 0x00, 0x00,
  0x00, 0x00, 0x00, 0x00, 0x00, 0x00, 0x00, 0x00, 0x00, 0x00, 0x00, 0x00,
  0x00, 0x00, 0x00, 0x00, 0x00, 0x00, 0x00, 0x00, 0x00, 0x00, 0x00, 0x00,
  0x00, 0x00, 0x00, 0x00, 0x00, 0x00, 0x00, 0x00, 0x00, 0x00, 0x00, 0x00,
  0x00, 0x00, 0x00, 0x00, 0x00, 0x00, 0x00, 0x00, 0x00, 0x00, 0x00, 0x00,
  0x00, 0x00, 0x00, 0x00, 0x00, 0x00, 0x00, 0x00, 0x00, 0x00, 0x00, 0x00,
  0x00, 0x00, 0x00, 0x00, 0x00, 0x00, 0x00, 0x00, 0x00, 0x00, 0x00, 0x00,
  0x00, 0x00, 0x00, 0x00, 0x00, 0x00, 0x00, 0x00, 0x00, 0x00, 0x00, 0x00,
  0x00, 0x00, 0x00, 0x00, 0x00, 0x00, 0x00, 0x00, 0x00, 0x00, 0x00, 0x00,
  0x00, 0x00, 0x00, 0x00, 0x00, 0x00, 0x00, 0x00, 0x00, 0x00, 0x00, 0x00,
  0x00, 0x00, 0x00, 0x00, 0x00, 0x00, 0x00, 0x00, 0x00, 0x00, 0x00, 0x00,
  0x00, 0x00, 0x00, 0x00, 0x00, 0x00, 0x00, 0x00, 0x00, 0x00, 0x00, 0x00,
  0x00, 0x00, 0x00, 0x00, 0x00, 0x00, 0x00, 0x00, 0x00, 0x00, 0x00, 0x00,
  0x00, 0x00, 0x00, 0x00, 0x00, 0x00, 0x00, 0x00, 0x00, 0x00, 0x00, 0x00,
  0x00, 0x00, 0x00, 0x00, 0x00, 0x00, 0x00, 0x00, 0x00, 0x00, 0x00, 0x00,
  0x00, 0x00, 0x00, 0x00, 0x00, 0x00, 0x00, 0x00, 0x00, 0x00, 0x00, 0x00,
  0x00, 0x00, 0x00, 0x00, 0x00, 0x00, 0x00, 0x00, 0x00, 0x00, 0x00, 0x00,
  0x00, 0x00, 0x00, 0x00, 0x00, 0x00, 0x00, 0x00, 0x00, 0x00, 0x00, 0x00,
  0x00, 0x00, 0x00, 0x00, 0x00, 0x00, 0x00, 0x00, 0x00, 0x00, 0x00, 0x00,
  0x00, 0x00, 0x00, 0x00, 0x00, 0x00, 0x00, 0x00, 0x00, 0x00, 0x00, 0x00,
  0x00, 0x00, 0x00, 0x00, 0x00, 0x00, 0x00, 0x00, 0x00, 0x00, 0x00, 0x00,
  0x00, 0x00, 0x00, 0x00, 0x00, 0x00, 0x00, 0x00, 0x00, 0x00, 0x00, 0x00,
  0x00, 0x00, 0x00, 0x00, 0x00, 0x00, 0x00, 0x00, 0x00, 0x00, 0x00, 0x00,
  0x00, 0x00, 0x00, 0x00, 0x00, 0x00, 0x00, 0x00, 0x00, 0x00, 0x00, 0x00,
  0x00, 0x00, 0x00, 0x00, 0x00, 0x00, 0x00, 0x00, 0x00, 0x00, 0x00, 0x00,
  0x00, 0x00, 0x00, 0x00, 0x00, 0x00, 0x00, 0x00, 0x00, 0x00, 0x00, 0x00,
  0x00, 0x00, 0x00, 0x00, 0x00, 0x00, 0x00, 0x00, 0x00, 0x00, 0x00, 0x00,
  0x00, 0x00, 0x00, 0x00, 0x00, 0x00, 0x00, 0x00, 0x00, 0x00, 0x00, 0x00,
  0x00, 0x00, 0x00, 0x00, 0x00, 0x00, 0x00, 0x00, 0x00, 0x00, 0x00, 0x00,
  0x00, 0x00, 0x00, 0x00, 0x00, 0x00, 0x00, 0x00, 0x00, 0x00, 0x00, 0x00,
  0x00, 0x00, 0x00, 0x00, 0x00, 0x00, 0x00, 0x00, 0x00, 0x00, 0x00, 0x00,
  0x00, 0x00, 0x00, 0x00, 0x00, 0x00, 0x00, 0x00, 0x00, 0x00, 0x00, 0x00,
  0x00, 0x00, 0x00, 0x00, 0x00, 0x00, 0x00, 0x00, 0x00, 0x00, 0x00, 0x00,
  0x00, 0x00, 0x00, 0x00, 0x00, 0x00, 0x00, 0x00, 0x00, 0x00, 0x00, 0x00,
  0x00, 0x00, 0x00, 0x00, 0x00, 0x00, 0x00, 0x00, 0x00, 0x00, 0x00, 0x00,
  0x00, 0x00, 0x00, 0x00, 0x00, 0x00, 0x00, 0x00, 0x00, 0x00, 0x00, 0x00,
  0x00, 0x00, 0x00, 0x00, 0x00, 0x00, 0x00, 0x00, 0x00, 0x00, 0x00, 0x00,
  0x00, 0x00, 0x00, 0x00, 0x00, 0x00, 0x00, 0x00, 0x00, 0x00, 0x00, 0x00,
  0x00, 0x00, 0x00, 0x00, 0x00, 0x00, 0x00, 0x00, 0x00, 0x00, 0x00, 0x00,
  0x00, 0x00, 0x00, 0x00, 0x00, 0x00, 0x00, 0x00, 0x00, 0x00, 0x00, 0x00,
  0x00, 0x00, 0x00, 0x00, 0x00, 0x00, 0x00, 0x00, 0x00, 0x00, 0x00, 0x00,
  0x00, 0x00, 0x00, 0x00, 0x00, 0x00, 0x00, 0x00, 0x00, 0x00, 0x00, 0x00,
  0x00, 0x00, 0x00, 0x00, 0x00, 0x00, 0x00, 0x00, 0x00, 0x00, 0x00, 0x00,
  0x00, 0x00, 0x00, 0x00, 0x00, 0x00, 0x00, 0x00, 0x00, 0x00, 0x00, 0x00,
  0x00, 0x00, 0x00, 0x00, 0x00, 0x00, 0x00, 0x00, 0x00, 0x00, 0x00, 0x00,
  0x00, 0x00, 0x00, 0x00, 0x00, 0x00, 0x00, 0x00, 0x00, 0x00, 0x00, 0x00,
  0x00, 0x00, 0x00, 0x00, 0x00, 0x00, 0x00, 0x00, 0x00, 0x00, 0x00, 0x00,
  0x00, 0x00, 0x00, 0x00, 0x00, 0x00, 0x00, 0x00, 0x00, 0x00, 0x00, 0x00,
  0x00, 0x00, 0x00, 0x00, 0x00, 0x00, 0x00, 0x00, 0x00, 0x00, 0x00, 0x00,
  0x00, 0x00, 0x00, 0x00, 0x00, 0x00, 0x00, 0x00, 0x00, 0x00, 0x00, 0x00,
  0x00, 0x00, 0x00, 0x00, 0x00, 0x00, 0x00, 0x00, 0x00, 0x00, 0x00, 0x00,
  0x00, 0x00, 0x00, 0x00, 0x00, 0x00, 0x00, 0x00, 0x00, 0x00, 0x00, 0x00,
  0x00, 0x00, 0x00, 0x00, 0x00, 0x00, 0x00, 0x00, 0x00, 0x00, 0x00, 0x00,
  0x00, 0x00, 0x00, 0x00, 0x00, 0x00, 0x00, 0x00, 0x00, 0x00, 0x00, 0x00,
  0x00, 0x00, 0x00, 0x00, 0x00, 0x00, 0x00, 0x00, 0x00, 0x00, 0x00, 0x00,
  0x00, 0x00, 0x00, 0x00, 0x00, 0x00, 0x00, 0x00, 0x00, 0x00, 0x00, 0x00,
  0x00, 0x00, 0x00, 0x00, 0x00, 0x00, 0x00, 0x00, 0x00, 0x00, 0x00, 0x00,
  0x00, 0x00, 0x00, 0x00, 0x00, 0x00, 0x00, 0x00, 0x00, 0x00, 0x00, 0x00,
  0x00, 0x00, 0x00, 0x00, 0x00, 0x00, 0x00, 0x00, 0x00, 0x00, 0x00, 0x00,
  0x00, 0x00, 0x00, 0x00, 0x00, 0x00, 0x00, 0x00, 0x00, 0x00, 0x00, 0x00,
  0x00, 0x00, 0x00, 0x00, 0x00, 0x00, 0x00, 0x00, 0x00, 0x00, 0x00, 0x00,
  0x00, 0x00, 0x00, 0x00, 0x00, 0x00, 0x00, 0x00, 0x00, 0x00, 0x00, 0x00,
  0x00, 0x00, 0x00, 0x00, 0x00, 0x00, 0x00, 0x00, 0x00, 0x00, 0x00, 0x00,
  0x00, 0x00, 0x00, 0x00, 0x00, 0x00, 0x00, 0x00, 0x00, 0x00, 0x00, 0x00,
  0x00, 0x00, 0x00, 0x00, 0x00, 0x00, 0x00, 0x00, 0x00, 0x00, 0x00, 0x00,
  0x00, 0x00, 0x00, 0x00, 0x00, 0x00, 0x00, 0x00, 0x00, 0x00, 0x00, 0x00,
  0x00, 0x00, 0x00, 0x00, 0x00, 0x00, 0x00, 0x00, 0x00, 0x00, 0x00, 0x00,
  0x00, 0x00, 0x00, 0x00, 0x00, 0x00, 0x00, 0x00, 0x00, 0x00, 0x00, 0x00,
  0x00, 0x00, 0x00, 0x00, 0x00, 0x00, 0x00, 0x00, 0x00, 0x00, 0x00, 0x00,
  0x00, 0x00, 0x00, 0x00, 0x00, 0x00, 0x00, 0x00, 0x00, 0x00, 0x00, 0x00,
  0x00, 0x00, 0x00, 0x00, 0x00, 0x00, 0x00, 0x00, 0x00, 0x00, 0x00, 0x00,
  0x00, 0x00, 0x00, 0x00, 0x00, 0x00, 0x00, 0x00, 0x00, 0x00, 0x00, 0x00,
  0x00, 0x00, 0x00, 0x00, 0x00, 0x00, 0x00, 0x00, 0x00, 0x00, 0x00, 0x00,
  0x00, 0x00, 0x00, 0x00, 0x00, 0x00, 0x00, 0x00, 0x00, 0x00, 0x00, 0x00,
  0x00, 0x00, 0x00, 0x00, 0x00, 0x00, 0x00, 0x00, 0x00, 0x00, 0x00, 0x00,
  0x00, 0x00, 0x00, 0x00, 0x00, 0x00, 0x00, 0x00, 0x00, 0x00, 0x00, 0x00,
  0x00, 0x00, 0x00, 0x00, 0x00, 0x00, 0x00, 0x00, 0x00, 0x00, 0x00, 0x00,
  0x00, 0x00, 0x00, 0x00, 0x00, 0x00, 0x00, 0x00, 0x00, 0x00, 0x00, 0x00,
  0x00, 0x00, 0x00, 0x00, 0x00, 0x00, 0x00, 0x00, 0x00, 0x00, 0x00, 0x00,
  0x00, 0x00, 0x00, 0x00, 0x00, 0x00, 0x00, 0x00, 0x00, 0x00, 0x00, 0x00,
  0x00, 0x00, 0x00, 0x00, 0x00, 0x00, 0x00, 0x00, 0x00, 0x00, 0x00, 0x00,
  0x00, 0x00, 0x00, 0x00, 0x00, 0x00, 0x00, 0x00, 0x00, 0x00, 0x00, 0x00,
  0x00, 0x00, 0x00, 0x00, 0x00, 0x00, 0x00, 0x00, 0x00, 0x00, 0x00, 0x00,
  0x00, 0x00, 0x00, 0x00, 0x00, 0x00, 0x00, 0x00, 0x00, 0x00, 0x00, 0x00,
  0x00, 0x00, 0x00, 0x00, 0x00, 0x00, 0x00, 0x00, 0x00, 0x00, 0x00, 0x00,
  0x00, 0x00, 0x00, 0x00, 0x00, 0x00, 0x00, 0x00, 0x00, 0x00, 0x00, 0x00,
  0x00, 0x00, 0x00, 0x00, 0x00, 0x00, 0x00, 0x00, 0x00, 0x00, 0x00, 0x00,
  0x00, 0x00, 0x00, 0x00, 0x00, 0x00, 0x00, 0x00, 0x00, 0x00, 0x00, 0x00,
  0x00, 0x00, 0x00, 0x00, 0x00, 0x00, 0x00, 0x00, 0x00, 0x00, 0x00, 0x00,
  0x00, 0x00, 0x00, 0x00, 0x00, 0x00, 0x00, 0x00, 0x00, 0x00, 0x00, 0x00,
  0x00, 0x00, 0x00, 0x00, 0x00, 0x00, 0x00, 0x00, 0x00, 0x00, 0x00, 0x00,
  0x00, 0x00, 0x00, 0x00, 0x00, 0x00, 0x00, 0x00, 0x00, 0x00, 0x00, 0x00,
  0x00, 0x00, 0x00, 0x00, 0x00, 0x00, 0x00, 0x00, 0x00, 0x00, 0x00, 0x00,
  0x00, 0x00, 0x00, 0x00, 0x00, 0x00, 0x00, 0x00, 0x00, 0x00, 0x00, 0x00,
  0x00, 0x00, 0x00, 0x00, 0x00, 0x00, 0x00, 0x00, 0x00, 0x00, 0x00, 0x00,
  0x00, 0x00, 0x00, 0x00, 0x00, 0x00, 0x00, 0x00, 0x00, 0x00, 0x00, 0x00,
  0x00, 0x00, 0x00, 0x00, 0x00, 0x00, 0x00, 0x00, 0x00, 0x00, 0x00, 0x00,
  0x00, 0x00, 0x00, 0x00, 0x00, 0x00, 0x00, 0x00, 0x00, 0x00, 0x00, 0x00,
  0x00, 0x00, 0x00, 0x00, 0x00, 0x00, 0x00, 0x00, 0x00, 0x00, 0x00, 0x00,
  0x00, 0x00, 0x00, 0x00, 0x00, 0x00, 0x00, 0x00, 0x00, 0x00, 0x00, 0x00,
  0x00, 0x00, 0x00, 0x00, 0x00, 0x00, 0x00, 0x00, 0x00, 0x00, 0x00, 0x00,
  0x00, 0x00, 0x00, 0x00, 0x00, 0x00, 0x00, 0x00, 0x00, 0x00, 0x00, 0x00,
  0x00, 0x00, 0x00, 0x00, 0x00, 0x00, 0x00, 0x00, 0x00, 0x00, 0x00, 0x00,
  0x00, 0x00, 0x00, 0x00, 0x00, 0x00, 0x00, 0x00, 0x00, 0x00, 0x00, 0x00,
  0x00, 0x00, 0x00, 0x00, 0x00, 0x00, 0x00, 0x00, 0x00, 0x00, 0x00, 0x00,
  0x00, 0x00, 0x00, 0x00, 0x00, 0x00, 0x00, 0x00, 0x00, 0x00, 0x00, 0x00,
  0x00, 0x00, 0x00, 0x00, 0x00, 0x00, 0x00, 0x00, 0x00, 0x00, 0x00, 0x00,
  0x00, 0x00, 0x00, 0x00, 0x00, 0x00, 0x00, 0x00, 0x00, 0x00, 0x00, 0x00,
  0x00, 0x00, 0x00, 0x00, 0x00, 0x00, 0x00, 0x00, 0x00, 0x00, 0x00, 0x00,
  0x00, 0x00, 0x00, 0x00, 0x00, 0x00, 0x00, 0x00, 0x00, 0x00, 0x00, 0x00,
  0x00, 0x00, 0x00, 0x00, 0x00, 0x00, 0x00, 0x00, 0x00, 0x00, 0x00, 0x00,
  0x00, 0x00, 0x00, 0x00, 0x00, 0x00, 0x00, 0x00, 0x00, 0x00, 0x00, 0x00,
  0x00, 0x00, 0x00, 0x00, 0x00, 0x00, 0x00, 0x00, 0x00, 0x00, 0x00, 0x00,
  0x00, 0x00, 0x00, 0x00, 0x00, 0x00, 0x00, 0x00, 0x00, 0x00, 0x00, 0x00,
  0x00, 0x00, 0x00, 0x00, 0x00, 0x00, 0x00, 0x00, 0x00, 0x00, 0x00, 0x00,
  0x00, 0x00, 0x00, 0x00, 0x00, 0x00, 0x00, 0x00, 0x00, 0x00, 0x00, 0x00,
  0x00, 0x00, 0x00, 0x00, 0x00, 0x00, 0x00, 0x00, 0x00, 0x00, 0x00, 0x00,
  0x00, 0x00, 0x00, 0x00, 0x00, 0x00, 0x00, 0x00, 0x00, 0x00, 0x00, 0x00,
  0x00, 0x00, 0x00, 0x00, 0x00, 0x00, 0x00, 0x00, 0x00, 0x00, 0x00, 0x00,
  0x00, 0x00, 0x00, 0x00, 0x00, 0x00, 0x00, 0x00, 0x00, 0x00, 0x00, 0x00,
  0x00, 0x00, 0x00, 0x00, 0x00, 0x00, 0x00, 0x00, 0x00, 0x00, 0x00, 0x00,
  0x00, 0x00, 0x00, 0x00, 0x00, 0x00, 0x00, 0x00, 0x00, 0x00, 0x00, 0x00,
  0x00, 0x00, 0x00, 0x00, 0x00, 0x00, 0x00, 0x00, 0x00, 0x00, 0x00, 0x00,
  0x00, 0x00, 0x00, 0x00, 0x00, 0x00, 0x00, 0x00, 0x00, 0x00, 0x00, 0x00,
  0x00, 0x00, 0x00, 0x00, 0x00, 0x00, 0x00, 0x00, 0x00, 0x00, 0x00, 0x00,
  0x00, 0x00, 0x00, 0x00, 0x00, 0x00, 0x00, 0x00, 0x00, 0x00, 0x00, 0x00,
  0x00, 0x00, 0x00, 0x00, 0x00, 0x00, 0x00, 0x00, 0x00, 0x00, 0x00, 0x00,
  0x00, 0x00, 0x00, 0x00, 0x00, 0x00, 0x00, 0x00, 0x00, 0x00, 0x00, 0x00,
  0x00, 0x00, 0x00, 0x00, 0x00, 0x00, 0x00, 0x00, 0x00, 0x00, 0x00, 0x00,
  0x00, 0x00, 0x00, 0x00, 0x00, 0x00, 0x00, 0x00, 0x00, 0x00, 0x00, 0x00,
  0x00, 0x00, 0x00, 0x00, 0x00, 0x00, 0x00, 0x00, 0x00, 0x00, 0x00, 0x00,
  0x00, 0x00, 0x00, 0x00, 0x00, 0x00, 0x00, 0x00, 0x00, 0x00, 0x00, 0x00,
  0x00, 0x00, 0x00, 0x00, 0x00, 0x00, 0x00, 0x00, 0x00, 0x00, 0x00, 0x00,
  0x00, 0x00, 0x00, 0x00, 0x00, 0x00, 0x00, 0x00, 0x00, 0x00, 0x00, 0x00,
  0x00, 0x00, 0x00, 0x00, 0x00, 0x00, 0x00, 0x00, 0x00, 0x00, 0x00, 0x00,
  0x00, 0x00, 0x00, 0x00, 0x00, 0x00, 0x00, 0x00, 0x00, 0x00, 0x00, 0x00,
  0x00, 0x00, 0x00, 0x00, 0x00, 0x00, 0x00, 0x00, 0x00, 0x00, 0x00, 0x00,
  0x00, 0x00, 0x00, 0x00, 0x00, 0x00, 0x00, 0x00, 0x00, 0x00, 0x00, 0x00,
  0x00, 0x00, 0x00, 0x00, 0x00, 0x00, 0x00, 0x00, 0x00, 0x00, 0x00, 0x00,
  0x00, 0x00, 0x00, 0x00, 0x00, 0x00, 0x00, 0x00, 0x00, 0x00, 0x00, 0x00,
  0x00, 0x00, 0x00, 0x00, 0x00, 0x00, 0x00, 0x00, 0x00, 0x00, 0x00, 0x00,
  0x00, 0x00, 0x00, 0x00, 0x00, 0x00, 0x00, 0x00, 0x00, 0x00, 0x00, 0x00,
  0x00, 0x00, 0x00, 0x00, 0x00, 0x00, 0x00, 0x00, 0x00, 0x00, 0x00, 0x00,
  0x00, 0x00, 0x00, 0x00, 0x00, 0x00, 0x00, 0x00, 0x00, 0x00, 0x00, 0x00,
  0x00, 0x00, 0x00, 0x00, 0x00, 0x00, 0x00, 0x00, 0x00, 0x00, 0x00, 0x00,
  0x00, 0x00, 0x00, 0x00, 0x00, 0x00, 0x00, 0x00, 0x00, 0x00, 0x00, 0x00,
  0x00, 0x00, 0x00, 0x00, 0x00, 0x00, 0x00, 0x00, 0x00, 0x00, 0x00, 0x00,
  0x00, 0x00, 0x00, 0x00, 0x00, 0x00, 0x00, 0x00, 0x00, 0x00, 0x00, 0x00,
  0x00, 0x00, 0x00, 0x00, 0x00, 0x00, 0x00, 0x00, 0x00, 0x00, 0x00, 0x00,
  0x00, 0x00, 0x00, 0x00, 0x00, 0x00, 0x00, 0x00, 0x00, 0x00, 0x00, 0x00,
  0x00, 0x00, 0x00, 0x00, 0x00, 0x00, 0x00, 0x00, 0x00, 0x00, 0x00, 0x00,
  0x00, 0x00, 0x00, 0x00, 0x00, 0x00, 0x00, 0x00, 0x00, 0x00, 0x00, 0x00,
  0x00, 0x00, 0x00, 0x00, 0x00, 0x00, 0x00, 0x00, 0x00, 0x00, 0x00, 0x00,
  0x00, 0x00, 0x00, 0x00, 0x00, 0x00, 0x00, 0x00, 0x00, 0x00, 0x00, 0x00,
  0x00, 0x00, 0x00, 0x00, 0x00, 0x00, 0x00, 0x00, 0x00, 0x00, 0x00, 0x00,
  0x00, 0x00, 0x00, 0x00, 0x00, 0x00, 0x00, 0x00, 0x00, 0x00, 0x00, 0x00,
  0x00, 0x00, 0x00, 0x00, 0x00, 0x00, 0x00, 0x00, 0x00, 0x00, 0x00, 0x00,
  0x00, 0x00, 0x00, 0x00, 0x00, 0x00, 0x00, 0x00, 0x00, 0x00, 0x00, 0x00,
  0x00, 0x00, 0x00, 0x00, 0x00, 0x00, 0x00, 0x00, 0x00, 0x00, 0x00, 0x00,
  0x00, 0x00, 0x00, 0x00, 0x00, 0x00, 0x00, 0x00, 0x00, 0x00, 0x00, 0x00,
  0x00, 0x00, 0x00, 0x00, 0x00, 0x00, 0x00, 0x00, 0x00, 0x00, 0x00, 0x00,
  0x00, 0x00, 0x00, 0x00, 0x00, 0x00, 0x00, 0x00, 0x00, 0x00, 0x00, 0x00,
  0x00, 0x00, 0x00, 0x00, 0x00, 0x00, 0x00, 0x00, 0x00, 0x00, 0x00, 0x00,
  0x00, 0x00, 0x00, 0x00, 0x00, 0x00, 0x00, 0x00, 0x00, 0x00, 0x00, 0x00,
  0x00, 0x00, 0x00, 0x00, 0x00, 0x00, 0x00, 0x00, 0x00, 0x00, 0x00, 0x00,
  0x00, 0x00, 0x00, 0x00, 0x00, 0x00, 0x00, 0x00, 0x00, 0x00, 0x00, 0x00,
  0x00, 0x00, 0x00, 0x00, 0x00, 0x00, 0x00, 0x00, 0x00, 0x00, 0x00, 0x00,
  0x00, 0x00, 0x00, 0x00, 0x00, 0x00, 0x00, 0x00, 0x00, 0x00, 0x00, 0x00,
  0x00, 0x00, 0x00, 0x00, 0x00, 0x00, 0x00, 0x00, 0x00, 0x00, 0x00, 0x00,
  0x00, 0x00, 0x00, 0x00, 0x00, 0x00, 0x00, 0x00, 0x00, 0x00, 0x00, 0x00,
  0x00, 0x00, 0x00, 0x00, 0x00, 0x00, 0x00, 0x00, 0x00, 0x00, 0x00, 0x00,
  0x00, 0x00, 0x00, 0x00, 0x00, 0x00, 0x00, 0x00, 0x00, 0x00, 0x00, 0x00,
  0x00, 0x00, 0x00, 0x00, 0x00, 0x00, 0x00, 0x00, 0x00, 0x00, 0x00, 0x00,
  0x00, 0x00, 0x00, 0x00, 0x00, 0x00, 0x00, 0x00, 0x00, 0x00, 0x00, 0x00,
  0x00, 0x00, 0x00, 0x00, 0x00, 0x00, 0x00, 0x00, 0x00, 0x00, 0x00, 0x00,
  0x00, 0x00, 0x00, 0x00, 0x00, 0x00, 0x00, 0x00, 0x00, 0x00, 0x00, 0x00,
  0x00, 0x00, 0x00, 0x00, 0x00, 0x00, 0x00, 0x00, 0x00, 0x00, 0x00, 0x00,
  0x00, 0x00, 0x00, 0x00, 0x00, 0x00, 0x00, 0x00, 0x00, 0x00, 0x00, 0x00,
  0x00, 0x00, 0x00, 0x00, 0x00, 0x00, 0x00, 0x00, 0x00, 0x00, 0x00, 0x00,
  0x00, 0x00, 0x00, 0x00, 0x00, 0x00, 0x00, 0x00, 0x00, 0x00, 0x00, 0x00,
  0x00, 0x00, 0x00, 0x00, 0x00, 0x00, 0x00, 0x00, 0x00, 0x00, 0x00, 0x00,
  0x00, 0x00, 0x00, 0x00, 0x00, 0x00, 0x00, 0x00, 0x00, 0x00, 0x00, 0x00,
  0x00, 0x00, 0x00, 0x00, 0x00, 0x00, 0x00, 0x00, 0x00, 0x00, 0x00, 0x00,
  0x00, 0x00, 0x00, 0x00, 0x00, 0x00, 0x00, 0x00, 0x00, 0x00, 0x00, 0x00,
  0x00, 0x00, 0x00, 0x00, 0x00, 0x00, 0x00, 0x00, 0x00, 0x00, 0x00, 0x00,
  0x00, 0x00, 0x00, 0x00, 0x00, 0x00, 0x00, 0x00, 0x00, 0x00, 0x00, 0x00,
  0x00, 0x00, 0x00, 0x00, 0x00, 0x00, 0x00, 0x00, 0x00, 0x00, 0x00, 0x00,
  0x00, 0x00, 0x00, 0x00, 0x00, 0x00, 0x00, 0x00, 0x00, 0x00, 0x00, 0x00,
  0x00, 0x00, 0x00, 0x00, 0x00, 0x00, 0x00, 0x00, 0x00, 0x00, 0x00, 0x00,
  0x00, 0x00, 0x00, 0x00, 0x00, 0x00, 0x00, 0x00, 0x00, 0x00, 0x00, 0x00,
  0x00, 0x00, 0x00, 0x00, 0x00, 0x00, 0x00, 0x00, 0x00, 0x00, 0x00, 0x00,
  0x00, 0x00, 0x00, 0x00, 0x00, 0x00, 0x00, 0x00, 0x00, 0x00, 0x00, 0x00,
  0x00, 0x00, 0x00, 0x00, 0x00, 0x00, 0x00, 0x00, 0x00, 0x00, 0x00, 0x00,
  0x00, 0x00, 0x00, 0x00, 0x00, 0x00, 0x00, 0x00, 0x00, 0x00, 0x00, 0x00,
  0x00, 0x00, 0x00, 0x00, 0x00, 0x00, 0x00, 0x00, 0x00, 0x00, 0x00, 0x00,
  0x00, 0x00, 0x00, 0x00, 0x00, 0x00, 0x00, 0x00, 0x00, 0x00, 0x00, 0x00,
  0x00, 0x00, 0x00, 0x00, 0x00, 0x00, 0x00, 0x00, 0x00, 0x00, 0x00, 0x00,
  0x00, 0x00, 0x00, 0x00, 0x00, 0x00, 0x00, 0x00, 0x00, 0x00, 0x00, 0x00,
  0x00, 0x00, 0x00, 0x00, 0x00, 0x00, 0x00, 0x00, 0x00, 0x00, 0x00, 0x00,
  0x00, 0x00, 0x00, 0x00, 0x00, 0x00, 0x00, 0x00, 0x00, 0x00, 0x00, 0x00,
  0x00, 0x00, 0x00, 0x00, 0x00, 0x00, 0x00, 0x00, 0x00, 0x00, 0x00, 0x00,
  0x00, 0x00, 0x00, 0x00, 0x00, 0x00, 0x00, 0x00, 0x00, 0x00, 0x00, 0x00,
  0x00, 0x00, 0x00, 0x00, 0x00, 0x00, 0x00, 0x00, 0x00, 0x00, 0x00, 0x00,
  0x00, 0x00, 0x00, 0x00, 0x00, 0x00, 0x00, 0x00, 0x00, 0x00, 0x00, 0x00,
  0x00, 0x00, 0x00, 0x00, 0x00, 0x00, 0x00, 0x00, 0x00, 0x00, 0x00, 0x00,
  0x00, 0x00, 0x00, 0x00, 0x00, 0x00, 0x00, 0x00, 0x00, 0x00, 0x00, 0x00,
  0x00, 0x00, 0x00, 0x00, 0x00, 0x00, 0x00, 0x00, 0x00, 0x00, 0x00, 0x00,
  0x00, 0x00, 0x00, 0x00, 0x00, 0x00, 0x00, 0x00, 0x00, 0x00, 0x00, 0x00,
  0x00, 0x00, 0x00, 0x00, 0x00, 0x00, 0x00, 0x00, 0x00, 0x00, 0x00, 0x00,
  0x00, 0x00, 0x00, 0x00, 0x00, 0x00, 0x00, 0x00, 0x00, 0x00, 0x00, 0x00,
  0x00, 0x00, 0x00, 0x00, 0x00, 0x00, 0x00, 0x00, 0x00, 0x00, 0x00, 0x00,
  0x00, 0x00, 0x00, 0x00, 0x00, 0x00, 0x00, 0x00, 0x00, 0x00, 0x00, 0x00,
  0x00, 0x00, 0x00, 0x00, 0x00, 0x00, 0x00, 0x00, 0x00, 0x00, 0x00, 0x00,
  0x00, 0x00, 0x00, 0x00, 0x00, 0x00, 0x00, 0x00, 0x00, 0x00, 0x00, 0x00,
  0x00, 0x00, 0x00, 0x00, 0x00, 0x00, 0x00, 0x00, 0x00, 0x00, 0x00, 0x00,
  0x00, 0x00, 0x00, 0x00, 0x00, 0x00, 0x00, 0x00, 0x00, 0x00, 0x00, 0x00,
  0x00, 0x00, 0x00, 0x00, 0x00, 0x00, 0x00, 0x00, 0x00, 0x00, 0x00, 0x00,
  0x00, 0x00, 0x00, 0x00, 0x00, 0x00, 0x00, 0x00, 0x00, 0x00, 0x00, 0x00,
  0x00, 0x00, 0x00, 0x00, 0x00, 0x00, 0x00, 0x00, 0x00, 0x00, 0x00, 0x00,
  0x00, 0x00, 0x00, 0x00, 0x00, 0x00, 0x00, 0x00, 0x00, 0x00, 0x00, 0x00,
  0x00, 0x00, 0x00, 0x00, 0x00, 0x00, 0x00, 0x00, 0x00, 0x00, 0x00, 0x00,
  0x00, 0x00, 0x00, 0x00, 0x00, 0x00, 0x00, 0x00, 0x00, 0x00, 0x00, 0x00,
  0x00, 0x00, 0x00, 0x00, 0x00, 0x00, 0x00, 0x00, 0x00, 0x00, 0x00, 0x00,
  0x00, 0x00, 0x00, 0x00, 0x00, 0x00, 0x00, 0x00, 0x00, 0x00, 0x00, 0x00,
  0x00, 0x00, 0x00, 0x00, 0x00, 0x00, 0x00, 0x00, 0x00, 0x00, 0x00, 0x00,
  0x00, 0x00, 0x00, 0x00, 0x00, 0x00, 0x00, 0x00, 0x00, 0x00, 0x00, 0x00,
  0x00, 0x00, 0x00, 0x00, 0x00, 0x00, 0x00, 0x00, 0x00, 0x00, 0x00, 0x00,
  0x00, 0x00, 0x00, 0x00, 0x00, 0x00, 0x00, 0x00, 0x00, 0x00, 0x00, 0x00,
  0x00, 0x00, 0x00, 0x00, 0x00, 0x00, 0x00, 0x00, 0x00, 0x00, 0x00, 0x00,
  0x00, 0x00, 0x00, 0x00, 0x00, 0x00, 0x00, 0x00, 0x00, 0x00, 0x00, 0x00,
  0x00, 0x00, 0x00, 0x00, 0x00, 0x00, 0x00, 0x00, 0x00, 0x00, 0x00, 0x00,
  0x00, 0x00, 0x00, 0x00, 0x00, 0x00, 0x00, 0x00, 0x00, 0x00, 0x00, 0x00,
  0x00, 0x00, 0x00, 0x00, 0x00, 0x00, 0x00, 0x00, 0x00, 0x00, 0x00, 0x00,
  0x00, 0x00, 0x00, 0x00, 0x00, 0x00, 0x00, 0x00, 0x00, 0x00, 0x00, 0x00,
  0x00, 0x00, 0x00, 0x00, 0x00, 0x00, 0x00, 0x00, 0x00, 0x00, 0x00, 0x00,
  0x00, 0x00, 0x00, 0x00, 0x00, 0x00, 0x00, 0x00, 0x00, 0x00, 0x00, 0x00,
  0x00, 0x00, 0x00, 0x00, 0x00, 0x00, 0x00, 0x00, 0x00, 0x00, 0x00, 0x00,
  0x00, 0x00, 0x00, 0x00, 0x00, 0x00, 0x00, 0x00, 0x00, 0x00, 0x00, 0x00,
  0x00, 0x00, 0x00, 0x00, 0x00, 0x00, 0x00, 0x00, 0x00, 0x00, 0x00, 0x00,
  0x00, 0x00, 0x00, 0x00, 0x00, 0x00, 0x00, 0x00, 0x00, 0x00, 0x00, 0x00,
  0x00, 0x00, 0x00, 0x00, 0x00, 0x00, 0x00, 0x00, 0x00, 0x00, 0x00, 0x00,
  0x01, 0x0c, 0xc9, 0x3a, 0x00, 0x0e, 0x49, 0x3b, 0x00, 0xcb, 0x96, 0x3b,
  0xff, 0x0e, 0xc9, 0x3b, 0xff, 0x52, 0xfb, 0x3b, 0x00, 0xcb, 0x16, 0x3c,
  0x03, 0xed, 0x2f, 0x3c, 0x7c, 0x0e, 0x49, 0x3c, 0x80, 0x2f, 0x62, 0x3c,
  0x04, 0x51, 0x7b, 0x3c, 0xfe, 0x38, 0x8a, 0x3c, 0x80, 0xc9, 0x96, 0x3c,
  0x02, 0x5a, 0xa3, 0x3c, 0x3e, 0xea, 0xaf, 0x3c, 0x7f, 0x7a, 0xbc, 0x3c,
  0x80, 0x0a, 0xc9, 0x3c, 0x81, 0x9a, 0xd5, 0x3c, 0x42, 0x2a, 0xe2, 0x3c,
  0x02, 0xba, 0xee, 0x3c, 0x82, 0x49, 0xfb, 0x3c, 0x81, 0xec, 0x03, 0x3d,
  0x21, 0x34, 0x0a, 0x3d, 0xa1, 0x7b, 0x10, 0x3d, 0x20, 0xc3, 0x16, 0x3d,
  0x80, 0x0a, 0x1d, 0x3d, 0xbf, 0x51, 0x23, 0x3d, 0xe0, 0x98, 0x29, 0x3d,
  0xff, 0xdf, 0x2f, 0x3d, 0xe1, 0x26, 0x36, 0x3d, 0xbf, 0x6d, 0x3c, 0x3d,
  0x80, 0xb4, 0x42, 0x3d, 0x21, 0xfb, 0x48, 0x3d, 0x9f, 0x41, 0x4f, 0x3d,
  0xff, 0x87, 0x55, 0x3d, 0x3f, 0xce, 0x5b, 0x3d, 0x5f, 0x14, 0x62, 0x3d,
  0x5f, 0x5a, 0x68, 0x3d, 0x21, 0xa0, 0x6e, 0x3d, 0xe0, 0xe5, 0x74, 0x3d,
  0x5f, 0x2b, 0x7b, 0x3d, 0x60, 0xb8, 0x80, 0x3d, 0x00, 0xdb, 0x83, 0x3d,
  0x90, 0xfd, 0x86, 0x3d, 0x00, 0x20, 0x8a, 0x3d, 0x60, 0x42, 0x8d, 0x3d,
  0xb1, 0x64, 0x90, 0x3d, 0xe0, 0x86, 0x93, 0x3d, 0x00, 0xa9, 0x96, 0x3d,
  0x00, 0xcb, 0x99, 0x3d, 0xf0, 0xec, 0x9c, 0x3d, 0xc0, 0x0e, 0xa0, 0x3d,
  0x80, 0x30, 0xa3, 0x3d, 0x20, 0x52, 0xa6, 0x3d, 0xb0, 0x73, 0xa9, 0x3d,
  0x20, 0x95, 0xac, 0x3d, 0x80, 0xb6, 0xaf, 0x3d, 0xaf, 0xd7, 0xb2, 0x3d,
  0xd0, 0xf8, 0xb5, 0x3d, 0xcf, 0x19, 0xb9, 0x3d, 0xc0, 0x3a, 0xbc, 0x3d,
  0x80, 0x5b, 0xbf, 0x3d, 0x30, 0x7c, 0xc2, 0x3d, 0xc0, 0x9c, 0xc5, 0x3d,
  0x30, 0xbd, 0xc8, 0x3d, 0x80, 0xdd, 0xcb, 0x3d, 0xaf, 0xfd, 0xce, 0x3d,
  0xbf, 0x1d, 0xd2, 0x3d, 0xb5, 0x3d, 0xd5, 0x3d, 0x82, 0x5d, 0xd8, 0x3d,
  0x34, 0x7d, 0xdb, 0x3d, 0xbe, 0x9c, 0xde, 0x3d, 0x20, 0xbc, 0xe1, 0x3d,
  0x74, 0xdb, 0xe4, 0x3d, 0x93, 0xfa, 0xe7, 0x3d, 0x97, 0x19, 0xeb, 0x3d,
  0x72, 0x38, 0xee, 0x3d, 0x26, 0x57, 0xf1, 0x3d, 0xb1, 0x75, 0xf4, 0x3d,
  0x21, 0x94, 0xf7, 0x3d, 0x76, 0xb2, 0xfa, 0x3d, 0x96, 0xd0, 0xfd, 0x3d,
  0x40, 0x77, 0x00, 0x3e, 0x27, 0x06, 0x02, 0x3e, 0x02, 0x95, 0x03, 0x3e,
  0xc1, 0x23, 0x05, 0x3e, 0x65, 0xb2, 0x06, 0x3e, 0x03, 0x41, 0x08, 0x3e,
  0x7f, 0xcf, 0x09, 0x3e, 0xee, 0x5d, 0x0b, 0x3e, 0x49, 0xec, 0x0c, 0x3e,
  0x88, 0x7a, 0x0e, 0x3e, 0xad, 0x08, 0x10, 0x3e, 0xc5, 0x96, 0x11, 0x3e,
  0xc8, 0x24, 0x13, 0x3e, 0xb1, 0xb2, 0x14, 0x3e, 0x7e, 0x40, 0x16, 0x3e,
  0x38, 0xce, 0x17, 0x3e, 0xd7, 0x5b, 0x19, 0x3e, 0x68, 0xe9, 0x1a, 0x3e,
  0xd8, 0x76, 0x1c, 0x3e, 0x3a, 0x04, 0x1e, 0x3e, 0x7b, 0x91, 0x1f, 0x3e,
  0xa1, 0x1e, 0x21, 0x3e, 0xb3, 0xab, 0x22, 0x3e, 0xaa, 0x38, 0x24, 0x3e,
  0x86, 0xc5, 0x25, 0x3e, 0x4e, 0x52, 0x27, 0x3e, 0xfb, 0xde, 0x28, 0x3e,
  0x86, 0x6b, 0x2a, 0x3e, 0xfe, 0xf7, 0x2b, 0x3e, 0x61, 0x84, 0x2d, 0x3e,
  0xa3, 0x10, 0x2f, 0x3e, 0xca, 0x9c, 0x30, 0x3e, 0xcf, 0x28, 0x32, 0x3e,
  0xc0, 0xb4, 0x33, 0x3e, 0x97, 0x40, 0x35, 0x3e, 0x52, 0xcc, 0x36, 0x3e,
  0xe6, 0x57, 0x38, 0x3e, 0x65, 0xe3, 0x39, 0x3e, 0xc9, 0x6e, 0x3b, 0x3e,
  0x13, 0xfa, 0x3c, 0x3e, 0x3a, 0x85, 0x3e, 0x3e, 0x47, 0x10, 0x40, 0x3e,
  0x33, 0x9b, 0x41, 0x3e, 0xfd, 0x25, 0x43, 0x3e, 0xb9, 0xb0, 0x44, 0x3e,
  0x47, 0x3b, 0x46, 0x3e, 0xc0, 0xc5, 0x47, 0x3e, 0x18, 0x50, 0x49, 0x3e,
  0x48, 0xda, 0x4a, 0x3e, 0x63, 0x64, 0x4c, 0x3e, 0x57, 0xee, 0x4d, 0x3e,
  0x36, 0x78, 0x4f, 0x3e, 0xf3, 0x01, 0x51, 0x3e, 0x88, 0x8b, 0x52, 0x3e,
  0x03, 0x15, 0x54, 0x3e, 0x55, 0x9e, 0x55, 0x3e, 0x86, 0x27, 0x57, 0x3e,
  0xa2, 0xb0, 0x58, 0x3e, 0x8f, 0x39, 0x5a, 0x3e, 0x69, 0xc2, 0x5b, 0x3e,
  0x1a, 0x4b, 0x5d, 0x3e, 0xa3, 0xd3, 0x5e, 0x3e, 0x11, 0x5c, 0x60, 0x3e,
  0x56, 0xe4, 0x61, 0x3e, 0x81, 0x6c, 0x63, 0x3e, 0x7d, 0xf4, 0x64, 0x3e,
  0x5e, 0x7c, 0x66, 0x3e, 0x1e, 0x04, 0x68, 0x3e, 0xb5, 0x8b, 0x69, 0x3e,
  0x2a, 0x13, 0x6b, 0x3e, 0x78, 0x9a, 0x6c, 0x3e, 0xaa, 0x21, 0x6e, 0x3e,
  0xae, 0xa8, 0x6f, 0x3e, 0x90, 0x2f, 0x71, 0x3e, 0x51, 0xb6, 0x72, 0x3e,
  0xe9, 0x3c, 0x74, 0x3e, 0x59, 0xc3, 0x75, 0x3e, 0xa0, 0x49, 0x77, 0x3e,
  0xc6, 0xcf, 0x78, 0x3e, 0xcb, 0x55, 0x7a, 0x3e, 0xa1, 0xdb, 0x7b, 0x3e,
  0x4e, 0x61, 0x7d, 0x3e, 0xe0, 0xe6, 0x7e, 0x3e, 0x1f, 0x36, 0x80, 0x3e,
  0xc0, 0xf8, 0x80, 0x3e, 0x49, 0xbb, 0x81, 0x3e, 0xbe, 0x7d, 0x82, 0x3e,
  0x20, 0x40, 0x83, 0x3e, 0x70, 0x02, 0x84, 0x3e, 0xa9, 0xc4, 0x84, 0x3e,
  0xcb, 0x86, 0x85, 0x3e, 0xdb, 0x48, 0x86, 0x3e, 0xd8, 0x0a, 0x87, 0x3e,
  0xc0, 0xcc, 0x87, 0x3e, 0x91, 0x8e, 0x88, 0x3e, 0x4b, 0x50, 0x89, 0x3e,
  0xf3, 0x11, 0x8a, 0x3e, 0x88, 0xd3, 0x8a, 0x3e, 0x05, 0x95, 0x8b, 0x3e,
  0x6a, 0x56, 0x8c, 0x3e, 0xbc, 0x17, 0x8d, 0x3e, 0xf9, 0xd8, 0x8d, 0x3e,
  0x1f, 0x9a, 0x8e, 0x3e, 0x31, 0x5b, 0x8f, 0x3e, 0x2b, 0x1c, 0x90, 0x3e,
  0x0e, 0xdd, 0x90, 0x3e, 0xdc, 0x9d, 0x91, 0x3e, 0x93, 0x5e, 0x92, 0x3e,
  0x33, 0x1f, 0x93, 0x3e, 0xbb, 0xdf, 0x93, 0x3e, 0x2f, 0xa0, 0x94, 0x3e,
  0x8b, 0x60, 0x95, 0x3e, 0xd0, 0x20, 0x96, 0x3e, 0x01, 0xe1, 0x96, 0x3e,
  0x14, 0xa1, 0x97, 0x3e, 0x12, 0x61, 0x98, 0x3e, 0xfd, 0x20, 0x99, 0x3e,
  0xcc, 0xe0, 0x99, 0x3e, 0x84, 0xa0, 0x9a, 0x3e, 0x25, 0x60, 0x9b, 0x3e,
  0xab, 0x1f, 0x9c, 0x3e, 0x1c, 0xdf, 0x9c, 0x3e, 0x73, 0x9e, 0x9d, 0x3e,
  0xb2, 0x5d, 0x9e, 0x3e, 0xde, 0x1c, 0x9f, 0x3e, 0xea, 0xdb, 0x9f, 0x3e,
  0xe3, 0x9a, 0xa0, 0x3e, 0xc1, 0x59, 0xa1, 0x3e, 0x84, 0x18, 0xa2, 0x3e,
  0x30, 0xd7, 0xa2, 0x3e, 0xc4, 0x95, 0xa3, 0x3e, 0x3d, 0x54, 0xa4, 0x3e,
  0x9c, 0x12, 0xa5, 0x3e, 0xe3, 0xd0, 0xa5, 0x3e, 0x0f, 0x8f, 0xa6, 0x3e,
  0x24, 0x4d, 0xa7, 0x3e, 0x1d, 0x0b, 0xa8, 0x3e, 0xfc, 0xc8, 0xa8, 0x3e,
  0xc4, 0x86, 0xa9, 0x3e, 0x6d, 0x44, 0xaa, 0x3e, 0xff, 0x01, 0xab, 0x3e,
  0x72, 0xbf, 0xab, 0x3e, 0xcf, 0x7c, 0xac, 0x3e, 0x13, 0x3a, 0xad, 0x3e,
  0x3d, 0xf7, 0xad, 0x3e, 0x48, 0xb4, 0xae, 0x3e, 0x39, 0x71, 0xaf, 0x3e,
  0x0c, 0x2e, 0xb0, 0x3e, 0xc7, 0xea, 0xb0, 0x3e, 0x67, 0xa7, 0xb1, 0x3e,
  0xec, 0x63, 0xb2, 0x3e, 0x53, 0x20, 0xb3, 0x3e, 0xa3, 0xdc, 0xb3, 0x3e,
  0xd4, 0x98, 0xb4, 0x3e, 0xe8, 0x54, 0xb5, 0x3e, 0xe3, 0x10, 0xb6, 0x3e,
  0xc1, 0xcc, 0xb6, 0x3e, 0x84, 0x88, 0xb7, 0x3e, 0x28, 0x44, 0xb8, 0x3e,
  0xaf, 0xff, 0xb8, 0x3e, 0x1d, 0xbb, 0xb9, 0x3e, 0x6b, 0x76, 0xba, 0x3e,
  0xa1, 0x31, 0xbb, 0x3e, 0xb5, 0xec, 0xbb, 0x3e, 0xab, 0xa7, 0xbc, 0x3e,
  0x89, 0x62, 0xbd, 0x3e, 0x46, 0x1d, 0xbe, 0x3e, 0xe9, 0xd7, 0xbe, 0x3e,
  0x6c, 0x92, 0xbf, 0x3e, 0xd6, 0x4c, 0xc0, 0x3e, 0x1d, 0x07, 0xc1, 0x3e,
  0x47, 0xc1, 0xc1, 0x3e, 0x55, 0x7b, 0xc2, 0x3e, 0x45, 0x35, 0xc3, 0x3e,
  0x14, 0xef, 0xc3, 0x3e, 0xc5, 0xa8, 0xc4, 0x3e, 0x5a, 0x62, 0xc5, 0x3e,
  0xcf, 0x1b, 0xc6, 0x3e, 0x28, 0xd5, 0xc6, 0x3e, 0x60, 0x8e, 0xc7, 0x3e,
  0x7d, 0x47, 0xc8, 0x3e, 0x75, 0x00, 0xc9, 0x3e, 0x4e, 0xb9, 0xc9, 0x3e,
  0x11, 0x72, 0xca, 0x3e, 0xab, 0x2a, 0xcb, 0x3e, 0x2d, 0xe3, 0xcb, 0x3e,
  0x88, 0x9b, 0xcc, 0x3e, 0xc7, 0x53, 0xcd, 0x3e, 0xe8, 0x0b, 0xce, 0x3e,
  0xe8, 0xc3, 0xce, 0x3e, 0xca, 0x7b, 0xcf, 0x3e, 0x8a, 0x33, 0xd0, 0x3e,
  0x28, 0xeb, 0xd0, 0x3e, 0xa8, 0xa2, 0xd1, 0x3e, 0x07, 0x5a, 0xd2, 0x3e,
  0x47, 0x11, 0xd3, 0x3e, 0x63, 0xc8, 0xd3, 0x3e, 0x64, 0x7f, 0xd4, 0x3e,
  0x3f, 0x36, 0xd5, 0x3e, 0xfd, 0xec, 0xd5, 0x3e, 0x99, 0xa3, 0xd6, 0x3e,
  0x10, 0x5a, 0xd7, 0x3e, 0x69, 0x10, 0xd8, 0x3e, 0xa0, 0xc6, 0xd8, 0x3e,
  0xba, 0x7c, 0xd9, 0x3e, 0xaa, 0x32, 0xda, 0x3e, 0x81, 0xe8, 0xda, 0x3e,
  0x2e, 0x9e, 0xdb, 0x3e, 0xc1, 0x53, 0xdc, 0x3e, 0x2c, 0x09, 0xdd, 0x3e,
  0x78, 0xbe, 0xdd, 0x3e, 0xa0, 0x73, 0xde, 0x3e, 0xa9, 0x28, 0xdf, 0x3e,
  0x8b, 0xdd, 0xdf, 0x3e, 0x4d, 0x92, 0xe0, 0x3e, 0xeb, 0x46, 0xe1, 0x3e,
  0x68, 0xfb, 0xe1, 0x3e, 0xbf, 0xaf, 0xe2, 0x3e, 0xf9, 0x63, 0xe3, 0x3e,
  0x0d, 0x18, 0xe4, 0x3e, 0xfd, 0xcb, 0xe4, 0x3e, 0xc7, 0x7f, 0xe5, 0x3e,
  0x74, 0x33, 0xe6, 0x3e, 0xf8, 0xe6, 0xe6, 0x3e, 0x5b, 0x9a, 0xe7, 0x3e,
  0x9c, 0x4d, 0xe8, 0x3e, 0xb4, 0x00, 0xe9, 0x3e, 0xac, 0xb3, 0xe9, 0x3e,
  0x81, 0x66, 0xea, 0x3e, 0x2f, 0x19, 0xeb, 0x3e, 0xb7, 0xcb, 0xeb, 0x3e,
  0x21, 0x7e, 0xec, 0x3e, 0x60, 0x30, 0xed, 0x3e, 0x81, 0xe2, 0xed, 0x3e,
  0x79, 0x94, 0xee, 0x3e, 0x4c, 0x46, 0xef, 0x3e, 0xf7, 0xf7, 0xef, 0x3e,
  0x84, 0xa9, 0xf0, 0x3e, 0xe9, 0x5a, 0xf1, 0x3e, 0x28, 0x0c, 0xf2, 0x3e,
  0x40, 0xbd, 0xf2, 0x3e, 0x39, 0x6e, 0xf3, 0x3e, 0x03, 0x1f, 0xf4, 0x3e,
  0xaf, 0xcf, 0xf4, 0x3e, 0x33, 0x80, 0xf5, 0x3e, 0x92, 0x30, 0xf6, 0x3e,
  0xc8, 0xe0, 0xf6, 0x3e, 0xdd, 0x90, 0xf7, 0x3e, 0xc7, 0x40, 0xf8, 0x3e,
  0x8b, 0xf0, 0xf8, 0x3e, 0x2b, 0xa0, 0xf9, 0x3e, 0xa5, 0x4f, 0xfa, 0x3e,
  0xf4, 0xfe, 0xfa, 0x3e, 0x1f, 0xae, 0xfb, 0x3e, 0x24, 0x5d, 0xfc, 0x3e,
  0x04, 0x0c, 0xfd, 0x3e, 0xb9, 0xba, 0xfd, 0x3e, 0x49, 0x69, 0xfe, 0x3e,
  0xb0, 0x17, 0xff, 0x3e, 0xef, 0xc5, 0xff, 0x3e, 0x07, 0x3a, 0x00, 0x3f,
  0xfe, 0x90, 0x00, 0x3f, 0xe5, 0xe7, 0x00, 0x3f, 0xb4, 0x3e, 0x01, 0x3f,
  0x72, 0x95, 0x01, 0x3f, 0x1a, 0xec, 0x01, 0x3f, 0xb0, 0x42, 0x02, 0x3f,
  0x32, 0x99, 0x02, 0x3f, 0x9f, 0xef, 0x02, 0x3f, 0xf8, 0x45, 0x03, 0x3f,
  0x3c, 0x9c, 0x03, 0x3f, 0x6c, 0xf2, 0x03, 0x3f, 0x87, 0x48, 0x04, 0x3f,
  0x90, 0x9e, 0x04, 0x3f, 0x82, 0xf4, 0x04, 0x3f, 0x61, 0x4a, 0x05, 0x3f,
  0x2c, 0xa0, 0x05, 0x3f, 0xe0, 0xf5, 0x05, 0x3f, 0x83, 0x4b, 0x06, 0x3f,
  0x0e, 0xa1, 0x06, 0x3f, 0x83, 0xf6, 0x06, 0x3f, 0xe8, 0x4b, 0x07, 0x3f,
  0x34, 0xa1, 0x07, 0x3f, 0x6f, 0xf6, 0x07, 0x3f, 0x92, 0x4b, 0x08, 0x3f,
  0x9f, 0xa0, 0x08, 0x3f, 0x9a, 0xf5, 0x08, 0x3f, 0x7e, 0x4a, 0x09, 0x3f,
  0x4d, 0x9f, 0x09, 0x3f, 0x08, 0xf4, 0x09, 0x3f, 0xac, 0x48, 0x0a, 0x3f,
  0x3c, 0x9d, 0x0a, 0x3f, 0xb6, 0xf1, 0x0a, 0x3f, 0x1a, 0x46, 0x0b, 0x3f,
  0x6a, 0x9a, 0x0b, 0x3f, 0xa4, 0xee, 0x0b, 0x3f, 0xc8, 0x42, 0x0c, 0x3f,
  0xd6, 0x96, 0x0c, 0x3f, 0xd1, 0xea, 0x0c, 0x3f, 0xb2, 0x3e, 0x0d, 0x3f,
  0x81, 0x92, 0x0d, 0x3f, 0x38, 0xe6, 0x0d, 0x3f, 0xd8, 0x39, 0x0e, 0x3f,
  0x63, 0x8d, 0x0e, 0x3f, 0xdb, 0xe0, 0x0e, 0x3f, 0x3b, 0x34, 0x0f, 0x3f,
  0x85, 0x87, 0x0f, 0x3f, 0xb6, 0xda, 0x0f, 0x3f, 0xd4, 0x2d, 0x10, 0x3f,
  0xdb, 0x80, 0x10, 0x3f, 0xcd, 0xd3, 0x10, 0x3f, 0xa6, 0x26, 0x11, 0x3f,
  0x6a, 0x79, 0x11, 0x3f, 0x18, 0xcc, 0x11, 0x3f, 0xad, 0x1e, 0x12, 0x3f,
  0x30, 0x71, 0x12, 0x3f, 0x99, 0xc3, 0x12, 0x3f, 0xed, 0x15, 0x13, 0x3f,
  0x2b, 0x68, 0x13, 0x3f, 0x51, 0xba, 0x13, 0x3f, 0x5e, 0x0c, 0x14, 0x3f,
  0x57, 0x5e, 0x14, 0x3f, 0x38, 0xb0, 0x14, 0x3f, 0x02, 0x02, 0x15, 0x3f,
  0xb6, 0x53, 0x15, 0x3f, 0x51, 0xa5, 0x15, 0x3f, 0xd8, 0xf6, 0x15, 0x3f,
  0x46, 0x48, 0x16, 0x3f, 0x9e, 0x99, 0x16, 0x3f, 0xde, 0xea, 0x16, 0x3f,
  0x05, 0x3c, 0x17, 0x3f, 0x19, 0x8d, 0x17, 0x3f, 0x12, 0xde, 0x17, 0x3f,
  0xf3, 0x2e, 0x18, 0x3f, 0xbe, 0x7f, 0x18, 0x3f, 0x72, 0xd0, 0x18, 0x3f,
  0x0e, 0x21, 0x19, 0x3f, 0x92, 0x71, 0x19, 0x3f, 0x01, 0xc2, 0x19, 0x3f,
  0x55, 0x12, 0x1a, 0x3f, 0x93, 0x62, 0x1a, 0x3f, 0xb6, 0xb2, 0x1a, 0x3f,
  0xc5, 0x02, 0x1b, 0x3f, 0xbb, 0x52, 0x1b, 0x3f, 0x97, 0xa2, 0x1b, 0x3f,
  0x5e, 0xf2, 0x1b, 0x3f, 0x0c, 0x42, 0x1c, 0x3f, 0xa1, 0x91, 0x1c, 0x3f,
  0x1e, 0xe1, 0x1c, 0x3f, 0x83, 0x30, 0x1d, 0x3f, 0xd0, 0x7f, 0x1d, 0x3f,
  0x05, 0xcf, 0x1d, 0x3f, 0x22, 0x1e, 0x1e, 0x3f, 0x26, 0x6d, 0x1e, 0x3f,
  0x10, 0xbc, 0x1e, 0x3f, 0xe4, 0x0a, 0x1f, 0x3f, 0x9e, 0x59, 0x1f, 0x3f,
  0x3f, 0xa8, 0x1f, 0x3f, 0xcb, 0xf6, 0x1f, 0x3f, 0x3a, 0x45, 0x20, 0x3f,
  0x91, 0x93, 0x20, 0x3f, 0xd1, 0xe1, 0x20, 0x3f, 0xf8, 0x2f, 0x21, 0x3f,
  0x06, 0x7e, 0x21, 0x3f, 0xfa, 0xcb, 0x21, 0x3f, 0xd6, 0x19, 0x22, 0x3f,
  0x98, 0x67, 0x22, 0x3f, 0x42, 0xb5, 0x22, 0x3f, 0xd2, 0x02, 0x23, 0x3f,
  0x4b, 0x50, 0x23, 0x3f, 0xa8, 0x9d, 0x23, 0x3f, 0xec, 0xea, 0x23, 0x3f,
  0x18, 0x38, 0x24, 0x3f, 0x2a, 0x85, 0x24, 0x3f, 0x24, 0xd2, 0x24, 0x3f,
  0x04, 0x1f, 0x25, 0x3f, 0xca, 0x6b, 0x25, 0x3f, 0x76, 0xb8, 0x25, 0x3f,
  0x0a, 0x05, 0x26, 0x3f, 0x82, 0x51, 0x26, 0x3f, 0xe2, 0x9d, 0x26, 0x3f,
  0x27, 0xea, 0x26, 0x3f, 0x53, 0x36, 0x27, 0x3f, 0x68, 0x82, 0x27, 0x3f,
  0x60, 0xce, 0x27, 0x3f, 0x3f, 0x1a, 0x28, 0x3f, 0x03, 0x66, 0x28, 0x3f,
  0xae, 0xb1, 0x28, 0x3f, 0x40, 0xfd, 0x28, 0x3f, 0xb5, 0x48, 0x29, 0x3f,
  0x13, 0x94, 0x29, 0x3f, 0x56, 0xdf, 0x29, 0x3f, 0x7e, 0x2a, 0x2a, 0x3f,
  0x8c, 0x75, 0x2a, 0x3f, 0x80, 0xc0, 0x2a, 0x3f, 0x5b, 0x0b, 0x2b, 0x3f,
  0x1b, 0x56, 0x2b, 0x3f, 0xbe, 0xa0, 0x2b, 0x3f, 0x49, 0xeb, 0x2b, 0x3f,
  0xb8, 0x35, 0x2c, 0x3f, 0x0f, 0x80, 0x2c, 0x3f, 0x49, 0xca, 0x2c, 0x3f,
  0x68, 0x14, 0x2d, 0x3f, 0x6d, 0x5e, 0x2d, 0x3f, 0x58, 0xa8, 0x2d, 0x3f,
  0x29, 0xf2, 0x2d, 0x3f, 0xdc, 0x3b, 0x2e, 0x3f, 0x78, 0x85, 0x2e, 0x3f,
  0xf6, 0xce, 0x2e, 0x3f, 0x5a, 0x18, 0x2f, 0x3f, 0xa4, 0x61, 0x2f, 0x3f,
  0xd3, 0xaa, 0x2f, 0x3f, 0xe4, 0xf3, 0x2f, 0x3f, 0xdb, 0x3c, 0x30, 0x3f,
  0xba, 0x85, 0x30, 0x3f, 0x7c, 0xce, 0x30, 0x3f, 0x22, 0x17, 0x31, 0x3f,
  0xac, 0x5f, 0x31, 0x3f, 0x1c, 0xa8, 0x31, 0x3f, 0x6f, 0xf0, 0x31, 0x3f,
  0xaa, 0x38, 0x32, 0x3f, 0xc6, 0x80, 0x32, 0x3f, 0xc8, 0xc8, 0x32, 0x3f,
  0xaf, 0x10, 0x33, 0x3f, 0x78, 0x58, 0x33, 0x3f, 0x27, 0xa0, 0x33, 0x3f,
  0xbb, 0xe7, 0x33, 0x3f, 0x31, 0x2f, 0x34, 0x3f, 0x8e, 0x76, 0x34, 0x3f,
  0xce, 0xbd, 0x34, 0x3f, 0xf2, 0x04, 0x35, 0x3f, 0xfb, 0x4b, 0x35, 0x3f,
  0xe5, 0x92, 0x35, 0x3f, 0xb7, 0xd9, 0x35, 0x3f, 0x6a, 0x20, 0x36, 0x3f,
  0x02, 0x67, 0x36, 0x3f, 0x7e, 0xad, 0x36, 0x3f, 0xde, 0xf3, 0x36, 0x3f,
  0x22, 0x3a, 0x37, 0x3f, 0x49, 0x80, 0x37, 0x3f, 0x54, 0xc6, 0x37, 0x3f,
  0x41, 0x0c, 0x38, 0x3f, 0x14, 0x52, 0x38, 0x3f, 0xca, 0x97, 0x38, 0x3f,
  0x65, 0xdd, 0x38, 0x3f, 0xe0, 0x22, 0x39, 0x3f, 0x40, 0x68, 0x39, 0x3f,
  0x84, 0xad, 0x39, 0x3f, 0xac, 0xf2, 0x39, 0x3f, 0xb6, 0x37, 0x3a, 0x3f,
  0xa5, 0x7c, 0x3a, 0x3f, 0x75, 0xc1, 0x3a, 0x3f, 0x28, 0x06, 0x3b, 0x3f,
  0xbf, 0x4a, 0x3b, 0x3f, 0x3a, 0x8f, 0x3b, 0x3f, 0x98, 0xd3, 0x3b, 0x3f,
  0xd8, 0x17, 0x3c, 0x3f, 0xfd, 0x5b, 0x3c, 0x3f, 0x02, 0xa0, 0x3c, 0x3f,
  0xec, 0xe3, 0x3c, 0x3f, 0xb8, 0x27, 0x3d, 0x3f, 0x66, 0x6b, 0x3d, 0x3f,
  0xf9, 0xae, 0x3d, 0x3f, 0x6c, 0xf2, 0x3d, 0x3f, 0xc4, 0x35, 0x3e, 0x3f,
  0xfe, 0x78, 0x3e, 0x3f, 0x1a, 0xbc, 0x3e, 0x3f, 0x19, 0xff, 0x3e, 0x3f,
  0xfc, 0x41, 0x3f, 0x3f, 0xc1, 0x84, 0x3f, 0x3f, 0x66, 0xc7, 0x3f, 0x3f,
  0xef, 0x09, 0x40, 0x3f, 0x59, 0x4c, 0x40, 0x3f, 0xa9, 0x8e, 0x40, 0x3f,
  0xd8, 0xd0, 0x40, 0x3f, 0xec, 0x12, 0x41, 0x3f, 0xdf, 0x54, 0x41, 0x3f,
  0xb6, 0x96, 0x41, 0x3f, 0x70, 0xd8, 0x41, 0x3f, 0x0a, 0x1a, 0x42, 0x3f,
  0x89, 0x5b, 0x42, 0x3f, 0xe6, 0x9c, 0x42, 0x3f, 0x27, 0xde, 0x42, 0x3f,
  0x4a, 0x1f, 0x43, 0x3f, 0x51, 0x60, 0x43, 0x3f, 0x35, 0xa1, 0x43, 0x3f,
  0xff, 0xe1, 0x43, 0x3f, 0xa9, 0x22, 0x44, 0x3f, 0x35, 0x63, 0x44, 0x3f,
  0xa5, 0xa3, 0x44, 0x3f, 0xf4, 0xe3, 0x44, 0x3f, 0x25, 0x24, 0x45, 0x3f,
  0x39, 0x64, 0x45, 0x3f, 0x2c, 0xa4, 0x45, 0x3f, 0x02, 0xe4, 0x45, 0x3f,
  0xb9, 0x23, 0x46, 0x3f, 0x52, 0x63, 0x46, 0x3f, 0xcc, 0xa2, 0x46, 0x3f,
  0x28, 0xe2, 0x46, 0x3f, 0x67, 0x21, 0x47, 0x3f, 0x85, 0x60, 0x47, 0x3f,
  0x85, 0x9f, 0x47, 0x3f, 0x65, 0xde, 0x47, 0x3f, 0x27, 0x1d, 0x48, 0x3f,
  0xca, 0x5b, 0x48, 0x3f, 0x4e, 0x9a, 0x48, 0x3f, 0xb2, 0xd8, 0x48, 0x3f,
  0xf8, 0x16, 0x49, 0x3f, 0x21, 0x55, 0x49, 0x3f, 0x28, 0x93, 0x49, 0x3f,
  0x12, 0xd1, 0x49, 0x3f, 0xdb, 0x0e, 0x4a, 0x3f, 0x87, 0x4c, 0x4a, 0x3f,
  0x12, 0x8a, 0x4a, 0x3f, 0x7e, 0xc7, 0x4a, 0x3f, 0xcb, 0x04, 0x4b, 0x3f,
  0xfa, 0x41, 0x4b, 0x3f, 0x08, 0x7f, 0x4b, 0x3f, 0xf6, 0xbb, 0x4b, 0x3f,
  0xc5, 0xf8, 0x4b, 0x3f, 0x75, 0x35, 0x4c, 0x3f, 0x08, 0x72, 0x4c, 0x3f,
  0x78, 0xae, 0x4c, 0x3f, 0xca, 0xea, 0x4c, 0x3f, 0xfc, 0x26, 0x4d, 0x3f,
  0x0e, 0x63, 0x4d, 0x3f, 0x02, 0x9f, 0x4d, 0x3f, 0xd4, 0xda, 0x4d, 0x3f,
  0x88, 0x16, 0x4e, 0x3f, 0x1c, 0x52, 0x4e, 0x3f, 0x8f, 0x8d, 0x4e, 0x3f,
  0xe2, 0xc8, 0x4e, 0x3f, 0x16, 0x04, 0x4f, 0x3f, 0x2b, 0x3f, 0x4f, 0x3f,
  0x1e, 0x7a, 0x4f, 0x3f, 0xf3, 0xb4, 0x4f, 0x3f, 0xa6, 0xef, 0x4f, 0x3f,
  0x3a, 0x2a, 0x50, 0x3f, 0xaf, 0x64, 0x50, 0x3f, 0x03, 0x9f, 0x50, 0x3f,
  0x36, 0xd9, 0x50, 0x3f, 0x49, 0x13, 0x51, 0x3f, 0x3d, 0x4d, 0x51, 0x3f,
  0x0e, 0x87, 0x51, 0x3f, 0xc2, 0xc0, 0x51, 0x3f, 0x55, 0xfa, 0x51, 0x3f,
  0xc6, 0x33, 0x52, 0x3f, 0x16, 0x6d, 0x52, 0x3f, 0x49, 0xa6, 0x52, 0x3f,
  0x59, 0xdf, 0x52, 0x3f, 0x49, 0x18, 0x53, 0x3f, 0x17, 0x51, 0x53, 0x3f,
  0xc6, 0x89, 0x53, 0x3f, 0x55, 0xc2, 0x53, 0x3f, 0xc2, 0xfa, 0x53, 0x3f,
  0x0d, 0x33, 0x54, 0x3f, 0x39, 0x6b, 0x54, 0x3f, 0x47, 0xa3, 0x54, 0x3f,
  0x2f, 0xdb, 0x54, 0x3f, 0xfa, 0x12, 0x55, 0x3f, 0xa3, 0x4a, 0x55, 0x3f,
  0x2a, 0x82, 0x55, 0x3f, 0x92, 0xb9, 0x55, 0x3f, 0xd7, 0xf0, 0x55, 0x3f,
  0xfc, 0x27, 0x56, 0x3f, 0x00, 0x5f, 0x56, 0x3f, 0xe3, 0x95, 0x56, 0x3f,
  0xa6, 0xcc, 0x56, 0x3f, 0x46, 0x03, 0x57, 0x3f, 0xc6, 0x39, 0x57, 0x3f,
  0x24, 0x70, 0x57, 0x3f, 0x63, 0xa6, 0x57, 0x3f, 0x7e, 0xdc, 0x57, 0x3f,
  0x78, 0x12, 0x58, 0x3f, 0x52, 0x48, 0x58, 0x3f, 0x0a, 0x7e, 0x58, 0x3f,
  0xa1, 0xb3, 0x58, 0x3f, 0x16, 0xe9, 0x58, 0x3f, 0x69, 0x1e, 0x59, 0x3f,
  0x9c, 0x53, 0x59, 0x3f, 0xac, 0x88, 0x59, 0x3f, 0x9d, 0xbd, 0x59, 0x3f,
  0x68, 0xf2, 0x59, 0x3f, 0x14, 0x27, 0x5a, 0x3f, 0xa0, 0x5b, 0x5a, 0x3f,
  0x07, 0x90, 0x5a, 0x3f, 0x4e, 0xc4, 0x5a, 0x3f, 0x74, 0xf8, 0x5a, 0x3f,
  0x78, 0x2c, 0x5b, 0x3f, 0x5b, 0x60, 0x5b, 0x3f, 0x1a, 0x94, 0x5b, 0x3f,
  0xb8, 0xc7, 0x5b, 0x3f, 0x34, 0xfb, 0x5b, 0x3f, 0x8f, 0x2e, 0x5c, 0x3f,
  0xc6, 0x61, 0x5c, 0x3f, 0xdc, 0x94, 0x5c, 0x3f, 0xd0, 0xc7, 0x5c, 0x3f,
  0xa3, 0xfa, 0x5c, 0x3f, 0x52, 0x2d, 0x5d, 0x3f, 0xe0, 0x5f, 0x5d, 0x3f,
  0x4d, 0x92, 0x5d, 0x3f, 0x96, 0xc4, 0x5d, 0x3f, 0xbd, 0xf6, 0x5d, 0x3f,
  0xc2, 0x28, 0x5e, 0x3f, 0xa6, 0x5a, 0x5e, 0x3f, 0x66, 0x8c, 0x5e, 0x3f,
  0x04, 0xbe, 0x5e, 0x3f, 0x80, 0xef, 0x5e, 0x3f, 0xda, 0x20, 0x5f, 0x3f,
  0x11, 0x52, 0x5f, 0x3f, 0x26, 0x83, 0x5f, 0x3f, 0x19, 0xb4, 0x5f, 0x3f,
  0xe8, 0xe4, 0x5f, 0x3f, 0x96, 0x15, 0x60, 0x3f, 0x20, 0x46, 0x60, 0x3f,
  0x87, 0x76, 0x60, 0x3f, 0xcd, 0xa6, 0x60, 0x3f, 0xf0, 0xd6, 0x60, 0x3f,
  0xf0, 0x06, 0x61, 0x3f, 0xce, 0x36, 0x61, 0x3f, 0x8a, 0x66, 0x61, 0x3f,
  0x22, 0x96, 0x61, 0x3f, 0x96, 0xc5, 0x61, 0x3f, 0xe8, 0xf4, 0x61, 0x3f,
  0x17, 0x24, 0x62, 0x3f, 0x25, 0x53, 0x62, 0x3f, 0x10, 0x82, 0x62, 0x3f,
  0xd6, 0xb0, 0x62, 0x3f, 0x7a, 0xdf, 0x62, 0x3f, 0xfa, 0x0d, 0x63, 0x3f,
  0x58, 0x3c, 0x63, 0x3f, 0x94, 0x6a, 0x63, 0x3f, 0xab, 0x98, 0x63, 0x3f,
  0xa0, 0xc6, 0x63, 0x3f, 0x72, 0xf4, 0x63, 0x3f, 0x20, 0x22, 0x64, 0x3f,
  0xac, 0x4f, 0x64, 0x3f, 0x13, 0x7d, 0x64, 0x3f, 0x57, 0xaa, 0x64, 0x3f,
  0x7a, 0xd7, 0x64, 0x3f, 0x77, 0x04, 0x65, 0x3f, 0x52, 0x31, 0x65, 0x3f,
  0x0a, 0x5e, 0x65, 0x3f, 0x9e, 0x8a, 0x65, 0x3f, 0x11, 0xb7, 0x65, 0x3f,
  0x5c, 0xe3, 0x65, 0x3f, 0x87, 0x0f, 0x66, 0x3f, 0x8d, 0x3b, 0x66, 0x3f,
  0x6f, 0x67, 0x66, 0x3f, 0x30, 0x93, 0x66, 0x3f, 0xcc, 0xbe, 0x66, 0x3f,
  0x44, 0xea, 0x66, 0x3f, 0x97, 0x15, 0x67, 0x3f, 0xcb, 0x40, 0x67, 0x3f,
  0xd6, 0x6b, 0x67, 0x3f, 0xc0, 0x96, 0x67, 0x3f, 0x86, 0xc1, 0x67, 0x3f,
  0x28, 0xec, 0x67, 0x3f, 0xa6, 0x16, 0x68, 0x3f, 0x01, 0x41, 0x68, 0x3f,
  0x38, 0x6b, 0x68, 0x3f, 0x4c, 0x95, 0x68, 0x3f, 0x3a, 0xbf, 0x68, 0x3f,
  0x07, 0xe9, 0x68, 0x3f, 0xae, 0x12, 0x69, 0x3f, 0x2f, 0x3c, 0x69, 0x3f,
  0x90, 0x65, 0x69, 0x3f, 0xcd, 0x8e, 0x69, 0x3f, 0xe2, 0xb7, 0x69, 0x3f,
  0xd6, 0xe0, 0x69, 0x3f, 0xa6, 0x09, 0x6a, 0x3f, 0x50, 0x32, 0x6a, 0x3f,
  0xd9, 0x5a, 0x6a, 0x3f, 0x3b, 0x83, 0x6a, 0x3f, 0x7a, 0xab, 0x6a, 0x3f,
  0x94, 0xd3, 0x6a, 0x3f, 0x8a, 0xfb, 0x6a, 0x3f, 0x5c, 0x23, 0x6b, 0x3f,
  0x0b, 0x4b, 0x6b, 0x3f, 0x94, 0x72, 0x6b, 0x3f, 0xf9, 0x99, 0x6b, 0x3f,
  0x3b, 0xc1, 0x6b, 0x3f, 0x57, 0xe8, 0x6b, 0x3f, 0x51, 0x0f, 0x6c, 0x3f,
  0x24, 0x36, 0x6c, 0x3f, 0xd2, 0x5c, 0x6c, 0x3f, 0x5e, 0x83, 0x6c, 0x3f,
  0xc4, 0xa9, 0x6c, 0x3f, 0x06, 0xd0, 0x6c, 0x3f, 0x24, 0xf6, 0x6c, 0x3f,
  0x1d, 0x1c, 0x6d, 0x3f, 0xf0, 0x41, 0x6d, 0x3f, 0x9f, 0x67, 0x6d, 0x3f,
  0x2d, 0x8d, 0x6d, 0x3f, 0x92, 0xb2, 0x6d, 0x3f, 0xd4, 0xd7, 0x6d, 0x3f,
  0xf2, 0xfc, 0x6d, 0x3f, 0xea, 0x21, 0x6e, 0x3f, 0xbd, 0x46, 0x6e, 0x3f,
  0x6c, 0x6b, 0x6e, 0x3f, 0xf7, 0x8f, 0x6e, 0x3f, 0x5d, 0xb4, 0x6e, 0x3f,
  0x9c, 0xd8, 0x6e, 0x3f, 0xb8, 0xfc, 0x6e, 0x3f, 0xb0, 0x20, 0x6f, 0x3f,
  0x82, 0x44, 0x6f, 0x3f, 0x2e, 0x68, 0x6f, 0x3f, 0xb8, 0x8b, 0x6f, 0x3f,
  0x1a, 0xaf, 0x6f, 0x3f, 0x57, 0xd2, 0x6f, 0x3f, 0x71, 0xf5, 0x6f, 0x3f,
  0x66, 0x18, 0x70, 0x3f, 0x36, 0x3b, 0x70, 0x3f, 0xe0, 0x5d, 0x70, 0x3f,
  0x66, 0x80, 0x70, 0x3f, 0xc6, 0xa2, 0x70, 0x3f, 0x00, 0xc5, 0x70, 0x3f,
  0x16, 0xe7, 0x70, 0x3f, 0x09, 0x09, 0x71, 0x3f, 0xd1, 0x2a, 0x71, 0x3f,
  0x7a, 0x4c, 0x71, 0x3f, 0xfb, 0x6d, 0x71, 0x3f, 0x56, 0x8f, 0x71, 0x3f,
  0x8b, 0xb0, 0x71, 0x3f, 0x9f, 0xd1, 0x71, 0x3f, 0x8a, 0xf2, 0x71, 0x3f,
  0x52, 0x13, 0x72, 0x3f, 0xf2, 0x33, 0x72, 0x3f, 0x6e, 0x54, 0x72, 0x3f,
  0xc6, 0x74, 0x72, 0x3f, 0xf8, 0x94, 0x72, 0x3f, 0x04, 0xb5, 0x72, 0x3f,
  0xea, 0xd4, 0x72, 0x3f, 0xaa, 0xf4, 0x72, 0x3f, 0x46, 0x14, 0x73, 0x3f,
  0xbd, 0x33, 0x73, 0x3f, 0x0f, 0x53, 0x73, 0x3f, 0x38, 0x72, 0x73, 0x3f,
  0x3f, 0x91, 0x73, 0x3f, 0x1e, 0xb0, 0x73, 0x3f, 0xd7, 0xce, 0x73, 0x3f,
  0x6d, 0xed, 0x73, 0x3f, 0xdd, 0x0b, 0x74, 0x3f, 0x25, 0x2a, 0x74, 0x3f,
  0x49, 0x48, 0x74, 0x3f, 0x48, 0x66, 0x74, 0x3f, 0x21, 0x84, 0x74, 0x3f,
  0xd4, 0xa1, 0x74, 0x3f, 0x61, 0xbf, 0x74, 0x3f, 0xc9, 0xdc, 0x74, 0x3f,
  0x0a, 0xfa, 0x74, 0x3f, 0x27, 0x17, 0x75, 0x3f, 0x1c, 0x34, 0x75, 0x3f,
  0xec, 0x50, 0x75, 0x3f, 0x96, 0x6d, 0x75, 0x3f, 0x1a, 0x8a, 0x75, 0x3f,
  0x7a, 0xa6, 0x75, 0x3f, 0xb3, 0xc2, 0x75, 0x3f, 0xc6, 0xde, 0x75, 0x3f,
  0xb3, 0xfa, 0x75, 0x3f, 0x7b, 0x16, 0x76, 0x3f, 0x1a, 0x32, 0x76, 0x3f,
  0x97, 0x4d, 0x76, 0x3f, 0xeb, 0x68, 0x76, 0x3f, 0x1a, 0x84, 0x76, 0x3f,
  0x24, 0x9f, 0x76, 0x3f, 0x06, 0xba, 0x76, 0x3f, 0xc3, 0xd4, 0x76, 0x3f,
  0x5a, 0xef, 0x76, 0x3f, 0xcb, 0x09, 0x77, 0x3f, 0x16, 0x24, 0x77, 0x3f,
  0x3b, 0x3e, 0x77, 0x3f, 0x3a, 0x58, 0x77, 0x3f, 0x12, 0x72, 0x77, 0x3f,
  0xc4, 0x8b, 0x77, 0x3f, 0x50, 0xa5, 0x77, 0x3f, 0xb7, 0xbe, 0x77, 0x3f,
  0xf7, 0xd7, 0x77, 0x3f, 0x10, 0xf1, 0x77, 0x3f, 0x02, 0x0a, 0x78, 0x3f,
  0xd0, 0x22, 0x78, 0x3f, 0x76, 0x3b, 0x78, 0x3f, 0xf5, 0x53, 0x78, 0x3f,
  0x51, 0x6c, 0x78, 0x3f, 0x84, 0x84, 0x78, 0x3f, 0x92, 0x9c, 0x78, 0x3f,
  0x7b, 0xb4, 0x78, 0x3f, 0x3b, 0xcc, 0x78, 0x3f, 0xd4, 0xe3, 0x78, 0x3f,
  0x4b, 0xfb, 0x78, 0x3f, 0x95, 0x12, 0x79, 0x3f, 0xbe, 0x29, 0x79, 0x3f,
  0xbd, 0x40, 0x79, 0x3f, 0x99, 0x57, 0x79, 0x3f, 0x4f, 0x6e, 0x79, 0x3f,
  0xda, 0x84, 0x79, 0x3f, 0x42, 0x9b, 0x79, 0x3f, 0x82, 0xb1, 0x79, 0x3f,
  0x9b, 0xc7, 0x79, 0x3f, 0x90, 0xdd, 0x79, 0x3f, 0x5c, 0xf3, 0x79, 0x3f,
  0x05, 0x09, 0x7a, 0x3f, 0x83, 0x1e, 0x7a, 0x3f, 0xdc, 0x33, 0x7a, 0x3f,
  0x0f, 0x49, 0x7a, 0x3f, 0x1c, 0x5e, 0x7a, 0x3f, 0x01, 0x73, 0x7a, 0x3f,
  0xc0, 0x87, 0x7a, 0x3f, 0x58, 0x9c, 0x7a, 0x3f, 0xca, 0xb0, 0x7a, 0x3f,
  0x14, 0xc5, 0x7a, 0x3f, 0x38, 0xd9, 0x7a, 0x3f, 0x37, 0xed, 0x7a, 0x3f,
  0x0d, 0x01, 0x7b, 0x3f, 0xbf, 0x14, 0x7b, 0x3f, 0x46, 0x28, 0x7b, 0x3f,
  0xab, 0x3b, 0x7b, 0x3f, 0xe5, 0x4e, 0x7b, 0x3f, 0xfb, 0x61, 0x7b, 0x3f,
  0xea, 0x74, 0x7b, 0x3f, 0xb2, 0x87, 0x7b, 0x3f, 0x52, 0x9a, 0x7b, 0x3f,
  0xcc, 0xac, 0x7b, 0x3f, 0x20, 0xbf, 0x7b, 0x3f, 0x4d, 0xd1, 0x7b, 0x3f,
  0x52, 0xe3, 0x7b, 0x3f, 0x30, 0xf5, 0x7b, 0x3f, 0xe8, 0x06, 0x7c, 0x3f,
  0x7a, 0x18, 0x7c, 0x3f, 0xe4, 0x29, 0x7c, 0x3f, 0x25, 0x3b, 0x7c, 0x3f,
  0x44, 0x4c, 0x7c, 0x3f, 0x38, 0x5d, 0x7c, 0x3f, 0x07, 0x6e, 0x7c, 0x3f,
  0xae, 0x7e, 0x7c, 0x3f, 0x31, 0x8f, 0x7c, 0x3f, 0x8a, 0x9f, 0x7c, 0x3f,
  0xbc, 0xaf, 0x7c, 0x3f, 0xc7, 0xbf, 0x7c, 0x3f, 0xad, 0xcf, 0x7c, 0x3f,
  0x6a, 0xdf, 0x7c, 0x3f, 0x03, 0xef, 0x7c, 0x3f, 0x72, 0xfe, 0x7c, 0x3f,
  0xba, 0x0d, 0x7d, 0x3f, 0xdc, 0x1c, 0x7d, 0x3f, 0xd9, 0x2b, 0x7d, 0x3f,
  0xaa, 0x3a, 0x7d, 0x3f, 0x58, 0x49, 0x7d, 0x3f, 0xde, 0x57, 0x7d, 0x3f,
  0x3c, 0x66, 0x7d, 0x3f, 0x74, 0x74, 0x7d, 0x3f, 0x85, 0x82, 0x7d, 0x3f,
  0x6e, 0x90, 0x7d, 0x3f, 0x30, 0x9e, 0x7d, 0x3f, 0xc9, 0xab, 0x7d, 0x3f,
  0x3e, 0xb9, 0x7d, 0x3f, 0x8b, 0xc6, 0x7d, 0x3f, 0xb3, 0xd3, 0x7d, 0x3f,
  0xb0, 0xe0, 0x7d, 0x3f, 0x88, 0xed, 0x7d, 0x3f, 0x38, 0xfa, 0x7d, 0x3f,
  0xc0, 0x06, 0x7e, 0x3f, 0x21, 0x13, 0x7e, 0x3f, 0x5e, 0x1f, 0x7e, 0x3f,
  0x70, 0x2b, 0x7e, 0x3f, 0x5d, 0x37, 0x7e, 0x3f, 0x23, 0x43, 0x7e, 0x3f,
  0xc0, 0x4e, 0x7e, 0x3f, 0x38, 0x5a, 0x7e, 0x3f, 0x86, 0x65, 0x7e, 0x3f,
  0xaf, 0x70, 0x7e, 0x3f, 0xb0, 0x7b, 0x7e, 0x3f, 0x8a, 0x86, 0x7e, 0x3f,
  0x3c, 0x91, 0x7e, 0x3f, 0xc7, 0x9b, 0x7e, 0x3f, 0x2c, 0xa6, 0x7e, 0x3f,
  0x67, 0xb0, 0x7e, 0x3f, 0x7d, 0xba, 0x7e, 0x3f, 0x6d, 0xc4, 0x7e, 0x3f,
  0x34, 0xce, 0x7e, 0x3f, 0xd3, 0xd7, 0x7e, 0x3f, 0x49, 0xe1, 0x7e, 0x3f,
  0x9d, 0xea, 0x7e, 0x3f, 0xc6, 0xf3, 0x7e, 0x3f, 0xc7, 0xfc, 0x7e, 0x3f,
  0xa4, 0x05, 0x7f, 0x3f, 0x56, 0x0e, 0x7f, 0x3f, 0xe3, 0x16, 0x7f, 0x3f,
  0x49, 0x1f, 0x7f, 0x3f, 0x86, 0x27, 0x7f, 0x3f, 0x9c, 0x2f, 0x7f, 0x3f,
  0x8c, 0x37, 0x7f, 0x3f, 0x55, 0x3f, 0x7f, 0x3f, 0xf4, 0x46, 0x7f, 0x3f,
  0x6c, 0x4e, 0x7f, 0x3f, 0xbe, 0x55, 0x7f, 0x3f, 0xe8, 0x5c, 0x7f, 0x3f,
  0xea, 0x63, 0x7f, 0x3f, 0xc6, 0x6a, 0x7f, 0x3f, 0x7b, 0x71, 0x7f, 0x3f,
  0x08, 0x78, 0x7f, 0x3f, 0x6c, 0x7e, 0x7f, 0x3f, 0xa9, 0x84, 0x7f, 0x3f,
  0xc0, 0x8a, 0x7f, 0x3f, 0xb0, 0x90, 0x7f, 0x3f, 0x78, 0x96, 0x7f, 0x3f,
  0x19, 0x9c, 0x7f, 0x3f, 0x90, 0xa1, 0x7f, 0x3f, 0xe2, 0xa6, 0x7f, 0x3f,
  0x0c, 0xac, 0x7f, 0x3f, 0x0e, 0xb1, 0x7f, 0x3f, 0xe9, 0xb5, 0x7f, 0x3f,
  0x9c, 0xba, 0x7f, 0x3f, 0x2a, 0xbf, 0x7f, 0x3f, 0x8e, 0xc3, 0x7f, 0x3f,
  0xcc, 0xc7, 0x7f, 0x3f, 0xe3, 0xcb, 0x7f, 0x3f, 0xd0, 0xcf, 0x7f, 0x3f,
  0x96, 0xd3, 0x7f, 0x3f, 0x36, 0xd7, 0x7f, 0x3f, 0xad, 0xda, 0x7f, 0x3f,
  0xfe, 0xdd, 0x7f, 0x3f, 0x29, 0xe1, 0x7f, 0x3f, 0x2b, 0xe4, 0x7f, 0x3f,
  0x05, 0xe7, 0x7f, 0x3f, 0xb6, 0xe9, 0x7f, 0x3f, 0x43, 0xec, 0x7f, 0x3f,
  0xa5, 0xee, 0x7f, 0x3f, 0xe1, 0xf0, 0x7f, 0x3f, 0xf9, 0xf2, 0x7f, 0x3f,
  0xe4, 0xf4, 0x7f, 0x3f, 0xa9, 0xf6, 0x7f, 0x3f, 0x49, 0xf8, 0x7f, 0x3f,
  0xbf, 0xf9, 0x7f, 0x3f, 0x11, 0xfb, 0x7f, 0x3f, 0x38, 0xfc, 0x7f, 0x3f,
  0x39, 0xfd, 0x7f, 0x3f, 0x13, 0xfe, 0x7f, 0x3f, 0xc5, 0xfe, 0x7f, 0x3f,
  0x4e, 0xff, 0x7f, 0x3f, 0xaf, 0xff, 0x7f, 0x3f, 0xec, 0xff, 0x7f, 0x3f,
  0xfe, 0xff, 0x7f, 0x3f, 0xec, 0xff, 0x7f, 0x3f, 0xaf, 0xff, 0x7f, 0x3f,
  0x4e, 0xff, 0x7f, 0x3f, 0xc5, 0xfe, 0x7f, 0x3f, 0x13, 0xfe, 0x7f, 0x3f,
  0x39, 0xfd, 0x7f, 0x3f, 0x38, 0xfc, 0x7f, 0x3f, 0x11, 0xfb, 0x7f, 0x3f,
  0xbf, 0xf9, 0x7f, 0x3f, 0x49, 0xf8, 0x7f, 0x3f, 0xa9, 0xf6, 0x7f, 0x3f,
  0xe4, 0xf4, 0x7f, 0x3f, 0xf9, 0xf2, 0x7f, 0x3f, 0xe1, 0xf0, 0x7f, 0x3f,
  0xa5, 0xee, 0x7f, 0x3f, 0x43, 0xec, 0x7f, 0x3f, 0xb6, 0xe9, 0x7f, 0x3f,
  0x05, 0xe7, 0x7f, 0x3f, 0x2b, 0xe4, 0x7f, 0x3f, 0x29, 0xe1, 0x7f, 0x3f,
  0xfe, 0xdd, 0x7f, 0x3f, 0xad, 0xda, 0x7f, 0x3f, 0x36, 0xd7, 0x7f, 0x3f,
  0x96, 0xd3, 0x7f, 0x3f, 0xd0, 0xcf, 0x7f, 0x3f, 0xe3, 0xcb, 0x7f, 0x3f,
  0xcc, 0xc7, 0x7f, 0x3f, 0x8e, 0xc3, 0x7f, 0x3f, 0x2a, 0xbf, 0x7f, 0x3f,
  0x9c, 0xba, 0x7f, 0x3f, 0xe9, 0xb5, 0x7f, 0x3f, 0x0e, 0xb1, 0x7f, 0x3f,
  0x0c, 0xac, 0x7f, 0x3f, 0xe2, 0xa6, 0x7f, 0x3f, 0x90, 0xa1, 0x7f, 0x3f,
  0x19, 0x9c, 0x7f, 0x3f, 0x78, 0x96, 0x7f, 0x3f, 0xb0, 0x90, 0x7f, 0x3f,
  0xc0, 0x8a, 0x7f, 0x3f, 0xa9, 0x84, 0x7f, 0x3f, 0x6c, 0x7e, 0x7f, 0x3f,
  0x08, 0x78, 0x7f, 0x3f, 0x7b, 0x71, 0x7f, 0x3f, 0xc6, 0x6a, 0x7f, 0x3f,
  0xea, 0x63, 0x7f, 0x3f, 0xe8, 0x5c, 0x7f, 0x3f, 0xbe, 0x55, 0x7f, 0x3f,
  0x6c, 0x4e, 0x7f, 0x3f, 0xf4, 0x46, 0x7f, 0x3f, 0x55, 0x3f, 0x7f, 0x3f,
  0x8c, 0x37, 0x7f, 0x3f, 0x9c, 0x2f, 0x7f, 0x3f, 0x86, 0x27, 0x7f, 0x3f,
  0x49, 0x1f, 0x7f, 0x3f, 0xe3, 0x16, 0x7f, 0x3f, 0x56, 0x0e, 0x7f, 0x3f,
  0xa4, 0x05, 0x7f, 0x3f, 0xc7, 0xfc, 0x7e, 0x3f, 0xc6, 0xf3, 0x7e, 0x3f,
  0x9d, 0xea, 0x7e, 0x3f, 0x49, 0xe1, 0x7e, 0x3f, 0xd3, 0xd7, 0x7e, 0x3f,
  0x34, 0xce, 0x7e, 0x3f, 0x6d, 0xc4, 0x7e, 0x3f, 0x7d, 0xba, 0x7e, 0x3f,
  0x67, 0xb0, 0x7e, 0x3f, 0x2c, 0xa6, 0x7e, 0x3f, 0xc7, 0x9b, 0x7e, 0x3f,
  0x3c, 0x91, 0x7e, 0x3f, 0x8a, 0x86, 0x7e, 0x3f, 0xb0, 0x7b, 0x7e, 0x3f,
  0xaf, 0x70, 0x7e, 0x3f, 0x86, 0x65, 0x7e, 0x3f, 0x38, 0x5a, 0x7e, 0x3f,
  0xc0, 0x4e, 0x7e, 0x3f, 0x23, 0x43, 0x7e, 0x3f, 0x5d, 0x37, 0x7e, 0x3f,
  0x70, 0x2b, 0x7e, 0x3f, 0x5e, 0x1f, 0x7e, 0x3f, 0x21, 0x13, 0x7e, 0x3f,
  0xc0, 0x06, 0x7e, 0x3f, 0x38, 0xfa, 0x7d, 0x3f, 0x88, 0xed, 0x7d, 0x3f,
  0xb0, 0xe0, 0x7d, 0x3f, 0xb3, 0xd3, 0x7d, 0x3f, 0x8b, 0xc6, 0x7d, 0x3f,
  0x3e, 0xb9, 0x7d, 0x3f, 0xc9, 0xab, 0x7d, 0x3f, 0x30, 0x9e, 0x7d, 0x3f,
  0x6e, 0x90, 0x7d, 0x3f, 0x85, 0x82, 0x7d, 0x3f, 0x74, 0x74, 0x7d, 0x3f,
  0x3c, 0x66, 0x7d, 0x3f, 0xde, 0x57, 0x7d, 0x3f, 0x58, 0x49, 0x7d, 0x3f,
  0xaa, 0x3a, 0x7d, 0x3f, 0xd9, 0x2b, 0x7d, 0x3f, 0xdc, 0x1c, 0x7d, 0x3f,
  0xba, 0x0d, 0x7d, 0x3f, 0x72, 0xfe, 0x7c, 0x3f, 0x03, 0xef, 0x7c, 0x3f,
  0x6a, 0xdf, 0x7c, 0x3f, 0xad, 0xcf, 0x7c, 0x3f, 0xc7, 0xbf, 0x7c, 0x3f,
  0xbc, 0xaf, 0x7c, 0x3f, 0x8a, 0x9f, 0x7c, 0x3f, 0x31, 0x8f, 0x7c, 0x3f,
  0xae, 0x7e, 0x7c, 0x3f, 0x07, 0x6e, 0x7c, 0x3f, 0x38, 0x5d, 0x7c, 0x3f,
  0x44, 0x4c, 0x7c, 0x3f, 0x25, 0x3b, 0x7c, 0x3f, 0xe4, 0x29, 0x7c, 0x3f,
  0x7a, 0x18, 0x7c, 0x3f, 0xe8, 0x06, 0x7c, 0x3f, 0x30, 0xf5, 0x7b, 0x3f,
  0x52, 0xe3, 0x7b, 0x3f, 0x4d, 0xd1, 0x7b, 0x3f, 0x20, 0xbf, 0x7b, 0x3f,
  0xcc, 0xac, 0x7b, 0x3f, 0x52, 0x9a, 0x7b, 0x3f, 0xb2, 0x87, 0x7b, 0x3f,
  0xea, 0x74, 0x7b, 0x3f, 0xfb, 0x61, 0x7b, 0x3f, 0xe5, 0x4e, 0x7b, 0x3f,
  0xab, 0x3b, 0x7b, 0x3f, 0x46, 0x28, 0x7b, 0x3f, 0xbf, 0x14, 0x7b, 0x3f,
  0x0d, 0x01, 0x7b, 0x3f, 0x37, 0xed, 0x7a, 0x3f, 0x38, 0xd9, 0x7a, 0x3f,
  0x14, 0xc5, 0x7a, 0x3f, 0xca, 0xb0, 0x7a, 0x3f, 0x58, 0x9c, 0x7a, 0x3f,
  0xc0, 0x87, 0x7a, 0x3f, 0x01, 0x73, 0x7a, 0x3f, 0x1c, 0x5e, 0x7a, 0x3f,
  0x0f, 0x49, 0x7a, 0x3f, 0xdc, 0x33, 0x7a, 0x3f, 0x83, 0x1e, 0x7a, 0x3f,
  0x05, 0x09, 0x7a, 0x3f, 0x5c, 0xf3, 0x79, 0x3f, 0x90, 0xdd, 0x79, 0x3f,
  0x9b, 0xc7, 0x79, 0x3f, 0x82, 0xb1, 0x79, 0x3f, 0x42, 0x9b, 0x79, 0x3f,
  0xda, 0x84, 0x79, 0x3f, 0x4f, 0x6e, 0x79, 0x3f, 0x99, 0x57, 0x79, 0x3f,
  0xbd, 0x40, 0x79, 0x3f, 0xbe, 0x29, 0x79, 0x3f, 0x95, 0x12, 0x79, 0x3f,
  0x4b, 0xfb, 0x78, 0x3f, 0xd4, 0xe3, 0x78, 0x3f, 0x3b, 0xcc, 0x78, 0x3f,
  0x7b, 0xb4, 0x78, 0x3f, 0x92, 0x9c, 0x78, 0x3f, 0x84, 0x84, 0x78, 0x3f,
  0x51, 0x6c, 0x78, 0x3f, 0xf5, 0x53, 0x78, 0x3f, 0x76, 0x3b, 0x78, 0x3f,
  0xd0, 0x22, 0x78, 0x3f, 0x02, 0x0a, 0x78, 0x3f, 0x10, 0xf1, 0x77, 0x3f,
  0xf7, 0xd7, 0x77, 0x3f, 0xb7, 0xbe, 0x77, 0x3f, 0x50, 0xa5, 0x77, 0x3f,
  0xc4, 0x8b, 0x77, 0x3f, 0x12, 0x72, 0x77, 0x3f, 0x3a, 0x58, 0x77, 0x3f,
  0x3b, 0x3e, 0x77, 0x3f, 0x16, 0x24, 0x77, 0x3f, 0xcb, 0x09, 0x77, 0x3f,
  0x5a, 0xef, 0x76, 0x3f, 0xc3, 0xd4, 0x76, 0x3f, 0x06, 0xba, 0x76, 0x3f,
  0x24, 0x9f, 0x76, 0x3f, 0x1a, 0x84, 0x76, 0x3f, 0xeb, 0x68, 0x76, 0x3f,
  0x97, 0x4d, 0x76, 0x3f, 0x1a, 0x32, 0x76, 0x3f, 0x7b, 0x16, 0x76, 0x3f,
  0xb3, 0xfa, 0x75, 0x3f, 0xc6, 0xde, 0x75, 0x3f, 0xb3, 0xc2, 0x75, 0x3f,
  0x7a, 0xa6, 0x75, 0x3f, 0x1a, 0x8a, 0x75, 0x3f, 0x96, 0x6d, 0x75, 0x3f,
  0xec, 0x50, 0x75, 0x3f, 0x1c, 0x34, 0x75, 0x3f, 0x27, 0x17, 0x75, 0x3f,
  0x0a, 0xfa, 0x74, 0x3f, 0xc9, 0xdc, 0x74, 0x3f, 0x61, 0xbf, 0x74, 0x3f,
  0xd4, 0xa1, 0x74, 0x3f, 0x21, 0x84, 0x74, 0x3f, 0x48, 0x66, 0x74, 0x3f,
  0x49, 0x48, 0x74, 0x3f, 0x25, 0x2a, 0x74, 0x3f, 0xdd, 0x0b, 0x74, 0x3f,
  0x6d, 0xed, 0x73, 0x3f, 0xd7, 0xce, 0x73, 0x3f, 0x1e, 0xb0, 0x73, 0x3f,
  0x3f, 0x91, 0x73, 0x3f, 0x38, 0x72, 0x73, 0x3f, 0x0f, 0x53, 0x73, 0x3f,
  0xbd, 0x33, 0x73, 0x3f, 0x46, 0x14, 0x73, 0x3f, 0xaa, 0xf4, 0x72, 0x3f,
  0xea, 0xd4, 0x72, 0x3f, 0x04, 0xb5, 0x72, 0x3f, 0xf8, 0x94, 0x72, 0x3f,
  0xc6, 0x74, 0x72, 0x3f, 0x6e, 0x54, 0x72, 0x3f, 0xf2, 0x33, 0x72, 0x3f,
  0x52, 0x13, 0x72, 0x3f, 0x8a, 0xf2, 0x71, 0x3f, 0x9f, 0xd1, 0x71, 0x3f,
  0x8b, 0xb0, 0x71, 0x3f, 0x56, 0x8f, 0x71, 0x3f, 0xfb, 0x6d, 0x71, 0x3f,
  0x7a, 0x4c, 0x71, 0x3f, 0xd1, 0x2a, 0x71, 0x3f, 0x09, 0x09, 0x71, 0x3f,
  0x16, 0xe7, 0x70, 0x3f, 0x00, 0xc5, 0x70, 0x3f, 0xc6, 0xa2, 0x70, 0x3f,
  0x66, 0x80, 0x70, 0x3f, 0xe0, 0x5d, 0x70, 0x3f, 0x36, 0x3b, 0x70, 0x3f,
  0x66, 0x18, 0x70, 0x3f, 0x71, 0xf5, 0x6f, 0x3f, 0x57, 0xd2, 0x6f, 0x3f,
  0x1a, 0xaf, 0x6f, 0x3f, 0xb8, 0x8b, 0x6f, 0x3f, 0x2e, 0x68, 0x6f, 0x3f,
  0x82, 0x44, 0x6f, 0x3f, 0xb0, 0x20, 0x6f, 0x3f, 0xb8, 0xfc, 0x6e, 0x3f,
  0x9c, 0xd8, 0x6e, 0x3f, 0x5d, 0xb4, 0x6e, 0x3f, 0xf7, 0x8f, 0x6e, 0x3f,
  0x6c, 0x6b, 0x6e, 0x3f, 0xbd, 0x46, 0x6e, 0x3f, 0xea, 0x21, 0x6e, 0x3f,
  0xf2, 0xfc, 0x6d, 0x3f, 0xd4, 0xd7, 0x6d, 0x3f, 0x92, 0xb2, 0x6d, 0x3f,
  0x2d, 0x8d, 0x6d, 0x3f, 0x9f, 0x67, 0x6d, 0x3f, 0xf0, 0x41, 0x6d, 0x3f,
  0x1d, 0x1c, 0x6d, 0x3f, 0x24, 0xf6, 0x6c, 0x3f, 0x06, 0xd0, 0x6c, 0x3f,
  0xc4, 0xa9, 0x6c, 0x3f, 0x5e, 0x83, 0x6c, 0x3f, 0xd2, 0x5c, 0x6c, 0x3f,
  0x24, 0x36, 0x6c, 0x3f, 0x51, 0x0f, 0x6c, 0x3f, 0x57, 0xe8, 0x6b, 0x3f,
  0x3b, 0xc1, 0x6b, 0x3f, 0xf9, 0x99, 0x6b, 0x3f, 0x94, 0x72, 0x6b, 0x3f,
  0x0b, 0x4b, 0x6b, 0x3f, 0x5c, 0x23, 0x6b, 0x3f, 0x8a, 0xfb, 0x6a, 0x3f,
  0x94, 0xd3, 0x6a, 0x3f, 0x7a, 0xab, 0x6a, 0x3f, 0x3b, 0x83, 0x6a, 0x3f,
  0xd9, 0x5a, 0x6a, 0x3f, 0x50, 0x32, 0x6a, 0x3f, 0xa6, 0x09, 0x6a, 0x3f,
  0xd6, 0xe0, 0x69, 0x3f, 0xe2, 0xb7, 0x69, 0x3f, 0xcd, 0x8e, 0x69, 0x3f,
  0x90, 0x65, 0x69, 0x3f, 0x2f, 0x3c, 0x69, 0x3f, 0xae, 0x12, 0x69, 0x3f,
  0x07, 0xe9, 0x68, 0x3f, 0x3a, 0xbf, 0x68, 0x3f, 0x4c, 0x95, 0x68, 0x3f,
  0x38, 0x6b, 0x68, 0x3f, 0x01, 0x41, 0x68, 0x3f, 0xa6, 0x16, 0x68, 0x3f,
  0x28, 0xec, 0x67, 0x3f, 0x86, 0xc1, 0x67, 0x3f, 0xc0, 0x96, 0x67, 0x3f,
  0xd6, 0x6b, 0x67, 0x3f, 0xcb, 0x40, 0x67, 0x3f, 0x97, 0x15, 0x67, 0x3f,
  0x44, 0xea, 0x66, 0x3f, 0xcc, 0xbe, 0x66, 0x3f, 0x30, 0x93, 0x66, 0x3f,
  0x6f, 0x67, 0x66, 0x3f, 0x8d, 0x3b, 0x66, 0x3f, 0x87, 0x0f, 0x66, 0x3f,
  0x5c, 0xe3, 0x65, 0x3f, 0x11, 0xb7, 0x65, 0x3f, 0x9e, 0x8a, 0x65, 0x3f,
  0x0a, 0x5e, 0x65, 0x3f, 0x52, 0x31, 0x65, 0x3f, 0x77, 0x04, 0x65, 0x3f,
  0x7a, 0xd7, 0x64, 0x3f, 0x57, 0xaa, 0x64, 0x3f, 0x13, 0x7d, 0x64, 0x3f,
  0xac, 0x4f, 0x64, 0x3f, 0x20, 0x22, 0x64, 0x3f, 0x72, 0xf4, 0x63, 0x3f,
  0xa0, 0xc6, 0x63, 0x3f, 0xab, 0x98, 0x63, 0x3f, 0x94, 0x6a, 0x63, 0x3f,
  0x58, 0x3c, 0x63, 0x3f, 0xfa, 0x0d, 0x63, 0x3f, 0x7a, 0xdf, 0x62, 0x3f,
  0xd6, 0xb0, 0x62, 0x3f, 0x10, 0x82, 0x62, 0x3f, 0x25, 0x53, 0x62, 0x3f,
  0x17, 0x24, 0x62, 0x3f, 0xe8, 0xf4, 0x61, 0x3f, 0x96, 0xc5, 0x61, 0x3f,
  0x22, 0x96, 0x61, 0x3f, 0x8a, 0x66, 0x61, 0x3f, 0xce, 0x36, 0x61, 0x3f,
  0xf0, 0x06, 0x61, 0x3f, 0xf0, 0xd6, 0x60, 0x3f, 0xcd, 0xa6, 0x60, 0x3f,
  0x87, 0x76, 0x60, 0x3f, 0x20, 0x46, 0x60, 0x3f, 0x96, 0x15, 0x60, 0x3f,
  0xe8, 0xe4, 0x5f, 0x3f, 0x19, 0xb4, 0x5f, 0x3f, 0x26, 0x83, 0x5f, 0x3f,
  0x11, 0x52, 0x5f, 0x3f, 0xda, 0x20, 0x5f, 0x3f, 0x80, 0xef, 0x5e, 0x3f,
  0x04, 0xbe, 0x5e, 0x3f, 0x66, 0x8c, 0x5e, 0x3f, 0xa6, 0x5a, 0x5e, 0x3f,
  0xc2, 0x28, 0x5e, 0x3f, 0xbd, 0xf6, 0x5d, 0x3f, 0x96, 0xc4, 0x5d, 0x3f,
  0x4d, 0x92, 0x5d, 0x3f, 0xe0, 0x5f, 0x5d, 0x3f, 0x52, 0x2d, 0x5d, 0x3f,
  0xa3, 0xfa, 0x5c, 0x3f, 0xd0, 0xc7, 0x5c, 0x3f, 0xdc, 0x94, 0x5c, 0x3f,
  0xc6, 0x61, 0x5c, 0x3f, 0x8f, 0x2e, 0x5c, 0x3f, 0x34, 0xfb, 0x5b, 0x3f,
  0xb8, 0xc7, 0x5b, 0x3f, 0x1a, 0x94, 0x5b, 0x3f, 0x5b, 0x60, 0x5b, 0x3f,
  0x78, 0x2c, 0x5b, 0x3f, 0x74, 0xf8, 0x5a, 0x3f, 0x4e, 0xc4, 0x5a, 0x3f,
  0x07, 0x90, 0x5a, 0x3f, 0xa0, 0x5b, 0x5a, 0x3f, 0x14, 0x27, 0x5a, 0x3f,
  0x68, 0xf2, 0x59, 0x3f, 0x9d, 0xbd, 0x59, 0x3f, 0xac, 0x88, 0x59, 0x3f,
  0x9c, 0x53, 0x59, 0x3f, 0x69, 0x1e, 0x59, 0x3f, 0x16, 0xe9, 0x58, 0x3f,
  0xa1, 0xb3, 0x58, 0x3f, 0x0a, 0x7e, 0x58, 0x3f, 0x52, 0x48, 0x58, 0x3f,
  0x78, 0x12, 0x58, 0x3f, 0x7e, 0xdc, 0x57, 0x3f, 0x63, 0xa6, 0x57, 0x3f,
  0x24, 0x70, 0x57, 0x3f, 0xc6, 0x39, 0x57, 0x3f, 0x46, 0x03, 0x57, 0x3f,
  0xa6, 0xcc, 0x56, 0x3f, 0xe3, 0x95, 0x56, 0x3f, 0x00, 0x5f, 0x56, 0x3f,
  0xfc, 0x27, 0x56, 0x3f, 0xd7, 0xf0, 0x55, 0x3f, 0x92, 0xb9, 0x55, 0x3f,
  0x2a, 0x82, 0x55, 0x3f, 0xa3, 0x4a, 0x55, 0x3f, 0xfa, 0x12, 0x55, 0x3f,
  0x2f, 0xdb, 0x54, 0x3f, 0x47, 0xa3, 0x54, 0x3f, 0x39, 0x6b, 0x54, 0x3f,
  0x0d, 0x33, 0x54, 0x3f, 0xc2, 0xfa, 0x53, 0x3f, 0x55, 0xc2, 0x53, 0x3f,
  0xc6, 0x89, 0x53, 0x3f, 0x17, 0x51, 0x53, 0x3f, 0x49, 0x18, 0x53, 0x3f,
  0x59, 0xdf, 0x52, 0x3f, 0x49, 0xa6, 0x52, 0x3f, 0x16, 0x6d, 0x52, 0x3f,
  0xc6, 0x33, 0x52, 0x3f, 0x55, 0xfa, 0x51, 0x3f, 0xc2, 0xc0, 0x51, 0x3f,
  0x0e, 0x87, 0x51, 0x3f, 0x3d, 0x4d, 0x51, 0x3f, 0x49, 0x13, 0x51, 0x3f,
  0x36, 0xd9, 0x50, 0x3f, 0x03, 0x9f, 0x50, 0x3f, 0xaf, 0x64, 0x50, 0x3f,
  0x3a, 0x2a, 0x50, 0x3f, 0xa6, 0xef, 0x4f, 0x3f, 0xf3, 0xb4, 0x4f, 0x3f,
  0x1e, 0x7a, 0x4f, 0x3f, 0x2b, 0x3f, 0x4f, 0x3f, 0x16, 0x04, 0x4f, 0x3f,
  0xe2, 0xc8, 0x4e, 0x3f, 0x8f, 0x8d, 0x4e, 0x3f, 0x1c, 0x52, 0x4e, 0x3f,
  0x88, 0x16, 0x4e, 0x3f, 0xd4, 0xda, 0x4d, 0x3f, 0x02, 0x9f, 0x4d, 0x3f,
  0x0e, 0x63, 0x4d, 0x3f, 0xfc, 0x26, 0x4d, 0x3f, 0xca, 0xea, 0x4c, 0x3f,
  0x78, 0xae, 0x4c, 0x3f, 0x08, 0x72, 0x4c, 0x3f, 0x75, 0x35, 0x4c, 0x3f,
  0xc5, 0xf8, 0x4b, 0x3f, 0xf6, 0xbb, 0x4b, 0x3f, 0x08, 0x7f, 0x4b, 0x3f,
  0xfa, 0x41, 0x4b, 0x3f, 0xcb, 0x04, 0x4b, 0x3f, 0x7e, 0xc7, 0x4a, 0x3f,
  0x12, 0x8a, 0x4a, 0x3f, 0x87, 0x4c, 0x4a, 0x3f, 0xdb, 0x0e, 0x4a, 0x3f,
  0x12, 0xd1, 0x49, 0x3f, 0x28, 0x93, 0x49, 0x3f, 0x21, 0x55, 0x49, 0x3f,
  0xf8, 0x16, 0x49, 0x3f, 0xb2, 0xd8, 0x48, 0x3f, 0x4e, 0x9a, 0x48, 0x3f,
  0xca, 0x5b, 0x48, 0x3f, 0x27, 0x1d, 0x48, 0x3f, 0x65, 0xde, 0x47, 0x3f,
  0x85, 0x9f, 0x47, 0x3f, 0x85, 0x60, 0x47, 0x3f, 0x67, 0x21, 0x47, 0x3f,
  0x28, 0xe2, 0x46, 0x3f, 0xcc, 0xa2, 0x46, 0x3f, 0x52, 0x63, 0x46, 0x3f,
  0xb9, 0x23, 0x46, 0x3f, 0x02, 0xe4, 0x45, 0x3f, 0x2c, 0xa4, 0x45, 0x3f,
  0x39, 0x64, 0x45, 0x3f, 0x25, 0x24, 0x45, 0x3f, 0xf4, 0xe3, 0x44, 0x3f,
  0xa5, 0xa3, 0x44, 0x3f, 0x35, 0x63, 0x44, 0x3f, 0xa9, 0x22, 0x44, 0x3f,
  0xff, 0xe1, 0x43, 0x3f, 0x35, 0xa1, 0x43, 0x3f, 0x51, 0x60, 0x43, 0x3f,
  0x4a, 0x1f, 0x43, 0x3f, 0x27, 0xde, 0x42, 0x3f, 0xe6, 0x9c, 0x42, 0x3f,
  0x89, 0x5b, 0x42, 0x3f, 0x0a, 0x1a, 0x42, 0x3f, 0x70, 0xd8, 0x41, 0x3f,
  0xb6, 0x96, 0x41, 0x3f, 0xdf, 0x54, 0x41, 0x3f, 0xec, 0x12, 0x41, 0x3f,
  0xd8, 0xd0, 0x40, 0x3f, 0xa9, 0x8e, 0x40, 0x3f, 0x59, 0x4c, 0x40, 0x3f,
  0xef, 0x09, 0x40, 0x3f, 0x66, 0xc7, 0x3f, 0x3f, 0xc1, 0x84, 0x3f, 0x3f,
  0xfc, 0x41, 0x3f, 0x3f, 0x19, 0xff, 0x3e, 0x3f, 0x1a, 0xbc, 0x3e, 0x3f,
  0xfe, 0x78, 0x3e, 0x3f, 0xc4, 0x35, 0x3e, 0x3f, 0x6c, 0xf2, 0x3d, 0x3f,
  0xf9, 0xae, 0x3d, 0x3f, 0x66, 0x6b, 0x3d, 0x3f, 0xb8, 0x27, 0x3d, 0x3f,
  0xec, 0xe3, 0x3c, 0x3f, 0x02, 0xa0, 0x3c, 0x3f, 0xfd, 0x5b, 0x3c, 0x3f,
  0xd8, 0x17, 0x3c, 0x3f, 0x98, 0xd3, 0x3b, 0x3f, 0x3a, 0x8f, 0x3b, 0x3f,
  0xbf, 0x4a, 0x3b, 0x3f, 0x28, 0x06, 0x3b, 0x3f, 0x75, 0xc1, 0x3a, 0x3f,
  0xa5, 0x7c, 0x3a, 0x3f, 0xb6, 0x37, 0x3a, 0x3f, 0xac, 0xf2, 0x39, 0x3f,
  0x84, 0xad, 0x39, 0x3f, 0x40, 0x68, 0x39, 0x3f, 0xe0, 0x22, 0x39, 0x3f,
  0x65, 0xdd, 0x38, 0x3f, 0xca, 0x97, 0x38, 0x3f, 0x14, 0x52, 0x38, 0x3f,
  0x41, 0x0c, 0x38, 0x3f, 0x54, 0xc6, 0x37, 0x3f, 0x49, 0x80, 0x37, 0x3f,
  0x22, 0x3a, 0x37, 0x3f, 0xde, 0xf3, 0x36, 0x3f, 0x7e, 0xad, 0x36, 0x3f,
  0x02, 0x67, 0x36, 0x3f, 0x6a, 0x20, 0x36, 0x3f, 0xb7, 0xd9, 0x35, 0x3f,
  0xe5, 0x92, 0x35, 0x3f, 0xfb, 0x4b, 0x35, 0x3f, 0xf2, 0x04, 0x35, 0x3f,
  0xce, 0xbd, 0x34, 0x3f, 0x8e, 0x76, 0x34, 0x3f, 0x31, 0x2f, 0x34, 0x3f,
  0xbb, 0xe7, 0x33, 0x3f, 0x27, 0xa0, 0x33, 0x3f, 0x78, 0x58, 0x33, 0x3f,
  0xaf, 0x10, 0x33, 0x3f, 0xc8, 0xc8, 0x32, 0x3f, 0xc6, 0x80, 0x32, 0x3f,
  0xaa, 0x38, 0x32, 0x3f, 0x6f, 0xf0, 0x31, 0x3f, 0x1c, 0xa8, 0x31, 0x3f,
  0xac, 0x5f, 0x31, 0x3f, 0x22, 0x17, 0x31, 0x3f, 0x7c, 0xce, 0x30, 0x3f,
  0xba, 0x85, 0x30, 0x3f, 0xdb, 0x3c, 0x30, 0x3f, 0xe4, 0xf3, 0x2f, 0x3f,
  0xd3, 0xaa, 0x2f, 0x3f, 0xa4, 0x61, 0x2f, 0x3f, 0x5a, 0x18, 0x2f, 0x3f,
  0xf6, 0xce, 0x2e, 0x3f, 0x78, 0x85, 0x2e, 0x3f, 0xdc, 0x3b, 0x2e, 0x3f,
  0x29, 0xf2, 0x2d, 0x3f, 0x58, 0xa8, 0x2d, 0x3f, 0x6d, 0x5e, 0x2d, 0x3f,
  0x68, 0x14, 0x2d, 0x3f, 0x49, 0xca, 0x2c, 0x3f, 0x0f, 0x80, 0x2c, 0x3f,
  0xb8, 0x35, 0x2c, 0x3f, 0x49, 0xeb, 0x2b, 0x3f, 0xbe, 0xa0, 0x2b, 0x3f,
  0x1b, 0x56, 0x2b, 0x3f, 0x5b, 0x0b, 0x2b, 0x3f, 0x80, 0xc0, 0x2a, 0x3f,
  0x8c, 0x75, 0x2a, 0x3f, 0x7e, 0x2a, 0x2a, 0x3f, 0x56, 0xdf, 0x29, 0x3f,
  0x13, 0x94, 0x29, 0x3f, 0xb5, 0x48, 0x29, 0x3f, 0x40, 0xfd, 0x28, 0x3f,
  0xae, 0xb1, 0x28, 0x3f, 0x03, 0x66, 0x28, 0x3f, 0x3f, 0x1a, 0x28, 0x3f,
  0x60, 0xce, 0x27, 0x3f, 0x68, 0x82, 0x27, 0x3f, 0x53, 0x36, 0x27, 0x3f,
  0x27, 0xea, 0x26, 0x3f, 0xe2, 0x9d, 0x26, 0x3f, 0x82, 0x51, 0x26, 0x3f,
  0x0a, 0x05, 0x26, 0x3f, 0x76, 0xb8, 0x25, 0x3f, 0xca, 0x6b, 0x25, 0x3f,
  0x04, 0x1f, 0x25, 0x3f, 0x24, 0xd2, 0x24, 0x3f, 0x2a, 0x85, 0x24, 0x3f,
  0x18, 0x38, 0x24, 0x3f, 0xec, 0xea, 0x23, 0x3f, 0xa8, 0x9d, 0x23, 0x3f,
  0x4b, 0x50, 0x23, 0x3f, 0xd2, 0x02, 0x23, 0x3f, 0x42, 0xb5, 0x22, 0x3f,
  0x98, 0x67, 0x22, 0x3f, 0xd6, 0x19, 0x22, 0x3f, 0xfa, 0xcb, 0x21, 0x3f,
  0x06, 0x7e, 0x21, 0x3f, 0xf8, 0x2f, 0x21, 0x3f, 0xd1, 0xe1, 0x20, 0x3f,
  0x91, 0x93, 0x20, 0x3f, 0x3a, 0x45, 0x20, 0x3f, 0xcb, 0xf6, 0x1f, 0x3f,
  0x3f, 0xa8, 0x1f, 0x3f, 0x9e, 0x59, 0x1f, 0x3f, 0xe4, 0x0a, 0x1f, 0x3f,
  0x10, 0xbc, 0x1e, 0x3f, 0x26, 0x6d, 0x1e, 0x3f, 0x22, 0x1e, 0x1e, 0x3f,
  0x05, 0xcf, 0x1d, 0x3f, 0xd0, 0x7f, 0x1d, 0x3f, 0x83, 0x30, 0x1d, 0x3f,
  0x1e, 0xe1, 0x1c, 0x3f, 0xa1, 0x91, 0x1c, 0x3f, 0x0c, 0x42, 0x1c, 0x3f,
  0x5e, 0xf2, 0x1b, 0x3f, 0x97, 0xa2, 0x1b, 0x3f, 0xbb, 0x52, 0x1b, 0x3f,
  0xc5, 0x02, 0x1b, 0x3f, 0xb6, 0xb2, 0x1a, 0x3f, 0x93, 0x62, 0x1a, 0x3f,
  0x55, 0x12, 0x1a, 0x3f, 0x01, 0xc2, 0x19, 0x3f, 0x92, 0x71, 0x19, 0x3f,
  0x0e, 0x21, 0x19, 0x3f, 0x72, 0xd0, 0x18, 0x3f, 0xbe, 0x7f, 0x18, 0x3f,
  0xf3, 0x2e, 0x18, 0x3f, 0x12, 0xde, 0x17, 0x3f, 0x19, 0x8d, 0x17, 0x3f,
  0x05, 0x3c, 0x17, 0x3f, 0xde, 0xea, 0x16, 0x3f, 0x9e, 0x99, 0x16, 0x3f,
  0x46, 0x48, 0x16, 0x3f, 0xd8, 0xf6, 0x15, 0x3f, 0x51, 0xa5, 0x15, 0x3f,
  0xb6, 0x53, 0x15, 0x3f, 0x02, 0x02, 0x15, 0x3f, 0x38, 0xb0, 0x14, 0x3f,
  0x57, 0x5e, 0x14, 0x3f, 0x5e, 0x0c, 0x14, 0x3f, 0x51, 0xba, 0x13, 0x3f,
  0x2b, 0x68, 0x13, 0x3f, 0xed, 0x15, 0x13, 0x3f, 0x99, 0xc3, 0x12, 0x3f,
  0x30, 0x71, 0x12, 0x3f, 0xad, 0x1e, 0x12, 0x3f, 0x18, 0xcc, 0x11, 0x3f,
  0x6a, 0x79, 0x11, 0x3f, 0xa6, 0x26, 0x11, 0x3f, 0xcd, 0xd3, 0x10, 0x3f,
  0xdb, 0x80, 0x10, 0x3f, 0xd4, 0x2d, 0x10, 0x3f, 0xb6, 0xda, 0x0f, 0x3f,
  0x85, 0x87, 0x0f, 0x3f, 0x3b, 0x34, 0x0f, 0x3f, 0xdb, 0xe0, 0x0e, 0x3f,
  0x63, 0x8d, 0x0e, 0x3f, 0xd8, 0x39, 0x0e, 0x3f, 0x38, 0xe6, 0x0d, 0x3f,
  0x81, 0x92, 0x0d, 0x3f, 0xb2, 0x3e, 0x0d, 0x3f, 0xd1, 0xea, 0x0c, 0x3f,
  0xd6, 0x96, 0x0c, 0x3f, 0xc8, 0x42, 0x0c, 0x3f, 0xa4, 0xee, 0x0b, 0x3f,
  0x6a, 0x9a, 0x0b, 0x3f, 0x1a, 0x46, 0x0b, 0x3f, 0xb6, 0xf1, 0x0a, 0x3f,
  0x3c, 0x9d, 0x0a, 0x3f, 0xac, 0x48, 0x0a, 0x3f, 0x08, 0xf4, 0x09, 0x3f,
  0x4d, 0x9f, 0x09, 0x3f, 0x7e, 0x4a, 0x09, 0x3f, 0x9a, 0xf5, 0x08, 0x3f,
  0x9f, 0xa0, 0x08, 0x3f, 0x92, 0x4b, 0x08, 0x3f, 0x6f, 0xf6, 0x07, 0x3f,
  0x34, 0xa1, 0x07, 0x3f, 0xe8, 0x4b, 0x07, 0x3f, 0x83, 0xf6, 0x06, 0x3f,
  0x0e, 0xa1, 0x06, 0x3f, 0x83, 0x4b, 0x06, 0x3f, 0xe0, 0xf5, 0x05, 0x3f,
  0x2c, 0xa0, 0x05, 0x3f, 0x61, 0x4a, 0x05, 0x3f, 0x82, 0xf4, 0x04, 0x3f,
  0x90, 0x9e, 0x04, 0x3f, 0x87, 0x48, 0x04, 0x3f, 0x6c, 0xf2, 0x03, 0x3f,
  0x3c, 0x9c, 0x03, 0x3f, 0xf8, 0x45, 0x03, 0x3f, 0x9f, 0xef, 0x02, 0x3f,
  0x32, 0x99, 0x02, 0x3f, 0xb0, 0x42, 0x02, 0x3f, 0x1a, 0xec, 0x01, 0x3f,
  0x72, 0x95, 0x01, 0x3f, 0xb4, 0x3e, 0x01, 0x3f, 0xe5, 0xe7, 0x00, 0x3f,
  0xfe, 0x90, 0x00, 0x3f, 0x07, 0x3a, 0x00, 0x3f, 0xef, 0xc5, 0xff, 0x3e,
  0xb0, 0x17, 0xff, 0x3e, 0x49, 0x69, 0xfe, 0x3e, 0xb9, 0xba, 0xfd, 0x3e,
  0x04, 0x0c, 0xfd, 0x3e, 0x24, 0x5d, 0xfc, 0x3e, 0x1f, 0xae, 0xfb, 0x3e,
  0xf4, 0xfe, 0xfa, 0x3e, 0xa5, 0x4f, 0xfa, 0x3e, 0x2b, 0xa0, 0xf9, 0x3e,
  0x8b, 0xf0, 0xf8, 0x3e, 0xc7, 0x40, 0xf8, 0x3e, 0xdd, 0x90, 0xf7, 0x3e,
  0xc8, 0xe0, 0xf6, 0x3e, 0x92, 0x30, 0xf6, 0x3e, 0x33, 0x80, 0xf5, 0x3e,
  0xaf, 0xcf, 0xf4, 0x3e, 0x03, 0x1f, 0xf4, 0x3e, 0x39, 0x6e, 0xf3, 0x3e,
  0x40, 0xbd, 0xf2, 0x3e, 0x28, 0x0c, 0xf2, 0x3e, 0xe9, 0x5a, 0xf1, 0x3e,
  0x84, 0xa9, 0xf0, 0x3e, 0xf7, 0xf7, 0xef, 0x3e, 0x4c, 0x46, 0xef, 0x3e,
  0x79, 0x94, 0xee, 0x3e, 0x81, 0xe2, 0xed, 0x3e, 0x60, 0x30, 0xed, 0x3e,
  0x21, 0x7e, 0xec, 0x3e, 0xb7, 0xcb, 0xeb, 0x3e, 0x2f, 0x19, 0xeb, 0x3e,
  0x81, 0x66, 0xea, 0x3e, 0xac, 0xb3, 0xe9, 0x3e, 0xb4, 0x00, 0xe9, 0x3e,
  0x9c, 0x4d, 0xe8, 0x3e, 0x5b, 0x9a, 0xe7, 0x3e, 0xf8, 0xe6, 0xe6, 0x3e,
  0x74, 0x33, 0xe6, 0x3e, 0xc7, 0x7f, 0xe5, 0x3e, 0xfd, 0xcb, 0xe4, 0x3e,
  0x0d, 0x18, 0xe4, 0x3e, 0xf9, 0x63, 0xe3, 0x3e, 0xbf, 0xaf, 0xe2, 0x3e,
  0x68, 0xfb, 0xe1, 0x3e, 0xeb, 0x46, 0xe1, 0x3e, 0x4d, 0x92, 0xe0, 0x3e,
  0x8b, 0xdd, 0xdf, 0x3e, 0xa9, 0x28, 0xdf, 0x3e, 0xa0, 0x73, 0xde, 0x3e,
  0x78, 0xbe, 0xdd, 0x3e, 0x2c, 0x09, 0xdd, 0x3e, 0xc1, 0x53, 0xdc, 0x3e,
  0x2e, 0x9e, 0xdb, 0x3e, 0x81, 0xe8, 0xda, 0x3e, 0xaa, 0x32, 0xda, 0x3e,
  0xba, 0x7c, 0xd9, 0x3e, 0xa0, 0xc6, 0xd8, 0x3e, 0x69, 0x10, 0xd8, 0x3e,
  0x10, 0x5a, 0xd7, 0x3e, 0x99, 0xa3, 0xd6, 0x3e, 0xfd, 0xec, 0xd5, 0x3e,
  0x3f, 0x36, 0xd5, 0x3e, 0x64, 0x7f, 0xd4, 0x3e, 0x63, 0xc8, 0xd3, 0x3e,
  0x47, 0x11, 0xd3, 0x3e, 0x07, 0x5a, 0xd2, 0x3e, 0xa8, 0xa2, 0xd1, 0x3e,
  0x28, 0xeb, 0xd0, 0x3e, 0x8a, 0x33, 0xd0, 0x3e, 0xca, 0x7b, 0xcf, 0x3e,
  0xe8, 0xc3, 0xce, 0x3e, 0xe8, 0x0b, 0xce, 0x3e, 0xc7, 0x53, 0xcd, 0x3e,
  0x88, 0x9b, 0xcc, 0x3e, 0x2d, 0xe3, 0xcb, 0x3e, 0xab, 0x2a, 0xcb, 0x3e,
  0x11, 0x72, 0xca, 0x3e, 0x4e, 0xb9, 0xc9, 0x3e, 0x75, 0x00, 0xc9, 0x3e,
  0x7d, 0x47, 0xc8, 0x3e, 0x60, 0x8e, 0xc7, 0x3e, 0x28, 0xd5, 0xc6, 0x3e,
  0xcf, 0x1b, 0xc6, 0x3e, 0x5a, 0x62, 0xc5, 0x3e, 0xc5, 0xa8, 0xc4, 0x3e,
  0x14, 0xef, 0xc3, 0x3e, 0x45, 0x35, 0xc3, 0x3e, 0x55, 0x7b, 0xc2, 0x3e,
  0x47, 0xc1, 0xc1, 0x3e, 0x1d, 0x07, 0xc1, 0x3e, 0xd6, 0x4c, 0xc0, 0x3e,
  0x6c, 0x92, 0xbf, 0x3e, 0xe9, 0xd7, 0xbe, 0x3e, 0x46, 0x1d, 0xbe, 0x3e,
  0x89, 0x62, 0xbd, 0x3e, 0xab, 0xa7, 0xbc, 0x3e, 0xb5, 0xec, 0xbb, 0x3e,
  0xa1, 0x31, 0xbb, 0x3e, 0x6b, 0x76, 0xba, 0x3e, 0x1d, 0xbb, 0xb9, 0x3e,
  0xaf, 0xff, 0xb8, 0x3e, 0x28, 0x44, 0xb8, 0x3e, 0x84, 0x88, 0xb7, 0x3e,
  0xc1, 0xcc, 0xb6, 0x3e, 0xe3, 0x10, 0xb6, 0x3e, 0xe8, 0x54, 0xb5, 0x3e,
  0xd4, 0x98, 0xb4, 0x3e, 0xa3, 0xdc, 0xb3, 0x3e, 0x53, 0x20, 0xb3, 0x3e,
  0xec, 0x63, 0xb2, 0x3e, 0x67, 0xa7, 0xb1, 0x3e, 0xc7, 0xea, 0xb0, 0x3e,
  0x0c, 0x2e, 0xb0, 0x3e, 0x39, 0x71, 0xaf, 0x3e, 0x48, 0xb4, 0xae, 0x3e,
  0x3d, 0xf7, 0xad, 0x3e, 0x13, 0x3a, 0xad, 0x3e, 0xcf, 0x7c, 0xac, 0x3e,
  0x72, 0xbf, 0xab, 0x3e, 0xff, 0x01, 0xab, 0x3e, 0x6d, 0x44, 0xaa, 0x3e,
  0xc4, 0x86, 0xa9, 0x3e, 0xfc, 0xc8, 0xa8, 0x3e, 0x1d, 0x0b, 0xa8, 0x3e,
  0x24, 0x4d, 0xa7, 0x3e, 0x0f, 0x8f, 0xa6, 0x3e, 0xe3, 0xd0, 0xa5, 0x3e,
  0x9c, 0x12, 0xa5, 0x3e, 0x3d, 0x54, 0xa4, 0x3e, 0xc4, 0x95, 0xa3, 0x3e,
  0x30, 0xd7, 0xa2, 0x3e, 0x84, 0x18, 0xa2, 0x3e, 0xc1, 0x59, 0xa1, 0x3e,
  0xe3, 0x9a, 0xa0, 0x3e, 0xea, 0xdb, 0x9f, 0x3e, 0xde, 0x1c, 0x9f, 0x3e,
  0xb2, 0x5d, 0x9e, 0x3e, 0x73, 0x9e, 0x9d, 0x3e, 0x1c, 0xdf, 0x9c, 0x3e,
  0xab, 0x1f, 0x9c, 0x3e, 0x25, 0x60, 0x9b, 0x3e, 0x84, 0xa0, 0x9a, 0x3e,
  0xcc, 0xe0, 0x99, 0x3e, 0xfd, 0x20, 0x99, 0x3e, 0x12, 0x61, 0x98, 0x3e,
  0x14, 0xa1, 0x97, 0x3e, 0x01, 0xe1, 0x96, 0x3e, 0xd0, 0x20, 0x96, 0x3e,
  0x8b, 0x60, 0x95, 0x3e, 0x2f, 0xa0, 0x94, 0x3e, 0xbb, 0xdf, 0x93, 0x3e,
  0x33, 0x1f, 0x93, 0x3e, 0x93, 0x5e, 0x92, 0x3e, 0xdc, 0x9d, 0x91, 0x3e,
  0x0e, 0xdd, 0x90, 0x3e, 0x2b, 0x1c, 0x90, 0x3e, 0x31, 0x5b, 0x8f, 0x3e,
  0x1f, 0x9a, 0x8e, 0x3e, 0xf9, 0xd8, 0x8d, 0x3e, 0xbc, 0x17, 0x8d, 0x3e,
  0x6a, 0x56, 0x8c, 0x3e, 0x05, 0x95, 0x8b, 0x3e, 0x88, 0xd3, 0x8a, 0x3e,
  0xf3, 0x11, 0x8a, 0x3e, 0x4b, 0x50, 0x89, 0x3e, 0x91, 0x8e, 0x88, 0x3e,
  0xc0, 0xcc, 0x87, 0x3e, 0xd8, 0x0a, 0x87, 0x3e, 0xdb, 0x48, 0x86, 0x3e,
  0xcb, 0x86, 0x85, 0x3e, 0xa9, 0xc4, 0x84, 0x3e, 0x70, 0x02, 0x84, 0x3e,
  0x20, 0x40, 0x83, 0x3e, 0xbe, 0x7d, 0x82, 0x3e, 0x49, 0xbb, 0x81, 0x3e,
  0xc0, 0xf8, 0x80, 0x3e, 0x1f, 0x36, 0x80, 0x3e, 0xe0, 0xe6, 0x7e, 0x3e,
  0x4e, 0x61, 0x7d, 0x3e, 0xa1, 0xdb, 0x7b, 0x3e, 0xcb, 0x55, 0x7a, 0x3e,
  0xc6, 0xcf, 0x78, 0x3e, 0xa0, 0x49, 0x77, 0x3e, 0x59, 0xc3, 0x75, 0x3e,
  0xe9, 0x3c, 0x74, 0x3e, 0x51, 0xb6, 0x72, 0x3e, 0x90, 0x2f, 0x71, 0x3e,
  0xae, 0xa8, 0x6f, 0x3e, 0xaa, 0x21, 0x6e, 0x3e, 0x78, 0x9a, 0x6c, 0x3e,
  0x2a, 0x13, 0x6b, 0x3e, 0xb5, 0x8b, 0x69, 0x3e, 0x1e, 0x04, 0x68, 0x3e,
  0x5e, 0x7c, 0x66, 0x3e, 0x7d, 0xf4, 0x64, 0x3e, 0x81, 0x6c, 0x63, 0x3e,
  0x56, 0xe4, 0x61, 0x3e, 0x11, 0x5c, 0x60, 0x3e, 0xa3, 0xd3, 0x5e, 0x3e,
  0x1a, 0x4b, 0x5d, 0x3e, 0x69, 0xc2, 0x5b, 0x3e, 0x8f, 0x39, 0x5a, 0x3e,
  0xa2, 0xb0, 0x58, 0x3e, 0x86, 0x27, 0x57, 0x3e, 0x55, 0x9e, 0x55, 0x3e,
  0x03, 0x15, 0x54, 0x3e, 0x88, 0x8b, 0x52, 0x3e, 0xf3, 0x01, 0x51, 0x3e,
  0x36, 0x78, 0x4f, 0x3e, 0x57, 0xee, 0x4d, 0x3e, 0x63, 0x64, 0x4c, 0x3e,
  0x48, 0xda, 0x4a, 0x3e, 0x18, 0x50, 0x49, 0x3e, 0xc0, 0xc5, 0x47, 0x3e,
  0x47, 0x3b, 0x46, 0x3e, 0xb9, 0xb0, 0x44, 0x3e, 0xfd, 0x25, 0x43, 0x3e,
  0x33, 0x9b, 0x41, 0x3e, 0x47, 0x10, 0x40, 0x3e, 0x3a, 0x85, 0x3e, 0x3e,
  0x13, 0xfa, 0x3c, 0x3e, 0xc9, 0x6e, 0x3b, 0x3e, 0x65, 0xe3, 0x39, 0x3e,
  0xe6, 0x57, 0x38, 0x3e, 0x52, 0xcc, 0x36, 0x3e, 0x97, 0x40, 0x35, 0x3e,
  0xc0, 0xb4, 0x33, 0x3e, 0xcf, 0x28, 0x32, 0x3e, 0xca, 0x9c, 0x30, 0x3e,
  0xa3, 0x10, 0x2f, 0x3e, 0x61, 0x84, 0x2d, 0x3e, 0xfe, 0xf7, 0x2b, 0x3e,
  0x86, 0x6b, 0x2a, 0x3e, 0xfb, 0xde, 0x28, 0x3e, 0x4e, 0x52, 0x27, 0x3e,
  0x86, 0xc5, 0x25, 0x3e, 0xaa, 0x38, 0x24, 0x3e, 0xb3, 0xab, 0x22, 0x3e,
  0xa1, 0x1e, 0x21, 0x3e, 0x7b, 0x91, 0x1f, 0x3e, 0x3a, 0x04, 0x1e, 0x3e,
  0xd8, 0x76, 0x1c, 0x3e, 0x68, 0xe9, 0x1a, 0x3e, 0xd7, 0x5b, 0x19, 0x3e,
  0x38, 0xce, 0x17, 0x3e, 0x7e, 0x40, 0x16, 0x3e, 0xb1, 0xb2, 0x14, 0x3e,
  0xc8, 0x24, 0x13, 0x3e, 0xc5, 0x96, 0x11, 0x3e, 0xad, 0x08, 0x10, 0x3e,
  0x88, 0x7a, 0x0e, 0x3e, 0x49, 0xec, 0x0c, 0x3e, 0xee, 0x5d, 0x0b, 0x3e,
  0x7f, 0xcf, 0x09, 0x3e, 0x03, 0x41, 0x08, 0x3e, 0x65, 0xb2, 0x06, 0x3e,
  0xc1, 0x23, 0x05, 0x3e, 0x02, 0x95, 0x03, 0x3e, 0x27, 0x06, 0x02, 0x3e,
  0x40, 0x77, 0x00, 0x3e, 0x96, 0xd0, 0xfd, 0x3d, 0x76, 0xb2, 0xfa, 0x3d,
  0x21, 0x94, 0xf7, 0x3d, 0xb1, 0x75, 0xf4, 0x3d, 0x26, 0x57, 0xf1, 0x3d,
  0x72, 0x38, 0xee, 0x3d, 0x97, 0x19, 0xeb, 0x3d, 0x93, 0xfa, 0xe7, 0x3d,
  0x74, 0xdb, 0xe4, 0x3d, 0x20, 0xbc, 0xe1, 0x3d, 0xbe, 0x9c, 0xde, 0x3d,
  0x34, 0x7d, 0xdb, 0x3d, 0x82, 0x5d, 0xd8, 0x3d, 0xb5, 0x3d, 0xd5, 0x3d,
  0xbf, 0x1d, 0xd2, 0x3d, 0xaf, 0xfd, 0xce, 0x3d, 0x80, 0xdd, 0xcb, 0x3d,
  0x30, 0xbd, 0xc8, 0x3d, 0xc0, 0x9c, 0xc5, 0x3d, 0x30, 0x7c, 0xc2, 0x3d,
  0x80, 0x5b, 0xbf, 0x3d, 0xc0, 0x3a, 0xbc, 0x3d, 0xcf, 0x19, 0xb9, 0x3d,
  0xd0, 0xf8, 0xb5, 0x3d, 0xaf, 0xd7, 0xb2, 0x3d, 0x80, 0xb6, 0xaf, 0x3d,
  0x20, 0x95, 0xac, 0x3d, 0xb0, 0x73, 0xa9, 0x3d, 0x20, 0x52, 0xa6, 0x3d,
  0x80, 0x30, 0xa3, 0x3d, 0xc0, 0x0e, 0xa0, 0x3d, 0xf0, 0xec, 0x9c, 0x3d,
  0x00, 0xcb, 0x99, 0x3d, 0x00, 0xa9, 0x96, 0x3d, 0xe0, 0x86, 0x93, 0x3d,
  0xb1, 0x64, 0x90, 0x3d, 0x60, 0x42, 0x8d, 0x3d, 0x00, 0x20, 0x8a, 0x3d,
  0x90, 0xfd, 0x86, 0x3d, 0x00, 0xdb, 0x83, 0x3d, 0x60, 0xb8, 0x80, 0x3d,
  0x5f, 0x2b, 0x7b, 0x3d, 0xe0, 0xe5, 0x74, 0x3d, 0x21, 0xa0, 0x6e, 0x3d,
  0x5f, 0x5a, 0x68, 0x3d, 0x5f, 0x14, 0x62, 0x3d, 0x3f, 0xce, 0x5b, 0x3d,
  0xff, 0x87, 0x55, 0x3d, 0x9f, 0x41, 0x4f, 0x3d, 0x21, 0xfb, 0x48, 0x3d,
  0x80, 0xb4, 0x42, 0x3d, 0xbf, 0x6d, 0x3c, 0x3d, 0xe1, 0x26, 0x36, 0x3d,
  0xff, 0xdf, 0x2f, 0x3d, 0xe0, 0x98, 0x29, 0x3d, 0xbf, 0x51, 0x23, 0x3d,
  0x80, 0x0a, 0x1d, 0x3d, 0x20, 0xc3, 0x16, 0x3d, 0xa1, 0x7b, 0x10, 0x3d,
  0x21, 0x34, 0x0a, 0x3d, 0x81, 0xec, 0x03, 0x3d, 0x82, 0x49, 0xfb, 0x3c,
  0x02, 0xba, 0xee, 0x3c, 0x42, 0x2a, 0xe2, 0x3c, 0x81, 0x9a, 0xd5, 0x3c,
  0x80, 0x0a, 0xc9, 0x3c, 0x7f, 0x7a, 0xbc, 0x3c, 0x3e, 0xea, 0xaf, 0x3c,
  0x02, 0x5a, 0xa3, 0x3c, 0x80, 0xc9, 0x96, 0x3c, 0xfe, 0x38, 0x8a, 0x3c,
  0x04, 0x51, 0x7b, 0x3c, 0x80, 0x2f, 0x62, 0x3c, 0x7c, 0x0e, 0x49, 0x3c,
  0x03, 0xed, 0x2f, 0x3c, 0x00, 0xcb, 0x16, 0x3c, 0xff, 0x52, 0xfb, 0x3b,
  0xff, 0x0e, 0xc9, 0x3b, 0x00, 0xcb, 0x96, 0x3b, 0x00, 0x0e, 0x49, 0x3b,
  0x01, 0x0c, 0xc9, 0x3a, 0x00, 0x00, 0x00, 0x00, 0x01, 0x0c, 0xc9, 0x3a,
  0x00, 0x0e, 0x49, 0x3b, 0x00, 0xcb, 0x96, 0x3b, 0xff, 0x0e, 0xc9, 0x3b,
  0xff, 0x52, 0xfb, 0x3b, 0x00, 0xcb, 0x16, 0x3c, 0x03, 0xed, 0x2f, 0x3c,
  0x7c, 0x0e, 0x49, 0x3c, 0x80, 0x2f, 0x62, 0x3c, 0x04, 0x51, 0x7b, 0x3c,
  0xfe, 0x38, 0x8a, 0x3c, 0x80, 0xc9, 0x96, 0x3c, 0x02, 0x5a, 0xa3, 0x3c,
  0x3e, 0xea, 0xaf, 0x3c, 0x7f, 0x7a, 0xbc, 0x3c, 0x80, 0x0a, 0xc9, 0x3c,
  0x81, 0x9a, 0xd5, 0x3c, 0x42, 0x2a, 0xe2, 0x3c, 0x02, 0xba, 0xee, 0x3c,
  0x82, 0x49, 0xfb, 0x3c, 0x81, 0xec, 0x03, 0x3d, 0x21, 0x34, 0x0a, 0x3d,
  0xa1, 0x7b, 0x10, 0x3d, 0x20, 0xc3, 0x16, 0x3d, 0x80, 0x0a, 0x1d, 0x3d,
  0xbf, 0x51, 0x23, 0x3d, 0xe0, 0x98, 0x29, 0x3d, 0xff, 0xdf, 0x2f, 0x3d,
  0xe1, 0x26, 0x36, 0x3d, 0xbf, 0x6d, 0x3c, 0x3d, 0x80, 0xb4, 0x42, 0x3d,
  0x21, 0xfb, 0x48, 0x3d, 0x9f, 0x41, 0x4f, 0x3d, 0xff, 0x87, 0x55, 0x3d,
  0x3f, 0xce, 0x5b, 0x3d, 0x5f, 0x14, 0x62, 0x3d, 0x5f, 0x5a, 0x68, 0x3d,
  0x21, 0xa0, 0x6e, 0x3d, 0xe0, 0xe5, 0x74, 0x3d, 0x5f, 0x2b, 0x7b, 0x3d,
  0x60, 0xb8, 0x80, 0x3d, 0x00, 0xdb, 0x83, 0x3d, 0x90, 0xfd, 0x86, 0x3d,
  0x00, 0x20, 0x8a, 0x3d, 0x60, 0x42, 0x8d, 0x3d, 0xb1, 0x64, 0x90, 0x3d,
  0xe0, 0x86, 0x93, 0x3d, 0x00, 0xa9, 0x96, 0x3d, 0x00, 0xcb, 0x99, 0x3d,
  0xf0, 0xec, 0x9c, 0x3d, 0xc0, 0x0e, 0xa0, 0x3d, 0x80, 0x30, 0xa3, 0x3d,
  0x20, 0x52, 0xa6, 0x3d, 0xb0, 0x73, 0xa9, 0x3d, 0x20, 0x95, 0xac, 0x3d,
  0x80, 0xb6, 0xaf, 0x3d, 0xaf, 0xd7, 0xb2, 0x3d, 0xd0, 0xf8, 0xb5, 0x3d,
  0xcf, 0x19, 0xb9, 0x3d, 0xc0, 0x3a, 0xbc, 0x3d, 0x80, 0x5b, 0xbf, 0x3d,
  0x30, 0x7c, 0xc2, 0x3d, 0xc0, 0x9c, 0xc5, 0x3d, 0x30, 0xbd, 0xc8, 0x3d,
  0x80, 0xdd, 0xcb, 0x3d, 0xaf, 0xfd, 0xce, 0x3d, 0xbf, 0x1d, 0xd2, 0x3d,
  0xb5, 0x3d, 0xd5, 0x3d, 0x82, 0x5d, 0xd8, 0x3d, 0x34, 0x7d, 0xdb, 0x3d,
  0xbe, 0x9c, 0xde, 0x3d, 0x20, 0xbc, 0xe1, 0x3d, 0x74, 0xdb, 0xe4, 0x3d,
  0x93, 0xfa, 0xe7, 0x3d, 0x97, 0x19, 0xeb, 0x3d, 0x72, 0x38, 0xee, 0x3d,
  0x26, 0x57, 0xf1, 0x3d, 0xb1, 0x75, 0xf4, 0x3d, 0x21, 0x94, 0xf7, 0x3d,
  0x76, 0xb2, 0xfa, 0x3d, 0x96, 0xd0, 0xfd, 0x3d, 0x40, 0x77, 0x00, 0x3e,
  0x27, 0x06, 0x02, 0x3e, 0x02, 0x95, 0x03, 0x3e, 0xc1, 0x23, 0x05, 0x3e,
  0x65, 0xb2, 0x06, 0x3e, 0x03, 0x41, 0x08, 0x3e, 0x7f, 0xcf, 0x09, 0x3e,
  0xee, 0x5d, 0x0b, 0x3e, 0x49, 0xec, 0x0c, 0x3e, 0x88, 0x7a, 0x0e, 0x3e,
  0xad, 0x08, 0x10, 0x3e, 0xc5, 0x96, 0x11, 0x3e, 0xc8, 0x24, 0x13, 0x3e,
  0xb1, 0xb2, 0x14, 0x3e, 0x7e, 0x40, 0x16, 0x3e, 0x38, 0xce, 0x17, 0x3e,
  0xd7, 0x5b, 0x19, 0x3e, 0x68, 0xe9, 0x1a, 0x3e, 0xd8, 0x76, 0x1c, 0x3e,
  0x3a, 0x04, 0x1e, 0x3e, 0x7b, 0x91, 0x1f, 0x3e, 0xa1, 0x1e, 0x21, 0x3e,
  0xb3, 0xab, 0x22, 0x3e, 0xaa, 0x38, 0x24, 0x3e, 0x86, 0xc5, 0x25, 0x3e,
  0x4e, 0x52, 0x27, 0x3e, 0xfb, 0xde, 0x28, 0x3e, 0x86, 0x6b, 0x2a, 0x3e,
  0xfe, 0xf7, 0x2b, 0x3e, 0x61, 0x84, 0x2d, 0x3e, 0xa3, 0x10, 0x2f, 0x3e,
  0xca, 0x9c, 0x30, 0x3e, 0xcf, 0x28, 0x32, 0x3e, 0xc0, 0xb4, 0x33, 0x3e,
  0x97, 0x40, 0x35, 0x3e, 0x52, 0xcc, 0x36, 0x3e, 0xe6, 0x57, 0x38, 0x3e,
  0x65, 0xe3, 0x39, 0x3e, 0xc9, 0x6e, 0x3b, 0x3e, 0x13, 0xfa, 0x3c, 0x3e,
  0x3a, 0x85, 0x3e, 0x3e, 0x47, 0x10, 0x40, 0x3e, 0x33, 0x9b, 0x41, 0x3e,
  0xfd, 0x25, 0x43, 0x3e, 0xb9, 0xb0, 0x44, 0x3e, 0x47, 0x3b, 0x46, 0x3e,
  0xc0, 0xc5, 0x47, 0x3e, 0x18, 0x50, 0x49, 0x3e, 0x48, 0xda, 0x4a, 0x3e,
  0x63, 0x64, 0x4c, 0x3e, 0x57, 0xee, 0x4d, 0x3e, 0x36, 0x78, 0x4f, 0x3e,
  0xf3, 0x01, 0x51, 0x3e, 0x88, 0x8b, 0x52, 0x3e, 0x03, 0x15, 0x54, 0x3e,
  0x55, 0x9e, 0x55, 0x3e, 0x86, 0x27, 0x57, 0x3e, 0xa2, 0xb0, 0x58, 0x3e,
  0x8f, 0x39, 0x5a, 0x3e, 0x69, 0xc2, 0x5b, 0x3e, 0x1a, 0x4b, 0x5d, 0x3e,
  0xa3, 0xd3, 0x5e, 0x3e, 0x11, 0x5c, 0x60, 0x3e, 0x56, 0xe4, 0x61, 0x3e,
  0x81, 0x6c, 0x63, 0x3e, 0x7d, 0xf4, 0x64, 0x3e, 0x5e, 0x7c, 0x66, 0x3e,
  0x1e, 0x04, 0x68, 0x3e, 0xb5, 0x8b, 0x69, 0x3e, 0x2a, 0x13, 0x6b, 0x3e,
  0x78, 0x9a, 0x6c, 0x3e, 0xaa, 0x21, 0x6e, 0x3e, 0xae, 0xa8, 0x6f, 0x3e,
  0x90, 0x2f, 0x71, 0x3e, 0x51, 0xb6, 0x72, 0x3e, 0xe9, 0x3c, 0x74, 0x3e,
  0x59, 0xc3, 0x75, 0x3e, 0xa0, 0x49, 0x77, 0x3e, 0xc6, 0xcf, 0x78, 0x3e,
  0xcb, 0x55, 0x7a, 0x3e, 0xa1, 0xdb, 0x7b, 0x3e, 0x4e, 0x61, 0x7d, 0x3e,
  0xe0, 0xe6, 0x7e, 0x3e, 0x1f, 0x36, 0x80, 0x3e, 0xc0, 0xf8, 0x80, 0x3e,
  0x49, 0xbb, 0x81, 0x3e, 0xbe, 0x7d, 0x82, 0x3e, 0x20, 0x40, 0x83, 0x3e,
  0x70, 0x02, 0x84, 0x3e, 0xa9, 0xc4, 0x84, 0x3e, 0xcb, 0x86, 0x85, 0x3e,
  0xdb, 0x48, 0x86, 0x3e, 0xd8, 0x0a, 0x87, 0x3e, 0xc0, 0xcc, 0x87, 0x3e,
  0x91, 0x8e, 0x88, 0x3e, 0x4b, 0x50, 0x89, 0x3e, 0xf3, 0x11, 0x8a, 0x3e,
  0x88, 0xd3, 0x8a, 0x3e, 0x05, 0x95, 0x8b, 0x3e, 0x6a, 0x56, 0x8c, 0x3e,
  0xbc, 0x17, 0x8d, 0x3e, 0xf9, 0xd8, 0x8d, 0x3e, 0x1f, 0x9a, 0x8e, 0x3e,
  0x31, 0x5b, 0x8f, 0x3e, 0x2b, 0x1c, 0x90, 0x3e, 0x0e, 0xdd, 0x90, 0x3e,
  0xdc, 0x9d, 0x91, 0x3e, 0x93, 0x5e, 0x92, 0x3e, 0x33, 0x1f, 0x93, 0x3e,
  0xbb, 0xdf, 0x93, 0x3e, 0x2f, 0xa0, 0x94, 0x3e, 0x8b, 0x60, 0x95, 0x3e,
  0xd0, 0x20, 0x96, 0x3e, 0x01, 0xe1, 0x96, 0x3e, 0x14, 0xa1, 0x97, 0x3e,
  0x12, 0x61, 0x98, 0x3e, 0xfd, 0x20, 0x99, 0x3e, 0xcc, 0xe0, 0x99, 0x3e,
  0x84, 0xa0, 0x9a, 0x3e, 0x25, 0x60, 0x9b, 0x3e, 0xab, 0x1f, 0x9c, 0x3e,
  0x1c, 0xdf, 0x9c, 0x3e, 0x73, 0x9e, 0x9d, 0x3e, 0xb2, 0x5d, 0x9e, 0x3e,
  0xde, 0x1c, 0x9f, 0x3e, 0xea, 0xdb, 0x9f, 0x3e, 0xe3, 0x9a, 0xa0, 0x3e,
  0xc1, 0x59, 0xa1, 0x3e, 0x84, 0x18, 0xa2, 0x3e, 0x30, 0xd7, 0xa2, 0x3e,
  0xc4, 0x95, 0xa3, 0x3e, 0x3d, 0x54, 0xa4, 0x3e, 0x9c, 0x12, 0xa5, 0x3e,
  0xe3, 0xd0, 0xa5, 0x3e, 0x0f, 0x8f, 0xa6, 0x3e, 0x24, 0x4d, 0xa7, 0x3e,
  0x1d, 0x0b, 0xa8, 0x3e, 0xfc, 0xc8, 0xa8, 0x3e, 0xc4, 0x86, 0xa9, 0x3e,
  0x6d, 0x44, 0xaa, 0x3e, 0xff, 0x01, 0xab, 0x3e, 0x72, 0xbf, 0xab, 0x3e,
  0xcf, 0x7c, 0xac, 0x3e, 0x13, 0x3a, 0xad, 0x3e, 0x3d, 0xf7, 0xad, 0x3e,
  0x48, 0xb4, 0xae, 0x3e, 0x39, 0x71, 0xaf, 0x3e, 0x0c, 0x2e, 0xb0, 0x3e,
  0xc7, 0xea, 0xb0, 0x3e, 0x67, 0xa7, 0xb1, 0x3e, 0xec, 0x63, 0xb2, 0x3e,
  0x53, 0x20, 0xb3, 0x3e, 0xa3, 0xdc, 0xb3, 0x3e, 0xd4, 0x98, 0xb4, 0x3e,
  0xe8, 0x54, 0xb5, 0x3e, 0xe3, 0x10, 0xb6, 0x3e, 0xc1, 0xcc, 0xb6, 0x3e,
  0x84, 0x88, 0xb7, 0x3e, 0x28, 0x44, 0xb8, 0x3e, 0xaf, 0xff, 0xb8, 0x3e,
  0x1d, 0xbb, 0xb9, 0x3e, 0x6b, 0x76, 0xba, 0x3e, 0xa1, 0x31, 0xbb, 0x3e,
  0xb5, 0xec, 0xbb, 0x3e, 0xab, 0xa7, 0xbc, 0x3e, 0x89, 0x62, 0xbd, 0x3e,
  0x46, 0x1d, 0xbe, 0x3e, 0xe9, 0xd7, 0xbe, 0x3e, 0x6c, 0x92, 0xbf, 0x3e,
  0xd6, 0x4c, 0xc0, 0x3e, 0x1d, 0x07, 0xc1, 0x3e, 0x47, 0xc1, 0xc1, 0x3e,
  0x55, 0x7b, 0xc2, 0x3e, 0x45, 0x35, 0xc3, 0x3e, 0x14, 0xef, 0xc3, 0x3e,
  0xc5, 0xa8, 0xc4, 0x3e, 0x5a, 0x62, 0xc5, 0x3e, 0xcf, 0x1b, 0xc6, 0x3e,
  0x28, 0xd5, 0xc6, 0x3e, 0x60, 0x8e, 0xc7, 0x3e, 0x7d, 0x47, 0xc8, 0x3e,
  0x75, 0x00, 0xc9, 0x3e, 0x4e, 0xb9, 0xc9, 0x3e, 0x11, 0x72, 0xca, 0x3e,
  0xab, 0x2a, 0xcb, 0x3e, 0x2d, 0xe3, 0xcb, 0x3e, 0x88, 0x9b, 0xcc, 0x3e,
  0xc7, 0x53, 0xcd, 0x3e, 0xe8, 0x0b, 0xce, 0x3e, 0xe8, 0xc3, 0xce, 0x3e,
  0xca, 0x7b, 0xcf, 0x3e, 0x8a, 0x33, 0xd0, 0x3e, 0x28, 0xeb, 0xd0, 0x3e,
  0xa8, 0xa2, 0xd1, 0x3e, 0x07, 0x5a, 0xd2, 0x3e, 0x47, 0x11, 0xd3, 0x3e,
  0x63, 0xc8, 0xd3, 0x3e, 0x64, 0x7f, 0xd4, 0x3e, 0x3f, 0x36, 0xd5, 0x3e,
  0xfd, 0xec, 0xd5, 0x3e, 0x99, 0xa3, 0xd6, 0x3e, 0x10, 0x5a, 0xd7, 0x3e,
  0x69, 0x10, 0xd8, 0x3e, 0xa0, 0xc6, 0xd8, 0x3e, 0xba, 0x7c, 0xd9, 0x3e,
  0xaa, 0x32, 0xda, 0x3e, 0x81, 0xe8, 0xda, 0x3e, 0x2e, 0x9e, 0xdb, 0x3e,
  0xc1, 0x53, 0xdc, 0x3e, 0x2c, 0x09, 0xdd, 0x3e, 0x78, 0xbe, 0xdd, 0x3e,
  0xa0, 0x73, 0xde, 0x3e, 0xa9, 0x28, 0xdf, 0x3e, 0x8b, 0xdd, 0xdf, 0x3e,
  0x4d, 0x92, 0xe0, 0x3e, 0xeb, 0x46, 0xe1, 0x3e, 0x68, 0xfb, 0xe1, 0x3e,
  0xbf, 0xaf, 0xe2, 0x3e, 0xf9, 0x63, 0xe3, 0x3e, 0x0d, 0x18, 0xe4, 0x3e,
  0xfd, 0xcb, 0xe4, 0x3e, 0xc7, 0x7f, 0xe5, 0x3e, 0x74, 0x33, 0xe6, 0x3e,
  0xf8, 0xe6, 0xe6, 0x3e, 0x5b, 0x9a, 0xe7, 0x3e, 0x9c, 0x4d, 0xe8, 0x3e,
  0xb4, 0x00, 0xe9, 0x3e, 0xac, 0xb3, 0xe9, 0x3e, 0x81, 0x66, 0xea, 0x3e,
  0x2f, 0x19, 0xeb, 0x3e, 0xb7, 0xcb, 0xeb, 0x3e, 0x21, 0x7e, 0xec, 0x3e,
  0x60, 0x30, 0xed, 0x3e, 0x81, 0xe2, 0xed, 0x3e, 0x79, 0x94, 0xee, 0x3e,
  0x4c, 0x46, 0xef, 0x3e, 0xf7, 0xf7, 0xef, 0x3e, 0x84, 0xa9, 0xf0, 0x3e,
  0xe9, 0x5a, 0xf1, 0x3e, 0x28, 0x0c, 0xf2, 0x3e, 0x40, 0xbd, 0xf2, 0x3e,
  0x39, 0x6e, 0xf3, 0x3e, 0x03, 0x1f, 0xf4, 0x3e, 0xaf, 0xcf, 0xf4, 0x3e,
  0x33, 0x80, 0xf5, 0x3e, 0x92, 0x30, 0xf6, 0x3e, 0xc8, 0xe0, 0xf6, 0x3e,
  0xdd, 0x90, 0xf7, 0x3e, 0xc7, 0x40, 0xf8, 0x3e, 0x8b, 0xf0, 0xf8, 0x3e,
  0x2b, 0xa0, 0xf9, 0x3e, 0xa5, 0x4f, 0xfa, 0x3e, 0xf4, 0xfe, 0xfa, 0x3e,
  0x1f, 0xae, 0xfb, 0x3e, 0x24, 0x5d, 0xfc, 0x3e, 0x04, 0x0c, 0xfd, 0x3e,
  0xb9, 0xba, 0xfd, 0x3e, 0x49, 0x69, 0xfe, 0x3e, 0xb0, 0x17, 0xff, 0x3e,
  0xef, 0xc5, 0xff, 0x3e, 0x07, 0x3a, 0x00, 0x3f, 0xfe, 0x90, 0x00, 0x3f,
  0xe5, 0xe7, 0x00, 0x3f, 0xb4, 0x3e, 0x01, 0x3f, 0x72, 0x95, 0x01, 0x3f,
  0x1a, 0xec, 0x01, 0x3f, 0xb0, 0x42, 0x02, 0x3f, 0x32, 0x99, 0x02, 0x3f,
  0x9f, 0xef, 0x02, 0x3f, 0xf8, 0x45, 0x03, 0x3f, 0x3c, 0x9c, 0x03, 0x3f,
  0x6c, 0xf2, 0x03, 0x3f, 0x87, 0x48, 0x04, 0x3f, 0x90, 0x9e, 0x04, 0x3f,
  0x82, 0xf4, 0x04, 0x3f, 0x61, 0x4a, 0x05, 0x3f, 0x2c, 0xa0, 0x05, 0x3f,
  0xe0, 0xf5, 0x05, 0x3f, 0x83, 0x4b, 0x06, 0x3f, 0x0e, 0xa1, 0x06, 0x3f,
  0x83, 0xf6, 0x06, 0x3f, 0xe8, 0x4b, 0x07, 0x3f, 0x34, 0xa1, 0x07, 0x3f,
  0x6f, 0xf6, 0x07, 0x3f, 0x92, 0x4b, 0x08, 0x3f, 0x9f, 0xa0, 0x08, 0x3f,
  0x9a, 0xf5, 0x08, 0x3f, 0x7e, 0x4a, 0x09, 0x3f, 0x4d, 0x9f, 0x09, 0x3f,
  0x08, 0xf4, 0x09, 0x3f, 0xac, 0x48, 0x0a, 0x3f, 0x3c, 0x9d, 0x0a, 0x3f,
  0xb6, 0xf1, 0x0a, 0x3f, 0x1a, 0x46, 0x0b, 0x3f, 0x6a, 0x9a, 0x0b, 0x3f,
  0xa4, 0xee, 0x0b, 0x3f, 0xc8, 0x42, 0x0c, 0x3f, 0xd6, 0x96, 0x0c, 0x3f,
  0xd1, 0xea, 0x0c, 0x3f, 0xb2, 0x3e, 0x0d, 0x3f, 0x81, 0x92, 0x0d, 0x3f,
  0x38, 0xe6, 0x0d, 0x3f, 0xd8, 0x39, 0x0e, 0x3f, 0x63, 0x8d, 0x0e, 0x3f,
  0xdb, 0xe0, 0x0e, 0x3f, 0x3b, 0x34, 0x0f, 0x3f, 0x85, 0x87, 0x0f, 0x3f,
  0xb6, 0xda, 0x0f, 0x3f, 0xd4, 0x2d, 0x10, 0x3f, 0xdb, 0x80, 0x10, 0x3f,
  0xcd, 0xd3, 0x10, 0x3f, 0xa6, 0x26, 0x11, 0x3f, 0x6a, 0x79, 0x11, 0x3f,
  0x18, 0xcc, 0x11, 0x3f, 0xad, 0x1e, 0x12, 0x3f, 0x30, 0x71, 0x12, 0x3f,
  0x99, 0xc3, 0x12, 0x3f, 0xed, 0x15, 0x13, 0x3f, 0x2b, 0x68, 0x13, 0x3f,
  0x51, 0xba, 0x13, 0x3f, 0x5e, 0x0c, 0x14, 0x3f, 0x57, 0x5e, 0x14, 0x3f,
  0x38, 0xb0, 0x14, 0x3f, 0x02, 0x02, 0x15, 0x3f, 0xb6, 0x53, 0x15, 0x3f,
  0x51, 0xa5, 0x15, 0x3f, 0xd8, 0xf6, 0x15, 0x3f, 0x46, 0x48, 0x16, 0x3f,
  0x9e, 0x99, 0x16, 0x3f, 0xde, 0xea, 0x16, 0x3f, 0x05, 0x3c, 0x17, 0x3f,
  0x19, 0x8d, 0x17, 0x3f, 0x12, 0xde, 0x17, 0x3f, 0xf3, 0x2e, 0x18, 0x3f,
  0xbe, 0x7f, 0x18, 0x3f, 0x72, 0xd0, 0x18, 0x3f, 0x0e, 0x21, 0x19, 0x3f,
  0x92, 0x71, 0x19, 0x3f, 0x01, 0xc2, 0x19, 0x3f, 0x55, 0x12, 0x1a, 0x3f,
  0x93, 0x62, 0x1a, 0x3f, 0xb6, 0xb2, 0x1a, 0x3f, 0xc5, 0x02, 0x1b, 0x3f,
  0xbb, 0x52, 0x1b, 0x3f, 0x97, 0xa2, 0x1b, 0x3f, 0x5e, 0xf2, 0x1b, 0x3f,
  0x0c, 0x42, 0x1c, 0x3f, 0xa1, 0x91, 0x1c, 0x3f, 0x1e, 0xe1, 0x1c, 0x3f,
  0x83, 0x30, 0x1d, 0x3f, 0xd0, 0x7f, 0x1d, 0x3f, 0x05, 0xcf, 0x1d, 0x3f,
  0x22, 0x1e, 0x1e, 0x3f, 0x26, 0x6d, 0x1e, 0x3f, 0x10, 0xbc, 0x1e, 0x3f,
  0xe4, 0x0a, 0x1f, 0x3f, 0x9e, 0x59, 0x1f, 0x3f, 0x3f, 0xa8, 0x1f, 0x3f,
  0xcb, 0xf6, 0x1f, 0x3f, 0x3a, 0x45, 0x20, 0x3f, 0x91, 0x93, 0x20, 0x3f,
  0xd1, 0xe1, 0x20, 0x3f, 0xf8, 0x2f, 0x21, 0x3f, 0x06, 0x7e, 0x21, 0x3f,
  0xfa, 0xcb, 0x21, 0x3f, 0xd6, 0x19, 0x22, 0x3f, 0x98, 0x67, 0x22, 0x3f,
  0x42, 0xb5, 0x22, 0x3f, 0xd2, 0x02, 0x23, 0x3f, 0x4b, 0x50, 0x23, 0x3f,
  0xa8, 0x9d, 0x23, 0x3f, 0xec, 0xea, 0x23, 0x3f, 0x18, 0x38, 0x24, 0x3f,
  0x2a, 0x85, 0x24, 0x3f, 0x24, 0xd2, 0x24, 0x3f, 0x04, 0x1f, 0x25, 0x3f,
  0xca, 0x6b, 0x25, 0x3f, 0x76, 0xb8, 0x25, 0x3f, 0x0a, 0x05, 0x26, 0x3f,
  0x82, 0x51, 0x26, 0x3f, 0xe2, 0x9d, 0x26, 0x3f, 0x27, 0xea, 0x26, 0x3f,
  0x53, 0x36, 0x27, 0x3f, 0x68, 0x82, 0x27, 0x3f, 0x60, 0xce, 0x27, 0x3f,
  0x3f, 0x1a, 0x28, 0x3f, 0x03, 0x66, 0x28, 0x3f, 0xae, 0xb1, 0x28, 0x3f,
  0x40, 0xfd, 0x28, 0x3f, 0xb5, 0x48, 0x29, 0x3f, 0x13, 0x94, 0x29, 0x3f,
  0x56, 0xdf, 0x29, 0x3f, 0x7e, 0x2a, 0x2a, 0x3f, 0x8c, 0x75, 0x2a, 0x3f,
  0x80, 0xc0, 0x2a, 0x3f, 0x5b, 0x0b, 0x2b, 0x3f, 0x1b, 0x56, 0x2b, 0x3f,
  0xbe, 0xa0, 0x2b, 0x3f, 0x49, 0xeb, 0x2b, 0x3f, 0xb8, 0x35, 0x2c, 0x3f,
  0x0f, 0x80, 0x2c, 0x3f, 0x49, 0xca, 0x2c, 0x3f, 0x68, 0x14, 0x2d, 0x3f,
  0x6d, 0x5e, 0x2d, 0x3f, 0x58, 0xa8, 0x2d, 0x3f, 0x29, 0xf2, 0x2d, 0x3f,
  0xdc, 0x3b, 0x2e, 0x3f, 0x78, 0x85, 0x2e, 0x3f, 0xf6, 0xce, 0x2e, 0x3f,
  0x5a, 0x18, 0x2f, 0x3f, 0xa4, 0x61, 0x2f, 0x3f, 0xd3, 0xaa, 0x2f, 0x3f,
  0xe4, 0xf3, 0x2f, 0x3f, 0xdb, 0x3c, 0x30, 0x3f, 0xba, 0x85, 0x30, 0x3f,
  0x7c, 0xce, 0x30, 0x3f, 0x22, 0x17, 0x31, 0x3f, 0xac, 0x5f, 0x31, 0x3f,
  0x1c, 0xa8, 0x31, 0x3f, 0x6f, 0xf0, 0x31, 0x3f, 0xaa, 0x38, 0x32, 0x3f,
  0xc6, 0x80, 0x32, 0x3f, 0xc8, 0xc8, 0x32, 0x3f, 0xaf, 0x10, 0x33, 0x3f,
  0x78, 0x58, 0x33, 0x3f, 0x27, 0xa0, 0x33, 0x3f, 0xbb, 0xe7, 0x33, 0x3f,
  0x31, 0x2f, 0x34, 0x3f, 0x8e, 0x76, 0x34, 0x3f, 0xce, 0xbd, 0x34, 0x3f,
  0xf2, 0x04, 0x35, 0x3f, 0xfb, 0x4b, 0x35, 0x3f, 0xe5, 0x92, 0x35, 0x3f,
  0xb7, 0xd9, 0x35, 0x3f, 0x6a, 0x20, 0x36, 0x3f, 0x02, 0x67, 0x36, 0x3f,
  0x7e, 0xad, 0x36, 0x3f, 0xde, 0xf3, 0x36, 0x3f, 0x22, 0x3a, 0x37, 0x3f,
  0x49, 0x80, 0x37, 0x3f, 0x54, 0xc6, 0x37, 0x3f, 0x41, 0x0c, 0x38, 0x3f,
  0x14, 0x52, 0x38, 0x3f, 0xca, 0x97, 0x38, 0x3f, 0x65, 0xdd, 0x38, 0x3f,
  0xe0, 0x22, 0x39, 0x3f, 0x40, 0x68, 0x39, 0x3f, 0x84, 0xad, 0x39, 0x3f,
  0xac, 0xf2, 0x39, 0x3f, 0xb6, 0x37, 0x3a, 0x3f, 0xa5, 0x7c, 0x3a, 0x3f,
  0x75, 0xc1, 0x3a, 0x3f, 0x28, 0x06, 0x3b, 0x3f, 0xbf, 0x4a, 0x3b, 0x3f,
  0x3a, 0x8f, 0x3b, 0x3f, 0x98, 0xd3, 0x3b, 0x3f, 0xd8, 0x17, 0x3c, 0x3f,
  0xfd, 0x5b, 0x3c, 0x3f, 0x02, 0xa0, 0x3c, 0x3f, 0xec, 0xe3, 0x3c, 0x3f,
  0xb8, 0x27, 0x3d, 0x3f, 0x66, 0x6b, 0x3d, 0x3f, 0xf9, 0xae, 0x3d, 0x3f,
  0x6c, 0xf2, 0x3d, 0x3f, 0xc4, 0x35, 0x3e, 0x3f, 0xfe, 0x78, 0x3e, 0x3f,
  0x1a, 0xbc, 0x3e, 0x3f, 0x19, 0xff, 0x3e, 0x3f, 0xfc, 0x41, 0x3f, 0x3f,
  0xc1, 0x84, 0x3f, 0x3f, 0x66, 0xc7, 0x3f, 0x3f, 0xef, 0x09, 0x40, 0x3f,
  0x59, 0x4c, 0x40, 0x3f, 0xa9, 0x8e, 0x40, 0x3f, 0xd8, 0xd0, 0x40, 0x3f,
  0xec, 0x12, 0x41, 0x3f, 0xdf, 0x54, 0x41, 0x3f, 0xb6, 0x96, 0x41, 0x3f,
  0x70, 0xd8, 0x41, 0x3f, 0x0a, 0x1a, 0x42, 0x3f, 0x89, 0x5b, 0x42, 0x3f,
  0xe6, 0x9c, 0x42, 0x3f, 0x27, 0xde, 0x42, 0x3f, 0x4a, 0x1f, 0x43, 0x3f,
  0x51, 0x60, 0x43, 0x3f, 0x35, 0xa1, 0x43, 0x3f, 0xff, 0xe1, 0x43, 0x3f,
  0xa9, 0x22, 0x44, 0x3f, 0x35, 0x63, 0x44, 0x3f, 0xa5, 0xa3, 0x44, 0x3f,
  0xf4, 0xe3, 0x44, 0x3f, 0x25, 0x24, 0x45, 0x3f, 0x39, 0x64, 0x45, 0x3f,
  0x2c, 0xa4, 0x45, 0x3f, 0x02, 0xe4, 0x45, 0x3f, 0xb9, 0x23, 0x46, 0x3f,
  0x52, 0x63, 0x46, 0x3f, 0xcc, 0xa2, 0x46, 0x3f, 0x28, 0xe2, 0x46, 0x3f,
  0x67, 0x21, 0x47, 0x3f, 0x85, 0x60, 0x47, 0x3f, 0x85, 0x9f, 0x47, 0x3f,
  0x65, 0xde, 0x47, 0x3f, 0x27, 0x1d, 0x48, 0x3f, 0xca, 0x5b, 0x48, 0x3f,
  0x4e, 0x9a, 0x48, 0x3f, 0xb2, 0xd8, 0x48, 0x3f, 0xf8, 0x16, 0x49, 0x3f,
  0x21, 0x55, 0x49, 0x3f, 0x28, 0x93, 0x49, 0x3f, 0x12, 0xd1, 0x49, 0x3f,
  0xdb, 0x0e, 0x4a, 0x3f, 0x87, 0x4c, 0x4a, 0x3f, 0x12, 0x8a, 0x4a, 0x3f,
  0x7e, 0xc7, 0x4a, 0x3f, 0xcb, 0x04, 0x4b, 0x3f, 0xfa, 0x41, 0x4b, 0x3f,
  0x08, 0x7f, 0x4b, 0x3f, 0xf6, 0xbb, 0x4b, 0x3f, 0xc5, 0xf8, 0x4b, 0x3f,
  0x75, 0x35, 0x4c, 0x3f, 0x08, 0x72, 0x4c, 0x3f, 0x78, 0xae, 0x4c, 0x3f,
  0xca, 0xea, 0x4c, 0x3f, 0xfc, 0x26, 0x4d, 0x3f, 0x0e, 0x63, 0x4d, 0x3f,
  0x02, 0x9f, 0x4d, 0x3f, 0xd4, 0xda, 0x4d, 0x3f, 0x88, 0x16, 0x4e, 0x3f,
  0x1c, 0x52, 0x4e, 0x3f, 0x8f, 0x8d, 0x4e, 0x3f, 0xe2, 0xc8, 0x4e, 0x3f,
  0x16, 0x04, 0x4f, 0x3f, 0x2b, 0x3f, 0x4f, 0x3f, 0x1e, 0x7a, 0x4f, 0x3f,
  0xf3, 0xb4, 0x4f, 0x3f, 0xa6, 0xef, 0x4f, 0x3f, 0x3a, 0x2a, 0x50, 0x3f,
  0xaf, 0x64, 0x50, 0x3f, 0x03, 0x9f, 0x50, 0x3f, 0x36, 0xd9, 0x50, 0x3f,
  0x49, 0x13, 0x51, 0x3f, 0x3d, 0x4d, 0x51, 0x3f, 0x0e, 0x87, 0x51, 0x3f,
  0xc2, 0xc0, 0x51, 0x3f, 0x55, 0xfa, 0x51, 0x3f, 0xc6, 0x33, 0x52, 0x3f,
  0x16, 0x6d, 0x52, 0x3f, 0x49, 0xa6, 0x52, 0x3f, 0x59, 0xdf, 0x52, 0x3f,
  0x49, 0x18, 0x53, 0x3f, 0x17, 0x51, 0x53, 0x3f, 0xc6, 0x89, 0x53, 0x3f,
  0x55, 0xc2, 0x53, 0x3f, 0xc2, 0xfa, 0x53, 0x3f, 0x0d, 0x33, 0x54, 0x3f,
  0x39, 0x6b, 0x54, 0x3f, 0x47, 0xa3, 0x54, 0x3f, 0x2f, 0xdb, 0x54, 0x3f,
  0xfa, 0x12, 0x55, 0x3f, 0xa3, 0x4a, 0x55, 0x3f, 0x2a, 0x82, 0x55, 0x3f,
  0x92, 0xb9, 0x55, 0x3f, 0xd7, 0xf0, 0x55, 0x3f, 0xfc, 0x27, 0x56, 0x3f,
  0x00, 0x5f, 0x56, 0x3f, 0xe3, 0x95, 0x56, 0x3f, 0xa6, 0xcc, 0x56, 0x3f,
  0x46, 0x03, 0x57, 0x3f, 0xc6, 0x39, 0x57, 0x3f, 0x24, 0x70, 0x57, 0x3f,
  0x63, 0xa6, 0x57, 0x3f, 0x7e, 0xdc, 0x57, 0x3f, 0x78, 0x12, 0x58, 0x3f,
  0x52, 0x48, 0x58, 0x3f, 0x0a, 0x7e, 0x58, 0x3f, 0xa1, 0xb3, 0x58, 0x3f,
  0x16, 0xe9, 0x58, 0x3f, 0x69, 0x1e, 0x59, 0x3f, 0x9c, 0x53, 0x59, 0x3f,
  0xac, 0x88, 0x59, 0x3f, 0x9d, 0xbd, 0x59, 0x3f, 0x68, 0xf2, 0x59, 0x3f,
  0x14, 0x27, 0x5a, 0x3f, 0xa0, 0x5b, 0x5a, 0x3f, 0x07, 0x90, 0x5a, 0x3f,
  0x4e, 0xc4, 0x5a, 0x3f, 0x74, 0xf8, 0x5a, 0x3f, 0x78, 0x2c, 0x5b, 0x3f,
  0x5b, 0x60, 0x5b, 0x3f, 0x1a, 0x94, 0x5b, 0x3f, 0xb8, 0xc7, 0x5b, 0x3f,
  0x34, 0xfb, 0x5b, 0x3f, 0x8f, 0x2e, 0x5c, 0x3f, 0xc6, 0x61, 0x5c, 0x3f,
  0xdc, 0x94, 0x5c, 0x3f, 0xd0, 0xc7, 0x5c, 0x3f, 0xa3, 0xfa, 0x5c, 0x3f,
  0x52, 0x2d, 0x5d, 0x3f, 0xe0, 0x5f, 0x5d, 0x3f, 0x4d, 0x92, 0x5d, 0x3f,
  0x96, 0xc4, 0x5d, 0x3f, 0xbd, 0xf6, 0x5d, 0x3f, 0xc2, 0x28, 0x5e, 0x3f,
  0xa6, 0x5a, 0x5e, 0x3f, 0x66, 0x8c, 0x5e, 0x3f, 0x04, 0xbe, 0x5e, 0x3f,
  0x80, 0xef, 0x5e, 0x3f, 0xda, 0x20, 0x5f, 0x3f, 0x11, 0x52, 0x5f, 0x3f,
  0x26, 0x83, 0x5f, 0x3f, 0x19, 0xb4, 0x5f, 0x3f, 0xe8, 0xe4, 0x5f, 0x3f,
  0x96, 0x15, 0x60, 0x3f, 0x20, 0x46, 0x60, 0x3f, 0x87, 0x76, 0x60, 0x3f,
  0xcd, 0xa6, 0x60, 0x3f, 0xf0, 0xd6, 0x60, 0x3f, 0xf0, 0x06, 0x61, 0x3f,
  0xce, 0x36, 0x61, 0x3f, 0x8a, 0x66, 0x61, 0x3f, 0x22, 0x96, 0x61, 0x3f,
  0x96, 0xc5, 0x61, 0x3f, 0xe8, 0xf4, 0x61, 0x3f, 0x17, 0x24, 0x62, 0x3f,
  0x25, 0x53, 0x62, 0x3f, 0x10, 0x82, 0x62, 0x3f, 0xd6, 0xb0, 0x62, 0x3f,
  0x7a, 0xdf, 0x62, 0x3f, 0xfa, 0x0d, 0x63, 0x3f, 0x58, 0x3c, 0x63, 0x3f,
  0x94, 0x6a, 0x63, 0x3f, 0xab, 0x98, 0x63, 0x3f, 0xa0, 0xc6, 0x63, 0x3f,
  0x72, 0xf4, 0x63, 0x3f, 0x20, 0x22, 0x64, 0x3f, 0xac, 0x4f, 0x64, 0x3f,
  0x13, 0x7d, 0x64, 0x3f, 0x57, 0xaa, 0x64, 0x3f, 0x7a, 0xd7, 0x64, 0x3f,
  0x77, 0x04, 0x65, 0x3f, 0x52, 0x31, 0x65, 0x3f, 0x0a, 0x5e, 0x65, 0x3f,
  0x9e, 0x8a, 0x65, 0x3f, 0x11, 0xb7, 0x65, 0x3f, 0x5c, 0xe3, 0x65, 0x3f,
  0x87, 0x0f, 0x66, 0x3f, 0x8d, 0x3b, 0x66, 0x3f, 0x6f, 0x67, 0x66, 0x3f,
  0x30, 0x93, 0x66, 0x3f, 0xcc, 0xbe, 0x66, 0x3f, 0x44, 0xea, 0x66, 0x3f,
  0x97, 0x15, 0x67, 0x3f, 0xcb, 0x40, 0x67, 0x3f, 0xd6, 0x6b, 0x67, 0x3f,
  0xc0, 0x96, 0x67, 0x3f, 0x86, 0xc1, 0x67, 0x3f, 0x28, 0xec, 0x67, 0x3f,
  0xa6, 0x16, 0x68, 0x3f, 0x01, 0x41, 0x68, 0x3f, 0x38, 0x6b, 0x68, 0x3f,
  0x4c, 0x95, 0x68, 0x3f, 0x3a, 0xbf, 0x68, 0x3f, 0x07, 0xe9, 0x68, 0x3f,
  0xae, 0x12, 0x69, 0x3f, 0x2f, 0x3c, 0x69, 0x3f, 0x90, 0x65, 0x69, 0x3f,
  0xcd, 0x8e, 0x69, 0x3f, 0xe2, 0xb7, 0x69, 0x3f, 0xd6, 0xe0, 0x69, 0x3f,
  0xa6, 0x09, 0x6a, 0x3f, 0x50, 0x32, 0x6a, 0x3f, 0xd9, 0x5a, 0x6a, 0x3f,
  0x3b, 0x83, 0x6a, 0x3f, 0x7a, 0xab, 0x6a, 0x3f, 0x94, 0xd3, 0x6a, 0x3f,
  0x8a, 0xfb, 0x6a, 0x3f, 0x5c, 0x23, 0x6b, 0x3f, 0x0b, 0x4b, 0x6b, 0x3f,
  0x94, 0x72, 0x6b, 0x3f, 0xf9, 0x99, 0x6b, 0x3f, 0x3b, 0xc1, 0x6b, 0x3f,
  0x57, 0xe8, 0x6b, 0x3f, 0x51, 0x0f, 0x6c, 0x3f, 0x24, 0x36, 0x6c, 0x3f,
  0xd2, 0x5c, 0x6c, 0x3f, 0x5e, 0x83, 0x6c, 0x3f, 0xc4, 0xa9, 0x6c, 0x3f,
  0x06, 0xd0, 0x6c, 0x3f, 0x24, 0xf6, 0x6c, 0x3f, 0x1d, 0x1c, 0x6d, 0x3f,
  0xf0, 0x41, 0x6d, 0x3f, 0x9f, 0x67, 0x6d, 0x3f, 0x2d, 0x8d, 0x6d, 0x3f,
  0x92, 0xb2, 0x6d, 0x3f, 0xd4, 0xd7, 0x6d, 0x3f, 0xf2, 0xfc, 0x6d, 0x3f,
  0xea, 0x21, 0x6e, 0x3f, 0xbd, 0x46, 0x6e, 0x3f, 0x6c, 0x6b, 0x6e, 0x3f,
  0xf7, 0x8f, 0x6e, 0x3f, 0x5d, 0xb4, 0x6e, 0x3f, 0x9c, 0xd8, 0x6e, 0x3f,
  0xb8, 0xfc, 0x6e, 0x3f, 0xb0, 0x20, 0x6f, 0x3f, 0x82, 0x44, 0x6f, 0x3f,
  0x2e, 0x68, 0x6f, 0x3f, 0xb8, 0x8b, 0x6f, 0x3f, 0x1a, 0xaf, 0x6f, 0x3f,
  0x57, 0xd2, 0x6f, 0x3f, 0x71, 0xf5, 0x6f, 0x3f, 0x66, 0x18, 0x70, 0x3f,
  0x36, 0x3b, 0x70, 0x3f, 0xe0, 0x5d, 0x70, 0x3f, 0x66, 0x80, 0x70, 0x3f,
  0xc6, 0xa2, 0x70, 0x3f, 0x00, 0xc5, 0x70, 0x3f, 0x16, 0xe7, 0x70, 0x3f,
  0x09, 0x09, 0x71, 0x3f, 0xd1, 0x2a, 0x71, 0x3f, 0x7a, 0x4c, 0x71, 0x3f,
  0xfb, 0x6d, 0x71, 0x3f, 0x56, 0x8f, 0x71, 0x3f, 0x8b, 0xb0, 0x71, 0x3f,
  0x9f, 0xd1, 0x71, 0x3f, 0x8a, 0xf2, 0x71, 0x3f, 0x52, 0x13, 0x72, 0x3f,
  0xf2, 0x33, 0x72, 0x3f, 0x6e, 0x54, 0x72, 0x3f, 0xc6, 0x74, 0x72, 0x3f,
  0xf8, 0x94, 0x72, 0x3f, 0x04, 0xb5, 0x72, 0x3f, 0xea, 0xd4, 0x72, 0x3f,
  0xaa, 0xf4, 0x72, 0x3f, 0x46, 0x14, 0x73, 0x3f, 0xbd, 0x33, 0x73, 0x3f,
  0x0f, 0x53, 0x73, 0x3f, 0x38, 0x72, 0x73, 0x3f, 0x3f, 0x91, 0x73, 0x3f,
  0x1e, 0xb0, 0x73, 0x3f, 0xd7, 0xce, 0x73, 0x3f, 0x6d, 0xed, 0x73, 0x3f,
  0xdd, 0x0b, 0x74, 0x3f, 0x25, 0x2a, 0x74, 0x3f, 0x49, 0x48, 0x74, 0x3f,
  0x48, 0x66, 0x74, 0x3f, 0x21, 0x84, 0x74, 0x3f, 0xd4, 0xa1, 0x74, 0x3f,
  0x61, 0xbf, 0x74, 0x3f, 0xc9, 0xdc, 0x74, 0x3f, 0x0a, 0xfa, 0x74, 0x3f,
  0x27, 0x17, 0x75, 0x3f, 0x1c, 0x34, 0x75, 0x3f, 0xec, 0x50, 0x75, 0x3f,
  0x96, 0x6d, 0x75, 0x3f, 0x1a, 0x8a, 0x75, 0x3f, 0x7a, 0xa6, 0x75, 0x3f,
  0xb3, 0xc2, 0x75, 0x3f, 0xc6, 0xde, 0x75, 0x3f, 0xb3, 0xfa, 0x75, 0x3f,
  0x7b, 0x16, 0x76, 0x3f, 0x1a, 0x32, 0x76, 0x3f, 0x97, 0x4d, 0x76, 0x3f,
  0xeb, 0x68, 0x76, 0x3f, 0x1a, 0x84, 0x76, 0x3f, 0x24, 0x9f, 0x76, 0x3f,
  0x06, 0xba, 0x76, 0x3f, 0xc3, 0xd4, 0x76, 0x3f, 0x5a, 0xef, 0x76, 0x3f,
  0xcb, 0x09, 0x77, 0x3f, 0x16, 0x24, 0x77, 0x3f, 0x3b, 0x3e, 0x77, 0x3f,
  0x3a, 0x58, 0x77, 0x3f, 0x12, 0x72, 0x77, 0x3f, 0xc4, 0x8b, 0x77, 0x3f,
  0x50, 0xa5, 0x77, 0x3f, 0xb7, 0xbe, 0x77, 0x3f, 0xf7, 0xd7, 0x77, 0x3f,
  0x10, 0xf1, 0x77, 0x3f, 0x02, 0x0a, 0x78, 0x3f, 0xd0, 0x22, 0x78, 0x3f,
  0x76, 0x3b, 0x78, 0x3f, 0xf5, 0x53, 0x78, 0x3f, 0x51, 0x6c, 0x78, 0x3f,
  0x84, 0x84, 0x78, 0x3f, 0x92, 0x9c, 0x78, 0x3f, 0x7b, 0xb4, 0x78, 0x3f,
  0x3b, 0xcc, 0x78, 0x3f, 0xd4, 0xe3, 0x78, 0x3f, 0x4b, 0xfb, 0x78, 0x3f,
  0x95, 0x12, 0x79, 0x3f, 0xbe, 0x29, 0x79, 0x3f, 0xbd, 0x40, 0x79, 0x3f,
  0x99, 0x57, 0x79, 0x3f, 0x4f, 0x6e, 0x79, 0x3f, 0xda, 0x84, 0x79, 0x3f,
  0x42, 0x9b, 0x79, 0x3f, 0x82, 0xb1, 0x79, 0x3f, 0x9b, 0xc7, 0x79, 0x3f,
  0x90, 0xdd, 0x79, 0x3f, 0x5c, 0xf3, 0x79, 0x3f, 0x05, 0x09, 0x7a, 0x3f,
  0x83, 0x1e, 0x7a, 0x3f, 0xdc, 0x33, 0x7a, 0x3f, 0x0f, 0x49, 0x7a, 0x3f,
  0x1c, 0x5e, 0x7a, 0x3f, 0x01, 0x73, 0x7a, 0x3f, 0xc0, 0x87, 0x7a, 0x3f,
  0x58, 0x9c, 0x7a, 0x3f, 0xca, 0xb0, 0x7a, 0x3f, 0x14, 0xc5, 0x7a, 0x3f,
  0x38, 0xd9, 0x7a, 0x3f, 0x37, 0xed, 0x7a, 0x3f, 0x0d, 0x01, 0x7b, 0x3f,
  0xbf, 0x14, 0x7b, 0x3f, 0x46, 0x28, 0x7b, 0x3f, 0xab, 0x3b, 0x7b, 0x3f,
  0xe5, 0x4e, 0x7b, 0x3f, 0xfb, 0x61, 0x7b, 0x3f, 0xea, 0x74, 0x7b, 0x3f,
  0xb2, 0x87, 0x7b, 0x3f, 0x52, 0x9a, 0x7b, 0x3f, 0xcc, 0xac, 0x7b, 0x3f,
  0x20, 0xbf, 0x7b, 0x3f, 0x4d, 0xd1, 0x7b, 0x3f, 0x52, 0xe3, 0x7b, 0x3f,
  0x30, 0xf5, 0x7b, 0x3f, 0xe8, 0x06, 0x7c, 0x3f, 0x7a, 0x18, 0x7c, 0x3f,
  0xe4, 0x29, 0x7c, 0x3f, 0x25, 0x3b, 0x7c, 0x3f, 0x44, 0x4c, 0x7c, 0x3f,
  0x38, 0x5d, 0x7c, 0x3f, 0x07, 0x6e, 0x7c, 0x3f, 0xae, 0x7e, 0x7c, 0x3f,
  0x31, 0x8f, 0x7c, 0x3f, 0x8a, 0x9f, 0x7c, 0x3f, 0xbc, 0xaf, 0x7c, 0x3f,
  0xc7, 0xbf, 0x7c, 0x3f, 0xad, 0xcf, 0x7c, 0x3f, 0x6a, 0xdf, 0x7c, 0x3f,
  0x03, 0xef, 0x7c, 0x3f, 0x72, 0xfe, 0x7c, 0x3f, 0xba, 0x0d, 0x7d, 0x3f,
  0xdc, 0x1c, 0x7d, 0x3f, 0xd9, 0x2b, 0x7d, 0x3f, 0xaa, 0x3a, 0x7d, 0x3f,
  0x58, 0x49, 0x7d, 0x3f, 0xde, 0x57, 0x7d, 0x3f, 0x3c, 0x66, 0x7d, 0x3f,
  0x74, 0x74, 0x7d, 0x3f, 0x85, 0x82, 0x7d, 0x3f, 0x6e, 0x90, 0x7d, 0x3f,
  0x30, 0x9e, 0x7d, 0x3f, 0xc9, 0xab, 0x7d, 0x3f, 0x3e, 0xb9, 0x7d, 0x3f,
  0x8b, 0xc6, 0x7d, 0x3f, 0xb3, 0xd3, 0x7d, 0x3f, 0xb0, 0xe0, 0x7d, 0x3f,
  0x88, 0xed, 0x7d, 0x3f, 0x38, 0xfa, 0x7d, 0x3f, 0xc0, 0x06, 0x7e, 0x3f,
  0x21, 0x13, 0x7e, 0x3f, 0x5e, 0x1f, 0x7e, 0x3f, 0x70, 0x2b, 0x7e, 0x3f,
  0x5d, 0x37, 0x7e, 0x3f, 0x23, 0x43, 0x7e, 0x3f, 0xc0, 0x4e, 0x7e, 0x3f,
  0x38, 0x5a, 0x7e, 0x3f, 0x86, 0x65, 0x7e, 0x3f, 0xaf, 0x70, 0x7e, 0x3f,
  0xb0, 0x7b, 0x7e, 0x3f, 0x8a, 0x86, 0x7e, 0x3f, 0x3c, 0x91, 0x7e, 0x3f,
  0xc7, 0x9b, 0x7e, 0x3f, 0x2c, 0xa6, 0x7e, 0x3f, 0x67, 0xb0, 0x7e, 0x3f,
  0x7d, 0xba, 0x7e, 0x3f, 0x6d, 0xc4, 0x7e, 0x3f, 0x34, 0xce, 0x7e, 0x3f,
  0xd3, 0xd7, 0x7e, 0x3f, 0x49, 0xe1, 0x7e, 0x3f, 0x9d, 0xea, 0x7e, 0x3f,
  0xc6, 0xf3, 0x7e, 0x3f, 0xc7, 0xfc, 0x7e, 0x3f, 0xa4, 0x05, 0x7f, 0x3f,
  0x56, 0x0e, 0x7f, 0x3f, 0xe3, 0x16, 0x7f, 0x3f, 0x49, 0x1f, 0x7f, 0x3f,
  0x86, 0x27, 0x7f, 0x3f, 0x9c, 0x2f, 0x7f, 0x3f, 0x8c, 0x37, 0x7f, 0x3f,
  0x55, 0x3f, 0x7f, 0x3f, 0xf4, 0x46, 0x7f, 0x3f, 0x6c, 0x4e, 0x7f, 0x3f,
  0xbe, 0x55, 0x7f, 0x3f, 0xe8, 0x5c, 0x7f, 0x3f, 0xea, 0x63, 0x7f, 0x3f,
  0xc6, 0x6a, 0x7f, 0x3f, 0x7b, 0x71, 0x7f, 0x3f, 0x08, 0x78, 0x7f, 0x3f,
  0x6c, 0x7e, 0x7f, 0x3f, 0xa9, 0x84, 0x7f, 0x3f, 0xc0, 0x8a, 0x7f, 0x3f,
  0xb0, 0x90, 0x7f, 0x3f, 0x78, 0x96, 0x7f, 0x3f, 0x19, 0x9c, 0x7f, 0x3f,
  0x90, 0xa1, 0x7f, 0x3f, 0xe2, 0xa6, 0x7f, 0x3f, 0x0c, 0xac, 0x7f, 0x3f,
  0x0e, 0xb1, 0x7f, 0x3f, 0xe9, 0xb5, 0x7f, 0x3f, 0x9c, 0xba, 0x7f, 0x3f,
  0x2a, 0xbf, 0x7f, 0x3f, 0x8e, 0xc3, 0x7f, 0x3f, 0xcc, 0xc7, 0x7f, 0x3f,
  0xe3, 0xcb, 0x7f, 0x3f, 0xd0, 0xcf, 0x7f, 0x3f, 0x96, 0xd3, 0x7f, 0x3f,
  0x36, 0xd7, 0x7f, 0x3f, 0xad, 0xda, 0x7f, 0x3f, 0xfe, 0xdd, 0x7f, 0x3f,
  0x29, 0xe1, 0x7f, 0x3f, 0x2b, 0xe4, 0x7f, 0x3f, 0x05, 0xe7, 0x7f, 0x3f,
  0xb6, 0xe9, 0x7f, 0x3f, 0x43, 0xec, 0x7f, 0x3f, 0xa5, 0xee, 0x7f, 0x3f,
  0xe1, 0xf0, 0x7f, 0x3f, 0xf9, 0xf2, 0x7f, 0x3f, 0xe4, 0xf4, 0x7f, 0x3f,
  0xa9, 0xf6, 0x7f, 0x3f, 0x49, 0xf8, 0x7f, 0x3f, 0xbf, 0xf9, 0x7f, 0x3f,
  0x11, 0xfb, 0x7f, 0x3f, 0x38, 0xfc, 0x7f, 0x3f, 0x39, 0xfd, 0x7f, 0x3f,
  0x13, 0xfe, 0x7f, 0x3f, 0xc5, 0xfe, 0x7f, 0x3f, 0x4e, 0xff, 0x7f, 0x3f,
  0xaf, 0xff, 0x7f, 0x3f, 0xec, 0xff, 0x7f, 0x3f, 0xfe, 0xff, 0x7f, 0x3f,
  0xec, 0xff, 0x7f, 0x3f, 0xaf, 0xff, 0x7f, 0x3f, 0x4e, 0xff, 0x7f, 0x3f,
  0xc5, 0xfe, 0x7f, 0x3f, 0x13, 0xfe, 0x7f, 0x3f, 0x39, 0xfd, 0x7f, 0x3f,
  0x38, 0xfc, 0x7f, 0x3f, 0x11, 0xfb, 0x7f, 0x3f, 0xbf, 0xf9, 0x7f, 0x3f,
  0x49, 0xf8, 0x7f, 0x3f, 0xa9, 0xf6, 0x7f, 0x3f, 0xe4, 0xf4, 0x7f, 0x3f,
  0xf9, 0xf2, 0x7f, 0x3f, 0xe1, 0xf0, 0x7f, 0x3f, 0xa5, 0xee, 0x7f, 0x3f,
  0x43, 0xec, 0x7f, 0x3f, 0xb6, 0xe9, 0x7f, 0x3f, 0x05, 0xe7, 0x7f, 0x3f,
  0x2b, 0xe4, 0x7f, 0x3f, 0x29, 0xe1, 0x7f, 0x3f, 0xfe, 0xdd, 0x7f, 0x3f,
  0xad, 0xda, 0x7f, 0x3f, 0x36, 0xd7, 0x7f, 0x3f, 0x96, 0xd3, 0x7f, 0x3f,
  0xd0, 0xcf, 0x7f, 0x3f, 0xe3, 0xcb, 0x7f, 0x3f, 0xcc, 0xc7, 0x7f, 0x3f,
  0x8e, 0xc3, 0x7f, 0x3f, 0x2a, 0xbf, 0x7f, 0x3f, 0x9c, 0xba, 0x7f, 0x3f,
  0xe9, 0xb5, 0x7f, 0x3f, 0x0e, 0xb1, 0x7f, 0x3f, 0x0c, 0xac, 0x7f, 0x3f,
  0xe2, 0xa6, 0x7f, 0x3f, 0x90, 0xa1, 0x7f, 0x3f, 0x19, 0x9c, 0x7f, 0x3f,
  0x78, 0x96, 0x7f, 0x3f, 0xb0, 0x90, 0x7f, 0x3f, 0xc0, 0x8a, 0x7f, 0x3f,
  0xa9, 0x84, 0x7f, 0x3f, 0x6c, 0x7e, 0x7f, 0x3f, 0x08, 0x78, 0x7f, 0x3f,
  0x7b, 0x71, 0x7f, 0x3f, 0xc6, 0x6a, 0x7f, 0x3f, 0xea, 0x63, 0x7f, 0x3f,
  0xe8, 0x5c, 0x7f, 0x3f, 0xbe, 0x55, 0x7f, 0x3f, 0x6c, 0x4e, 0x7f, 0x3f,
  0xf4, 0x46, 0x7f, 0x3f, 0x55, 0x3f, 0x7f, 0x3f, 0x8c, 0x37, 0x7f, 0x3f,
  0x9c, 0x2f, 0x7f, 0x3f, 0x86, 0x27, 0x7f, 0x3f, 0x49, 0x1f, 0x7f, 0x3f,
  0xe3, 0x16, 0x7f, 0x3f, 0x56, 0x0e, 0x7f, 0x3f, 0xa4, 0x05, 0x7f, 0x3f,
  0xc7, 0xfc, 0x7e, 0x3f, 0xc6, 0xf3, 0x7e, 0x3f, 0x9d, 0xea, 0x7e, 0x3f,
  0x49, 0xe1, 0x7e, 0x3f, 0xd3, 0xd7, 0x7e, 0x3f, 0x34, 0xce, 0x7e, 0x3f,
  0x6d, 0xc4, 0x7e, 0x3f, 0x7d, 0xba, 0x7e, 0x3f, 0x67, 0xb0, 0x7e, 0x3f,
  0x2c, 0xa6, 0x7e, 0x3f, 0xc7, 0x9b, 0x7e, 0x3f, 0x3c, 0x91, 0x7e, 0x3f,
  0x8a, 0x86, 0x7e, 0x3f, 0xb0, 0x7b, 0x7e, 0x3f, 0xaf, 0x70, 0x7e, 0x3f,
  0x86, 0x65, 0x7e, 0x3f, 0x38, 0x5a, 0x7e, 0x3f, 0xc0, 0x4e, 0x7e, 0x3f,
  0x23, 0x43, 0x7e, 0x3f, 0x5d, 0x37, 0x7e, 0x3f, 0x70, 0x2b, 0x7e, 0x3f,
  0x5e, 0x1f, 0x7e, 0x3f, 0x21, 0x13, 0x7e, 0x3f, 0xc0, 0x06, 0x7e, 0x3f,
  0x38, 0xfa, 0x7d, 0x3f, 0x88, 0xed, 0x7d, 0x3f, 0xb0, 0xe0, 0x7d, 0x3f,
  0xb3, 0xd3, 0x7d, 0x3f, 0x8b, 0xc6, 0x7d, 0x3f, 0x3e, 0xb9, 0x7d, 0x3f,
  0xc9, 0xab, 0x7d, 0x3f, 0x30, 0x9e, 0x7d, 0x3f, 0x6e, 0x90, 0x7d, 0x3f,
  0x85, 0x82, 0x7d, 0x3f, 0x74, 0x74, 0x7d, 0x3f, 0x3c, 0x66, 0x7d, 0x3f,
  0xde, 0x57, 0x7d, 0x3f, 0x58, 0x49, 0x7d, 0x3f, 0xaa, 0x3a, 0x7d, 0x3f,
  0xd9, 0x2b, 0x7d, 0x3f, 0xdc, 0x1c, 0x7d, 0x3f, 0xba, 0x0d, 0x7d, 0x3f,
  0x72, 0xfe, 0x7c, 0x3f, 0x03, 0xef, 0x7c, 0x3f, 0x6a, 0xdf, 0x7c, 0x3f,
  0xad, 0xcf, 0x7c, 0x3f, 0xc7, 0xbf, 0x7c, 0x3f, 0xbc, 0xaf, 0x7c, 0x3f,
  0x8a, 0x9f, 0x7c, 0x3f, 0x31, 0x8f, 0x7c, 0x3f, 0xae, 0x7e, 0x7c, 0x3f,
  0x07, 0x6e, 0x7c, 0x3f, 0x38, 0x5d, 0x7c, 0x3f, 0x44, 0x4c, 0x7c, 0x3f,
  0x25, 0x3b, 0x7c, 0x3f, 0xe4, 0x29, 0x7c, 0x3f, 0x7a, 0x18, 0x7c, 0x3f,
  0xe8, 0x06, 0x7c, 0x3f, 0x30, 0xf5, 0x7b, 0x3f, 0x52, 0xe3, 0x7b, 0x3f,
  0x4d, 0xd1, 0x7b, 0x3f, 0x20, 0xbf, 0x7b, 0x3f, 0xcc, 0xac, 0x7b, 0x3f,
  0x52, 0x9a, 0x7b, 0x3f, 0xb2, 0x87, 0x7b, 0x3f, 0xea, 0x74, 0x7b, 0x3f,
  0xfb, 0x61, 0x7b, 0x3f, 0xe5, 0x4e, 0x7b, 0x3f, 0xab, 0x3b, 0x7b, 0x3f,
  0x46, 0x28, 0x7b, 0x3f, 0xbf, 0x14, 0x7b, 0x3f, 0x0d, 0x01, 0x7b, 0x3f,
  0x37, 0xed, 0x7a, 0x3f, 0x38, 0xd9, 0x7a, 0x3f, 0x14, 0xc5, 0x7a, 0x3f,
  0xca, 0xb0, 0x7a, 0x3f, 0x58, 0x9c, 0x7a, 0x3f, 0xc0, 0x87, 0x7a, 0x3f,
  0x01, 0x73, 0x7a, 0x3f, 0x1c, 0x5e, 0x7a, 0x3f, 0x0f, 0x49, 0x7a, 0x3f,
  0xdc, 0x33, 0x7a, 0x3f, 0x83, 0x1e, 0x7a, 0x3f, 0x05, 0x09, 0x7a, 0x3f,
  0x5c, 0xf3, 0x79, 0x3f, 0x90, 0xdd, 0x79, 0x3f, 0x9b, 0xc7, 0x79, 0x3f,
  0x82, 0xb1, 0x79, 0x3f, 0x42, 0x9b, 0x79, 0x3f, 0xda, 0x84, 0x79, 0x3f,
  0x4f, 0x6e, 0x79, 0x3f, 0x99, 0x57, 0x79, 0x3f, 0xbd, 0x40, 0x79, 0x3f,
  0xbe, 0x29, 0x79, 0x3f, 0x95, 0x12, 0x79, 0x3f, 0x4b, 0xfb, 0x78, 0x3f,
  0xd4, 0xe3, 0x78, 0x3f, 0x3b, 0xcc, 0x78, 0x3f, 0x7b, 0xb4, 0x78, 0x3f,
  0x92, 0x9c, 0x78, 0x3f, 0x84, 0x84, 0x78, 0x3f, 0x51, 0x6c, 0x78, 0x3f,
  0xf5, 0x53, 0x78, 0x3f, 0x76, 0x3b, 0x78, 0x3f, 0xd0, 0x22, 0x78, 0x3f,
  0x02, 0x0a, 0x78, 0x3f, 0x10, 0xf1, 0x77, 0x3f, 0xf7, 0xd7, 0x77, 0x3f,
  0xb7, 0xbe, 0x77, 0x3f, 0x50, 0xa5, 0x77, 0x3f, 0xc4, 0x8b, 0x77, 0x3f,
  0x12, 0x72, 0x77, 0x3f, 0x3a, 0x58, 0x77, 0x3f, 0x3b, 0x3e, 0x77, 0x3f,
  0x16, 0x24, 0x77, 0x3f, 0xcb, 0x09, 0x77, 0x3f, 0x5a, 0xef, 0x76, 0x3f,
  0xc3, 0xd4, 0x76, 0x3f, 0x06, 0xba, 0x76, 0x3f, 0x24, 0x9f, 0x76, 0x3f,
  0x1a, 0x84, 0x76, 0x3f, 0xeb, 0x68, 0x76, 0x3f, 0x97, 0x4d, 0x76, 0x3f,
  0x1a, 0x32, 0x76, 0x3f, 0x7b, 0x16, 0x76, 0x3f, 0xb3, 0xfa, 0x75, 0x3f,
  0xc6, 0xde, 0x75, 0x3f, 0xb3, 0xc2, 0x75, 0x3f, 0x7a, 0xa6, 0x75, 0x3f,
  0x1a, 0x8a, 0x75, 0x3f, 0x96, 0x6d, 0x75, 0x3f, 0xec, 0x50, 0x75, 0x3f,
  0x1c, 0x34, 0x75, 0x3f, 0x27, 0x17, 0x75, 0x3f, 0x0a, 0xfa, 0x74, 0x3f,
  0xc9, 0xdc, 0x74, 0x3f, 0x61, 0xbf, 0x74, 0x3f, 0xd4, 0xa1, 0x74, 0x3f,
  0x21, 0x84, 0x74, 0x3f, 0x48, 0x66, 0x74, 0x3f, 0x49, 0x48, 0x74, 0x3f,
  0x25, 0x2a, 0x74, 0x3f, 0xdd, 0x0b, 0x74, 0x3f, 0x6d, 0xed, 0x73, 0x3f,
  0xd7, 0xce, 0x73, 0x3f, 0x1e, 0xb0, 0x73, 0x3f, 0x3f, 0x91, 0x73, 0x3f,
  0x38, 0x72, 0x73, 0x3f, 0x0f, 0x53, 0x73, 0x3f, 0xbd, 0x33, 0x73, 0x3f,
  0x46, 0x14, 0x73, 0x3f, 0xaa, 0xf4, 0x72, 0x3f, 0xea, 0xd4, 0x72, 0x3f,
  0x04, 0xb5, 0x72, 0x3f, 0xf8, 0x94, 0x72, 0x3f, 0xc6, 0x74, 0x72, 0x3f,
  0x6e, 0x54, 0x72, 0x3f, 0xf2, 0x33, 0x72, 0x3f, 0x52, 0x13, 0x72, 0x3f,
  0x8a, 0xf2, 0x71, 0x3f, 0x9f, 0xd1, 0x71, 0x3f, 0x8b, 0xb0, 0x71, 0x3f,
  0x56, 0x8f, 0x71, 0x3f, 0xfb, 0x6d, 0x71, 0x3f, 0x7a, 0x4c, 0x71, 0x3f,
  0xd1, 0x2a, 0x71, 0x3f, 0x09, 0x09, 0x71, 0x3f, 0x16, 0xe7, 0x70, 0x3f,
  0x00, 0xc5, 0x70, 0x3f, 0xc6, 0xa2, 0x70, 0x3f, 0x66, 0x80, 0x70, 0x3f,
  0xe0, 0x5d, 0x70, 0x3f, 0x36, 0x3b, 0x70, 0x3f, 0x66, 0x18, 0x70, 0x3f,
  0x71, 0xf5, 0x6f, 0x3f, 0x57, 0xd2, 0x6f, 0x3f, 0x1a, 0xaf, 0x6f, 0x3f,
  0xb8, 0x8b, 0x6f, 0x3f, 0x2e, 0x68, 0x6f, 0x3f, 0x82, 0x44, 0x6f, 0x3f,
  0xb0, 0x20, 0x6f, 0x3f, 0xb8, 0xfc, 0x6e, 0x3f, 0x9c, 0xd8, 0x6e, 0x3f,
  0x5d, 0xb4, 0x6e, 0x3f, 0xf7, 0x8f, 0x6e, 0x3f, 0x6c, 0x6b, 0x6e, 0x3f,
  0xbd, 0x46, 0x6e, 0x3f, 0xea, 0x21, 0x6e, 0x3f, 0xf2, 0xfc, 0x6d, 0x3f,
  0xd4, 0xd7, 0x6d, 0x3f, 0x92, 0xb2, 0x6d, 0x3f, 0x2d, 0x8d, 0x6d, 0x3f,
  0x9f, 0x67, 0x6d, 0x3f, 0xf0, 0x41, 0x6d, 0x3f, 0x1d, 0x1c, 0x6d, 0x3f,
  0x24, 0xf6, 0x6c, 0x3f, 0x06, 0xd0, 0x6c, 0x3f, 0xc4, 0xa9, 0x6c, 0x3f,
  0x5e, 0x83, 0x6c, 0x3f, 0xd2, 0x5c, 0x6c, 0x3f, 0x24, 0x36, 0x6c, 0x3f,
  0x51, 0x0f, 0x6c, 0x3f, 0x57, 0xe8, 0x6b, 0x3f, 0x3b, 0xc1, 0x6b, 0x3f,
  0xf9, 0x99, 0x6b, 0x3f, 0x94, 0x72, 0x6b, 0x3f, 0x0b, 0x4b, 0x6b, 0x3f,
  0x5c, 0x23, 0x6b, 0x3f, 0x8a, 0xfb, 0x6a, 0x3f, 0x94, 0xd3, 0x6a, 0x3f,
  0x7a, 0xab, 0x6a, 0x3f, 0x3b, 0x83, 0x6a, 0x3f, 0xd9, 0x5a, 0x6a, 0x3f,
  0x50, 0x32, 0x6a, 0x3f, 0xa6, 0x09, 0x6a, 0x3f, 0xd6, 0xe0, 0x69, 0x3f,
  0xe2, 0xb7, 0x69, 0x3f, 0xcd, 0x8e, 0x69, 0x3f, 0x90, 0x65, 0x69, 0x3f,
  0x2f, 0x3c, 0x69, 0x3f, 0xae, 0x12, 0x69, 0x3f, 0x07, 0xe9, 0x68, 0x3f,
  0x3a, 0xbf, 0x68, 0x3f, 0x4c, 0x95, 0x68, 0x3f, 0x38, 0x6b, 0x68, 0x3f,
  0x01, 0x41, 0x68, 0x3f, 0xa6, 0x16, 0x68, 0x3f, 0x28, 0xec, 0x67, 0x3f,
  0x86, 0xc1, 0x67, 0x3f, 0xc0, 0x96, 0x67, 0x3f, 0xd6, 0x6b, 0x67, 0x3f,
  0xcb, 0x40, 0x67, 0x3f, 0x97, 0x15, 0x67, 0x3f, 0x44, 0xea, 0x66, 0x3f,
  0xcc, 0xbe, 0x66, 0x3f, 0x30, 0x93, 0x66, 0x3f, 0x6f, 0x67, 0x66, 0x3f,
  0x8d, 0x3b, 0x66, 0x3f, 0x87, 0x0f, 0x66, 0x3f, 0x5c, 0xe3, 0x65, 0x3f,
  0x11, 0xb7, 0x65, 0x3f, 0x9e, 0x8a, 0x65, 0x3f, 0x0a, 0x5e, 0x65, 0x3f,
  0x52, 0x31, 0x65, 0x3f, 0x77, 0x04, 0x65, 0x3f, 0x7a, 0xd7, 0x64, 0x3f,
  0x57, 0xaa, 0x64, 0x3f, 0x13, 0x7d, 0x64, 0x3f, 0xac, 0x4f, 0x64, 0x3f,
  0x20, 0x22, 0x64, 0x3f, 0x72, 0xf4, 0x63, 0x3f, 0xa0, 0xc6, 0x63, 0x3f,
  0xab, 0x98, 0x63, 0x3f, 0x94, 0x6a, 0x63, 0x3f, 0x58, 0x3c, 0x63, 0x3f,
  0xfa, 0x0d, 0x63, 0x3f, 0x7a, 0xdf, 0x62, 0x3f, 0xd6, 0xb0, 0x62, 0x3f,
  0x10, 0x82, 0x62, 0x3f, 0x25, 0x53, 0x62, 0x3f, 0x17, 0x24, 0x62, 0x3f,
  0xe8, 0xf4, 0x61, 0x3f, 0x96, 0xc5, 0x61, 0x3f, 0x22, 0x96, 0x61, 0x3f,
  0x8a, 0x66, 0x61, 0x3f, 0xce, 0x36, 0x61, 0x3f, 0xf0, 0x06, 0x61, 0x3f,
  0xf0, 0xd6, 0x60, 0x3f, 0xcd, 0xa6, 0x60, 0x3f, 0x87, 0x76, 0x60, 0x3f,
  0x20, 0x46, 0x60, 0x3f, 0x96, 0x15, 0x60, 0x3f, 0xe8, 0xe4, 0x5f, 0x3f,
  0x19, 0xb4, 0x5f, 0x3f, 0x26, 0x83, 0x5f, 0x3f, 0x11, 0x52, 0x5f, 0x3f,
  0xda, 0x20, 0x5f, 0x3f, 0x80, 0xef, 0x5e, 0x3f, 0x04, 0xbe, 0x5e, 0x3f,
  0x66, 0x8c, 0x5e, 0x3f, 0xa6, 0x5a, 0x5e, 0x3f, 0xc2, 0x28, 0x5e, 0x3f,
  0xbd, 0xf6, 0x5d, 0x3f, 0x96, 0xc4, 0x5d, 0x3f, 0x4d, 0x92, 0x5d, 0x3f,
  0xe0, 0x5f, 0x5d, 0x3f, 0x52, 0x2d, 0x5d, 0x3f, 0xa3, 0xfa, 0x5c, 0x3f,
  0xd0, 0xc7, 0x5c, 0x3f, 0xdc, 0x94, 0x5c, 0x3f, 0xc6, 0x61, 0x5c, 0x3f,
  0x8f, 0x2e, 0x5c, 0x3f, 0x34, 0xfb, 0x5b, 0x3f, 0xb8, 0xc7, 0x5b, 0x3f,
  0x1a, 0x94, 0x5b, 0x3f, 0x5b, 0x60, 0x5b, 0x3f, 0x78, 0x2c, 0x5b, 0x3f,
  0x74, 0xf8, 0x5a, 0x3f, 0x4e, 0xc4, 0x5a, 0x3f, 0x07, 0x90, 0x5a, 0x3f,
  0xa0, 0x5b, 0x5a, 0x3f, 0x14, 0x27, 0x5a, 0x3f, 0x68, 0xf2, 0x59, 0x3f,
  0x9d, 0xbd, 0x59, 0x3f, 0xac, 0x88, 0x59, 0x3f, 0x9c, 0x53, 0x59, 0x3f,
  0x69, 0x1e, 0x59, 0x3f, 0x16, 0xe9, 0x58, 0x3f, 0xa1, 0xb3, 0x58, 0x3f,
  0x0a, 0x7e, 0x58, 0x3f, 0x52, 0x48, 0x58, 0x3f, 0x78, 0x12, 0x58, 0x3f,
  0x7e, 0xdc, 0x57, 0x3f, 0x63, 0xa6, 0x57, 0x3f, 0x24, 0x70, 0x57, 0x3f,
  0xc6, 0x39, 0x57, 0x3f, 0x46, 0x03, 0x57, 0x3f, 0xa6, 0xcc, 0x56, 0x3f,
  0xe3, 0x95, 0x56, 0x3f, 0x00, 0x5f, 0x56, 0x3f, 0xfc, 0x27, 0x56, 0x3f,
  0xd7, 0xf0, 0x55, 0x3f, 0x92, 0xb9, 0x55, 0x3f, 0x2a, 0x82, 0x55, 0x3f,
  0xa3, 0x4a, 0x55, 0x3f, 0xfa, 0x12, 0x55, 0x3f, 0x2f, 0xdb, 0x54, 0x3f,
  0x47, 0xa3, 0x54, 0x3f, 0x39, 0x6b, 0x54, 0x3f, 0x0d, 0x33, 0x54, 0x3f,
  0xc2, 0xfa, 0x53, 0x3f, 0x55, 0xc2, 0x53, 0x3f, 0xc6, 0x89, 0x53, 0x3f,
  0x17, 0x51, 0x53, 0x3f, 0x49, 0x18, 0x53, 0x3f, 0x59, 0xdf, 0x52, 0x3f,
  0x49, 0xa6, 0x52, 0x3f, 0x16, 0x6d, 0x52, 0x3f, 0xc6, 0x33, 0x52, 0x3f,
  0x55, 0xfa, 0x51, 0x3f, 0xc2, 0xc0, 0x51, 0x3f, 0x0e, 0x87, 0x51, 0x3f,
  0x3d, 0x4d, 0x51, 0x3f, 0x49, 0x13, 0x51, 0x3f, 0x36, 0xd9, 0x50, 0x3f,
  0x03, 0x9f, 0x50, 0x3f, 0xaf, 0x64, 0x50, 0x3f, 0x3a, 0x2a, 0x50, 0x3f,
  0xa6, 0xef, 0x4f, 0x3f, 0xf3, 0xb4, 0x4f, 0x3f, 0x1e, 0x7a, 0x4f, 0x3f,
  0x2b, 0x3f, 0x4f, 0x3f, 0x16, 0x04, 0x4f, 0x3f, 0xe2, 0xc8, 0x4e, 0x3f,
  0x8f, 0x8d, 0x4e, 0x3f, 0x1c, 0x52, 0x4e, 0x3f, 0x88, 0x16, 0x4e, 0x3f,
  0xd4, 0xda, 0x4d, 0x3f, 0x02, 0x9f, 0x4d, 0x3f, 0x0e, 0x63, 0x4d, 0x3f,
  0xfc, 0x26, 0x4d, 0x3f, 0xca, 0xea, 0x4c, 0x3f, 0x78, 0xae, 0x4c, 0x3f,
  0x08, 0x72, 0x4c, 0x3f, 0x75, 0x35, 0x4c, 0x3f, 0xc5, 0xf8, 0x4b, 0x3f,
  0xf6, 0xbb, 0x4b, 0x3f, 0x08, 0x7f, 0x4b, 0x3f, 0xfa, 0x41, 0x4b, 0x3f,
  0xcb, 0x04, 0x4b, 0x3f, 0x7e, 0xc7, 0x4a, 0x3f, 0x12, 0x8a, 0x4a, 0x3f,
  0x87, 0x4c, 0x4a, 0x3f, 0xdb, 0x0e, 0x4a, 0x3f, 0x12, 0xd1, 0x49, 0x3f,
  0x28, 0x93, 0x49, 0x3f, 0x21, 0x55, 0x49, 0x3f, 0xf8, 0x16, 0x49, 0x3f,
  0xb2, 0xd8, 0x48, 0x3f, 0x4e, 0x9a, 0x48, 0x3f, 0xca, 0x5b, 0x48, 0x3f,
  0x27, 0x1d, 0x48, 0x3f, 0x65, 0xde, 0x47, 0x3f, 0x85, 0x9f, 0x47, 0x3f,
  0x85, 0x60, 0x47, 0x3f, 0x67, 0x21, 0x47, 0x3f, 0x28, 0xe2, 0x46, 0x3f,
  0xcc, 0xa2, 0x46, 0x3f, 0x52, 0x63, 0x46, 0x3f, 0xb9, 0x23, 0x46, 0x3f,
  0x02, 0xe4, 0x45, 0x3f, 0x2c, 0xa4, 0x45, 0x3f, 0x39, 0x64, 0x45, 0x3f,
  0x25, 0x24, 0x45, 0x3f, 0xf4, 0xe3, 0x44, 0x3f, 0xa5, 0xa3, 0x44, 0x3f,
  0x35, 0x63, 0x44, 0x3f, 0xa9, 0x22, 0x44, 0x3f, 0xff, 0xe1, 0x43, 0x3f,
  0x35, 0xa1, 0x43, 0x3f, 0x51, 0x60, 0x43, 0x3f, 0x4a, 0x1f, 0x43, 0x3f,
  0x27, 0xde, 0x42, 0x3f, 0xe6, 0x9c, 0x42, 0x3f, 0x89, 0x5b, 0x42, 0x3f,
  0x0a, 0x1a, 0x42, 0x3f, 0x70, 0xd8, 0x41, 0x3f, 0xb6, 0x96, 0x41, 0x3f,
  0xdf, 0x54, 0x41, 0x3f, 0xec, 0x12, 0x41, 0x3f, 0xd8, 0xd0, 0x40, 0x3f,
  0xa9, 0x8e, 0x40, 0x3f, 0x59, 0x4c, 0x40, 0x3f, 0xef, 0x09, 0x40, 0x3f,
  0x66, 0xc7, 0x3f, 0x3f, 0xc1, 0x84, 0x3f, 0x3f, 0xfc, 0x41, 0x3f, 0x3f,
  0x19, 0xff, 0x3e, 0x3f, 0x1a, 0xbc, 0x3e, 0x3f, 0xfe, 0x78, 0x3e, 0x3f,
  0xc4, 0x35, 0x3e, 0x3f, 0x6c, 0xf2, 0x3d, 0x3f, 0xf9, 0xae, 0x3d, 0x3f,
  0x66, 0x6b, 0x3d, 0x3f, 0xb8, 0x27, 0x3d, 0x3f, 0xec, 0xe3, 0x3c, 0x3f,
  0x02, 0xa0, 0x3c, 0x3f, 0xfd, 0x5b, 0x3c, 0x3f, 0xd8, 0x17, 0x3c, 0x3f,
  0x98, 0xd3, 0x3b, 0x3f, 0x3a, 0x8f, 0x3b, 0x3f, 0xbf, 0x4a, 0x3b, 0x3f,
  0x28, 0x06, 0x3b, 0x3f, 0x75, 0xc1, 0x3a, 0x3f, 0xa5, 0x7c, 0x3a, 0x3f,
  0xb6, 0x37, 0x3a, 0x3f, 0xac, 0xf2, 0x39, 0x3f, 0x84, 0xad, 0x39, 0x3f,
  0x40, 0x68, 0x39, 0x3f, 0xe0, 0x22, 0x39, 0x3f, 0x65, 0xdd, 0x38, 0x3f,
  0xca, 0x97, 0x38, 0x3f, 0x14, 0x52, 0x38, 0x3f, 0x41, 0x0c, 0x38, 0x3f,
  0x54, 0xc6, 0x37, 0x3f, 0x49, 0x80, 0x37, 0x3f, 0x22, 0x3a, 0x37, 0x3f,
  0xde, 0xf3, 0x36, 0x3f, 0x7e, 0xad, 0x36, 0x3f, 0x02, 0x67, 0x36, 0x3f,
  0x6a, 0x20, 0x36, 0x3f, 0xb7, 0xd9, 0x35, 0x3f, 0xe5, 0x92, 0x35, 0x3f,
  0xfb, 0x4b, 0x35, 0x3f, 0xf2, 0x04, 0x35, 0x3f, 0xce, 0xbd, 0x34, 0x3f,
  0x8e, 0x76, 0x34, 0x3f, 0x31, 0x2f, 0x34, 0x3f, 0xbb, 0xe7, 0x33, 0x3f,
  0x27, 0xa0, 0x33, 0x3f, 0x78, 0x58, 0x33, 0x3f, 0xaf, 0x10, 0x33, 0x3f,
  0xc8, 0xc8, 0x32, 0x3f, 0xc6, 0x80, 0x32, 0x3f, 0xaa, 0x38, 0x32, 0x3f,
  0x6f, 0xf0, 0x31, 0x3f, 0x1c, 0xa8, 0x31, 0x3f, 0xac, 0x5f, 0x31, 0x3f,
  0x22, 0x17, 0x31, 0x3f, 0x7c, 0xce, 0x30, 0x3f, 0xba, 0x85, 0x30, 0x3f,
  0xdb, 0x3c, 0x30, 0x3f, 0xe4, 0xf3, 0x2f, 0x3f, 0xd3, 0xaa, 0x2f, 0x3f,
  0xa4, 0x61, 0x2f, 0x3f, 0x5a, 0x18, 0x2f, 0x3f, 0xf6, 0xce, 0x2e, 0x3f,
  0x78, 0x85, 0x2e, 0x3f, 0xdc, 0x3b, 0x2e, 0x3f, 0x29, 0xf2, 0x2d, 0x3f,
  0x58, 0xa8, 0x2d, 0x3f, 0x6d, 0x5e, 0x2d, 0x3f, 0x68, 0x14, 0x2d, 0x3f,
  0x49, 0xca, 0x2c, 0x3f, 0x0f, 0x80, 0x2c, 0x3f, 0xb8, 0x35, 0x2c, 0x3f,
  0x49, 0xeb, 0x2b, 0x3f, 0xbe, 0xa0, 0x2b, 0x3f, 0x1b, 0x56, 0x2b, 0x3f,
  0x5b, 0x0b, 0x2b, 0x3f, 0x80, 0xc0, 0x2a, 0x3f, 0x8c, 0x75, 0x2a, 0x3f,
  0x7e, 0x2a, 0x2a, 0x3f, 0x56, 0xdf, 0x29, 0x3f, 0x13, 0x94, 0x29, 0x3f,
  0xb5, 0x48, 0x29, 0x3f, 0x40, 0xfd, 0x28, 0x3f, 0xae, 0xb1, 0x28, 0x3f,
  0x03, 0x66, 0x28, 0x3f, 0x3f, 0x1a, 0x28, 0x3f, 0x60, 0xce, 0x27, 0x3f,
  0x68, 0x82, 0x27, 0x3f, 0x53, 0x36, 0x27, 0x3f, 0x27, 0xea, 0x26, 0x3f,
  0xe2, 0x9d, 0x26, 0x3f, 0x82, 0x51, 0x26, 0x3f, 0x0a, 0x05, 0x26, 0x3f,
  0x76, 0xb8, 0x25, 0x3f, 0xca, 0x6b, 0x25, 0x3f, 0x04, 0x1f, 0x25, 0x3f,
  0x24, 0xd2, 0x24, 0x3f, 0x2a, 0x85, 0x24, 0x3f, 0x18, 0x38, 0x24, 0x3f,
  0xec, 0xea, 0x23, 0x3f, 0xa8, 0x9d, 0x23, 0x3f, 0x4b, 0x50, 0x23, 0x3f,
  0xd2, 0x02, 0x23, 0x3f, 0x42, 0xb5, 0x22, 0x3f, 0x98, 0x67, 0x22, 0x3f,
  0xd6, 0x19, 0x22, 0x3f, 0xfa, 0xcb, 0x21, 0x3f, 0x06, 0x7e, 0x21, 0x3f,
  0xf8, 0x2f, 0x21, 0x3f, 0xd1, 0xe1, 0x20, 0x3f, 0x91, 0x93, 0x20, 0x3f,
  0x3a, 0x45, 0x20, 0x3f, 0xcb, 0xf6, 0x1f, 0x3f, 0x3f, 0xa8, 0x1f, 0x3f,
  0x9e, 0x59, 0x1f, 0x3f, 0xe4, 0x0a, 0x1f, 0x3f, 0x10, 0xbc, 0x1e, 0x3f,
  0x26, 0x6d, 0x1e, 0x3f, 0x22, 0x1e, 0x1e, 0x3f, 0x05, 0xcf, 0x1d, 0x3f,
  0xd0, 0x7f, 0x1d, 0x3f, 0x83, 0x30, 0x1d, 0x3f, 0x1e, 0xe1, 0x1c, 0x3f,
  0xa1, 0x91, 0x1c, 0x3f, 0x0c, 0x42, 0x1c, 0x3f, 0x5e, 0xf2, 0x1b, 0x3f,
  0x97, 0xa2, 0x1b, 0x3f, 0xbb, 0x52, 0x1b, 0x3f, 0xc5, 0x02, 0x1b, 0x3f,
  0xb6, 0xb2, 0x1a, 0x3f, 0x93, 0x62, 0x1a, 0x3f, 0x55, 0x12, 0x1a, 0x3f,
  0x01, 0xc2, 0x19, 0x3f, 0x92, 0x71, 0x19, 0x3f, 0x0e, 0x21, 0x19, 0x3f,
  0x72, 0xd0, 0x18, 0x3f, 0xbe, 0x7f, 0x18, 0x3f, 0xf3, 0x2e, 0x18, 0x3f,
  0x12, 0xde, 0x17, 0x3f, 0x19, 0x8d, 0x17, 0x3f, 0x05, 0x3c, 0x17, 0x3f,
  0xde, 0xea, 0x16, 0x3f, 0x9e, 0x99, 0x16, 0x3f, 0x46, 0x48, 0x16, 0x3f,
  0xd8, 0xf6, 0x15, 0x3f, 0x51, 0xa5, 0x15, 0x3f, 0xb6, 0x53, 0x15, 0x3f,
  0x02, 0x02, 0x15, 0x3f, 0x38, 0xb0, 0x14, 0x3f, 0x57, 0x5e, 0x14, 0x3f,
  0x5e, 0x0c, 0x14, 0x3f, 0x51, 0xba, 0x13, 0x3f, 0x2b, 0x68, 0x13, 0x3f,
  0xed, 0x15, 0x13, 0x3f, 0x99, 0xc3, 0x12, 0x3f, 0x30, 0x71, 0x12, 0x3f,
  0xad, 0x1e, 0x12, 0x3f, 0x18, 0xcc, 0x11, 0x3f, 0x6a, 0x79, 0x11, 0x3f,
  0xa6, 0x26, 0x11, 0x3f, 0xcd, 0xd3, 0x10, 0x3f, 0xdb, 0x80, 0x10, 0x3f,
  0xd4, 0x2d, 0x10, 0x3f, 0xb6, 0xda, 0x0f, 0x3f, 0x85, 0x87, 0x0f, 0x3f,
  0x3b, 0x34, 0x0f, 0x3f, 0xdb, 0xe0, 0x0e, 0x3f, 0x63, 0x8d, 0x0e, 0x3f,
  0xd8, 0x39, 0x0e, 0x3f, 0x38, 0xe6, 0x0d, 0x3f, 0x81, 0x92, 0x0d, 0x3f,
  0xb2, 0x3e, 0x0d, 0x3f, 0xd1, 0xea, 0x0c, 0x3f, 0xd6, 0x96, 0x0c, 0x3f,
  0xc8, 0x42, 0x0c, 0x3f, 0xa4, 0xee, 0x0b, 0x3f, 0x6a, 0x9a, 0x0b, 0x3f,
  0x1a, 0x46, 0x0b, 0x3f, 0xb6, 0xf1, 0x0a, 0x3f, 0x3c, 0x9d, 0x0a, 0x3f,
  0xac, 0x48, 0x0a, 0x3f, 0x08, 0xf4, 0x09, 0x3f, 0x4d, 0x9f, 0x09, 0x3f,
  0x7e, 0x4a, 0x09, 0x3f, 0x9a, 0xf5, 0x08, 0x3f, 0x9f, 0xa0, 0x08, 0x3f,
  0x92, 0x4b, 0x08, 0x3f, 0x6f, 0xf6, 0x07, 0x3f, 0x34, 0xa1, 0x07, 0x3f,
  0xe8, 0x4b, 0x07, 0x3f, 0x83, 0xf6, 0x06, 0x3f, 0x0e, 0xa1, 0x06, 0x3f,
  0x83, 0x4b, 0x06, 0x3f, 0xe0, 0xf5, 0x05, 0x3f, 0x2c, 0xa0, 0x05, 0x3f,
  0x61, 0x4a, 0x05, 0x3f, 0x82, 0xf4, 0x04, 0x3f, 0x90, 0x9e, 0x04, 0x3f,
  0x87, 0x48, 0x04, 0x3f, 0x6c, 0xf2, 0x03, 0x3f, 0x3c, 0x9c, 0x03, 0x3f,
  0xf8, 0x45, 0x03, 0x3f, 0x9f, 0xef, 0x02, 0x3f, 0x32, 0x99, 0x02, 0x3f,
  0xb0, 0x42, 0x02, 0x3f, 0x1a, 0xec, 0x01, 0x3f, 0x72, 0x95, 0x01, 0x3f,
  0xb4, 0x3e, 0x01, 0x3f, 0xe5, 0xe7, 0x00, 0x3f, 0xfe, 0x90, 0x00, 0x3f,
  0x07, 0x3a, 0x00, 0x3f, 0xef, 0xc5, 0xff, 0x3e, 0xb0, 0x17, 0xff, 0x3e,
  0x49, 0x69, 0xfe, 0x3e, 0xb9, 0xba, 0xfd, 0x3e, 0x04, 0x0c, 0xfd, 0x3e,
  0x24, 0x5d, 0xfc, 0x3e, 0x1f, 0xae, 0xfb, 0x3e, 0xf4, 0xfe, 0xfa, 0x3e,
  0xa5, 0x4f, 0xfa, 0x3e, 0x2b, 0xa0, 0xf9, 0x3e, 0x8b, 0xf0, 0xf8, 0x3e,
  0xc7, 0x40, 0xf8, 0x3e, 0xdd, 0x90, 0xf7, 0x3e, 0xc8, 0xe0, 0xf6, 0x3e,
  0x92, 0x30, 0xf6, 0x3e, 0x33, 0x80, 0xf5, 0x3e, 0xaf, 0xcf, 0xf4, 0x3e,
  0x03, 0x1f, 0xf4, 0x3e, 0x39, 0x6e, 0xf3, 0x3e, 0x40, 0xbd, 0xf2, 0x3e,
  0x28, 0x0c, 0xf2, 0x3e, 0xe9, 0x5a, 0xf1, 0x3e, 0x84, 0xa9, 0xf0, 0x3e,
  0xf7, 0xf7, 0xef, 0x3e, 0x4c, 0x46, 0xef, 0x3e, 0x79, 0x94, 0xee, 0x3e,
  0x81, 0xe2, 0xed, 0x3e, 0x60, 0x30, 0xed, 0x3e, 0x21, 0x7e, 0xec, 0x3e,
  0xb7, 0xcb, 0xeb, 0x3e, 0x2f, 0x19, 0xeb, 0x3e, 0x81, 0x66, 0xea, 0x3e,
  0xac, 0xb3, 0xe9, 0x3e, 0xb4, 0x00, 0xe9, 0x3e, 0x9c, 0x4d, 0xe8, 0x3e,
  0x5b, 0x9a, 0xe7, 0x3e, 0xf8, 0xe6, 0xe6, 0x3e, 0x74, 0x33, 0xe6, 0x3e,
  0xc7, 0x7f, 0xe5, 0x3e, 0xfd, 0xcb, 0xe4, 0x3e, 0x0d, 0x18, 0xe4, 0x3e,
  0xf9, 0x63, 0xe3, 0x3e, 0xbf, 0xaf, 0xe2, 0x3e, 0x68, 0xfb, 0xe1, 0x3e,
  0xeb, 0x46, 0xe1, 0x3e, 0x4d, 0x92, 0xe0, 0x3e, 0x8b, 0xdd, 0xdf, 0x3e,
  0xa9, 0x28, 0xdf, 0x3e, 0xa0, 0x73, 0xde, 0x3e, 0x78, 0xbe, 0xdd, 0x3e,
  0x2c, 0x09, 0xdd, 0x3e, 0xc1, 0x53, 0xdc, 0x3e, 0x2e, 0x9e, 0xdb, 0x3e,
  0x81, 0xe8, 0xda, 0x3e, 0xaa, 0x32, 0xda, 0x3e, 0xba, 0x7c, 0xd9, 0x3e,
  0xa0, 0xc6, 0xd8, 0x3e, 0x69, 0x10, 0xd8, 0x3e, 0x10, 0x5a, 0xd7, 0x3e,
  0x99, 0xa3, 0xd6, 0x3e, 0xfd, 0xec, 0xd5, 0x3e, 0x3f, 0x36, 0xd5, 0x3e,
  0x64, 0x7f, 0xd4, 0x3e, 0x63, 0xc8, 0xd3, 0x3e, 0x47, 0x11, 0xd3, 0x3e,
  0x07, 0x5a, 0xd2, 0x3e, 0xa8, 0xa2, 0xd1, 0x3e, 0x28, 0xeb, 0xd0, 0x3e,
  0x8a, 0x33, 0xd0, 0x3e, 0xca, 0x7b, 0xcf, 0x3e, 0xe8, 0xc3, 0xce, 0x3e,
  0xe8, 0x0b, 0xce, 0x3e, 0xc7, 0x53, 0xcd, 0x3e, 0x88, 0x9b, 0xcc, 0x3e,
  0x2d, 0xe3, 0xcb, 0x3e, 0xab, 0x2a, 0xcb, 0x3e, 0x11, 0x72, 0xca, 0x3e,
  0x4e, 0xb9, 0xc9, 0x3e, 0x75, 0x00, 0xc9, 0x3e, 0x7d, 0x47, 0xc8, 0x3e,
  0x60, 0x8e, 0xc7, 0x3e, 0x28, 0xd5, 0xc6, 0x3e, 0xcf, 0x1b, 0xc6, 0x3e,
  0x5a, 0x62, 0xc5, 0x3e, 0xc5, 0xa8, 0xc4, 0x3e, 0x14, 0xef, 0xc3, 0x3e,
  0x45, 0x35, 0xc3, 0x3e, 0x55, 0x7b, 0xc2, 0x3e, 0x47, 0xc1, 0xc1, 0x3e,
  0x1d, 0x07, 0xc1, 0x3e, 0xd6, 0x4c, 0xc0, 0x3e, 0x6c, 0x92, 0xbf, 0x3e,
  0xe9, 0xd7, 0xbe, 0x3e, 0x46, 0x1d, 0xbe, 0x3e, 0x89, 0x62, 0xbd, 0x3e,
  0xab, 0xa7, 0xbc, 0x3e, 0xb5, 0xec, 0xbb, 0x3e, 0xa1, 0x31, 0xbb, 0x3e,
  0x6b, 0x76, 0xba, 0x3e, 0x1d, 0xbb, 0xb9, 0x3e, 0xaf, 0xff, 0xb8, 0x3e,
  0x28, 0x44, 0xb8, 0x3e, 0x84, 0x88, 0xb7, 0x3e, 0xc1, 0xcc, 0xb6, 0x3e,
  0xe3, 0x10, 0xb6, 0x3e, 0xe8, 0x54, 0xb5, 0x3e, 0xd4, 0x98, 0xb4, 0x3e,
  0xa3, 0xdc, 0xb3, 0x3e, 0x53, 0x20, 0xb3, 0x3e, 0xec, 0x63, 0xb2, 0x3e,
  0x67, 0xa7, 0xb1, 0x3e, 0xc7, 0xea, 0xb0, 0x3e, 0x0c, 0x2e, 0xb0, 0x3e,
  0x39, 0x71, 0xaf, 0x3e, 0x48, 0xb4, 0xae, 0x3e, 0x3d, 0xf7, 0xad, 0x3e,
  0x13, 0x3a, 0xad, 0x3e, 0xcf, 0x7c, 0xac, 0x3e, 0x72, 0xbf, 0xab, 0x3e,
  0xff, 0x01, 0xab, 0x3e, 0x6d, 0x44, 0xaa, 0x3e, 0xc4, 0x86, 0xa9, 0x3e,
  0xfc, 0xc8, 0xa8, 0x3e, 0x1d, 0x0b, 0xa8, 0x3e, 0x24, 0x4d, 0xa7, 0x3e,
  0x0f, 0x8f, 0xa6, 0x3e, 0xe3, 0xd0, 0xa5, 0x3e, 0x9c, 0x12, 0xa5, 0x3e,
  0x3d, 0x54, 0xa4, 0x3e, 0xc4, 0x95, 0xa3, 0x3e, 0x30, 0xd7, 0xa2, 0x3e,
  0x84, 0x18, 0xa2, 0x3e, 0xc1, 0x59, 0xa1, 0x3e, 0xe3, 0x9a, 0xa0, 0x3e,
  0xea, 0xdb, 0x9f, 0x3e, 0xde, 0x1c, 0x9f, 0x3e, 0xb2, 0x5d, 0x9e, 0x3e,
  0x73, 0x9e, 0x9d, 0x3e, 0x1c, 0xdf, 0x9c, 0x3e, 0xab, 0x1f, 0x9c, 0x3e,
  0x25, 0x60, 0x9b, 0x3e, 0x84, 0xa0, 0x9a, 0x3e, 0xcc, 0xe0, 0x99, 0x3e,
  0xfd, 0x20, 0x99, 0x3e, 0x12, 0x61, 0x98, 0x3e, 0x14, 0xa1, 0x97, 0x3e,
  0x01, 0xe1, 0x96, 0x3e, 0xd0, 0x20, 0x96, 0x3e, 0x8b, 0x60, 0x95, 0x3e,
  0x2f, 0xa0, 0x94, 0x3e, 0xbb, 0xdf, 0x93, 0x3e, 0x33, 0x1f, 0x93, 0x3e,
  0x93, 0x5e, 0x92, 0x3e, 0xdc, 0x9d, 0x91, 0x3e, 0x0e, 0xdd, 0x90, 0x3e,
  0x2b, 0x1c, 0x90, 0x3e, 0x31, 0x5b, 0x8f, 0x3e, 0x1f, 0x9a, 0x8e, 0x3e,
  0xf9, 0xd8, 0x8d, 0x3e, 0xbc, 0x17, 0x8d, 0x3e, 0x6a, 0x56, 0x8c, 0x3e,
  0x05, 0x95, 0x8b, 0x3e, 0x88, 0xd3, 0x8a, 0x3e, 0xf3, 0x11, 0x8a, 0x3e,
  0x4b, 0x50, 0x89, 0x3e, 0x91, 0x8e, 0x88, 0x3e, 0xc0, 0xcc, 0x87, 0x3e,
  0xd8, 0x0a, 0x87, 0x3e, 0xdb, 0x48, 0x86, 0x3e, 0xcb, 0x86, 0x85, 0x3e,
  0xa9, 0xc4, 0x84, 0x3e, 0x70, 0x02, 0x84, 0x3e, 0x20, 0x40, 0x83, 0x3e,
  0xbe, 0x7d, 0x82, 0x3e, 0x49, 0xbb, 0x81, 0x3e, 0xc0, 0xf8, 0x80, 0x3e,
  0x1f, 0x36, 0x80, 0x3e, 0xe0, 0xe6, 0x7e, 0x3e, 0x4e, 0x61, 0x7d, 0x3e,
  0xa1, 0xdb, 0x7b, 0x3e, 0xcb, 0x55, 0x7a, 0x3e, 0xc6, 0xcf, 0x78, 0x3e,
  0xa0, 0x49, 0x77, 0x3e, 0x59, 0xc3, 0x75, 0x3e, 0xe9, 0x3c, 0x74, 0x3e,
  0x51, 0xb6, 0x72, 0x3e, 0x90, 0x2f, 0x71, 0x3e, 0xae, 0xa8, 0x6f, 0x3e,
  0xaa, 0x21, 0x6e, 0x3e, 0x78, 0x9a, 0x6c, 0x3e, 0x2a, 0x13, 0x6b, 0x3e,
  0xb5, 0x8b, 0x69, 0x3e, 0x1e, 0x04, 0x68, 0x3e, 0x5e, 0x7c, 0x66, 0x3e,
  0x7d, 0xf4, 0x64, 0x3e, 0x81, 0x6c, 0x63, 0x3e, 0x56, 0xe4, 0x61, 0x3e,
  0x11, 0x5c, 0x60, 0x3e, 0xa3, 0xd3, 0x5e, 0x3e, 0x1a, 0x4b, 0x5d, 0x3e,
  0x69, 0xc2, 0x5b, 0x3e, 0x8f, 0x39, 0x5a, 0x3e, 0xa2, 0xb0, 0x58, 0x3e,
  0x86, 0x27, 0x57, 0x3e, 0x55, 0x9e, 0x55, 0x3e, 0x03, 0x15, 0x54, 0x3e,
  0x88, 0x8b, 0x52, 0x3e, 0xf3, 0x01, 0x51, 0x3e, 0x36, 0x78, 0x4f, 0x3e,
  0x57, 0xee, 0x4d, 0x3e, 0x63, 0x64, 0x4c, 0x3e, 0x48, 0xda, 0x4a, 0x3e,
  0x18, 0x50, 0x49, 0x3e, 0xc0, 0xc5, 0x47, 0x3e, 0x47, 0x3b, 0x46, 0x3e,
  0xb9, 0xb0, 0x44, 0x3e, 0xfd, 0x25, 0x43, 0x3e, 0x33, 0x9b, 0x41, 0x3e,
  0x47, 0x10, 0x40, 0x3e, 0x3a, 0x85, 0x3e, 0x3e, 0x13, 0xfa, 0x3c, 0x3e,
  0xc9, 0x6e, 0x3b, 0x3e, 0x65, 0xe3, 0x39, 0x3e, 0xe6, 0x57, 0x38, 0x3e,
  0x52, 0xcc, 0x36, 0x3e, 0x97, 0x40, 0x35, 0x3e, 0xc0, 0xb4, 0x33, 0x3e,
  0xcf, 0x28, 0x32, 0x3e, 0xca, 0x9c, 0x30, 0x3e, 0xa3, 0x10, 0x2f, 0x3e,
  0x61, 0x84, 0x2d, 0x3e, 0xfe, 0xf7, 0x2b, 0x3e, 0x86, 0x6b, 0x2a, 0x3e,
  0xfb, 0xde, 0x28, 0x3e, 0x4e, 0x52, 0x27, 0x3e, 0x86, 0xc5, 0x25, 0x3e,
  0xaa, 0x38, 0x24, 0x3e, 0xb3, 0xab, 0x22, 0x3e, 0xa1, 0x1e, 0x21, 0x3e,
  0x7b, 0x91, 0x1f, 0x3e, 0x3a, 0x04, 0x1e, 0x3e, 0xd8, 0x76, 0x1c, 0x3e,
  0x68, 0xe9, 0x1a, 0x3e, 0xd7, 0x5b, 0x19, 0x3e, 0x38, 0xce, 0x17, 0x3e,
  0x7e, 0x40, 0x16, 0x3e, 0xb1, 0xb2, 0x14, 0x3e, 0xc8, 0x24, 0x13, 0x3e,
  0xc5, 0x96, 0x11, 0x3e, 0xad, 0x08, 0x10, 0x3e, 0x88, 0x7a, 0x0e, 0x3e,
  0x49, 0xec, 0x0c, 0x3e, 0xee, 0x5d, 0x0b, 0x3e, 0x7f, 0xcf, 0x09, 0x3e,
  0x03, 0x41, 0x08, 0x3e, 0x65, 0xb2, 0x06, 0x3e, 0xc1, 0x23, 0x05, 0x3e,
  0x02, 0x95, 0x03, 0x3e, 0x27, 0x06, 0x02, 0x3e, 0x40, 0x77, 0x00, 0x3e,
  0x96, 0xd0, 0xfd, 0x3d, 0x76, 0xb2, 0xfa, 0x3d, 0x21, 0x94, 0xf7, 0x3d,
  0xb1, 0x75, 0xf4, 0x3d, 0x26, 0x57, 0xf1, 0x3d, 0x72, 0x38, 0xee, 0x3d,
  0x97, 0x19, 0xeb, 0x3d, 0x93, 0xfa, 0xe7, 0x3d, 0x74, 0xdb, 0xe4, 0x3d,
  0x20, 0xbc, 0xe1, 0x3d, 0xbe, 0x9c, 0xde, 0x3d, 0x34, 0x7d, 0xdb, 0x3d,
  0x82, 0x5d, 0xd8, 0x3d, 0xb5, 0x3d, 0xd5, 0x3d, 0xbf, 0x1d, 0xd2, 0x3d,
  0xaf, 0xfd, 0xce, 0x3d, 0x80, 0xdd, 0xcb, 0x3d, 0x30, 0xbd, 0xc8, 0x3d,
  0xc0, 0x9c, 0xc5, 0x3d, 0x30, 0x7c, 0xc2, 0x3d, 0x80, 0x5b, 0xbf, 0x3d,
  0xc0, 0x3a, 0xbc, 0x3d, 0xcf, 0x19, 0xb9, 0x3d, 0xd0, 0xf8, 0xb5, 0x3d,
  0xaf, 0xd7, 0xb2, 0x3d, 0x80, 0xb6, 0xaf, 0x3d, 0x20, 0x95, 0xac, 0x3d,
  0xb0, 0x73, 0xa9, 0x3d, 0x20, 0x52, 0xa6, 0x3d, 0x80, 0x30, 0xa3, 0x3d,
  0xc0, 0x0e, 0xa0, 0x3d, 0xf0, 0xec, 0x9c, 0x3d, 0x00, 0xcb, 0x99, 0x3d,
  0x00, 0xa9, 0x96, 0x3d, 0xe0, 0x86, 0x93, 0x3d, 0xb1, 0x64, 0x90, 0x3d,
  0x60, 0x42, 0x8d, 0x3d, 0x00, 0x20, 0x8a, 0x3d, 0x90, 0xfd, 0x86, 0x3d,
  0x00, 0xdb, 0x83, 0x3d, 0x60, 0xb8, 0x80, 0x3d, 0x5f, 0x2b, 0x7b, 0x3d,
  0xe0, 0xe5, 0x74, 0x3d, 0x21, 0xa0, 0x6e, 0x3d, 0x5f, 0x5a, 0x68, 0x3d,
  0x5f, 0x14, 0x62, 0x3d, 0x3f, 0xce, 0x5b, 0x3d, 0xff, 0x87, 0x55, 0x3d,
  0x9f, 0x41, 0x4f, 0x3d, 0x21, 0xfb, 0x48, 0x3d, 0x80, 0xb4, 0x42, 0x3d,
  0xbf, 0x6d, 0x3c, 0x3d, 0xe1, 0x26, 0x36, 0x3d, 0xff, 0xdf, 0x2f, 0x3d,
  0xe0, 0x98, 0x29, 0x3d, 0xbf, 0x51, 0x23, 0x3d, 0x80, 0x0a, 0x1d, 0x3d,
  0x20, 0xc3, 0x16, 0x3d, 0xa1, 0x7b, 0x10, 0x3d, 0x21, 0x34, 0x0a, 0x3d,
  0x81, 0xec, 0x03, 0x3d, 0x82, 0x49, 0xfb, 0x3c, 0x02, 0xba, 0xee, 0x3c,
  0x42, 0x2a, 0xe2, 0x3c, 0x81, 0x9a, 0xd5, 0x3c, 0x80, 0x0a, 0xc9, 0x3c,
  0x7f, 0x7a, 0xbc, 0x3c, 0x3e, 0xea, 0xaf, 0x3c, 0x02, 0x5a, 0xa3, 0x3c,
  0x80, 0xc9, 0x96, 0x3c, 0xfe, 0x38, 0x8a, 0x3c, 0x04, 0x51, 0x7b, 0x3c,
  0x80, 0x2f, 0x62, 0x3c, 0x7c, 0x0e, 0x49, 0x3c, 0x03, 0xed, 0x2f, 0x3c,
  0x00, 0xcb, 0x16, 0x3c, 0xff, 0x52, 0xfb, 0x3b, 0xff, 0x0e, 0xc9, 0x3b,
  0x00, 0xcb, 0x96, 0x3b, 0x00, 0x0e, 0x49, 0x3b, 0x01, 0x0c, 0xc9, 0x3a,
  0x00, 0x00, 0x00, 0x00, 0x01, 0x0c, 0xc9, 0x3a, 0x00, 0x0e, 0x49, 0x3b,
  0x00, 0xcb, 0x96, 0x3b, 0xff, 0x0e, 0xc9, 0x3b, 0xff, 0x52, 0xfb, 0x3b,
  0x00, 0xcb, 0x16, 0x3c, 0x03, 0xed, 0x2f, 0x3c, 0x7c, 0x0e, 0x49, 0x3c,
  0x80, 0x2f, 0x62, 0x3c, 0x04, 0x51, 0x7b, 0x3c, 0xfe, 0x38, 0x8a, 0x3c,
  0x80, 0xc9, 0x96, 0x3c, 0x02, 0x5a, 0xa3, 0x3c, 0x3e, 0xea, 0xaf, 0x3c,
  0x7f, 0x7a, 0xbc, 0x3c, 0x80, 0x0a, 0xc9, 0x3c, 0x81, 0x9a, 0xd5, 0x3c,
  0x42, 0x2a, 0xe2, 0x3c, 0x02, 0xba, 0xee, 0x3c, 0x82, 0x49, 0xfb, 0x3c,
  0x81, 0xec, 0x03, 0x3d, 0x21, 0x34, 0x0a, 0x3d, 0xa1, 0x7b, 0x10, 0x3d,
  0x20, 0xc3, 0x16, 0x3d, 0x80, 0x0a, 0x1d, 0x3d, 0xbf, 0x51, 0x23, 0x3d,
  0xe0, 0x98, 0x29, 0x3d, 0xff, 0xdf, 0x2f, 0x3d, 0xe1, 0x26, 0x36, 0x3d,
  0xbf, 0x6d, 0x3c, 0x3d, 0x80, 0xb4, 0x42, 0x3d, 0x21, 0xfb, 0x48, 0x3d,
  0x9f, 0x41, 0x4f, 0x3d, 0xff, 0x87, 0x55, 0x3d, 0x3f, 0xce, 0x5b, 0x3d,
  0x5f, 0x14, 0x62, 0x3d, 0x5f, 0x5a, 0x68, 0x3d, 0x21, 0xa0, 0x6e, 0x3d,
  0xe0, 0xe5, 0x74, 0x3d, 0x5f, 0x2b, 0x7b, 0x3d, 0x60, 0xb8, 0x80, 0x3d,
  0x00, 0xdb, 0x83, 0x3d, 0x90, 0xfd, 0x86, 0x3d, 0x00, 0x20, 0x8a, 0x3d,
  0x60, 0x42, 0x8d, 0x3d, 0xb1, 0x64, 0x90, 0x3d, 0xe0, 0x86, 0x93, 0x3d,
  0x00, 0xa9, 0x96, 0x3d, 0x00, 0xcb, 0x99, 0x3d, 0xf0, 0xec, 0x9c, 0x3d,
  0xc0, 0x0e, 0xa0, 0x3d, 0x80, 0x30, 0xa3, 0x3d, 0x20, 0x52, 0xa6, 0x3d,
  0xb0, 0x73, 0xa9, 0x3d, 0x20, 0x95, 0xac, 0x3d, 0x80, 0xb6, 0xaf, 0x3d,
  0xaf, 0xd7, 0xb2, 0x3d, 0xd0, 0xf8, 0xb5, 0x3d, 0xcf, 0x19, 0xb9, 0x3d,
  0xc0, 0x3a, 0xbc, 0x3d, 0x80, 0x5b, 0xbf, 0x3d, 0x30, 0x7c, 0xc2, 0x3d,
  0xc0, 0x9c, 0xc5, 0x3d, 0x30, 0xbd, 0xc8, 0x3d, 0x80, 0xdd, 0xcb, 0x3d,
  0xaf, 0xfd, 0xce, 0x3d, 0xbf, 0x1d, 0xd2, 0x3d, 0xb5, 0x3d, 0xd5, 0x3d,
  0x82, 0x5d, 0xd8, 0x3d, 0x34, 0x7d, 0xdb, 0x3d, 0xbe, 0x9c, 0xde, 0x3d,
  0x20, 0xbc, 0xe1, 0x3d, 0x74, 0xdb, 0xe4, 0x3d, 0x93, 0xfa, 0xe7, 0x3d,
  0x97, 0x19, 0xeb, 0x3d, 0x72, 0x38, 0xee, 0x3d, 0x26, 0x57, 0xf1, 0x3d,
  0xb1, 0x75, 0xf4, 0x3d, 0x21, 0x94, 0xf7, 0x3d, 0x76, 0xb2, 0xfa, 0x3d,
  0x96, 0xd0, 0xfd, 0x3d, 0x40, 0x77, 0x00, 0x3e, 0x27, 0x06, 0x02, 0x3e,
  0x02, 0x95, 0x03, 0x3e, 0xc1, 0x23, 0x05, 0x3e, 0x65, 0xb2, 0x06, 0x3e,
  0x03, 0x41, 0x08, 0x3e, 0x7f, 0xcf, 0x09, 0x3e, 0xee, 0x5d, 0x0b, 0x3e,
  0x49, 0xec, 0x0c, 0x3e, 0x88, 0x7a, 0x0e, 0x3e, 0xad, 0x08, 0x10, 0x3e,
  0xc5, 0x96, 0x11, 0x3e, 0xc8, 0x24, 0x13, 0x3e, 0xb1, 0xb2, 0x14, 0x3e,
  0x7e, 0x40, 0x16, 0x3e, 0x38, 0xce, 0x17, 0x3e, 0xd7, 0x5b, 0x19, 0x3e,
  0x68, 0xe9, 0x1a, 0x3e, 0xd8, 0x76, 0x1c, 0x3e, 0x3a, 0x04, 0x1e, 0x3e,
  0x7b, 0x91, 0x1f, 0x3e, 0xa1, 0x1e, 0x21, 0x3e, 0xb3, 0xab, 0x22, 0x3e,
  0xaa, 0x38, 0x24, 0x3e, 0x86, 0xc5, 0x25, 0x3e, 0x4e, 0x52, 0x27, 0x3e,
  0xfb, 0xde, 0x28, 0x3e, 0x86, 0x6b, 0x2a, 0x3e, 0xfe, 0xf7, 0x2b, 0x3e,
  0x61, 0x84, 0x2d, 0x3e, 0xa3, 0x10, 0x2f, 0x3e, 0xca, 0x9c, 0x30, 0x3e,
  0xcf, 0x28, 0x32, 0x3e, 0xc0, 0xb4, 0x33, 0x3e, 0x97, 0x40, 0x35, 0x3e,
  0x52, 0xcc, 0x36, 0x3e, 0xe6, 0x57, 0x38, 0x3e, 0x65, 0xe3, 0x39, 0x3e,
  0xc9, 0x6e, 0x3b, 0x3e, 0x13, 0xfa, 0x3c, 0x3e, 0x3a, 0x85, 0x3e, 0x3e,
  0x47, 0x10, 0x40, 0x3e, 0x33, 0x9b, 0x41, 0x3e, 0xfd, 0x25, 0x43, 0x3e,
  0xb9, 0xb0, 0x44, 0x3e, 0x47, 0x3b, 0x46, 0x3e, 0xc0, 0xc5, 0x47, 0x3e,
  0x18, 0x50, 0x49, 0x3e, 0x48, 0xda, 0x4a, 0x3e, 0x63, 0x64, 0x4c, 0x3e,
  0x57, 0xee, 0x4d, 0x3e, 0x36, 0x78, 0x4f, 0x3e, 0xf3, 0x01, 0x51, 0x3e,
  0x88, 0x8b, 0x52, 0x3e, 0x03, 0x15, 0x54, 0x3e, 0x55, 0x9e, 0x55, 0x3e,
  0x86, 0x27, 0x57, 0x3e, 0xa2, 0xb0, 0x58, 0x3e, 0x8f, 0x39, 0x5a, 0x3e,
  0x69, 0xc2, 0x5b, 0x3e, 0x1a, 0x4b, 0x5d, 0x3e, 0xa3, 0xd3, 0x5e, 0x3e,
  0x11, 0x5c, 0x60, 0x3e, 0x56, 0xe4, 0x61, 0x3e, 0x81, 0x6c, 0x63, 0x3e,
  0x7d, 0xf4, 0x64, 0x3e, 0x5e, 0x7c, 0x66, 0x3e, 0x1e, 0x04, 0x68, 0x3e,
  0xb5, 0x8b, 0x69, 0x3e, 0x2a, 0x13, 0x6b, 0x3e, 0x78, 0x9a, 0x6c, 0x3e,
  0xaa, 0x21, 0x6e, 0x3e, 0xae, 0xa8, 0x6f, 0x3e, 0x90, 0x2f, 0x71, 0x3e,
  0x51, 0xb6, 0x72, 0x3e, 0xe9, 0x3c, 0x74, 0x3e, 0x59, 0xc3, 0x75, 0x3e,
  0xa0, 0x49, 0x77, 0x3e, 0xc6, 0xcf, 0x78, 0x3e, 0xcb, 0x55, 0x7a, 0x3e,
  0xa1, 0xdb, 0x7b, 0x3e, 0x4e, 0x61, 0x7d, 0x3e, 0xe0, 0xe6, 0x7e, 0x3e,
  0x1f, 0x36, 0x80, 0x3e, 0xc0, 0xf8, 0x80, 0x3e, 0x49, 0xbb, 0x81, 0x3e,
  0xbe, 0x7d, 0x82, 0x3e, 0x20, 0x40, 0x83, 0x3e, 0x70, 0x02, 0x84, 0x3e,
  0xa9, 0xc4, 0x84, 0x3e, 0xcb, 0x86, 0x85, 0x3e, 0xdb, 0x48, 0x86, 0x3e,
  0xd8, 0x0a, 0x87, 0x3e, 0xc0, 0xcc, 0x87, 0x3e, 0x91, 0x8e, 0x88, 0x3e,
  0x4b, 0x50, 0x89, 0x3e, 0xf3, 0x11, 0x8a, 0x3e, 0x88, 0xd3, 0x8a, 0x3e,
  0x05, 0x95, 0x8b, 0x3e, 0x6a, 0x56, 0x8c, 0x3e, 0xbc, 0x17, 0x8d, 0x3e,
  0xf9, 0xd8, 0x8d, 0x3e, 0x1f, 0x9a, 0x8e, 0x3e, 0x31, 0x5b, 0x8f, 0x3e,
  0x2b, 0x1c, 0x90, 0x3e, 0x0e, 0xdd, 0x90, 0x3e, 0xdc, 0x9d, 0x91, 0x3e,
  0x93, 0x5e, 0x92, 0x3e, 0x33, 0x1f, 0x93, 0x3e, 0xbb, 0xdf, 0x93, 0x3e,
  0x2f, 0xa0, 0x94, 0x3e, 0x8b, 0x60, 0x95, 0x3e, 0xd0, 0x20, 0x96, 0x3e,
  0x01, 0xe1, 0x96, 0x3e, 0x14, 0xa1, 0x97, 0x3e, 0x12, 0x61, 0x98, 0x3e,
  0xfd, 0x20, 0x99, 0x3e, 0xcc, 0xe0, 0x99, 0x3e, 0x84, 0xa0, 0x9a, 0x3e,
  0x25, 0x60, 0x9b, 0x3e, 0xab, 0x1f, 0x9c, 0x3e, 0x1c, 0xdf, 0x9c, 0x3e,
  0x73, 0x9e, 0x9d, 0x3e, 0xb2, 0x5d, 0x9e, 0x3e, 0xde, 0x1c, 0x9f, 0x3e,
  0xea, 0xdb, 0x9f, 0x3e, 0xe3, 0x9a, 0xa0, 0x3e, 0xc1, 0x59, 0xa1, 0x3e,
  0x84, 0x18, 0xa2, 0x3e, 0x30, 0xd7, 0xa2, 0x3e, 0xc4, 0x95, 0xa3, 0x3e,
  0x3d, 0x54, 0xa4, 0x3e, 0x9c, 0x12, 0xa5, 0x3e, 0xe3, 0xd0, 0xa5, 0x3e,
  0x0f, 0x8f, 0xa6, 0x3e, 0x24, 0x4d, 0xa7, 0x3e, 0x1d, 0x0b, 0xa8, 0x3e,
  0xfc, 0xc8, 0xa8, 0x3e, 0xc4, 0x86, 0xa9, 0x3e, 0x6d, 0x44, 0xaa, 0x3e,
  0xff, 0x01, 0xab, 0x3e, 0x72, 0xbf, 0xab, 0x3e, 0xcf, 0x7c, 0xac, 0x3e,
  0x13, 0x3a, 0xad, 0x3e, 0x3d, 0xf7, 0xad, 0x3e, 0x48, 0xb4, 0xae, 0x3e,
  0x39, 0x71, 0xaf, 0x3e, 0x0c, 0x2e, 0xb0, 0x3e, 0xc7, 0xea, 0xb0, 0x3e,
  0x67, 0xa7, 0xb1, 0x3e, 0xec, 0x63, 0xb2, 0x3e, 0x53, 0x20, 0xb3, 0x3e,
  0xa3, 0xdc, 0xb3, 0x3e, 0xd4, 0x98, 0xb4, 0x3e, 0xe8, 0x54, 0xb5, 0x3e,
  0xe3, 0x10, 0xb6, 0x3e, 0xc1, 0xcc, 0xb6, 0x3e, 0x84, 0x88, 0xb7, 0x3e,
  0x28, 0x44, 0xb8, 0x3e, 0xaf, 0xff, 0xb8, 0x3e, 0x1d, 0xbb, 0xb9, 0x3e,
  0x6b, 0x76, 0xba, 0x3e, 0xa1, 0x31, 0xbb, 0x3e, 0xb5, 0xec, 0xbb, 0x3e,
  0xab, 0xa7, 0xbc, 0x3e, 0x89, 0x62, 0xbd, 0x3e, 0x46, 0x1d, 0xbe, 0x3e,
  0xe9, 0xd7, 0xbe, 0x3e, 0x6c, 0x92, 0xbf, 0x3e, 0xd6, 0x4c, 0xc0, 0x3e,
  0x1d, 0x07, 0xc1, 0x3e, 0x47, 0xc1, 0xc1, 0x3e, 0x55, 0x7b, 0xc2, 0x3e,
  0x45, 0x35, 0xc3, 0x3e, 0x14, 0xef, 0xc3, 0x3e, 0xc5, 0xa8, 0xc4, 0x3e,
  0x5a, 0x62, 0xc5, 0x3e, 0xcf, 0x1b, 0xc6, 0x3e, 0x28, 0xd5, 0xc6, 0x3e,
  0x60, 0x8e, 0xc7, 0x3e, 0x7d, 0x47, 0xc8, 0x3e, 0x75, 0x00, 0xc9, 0x3e,
  0x4e, 0xb9, 0xc9, 0x3e, 0x11, 0x72, 0xca, 0x3e, 0xab, 0x2a, 0xcb, 0x3e,
  0x2d, 0xe3, 0xcb, 0x3e, 0x88, 0x9b, 0xcc, 0x3e, 0xc7, 0x53, 0xcd, 0x3e,
  0xe8, 0x0b, 0xce, 0x3e, 0xe8, 0xc3, 0xce, 0x3e, 0xca, 0x7b, 0xcf, 0x3e,
  0x8a, 0x33, 0xd0, 0x3e, 0x28, 0xeb, 0xd0, 0x3e, 0xa8, 0xa2, 0xd1, 0x3e,
  0x07, 0x5a, 0xd2, 0x3e, 0x47, 0x11, 0xd3, 0x3e, 0x63, 0xc8, 0xd3, 0x3e,
  0x64, 0x7f, 0xd4, 0x3e, 0x3f, 0x36, 0xd5, 0x3e, 0xfd, 0xec, 0xd5, 0x3e,
  0x99, 0xa3, 0xd6, 0x3e, 0x10, 0x5a, 0xd7, 0x3e, 0x69, 0x10, 0xd8, 0x3e,
  0xa0, 0xc6, 0xd8, 0x3e, 0xba, 0x7c, 0xd9, 0x3e, 0xaa, 0x32, 0xda, 0x3e,
  0x81, 0xe8, 0xda, 0x3e, 0x2e, 0x9e, 0xdb, 0x3e, 0xc1, 0x53, 0xdc, 0x3e,
  0x2c, 0x09, 0xdd, 0x3e, 0x78, 0xbe, 0xdd, 0x3e, 0xa0, 0x73, 0xde, 0x3e,
  0xa9, 0x28, 0xdf, 0x3e, 0x8b, 0xdd, 0xdf, 0x3e, 0x4d, 0x92, 0xe0, 0x3e,
  0xeb, 0x46, 0xe1, 0x3e, 0x68, 0xfb, 0xe1, 0x3e, 0xbf, 0xaf, 0xe2, 0x3e,
  0xf9, 0x63, 0xe3, 0x3e, 0x0d, 0x18, 0xe4, 0x3e, 0xfd, 0xcb, 0xe4, 0x3e,
  0xc7, 0x7f, 0xe5, 0x3e, 0x74, 0x33, 0xe6, 0x3e, 0xf8, 0xe6, 0xe6, 0x3e,
  0x5b, 0x9a, 0xe7, 0x3e, 0x9c, 0x4d, 0xe8, 0x3e, 0xb4, 0x00, 0xe9, 0x3e,
  0xac, 0xb3, 0xe9, 0x3e, 0x81, 0x66, 0xea, 0x3e, 0x2f, 0x19, 0xeb, 0x3e,
  0xb7, 0xcb, 0xeb, 0x3e, 0x21, 0x7e, 0xec, 0x3e, 0x60, 0x30, 0xed, 0x3e,
  0x81, 0xe2, 0xed, 0x3e, 0x79, 0x94, 0xee, 0x3e, 0x4c, 0x46, 0xef, 0x3e,
  0xf7, 0xf7, 0xef, 0x3e, 0x84, 0xa9, 0xf0, 0x3e, 0xe9, 0x5a, 0xf1, 0x3e,
  0x28, 0x0c, 0xf2, 0x3e, 0x40, 0xbd, 0xf2, 0x3e, 0x39, 0x6e, 0xf3, 0x3e,
  0x03, 0x1f, 0xf4, 0x3e, 0xaf, 0xcf, 0xf4, 0x3e, 0x33, 0x80, 0xf5, 0x3e,
  0x92, 0x30, 0xf6, 0x3e, 0xc8, 0xe0, 0xf6, 0x3e, 0xdd, 0x90, 0xf7, 0x3e,
  0xc7, 0x40, 0xf8, 0x3e, 0x8b, 0xf0, 0xf8, 0x3e, 0x2b, 0xa0, 0xf9, 0x3e,
  0xa5, 0x4f, 0xfa, 0x3e, 0xf4, 0xfe, 0xfa, 0x3e, 0x1f, 0xae, 0xfb, 0x3e,
  0x24, 0x5d, 0xfc, 0x3e, 0x04, 0x0c, 0xfd, 0x3e, 0xb9, 0xba, 0xfd, 0x3e,
  0x49, 0x69, 0xfe, 0x3e, 0xb0, 0x17, 0xff, 0x3e, 0xef, 0xc5, 0xff, 0x3e,
  0x07, 0x3a, 0x00, 0x3f, 0xfe, 0x90, 0x00, 0x3f, 0xe5, 0xe7, 0x00, 0x3f,
  0xb4, 0x3e, 0x01, 0x3f, 0x72, 0x95, 0x01, 0x3f, 0x1a, 0xec, 0x01, 0x3f,
  0xb0, 0x42, 0x02, 0x3f, 0x32, 0x99, 0x02, 0x3f, 0x9f, 0xef, 0x02, 0x3f,
  0xf8, 0x45, 0x03, 0x3f, 0x3c, 0x9c, 0x03, 0x3f, 0x6c, 0xf2, 0x03, 0x3f,
  0x87, 0x48, 0x04, 0x3f, 0x90, 0x9e, 0x04, 0x3f, 0x82, 0xf4, 0x04, 0x3f,
  0x61, 0x4a, 0x05, 0x3f, 0x2c, 0xa0, 0x05, 0x3f, 0xe0, 0xf5, 0x05, 0x3f,
  0x83, 0x4b, 0x06, 0x3f, 0x0e, 0xa1, 0x06, 0x3f, 0x83, 0xf6, 0x06, 0x3f,
  0xe8, 0x4b, 0x07, 0x3f, 0x34, 0xa1, 0x07, 0x3f, 0x6f, 0xf6, 0x07, 0x3f,
  0x92, 0x4b, 0x08, 0x3f, 0x9f, 0xa0, 0x08, 0x3f, 0x9a, 0xf5, 0x08, 0x3f,
  0x7e, 0x4a, 0x09, 0x3f, 0x4d, 0x9f, 0x09, 0x3f, 0x08, 0xf4, 0x09, 0x3f,
  0xac, 0x48, 0x0a, 0x3f, 0x3c, 0x9d, 0x0a, 0x3f, 0xb6, 0xf1, 0x0a, 0x3f,
  0x1a, 0x46, 0x0b, 0x3f, 0x6a, 0x9a, 0x0b, 0x3f, 0xa4, 0xee, 0x0b, 0x3f,
  0xc8, 0x42, 0x0c, 0x3f, 0xd6, 0x96, 0x0c, 0x3f, 0xd1, 0xea, 0x0c, 0x3f,
  0xb2, 0x3e, 0x0d, 0x3f, 0x81, 0x92, 0x0d, 0x3f, 0x38, 0xe6, 0x0d, 0x3f,
  0xd8, 0x39, 0x0e, 0x3f, 0x63, 0x8d, 0x0e, 0x3f, 0xdb, 0xe0, 0x0e, 0x3f,
  0x3b, 0x34, 0x0f, 0x3f, 0x85, 0x87, 0x0f, 0x3f, 0xb6, 0xda, 0x0f, 0x3f,
  0xd4, 0x2d, 0x10, 0x3f, 0xdb, 0x80, 0x10, 0x3f, 0xcd, 0xd3, 0x10, 0x3f,
  0xa6, 0x26, 0x11, 0x3f, 0x6a, 0x79, 0x11, 0x3f, 0x18, 0xcc, 0x11, 0x3f,
  0xad, 0x1e, 0x12, 0x3f, 0x30, 0x71, 0x12, 0x3f, 0x99, 0xc3, 0x12, 0x3f,
  0xed, 0x15, 0x13, 0x3f, 0x2b, 0x68, 0x13, 0x3f, 0x51, 0xba, 0x13, 0x3f,
  0x5e, 0x0c, 0x14, 0x3f, 0x57, 0x5e, 0x14, 0x3f, 0x38, 0xb0, 0x14, 0x3f,
  0x02, 0x02, 0x15, 0x3f, 0xb6, 0x53, 0x15, 0x3f, 0x51, 0xa5, 0x15, 0x3f,
  0xd8, 0xf6, 0x15, 0x3f, 0x46, 0x48, 0x16, 0x3f, 0x9e, 0x99, 0x16, 0x3f,
  0xde, 0xea, 0x16, 0x3f, 0x05, 0x3c, 0x17, 0x3f, 0x19, 0x8d, 0x17, 0x3f,
  0x12, 0xde, 0x17, 0x3f, 0xf3, 0x2e, 0x18, 0x3f, 0xbe, 0x7f, 0x18, 0x3f,
  0x72, 0xd0, 0x18, 0x3f, 0x0e, 0x21, 0x19, 0x3f, 0x92, 0x71, 0x19, 0x3f,
  0x01, 0xc2, 0x19, 0x3f, 0x55, 0x12, 0x1a, 0x3f, 0x93, 0x62, 0x1a, 0x3f,
  0xb6, 0xb2, 0x1a, 0x3f, 0xc5, 0x02, 0x1b, 0x3f, 0xbb, 0x52, 0x1b, 0x3f,
  0x97, 0xa2, 0x1b, 0x3f, 0x5e, 0xf2, 0x1b, 0x3f, 0x0c, 0x42, 0x1c, 0x3f,
  0xa1, 0x91, 0x1c, 0x3f, 0x1e, 0xe1, 0x1c, 0x3f, 0x83, 0x30, 0x1d, 0x3f,
  0xd0, 0x7f, 0x1d, 0x3f, 0x05, 0xcf, 0x1d, 0x3f, 0x22, 0x1e, 0x1e, 0x3f,
  0x26, 0x6d, 0x1e, 0x3f, 0x10, 0xbc, 0x1e, 0x3f, 0xe4, 0x0a, 0x1f, 0x3f,
  0x9e, 0x59, 0x1f, 0x3f, 0x3f, 0xa8, 0x1f, 0x3f, 0xcb, 0xf6, 0x1f, 0x3f,
  0x3a, 0x45, 0x20, 0x3f, 0x91, 0x93, 0x20, 0x3f, 0xd1, 0xe1, 0x20, 0x3f,
  0xf8, 0x2f, 0x21, 0x3f, 0x06, 0x7e, 0x21, 0x3f, 0xfa, 0xcb, 0x21, 0x3f,
  0xd6, 0x19, 0x22, 0x3f, 0x98, 0x67, 0x22, 0x3f, 0x42, 0xb5, 0x22, 0x3f,
  0xd2, 0x02, 0x23, 0x3f, 0x4b, 0x50, 0x23, 0x3f, 0xa8, 0x9d, 0x23, 0x3f,
  0xec, 0xea, 0x23, 0x3f, 0x18, 0x38, 0x24, 0x3f, 0x2a, 0x85, 0x24, 0x3f,
  0x24, 0xd2, 0x24, 0x3f, 0x04, 0x1f, 0x25, 0x3f, 0xca, 0x6b, 0x25, 0x3f,
  0x76, 0xb8, 0x25, 0x3f, 0x0a, 0x05, 0x26, 0x3f, 0x82, 0x51, 0x26, 0x3f,
  0xe2, 0x9d, 0x26, 0x3f, 0x27, 0xea, 0x26, 0x3f, 0x53, 0x36, 0x27, 0x3f,
  0x68, 0x82, 0x27, 0x3f, 0x60, 0xce, 0x27, 0x3f, 0x3f, 0x1a, 0x28, 0x3f,
  0x03, 0x66, 0x28, 0x3f, 0xae, 0xb1, 0x28, 0x3f, 0x40, 0xfd, 0x28, 0x3f,
  0xb5, 0x48, 0x29, 0x3f, 0x13, 0x94, 0x29, 0x3f, 0x56, 0xdf, 0x29, 0x3f,
  0x7e, 0x2a, 0x2a, 0x3f, 0x8c, 0x75, 0x2a, 0x3f, 0x80, 0xc0, 0x2a, 0x3f,
  0x5b, 0x0b, 0x2b, 0x3f, 0x1b, 0x56, 0x2b, 0x3f, 0xbe, 0xa0, 0x2b, 0x3f,
  0x49, 0xeb, 0x2b, 0x3f, 0xb8, 0x35, 0x2c, 0x3f, 0x0f, 0x80, 0x2c, 0x3f,
  0x49, 0xca, 0x2c, 0x3f, 0x68, 0x14, 0x2d, 0x3f, 0x6d, 0x5e, 0x2d, 0x3f,
  0x58, 0xa8, 0x2d, 0x3f, 0x29, 0xf2, 0x2d, 0x3f, 0xdc, 0x3b, 0x2e, 0x3f,
  0x78, 0x85, 0x2e, 0x3f, 0xf6, 0xce, 0x2e, 0x3f, 0x5a, 0x18, 0x2f, 0x3f,
  0xa4, 0x61, 0x2f, 0x3f, 0xd3, 0xaa, 0x2f, 0x3f, 0xe4, 0xf3, 0x2f, 0x3f,
  0xdb, 0x3c, 0x30, 0x3f, 0xba, 0x85, 0x30, 0x3f, 0x7c, 0xce, 0x30, 0x3f,
  0x22, 0x17, 0x31, 0x3f, 0xac, 0x5f, 0x31, 0x3f, 0x1c, 0xa8, 0x31, 0x3f,
  0x6f, 0xf0, 0x31, 0x3f, 0xaa, 0x38, 0x32, 0x3f, 0xc6, 0x80, 0x32, 0x3f,
  0xc8, 0xc8, 0x32, 0x3f, 0xaf, 0x10, 0x33, 0x3f, 0x78, 0x58, 0x33, 0x3f,
  0x27, 0xa0, 0x33, 0x3f, 0xbb, 0xe7, 0x33, 0x3f, 0x31, 0x2f, 0x34, 0x3f,
  0x8e, 0x76, 0x34, 0x3f, 0xce, 0xbd, 0x34, 0x3f, 0xf2, 0x04, 0x35, 0x3f,
  0xfb, 0x4b, 0x35, 0x3f, 0xe5, 0x92, 0x35, 0x3f, 0xb7, 0xd9, 0x35, 0x3f,
  0x6a, 0x20, 0x36, 0x3f, 0x02, 0x67, 0x36, 0x3f, 0x7e, 0xad, 0x36, 0x3f,
  0xde, 0xf3, 0x36, 0x3f, 0x22, 0x3a, 0x37, 0x3f, 0x49, 0x80, 0x37, 0x3f,
  0x54, 0xc6, 0x37, 0x3f, 0x41, 0x0c, 0x38, 0x3f, 0x14, 0x52, 0x38, 0x3f,
  0xca, 0x97, 0x38, 0x3f, 0x65, 0xdd, 0x38, 0x3f, 0xe0, 0x22, 0x39, 0x3f,
  0x40, 0x68, 0x39, 0x3f, 0x84, 0xad, 0x39, 0x3f, 0xac, 0xf2, 0x39, 0x3f,
  0xb6, 0x37, 0x3a, 0x3f, 0xa5, 0x7c, 0x3a, 0x3f, 0x75, 0xc1, 0x3a, 0x3f,
  0x28, 0x06, 0x3b, 0x3f, 0xbf, 0x4a, 0x3b, 0x3f, 0x3a, 0x8f, 0x3b, 0x3f,
  0x98, 0xd3, 0x3b, 0x3f, 0xd8, 0x17, 0x3c, 0x3f, 0xfd, 0x5b, 0x3c, 0x3f,
  0x02, 0xa0, 0x3c, 0x3f, 0xec, 0xe3, 0x3c, 0x3f, 0xb8, 0x27, 0x3d, 0x3f,
  0x66, 0x6b, 0x3d, 0x3f, 0xf9, 0xae, 0x3d, 0x3f, 0x6c, 0xf2, 0x3d, 0x3f,
  0xc4, 0x35, 0x3e, 0x3f, 0xfe, 0x78, 0x3e, 0x3f, 0x1a, 0xbc, 0x3e, 0x3f,
  0x19, 0xff, 0x3e, 0x3f, 0xfc, 0x41, 0x3f, 0x3f, 0xc1, 0x84, 0x3f, 0x3f,
  0x66, 0xc7, 0x3f, 0x3f, 0xef, 0x09, 0x40, 0x3f, 0x59, 0x4c, 0x40, 0x3f,
  0xa9, 0x8e, 0x40, 0x3f, 0xd8, 0xd0, 0x40, 0x3f, 0xec, 0x12, 0x41, 0x3f,
  0xdf, 0x54, 0x41, 0x3f, 0xb6, 0x96, 0x41, 0x3f, 0x70, 0xd8, 0x41, 0x3f,
  0x0a, 0x1a, 0x42, 0x3f, 0x89, 0x5b, 0x42, 0x3f, 0xe6, 0x9c, 0x42, 0x3f,
  0x27, 0xde, 0x42, 0x3f, 0x4a, 0x1f, 0x43, 0x3f, 0x51, 0x60, 0x43, 0x3f,
  0x35, 0xa1, 0x43, 0x3f, 0xff, 0xe1, 0x43, 0x3f, 0xa9, 0x22, 0x44, 0x3f,
  0x35, 0x63, 0x44, 0x3f, 0xa5, 0xa3, 0x44, 0x3f, 0xf4, 0xe3, 0x44, 0x3f,
  0x25, 0x24, 0x45, 0x3f, 0x39, 0x64, 0x45, 0x3f, 0x2c, 0xa4, 0x45, 0x3f,
  0x02, 0xe4, 0x45, 0x3f, 0xb9, 0x23, 0x46, 0x3f, 0x52, 0x63, 0x46, 0x3f,
  0xcc, 0xa2, 0x46, 0x3f, 0x28, 0xe2, 0x46, 0x3f, 0x67, 0x21, 0x47, 0x3f,
  0x85, 0x60, 0x47, 0x3f, 0x85, 0x9f, 0x47, 0x3f, 0x65, 0xde, 0x47, 0x3f,
  0x27, 0x1d, 0x48, 0x3f, 0xca, 0x5b, 0x48, 0x3f, 0x4e, 0x9a, 0x48, 0x3f,
  0xb2, 0xd8, 0x48, 0x3f, 0xf8, 0x16, 0x49, 0x3f, 0x21, 0x55, 0x49, 0x3f,
  0x28, 0x93, 0x49, 0x3f, 0x12, 0xd1, 0x49, 0x3f, 0xdb, 0x0e, 0x4a, 0x3f,
  0x87, 0x4c, 0x4a, 0x3f, 0x12, 0x8a, 0x4a, 0x3f, 0x7e, 0xc7, 0x4a, 0x3f,
  0xcb, 0x04, 0x4b, 0x3f, 0xfa, 0x41, 0x4b, 0x3f, 0x08, 0x7f, 0x4b, 0x3f,
  0xf6, 0xbb, 0x4b, 0x3f, 0xc5, 0xf8, 0x4b, 0x3f, 0x75, 0x35, 0x4c, 0x3f,
  0x08, 0x72, 0x4c, 0x3f, 0x78, 0xae, 0x4c, 0x3f, 0xca, 0xea, 0x4c, 0x3f,
  0xfc, 0x26, 0x4d, 0x3f, 0x0e, 0x63, 0x4d, 0x3f, 0x02, 0x9f, 0x4d, 0x3f,
  0xd4, 0xda, 0x4d, 0x3f, 0x88, 0x16, 0x4e, 0x3f, 0x1c, 0x52, 0x4e, 0x3f,
  0x8f, 0x8d, 0x4e, 0x3f, 0xe2, 0xc8, 0x4e, 0x3f, 0x16, 0x04, 0x4f, 0x3f,
  0x2b, 0x3f, 0x4f, 0x3f, 0x1e, 0x7a, 0x4f, 0x3f, 0xf3, 0xb4, 0x4f, 0x3f,
  0xa6, 0xef, 0x4f, 0x3f, 0x3a, 0x2a, 0x50, 0x3f, 0xaf, 0x64, 0x50, 0x3f,
  0x03, 0x9f, 0x50, 0x3f, 0x36, 0xd9, 0x50, 0x3f, 0x49, 0x13, 0x51, 0x3f,
  0x3d, 0x4d, 0x51, 0x3f, 0x0e, 0x87, 0x51, 0x3f, 0xc2, 0xc0, 0x51, 0x3f,
  0x55, 0xfa, 0x51, 0x3f, 0xc6, 0x33, 0x52, 0x3f, 0x16, 0x6d, 0x52, 0x3f,
  0x49, 0xa6, 0x52, 0x3f, 0x59, 0xdf, 0x52, 0x3f, 0x49, 0x18, 0x53, 0x3f,
  0x17, 0x51, 0x53, 0x3f, 0xc6, 0x89, 0x53, 0x3f, 0x55, 0xc2, 0x53, 0x3f,
  0xc2, 0xfa, 0x53, 0x3f, 0x0d, 0x33, 0x54, 0x3f, 0x39, 0x6b, 0x54, 0x3f,
  0x47, 0xa3, 0x54, 0x3f, 0x2f, 0xdb, 0x54, 0x3f, 0xfa, 0x12, 0x55, 0x3f,
  0xa3, 0x4a, 0x55, 0x3f, 0x2a, 0x82, 0x55, 0x3f, 0x92, 0xb9, 0x55, 0x3f,
  0xd7, 0xf0, 0x55, 0x3f, 0xfc, 0x27, 0x56, 0x3f, 0x00, 0x5f, 0x56, 0x3f,
  0xe3, 0x95, 0x56, 0x3f, 0xa6, 0xcc, 0x56, 0x3f, 0x46, 0x03, 0x57, 0x3f,
  0xc6, 0x39, 0x57, 0x3f, 0x24, 0x70, 0x57, 0x3f, 0x63, 0xa6, 0x57, 0x3f,
  0x7e, 0xdc, 0x57, 0x3f, 0x78, 0x12, 0x58, 0x3f, 0x52, 0x48, 0x58, 0x3f,
  0x0a, 0x7e, 0x58, 0x3f, 0xa1, 0xb3, 0x58, 0x3f, 0x16, 0xe9, 0x58, 0x3f,
  0x69, 0x1e, 0x59, 0x3f, 0x9c, 0x53, 0x59, 0x3f, 0xac, 0x88, 0x59, 0x3f,
  0x9d, 0xbd, 0x59, 0x3f, 0x68, 0xf2, 0x59, 0x3f, 0x14, 0x27, 0x5a, 0x3f,
  0xa0, 0x5b, 0x5a, 0x3f, 0x07, 0x90, 0x5a, 0x3f, 0x4e, 0xc4, 0x5a, 0x3f,
  0x74, 0xf8, 0x5a, 0x3f, 0x78, 0x2c, 0x5b, 0x3f, 0x5b, 0x60, 0x5b, 0x3f,
  0x1a, 0x94, 0x5b, 0x3f, 0xb8, 0xc7, 0x5b, 0x3f, 0x34, 0xfb, 0x5b, 0x3f,
  0x8f, 0x2e, 0x5c, 0x3f, 0xc6, 0x61, 0x5c, 0x3f, 0xdc, 0x94, 0x5c, 0x3f,
  0xd0, 0xc7, 0x5c, 0x3f, 0xa3, 0xfa, 0x5c, 0x3f, 0x52, 0x2d, 0x5d, 0x3f,
  0xe0, 0x5f, 0x5d, 0x3f, 0x4d, 0x92, 0x5d, 0x3f, 0x96, 0xc4, 0x5d, 0x3f,
  0xbd, 0xf6, 0x5d, 0x3f, 0xc2, 0x28, 0x5e, 0x3f, 0xa6, 0x5a, 0x5e, 0x3f,
  0x66, 0x8c, 0x5e, 0x3f, 0x04, 0xbe, 0x5e, 0x3f, 0x80, 0xef, 0x5e, 0x3f,
  0xda, 0x20, 0x5f, 0x3f, 0x11, 0x52, 0x5f, 0x3f, 0x26, 0x83, 0x5f, 0x3f,
  0x19, 0xb4, 0x5f, 0x3f, 0xe8, 0xe4, 0x5f, 0x3f, 0x96, 0x15, 0x60, 0x3f,
  0x20, 0x46, 0x60, 0x3f, 0x87, 0x76, 0x60, 0x3f, 0xcd, 0xa6, 0x60, 0x3f,
  0xf0, 0xd6, 0x60, 0x3f, 0xf0, 0x06, 0x61, 0x3f, 0xce, 0x36, 0x61, 0x3f,
  0x8a, 0x66, 0x61, 0x3f, 0x22, 0x96, 0x61, 0x3f, 0x96, 0xc5, 0x61, 0x3f,
  0xe8, 0xf4, 0x61, 0x3f, 0x17, 0x24, 0x62, 0x3f, 0x25, 0x53, 0x62, 0x3f,
  0x10, 0x82, 0x62, 0x3f, 0xd6, 0xb0, 0x62, 0x3f, 0x7a, 0xdf, 0x62, 0x3f,
  0xfa, 0x0d, 0x63, 0x3f, 0x58, 0x3c, 0x63, 0x3f, 0x94, 0x6a, 0x63, 0x3f,
  0xab, 0x98, 0x63, 0x3f, 0xa0, 0xc6, 0x63, 0x3f, 0x72, 0xf4, 0x63, 0x3f,
  0x20, 0x22, 0x64, 0x3f, 0xac, 0x4f, 0x64, 0x3f, 0x13, 0x7d, 0x64, 0x3f,
  0x57, 0xaa, 0x64, 0x3f, 0x7a, 0xd7, 0x64, 0x3f, 0x77, 0x04, 0x65, 0x3f,
  0x52, 0x31, 0x65, 0x3f, 0x0a, 0x5e, 0x65, 0x3f, 0x9e, 0x8a, 0x65, 0x3f,
  0x11, 0xb7, 0x65, 0x3f, 0x5c, 0xe3, 0x65, 0x3f, 0x87, 0x0f, 0x66, 0x3f,
  0x8d, 0x3b, 0x66, 0x3f, 0x6f, 0x67, 0x66, 0x3f, 0x30, 0x93, 0x66, 0x3f,
  0xcc, 0xbe, 0x66, 0x3f, 0x44, 0xea, 0x66, 0x3f, 0x97, 0x15, 0x67, 0x3f,
  0xcb, 0x40, 0x67, 0x3f, 0xd6, 0x6b, 0x67, 0x3f, 0xc0, 0x96, 0x67, 0x3f,
  0x86, 0xc1, 0x67, 0x3f, 0x28, 0xec, 0x67, 0x3f, 0xa6, 0x16, 0x68, 0x3f,
  0x01, 0x41, 0x68, 0x3f, 0x38, 0x6b, 0x68, 0x3f, 0x4c, 0x95, 0x68, 0x3f,
  0x3a, 0xbf, 0x68, 0x3f, 0x07, 0xe9, 0x68, 0x3f, 0xae, 0x12, 0x69, 0x3f,
  0x2f, 0x3c, 0x69, 0x3f, 0x90, 0x65, 0x69, 0x3f, 0xcd, 0x8e, 0x69, 0x3f,
  0xe2, 0xb7, 0x69, 0x3f, 0xd6, 0xe0, 0x69, 0x3f, 0xa6, 0x09, 0x6a, 0x3f,
  0x50, 0x32, 0x6a, 0x3f, 0xd9, 0x5a, 0x6a, 0x3f, 0x3b, 0x83, 0x6a, 0x3f,
  0x7a, 0xab, 0x6a, 0x3f, 0x94, 0xd3, 0x6a, 0x3f, 0x8a, 0xfb, 0x6a, 0x3f,
  0x5c, 0x23, 0x6b, 0x3f, 0x0b, 0x4b, 0x6b, 0x3f, 0x94, 0x72, 0x6b, 0x3f,
  0xf9, 0x99, 0x6b, 0x3f, 0x3b, 0xc1, 0x6b, 0x3f, 0x57, 0xe8, 0x6b, 0x3f,
  0x51, 0x0f, 0x6c, 0x3f, 0x24, 0x36, 0x6c, 0x3f, 0xd2, 0x5c, 0x6c, 0x3f,
  0x5e, 0x83, 0x6c, 0x3f, 0xc4, 0xa9, 0x6c, 0x3f, 0x06, 0xd0, 0x6c, 0x3f,
  0x24, 0xf6, 0x6c, 0x3f, 0x1d, 0x1c, 0x6d, 0x3f, 0xf0, 0x41, 0x6d, 0x3f,
  0x9f, 0x67, 0x6d, 0x3f, 0x2d, 0x8d, 0x6d, 0x3f, 0x92, 0xb2, 0x6d, 0x3f,
  0xd4, 0xd7, 0x6d, 0x3f, 0xf2, 0xfc, 0x6d, 0x3f, 0xea, 0x21, 0x6e, 0x3f,
  0xbd, 0x46, 0x6e, 0x3f, 0x6c, 0x6b, 0x6e, 0x3f, 0xf7, 0x8f, 0x6e, 0x3f,
  0x5d, 0xb4, 0x6e, 0x3f, 0x9c, 0xd8, 0x6e, 0x3f, 0xb8, 0xfc, 0x6e, 0x3f,
  0xb0, 0x20, 0x6f, 0x3f, 0x82, 0x44, 0x6f, 0x3f, 0x2e, 0x68, 0x6f, 0x3f,
  0xb8, 0x8b, 0x6f, 0x3f, 0x1a, 0xaf, 0x6f, 0x3f, 0x57, 0xd2, 0x6f, 0x3f,
  0x71, 0xf5, 0x6f, 0x3f, 0x66, 0x18, 0x70, 0x3f, 0x36, 0x3b, 0x70, 0x3f,
  0xe0, 0x5d, 0x70, 0x3f, 0x66, 0x80, 0x70, 0x3f, 0xc6, 0xa2, 0x70, 0x3f,
  0x00, 0xc5, 0x70, 0x3f, 0x16, 0xe7, 0x70, 0x3f, 0x09, 0x09, 0x71, 0x3f,
  0xd1, 0x2a, 0x71, 0x3f, 0x7a, 0x4c, 0x71, 0x3f, 0xfb, 0x6d, 0x71, 0x3f,
  0x56, 0x8f, 0x71, 0x3f, 0x8b, 0xb0, 0x71, 0x3f, 0x9f, 0xd1, 0x71, 0x3f,
  0x8a, 0xf2, 0x71, 0x3f, 0x52, 0x13, 0x72, 0x3f, 0xf2, 0x33, 0x72, 0x3f,
  0x6e, 0x54, 0x72, 0x3f, 0xc6, 0x74, 0x72, 0x3f, 0xf8, 0x94, 0x72, 0x3f,
  0x04, 0xb5, 0x72, 0x3f, 0xea, 0xd4, 0x72, 0x3f, 0xaa, 0xf4, 0x72, 0x3f,
  0x46, 0x14, 0x73, 0x3f, 0xbd, 0x33, 0x73, 0x3f, 0x0f, 0x53, 0x73, 0x3f,
  0x38, 0x72, 0x73, 0x3f, 0x3f, 0x91, 0x73, 0x3f, 0x1e, 0xb0, 0x73, 0x3f,
  0xd7, 0xce, 0x73, 0x3f, 0x6d, 0xed, 0x73, 0x3f, 0xdd, 0x0b, 0x74, 0x3f,
  0x25, 0x2a, 0x74, 0x3f, 0x49, 0x48, 0x74, 0x3f, 0x48, 0x66, 0x74, 0x3f,
  0x21, 0x84, 0x74, 0x3f, 0xd4, 0xa1, 0x74, 0x3f, 0x61, 0xbf, 0x74, 0x3f,
  0xc9, 0xdc, 0x74, 0x3f, 0x0a, 0xfa, 0x74, 0x3f, 0x27, 0x17, 0x75, 0x3f,
  0x1c, 0x34, 0x75, 0x3f, 0xec, 0x50, 0x75, 0x3f, 0x96, 0x6d, 0x75, 0x3f,
  0x1a, 0x8a, 0x75, 0x3f, 0x7a, 0xa6, 0x75, 0x3f, 0xb3, 0xc2, 0x75, 0x3f,
  0xc6, 0xde, 0x75, 0x3f, 0xb3, 0xfa, 0x75, 0x3f, 0x7b, 0x16, 0x76, 0x3f,
  0x1a, 0x32, 0x76, 0x3f, 0x97, 0x4d, 0x76, 0x3f, 0xeb, 0x68, 0x76, 0x3f,
  0x1a, 0x84, 0x76, 0x3f, 0x24, 0x9f, 0x76, 0x3f, 0x06, 0xba, 0x76, 0x3f,
  0xc3, 0xd4, 0x76, 0x3f, 0x5a, 0xef, 0x76, 0x3f, 0xcb, 0x09, 0x77, 0x3f,
  0x16, 0x24, 0x77, 0x3f, 0x3b, 0x3e, 0x77, 0x3f, 0x3a, 0x58, 0x77, 0x3f,
  0x12, 0x72, 0x77, 0x3f, 0xc4, 0x8b, 0x77, 0x3f, 0x50, 0xa5, 0x77, 0x3f,
  0xb7, 0xbe, 0x77, 0x3f, 0xf7, 0xd7, 0x77, 0x3f, 0x10, 0xf1, 0x77, 0x3f,
  0x02, 0x0a, 0x78, 0x3f, 0xd0, 0x22, 0x78, 0x3f, 0x76, 0x3b, 0x78, 0x3f,
  0xf5, 0x53, 0x78, 0x3f, 0x51, 0x6c, 0x78, 0x3f, 0x84, 0x84, 0x78, 0x3f,
  0x92, 0x9c, 0x78, 0x3f, 0x7b, 0xb4, 0x78, 0x3f, 0x3b, 0xcc, 0x78, 0x3f,
  0xd4, 0xe3, 0x78, 0x3f, 0x4b, 0xfb, 0x78, 0x3f, 0x95, 0x12, 0x79, 0x3f,
  0xbe, 0x29, 0x79, 0x3f, 0xbd, 0x40, 0x79, 0x3f, 0x99, 0x57, 0x79, 0x3f,
  0x4f, 0x6e, 0x79, 0x3f, 0xda, 0x84, 0x79, 0x3f, 0x42, 0x9b, 0x79, 0x3f,
  0x82, 0xb1, 0x79, 0x3f, 0x9b, 0xc7, 0x79, 0x3f, 0x90, 0xdd, 0x79, 0x3f,
  0x5c, 0xf3, 0x79, 0x3f, 0x05, 0x09, 0x7a, 0x3f, 0x83, 0x1e, 0x7a, 0x3f,
  0xdc, 0x33, 0x7a, 0x3f, 0x0f, 0x49, 0x7a, 0x3f, 0x1c, 0x5e, 0x7a, 0x3f,
  0x01, 0x73, 0x7a, 0x3f, 0xc0, 0x87, 0x7a, 0x3f, 0x58, 0x9c, 0x7a, 0x3f,
  0xca, 0xb0, 0x7a, 0x3f, 0x14, 0xc5, 0x7a, 0x3f, 0x38, 0xd9, 0x7a, 0x3f,
  0x37, 0xed, 0x7a, 0x3f, 0x0d, 0x01, 0x7b, 0x3f, 0xbf, 0x14, 0x7b, 0x3f,
  0x46, 0x28, 0x7b, 0x3f, 0xab, 0x3b, 0x7b, 0x3f, 0xe5, 0x4e, 0x7b, 0x3f,
  0xfb, 0x61, 0x7b, 0x3f, 0xea, 0x74, 0x7b, 0x3f, 0xb2, 0x87, 0x7b, 0x3f,
  0x52, 0x9a, 0x7b, 0x3f, 0xcc, 0xac, 0x7b, 0x3f, 0x20, 0xbf, 0x7b, 0x3f,
  0x4d, 0xd1, 0x7b, 0x3f, 0x52, 0xe3, 0x7b, 0x3f, 0x30, 0xf5, 0x7b, 0x3f,
  0xe8, 0x06, 0x7c, 0x3f, 0x7a, 0x18, 0x7c, 0x3f, 0xe4, 0x29, 0x7c, 0x3f,
  0x25, 0x3b, 0x7c, 0x3f, 0x44, 0x4c, 0x7c, 0x3f, 0x38, 0x5d, 0x7c, 0x3f,
  0x07, 0x6e, 0x7c, 0x3f, 0xae, 0x7e, 0x7c, 0x3f, 0x31, 0x8f, 0x7c, 0x3f,
  0x8a, 0x9f, 0x7c, 0x3f, 0xbc, 0xaf, 0x7c, 0x3f, 0xc7, 0xbf, 0x7c, 0x3f,
  0xad, 0xcf, 0x7c, 0x3f, 0x6a, 0xdf, 0x7c, 0x3f, 0x03, 0xef, 0x7c, 0x3f,
  0x72, 0xfe, 0x7c, 0x3f, 0xba, 0x0d, 0x7d, 0x3f, 0xdc, 0x1c, 0x7d, 0x3f,
  0xd9, 0x2b, 0x7d, 0x3f, 0xaa, 0x3a, 0x7d, 0x3f, 0x58, 0x49, 0x7d, 0x3f,
  0xde, 0x57, 0x7d, 0x3f, 0x3c, 0x66, 0x7d, 0x3f, 0x74, 0x74, 0x7d, 0x3f,
  0x85, 0x82, 0x7d, 0x3f, 0x6e, 0x90, 0x7d, 0x3f, 0x30, 0x9e, 0x7d, 0x3f,
  0xc9, 0xab, 0x7d, 0x3f, 0x3e, 0xb9, 0x7d, 0x3f, 0x8b, 0xc6, 0x7d, 0x3f,
  0xb3, 0xd3, 0x7d, 0x3f, 0xb0, 0xe0, 0x7d, 0x3f, 0x88, 0xed, 0x7d, 0x3f,
  0x38, 0xfa, 0x7d, 0x3f, 0xc0, 0x06, 0x7e, 0x3f, 0x21, 0x13, 0x7e, 0x3f,
  0x5e, 0x1f, 0x7e, 0x3f, 0x70, 0x2b, 0x7e, 0x3f, 0x5d, 0x37, 0x7e, 0x3f,
  0x23, 0x43, 0x7e, 0x3f, 0xc0, 0x4e, 0x7e, 0x3f, 0x38, 0x5a, 0x7e, 0x3f,
  0x86, 0x65, 0x7e, 0x3f, 0xaf, 0x70, 0x7e, 0x3f, 0xb0, 0x7b, 0x7e, 0x3f,
  0x8a, 0x86, 0x7e, 0x3f, 0x3c, 0x91, 0x7e, 0x3f, 0xc7, 0x9b, 0x7e, 0x3f,
  0x2c, 0xa6, 0x7e, 0x3f, 0x67, 0xb0, 0x7e, 0x3f, 0x7d, 0xba, 0x7e, 0x3f,
  0x6d, 0xc4, 0x7e, 0x3f, 0x34, 0xce, 0x7e, 0x3f, 0xd3, 0xd7, 0x7e, 0x3f,
  0x49, 0xe1, 0x7e, 0x3f, 0x9d, 0xea, 0x7e, 0x3f, 0xc6, 0xf3, 0x7e, 0x3f,
  0xc7, 0xfc, 0x7e, 0x3f, 0xa4, 0x05, 0x7f, 0x3f, 0x56, 0x0e, 0x7f, 0x3f,
  0xe3, 0x16, 0x7f, 0x3f, 0x49, 0x1f, 0x7f, 0x3f, 0x86, 0x27, 0x7f, 0x3f,
  0x9c, 0x2f, 0x7f, 0x3f, 0x8c, 0x37, 0x7f, 0x3f, 0x55, 0x3f, 0x7f, 0x3f,
  0xf4, 0x46, 0x7f, 0x3f, 0x6c, 0x4e, 0x7f, 0x3f, 0xbe, 0x55, 0x7f, 0x3f,
  0xe8, 0x5c, 0x7f, 0x3f, 0xea, 0x63, 0x7f, 0x3f, 0xc6, 0x6a, 0x7f, 0x3f,
  0x7b, 0x71, 0x7f, 0x3f, 0x08, 0x78, 0x7f, 0x3f, 0x6c, 0x7e, 0x7f, 0x3f,
  0xa9, 0x84, 0x7f, 0x3f, 0xc0, 0x8a, 0x7f, 0x3f, 0xb0, 0x90, 0x7f, 0x3f,
  0x78, 0x96, 0x7f, 0x3f, 0x19, 0x9c, 0x7f, 0x3f, 0x90, 0xa1, 0x7f, 0x3f,
  0xe2, 0xa6, 0x7f, 0x3f, 0x0c, 0xac, 0x7f, 0x3f, 0x0e, 0xb1, 0x7f, 0x3f,
  0xe9, 0xb5, 0x7f, 0x3f, 0x9c, 0xba, 0x7f, 0x3f, 0x2a, 0xbf, 0x7f, 0x3f,
  0x8e, 0xc3, 0x7f, 0x3f, 0xcc, 0xc7, 0x7f, 0x3f, 0xe3, 0xcb, 0x7f, 0x3f,
  0xd0, 0xcf, 0x7f, 0x3f, 0x96, 0xd3, 0x7f, 0x3f, 0x36, 0xd7, 0x7f, 0x3f,
  0xad, 0xda, 0x7f, 0x3f, 0xfe, 0xdd, 0x7f, 0x3f, 0x29, 0xe1, 0x7f, 0x3f,
  0x2b, 0xe4, 0x7f, 0x3f, 0x05, 0xe7, 0x7f, 0x3f, 0xb6, 0xe9, 0x7f, 0x3f,
  0x43, 0xec, 0x7f, 0x3f, 0xa5, 0xee, 0x7f, 0x3f, 0xe1, 0xf0, 0x7f, 0x3f,
  0xf9, 0xf2, 0x7f, 0x3f, 0xe4, 0xf4, 0x7f, 0x3f, 0xa9, 0xf6, 0x7f, 0x3f,
  0x49, 0xf8, 0x7f, 0x3f, 0xbf, 0xf9, 0x7f, 0x3f, 0x11, 0xfb, 0x7f, 0x3f,
  0x38, 0xfc, 0x7f, 0x3f, 0x39, 0xfd, 0x7f, 0x3f, 0x13, 0xfe, 0x7f, 0x3f,
  0xc5, 0xfe, 0x7f, 0x3f, 0x4e, 0xff, 0x7f, 0x3f, 0xaf, 0xff, 0x7f, 0x3f,
  0xec, 0xff, 0x7f, 0x3f, 0x00, 0x00, 0x00, 0x00, 0x00, 0x00, 0x00, 0x00,
  0x00, 0x00, 0x00, 0x00, 0x00, 0x00, 0x00, 0x00, 0x00, 0x00, 0x00, 0x00,
  0x00, 0x00, 0x00, 0x00, 0x00, 0x00, 0x00, 0x00, 0x00, 0x00, 0x00, 0x00,
  0x00, 0x00, 0x00, 0x00, 0x00, 0x00, 0x00, 0x00, 0x00, 0x00, 0x00, 0x00,
  0x00, 0x00, 0x00, 0x00, 0x00, 0x00, 0x00, 0x00, 0x00, 0x00, 0x00, 0x00,
  0x00, 0x00, 0x00, 0x00, 0x00, 0x00, 0x00, 0x00, 0x00, 0x00, 0x00, 0x00,
  0x00, 0x00, 0x00, 0x00, 0x00, 0x00, 0x00, 0x00, 0x00, 0x00, 0x00, 0x00,
  0x00, 0x00, 0x00, 0x00, 0x00, 0x00, 0x00, 0x00, 0x00, 0x00, 0x00, 0x00,
  0x00, 0x00, 0x00, 0x00, 0x00, 0x00, 0x00, 0x00, 0x00, 0x00, 0x00, 0x00,
  0x00, 0x00, 0x00, 0x00, 0x00, 0x00, 0x00, 0x00, 0x00, 0x00, 0x00, 0x00,
  0x00, 0x00, 0x00, 0x00, 0x00, 0x00, 0x00, 0x00, 0x00, 0x00, 0x00, 0x00,
  0x00, 0x00, 0x00, 0x00, 0x00, 0x00, 0x00, 0x00, 0x00, 0x00, 0x00, 0x00,
  0x00, 0x00, 0x00, 0x00, 0x00, 0x00, 0x00, 0x00, 0x00, 0x00, 0x00, 0x00,
  0x00, 0x00, 0x00, 0x00, 0x00, 0x00, 0x00, 0x00, 0x00, 0x00, 0x00, 0x00,
  0x00, 0x00, 0x00, 0x00, 0x00, 0x00, 0x00, 0x00, 0x00, 0x00, 0x00, 0x00,
  0x00, 0x00, 0x00, 0x00, 0x00, 0x00, 0x00, 0x00, 0x00, 0x00, 0x00, 0x00,
  0x00, 0x00, 0x00, 0x00, 0x00, 0x00, 0x00, 0x00, 0x00, 0x00, 0x00, 0x00,
  0x00, 0x00, 0x00, 0x00, 0x00, 0x00, 0x00, 0x00, 0x00, 0x00, 0x00, 0x00,
  0x00, 0x00, 0x00, 0x00, 0x00, 0x00, 0x00, 0x00, 0x00, 0x00, 0x00, 0x00,
  0x00, 0x00, 0x00, 0x00, 0x00, 0x00, 0x00, 0x00, 0x00, 0x00, 0x00, 0x00,
  0x00, 0x00, 0x00, 0x00, 0x00, 0x00, 0x00, 0x00, 0x00, 0x00, 0x00, 0x00,
  0x00, 0x00, 0x00, 0x00, 0x00, 0x00, 0x00, 0x00, 0x00, 0x00, 0x00, 0x00,
  0x00, 0x00, 0x00, 0x00, 0x00, 0x00, 0x00, 0x00, 0x00, 0x00, 0x00, 0x00,
  0x00, 0x00, 0x00, 0x00, 0x00, 0x00, 0x00, 0x00, 0x00, 0x00, 0x00, 0x00,
  0x00, 0x00, 0x00, 0x00, 0x00, 0x00, 0x00, 0x00, 0x00, 0x00, 0x00, 0x00,
  0x00, 0x00, 0x00, 0x00, 0x00, 0x00, 0x00, 0x00, 0x00, 0x00, 0x00, 0x00,
  0x00, 0x00, 0x00, 0x00, 0x00, 0x00, 0x00, 0x00, 0x00, 0x00, 0x00, 0x00,
  0x00, 0x00, 0x00, 0x00, 0x00, 0x00, 0x00, 0x00, 0x00, 0x00, 0x00, 0x00,
  0x00, 0x00, 0x00, 0x00, 0x00, 0x00, 0x00, 0x00, 0x00, 0x00, 0x00, 0x00,
  0x00, 0x00, 0x00, 0x00, 0x00, 0x00, 0x00, 0x00, 0x00, 0x00, 0x00, 0x00,
  0x00, 0x00, 0x00, 0x00, 0x00, 0x00, 0x00, 0x00, 0x00, 0x00, 0x00, 0x00,
  0x00, 0x00, 0x00, 0x00, 0x00, 0x00, 0x00, 0x00, 0x00, 0x00, 0x00, 0x00,
  0x00, 0x00, 0x00, 0x00, 0x00, 0x00, 0x00, 0x00, 0x00, 0x00, 0x00, 0x00,
  0x00, 0x00, 0x00, 0x00, 0x00, 0x00, 0x00, 0x00, 0x00, 0x00, 0x00, 0x00,
  0x00, 0x00, 0x00, 0x00, 0x00, 0x00, 0x00, 0x00, 0x00, 0x00, 0x00, 0x00,
  0x00, 0x00, 0x00, 0x00, 0x00, 0x00, 0x00, 0x00, 0x00, 0x00, 0x00, 0x00,
  0x00, 0x00, 0x00, 0x00, 0x00, 0x00, 0x00, 0x00, 0x00, 0x00, 0x00, 0x00,
  0x00, 0x00, 0x00, 0x00, 0x00, 0x00, 0x00, 0x00, 0x00, 0x00, 0x00, 0x00,
  0x00, 0x00, 0x00, 0x00, 0x00, 0x00, 0x00, 0x00, 0x00, 0x00, 0x00, 0x00,
  0x00, 0x00, 0x00, 0x00, 0x00, 0x00, 0x00, 0x00, 0x00, 0x00, 0x00, 0x00,
  0x00, 0x00, 0x00, 0x00, 0x00, 0x00, 0x00, 0x00, 0x00, 0x00, 0x00, 0x00,
  0x00, 0x00, 0x00, 0x00, 0x00, 0x00, 0x00, 0x00, 0x00, 0x00, 0x00, 0x00,
  0x00, 0x00, 0x00, 0x00, 0x00, 0x00, 0x00, 0x00, 0x00, 0x00, 0x00, 0x00,
  0x00, 0x00, 0x00, 0x00, 0x00, 0x00, 0x00, 0x00, 0x00, 0x00, 0x00, 0x00,
  0x00, 0x00, 0x00, 0x00, 0x00, 0x00, 0x00, 0x00, 0x00, 0x00, 0x00, 0x00,
  0x00, 0x00, 0x00, 0x00, 0x00, 0x00, 0x00, 0x00, 0x00, 0x00, 0x00, 0x00,
  0x00, 0x00, 0x00, 0x00, 0x00, 0x00, 0x00, 0x00, 0x00, 0x00, 0x00, 0x00,
  0x00, 0x00, 0x00, 0x00, 0x00, 0x00, 0x00, 0x00, 0x00, 0x00, 0x00, 0x00,
  0x00, 0x00, 0x00, 0x00, 0x00, 0x00, 0x00, 0x00, 0x00, 0x00, 0x00, 0x00,
  0x00, 0x00, 0x00, 0x00, 0x00, 0x00, 0x00, 0x00, 0x00, 0x00, 0x00, 0x00,
  0x00, 0x00, 0x00, 0x00, 0x00, 0x00, 0x00, 0x00, 0x00, 0x00, 0x00, 0x00,
  0x00, 0x00, 0x00, 0x00, 0x00, 0x00, 0x00, 0x00, 0x00, 0x00, 0x00, 0x00,
  0x00, 0x00, 0x00, 0x00, 0x00, 0x00, 0x00, 0x00, 0x00, 0x00, 0x00, 0x00,
  0x00, 0x00, 0x00, 0x00, 0x00, 0x00, 0x00, 0x00, 0x00, 0x00, 0x00, 0x00,
  0x00, 0x00, 0x00, 0x00, 0x00, 0x00, 0x00, 0x00, 0x00, 0x00, 0x00, 0x00,
  0x00, 0x00, 0x00, 0x00, 0x00, 0x00, 0x00, 0x00, 0x00, 0x00, 0x00, 0x00,
  0x00, 0x00, 0x00, 0x00, 0x00, 0x00, 0x00, 0x00, 0x00, 0x00, 0x00, 0x00,
  0x00, 0x00, 0x00, 0x00, 0x00, 0x00, 0x00, 0x00, 0x00, 0x00, 0x00, 0x00,
  0x00, 0x00, 0x00, 0x00, 0x00, 0x00, 0x00, 0x00, 0x00, 0x00, 0x00, 0x00,
  0x00, 0x00, 0x00, 0x00, 0x00, 0x00, 0x00, 0x00, 0x00, 0x00, 0x00, 0x00,
  0x00, 0x00, 0x00, 0x00, 0x00, 0x00, 0x00, 0x00, 0x00, 0x00, 0x00, 0x00,
  0x00, 0x00, 0x00, 0x00, 0x00, 0x00, 0x00, 0x00, 0x00, 0x00, 0x00, 0x00,
  0x00, 0x00, 0x00, 0x00, 0x00, 0x00, 0x00, 0x00, 0x00, 0x00, 0x00, 0x00,
  0x00, 0x00, 0x00, 0x00, 0x00, 0x00, 0x00, 0x00, 0x00, 0x00, 0x00, 0x00,
  0x00, 0x00, 0x00, 0x00, 0x00, 0x00, 0x00, 0x00, 0x00, 0x00, 0x00, 0x00,
  0x00, 0x00, 0x00, 0x00, 0x00, 0x00, 0x00, 0x00, 0x00, 0x00, 0x00, 0x00,
  0x00, 0x00, 0x00, 0x00, 0x00, 0x00, 0x00, 0x00, 0x00, 0x00, 0x00, 0x00,
  0x00, 0x00, 0x00, 0x00, 0x00, 0x00, 0x00, 0x00, 0x00, 0x00, 0x00, 0x00,
  0x00, 0x00, 0x00, 0x00, 0x00, 0x00, 0x00, 0x00, 0x00, 0x00, 0x00, 0x00,
  0x00, 0x00, 0x00, 0x00, 0x00, 0x00, 0x00, 0x00, 0x00, 0x00, 0x00, 0x00,
  0x00, 0x00, 0x00, 0x00, 0x00, 0x00, 0x00, 0x00, 0x00, 0x00, 0x00, 0x00,
  0x00, 0x00, 0x00, 0x00, 0x00, 0x00, 0x00, 0x00, 0x00, 0x00, 0x00, 0x00,
  0x00, 0x00, 0x00, 0x00, 0x00, 0x00, 0x00, 0x00, 0x00, 0x00, 0x00, 0x00,
  0x00, 0x00, 0x00, 0x00, 0x00, 0x00, 0x00, 0x00, 0x00, 0x00, 0x00, 0x00,
  0x00, 0x00, 0x00, 0x00, 0x00, 0x00, 0x00, 0x00, 0x00, 0x00, 0x00, 0x00,
  0x00, 0x00, 0x00, 0x00, 0x00, 0x00, 0x00, 0x00, 0x00, 0x00, 0x00, 0x00,
  0x00, 0x00, 0x00, 0x00, 0x00, 0x00, 0x00, 0x00, 0x00, 0x00, 0x00, 0x00,
  0x00, 0x00, 0x00, 0x00, 0x00, 0x00, 0x00, 0x00, 0x00, 0x00, 0x00, 0x00,
  0x00, 0x00, 0x00, 0x00, 0x00, 0x00, 0x00, 0x00, 0x00, 0x00, 0x00, 0x00,
  0x00, 0x00, 0x00, 0x00, 0x00, 0x00, 0x00, 0x00, 0x00, 0x00, 0x00, 0x00,
  0x00, 0x00, 0x00, 0x00, 0x00, 0x00, 0x00, 0x00, 0x00, 0x00, 0x00, 0x00,
  0x00, 0x00, 0x00, 0x00, 0x00, 0x00, 0x00, 0x00, 0x00, 0x00, 0x00, 0x00,
  0x00, 0x00, 0x00, 0x00, 0x00, 0x00, 0x00, 0x00, 0x00, 0x00, 0x00, 0x00,
  0x00, 0x00, 0x00, 0x00, 0x00, 0x00, 0x00, 0x00, 0x00, 0x00, 0x00, 0x00,
  0x00, 0x00, 0x00, 0x00, 0x00, 0x00, 0x00, 0x00, 0x00, 0x00, 0x00, 0x00,
  0x00, 0x00, 0x00, 0x00, 0x00, 0x00, 0x00, 0x00, 0x00, 0x00, 0x00, 0x00,
  0x00, 0x00, 0x00, 0x00, 0x00, 0x00, 0x00, 0x00, 0x00, 0x00, 0x00, 0x00,
  0x00, 0x00, 0x00, 0x00, 0x00, 0x00, 0x00, 0x00, 0x00, 0x00, 0x00, 0x00,
  0x00, 0x00, 0x00, 0x00, 0x00, 0x00, 0x00, 0x00, 0x00, 0x00, 0x00, 0x00,
  0x00, 0x00, 0x00, 0x00, 0x00, 0x00, 0x00, 0x00, 0x00, 0x00, 0x00, 0x00,
  0x00, 0x00, 0x00, 0x00, 0x00, 0x00, 0x00, 0x00, 0x00, 0x00, 0x00, 0x00,
  0x00, 0x00, 0x00, 0x00, 0x00, 0x00, 0x00, 0x00, 0x00, 0x00, 0x00, 0x00,
  0x00, 0x00, 0x00, 0x00, 0x00, 0x00, 0x00, 0x00, 0x00, 0x00, 0x00, 0x00,
  0x00, 0x00, 0x00, 0x00, 0x00, 0x00, 0x00, 0x00, 0x00, 0x00, 0x00, 0x00,
  0x00, 0x00, 0x00, 0x00, 0x00, 0x00, 0x00, 0x00, 0x00, 0x00, 0x00, 0x00,
  0x00, 0x00, 0x00, 0x00, 0x00, 0x00, 0x00, 0x00, 0x00, 0x00, 0x00, 0x00,
  0x00, 0x00, 0x00, 0x00, 0x00, 0x00, 0x00, 0x00, 0x00, 0x00, 0x00, 0x00,
  0x00, 0x00, 0x00, 0x00, 0x00, 0x00, 0x00, 0x00, 0x00, 0x00, 0x00, 0x00,
  0x00, 0x00, 0x00, 0x00, 0x00, 0x00, 0x00, 0x00, 0x00, 0x00, 0x00, 0x00,
  0x00, 0x00, 0x00, 0x00, 0x00, 0x00, 0x00, 0x00, 0x00, 0x00, 0x00, 0x00,
  0x00, 0x00, 0x00, 0x00, 0x00, 0x00, 0x00, 0x00, 0x00, 0x00, 0x00, 0x00,
  0x00, 0x00, 0x00, 0x00, 0x00, 0x00, 0x00, 0x00, 0x00, 0x00, 0x00, 0x00,
  0x00, 0x00, 0x00, 0x00, 0x00, 0x00, 0x00, 0x00, 0x00, 0x00, 0x00, 0x00,
  0x00, 0x00, 0x00, 0x00, 0x00, 0x00, 0x00, 0x00, 0x00, 0x00, 0x00, 0x00,
  0x00, 0x00, 0x00, 0x00, 0x00, 0x00, 0x00, 0x00, 0x00, 0x00, 0x00, 0x00,
  0x00, 0x00, 0x00, 0x00, 0x00, 0x00, 0x00, 0x00, 0x00, 0x00, 0x00, 0x00,
  0x00, 0x00, 0x00, 0x00, 0x00, 0x00, 0x00, 0x00, 0x00, 0x00, 0x00, 0x00,
  0x00, 0x00, 0x00, 0x00, 0x00, 0x00, 0x00, 0x00, 0x00, 0x00, 0x00, 0x00,
  0x00, 0x00, 0x00, 0x00, 0x00, 0x00, 0x00, 0x00, 0x00, 0x00, 0x00, 0x00,
  0x00, 0x00, 0x00, 0x00, 0x00, 0x00, 0x00, 0x00, 0x00, 0x00, 0x00, 0x00,
  0x00, 0x00, 0x00, 0x00, 0x00, 0x00, 0x00, 0x00, 0x00, 0x00, 0x00, 0x00,
  0x00, 0x00, 0x00, 0x00, 0x00, 0x00, 0x00, 0x00, 0x00, 0x00, 0x00, 0x00,
  0x00, 0x00, 0x00, 0x00, 0x00, 0x00, 0x00, 0x00, 0x00, 0x00, 0x00, 0x00,
  0x00, 0x00, 0x00, 0x00, 0x00, 0x00, 0x00, 0x00, 0x00, 0x00, 0x00, 0x00,
  0x00, 0x00, 0x00, 0x00, 0x00, 0x00, 0x00, 0x00, 0x00, 0x00, 0x00, 0x00,
  0x00, 0x00, 0x00, 0x00, 0x00, 0x00, 0x00, 0x00, 0x00, 0x00, 0x00, 0x00,
  0x00, 0x00, 0x00, 0x00, 0x00, 0x00, 0x00, 0x00, 0x00, 0x00, 0x00, 0x00,
  0x00, 0x00, 0x00, 0x00, 0x00, 0x00, 0x00, 0x00, 0x00, 0x00, 0x00, 0x00,
  0x00, 0x00, 0x00, 0x00, 0x00, 0x00, 0x00, 0x00, 0x00, 0x00, 0x00, 0x00,
  0x00, 0x00, 0x00, 0x00, 0x00, 0x00, 0x00, 0x00, 0x00, 0x00, 0x00, 0x00,
  0x00, 0x00, 0x00, 0x00, 0x00, 0x00, 0x00, 0x00, 0x00, 0x00, 0x00, 0x00,
  0x00, 0x00, 0x00, 0x00, 0x00, 0x00, 0x00, 0x00, 0x00, 0x00, 0x00, 0x00,
  0x00, 0x00, 0x00, 0x00, 0x00, 0x00, 0x00, 0x00, 0x00, 0x00, 0x00, 0x00,
  0x00, 0x00, 0x00, 0x00, 0x00, 0x00, 0x00, 0x00, 0x00, 0x00, 0x00, 0x00,
  0x00, 0x00, 0x00, 0x00, 0x00, 0x00, 0x00, 0x00, 0x00, 0x00, 0x00, 0x00,
  0x00, 0x00, 0x00, 0x00, 0x00, 0x00, 0x00, 0x00, 0x00, 0x00, 0x00, 0x00,
  0x00, 0x00, 0x00, 0x00, 0x00, 0x00, 0x00, 0x00, 0x00, 0x00, 0x00, 0x00,
  0x00, 0x00, 0x00, 0x00, 0x00, 0x00, 0x00, 0x00, 0x00, 0x00, 0x00, 0x00,
  0x00, 0x00, 0x00, 0x00, 0x00, 0x00, 0x00, 0x00, 0x00, 0x00, 0x00, 0x00,
  0x00, 0x00, 0x00, 0x00, 0x00, 0x00, 0x00, 0x00, 0x00, 0x00, 0x00, 0x00,
  0x00, 0x00, 0x00, 0x00, 0x00, 0x00, 0x00, 0x00, 0x00, 0x00, 0x00, 0x00,
  0x00, 0x00, 0x00, 0x00, 0x00, 0x00, 0x00, 0x00, 0x00, 0x00, 0x00, 0x00,
  0x00, 0x00, 0x00, 0x00, 0x00, 0x00, 0x00, 0x00, 0x00, 0x00, 0x00, 0x00,
  0x00, 0x00, 0x00, 0x00, 0x00, 0x00, 0x00, 0x00, 0x00, 0x00, 0x00, 0x00,
  0x00, 0x00, 0x00, 0x00, 0x00, 0x00, 0x00, 0x00, 0x00, 0x00, 0x00, 0x00,
  0x00, 0x00, 0x00, 0x00, 0x00, 0x00, 0x00, 0x00, 0x00, 0x00, 0x00, 0x00,
  0x00, 0x00, 0x00, 0x00, 0x00, 0x00, 0x00, 0x00, 0x00, 0x00, 0x00, 0x00,
  0x00, 0x00, 0x00, 0x00, 0x00, 0x00, 0x00, 0x00, 0x00, 0x00, 0x00, 0x00,
  0x00, 0x00, 0x00, 0x00, 0x00, 0x00, 0x00, 0x00, 0x00, 0x00, 0x00, 0x00,
  0x00, 0x00, 0x00, 0x00, 0x00, 0x00, 0x00, 0x00, 0x00, 0x00, 0x00, 0x00,
  0x00, 0x00, 0x00, 0x00, 0x00, 0x00, 0x00, 0x00, 0x00, 0x00, 0x00, 0x00,
  0x00, 0x00, 0x00, 0x00, 0x00, 0x00, 0x00, 0x00, 0x00, 0x00, 0x00, 0x00,
  0x00, 0x00, 0x00, 0x00, 0x00, 0x00, 0x00, 0x00, 0x00, 0x00, 0x00, 0x00,
  0x00, 0x00, 0x00, 0x00, 0x00, 0x00, 0x00, 0x00, 0x00, 0x00, 0x00, 0x00,
  0x00, 0x00, 0x00, 0x00, 0x00, 0x00, 0x00, 0x00, 0x00, 0x00, 0x00, 0x00,
  0x00, 0x00, 0x00, 0x00, 0x00, 0x00, 0x00, 0x00, 0x00, 0x00, 0x00, 0x00,
  0x00, 0x00, 0x00, 0x00, 0x00, 0x00, 0x00, 0x00, 0x00, 0x00, 0x00, 0x00,
  0x00, 0x00, 0x00, 0x00, 0x00, 0x00, 0x00, 0x00, 0x00, 0x00, 0x00, 0x00,
  0x00, 0x00, 0x00, 0x00, 0x00, 0x00, 0x00, 0x00, 0x00, 0x00, 0x00, 0x00,
  0x00, 0x00, 0x00, 0x00, 0x00, 0x00, 0x00, 0x00, 0x00, 0x00, 0x00, 0x00,
  0x00, 0x00, 0x00, 0x00, 0x00, 0x00, 0x00, 0x00, 0x00, 0x00, 0x00, 0x00,
  0x00, 0x00, 0x00, 0x00, 0x00, 0x00, 0x00, 0x00, 0x00, 0x00, 0x00, 0x00,
  0x00, 0x00, 0x00, 0x00, 0x00, 0x00, 0x00, 0x00, 0x00, 0x00, 0x00, 0x00,
  0x00, 0x00, 0x00, 0x00, 0x00, 0x00, 0x00, 0x00, 0x00, 0x00, 0x00, 0x00,
  0x00, 0x00, 0x00, 0x00, 0x00, 0x00, 0x00, 0x00, 0x00, 0x00, 0x00, 0x00,
  0x00, 0x00, 0x00, 0x00, 0x00, 0x00, 0x00, 0x00, 0x00, 0x00, 0x00, 0x00,
  0x00, 0x00, 0x00, 0x00, 0x00, 0x00, 0x00, 0x00, 0x00, 0x00, 0x00, 0x00,
  0x00, 0x00, 0x00, 0x00, 0x00, 0x00, 0x00, 0x00, 0x00, 0x00, 0x00, 0x00,
  0x00, 0x00, 0x00, 0x00, 0x00, 0x00, 0x00, 0x00, 0x00, 0x00, 0x00, 0x00,
  0x00, 0x00, 0x00, 0x00, 0x00, 0x00, 0x00, 0x00, 0x00, 0x00, 0x00, 0x00,
  0x00, 0x00, 0x00, 0x00, 0x00, 0x00, 0x00, 0x00, 0x00, 0x00, 0x00, 0x00,
  0x00, 0x00, 0x00, 0x00, 0x00, 0x00, 0x00, 0x00, 0x00, 0x00, 0x00, 0x00,
  0x00, 0x00, 0x00, 0x00, 0x00, 0x00, 0x00, 0x00, 0x00, 0x00, 0x00, 0x00,
  0x00, 0x00, 0x00, 0x00, 0x00, 0x00, 0x00, 0x00, 0x00, 0x00, 0x00, 0x00,
  0x00, 0x00, 0x00, 0x00, 0x00, 0x00, 0x00, 0x00, 0x00, 0x00, 0x00, 0x00,
  0x00, 0x00, 0x00, 0x00, 0x00, 0x00, 0x00, 0x00, 0x00, 0x00, 0x00, 0x00,
  0x00, 0x00, 0x00, 0x00, 0x00, 0x00, 0x00, 0x00, 0x00, 0x00, 0x00, 0x00,
  0x00, 0x00, 0x00, 0x00, 0x00, 0x00, 0x00, 0x00, 0x00, 0x00, 0x00, 0x00,
  0x00, 0x00, 0x00, 0x00, 0x00, 0x00, 0x00, 0x00, 0x00, 0x00, 0x00, 0x00,
  0x00, 0x00, 0x00, 0x00, 0x00, 0x00, 0x00, 0x00, 0x00, 0x00, 0x00, 0x00,
  0x00, 0x00, 0x00, 0x00, 0x00, 0x00, 0x00, 0x00, 0x00, 0x00, 0x00, 0x00,
  0x00, 0x00, 0x00, 0x00, 0x00, 0x00, 0x00, 0x00, 0x00, 0x00, 0x00, 0x00,
  0x00, 0x00, 0x00, 0x00, 0x00, 0x00, 0x00, 0x00, 0x00, 0x00, 0x00, 0x00,
  0x00, 0x00, 0x00, 0x00, 0x00, 0x00, 0x00, 0x00, 0x00, 0x00, 0x00, 0x00,
  0x00, 0x00, 0x00, 0x00, 0x00, 0x00, 0x00, 0x00, 0x00, 0x00, 0x00, 0x00,
  0x00, 0x00, 0x00, 0x00, 0x00, 0x00, 0x00, 0x00, 0x00, 0x00, 0x00, 0x00,
  0x00, 0x00, 0x00, 0x00, 0x00, 0x00, 0x00, 0x00, 0x00, 0x00, 0x00, 0x00,
  0x00, 0x00, 0x00, 0x00, 0x00, 0x00, 0x00, 0x00, 0x00, 0x00, 0x00, 0x00,
  0x00, 0x00, 0x00, 0x00, 0x00, 0x00, 0x00, 0x00, 0x00, 0x00, 0x00, 0x00,
  0x00, 0x00, 0x00, 0x00, 0x00, 0x00, 0x00, 0x00, 0x00, 0x00, 0x00, 0x00,
  0x00, 0x00, 0x00, 0x00, 0x00, 0x00, 0x00, 0x00, 0x00, 0x00, 0x00, 0x00,
  0x00, 0x00, 0x00, 0x00, 0x00, 0x00, 0x00, 0x00, 0x00, 0x00, 0x00, 0x00,
  0x00, 0x00, 0x00, 0x00, 0x00, 0x00, 0x00, 0x00, 0x00, 0x00, 0x00, 0x00,
  0x00, 0x00, 0x00, 0x00, 0x00, 0x00, 0x00, 0x00, 0x00, 0x00, 0x00, 0x00,
  0x00, 0x00, 0x00, 0x00, 0x00, 0x00, 0x00, 0x00, 0x00, 0x00, 0x00, 0x00,
  0x00, 0x00, 0x00, 0x00, 0x00, 0x00, 0x00, 0x00, 0x00, 0x00, 0x00, 0x00,
  0x00, 0x00, 0x00, 0x00, 0x00, 0x00, 0x00, 0x00, 0x00, 0x00, 0x00, 0x00,
  0x00, 0x00, 0x00, 0x00, 0x00, 0x00, 0x00, 0x00, 0x00, 0x00, 0x00, 0x00,
  0x00, 0x00, 0x00, 0x00, 0x00, 0x00, 0x00, 0x00, 0x00, 0x00, 0x00, 0x00,
  0x00, 0x00, 0x00, 0x00, 0x00, 0x00, 0x00, 0x00, 0x00, 0x00, 0x00, 0x00,
  0x00, 0x00, 0x00, 0x00, 0x00, 0x00, 0x00, 0x00, 0x00, 0x00, 0x00, 0x00,
  0x00, 0x00, 0x00, 0x00, 0x00, 0x00, 0x00, 0x00, 0x00, 0x00, 0x00, 0x00,
  0x00, 0x00, 0x00, 0x00, 0x00, 0x00, 0x00, 0x00, 0x00, 0x00, 0x00, 0x00,
  0x00, 0x00, 0x00, 0x00, 0x00, 0x00, 0x00, 0x00, 0x00, 0x00, 0x00, 0x00,
  0x00, 0x00, 0x00, 0x00, 0x00, 0x00, 0x00, 0x00, 0x00, 0x00, 0x00, 0x00,
  0x00, 0x00, 0x00, 0x00, 0x00, 0x00, 0x00, 0x00, 0x00, 0x00, 0x00, 0x00,
  0x00, 0x00, 0x00, 0x00, 0x00, 0x00, 0x00, 0x00, 0x00, 0x00, 0x00, 0x00,
  0x00, 0x00, 0x00, 0x00, 0x00, 0x00, 0x00, 0x00, 0x00, 0x00, 0x00, 0x00,
  0x00, 0x00, 0x00, 0x00, 0x00, 0x00, 0x00, 0x00, 0x00, 0x00, 0x00, 0x00,
  0x00, 0x00, 0x00, 0x00, 0x00, 0x00, 0x00, 0x00, 0x00, 0x00, 0x00, 0x00,
  0x00, 0x00, 0x00, 0x00, 0x00, 0x00, 0x00, 0x00, 0x00, 0x00, 0x00, 0x00,
  0x00, 0x00, 0x00, 0x00, 0x00, 0x00, 0x00, 0x00, 0x00, 0x00, 0x00, 0x00,
  0x00, 0x00, 0x00, 0x00, 0x00, 0x00, 0x00, 0x00, 0x00, 0x00, 0x00, 0x00,
  0x00, 0x00, 0x00, 0x00, 0x00, 0x00, 0x00, 0x00, 0x00, 0x00, 0x00, 0x00,
  0x00, 0x00, 0x00, 0x00, 0x00, 0x00, 0x00, 0x00, 0x00, 0x00, 0x00, 0x00,
  0x00, 0x00, 0x00, 0x00, 0x00, 0x00, 0x00, 0x00, 0x00, 0x00, 0x00, 0x00,
  0x00, 0x00, 0x00, 0x00, 0x00, 0x00, 0x00, 0x00, 0x00, 0x00, 0x00, 0x00,
  0x00, 0x00, 0x00, 0x00, 0x00, 0x00, 0x00, 0x00, 0x00, 0x00, 0x00, 0x00,
  0x00, 0x00, 0x00, 0x00, 0x00, 0x00, 0x00, 0x00, 0x00, 0x00, 0x00, 0x00,
  0x00, 0x00, 0x00, 0x00, 0x00, 0x00, 0x00, 0x00, 0x00, 0x00, 0x00, 0x00,
  0x00, 0x00, 0x00, 0x00, 0x00, 0x00, 0x00, 0x00, 0x00, 0x00, 0x00, 0x00,
  0x00, 0x00, 0x00, 0x00, 0x00, 0x00, 0x00, 0x00, 0x00, 0x00, 0x00, 0x00,
  0x00, 0x00, 0x00, 0x00, 0x00, 0x00, 0x00, 0x00, 0x00, 0x00, 0x00, 0x00,
  0x00, 0x00, 0x00, 0x00, 0x00, 0x00, 0x00, 0x00, 0x00, 0x00, 0x00, 0x00,
  0x00, 0x00, 0x00, 0x00, 0x00, 0x00, 0x00, 0x00, 0x00, 0x00, 0x00, 0x00,
  0x00, 0x00, 0x00, 0x00, 0x00, 0x00, 0x00, 0x00, 0x00, 0x00, 0x00, 0x00,
  0x00, 0x00, 0x00, 0x00, 0x00, 0x00, 0x00, 0x00, 0x00, 0x00, 0x00, 0x00,
  0x00, 0x00, 0x00, 0x00, 0x00, 0x00, 0x00, 0x00, 0x00, 0x00, 0x00, 0x00,
  0x00, 0x00, 0x00, 0x00, 0x00, 0x00, 0x00, 0x00, 0x00, 0x00, 0x00, 0x00,
  0x00, 0x00, 0x00, 0x00, 0x00, 0x00, 0x00, 0x00, 0x00, 0x00, 0x00, 0x00,
  0x00, 0x00, 0x00, 0x00, 0x00, 0x00, 0x00, 0x00, 0x00, 0x00, 0x00, 0x00,
  0x00, 0x00, 0x00, 0x00, 0x00, 0x00, 0x00, 0x00, 0x00, 0x00, 0x00, 0x00,
  0x00, 0x00, 0x00, 0x00, 0x00, 0x00, 0x00, 0x00, 0x00, 0x00, 0x00, 0x00,
  0x00, 0x00, 0x00, 0x00, 0x00, 0x00, 0x00, 0x00, 0x00, 0x00, 0x00, 0x00,
  0x00, 0x00, 0x00, 0x00, 0x00, 0x00, 0x00, 0x00, 0x00, 0x00, 0x00, 0x00,
  0x00, 0x00, 0x00, 0x00, 0x00, 0x00, 0x00, 0x00, 0x00, 0x00, 0x00, 0x00,
  0x00, 0x00, 0x00, 0x00, 0x00, 0x00, 0x00, 0x00, 0x00, 0x00, 0x00, 0x00,
  0x00, 0x00, 0x00, 0x00, 0x00, 0x00, 0x00, 0x00, 0x00, 0x00, 0x00, 0x00,
  0x00, 0x00, 0x00, 0x00, 0x00, 0x00, 0x00, 0x00, 0x00, 0x00, 0x00, 0x00,
  0x00, 0x00, 0x00, 0x00, 0x00, 0x00, 0x00, 0x00, 0x00, 0x00, 0x00, 0x00,
  0x00, 0x00, 0x00, 0x00, 0x00, 0x00, 0x00, 0x00, 0x00, 0x00, 0x00, 0x00,
  0x00, 0x00, 0x00, 0x00, 0x00, 0x00, 0x00, 0x00, 0x00, 0x00, 0x00, 0x00,
  0x00, 0x00, 0x00, 0x00, 0x00, 0x00, 0x00, 0x00, 0x00, 0x00, 0x00, 0x00,
  0x00, 0x00, 0x00, 0x00, 0x00, 0x00, 0x00, 0x00, 0x00, 0x00, 0x00, 0x00,
  0x00, 0x00, 0x00, 0x00, 0x00, 0x00, 0x00, 0x00, 0x00, 0x00, 0x00, 0x00,
  0x00, 0x00, 0x00, 0x00, 0x00, 0x00, 0x00, 0x00, 0x00, 0x00, 0x00, 0x00,
  0x00, 0x00, 0x00, 0x00, 0x00, 0x00, 0x00, 0x00, 0x00, 0x00, 0x00, 0x00,
  0x00, 0x00, 0x00, 0x00, 0x00, 0x00, 0x00, 0x00, 0x00, 0x00, 0x00, 0x00,
  0x00, 0x00, 0x00, 0x00, 0x00, 0x00, 0x00, 0x00, 0x00, 0x00, 0x00, 0x00,
  0x00, 0x00, 0x00, 0x00, 0x00, 0x00, 0x00, 0x00, 0x00, 0x00, 0x00, 0x00,
  0x00, 0x00, 0x00, 0x00, 0x00, 0x00, 0x00, 0x00, 0x00, 0x00, 0x00, 0x00,
  0x00, 0x00, 0x00, 0x00, 0x00, 0x00, 0x00, 0x00, 0x00, 0x00, 0x00, 0x00,
  0x00, 0x00, 0x00, 0x00, 0x00, 0x00, 0x00, 0x00, 0x00, 0x00, 0x00, 0x00,
  0x00, 0x00, 0x00, 0x00, 0x00, 0x00, 0x00, 0x00, 0x00, 0x00, 0x00, 0x00,
  0x00, 0x00, 0x00, 0x00, 0x00, 0x00, 0x00, 0x00, 0x00, 0x00, 0x00, 0x00,
  0x00, 0x00, 0x00, 0x00, 0x00, 0x00, 0x00, 0x00, 0x00, 0x00, 0x00, 0x00,
  0x00, 0x00, 0x00, 0x00, 0x00, 0x00, 0x00, 0x00, 0x00, 0x00, 0x00, 0x00,
  0x00, 0x00, 0x00, 0x00, 0x00, 0x00, 0x00, 0x00, 0x00, 0x00, 0x00, 0x00,
  0x00, 0x00, 0x00, 0x00, 0x00, 0x00, 0x00, 0x00, 0x00, 0x00, 0x00, 0x00,
  0x00, 0x00, 0x00, 0x00, 0x00, 0x00, 0x00, 0x00, 0x00, 0x00, 0x00, 0x00,
  0x00, 0x00, 0x00, 0x00, 0x00, 0x00, 0x00, 0x00, 0x00, 0x00, 0x00, 0x00,
  0x00, 0x00, 0x00, 0x00, 0x00, 0x00, 0x00, 0x00, 0x00, 0x00, 0x00, 0x00,
  0x00, 0x00, 0x00, 0x00, 0x00, 0x00, 0x00, 0x00, 0x00, 0x00, 0x00, 0x00,
  0x00, 0x00, 0x00, 0x00, 0x00, 0x00, 0x00, 0x00, 0x00, 0x00, 0x00, 0x00,
  0x00, 0x00, 0x00, 0x00, 0x00, 0x00, 0x00, 0x00, 0x00, 0x00, 0x00, 0x00,
  0x00, 0x00, 0x00, 0x00, 0x00, 0x00, 0x00, 0x00, 0x00, 0x00, 0x00, 0x00,
  0x00, 0x00, 0x00, 0x00, 0x00, 0x00, 0x00, 0x00, 0x00, 0x00, 0x00, 0x00,
  0x00, 0x00, 0x00, 0x00, 0x00, 0x00, 0x00, 0x00, 0x00, 0x00, 0x00, 0x00,
  0x00, 0x00, 0x00, 0x00, 0x00, 0x00, 0x00, 0x00, 0x00, 0x00, 0x00, 0x00,
  0x00, 0x00, 0x00, 0x00, 0x00, 0x00, 0x00, 0x00, 0x00, 0x00, 0x00, 0x00,
  0x00, 0x00, 0x00, 0x00, 0x00, 0x00, 0x00, 0x00, 0x00, 0x00, 0x00, 0x00,
  0x00, 0x00, 0x00, 0x00, 0x00, 0x00, 0x00, 0x00, 0x00, 0x00, 0x00, 0x00,
  0x00, 0x00, 0x00, 0x00, 0x00, 0x00, 0x00, 0x00, 0x00, 0x00, 0x00, 0x00,
  0x00, 0x00, 0x00, 0x00, 0x00, 0x00, 0x00, 0x00, 0x00, 0x00, 0x00, 0x00,
  0x00, 0x00, 0x00, 0x00, 0x00, 0x00, 0x00, 0x00, 0x00, 0x00, 0x00, 0x00,
  0x00, 0x00, 0x00, 0x00, 0x00, 0x00, 0x00, 0x00, 0x00, 0x00, 0x00, 0x00,
  0x00, 0x00, 0x00, 0x00, 0x00, 0x00, 0x00, 0x00, 0x00, 0x00, 0x00, 0x00,
  0x00, 0x00, 0x00, 0x00, 0x00, 0x00, 0x00, 0x00, 0x00, 0x00, 0x00, 0x00,
  0x00, 0x00, 0x00, 0x00, 0x00, 0x00, 0x00, 0x00, 0x00, 0x00, 0x00, 0x00,
  0x00, 0x00, 0x00, 0x00, 0x00, 0x00, 0x00, 0x00, 0x00, 0x00, 0x00, 0x00,
  0x00, 0x00, 0x00, 0x00, 0x00, 0x00, 0x00, 0x00, 0x00, 0x00, 0x00, 0x00,
  0x00, 0x00, 0x00, 0x00, 0x00, 0x00, 0x00, 0x00, 0x00, 0x00, 0x00, 0x00,
  0x00, 0x00, 0x00, 0x00, 0x00, 0x00, 0x00, 0x00, 0x00, 0x00, 0x00, 0x00,
  0x00, 0x00, 0x00, 0x00, 0x00, 0x00, 0x00, 0x00, 0x00, 0x00, 0x00, 0x00,
  0x00, 0x00, 0x00, 0x00, 0x00, 0x00, 0x00, 0x00, 0x00, 0x00, 0x00, 0x00,
  0x00, 0x00, 0x00, 0x00, 0x00, 0x00, 0x00, 0x00, 0x00, 0x00, 0x00, 0x00,
  0x00, 0x00, 0x00, 0x00, 0x00, 0x00, 0x00, 0x00, 0x00, 0x00, 0x00, 0x00,
  0x00, 0x00, 0x00, 0x00, 0x00, 0x00, 0x00, 0x00, 0x00, 0x00, 0x00, 0x00,
  0x00, 0x00, 0x00, 0x00, 0x00, 0x00, 0x00, 0x00, 0x00, 0x00, 0x00, 0x00,
  0x00, 0x00, 0x00, 0x00, 0x00, 0x00, 0x00, 0x00, 0x00, 0x00, 0x00, 0x00,
  0x00, 0x00, 0x00, 0x00, 0x00, 0x00, 0x00, 0x00, 0x00, 0x00, 0x00, 0x00,
  0x00, 0x00, 0x00, 0x00, 0x00, 0x00, 0x00, 0x00, 0x00, 0x00, 0x00, 0x00,
  0x00, 0x00, 0x00, 0x00, 0x00, 0x00, 0x00, 0x00, 0x00, 0x00, 0x00, 0x00,
  0x00, 0x00, 0x00, 0x00, 0x00, 0x00, 0x00, 0x00, 0x00, 0x00, 0x00, 0x00,
  0x00, 0x00, 0x00, 0x00, 0x00, 0x00, 0x00, 0x00, 0x00, 0x00, 0x00, 0x00,
  0x00, 0x00, 0x00, 0x00, 0x00, 0x00, 0x00, 0x00, 0x00, 0x00, 0x00, 0x00,
  0x00, 0x00, 0x00, 0x00, 0x00, 0x00, 0x00, 0x00, 0x00, 0x00, 0x00, 0x00,
  0x00, 0x00, 0x00, 0x00, 0x00, 0x00, 0x00, 0x00, 0x00, 0x00, 0x00, 0x00,
  0x00, 0x00, 0x00, 0x00, 0x00, 0x00, 0x00, 0x00, 0x00, 0x00, 0x00, 0x00,
  0x00, 0x00, 0x00, 0x00, 0x00, 0x00, 0x00, 0x00, 0x00, 0x00, 0x00, 0x00,
  0x00, 0x00, 0x00, 0x00, 0x00, 0x00, 0x00, 0x00, 0x00, 0x00, 0x00, 0x00,
  0x00, 0x00, 0x00, 0x00, 0x00, 0x00, 0x00, 0x00, 0x00, 0x00, 0x00, 0x00,
  0x00, 0x00, 0x00, 0x00, 0x00, 0x00, 0x00, 0x00, 0x00, 0x00, 0x00, 0x00,
  0x00, 0x00, 0x00, 0x00, 0x00, 0x00, 0x00, 0x00, 0x00, 0x00, 0x00, 0x00,
  0x00, 0x00, 0x00, 0x00, 0x00, 0x00, 0x00, 0x00, 0x00, 0x00, 0x00, 0x00,
  0x00, 0x00, 0x00, 0x00, 0x00, 0x00, 0x00, 0x00, 0x00, 0x00, 0x00, 0x00,
  0x00, 0x00, 0x00, 0x00, 0x00, 0x00, 0x00, 0x00, 0x00, 0x00, 0x00, 0x00,
  0x00, 0x00, 0x00, 0x00, 0x00, 0x00, 0x00, 0x00, 0x00, 0x00, 0x00, 0x00,
  0x00, 0x00, 0x00, 0x00, 0x00, 0x00, 0x00, 0x00, 0x00, 0x00, 0x00, 0x00,
  0x00, 0x00, 0x00, 0x00, 0x00, 0x00, 0x00, 0x00, 0x00, 0x00, 0x00, 0x00,
  0x00, 0x00, 0x00, 0x00, 0x00, 0x00, 0x00, 0x00, 0x00, 0x00, 0x00, 0x00,
  0x00, 0x00, 0x00, 0x00, 0x00, 0x00, 0x00, 0x00, 0x00, 0x00, 0x00, 0x00,
  0x00, 0x00, 0x00, 0x00, 0x00, 0x00, 0x00, 0x00, 0x00, 0x00, 0x00, 0x00,
  0x00, 0x00, 0x00, 0x00, 0x00, 0x00, 0x00, 0x00, 0x00, 0x00, 0x00, 0x00,
  0x00, 0x00, 0x00, 0x00, 0x00, 0x00, 0x00, 0x00, 0x00, 0x00, 0x00, 0x00,
  0x00, 0x00, 0x00, 0x00, 0x00, 0x00, 0x00, 0x00, 0x00, 0x00, 0x00, 0x00,
  0x00, 0x00, 0x00, 0x00, 0x00, 0x00, 0x00, 0x00, 0x00, 0x00, 0x00, 0x00,
  0x00, 0x00, 0x00, 0x00, 0x00, 0x00, 0x00, 0x00, 0x00, 0x00, 0x00, 0x00,
  0x00, 0x00, 0x00, 0x00, 0x00, 0x00, 0x00, 0x00, 0x00, 0x00, 0x00, 0x00,
  0x00, 0x00, 0x00, 0x00, 0x00, 0x00, 0x00, 0x00, 0x00, 0x00, 0x00, 0x00,
  0x00, 0x00, 0x00, 0x00, 0x00, 0x00, 0x00, 0x00, 0x00, 0x00, 0x00, 0x00,
  0x00, 0x00, 0x00, 0x00, 0x00, 0x00, 0x00, 0x00, 0x00, 0x00, 0x00, 0x00,
  0x00, 0x00, 0x00, 0x00, 0x00, 0x00, 0x00, 0x00, 0x00, 0x00, 0x00, 0x00,
  0x00, 0x00, 0x00, 0x00, 0x00, 0x00, 0x00, 0x00, 0x00, 0x00, 0x00, 0x00,
  0x00, 0x00, 0x00, 0x00, 0x00, 0x00, 0x00, 0x00, 0x00, 0x00, 0x00, 0x00,
  0x00, 0x00, 0x00, 0x00, 0x00, 0x00, 0x00, 0x00, 0x00, 0x00, 0x00, 0x00,
  0x00, 0x00, 0x00, 0x00, 0x00, 0x00, 0x00, 0x00, 0x00, 0x00, 0x00, 0x00,
  0x00, 0x00, 0x00, 0x00, 0x00, 0x00, 0x00, 0x00, 0x00, 0x00, 0x00, 0x00,
  0x00, 0x00, 0x00, 0x00, 0x00, 0x00, 0x00, 0x00, 0x00, 0x00, 0x00, 0x00,
  0x00, 0x00, 0x00, 0x00, 0x00, 0x00, 0x00, 0x00, 0x00, 0x00, 0x00, 0x00,
  0x00, 0x00, 0x00, 0x00, 0x00, 0x00, 0x00, 0x00, 0x00, 0x00, 0x00, 0x00,
  0x00, 0x00, 0x00, 0x00, 0x00, 0x00, 0x00, 0x00, 0x00, 0x00, 0x00, 0x00,
  0x00, 0x00, 0x00, 0x00, 0x00, 0x00, 0x00, 0x00, 0x00, 0x00, 0x00, 0x00,
  0x00, 0x00, 0x00, 0x00, 0x00, 0x00, 0x00, 0x00, 0x00, 0x00, 0x00, 0x00,
  0x00, 0x00, 0x00, 0x00, 0x00, 0x00, 0x00, 0x00, 0x00, 0x00, 0x00, 0x00,
  0x00, 0x00, 0x00, 0x00, 0x00, 0x00, 0x00, 0x00, 0x00, 0x00, 0x00, 0x00,
  0x00, 0x00, 0x00, 0x00, 0x00, 0x00, 0x00, 0x00, 0x00, 0x00, 0x00, 0x00,
  0x00, 0x00, 0x00, 0x00, 0x00, 0x00, 0x00, 0x00, 0x00, 0x00, 0x00, 0x00,
  0x00, 0x00, 0x00, 0x00, 0x00, 0x00, 0x00, 0x00, 0x00, 0x00, 0x00, 0x00,
  0x00, 0x00, 0x00, 0x00, 0x00, 0x00, 0x00, 0x00, 0x00, 0x00, 0x00, 0x00,
  0x00, 0x00, 0x00, 0x00, 0x00, 0x00, 0x00, 0x00, 0x00, 0x00, 0x00, 0x00,
  0x00, 0x00, 0x00, 0x00, 0x00, 0x00, 0x00, 0x00, 0x00, 0x00, 0x00, 0x00,
  0x00, 0x00, 0x00, 0x00, 0x00, 0x00, 0x00, 0x00, 0x00, 0x00, 0x00, 0x00,
  0x00, 0x00, 0x00, 0x00, 0x00, 0x00, 0x00, 0x00, 0x00, 0x00, 0x00, 0x00,
  0x00, 0x00, 0x00, 0x00, 0x00, 0x00, 0x00, 0x00, 0x00, 0x00, 0x00, 0x00,
  0x00, 0x00, 0x00, 0x00, 0x00, 0x00, 0x00, 0x00, 0x00, 0x00, 0x00, 0x00,
  0x00, 0x00, 0x00, 0x00, 0x00, 0x00, 0x00, 0x00, 0x00, 0x00, 0x00, 0x00,
  0x00, 0x00, 0x00, 0x00, 0x00, 0x00, 0x00, 0x00, 0x00, 0x00, 0x00, 0x00,
  0x00, 0x00, 0x00, 0x00, 0x00, 0x00, 0x00, 0x00, 0x00, 0x00, 0x00, 0x00,
  0x00, 0x00, 0x00, 0x00, 0x00, 0x00, 0x00, 0x00, 0x00, 0x00, 0x00, 0x00,
  0x00, 0x00, 0x00, 0x00, 0x00, 0x00, 0x00, 0x00, 0x00, 0x00, 0x00, 0x00,
  0x00, 0x00, 0x00, 0x00, 0x00, 0x00, 0x00, 0x00, 0x00, 0x00, 0x00, 0x00,
  0x01, 0x0c, 0xc9, 0x3a, 0x00, 0x0e, 0x49, 0x3b, 0x00, 0xcb, 0x96, 0x3b,
  0xff, 0x0e, 0xc9, 0x3b, 0xff, 0x52, 0xfb, 0x3b, 0x00, 0xcb, 0x16, 0x3c,
  0x03, 0xed, 0x2f, 0x3c, 0x7c, 0x0e, 0x49, 0x3c, 0x80, 0x2f, 0x62, 0x3c,
  0x04, 0x51, 0x7b, 0x3c, 0xfe, 0x38, 0x8a, 0x3c, 0x80, 0xc9, 0x96, 0x3c,
  0x02, 0x5a, 0xa3, 0x3c, 0x3e, 0xea, 0xaf, 0x3c, 0x7f, 0x7a, 0xbc, 0x3c,
  0x80, 0x0a, 0xc9, 0x3c, 0x81, 0x9a, 0xd5, 0x3c, 0x42, 0x2a, 0xe2, 0x3c,
  0x02, 0xba, 0xee, 0x3c, 0x82, 0x49, 0xfb, 0x3c, 0x81, 0xec, 0x03, 0x3d,
  0x21, 0x34, 0x0a, 0x3d, 0xa1, 0x7b, 0x10, 0x3d, 0x20, 0xc3, 0x16, 0x3d,
  0x80, 0x0a, 0x1d, 0x3d, 0xbf, 0x51, 0x23, 0x3d, 0xe0, 0x98, 0x29, 0x3d,
  0xff, 0xdf, 0x2f, 0x3d, 0xe1, 0x26, 0x36, 0x3d, 0xbf, 0x6d, 0x3c, 0x3d,
  0x80, 0xb4, 0x42, 0x3d, 0x21, 0xfb, 0x48, 0x3d, 0x9f, 0x41, 0x4f, 0x3d,
  0xff, 0x87, 0x55, 0x3d, 0x3f, 0xce, 0x5b, 0x3d, 0x5f, 0x14, 0x62, 0x3d,
  0x5f, 0x5a, 0x68, 0x3d, 0x21, 0xa0, 0x6e, 0x3d, 0xe0, 0xe5, 0x74, 0x3d,
  0x5f, 0x2b, 0x7b, 0x3d, 0x60, 0xb8, 0x80, 0x3d, 0x00, 0xdb, 0x83, 0x3d,
  0x90, 0xfd, 0x86, 0x3d, 0x00, 0x20, 0x8a, 0x3d, 0x60, 0x42, 0x8d, 0x3d,
  0xb1, 0x64, 0x90, 0x3d, 0xe0, 0x86, 0x93, 0x3d, 0x00, 0xa9, 0x96, 0x3d,
  0x00, 0xcb, 0x99, 0x3d, 0xf0, 0xec, 0x9c, 0x3d, 0xc0, 0x0e, 0xa0, 0x3d,
  0x80, 0x30, 0xa3, 0x3d, 0x20, 0x52, 0xa6, 0x3d, 0xb0, 0x73, 0xa9, 0x3d,
  0x20, 0x95, 0xac, 0x3d, 0x80, 0xb6, 0xaf, 0x3d, 0xaf, 0xd7, 0xb2, 0x3d,
  0xd0, 0xf8, 0xb5, 0x3d, 0xcf, 0x19, 0xb9, 0x3d, 0xc0, 0x3a, 0xbc, 0x3d,
  0x80, 0x5b, 0xbf, 0x3d, 0x30, 0x7c, 0xc2, 0x3d, 0xc0, 0x9c, 0xc5, 0x3d,
  0x30, 0xbd, 0xc8, 0x3d, 0x80, 0xdd, 0xcb, 0x3d, 0xaf, 0xfd, 0xce, 0x3d,
  0xbf, 0x1d, 0xd2, 0x3d, 0xb5, 0x3d, 0xd5, 0x3d, 0x82, 0x5d, 0xd8, 0x3d,
  0x34, 0x7d, 0xdb, 0x3d, 0xbe, 0x9c, 0xde, 0x3d, 0x20, 0xbc, 0xe1, 0x3d,
  0x74, 0xdb, 0xe4, 0x3d, 0x93, 0xfa, 0xe7, 0x3d, 0x97, 0x19, 0xeb, 0x3d,
  0x72, 0x38, 0xee, 0x3d, 0x26, 0x57, 0xf1, 0x3d, 0xb1, 0x75, 0xf4, 0x3d,
  0x21, 0x94, 0xf7, 0x3d, 0x76, 0xb2, 0xfa, 0x3d, 0x96, 0xd0, 0xfd, 0x3d,
  0x40, 0x77, 0x00, 0x3e, 0x27, 0x06, 0x02, 0x3e, 0x02, 0x95, 0x03, 0x3e,
  0xc1, 0x23, 0x05, 0x3e, 0x65, 0xb2, 0x06, 0x3e, 0x03, 0x41, 0x08, 0x3e,
  0x7f, 0xcf, 0x09, 0x3e, 0xee, 0x5d, 0x0b, 0x3e, 0x49, 0xec, 0x0c, 0x3e,
  0x88, 0x7a, 0x0e, 0x3e, 0xad, 0x08, 0x10, 0x3e, 0xc5, 0x96, 0x11, 0x3e,
  0xc8, 0x24, 0x13, 0x3e, 0xb1, 0xb2, 0x14, 0x3e, 0x7e, 0x40, 0x16, 0x3e,
  0x38, 0xce, 0x17, 0x3e, 0xd7, 0x5b, 0x19, 0x3e, 0x68, 0xe9, 0x1a, 0x3e,
  0xd8, 0x76, 0x1c, 0x3e, 0x3a, 0x04, 0x1e, 0x3e, 0x7b, 0x91, 0x1f, 0x3e,
  0xa1, 0x1e, 0x21, 0x3e, 0xb3, 0xab, 0x22, 0x3e, 0xaa, 0x38, 0x24, 0x3e,
  0x86, 0xc5, 0x25, 0x3e, 0x4e, 0x52, 0x27, 0x3e, 0xfb, 0xde, 0x28, 0x3e,
  0x86, 0x6b, 0x2a, 0x3e, 0xfe, 0xf7, 0x2b, 0x3e, 0x61, 0x84, 0x2d, 0x3e,
  0xa3, 0x10, 0x2f, 0x3e, 0xca, 0x9c, 0x30, 0x3e, 0xcf, 0x28, 0x32, 0x3e,
  0xc0, 0xb4, 0x33, 0x3e, 0x97, 0x40, 0x35, 0x3e, 0x52, 0xcc, 0x36, 0x3e,
  0xe6, 0x57, 0x38, 0x3e, 0x65, 0xe3, 0x39, 0x3e, 0xc9, 0x6e, 0x3b, 0x3e,
  0x13, 0xfa, 0x3c, 0x3e, 0x3a, 0x85, 0x3e, 0x3e, 0x47, 0x10, 0x40, 0x3e,
  0x33, 0x9b, 0x41, 0x3e, 0xfd, 0x25, 0x43, 0x3e, 0xb9, 0xb0, 0x44, 0x3e,
  0x47, 0x3b, 0x46, 0x3e, 0xc0, 0xc5, 0x47, 0x3e, 0x18, 0x50, 0x49, 0x3e,
  0x48, 0xda, 0x4a, 0x3e, 0x63, 0x64, 0x4c, 0x3e, 0x57, 0xee, 0x4d, 0x3e,
  0x36, 0x78, 0x4f, 0x3e, 0xf3, 0x01, 0x51, 0x3e, 0x88, 0x8b, 0x52, 0x3e,
  0x03, 0x15, 0x54, 0x3e, 0x55, 0x9e, 0x55, 0x3e, 0x86, 0x27, 0x57, 0x3e,
  0xa2, 0xb0, 0x58, 0x3e, 0x8f, 0x39, 0x5a, 0x3e, 0x69, 0xc2, 0x5b, 0x3e,
  0x1a, 0x4b, 0x5d, 0x3e, 0xa3, 0xd3, 0x5e, 0x3e, 0x11, 0x5c, 0x60, 0x3e,
  0x56, 0xe4, 0x61, 0x3e, 0x81, 0x6c, 0x63, 0x3e, 0x7d, 0xf4, 0x64, 0x3e,
  0x5e, 0x7c, 0x66, 0x3e, 0x1e, 0x04, 0x68, 0x3e, 0xb5, 0x8b, 0x69, 0x3e,
  0x2a, 0x13, 0x6b, 0x3e, 0x78, 0x9a, 0x6c, 0x3e, 0xaa, 0x21, 0x6e, 0x3e,
  0xae, 0xa8, 0x6f, 0x3e, 0x90, 0x2f, 0x71, 0x3e, 0x51, 0xb6, 0x72, 0x3e,
  0xe9, 0x3c, 0x74, 0x3e, 0x59, 0xc3, 0x75, 0x3e, 0xa0, 0x49, 0x77, 0x3e,
  0xc6, 0xcf, 0x78, 0x3e, 0xcb, 0x55, 0x7a, 0x3e, 0xa1, 0xdb, 0x7b, 0x3e,
  0x4e, 0x61, 0x7d, 0x3e, 0xe0, 0xe6, 0x7e, 0x3e, 0x1f, 0x36, 0x80, 0x3e,
  0xc0, 0xf8, 0x80, 0x3e, 0x49, 0xbb, 0x81, 0x3e, 0xbe, 0x7d, 0x82, 0x3e,
  0x20, 0x40, 0x83, 0x3e, 0x70, 0x02, 0x84, 0x3e, 0xa9, 0xc4, 0x84, 0x3e,
  0xcb, 0x86, 0x85, 0x3e, 0xdb, 0x48, 0x86, 0x3e, 0xd8, 0x0a, 0x87, 0x3e,
  0xc0, 0xcc, 0x87, 0x3e, 0x91, 0x8e, 0x88, 0x3e, 0x4b, 0x50, 0x89, 0x3e,
  0xf3, 0x11, 0x8a, 0x3e, 0x88, 0xd3, 0x8a, 0x3e, 0x05, 0x95, 0x8b, 0x3e,
  0x6a, 0x56, 0x8c, 0x3e, 0xbc, 0x17, 0x8d, 0x3e, 0xf9, 0xd8, 0x8d, 0x3e,
  0x1f, 0x9a, 0x8e, 0x3e, 0x31, 0x5b, 0x8f, 0x3e, 0x2b, 0x1c, 0x90, 0x3e,
  0x0e, 0xdd, 0x90, 0x3e, 0xdc, 0x9d, 0x91, 0x3e, 0x93, 0x5e, 0x92, 0x3e,
  0x33, 0x1f, 0x93, 0x3e, 0xbb, 0xdf, 0x93, 0x3e, 0x2f, 0xa0, 0x94, 0x3e,
  0x8b, 0x60, 0x95, 0x3e, 0xd0, 0x20, 0x96, 0x3e, 0x01, 0xe1, 0x96, 0x3e,
  0x14, 0xa1, 0x97, 0x3e, 0x12, 0x61, 0x98, 0x3e, 0xfd, 0x20, 0x99, 0x3e,
  0xcc, 0xe0, 0x99, 0x3e, 0x84, 0xa0, 0x9a, 0x3e, 0x25, 0x60, 0x9b, 0x3e,
  0xab, 0x1f, 0x9c, 0x3e, 0x1c, 0xdf, 0x9c, 0x3e, 0x73, 0x9e, 0x9d, 0x3e,
  0xb2, 0x5d, 0x9e, 0x3e, 0xde, 0x1c, 0x9f, 0x3e, 0xea, 0xdb, 0x9f, 0x3e,
  0xe3, 0x9a, 0xa0, 0x3e, 0xc1, 0x59, 0xa1, 0x3e, 0x84, 0x18, 0xa2, 0x3e,
  0x30, 0xd7, 0xa2, 0x3e, 0xc4, 0x95, 0xa3, 0x3e, 0x3d, 0x54, 0xa4, 0x3e,
  0x9c, 0x12, 0xa5, 0x3e, 0xe3, 0xd0, 0xa5, 0x3e, 0x0f, 0x8f, 0xa6, 0x3e,
  0x24, 0x4d, 0xa7, 0x3e, 0x1d, 0x0b, 0xa8, 0x3e, 0xfc, 0xc8, 0xa8, 0x3e,
  0xc4, 0x86, 0xa9, 0x3e, 0x6d, 0x44, 0xaa, 0x3e, 0xff, 0x01, 0xab, 0x3e,
  0x72, 0xbf, 0xab, 0x3e, 0xcf, 0x7c, 0xac, 0x3e, 0x13, 0x3a, 0xad, 0x3e,
  0x3d, 0xf7, 0xad, 0x3e, 0x48, 0xb4, 0xae, 0x3e, 0x39, 0x71, 0xaf, 0x3e,
  0x0c, 0x2e, 0xb0, 0x3e, 0xc7, 0xea, 0xb0, 0x3e, 0x67, 0xa7, 0xb1, 0x3e,
  0xec, 0x63, 0xb2, 0x3e, 0x53, 0x20, 0xb3, 0x3e, 0xa3, 0xdc, 0xb3, 0x3e,
  0xd4, 0x98, 0xb4, 0x3e, 0xe8, 0x54, 0xb5, 0x3e, 0xe3, 0x10, 0xb6, 0x3e,
  0xc1, 0xcc, 0xb6, 0x3e, 0x84, 0x88, 0xb7, 0x3e, 0x28, 0x44, 0xb8, 0x3e,
  0xaf, 0xff, 0xb8, 0x3e, 0x1d, 0xbb, 0xb9, 0x3e, 0x6b, 0x76, 0xba, 0x3e,
  0xa1, 0x31, 0xbb, 0x3e, 0xb5, 0xec, 0xbb, 0x3e, 0xab, 0xa7, 0xbc, 0x3e,
  0x89, 0x62, 0xbd, 0x3e, 0x46, 0x1d, 0xbe, 0x3e, 0xe9, 0xd7, 0xbe, 0x3e,
  0x6c, 0x92, 0xbf, 0x3e, 0xd6, 0x4c, 0xc0, 0x3e, 0x1d, 0x07, 0xc1, 0x3e,
  0x47, 0xc1, 0xc1, 0x3e, 0x55, 0x7b, 0xc2, 0x3e, 0x45, 0x35, 0xc3, 0x3e,
  0x14, 0xef, 0xc3, 0x3e, 0xc5, 0xa8, 0xc4, 0x3e, 0x5a, 0x62, 0xc5, 0x3e,
  0xcf, 0x1b, 0xc6, 0x3e, 0x28, 0xd5, 0xc6, 0x3e, 0x60, 0x8e, 0xc7, 0x3e,
  0x7d, 0x47, 0xc8, 0x3e, 0x75, 0x00, 0xc9, 0x3e, 0x4e, 0xb9, 0xc9, 0x3e,
  0x11, 0x72, 0xca, 0x3e, 0xab, 0x2a, 0xcb, 0x3e, 0x2d, 0xe3, 0xcb, 0x3e,
  0x88, 0x9b, 0xcc, 0x3e, 0xc7, 0x53, 0xcd, 0x3e, 0xe8, 0x0b, 0xce, 0x3e,
  0xe8, 0xc3, 0xce, 0x3e, 0xca, 0x7b, 0xcf, 0x3e, 0x8a, 0x33, 0xd0, 0x3e,
  0x28, 0xeb, 0xd0, 0x3e, 0xa8, 0xa2, 0xd1, 0x3e, 0x07, 0x5a, 0xd2, 0x3e,
  0x47, 0x11, 0xd3, 0x3e, 0x63, 0xc8, 0xd3, 0x3e, 0x64, 0x7f, 0xd4, 0x3e,
  0x3f, 0x36, 0xd5, 0x3e, 0xfd, 0xec, 0xd5, 0x3e, 0x99, 0xa3, 0xd6, 0x3e,
  0x10, 0x5a, 0xd7, 0x3e, 0x69, 0x10, 0xd8, 0x3e, 0xa0, 0xc6, 0xd8, 0x3e,
  0xba, 0x7c, 0xd9, 0x3e, 0xaa, 0x32, 0xda, 0x3e, 0x81, 0xe8, 0xda, 0x3e,
  0x2e, 0x9e, 0xdb, 0x3e, 0xc1, 0x53, 0xdc, 0x3e, 0x2c, 0x09, 0xdd, 0x3e,
  0x78, 0xbe, 0xdd, 0x3e, 0xa0, 0x73, 0xde, 0x3e, 0xa9, 0x28, 0xdf, 0x3e,
  0x8b, 0xdd, 0xdf, 0x3e, 0x4d, 0x92, 0xe0, 0x3e, 0xeb, 0x46, 0xe1, 0x3e,
  0x68, 0xfb, 0xe1, 0x3e, 0xbf, 0xaf, 0xe2, 0x3e, 0xf9, 0x63, 0xe3, 0x3e,
  0x0d, 0x18, 0xe4, 0x3e, 0xfd, 0xcb, 0xe4, 0x3e, 0xc7, 0x7f, 0xe5, 0x3e,
  0x74, 0x33, 0xe6, 0x3e, 0xf8, 0xe6, 0xe6, 0x3e, 0x5b, 0x9a, 0xe7, 0x3e,
  0x9c, 0x4d, 0xe8, 0x3e, 0xb4, 0x00, 0xe9, 0x3e, 0xac, 0xb3, 0xe9, 0x3e,
  0x81, 0x66, 0xea, 0x3e, 0x2f, 0x19, 0xeb, 0x3e, 0xb7, 0xcb, 0xeb, 0x3e,
  0x21, 0x7e, 0xec, 0x3e, 0x60, 0x30, 0xed, 0x3e, 0x81, 0xe2, 0xed, 0x3e,
  0x79, 0x94, 0xee, 0x3e, 0x4c, 0x46, 0xef, 0x3e, 0xf7, 0xf7, 0xef, 0x3e,
  0x84, 0xa9, 0xf0, 0x3e, 0xe9, 0x5a, 0xf1, 0x3e, 0x28, 0x0c, 0xf2, 0x3e,
  0x40, 0xbd, 0xf2, 0x3e, 0x39, 0x6e, 0xf3, 0x3e, 0x03, 0x1f, 0xf4, 0x3e,
  0xaf, 0xcf, 0xf4, 0x3e, 0x33, 0x80, 0xf5, 0x3e, 0x92, 0x30, 0xf6, 0x3e,
  0xc8, 0xe0, 0xf6, 0x3e, 0xdd, 0x90, 0xf7, 0x3e, 0xc7, 0x40, 0xf8, 0x3e,
  0x8b, 0xf0, 0xf8, 0x3e, 0x2b, 0xa0, 0xf9, 0x3e, 0xa5, 0x4f, 0xfa, 0x3e,
  0xf4, 0xfe, 0xfa, 0x3e, 0x1f, 0xae, 0xfb, 0x3e, 0x24, 0x5d, 0xfc, 0x3e,
  0x04, 0x0c, 0xfd, 0x3e, 0xb9, 0xba, 0xfd, 0x3e, 0x49, 0x69, 0xfe, 0x3e,
  0xb0, 0x17, 0xff, 0x3e, 0xef, 0xc5, 0xff, 0x3e, 0x07, 0x3a, 0x00, 0x3f,
  0xfe, 0x90, 0x00, 0x3f, 0xe5, 0xe7, 0x00, 0x3f, 0xb4, 0x3e, 0x01, 0x3f,
  0x72, 0x95, 0x01, 0x3f, 0x1a, 0xec, 0x01, 0x3f, 0xb0, 0x42, 0x02, 0x3f,
  0x32, 0x99, 0x02, 0x3f, 0x9f, 0xef, 0x02, 0x3f, 0xf8, 0x45, 0x03, 0x3f,
  0x3c, 0x9c, 0x03, 0x3f, 0x6c, 0xf2, 0x03, 0x3f, 0x87, 0x48, 0x04, 0x3f,
  0x90, 0x9e, 0x04, 0x3f, 0x82, 0xf4, 0x04, 0x3f, 0x61, 0x4a, 0x05, 0x3f,
  0x2c, 0xa0, 0x05, 0x3f, 0xe0, 0xf5, 0x05, 0x3f, 0x83, 0x4b, 0x06, 0x3f,
  0x0e, 0xa1, 0x06, 0x3f, 0x83, 0xf6, 0x06, 0x3f, 0xe8, 0x4b, 0x07, 0x3f,
  0x34, 0xa1, 0x07, 0x3f, 0x6f, 0xf6, 0x07, 0x3f, 0x92, 0x4b, 0x08, 0x3f,
  0x9f, 0xa0, 0x08, 0x3f, 0x9a, 0xf5, 0x08, 0x3f, 0x7e, 0x4a, 0x09, 0x3f,
  0x4d, 0x9f, 0x09, 0x3f, 0x08, 0xf4, 0x09, 0x3f, 0xac, 0x48, 0x0a, 0x3f,
  0x3c, 0x9d, 0x0a, 0x3f, 0xb6, 0xf1, 0x0a, 0x3f, 0x1a, 0x46, 0x0b, 0x3f,
  0x6a, 0x9a, 0x0b, 0x3f, 0xa4, 0xee, 0x0b, 0x3f, 0xc8, 0x42, 0x0c, 0x3f,
  0xd6, 0x96, 0x0c, 0x3f, 0xd1, 0xea, 0x0c, 0x3f, 0xb2, 0x3e, 0x0d, 0x3f,
  0x81, 0x92, 0x0d, 0x3f, 0x38, 0xe6, 0x0d, 0x3f, 0xd8, 0x39, 0x0e, 0x3f,
  0x63, 0x8d, 0x0e, 0x3f, 0xdb, 0xe0, 0x0e, 0x3f, 0x3b, 0x34, 0x0f, 0x3f,
  0x85, 0x87, 0x0f, 0x3f, 0xb6, 0xda, 0x0f, 0x3f, 0xd4, 0x2d, 0x10, 0x3f,
  0xdb, 0x80, 0x10, 0x3f, 0xcd, 0xd3, 0x10, 0x3f, 0xa6, 0x26, 0x11, 0x3f,
  0x6a, 0x79, 0x11, 0x3f, 0x18, 0xcc, 0x11, 0x3f, 0xad, 0x1e, 0x12, 0x3f,
  0x30, 0x71, 0x12, 0x3f, 0x99, 0xc3, 0x12, 0x3f, 0xed, 0x15, 0x13, 0x3f,
  0x2b, 0x68, 0x13, 0x3f, 0x51, 0xba, 0x13, 0x3f, 0x5e, 0x0c, 0x14, 0x3f,
  0x57, 0x5e, 0x14, 0x3f, 0x38, 0xb0, 0x14, 0x3f, 0x02, 0x02, 0x15, 0x3f,
  0xb6, 0x53, 0x15, 0x3f, 0x51, 0xa5, 0x15, 0x3f, 0xd8, 0xf6, 0x15, 0x3f,
  0x46, 0x48, 0x16, 0x3f, 0x9e, 0x99, 0x16, 0x3f, 0xde, 0xea, 0x16, 0x3f,
  0x05, 0x3c, 0x17, 0x3f, 0x19, 0x8d, 0x17, 0x3f, 0x12, 0xde, 0x17, 0x3f,
  0xf3, 0x2e, 0x18, 0x3f, 0xbe, 0x7f, 0x18, 0x3f, 0x72, 0xd0, 0x18, 0x3f,
  0x0e, 0x21, 0x19, 0x3f, 0x92, 0x71, 0x19, 0x3f, 0x01, 0xc2, 0x19, 0x3f,
  0x55, 0x12, 0x1a, 0x3f, 0x93, 0x62, 0x1a, 0x3f, 0xb6, 0xb2, 0x1a, 0x3f,
  0xc5, 0x02, 0x1b, 0x3f, 0xbb, 0x52, 0x1b, 0x3f, 0x97, 0xa2, 0x1b, 0x3f,
  0x5e, 0xf2, 0x1b, 0x3f, 0x0c, 0x42, 0x1c, 0x3f, 0xa1, 0x91, 0x1c, 0x3f,
  0x1e, 0xe1, 0x1c, 0x3f, 0x83, 0x30, 0x1d, 0x3f, 0xd0, 0x7f, 0x1d, 0x3f,
  0x05, 0xcf, 0x1d, 0x3f, 0x22, 0x1e, 0x1e, 0x3f, 0x26, 0x6d, 0x1e, 0x3f,
  0x10, 0xbc, 0x1e, 0x3f, 0xe4, 0x0a, 0x1f, 0x3f, 0x9e, 0x59, 0x1f, 0x3f,
  0x3f, 0xa8, 0x1f, 0x3f, 0xcb, 0xf6, 0x1f, 0x3f, 0x3a, 0x45, 0x20, 0x3f,
  0x91, 0x93, 0x20, 0x3f, 0xd1, 0xe1, 0x20, 0x3f, 0xf8, 0x2f, 0x21, 0x3f,
  0x06, 0x7e, 0x21, 0x3f, 0xfa, 0xcb, 0x21, 0x3f, 0xd6, 0x19, 0x22, 0x3f,
  0x98, 0x67, 0x22, 0x3f, 0x42, 0xb5, 0x22, 0x3f, 0xd2, 0x02, 0x23, 0x3f,
  0x4b, 0x50, 0x23, 0x3f, 0xa8, 0x9d, 0x23, 0x3f, 0xec, 0xea, 0x23, 0x3f,
  0x18, 0x38, 0x24, 0x3f, 0x2a, 0x85, 0x24, 0x3f, 0x24, 0xd2, 0x24, 0x3f,
  0x04, 0x1f, 0x25, 0x3f, 0xca, 0x6b, 0x25, 0x3f, 0x76, 0xb8, 0x25, 0x3f,
  0x0a, 0x05, 0x26, 0x3f, 0x82, 0x51, 0x26, 0x3f, 0xe2, 0x9d, 0x26, 0x3f,
  0x27, 0xea, 0x26, 0x3f, 0x53, 0x36, 0x27, 0x3f, 0x68, 0x82, 0x27, 0x3f,
  0x60, 0xce, 0x27, 0x3f, 0x3f, 0x1a, 0x28, 0x3f, 0x03, 0x66, 0x28, 0x3f,
  0xae, 0xb1, 0x28, 0x3f, 0x40, 0xfd, 0x28, 0x3f, 0xb5, 0x48, 0x29, 0x3f,
  0x13, 0x94, 0x29, 0x3f, 0x56, 0xdf, 0x29, 0x3f, 0x7e, 0x2a, 0x2a, 0x3f,
  0x8c, 0x75, 0x2a, 0x3f, 0x80, 0xc0, 0x2a, 0x3f, 0x5b, 0x0b, 0x2b, 0x3f,
  0x1b, 0x56, 0x2b, 0x3f, 0xbe, 0xa0, 0x2b, 0x3f, 0x49, 0xeb, 0x2b, 0x3f,
  0xb8, 0x35, 0x2c, 0x3f, 0x0f, 0x80, 0x2c, 0x3f, 0x49, 0xca, 0x2c, 0x3f,
  0x68, 0x14, 0x2d, 0x3f, 0x6d, 0x5e, 0x2d, 0x3f, 0x58, 0xa8, 0x2d, 0x3f,
  0x29, 0xf2, 0x2d, 0x3f, 0xdc, 0x3b, 0x2e, 0x3f, 0x78, 0x85, 0x2e, 0x3f,
  0xf6, 0xce, 0x2e, 0x3f, 0x5a, 0x18, 0x2f, 0x3f, 0xa4, 0x61, 0x2f, 0x3f,
  0xd3, 0xaa, 0x2f, 0x3f, 0xe4, 0xf3, 0x2f, 0x3f, 0xdb, 0x3c, 0x30, 0x3f,
  0xba, 0x85, 0x30, 0x3f, 0x7c, 0xce, 0x30, 0x3f, 0x22, 0x17, 0x31, 0x3f,
  0xac, 0x5f, 0x31, 0x3f, 0x1c, 0xa8, 0x31, 0x3f, 0x6f, 0xf0, 0x31, 0x3f,
  0xaa, 0x38, 0x32, 0x3f, 0xc6, 0x80, 0x32, 0x3f, 0xc8, 0xc8, 0x32, 0x3f,
  0xaf, 0x10, 0x33, 0x3f, 0x78, 0x58, 0x33, 0x3f, 0x27, 0xa0, 0x33, 0x3f,
  0xbb, 0xe7, 0x33, 0x3f, 0x31, 0x2f, 0x34, 0x3f, 0x8e, 0x76, 0x34, 0x3f,
  0xce, 0xbd, 0x34, 0x3f, 0xf2, 0x04, 0x35, 0x3f, 0xfb, 0x4b, 0x35, 0x3f,
  0xe5, 0x92, 0x35, 0x3f, 0xb7, 0xd9, 0x35, 0x3f, 0x6a, 0x20, 0x36, 0x3f,
  0x02, 0x67, 0x36, 0x3f, 0x7e, 0xad, 0x36, 0x3f, 0xde, 0xf3, 0x36, 0x3f,
  0x22, 0x3a, 0x37, 0x3f, 0x49, 0x80, 0x37, 0x3f, 0x54, 0xc6, 0x37, 0x3f,
  0x41, 0x0c, 0x38, 0x3f, 0x14, 0x52, 0x38, 0x3f, 0xca, 0x97, 0x38, 0x3f,
  0x65, 0xdd, 0x38, 0x3f, 0xe0, 0x22, 0x39, 0x3f, 0x40, 0x68, 0x39, 0x3f,
  0x84, 0xad, 0x39, 0x3f, 0xac, 0xf2, 0x39, 0x3f, 0xb6, 0x37, 0x3a, 0x3f,
  0xa5, 0x7c, 0x3a, 0x3f, 0x75, 0xc1, 0x3a, 0x3f, 0x28, 0x06, 0x3b, 0x3f,
  0xbf, 0x4a, 0x3b, 0x3f, 0x3a, 0x8f, 0x3b, 0x3f, 0x98, 0xd3, 0x3b, 0x3f,
  0xd8, 0x17, 0x3c, 0x3f, 0xfd, 0x5b, 0x3c, 0x3f, 0x02, 0xa0, 0x3c, 0x3f,
  0xec, 0xe3, 0x3c, 0x3f, 0xb8, 0x27, 0x3d, 0x3f, 0x66, 0x6b, 0x3d, 0x3f,
  0xf9, 0xae, 0x3d, 0x3f, 0x6c, 0xf2, 0x3d, 0x3f, 0xc4, 0x35, 0x3e, 0x3f,
  0xfe, 0x78, 0x3e, 0x3f, 0x1a, 0xbc, 0x3e, 0x3f, 0x19, 0xff, 0x3e, 0x3f,
  0xfc, 0x41, 0x3f, 0x3f, 0xc1, 0x84, 0x3f, 0x3f, 0x66, 0xc7, 0x3f, 0x3f,
  0xef, 0x09, 0x40, 0x3f, 0x59, 0x4c, 0x40, 0x3f, 0xa9, 0x8e, 0x40, 0x3f,
  0xd8, 0xd0, 0x40, 0x3f, 0xec, 0x12, 0x41, 0x3f, 0xdf, 0x54, 0x41, 0x3f,
  0xb6, 0x96, 0x41, 0x3f, 0x70, 0xd8, 0x41, 0x3f, 0x0a, 0x1a, 0x42, 0x3f,
  0x89, 0x5b, 0x42, 0x3f, 0xe6, 0x9c, 0x42, 0x3f, 0x27, 0xde, 0x42, 0x3f,
  0x4a, 0x1f, 0x43, 0x3f, 0x51, 0x60, 0x43, 0x3f, 0x35, 0xa1, 0x43, 0x3f,
  0xff, 0xe1, 0x43, 0x3f, 0xa9, 0x22, 0x44, 0x3f, 0x35, 0x63, 0x44, 0x3f,
  0xa5, 0xa3, 0x44, 0x3f, 0xf4, 0xe3, 0x44, 0x3f, 0x25, 0x24, 0x45, 0x3f,
  0x39, 0x64, 0x45, 0x3f, 0x2c, 0xa4, 0x45, 0x3f, 0x02, 0xe4, 0x45, 0x3f,
  0xb9, 0x23, 0x46, 0x3f, 0x52, 0x63, 0x46, 0x3f, 0xcc, 0xa2, 0x46, 0x3f,
  0x28, 0xe2, 0x46, 0x3f, 0x67, 0x21, 0x47, 0x3f, 0x85, 0x60, 0x47, 0x3f,
  0x85, 0x9f, 0x47, 0x3f, 0x65, 0xde, 0x47, 0x3f, 0x27, 0x1d, 0x48, 0x3f,
  0xca, 0x5b, 0x48, 0x3f, 0x4e, 0x9a, 0x48, 0x3f, 0xb2, 0xd8, 0x48, 0x3f,
  0xf8, 0x16, 0x49, 0x3f, 0x21, 0x55, 0x49, 0x3f, 0x28, 0x93, 0x49, 0x3f,
  0x12, 0xd1, 0x49, 0x3f, 0xdb, 0x0e, 0x4a, 0x3f, 0x87, 0x4c, 0x4a, 0x3f,
  0x12, 0x8a, 0x4a, 0x3f, 0x7e, 0xc7, 0x4a, 0x3f, 0xcb, 0x04, 0x4b, 0x3f,
  0xfa, 0x41, 0x4b, 0x3f, 0x08, 0x7f, 0x4b, 0x3f, 0xf6, 0xbb, 0x4b, 0x3f,
  0xc5, 0xf8, 0x4b, 0x3f, 0x75, 0x35, 0x4c, 0x3f, 0x08, 0x72, 0x4c, 0x3f,
  0x78, 0xae, 0x4c, 0x3f, 0xca, 0xea, 0x4c, 0x3f, 0xfc, 0x26, 0x4d, 0x3f,
  0x0e, 0x63, 0x4d, 0x3f, 0x02, 0x9f, 0x4d, 0x3f, 0xd4, 0xda, 0x4d, 0x3f,
  0x88, 0x16, 0x4e, 0x3f, 0x1c, 0x52, 0x4e, 0x3f, 0x8f, 0x8d, 0x4e, 0x3f,
  0xe2, 0xc8, 0x4e, 0x3f, 0x16, 0x04, 0x4f, 0x3f, 0x2b, 0x3f, 0x4f, 0x3f,
  0x1e, 0x7a, 0x4f, 0x3f, 0xf3, 0xb4, 0x4f, 0x3f, 0xa6, 0xef, 0x4f, 0x3f,
  0x3a, 0x2a, 0x50, 0x3f, 0xaf, 0x64, 0x50, 0x3f, 0x03, 0x9f, 0x50, 0x3f,
  0x36, 0xd9, 0x50, 0x3f, 0x49, 0x13, 0x51, 0x3f, 0x3d, 0x4d, 0x51, 0x3f,
  0x0e, 0x87, 0x51, 0x3f, 0xc2, 0xc0, 0x51, 0x3f, 0x55, 0xfa, 0x51, 0x3f,
  0xc6, 0x33, 0x52, 0x3f, 0x16, 0x6d, 0x52, 0x3f, 0x49, 0xa6, 0x52, 0x3f,
  0x59, 0xdf, 0x52, 0x3f, 0x49, 0x18, 0x53, 0x3f, 0x17, 0x51, 0x53, 0x3f,
  0xc6, 0x89, 0x53, 0x3f, 0x55, 0xc2, 0x53, 0x3f, 0xc2, 0xfa, 0x53, 0x3f,
  0x0d, 0x33, 0x54, 0x3f, 0x39, 0x6b, 0x54, 0x3f, 0x47, 0xa3, 0x54, 0x3f,
  0x2f, 0xdb, 0x54, 0x3f, 0xfa, 0x12, 0x55, 0x3f, 0xa3, 0x4a, 0x55, 0x3f,
  0x2a, 0x82, 0x55, 0x3f, 0x92, 0xb9, 0x55, 0x3f, 0xd7, 0xf0, 0x55, 0x3f,
  0xfc, 0x27, 0x56, 0x3f, 0x00, 0x5f, 0x56, 0x3f, 0xe3, 0x95, 0x56, 0x3f,
  0xa6, 0xcc, 0x56, 0x3f, 0x46, 0x03, 0x57, 0x3f, 0xc6, 0x39, 0x57, 0x3f,
  0x24, 0x70, 0x57, 0x3f, 0x63, 0xa6, 0x57, 0x3f, 0x7e, 0xdc, 0x57, 0x3f,
  0x78, 0x12, 0x58, 0x3f, 0x52, 0x48, 0x58, 0x3f, 0x0a, 0x7e, 0x58, 0x3f,
  0xa1, 0xb3, 0x58, 0x3f, 0x16, 0xe9, 0x58, 0x3f, 0x69, 0x1e, 0x59, 0x3f,
  0x9c, 0x53, 0x59, 0x3f, 0xac, 0x88, 0x59, 0x3f, 0x9d, 0xbd, 0x59, 0x3f,
  0x68, 0xf2, 0x59, 0x3f, 0x14, 0x27, 0x5a, 0x3f, 0xa0, 0x5b, 0x5a, 0x3f,
  0x07, 0x90, 0x5a, 0x3f, 0x4e, 0xc4, 0x5a, 0x3f, 0x74, 0xf8, 0x5a, 0x3f,
  0x78, 0x2c, 0x5b, 0x3f, 0x5b, 0x60, 0x5b, 0x3f, 0x1a, 0x94, 0x5b, 0x3f,
  0xb8, 0xc7, 0x5b, 0x3f, 0x34, 0xfb, 0x5b, 0x3f, 0x8f, 0x2e, 0x5c, 0x3f,
  0xc6, 0x61, 0x5c, 0x3f, 0xdc, 0x94, 0x5c, 0x3f, 0xd0, 0xc7, 0x5c, 0x3f,
  0xa3, 0xfa, 0x5c, 0x3f, 0x52, 0x2d, 0x5d, 0x3f, 0xe0, 0x5f, 0x5d, 0x3f,
  0x4d, 0x92, 0x5d, 0x3f, 0x96, 0xc4, 0x5d, 0x3f, 0xbd, 0xf6, 0x5d, 0x3f,
  0xc2, 0x28, 0x5e, 0x3f, 0xa6, 0x5a, 0x5e, 0x3f, 0x66, 0x8c, 0x5e, 0x3f,
  0x04, 0xbe, 0x5e, 0x3f, 0x80, 0xef, 0x5e, 0x3f, 0xda, 0x20, 0x5f, 0x3f,
  0x11, 0x52, 0x5f, 0x3f, 0x26, 0x83, 0x5f, 0x3f, 0x19, 0xb4, 0x5f, 0x3f,
  0xe8, 0xe4, 0x5f, 0x3f, 0x96, 0x15, 0x60, 0x3f, 0x20, 0x46, 0x60, 0x3f,
  0x87, 0x76, 0x60, 0x3f, 0xcd, 0xa6, 0x60, 0x3f, 0xf0, 0xd6, 0x60, 0x3f,
  0xf0, 0x06, 0x61, 0x3f, 0xce, 0x36, 0x61, 0x3f, 0x8a, 0x66, 0x61, 0x3f,
  0x22, 0x96, 0x61, 0x3f, 0x96, 0xc5, 0x61, 0x3f, 0xe8, 0xf4, 0x61, 0x3f,
  0x17, 0x24, 0x62, 0x3f, 0x25, 0x53, 0x62, 0x3f, 0x10, 0x82, 0x62, 0x3f,
  0xd6, 0xb0, 0x62, 0x3f, 0x7a, 0xdf, 0x62, 0x3f, 0xfa, 0x0d, 0x63, 0x3f,
  0x58, 0x3c, 0x63, 0x3f, 0x94, 0x6a, 0x63, 0x3f, 0xab, 0x98, 0x63, 0x3f,
  0xa0, 0xc6, 0x63, 0x3f, 0x72, 0xf4, 0x63, 0x3f, 0x20, 0x22, 0x64, 0x3f,
  0xac, 0x4f, 0x64, 0x3f, 0x13, 0x7d, 0x64, 0x3f, 0x57, 0xaa, 0x64, 0x3f,
  0x7a, 0xd7, 0x64, 0x3f, 0x77, 0x04, 0x65, 0x3f, 0x52, 0x31, 0x65, 0x3f,
  0x0a, 0x5e, 0x65, 0x3f, 0x9e, 0x8a, 0x65, 0x3f, 0x11, 0xb7, 0x65, 0x3f,
  0x5c, 0xe3, 0x65, 0x3f, 0x87, 0x0f, 0x66, 0x3f, 0x8d, 0x3b, 0x66, 0x3f,
  0x6f, 0x67, 0x66, 0x3f, 0x30, 0x93, 0x66, 0x3f, 0xcc, 0xbe, 0x66, 0x3f,
  0x44, 0xea, 0x66, 0x3f, 0x97, 0x15, 0x67, 0x3f, 0xcb, 0x40, 0x67, 0x3f,
  0xd6, 0x6b, 0x67, 0x3f, 0xc0, 0x96, 0x67, 0x3f, 0x86, 0xc1, 0x67, 0x3f,
  0x28, 0xec, 0x67, 0x3f, 0xa6, 0x16, 0x68, 0x3f, 0x01, 0x41, 0x68, 0x3f,
  0x38, 0x6b, 0x68, 0x3f, 0x4c, 0x95, 0x68, 0x3f, 0x3a, 0xbf, 0x68, 0x3f,
  0x07, 0xe9, 0x68, 0x3f, 0xae, 0x12, 0x69, 0x3f, 0x2f, 0x3c, 0x69, 0x3f,
  0x90, 0x65, 0x69, 0x3f, 0xcd, 0x8e, 0x69, 0x3f, 0xe2, 0xb7, 0x69, 0x3f,
  0xd6, 0xe0, 0x69, 0x3f, 0xa6, 0x09, 0x6a, 0x3f, 0x50, 0x32, 0x6a, 0x3f,
  0xd9, 0x5a, 0x6a, 0x3f, 0x3b, 0x83, 0x6a, 0x3f, 0x7a, 0xab, 0x6a, 0x3f,
  0x94, 0xd3, 0x6a, 0x3f, 0x8a, 0xfb, 0x6a, 0x3f, 0x5c, 0x23, 0x6b, 0x3f,
  0x0b, 0x4b, 0x6b, 0x3f, 0x94, 0x72, 0x6b, 0x3f, 0xf9, 0x99, 0x6b, 0x3f,
  0x3b, 0xc1, 0x6b, 0x3f, 0x57, 0xe8, 0x6b, 0x3f, 0x51, 0x0f, 0x6c, 0x3f,
  0x24, 0x36, 0x6c, 0x3f, 0xd2, 0x5c, 0x6c, 0x3f, 0x5e, 0x83, 0x6c, 0x3f,
  0xc4, 0xa9, 0x6c, 0x3f, 0x06, 0xd0, 0x6c, 0x3f, 0x24, 0xf6, 0x6c, 0x3f,
  0x1d, 0x1c, 0x6d, 0x3f, 0xf0, 0x41, 0x6d, 0x3f, 0x9f, 0x67, 0x6d, 0x3f,
  0x2d, 0x8d, 0x6d, 0x3f, 0x92, 0xb2, 0x6d, 0x3f, 0xd4, 0xd7, 0x6d, 0x3f,
  0xf2, 0xfc, 0x6d, 0x3f, 0xea, 0x21, 0x6e, 0x3f, 0xbd, 0x46, 0x6e, 0x3f,
  0x6c, 0x6b, 0x6e, 0x3f, 0xf7, 0x8f, 0x6e, 0x3f, 0x5d, 0xb4, 0x6e, 0x3f,
  0x9c, 0xd8, 0x6e, 0x3f, 0xb8, 0xfc, 0x6e, 0x3f, 0xb0, 0x20, 0x6f, 0x3f,
  0x82, 0x44, 0x6f, 0x3f, 0x2e, 0x68, 0x6f, 0x3f, 0xb8, 0x8b, 0x6f, 0x3f,
  0x1a, 0xaf, 0x6f, 0x3f, 0x57, 0xd2, 0x6f, 0x3f, 0x71, 0xf5, 0x6f, 0x3f,
  0x66, 0x18, 0x70, 0x3f, 0x36, 0x3b, 0x70, 0x3f, 0xe0, 0x5d, 0x70, 0x3f,
  0x66, 0x80, 0x70, 0x3f, 0xc6, 0xa2, 0x70, 0x3f, 0x00, 0xc5, 0x70, 0x3f,
  0x16, 0xe7, 0x70, 0x3f, 0x09, 0x09, 0x71, 0x3f, 0xd1, 0x2a, 0x71, 0x3f,
  0x7a, 0x4c, 0x71, 0x3f, 0xfb, 0x6d, 0x71, 0x3f, 0x56, 0x8f, 0x71, 0x3f,
  0x8b, 0xb0, 0x71, 0x3f, 0x9f, 0xd1, 0x71, 0x3f, 0x8a, 0xf2, 0x71, 0x3f,
  0x52, 0x13, 0x72, 0x3f, 0xf2, 0x33, 0x72, 0x3f, 0x6e, 0x54, 0x72, 0x3f,
  0xc6, 0x74, 0x72, 0x3f, 0xf8, 0x94, 0x72, 0x3f, 0x04, 0xb5, 0x72, 0x3f,
  0xea, 0xd4, 0x72, 0x3f, 0xaa, 0xf4, 0x72, 0x3f, 0x46, 0x14, 0x73, 0x3f,
  0xbd, 0x33, 0x73, 0x3f, 0x0f, 0x53, 0x73, 0x3f, 0x38, 0x72, 0x73, 0x3f,
  0x3f, 0x91, 0x73, 0x3f, 0x1e, 0xb0, 0x73, 0x3f, 0xd7, 0xce, 0x73, 0x3f,
  0x6d, 0xed, 0x73, 0x3f, 0xdd, 0x0b, 0x74, 0x3f, 0x25, 0x2a, 0x74, 0x3f,
  0x49, 0x48, 0x74, 0x3f, 0x48, 0x66, 0x74, 0x3f, 0x21, 0x84, 0x74, 0x3f,
  0xd4, 0xa1, 0x74, 0x3f, 0x61, 0xbf, 0x74, 0x3f, 0xc9, 0xdc, 0x74, 0x3f,
  0x0a, 0xfa, 0x74, 0x3f, 0x27, 0x17, 0x75, 0x3f, 0x1c, 0x34, 0x75, 0x3f,
  0xec, 0x50, 0x75, 0x3f, 0x96, 0x6d, 0x75, 0x3f, 0x1a, 0x8a, 0x75, 0x3f,
  0x7a, 0xa6, 0x75, 0x3f, 0xb3, 0xc2, 0x75, 0x3f, 0xc6, 0xde, 0x75, 0x3f,
  0xb3, 0xfa, 0x75, 0x3f, 0x7b, 0x16, 0x76, 0x3f, 0x1a, 0x32, 0x76, 0x3f,
  0x97, 0x4d, 0x76, 0x3f, 0xeb, 0x68, 0x76, 0x3f, 0x1a, 0x84, 0x76, 0x3f,
  0x24, 0x9f, 0x76, 0x3f, 0x06, 0xba, 0x76, 0x3f, 0xc3, 0xd4, 0x76, 0x3f,
  0x5a, 0xef, 0x76, 0x3f, 0xcb, 0x09, 0x77, 0x3f, 0x16, 0x24, 0x77, 0x3f,
  0x3b, 0x3e, 0x77, 0x3f, 0x3a, 0x58, 0x77, 0x3f, 0x12, 0x72, 0x77, 0x3f,
  0xc4, 0x8b, 0x77, 0x3f, 0x50, 0xa5, 0x77, 0x3f, 0xb7, 0xbe, 0x77, 0x3f,
  0xf7, 0xd7, 0x77, 0x3f, 0x10, 0xf1, 0x77, 0x3f, 0x02, 0x0a, 0x78, 0x3f,
  0xd0, 0x22, 0x78, 0x3f, 0x76, 0x3b, 0x78, 0x3f, 0xf5, 0x53, 0x78, 0x3f,
  0x51, 0x6c, 0x78, 0x3f, 0x84, 0x84, 0x78, 0x3f, 0x92, 0x9c, 0x78, 0x3f,
  0x7b, 0xb4, 0x78, 0x3f, 0x3b, 0xcc, 0x78, 0x3f, 0xd4, 0xe3, 0x78, 0x3f,
  0x4b, 0xfb, 0x78, 0x3f, 0x95, 0x12, 0x79, 0x3f, 0xbe, 0x29, 0x79, 0x3f,
  0xbd, 0x40, 0x79, 0x3f, 0x99, 0x57, 0x79, 0x3f, 0x4f, 0x6e, 0x79, 0x3f,
  0xda, 0x84, 0x79, 0x3f, 0x42, 0x9b, 0x79, 0x3f, 0x82, 0xb1, 0x79, 0x3f,
  0x9b, 0xc7, 0x79, 0x3f, 0x90, 0xdd, 0x79, 0x3f, 0x5c, 0xf3, 0x79, 0x3f,
  0x05, 0x09, 0x7a, 0x3f, 0x83, 0x1e, 0x7a, 0x3f, 0xdc, 0x33, 0x7a, 0x3f,
  0x0f, 0x49, 0x7a, 0x3f, 0x1c, 0x5e, 0x7a, 0x3f, 0x01, 0x73, 0x7a, 0x3f,
  0xc0, 0x87, 0x7a, 0x3f, 0x58, 0x9c, 0x7a, 0x3f, 0xca, 0xb0, 0x7a, 0x3f,
  0x14, 0xc5, 0x7a, 0x3f, 0x38, 0xd9, 0x7a, 0x3f, 0x37, 0xed, 0x7a, 0x3f,
  0x0d, 0x01, 0x7b, 0x3f, 0xbf, 0x14, 0x7b, 0x3f, 0x46, 0x28, 0x7b, 0x3f,
  0xab, 0x3b, 0x7b, 0x3f, 0xe5, 0x4e, 0x7b, 0x3f, 0xfb, 0x61, 0x7b, 0x3f,
  0xea, 0x74, 0x7b, 0x3f, 0xb2, 0x87, 0x7b, 0x3f, 0x52, 0x9a, 0x7b, 0x3f,
  0xcc, 0xac, 0x7b, 0x3f, 0x20, 0xbf, 0x7b, 0x3f, 0x4d, 0xd1, 0x7b, 0x3f,
  0x52, 0xe3, 0x7b, 0x3f, 0x30, 0xf5, 0x7b, 0x3f, 0xe8, 0x06, 0x7c, 0x3f,
  0x7a, 0x18, 0x7c, 0x3f, 0xe4, 0x29, 0x7c, 0x3f, 0x25, 0x3b, 0x7c, 0x3f,
  0x44, 0x4c, 0x7c, 0x3f, 0x38, 0x5d, 0x7c, 0x3f, 0x07, 0x6e, 0x7c, 0x3f,
  0xae, 0x7e, 0x7c, 0x3f, 0x31, 0x8f, 0x7c, 0x3f, 0x8a, 0x9f, 0x7c, 0x3f,
  0xbc, 0xaf, 0x7c, 0x3f, 0xc7, 0xbf, 0x7c, 0x3f, 0xad, 0xcf, 0x7c, 0x3f,
  0x6a, 0xdf, 0x7c, 0x3f, 0x03, 0xef, 0x7c, 0x3f, 0x72, 0xfe, 0x7c, 0x3f,
  0xba, 0x0d, 0x7d, 0x3f, 0xdc, 0x1c, 0x7d, 0x3f, 0xd9, 0x2b, 0x7d, 0x3f,
  0xaa, 0x3a, 0x7d, 0x3f, 0x58, 0x49, 0x7d, 0x3f, 0xde, 0x57, 0x7d, 0x3f,
  0x3c, 0x66, 0x7d, 0x3f, 0x74, 0x74, 0x7d, 0x3f, 0x85, 0x82, 0x7d, 0x3f,
  0x6e, 0x90, 0x7d, 0x3f, 0x30, 0x9e, 0x7d, 0x3f, 0xc9, 0xab, 0x7d, 0x3f,
  0x3e, 0xb9, 0x7d, 0x3f, 0x8b, 0xc6, 0x7d, 0x3f, 0xb3, 0xd3, 0x7d, 0x3f,
  0xb0, 0xe0, 0x7d, 0x3f, 0x88, 0xed, 0x7d, 0x3f, 0x38, 0xfa, 0x7d, 0x3f,
  0xc0, 0x06, 0x7e, 0x3f, 0x21, 0x13, 0x7e, 0x3f, 0x5e, 0x1f, 0x7e, 0x3f,
  0x70, 0x2b, 0x7e, 0x3f, 0x5d, 0x37, 0x7e, 0x3f, 0x23, 0x43, 0x7e, 0x3f,
  0xc0, 0x4e, 0x7e, 0x3f, 0x38, 0x5a, 0x7e, 0x3f, 0x86, 0x65, 0x7e, 0x3f,
  0xaf, 0x70, 0x7e, 0x3f, 0xb0, 0x7b, 0x7e, 0x3f, 0x8a, 0x86, 0x7e, 0x3f,
  0x3c, 0x91, 0x7e, 0x3f, 0xc7, 0x9b, 0x7e, 0x3f, 0x2c, 0xa6, 0x7e, 0x3f,
  0x67, 0xb0, 0x7e, 0x3f, 0x7d, 0xba, 0x7e, 0x3f, 0x6d, 0xc4, 0x7e, 0x3f,
  0x34, 0xce, 0x7e, 0x3f, 0xd3, 0xd7, 0x7e, 0x3f, 0x49, 0xe1, 0x7e, 0x3f,
  0x9d, 0xea, 0x7e, 0x3f, 0xc6, 0xf3, 0x7e, 0x3f, 0xc7, 0xfc, 0x7e, 0x3f,
  0xa4, 0x05, 0x7f, 0x3f, 0x56, 0x0e, 0x7f, 0x3f, 0xe3, 0x16, 0x7f, 0x3f,
  0x49, 0x1f, 0x7f, 0x3f, 0x86, 0x27, 0x7f, 0x3f, 0x9c, 0x2f, 0x7f, 0x3f,
  0x8c, 0x37, 0x7f, 0x3f, 0x55, 0x3f, 0x7f, 0x3f, 0xf4, 0x46, 0x7f, 0x3f,
  0x6c, 0x4e, 0x7f, 0x3f, 0xbe, 0x55, 0x7f, 0x3f, 0xe8, 0x5c, 0x7f, 0x3f,
  0xea, 0x63, 0x7f, 0x3f, 0xc6, 0x6a, 0x7f, 0x3f, 0x7b, 0x71, 0x7f, 0x3f,
  0x08, 0x78, 0x7f, 0x3f, 0x6c, 0x7e, 0x7f, 0x3f, 0xa9, 0x84, 0x7f, 0x3f,
  0xc0, 0x8a, 0x7f, 0x3f, 0xb0, 0x90, 0x7f, 0x3f, 0x78, 0x96, 0x7f, 0x3f,
  0x19, 0x9c, 0x7f, 0x3f, 0x90, 0xa1, 0x7f, 0x3f, 0xe2, 0xa6, 0x7f, 0x3f,
  0x0c, 0xac, 0x7f, 0x3f, 0x0e, 0xb1, 0x7f, 0x3f, 0xe9, 0xb5, 0x7f, 0x3f,
  0x9c, 0xba, 0x7f, 0x3f, 0x2a, 0xbf, 0x7f, 0x3f, 0x8e, 0xc3, 0x7f, 0x3f,
  0xcc, 0xc7, 0x7f, 0x3f, 0xe3, 0xcb, 0x7f, 0x3f, 0xd0, 0xcf, 0x7f, 0x3f,
  0x96, 0xd3, 0x7f, 0x3f, 0x36, 0xd7, 0x7f, 0x3f, 0xad, 0xda, 0x7f, 0x3f,
  0xfe, 0xdd, 0x7f, 0x3f, 0x29, 0xe1, 0x7f, 0x3f, 0x2b, 0xe4, 0x7f, 0x3f,
  0x05, 0xe7, 0x7f, 0x3f, 0xb6, 0xe9, 0x7f, 0x3f, 0x43, 0xec, 0x7f, 0x3f,
  0xa5, 0xee, 0x7f, 0x3f, 0xe1, 0xf0, 0x7f, 0x3f, 0xf9, 0xf2, 0x7f, 0x3f,
  0xe4, 0xf4, 0x7f, 0x3f, 0xa9, 0xf6, 0x7f, 0x3f, 0x49, 0xf8, 0x7f, 0x3f,
  0xbf, 0xf9, 0x7f, 0x3f, 0x11, 0xfb, 0x7f, 0x3f, 0x38, 0xfc, 0x7f, 0x3f,
  0x39, 0xfd, 0x7f, 0x3f, 0x13, 0xfe, 0x7f, 0x3f, 0xc5, 0xfe, 0x7f, 0x3f,
  0x4e, 0xff, 0x7f, 0x3f, 0xaf, 0xff, 0x7f, 0x3f, 0xec, 0xff, 0x7f, 0x3f,
  0x00, 0x00, 0x00, 0x00, 0x00, 0x00, 0x00, 0x00, 0x00, 0x00, 0x00, 0x00,
  0x00, 0x00, 0x00, 0x00, 0x00, 0x00, 0x00, 0x00, 0x00, 0x00, 0x00, 0x00,
  0x00, 0x00, 0x00, 0x00, 0x00, 0x00, 0x00, 0x00, 0x00, 0x00, 0x00, 0x00,
  0x00, 0x00, 0x00, 0x00, 0x00, 0x00, 0x00, 0x00, 0x00, 0x00, 0x00, 0x00,
  0x00, 0x00, 0x00, 0x00, 0x00, 0x00, 0x00, 0x00, 0x00, 0x00, 0x00, 0x00,
  0x00, 0x00, 0x00, 0x00, 0x00, 0x00, 0x00, 0x00, 0x00, 0x00, 0x00, 0x00,
  0x00, 0x00, 0x00, 0x00, 0x00, 0x00, 0x00, 0x00, 0x00, 0x00, 0x00, 0x00,
  0x00, 0x00, 0x00, 0x00, 0x00, 0x00, 0x00, 0x00, 0x00, 0x00, 0x00, 0x00,
  0x00, 0x00, 0x00, 0x00, 0x00, 0x00, 0x00, 0x00, 0x00, 0x00, 0x00, 0x00,
  0x00, 0x00, 0x00, 0x00, 0x00, 0x00, 0x00, 0x00, 0x00, 0x00, 0x00, 0x00,
  0x00, 0x00, 0x00, 0x00, 0x00, 0x00, 0x00, 0x00, 0x00, 0x00, 0x00, 0x00,
  0x00, 0x00, 0x00, 0x00, 0x00, 0x00, 0x00, 0x00, 0x00, 0x00, 0x00, 0x00,
  0x00, 0x00, 0x00, 0x00, 0x00, 0x00, 0x00, 0x00, 0x00, 0x00, 0x00, 0x00,
  0x00, 0x00, 0x00, 0x00, 0x00, 0x00, 0x00, 0x00, 0x00, 0x00, 0x00, 0x00,
  0x00, 0x00, 0x00, 0x00, 0x00, 0x00, 0x00, 0x00, 0x00, 0x00, 0x00, 0x00,
  0x00, 0x00, 0x00, 0x00, 0x00, 0x00, 0x00, 0x00, 0x00, 0x00, 0x00, 0x00,
  0x00, 0x00, 0x00, 0x00, 0x00, 0x00, 0x00, 0x00, 0x00, 0x00, 0x00, 0x00,
  0x00, 0x00, 0x00, 0x00, 0x00, 0x00, 0x00, 0x00, 0x00, 0x00, 0x00, 0x00,
  0x00, 0x00, 0x00, 0x00, 0x00, 0x00, 0x00, 0x00, 0x00, 0x00, 0x00, 0x00,
  0x00, 0x00, 0x00, 0x00, 0x00, 0x00, 0x00, 0x00, 0x00, 0x00, 0x00, 0x00,
  0x00, 0x00, 0x00, 0x00, 0x00, 0x00, 0x00, 0x00, 0x00, 0x00, 0x00, 0x00,
  0x00, 0x00, 0x00, 0x00, 0x00, 0x00, 0x00, 0x00, 0x00, 0x00, 0x00, 0x00,
  0x00, 0x00, 0x00, 0x00, 0x00, 0x00, 0x00, 0x00, 0x00, 0x00, 0x00, 0x00,
  0x00, 0x00, 0x00, 0x00, 0x00, 0x00, 0x00, 0x00, 0x00, 0x00, 0x00, 0x00,
  0x00, 0x00, 0x00, 0x00, 0x00, 0x00, 0x00, 0x00, 0x00, 0x00, 0x00, 0x00,
  0x00, 0x00, 0x00, 0x00, 0x00, 0x00, 0x00, 0x00, 0x00, 0x00, 0x00, 0x00,
  0x00, 0x00, 0x00, 0x00, 0x00, 0x00, 0x00, 0x00, 0x00, 0x00, 0x00, 0x00,
  0x00, 0x00, 0x00, 0x00, 0x00, 0x00, 0x00, 0x00, 0x00, 0x00, 0x00, 0x00,
  0x00, 0x00, 0x00, 0x00, 0x00, 0x00, 0x00, 0x00, 0x00, 0x00, 0x00, 0x00,
  0x00, 0x00, 0x00, 0x00, 0x00, 0x00, 0x00, 0x00, 0x00, 0x00, 0x00, 0x00,
  0x00, 0x00, 0x00, 0x00, 0x00, 0x00, 0x00, 0x00, 0x00, 0x00, 0x00, 0x00,
  0x00, 0x00, 0x00, 0x00, 0x00, 0x00, 0x00, 0x00, 0x00, 0x00, 0x00, 0x00,
  0x00, 0x00, 0x00, 0x00, 0x00, 0x00, 0x00, 0x00, 0x00, 0x00, 0x00, 0x00,
  0x00, 0x00, 0x00, 0x00, 0x00, 0x00, 0x00, 0x00, 0x00, 0x00, 0x00, 0x00,
  0x00, 0x00, 0x00, 0x00, 0x00, 0x00, 0x00, 0x00, 0x00, 0x00, 0x00, 0x00,
  0x00, 0x00, 0x00, 0x00, 0x00, 0x00, 0x00, 0x00, 0x00, 0x00, 0x00, 0x00,
  0x00, 0x00, 0x00, 0x00, 0x00, 0x00, 0x00, 0x00, 0x00, 0x00, 0x00, 0x00,
  0x00, 0x00, 0x00, 0x00, 0x00, 0x00, 0x00, 0x00, 0x00, 0x00, 0x00, 0x00,
  0x00, 0x00, 0x00, 0x00, 0x00, 0x00, 0x00, 0x00, 0x00, 0x00, 0x00, 0x00,
  0x00, 0x00, 0x00, 0x00, 0x00, 0x00, 0x00, 0x00, 0x00, 0x00, 0x00, 0x00,
  0x00, 0x00, 0x00, 0x00, 0x00, 0x00, 0x00, 0x00, 0x00, 0x00, 0x00, 0x00,
  0x00, 0x00, 0x00, 0x00, 0x00, 0x00, 0x00, 0x00, 0x00, 0x00, 0x00, 0x00,
  0x00, 0x00, 0x00, 0x00, 0x00, 0x00, 0x00, 0x00, 0x00, 0x00, 0x00, 0x00,
  0x00, 0x00, 0x00, 0x00, 0x00, 0x00, 0x00, 0x00, 0x00, 0x00, 0x00, 0x00,
  0x00, 0x00, 0x00, 0x00, 0x00, 0x00, 0x00, 0x00, 0x00, 0x00, 0x00, 0x00,
  0x00, 0x00, 0x00, 0x00, 0x00, 0x00, 0x00, 0x00, 0x00, 0x00, 0x00, 0x00,
  0x00, 0x00, 0x00, 0x00, 0x00, 0x00, 0x00, 0x00, 0x00, 0x00, 0x00, 0x00,
  0x00, 0x00, 0x00, 0x00, 0x00, 0x00, 0x00, 0x00, 0x00, 0x00, 0x00, 0x00,
  0x00, 0x00, 0x00, 0x00, 0x00, 0x00, 0x00, 0x00, 0x00, 0x00, 0x00, 0x00,
  0x00, 0x00, 0x00, 0x00, 0x00, 0x00, 0x00, 0x00, 0x00, 0x00, 0x00, 0x00,
  0x00, 0x00, 0x00, 0x00, 0x00, 0x00, 0x00, 0x00, 0x00, 0x00, 0x00, 0x00,
  0x00, 0x00, 0x00, 0x00, 0x00, 0x00, 0x00, 0x00, 0x00, 0x00, 0x00, 0x00,
  0x00, 0x00, 0x00, 0x00, 0x00, 0x00, 0x00, 0x00, 0x00, 0x00, 0x00, 0x00,
  0x00, 0x00, 0x00, 0x00, 0x00, 0x00, 0x00, 0x00, 0x00, 0x00, 0x00, 0x00,
  0x00, 0x00, 0x00, 0x00, 0x00, 0x00, 0x00, 0x00, 0x00, 0x00, 0x00, 0x00,
  0x00, 0x00, 0x00, 0x00, 0x00, 0x00, 0x00, 0x00, 0x00, 0x00, 0x00, 0x00,
  0x00, 0x00, 0x00, 0x00, 0x00, 0x00, 0x00, 0x00, 0x00, 0x00, 0x00, 0x00,
  0x00, 0x00, 0x00, 0x00, 0x00, 0x00, 0x00, 0x00, 0x00, 0x00, 0x00, 0x00,
  0x00, 0x00, 0x00, 0x00, 0x00, 0x00, 0x00, 0x00, 0x00, 0x00, 0x00, 0x00,
  0x00, 0x00, 0x00, 0x00, 0x00, 0x00, 0x00, 0x00, 0x00, 0x00, 0x00, 0x00,
  0x00, 0x00, 0x00, 0x00, 0x00, 0x00, 0x00, 0x00, 0x00, 0x00, 0x00, 0x00,
  0x00, 0x00, 0x00, 0x00, 0x00, 0x00, 0x00, 0x00, 0x00, 0x00, 0x00, 0x00,
  0x00, 0x00, 0x00, 0x00, 0x00, 0x00, 0x00, 0x00, 0x00, 0x00, 0x00, 0x00,
  0x00, 0x00, 0x00, 0x00, 0x00, 0x00, 0x00, 0x00, 0x00, 0x00, 0x00, 0x00,
  0x00, 0x00, 0x00, 0x00, 0x00, 0x00, 0x00, 0x00, 0x00, 0x00, 0x00, 0x00,
  0x00, 0x00, 0x00, 0x00, 0x00, 0x00, 0x00, 0x00, 0x00, 0x00, 0x00, 0x00,
  0x00, 0x00, 0x00, 0x00, 0x00, 0x00, 0x00, 0x00, 0x00, 0x00, 0x00, 0x00,
  0x00, 0x00, 0x00, 0x00, 0x00, 0x00, 0x00, 0x00, 0x00, 0x00, 0x00, 0x00,
  0x00, 0x00, 0x00, 0x00, 0x00, 0x00, 0x00, 0x00, 0x00, 0x00, 0x00, 0x00,
  0x00, 0x00, 0x00, 0x00, 0x00, 0x00, 0x00, 0x00, 0x00, 0x00, 0x00, 0x00,
  0x00, 0x00, 0x00, 0x00, 0x00, 0x00, 0x00, 0x00, 0x00, 0x00, 0x00, 0x00,
  0x00, 0x00, 0x00, 0x00, 0x00, 0x00, 0x00, 0x00, 0x00, 0x00, 0x00, 0x00,
  0x00, 0x00, 0x00, 0x00, 0x00, 0x00, 0x00, 0x00, 0x00, 0x00, 0x00, 0x00,
  0x00, 0x00, 0x00, 0x00, 0x00, 0x00, 0x00, 0x00, 0x00, 0x00, 0x00, 0x00,
  0x00, 0x00, 0x00, 0x00, 0x00, 0x00, 0x00, 0x00, 0x00, 0x00, 0x00, 0x00,
  0x00, 0x00, 0x00, 0x00, 0x00, 0x00, 0x00, 0x00, 0x00, 0x00, 0x00, 0x00,
  0x00, 0x00, 0x00, 0x00, 0x00, 0x00, 0x00, 0x00, 0x00, 0x00, 0x00, 0x00,
  0x00, 0x00, 0x00, 0x00, 0x00, 0x00, 0x00, 0x00, 0x00, 0x00, 0x00, 0x00,
  0x00, 0x00, 0x00, 0x00, 0x00, 0x00, 0x00, 0x00, 0x00, 0x00, 0x00, 0x00,
  0x00, 0x00, 0x00, 0x00, 0x00, 0x00, 0x00, 0x00, 0x00, 0x00, 0x00, 0x00,
  0x00, 0x00, 0x00, 0x00, 0x00, 0x00, 0x00, 0x00, 0x00, 0x00, 0x00, 0x00,
  0x00, 0x00, 0x00, 0x00, 0x00, 0x00, 0x00, 0x00, 0x00, 0x00, 0x00, 0x00,
  0x00, 0x00, 0x00, 0x00, 0x00, 0x00, 0x00, 0x00, 0x00, 0x00, 0x00, 0x00,
  0x00, 0x00, 0x00, 0x00, 0x00, 0x00, 0x00, 0x00, 0x00, 0x00, 0x00, 0x00,
  0x00, 0x00, 0x00, 0x00, 0x00, 0x00, 0x00, 0x00, 0x00, 0x00, 0x00, 0x00,
  0x00, 0x00, 0x00, 0x00, 0x00, 0x00, 0x00, 0x00, 0x00, 0x00, 0x00, 0x00,
  0x00, 0x00, 0x00, 0x00, 0x00, 0x00, 0x00, 0x00, 0x00, 0x00, 0x00, 0x00,
  0x00, 0x00, 0x00, 0x00, 0x00, 0x00, 0x00, 0x00, 0x00, 0x00, 0x00, 0x00,
  0x00, 0x00, 0x00, 0x00, 0x00, 0x00, 0x00, 0x00, 0x00, 0x00, 0x00, 0x00,
  0x00, 0x00, 0x00, 0x00, 0x00, 0x00, 0x00, 0x00, 0x00, 0x00, 0x00, 0x00,
  0x00, 0x00, 0x00, 0x00, 0x00, 0x00, 0x00, 0x00, 0x00, 0x00, 0x00, 0x00,
  0x00, 0x00, 0x00, 0x00, 0x00, 0x00, 0x00, 0x00, 0x00, 0x00, 0x00, 0x00,
  0x00, 0x00, 0x00, 0x00, 0x00, 0x00, 0x00, 0x00, 0x00, 0x00, 0x00, 0x00,
  0x00, 0x00, 0x00, 0x00, 0x00, 0x00, 0x00, 0x00, 0x00, 0x00, 0x00, 0x00,
  0x00, 0x00, 0x00, 0x00, 0x00, 0x00, 0x00, 0x00, 0x00, 0x00, 0x00, 0x00,
  0x00, 0x00, 0x00, 0x00, 0x00, 0x00, 0x00, 0x00, 0x00, 0x00, 0x00, 0x00,
  0x00, 0x00, 0x00, 0x00, 0x00, 0x00, 0x00, 0x00, 0x00, 0x00, 0x00, 0x00,
  0x00, 0x00, 0x00, 0x00, 0x00, 0x00, 0x00, 0x00, 0x00, 0x00, 0x00, 0x00,
  0x00, 0x00, 0x00, 0x00, 0x00, 0x00, 0x00, 0x00, 0x00, 0x00, 0x00, 0x00,
  0x00, 0x00, 0x00, 0x00, 0x00, 0x00, 0x00, 0x00, 0x00, 0x00, 0x00, 0x00,
  0x00, 0x00, 0x00, 0x00, 0x00, 0x00, 0x00, 0x00, 0x00, 0x00, 0x00, 0x00,
  0x00, 0x00, 0x00, 0x00, 0x00, 0x00, 0x00, 0x00, 0x00, 0x00, 0x00, 0x00,
  0x00, 0x00, 0x00, 0x00, 0x00, 0x00, 0x00, 0x00, 0x00, 0x00, 0x00, 0x00,
  0x00, 0x00, 0x00, 0x00, 0x00, 0x00, 0x00, 0x00, 0x00, 0x00, 0x00, 0x00,
  0x00, 0x00, 0x00, 0x00, 0x00, 0x00, 0x00, 0x00, 0x00, 0x00, 0x00, 0x00,
  0x00, 0x00, 0x00, 0x00, 0x00, 0x00, 0x00, 0x00, 0x00, 0x00, 0x00, 0x00,
  0x00, 0x00, 0x00, 0x00, 0x00, 0x00, 0x00, 0x00, 0x00, 0x00, 0x00, 0x00,
  0x00, 0x00, 0x00, 0x00, 0x00, 0x00, 0x00, 0x00, 0x00, 0x00, 0x00, 0x00,
  0x00, 0x00, 0x00, 0x00, 0x00, 0x00, 0x00, 0x00, 0x00, 0x00, 0x00, 0x00,
  0x00, 0x00, 0x00, 0x00, 0x00, 0x00, 0x00, 0x00, 0x00, 0x00, 0x00, 0x00,
  0x00, 0x00, 0x00, 0x00, 0x00, 0x00, 0x00, 0x00, 0x00, 0x00, 0x00, 0x00,
  0x00, 0x00, 0x00, 0x00, 0x00, 0x00, 0x00, 0x00, 0x00, 0x00, 0x00, 0x00,
  0x00, 0x00, 0x00, 0x00, 0x00, 0x00, 0x00, 0x00, 0x00, 0x00, 0x00, 0x00,
  0x00, 0x00, 0x00, 0x00, 0x00, 0x00, 0x00, 0x00, 0x00, 0x00, 0x00, 0x00,
  0x00, 0x00, 0x00, 0x00, 0x00, 0x00, 0x00, 0x00, 0x00, 0x00, 0x00, 0x00,
  0x00, 0x00, 0x00, 0x00, 0x00, 0x00, 0x00, 0x00, 0x00, 0x00, 0x00, 0x00,
  0x00, 0x00, 0x00, 0x00, 0x00, 0x00, 0x00, 0x00, 0x00, 0x00, 0x00, 0x00,
  0x00, 0x00, 0x00, 0x00, 0x00, 0x00, 0x00, 0x00, 0x00, 0x00, 0x00, 0x00,
  0x00, 0x00, 0x00, 0x00, 0x00, 0x00, 0x00, 0x00, 0x00, 0x00, 0x00, 0x00,
  0x00, 0x00, 0x00, 0x00, 0x00, 0x00, 0x00, 0x00, 0x00, 0x00, 0x00, 0x00,
  0x00, 0x00, 0x00, 0x00, 0x00, 0x00, 0x00, 0x00, 0x00, 0x00, 0x00, 0x00,
  0x00, 0x00, 0x00, 0x00, 0x00, 0x00, 0x00, 0x00, 0x00, 0x00, 0x00, 0x00,
  0x00, 0x00, 0x00, 0x00, 0x00, 0x00, 0x00, 0x00, 0x00, 0x00, 0x00, 0x00,
  0x00, 0x00, 0x00, 0x00, 0x00, 0x00, 0x00, 0x00, 0x00, 0x00, 0x00, 0x00,
  0x00, 0x00, 0x00, 0x00, 0x00, 0x00, 0x00, 0x00, 0x00, 0x00, 0x00, 0x00,
  0x00, 0x00, 0x00, 0x00, 0x00, 0x00, 0x00, 0x00, 0x00, 0x00, 0x00, 0x00,
  0x00, 0x00, 0x00, 0x00, 0x00, 0x00, 0x00, 0x00, 0x00, 0x00, 0x00, 0x00,
  0x00, 0x00, 0x00, 0x00, 0x00, 0x00, 0x00, 0x00, 0x00, 0x00, 0x00, 0x00,
  0x00, 0x00, 0x00, 0x00, 0x00, 0x00, 0x00, 0x00, 0x00, 0x00, 0x00, 0x00,
  0x00, 0x00, 0x00, 0x00, 0x00, 0x00, 0x00, 0x00, 0x00, 0x00, 0x00, 0x00,
  0x00, 0x00, 0x00, 0x00, 0x00, 0x00, 0x00, 0x00, 0x00, 0x00, 0x00, 0x00,
  0x00, 0x00, 0x00, 0x00, 0x00, 0x00, 0x00, 0x00, 0x00, 0x00, 0x00, 0x00,
  0x00, 0x00, 0x00, 0x00, 0x00, 0x00, 0x00, 0x00, 0x00, 0x00, 0x00, 0x00,
  0x00, 0x00, 0x00, 0x00, 0x00, 0x00, 0x00, 0x00, 0x00, 0x00, 0x00, 0x00,
  0x00, 0x00, 0x00, 0x00, 0x00, 0x00, 0x00, 0x00, 0x00, 0x00, 0x00, 0x00,
  0x00, 0x00, 0x00, 0x00, 0x00, 0x00, 0x00, 0x00, 0x00, 0x00, 0x00, 0x00,
  0x00, 0x00, 0x00, 0x00, 0x00, 0x00, 0x00, 0x00, 0x00, 0x00, 0x00, 0x00,
  0x00, 0x00, 0x00, 0x00, 0x00, 0x00, 0x00, 0x00, 0x00, 0x00, 0x00, 0x00,
  0x00, 0x00, 0x00, 0x00, 0x00, 0x00, 0x00, 0x00, 0x00, 0x00, 0x00, 0x00,
  0x00, 0x00, 0x00, 0x00, 0x00, 0x00, 0x00, 0x00, 0x00, 0x00, 0x00, 0x00,
  0x00, 0x00, 0x00, 0x00, 0x00, 0x00, 0x00, 0x00, 0x00, 0x00, 0x00, 0x00,
  0x00, 0x00, 0x00, 0x00, 0x00, 0x00, 0x00, 0x00, 0x00, 0x00, 0x00, 0x00,
  0x00, 0x00, 0x00, 0x00, 0x00, 0x00, 0x00, 0x00, 0x00, 0x00, 0x00, 0x00,
  0x00, 0x00, 0x00, 0x00, 0x00, 0x00, 0x00, 0x00, 0x00, 0x00, 0x00, 0x00,
  0x00, 0x00, 0x00, 0x00, 0x00, 0x00, 0x00, 0x00, 0x00, 0x00, 0x00, 0x00,
  0x00, 0x00, 0x00, 0x00, 0x00, 0x00, 0x00, 0x00, 0x00, 0x00, 0x00, 0x00,
  0x00, 0x00, 0x00, 0x00, 0x00, 0x00, 0x00, 0x00, 0x00, 0x00, 0x00, 0x00,
  0x00, 0x00, 0x00, 0x00, 0x00, 0x00, 0x00, 0x00, 0x00, 0x00, 0x00, 0x00,
  0x00, 0x00, 0x00, 0x00, 0x00, 0x00, 0x00, 0x00, 0x00, 0x00, 0x00, 0x00,
  0x00, 0x00, 0x00, 0x00, 0x00, 0x00, 0x00, 0x00, 0x00, 0x00, 0x00, 0x00,
  0x00, 0x00, 0x00, 0x00, 0x00, 0x00, 0x00, 0x00, 0x00, 0x00, 0x00, 0x00,
  0x00, 0x00, 0x00, 0x00, 0x00, 0x00, 0x00, 0x00, 0x00, 0x00, 0x00, 0x00,
  0x00, 0x00, 0x00, 0x00, 0x00, 0x00, 0x00, 0x00, 0x00, 0x00, 0x00, 0x00,
  0x00, 0x00, 0x00, 0x00, 0x00, 0x00, 0x00, 0x00, 0x00, 0x00, 0x00, 0x00,
  0x00, 0x00, 0x00, 0x00, 0x00, 0x00, 0x00, 0x00, 0x00, 0x00, 0x00, 0x00,
  0x00, 0x00, 0x00, 0x00, 0x00, 0x00, 0x00, 0x00, 0x00, 0x00, 0x00, 0x00,
  0x00, 0x00, 0x00, 0x00, 0x00, 0x00, 0x00, 0x00, 0x00, 0x00, 0x00, 0x00,
  0x00, 0x00, 0x00, 0x00, 0x00, 0x00, 0x00, 0x00, 0x00, 0x00, 0x00, 0x00,
  0x00, 0x00, 0x00, 0x00, 0x00, 0x00, 0x00, 0x00, 0x00, 0x00, 0x00, 0x00,
  0x00, 0x00, 0x00, 0x00, 0x00, 0x00, 0x00, 0x00, 0x00, 0x00, 0x00, 0x00,
  0x00, 0x00, 0x00, 0x00, 0x00, 0x00, 0x00, 0x00, 0x00, 0x00, 0x00, 0x00,
  0x00, 0x00, 0x00, 0x00, 0x00, 0x00, 0x00, 0x00, 0x00, 0x00, 0x00, 0x00,
  0x00, 0x00, 0x00, 0x00, 0x00, 0x00, 0x00, 0x00, 0x00, 0x00, 0x00, 0x00,
  0x00, 0x00, 0x00, 0x00, 0x00, 0x00, 0x00, 0x00, 0x00, 0x00, 0x00, 0x00,
  0x00, 0x00, 0x00, 0x00, 0x00, 0x00, 0x00, 0x00, 0x00, 0x00, 0x00, 0x00,
  0x00, 0x00, 0x00, 0x00, 0x00, 0x00, 0x00, 0x00, 0x00, 0x00, 0x00, 0x00,
  0x00, 0x00, 0x00, 0x00, 0x00, 0x00, 0x00, 0x00, 0x00, 0x00, 0x00, 0x00,
  0x00, 0x00, 0x00, 0x00, 0x00, 0x00, 0x00, 0x00, 0x00, 0x00, 0x00, 0x00,
  0x00, 0x00, 0x00, 0x00, 0x00, 0x00, 0x00, 0x00, 0x00, 0x00, 0x00, 0x00,
  0x00, 0x00, 0x00, 0x00, 0x00, 0x00, 0x00, 0x00, 0x00, 0x00, 0x00, 0x00,
  0x00, 0x00, 0x00, 0x00, 0x00, 0x00, 0x00, 0x00, 0x00, 0x00, 0x00, 0x00,
  0x00, 0x00, 0x00, 0x00, 0x00, 0x00, 0x00, 0x00, 0x00, 0x00, 0x00, 0x00,
  0x00, 0x00, 0x00, 0x00, 0x00, 0x00, 0x00, 0x00, 0x00, 0x00, 0x00, 0x00,
  0x00, 0x00, 0x00, 0x00, 0x00, 0x00, 0x00, 0x00, 0x00, 0x00, 0x00, 0x00,
  0x00, 0x00, 0x00, 0x00, 0x00, 0x00, 0x00, 0x00, 0x00, 0x00, 0x00, 0x00,
  0x00, 0x00, 0x00, 0x00, 0x00, 0x00, 0x00, 0x00, 0x00, 0x00, 0x00, 0x00,
  0x00, 0x00, 0x00, 0x00, 0x00, 0x00, 0x00, 0x00, 0x00, 0x00, 0x00, 0x00,
  0x00, 0x00, 0x00, 0x00, 0x00, 0x00, 0x00, 0x00, 0x00, 0x00, 0x00, 0x00,
  0x00, 0x00, 0x00, 0x00, 0x00, 0x00, 0x00, 0x00, 0x00, 0x00, 0x00, 0x00,
  0x00, 0x00, 0x00, 0x00, 0x00, 0x00, 0x00, 0x00, 0x00, 0x00, 0x00, 0x00,
  0x00, 0x00, 0x00, 0x00, 0x00, 0x00, 0x00, 0x00, 0x00, 0x00, 0x00, 0x00,
  0x00, 0x00, 0x00, 0x00, 0x00, 0x00, 0x00, 0x00, 0x00, 0x00, 0x00, 0x00,
  0x00, 0x00, 0x00, 0x00, 0x00, 0x00, 0x00, 0x00, 0x00, 0x00, 0x00, 0x00,
  0x00, 0x00, 0x00, 0x00, 0x00, 0x00, 0x00, 0x00, 0x00, 0x00, 0x00, 0x00,
  0x00, 0x00, 0x00, 0x00, 0x00, 0x00, 0x00, 0x00, 0x00, 0x00, 0x00, 0x00,
  0x00, 0x00, 0x00, 0x00, 0x00, 0x00, 0x00, 0x00, 0x00, 0x00, 0x00, 0x00,
  0x00, 0x00, 0x00, 0x00, 0x00, 0x00, 0x00, 0x00, 0x00, 0x00, 0x00, 0x00,
  0x00, 0x00, 0x00, 0x00, 0x00, 0x00, 0x00, 0x00, 0x00, 0x00, 0x00, 0x00,
  0x00, 0x00, 0x00, 0x00, 0x00, 0x00, 0x00, 0x00, 0x00, 0x00, 0x00, 0x00,
  0x00, 0x00, 0x00, 0x00, 0x00, 0x00, 0x00, 0x00, 0x00, 0x00, 0x00, 0x00,
  0x00, 0x00, 0x00, 0x00, 0x00, 0x00, 0x00, 0x00, 0x00, 0x00, 0x00, 0x00,
  0x00, 0x00, 0x00, 0x00, 0x00, 0x00, 0x00, 0x00, 0x00, 0x00, 0x00, 0x00,
  0x00, 0x00, 0x00, 0x00, 0x00, 0x00, 0x00, 0x00, 0x00, 0x00, 0x00, 0x00,
  0x00, 0x00, 0x00, 0x00, 0x00, 0x00, 0x00, 0x00, 0x00, 0x00, 0x00, 0x00,
  0x00, 0x00, 0x00, 0x00, 0x00, 0x00, 0x00, 0x00, 0x00, 0x00, 0x00, 0x00,
  0x00, 0x00, 0x00, 0x00, 0x00, 0x00, 0x00, 0x00, 0x00, 0x00, 0x00, 0x00,
  0x00, 0x00, 0x00, 0x00, 0x00, 0x00, 0x00, 0x00, 0x00, 0x00, 0x00, 0x00,
  0x00, 0x00, 0x00, 0x00, 0x00, 0x00, 0x00, 0x00, 0x00, 0x00, 0x00, 0x00,
  0x00, 0x00, 0x00, 0x00, 0x00, 0x00, 0x00, 0x00, 0x00, 0x00, 0x00, 0x00,
  0x00, 0x00, 0x00, 0x00, 0x00, 0x00, 0x00, 0x00, 0x00, 0x00, 0x00, 0x00,
  0x00, 0x00, 0x00, 0x00, 0x00, 0x00, 0x00, 0x00, 0x00, 0x00, 0x00, 0x00,
  0x00, 0x00, 0x00, 0x00, 0x00, 0x00, 0x00, 0x00, 0x00, 0x00, 0x00, 0x00,
  0x00, 0x00, 0x00, 0x00, 0x00, 0x00, 0x00, 0x00, 0x00, 0x00, 0x00, 0x00,
  0x00, 0x00, 0x00, 0x00, 0x00, 0x00, 0x00, 0x00, 0x00, 0x00, 0x00, 0x00,
  0x00, 0x00, 0x00, 0x00, 0x00, 0x00, 0x00, 0x00, 0x00, 0x00, 0x00, 0x00,
  0x00, 0x00, 0x00, 0x00, 0x00, 0x00, 0x00, 0x00, 0x00, 0x00, 0x00, 0x00,
  0x00, 0x00, 0x00, 0x00, 0x00, 0x00, 0x00, 0x00, 0x00, 0x00, 0x00, 0x00,
  0x00, 0x00, 0x00, 0x00, 0x00, 0x00, 0x00, 0x00, 0x00, 0x00, 0x00, 0x00,
  0x00, 0x00, 0x00, 0x00, 0x00, 0x00, 0x00, 0x00, 0x00, 0x00, 0x00, 0x00,
  0x00, 0x00, 0x00, 0x00, 0x00, 0x00, 0x00, 0x00, 0x00, 0x00, 0x00, 0x00,
  0x00, 0x00, 0x00, 0x00, 0x00, 0x00, 0x00, 0x00, 0x00, 0x00, 0x00, 0x00,
  0x00, 0x00, 0x00, 0x00, 0x00, 0x00, 0x00, 0x00, 0x00, 0x00, 0x00, 0x00,
  0x00, 0x00, 0x00, 0x00, 0x00, 0x00, 0x00, 0x00, 0x00, 0x00, 0x00, 0x00,
  0x00, 0x00, 0x00, 0x00, 0x00, 0x00, 0x00, 0x00, 0x00, 0x00, 0x00, 0x00,
  0x00, 0x00, 0x00, 0x00, 0x00, 0x00, 0x00, 0x00, 0x00, 0x00, 0x00, 0x00,
  0x00, 0x00, 0x00, 0x00, 0x00, 0x00, 0x00, 0x00, 0x00, 0x00, 0x00, 0x00,
  0x00, 0x00, 0x00, 0x00, 0x00, 0x00, 0x00, 0x00, 0x00, 0x00, 0x00, 0x00,
  0x00, 0x00, 0x00, 0x00, 0x00, 0x00, 0x00, 0x00, 0x00, 0x00, 0x00, 0x00,
  0x00, 0x00, 0x00, 0x00, 0x00, 0x00, 0x00, 0x00, 0x00, 0x00, 0x00, 0x00,
  0x00, 0x00, 0x00, 0x00, 0x00, 0x00, 0x00, 0x00, 0x00, 0x00, 0x00, 0x00,
  0x00, 0x00, 0x00, 0x00, 0x00, 0x00, 0x00, 0x00, 0x00, 0x00, 0x00, 0x00,
  0x00, 0x00, 0x00, 0x00, 0x00, 0x00, 0x00, 0x00, 0x00, 0x00, 0x00, 0x00,
  0x00, 0x00, 0x00, 0x00, 0x00, 0x00, 0x00, 0x00, 0x00, 0x00, 0x00, 0x00,
  0x00, 0x00, 0x00, 0x00, 0x00, 0x00, 0x00, 0x00, 0x00, 0x00, 0x00, 0x00,
  0x00, 0x00, 0x00, 0x00, 0x00, 0x00, 0x00, 0x00, 0x00, 0x00, 0x00, 0x00,
  0x00, 0x00, 0x00, 0x00, 0x00, 0x00, 0x00, 0x00, 0x00, 0x00, 0x00, 0x00,
  0x00, 0x00, 0x00, 0x00, 0x00, 0x00, 0x00, 0x00, 0x00, 0x00, 0x00, 0x00,
  0x00, 0x00, 0x00, 0x00, 0x00, 0x00, 0x00, 0x00, 0x00, 0x00, 0x00, 0x00,
  0x00, 0x00, 0x00, 0x00, 0x00, 0x00, 0x00, 0x00, 0x00, 0x00, 0x00, 0x00,
  0x00, 0x00, 0x00, 0x00, 0x00, 0x00, 0x00, 0x00, 0x00, 0x00, 0x00, 0x00,
  0x00, 0x00, 0x00, 0x00, 0x00, 0x00, 0x00, 0x00, 0x00, 0x00, 0x00, 0x00,
  0x00, 0x00, 0x00, 0x00, 0x00, 0x00, 0x00, 0x00, 0x00, 0x00, 0x00, 0x00,
  0x00, 0x00, 0x00, 0x00, 0x00, 0x00, 0x00, 0x00, 0x00, 0x00, 0x00, 0x00,
  0x00, 0x00, 0x00, 0x00, 0x00, 0x00, 0x00, 0x00, 0x00, 0x00, 0x00, 0x00,
  0x00, 0x00, 0x00, 0x00, 0x00, 0x00, 0x00, 0x00, 0x00, 0x00, 0x00, 0x00,
  0x00, 0x00, 0x00, 0x00, 0x00, 0x00, 0x00, 0x00, 0x00, 0x00, 0x00, 0x00,
  0x00, 0x00, 0x00, 0x00, 0x00, 0x00, 0x00, 0x00, 0x00, 0x00, 0x00, 0x00,
  0x00, 0x00, 0x00, 0x00, 0x00, 0x00, 0x00, 0x00, 0x00, 0x00, 0x00, 0x00,
  0x00, 0x00, 0x00, 0x00, 0x00, 0x00, 0x00, 0x00, 0x00, 0x00, 0x00, 0x00,
  0x00, 0x00, 0x00, 0x00, 0x00, 0x00, 0x00, 0x00, 0x00, 0x00, 0x00, 0x00,
  0x00, 0x00, 0x00, 0x00, 0x00, 0x00, 0x00, 0x00, 0x00, 0x00, 0x00, 0x00,
  0x00, 0x00, 0x00, 0x00, 0x00, 0x00, 0x00, 0x00, 0x00, 0x00, 0x00, 0x00,
  0x00, 0x00, 0x00, 0x00, 0x00, 0x00, 0x00, 0x00, 0x00, 0x00, 0x00, 0x00,
  0x00, 0x00, 0x00, 0x00, 0x00, 0x00, 0x00, 0x00, 0x00, 0x00, 0x00, 0x00,
  0x00, 0x00, 0x00, 0x00, 0x00, 0x00, 0x00, 0x00, 0x00, 0x00, 0x00, 0x00,
  0x00, 0x00, 0x00, 0x00, 0x00, 0x00, 0x00, 0x00, 0x00, 0x00, 0x00, 0x00,
  0x00, 0x00, 0x00, 0x00, 0x00, 0x00, 0x00, 0x00, 0x00, 0x00, 0x00, 0x00,
  0x00, 0x00, 0x00, 0x00, 0x00, 0x00, 0x00, 0x00, 0x00, 0x00, 0x00, 0x00,
  0x00, 0x00, 0x00, 0x00, 0x00, 0x00, 0x00, 0x00, 0x00, 0x00, 0x00, 0x00,
  0x00, 0x00, 0x00, 0x00, 0x00, 0x00, 0x00, 0x00, 0x00, 0x00, 0x00, 0x00,
  0x00, 0x00, 0x00, 0x00, 0x00, 0x00, 0x00, 0x00, 0x00, 0x00, 0x00, 0x00,
  0x00, 0x00, 0x00, 0x00, 0x00, 0x00, 0x00, 0x00, 0x00, 0x00, 0x00, 0x00,
  0x00, 0x00, 0x00, 0x00, 0x00, 0x00, 0x00, 0x00, 0x00, 0x00, 0x00, 0x00,
  0x00, 0x00, 0x00, 0x00, 0x00, 0x00, 0x00, 0x00, 0x00, 0x00, 0x00, 0x00,
  0x00, 0x00, 0x00, 0x00, 0x00, 0x00, 0x00, 0x00, 0x00, 0x00, 0x00, 0x00,
  0x00, 0x00, 0x00, 0x00, 0x00, 0x00, 0x00, 0x00, 0x00, 0x00, 0x00, 0x00,
  0x00, 0x00, 0x00, 0x00, 0x00, 0x00, 0x00, 0x00, 0x00, 0x00, 0x00, 0x00,
  0x00, 0x00, 0x00, 0x00, 0x00, 0x00, 0x00, 0x00, 0x00, 0x00, 0x00, 0x00,
  0x00, 0x00, 0x00, 0x00, 0x00, 0x00, 0x00, 0x00, 0x00, 0x00, 0x00, 0x00,
  0x00, 0x00, 0x00, 0x00, 0x00, 0x00, 0x00, 0x00, 0x00, 0x00, 0x00, 0x00,
  0x00, 0x00, 0x00, 0x00, 0x00, 0x00, 0x00, 0x00, 0x00, 0x00, 0x00, 0x00,
  0x00, 0x00, 0x00, 0x00, 0x00, 0x00, 0x00, 0x00, 0x00, 0x00, 0x00, 0x00,
  0x00, 0x00, 0x00, 0x00, 0x00, 0x00, 0x00, 0x00, 0x00, 0x00, 0x00, 0x00,
  0x00, 0x00, 0x00, 0x00, 0x00, 0x00, 0x00, 0x00, 0x00, 0x00, 0x00, 0x00,
  0x00, 0x00, 0x00, 0x00, 0x00, 0x00, 0x00, 0x00, 0x00, 0x00, 0x00, 0x00,
  0x00, 0x00, 0x00, 0x00, 0x00, 0x00, 0x00, 0x00, 0x00, 0x00, 0x00, 0x00,
  0x00, 0x00, 0x00, 0x00, 0x00, 0x00, 0x00, 0x00, 0x00, 0x00, 0x00, 0x00,
  0x00, 0x00, 0x00, 0x00, 0x00, 0x00, 0x00, 0x00, 0x00, 0x00, 0x00, 0x00,
  0x00, 0x00, 0x00, 0x00, 0x00, 0x00, 0x00, 0x00, 0x00, 0x00, 0x00, 0x00,
  0x00, 0x00, 0x00, 0x00, 0x00, 0x00, 0x00, 0x00, 0x00, 0x00, 0x00, 0x00,
  0x00, 0x00, 0x00, 0x00, 0x00, 0x00, 0x00, 0x00, 0x00, 0x00, 0x00, 0x00,
  0x00, 0x00, 0x00, 0x00, 0x00, 0x00, 0x00, 0x00, 0x00, 0x00, 0x00, 0x00,
  0x00, 0x00, 0x00, 0x00, 0x00, 0x00, 0x00, 0x00, 0x00, 0x00, 0x00, 0x00,
  0x00, 0x00, 0x00, 0x00, 0x00, 0x00, 0x00, 0x00, 0x00, 0x00, 0x00, 0x00,
  0x00, 0x00, 0x00, 0x00, 0x00, 0x00, 0x00, 0x00, 0x00, 0x00, 0x00, 0x00,
  0x00, 0x00, 0x00, 0x00, 0x00, 0x00, 0x00, 0x00, 0x00, 0x00, 0x00, 0x00,
  0x00, 0x00, 0x00, 0x00, 0x00, 0x00, 0x00, 0x00, 0x00, 0x00, 0x00, 0x00,
  0x00, 0x00, 0x00, 0x00, 0x00, 0x00, 0x00, 0x00, 0x00, 0x00, 0x00, 0x00,
  0x00, 0x00, 0x00, 0x00, 0x00, 0x00, 0x00, 0x00, 0x00, 0x00, 0x00, 0x00,
  0x00, 0x00, 0x00, 0x00, 0x00, 0x00, 0x00, 0x00, 0x00, 0x00, 0x00, 0x00,
  0x00, 0x00, 0x00, 0x00, 0x00, 0x00, 0x00, 0x00, 0x00, 0x00, 0x00, 0x00,
  0x00, 0x00, 0x00, 0x00, 0x00, 0x00, 0x00, 0x00, 0x00, 0x00, 0x00, 0x00,
  0x00, 0x00, 0x00, 0x00, 0x00, 0x00, 0x00, 0x00, 0x00, 0x00, 0x00, 0x00,
  0x00, 0x00, 0x00, 0x00, 0x00, 0x00, 0x00, 0x00, 0x00, 0x00, 0x00, 0x00,
  0x00, 0x00, 0x00, 0x00, 0x00, 0x00, 0x00, 0x00, 0x00, 0x00, 0x00, 0x00,
  0x00, 0x00, 0x00, 0x00, 0x00, 0x00, 0x00, 0x00, 0x00, 0x00, 0x00, 0x00,
  0x00, 0x00, 0x00, 0x00, 0x00, 0x00, 0x00, 0x00, 0x00, 0x00, 0x00, 0x00,
  0x00, 0x00, 0x00, 0x00, 0x00, 0x00, 0x00, 0x00, 0x00, 0x00, 0x00, 0x00,
  0x00, 0x00, 0x00, 0x00, 0x00, 0x00, 0x00, 0x00, 0x00, 0x00, 0x00, 0x00,
  0x00, 0x00, 0x00, 0x00, 0x00, 0x00, 0x00, 0x00, 0x00, 0x00, 0x00, 0x00,
  0x00, 0x00, 0x00, 0x00, 0x00, 0x00, 0x00, 0x00, 0x00, 0x00, 0x00, 0x00,
  0x00, 0x00, 0x00, 0x00, 0x00, 0x00, 0x00, 0x00, 0x00, 0x00, 0x00, 0x00,
  0x00, 0x00, 0x00, 0x00, 0x00, 0x00, 0x00, 0x00, 0x00, 0x00, 0x00, 0x00,
  0x00, 0x00, 0x00, 0x00, 0x00, 0x00, 0x00, 0x00, 0x00, 0x00, 0x00, 0x00,
  0x00, 0x00, 0x00, 0x00, 0x00, 0x00, 0x00, 0x00, 0x00, 0x00, 0x00, 0x00,
  0x00, 0x00, 0x00, 0x00, 0x00, 0x00, 0x00, 0x00, 0x00, 0x00, 0x00, 0x00,
  0x00, 0x00, 0x00, 0x00, 0x00, 0x00, 0x00, 0x00, 0x00, 0x00, 0x00, 0x00,
  0x00, 0x00, 0x00, 0x00, 0x00, 0x00, 0x00, 0x00, 0x00, 0x00, 0x00, 0x00,
  0x00, 0x00, 0x00, 0x00, 0x00, 0x00, 0x00, 0x00, 0x00, 0x00, 0x00, 0x00,
  0x00, 0x00, 0x00, 0x00, 0x00, 0x00, 0x00, 0x00, 0x00, 0x00, 0x00, 0x00,
  0x00, 0x00, 0x00, 0x00, 0x00, 0x00, 0x00, 0x00, 0x00, 0x00, 0x00, 0x00,
  0x00, 0x00, 0x00, 0x00, 0x00, 0x00, 0x00, 0x00, 0x00, 0x00, 0x00, 0x00,
  0x00, 0x00, 0x00, 0x00, 0x00, 0x00, 0x00, 0x00, 0x00, 0x00, 0x00, 0x00,
  0x00, 0x00, 0x00, 0x00, 0x00, 0x00, 0x00, 0x00, 0x00, 0x00, 0x00, 0x00,
  0x00, 0x00, 0x00, 0x00, 0x00, 0x00, 0x00, 0x00, 0x00, 0x00, 0x00, 0x00,
  0x00, 0x00, 0x00, 0x00, 0x00, 0x00, 0x00, 0x00, 0x00, 0x00, 0x00, 0x00,
  0x00, 0x00, 0x00, 0x00, 0x00, 0x00, 0x00, 0x00, 0x00, 0x00, 0x00, 0x00,
  0x00, 0x00, 0x00, 0x00, 0x00, 0x00, 0x00, 0x00, 0x00, 0x00, 0x00, 0x00,
  0x00, 0x00, 0x00, 0x00, 0x00, 0x00, 0x00, 0x00, 0x00, 0x00, 0x00, 0x00,
  0x00, 0x00, 0x00, 0x00, 0x00, 0x00, 0x00, 0x00, 0x00, 0x00, 0x00, 0x00,
  0x00, 0x00, 0x00, 0x00, 0x00, 0x00, 0x00, 0x00, 0x00, 0x00, 0x00, 0x00,
  0x00, 0x00, 0x00, 0x00, 0x00, 0x00, 0x00, 0x00, 0x00, 0x00, 0x00, 0x00,
  0x00, 0x00, 0x00, 0x00, 0x00, 0x00, 0x00, 0x00, 0x00, 0x00, 0x00, 0x00,
  0x00, 0x00, 0x00, 0x00, 0x00, 0x00, 0x00, 0x00, 0x00, 0x00, 0x00, 0x00,
  0x00, 0x00, 0x00, 0x00, 0x00, 0x00, 0x00, 0x00, 0x00, 0x00, 0x00, 0x00,
  0x00, 0x00, 0x00, 0x00, 0x00, 0x00, 0x00, 0x00, 0x00, 0x00, 0x00, 0x00,
  0x00, 0x00, 0x00, 0x00, 0x00, 0x00, 0x00, 0x00, 0x00, 0x00, 0x00, 0x00,
  0x00, 0x00, 0x00, 0x00, 0x00, 0x00, 0x00, 0x00, 0x00, 0x00, 0x00, 0x00,
  0x00, 0x00, 0x00, 0x00, 0x00, 0x00, 0x00, 0x00, 0x00, 0x00, 0x00, 0x00,
  0x00, 0x00, 0x00, 0x00, 0x00, 0x00, 0x00, 0x00, 0x00, 0x00, 0x00, 0x00,
  0x00, 0x00, 0x00, 0x00, 0x00, 0x00, 0x00, 0x00, 0x00, 0x00, 0x00, 0x00,
  0x00, 0x00, 0x00, 0x00, 0x00, 0x00, 0x00, 0x00, 0x00, 0x00, 0x00, 0x00,
  0x00, 0x00, 0x00, 0x00, 0x00, 0x00, 0x00, 0x00, 0x00, 0x00, 0x00, 0x00,
  0x00, 0x00, 0x00, 0x00, 0x00, 0x00, 0x00, 0x00, 0x00, 0x00, 0x00, 0x00,
  0x00, 0x00, 0x00, 0x00, 0x00, 0x00, 0x00, 0x00, 0x00, 0x00, 0x00, 0x00,
  0x00, 0x00, 0x00, 0x00, 0x00, 0x00, 0x00, 0x00, 0x00, 0x00, 0x00, 0x00,
  0x00, 0x00, 0x00, 0x00, 0x00, 0x00, 0x00, 0x00, 0x00, 0x00, 0x00, 0x00,
  0x00, 0x00, 0x00, 0x00, 0x00, 0x00, 0x00, 0x00, 0x00, 0x00, 0x00, 0x00,
  0x00, 0x00, 0x00, 0x00, 0x00, 0x00, 0x00, 0x00, 0x00, 0x00, 0x00, 0x00,
  0x00, 0x00, 0x00, 0x00, 0x00, 0x00, 0x00, 0x00, 0x00, 0x00, 0x00, 0x00,
  0x00, 0x00, 0x00, 0x00, 0x00, 0x00, 0x00, 0x00, 0x00, 0x00, 0x00, 0x00,
  0x00, 0x00, 0x00, 0x00, 0x00, 0x00, 0x00, 0x00, 0x00, 0x00, 0x00, 0x00,
  0x00, 0x00, 0x00, 0x00, 0x00, 0x00, 0x00, 0x00, 0x00, 0x00, 0x00, 0x00,
  0x00, 0x00, 0x00, 0x00, 0x00, 0x00, 0x00, 0x00, 0x00, 0x00, 0x00, 0x00,
  0x00, 0x00, 0x00, 0x00, 0x00, 0x00, 0x00, 0x00, 0x00, 0x00, 0x00, 0x00,
  0x00, 0x00, 0x00, 0x00, 0x00, 0x00, 0x00, 0x00, 0x00, 0x00, 0x00, 0x00,
  0x00, 0x00, 0x00, 0x00, 0x00, 0x00, 0x00, 0x00, 0x00, 0x00, 0x00, 0x00,
  0x00, 0x00, 0x00, 0x00, 0x00, 0x00, 0x00, 0x00, 0x00, 0x00, 0x00, 0x00,
  0x00, 0x00, 0x00, 0x00, 0x00, 0x00, 0x00, 0x00, 0x00, 0x00, 0x00, 0x00,
  0x00, 0x00, 0x00, 0x00, 0x00, 0x00, 0x00, 0x00, 0x00, 0x00, 0x00, 0x00,
  0x00, 0x00, 0x00, 0x00, 0x00, 0x00, 0x00, 0x00, 0x00, 0x00, 0x00, 0x00,
  0x00, 0x00, 0x00, 0x00, 0x00, 0x00, 0x00, 0x00, 0x00, 0x0e, 0x49, 0x3b,
  0xff, 0x0e, 0xc9, 0x3b, 0x00, 0xcb, 0x16, 0x3c, 0x7c, 0x0e, 0x49, 0x3c,
  0x04, 0x51, 0x7b, 0x3c, 0x80, 0xc9, 0x96, 0x3c, 0x3e, 0xea, 0xaf, 0x3c,
  0x80, 0x0a, 0xc9, 0x3c, 0x42, 0x2a, 0xe2, 0x3c, 0x82, 0x49, 0xfb, 0x3c,
  0x21, 0x34, 0x0a, 0x3d, 0x20, 0xc3, 0x16, 0x3d, 0xbf, 0x51, 0x23, 0x3d,
  0xff, 0xdf, 0x2f, 0x3d, 0xbf, 0x6d, 0x3c, 0x3d, 0x21, 0xfb, 0x48, 0x3d,
  0xff, 0x87, 0x55, 0x3d, 0x5f, 0x14, 0x62, 0x3d, 0x21, 0xa0, 0x6e, 0x3d,
  0x5f, 0x2b, 0x7b, 0x3d, 0x00, 0xdb, 0x83, 0x3d, 0x00, 0x20, 0x8a, 0x3d,
  0xb1, 0x64, 0x90, 0x3d, 0x00, 0xa9, 0x96, 0x3d, 0xf0, 0xec, 0x9c, 0x3d,
  0x80, 0x30, 0xa3, 0x3d, 0xb0, 0x73, 0xa9, 0x3d, 0x80, 0xb6, 0xaf, 0x3d,
  0xd0, 0xf8, 0xb5, 0x3d, 0xc0, 0x3a, 0xbc, 0x3d, 0x30, 0x7c, 0xc2, 0x3d,
  0x30, 0xbd, 0xc8, 0x3d, 0xaf, 0xfd, 0xce, 0x3d, 0xb5, 0x3d, 0xd5, 0x3d,
  0x34, 0x7d, 0xdb, 0x3d, 0x20, 0xbc, 0xe1, 0x3d, 0x93, 0xfa, 0xe7, 0x3d,
  0x72, 0x38, 0xee, 0x3d, 0xb1, 0x75, 0xf4, 0x3d, 0x76, 0xb2, 0xfa, 0x3d,
  0x40, 0x77, 0x00, 0x3e, 0x02, 0x95, 0x03, 0x3e, 0x65, 0xb2, 0x06, 0x3e,
  0x7f, 0xcf, 0x09, 0x3e, 0x49, 0xec, 0x0c, 0x3e, 0xad, 0x08, 0x10, 0x3e,
  0xc8, 0x24, 0x13, 0x3e, 0x7e, 0x40, 0x16, 0x3e, 0xd7, 0x5b, 0x19, 0x3e,
  0xd8, 0x76, 0x1c, 0x3e, 0x7b, 0x91, 0x1f, 0x3e, 0xb3, 0xab, 0x22, 0x3e,
  0x86, 0xc5, 0x25, 0x3e, 0xfb, 0xde, 0x28, 0x3e, 0xfe, 0xf7, 0x2b, 0x3e,
  0xa3, 0x10, 0x2f, 0x3e, 0xcf, 0x28, 0x32, 0x3e, 0x97, 0x40, 0x35, 0x3e,
  0xe6, 0x57, 0x38, 0x3e, 0xc9, 0x6e, 0x3b, 0x3e, 0x3a, 0x85, 0x3e, 0x3e,
  0x33, 0x9b, 0x41, 0x3e, 0xb9, 0xb0, 0x44, 0x3e, 0xc0, 0xc5, 0x47, 0x3e,
  0x48, 0xda, 0x4a, 0x3e, 0x57, 0xee, 0x4d, 0x3e, 0xf3, 0x01, 0x51, 0x3e,
  0x03, 0x15, 0x54, 0x3e, 0x86, 0x27, 0x57, 0x3e, 0x8f, 0x39, 0x5a, 0x3e,
  0x1a, 0x4b, 0x5d, 0x3e, 0x11, 0x5c, 0x60, 0x3e, 0x81, 0x6c, 0x63, 0x3e,
  0x5e, 0x7c, 0x66, 0x3e, 0xb5, 0x8b, 0x69, 0x3e, 0x78, 0x9a, 0x6c, 0x3e,
  0xae, 0xa8, 0x6f, 0x3e, 0x51, 0xb6, 0x72, 0x3e, 0x59, 0xc3, 0x75, 0x3e,
  0xc6, 0xcf, 0x78, 0x3e, 0xa1, 0xdb, 0x7b, 0x3e, 0xe0, 0xe6, 0x7e, 0x3e,
  0xc0, 0xf8, 0x80, 0x3e, 0xbe, 0x7d, 0x82, 0x3e, 0x70, 0x02, 0x84, 0x3e,
  0xcb, 0x86, 0x85, 0x3e, 0xd8, 0x0a, 0x87, 0x3e, 0x91, 0x8e, 0x88, 0x3e,
  0xf3, 0x11, 0x8a, 0x3e, 0x05, 0x95, 0x8b, 0x3e, 0xbc, 0x17, 0x8d, 0x3e,
  0x1f, 0x9a, 0x8e, 0x3e, 0x2b, 0x1c, 0x90, 0x3e, 0xdc, 0x9d, 0x91, 0x3e,
  0x33, 0x1f, 0x93, 0x3e, 0x2f, 0xa0, 0x94, 0x3e, 0xd0, 0x20, 0x96, 0x3e,
  0x14, 0xa1, 0x97, 0x3e, 0xfd, 0x20, 0x99, 0x3e, 0x84, 0xa0, 0x9a, 0x3e,
  0xab, 0x1f, 0x9c, 0x3e, 0x73, 0x9e, 0x9d, 0x3e, 0xde, 0x1c, 0x9f, 0x3e,
  0xe3, 0x9a, 0xa0, 0x3e, 0x84, 0x18, 0xa2, 0x3e, 0xc4, 0x95, 0xa3, 0x3e,
  0x9c, 0x12, 0xa5, 0x3e, 0x0f, 0x8f, 0xa6, 0x3e, 0x1d, 0x0b, 0xa8, 0x3e,
  0xc4, 0x86, 0xa9, 0x3e, 0xff, 0x01, 0xab, 0x3e, 0xcf, 0x7c, 0xac, 0x3e,
  0x3d, 0xf7, 0xad, 0x3e, 0x39, 0x71, 0xaf, 0x3e, 0xc7, 0xea, 0xb0, 0x3e,
  0xec, 0x63, 0xb2, 0x3e, 0xa3, 0xdc, 0xb3, 0x3e, 0xe8, 0x54, 0xb5, 0x3e,
  0xc1, 0xcc, 0xb6, 0x3e, 0x28, 0x44, 0xb8, 0x3e, 0x1d, 0xbb, 0xb9, 0x3e,
  0xa1, 0x31, 0xbb, 0x3e, 0xab, 0xa7, 0xbc, 0x3e, 0x46, 0x1d, 0xbe, 0x3e,
  0x6c, 0x92, 0xbf, 0x3e, 0x1d, 0x07, 0xc1, 0x3e, 0x55, 0x7b, 0xc2, 0x3e,
  0x14, 0xef, 0xc3, 0x3e, 0x5a, 0x62, 0xc5, 0x3e, 0x28, 0xd5, 0xc6, 0x3e,
  0x7d, 0x47, 0xc8, 0x3e, 0x4e, 0xb9, 0xc9, 0x3e, 0xab, 0x2a, 0xcb, 0x3e,
  0x88, 0x9b, 0xcc, 0x3e, 0xe8, 0x0b, 0xce, 0x3e, 0xca, 0x7b, 0xcf, 0x3e,
  0x28, 0xeb, 0xd0, 0x3e, 0x07, 0x5a, 0xd2, 0x3e, 0x63, 0xc8, 0xd3, 0x3e,
  0x3f, 0x36, 0xd5, 0x3e, 0x99, 0xa3, 0xd6, 0x3e, 0x69, 0x10, 0xd8, 0x3e,
  0xba, 0x7c, 0xd9, 0x3e, 0x81, 0xe8, 0xda, 0x3e, 0xc1, 0x53, 0xdc, 0x3e,
  0x78, 0xbe, 0xdd, 0x3e, 0xa9, 0x28, 0xdf, 0x3e, 0x4d, 0x92, 0xe0, 0x3e,
  0x68, 0xfb, 0xe1, 0x3e, 0xf9, 0x63, 0xe3, 0x3e, 0xfd, 0xcb, 0xe4, 0x3e,
  0x74, 0x33, 0xe6, 0x3e, 0x5b, 0x9a, 0xe7, 0x3e, 0xb4, 0x00, 0xe9, 0x3e,
  0x81, 0x66, 0xea, 0x3e, 0xb7, 0xcb, 0xeb, 0x3e, 0x60, 0x30, 0xed, 0x3e,
  0x79, 0x94, 0xee, 0x3e, 0xf7, 0xf7, 0xef, 0x3e, 0xe9, 0x5a, 0xf1, 0x3e,
  0x40, 0xbd, 0xf2, 0x3e, 0x03, 0x1f, 0xf4, 0x3e, 0x33, 0x80, 0xf5, 0x3e,
  0xc8, 0xe0, 0xf6, 0x3e, 0xc7, 0x40, 0xf8, 0x3e, 0x2b, 0xa0, 0xf9, 0x3e,
  0xf4, 0xfe, 0xfa, 0x3e, 0x24, 0x5d, 0xfc, 0x3e, 0xb9, 0xba, 0xfd, 0x3e,
  0xb0, 0x17, 0xff, 0x3e, 0x07, 0x3a, 0x00, 0x3f, 0xe5, 0xe7, 0x00, 0x3f,
  0x72, 0x95, 0x01, 0x3f, 0xb0, 0x42, 0x02, 0x3f, 0x9f, 0xef, 0x02, 0x3f,
  0x3c, 0x9c, 0x03, 0x3f, 0x87, 0x48, 0x04, 0x3f, 0x82, 0xf4, 0x04, 0x3f,
  0x2c, 0xa0, 0x05, 0x3f, 0x83, 0x4b, 0x06, 0x3f, 0x83, 0xf6, 0x06, 0x3f,
  0x34, 0xa1, 0x07, 0x3f, 0x92, 0x4b, 0x08, 0x3f, 0x9a, 0xf5, 0x08, 0x3f,
  0x4d, 0x9f, 0x09, 0x3f, 0xac, 0x48, 0x0a, 0x3f, 0xb6, 0xf1, 0x0a, 0x3f,
  0x6a, 0x9a, 0x0b, 0x3f, 0xc8, 0x42, 0x0c, 0x3f, 0xd1, 0xea, 0x0c, 0x3f,
  0x81, 0x92, 0x0d, 0x3f, 0xd8, 0x39, 0x0e, 0x3f, 0xdb, 0xe0, 0x0e, 0x3f,
  0x85, 0x87, 0x0f, 0x3f, 0xd4, 0x2d, 0x10, 0x3f, 0xcd, 0xd3, 0x10, 0x3f,
  0x6a, 0x79, 0x11, 0x3f, 0xad, 0x1e, 0x12, 0x3f, 0x99, 0xc3, 0x12, 0x3f,
  0x2b, 0x68, 0x13, 0x3f, 0x5e, 0x0c, 0x14, 0x3f, 0x38, 0xb0, 0x14, 0x3f,
  0xb6, 0x53, 0x15, 0x3f, 0xd8, 0xf6, 0x15, 0x3f, 0x9e, 0x99, 0x16, 0x3f,
  0x05, 0x3c, 0x17, 0x3f, 0x12, 0xde, 0x17, 0x3f, 0xbe, 0x7f, 0x18, 0x3f,
  0x0e, 0x21, 0x19, 0x3f, 0x01, 0xc2, 0x19, 0x3f, 0x93, 0x62, 0x1a, 0x3f,
  0xc5, 0x02, 0x1b, 0x3f, 0x97, 0xa2, 0x1b, 0x3f, 0x0c, 0x42, 0x1c, 0x3f,
  0x1e, 0xe1, 0x1c, 0x3f, 0xd0, 0x7f, 0x1d, 0x3f, 0x22, 0x1e, 0x1e, 0x3f,
  0x10, 0xbc, 0x1e, 0x3f, 0x9e, 0x59, 0x1f, 0x3f, 0xcb, 0xf6, 0x1f, 0x3f,
  0x91, 0x93, 0x20, 0x3f, 0xf8, 0x2f, 0x21, 0x3f, 0xfa, 0xcb, 0x21, 0x3f,
  0x98, 0x67, 0x22, 0x3f, 0xd2, 0x02, 0x23, 0x3f, 0xa8, 0x9d, 0x23, 0x3f,
  0x18, 0x38, 0x24, 0x3f, 0x24, 0xd2, 0x24, 0x3f, 0xca, 0x6b, 0x25, 0x3f,
  0x0a, 0x05, 0x26, 0x3f, 0xe2, 0x9d, 0x26, 0x3f, 0x53, 0x36, 0x27, 0x3f,
  0x60, 0xce, 0x27, 0x3f, 0x03, 0x66, 0x28, 0x3f, 0x40, 0xfd, 0x28, 0x3f,
  0x13, 0x94, 0x29, 0x3f, 0x7e, 0x2a, 0x2a, 0x3f, 0x80, 0xc0, 0x2a, 0x3f,
  0x1b, 0x56, 0x2b, 0x3f, 0x49, 0xeb, 0x2b, 0x3f, 0x0f, 0x80, 0x2c, 0x3f,
  0x68, 0x14, 0x2d, 0x3f, 0x58, 0xa8, 0x2d, 0x3f, 0xdc, 0x3b, 0x2e, 0x3f,
  0xf6, 0xce, 0x2e, 0x3f, 0xa4, 0x61, 0x2f, 0x3f, 0xe4, 0xf3, 0x2f, 0x3f,
  0xba, 0x85, 0x30, 0x3f, 0x22, 0x17, 0x31, 0x3f, 0x1c, 0xa8, 0x31, 0x3f,
  0xaa, 0x38, 0x32, 0x3f, 0xc8, 0xc8, 0x32, 0x3f, 0x78, 0x58, 0x33, 0x3f,
  0xbb, 0xe7, 0x33, 0x3f, 0x8e, 0x76, 0x34, 0x3f, 0xf2, 0x04, 0x35, 0x3f,
  0xe5, 0x92, 0x35, 0x3f, 0x6a, 0x20, 0x36, 0x3f, 0x7e, 0xad, 0x36, 0x3f,
  0x22, 0x3a, 0x37, 0x3f, 0x54, 0xc6, 0x37, 0x3f, 0x14, 0x52, 0x38, 0x3f,
  0x65, 0xdd, 0x38, 0x3f, 0x40, 0x68, 0x39, 0x3f, 0xac, 0xf2, 0x39, 0x3f,
  0xa5, 0x7c, 0x3a, 0x3f, 0x28, 0x06, 0x3b, 0x3f, 0x3a, 0x8f, 0x3b, 0x3f,
  0xd8, 0x17, 0x3c, 0x3f, 0x02, 0xa0, 0x3c, 0x3f, 0xb8, 0x27, 0x3d, 0x3f,
  0xf9, 0xae, 0x3d, 0x3f, 0xc4, 0x35, 0x3e, 0x3f, 0x1a, 0xbc, 0x3e, 0x3f,
  0xfc, 0x41, 0x3f, 0x3f, 0x66, 0xc7, 0x3f, 0x3f, 0x59, 0x4c, 0x40, 0x3f,
  0xd8, 0xd0, 0x40, 0x3f, 0xdf, 0x54, 0x41, 0x3f, 0x70, 0xd8, 0x41, 0x3f,
  0x89, 0x5b, 0x42, 0x3f, 0x27, 0xde, 0x42, 0x3f, 0x51, 0x60, 0x43, 0x3f,
  0xff, 0xe1, 0x43, 0x3f, 0x35, 0x63, 0x44, 0x3f, 0xf4, 0xe3, 0x44, 0x3f,
  0x39, 0x64, 0x45, 0x3f, 0x02, 0xe4, 0x45, 0x3f, 0x52, 0x63, 0x46, 0x3f,
  0x28, 0xe2, 0x46, 0x3f, 0x85, 0x60, 0x47, 0x3f, 0x65, 0xde, 0x47, 0x3f,
  0xca, 0x5b, 0x48, 0x3f, 0xb2, 0xd8, 0x48, 0x3f, 0x21, 0x55, 0x49, 0x3f,
  0x12, 0xd1, 0x49, 0x3f, 0x87, 0x4c, 0x4a, 0x3f, 0x7e, 0xc7, 0x4a, 0x3f,
  0xfa, 0x41, 0x4b, 0x3f, 0xf6, 0xbb, 0x4b, 0x3f, 0x75, 0x35, 0x4c, 0x3f,
  0x78, 0xae, 0x4c, 0x3f, 0xfc, 0x26, 0x4d, 0x3f, 0x02, 0x9f, 0x4d, 0x3f,
  0x88, 0x16, 0x4e, 0x3f, 0x8f, 0x8d, 0x4e, 0x3f, 0x16, 0x04, 0x4f, 0x3f,
  0x1e, 0x7a, 0x4f, 0x3f, 0xa6, 0xef, 0x4f, 0x3f, 0xaf, 0x64, 0x50, 0x3f,
  0x36, 0xd9, 0x50, 0x3f, 0x3d, 0x4d, 0x51, 0x3f, 0xc2, 0xc0, 0x51, 0x3f,
  0xc6, 0x33, 0x52, 0x3f, 0x49, 0xa6, 0x52, 0x3f, 0x49, 0x18, 0x53, 0x3f,
  0xc6, 0x89, 0x53, 0x3f, 0xc2, 0xfa, 0x53, 0x3f, 0x39, 0x6b, 0x54, 0x3f,
  0x2f, 0xdb, 0x54, 0x3f, 0xa3, 0x4a, 0x55, 0x3f, 0x92, 0xb9, 0x55, 0x3f,
  0xfc, 0x27, 0x56, 0x3f, 0xe3, 0x95, 0x56, 0x3f, 0x46, 0x03, 0x57, 0x3f,
  0x24, 0x70, 0x57, 0x3f, 0x7e, 0xdc, 0x57, 0x3f, 0x52, 0x48, 0x58, 0x3f,
  0xa1, 0xb3, 0x58, 0x3f, 0x69, 0x1e, 0x59, 0x3f, 0xac, 0x88, 0x59, 0x3f,
  0x68, 0xf2, 0x59, 0x3f, 0xa0, 0x5b, 0x5a, 0x3f, 0x4e, 0xc4, 0x5a, 0x3f,
  0x78, 0x2c, 0x5b, 0x3f, 0x1a, 0x94, 0x5b, 0x3f, 0x34, 0xfb, 0x5b, 0x3f,
  0xc6, 0x61, 0x5c, 0x3f, 0xd0, 0xc7, 0x5c, 0x3f, 0x52, 0x2d, 0x5d, 0x3f,
  0x4d, 0x92, 0x5d, 0x3f, 0xbd, 0xf6, 0x5d, 0x3f, 0xa6, 0x5a, 0x5e, 0x3f,
  0x04, 0xbe, 0x5e, 0x3f, 0xda, 0x20, 0x5f, 0x3f, 0x26, 0x83, 0x5f, 0x3f,
  0xe8, 0xe4, 0x5f, 0x3f, 0x20, 0x46, 0x60, 0x3f, 0xcd, 0xa6, 0x60, 0x3f,
  0xf0, 0x06, 0x61, 0x3f, 0x8a, 0x66, 0x61, 0x3f, 0x96, 0xc5, 0x61, 0x3f,
  0x17, 0x24, 0x62, 0x3f, 0x10, 0x82, 0x62, 0x3f, 0x7a, 0xdf, 0x62, 0x3f,
  0x58, 0x3c, 0x63, 0x3f, 0xab, 0x98, 0x63, 0x3f, 0x72, 0xf4, 0x63, 0x3f,
  0xac, 0x4f, 0x64, 0x3f, 0x57, 0xaa, 0x64, 0x3f, 0x77, 0x04, 0x65, 0x3f,
  0x0a, 0x5e, 0x65, 0x3f, 0x11, 0xb7, 0x65, 0x3f, 0x87, 0x0f, 0x66, 0x3f,
  0x6f, 0x67, 0x66, 0x3f, 0xcc, 0xbe, 0x66, 0x3f, 0x97, 0x15, 0x67, 0x3f,
  0xd6, 0x6b, 0x67, 0x3f, 0x86, 0xc1, 0x67, 0x3f, 0xa6, 0x16, 0x68, 0x3f,
  0x38, 0x6b, 0x68, 0x3f, 0x3a, 0xbf, 0x68, 0x3f, 0xae, 0x12, 0x69, 0x3f,
  0x90, 0x65, 0x69, 0x3f, 0xe2, 0xb7, 0x69, 0x3f, 0xa6, 0x09, 0x6a, 0x3f,
  0xd9, 0x5a, 0x6a, 0x3f, 0x7a, 0xab, 0x6a, 0x3f, 0x8a, 0xfb, 0x6a, 0x3f,
  0x0b, 0x4b, 0x6b, 0x3f, 0xf9, 0x99, 0x6b, 0x3f, 0x57, 0xe8, 0x6b, 0x3f,
  0x24, 0x36, 0x6c, 0x3f, 0x5e, 0x83, 0x6c, 0x3f, 0x06, 0xd0, 0x6c, 0x3f,
  0x1d, 0x1c, 0x6d, 0x3f, 0x9f, 0x67, 0x6d, 0x3f, 0x92, 0xb2, 0x6d, 0x3f,
  0xf2, 0xfc, 0x6d, 0x3f, 0xbd, 0x46, 0x6e, 0x3f, 0xf7, 0x8f, 0x6e, 0x3f,
  0x9c, 0xd8, 0x6e, 0x3f, 0xb0, 0x20, 0x6f, 0x3f, 0x2e, 0x68, 0x6f, 0x3f,
  0x1a, 0xaf, 0x6f, 0x3f, 0x71, 0xf5, 0x6f, 0x3f, 0x36, 0x3b, 0x70, 0x3f,
  0x66, 0x80, 0x70, 0x3f, 0x00, 0xc5, 0x70, 0x3f, 0x09, 0x09, 0x71, 0x3f,
  0x7a, 0x4c, 0x71, 0x3f, 0x56, 0x8f, 0x71, 0x3f, 0x9f, 0xd1, 0x71, 0x3f,
  0x52, 0x13, 0x72, 0x3f, 0x6e, 0x54, 0x72, 0x3f, 0xf8, 0x94, 0x72, 0x3f,
  0xea, 0xd4, 0x72, 0x3f, 0x46, 0x14, 0x73, 0x3f, 0x0f, 0x53, 0x73, 0x3f,
  0x3f, 0x91, 0x73, 0x3f, 0xd7, 0xce, 0x73, 0x3f, 0xdd, 0x0b, 0x74, 0x3f,
  0x49, 0x48, 0x74, 0x3f, 0x21, 0x84, 0x74, 0x3f, 0x61, 0xbf, 0x74, 0x3f,
  0x0a, 0xfa, 0x74, 0x3f, 0x1c, 0x34, 0x75, 0x3f, 0x96, 0x6d, 0x75, 0x3f,
  0x7a, 0xa6, 0x75, 0x3f, 0xc6, 0xde, 0x75, 0x3f, 0x7b, 0x16, 0x76, 0x3f,
  0x97, 0x4d, 0x76, 0x3f, 0x1a, 0x84, 0x76, 0x3f, 0x06, 0xba, 0x76, 0x3f,
  0x5a, 0xef, 0x76, 0x3f, 0x16, 0x24, 0x77, 0x3f, 0x3a, 0x58, 0x77, 0x3f,
  0xc4, 0x8b, 0x77, 0x3f, 0xb7, 0xbe, 0x77, 0x3f, 0x10, 0xf1, 0x77, 0x3f,
  0xd0, 0x22, 0x78, 0x3f, 0xf5, 0x53, 0x78, 0x3f, 0x84, 0x84, 0x78, 0x3f,
  0x7b, 0xb4, 0x78, 0x3f, 0xd4, 0xe3, 0x78, 0x3f, 0x95, 0x12, 0x79, 0x3f,
  0xbd, 0x40, 0x79, 0x3f, 0x4f, 0x6e, 0x79, 0x3f, 0x42, 0x9b, 0x79, 0x3f,
  0x9b, 0xc7, 0x79, 0x3f, 0x5c, 0xf3, 0x79, 0x3f, 0x83, 0x1e, 0x7a, 0x3f,
  0x0f, 0x49, 0x7a, 0x3f, 0x01, 0x73, 0x7a, 0x3f, 0x58, 0x9c, 0x7a, 0x3f,
  0x14, 0xc5, 0x7a, 0x3f, 0x37, 0xed, 0x7a, 0x3f, 0xbf, 0x14, 0x7b, 0x3f,
  0xab, 0x3b, 0x7b, 0x3f, 0xfb, 0x61, 0x7b, 0x3f, 0xb2, 0x87, 0x7b, 0x3f,
  0xcc, 0xac, 0x7b, 0x3f, 0x4d, 0xd1, 0x7b, 0x3f, 0x30, 0xf5, 0x7b, 0x3f,
  0x7a, 0x18, 0x7c, 0x3f, 0x25, 0x3b, 0x7c, 0x3f, 0x38, 0x5d, 0x7c, 0x3f,
  0xae, 0x7e, 0x7c, 0x3f, 0x8a, 0x9f, 0x7c, 0x3f, 0xc7, 0xbf, 0x7c, 0x3f,
  0x6a, 0xdf, 0x7c, 0x3f, 0x72, 0xfe, 0x7c, 0x3f, 0xdc, 0x1c, 0x7d, 0x3f,
  0xaa, 0x3a, 0x7d, 0x3f, 0xde, 0x57, 0x7d, 0x3f, 0x74, 0x74, 0x7d, 0x3f,
  0x6e, 0x90, 0x7d, 0x3f, 0xc9, 0xab, 0x7d, 0x3f, 0x8b, 0xc6, 0x7d, 0x3f,
  0xb0, 0xe0, 0x7d, 0x3f, 0x38, 0xfa, 0x7d, 0x3f, 0x21, 0x13, 0x7e, 0x3f,
  0x70, 0x2b, 0x7e, 0x3f, 0x23, 0x43, 0x7e, 0x3f, 0x38, 0x5a, 0x7e, 0x3f,
  0xaf, 0x70, 0x7e, 0x3f, 0x8a, 0x86, 0x7e, 0x3f, 0xc7, 0x9b, 0x7e, 0x3f,
  0x67, 0xb0, 0x7e, 0x3f, 0x6d, 0xc4, 0x7e, 0x3f, 0xd3, 0xd7, 0x7e, 0x3f,
  0x9d, 0xea, 0x7e, 0x3f, 0xc7, 0xfc, 0x7e, 0x3f, 0x56, 0x0e, 0x7f, 0x3f,
  0x49, 0x1f, 0x7f, 0x3f, 0x9c, 0x2f, 0x7f, 0x3f, 0x55, 0x3f, 0x7f, 0x3f,
  0x6c, 0x4e, 0x7f, 0x3f, 0xe8, 0x5c, 0x7f, 0x3f, 0xc6, 0x6a, 0x7f, 0x3f,
  0x08, 0x78, 0x7f, 0x3f, 0xa9, 0x84, 0x7f, 0x3f, 0xb0, 0x90, 0x7f, 0x3f,
  0x19, 0x9c, 0x7f, 0x3f, 0xe2, 0xa6, 0x7f, 0x3f, 0x0e, 0xb1, 0x7f, 0x3f,
  0x9c, 0xba, 0x7f, 0x3f, 0x8e, 0xc3, 0x7f, 0x3f, 0xe3, 0xcb, 0x7f, 0x3f,
  0x96, 0xd3, 0x7f, 0x3f, 0xad, 0xda, 0x7f, 0x3f, 0x29, 0xe1, 0x7f, 0x3f,
  0x05, 0xe7, 0x7f, 0x3f, 0x43, 0xec, 0x7f, 0x3f, 0xe1, 0xf0, 0x7f, 0x3f,
  0xe4, 0xf4, 0x7f, 0x3f, 0x49, 0xf8, 0x7f, 0x3f, 0x11, 0xfb, 0x7f, 0x3f,
  0x39, 0xfd, 0x7f, 0x3f, 0xc5, 0xfe, 0x7f, 0x3f, 0xaf, 0xff, 0x7f, 0x3f,
  0xfe, 0xff, 0x7f, 0x3f, 0xaf, 0xff, 0x7f, 0x3f, 0xc5, 0xfe, 0x7f, 0x3f,
  0x39, 0xfd, 0x7f, 0x3f, 0x11, 0xfb, 0x7f, 0x3f, 0x49, 0xf8, 0x7f, 0x3f,
  0xe4, 0xf4, 0x7f, 0x3f, 0xe1, 0xf0, 0x7f, 0x3f, 0x43, 0xec, 0x7f, 0x3f,
  0x05, 0xe7, 0x7f, 0x3f, 0x29, 0xe1, 0x7f, 0x3f, 0xad, 0xda, 0x7f, 0x3f,
  0x96, 0xd3, 0x7f, 0x3f, 0xe3, 0xcb, 0x7f, 0x3f, 0x8e, 0xc3, 0x7f, 0x3f,
  0x9c, 0xba, 0x7f, 0x3f, 0x0e, 0xb1, 0x7f, 0x3f, 0xe2, 0xa6, 0x7f, 0x3f,
  0x19, 0x9c, 0x7f, 0x3f, 0xb0, 0x90, 0x7f, 0x3f, 0xa9, 0x84, 0x7f, 0x3f,
  0x08, 0x78, 0x7f, 0x3f, 0xc6, 0x6a, 0x7f, 0x3f, 0xe8, 0x5c, 0x7f, 0x3f,
  0x6c, 0x4e, 0x7f, 0x3f, 0x55, 0x3f, 0x7f, 0x3f, 0x9c, 0x2f, 0x7f, 0x3f,
  0x49, 0x1f, 0x7f, 0x3f, 0x56, 0x0e, 0x7f, 0x3f, 0xc7, 0xfc, 0x7e, 0x3f,
  0x9d, 0xea, 0x7e, 0x3f, 0xd3, 0xd7, 0x7e, 0x3f, 0x6d, 0xc4, 0x7e, 0x3f,
  0x67, 0xb0, 0x7e, 0x3f, 0xc7, 0x9b, 0x7e, 0x3f, 0x8a, 0x86, 0x7e, 0x3f,
  0xaf, 0x70, 0x7e, 0x3f, 0x38, 0x5a, 0x7e, 0x3f, 0x23, 0x43, 0x7e, 0x3f,
  0x70, 0x2b, 0x7e, 0x3f, 0x21, 0x13, 0x7e, 0x3f, 0x38, 0xfa, 0x7d, 0x3f,
  0xb0, 0xe0, 0x7d, 0x3f, 0x8b, 0xc6, 0x7d, 0x3f, 0xc9, 0xab, 0x7d, 0x3f,
  0x6e, 0x90, 0x7d, 0x3f, 0x74, 0x74, 0x7d, 0x3f, 0xde, 0x57, 0x7d, 0x3f,
  0xaa, 0x3a, 0x7d, 0x3f, 0xdc, 0x1c, 0x7d, 0x3f, 0x72, 0xfe, 0x7c, 0x3f,
  0x6a, 0xdf, 0x7c, 0x3f, 0xc7, 0xbf, 0x7c, 0x3f, 0x8a, 0x9f, 0x7c, 0x3f,
  0xae, 0x7e, 0x7c, 0x3f, 0x38, 0x5d, 0x7c, 0x3f, 0x25, 0x3b, 0x7c, 0x3f,
  0x7a, 0x18, 0x7c, 0x3f, 0x30, 0xf5, 0x7b, 0x3f, 0x4d, 0xd1, 0x7b, 0x3f,
  0xcc, 0xac, 0x7b, 0x3f, 0xb2, 0x87, 0x7b, 0x3f, 0xfb, 0x61, 0x7b, 0x3f,
  0xab, 0x3b, 0x7b, 0x3f, 0xbf, 0x14, 0x7b, 0x3f, 0x37, 0xed, 0x7a, 0x3f,
  0x14, 0xc5, 0x7a, 0x3f, 0x58, 0x9c, 0x7a, 0x3f, 0x01, 0x73, 0x7a, 0x3f,
  0x0f, 0x49, 0x7a, 0x3f, 0x83, 0x1e, 0x7a, 0x3f, 0x5c, 0xf3, 0x79, 0x3f,
  0x9b, 0xc7, 0x79, 0x3f, 0x42, 0x9b, 0x79, 0x3f, 0x4f, 0x6e, 0x79, 0x3f,
  0xbd, 0x40, 0x79, 0x3f, 0x95, 0x12, 0x79, 0x3f, 0xd4, 0xe3, 0x78, 0x3f,
  0x7b, 0xb4, 0x78, 0x3f, 0x84, 0x84, 0x78, 0x3f, 0xf5, 0x53, 0x78, 0x3f,
  0xd0, 0x22, 0x78, 0x3f, 0x10, 0xf1, 0x77, 0x3f, 0xb7, 0xbe, 0x77, 0x3f,
  0xc4, 0x8b, 0x77, 0x3f, 0x3a, 0x58, 0x77, 0x3f, 0x16, 0x24, 0x77, 0x3f,
  0x5a, 0xef, 0x76, 0x3f, 0x06, 0xba, 0x76, 0x3f, 0x1a, 0x84, 0x76, 0x3f,
  0x97, 0x4d, 0x76, 0x3f, 0x7b, 0x16, 0x76, 0x3f, 0xc6, 0xde, 0x75, 0x3f,
  0x7a, 0xa6, 0x75, 0x3f, 0x96, 0x6d, 0x75, 0x3f, 0x1c, 0x34, 0x75, 0x3f,
  0x0a, 0xfa, 0x74, 0x3f, 0x61, 0xbf, 0x74, 0x3f, 0x21, 0x84, 0x74, 0x3f,
  0x49, 0x48, 0x74, 0x3f, 0xdd, 0x0b, 0x74, 0x3f, 0xd7, 0xce, 0x73, 0x3f,
  0x3f, 0x91, 0x73, 0x3f, 0x0f, 0x53, 0x73, 0x3f, 0x46, 0x14, 0x73, 0x3f,
  0xea, 0xd4, 0x72, 0x3f, 0xf8, 0x94, 0x72, 0x3f, 0x6e, 0x54, 0x72, 0x3f,
  0x52, 0x13, 0x72, 0x3f, 0x9f, 0xd1, 0x71, 0x3f, 0x56, 0x8f, 0x71, 0x3f,
  0x7a, 0x4c, 0x71, 0x3f, 0x09, 0x09, 0x71, 0x3f, 0x00, 0xc5, 0x70, 0x3f,
  0x66, 0x80, 0x70, 0x3f, 0x36, 0x3b, 0x70, 0x3f, 0x71, 0xf5, 0x6f, 0x3f,
  0x1a, 0xaf, 0x6f, 0x3f, 0x2e, 0x68, 0x6f, 0x3f, 0xb0, 0x20, 0x6f, 0x3f,
  0x9c, 0xd8, 0x6e, 0x3f, 0xf7, 0x8f, 0x6e, 0x3f, 0xbd, 0x46, 0x6e, 0x3f,
  0xf2, 0xfc, 0x6d, 0x3f, 0x92, 0xb2, 0x6d, 0x3f, 0x9f, 0x67, 0x6d, 0x3f,
  0x1d, 0x1c, 0x6d, 0x3f, 0x06, 0xd0, 0x6c, 0x3f, 0x5e, 0x83, 0x6c, 0x3f,
  0x24, 0x36, 0x6c, 0x3f, 0x57, 0xe8, 0x6b, 0x3f, 0xf9, 0x99, 0x6b, 0x3f,
  0x0b, 0x4b, 0x6b, 0x3f, 0x8a, 0xfb, 0x6a, 0x3f, 0x7a, 0xab, 0x6a, 0x3f,
  0xd9, 0x5a, 0x6a, 0x3f, 0xa6, 0x09, 0x6a, 0x3f, 0xe2, 0xb7, 0x69, 0x3f,
  0x90, 0x65, 0x69, 0x3f, 0xae, 0x12, 0x69, 0x3f, 0x3a, 0xbf, 0x68, 0x3f,
  0x38, 0x6b, 0x68, 0x3f, 0xa6, 0x16, 0x68, 0x3f, 0x86, 0xc1, 0x67, 0x3f,
  0xd6, 0x6b, 0x67, 0x3f, 0x97, 0x15, 0x67, 0x3f, 0xcc, 0xbe, 0x66, 0x3f,
  0x6f, 0x67, 0x66, 0x3f, 0x87, 0x0f, 0x66, 0x3f, 0x11, 0xb7, 0x65, 0x3f,
  0x0a, 0x5e, 0x65, 0x3f, 0x77, 0x04, 0x65, 0x3f, 0x57, 0xaa, 0x64, 0x3f,
  0xac, 0x4f, 0x64, 0x3f, 0x72, 0xf4, 0x63, 0x3f, 0xab, 0x98, 0x63, 0x3f,
  0x58, 0x3c, 0x63, 0x3f, 0x7a, 0xdf, 0x62, 0x3f, 0x10, 0x82, 0x62, 0x3f,
  0x17, 0x24, 0x62, 0x3f, 0x96, 0xc5, 0x61, 0x3f, 0x8a, 0x66, 0x61, 0x3f,
  0xf0, 0x06, 0x61, 0x3f, 0xcd, 0xa6, 0x60, 0x3f, 0x20, 0x46, 0x60, 0x3f,
  0xe8, 0xe4, 0x5f, 0x3f, 0x26, 0x83, 0x5f, 0x3f, 0xda, 0x20, 0x5f, 0x3f,
  0x04, 0xbe, 0x5e, 0x3f, 0xa6, 0x5a, 0x5e, 0x3f, 0xbd, 0xf6, 0x5d, 0x3f,
  0x4d, 0x92, 0x5d, 0x3f, 0x52, 0x2d, 0x5d, 0x3f, 0xd0, 0xc7, 0x5c, 0x3f,
  0xc6, 0x61, 0x5c, 0x3f, 0x34, 0xfb, 0x5b, 0x3f, 0x1a, 0x94, 0x5b, 0x3f,
  0x78, 0x2c, 0x5b, 0x3f, 0x4e, 0xc4, 0x5a, 0x3f, 0xa0, 0x5b, 0x5a, 0x3f,
  0x68, 0xf2, 0x59, 0x3f, 0xac, 0x88, 0x59, 0x3f, 0x69, 0x1e, 0x59, 0x3f,
  0xa1, 0xb3, 0x58, 0x3f, 0x52, 0x48, 0x58, 0x3f, 0x7e, 0xdc, 0x57, 0x3f,
  0x24, 0x70, 0x57, 0x3f, 0x46, 0x03, 0x57, 0x3f, 0xe3, 0x95, 0x56, 0x3f,
  0xfc, 0x27, 0x56, 0x3f, 0x92, 0xb9, 0x55, 0x3f, 0xa3, 0x4a, 0x55, 0x3f,
  0x2f, 0xdb, 0x54, 0x3f, 0x39, 0x6b, 0x54, 0x3f, 0xc2, 0xfa, 0x53, 0x3f,
  0xc6, 0x89, 0x53, 0x3f, 0x49, 0x18, 0x53, 0x3f, 0x49, 0xa6, 0x52, 0x3f,
  0xc6, 0x33, 0x52, 0x3f, 0xc2, 0xc0, 0x51, 0x3f, 0x3d, 0x4d, 0x51, 0x3f,
  0x36, 0xd9, 0x50, 0x3f, 0xaf, 0x64, 0x50, 0x3f, 0xa6, 0xef, 0x4f, 0x3f,
  0x1e, 0x7a, 0x4f, 0x3f, 0x16, 0x04, 0x4f, 0x3f, 0x8f, 0x8d, 0x4e, 0x3f,
  0x88, 0x16, 0x4e, 0x3f, 0x02, 0x9f, 0x4d, 0x3f, 0xfc, 0x26, 0x4d, 0x3f,
  0x78, 0xae, 0x4c, 0x3f, 0x75, 0x35, 0x4c, 0x3f, 0xf6, 0xbb, 0x4b, 0x3f,
  0xfa, 0x41, 0x4b, 0x3f, 0x7e, 0xc7, 0x4a, 0x3f, 0x87, 0x4c, 0x4a, 0x3f,
  0x12, 0xd1, 0x49, 0x3f, 0x21, 0x55, 0x49, 0x3f, 0xb2, 0xd8, 0x48, 0x3f,
  0xca, 0x5b, 0x48, 0x3f, 0x65, 0xde, 0x47, 0x3f, 0x85, 0x60, 0x47, 0x3f,
  0x28, 0xe2, 0x46, 0x3f, 0x52, 0x63, 0x46, 0x3f, 0x02, 0xe4, 0x45, 0x3f,
  0x39, 0x64, 0x45, 0x3f, 0xf4, 0xe3, 0x44, 0x3f, 0x35, 0x63, 0x44, 0x3f,
  0xff, 0xe1, 0x43, 0x3f, 0x51, 0x60, 0x43, 0x3f, 0x27, 0xde, 0x42, 0x3f,
  0x89, 0x5b, 0x42, 0x3f, 0x70, 0xd8, 0x41, 0x3f, 0xdf, 0x54, 0x41, 0x3f,
  0xd8, 0xd0, 0x40, 0x3f, 0x59, 0x4c, 0x40, 0x3f, 0x66, 0xc7, 0x3f, 0x3f,
  0xfc, 0x41, 0x3f, 0x3f, 0x1a, 0xbc, 0x3e, 0x3f, 0xc4, 0x35, 0x3e, 0x3f,
  0xf9, 0xae, 0x3d, 0x3f, 0xb8, 0x27, 0x3d, 0x3f, 0x02, 0xa0, 0x3c, 0x3f,
  0xd8, 0x17, 0x3c, 0x3f, 0x3a, 0x8f, 0x3b, 0x3f, 0x28, 0x06, 0x3b, 0x3f,
  0xa5, 0x7c, 0x3a, 0x3f, 0xac, 0xf2, 0x39, 0x3f, 0x40, 0x68, 0x39, 0x3f,
  0x65, 0xdd, 0x38, 0x3f, 0x14, 0x52, 0x38, 0x3f, 0x54, 0xc6, 0x37, 0x3f,
  0x22, 0x3a, 0x37, 0x3f, 0x7e, 0xad, 0x36, 0x3f, 0x6a, 0x20, 0x36, 0x3f,
  0xe5, 0x92, 0x35, 0x3f, 0xf2, 0x04, 0x35, 0x3f, 0x8e, 0x76, 0x34, 0x3f,
  0xbb, 0xe7, 0x33, 0x3f, 0x78, 0x58, 0x33, 0x3f, 0xc8, 0xc8, 0x32, 0x3f,
  0xaa, 0x38, 0x32, 0x3f, 0x1c, 0xa8, 0x31, 0x3f, 0x22, 0x17, 0x31, 0x3f,
  0xba, 0x85, 0x30, 0x3f, 0xe4, 0xf3, 0x2f, 0x3f, 0xa4, 0x61, 0x2f, 0x3f,
  0xf6, 0xce, 0x2e, 0x3f, 0xdc, 0x3b, 0x2e, 0x3f, 0x58, 0xa8, 0x2d, 0x3f,
  0x68, 0x14, 0x2d, 0x3f, 0x0f, 0x80, 0x2c, 0x3f, 0x49, 0xeb, 0x2b, 0x3f,
  0x1b, 0x56, 0x2b, 0x3f, 0x80, 0xc0, 0x2a, 0x3f, 0x7e, 0x2a, 0x2a, 0x3f,
  0x13, 0x94, 0x29, 0x3f, 0x40, 0xfd, 0x28, 0x3f, 0x03, 0x66, 0x28, 0x3f,
  0x60, 0xce, 0x27, 0x3f, 0x53, 0x36, 0x27, 0x3f, 0xe2, 0x9d, 0x26, 0x3f,
  0x0a, 0x05, 0x26, 0x3f, 0xca, 0x6b, 0x25, 0x3f, 0x24, 0xd2, 0x24, 0x3f,
  0x18, 0x38, 0x24, 0x3f, 0xa8, 0x9d, 0x23, 0x3f, 0xd2, 0x02, 0x23, 0x3f,
  0x98, 0x67, 0x22, 0x3f, 0xfa, 0xcb, 0x21, 0x3f, 0xf8, 0x2f, 0x21, 0x3f,
  0x91, 0x93, 0x20, 0x3f, 0xcb, 0xf6, 0x1f, 0x3f, 0x9e, 0x59, 0x1f, 0x3f,
  0x10, 0xbc, 0x1e, 0x3f, 0x22, 0x1e, 0x1e, 0x3f, 0xd0, 0x7f, 0x1d, 0x3f,
  0x1e, 0xe1, 0x1c, 0x3f, 0x0c, 0x42, 0x1c, 0x3f, 0x97, 0xa2, 0x1b, 0x3f,
  0xc5, 0x02, 0x1b, 0x3f, 0x93, 0x62, 0x1a, 0x3f, 0x01, 0xc2, 0x19, 0x3f,
  0x0e, 0x21, 0x19, 0x3f, 0xbe, 0x7f, 0x18, 0x3f, 0x12, 0xde, 0x17, 0x3f,
  0x05, 0x3c, 0x17, 0x3f, 0x9e, 0x99, 0x16, 0x3f, 0xd8, 0xf6, 0x15, 0x3f,
  0xb6, 0x53, 0x15, 0x3f, 0x38, 0xb0, 0x14, 0x3f, 0x5e, 0x0c, 0x14, 0x3f,
  0x2b, 0x68, 0x13, 0x3f, 0x99, 0xc3, 0x12, 0x3f, 0xad, 0x1e, 0x12, 0x3f,
  0x6a, 0x79, 0x11, 0x3f, 0xcd, 0xd3, 0x10, 0x3f, 0xd4, 0x2d, 0x10, 0x3f,
  0x85, 0x87, 0x0f, 0x3f, 0xdb, 0xe0, 0x0e, 0x3f, 0xd8, 0x39, 0x0e, 0x3f,
  0x81, 0x92, 0x0d, 0x3f, 0xd1, 0xea, 0x0c, 0x3f, 0xc8, 0x42, 0x0c, 0x3f,
  0x6a, 0x9a, 0x0b, 0x3f, 0xb6, 0xf1, 0x0a, 0x3f, 0xac, 0x48, 0x0a, 0x3f,
  0x4d, 0x9f, 0x09, 0x3f, 0x9a, 0xf5, 0x08, 0x3f, 0x92, 0x4b, 0x08, 0x3f,
  0x34, 0xa1, 0x07, 0x3f, 0x83, 0xf6, 0x06, 0x3f, 0x83, 0x4b, 0x06, 0x3f,
  0x2c, 0xa0, 0x05, 0x3f, 0x82, 0xf4, 0x04, 0x3f, 0x87, 0x48, 0x04, 0x3f,
  0x3c, 0x9c, 0x03, 0x3f, 0x9f, 0xef, 0x02, 0x3f, 0xb0, 0x42, 0x02, 0x3f,
  0x72, 0x95, 0x01, 0x3f, 0xe5, 0xe7, 0x00, 0x3f, 0x07, 0x3a, 0x00, 0x3f,
  0xb0, 0x17, 0xff, 0x3e, 0xb9, 0xba, 0xfd, 0x3e, 0x24, 0x5d, 0xfc, 0x3e,
  0xf4, 0xfe, 0xfa, 0x3e, 0x2b, 0xa0, 0xf9, 0x3e, 0xc7, 0x40, 0xf8, 0x3e,
  0xc8, 0xe0, 0xf6, 0x3e, 0x33, 0x80, 0xf5, 0x3e, 0x03, 0x1f, 0xf4, 0x3e,
  0x40, 0xbd, 0xf2, 0x3e, 0xe9, 0x5a, 0xf1, 0x3e, 0xf7, 0xf7, 0xef, 0x3e,
  0x79, 0x94, 0xee, 0x3e, 0x60, 0x30, 0xed, 0x3e, 0xb7, 0xcb, 0xeb, 0x3e,
  0x81, 0x66, 0xea, 0x3e, 0xb4, 0x00, 0xe9, 0x3e, 0x5b, 0x9a, 0xe7, 0x3e,
  0x74, 0x33, 0xe6, 0x3e, 0xfd, 0xcb, 0xe4, 0x3e, 0xf9, 0x63, 0xe3, 0x3e,
  0x68, 0xfb, 0xe1, 0x3e, 0x4d, 0x92, 0xe0, 0x3e, 0xa9, 0x28, 0xdf, 0x3e,
  0x78, 0xbe, 0xdd, 0x3e, 0xc1, 0x53, 0xdc, 0x3e, 0x81, 0xe8, 0xda, 0x3e,
  0xba, 0x7c, 0xd9, 0x3e, 0x69, 0x10, 0xd8, 0x3e, 0x99, 0xa3, 0xd6, 0x3e,
  0x3f, 0x36, 0xd5, 0x3e, 0x63, 0xc8, 0xd3, 0x3e, 0x07, 0x5a, 0xd2, 0x3e,
  0x28, 0xeb, 0xd0, 0x3e, 0xca, 0x7b, 0xcf, 0x3e, 0xe8, 0x0b, 0xce, 0x3e,
  0x88, 0x9b, 0xcc, 0x3e, 0xab, 0x2a, 0xcb, 0x3e, 0x4e, 0xb9, 0xc9, 0x3e,
  0x7d, 0x47, 0xc8, 0x3e, 0x28, 0xd5, 0xc6, 0x3e, 0x5a, 0x62, 0xc5, 0x3e,
  0x14, 0xef, 0xc3, 0x3e, 0x55, 0x7b, 0xc2, 0x3e, 0x1d, 0x07, 0xc1, 0x3e,
  0x6c, 0x92, 0xbf, 0x3e, 0x46, 0x1d, 0xbe, 0x3e, 0xab, 0xa7, 0xbc, 0x3e,
  0xa1, 0x31, 0xbb, 0x3e, 0x1d, 0xbb, 0xb9, 0x3e, 0x28, 0x44, 0xb8, 0x3e,
  0xc1, 0xcc, 0xb6, 0x3e, 0xe8, 0x54, 0xb5, 0x3e, 0xa3, 0xdc, 0xb3, 0x3e,
  0xec, 0x63, 0xb2, 0x3e, 0xc7, 0xea, 0xb0, 0x3e, 0x39, 0x71, 0xaf, 0x3e,
  0x3d, 0xf7, 0xad, 0x3e, 0xcf, 0x7c, 0xac, 0x3e, 0xff, 0x01, 0xab, 0x3e,
  0xc4, 0x86, 0xa9, 0x3e, 0x1d, 0x0b, 0xa8, 0x3e, 0x0f, 0x8f, 0xa6, 0x3e,
  0x9c, 0x12, 0xa5, 0x3e, 0xc4, 0x95, 0xa3, 0x3e, 0x84, 0x18, 0xa2, 0x3e,
  0xe3, 0x9a, 0xa0, 0x3e, 0xde, 0x1c, 0x9f, 0x3e, 0x73, 0x9e, 0x9d, 0x3e,
  0xab, 0x1f, 0x9c, 0x3e, 0x84, 0xa0, 0x9a, 0x3e, 0xfd, 0x20, 0x99, 0x3e,
  0x14, 0xa1, 0x97, 0x3e, 0xd0, 0x20, 0x96, 0x3e, 0x2f, 0xa0, 0x94, 0x3e,
  0x33, 0x1f, 0x93, 0x3e, 0xdc, 0x9d, 0x91, 0x3e, 0x2b, 0x1c, 0x90, 0x3e,
  0x1f, 0x9a, 0x8e, 0x3e, 0xbc, 0x17, 0x8d, 0x3e, 0x05, 0x95, 0x8b, 0x3e,
  0xf3, 0x11, 0x8a, 0x3e, 0x91, 0x8e, 0x88, 0x3e, 0xd8, 0x0a, 0x87, 0x3e,
  0xcb, 0x86, 0x85, 0x3e, 0x70, 0x02, 0x84, 0x3e, 0xbe, 0x7d, 0x82, 0x3e,
  0xc0, 0xf8, 0x80, 0x3e, 0xe0, 0xe6, 0x7e, 0x3e, 0xa1, 0xdb, 0x7b, 0x3e,
  0xc6, 0xcf, 0x78, 0x3e, 0x59, 0xc3, 0x75, 0x3e, 0x51, 0xb6, 0x72, 0x3e,
  0xae, 0xa8, 0x6f, 0x3e, 0x78, 0x9a, 0x6c, 0x3e, 0xb5, 0x8b, 0x69, 0x3e,
  0x5e, 0x7c, 0x66, 0x3e, 0x81, 0x6c, 0x63, 0x3e, 0x11, 0x5c, 0x60, 0x3e,
  0x1a, 0x4b, 0x5d, 0x3e, 0x8f, 0x39, 0x5a, 0x3e, 0x86, 0x27, 0x57, 0x3e,
  0x03, 0x15, 0x54, 0x3e, 0xf3, 0x01, 0x51, 0x3e, 0x57, 0xee, 0x4d, 0x3e,
  0x48, 0xda, 0x4a, 0x3e, 0xc0, 0xc5, 0x47, 0x3e, 0xb9, 0xb0, 0x44, 0x3e,
  0x33, 0x9b, 0x41, 0x3e, 0x3a, 0x85, 0x3e, 0x3e, 0xc9, 0x6e, 0x3b, 0x3e,
  0xe6, 0x57, 0x38, 0x3e, 0x97, 0x40, 0x35, 0x3e, 0xcf, 0x28, 0x32, 0x3e,
  0xa3, 0x10, 0x2f, 0x3e, 0xfe, 0xf7, 0x2b, 0x3e, 0xfb, 0xde, 0x28, 0x3e,
  0x86, 0xc5, 0x25, 0x3e, 0xb3, 0xab, 0x22, 0x3e, 0x7b, 0x91, 0x1f, 0x3e,
  0xd8, 0x76, 0x1c, 0x3e, 0xd7, 0x5b, 0x19, 0x3e, 0x7e, 0x40, 0x16, 0x3e,
  0xc8, 0x24, 0x13, 0x3e, 0xad, 0x08, 0x10, 0x3e, 0x49, 0xec, 0x0c, 0x3e,
  0x7f, 0xcf, 0x09, 0x3e, 0x65, 0xb2, 0x06, 0x3e, 0x02, 0x95, 0x03, 0x3e,
  0x40, 0x77, 0x00, 0x3e, 0x76, 0xb2, 0xfa, 0x3d, 0xb1, 0x75, 0xf4, 0x3d,
  0x72, 0x38, 0xee, 0x3d, 0x93, 0xfa, 0xe7, 0x3d, 0x20, 0xbc, 0xe1, 0x3d,
  0x34, 0x7d, 0xdb, 0x3d, 0xb5, 0x3d, 0xd5, 0x3d, 0xaf, 0xfd, 0xce, 0x3d,
  0x30, 0xbd, 0xc8, 0x3d, 0x30, 0x7c, 0xc2, 0x3d, 0xc0, 0x3a, 0xbc, 0x3d,
  0xd0, 0xf8, 0xb5, 0x3d, 0x80, 0xb6, 0xaf, 0x3d, 0xb0, 0x73, 0xa9, 0x3d,
  0x80, 0x30, 0xa3, 0x3d, 0xf0, 0xec, 0x9c, 0x3d, 0x00, 0xa9, 0x96, 0x3d,
  0xb1, 0x64, 0x90, 0x3d, 0x00, 0x20, 0x8a, 0x3d, 0x00, 0xdb, 0x83, 0x3d,
  0x5f, 0x2b, 0x7b, 0x3d, 0x21, 0xa0, 0x6e, 0x3d, 0x5f, 0x14, 0x62, 0x3d,
  0xff, 0x87, 0x55, 0x3d, 0x21, 0xfb, 0x48, 0x3d, 0xbf, 0x6d, 0x3c, 0x3d,
  0xff, 0xdf, 0x2f, 0x3d, 0xbf, 0x51, 0x23, 0x3d, 0x20, 0xc3, 0x16, 0x3d,
  0x21, 0x34, 0x0a, 0x3d, 0x82, 0x49, 0xfb, 0x3c, 0x42, 0x2a, 0xe2, 0x3c,
  0x80, 0x0a, 0xc9, 0x3c, 0x3e, 0xea, 0xaf, 0x3c, 0x80, 0xc9, 0x96, 0x3c,
  0x04, 0x51, 0x7b, 0x3c, 0x7c, 0x0e, 0x49, 0x3c, 0x00, 0xcb, 0x16, 0x3c,
  0xff, 0x0e, 0xc9, 0x3b, 0x00, 0x0e, 0x49, 0x3b, 0x00, 0x00, 0x00, 0x00,
  0xff, 0x0f, 0x49, 0xbb, 0x01, 0x10, 0xc9, 0xbb, 0x80, 0xcb, 0x16, 0xbc,
  0xfd, 0x0e, 0x49, 0xbc, 0x85, 0x51, 0x7b, 0xbc, 0xc1, 0xc9, 0x96, 0xbc,
  0x7e, 0xea, 0xaf, 0xbc, 0xc1, 0x0a, 0xc9, 0xbc, 0x82, 0x2a, 0xe2, 0xbc,
  0xc3, 0x49, 0xfb, 0xbc, 0x41, 0x34, 0x0a, 0xbd, 0x40, 0xc3, 0x16, 0xbd,
  0xdf, 0x51, 0x23, 0xbd, 0x20, 0xe0, 0x2f, 0xbd, 0xdf, 0x6d, 0x3c, 0xbd,
  0x41, 0xfb, 0x48, 0xbd, 0x1f, 0x88, 0x55, 0xbd, 0x80, 0x14, 0x62, 0xbd,
  0x41, 0xa0, 0x6e, 0xbd, 0x80, 0x2b, 0x7b, 0xbd, 0x10, 0xdb, 0x83, 0xbd,
  0x10, 0x20, 0x8a, 0xbd, 0xc1, 0x64, 0x90, 0xbd, 0x10, 0xa9, 0x96, 0xbd,
  0x00, 0xed, 0x9c, 0xbd, 0x90, 0x30, 0xa3, 0xbd, 0xc0, 0x73, 0xa9, 0xbd,
  0x90, 0xb6, 0xaf, 0xbd, 0xe0, 0xf8, 0xb5, 0xbd, 0xd0, 0x3a, 0xbc, 0xbd,
  0x40, 0x7c, 0xc2, 0xbd, 0x41, 0xbd, 0xc8, 0xbd, 0xbc, 0xfd, 0xce, 0xbd,
  0xc2, 0x3d, 0xd5, 0xbd, 0x41, 0x7d, 0xdb, 0xbd, 0x2d, 0xbc, 0xe1, 0xbd,
  0xa0, 0xfa, 0xe7, 0xbd, 0x80, 0x38, 0xee, 0xbd, 0xbe, 0x75, 0xf4, 0xbd,
  0x83, 0xb2, 0xfa, 0xbd, 0x47, 0x77, 0x00, 0xbe, 0x08, 0x95, 0x03, 0xbe,
  0x73, 0xb2, 0x06, 0xbe, 0x86, 0xcf, 0x09, 0xbe, 0x4f, 0xec, 0x0c, 0xbe,
  0xbb, 0x08, 0x10, 0xbe, 0xcf, 0x24, 0x13, 0xbe, 0x85, 0x40, 0x16, 0xbe,
  0xdd, 0x5b, 0x19, 0xbe, 0xdf, 0x76, 0x1c, 0xbe, 0x82, 0x91, 0x1f, 0xbe,
  0xb9, 0xab, 0x22, 0xbe, 0x93, 0xc5, 0x25, 0xbe, 0x02, 0xdf, 0x28, 0xbe,
  0x0b, 0xf8, 0x2b, 0xbe, 0xaa, 0x10, 0x2f, 0xbe, 0xd6, 0x28, 0x32, 0xbe,
  0x9d, 0x40, 0x35, 0xbe, 0xf3, 0x57, 0x38, 0xbe, 0xd0, 0x6e, 0x3b, 0xbe,
  0x41, 0x85, 0x3e, 0xbe, 0x3a, 0x9b, 0x41, 0xbe, 0xc0, 0xb0, 0x44, 0xbe,
  0xc7, 0xc5, 0x47, 0xbe, 0x4f, 0xda, 0x4a, 0xbe, 0x5d, 0xee, 0x4d, 0xbe,
  0xfa, 0x01, 0x51, 0xbe, 0x09, 0x15, 0x54, 0xbe, 0x93, 0x27, 0x57, 0xbe,
  0x96, 0x39, 0x5a, 0xbe, 0x21, 0x4b, 0x5d, 0xbe, 0x17, 0x5c, 0x60, 0xbe,
  0x88, 0x6c, 0x63, 0xbe, 0x65, 0x7c, 0x66, 0xbe, 0xc2, 0x8b, 0x69, 0xbe,
  0x7f, 0x9a, 0x6c, 0xbe, 0xb5, 0xa8, 0x6f, 0xbe, 0x57, 0xb6, 0x72, 0xbe,
  0x5f, 0xc3, 0x75, 0xbe, 0xcd, 0xcf, 0x78, 0xbe, 0xa7, 0xdb, 0x7b, 0xbe,
  0xe7, 0xe6, 0x7e, 0xbe, 0xc3, 0xf8, 0x80, 0xbe, 0xc5, 0x7d, 0x82, 0xbe,
  0x73, 0x02, 0x84, 0xbe, 0xd1, 0x86, 0x85, 0xbe, 0xdb, 0x0a, 0x87, 0xbe,
  0x95, 0x8e, 0x88, 0xbe, 0xf7, 0x11, 0x8a, 0xbe, 0x08, 0x95, 0x8b, 0xbe,
  0xbf, 0x17, 0x8d, 0xbe, 0x22, 0x9a, 0x8e, 0xbe, 0x32, 0x1c, 0x90, 0xbe,
  0xdf, 0x9d, 0x91, 0xbe, 0x3a, 0x1f, 0x93, 0xbe, 0x36, 0xa0, 0x94, 0xbe,
  0xd4, 0x20, 0x96, 0xbe, 0x17, 0xa1, 0x97, 0xbe, 0x00, 0x21, 0x99, 0xbe,
  0x88, 0xa0, 0x9a, 0xbe, 0xb1, 0x1f, 0x9c, 0xbe, 0x76, 0x9e, 0x9d, 0xbe,
  0xe1, 0x1c, 0x9f, 0xbe, 0xe7, 0x9a, 0xa0, 0xbe, 0x88, 0x18, 0xa2, 0xbe,
  0xc7, 0x95, 0xa3, 0xbe, 0x9f, 0x12, 0xa5, 0xbe, 0x12, 0x8f, 0xa6, 0xbe,
  0x21, 0x0b, 0xa8, 0xbe, 0xc7, 0x86, 0xa9, 0xbe, 0x06, 0x02, 0xab, 0xbe,
  0xd5, 0x7c, 0xac, 0xbe, 0x40, 0xf7, 0xad, 0xbe, 0x3d, 0x71, 0xaf, 0xbe,
  0xcd, 0xea, 0xb0, 0xbe, 0xf0, 0x63, 0xb2, 0xbe, 0xa6, 0xdc, 0xb3, 0xbe,
  0xeb, 0x54, 0xb5, 0xbe, 0xc4, 0xcc, 0xb6, 0xbe, 0x2c, 0x44, 0xb8, 0xbe,
  0x21, 0xbb, 0xb9, 0xbe, 0xa4, 0x31, 0xbb, 0xbe, 0xb2, 0xa7, 0xbc, 0xbe,
  0x4d, 0x1d, 0xbe, 0xbe, 0x70, 0x92, 0xbf, 0xbe, 0x21, 0x07, 0xc1, 0xbe,
  0x58, 0x7b, 0xc2, 0xbe, 0x17, 0xef, 0xc3, 0xbe, 0x61, 0x62, 0xc5, 0xbe,
  0x2b, 0xd5, 0xc6, 0xbe, 0x80, 0x47, 0xc8, 0xbe, 0x55, 0xb9, 0xc9, 0xbe,
  0xb2, 0x2a, 0xcb, 0xbe, 0x8b, 0x9b, 0xcc, 0xbe, 0xec, 0x0b, 0xce, 0xbe,
  0xcd, 0x7b, 0xcf, 0xbe, 0x2b, 0xeb, 0xd0, 0xbe, 0x0e, 0x5a, 0xd2, 0xbe,
  0x6a, 0xc8, 0xd3, 0xbe, 0x43, 0x36, 0xd5, 0xbe, 0x9c, 0xa3, 0xd6, 0xbe,
  0x6c, 0x10, 0xd8, 0xbe, 0xbd, 0x7c, 0xd9, 0xbe, 0x84, 0xe8, 0xda, 0xbe,
  0xc5, 0x53, 0xdc, 0xbe, 0x7c, 0xbe, 0xdd, 0xbe, 0xad, 0x28, 0xdf, 0xbe,
  0x51, 0x92, 0xe0, 0xbe, 0x6b, 0xfb, 0xe1, 0xbe, 0xfc, 0x63, 0xe3, 0xbe,
  0x00, 0xcc, 0xe4, 0xbe, 0x77, 0x33, 0xe6, 0xbe, 0x61, 0x9a, 0xe7, 0xbe,
  0xb8, 0x00, 0xe9, 0xbe, 0x85, 0x66, 0xea, 0xbe, 0xba, 0xcb, 0xeb, 0xbe,
  0x63, 0x30, 0xed, 0xbe, 0x7c, 0x94, 0xee, 0xbe, 0xfa, 0xf7, 0xef, 0xbe,
  0xec, 0x5a, 0xf1, 0xbe, 0x43, 0xbd, 0xf2, 0xbe, 0x06, 0x1f, 0xf4, 0xbe,
  0x39, 0x80, 0xf5, 0xbe, 0xcc, 0xe0, 0xf6, 0xbe, 0xcd, 0x40, 0xf8, 0xbe,
  0x31, 0xa0, 0xf9, 0xbe, 0xf8, 0xfe, 0xfa, 0xbe, 0x27, 0x5d, 0xfc, 0xbe,
  0xbc, 0xba, 0xfd, 0xbe, 0xb3, 0x17, 0xff, 0xbe, 0x08, 0x3a, 0x00, 0xbf,
  0xe6, 0xe7, 0x00, 0xbf, 0x74, 0x95, 0x01, 0xbf, 0xb2, 0x42, 0x02, 0xbf,
  0xa0, 0xef, 0x02, 0xbf, 0x3e, 0x9c, 0x03, 0xbf, 0x8b, 0x48, 0x04, 0xbf,
  0x84, 0xf4, 0x04, 0xbf, 0x2e, 0xa0, 0x05, 0xbf, 0x84, 0x4b, 0x06, 0xbf,
  0x85, 0xf6, 0x06, 0xbf, 0x35, 0xa1, 0x07, 0xbf, 0x93, 0x4b, 0x08, 0xbf,
  0x9c, 0xf5, 0x08, 0xbf, 0x51, 0x9f, 0x09, 0xbf, 0xae, 0x48, 0x0a, 0xbf,
  0xb7, 0xf1, 0x0a, 0xbf, 0x6b, 0x9a, 0x0b, 0xbf, 0xca, 0x42, 0x0c, 0xbf,
  0xd2, 0xea, 0x0c, 0xbf, 0x82, 0x92, 0x0d, 0xbf, 0xd9, 0x39, 0x0e, 0xbf,
  0xdc, 0xe0, 0x0e, 0xbf, 0x86, 0x87, 0x0f, 0xbf, 0xd6, 0x2d, 0x10, 0xbf,
  0xce, 0xd3, 0x10, 0xbf, 0x6c, 0x79, 0x11, 0xbf, 0xb1, 0x1e, 0x12, 0xbf,
  0x9d, 0xc3, 0x12, 0xbf, 0x2c, 0x68, 0x13, 0xbf, 0x60, 0x0c, 0x14, 0xbf,
  0x3a, 0xb0, 0x14, 0xbf, 0xb8, 0x53, 0x15, 0xbf, 0xda, 0xf6, 0x15, 0xbf,
  0x9f, 0x99, 0x16, 0xbf, 0x09, 0x3c, 0x17, 0xbf, 0x14, 0xde, 0x17, 0xbf,
  0xc0, 0x7f, 0x18, 0xbf, 0x0f, 0x21, 0x19, 0xbf, 0x02, 0xc2, 0x19, 0xbf,
  0x94, 0x62, 0x1a, 0xbf, 0xc7, 0x02, 0x1b, 0xbf, 0x9b, 0xa2, 0x1b, 0xbf,
  0x0e, 0x42, 0x1c, 0xbf, 0x1f, 0xe1, 0x1c, 0xbf, 0xd1, 0x7f, 0x1d, 0xbf,
  0x24, 0x1e, 0x1e, 0xbf, 0x12, 0xbc, 0x1e, 0xbf, 0xa0, 0x59, 0x1f, 0xbf,
  0xcc, 0xf6, 0x1f, 0xbf, 0x95, 0x93, 0x20, 0xbf, 0xfa, 0x2f, 0x21, 0xbf,
  0xfc, 0xcb, 0x21, 0xbf, 0x99, 0x67, 0x22, 0xbf, 0xd4, 0x02, 0x23, 0xbf,
  0xaa, 0x9d, 0x23, 0xbf, 0x19, 0x38, 0x24, 0xbf, 0x26, 0xd2, 0x24, 0xbf,
  0xcc, 0x6b, 0x25, 0xbf, 0x0c, 0x05, 0x26, 0xbf, 0xe4, 0x9d, 0x26, 0xbf,
  0x57, 0x36, 0x27, 0xbf, 0x62, 0xce, 0x27, 0xbf, 0x07, 0x66, 0x28, 0xbf,
  0x42, 0xfd, 0x28, 0xbf, 0x17, 0x94, 0x29, 0xbf, 0x80, 0x2a, 0x2a, 0xbf,
  0x81, 0xc0, 0x2a, 0xbf, 0x1c, 0x56, 0x2b, 0xbf, 0x4a, 0xeb, 0x2b, 0xbf,
  0x10, 0x80, 0x2c, 0xbf, 0x69, 0x14, 0x2d, 0xbf, 0x5a, 0xa8, 0x2d, 0xbf,
  0xde, 0x3b, 0x2e, 0xbf, 0xf8, 0xce, 0x2e, 0xbf, 0xa5, 0x61, 0x2f, 0xbf,
  0xe5, 0xf3, 0x2f, 0xbf, 0xbc, 0x85, 0x30, 0xbf, 0x23, 0x17, 0x31, 0xbf,
  0x1e, 0xa8, 0x31, 0xbf, 0xab, 0x38, 0x32, 0xbf, 0xca, 0xc8, 0x32, 0xbf,
  0x7a, 0x58, 0x33, 0xbf, 0xbf, 0xe7, 0x33, 0xbf, 0x90, 0x76, 0x34, 0xbf,
  0xf4, 0x04, 0x35, 0xbf, 0xe9, 0x92, 0x35, 0xbf, 0x6c, 0x20, 0x36, 0xbf,
  0x80, 0xad, 0x36, 0xbf, 0x24, 0x3a, 0x37, 0xbf, 0x56, 0xc6, 0x37, 0xbf,
  0x15, 0x52, 0x38, 0xbf, 0x66, 0xdd, 0x38, 0xbf, 0x42, 0x68, 0x39, 0xbf,
  0xad, 0xf2, 0x39, 0xbf, 0xa6, 0x7c, 0x3a, 0xbf, 0x2a, 0x06, 0x3b, 0xbf,
  0x3b, 0x8f, 0x3b, 0xbf, 0xd9, 0x17, 0x3c, 0xbf, 0x03, 0xa0, 0x3c, 0xbf,
  0xba, 0x27, 0x3d, 0xbf, 0xfa, 0xae, 0x3d, 0xbf, 0xc6, 0x35, 0x3e, 0xbf,
  0x1c, 0xbc, 0x3e, 0xbf, 0xfe, 0x41, 0x3f, 0xbf, 0x67, 0xc7, 0x3f, 0xbf,
  0x5d, 0x4c, 0x40, 0xbf, 0xda, 0xd0, 0x40, 0xbf, 0xe3, 0x54, 0x41, 0xbf,
  0x71, 0xd8, 0x41, 0xbf, 0x8a, 0x5b, 0x42, 0xbf, 0x2b, 0xde, 0x42, 0xbf,
  0x52, 0x60, 0x43, 0xbf, 0x03, 0xe2, 0x43, 0xbf, 0x39, 0x63, 0x44, 0xbf,
  0xf6, 0xe3, 0x44, 0xbf, 0x3a, 0x64, 0x45, 0xbf, 0x04, 0xe4, 0x45, 0xbf,
  0x54, 0x63, 0x46, 0xbf, 0x2a, 0xe2, 0x46, 0xbf, 0x86, 0x60, 0x47, 0xbf,
  0x66, 0xde, 0x47, 0xbf, 0xcc, 0x5b, 0x48, 0xbf, 0xb4, 0xd8, 0x48, 0xbf,
  0x22, 0x55, 0x49, 0xbf, 0x14, 0xd1, 0x49, 0xbf, 0x88, 0x4c, 0x4a, 0xbf,
  0x80, 0xc7, 0x4a, 0xbf, 0xfc, 0x41, 0x4b, 0xbf, 0xf8, 0xbb, 0x4b, 0xbf,
  0x79, 0x35, 0x4c, 0xbf, 0x7a, 0xae, 0x4c, 0xbf, 0xfe, 0x26, 0x4d, 0xbf,
  0x03, 0x9f, 0x4d, 0xbf, 0x8a, 0x16, 0x4e, 0xbf, 0x90, 0x8d, 0x4e, 0xbf,
  0x18, 0x04, 0x4f, 0xbf, 0x20, 0x7a, 0x4f, 0xbf, 0xa8, 0xef, 0x4f, 0xbf,
  0xb1, 0x64, 0x50, 0xbf, 0x38, 0xd9, 0x50, 0xbf, 0x3e, 0x4d, 0x51, 0xbf,
  0xc4, 0xc0, 0x51, 0xbf, 0xc8, 0x33, 0x52, 0xbf, 0x4b, 0xa6, 0x52, 0xbf,
  0x4a, 0x18, 0x53, 0xbf, 0xc8, 0x89, 0x53, 0xbf, 0xc4, 0xfa, 0x53, 0xbf,
  0x3d, 0x6b, 0x54, 0xbf, 0x33, 0xdb, 0x54, 0xbf, 0xa4, 0x4a, 0x55, 0xbf,
  0x93, 0xb9, 0x55, 0xbf, 0xfd, 0x27, 0x56, 0xbf, 0xe7, 0x95, 0x56, 0xbf,
  0x48, 0x03, 0x57, 0xbf, 0x26, 0x70, 0x57, 0xbf, 0x80, 0xdc, 0x57, 0xbf,
  0x53, 0x48, 0x58, 0xbf, 0xa2, 0xb3, 0x58, 0xbf, 0x6d, 0x1e, 0x59, 0xbf,
  0xae, 0x88, 0x59, 0xbf, 0x6a, 0xf2, 0x59, 0xbf, 0xa2, 0x5b, 0x5a, 0xbf,
  0x50, 0xc4, 0x5a, 0xbf, 0x7a, 0x2c, 0x5b, 0xbf, 0x1c, 0x94, 0x5b, 0xbf,
  0x36, 0xfb, 0x5b, 0xbf, 0xc8, 0x61, 0x5c, 0xbf, 0xd2, 0xc7, 0x5c, 0xbf,
  0x54, 0x2d, 0x5d, 0xbf, 0x4e, 0x92, 0x5d, 0xbf, 0xc1, 0xf6, 0x5d, 0xbf,
  0xa8, 0x5a, 0x5e, 0xbf, 0x06, 0xbe, 0x5e, 0xbf, 0xdb, 0x20, 0x5f, 0xbf,
  0x27, 0x83, 0x5f, 0xbf, 0xea, 0xe4, 0x5f, 0xbf, 0x21, 0x46, 0x60, 0xbf,
  0xd1, 0xa6, 0x60, 0xbf, 0xf2, 0x06, 0x61, 0xbf, 0x8c, 0x66, 0x61, 0xbf,
  0x98, 0xc5, 0x61, 0xbf, 0x1b, 0x24, 0x62, 0xbf, 0x12, 0x82, 0x62, 0xbf,
  0x7c, 0xdf, 0x62, 0xbf, 0x59, 0x3c, 0x63, 0xbf, 0xaf, 0x98, 0x63, 0xbf,
  0x74, 0xf4, 0x63, 0xbf, 0xae, 0x4f, 0x64, 0xbf, 0x5b, 0xaa, 0x64, 0xbf,
  0x7b, 0x04, 0x65, 0xbf, 0x0c, 0x5e, 0x65, 0xbf, 0x12, 0xb7, 0x65, 0xbf,
  0x88, 0x0f, 0x66, 0xbf, 0x73, 0x67, 0x66, 0xbf, 0xcd, 0xbe, 0x66, 0xbf,
  0x9b, 0x15, 0x67, 0xbf, 0xd8, 0x6b, 0x67, 0xbf, 0x88, 0xc1, 0x67, 0xbf,
  0xa8, 0x16, 0x68, 0xbf, 0x39, 0x6b, 0x68, 0xbf, 0x3c, 0xbf, 0x68, 0xbf,
  0xb0, 0x12, 0x69, 0xbf, 0x92, 0x65, 0x69, 0xbf, 0xe4, 0xb7, 0x69, 0xbf,
  0xa7, 0x09, 0x6a, 0xbf, 0xda, 0x5a, 0x6a, 0xbf, 0x7b, 0xab, 0x6a, 0xbf,
  0x8c, 0xfb, 0x6a, 0xbf, 0x0c, 0x4b, 0x6b, 0xbf, 0xfd, 0x99, 0x6b, 0xbf,
  0x5b, 0xe8, 0x6b, 0xbf, 0x25, 0x36, 0x6c, 0xbf, 0x60, 0x83, 0x6c, 0xbf,
  0x08, 0xd0, 0x6c, 0xbf, 0x1e, 0x1c, 0x6d, 0xbf, 0xa3, 0x67, 0x6d, 0xbf,
  0x93, 0xb2, 0x6d, 0xbf, 0xf4, 0xfc, 0x6d, 0xbf, 0xc1, 0x46, 0x6e, 0xbf,
  0xf8, 0x8f, 0x6e, 0xbf, 0x9e, 0xd8, 0x6e, 0xbf, 0xb1, 0x20, 0x6f, 0xbf,
  0x30, 0x68, 0x6f, 0xbf, 0x1c, 0xaf, 0x6f, 0xbf, 0x75, 0xf5, 0x6f, 0xbf,
  0x38, 0x3b, 0x70, 0xbf, 0x68, 0x80, 0x70, 0xbf, 0x02, 0xc5, 0x70, 0xbf,
  0x0a, 0x09, 0x71, 0xbf, 0x7c, 0x4c, 0x71, 0xbf, 0x58, 0x8f, 0x71, 0xbf,
  0xa0, 0xd1, 0x71, 0xbf, 0x54, 0x13, 0x72, 0xbf, 0x70, 0x54, 0x72, 0xbf,
  0xfa, 0x94, 0x72, 0xbf, 0xeb, 0xd4, 0x72, 0xbf, 0x48, 0x14, 0x73, 0xbf,
  0x10, 0x53, 0x73, 0xbf, 0x40, 0x91, 0x73, 0xbf, 0xdb, 0xce, 0x73, 0xbf,
  0xde, 0x0b, 0x74, 0xbf, 0x4d, 0x48, 0x74, 0xbf, 0x22, 0x84, 0x74, 0xbf,
  0x63, 0xbf, 0x74, 0xbf, 0x0c, 0xfa, 0x74, 0xbf, 0x1e, 0x34, 0x75, 0xbf,
  0x98, 0x6d, 0x75, 0xbf, 0x7c, 0xa6, 0x75, 0xbf, 0xc8, 0xde, 0x75, 0xbf,
  0x7c, 0x16, 0x76, 0xbf, 0x98, 0x4d, 0x76, 0xbf, 0x1c, 0x84, 0x76, 0xbf,
  0x08, 0xba, 0x76, 0xbf, 0x5b, 0xef, 0x76, 0xbf, 0x18, 0x24, 0x77, 0xbf,
  0x3c, 0x58, 0x77, 0xbf, 0xc6, 0x8b, 0x77, 0xbf, 0xb8, 0xbe, 0x77, 0xbf,
  0x12, 0xf1, 0x77, 0xbf, 0xd2, 0x22, 0x78, 0xbf, 0xf9, 0x53, 0x78, 0xbf,
  0x85, 0x84, 0x78, 0xbf, 0x7c, 0xb4, 0x78, 0xbf, 0xd6, 0xe3, 0x78, 0xbf,
  0x99, 0x12, 0x79, 0xbf, 0xc1, 0x40, 0x79, 0xbf, 0x50, 0x6e, 0x79, 0xbf,
  0x44, 0x9b, 0x79, 0xbf, 0x9f, 0xc7, 0x79, 0xbf, 0x5d, 0xf3, 0x79, 0xbf,
  0x87, 0x1e, 0x7a, 0xbf, 0x13, 0x49, 0x7a, 0xbf, 0x02, 0x73, 0x7a, 0xbf,
  0x59, 0x9c, 0x7a, 0xbf, 0x16, 0xc5, 0x7a, 0xbf, 0x38, 0xed, 0x7a, 0xbf,
  0xc1, 0x14, 0x7b, 0xbf, 0xac, 0x3b, 0x7b, 0xbf, 0xfc, 0x61, 0x7b, 0xbf,
  0xb4, 0x87, 0x7b, 0xbf, 0xcd, 0xac, 0x7b, 0xbf, 0x4e, 0xd1, 0x7b, 0xbf,
  0x31, 0xf5, 0x7b, 0xbf, 0x7c, 0x18, 0x7c, 0xbf, 0x29, 0x3b, 0x7c, 0xbf,
  0x3a, 0x5d, 0x7c, 0xbf, 0xb0, 0x7e, 0x7c, 0xbf, 0x8c, 0x9f, 0x7c, 0xbf,
  0xcb, 0xbf, 0x7c, 0xbf, 0x6b, 0xdf, 0x7c, 0xbf, 0x73, 0xfe, 0x7c, 0xbf,
  0xde, 0x1c, 0x7d, 0xbf, 0xac, 0x3a, 0x7d, 0xbf, 0xe0, 0x57, 0x7d, 0xbf,
  0x76, 0x74, 0x7d, 0xbf, 0x70, 0x90, 0x7d, 0xbf, 0xcd, 0xab, 0x7d, 0xbf,
  0x8f, 0xc6, 0x7d, 0xbf, 0xb2, 0xe0, 0x7d, 0xbf, 0x3a, 0xfa, 0x7d, 0xbf,
  0x25, 0x13, 0x7e, 0xbf, 0x72, 0x2b, 0x7e, 0xbf, 0x24, 0x43, 0x7e, 0xbf,
  0x39, 0x5a, 0x7e, 0xbf, 0xb0, 0x70, 0x7e, 0xbf, 0x8c, 0x86, 0x7e, 0xbf,
  0xcb, 0x9b, 0x7e, 0xbf, 0x6b, 0xb0, 0x7e, 0xbf, 0x6e, 0xc4, 0x7e, 0xbf,
  0xd4, 0xd7, 0x7e, 0xbf, 0x9e, 0xea, 0x7e, 0xbf, 0xcb, 0xfc, 0x7e, 0xbf,
  0x58, 0x0e, 0x7f, 0xbf, 0x4a, 0x1f, 0x7f, 0xbf, 0x9d, 0x2f, 0x7f, 0xbf,
  0x56, 0x3f, 0x7f, 0xbf, 0x6e, 0x4e, 0x7f, 0xbf, 0xea, 0x5c, 0x7f, 0xbf,
  0xc8, 0x6a, 0x7f, 0xbf, 0x0a, 0x78, 0x7f, 0xbf, 0xad, 0x84, 0x7f, 0xbf,
  0xb2, 0x90, 0x7f, 0xbf, 0x1a, 0x9c, 0x7f, 0xbf, 0xe4, 0xa6, 0x7f, 0xbf,
  0x10, 0xb1, 0x7f, 0xbf, 0x9e, 0xba, 0x7f, 0xbf, 0x90, 0xc3, 0x7f, 0xbf,
  0xe4, 0xcb, 0x7f, 0xbf, 0x98, 0xd3, 0x7f, 0xbf, 0xb1, 0xda, 0x7f, 0xbf,
  0x2a, 0xe1, 0x7f, 0xbf, 0x06, 0xe7, 0x7f, 0xbf, 0x44, 0xec, 0x7f, 0xbf,
  0xe3, 0xf0, 0x7f, 0xbf, 0xe6, 0xf4, 0x7f, 0xbf, 0x4d, 0xf8, 0x7f, 0xbf,
  0x12, 0xfb, 0x7f, 0xbf, 0x3a, 0xfd, 0x7f, 0xbf, 0xc6, 0xfe, 0x7f, 0xbf,
  0xb3, 0xff, 0x7f, 0xbf, 0x00, 0x00, 0x80, 0xbf, 0xb3, 0xff, 0x7f, 0xbf,
  0xc6, 0xfe, 0x7f, 0xbf, 0x3a, 0xfd, 0x7f, 0xbf, 0x12, 0xfb, 0x7f, 0xbf,
  0x4d, 0xf8, 0x7f, 0xbf, 0xe6, 0xf4, 0x7f, 0xbf, 0xe3, 0xf0, 0x7f, 0xbf,
  0x44, 0xec, 0x7f, 0xbf, 0x06, 0xe7, 0x7f, 0xbf, 0x2a, 0xe1, 0x7f, 0xbf,
  0xb1, 0xda, 0x7f, 0xbf, 0x98, 0xd3, 0x7f, 0xbf, 0xe4, 0xcb, 0x7f, 0xbf,
  0x90, 0xc3, 0x7f, 0xbf, 0x9e, 0xba, 0x7f, 0xbf, 0x10, 0xb1, 0x7f, 0xbf,
  0xe4, 0xa6, 0x7f, 0xbf, 0x1a, 0x9c, 0x7f, 0xbf, 0xb2, 0x90, 0x7f, 0xbf,
  0xad, 0x84, 0x7f, 0xbf, 0x0a, 0x78, 0x7f, 0xbf, 0xc8, 0x6a, 0x7f, 0xbf,
  0xea, 0x5c, 0x7f, 0xbf, 0x6e, 0x4e, 0x7f, 0xbf, 0x56, 0x3f, 0x7f, 0xbf,
  0x9d, 0x2f, 0x7f, 0xbf, 0x4a, 0x1f, 0x7f, 0xbf, 0x58, 0x0e, 0x7f, 0xbf,
  0xcb, 0xfc, 0x7e, 0xbf, 0x9e, 0xea, 0x7e, 0xbf, 0xd4, 0xd7, 0x7e, 0xbf,
  0x6e, 0xc4, 0x7e, 0xbf, 0x6b, 0xb0, 0x7e, 0xbf, 0xcb, 0x9b, 0x7e, 0xbf,
  0x8c, 0x86, 0x7e, 0xbf, 0xb0, 0x70, 0x7e, 0xbf, 0x39, 0x5a, 0x7e, 0xbf,
  0x24, 0x43, 0x7e, 0xbf, 0x72, 0x2b, 0x7e, 0xbf, 0x25, 0x13, 0x7e, 0xbf,
  0x3a, 0xfa, 0x7d, 0xbf, 0xb2, 0xe0, 0x7d, 0xbf, 0x8f, 0xc6, 0x7d, 0xbf,
  0xcd, 0xab, 0x7d, 0xbf, 0x70, 0x90, 0x7d, 0xbf, 0x76, 0x74, 0x7d, 0xbf,
  0xe0, 0x57, 0x7d, 0xbf, 0xac, 0x3a, 0x7d, 0xbf, 0xde, 0x1c, 0x7d, 0xbf,
  0x73, 0xfe, 0x7c, 0xbf, 0x6b, 0xdf, 0x7c, 0xbf, 0xcb, 0xbf, 0x7c, 0xbf,
  0x8c, 0x9f, 0x7c, 0xbf, 0xb0, 0x7e, 0x7c, 0xbf, 0x3a, 0x5d, 0x7c, 0xbf,
  0x29, 0x3b, 0x7c, 0xbf, 0x7c, 0x18, 0x7c, 0xbf, 0x31, 0xf5, 0x7b, 0xbf,
  0x4e, 0xd1, 0x7b, 0xbf, 0xcd, 0xac, 0x7b, 0xbf, 0xb4, 0x87, 0x7b, 0xbf,
  0xfc, 0x61, 0x7b, 0xbf, 0xac, 0x3b, 0x7b, 0xbf, 0xc1, 0x14, 0x7b, 0xbf,
  0x38, 0xed, 0x7a, 0xbf, 0x16, 0xc5, 0x7a, 0xbf, 0x59, 0x9c, 0x7a, 0xbf,
  0x02, 0x73, 0x7a, 0xbf, 0x13, 0x49, 0x7a, 0xbf, 0x87, 0x1e, 0x7a, 0xbf,
  0x5d, 0xf3, 0x79, 0xbf, 0x9f, 0xc7, 0x79, 0xbf, 0x44, 0x9b, 0x79, 0xbf,
  0x50, 0x6e, 0x79, 0xbf, 0xc1, 0x40, 0x79, 0xbf, 0x99, 0x12, 0x79, 0xbf,
  0xd6, 0xe3, 0x78, 0xbf, 0x7c, 0xb4, 0x78, 0xbf, 0x85, 0x84, 0x78, 0xbf,
  0xf9, 0x53, 0x78, 0xbf, 0xd2, 0x22, 0x78, 0xbf, 0x12, 0xf1, 0x77, 0xbf,
  0xb8, 0xbe, 0x77, 0xbf, 0xc6, 0x8b, 0x77, 0xbf, 0x3c, 0x58, 0x77, 0xbf,
  0x18, 0x24, 0x77, 0xbf, 0x5b, 0xef, 0x76, 0xbf, 0x08, 0xba, 0x76, 0xbf,
  0x1c, 0x84, 0x76, 0xbf, 0x98, 0x4d, 0x76, 0xbf, 0x7c, 0x16, 0x76, 0xbf,
  0xc8, 0xde, 0x75, 0xbf, 0x7c, 0xa6, 0x75, 0xbf, 0x98, 0x6d, 0x75, 0xbf,
  0x1e, 0x34, 0x75, 0xbf, 0x0c, 0xfa, 0x74, 0xbf, 0x63, 0xbf, 0x74, 0xbf,
  0x22, 0x84, 0x74, 0xbf, 0x4d, 0x48, 0x74, 0xbf, 0xde, 0x0b, 0x74, 0xbf,
  0xdb, 0xce, 0x73, 0xbf, 0x40, 0x91, 0x73, 0xbf, 0x10, 0x53, 0x73, 0xbf,
  0x48, 0x14, 0x73, 0xbf, 0xeb, 0xd4, 0x72, 0xbf, 0xfa, 0x94, 0x72, 0xbf,
  0x70, 0x54, 0x72, 0xbf, 0x54, 0x13, 0x72, 0xbf, 0xa0, 0xd1, 0x71, 0xbf,
  0x58, 0x8f, 0x71, 0xbf, 0x7c, 0x4c, 0x71, 0xbf, 0x0a, 0x09, 0x71, 0xbf,
  0x02, 0xc5, 0x70, 0xbf, 0x68, 0x80, 0x70, 0xbf, 0x38, 0x3b, 0x70, 0xbf,
  0x75, 0xf5, 0x6f, 0xbf, 0x1c, 0xaf, 0x6f, 0xbf, 0x30, 0x68, 0x6f, 0xbf,
  0xb1, 0x20, 0x6f, 0xbf, 0x9e, 0xd8, 0x6e, 0xbf, 0xf8, 0x8f, 0x6e, 0xbf,
  0xc1, 0x46, 0x6e, 0xbf, 0xf4, 0xfc, 0x6d, 0xbf, 0x93, 0xb2, 0x6d, 0xbf,
  0xa3, 0x67, 0x6d, 0xbf, 0x1e, 0x1c, 0x6d, 0xbf, 0x08, 0xd0, 0x6c, 0xbf,
  0x60, 0x83, 0x6c, 0xbf, 0x25, 0x36, 0x6c, 0xbf, 0x5b, 0xe8, 0x6b, 0xbf,
  0xfd, 0x99, 0x6b, 0xbf, 0x0c, 0x4b, 0x6b, 0xbf, 0x8c, 0xfb, 0x6a, 0xbf,
  0x7b, 0xab, 0x6a, 0xbf, 0xda, 0x5a, 0x6a, 0xbf, 0xa7, 0x09, 0x6a, 0xbf,
  0xe4, 0xb7, 0x69, 0xbf, 0x92, 0x65, 0x69, 0xbf, 0xb0, 0x12, 0x69, 0xbf,
  0x3c, 0xbf, 0x68, 0xbf, 0x39, 0x6b, 0x68, 0xbf, 0xa8, 0x16, 0x68, 0xbf,
  0x88, 0xc1, 0x67, 0xbf, 0xd8, 0x6b, 0x67, 0xbf, 0x9b, 0x15, 0x67, 0xbf,
  0xcd, 0xbe, 0x66, 0xbf, 0x73, 0x67, 0x66, 0xbf, 0x88, 0x0f, 0x66, 0xbf,
  0x12, 0xb7, 0x65, 0xbf, 0x0c, 0x5e, 0x65, 0xbf, 0x7b, 0x04, 0x65, 0xbf,
  0x5b, 0xaa, 0x64, 0xbf, 0xae, 0x4f, 0x64, 0xbf, 0x74, 0xf4, 0x63, 0xbf,
  0xaf, 0x98, 0x63, 0xbf, 0x59, 0x3c, 0x63, 0xbf, 0x7c, 0xdf, 0x62, 0xbf,
  0x12, 0x82, 0x62, 0xbf, 0x1b, 0x24, 0x62, 0xbf, 0x98, 0xc5, 0x61, 0xbf,
  0x8c, 0x66, 0x61, 0xbf, 0xf2, 0x06, 0x61, 0xbf, 0xd1, 0xa6, 0x60, 0xbf,
  0x21, 0x46, 0x60, 0xbf, 0xea, 0xe4, 0x5f, 0xbf, 0x27, 0x83, 0x5f, 0xbf,
  0xdb, 0x20, 0x5f, 0xbf, 0x06, 0xbe, 0x5e, 0xbf, 0xa8, 0x5a, 0x5e, 0xbf,
  0xc1, 0xf6, 0x5d, 0xbf, 0x4e, 0x92, 0x5d, 0xbf, 0x54, 0x2d, 0x5d, 0xbf,
  0xd2, 0xc7, 0x5c, 0xbf, 0xc8, 0x61, 0x5c, 0xbf, 0x36, 0xfb, 0x5b, 0xbf,
  0x1c, 0x94, 0x5b, 0xbf, 0x7a, 0x2c, 0x5b, 0xbf, 0x50, 0xc4, 0x5a, 0xbf,
  0xa2, 0x5b, 0x5a, 0xbf, 0x6a, 0xf2, 0x59, 0xbf, 0xae, 0x88, 0x59, 0xbf,
  0x6d, 0x1e, 0x59, 0xbf, 0xa2, 0xb3, 0x58, 0xbf, 0x53, 0x48, 0x58, 0xbf,
  0x80, 0xdc, 0x57, 0xbf, 0x26, 0x70, 0x57, 0xbf, 0x48, 0x03, 0x57, 0xbf,
  0xe7, 0x95, 0x56, 0xbf, 0xfd, 0x27, 0x56, 0xbf, 0x93, 0xb9, 0x55, 0xbf,
  0xa4, 0x4a, 0x55, 0xbf, 0x33, 0xdb, 0x54, 0xbf, 0x3d, 0x6b, 0x54, 0xbf,
  0xc4, 0xfa, 0x53, 0xbf, 0xc8, 0x89, 0x53, 0xbf, 0x4a, 0x18, 0x53, 0xbf,
  0x4b, 0xa6, 0x52, 0xbf, 0xc8, 0x33, 0x52, 0xbf, 0xc4, 0xc0, 0x51, 0xbf,
  0x3e, 0x4d, 0x51, 0xbf, 0x38, 0xd9, 0x50, 0xbf, 0xb1, 0x64, 0x50, 0xbf,
  0xa8, 0xef, 0x4f, 0xbf, 0x20, 0x7a, 0x4f, 0xbf, 0x18, 0x04, 0x4f, 0xbf,
  0x90, 0x8d, 0x4e, 0xbf, 0x8a, 0x16, 0x4e, 0xbf, 0x03, 0x9f, 0x4d, 0xbf,
  0xfe, 0x26, 0x4d, 0xbf, 0x7a, 0xae, 0x4c, 0xbf, 0x79, 0x35, 0x4c, 0xbf,
  0xf8, 0xbb, 0x4b, 0xbf, 0xfc, 0x41, 0x4b, 0xbf, 0x80, 0xc7, 0x4a, 0xbf,
  0x88, 0x4c, 0x4a, 0xbf, 0x14, 0xd1, 0x49, 0xbf, 0x22, 0x55, 0x49, 0xbf,
  0xb4, 0xd8, 0x48, 0xbf, 0xcc, 0x5b, 0x48, 0xbf, 0x66, 0xde, 0x47, 0xbf,
  0x86, 0x60, 0x47, 0xbf, 0x2a, 0xe2, 0x46, 0xbf, 0x54, 0x63, 0x46, 0xbf,
  0x04, 0xe4, 0x45, 0xbf, 0x3a, 0x64, 0x45, 0xbf, 0xf6, 0xe3, 0x44, 0xbf,
  0x39, 0x63, 0x44, 0xbf, 0x03, 0xe2, 0x43, 0xbf, 0x52, 0x60, 0x43, 0xbf,
  0x2b, 0xde, 0x42, 0xbf, 0x8a, 0x5b, 0x42, 0xbf, 0x71, 0xd8, 0x41, 0xbf,
  0xe3, 0x54, 0x41, 0xbf, 0xda, 0xd0, 0x40, 0xbf, 0x5d, 0x4c, 0x40, 0xbf,
  0x67, 0xc7, 0x3f, 0xbf, 0xfe, 0x41, 0x3f, 0xbf, 0x1c, 0xbc, 0x3e, 0xbf,
  0xc6, 0x35, 0x3e, 0xbf, 0xfa, 0xae, 0x3d, 0xbf, 0xba, 0x27, 0x3d, 0xbf,
  0x03, 0xa0, 0x3c, 0xbf, 0xd9, 0x17, 0x3c, 0xbf, 0x3b, 0x8f, 0x3b, 0xbf,
  0x2a, 0x06, 0x3b, 0xbf, 0xa6, 0x7c, 0x3a, 0xbf, 0xad, 0xf2, 0x39, 0xbf,
  0x42, 0x68, 0x39, 0xbf, 0x66, 0xdd, 0x38, 0xbf, 0x15, 0x52, 0x38, 0xbf,
  0x56, 0xc6, 0x37, 0xbf, 0x24, 0x3a, 0x37, 0xbf, 0x80, 0xad, 0x36, 0xbf,
  0x6c, 0x20, 0x36, 0xbf, 0xe9, 0x92, 0x35, 0xbf, 0xf4, 0x04, 0x35, 0xbf,
  0x90, 0x76, 0x34, 0xbf, 0xbf, 0xe7, 0x33, 0xbf, 0x7a, 0x58, 0x33, 0xbf,
  0xca, 0xc8, 0x32, 0xbf, 0xab, 0x38, 0x32, 0xbf, 0x1e, 0xa8, 0x31, 0xbf,
  0x23, 0x17, 0x31, 0xbf, 0xbc, 0x85, 0x30, 0xbf, 0xe5, 0xf3, 0x2f, 0xbf,
  0xa5, 0x61, 0x2f, 0xbf, 0xf8, 0xce, 0x2e, 0xbf, 0xde, 0x3b, 0x2e, 0xbf,
  0x5a, 0xa8, 0x2d, 0xbf, 0x69, 0x14, 0x2d, 0xbf, 0x10, 0x80, 0x2c, 0xbf,
  0x4a, 0xeb, 0x2b, 0xbf, 0x1c, 0x56, 0x2b, 0xbf, 0x81, 0xc0, 0x2a, 0xbf,
  0x80, 0x2a, 0x2a, 0xbf, 0x17, 0x94, 0x29, 0xbf, 0x42, 0xfd, 0x28, 0xbf,
  0x07, 0x66, 0x28, 0xbf, 0x62, 0xce, 0x27, 0xbf, 0x57, 0x36, 0x27, 0xbf,
  0xe4, 0x9d, 0x26, 0xbf, 0x0c, 0x05, 0x26, 0xbf, 0xcc, 0x6b, 0x25, 0xbf,
  0x26, 0xd2, 0x24, 0xbf, 0x19, 0x38, 0x24, 0xbf, 0xaa, 0x9d, 0x23, 0xbf,
  0xd4, 0x02, 0x23, 0xbf, 0x99, 0x67, 0x22, 0xbf, 0xfc, 0xcb, 0x21, 0xbf,
  0xfa, 0x2f, 0x21, 0xbf, 0x95, 0x93, 0x20, 0xbf, 0xcc, 0xf6, 0x1f, 0xbf,
  0xa0, 0x59, 0x1f, 0xbf, 0x12, 0xbc, 0x1e, 0xbf, 0x24, 0x1e, 0x1e, 0xbf,
  0xd1, 0x7f, 0x1d, 0xbf, 0x1f, 0xe1, 0x1c, 0xbf, 0x0e, 0x42, 0x1c, 0xbf,
  0x9b, 0xa2, 0x1b, 0xbf, 0xc7, 0x02, 0x1b, 0xbf, 0x94, 0x62, 0x1a, 0xbf,
  0x02, 0xc2, 0x19, 0xbf, 0x0f, 0x21, 0x19, 0xbf, 0xc0, 0x7f, 0x18, 0xbf,
  0x14, 0xde, 0x17, 0xbf, 0x09, 0x3c, 0x17, 0xbf, 0x9f, 0x99, 0x16, 0xbf,
  0xda, 0xf6, 0x15, 0xbf, 0xb8, 0x53, 0x15, 0xbf, 0x3a, 0xb0, 0x14, 0xbf,
  0x60, 0x0c, 0x14, 0xbf, 0x2c, 0x68, 0x13, 0xbf, 0x9d, 0xc3, 0x12, 0xbf,
  0xb1, 0x1e, 0x12, 0xbf, 0x6c, 0x79, 0x11, 0xbf, 0xce, 0xd3, 0x10, 0xbf,
  0xd6, 0x2d, 0x10, 0xbf, 0x86, 0x87, 0x0f, 0xbf, 0xdc, 0xe0, 0x0e, 0xbf,
  0xd9, 0x39, 0x0e, 0xbf, 0x82, 0x92, 0x0d, 0xbf, 0xd2, 0xea, 0x0c, 0xbf,
  0xca, 0x42, 0x0c, 0xbf, 0x6b, 0x9a, 0x0b, 0xbf, 0xb7, 0xf1, 0x0a, 0xbf,
  0xae, 0x48, 0x0a, 0xbf, 0x51, 0x9f, 0x09, 0xbf, 0x9c, 0xf5, 0x08, 0xbf,
  0x93, 0x4b, 0x08, 0xbf, 0x35, 0xa1, 0x07, 0xbf, 0x85, 0xf6, 0x06, 0xbf,
  0x84, 0x4b, 0x06, 0xbf, 0x2e, 0xa0, 0x05, 0xbf, 0x84, 0xf4, 0x04, 0xbf,
  0x8b, 0x48, 0x04, 0xbf, 0x3e, 0x9c, 0x03, 0xbf, 0xa0, 0xef, 0x02, 0xbf,
  0xb2, 0x42, 0x02, 0xbf, 0x74, 0x95, 0x01, 0xbf, 0xe6, 0xe7, 0x00, 0xbf,
  0x08, 0x3a, 0x00, 0xbf, 0xb3, 0x17, 0xff, 0xbe, 0xbc, 0xba, 0xfd, 0xbe,
  0x27, 0x5d, 0xfc, 0xbe, 0xf8, 0xfe, 0xfa, 0xbe, 0x31, 0xa0, 0xf9, 0xbe,
  0xcd, 0x40, 0xf8, 0xbe, 0xcc, 0xe0, 0xf6, 0xbe, 0x39, 0x80, 0xf5, 0xbe,
  0x06, 0x1f, 0xf4, 0xbe, 0x43, 0xbd, 0xf2, 0xbe, 0xec, 0x5a, 0xf1, 0xbe,
  0xfa, 0xf7, 0xef, 0xbe, 0x7c, 0x94, 0xee, 0xbe, 0x63, 0x30, 0xed, 0xbe,
  0xba, 0xcb, 0xeb, 0xbe, 0x85, 0x66, 0xea, 0xbe, 0xb8, 0x00, 0xe9, 0xbe,
  0x61, 0x9a, 0xe7, 0xbe, 0x77, 0x33, 0xe6, 0xbe, 0x00, 0xcc, 0xe4, 0xbe,
  0xfc, 0x63, 0xe3, 0xbe, 0x6b, 0xfb, 0xe1, 0xbe, 0x51, 0x92, 0xe0, 0xbe,
  0xad, 0x28, 0xdf, 0xbe, 0x7c, 0xbe, 0xdd, 0xbe, 0xc5, 0x53, 0xdc, 0xbe,
  0x84, 0xe8, 0xda, 0xbe, 0xbd, 0x7c, 0xd9, 0xbe, 0x6c, 0x10, 0xd8, 0xbe,
  0x9c, 0xa3, 0xd6, 0xbe, 0x43, 0x36, 0xd5, 0xbe, 0x6a, 0xc8, 0xd3, 0xbe,
  0x0e, 0x5a, 0xd2, 0xbe, 0x2b, 0xeb, 0xd0, 0xbe, 0xcd, 0x7b, 0xcf, 0xbe,
  0xec, 0x0b, 0xce, 0xbe, 0x8b, 0x9b, 0xcc, 0xbe, 0xb2, 0x2a, 0xcb, 0xbe,
  0x55, 0xb9, 0xc9, 0xbe, 0x80, 0x47, 0xc8, 0xbe, 0x2b, 0xd5, 0xc6, 0xbe,
  0x61, 0x62, 0xc5, 0xbe, 0x17, 0xef, 0xc3, 0xbe, 0x58, 0x7b, 0xc2, 0xbe,
  0x21, 0x07, 0xc1, 0xbe, 0x70, 0x92, 0xbf, 0xbe, 0x4d, 0x1d, 0xbe, 0xbe,
  0xb2, 0xa7, 0xbc, 0xbe, 0xa4, 0x31, 0xbb, 0xbe, 0x21, 0xbb, 0xb9, 0xbe,
  0x2c, 0x44, 0xb8, 0xbe, 0xc4, 0xcc, 0xb6, 0xbe, 0xeb, 0x54, 0xb5, 0xbe,
  0xa6, 0xdc, 0xb3, 0xbe, 0xf0, 0x63, 0xb2, 0xbe, 0xcd, 0xea, 0xb0, 0xbe,
  0x3d, 0x71, 0xaf, 0xbe, 0x40, 0xf7, 0xad, 0xbe, 0xd5, 0x7c, 0xac, 0xbe,
  0x06, 0x02, 0xab, 0xbe, 0xc7, 0x86, 0xa9, 0xbe, 0x21, 0x0b, 0xa8, 0xbe,
  0x12, 0x8f, 0xa6, 0xbe, 0x9f, 0x12, 0xa5, 0xbe, 0xc7, 0x95, 0xa3, 0xbe,
  0x88, 0x18, 0xa2, 0xbe, 0xe7, 0x9a, 0xa0, 0xbe, 0xe1, 0x1c, 0x9f, 0xbe,
  0x76, 0x9e, 0x9d, 0xbe, 0xb1, 0x1f, 0x9c, 0xbe, 0x88, 0xa0, 0x9a, 0xbe,
  0x00, 0x21, 0x99, 0xbe, 0x17, 0xa1, 0x97, 0xbe, 0xd4, 0x20, 0x96, 0xbe,
  0x36, 0xa0, 0x94, 0xbe, 0x3a, 0x1f, 0x93, 0xbe, 0xdf, 0x9d, 0x91, 0xbe,
  0x32, 0x1c, 0x90, 0xbe, 0x22, 0x9a, 0x8e, 0xbe, 0xbf, 0x17, 0x8d, 0xbe,
  0x08, 0x95, 0x8b, 0xbe, 0xf7, 0x11, 0x8a, 0xbe, 0x95, 0x8e, 0x88, 0xbe,
  0xdb, 0x0a, 0x87, 0xbe, 0xd1, 0x86, 0x85, 0xbe, 0x73, 0x02, 0x84, 0xbe,
  0xc5, 0x7d, 0x82, 0xbe, 0xc3, 0xf8, 0x80, 0xbe, 0xe7, 0xe6, 0x7e, 0xbe,
  0xa7, 0xdb, 0x7b, 0xbe, 0xcd, 0xcf, 0x78, 0xbe, 0x5f, 0xc3, 0x75, 0xbe,
  0x57, 0xb6, 0x72, 0xbe, 0xb5, 0xa8, 0x6f, 0xbe, 0x7f, 0x9a, 0x6c, 0xbe,
  0xc2, 0x8b, 0x69, 0xbe, 0x65, 0x7c, 0x66, 0xbe, 0x88, 0x6c, 0x63, 0xbe,
  0x17, 0x5c, 0x60, 0xbe, 0x21, 0x4b, 0x5d, 0xbe, 0x96, 0x39, 0x5a, 0xbe,
  0x93, 0x27, 0x57, 0xbe, 0x09, 0x15, 0x54, 0xbe, 0xfa, 0x01, 0x51, 0xbe,
  0x5d, 0xee, 0x4d, 0xbe, 0x4f, 0xda, 0x4a, 0xbe, 0xc7, 0xc5, 0x47, 0xbe,
  0xc0, 0xb0, 0x44, 0xbe, 0x3a, 0x9b, 0x41, 0xbe, 0x41, 0x85, 0x3e, 0xbe,
  0xd0, 0x6e, 0x3b, 0xbe, 0xf3, 0x57, 0x38, 0xbe, 0x9d, 0x40, 0x35, 0xbe,
  0xd6, 0x28, 0x32, 0xbe, 0xaa, 0x10, 0x2f, 0xbe, 0x0b, 0xf8, 0x2b, 0xbe,
  0x02, 0xdf, 0x28, 0xbe, 0x93, 0xc5, 0x25, 0xbe, 0xb9, 0xab, 0x22, 0xbe,
  0x82, 0x91, 0x1f, 0xbe, 0xdf, 0x76, 0x1c, 0xbe, 0xdd, 0x5b, 0x19, 0xbe,
  0x85, 0x40, 0x16, 0xbe, 0xcf, 0x24, 0x13, 0xbe, 0xbb, 0x08, 0x10, 0xbe,
  0x4f, 0xec, 0x0c, 0xbe, 0x86, 0xcf, 0x09, 0xbe, 0x73, 0xb2, 0x06, 0xbe,
  0x08, 0x95, 0x03, 0xbe, 0x47, 0x77, 0x00, 0xbe, 0x83, 0xb2, 0xfa, 0xbd,
  0xbe, 0x75, 0xf4, 0xbd, 0x80, 0x38, 0xee, 0xbd, 0xa0, 0xfa, 0xe7, 0xbd,
  0x2d, 0xbc, 0xe1, 0xbd, 0x41, 0x7d, 0xdb, 0xbd, 0xc2, 0x3d, 0xd5, 0xbd,
  0xbc, 0xfd, 0xce, 0xbd, 0x41, 0xbd, 0xc8, 0xbd, 0x40, 0x7c, 0xc2, 0xbd,
  0xd0, 0x3a, 0xbc, 0xbd, 0xe0, 0xf8, 0xb5, 0xbd, 0x90, 0xb6, 0xaf, 0xbd,
  0xc0, 0x73, 0xa9, 0xbd, 0x90, 0x30, 0xa3, 0xbd, 0x00, 0xed, 0x9c, 0xbd,
  0x10, 0xa9, 0x96, 0xbd, 0xc1, 0x64, 0x90, 0xbd, 0x10, 0x20, 0x8a, 0xbd,
  0x10, 0xdb, 0x83, 0xbd, 0x80, 0x2b, 0x7b, 0xbd, 0x41, 0xa0, 0x6e, 0xbd,
  0x80, 0x14, 0x62, 0xbd, 0x1f, 0x88, 0x55, 0xbd, 0x41, 0xfb, 0x48, 0xbd,
  0xdf, 0x6d, 0x3c, 0xbd, 0x20, 0xe0, 0x2f, 0xbd, 0xdf, 0x51, 0x23, 0xbd,
  0x40, 0xc3, 0x16, 0xbd, 0x41, 0x34, 0x0a, 0xbd, 0xc3, 0x49, 0xfb, 0xbc,
  0x82, 0x2a, 0xe2, 0xbc, 0xc1, 0x0a, 0xc9, 0xbc, 0x7e, 0xea, 0xaf, 0xbc,
  0xc1, 0xc9, 0x96, 0xbc, 0x85, 0x51, 0x7b, 0xbc, 0xfd, 0x0e, 0x49, 0xbc,
  0x80, 0xcb, 0x16, 0xbc, 0x01, 0x10, 0xc9, 0xbb, 0xff, 0x0f, 0x49, 0xbb,
  0x00, 0x00, 0x00, 0x00, 0x00, 0x00, 0x00, 0x00, 0x00, 0x00, 0x00, 0x00,
  0x00, 0x00, 0x00, 0x00, 0x00, 0x00, 0x00, 0x00, 0x00, 0x00, 0x00, 0x00,
  0x00, 0x00, 0x00, 0x00, 0x00, 0x00, 0x00, 0x00, 0x00, 0x00, 0x00, 0x00,
  0x00, 0x00, 0x00, 0x00, 0x00, 0x00, 0x00, 0x00, 0x00, 0x00, 0x00, 0x00,
  0x00, 0x00, 0x00, 0x00, 0x00, 0x00, 0x00, 0x00, 0x00, 0x00, 0x00, 0x00,
  0x00, 0x00, 0x00, 0x00, 0x00, 0x00, 0x00, 0x00, 0x00, 0x00, 0x00, 0x00,
  0x00, 0x00, 0x00, 0x00, 0x00, 0x00, 0x00, 0x00, 0x00, 0x00, 0x00, 0x00,
  0x00, 0x00, 0x00, 0x00, 0x00, 0x00, 0x00, 0x00, 0x00, 0x00, 0x00, 0x00,
  0x00, 0x00, 0x00, 0x00, 0x00, 0x00, 0x00, 0x00, 0x00, 0x00, 0x00, 0x00,
  0x00, 0x00, 0x00, 0x00, 0x00, 0x00, 0x00, 0x00, 0x00, 0x00, 0x00, 0x00,
  0x00, 0x00, 0x00, 0x00, 0x00, 0x00, 0x00, 0x00, 0x00, 0x00, 0x00, 0x00,
  0x00, 0x00, 0x00, 0x00, 0x00, 0x00, 0x00, 0x00, 0x00, 0x00, 0x00, 0x00,
  0x00, 0x00, 0x00, 0x00, 0x00, 0x00, 0x00, 0x00, 0x00, 0x00, 0x00, 0x00,
  0x00, 0x00, 0x00, 0x00, 0x00, 0x00, 0x00, 0x00, 0x00, 0x00, 0x00, 0x00,
  0x00, 0x00, 0x00, 0x00, 0x00, 0x00, 0x00, 0x00, 0x00, 0x00, 0x00, 0x00,
  0x00, 0x00, 0x00, 0x00, 0x00, 0x00, 0x00, 0x00, 0x00, 0x00, 0x00, 0x00,
  0x00, 0x00, 0x00, 0x00, 0x00, 0x00, 0x00, 0x00, 0x00, 0x00, 0x00, 0x00,
  0x00, 0x00, 0x00, 0x00, 0x00, 0x00, 0x00, 0x00, 0x00, 0x00, 0x00, 0x00,
  0x00, 0x00, 0x00, 0x00, 0x00, 0x00, 0x00, 0x00, 0x00, 0x00, 0x00, 0x00,
  0x00, 0x00, 0x00, 0x00, 0x00, 0x00, 0x00, 0x00, 0x00, 0x00, 0x00, 0x00,
  0x00, 0x00, 0x00, 0x00, 0x00, 0x00, 0x00, 0x00, 0x00, 0x00, 0x00, 0x00,
  0x00, 0x00, 0x00, 0x00, 0x00, 0x00, 0x00, 0x00, 0x00, 0x00, 0x00, 0x00,
  0x00, 0x00, 0x00, 0x00, 0x00, 0x00, 0x00, 0x00, 0x00, 0x00, 0x00, 0x00,
  0x00, 0x00, 0x00, 0x00, 0x00, 0x00, 0x00, 0x00, 0x00, 0x00, 0x00, 0x00,
  0x00, 0x00, 0x00, 0x00, 0x00, 0x00, 0x00, 0x00, 0x00, 0x00, 0x00, 0x00,
  0x00, 0x00, 0x00, 0x00, 0x00, 0x00, 0x00, 0x00, 0x00, 0x00, 0x00, 0x00,
  0x00, 0x00, 0x00, 0x00, 0x00, 0x00, 0x00, 0x00, 0x00, 0x00, 0x00, 0x00,
  0x00, 0x00, 0x00, 0x00, 0x00, 0x00, 0x00, 0x00, 0x00, 0x00, 0x00, 0x00,
  0x00, 0x00, 0x00, 0x00, 0x00, 0x00, 0x00, 0x00, 0x00, 0x00, 0x00, 0x00,
  0x00, 0x00, 0x00, 0x00, 0x00, 0x00, 0x00, 0x00, 0x00, 0x00, 0x00, 0x00,
  0x00, 0x00, 0x00, 0x00, 0x00, 0x00, 0x00, 0x00, 0x00, 0x00, 0x00, 0x00,
  0x00, 0x00, 0x00, 0x00, 0x00, 0x00, 0x00, 0x00, 0x00, 0x00, 0x00, 0x00,
  0x00, 0x00, 0x00, 0x00, 0x00, 0x00, 0x00, 0x00, 0x00, 0x00, 0x00, 0x00,
  0x00, 0x00, 0x00, 0x00, 0x00, 0x00, 0x00, 0x00, 0x00, 0x00, 0x00, 0x00,
  0x00, 0x00, 0x00, 0x00, 0x00, 0x00, 0x00, 0x00, 0x00, 0x00, 0x00, 0x00,
  0x00, 0x00, 0x00, 0x00, 0x00, 0x00, 0x00, 0x00, 0x00, 0x00, 0x00, 0x00,
  0x00, 0x00, 0x00, 0x00, 0x00, 0x00, 0x00, 0x00, 0x00, 0x00, 0x00, 0x00,
  0x00, 0x00, 0x00, 0x00, 0x00, 0x00, 0x00, 0x00, 0x00, 0x00, 0x00, 0x00,
  0x00, 0x00, 0x00, 0x00, 0x00, 0x00, 0x00, 0x00, 0x00, 0x00, 0x00, 0x00,
  0x00, 0x00, 0x00, 0x00, 0x00, 0x00, 0x00, 0x00, 0x00, 0x00, 0x00, 0x00,
  0x00, 0x00, 0x00, 0x00, 0x00, 0x00, 0x00, 0x00, 0x00, 0x00, 0x00, 0x00,
  0x00, 0x00, 0x00, 0x00, 0x00, 0x00, 0x00, 0x00, 0x00, 0x00, 0x00, 0x00,
  0x00, 0x00, 0x00, 0x00, 0x00, 0x00, 0x00, 0x00, 0x00, 0x00, 0x00, 0x00,
  0x00, 0x00, 0x00, 0x00, 0x00, 0x00, 0x00, 0x00, 0x00, 0x00, 0x00, 0x00,
  0x00, 0x00, 0x00, 0x00, 0x00, 0x00, 0x00, 0x00, 0x00, 0x00, 0x00, 0x00,
  0x00, 0x00, 0x00, 0x00, 0x00, 0x00, 0x00, 0x00, 0x00, 0x00, 0x00, 0x00,
  0x00, 0x00, 0x00, 0x00, 0x00, 0x00, 0x00, 0x00, 0x00, 0x00, 0x00, 0x00,
  0x00, 0x00, 0x00, 0x00, 0x00, 0x00, 0x00, 0x00, 0x00, 0x00, 0x00, 0x00,
  0x00, 0x00, 0x00, 0x00, 0x00, 0x00, 0x00, 0x00, 0x00, 0x00, 0x00, 0x00,
  0x00, 0x00, 0x00, 0x00, 0x00, 0x00, 0x00, 0x00, 0x00, 0x00, 0x00, 0x00,
  0x00, 0x00, 0x00, 0x00, 0x00, 0x00, 0x00, 0x00, 0x00, 0x00, 0x00, 0x00,
  0x00, 0x00, 0x00, 0x00, 0x00, 0x00, 0x00, 0x00, 0x00, 0x00, 0x00, 0x00,
  0x00, 0x00, 0x00, 0x00, 0x00, 0x00, 0x00, 0x00, 0x00, 0x00, 0x00, 0x00,
  0x00, 0x00, 0x00, 0x00, 0x00, 0x00, 0x00, 0x00, 0x00, 0x00, 0x00, 0x00,
  0x00, 0x00, 0x00, 0x00, 0x00, 0x00, 0x00, 0x00, 0x00, 0x00, 0x00, 0x00,
  0x00, 0x00, 0x00, 0x00, 0x00, 0x00, 0x00, 0x00, 0x00, 0x00, 0x00, 0x00,
  0x00, 0x00, 0x00, 0x00, 0x00, 0x00, 0x00, 0x00, 0x00, 0x00, 0x00, 0x00,
  0x00, 0x00, 0x00, 0x00, 0x00, 0x00, 0x00, 0x00, 0x00, 0x00, 0x00, 0x00,
  0x00, 0x00, 0x00, 0x00, 0x00, 0x00, 0x00, 0x00, 0x00, 0x00, 0x00, 0x00,
  0x00, 0x00, 0x00, 0x00, 0x00, 0x00, 0x00, 0x00, 0x00, 0x00, 0x00, 0x00,
  0x00, 0x00, 0x00, 0x00, 0x00, 0x00, 0x00, 0x00, 0x00, 0x00, 0x00, 0x00,
  0x00, 0x00, 0x00, 0x00, 0x00, 0x00, 0x00, 0x00, 0x00, 0x00, 0x00, 0x00,
  0x00, 0x00, 0x00, 0x00, 0x00, 0x00, 0x00, 0x00, 0x00, 0x00, 0x00, 0x00,
  0x00, 0x00, 0x00, 0x00, 0x00, 0x00, 0x00, 0x00, 0x00, 0x00, 0x00, 0x00,
  0x00, 0x00, 0x00, 0x00, 0x00, 0x00, 0x00, 0x00, 0x00, 0x00, 0x00, 0x00,
  0x00, 0x00, 0x00, 0x00, 0x00, 0x00, 0x00, 0x00, 0x00, 0x00, 0x00, 0x00,
  0x00, 0x00, 0x00, 0x00, 0x00, 0x00, 0x00, 0x00, 0x00, 0x00, 0x00, 0x00,
  0x00, 0x00, 0x00, 0x00, 0x00, 0x00, 0x00, 0x00, 0x00, 0x00, 0x00, 0x00,
  0x00, 0x00, 0x00, 0x00, 0x00, 0x00, 0x00, 0x00, 0x00, 0x00, 0x00, 0x00,
  0x00, 0x00, 0x00, 0x00, 0x00, 0x00, 0x00, 0x00, 0x00, 0x00, 0x00, 0x00,
  0x00, 0x00, 0x00, 0x00, 0x00, 0x00, 0x00, 0x00, 0x00, 0x00, 0x00, 0x00,
  0x00, 0x00, 0x00, 0x00, 0x00, 0x00, 0x00, 0x00, 0x00, 0x00, 0x00, 0x00,
  0x00, 0x00, 0x00, 0x00, 0x00, 0x00, 0x00, 0x00, 0x00, 0x00, 0x00, 0x00,
  0x00, 0x00, 0x00, 0x00, 0x00, 0x00, 0x00, 0x00, 0x00, 0x00, 0x00, 0x00,
  0x00, 0x00, 0x00, 0x00, 0x00, 0x00, 0x00, 0x00, 0x00, 0x00, 0x00, 0x00,
  0x00, 0x00, 0x00, 0x00, 0x00, 0x00, 0x00, 0x00, 0x00, 0x00, 0x00, 0x00,
  0x00, 0x00, 0x00, 0x00, 0x00, 0x00, 0x00, 0x00, 0x00, 0x00, 0x00, 0x00,
  0x00, 0x00, 0x00, 0x00, 0x00, 0x00, 0x00, 0x00, 0x00, 0x00, 0x00, 0x00,
  0x00, 0x00, 0x00, 0x00, 0x00, 0x00, 0x00, 0x00, 0x00, 0x00, 0x00, 0x00,
  0x00, 0x00, 0x00, 0x00, 0x00, 0x00, 0x00, 0x00, 0x00, 0x00, 0x00, 0x00,
  0x00, 0x00, 0x00, 0x00, 0x00, 0x00, 0x00, 0x00, 0x00, 0x00, 0x00, 0x00,
  0x00, 0x00, 0x00, 0x00, 0x00, 0x00, 0x00, 0x00, 0x00, 0x00, 0x00, 0x00,
  0x00, 0x00, 0x00, 0x00, 0x00, 0x00, 0x00, 0x00, 0x00, 0x00, 0x00, 0x00,
  0x00, 0x00, 0x00, 0x00, 0x00, 0x00, 0x00, 0x00, 0x00, 0x00, 0x00, 0x00,
  0x00, 0x00, 0x00, 0x00, 0x00, 0x00, 0x00, 0x00, 0x00, 0x00, 0x00, 0x00,
  0x00, 0x00, 0x00, 0x00, 0x00, 0x00, 0x00, 0x00, 0x00, 0x00, 0x00, 0x00,
  0x00, 0x00, 0x00, 0x00, 0x00, 0x00, 0x00, 0x00, 0x00, 0x00, 0x00, 0x00,
  0x00, 0x00, 0x00, 0x00, 0x00, 0x00, 0x00, 0x00, 0x00, 0x00, 0x00, 0x00,
  0x00, 0x00, 0x00, 0x00, 0x00, 0x00, 0x00, 0x00, 0x00, 0x00, 0x00, 0x00,
  0x00, 0x00, 0x00, 0x00, 0x00, 0x00, 0x00, 0x00, 0x00, 0x00, 0x00, 0x00,
  0x00, 0x00, 0x00, 0x00, 0x00, 0x00, 0x00, 0x00, 0x00, 0x00, 0x00, 0x00,
  0x00, 0x00, 0x00, 0x00, 0x00, 0x00, 0x00, 0x00, 0x00, 0x00, 0x00, 0x00,
  0x00, 0x00, 0x00, 0x00, 0x00, 0x00, 0x00, 0x00, 0x00, 0x00, 0x00, 0x00,
  0x00, 0x00, 0x00, 0x00, 0x00, 0x00, 0x00, 0x00, 0x00, 0x00, 0x00, 0x00,
  0x00, 0x00, 0x00, 0x00, 0x00, 0x00, 0x00, 0x00, 0x00, 0x00, 0x00, 0x00,
  0x00, 0x00, 0x00, 0x00, 0x00, 0x00, 0x00, 0x00, 0x00, 0x00, 0x00, 0x00,
  0x00, 0x00, 0x00, 0x00, 0x00, 0x00, 0x00, 0x00, 0x00, 0x00, 0x00, 0x00,
  0x00, 0x00, 0x00, 0x00, 0x00, 0x00, 0x00, 0x00, 0x00, 0x00, 0x00, 0x00,
  0x00, 0x00, 0x00, 0x00, 0x00, 0x00, 0x00, 0x00, 0x00, 0x00, 0x00, 0x00,
  0x00, 0x00, 0x00, 0x00, 0x00, 0x00, 0x00, 0x00, 0x00, 0x00, 0x00, 0x00,
  0x00, 0x00, 0x00, 0x00, 0x00, 0x00, 0x00, 0x00, 0x00, 0x00, 0x00, 0x00,
  0x00, 0x00, 0x00, 0x00, 0x00, 0x00, 0x00, 0x00, 0x00, 0x00, 0x00, 0x00,
  0x00, 0x00, 0x00, 0x00, 0x00, 0x00, 0x00, 0x00, 0x00, 0x00, 0x00, 0x00,
  0x00, 0x00, 0x00, 0x00, 0x00, 0x00, 0x00, 0x00, 0x00, 0x00, 0x00, 0x00,
  0x00, 0x00, 0x00, 0x00, 0x00, 0x00, 0x00, 0x00, 0x00, 0x00, 0x00, 0x00,
  0x00, 0x00, 0x00, 0x00, 0x00, 0x00, 0x00, 0x00, 0x00, 0x00, 0x00, 0x00,
  0x00, 0x00, 0x00, 0x00, 0x00, 0x00, 0x00, 0x00, 0x00, 0x00, 0x00, 0x00,
  0x00, 0x00, 0x00, 0x00, 0x00, 0x00, 0x00, 0x00, 0x00, 0x00, 0x00, 0x00,
  0x00, 0x00, 0x00, 0x00, 0x00, 0x00, 0x00, 0x00, 0x00, 0x00, 0x00, 0x00,
  0x00, 0x00, 0x00, 0x00, 0x00, 0x00, 0x00, 0x00, 0x00, 0x00, 0x00, 0x00,
  0x00, 0x00, 0x00, 0x00, 0x00, 0x00, 0x00, 0x00, 0x00, 0x00, 0x00, 0x00,
  0x00, 0x00, 0x00, 0x00, 0x00, 0x00, 0x00, 0x00, 0x00, 0x00, 0x00, 0x00,
  0x00, 0x00, 0x00, 0x00, 0x00, 0x00, 0x00, 0x00, 0x00, 0x00, 0x00, 0x00,
  0x00, 0x00, 0x00, 0x00, 0x00, 0x00, 0x00, 0x00, 0x00, 0x00, 0x00, 0x00,
  0x00, 0x00, 0x00, 0x00, 0x00, 0x00, 0x00, 0x00, 0x00, 0x00, 0x00, 0x00,
  0x00, 0x00, 0x00, 0x00, 0x00, 0x00, 0x00, 0x00, 0x00, 0x00, 0x00, 0x00,
  0x00, 0x00, 0x00, 0x00, 0x00, 0x00, 0x00, 0x00, 0x00, 0x00, 0x00, 0x00,
  0x00, 0x00, 0x00, 0x00, 0x00, 0x00, 0x00, 0x00, 0x00, 0x00, 0x00, 0x00,
  0x00, 0x00, 0x00, 0x00, 0x00, 0x00, 0x00, 0x00, 0x00, 0x00, 0x00, 0x00,
  0x00, 0x00, 0x00, 0x00, 0x00, 0x00, 0x00, 0x00, 0x00, 0x00, 0x00, 0x00,
  0x00, 0x00, 0x00, 0x00, 0x00, 0x00, 0x00, 0x00, 0x00, 0x00, 0x00, 0x00,
  0x00, 0x00, 0x00, 0x00, 0x00, 0x00, 0x00, 0x00, 0x00, 0x00, 0x00, 0x00,
  0x00, 0x00, 0x00, 0x00, 0x00, 0x00, 0x00, 0x00, 0x00, 0x00, 0x00, 0x00,
  0x00, 0x00, 0x00, 0x00, 0x00, 0x00, 0x00, 0x00, 0x00, 0x00, 0x00, 0x00,
  0x00, 0x00, 0x00, 0x00, 0x00, 0x00, 0x00, 0x00, 0x00, 0x00, 0x00, 0x00,
  0x00, 0x00, 0x00, 0x00, 0x00, 0x00, 0x00, 0x00, 0x00, 0x00, 0x00, 0x00,
  0x00, 0x00, 0x00, 0x00, 0x00, 0x00, 0x00, 0x00, 0x00, 0x00, 0x00, 0x00,
  0x00, 0x00, 0x00, 0x00, 0x00, 0x00, 0x00, 0x00, 0x00, 0x00, 0x00, 0x00,
  0x00, 0x00, 0x00, 0x00, 0x00, 0x00, 0x00, 0x00, 0x00, 0x00, 0x00, 0x00,
  0x00, 0x00, 0x00, 0x00, 0x00, 0x00, 0x00, 0x00, 0x00, 0x00, 0x00, 0x00,
  0x00, 0x00, 0x00, 0x00, 0x00, 0x00, 0x00, 0x00, 0x00, 0x00, 0x00, 0x00,
  0x00, 0x00, 0x00, 0x00, 0x00, 0x00, 0x00, 0x00, 0x00, 0x00, 0x00, 0x00,
  0x00, 0x00, 0x00, 0x00, 0x00, 0x00, 0x00, 0x00, 0x00, 0x00, 0x00, 0x00,
  0x00, 0x00, 0x00, 0x00, 0x00, 0x00, 0x00, 0x00, 0x00, 0x00, 0x00, 0x00,
  0x00, 0x00, 0x00, 0x00, 0x00, 0x00, 0x00, 0x00, 0x00, 0x00, 0x00, 0x00,
  0x00, 0x00, 0x00, 0x00, 0x00, 0x00, 0x00, 0x00, 0x00, 0x00, 0x00, 0x00,
  0x00, 0x00, 0x00, 0x00, 0x00, 0x00, 0x00, 0x00, 0x00, 0x00, 0x00, 0x00,
  0x00, 0x00, 0x00, 0x00, 0x00, 0x00, 0x00, 0x00, 0x00, 0x00, 0x00, 0x00,
  0x00, 0x00, 0x00, 0x00, 0x00, 0x00, 0x00, 0x00, 0x00, 0x00, 0x00, 0x00,
  0x00, 0x00, 0x00, 0x00, 0x00, 0x00, 0x00, 0x00, 0x00, 0x00, 0x00, 0x00,
  0x00, 0x00, 0x00, 0x00, 0x00, 0x00, 0x00, 0x00, 0x00, 0x00, 0x00, 0x00,
  0x00, 0x00, 0x00, 0x00, 0x00, 0x00, 0x00, 0x00, 0x00, 0x00, 0x00, 0x00,
  0x00, 0x00, 0x00, 0x00, 0x00, 0x00, 0x00, 0x00, 0x00, 0x00, 0x00, 0x00,
  0x00, 0x00, 0x00, 0x00, 0x00, 0x00, 0x00, 0x00, 0x00, 0x00, 0x00, 0x00,
  0x00, 0x00, 0x00, 0x00, 0x00, 0x00, 0x00, 0x00, 0x00, 0x00, 0x00, 0x00,
  0x00, 0x00, 0x00, 0x00, 0x00, 0x00, 0x00, 0x00, 0x00, 0x00, 0x00, 0x00,
  0x00, 0x00, 0x00, 0x00, 0x00, 0x00, 0x00, 0x00, 0x00, 0x00, 0x00, 0x00,
  0x00, 0x00, 0x00, 0x00, 0x00, 0x00, 0x00, 0x00, 0x00, 0x00, 0x00, 0x00,
  0x00, 0x00, 0x00, 0x00, 0x00, 0x00, 0x00, 0x00, 0x00, 0x00, 0x00, 0x00,
  0x00, 0x00, 0x00, 0x00, 0x00, 0x00, 0x00, 0x00, 0x00, 0x00, 0x00, 0x00,
  0x00, 0x00, 0x00, 0x00, 0x00, 0x00, 0x00, 0x00, 0x00, 0x00, 0x00, 0x00,
  0x00, 0x00, 0x00, 0x00, 0x00, 0x00, 0x00, 0x00, 0x00, 0x00, 0x00, 0x00,
  0x00, 0x00, 0x00, 0x00, 0x00, 0x00, 0x00, 0x00, 0x00, 0x00, 0x00, 0x00,
  0x00, 0x00, 0x00, 0x00, 0x00, 0x00, 0x00, 0x00, 0x00, 0x00, 0x00, 0x00,
  0x00, 0x00, 0x00, 0x00, 0x00, 0x00, 0x00, 0x00, 0x00, 0x00, 0x00, 0x00,
  0x00, 0x00, 0x00, 0x00, 0x00, 0x00, 0x00, 0x00, 0x00, 0x00, 0x00, 0x00,
  0x00, 0x00, 0x00, 0x00, 0x00, 0x00, 0x00, 0x00, 0x00, 0x00, 0x00, 0x00,
  0x00, 0x00, 0x00, 0x00, 0x00, 0x00, 0x00, 0x00, 0x00, 0x00, 0x00, 0x00,
  0x00, 0x00, 0x00, 0x00, 0x00, 0x00, 0x00, 0x00, 0x00, 0x00, 0x00, 0x00,
  0x00, 0x00, 0x00, 0x00, 0x00, 0x00, 0x00, 0x00, 0x00, 0x00, 0x00, 0x00,
  0x00, 0x00, 0x00, 0x00, 0x00, 0x00, 0x00, 0x00, 0x00, 0x00, 0x00, 0x00,
  0x00, 0x00, 0x00, 0x00, 0x00, 0x00, 0x00, 0x00, 0x00, 0x00, 0x00, 0x00,
  0x00, 0x00, 0x00, 0x00, 0x00, 0x00, 0x00, 0x00, 0x00, 0x00, 0x00, 0x00,
  0x00, 0x00, 0x00, 0x00, 0x00, 0x00, 0x00, 0x00, 0x00, 0x00, 0x00, 0x00,
  0x00, 0x00, 0x00, 0x00, 0x00, 0x00, 0x00, 0x00, 0x00, 0x00, 0x00, 0x00,
  0x00, 0x00, 0x00, 0x00, 0x00, 0x00, 0x00, 0x00, 0x00, 0x00, 0x00, 0x00,
  0x00, 0x00, 0x00, 0x00, 0x00, 0x00, 0x00, 0x00, 0x00, 0x00, 0x00, 0x00,
  0x00, 0x00, 0x00, 0x00, 0x00, 0x00, 0x00, 0x00, 0x00, 0x00, 0x00, 0x00,
  0x00, 0x00, 0x00, 0x00, 0x00, 0x00, 0x00, 0x00, 0x00, 0x00, 0x00, 0x00,
  0x00, 0x00, 0x00, 0x00, 0x00, 0x00, 0x00, 0x00, 0x00, 0x00, 0x00, 0x00,
  0x00, 0x00, 0x00, 0x00, 0x00, 0x00, 0x00, 0x00, 0x00, 0x00, 0x00, 0x00,
  0x00, 0x00, 0x00, 0x00, 0x00, 0x00, 0x00, 0x00, 0x00, 0x00, 0x00, 0x00,
  0x00, 0x00, 0x00, 0x00, 0x00, 0x00, 0x00, 0x00, 0x00, 0x00, 0x00, 0x00,
  0x00, 0x00, 0x00, 0x00, 0x00, 0x00, 0x00, 0x00, 0x00, 0x00, 0x00, 0x00,
  0x00, 0x00, 0x00, 0x00, 0x00, 0x00, 0x00, 0x00, 0x00, 0x00, 0x00, 0x00,
  0x00, 0x00, 0x00, 0x00, 0x00, 0x00, 0x00, 0x00, 0x00, 0x00, 0x00, 0x00,
  0x00, 0x00, 0x00, 0x00, 0x00, 0x00, 0x00, 0x00, 0x00, 0x00, 0x00, 0x00,
  0x00, 0x00, 0x00, 0x00, 0x00, 0x00, 0x00, 0x00, 0x00, 0x00, 0x00, 0x00,
  0x00, 0x00, 0x00, 0x00, 0x00, 0x00, 0x00, 0x00, 0x00, 0x00, 0x00, 0x00,
  0x00, 0x00, 0x00, 0x00, 0x00, 0x00, 0x00, 0x00, 0x00, 0x00, 0x00, 0x00,
  0x00, 0x00, 0x00, 0x00, 0x00, 0x00, 0x00, 0x00, 0x00, 0x00, 0x00, 0x00,
  0x00, 0x00, 0x00, 0x00, 0x00, 0x00, 0x00, 0x00, 0x00, 0x00, 0x00, 0x00,
  0x00, 0x00, 0x00, 0x00, 0x00, 0x00, 0x00, 0x00, 0x00, 0x00, 0x00, 0x00,
  0x00, 0x00, 0x00, 0x00, 0x00, 0x00, 0x00, 0x00, 0x00, 0x00, 0x00, 0x00,
  0x00, 0x00, 0x00, 0x00, 0x00, 0x00, 0x00, 0x00, 0x00, 0x00, 0x00, 0x00,
  0x00, 0x00, 0x00, 0x00, 0x00, 0x00, 0x00, 0x00, 0x00, 0x00, 0x00, 0x00,
  0x00, 0x00, 0x00, 0x00, 0x00, 0x00, 0x00, 0x00, 0x00, 0x00, 0x00, 0x00,
  0x00, 0x00, 0x00, 0x00, 0x00, 0x00, 0x00, 0x00, 0x00, 0x00, 0x00, 0x00,
  0x00, 0x00, 0x00, 0x00, 0x00, 0x00, 0x00, 0x00, 0x00, 0x00, 0x00, 0x00,
  0x00, 0x00, 0x00, 0x00, 0x00, 0x00, 0x00, 0x00, 0x00, 0x00, 0x00, 0x00,
  0x00, 0x00, 0x00, 0x00, 0x00, 0x00, 0x00, 0x00, 0x00, 0x00, 0x00, 0x00,
  0x00, 0x00, 0x00, 0x00, 0x00, 0x00, 0x00, 0x00, 0x00, 0x00, 0x00, 0x00,
  0x00, 0x00, 0x00, 0x00, 0x00, 0x00, 0x00, 0x00, 0x00, 0x00, 0x00, 0x00,
  0x00, 0x00, 0x00, 0x00, 0x00, 0x00, 0x00, 0x00, 0x00, 0x00, 0x00, 0x00,
  0x00, 0x00, 0x00, 0x00, 0x00, 0x00, 0x00, 0x00, 0x00, 0x00, 0x00, 0x00,
  0x00, 0x00, 0x00, 0x00, 0x00, 0x00, 0x00, 0x00, 0x00, 0x00, 0x00, 0x00,
  0x00, 0x00, 0x00, 0x00, 0x00, 0x00, 0x00, 0x00, 0x00, 0x00, 0x00, 0x00,
  0x00, 0x00, 0x00, 0x00, 0x00, 0x00, 0x00, 0x00, 0x00, 0x00, 0x00, 0x00,
  0x00, 0x00, 0x00, 0x00, 0x00, 0x00, 0x00, 0x00, 0x00, 0x00, 0x00, 0x00,
  0x00, 0x00, 0x00, 0x00, 0x00, 0x00, 0x00, 0x00, 0x00, 0x00, 0x00, 0x00,
  0x00, 0x00, 0x00, 0x00, 0x00, 0x00, 0x00, 0x00, 0x00, 0x00, 0x00, 0x00,
  0x00, 0x00, 0x00, 0x00, 0x00, 0x00, 0x00, 0x00, 0x00, 0x00, 0x00, 0x00,
  0x00, 0x00, 0x00, 0x00, 0x00, 0x00, 0x00, 0x00, 0x00, 0x00, 0x00, 0x00,
  0x00, 0x00, 0x00, 0x00, 0x00, 0x00, 0x00, 0x00, 0x00, 0x00, 0x00, 0x00,
  0x00, 0x00, 0x00, 0x00, 0x00, 0x00, 0x00, 0x00, 0x00, 0x00, 0x00, 0x00,
  0x00, 0x00, 0x00, 0x00, 0x00, 0x00, 0x00, 0x00, 0x00, 0x00, 0x00, 0x00,
  0x00, 0x00, 0x00, 0x00, 0x00, 0x00, 0x00, 0x00, 0x00, 0x00, 0x00, 0x00,
  0x00, 0x00, 0x00, 0x00, 0x00, 0x00, 0x00, 0x00, 0x00, 0x00, 0x00, 0x00,
  0x00, 0x00, 0x00, 0x00, 0x00, 0x00, 0x00, 0x00, 0x00, 0x00, 0x00, 0x00,
  0x00, 0x00, 0x00, 0x00, 0x00, 0x00, 0x00, 0x00, 0x00, 0x00, 0x00, 0x00,
  0x00, 0x00, 0x00, 0x00, 0x00, 0x00, 0x00, 0x00, 0x00, 0x00, 0x00, 0x00,
  0x00, 0x00, 0x00, 0x00, 0x00, 0x00, 0x00, 0x00, 0x00, 0x00, 0x00, 0x00,
  0x00, 0x00, 0x00, 0x00, 0x00, 0x00, 0x00, 0x00, 0x00, 0x00, 0x00, 0x00,
  0x00, 0x00, 0x00, 0x00, 0x00, 0x00, 0x00, 0x00, 0x00, 0x00, 0x00, 0x00,
  0x00, 0x00, 0x00, 0x00, 0x00, 0x00, 0x00, 0x00, 0x00, 0x00, 0x00, 0x00,
  0x00, 0x00, 0x00, 0x00, 0x00, 0x00, 0x00, 0x00, 0x00, 0x00, 0x00, 0x00,
  0x00, 0x00, 0x00, 0x00, 0x00, 0x00, 0x00, 0x00, 0x00, 0x00, 0x00, 0x00,
  0x00, 0x00, 0x00, 0x00, 0x00, 0x00, 0x00, 0x00, 0x00, 0x00, 0x00, 0x00,
  0x00, 0x00, 0x00, 0x00, 0x00, 0x00, 0x00, 0x00, 0x00, 0x00, 0x00, 0x00,
  0x00, 0x00, 0x00, 0x00, 0x00, 0x00, 0x00, 0x00, 0x00, 0x00, 0x00, 0x00,
  0x00, 0x00, 0x00, 0x00, 0x00, 0x00, 0x00, 0x00, 0x00, 0x00, 0x00, 0x00,
  0x00, 0x00, 0x00, 0x00, 0x00, 0x00, 0x00, 0x00, 0x00, 0x00, 0x00, 0x00,
  0x00, 0x00, 0x00, 0x00, 0x00, 0x00, 0x00, 0x00, 0x00, 0x00, 0x00, 0x00,
  0x00, 0x00, 0x00, 0x00, 0x00, 0x00, 0x00, 0x00, 0x00, 0x00, 0x00, 0x00,
  0x00, 0x00, 0x00, 0x00, 0x00, 0x00, 0x00, 0x00, 0x00, 0x00, 0x00, 0x00,
  0x00, 0x00, 0x00, 0x00, 0x00, 0x00, 0x00, 0x00, 0x00, 0x00, 0x00, 0x00,
  0x00, 0x00, 0x00, 0x00, 0x00, 0x00, 0x00, 0x00, 0x00, 0x00, 0x00, 0x00,
  0x00, 0x00, 0x00, 0x00, 0x00, 0x00, 0x00, 0x00, 0x00, 0x00, 0x00, 0x00,
  0x00, 0x00, 0x00, 0x00, 0x00, 0x00, 0x00, 0x00, 0x00, 0x00, 0x00, 0x00,
  0x00, 0x00, 0x00, 0x00, 0x00, 0x00, 0x00, 0x00, 0x00, 0x00, 0x00, 0x00,
  0x00, 0x00, 0x00, 0x00, 0x00, 0x00, 0x00, 0x00, 0x00, 0x00, 0x00, 0x00,
  0x00, 0x00, 0x00, 0x00, 0x00, 0x00, 0x00, 0x00, 0x00, 0x00, 0x00, 0x00,
  0x00, 0x00, 0x00, 0x00, 0x00, 0x00, 0x00, 0x00, 0x00, 0x00, 0x00, 0x00,
  0x00, 0x00, 0x00, 0x00, 0x00, 0x00, 0x00, 0x00, 0x00, 0x00, 0x00, 0x00,
  0x00, 0x00, 0x00, 0x00, 0x00, 0x00, 0x00, 0x00, 0x00, 0x00, 0x00, 0x00,
  0x00, 0x00, 0x00, 0x00, 0x00, 0x00, 0x00, 0x00, 0x00, 0x00, 0x00, 0x00,
  0x00, 0x00, 0x00, 0x00, 0x00, 0x00, 0x00, 0x00, 0x00, 0x00, 0x00, 0x00,
  0x00, 0x00, 0x00, 0x00, 0x00, 0x00, 0x00, 0x00, 0x00, 0x00, 0x00, 0x00,
  0x00, 0x00, 0x00, 0x00, 0x00, 0x00, 0x00, 0x00, 0x00, 0x00, 0x00, 0x00,
  0x00, 0x00, 0x00, 0x00, 0x00, 0x00, 0x00, 0x00, 0x00, 0x00, 0x00, 0x00,
  0x00, 0x00, 0x00, 0x00, 0x00, 0x00, 0x00, 0x00, 0x00, 0x00, 0x00, 0x00,
  0x00, 0x00, 0x00, 0x00, 0x00, 0x00, 0x00, 0x00, 0x00, 0x00, 0x00, 0x00,
  0x00, 0x00, 0x00, 0x00, 0x00, 0x00, 0x00, 0x00, 0x00, 0x00, 0x00, 0x00,
  0x00, 0x00, 0x00, 0x00, 0x00, 0x00, 0x00, 0x00, 0x00, 0x00, 0x00, 0x00,
  0x00, 0x00, 0x00, 0x00, 0x00, 0x00, 0x00, 0x00, 0x00, 0x00, 0x00, 0x00,
  0x00, 0x00, 0x00, 0x00, 0x00, 0x00, 0x00, 0x00, 0x00, 0x00, 0x00, 0x00,
  0x00, 0x00, 0x00, 0x00, 0x00, 0x00, 0x00, 0x00, 0x00, 0x00, 0x00, 0x00,
  0x00, 0x00, 0x00, 0x00, 0x00, 0x00, 0x00, 0x00, 0x00, 0x00, 0x00, 0x00,
  0x00, 0x00, 0x00, 0x00, 0x00, 0x00, 0x00, 0x00, 0x00, 0x00, 0x00, 0x00,
  0x00, 0x00, 0x00, 0x00, 0x00, 0x00, 0x00, 0x00, 0x00, 0x00, 0x00, 0x00,
  0x00, 0x00, 0x00, 0x00, 0x00, 0x00, 0x00, 0x00, 0x00, 0x00, 0x00, 0x00,
  0x00, 0x00, 0x00, 0x00, 0x00, 0x00, 0x00, 0x00, 0x00, 0x00, 0x00, 0x00,
  0x00, 0x00, 0x00, 0x00, 0x00, 0x00, 0x00, 0x00, 0x00, 0x00, 0x00, 0x00,
  0x00, 0x00, 0x00, 0x00, 0x00, 0x00, 0x00, 0x00, 0x00, 0x00, 0x00, 0x00,
  0x00, 0x00, 0x00, 0x00, 0x00, 0x00, 0x00, 0x00, 0x00, 0x00, 0x00, 0x00,
  0x00, 0x00, 0x00, 0x00, 0x00, 0x00, 0x00, 0x00, 0x00, 0x00, 0x00, 0x00,
  0x00, 0x00, 0x00, 0x00, 0x00, 0x00, 0x00, 0x00, 0x00, 0x00, 0x00, 0x00,
  0x00, 0x00, 0x00, 0x00, 0x00, 0x00, 0x00, 0x00, 0x00, 0x00, 0x00, 0x00,
  0x00, 0x00, 0x00, 0x00, 0x00, 0x00, 0x00, 0x00, 0x00, 0x00, 0x00, 0x00,
  0x00, 0x00, 0x00, 0x00, 0x00, 0x00, 0x00, 0x00, 0x00, 0x00, 0x00, 0x00,
  0x00, 0x00, 0x00, 0x00, 0x00, 0x00, 0x00, 0x00, 0x00, 0x00, 0x00, 0x00,
  0x00, 0x00, 0x00, 0x00, 0x00, 0x00, 0x00, 0x00, 0x00, 0x00, 0x00, 0x00,
  0x00, 0x00, 0x00, 0x00, 0x00, 0x00, 0x00, 0x00, 0x00, 0x00, 0x00, 0x00,
  0x00, 0x00, 0x00, 0x00, 0x00, 0x00, 0x00, 0x00, 0x00, 0x00, 0x00, 0x00,
  0x00, 0x00, 0x00, 0x00, 0x00, 0x00, 0x00, 0x00, 0x00, 0x00, 0x00, 0x00,
  0x00, 0x00, 0x00, 0x00, 0x00, 0x00, 0x00, 0x00, 0x00, 0x00, 0x00, 0x00,
  0x00, 0x00, 0x00, 0x00, 0x00, 0x00, 0x00, 0x00, 0x00, 0x00, 0x00, 0x00,
  0x00, 0x00, 0x00, 0x00, 0x00, 0x00, 0x00, 0x00, 0x00, 0x00, 0x00, 0x00,
  0x00, 0x00, 0x00, 0x00, 0x00, 0x00, 0x00, 0x00, 0x00, 0x00, 0x00, 0x00,
  0x00, 0x00, 0x00, 0x00, 0x00, 0x00, 0x00, 0x00, 0x00, 0x00, 0x00, 0x00,
  0x00, 0x00, 0x00, 0x00, 0x00, 0x00, 0x00, 0x00, 0x00, 0x00, 0x00, 0x00,
  0x00, 0x00, 0x00, 0x00, 0x00, 0x00, 0x00, 0x00, 0x00, 0x00, 0x00, 0x00,
  0x00, 0x00, 0x00, 0x00, 0x00, 0x00, 0x00, 0x00, 0x00, 0x00, 0x00, 0x00,
  0x00, 0x00, 0x00, 0x00, 0x00, 0x00, 0x00, 0x00, 0x00, 0x00, 0x00, 0x00,
  0x00, 0x00, 0x00, 0x00, 0x00, 0x00, 0x00, 0x00, 0x00, 0x00, 0x00, 0x00,
  0x00, 0x00, 0x00, 0x00, 0x00, 0x00, 0x00, 0x00, 0x00, 0x00, 0x00, 0x00,
  0x00, 0x00, 0x00, 0x00, 0x00, 0x00, 0x00, 0x00, 0x00, 0x00, 0x00, 0x00,
  0x00, 0x00, 0x00, 0x00, 0x00, 0x00, 0x00, 0x00, 0x00, 0x00, 0x00, 0x00,
  0x00, 0x00, 0x00, 0x00, 0x00, 0x00, 0x00, 0x00, 0x00, 0x00, 0x00, 0x00,
  0x00, 0x00, 0x00, 0x00, 0x00, 0x00, 0x00, 0x00, 0x00, 0x00, 0x00, 0x00,
  0x00, 0x00, 0x00, 0x00, 0x00, 0x00, 0x00, 0x00, 0x00, 0x00, 0x00, 0x00,
  0x00, 0x00, 0x00, 0x00, 0x00, 0x00, 0x00, 0x00, 0x00, 0x00, 0x00, 0x00,
  0x00, 0x00, 0x00, 0x00, 0x00, 0x00, 0x00, 0x00, 0x00, 0x00, 0x00, 0x00,
  0x00, 0x00, 0x00, 0x00, 0x00, 0x00, 0x00, 0x00, 0x00, 0x00, 0x00, 0x00,
  0x00, 0x00, 0x00, 0x00, 0x00, 0x00, 0x00, 0x00, 0x00, 0x00, 0x00, 0x00,
  0x00, 0x00, 0x00, 0x00, 0x00, 0x00, 0x00, 0x00, 0x00, 0x00, 0x00, 0x00,
  0x00, 0x00, 0x00, 0x00, 0x00, 0x00, 0x00, 0x00, 0x00, 0x00, 0x00, 0x00,
  0x00, 0x00, 0x00, 0x00, 0x00, 0x00, 0x00, 0x00, 0x00, 0x00, 0x00, 0x00,
  0x00, 0x00, 0x00, 0x00, 0x00, 0x00, 0x00, 0x00, 0x00, 0x00, 0x00, 0x00,
  0x00, 0x00, 0x00, 0x00, 0x00, 0x00, 0x00, 0x00, 0x00, 0x00, 0x00, 0x00,
  0x00, 0x00, 0x00, 0x00, 0x00, 0x00, 0x00, 0x00, 0x00, 0x00, 0x00, 0x00,
  0x00, 0x00, 0x00, 0x00, 0x00, 0x00, 0x00, 0x00, 0x00, 0x00, 0x00, 0x00,
  0x00, 0x00, 0x00, 0x00, 0x00, 0x00, 0x00, 0x00, 0x00, 0x00, 0x00, 0x00,
  0x00, 0x00, 0x00, 0x00, 0x00, 0x00, 0x00, 0x00, 0x00, 0x00, 0x00, 0x00,
  0x00, 0x00, 0x00, 0x00, 0x00, 0x00, 0x00, 0x00, 0x00, 0x00, 0x00, 0x00,
  0x00, 0x00, 0x00, 0x00, 0x00, 0x00, 0x00, 0x00, 0x00, 0x00, 0x00, 0x00,
  0x00, 0x00, 0x00, 0x00, 0x00, 0x00, 0x00, 0x00, 0x00, 0x00, 0x00, 0x00,
  0x00, 0x00, 0x00, 0x00, 0x00, 0x00, 0x00, 0x00, 0x00, 0x00, 0x00, 0x00,
  0x00, 0x00, 0x00, 0x00, 0x00, 0x00, 0x00, 0x00, 0x00, 0x00, 0x00, 0x00,
  0x00, 0x00, 0x00, 0x00, 0x00, 0x00, 0x00, 0x00, 0x00, 0x00, 0x00, 0x00,
  0x00, 0x00, 0x00, 0x00, 0x00, 0x00, 0x00, 0x00, 0x00, 0x00, 0x00, 0x00,
  0x00, 0x00, 0x00, 0x00, 0x00, 0x00, 0x00, 0x00, 0x00, 0x00, 0x00, 0x00,
  0x00, 0x00, 0x00, 0x00, 0x00, 0x00, 0x00, 0x00, 0x00, 0x00, 0x00, 0x00,
  0x00, 0x00, 0x00, 0x00, 0x00, 0x00, 0x00, 0x00, 0x00, 0x00, 0x00, 0x00,
  0x00, 0x00, 0x00, 0x00, 0x00, 0x00, 0x00, 0x00, 0x00, 0x00, 0x00, 0x00,
  0x00, 0x00, 0x00, 0x00, 0x00, 0x00, 0x00, 0x00, 0x00, 0x00, 0x00, 0x00,
  0x00, 0x00, 0x00, 0x00, 0x00, 0x00, 0x00, 0x00, 0x00, 0x00, 0x00, 0x00,
  0x00, 0x00, 0x00, 0x00, 0x00, 0x00, 0x00, 0x00, 0x00, 0x00, 0x00, 0x00,
  0x00, 0x00, 0x00, 0x00, 0x00, 0x00, 0x00, 0x00, 0x00, 0x00, 0x00, 0x00,
  0x00, 0x00, 0x00, 0x00, 0x00, 0x00, 0x00, 0x00, 0x00, 0x00, 0x00, 0x00,
  0x00, 0x00, 0x00, 0x00, 0x00, 0x00, 0x00, 0x00, 0x00, 0x00, 0x00, 0x00,
  0x00, 0x00, 0x00, 0x00, 0x00, 0x00, 0x00, 0x00, 0x00, 0x00, 0x00, 0x00,
  0x00, 0x00, 0x00, 0x00, 0x00, 0x00, 0x00, 0x00, 0x00, 0x00, 0x00, 0x00,
  0x00, 0x00, 0x00, 0x00, 0x00, 0x00, 0x00, 0x00, 0x00, 0x00, 0x00, 0x00,
  0x00, 0x00, 0x00, 0x00, 0x00, 0x00, 0x00, 0x00, 0x00, 0x00, 0x00, 0x00,
  0x00, 0x00, 0x00, 0x00, 0x00, 0x00, 0x00, 0x00, 0x00, 0x00, 0x00, 0x00,
  0x00, 0x00, 0x00, 0x00, 0x00, 0x00, 0x00, 0x00, 0x00, 0x00, 0x00, 0x00,
  0x00, 0x00, 0x00, 0x00, 0x00, 0x00, 0x00, 0x00, 0x00, 0x00, 0x00, 0x00,
  0x00, 0x00, 0x00, 0x00, 0x00, 0x00, 0x00, 0x00, 0x00, 0x00, 0x00, 0x00,
  0x00, 0x00, 0x00, 0x00, 0x00, 0x00, 0x00, 0x00, 0x00, 0x00, 0x00, 0x00,
  0x00, 0x00, 0x00, 0x00, 0x00, 0x00, 0x00, 0x00, 0x00, 0x00, 0x00, 0x00,
  0x00, 0x00, 0x00, 0x00, 0x00, 0x00, 0x00, 0x00, 0x00, 0x00, 0x00, 0x00,
  0x00, 0x00, 0x00, 0x00, 0x00, 0x00, 0x00, 0x00, 0x00, 0x00, 0x00, 0x00,
  0x00, 0x00, 0x00, 0x00, 0x00, 0x00, 0x00, 0x00, 0x00, 0x00, 0x00, 0x00,
  0x00, 0x00, 0x00, 0x00, 0x00, 0x00, 0x00, 0x00, 0x00, 0x00, 0x00, 0x00,
  0x00, 0x00, 0x00, 0x00, 0x00, 0x00, 0x00, 0x00, 0x00, 0x00, 0x00, 0x00,
  0x00, 0x00, 0x00, 0x00, 0x00, 0x00, 0x00, 0x00, 0x00, 0x00, 0x00, 0x00,
  0x00, 0x00, 0x00, 0x00, 0x00, 0x00, 0x00, 0x00, 0x00, 0x00, 0x00, 0x00,
  0x00, 0x00, 0x00, 0x00, 0x00, 0x00, 0x00, 0x00, 0x00, 0x00, 0x00, 0x00,
  0x00, 0x00, 0x00, 0x00, 0x00, 0x00, 0x00, 0x00, 0x00, 0x00, 0x00, 0x00,
  0x00, 0x00, 0x00, 0x00, 0x00, 0x00, 0x00, 0x00, 0x00, 0x00, 0x00, 0x00,
  0x00, 0x00, 0x00, 0x00, 0x00, 0x00, 0x00, 0x00, 0x00, 0x00, 0x00, 0x00,
  0x00, 0x00, 0x00, 0x00, 0x00, 0x00, 0x00, 0x00, 0x00, 0x00, 0x00, 0x00,
  0x00, 0x00, 0x00, 0x00, 0x00, 0x00, 0x00, 0x00, 0x00, 0x00, 0x00, 0x00,
  0x00, 0x00, 0x00, 0x00, 0x00, 0x00, 0x00, 0x00, 0x00, 0x00, 0x00, 0x00,
  0x00, 0x00, 0x00, 0x00, 0x00, 0x00, 0x00, 0x00, 0x00, 0x00, 0x00, 0x00,
  0x00, 0x00, 0x00, 0x00, 0x00, 0x00, 0x00, 0x00, 0x00, 0x00, 0x00, 0x00,
  0x00, 0x00, 0x00, 0x00, 0x00, 0x00, 0x00, 0x00, 0x00, 0x00, 0x00, 0x00,
  0x00, 0x00, 0x00, 0x00, 0x00, 0x00, 0x00, 0x00, 0x00, 0x00, 0x00, 0x00,
  0x00, 0x00, 0x00, 0x00, 0x00, 0x00, 0x00, 0x00, 0x00, 0x00, 0x00, 0x00,
  0x00, 0x00, 0x00, 0x00, 0x00, 0x00, 0x00, 0x00, 0x00, 0x00, 0x00, 0x00,
  0x00, 0x00, 0x00, 0x00, 0x00, 0x00, 0x00, 0x00, 0x00, 0x00, 0x00, 0x00,
  0x00, 0x00, 0x00, 0x00, 0x00, 0x00, 0x00, 0x00, 0x00, 0x00, 0x00, 0x00,
  0x00, 0x00, 0x00, 0x00, 0x00, 0x00, 0x00, 0x00, 0x00, 0x00, 0x00, 0x00,
  0x00, 0x00, 0x00, 0x00, 0x00, 0x00, 0x00, 0x00, 0x00, 0x00, 0x00, 0x00,
  0x00, 0x00, 0x00, 0x00, 0x00, 0x00, 0x00, 0x00, 0x00, 0x00, 0x00, 0x00,
  0x00, 0x00, 0x00, 0x00, 0x00, 0x00, 0x00, 0x00, 0x00, 0x00, 0x00, 0x00,
  0x00, 0x00, 0x00, 0x00, 0x00, 0x00, 0x00, 0x00, 0x00, 0x00, 0x00, 0x00,
  0x00, 0x00, 0x00, 0x00, 0x00, 0x00, 0x00, 0x00, 0x00, 0x00, 0x00, 0x00,
  0x00, 0x00, 0x00, 0x00, 0x00, 0x00, 0x00, 0x00, 0x00, 0x00, 0x00, 0x00,
  0x00, 0x00, 0x00, 0x00, 0x00, 0x00, 0x00, 0x00, 0x00, 0x00, 0x00, 0x00,
  0x00, 0x00, 0x00, 0x00, 0x00, 0x00, 0x00, 0x00, 0x00, 0x00, 0x00, 0x00,
  0x00, 0x00, 0x00, 0x00, 0x00, 0x00, 0x00, 0x00, 0x00, 0x00, 0x00, 0x00,
  0x00, 0x00, 0x00, 0x00, 0x00, 0x00, 0x00, 0x00, 0x00, 0x00, 0x00, 0x00,
  0x00, 0x00, 0x00, 0x00, 0x00, 0x00, 0x00, 0x00, 0x00, 0x00, 0x00, 0x00,
  0x00, 0x00, 0x00, 0x00, 0x00, 0x00, 0x00, 0x00, 0x00, 0x00, 0x00, 0x00,
  0x00, 0x00, 0x00, 0x00, 0x00, 0x00, 0x00, 0x00, 0x00, 0x00, 0x00, 0x00,
  0x00, 0x00, 0x00, 0x00, 0x00, 0x00, 0x00, 0x00, 0x00, 0x00, 0x00, 0x00,
  0x00, 0x00, 0x00, 0x00, 0x00, 0x00, 0x00, 0x00, 0x00, 0x00, 0x00, 0x00,
  0x00, 0x00, 0x00, 0x00, 0x00, 0x00, 0x00, 0x00, 0x00, 0x00, 0x00, 0x00,
  0x00, 0x00, 0x00, 0x00, 0x00, 0x00, 0x00, 0x00, 0x00, 0x00, 0x00, 0x00,
  0x00, 0x00, 0x00, 0x00, 0x00, 0x00, 0x00, 0x00, 0x00, 0x00, 0x00, 0x00,
  0x00, 0x00, 0x00, 0x00, 0x00, 0x00, 0x00, 0x00, 0x00, 0x00, 0x00, 0x00,
  0x00, 0x00, 0x00, 0x00, 0x00, 0x00, 0x00, 0x00, 0x00, 0x00, 0x00, 0x00,
  0x00, 0x00, 0x00, 0x00, 0x00, 0x00, 0x00, 0x00, 0x00, 0x00, 0x00, 0x00,
  0x00, 0x00, 0x00, 0x00, 0x00, 0x00, 0x00, 0x00, 0x00, 0x00, 0x00, 0x00,
  0x00, 0x00, 0x00, 0x00, 0x00, 0x00, 0x00, 0x00, 0x00, 0x00, 0x00, 0x00,
  0x00, 0x00, 0x00, 0x00, 0x00, 0x00, 0x00, 0x00, 0x00, 0x00, 0x00, 0x00,
  0x00, 0x00, 0x00, 0x00, 0x00, 0x00, 0x00, 0x00, 0x00, 0x00, 0x00, 0x00,
  0x00, 0x00, 0x00, 0x00, 0x00, 0x00, 0x00, 0x00, 0x00, 0x00, 0x00, 0x00,
  0x00, 0x00, 0x00, 0x00, 0x00, 0x00, 0x00, 0x00, 0x00, 0x00, 0x00, 0x00,
  0x00, 0x00, 0x00, 0x00, 0x00, 0x00, 0x00, 0x00, 0x00, 0x00, 0x00, 0x00,
  0x00, 0x00, 0x00, 0x00, 0x00, 0x00, 0x00, 0x00, 0x00, 0x00, 0x00, 0x00,
  0x00, 0x00, 0x00, 0x00, 0x00, 0x00, 0x00, 0x00, 0x00, 0x00, 0x00, 0x00,
  0x00, 0x00, 0x00, 0x00, 0x00, 0x00, 0x00, 0x00, 0x00, 0x00, 0x00, 0x00,
  0x00, 0x00, 0x00, 0x00, 0x00, 0x00, 0x00, 0x00, 0x00, 0x00, 0x00, 0x00,
  0x00, 0x00, 0x00, 0x00, 0x00, 0x00, 0x00, 0x00, 0x00, 0x00, 0x00, 0x00,
  0x00, 0x00, 0x00, 0x00, 0x00, 0x00, 0x00, 0x00, 0x00, 0x00, 0x00, 0x00,
  0x00, 0x00, 0x00, 0x00, 0x00, 0x00, 0x00, 0x00, 0x00, 0x00, 0x00, 0x00,
  0x00, 0x00, 0x00, 0x00, 0x00, 0x00, 0x00, 0x00, 0x00, 0x00, 0x00, 0x00,
  0x00, 0x00, 0x00, 0x00, 0x00, 0x00, 0x00, 0x00, 0x00, 0x00, 0x00, 0x00,
  0x00, 0x00, 0x00, 0x00, 0x00, 0x00, 0x00, 0x00, 0x00, 0x00, 0x00, 0x00,
  0x00, 0x00, 0x00, 0x00, 0x00, 0x00, 0x00, 0x00, 0x00, 0x00, 0x00, 0x00,
  0x00, 0x00, 0x00, 0x00, 0x00, 0x00, 0x00, 0x00, 0x00, 0x00, 0x00, 0x00,
  0x00, 0x00, 0x00, 0x00, 0x00, 0x00, 0x00, 0x00, 0x00, 0x00, 0x00, 0x00,
  0x00, 0x00, 0x00, 0x00, 0x00, 0x00, 0x00, 0x00, 0x00, 0x00, 0x00, 0x00,
  0x00, 0x00, 0x00, 0x00, 0x00, 0x00, 0x00, 0x00, 0x00, 0x00, 0x00, 0x00,
  0x00, 0x00, 0x00, 0x00, 0x00, 0x00, 0x00, 0x00, 0x00, 0x00, 0x00, 0x00,
  0x00, 0x00, 0x00, 0x00, 0x00, 0x00, 0x00, 0x00, 0x00, 0x00, 0x00, 0x00,
  0x00, 0x00, 0x00, 0x00, 0x00, 0x00, 0x00, 0x00, 0x00, 0x00, 0x00, 0x00,
  0x00, 0x00, 0x00, 0x00, 0x00, 0x00, 0x00, 0x00, 0x00, 0x00, 0x00, 0x00,
  0x00, 0x00, 0x00, 0x00, 0x00, 0x00, 0x00, 0x00, 0x00, 0x00, 0x00, 0x00,
  0x00, 0x00, 0x00, 0x00, 0x00, 0x00, 0x00, 0x00, 0x00, 0x00, 0x00, 0x00,
  0x00, 0x00, 0x00, 0x00, 0x00, 0x00, 0x00, 0x00, 0x00, 0x00, 0x00, 0x00,
  0x00, 0x00, 0x00, 0x00, 0x00, 0x00, 0x00, 0x00, 0x00, 0x00, 0x00, 0x00,
  0x00, 0x00, 0x00, 0x00, 0x00, 0x00, 0x00, 0x00, 0x00, 0x00, 0x00, 0x00,
  0x00, 0x00, 0x00, 0x00, 0x00, 0x00, 0x00, 0x00, 0x00, 0x00, 0x00, 0x00,
  0x00, 0x00, 0x00, 0x00, 0x00, 0x00, 0x00, 0x00, 0x00, 0x00, 0x00, 0x00,
  0x00, 0x00, 0x00, 0x00, 0x00, 0x00, 0x00, 0x00, 0x00, 0x00, 0x00, 0x00,
  0x00, 0x00, 0x00, 0x00, 0x00, 0x00, 0x00, 0x00, 0x00, 0x00, 0x00, 0x00,
  0x00, 0x00, 0x00, 0x00, 0x00, 0x00, 0x00, 0x00, 0x00, 0x00, 0x00, 0x00,
  0x00, 0x00, 0x00, 0x00, 0x00, 0x00, 0x00, 0x00, 0x00, 0x00, 0x00, 0x00,
  0x00, 0x00, 0x00, 0x00, 0x00, 0x00, 0x00, 0x00, 0x00, 0x00, 0x00, 0x00,
  0x00, 0x00, 0x00, 0x00, 0x00, 0x00, 0x00, 0x00, 0x00, 0x00, 0x00, 0x00,
  0x00, 0x00, 0x00, 0x00, 0x00, 0x00, 0x00, 0x00, 0x00, 0x00, 0x00, 0x00,
  0x00, 0x00, 0x00, 0x00, 0x00, 0x00, 0x00, 0x00, 0x00, 0x00, 0x00, 0x00,
  0x00, 0x00, 0x00, 0x00, 0x00, 0x00, 0x00, 0x00, 0x00, 0x00, 0x00, 0x00,
  0x00, 0x00, 0x00, 0x00, 0x00, 0x00, 0x00, 0x00, 0x00, 0x00, 0x00, 0x00,
  0x00, 0x00, 0x00, 0x00, 0x00, 0x00, 0x00, 0x00, 0x00, 0x00, 0x00, 0x00,
  0x00, 0x00, 0x00, 0x00, 0x00, 0x00, 0x00, 0x00, 0x00, 0x00, 0x00, 0x00,
  0x00, 0x00, 0x00, 0x00, 0x00, 0x00, 0x00, 0x00, 0x00, 0x00, 0x00, 0x00,
  0x00, 0x00, 0x00, 0x00, 0x00, 0x00, 0x00, 0x00, 0x00, 0x00, 0x00, 0x00,
  0x00, 0x00, 0x00, 0x00, 0x00, 0x00, 0x00, 0x00, 0x00, 0x00, 0x00, 0x00,
  0x00, 0x00, 0x00, 0x00, 0x00, 0x00, 0x00, 0x00, 0x00, 0x00, 0x00, 0x00,
  0x00, 0x00, 0x00, 0x00, 0x00, 0x00, 0x00, 0x00, 0x00, 0x00, 0x00, 0x00,
  0x00, 0x00, 0x00, 0x00, 0x00, 0x00, 0x00, 0x00, 0x00, 0x00, 0x00, 0x00,
  0x00, 0x00, 0x00, 0x00, 0x00, 0x00, 0x00, 0x00, 0x00, 0x00, 0x00, 0x00,
  0x00, 0x00, 0x00, 0x00, 0x00, 0x00, 0x00, 0x00, 0x00, 0x00, 0x00, 0x00,
  0x00, 0x00, 0x00, 0x00, 0x00, 0x00, 0x00, 0x00, 0x00, 0x00, 0x00, 0x00,
  0x00, 0x00, 0x00, 0x00, 0x00, 0x00, 0x00, 0x00, 0x00, 0x00, 0x00, 0x00,
  0x00, 0x00, 0x00, 0x00, 0x00, 0x00, 0x00, 0x00, 0x00, 0x00, 0x00, 0x00,
  0x00, 0x00, 0x00, 0x00, 0x00, 0x00, 0x00, 0x00, 0x00, 0x00, 0x00, 0x00,
  0x00, 0x00, 0x00, 0x00, 0x00, 0x00, 0x00, 0x00, 0x00, 0x00, 0x00, 0x00,
  0x00, 0x00, 0x00, 0x00, 0x00, 0x00, 0x00, 0x00, 0x00, 0x00, 0x00, 0x00,
  0x00, 0x00, 0x00, 0x00, 0x00, 0x00, 0x00, 0x00, 0x00, 0x00, 0x00, 0x00,
  0x00, 0x00, 0x00, 0x00, 0x00, 0x00, 0x00, 0x00, 0x00, 0x00, 0x00, 0x00,
  0x00, 0x00, 0x00, 0x00, 0x00, 0x00, 0x00, 0x00, 0x00, 0x00, 0x00, 0x00,
  0x00, 0x00, 0x00, 0x00, 0x00, 0x00, 0x00, 0x00, 0x00, 0x00, 0x00, 0x00,
  0x00, 0x00, 0x00, 0x00, 0x00, 0x00, 0x00, 0x00, 0x00, 0x00, 0x00, 0x00,
  0x00, 0x00, 0x00, 0x00, 0x00, 0x00, 0x00, 0x00, 0x00, 0x00, 0x00, 0x00,
  0x00, 0x00, 0x00, 0x00, 0x00, 0x00, 0x00, 0x00, 0x00, 0x00, 0x00, 0x00,
  0x00, 0x00, 0x00, 0x00, 0x00, 0x00, 0x00, 0x00, 0x00, 0x00, 0x00, 0x00,
  0x00, 0x00, 0x00, 0x00, 0x00, 0x00, 0x00, 0x00, 0x00, 0x00, 0x00, 0x00,
  0x00, 0x00, 0x00, 0x00, 0x00, 0x00, 0x00, 0x00, 0x00, 0x00, 0x00, 0x00,
  0x00, 0x00, 0x00, 0x00, 0x00, 0x00, 0x00, 0x00, 0x00, 0x00, 0x00, 0x00,
  0x00, 0x00, 0x00, 0x00, 0x00, 0x00, 0x00, 0x00, 0x00, 0x00, 0x00, 0x00,
  0x00, 0x00, 0x00, 0x00, 0x00, 0x00, 0x00, 0x00, 0x00, 0x00, 0x00, 0x00,
  0x00, 0x00, 0x00, 0x00, 0x00, 0x00, 0x00, 0x00, 0x00, 0x00, 0x00, 0x00,
  0x00, 0x00, 0x00, 0x00, 0x00, 0x00, 0x00, 0x00, 0x00, 0x00, 0x00, 0x00,
  0x00, 0x00, 0x00, 0x00, 0x00, 0x00, 0x00, 0x00, 0x00, 0x00, 0x00, 0x00,
  0x00, 0x00, 0x00, 0x00, 0x00, 0x00, 0x00, 0x00, 0x00, 0x00, 0x00, 0x00,
  0x00, 0x00, 0x00, 0x00, 0x00, 0x00, 0x00, 0x00, 0x00, 0x00, 0x00, 0x00,
  0x00, 0x00, 0x00, 0x00, 0x00, 0x00, 0x00, 0x00, 0x00, 0x00, 0x00, 0x00,
  0x00, 0x00, 0x00, 0x00, 0x00, 0x00, 0x00, 0x00, 0x00, 0x00, 0x00, 0x00,
  0x00, 0x00, 0x00, 0x00, 0x00, 0x00, 0x00, 0x00, 0x00, 0x00, 0x00, 0x00,
  0x00, 0x00, 0x00, 0x00, 0x00, 0x00, 0x00, 0x00, 0x00, 0x00, 0x00, 0x00,
  0x00, 0x00, 0x00, 0x00, 0x00, 0x00, 0x00, 0x00, 0x00, 0x00, 0x00, 0x00,
  0x00, 0x00, 0x00, 0x00, 0x00, 0x00, 0x00, 0x00, 0x00, 0x00, 0x00, 0x00,
  0x00, 0x00, 0x00, 0x00, 0x00, 0x00, 0x00, 0x00, 0x00, 0x00, 0x00, 0x00,
  0x00, 0x00, 0x00, 0x00, 0x00, 0x00, 0x00, 0x00, 0x00, 0x00, 0x00, 0x00,
  0x00, 0x00, 0x00, 0x00, 0x00, 0x00, 0x00, 0x00, 0x00, 0x00, 0x00, 0x00,
  0x00, 0x00, 0x00, 0x00, 0x00, 0x00, 0x00, 0x00, 0x00, 0x00, 0x00, 0x00,
  0x00, 0x00, 0x00, 0x00, 0x00, 0x00, 0x00, 0x00, 0x00, 0x00, 0x00, 0x00,
  0x00, 0x00, 0x00, 0x00, 0x00, 0x00, 0x00, 0x00, 0x00, 0x00, 0x00, 0x00,
  0x00, 0x00, 0x00, 0x00, 0x00, 0x00, 0x00, 0x00, 0x00, 0x00, 0x00, 0x00,
  0x00, 0x00, 0x00, 0x00, 0x00, 0x00, 0x00, 0x00, 0x00, 0x00, 0x00, 0x00,
  0x00, 0x00, 0x00, 0x00, 0x00, 0x00, 0x00, 0x00, 0x00, 0x00, 0x00, 0x00,
  0x00, 0x00, 0x00, 0x00, 0x00, 0x00, 0x00, 0x00, 0x00, 0x00, 0x00, 0x00,
  0x00, 0x00, 0x00, 0x00, 0x00, 0x00, 0x00, 0x00, 0x00, 0x00, 0x00, 0x00,
  0x00, 0x00, 0x00, 0x00, 0x00, 0x00, 0x00, 0x00, 0x00, 0x00, 0x00, 0x00,
  0x00, 0x00, 0x00, 0x00, 0x00, 0x00, 0x00, 0x00, 0x00, 0x00, 0x00, 0x00,
  0x00, 0x00, 0x00, 0x00, 0x00, 0x00, 0x00, 0x00, 0x00, 0x00, 0x00, 0x00,
  0x00, 0x00, 0x00, 0x00, 0x00, 0x00, 0x00, 0x00, 0x00, 0x00, 0x00, 0x00,
  0x00, 0x00, 0x00, 0x00, 0x00, 0x00, 0x00, 0x00, 0x00, 0x00, 0x00, 0x00,
  0x00, 0x00, 0x00, 0x00, 0x00, 0x00, 0x00, 0x00, 0x00, 0x00, 0x00, 0x00,
  0x00, 0x00, 0x00, 0x00, 0x00, 0x00, 0x00, 0x00, 0x00, 0x00, 0x00, 0x00,
  0x00, 0x00, 0x00, 0x00, 0x00, 0x00, 0x00, 0x00, 0x00, 0x00, 0x00, 0x00,
  0x00, 0x00, 0x00, 0x00, 0x00, 0x00, 0x00, 0x00, 0x00, 0x00, 0x00, 0x00,
  0x00, 0x00, 0x00, 0x00, 0x00, 0x00, 0x00, 0x00, 0x00, 0x00, 0x00, 0x00,
  0x00, 0x00, 0x00, 0x00, 0x00, 0x00, 0x00, 0x00, 0x00, 0x00, 0x00, 0x00,
  0x00, 0x00, 0x00, 0x00, 0x00, 0x00, 0x00, 0x00, 0x00, 0x00, 0x00, 0x00,
  0x00, 0x00, 0x00, 0x00, 0x00, 0x00, 0x00, 0x00, 0x00, 0x00, 0x00, 0x00,
  0x00, 0x00, 0x00, 0x00, 0x00, 0x00, 0x00, 0x00, 0x00, 0x00, 0x00, 0x00,
  0x00, 0x00, 0x00, 0x00, 0x00, 0x00, 0x00, 0x00, 0x00, 0x00, 0x00, 0x00,
  0x00, 0x00, 0x00, 0x00, 0x00, 0x00, 0x00, 0x00, 0x00, 0x00, 0x00, 0x00,
  0x00, 0x00, 0x00, 0x00, 0x00, 0x00, 0x00, 0x00, 0x00, 0x00, 0x00, 0x00,
  0x00, 0x00, 0x00, 0x00, 0x00, 0x00, 0x00, 0x00, 0x00, 0x00, 0x00, 0x00,
  0x00, 0x00, 0x00, 0x00, 0x00, 0x00, 0x00, 0x00, 0x00, 0x00, 0x00, 0x00,
  0x00, 0x00, 0x00, 0x00, 0x00, 0x00, 0x00, 0x00, 0x00, 0x00, 0x00, 0x00,
  0x00, 0x00, 0x00, 0x00, 0x00, 0x00, 0x00, 0x00, 0x00, 0x00, 0x00, 0x00,
  0x00, 0x00, 0x00, 0x00, 0x00, 0x00, 0x00, 0x00, 0x00, 0x00, 0x00, 0x00,
  0x00, 0x00, 0x00, 0x00, 0x00, 0x00, 0x00, 0x00, 0x00, 0x00, 0x00, 0x00,
  0x00, 0x00, 0x00, 0x00, 0x00, 0x00, 0x00, 0x00, 0x00, 0x00, 0x00, 0x00,
  0x00, 0x00, 0x00, 0x00, 0x00, 0x00, 0x00, 0x00, 0x00, 0x00, 0x00, 0x00,
  0x00, 0x00, 0x00, 0x00, 0x00, 0x00, 0x00, 0x00, 0x00, 0x00, 0x00, 0x00,
  0x00, 0x00, 0x00, 0x00, 0x00, 0x00, 0x00, 0x00, 0x00, 0x00, 0x00, 0x00,
  0x00, 0x00, 0x00, 0x00, 0x00, 0x00, 0x00, 0x00, 0x00, 0x00, 0x00, 0x00,
  0x00, 0x00, 0x00, 0x00, 0x00, 0x00, 0x00, 0x00, 0x00, 0x00, 0x00, 0x00,
  0x00, 0x00, 0x00, 0x00, 0x00, 0x00, 0x00, 0x00, 0x00, 0x00, 0x00, 0x00,
  0x00, 0x00, 0x00, 0x00, 0x00, 0x00, 0x00, 0x00, 0x00, 0x00, 0x00, 0x00,
  0x00, 0x00, 0x00, 0x00, 0x00, 0x00, 0x00, 0x00, 0x00, 0x00, 0x00, 0x00,
  0x00, 0x00, 0x00, 0x00, 0x00, 0x00, 0x00, 0x00, 0x00, 0x00, 0x00, 0x00,
  0x00, 0x00, 0x00, 0x00, 0x00, 0x00, 0x00, 0x00, 0x00, 0x00, 0x00, 0x00,
  0x00, 0x00, 0x00, 0x00, 0x00, 0x00, 0x00, 0x00, 0x00, 0x00, 0x00, 0x00,
  0x00, 0x00, 0x00, 0x00, 0x00, 0x00, 0x00, 0x00, 0x00, 0x00, 0x00, 0x00,
  0x00, 0x00, 0x00, 0x00, 0x00, 0x00, 0x00, 0x00, 0x00, 0x00, 0x00, 0x00,
  0x00, 0x00, 0x00, 0x00, 0x00, 0x00, 0x00, 0x00, 0x00, 0x00, 0x00, 0x00,
  0x00, 0x00, 0x00, 0x00, 0x00, 0x00, 0x00, 0x00, 0x00, 0x00, 0x00, 0x00,
  0x00, 0x00, 0x00, 0x00, 0x00, 0x00, 0x00, 0x00, 0x00, 0x00, 0x00, 0x00,
  0x00, 0x00, 0x00, 0x00, 0x00, 0x00, 0x00, 0x00, 0x00, 0x00, 0x00, 0x00,
  0x00, 0x00, 0x00, 0x00, 0x00, 0x00, 0x00, 0x00, 0x00, 0x00, 0x00, 0x00,
  0x00, 0x00, 0x00, 0x00, 0x00, 0x00, 0x00, 0x00, 0x00, 0x00, 0x00, 0x00,
  0x00, 0x00, 0x00, 0x00, 0x00, 0x00, 0x00, 0x00, 0x00, 0x00, 0x00, 0x00,
  0x00, 0x00, 0x00, 0x00, 0x00, 0x00, 0x00, 0x00, 0x00, 0x00, 0x00, 0x00,
  0x00, 0x00, 0x00, 0x00, 0x00, 0x00, 0x00, 0x00, 0x00, 0x00, 0x00, 0x00,
  0x00, 0x00, 0x00, 0x00, 0x00, 0x00, 0x00, 0x00, 0x00, 0x00, 0x00, 0x00,
  0x00, 0x00, 0x00, 0x00, 0x00, 0x00, 0x00, 0x00, 0x00, 0x00, 0x00, 0x00,
  0x00, 0x00, 0x00, 0x00, 0x00, 0x00, 0x00, 0x00, 0x00, 0x00, 0x00, 0x00,
  0x00, 0x00, 0x00, 0x00, 0x00, 0x00, 0x00, 0x00, 0x00, 0x00, 0x00, 0x00,
  0x00, 0x00, 0x00, 0x00, 0x00, 0x00, 0x00, 0x00, 0x00, 0x00, 0x00, 0x00,
  0x00, 0x00, 0x00, 0x00, 0x00, 0x00, 0x00, 0x00, 0x00, 0x00, 0x00, 0x00,
  0x00, 0x00, 0x00, 0x00, 0x00, 0x00, 0x00, 0x00, 0x00, 0x00, 0x00, 0x00,
  0x00, 0x00, 0x00, 0x00, 0x00, 0x00, 0x00, 0x00, 0x00, 0x00, 0x00, 0x00,
  0x00, 0x00, 0x00, 0x00, 0x00, 0x00, 0x00, 0x00, 0x00, 0x00, 0x00, 0x00,
  0x00, 0x00, 0x00, 0x00, 0x00, 0x00, 0x00, 0x00, 0x00, 0x00, 0x00, 0x00,
  0x00, 0x00, 0x00, 0x00, 0x00, 0x00, 0x00, 0x00, 0x00, 0x00, 0x00, 0x00,
  0x00, 0x00, 0x00, 0x00, 0x00, 0x00, 0x00, 0x00, 0x00, 0x00, 0x00, 0x00,
  0x00, 0x00, 0x00, 0x00, 0x00, 0x00, 0x00, 0x00, 0x00, 0x00, 0x00, 0x00,
  0x00, 0x00, 0x00, 0x00, 0x00, 0x00, 0x00, 0x00, 0x00, 0x00, 0x00, 0x00,
  0x00, 0x00, 0x00, 0x00, 0x00, 0x00, 0x00, 0x00, 0x00, 0x00, 0x00, 0x00,
  0x00, 0x00, 0x00, 0x00, 0x00, 0x00, 0x00, 0x00, 0x00, 0x00, 0x00, 0x00,
  0x00, 0x00, 0x00, 0x00, 0x00, 0x00, 0x00, 0x00, 0x00, 0x00, 0x00, 0x00,
  0x00, 0x00, 0x00, 0x00, 0x00, 0x00, 0x00, 0x00, 0x00, 0x00, 0x00, 0x00,
  0x00, 0x00, 0x00, 0x00, 0x00, 0x00, 0x00, 0x00, 0x00, 0x00, 0x00, 0x00,
  0x00, 0x00, 0x00, 0x00, 0x00, 0x00, 0x00, 0x00, 0x00, 0x00, 0x00, 0x00,
  0x00, 0x00, 0x00, 0x00, 0x00, 0x00, 0x00, 0x00, 0x00, 0x00, 0x00, 0x00,
  0x00, 0x00, 0x00, 0x00, 0x00, 0x00, 0x00, 0x00, 0x00, 0x00, 0x00, 0x00,
  0x00, 0x00, 0x00, 0x00, 0x00, 0x00, 0x00, 0x00, 0x00, 0x00, 0x00, 0x00,
  0x00, 0x00, 0x00, 0x00, 0x00, 0x00, 0x00, 0x00, 0x00, 0x00, 0x00, 0x00,
  0x00, 0x00, 0x00, 0x00, 0x00, 0x00, 0x00, 0x00, 0x00, 0x00, 0x00, 0x00,
  0x00, 0x00, 0x00, 0x00, 0x00, 0x00, 0x00, 0x00, 0x00, 0x00, 0x00, 0x00,
  0x00, 0x00, 0x00, 0x00, 0x00, 0x00, 0x00, 0x00, 0x00, 0x00, 0x00, 0x00,
  0x00, 0x00, 0x00, 0x00, 0x00, 0x00, 0x00, 0x00, 0x00, 0x00, 0x00, 0x00,
  0x00, 0x00, 0x00, 0x00, 0x00, 0x00, 0x00, 0x00, 0x00, 0x00, 0x00, 0x00,
  0x00, 0x00, 0x00, 0x00, 0x00, 0x00, 0x00, 0x00, 0x00, 0x00, 0x00, 0x00,
  0x00, 0x00, 0x00, 0x00, 0x00, 0x00, 0x00, 0x00, 0x00, 0x00, 0x00, 0x00,
  0x00, 0x00, 0x00, 0x00, 0x00, 0x00, 0x00, 0x00, 0x00, 0x00, 0x00, 0x00,
  0x00, 0x00, 0x00, 0x00, 0x00, 0x00, 0x00, 0x00, 0x00, 0x00, 0x00, 0x00,
  0x00, 0x00, 0x00, 0x00, 0x00, 0x00, 0x00, 0x00, 0x00, 0x00, 0x00, 0x00,
  0x00, 0x00, 0x00, 0x00, 0x00, 0x00, 0x00, 0x00, 0x00, 0x00, 0x00, 0x00,
  0x00, 0x00, 0x00, 0x00, 0x00, 0x00, 0x00, 0x00, 0x00, 0x00, 0x00, 0x00,
  0x00, 0x00, 0x00, 0x00, 0x00, 0x00, 0x00, 0x00, 0x00, 0x00, 0x00, 0x00,
  0x00, 0x00, 0x00, 0x00, 0x00, 0x00, 0x00, 0x00, 0x00, 0x00, 0x00, 0x00,
  0x00, 0x00, 0x00, 0x00, 0x00, 0x00, 0x00, 0x00, 0x00, 0x00, 0x00, 0x00,
  0x00, 0x00, 0x00, 0x00, 0x00, 0x00, 0x00, 0x00, 0x00, 0x00, 0x00, 0x00,
  0x00, 0x00, 0x00, 0x00, 0x00, 0x00, 0x00, 0x00, 0x00, 0x00, 0x00, 0x00,
  0x00, 0x00, 0x00, 0x00, 0x00, 0x00, 0x00, 0x00, 0x00, 0x00, 0x00, 0x00,
  0x00, 0x00, 0x00, 0x00, 0x00, 0x00, 0x00, 0x00, 0x00, 0x00, 0x00, 0x00,
  0x00, 0x00, 0x00, 0x00, 0x00, 0x00, 0x00, 0x00, 0x00, 0x00, 0x00, 0x00,
  0x00, 0x00, 0x00, 0x00, 0x00, 0x00, 0x00, 0x00, 0x00, 0x00, 0x00, 0x00,
  0x00, 0x00, 0x00, 0x00, 0x00, 0x00, 0x00, 0x00, 0x00, 0x00, 0x00, 0x00,
  0x00, 0x00, 0x00, 0x00, 0x00, 0x00, 0x00, 0x00, 0x00, 0x00, 0x00, 0x00,
  0x00, 0x00, 0x00, 0x00, 0x00, 0x00, 0x00, 0x00, 0x00, 0x00, 0x00, 0x00,
  0x00, 0x00, 0x00, 0x00, 0x00, 0x00, 0x00, 0x00, 0x00, 0x00, 0x00, 0x00,
  0x00, 0x00, 0x00, 0x00, 0x00, 0x00, 0x00, 0x00, 0x00, 0x00, 0x00, 0x00,
  0x00, 0x00, 0x00, 0x00, 0x00, 0x00, 0x00, 0x00, 0x00, 0x00, 0x00, 0x00,
  0x00, 0x00, 0x00, 0x00, 0x00, 0x00, 0x00, 0x00, 0x00, 0x00, 0x00, 0x00,
  0x00, 0x00, 0x00, 0x00, 0x00, 0x00, 0x00, 0x00, 0x00, 0x00, 0x00, 0x00,
  0x00, 0x00, 0x00, 0x00, 0x00, 0x00, 0x00, 0x00, 0x00, 0x00, 0x00, 0x00,
  0x00, 0x00, 0x00, 0x00, 0x00, 0x00, 0x00, 0x00, 0x00, 0x00, 0x00, 0x00,
  0x00, 0x00, 0x00, 0x00, 0x00, 0x00, 0x00, 0x00, 0x00, 0x00, 0x00, 0x00,
  0x00, 0x00, 0x00, 0x00, 0x00, 0x00, 0x00, 0x00, 0x00, 0x00, 0x00, 0x00,
  0x00, 0x00, 0x00, 0x00, 0x00, 0x00, 0x00, 0x00, 0x00, 0x00, 0x00, 0x00,
  0x00, 0x00, 0x00, 0x00, 0x00, 0x00, 0x00, 0x00, 0x00, 0x00, 0x00, 0x00,
  0x00, 0x00, 0x00, 0x00, 0x00, 0x00, 0x00, 0x00, 0x00, 0x00, 0x00, 0x00,
  0x00, 0x00, 0x00, 0x00, 0x00, 0x00, 0x00, 0x00, 0x00, 0x00, 0x00, 0x00,
  0x00, 0x00, 0x00, 0x00, 0x00, 0x00, 0x00, 0x00, 0x00, 0x00, 0x00, 0x00,
  0x00, 0x00, 0x00, 0x00, 0x00, 0x00, 0x00, 0x00, 0x00, 0x00, 0x00, 0x00,
  0x00, 0x00, 0x00, 0x00, 0x00, 0x00, 0x00, 0x00, 0x00, 0x00, 0x00, 0x00,
  0x00, 0x00, 0x00, 0x00, 0x00, 0x00, 0x00, 0x00, 0x00, 0x00, 0x00, 0x00,
  0x00, 0x00, 0x00, 0x00, 0x00, 0x00, 0x00, 0x00, 0x00, 0x00, 0x00, 0x00,
  0x00, 0x00, 0x00, 0x00, 0x00, 0x00, 0x00, 0x00, 0x00, 0x00, 0x00, 0x00,
  0x00, 0x00, 0x00, 0x00, 0x00, 0x00, 0x00, 0x00, 0x00, 0x00, 0x00, 0x00,
  0x00, 0x00, 0x00, 0x00, 0x00, 0x00, 0x00, 0x00, 0x00, 0x00, 0x00, 0x00,
  0x00, 0x00, 0x00, 0x00, 0x00, 0x00, 0x00, 0x00, 0x00, 0x00, 0x00, 0x00,
  0x00, 0x00, 0x00, 0x00, 0x00, 0x00, 0x00, 0x00, 0x00, 0x00, 0x00, 0x00,
  0x00, 0x00, 0x00, 0x00, 0x00, 0x00, 0x00, 0x00, 0x00, 0x00, 0x00, 0x00,
  0x00, 0x00, 0x00, 0x00, 0x00, 0x00, 0x00, 0x00, 0x00, 0x00, 0x00, 0x00,
  0x00, 0x00, 0x00, 0x00, 0x00, 0x00, 0x00, 0x00, 0x00, 0x00, 0x00, 0x00,
  0x00, 0x00, 0x00, 0x00, 0x00, 0x00, 0x00, 0x00, 0x00, 0x00, 0x00, 0x00,
  0x00, 0x00, 0x00, 0x00, 0x00, 0x00, 0x00, 0x00, 0x00, 0x00, 0x00, 0x00,
  0x00, 0x00, 0x00, 0x00, 0x00, 0x00, 0x00, 0x00, 0x00, 0x00, 0x00, 0x00,
  0x00, 0x00, 0x00, 0x00, 0x00, 0x00, 0x00, 0x00, 0x00, 0x00, 0x00, 0x00,
  0x00, 0x00, 0x00, 0x00, 0x00, 0x00, 0x00, 0x00, 0x00, 0x00, 0x00, 0x00,
  0x00, 0x00, 0x00, 0x00, 0x00, 0x00, 0x00, 0x00, 0x00, 0x00, 0x00, 0x00,
  0x00, 0x00, 0x00, 0x00, 0x00, 0x00, 0x00, 0x00, 0x00, 0x00, 0x00, 0x00,
  0x00, 0x00, 0x00, 0x00, 0x00, 0x00, 0x00, 0x00, 0x00, 0x00, 0x00, 0x00,
  0x00, 0x00, 0x00, 0x00, 0x00, 0x00, 0x00, 0x00, 0x00, 0x00, 0x00, 0x00,
  0x00, 0x00, 0x00, 0x00, 0x00, 0x00, 0x00, 0x00, 0x00, 0x00, 0x00, 0x00,
  0x00, 0x00, 0x00, 0x00, 0x00, 0x00, 0x00, 0x00, 0x00, 0x00, 0x00, 0x00,
  0x00, 0x00, 0x00, 0x00, 0x00, 0x00, 0x00, 0x00, 0x00, 0x00, 0x00, 0x00,
  0x00, 0x00, 0x00, 0x00, 0x00, 0x00, 0x00, 0x00, 0x00, 0x00, 0x00, 0x00,
  0x00, 0x00, 0x00, 0x00, 0x00, 0x00, 0x00, 0x00, 0x00, 0x00, 0x00, 0x00,
  0x00, 0x00, 0x00, 0x00, 0x00, 0x00, 0x00, 0x00, 0x00, 0x00, 0x00, 0x00,
  0x00, 0x00, 0x00, 0x00, 0x00, 0x00, 0x00, 0x00, 0x00, 0x00, 0x00, 0x00,
  0x00, 0x00, 0x00, 0x00, 0x00, 0x00, 0x00, 0x00, 0x00, 0x00, 0x00, 0x00,
  0x00, 0x00, 0x00, 0x00, 0x00, 0x00, 0x00, 0x00, 0x00, 0x00, 0x00, 0x00,
  0x00, 0x00, 0x00, 0x00, 0x00, 0x00, 0x00, 0x00, 0x00, 0x00, 0x00, 0x00,
  0x00, 0x00, 0x00, 0x00, 0x00, 0x00, 0x00, 0x00, 0x00, 0x00, 0x00, 0x00,
  0x00, 0x00, 0x00, 0x00, 0x00, 0x00, 0x00, 0x00, 0x00, 0x00, 0x00, 0x00,
  0x00, 0x00, 0x00, 0x00, 0x00, 0x00, 0x00, 0x00, 0x00, 0x00, 0x00, 0x00,
  0x00, 0x00, 0x00, 0x00, 0x00, 0x00, 0x00, 0x00, 0x00, 0x00, 0x00, 0x00,
  0x00, 0x00, 0x00, 0x00, 0x00, 0x00, 0x00, 0x00, 0x00, 0x00, 0x00, 0x00,
  0x00, 0x00, 0x00, 0x00, 0x00, 0x00, 0x00, 0x00, 0x00, 0x00, 0x00, 0x00,
  0x00, 0x00, 0x00, 0x00, 0x00, 0x00, 0x00, 0x00, 0x00, 0x00, 0x00, 0x00,
  0x00, 0x00, 0x00, 0x00, 0x00, 0x00, 0x00, 0x00, 0x00, 0x00, 0x00, 0x00,
  0x00, 0x00, 0x00, 0x00, 0x00, 0x00, 0x00, 0x00, 0x00, 0x00, 0x00, 0x00,
  0x00, 0x00, 0x00, 0x00, 0x00, 0x00, 0x00, 0x00, 0x00, 0x00, 0x00, 0x00,
  0x00, 0x00, 0x00, 0x00, 0x00, 0x00, 0x00, 0x00, 0x00, 0x00, 0x00, 0x00,
  0x00, 0x00, 0x00, 0x00, 0x00, 0x00, 0x00, 0x00, 0x00, 0x00, 0x00, 0x00,
  0x00, 0x00, 0x00, 0x00, 0x00, 0x00, 0x00, 0x00, 0x00, 0x00, 0x00, 0x00,
  0x00, 0x00, 0x00, 0x00, 0x00, 0x00, 0x00, 0x00, 0x00, 0x00, 0x00, 0x00,
  0x00, 0x00, 0x00, 0x00, 0x00, 0x00, 0x00, 0x00, 0x00, 0x00, 0x00, 0x00,
  0x00, 0x00, 0x00, 0x00, 0x00, 0x00, 0x00, 0x00, 0x00, 0x00, 0x00, 0x00,
  0x00, 0x00, 0x00, 0x00, 0x00, 0x00, 0x00, 0x00, 0x00, 0x00, 0x00, 0x00,
  0x00, 0x00, 0x00, 0x00, 0x00, 0x00, 0x00, 0x00, 0x00, 0x00, 0x00, 0x00,
  0x00, 0x00, 0x00, 0x00, 0x00, 0x00, 0x00, 0x00, 0x00, 0x00, 0x00, 0x00,
  0x00, 0x00, 0x00, 0x00, 0x00, 0x00, 0x00, 0x00, 0x00, 0x00, 0x00, 0x00,
  0x00, 0x00, 0x00, 0x00, 0x00, 0x00, 0x00, 0x00, 0x00, 0x00, 0x00, 0x00,
  0x00, 0x00, 0x00, 0x00, 0x00, 0x00, 0x00, 0x00, 0x00, 0x00, 0x00, 0x00,
  0x00, 0x00, 0x00, 0x00, 0x00, 0x00, 0x00, 0x00, 0x00, 0x00, 0x00, 0x00,
  0x00, 0x00, 0x00, 0x00, 0x00, 0x00, 0x00, 0x00, 0x00, 0x00, 0x00, 0x00,
  0x00, 0x00, 0x00, 0x00, 0x00, 0x00, 0x00, 0x00, 0x00, 0x00, 0x00, 0x00,
  0x00, 0x00, 0x00, 0x00, 0x00, 0x00, 0x00, 0x00, 0x00, 0x00, 0x00, 0x00,
  0x00, 0x00, 0x00, 0x00, 0x00, 0x00, 0x00, 0x00, 0x00, 0x00, 0x00, 0x00,
  0x00, 0x00, 0x00, 0x00, 0x00, 0x00, 0x00, 0x00, 0x00, 0x00, 0x00, 0x00,
  0x00, 0x00, 0x00, 0x00, 0x00, 0x00, 0x00, 0x00, 0x00, 0x00, 0x00, 0x00,
  0x00, 0x00, 0x00, 0x00, 0x00, 0x00, 0x00, 0x00, 0x00, 0x00, 0x00, 0x00,
  0x00, 0x00, 0x00, 0x00, 0x00, 0x00, 0x00, 0x00, 0x00, 0x00, 0x00, 0x00,
  0x00, 0x00, 0x00, 0x00, 0x00, 0x00, 0x00, 0x00, 0x00, 0x00, 0x00, 0x00,
  0x00, 0x00, 0x00, 0x00, 0x00, 0x00, 0x00, 0x00, 0x00, 0x00, 0x00, 0x00,
  0x00, 0x00, 0x00, 0x00, 0x00, 0x00, 0x00, 0x00, 0x00, 0x00, 0x00, 0x00,
  0x00, 0x00, 0x00, 0x00, 0x00, 0x00, 0x00, 0x00, 0x00, 0x00, 0x00, 0x00,
  0x00, 0x00, 0x00, 0x00, 0x00, 0x00, 0x00, 0x00, 0x00, 0x00, 0x00, 0x00,
  0x00, 0x00, 0x00, 0x00, 0x00, 0x00, 0x00, 0x00, 0x00, 0x00, 0x00, 0x00,
  0x00, 0x00, 0x00, 0x00, 0x00, 0x00, 0x00, 0x00, 0x00, 0x00, 0x00, 0x00,
  0x00, 0x00, 0x00, 0x00, 0x00, 0x00, 0x00, 0x00, 0x00, 0x00, 0x00, 0x00,
  0x00, 0x00, 0x00, 0x00, 0x00, 0x00, 0x00, 0x00, 0x00, 0x00, 0x00, 0x00,
  0x00, 0x00, 0x00, 0x00, 0x00, 0x00, 0x00, 0x00, 0x00, 0x00, 0x00, 0x00,
  0x00, 0x00, 0x00, 0x00, 0x00, 0x00, 0x00, 0x00, 0x00, 0x00, 0x00, 0x00,
  0x00, 0x00, 0x00, 0x00, 0x00, 0x00, 0x00, 0x00, 0x00, 0x00, 0x00, 0x00,
  0x00, 0x00, 0x00, 0x00, 0x00, 0x00, 0x00, 0x00, 0x00, 0x00, 0x00, 0x00,
  0x00, 0x00, 0x00, 0x00, 0x00, 0x00, 0x00, 0x00, 0x00, 0x00, 0x00, 0x00,
  0x00, 0x00, 0x00, 0x00, 0x00, 0x00, 0x00, 0x00, 0x00, 0x00, 0x00, 0x00,
  0x00, 0x00, 0x00, 0x00, 0x00, 0x00, 0x00, 0x00, 0x00, 0x00, 0x00, 0x00,
  0x00, 0x00, 0x00, 0x00, 0x00, 0x00, 0x00, 0x00, 0x00, 0x00, 0x00, 0x00,
  0x00, 0x00, 0x00, 0x00, 0x00, 0x00, 0x00, 0x00, 0x00, 0x00, 0x00, 0x00,
  0x00, 0x00, 0x00, 0x00, 0x00, 0x00, 0x00, 0x00, 0x00, 0x00, 0x00, 0x00,
  0x00, 0x00, 0x00, 0x00, 0x00, 0x00, 0x00, 0x00, 0x00, 0x00, 0x00, 0x00,
  0x00, 0x00, 0x00, 0x00, 0x00, 0x00, 0x00, 0x00, 0x00, 0x00, 0x00, 0x00,
  0x00, 0x00, 0x00, 0x00, 0x00, 0x00, 0x00, 0x00, 0x00, 0x00, 0x00, 0x00,
  0x00, 0x00, 0x00, 0x00, 0x00, 0x00, 0x00, 0x00, 0x00, 0x00, 0x00, 0x00,
  0x00, 0x00, 0x00, 0x00, 0x00, 0x00, 0x00, 0x00, 0x00, 0x00, 0x00, 0x00,
  0x00, 0x00, 0x00, 0x00, 0x00, 0x00, 0x00, 0x00, 0x00, 0x00, 0x00, 0x00,
  0x00, 0x00, 0x00, 0x00, 0x00, 0x00, 0x00, 0x00, 0x00, 0x00, 0x00, 0x00,
  0x00, 0x00, 0x00, 0x00, 0x00, 0x00, 0x00, 0x00, 0x00, 0x00, 0x00, 0x00,
  0x00, 0x00, 0x00, 0x00, 0x00, 0x00, 0x00, 0x00, 0x00, 0x00, 0x00, 0x00,
  0x00, 0x00, 0x00, 0x00, 0x00, 0x00, 0x00, 0x00, 0x00, 0x00, 0x00, 0x00,
  0x00, 0x00, 0x00, 0x00, 0x00, 0x00, 0x00, 0x00, 0x00, 0x00, 0x00, 0x00,
  0x00, 0x00, 0x00, 0x00, 0x00, 0x00, 0x00, 0x00, 0x00, 0x00, 0x00, 0x00,
  0x00, 0x00, 0x00, 0x00, 0x00, 0x00, 0x00, 0x00, 0x00, 0x00, 0x00, 0x00,
  0x00, 0x00, 0x00, 0x00, 0x00, 0x00, 0x00, 0x00, 0x00, 0x00, 0x00, 0x00,
  0x00, 0x00, 0x00, 0x00, 0x00, 0x00, 0x00, 0x00, 0x00, 0x00, 0x00, 0x00,
  0x00, 0x00, 0x00, 0x00, 0x00, 0x00, 0x00, 0x00, 0x00, 0x00, 0x00, 0x00,
  0x00, 0x00, 0x00, 0x00, 0x00, 0x00, 0x00, 0x00, 0x00, 0x00, 0x00, 0x00,
  0x00, 0x00, 0x00, 0x00, 0x00, 0x00, 0x00, 0x00, 0x00, 0x00, 0x00, 0x00,
  0x00, 0x00, 0x00, 0x00, 0x00, 0x00, 0x00, 0x00, 0x00, 0x00, 0x00, 0x00,
  0x00, 0x00, 0x00, 0x00, 0x00, 0x00, 0x00, 0x00, 0x00, 0x00, 0x00, 0x00,
  0x00, 0x00, 0x00, 0x00, 0x00, 0x00, 0x00, 0x00, 0x00, 0x00, 0x00, 0x00,
  0x00, 0x00, 0x00, 0x00, 0x00, 0x00, 0x00, 0x00, 0x00, 0x00, 0x00, 0x00,
  0x00, 0x00, 0x00, 0x00, 0x00, 0x00, 0x00, 0x00, 0x00, 0x00, 0x00, 0x00,
  0x00, 0x00, 0x00, 0x00, 0x00, 0x00, 0x00, 0x00, 0x00, 0x00, 0x00, 0x00,
  0x00, 0x00, 0x00, 0x00, 0x00, 0x00, 0x00, 0x00, 0x00, 0x00, 0x00, 0x00,
  0x00, 0x00, 0x00, 0x00, 0x00, 0x00, 0x00, 0x00, 0x00, 0x00, 0x00, 0x00,
  0x00, 0x00, 0x00, 0x00, 0x00, 0x00, 0x00, 0x00, 0x00, 0x00, 0x00, 0x00,
  0x00, 0x00, 0x00, 0x00, 0x00, 0x00, 0x00, 0x00, 0x00, 0x00, 0x00, 0x00,
  0x00, 0x00, 0x00, 0x00, 0x00, 0x00, 0x00, 0x00, 0x00, 0x00, 0x00, 0x00,
  0x00, 0x00, 0x00, 0x00, 0x00, 0x00, 0x00, 0x00, 0x00, 0x00, 0x00, 0x00,
  0x00, 0x00, 0x00, 0x00, 0x00, 0x00, 0x00, 0x00, 0x00, 0x00, 0x00, 0x00,
  0x00, 0x00, 0x00, 0x00, 0x00, 0x00, 0x00, 0x00, 0x00, 0x00, 0x00, 0x00,
  0x00, 0x00, 0x00, 0x00, 0x00, 0x00, 0x00, 0x00, 0x00, 0x00, 0x00, 0x00,
  0x00, 0x00, 0x00, 0x00, 0x00, 0x00, 0x00, 0x00, 0x00, 0x00, 0x00, 0x00,
  0x00, 0x00, 0x00, 0x00, 0x00, 0x00, 0x00, 0x00, 0x00, 0x00, 0x00, 0x00,
  0x00, 0x0e, 0x49, 0x3b, 0xff, 0x0e, 0xc9, 0x3b, 0x00, 0xcb, 0x16, 0x3c,
  0x7c, 0x0e, 0x49, 0x3c, 0x04, 0x51, 0x7b, 0x3c, 0x80, 0xc9, 0x96, 0x3c,
  0x3e, 0xea, 0xaf, 0x3c, 0x80, 0x0a, 0xc9, 0x3c, 0x42, 0x2a, 0xe2, 0x3c,
  0x82, 0x49, 0xfb, 0x3c, 0x21, 0x34, 0x0a, 0x3d, 0x20, 0xc3, 0x16, 0x3d,
  0xbf, 0x51, 0x23, 0x3d, 0xff, 0xdf, 0x2f, 0x3d, 0xbf, 0x6d, 0x3c, 0x3d,
  0x21, 0xfb, 0x48, 0x3d, 0xff, 0x87, 0x55, 0x3d, 0x5f, 0x14, 0x62, 0x3d,
  0x21, 0xa0, 0x6e, 0x3d, 0x5f, 0x2b, 0x7b, 0x3d, 0x00, 0xdb, 0x83, 0x3d,
  0x00, 0x20, 0x8a, 0x3d, 0xb1, 0x64, 0x90, 0x3d, 0x00, 0xa9, 0x96, 0x3d,
  0xf0, 0xec, 0x9c, 0x3d, 0x80, 0x30, 0xa3, 0x3d, 0xb0, 0x73, 0xa9, 0x3d,
  0x80, 0xb6, 0xaf, 0x3d, 0xd0, 0xf8, 0xb5, 0x3d, 0xc0, 0x3a, 0xbc, 0x3d,
  0x30, 0x7c, 0xc2, 0x3d, 0x30, 0xbd, 0xc8, 0x3d, 0xaf, 0xfd, 0xce, 0x3d,
  0xb5, 0x3d, 0xd5, 0x3d, 0x34, 0x7d, 0xdb, 0x3d, 0x20, 0xbc, 0xe1, 0x3d,
  0x93, 0xfa, 0xe7, 0x3d, 0x72, 0x38, 0xee, 0x3d, 0xb1, 0x75, 0xf4, 0x3d,
  0x76, 0xb2, 0xfa, 0x3d, 0x40, 0x77, 0x00, 0x3e, 0x02, 0x95, 0x03, 0x3e,
  0x65, 0xb2, 0x06, 0x3e, 0x7f, 0xcf, 0x09, 0x3e, 0x49, 0xec, 0x0c, 0x3e,
  0xad, 0x08, 0x10, 0x3e, 0xc8, 0x24, 0x13, 0x3e, 0x7e, 0x40, 0x16, 0x3e,
  0xd7, 0x5b, 0x19, 0x3e, 0xd8, 0x76, 0x1c, 0x3e, 0x7b, 0x91, 0x1f, 0x3e,
  0xb3, 0xab, 0x22, 0x3e, 0x86, 0xc5, 0x25, 0x3e, 0xfb, 0xde, 0x28, 0x3e,
  0xfe, 0xf7, 0x2b, 0x3e, 0xa3, 0x10, 0x2f, 0x3e, 0xcf, 0x28, 0x32, 0x3e,
  0x97, 0x40, 0x35, 0x3e, 0xe6, 0x57, 0x38, 0x3e, 0xc9, 0x6e, 0x3b, 0x3e,
  0x3a, 0x85, 0x3e, 0x3e, 0x33, 0x9b, 0x41, 0x3e, 0xb9, 0xb0, 0x44, 0x3e,
  0xc0, 0xc5, 0x47, 0x3e, 0x48, 0xda, 0x4a, 0x3e, 0x57, 0xee, 0x4d, 0x3e,
  0xf3, 0x01, 0x51, 0x3e, 0x03, 0x15, 0x54, 0x3e, 0x86, 0x27, 0x57, 0x3e,
  0x8f, 0x39, 0x5a, 0x3e, 0x1a, 0x4b, 0x5d, 0x3e, 0x11, 0x5c, 0x60, 0x3e,
  0x81, 0x6c, 0x63, 0x3e, 0x5e, 0x7c, 0x66, 0x3e, 0xb5, 0x8b, 0x69, 0x3e,
  0x78, 0x9a, 0x6c, 0x3e, 0xae, 0xa8, 0x6f, 0x3e, 0x51, 0xb6, 0x72, 0x3e,
  0x59, 0xc3, 0x75, 0x3e, 0xc6, 0xcf, 0x78, 0x3e, 0xa1, 0xdb, 0x7b, 0x3e,
  0xe0, 0xe6, 0x7e, 0x3e, 0xc0, 0xf8, 0x80, 0x3e, 0xbe, 0x7d, 0x82, 0x3e,
  0x70, 0x02, 0x84, 0x3e, 0xcb, 0x86, 0x85, 0x3e, 0xd8, 0x0a, 0x87, 0x3e,
  0x91, 0x8e, 0x88, 0x3e, 0xf3, 0x11, 0x8a, 0x3e, 0x05, 0x95, 0x8b, 0x3e,
  0xbc, 0x17, 0x8d, 0x3e, 0x1f, 0x9a, 0x8e, 0x3e, 0x2b, 0x1c, 0x90, 0x3e,
  0xdc, 0x9d, 0x91, 0x3e, 0x33, 0x1f, 0x93, 0x3e, 0x2f, 0xa0, 0x94, 0x3e,
  0xd0, 0x20, 0x96, 0x3e, 0x14, 0xa1, 0x97, 0x3e, 0xfd, 0x20, 0x99, 0x3e,
  0x84, 0xa0, 0x9a, 0x3e, 0xab, 0x1f, 0x9c, 0x3e, 0x73, 0x9e, 0x9d, 0x3e,
  0xde, 0x1c, 0x9f, 0x3e, 0xe3, 0x9a, 0xa0, 0x3e, 0x84, 0x18, 0xa2, 0x3e,
  0xc4, 0x95, 0xa3, 0x3e, 0x9c, 0x12, 0xa5, 0x3e, 0x0f, 0x8f, 0xa6, 0x3e,
  0x1d, 0x0b, 0xa8, 0x3e, 0xc4, 0x86, 0xa9, 0x3e, 0xff, 0x01, 0xab, 0x3e,
  0xcf, 0x7c, 0xac, 0x3e, 0x3d, 0xf7, 0xad, 0x3e, 0x39, 0x71, 0xaf, 0x3e,
  0xc7, 0xea, 0xb0, 0x3e, 0xec, 0x63, 0xb2, 0x3e, 0xa3, 0xdc, 0xb3, 0x3e,
  0xe8, 0x54, 0xb5, 0x3e, 0xc1, 0xcc, 0xb6, 0x3e, 0x28, 0x44, 0xb8, 0x3e,
  0x1d, 0xbb, 0xb9, 0x3e, 0xa1, 0x31, 0xbb, 0x3e, 0xab, 0xa7, 0xbc, 0x3e,
  0x46, 0x1d, 0xbe, 0x3e, 0x6c, 0x92, 0xbf, 0x3e, 0x1d, 0x07, 0xc1, 0x3e,
  0x55, 0x7b, 0xc2, 0x3e, 0x14, 0xef, 0xc3, 0x3e, 0x5a, 0x62, 0xc5, 0x3e,
  0x28, 0xd5, 0xc6, 0x3e, 0x7d, 0x47, 0xc8, 0x3e, 0x4e, 0xb9, 0xc9, 0x3e,
  0xab, 0x2a, 0xcb, 0x3e, 0x88, 0x9b, 0xcc, 0x3e, 0xe8, 0x0b, 0xce, 0x3e,
  0xca, 0x7b, 0xcf, 0x3e, 0x28, 0xeb, 0xd0, 0x3e, 0x07, 0x5a, 0xd2, 0x3e,
  0x63, 0xc8, 0xd3, 0x3e, 0x3f, 0x36, 0xd5, 0x3e, 0x99, 0xa3, 0xd6, 0x3e,
  0x69, 0x10, 0xd8, 0x3e, 0xba, 0x7c, 0xd9, 0x3e, 0x81, 0xe8, 0xda, 0x3e,
  0xc1, 0x53, 0xdc, 0x3e, 0x78, 0xbe, 0xdd, 0x3e, 0xa9, 0x28, 0xdf, 0x3e,
  0x4d, 0x92, 0xe0, 0x3e, 0x68, 0xfb, 0xe1, 0x3e, 0xf9, 0x63, 0xe3, 0x3e,
  0xfd, 0xcb, 0xe4, 0x3e, 0x74, 0x33, 0xe6, 0x3e, 0x5b, 0x9a, 0xe7, 0x3e,
  0xb4, 0x00, 0xe9, 0x3e, 0x81, 0x66, 0xea, 0x3e, 0xb7, 0xcb, 0xeb, 0x3e,
  0x60, 0x30, 0xed, 0x3e, 0x79, 0x94, 0xee, 0x3e, 0xf7, 0xf7, 0xef, 0x3e,
  0xe9, 0x5a, 0xf1, 0x3e, 0x40, 0xbd, 0xf2, 0x3e, 0x03, 0x1f, 0xf4, 0x3e,
  0x33, 0x80, 0xf5, 0x3e, 0xc8, 0xe0, 0xf6, 0x3e, 0xc7, 0x40, 0xf8, 0x3e,
  0x2b, 0xa0, 0xf9, 0x3e, 0xf4, 0xfe, 0xfa, 0x3e, 0x24, 0x5d, 0xfc, 0x3e,
  0xb9, 0xba, 0xfd, 0x3e, 0xb0, 0x17, 0xff, 0x3e, 0x07, 0x3a, 0x00, 0x3f,
  0xe5, 0xe7, 0x00, 0x3f, 0x72, 0x95, 0x01, 0x3f, 0xb0, 0x42, 0x02, 0x3f,
  0x9f, 0xef, 0x02, 0x3f, 0x3c, 0x9c, 0x03, 0x3f, 0x87, 0x48, 0x04, 0x3f,
  0x82, 0xf4, 0x04, 0x3f, 0x2c, 0xa0, 0x05, 0x3f, 0x83, 0x4b, 0x06, 0x3f,
  0x83, 0xf6, 0x06, 0x3f, 0x34, 0xa1, 0x07, 0x3f, 0x92, 0x4b, 0x08, 0x3f,
  0x9a, 0xf5, 0x08, 0x3f, 0x4d, 0x9f, 0x09, 0x3f, 0xac, 0x48, 0x0a, 0x3f,
  0xb6, 0xf1, 0x0a, 0x3f, 0x6a, 0x9a, 0x0b, 0x3f, 0xc8, 0x42, 0x0c, 0x3f,
  0xd1, 0xea, 0x0c, 0x3f, 0x81, 0x92, 0x0d, 0x3f, 0xd8, 0x39, 0x0e, 0x3f,
  0xdb, 0xe0, 0x0e, 0x3f, 0x85, 0x87, 0x0f, 0x3f, 0xd4, 0x2d, 0x10, 0x3f,
  0xcd, 0xd3, 0x10, 0x3f, 0x6a, 0x79, 0x11, 0x3f, 0xad, 0x1e, 0x12, 0x3f,
  0x99, 0xc3, 0x12, 0x3f, 0x2b, 0x68, 0x13, 0x3f, 0x5e, 0x0c, 0x14, 0x3f,
  0x38, 0xb0, 0x14, 0x3f, 0xb6, 0x53, 0x15, 0x3f, 0xd8, 0xf6, 0x15, 0x3f,
  0x9e, 0x99, 0x16, 0x3f, 0x05, 0x3c, 0x17, 0x3f, 0x12, 0xde, 0x17, 0x3f,
  0xbe, 0x7f, 0x18, 0x3f, 0x0e, 0x21, 0x19, 0x3f, 0x01, 0xc2, 0x19, 0x3f,
  0x93, 0x62, 0x1a, 0x3f, 0xc5, 0x02, 0x1b, 0x3f, 0x97, 0xa2, 0x1b, 0x3f,
  0x0c, 0x42, 0x1c, 0x3f, 0x1e, 0xe1, 0x1c, 0x3f, 0xd0, 0x7f, 0x1d, 0x3f,
  0x22, 0x1e, 0x1e, 0x3f, 0x10, 0xbc, 0x1e, 0x3f, 0x9e, 0x59, 0x1f, 0x3f,
  0xcb, 0xf6, 0x1f, 0x3f, 0x91, 0x93, 0x20, 0x3f, 0xf8, 0x2f, 0x21, 0x3f,
  0xfa, 0xcb, 0x21, 0x3f, 0x98, 0x67, 0x22, 0x3f, 0xd2, 0x02, 0x23, 0x3f,
  0xa8, 0x9d, 0x23, 0x3f, 0x18, 0x38, 0x24, 0x3f, 0x24, 0xd2, 0x24, 0x3f,
  0xca, 0x6b, 0x25, 0x3f, 0x0a, 0x05, 0x26, 0x3f, 0xe2, 0x9d, 0x26, 0x3f,
  0x53, 0x36, 0x27, 0x3f, 0x60, 0xce, 0x27, 0x3f, 0x03, 0x66, 0x28, 0x3f,
  0x40, 0xfd, 0x28, 0x3f, 0x13, 0x94, 0x29, 0x3f, 0x7e, 0x2a, 0x2a, 0x3f,
  0x80, 0xc0, 0x2a, 0x3f, 0x1b, 0x56, 0x2b, 0x3f, 0x49, 0xeb, 0x2b, 0x3f,
  0x0f, 0x80, 0x2c, 0x3f, 0x68, 0x14, 0x2d, 0x3f, 0x58, 0xa8, 0x2d, 0x3f,
  0xdc, 0x3b, 0x2e, 0x3f, 0xf6, 0xce, 0x2e, 0x3f, 0xa4, 0x61, 0x2f, 0x3f,
  0xe4, 0xf3, 0x2f, 0x3f, 0xba, 0x85, 0x30, 0x3f, 0x22, 0x17, 0x31, 0x3f,
  0x1c, 0xa8, 0x31, 0x3f, 0xaa, 0x38, 0x32, 0x3f, 0xc8, 0xc8, 0x32, 0x3f,
  0x78, 0x58, 0x33, 0x3f, 0xbb, 0xe7, 0x33, 0x3f, 0x8e, 0x76, 0x34, 0x3f,
  0xf2, 0x04, 0x35, 0x3f, 0xe5, 0x92, 0x35, 0x3f, 0x6a, 0x20, 0x36, 0x3f,
  0x7e, 0xad, 0x36, 0x3f, 0x22, 0x3a, 0x37, 0x3f, 0x54, 0xc6, 0x37, 0x3f,
  0x14, 0x52, 0x38, 0x3f, 0x65, 0xdd, 0x38, 0x3f, 0x40, 0x68, 0x39, 0x3f,
  0xac, 0xf2, 0x39, 0x3f, 0xa5, 0x7c, 0x3a, 0x3f, 0x28, 0x06, 0x3b, 0x3f,
  0x3a, 0x8f, 0x3b, 0x3f, 0xd8, 0x17, 0x3c, 0x3f, 0x02, 0xa0, 0x3c, 0x3f,
  0xb8, 0x27, 0x3d, 0x3f, 0xf9, 0xae, 0x3d, 0x3f, 0xc4, 0x35, 0x3e, 0x3f,
  0x1a, 0xbc, 0x3e, 0x3f, 0xfc, 0x41, 0x3f, 0x3f, 0x66, 0xc7, 0x3f, 0x3f,
  0x59, 0x4c, 0x40, 0x3f, 0xd8, 0xd0, 0x40, 0x3f, 0xdf, 0x54, 0x41, 0x3f,
  0x70, 0xd8, 0x41, 0x3f, 0x89, 0x5b, 0x42, 0x3f, 0x27, 0xde, 0x42, 0x3f,
  0x51, 0x60, 0x43, 0x3f, 0xff, 0xe1, 0x43, 0x3f, 0x35, 0x63, 0x44, 0x3f,
  0xf4, 0xe3, 0x44, 0x3f, 0x39, 0x64, 0x45, 0x3f, 0x02, 0xe4, 0x45, 0x3f,
  0x52, 0x63, 0x46, 0x3f, 0x28, 0xe2, 0x46, 0x3f, 0x85, 0x60, 0x47, 0x3f,
  0x65, 0xde, 0x47, 0x3f, 0xca, 0x5b, 0x48, 0x3f, 0xb2, 0xd8, 0x48, 0x3f,
  0x21, 0x55, 0x49, 0x3f, 0x12, 0xd1, 0x49, 0x3f, 0x87, 0x4c, 0x4a, 0x3f,
  0x7e, 0xc7, 0x4a, 0x3f, 0xfa, 0x41, 0x4b, 0x3f, 0xf6, 0xbb, 0x4b, 0x3f,
  0x75, 0x35, 0x4c, 0x3f, 0x78, 0xae, 0x4c, 0x3f, 0xfc, 0x26, 0x4d, 0x3f,
  0x02, 0x9f, 0x4d, 0x3f, 0x88, 0x16, 0x4e, 0x3f, 0x8f, 0x8d, 0x4e, 0x3f,
  0x16, 0x04, 0x4f, 0x3f, 0x1e, 0x7a, 0x4f, 0x3f, 0xa6, 0xef, 0x4f, 0x3f,
  0xaf, 0x64, 0x50, 0x3f, 0x36, 0xd9, 0x50, 0x3f, 0x3d, 0x4d, 0x51, 0x3f,
  0xc2, 0xc0, 0x51, 0x3f, 0xc6, 0x33, 0x52, 0x3f, 0x49, 0xa6, 0x52, 0x3f,
  0x49, 0x18, 0x53, 0x3f, 0xc6, 0x89, 0x53, 0x3f, 0xc2, 0xfa, 0x53, 0x3f,
  0x39, 0x6b, 0x54, 0x3f, 0x2f, 0xdb, 0x54, 0x3f, 0xa3, 0x4a, 0x55, 0x3f,
  0x92, 0xb9, 0x55, 0x3f, 0xfc, 0x27, 0x56, 0x3f, 0xe3, 0x95, 0x56, 0x3f,
  0x46, 0x03, 0x57, 0x3f, 0x24, 0x70, 0x57, 0x3f, 0x7e, 0xdc, 0x57, 0x3f,
  0x52, 0x48, 0x58, 0x3f, 0xa1, 0xb3, 0x58, 0x3f, 0x69, 0x1e, 0x59, 0x3f,
  0xac, 0x88, 0x59, 0x3f, 0x68, 0xf2, 0x59, 0x3f, 0xa0, 0x5b, 0x5a, 0x3f,
  0x4e, 0xc4, 0x5a, 0x3f, 0x78, 0x2c, 0x5b, 0x3f, 0x1a, 0x94, 0x5b, 0x3f,
  0x34, 0xfb, 0x5b, 0x3f, 0xc6, 0x61, 0x5c, 0x3f, 0xd0, 0xc7, 0x5c, 0x3f,
  0x52, 0x2d, 0x5d, 0x3f, 0x4d, 0x92, 0x5d, 0x3f, 0xbd, 0xf6, 0x5d, 0x3f,
  0xa6, 0x5a, 0x5e, 0x3f, 0x04, 0xbe, 0x5e, 0x3f, 0xda, 0x20, 0x5f, 0x3f,
  0x26, 0x83, 0x5f, 0x3f, 0xe8, 0xe4, 0x5f, 0x3f, 0x20, 0x46, 0x60, 0x3f,
  0xcd, 0xa6, 0x60, 0x3f, 0xf0, 0x06, 0x61, 0x3f, 0x8a, 0x66, 0x61, 0x3f,
  0x96, 0xc5, 0x61, 0x3f, 0x17, 0x24, 0x62, 0x3f, 0x10, 0x82, 0x62, 0x3f,
  0x7a, 0xdf, 0x62, 0x3f, 0x58, 0x3c, 0x63, 0x3f, 0xab, 0x98, 0x63, 0x3f,
  0x72, 0xf4, 0x63, 0x3f, 0xac, 0x4f, 0x64, 0x3f, 0x57, 0xaa, 0x64, 0x3f,
  0x77, 0x04, 0x65, 0x3f, 0x0a, 0x5e, 0x65, 0x3f, 0x11, 0xb7, 0x65, 0x3f,
  0x87, 0x0f, 0x66, 0x3f, 0x6f, 0x67, 0x66, 0x3f, 0xcc, 0xbe, 0x66, 0x3f,
  0x97, 0x15, 0x67, 0x3f, 0xd6, 0x6b, 0x67, 0x3f, 0x86, 0xc1, 0x67, 0x3f,
  0xa6, 0x16, 0x68, 0x3f, 0x38, 0x6b, 0x68, 0x3f, 0x3a, 0xbf, 0x68, 0x3f,
  0xae, 0x12, 0x69, 0x3f, 0x90, 0x65, 0x69, 0x3f, 0xe2, 0xb7, 0x69, 0x3f,
  0xa6, 0x09, 0x6a, 0x3f, 0xd9, 0x5a, 0x6a, 0x3f, 0x7a, 0xab, 0x6a, 0x3f,
  0x8a, 0xfb, 0x6a, 0x3f, 0x0b, 0x4b, 0x6b, 0x3f, 0xf9, 0x99, 0x6b, 0x3f,
  0x57, 0xe8, 0x6b, 0x3f, 0x24, 0x36, 0x6c, 0x3f, 0x5e, 0x83, 0x6c, 0x3f,
  0x06, 0xd0, 0x6c, 0x3f, 0x1d, 0x1c, 0x6d, 0x3f, 0x9f, 0x67, 0x6d, 0x3f,
  0x92, 0xb2, 0x6d, 0x3f, 0xf2, 0xfc, 0x6d, 0x3f, 0xbd, 0x46, 0x6e, 0x3f,
  0xf7, 0x8f, 0x6e, 0x3f, 0x9c, 0xd8, 0x6e, 0x3f, 0xb0, 0x20, 0x6f, 0x3f,
  0x2e, 0x68, 0x6f, 0x3f, 0x1a, 0xaf, 0x6f, 0x3f, 0x71, 0xf5, 0x6f, 0x3f,
  0x36, 0x3b, 0x70, 0x3f, 0x66, 0x80, 0x70, 0x3f, 0x00, 0xc5, 0x70, 0x3f,
  0x09, 0x09, 0x71, 0x3f, 0x7a, 0x4c, 0x71, 0x3f, 0x56, 0x8f, 0x71, 0x3f,
  0x9f, 0xd1, 0x71, 0x3f, 0x52, 0x13, 0x72, 0x3f, 0x6e, 0x54, 0x72, 0x3f,
  0xf8, 0x94, 0x72, 0x3f, 0xea, 0xd4, 0x72, 0x3f, 0x46, 0x14, 0x73, 0x3f,
  0x0f, 0x53, 0x73, 0x3f, 0x3f, 0x91, 0x73, 0x3f, 0xd7, 0xce, 0x73, 0x3f,
  0xdd, 0x0b, 0x74, 0x3f, 0x49, 0x48, 0x74, 0x3f, 0x21, 0x84, 0x74, 0x3f,
  0x61, 0xbf, 0x74, 0x3f, 0x0a, 0xfa, 0x74, 0x3f, 0x1c, 0x34, 0x75, 0x3f,
  0x96, 0x6d, 0x75, 0x3f, 0x7a, 0xa6, 0x75, 0x3f, 0xc6, 0xde, 0x75, 0x3f,
  0x7b, 0x16, 0x76, 0x3f, 0x97, 0x4d, 0x76, 0x3f, 0x1a, 0x84, 0x76, 0x3f,
  0x06, 0xba, 0x76, 0x3f, 0x5a, 0xef, 0x76, 0x3f, 0x16, 0x24, 0x77, 0x3f,
  0x3a, 0x58, 0x77, 0x3f, 0xc4, 0x8b, 0x77, 0x3f, 0xb7, 0xbe, 0x77, 0x3f,
  0x10, 0xf1, 0x77, 0x3f, 0xd0, 0x22, 0x78, 0x3f, 0xf5, 0x53, 0x78, 0x3f,
  0x84, 0x84, 0x78, 0x3f, 0x7b, 0xb4, 0x78, 0x3f, 0xd4, 0xe3, 0x78, 0x3f,
  0x95, 0x12, 0x79, 0x3f, 0xbd, 0x40, 0x79, 0x3f, 0x4f, 0x6e, 0x79, 0x3f,
  0x42, 0x9b, 0x79, 0x3f, 0x9b, 0xc7, 0x79, 0x3f, 0x5c, 0xf3, 0x79, 0x3f,
  0x83, 0x1e, 0x7a, 0x3f, 0x0f, 0x49, 0x7a, 0x3f, 0x01, 0x73, 0x7a, 0x3f,
  0x58, 0x9c, 0x7a, 0x3f, 0x14, 0xc5, 0x7a, 0x3f, 0x37, 0xed, 0x7a, 0x3f,
  0xbf, 0x14, 0x7b, 0x3f, 0xab, 0x3b, 0x7b, 0x3f, 0xfb, 0x61, 0x7b, 0x3f,
  0xb2, 0x87, 0x7b, 0x3f, 0xcc, 0xac, 0x7b, 0x3f, 0x4d, 0xd1, 0x7b, 0x3f,
  0x30, 0xf5, 0x7b, 0x3f, 0x7a, 0x18, 0x7c, 0x3f, 0x25, 0x3b, 0x7c, 0x3f,
  0x38, 0x5d, 0x7c, 0x3f, 0xae, 0x7e, 0x7c, 0x3f, 0x8a, 0x9f, 0x7c, 0x3f,
  0xc7, 0xbf, 0x7c, 0x3f, 0x6a, 0xdf, 0x7c, 0x3f, 0x72, 0xfe, 0x7c, 0x3f,
  0xdc, 0x1c, 0x7d, 0x3f, 0xaa, 0x3a, 0x7d, 0x3f, 0xde, 0x57, 0x7d, 0x3f,
  0x74, 0x74, 0x7d, 0x3f, 0x6e, 0x90, 0x7d, 0x3f, 0xc9, 0xab, 0x7d, 0x3f,
  0x8b, 0xc6, 0x7d, 0x3f, 0xb0, 0xe0, 0x7d, 0x3f, 0x38, 0xfa, 0x7d, 0x3f,
  0x21, 0x13, 0x7e, 0x3f, 0x70, 0x2b, 0x7e, 0x3f, 0x23, 0x43, 0x7e, 0x3f,
  0x38, 0x5a, 0x7e, 0x3f, 0xaf, 0x70, 0x7e, 0x3f, 0x8a, 0x86, 0x7e, 0x3f,
  0xc7, 0x9b, 0x7e, 0x3f, 0x67, 0xb0, 0x7e, 0x3f, 0x6d, 0xc4, 0x7e, 0x3f,
  0xd3, 0xd7, 0x7e, 0x3f, 0x9d, 0xea, 0x7e, 0x3f, 0xc7, 0xfc, 0x7e, 0x3f,
  0x56, 0x0e, 0x7f, 0x3f, 0x49, 0x1f, 0x7f, 0x3f, 0x9c, 0x2f, 0x7f, 0x3f,
  0x55, 0x3f, 0x7f, 0x3f, 0x6c, 0x4e, 0x7f, 0x3f, 0xe8, 0x5c, 0x7f, 0x3f,
  0xc6, 0x6a, 0x7f, 0x3f, 0x08, 0x78, 0x7f, 0x3f, 0xa9, 0x84, 0x7f, 0x3f,
  0xb0, 0x90, 0x7f, 0x3f, 0x19, 0x9c, 0x7f, 0x3f, 0xe2, 0xa6, 0x7f, 0x3f,
  0x0e, 0xb1, 0x7f, 0x3f, 0x9c, 0xba, 0x7f, 0x3f, 0x8e, 0xc3, 0x7f, 0x3f,
  0xe3, 0xcb, 0x7f, 0x3f, 0x96, 0xd3, 0x7f, 0x3f, 0xad, 0xda, 0x7f, 0x3f,
  0x29, 0xe1, 0x7f, 0x3f, 0x05, 0xe7, 0x7f, 0x3f, 0x43, 0xec, 0x7f, 0x3f,
  0xe1, 0xf0, 0x7f, 0x3f, 0xe4, 0xf4, 0x7f, 0x3f, 0x49, 0xf8, 0x7f, 0x3f,
  0x11, 0xfb, 0x7f, 0x3f, 0x39, 0xfd, 0x7f, 0x3f, 0xc5, 0xfe, 0x7f, 0x3f,
  0xaf, 0xff, 0x7f, 0x3f, 0xfe, 0xff, 0x7f, 0x3f, 0xaf, 0xff, 0x7f, 0x3f,
  0xc5, 0xfe, 0x7f, 0x3f, 0x39, 0xfd, 0x7f, 0x3f, 0x11, 0xfb, 0x7f, 0x3f,
  0x49, 0xf8, 0x7f, 0x3f, 0xe4, 0xf4, 0x7f, 0x3f, 0xe1, 0xf0, 0x7f, 0x3f,
  0x43, 0xec, 0x7f, 0x3f, 0x05, 0xe7, 0x7f, 0x3f, 0x29, 0xe1, 0x7f, 0x3f,
  0xad, 0xda, 0x7f, 0x3f, 0x96, 0xd3, 0x7f, 0x3f, 0xe3, 0xcb, 0x7f, 0x3f,
  0x8e, 0xc3, 0x7f, 0x3f, 0x9c, 0xba, 0x7f, 0x3f, 0x0e, 0xb1, 0x7f, 0x3f,
  0xe2, 0xa6, 0x7f, 0x3f, 0x19, 0x9c, 0x7f, 0x3f, 0xb0, 0x90, 0x7f, 0x3f,
  0xa9, 0x84, 0x7f, 0x3f, 0x08, 0x78, 0x7f, 0x3f, 0xc6, 0x6a, 0x7f, 0x3f,
  0xe8, 0x5c, 0x7f, 0x3f, 0x6c, 0x4e, 0x7f, 0x3f, 0x55, 0x3f, 0x7f, 0x3f,
  0x9c, 0x2f, 0x7f, 0x3f, 0x49, 0x1f, 0x7f, 0x3f, 0x56, 0x0e, 0x7f, 0x3f,
  0xc7, 0xfc, 0x7e, 0x3f, 0x9d, 0xea, 0x7e, 0x3f, 0xd3, 0xd7, 0x7e, 0x3f,
  0x6d, 0xc4, 0x7e, 0x3f, 0x67, 0xb0, 0x7e, 0x3f, 0xc7, 0x9b, 0x7e, 0x3f,
  0x8a, 0x86, 0x7e, 0x3f, 0xaf, 0x70, 0x7e, 0x3f, 0x38, 0x5a, 0x7e, 0x3f,
  0x23, 0x43, 0x7e, 0x3f, 0x70, 0x2b, 0x7e, 0x3f, 0x21, 0x13, 0x7e, 0x3f,
  0x38, 0xfa, 0x7d, 0x3f, 0xb0, 0xe0, 0x7d, 0x3f, 0x8b, 0xc6, 0x7d, 0x3f,
  0xc9, 0xab, 0x7d, 0x3f, 0x6e, 0x90, 0x7d, 0x3f, 0x74, 0x74, 0x7d, 0x3f,
  0xde, 0x57, 0x7d, 0x3f, 0xaa, 0x3a, 0x7d, 0x3f, 0xdc, 0x1c, 0x7d, 0x3f,
  0x72, 0xfe, 0x7c, 0x3f, 0x6a, 0xdf, 0x7c, 0x3f, 0xc7, 0xbf, 0x7c, 0x3f,
  0x8a, 0x9f, 0x7c, 0x3f, 0xae, 0x7e, 0x7c, 0x3f, 0x38, 0x5d, 0x7c, 0x3f,
  0x25, 0x3b, 0x7c, 0x3f, 0x7a, 0x18, 0x7c, 0x3f, 0x30, 0xf5, 0x7b, 0x3f,
  0x4d, 0xd1, 0x7b, 0x3f, 0xcc, 0xac, 0x7b, 0x3f, 0xb2, 0x87, 0x7b, 0x3f,
  0xfb, 0x61, 0x7b, 0x3f, 0xab, 0x3b, 0x7b, 0x3f, 0xbf, 0x14, 0x7b, 0x3f,
  0x37, 0xed, 0x7a, 0x3f, 0x14, 0xc5, 0x7a, 0x3f, 0x58, 0x9c, 0x7a, 0x3f,
  0x01, 0x73, 0x7a, 0x3f, 0x0f, 0x49, 0x7a, 0x3f, 0x83, 0x1e, 0x7a, 0x3f,
  0x5c, 0xf3, 0x79, 0x3f, 0x9b, 0xc7, 0x79, 0x3f, 0x42, 0x9b, 0x79, 0x3f,
  0x4f, 0x6e, 0x79, 0x3f, 0xbd, 0x40, 0x79, 0x3f, 0x95, 0x12, 0x79, 0x3f,
  0xd4, 0xe3, 0x78, 0x3f, 0x7b, 0xb4, 0x78, 0x3f, 0x84, 0x84, 0x78, 0x3f,
  0xf5, 0x53, 0x78, 0x3f, 0xd0, 0x22, 0x78, 0x3f, 0x10, 0xf1, 0x77, 0x3f,
  0xb7, 0xbe, 0x77, 0x3f, 0xc4, 0x8b, 0x77, 0x3f, 0x3a, 0x58, 0x77, 0x3f,
  0x16, 0x24, 0x77, 0x3f, 0x5a, 0xef, 0x76, 0x3f, 0x06, 0xba, 0x76, 0x3f,
  0x1a, 0x84, 0x76, 0x3f, 0x97, 0x4d, 0x76, 0x3f, 0x7b, 0x16, 0x76, 0x3f,
  0xc6, 0xde, 0x75, 0x3f, 0x7a, 0xa6, 0x75, 0x3f, 0x96, 0x6d, 0x75, 0x3f,
  0x1c, 0x34, 0x75, 0x3f, 0x0a, 0xfa, 0x74, 0x3f, 0x61, 0xbf, 0x74, 0x3f,
  0x21, 0x84, 0x74, 0x3f, 0x49, 0x48, 0x74, 0x3f, 0xdd, 0x0b, 0x74, 0x3f,
  0xd7, 0xce, 0x73, 0x3f, 0x3f, 0x91, 0x73, 0x3f, 0x0f, 0x53, 0x73, 0x3f,
  0x46, 0x14, 0x73, 0x3f, 0xea, 0xd4, 0x72, 0x3f, 0xf8, 0x94, 0x72, 0x3f,
  0x6e, 0x54, 0x72, 0x3f, 0x52, 0x13, 0x72, 0x3f, 0x9f, 0xd1, 0x71, 0x3f,
  0x56, 0x8f, 0x71, 0x3f, 0x7a, 0x4c, 0x71, 0x3f, 0x09, 0x09, 0x71, 0x3f,
  0x00, 0xc5, 0x70, 0x3f, 0x66, 0x80, 0x70, 0x3f, 0x36, 0x3b, 0x70, 0x3f,
  0x71, 0xf5, 0x6f, 0x3f, 0x1a, 0xaf, 0x6f, 0x3f, 0x2e, 0x68, 0x6f, 0x3f,
  0xb0, 0x20, 0x6f, 0x3f, 0x9c, 0xd8, 0x6e, 0x3f, 0xf7, 0x8f, 0x6e, 0x3f,
  0xbd, 0x46, 0x6e, 0x3f, 0xf2, 0xfc, 0x6d, 0x3f, 0x92, 0xb2, 0x6d, 0x3f,
  0x9f, 0x67, 0x6d, 0x3f, 0x1d, 0x1c, 0x6d, 0x3f, 0x06, 0xd0, 0x6c, 0x3f,
  0x5e, 0x83, 0x6c, 0x3f, 0x24, 0x36, 0x6c, 0x3f, 0x57, 0xe8, 0x6b, 0x3f,
  0xf9, 0x99, 0x6b, 0x3f, 0x0b, 0x4b, 0x6b, 0x3f, 0x8a, 0xfb, 0x6a, 0x3f,
  0x7a, 0xab, 0x6a, 0x3f, 0xd9, 0x5a, 0x6a, 0x3f, 0xa6, 0x09, 0x6a, 0x3f,
  0xe2, 0xb7, 0x69, 0x3f, 0x90, 0x65, 0x69, 0x3f, 0xae, 0x12, 0x69, 0x3f,
  0x3a, 0xbf, 0x68, 0x3f, 0x38, 0x6b, 0x68, 0x3f, 0xa6, 0x16, 0x68, 0x3f,
  0x86, 0xc1, 0x67, 0x3f, 0xd6, 0x6b, 0x67, 0x3f, 0x97, 0x15, 0x67, 0x3f,
  0xcc, 0xbe, 0x66, 0x3f, 0x6f, 0x67, 0x66, 0x3f, 0x87, 0x0f, 0x66, 0x3f,
  0x11, 0xb7, 0x65, 0x3f, 0x0a, 0x5e, 0x65, 0x3f, 0x77, 0x04, 0x65, 0x3f,
  0x57, 0xaa, 0x64, 0x3f, 0xac, 0x4f, 0x64, 0x3f, 0x72, 0xf4, 0x63, 0x3f,
  0xab, 0x98, 0x63, 0x3f, 0x58, 0x3c, 0x63, 0x3f, 0x7a, 0xdf, 0x62, 0x3f,
  0x10, 0x82, 0x62, 0x3f, 0x17, 0x24, 0x62, 0x3f, 0x96, 0xc5, 0x61, 0x3f,
  0x8a, 0x66, 0x61, 0x3f, 0xf0, 0x06, 0x61, 0x3f, 0xcd, 0xa6, 0x60, 0x3f,
  0x20, 0x46, 0x60, 0x3f, 0xe8, 0xe4, 0x5f, 0x3f, 0x26, 0x83, 0x5f, 0x3f,
  0xda, 0x20, 0x5f, 0x3f, 0x04, 0xbe, 0x5e, 0x3f, 0xa6, 0x5a, 0x5e, 0x3f,
  0xbd, 0xf6, 0x5d, 0x3f, 0x4d, 0x92, 0x5d, 0x3f, 0x52, 0x2d, 0x5d, 0x3f,
  0xd0, 0xc7, 0x5c, 0x3f, 0xc6, 0x61, 0x5c, 0x3f, 0x34, 0xfb, 0x5b, 0x3f,
  0x1a, 0x94, 0x5b, 0x3f, 0x78, 0x2c, 0x5b, 0x3f, 0x4e, 0xc4, 0x5a, 0x3f,
  0xa0, 0x5b, 0x5a, 0x3f, 0x68, 0xf2, 0x59, 0x3f, 0xac, 0x88, 0x59, 0x3f,
  0x69, 0x1e, 0x59, 0x3f, 0xa1, 0xb3, 0x58, 0x3f, 0x52, 0x48, 0x58, 0x3f,
  0x7e, 0xdc, 0x57, 0x3f, 0x24, 0x70, 0x57, 0x3f, 0x46, 0x03, 0x57, 0x3f,
  0xe3, 0x95, 0x56, 0x3f, 0xfc, 0x27, 0x56, 0x3f, 0x92, 0xb9, 0x55, 0x3f,
  0xa3, 0x4a, 0x55, 0x3f, 0x2f, 0xdb, 0x54, 0x3f, 0x39, 0x6b, 0x54, 0x3f,
  0xc2, 0xfa, 0x53, 0x3f, 0xc6, 0x89, 0x53, 0x3f, 0x49, 0x18, 0x53, 0x3f,
  0x49, 0xa6, 0x52, 0x3f, 0xc6, 0x33, 0x52, 0x3f, 0xc2, 0xc0, 0x51, 0x3f,
  0x3d, 0x4d, 0x51, 0x3f, 0x36, 0xd9, 0x50, 0x3f, 0xaf, 0x64, 0x50, 0x3f,
  0xa6, 0xef, 0x4f, 0x3f, 0x1e, 0x7a, 0x4f, 0x3f, 0x16, 0x04, 0x4f, 0x3f,
  0x8f, 0x8d, 0x4e, 0x3f, 0x88, 0x16, 0x4e, 0x3f, 0x02, 0x9f, 0x4d, 0x3f,
  0xfc, 0x26, 0x4d, 0x3f, 0x78, 0xae, 0x4c, 0x3f, 0x75, 0x35, 0x4c, 0x3f,
  0xf6, 0xbb, 0x4b, 0x3f, 0xfa, 0x41, 0x4b, 0x3f, 0x7e, 0xc7, 0x4a, 0x3f,
  0x87, 0x4c, 0x4a, 0x3f, 0x12, 0xd1, 0x49, 0x3f, 0x21, 0x55, 0x49, 0x3f,
  0xb2, 0xd8, 0x48, 0x3f, 0xca, 0x5b, 0x48, 0x3f, 0x65, 0xde, 0x47, 0x3f,
  0x85, 0x60, 0x47, 0x3f, 0x28, 0xe2, 0x46, 0x3f, 0x52, 0x63, 0x46, 0x3f,
  0x02, 0xe4, 0x45, 0x3f, 0x39, 0x64, 0x45, 0x3f, 0xf4, 0xe3, 0x44, 0x3f,
  0x35, 0x63, 0x44, 0x3f, 0xff, 0xe1, 0x43, 0x3f, 0x51, 0x60, 0x43, 0x3f,
  0x27, 0xde, 0x42, 0x3f, 0x89, 0x5b, 0x42, 0x3f, 0x70, 0xd8, 0x41, 0x3f,
  0xdf, 0x54, 0x41, 0x3f, 0xd8, 0xd0, 0x40, 0x3f, 0x59, 0x4c, 0x40, 0x3f,
  0x66, 0xc7, 0x3f, 0x3f, 0xfc, 0x41, 0x3f, 0x3f, 0x1a, 0xbc, 0x3e, 0x3f,
  0xc4, 0x35, 0x3e, 0x3f, 0xf9, 0xae, 0x3d, 0x3f, 0xb8, 0x27, 0x3d, 0x3f,
  0x02, 0xa0, 0x3c, 0x3f, 0xd8, 0x17, 0x3c, 0x3f, 0x3a, 0x8f, 0x3b, 0x3f,
  0x28, 0x06, 0x3b, 0x3f, 0xa5, 0x7c, 0x3a, 0x3f, 0xac, 0xf2, 0x39, 0x3f,
  0x40, 0x68, 0x39, 0x3f, 0x65, 0xdd, 0x38, 0x3f, 0x14, 0x52, 0x38, 0x3f,
  0x54, 0xc6, 0x37, 0x3f, 0x22, 0x3a, 0x37, 0x3f, 0x7e, 0xad, 0x36, 0x3f,
  0x6a, 0x20, 0x36, 0x3f, 0xe5, 0x92, 0x35, 0x3f, 0xf2, 0x04, 0x35, 0x3f,
  0x8e, 0x76, 0x34, 0x3f, 0xbb, 0xe7, 0x33, 0x3f, 0x78, 0x58, 0x33, 0x3f,
  0xc8, 0xc8, 0x32, 0x3f, 0xaa, 0x38, 0x32, 0x3f, 0x1c, 0xa8, 0x31, 0x3f,
  0x22, 0x17, 0x31, 0x3f, 0xba, 0x85, 0x30, 0x3f, 0xe4, 0xf3, 0x2f, 0x3f,
  0xa4, 0x61, 0x2f, 0x3f, 0xf6, 0xce, 0x2e, 0x3f, 0xdc, 0x3b, 0x2e, 0x3f,
  0x58, 0xa8, 0x2d, 0x3f, 0x68, 0x14, 0x2d, 0x3f, 0x0f, 0x80, 0x2c, 0x3f,
  0x49, 0xeb, 0x2b, 0x3f, 0x1b, 0x56, 0x2b, 0x3f, 0x80, 0xc0, 0x2a, 0x3f,
  0x7e, 0x2a, 0x2a, 0x3f, 0x13, 0x94, 0x29, 0x3f, 0x40, 0xfd, 0x28, 0x3f,
  0x03, 0x66, 0x28, 0x3f, 0x60, 0xce, 0x27, 0x3f, 0x53, 0x36, 0x27, 0x3f,
  0xe2, 0x9d, 0x26, 0x3f, 0x0a, 0x05, 0x26, 0x3f, 0xca, 0x6b, 0x25, 0x3f,
  0x24, 0xd2, 0x24, 0x3f, 0x18, 0x38, 0x24, 0x3f, 0xa8, 0x9d, 0x23, 0x3f,
  0xd2, 0x02, 0x23, 0x3f, 0x98, 0x67, 0x22, 0x3f, 0xfa, 0xcb, 0x21, 0x3f,
  0xf8, 0x2f, 0x21, 0x3f, 0x91, 0x93, 0x20, 0x3f, 0xcb, 0xf6, 0x1f, 0x3f,
  0x9e, 0x59, 0x1f, 0x3f, 0x10, 0xbc, 0x1e, 0x3f, 0x22, 0x1e, 0x1e, 0x3f,
  0xd0, 0x7f, 0x1d, 0x3f, 0x1e, 0xe1, 0x1c, 0x3f, 0x0c, 0x42, 0x1c, 0x3f,
  0x97, 0xa2, 0x1b, 0x3f, 0xc5, 0x02, 0x1b, 0x3f, 0x93, 0x62, 0x1a, 0x3f,
  0x01, 0xc2, 0x19, 0x3f, 0x0e, 0x21, 0x19, 0x3f, 0xbe, 0x7f, 0x18, 0x3f,
  0x12, 0xde, 0x17, 0x3f, 0x05, 0x3c, 0x17, 0x3f, 0x9e, 0x99, 0x16, 0x3f,
  0xd8, 0xf6, 0x15, 0x3f, 0xb6, 0x53, 0x15, 0x3f, 0x38, 0xb0, 0x14, 0x3f,
  0x5e, 0x0c, 0x14, 0x3f, 0x2b, 0x68, 0x13, 0x3f, 0x99, 0xc3, 0x12, 0x3f,
  0xad, 0x1e, 0x12, 0x3f, 0x6a, 0x79, 0x11, 0x3f, 0xcd, 0xd3, 0x10, 0x3f,
  0xd4, 0x2d, 0x10, 0x3f, 0x85, 0x87, 0x0f, 0x3f, 0xdb, 0xe0, 0x0e, 0x3f,
  0xd8, 0x39, 0x0e, 0x3f, 0x81, 0x92, 0x0d, 0x3f, 0xd1, 0xea, 0x0c, 0x3f,
  0xc8, 0x42, 0x0c, 0x3f, 0x6a, 0x9a, 0x0b, 0x3f, 0xb6, 0xf1, 0x0a, 0x3f,
  0xac, 0x48, 0x0a, 0x3f, 0x4d, 0x9f, 0x09, 0x3f, 0x9a, 0xf5, 0x08, 0x3f,
  0x92, 0x4b, 0x08, 0x3f, 0x34, 0xa1, 0x07, 0x3f, 0x83, 0xf6, 0x06, 0x3f,
  0x83, 0x4b, 0x06, 0x3f, 0x2c, 0xa0, 0x05, 0x3f, 0x82, 0xf4, 0x04, 0x3f,
  0x87, 0x48, 0x04, 0x3f, 0x3c, 0x9c, 0x03, 0x3f, 0x9f, 0xef, 0x02, 0x3f,
  0xb0, 0x42, 0x02, 0x3f, 0x72, 0x95, 0x01, 0x3f, 0xe5, 0xe7, 0x00, 0x3f,
  0x07, 0x3a, 0x00, 0x3f, 0xb0, 0x17, 0xff, 0x3e, 0xb9, 0xba, 0xfd, 0x3e,
  0x24, 0x5d, 0xfc, 0x3e, 0xf4, 0xfe, 0xfa, 0x3e, 0x2b, 0xa0, 0xf9, 0x3e,
  0xc7, 0x40, 0xf8, 0x3e, 0xc8, 0xe0, 0xf6, 0x3e, 0x33, 0x80, 0xf5, 0x3e,
  0x03, 0x1f, 0xf4, 0x3e, 0x40, 0xbd, 0xf2, 0x3e, 0xe9, 0x5a, 0xf1, 0x3e,
  0xf7, 0xf7, 0xef, 0x3e, 0x79, 0x94, 0xee, 0x3e, 0x60, 0x30, 0xed, 0x3e,
  0xb7, 0xcb, 0xeb, 0x3e, 0x81, 0x66, 0xea, 0x3e, 0xb4, 0x00, 0xe9, 0x3e,
  0x5b, 0x9a, 0xe7, 0x3e, 0x74, 0x33, 0xe6, 0x3e, 0xfd, 0xcb, 0xe4, 0x3e,
  0xf9, 0x63, 0xe3, 0x3e, 0x68, 0xfb, 0xe1, 0x3e, 0x4d, 0x92, 0xe0, 0x3e,
  0xa9, 0x28, 0xdf, 0x3e, 0x78, 0xbe, 0xdd, 0x3e, 0xc1, 0x53, 0xdc, 0x3e,
  0x81, 0xe8, 0xda, 0x3e, 0xba, 0x7c, 0xd9, 0x3e, 0x69, 0x10, 0xd8, 0x3e,
  0x99, 0xa3, 0xd6, 0x3e, 0x3f, 0x36, 0xd5, 0x3e, 0x63, 0xc8, 0xd3, 0x3e,
  0x07, 0x5a, 0xd2, 0x3e, 0x28, 0xeb, 0xd0, 0x3e, 0xca, 0x7b, 0xcf, 0x3e,
  0xe8, 0x0b, 0xce, 0x3e, 0x88, 0x9b, 0xcc, 0x3e, 0xab, 0x2a, 0xcb, 0x3e,
  0x4e, 0xb9, 0xc9, 0x3e, 0x7d, 0x47, 0xc8, 0x3e, 0x28, 0xd5, 0xc6, 0x3e,
  0x5a, 0x62, 0xc5, 0x3e, 0x14, 0xef, 0xc3, 0x3e, 0x55, 0x7b, 0xc2, 0x3e,
  0x1d, 0x07, 0xc1, 0x3e, 0x6c, 0x92, 0xbf, 0x3e, 0x46, 0x1d, 0xbe, 0x3e,
  0xab, 0xa7, 0xbc, 0x3e, 0xa1, 0x31, 0xbb, 0x3e, 0x1d, 0xbb, 0xb9, 0x3e,
  0x28, 0x44, 0xb8, 0x3e, 0xc1, 0xcc, 0xb6, 0x3e, 0xe8, 0x54, 0xb5, 0x3e,
  0xa3, 0xdc, 0xb3, 0x3e, 0xec, 0x63, 0xb2, 0x3e, 0xc7, 0xea, 0xb0, 0x3e,
  0x39, 0x71, 0xaf, 0x3e, 0x3d, 0xf7, 0xad, 0x3e, 0xcf, 0x7c, 0xac, 0x3e,
  0xff, 0x01, 0xab, 0x3e, 0xc4, 0x86, 0xa9, 0x3e, 0x1d, 0x0b, 0xa8, 0x3e,
  0x0f, 0x8f, 0xa6, 0x3e, 0x9c, 0x12, 0xa5, 0x3e, 0xc4, 0x95, 0xa3, 0x3e,
  0x84, 0x18, 0xa2, 0x3e, 0xe3, 0x9a, 0xa0, 0x3e, 0xde, 0x1c, 0x9f, 0x3e,
  0x73, 0x9e, 0x9d, 0x3e, 0xab, 0x1f, 0x9c, 0x3e, 0x84, 0xa0, 0x9a, 0x3e,
  0xfd, 0x20, 0x99, 0x3e, 0x14, 0xa1, 0x97, 0x3e, 0xd0, 0x20, 0x96, 0x3e,
  0x2f, 0xa0, 0x94, 0x3e, 0x33, 0x1f, 0x93, 0x3e, 0xdc, 0x9d, 0x91, 0x3e,
  0x2b, 0x1c, 0x90, 0x3e, 0x1f, 0x9a, 0x8e, 0x3e, 0xbc, 0x17, 0x8d, 0x3e,
  0x05, 0x95, 0x8b, 0x3e, 0xf3, 0x11, 0x8a, 0x3e, 0x91, 0x8e, 0x88, 0x3e,
  0xd8, 0x0a, 0x87, 0x3e, 0xcb, 0x86, 0x85, 0x3e, 0x70, 0x02, 0x84, 0x3e,
  0xbe, 0x7d, 0x82, 0x3e, 0xc0, 0xf8, 0x80, 0x3e, 0xe0, 0xe6, 0x7e, 0x3e,
  0xa1, 0xdb, 0x7b, 0x3e, 0xc6, 0xcf, 0x78, 0x3e, 0x59, 0xc3, 0x75, 0x3e,
  0x51, 0xb6, 0x72, 0x3e, 0xae, 0xa8, 0x6f, 0x3e, 0x78, 0x9a, 0x6c, 0x3e,
  0xb5, 0x8b, 0x69, 0x3e, 0x5e, 0x7c, 0x66, 0x3e, 0x81, 0x6c, 0x63, 0x3e,
  0x11, 0x5c, 0x60, 0x3e, 0x1a, 0x4b, 0x5d, 0x3e, 0x8f, 0x39, 0x5a, 0x3e,
  0x86, 0x27, 0x57, 0x3e, 0x03, 0x15, 0x54, 0x3e, 0xf3, 0x01, 0x51, 0x3e,
  0x57, 0xee, 0x4d, 0x3e, 0x48, 0xda, 0x4a, 0x3e, 0xc0, 0xc5, 0x47, 0x3e,
  0xb9, 0xb0, 0x44, 0x3e, 0x33, 0x9b, 0x41, 0x3e, 0x3a, 0x85, 0x3e, 0x3e,
  0xc9, 0x6e, 0x3b, 0x3e, 0xe6, 0x57, 0x38, 0x3e, 0x97, 0x40, 0x35, 0x3e,
  0xcf, 0x28, 0x32, 0x3e, 0xa3, 0x10, 0x2f, 0x3e, 0xfe, 0xf7, 0x2b, 0x3e,
  0xfb, 0xde, 0x28, 0x3e, 0x86, 0xc5, 0x25, 0x3e, 0xb3, 0xab, 0x22, 0x3e,
  0x7b, 0x91, 0x1f, 0x3e, 0xd8, 0x76, 0x1c, 0x3e, 0xd7, 0x5b, 0x19, 0x3e,
  0x7e, 0x40, 0x16, 0x3e, 0xc8, 0x24, 0x13, 0x3e, 0xad, 0x08, 0x10, 0x3e,
  0x49, 0xec, 0x0c, 0x3e, 0x7f, 0xcf, 0x09, 0x3e, 0x65, 0xb2, 0x06, 0x3e,
  0x02, 0x95, 0x03, 0x3e, 0x40, 0x77, 0x00, 0x3e, 0x76, 0xb2, 0xfa, 0x3d,
  0xb1, 0x75, 0xf4, 0x3d, 0x72, 0x38, 0xee, 0x3d, 0x93, 0xfa, 0xe7, 0x3d,
  0x20, 0xbc, 0xe1, 0x3d, 0x34, 0x7d, 0xdb, 0x3d, 0xb5, 0x3d, 0xd5, 0x3d,
  0xaf, 0xfd, 0xce, 0x3d, 0x30, 0xbd, 0xc8, 0x3d, 0x30, 0x7c, 0xc2, 0x3d,
  0xc0, 0x3a, 0xbc, 0x3d, 0xd0, 0xf8, 0xb5, 0x3d, 0x80, 0xb6, 0xaf, 0x3d,
  0xb0, 0x73, 0xa9, 0x3d, 0x80, 0x30, 0xa3, 0x3d, 0xf0, 0xec, 0x9c, 0x3d,
  0x00, 0xa9, 0x96, 0x3d, 0xb1, 0x64, 0x90, 0x3d, 0x00, 0x20, 0x8a, 0x3d,
  0x00, 0xdb, 0x83, 0x3d, 0x5f, 0x2b, 0x7b, 0x3d, 0x21, 0xa0, 0x6e, 0x3d,
  0x5f, 0x14, 0x62, 0x3d, 0xff, 0x87, 0x55, 0x3d, 0x21, 0xfb, 0x48, 0x3d,
  0xbf, 0x6d, 0x3c, 0x3d, 0xff, 0xdf, 0x2f, 0x3d, 0xbf, 0x51, 0x23, 0x3d,
  0x20, 0xc3, 0x16, 0x3d, 0x21, 0x34, 0x0a, 0x3d, 0x82, 0x49, 0xfb, 0x3c,
  0x42, 0x2a, 0xe2, 0x3c, 0x80, 0x0a, 0xc9, 0x3c, 0x3e, 0xea, 0xaf, 0x3c,
  0x80, 0xc9, 0x96, 0x3c, 0x04, 0x51, 0x7b, 0x3c, 0x7c, 0x0e, 0x49, 0x3c,
  0x00, 0xcb, 0x16, 0x3c, 0xff, 0x0e, 0xc9, 0x3b, 0x00, 0x0e, 0x49, 0x3b,
  0x00, 0x00, 0x00, 0x00, 0x00, 0x0e, 0x49, 0x3b, 0xff, 0x0e, 0xc9, 0x3b,
  0x00, 0xcb, 0x16, 0x3c, 0x7c, 0x0e, 0x49, 0x3c, 0x04, 0x51, 0x7b, 0x3c,
  0x80, 0xc9, 0x96, 0x3c, 0x3e, 0xea, 0xaf, 0x3c, 0x80, 0x0a, 0xc9, 0x3c,
  0x42, 0x2a, 0xe2, 0x3c, 0x82, 0x49, 0xfb, 0x3c, 0x21, 0x34, 0x0a, 0x3d,
  0x20, 0xc3, 0x16, 0x3d, 0xbf, 0x51, 0x23, 0x3d, 0xff, 0xdf, 0x2f, 0x3d,
  0xbf, 0x6d, 0x3c, 0x3d, 0x21, 0xfb, 0x48, 0x3d, 0xff, 0x87, 0x55, 0x3d,
  0x5f, 0x14, 0x62, 0x3d, 0x21, 0xa0, 0x6e, 0x3d, 0x5f, 0x2b, 0x7b, 0x3d,
  0x00, 0xdb, 0x83, 0x3d, 0x00, 0x20, 0x8a, 0x3d, 0xb1, 0x64, 0x90, 0x3d,
  0x00, 0xa9, 0x96, 0x3d, 0xf0, 0xec, 0x9c, 0x3d, 0x80, 0x30, 0xa3, 0x3d,
  0xb0, 0x73, 0xa9, 0x3d, 0x80, 0xb6, 0xaf, 0x3d, 0xd0, 0xf8, 0xb5, 0x3d,
  0xc0, 0x3a, 0xbc, 0x3d, 0x30, 0x7c, 0xc2, 0x3d, 0x30, 0xbd, 0xc8, 0x3d,
  0xaf, 0xfd, 0xce, 0x3d, 0xb5, 0x3d, 0xd5, 0x3d, 0x34, 0x7d, 0xdb, 0x3d,
  0x20, 0xbc, 0xe1, 0x3d, 0x93, 0xfa, 0xe7, 0x3d, 0x72, 0x38, 0xee, 0x3d,
  0xb1, 0x75, 0xf4, 0x3d, 0x76, 0xb2, 0xfa, 0x3d, 0x40, 0x77, 0x00, 0x3e,
  0x02, 0x95, 0x03, 0x3e, 0x65, 0xb2, 0x06, 0x3e, 0x7f, 0xcf, 0x09, 0x3e,
  0x49, 0xec, 0x0c, 0x3e, 0xad, 0x08, 0x10, 0x3e, 0xc8, 0x24, 0x13, 0x3e,
  0x7e, 0x40, 0x16, 0x3e, 0xd7, 0x5b, 0x19, 0x3e, 0xd8, 0x76, 0x1c, 0x3e,
  0x7b, 0x91, 0x1f, 0x3e, 0xb3, 0xab, 0x22, 0x3e, 0x86, 0xc5, 0x25, 0x3e,
  0xfb, 0xde, 0x28, 0x3e, 0xfe, 0xf7, 0x2b, 0x3e, 0xa3, 0x10, 0x2f, 0x3e,
  0xcf, 0x28, 0x32, 0x3e, 0x97, 0x40, 0x35, 0x3e, 0xe6, 0x57, 0x38, 0x3e,
  0xc9, 0x6e, 0x3b, 0x3e, 0x3a, 0x85, 0x3e, 0x3e, 0x33, 0x9b, 0x41, 0x3e,
  0xb9, 0xb0, 0x44, 0x3e, 0xc0, 0xc5, 0x47, 0x3e, 0x48, 0xda, 0x4a, 0x3e,
  0x57, 0xee, 0x4d, 0x3e, 0xf3, 0x01, 0x51, 0x3e, 0x03, 0x15, 0x54, 0x3e,
  0x86, 0x27, 0x57, 0x3e, 0x8f, 0x39, 0x5a, 0x3e, 0x1a, 0x4b, 0x5d, 0x3e,
  0x11, 0x5c, 0x60, 0x3e, 0x81, 0x6c, 0x63, 0x3e, 0x5e, 0x7c, 0x66, 0x3e,
  0xb5, 0x8b, 0x69, 0x3e, 0x78, 0x9a, 0x6c, 0x3e, 0xae, 0xa8, 0x6f, 0x3e,
  0x51, 0xb6, 0x72, 0x3e, 0x59, 0xc3, 0x75, 0x3e, 0xc6, 0xcf, 0x78, 0x3e,
  0xa1, 0xdb, 0x7b, 0x3e, 0xe0, 0xe6, 0x7e, 0x3e, 0xc0, 0xf8, 0x80, 0x3e,
  0xbe, 0x7d, 0x82, 0x3e, 0x70, 0x02, 0x84, 0x3e, 0xcb, 0x86, 0x85, 0x3e,
  0xd8, 0x0a, 0x87, 0x3e, 0x91, 0x8e, 0x88, 0x3e, 0xf3, 0x11, 0x8a, 0x3e,
  0x05, 0x95, 0x8b, 0x3e, 0xbc, 0x17, 0x8d, 0x3e, 0x1f, 0x9a, 0x8e, 0x3e,
  0x2b, 0x1c, 0x90, 0x3e, 0xdc, 0x9d, 0x91, 0x3e, 0x33, 0x1f, 0x93, 0x3e,
  0x2f, 0xa0, 0x94, 0x3e, 0xd0, 0x20, 0x96, 0x3e, 0x14, 0xa1, 0x97, 0x3e,
  0xfd, 0x20, 0x99, 0x3e, 0x84, 0xa0, 0x9a, 0x3e, 0xab, 0x1f, 0x9c, 0x3e,
  0x73, 0x9e, 0x9d, 0x3e, 0xde, 0x1c, 0x9f, 0x3e, 0xe3, 0x9a, 0xa0, 0x3e,
  0x84, 0x18, 0xa2, 0x3e, 0xc4, 0x95, 0xa3, 0x3e, 0x9c, 0x12, 0xa5, 0x3e,
  0x0f, 0x8f, 0xa6, 0x3e, 0x1d, 0x0b, 0xa8, 0x3e, 0xc4, 0x86, 0xa9, 0x3e,
  0xff, 0x01, 0xab, 0x3e, 0xcf, 0x7c, 0xac, 0x3e, 0x3d, 0xf7, 0xad, 0x3e,
  0x39, 0x71, 0xaf, 0x3e, 0xc7, 0xea, 0xb0, 0x3e, 0xec, 0x63, 0xb2, 0x3e,
  0xa3, 0xdc, 0xb3, 0x3e, 0xe8, 0x54, 0xb5, 0x3e, 0xc1, 0xcc, 0xb6, 0x3e,
  0x28, 0x44, 0xb8, 0x3e, 0x1d, 0xbb, 0xb9, 0x3e, 0xa1, 0x31, 0xbb, 0x3e,
  0xab, 0xa7, 0xbc, 0x3e, 0x46, 0x1d, 0xbe, 0x3e, 0x6c, 0x92, 0xbf, 0x3e,
  0x1d, 0x07, 0xc1, 0x3e, 0x55, 0x7b, 0xc2, 0x3e, 0x14, 0xef, 0xc3, 0x3e,
  0x5a, 0x62, 0xc5, 0x3e, 0x28, 0xd5, 0xc6, 0x3e, 0x7d, 0x47, 0xc8, 0x3e,
  0x4e, 0xb9, 0xc9, 0x3e, 0xab, 0x2a, 0xcb, 0x3e, 0x88, 0x9b, 0xcc, 0x3e,
  0xe8, 0x0b, 0xce, 0x3e, 0xca, 0x7b, 0xcf, 0x3e, 0x28, 0xeb, 0xd0, 0x3e,
  0x07, 0x5a, 0xd2, 0x3e, 0x63, 0xc8, 0xd3, 0x3e, 0x3f, 0x36, 0xd5, 0x3e,
  0x99, 0xa3, 0xd6, 0x3e, 0x69, 0x10, 0xd8, 0x3e, 0xba, 0x7c, 0xd9, 0x3e,
  0x81, 0xe8, 0xda, 0x3e, 0xc1, 0x53, 0xdc, 0x3e, 0x78, 0xbe, 0xdd, 0x3e,
  0xa9, 0x28, 0xdf, 0x3e, 0x4d, 0x92, 0xe0, 0x3e, 0x68, 0xfb, 0xe1, 0x3e,
  0xf9, 0x63, 0xe3, 0x3e, 0xfd, 0xcb, 0xe4, 0x3e, 0x74, 0x33, 0xe6, 0x3e,
  0x5b, 0x9a, 0xe7, 0x3e, 0xb4, 0x00, 0xe9, 0x3e, 0x81, 0x66, 0xea, 0x3e,
  0xb7, 0xcb, 0xeb, 0x3e, 0x60, 0x30, 0xed, 0x3e, 0x79, 0x94, 0xee, 0x3e,
  0xf7, 0xf7, 0xef, 0x3e, 0xe9, 0x5a, 0xf1, 0x3e, 0x40, 0xbd, 0xf2, 0x3e,
  0x03, 0x1f, 0xf4, 0x3e, 0x33, 0x80, 0xf5, 0x3e, 0xc8, 0xe0, 0xf6, 0x3e,
  0xc7, 0x40, 0xf8, 0x3e, 0x2b, 0xa0, 0xf9, 0x3e, 0xf4, 0xfe, 0xfa, 0x3e,
  0x24, 0x5d, 0xfc, 0x3e, 0xb9, 0xba, 0xfd, 0x3e, 0xb0, 0x17, 0xff, 0x3e,
  0x07, 0x3a, 0x00, 0x3f, 0xe5, 0xe7, 0x00, 0x3f, 0x72, 0x95, 0x01, 0x3f,
  0xb0, 0x42, 0x02, 0x3f, 0x9f, 0xef, 0x02, 0x3f, 0x3c, 0x9c, 0x03, 0x3f,
  0x87, 0x48, 0x04, 0x3f, 0x82, 0xf4, 0x04, 0x3f, 0x2c, 0xa0, 0x05, 0x3f,
  0x83, 0x4b, 0x06, 0x3f, 0x83, 0xf6, 0x06, 0x3f, 0x34, 0xa1, 0x07, 0x3f,
  0x92, 0x4b, 0x08, 0x3f, 0x9a, 0xf5, 0x08, 0x3f, 0x4d, 0x9f, 0x09, 0x3f,
  0xac, 0x48, 0x0a, 0x3f, 0xb6, 0xf1, 0x0a, 0x3f, 0x6a, 0x9a, 0x0b, 0x3f,
  0xc8, 0x42, 0x0c, 0x3f, 0xd1, 0xea, 0x0c, 0x3f, 0x81, 0x92, 0x0d, 0x3f,
  0xd8, 0x39, 0x0e, 0x3f, 0xdb, 0xe0, 0x0e, 0x3f, 0x85, 0x87, 0x0f, 0x3f,
  0xd4, 0x2d, 0x10, 0x3f, 0xcd, 0xd3, 0x10, 0x3f, 0x6a, 0x79, 0x11, 0x3f,
  0xad, 0x1e, 0x12, 0x3f, 0x99, 0xc3, 0x12, 0x3f, 0x2b, 0x68, 0x13, 0x3f,
  0x5e, 0x0c, 0x14, 0x3f, 0x38, 0xb0, 0x14, 0x3f, 0xb6, 0x53, 0x15, 0x3f,
  0xd8, 0xf6, 0x15, 0x3f, 0x9e, 0x99, 0x16, 0x3f, 0x05, 0x3c, 0x17, 0x3f,
  0x12, 0xde, 0x17, 0x3f, 0xbe, 0x7f, 0x18, 0x3f, 0x0e, 0x21, 0x19, 0x3f,
  0x01, 0xc2, 0x19, 0x3f, 0x93, 0x62, 0x1a, 0x3f, 0xc5, 0x02, 0x1b, 0x3f,
  0x97, 0xa2, 0x1b, 0x3f, 0x0c, 0x42, 0x1c, 0x3f, 0x1e, 0xe1, 0x1c, 0x3f,
  0xd0, 0x7f, 0x1d, 0x3f, 0x22, 0x1e, 0x1e, 0x3f, 0x10, 0xbc, 0x1e, 0x3f,
  0x9e, 0x59, 0x1f, 0x3f, 0xcb, 0xf6, 0x1f, 0x3f, 0x91, 0x93, 0x20, 0x3f,
  0xf8, 0x2f, 0x21, 0x3f, 0xfa, 0xcb, 0x21, 0x3f, 0x98, 0x67, 0x22, 0x3f,
  0xd2, 0x02, 0x23, 0x3f, 0xa8, 0x9d, 0x23, 0x3f, 0x18, 0x38, 0x24, 0x3f,
  0x24, 0xd2, 0x24, 0x3f, 0xca, 0x6b, 0x25, 0x3f, 0x0a, 0x05, 0x26, 0x3f,
  0xe2, 0x9d, 0x26, 0x3f, 0x53, 0x36, 0x27, 0x3f, 0x60, 0xce, 0x27, 0x3f,
  0x03, 0x66, 0x28, 0x3f, 0x40, 0xfd, 0x28, 0x3f, 0x13, 0x94, 0x29, 0x3f,
  0x7e, 0x2a, 0x2a, 0x3f, 0x80, 0xc0, 0x2a, 0x3f, 0x1b, 0x56, 0x2b, 0x3f,
  0x49, 0xeb, 0x2b, 0x3f, 0x0f, 0x80, 0x2c, 0x3f, 0x68, 0x14, 0x2d, 0x3f,
  0x58, 0xa8, 0x2d, 0x3f, 0xdc, 0x3b, 0x2e, 0x3f, 0xf6, 0xce, 0x2e, 0x3f,
  0xa4, 0x61, 0x2f, 0x3f, 0xe4, 0xf3, 0x2f, 0x3f, 0xba, 0x85, 0x30, 0x3f,
  0x22, 0x17, 0x31, 0x3f, 0x1c, 0xa8, 0x31, 0x3f, 0xaa, 0x38, 0x32, 0x3f,
  0xc8, 0xc8, 0x32, 0x3f, 0x78, 0x58, 0x33, 0x3f, 0xbb, 0xe7, 0x33, 0x3f,
  0x8e, 0x76, 0x34, 0x3f, 0xf2, 0x04, 0x35, 0x3f, 0xe5, 0x92, 0x35, 0x3f,
  0x6a, 0x20, 0x36, 0x3f, 0x7e, 0xad, 0x36, 0x3f, 0x22, 0x3a, 0x37, 0x3f,
  0x54, 0xc6, 0x37, 0x3f, 0x14, 0x52, 0x38, 0x3f, 0x65, 0xdd, 0x38, 0x3f,
  0x40, 0x68, 0x39, 0x3f, 0xac, 0xf2, 0x39, 0x3f, 0xa5, 0x7c, 0x3a, 0x3f,
  0x28, 0x06, 0x3b, 0x3f, 0x3a, 0x8f, 0x3b, 0x3f, 0xd8, 0x17, 0x3c, 0x3f,
  0x02, 0xa0, 0x3c, 0x3f, 0xb8, 0x27, 0x3d, 0x3f, 0xf9, 0xae, 0x3d, 0x3f,
  0xc4, 0x35, 0x3e, 0x3f, 0x1a, 0xbc, 0x3e, 0x3f, 0xfc, 0x41, 0x3f, 0x3f,
  0x66, 0xc7, 0x3f, 0x3f, 0x59, 0x4c, 0x40, 0x3f, 0xd8, 0xd0, 0x40, 0x3f,
  0xdf, 0x54, 0x41, 0x3f, 0x70, 0xd8, 0x41, 0x3f, 0x89, 0x5b, 0x42, 0x3f,
  0x27, 0xde, 0x42, 0x3f, 0x51, 0x60, 0x43, 0x3f, 0xff, 0xe1, 0x43, 0x3f,
  0x35, 0x63, 0x44, 0x3f, 0xf4, 0xe3, 0x44, 0x3f, 0x39, 0x64, 0x45, 0x3f,
  0x02, 0xe4, 0x45, 0x3f, 0x52, 0x63, 0x46, 0x3f, 0x28, 0xe2, 0x46, 0x3f,
  0x85, 0x60, 0x47, 0x3f, 0x65, 0xde, 0x47, 0x3f, 0xca, 0x5b, 0x48, 0x3f,
  0xb2, 0xd8, 0x48, 0x3f, 0x21, 0x55, 0x49, 0x3f, 0x12, 0xd1, 0x49, 0x3f,
  0x87, 0x4c, 0x4a, 0x3f, 0x7e, 0xc7, 0x4a, 0x3f, 0xfa, 0x41, 0x4b, 0x3f,
  0xf6, 0xbb, 0x4b, 0x3f, 0x75, 0x35, 0x4c, 0x3f, 0x78, 0xae, 0x4c, 0x3f,
  0xfc, 0x26, 0x4d, 0x3f, 0x02, 0x9f, 0x4d, 0x3f, 0x88, 0x16, 0x4e, 0x3f,
  0x8f, 0x8d, 0x4e, 0x3f, 0x16, 0x04, 0x4f, 0x3f, 0x1e, 0x7a, 0x4f, 0x3f,
  0xa6, 0xef, 0x4f, 0x3f, 0xaf, 0x64, 0x50, 0x3f, 0x36, 0xd9, 0x50, 0x3f,
  0x3d, 0x4d, 0x51, 0x3f, 0xc2, 0xc0, 0x51, 0x3f, 0xc6, 0x33, 0x52, 0x3f,
  0x49, 0xa6, 0x52, 0x3f, 0x49, 0x18, 0x53, 0x3f, 0xc6, 0x89, 0x53, 0x3f,
  0xc2, 0xfa, 0x53, 0x3f, 0x39, 0x6b, 0x54, 0x3f, 0x2f, 0xdb, 0x54, 0x3f,
  0xa3, 0x4a, 0x55, 0x3f, 0x92, 0xb9, 0x55, 0x3f, 0xfc, 0x27, 0x56, 0x3f,
  0xe3, 0x95, 0x56, 0x3f, 0x46, 0x03, 0x57, 0x3f, 0x24, 0x70, 0x57, 0x3f,
  0x7e, 0xdc, 0x57, 0x3f, 0x52, 0x48, 0x58, 0x3f, 0xa1, 0xb3, 0x58, 0x3f,
  0x69, 0x1e, 0x59, 0x3f, 0xac, 0x88, 0x59, 0x3f, 0x68, 0xf2, 0x59, 0x3f,
  0xa0, 0x5b, 0x5a, 0x3f, 0x4e, 0xc4, 0x5a, 0x3f, 0x78, 0x2c, 0x5b, 0x3f,
  0x1a, 0x94, 0x5b, 0x3f, 0x34, 0xfb, 0x5b, 0x3f, 0xc6, 0x61, 0x5c, 0x3f,
  0xd0, 0xc7, 0x5c, 0x3f, 0x52, 0x2d, 0x5d, 0x3f, 0x4d, 0x92, 0x5d, 0x3f,
  0xbd, 0xf6, 0x5d, 0x3f, 0xa6, 0x5a, 0x5e, 0x3f, 0x04, 0xbe, 0x5e, 0x3f,
  0xda, 0x20, 0x5f, 0x3f, 0x26, 0x83, 0x5f, 0x3f, 0xe8, 0xe4, 0x5f, 0x3f,
  0x20, 0x46, 0x60, 0x3f, 0xcd, 0xa6, 0x60, 0x3f, 0xf0, 0x06, 0x61, 0x3f,
  0x8a, 0x66, 0x61, 0x3f, 0x96, 0xc5, 0x61, 0x3f, 0x17, 0x24, 0x62, 0x3f,
  0x10, 0x82, 0x62, 0x3f, 0x7a, 0xdf, 0x62, 0x3f, 0x58, 0x3c, 0x63, 0x3f,
  0xab, 0x98, 0x63, 0x3f, 0x72, 0xf4, 0x63, 0x3f, 0xac, 0x4f, 0x64, 0x3f,
  0x57, 0xaa, 0x64, 0x3f, 0x77, 0x04, 0x65, 0x3f, 0x0a, 0x5e, 0x65, 0x3f,
  0x11, 0xb7, 0x65, 0x3f, 0x87, 0x0f, 0x66, 0x3f, 0x6f, 0x67, 0x66, 0x3f,
  0xcc, 0xbe, 0x66, 0x3f, 0x97, 0x15, 0x67, 0x3f, 0xd6, 0x6b, 0x67, 0x3f,
  0x86, 0xc1, 0x67, 0x3f, 0xa6, 0x16, 0x68, 0x3f, 0x38, 0x6b, 0x68, 0x3f,
  0x3a, 0xbf, 0x68, 0x3f, 0xae, 0x12, 0x69, 0x3f, 0x90, 0x65, 0x69, 0x3f,
  0xe2, 0xb7, 0x69, 0x3f, 0xa6, 0x09, 0x6a, 0x3f, 0xd9, 0x5a, 0x6a, 0x3f,
  0x7a, 0xab, 0x6a, 0x3f, 0x8a, 0xfb, 0x6a, 0x3f, 0x0b, 0x4b, 0x6b, 0x3f,
  0xf9, 0x99, 0x6b, 0x3f, 0x57, 0xe8, 0x6b, 0x3f, 0x24, 0x36, 0x6c, 0x3f,
  0x5e, 0x83, 0x6c, 0x3f, 0x06, 0xd0, 0x6c, 0x3f, 0x1d, 0x1c, 0x6d, 0x3f,
  0x9f, 0x67, 0x6d, 0x3f, 0x92, 0xb2, 0x6d, 0x3f, 0xf2, 0xfc, 0x6d, 0x3f,
  0xbd, 0x46, 0x6e, 0x3f, 0xf7, 0x8f, 0x6e, 0x3f, 0x9c, 0xd8, 0x6e, 0x3f,
  0xb0, 0x20, 0x6f, 0x3f, 0x2e, 0x68, 0x6f, 0x3f, 0x1a, 0xaf, 0x6f, 0x3f,
  0x71, 0xf5, 0x6f, 0x3f, 0x36, 0x3b, 0x70, 0x3f, 0x66, 0x80, 0x70, 0x3f,
  0x00, 0xc5, 0x70, 0x3f, 0x09, 0x09, 0x71, 0x3f, 0x7a, 0x4c, 0x71, 0x3f,
  0x56, 0x8f, 0x71, 0x3f, 0x9f, 0xd1, 0x71, 0x3f, 0x52, 0x13, 0x72, 0x3f,
  0x6e, 0x54, 0x72, 0x3f, 0xf8, 0x94, 0x72, 0x3f, 0xea, 0xd4, 0x72, 0x3f,
  0x46, 0x14, 0x73, 0x3f, 0x0f, 0x53, 0x73, 0x3f, 0x3f, 0x91, 0x73, 0x3f,
  0xd7, 0xce, 0x73, 0x3f, 0xdd, 0x0b, 0x74, 0x3f, 0x49, 0x48, 0x74, 0x3f,
  0x21, 0x84, 0x74, 0x3f, 0x61, 0xbf, 0x74, 0x3f, 0x0a, 0xfa, 0x74, 0x3f,
  0x1c, 0x34, 0x75, 0x3f, 0x96, 0x6d, 0x75, 0x3f, 0x7a, 0xa6, 0x75, 0x3f,
  0xc6, 0xde, 0x75, 0x3f, 0x7b, 0x16, 0x76, 0x3f, 0x97, 0x4d, 0x76, 0x3f,
  0x1a, 0x84, 0x76, 0x3f, 0x06, 0xba, 0x76, 0x3f, 0x5a, 0xef, 0x76, 0x3f,
  0x16, 0x24, 0x77, 0x3f, 0x3a, 0x58, 0x77, 0x3f, 0xc4, 0x8b, 0x77, 0x3f,
  0xb7, 0xbe, 0x77, 0x3f, 0x10, 0xf1, 0x77, 0x3f, 0xd0, 0x22, 0x78, 0x3f,
  0xf5, 0x53, 0x78, 0x3f, 0x84, 0x84, 0x78, 0x3f, 0x7b, 0xb4, 0x78, 0x3f,
  0xd4, 0xe3, 0x78, 0x3f, 0x95, 0x12, 0x79, 0x3f, 0xbd, 0x40, 0x79, 0x3f,
  0x4f, 0x6e, 0x79, 0x3f, 0x42, 0x9b, 0x79, 0x3f, 0x9b, 0xc7, 0x79, 0x3f,
  0x5c, 0xf3, 0x79, 0x3f, 0x83, 0x1e, 0x7a, 0x3f, 0x0f, 0x49, 0x7a, 0x3f,
  0x01, 0x73, 0x7a, 0x3f, 0x58, 0x9c, 0x7a, 0x3f, 0x14, 0xc5, 0x7a, 0x3f,
  0x37, 0xed, 0x7a, 0x3f, 0xbf, 0x14, 0x7b, 0x3f, 0xab, 0x3b, 0x7b, 0x3f,
  0xfb, 0x61, 0x7b, 0x3f, 0xb2, 0x87, 0x7b, 0x3f, 0xcc, 0xac, 0x7b, 0x3f,
  0x4d, 0xd1, 0x7b, 0x3f, 0x30, 0xf5, 0x7b, 0x3f, 0x7a, 0x18, 0x7c, 0x3f,
  0x25, 0x3b, 0x7c, 0x3f, 0x38, 0x5d, 0x7c, 0x3f, 0xae, 0x7e, 0x7c, 0x3f,
  0x8a, 0x9f, 0x7c, 0x3f, 0xc7, 0xbf, 0x7c, 0x3f, 0x6a, 0xdf, 0x7c, 0x3f,
  0x72, 0xfe, 0x7c, 0x3f, 0xdc, 0x1c, 0x7d, 0x3f, 0xaa, 0x3a, 0x7d, 0x3f,
  0xde, 0x57, 0x7d, 0x3f, 0x74, 0x74, 0x7d, 0x3f, 0x6e, 0x90, 0x7d, 0x3f,
  0xc9, 0xab, 0x7d, 0x3f, 0x8b, 0xc6, 0x7d, 0x3f, 0xb0, 0xe0, 0x7d, 0x3f,
  0x38, 0xfa, 0x7d, 0x3f, 0x21, 0x13, 0x7e, 0x3f, 0x70, 0x2b, 0x7e, 0x3f,
  0x23, 0x43, 0x7e, 0x3f, 0x38, 0x5a, 0x7e, 0x3f, 0xaf, 0x70, 0x7e, 0x3f,
  0x8a, 0x86, 0x7e, 0x3f, 0xc7, 0x9b, 0x7e, 0x3f, 0x67, 0xb0, 0x7e, 0x3f,
  0x6d, 0xc4, 0x7e, 0x3f, 0xd3, 0xd7, 0x7e, 0x3f, 0x9d, 0xea, 0x7e, 0x3f,
  0xc7, 0xfc, 0x7e, 0x3f, 0x56, 0x0e, 0x7f, 0x3f, 0x49, 0x1f, 0x7f, 0x3f,
  0x9c, 0x2f, 0x7f, 0x3f, 0x55, 0x3f, 0x7f, 0x3f, 0x6c, 0x4e, 0x7f, 0x3f,
  0xe8, 0x5c, 0x7f, 0x3f, 0xc6, 0x6a, 0x7f, 0x3f, 0x08, 0x78, 0x7f, 0x3f,
  0xa9, 0x84, 0x7f, 0x3f, 0xb0, 0x90, 0x7f, 0x3f, 0x19, 0x9c, 0x7f, 0x3f,
  0xe2, 0xa6, 0x7f, 0x3f, 0x0e, 0xb1, 0x7f, 0x3f, 0x9c, 0xba, 0x7f, 0x3f,
  0x8e, 0xc3, 0x7f, 0x3f, 0xe3, 0xcb, 0x7f, 0x3f, 0x96, 0xd3, 0x7f, 0x3f,
  0xad, 0xda, 0x7f, 0x3f, 0x29, 0xe1, 0x7f, 0x3f, 0x05, 0xe7, 0x7f, 0x3f,
  0x43, 0xec, 0x7f, 0x3f, 0xe1, 0xf0, 0x7f, 0x3f, 0xe4, 0xf4, 0x7f, 0x3f,
  0x49, 0xf8, 0x7f, 0x3f, 0x11, 0xfb, 0x7f, 0x3f, 0x39, 0xfd, 0x7f, 0x3f,
  0xc5, 0xfe, 0x7f, 0x3f, 0xaf, 0xff, 0x7f, 0x3f, 0xfe, 0xff, 0x7f, 0x3f,
  0xaf, 0xff, 0x7f, 0x3f, 0xc5, 0xfe, 0x7f, 0x3f, 0x39, 0xfd, 0x7f, 0x3f,
  0x11, 0xfb, 0x7f, 0x3f, 0x49, 0xf8, 0x7f, 0x3f, 0xe4, 0xf4, 0x7f, 0x3f,
  0xe1, 0xf0, 0x7f, 0x3f, 0x43, 0xec, 0x7f, 0x3f, 0x05, 0xe7, 0x7f, 0x3f,
  0x29, 0xe1, 0x7f, 0x3f, 0xad, 0xda, 0x7f, 0x3f, 0x96, 0xd3, 0x7f, 0x3f,
  0xe3, 0xcb, 0x7f, 0x3f, 0x8e, 0xc3, 0x7f, 0x3f, 0x9c, 0xba, 0x7f, 0x3f,
  0x0e, 0xb1, 0x7f, 0x3f, 0xe2, 0xa6, 0x7f, 0x3f, 0x19, 0x9c, 0x7f, 0x3f,
  0xb0, 0x90, 0x7f, 0x3f, 0xa9, 0x84, 0x7f, 0x3f, 0x08, 0x78, 0x7f, 0x3f,
  0xc6, 0x6a, 0x7f, 0x3f, 0xe8, 0x5c, 0x7f, 0x3f, 0x6c, 0x4e, 0x7f, 0x3f,
  0x55, 0x3f, 0x7f, 0x3f, 0x9c, 0x2f, 0x7f, 0x3f, 0x49, 0x1f, 0x7f, 0x3f,
  0x56, 0x0e, 0x7f, 0x3f, 0xc7, 0xfc, 0x7e, 0x3f, 0x9d, 0xea, 0x7e, 0x3f,
  0xd3, 0xd7, 0x7e, 0x3f, 0x6d, 0xc4, 0x7e, 0x3f, 0x67, 0xb0, 0x7e, 0x3f,
  0xc7, 0x9b, 0x7e, 0x3f, 0x8a, 0x86, 0x7e, 0x3f, 0xaf, 0x70, 0x7e, 0x3f,
  0x38, 0x5a, 0x7e, 0x3f, 0x23, 0x43, 0x7e, 0x3f, 0x70, 0x2b, 0x7e, 0x3f,
  0x21, 0x13, 0x7e, 0x3f, 0x38, 0xfa, 0x7d, 0x3f, 0xb0, 0xe0, 0x7d, 0x3f,
  0x8b, 0xc6, 0x7d, 0x3f, 0xc9, 0xab, 0x7d, 0x3f, 0x6e, 0x90, 0x7d, 0x3f,
  0x74, 0x74, 0x7d, 0x3f, 0xde, 0x57, 0x7d, 0x3f, 0xaa, 0x3a, 0x7d, 0x3f,
  0xdc, 0x1c, 0x7d, 0x3f, 0x72, 0xfe, 0x7c, 0x3f, 0x6a, 0xdf, 0x7c, 0x3f,
  0xc7, 0xbf, 0x7c, 0x3f, 0x8a, 0x9f, 0x7c, 0x3f, 0xae, 0x7e, 0x7c, 0x3f,
  0x38, 0x5d, 0x7c, 0x3f, 0x25, 0x3b, 0x7c, 0x3f, 0x7a, 0x18, 0x7c, 0x3f,
  0x30, 0xf5, 0x7b, 0x3f, 0x4d, 0xd1, 0x7b, 0x3f, 0xcc, 0xac, 0x7b, 0x3f,
  0xb2, 0x87, 0x7b, 0x3f, 0xfb, 0x61, 0x7b, 0x3f, 0xab, 0x3b, 0x7b, 0x3f,
  0xbf, 0x14, 0x7b, 0x3f, 0x37, 0xed, 0x7a, 0x3f, 0x14, 0xc5, 0x7a, 0x3f,
  0x58, 0x9c, 0x7a, 0x3f, 0x01, 0x73, 0x7a, 0x3f, 0x0f, 0x49, 0x7a, 0x3f,
  0x83, 0x1e, 0x7a, 0x3f, 0x5c, 0xf3, 0x79, 0x3f, 0x9b, 0xc7, 0x79, 0x3f,
  0x42, 0x9b, 0x79, 0x3f, 0x4f, 0x6e, 0x79, 0x3f, 0xbd, 0x40, 0x79, 0x3f,
  0x95, 0x12, 0x79, 0x3f, 0xd4, 0xe3, 0x78, 0x3f, 0x7b, 0xb4, 0x78, 0x3f,
  0x84, 0x84, 0x78, 0x3f, 0xf5, 0x53, 0x78, 0x3f, 0xd0, 0x22, 0x78, 0x3f,
  0x10, 0xf1, 0x77, 0x3f, 0xb7, 0xbe, 0x77, 0x3f, 0xc4, 0x8b, 0x77, 0x3f,
  0x3a, 0x58, 0x77, 0x3f, 0x16, 0x24, 0x77, 0x3f, 0x5a, 0xef, 0x76, 0x3f,
  0x06, 0xba, 0x76, 0x3f, 0x1a, 0x84, 0x76, 0x3f, 0x97, 0x4d, 0x76, 0x3f,
  0x7b, 0x16, 0x76, 0x3f, 0xc6, 0xde, 0x75, 0x3f, 0x7a, 0xa6, 0x75, 0x3f,
  0x96, 0x6d, 0x75, 0x3f, 0x1c, 0x34, 0x75, 0x3f, 0x0a, 0xfa, 0x74, 0x3f,
  0x61, 0xbf, 0x74, 0x3f, 0x21, 0x84, 0x74, 0x3f, 0x49, 0x48, 0x74, 0x3f,
  0xdd, 0x0b, 0x74, 0x3f, 0xd7, 0xce, 0x73, 0x3f, 0x3f, 0x91, 0x73, 0x3f,
  0x0f, 0x53, 0x73, 0x3f, 0x46, 0x14, 0x73, 0x3f, 0xea, 0xd4, 0x72, 0x3f,
  0xf8, 0x94, 0x72, 0x3f, 0x6e, 0x54, 0x72, 0x3f, 0x52, 0x13, 0x72, 0x3f,
  0x9f, 0xd1, 0x71, 0x3f, 0x56, 0x8f, 0x71, 0x3f, 0x7a, 0x4c, 0x71, 0x3f,
  0x09, 0x09, 0x71, 0x3f, 0x00, 0xc5, 0x70, 0x3f, 0x66, 0x80, 0x70, 0x3f,
  0x36, 0x3b, 0x70, 0x3f, 0x71, 0xf5, 0x6f, 0x3f, 0x1a, 0xaf, 0x6f, 0x3f,
  0x2e, 0x68, 0x6f, 0x3f, 0xb0, 0x20, 0x6f, 0x3f, 0x9c, 0xd8, 0x6e, 0x3f,
  0xf7, 0x8f, 0x6e, 0x3f, 0xbd, 0x46, 0x6e, 0x3f, 0xf2, 0xfc, 0x6d, 0x3f,
  0x92, 0xb2, 0x6d, 0x3f, 0x9f, 0x67, 0x6d, 0x3f, 0x1d, 0x1c, 0x6d, 0x3f,
  0x06, 0xd0, 0x6c, 0x3f, 0x5e, 0x83, 0x6c, 0x3f, 0x24, 0x36, 0x6c, 0x3f,
  0x57, 0xe8, 0x6b, 0x3f, 0xf9, 0x99, 0x6b, 0x3f, 0x0b, 0x4b, 0x6b, 0x3f,
  0x8a, 0xfb, 0x6a, 0x3f, 0x7a, 0xab, 0x6a, 0x3f, 0xd9, 0x5a, 0x6a, 0x3f,
  0xa6, 0x09, 0x6a, 0x3f, 0xe2, 0xb7, 0x69, 0x3f, 0x90, 0x65, 0x69, 0x3f,
  0xae, 0x12, 0x69, 0x3f, 0x3a, 0xbf, 0x68, 0x3f, 0x38, 0x6b, 0x68, 0x3f,
  0xa6, 0x16, 0x68, 0x3f, 0x86, 0xc1, 0x67, 0x3f, 0xd6, 0x6b, 0x67, 0x3f,
  0x97, 0x15, 0x67, 0x3f, 0xcc, 0xbe, 0x66, 0x3f, 0x6f, 0x67, 0x66, 0x3f,
  0x87, 0x0f, 0x66, 0x3f, 0x11, 0xb7, 0x65, 0x3f, 0x0a, 0x5e, 0x65, 0x3f,
  0x77, 0x04, 0x65, 0x3f, 0x57, 0xaa, 0x64, 0x3f, 0xac, 0x4f, 0x64, 0x3f,
  0x72, 0xf4, 0x63, 0x3f, 0xab, 0x98, 0x63, 0x3f, 0x58, 0x3c, 0x63, 0x3f,
  0x7a, 0xdf, 0x62, 0x3f, 0x10, 0x82, 0x62, 0x3f, 0x17, 0x24, 0x62, 0x3f,
  0x96, 0xc5, 0x61, 0x3f, 0x8a, 0x66, 0x61, 0x3f, 0xf0, 0x06, 0x61, 0x3f,
  0xcd, 0xa6, 0x60, 0x3f, 0x20, 0x46, 0x60, 0x3f, 0xe8, 0xe4, 0x5f, 0x3f,
  0x26, 0x83, 0x5f, 0x3f, 0xda, 0x20, 0x5f, 0x3f, 0x04, 0xbe, 0x5e, 0x3f,
  0xa6, 0x5a, 0x5e, 0x3f, 0xbd, 0xf6, 0x5d, 0x3f, 0x4d, 0x92, 0x5d, 0x3f,
  0x52, 0x2d, 0x5d, 0x3f, 0xd0, 0xc7, 0x5c, 0x3f, 0xc6, 0x61, 0x5c, 0x3f,
  0x34, 0xfb, 0x5b, 0x3f, 0x1a, 0x94, 0x5b, 0x3f, 0x78, 0x2c, 0x5b, 0x3f,
  0x4e, 0xc4, 0x5a, 0x3f, 0xa0, 0x5b, 0x5a, 0x3f, 0x68, 0xf2, 0x59, 0x3f,
  0xac, 0x88, 0x59, 0x3f, 0x69, 0x1e, 0x59, 0x3f, 0xa1, 0xb3, 0x58, 0x3f,
  0x52, 0x48, 0x58, 0x3f, 0x7e, 0xdc, 0x57, 0x3f, 0x24, 0x70, 0x57, 0x3f,
  0x46, 0x03, 0x57, 0x3f, 0xe3, 0x95, 0x56, 0x3f, 0xfc, 0x27, 0x56, 0x3f,
  0x92, 0xb9, 0x55, 0x3f, 0xa3, 0x4a, 0x55, 0x3f, 0x2f, 0xdb, 0x54, 0x3f,
  0x39, 0x6b, 0x54, 0x3f, 0xc2, 0xfa, 0x53, 0x3f, 0xc6, 0x89, 0x53, 0x3f,
  0x49, 0x18, 0x53, 0x3f, 0x49, 0xa6, 0x52, 0x3f, 0xc6, 0x33, 0x52, 0x3f,
  0xc2, 0xc0, 0x51, 0x3f, 0x3d, 0x4d, 0x51, 0x3f, 0x36, 0xd9, 0x50, 0x3f,
  0xaf, 0x64, 0x50, 0x3f, 0xa6, 0xef, 0x4f, 0x3f, 0x1e, 0x7a, 0x4f, 0x3f,
  0x16, 0x04, 0x4f, 0x3f, 0x8f, 0x8d, 0x4e, 0x3f, 0x88, 0x16, 0x4e, 0x3f,
  0x02, 0x9f, 0x4d, 0x3f, 0xfc, 0x26, 0x4d, 0x3f, 0x78, 0xae, 0x4c, 0x3f,
  0x75, 0x35, 0x4c, 0x3f, 0xf6, 0xbb, 0x4b, 0x3f, 0xfa, 0x41, 0x4b, 0x3f,
  0x7e, 0xc7, 0x4a, 0x3f, 0x87, 0x4c, 0x4a, 0x3f, 0x12, 0xd1, 0x49, 0x3f,
  0x21, 0x55, 0x49, 0x3f, 0xb2, 0xd8, 0x48, 0x3f, 0xca, 0x5b, 0x48, 0x3f,
  0x65, 0xde, 0x47, 0x3f, 0x85, 0x60, 0x47, 0x3f, 0x28, 0xe2, 0x46, 0x3f,
  0x52, 0x63, 0x46, 0x3f, 0x02, 0xe4, 0x45, 0x3f, 0x39, 0x64, 0x45, 0x3f,
  0xf4, 0xe3, 0x44, 0x3f, 0x35, 0x63, 0x44, 0x3f, 0xff, 0xe1, 0x43, 0x3f,
  0x51, 0x60, 0x43, 0x3f, 0x27, 0xde, 0x42, 0x3f, 0x89, 0x5b, 0x42, 0x3f,
  0x70, 0xd8, 0x41, 0x3f, 0xdf, 0x54, 0x41, 0x3f, 0xd8, 0xd0, 0x40, 0x3f,
  0x59, 0x4c, 0x40, 0x3f, 0x66, 0xc7, 0x3f, 0x3f, 0xfc, 0x41, 0x3f, 0x3f,
  0x1a, 0xbc, 0x3e, 0x3f, 0xc4, 0x35, 0x3e, 0x3f, 0xf9, 0xae, 0x3d, 0x3f,
  0xb8, 0x27, 0x3d, 0x3f, 0x02, 0xa0, 0x3c, 0x3f, 0xd8, 0x17, 0x3c, 0x3f,
  0x3a, 0x8f, 0x3b, 0x3f, 0x28, 0x06, 0x3b, 0x3f, 0xa5, 0x7c, 0x3a, 0x3f,
  0xac, 0xf2, 0x39, 0x3f, 0x40, 0x68, 0x39, 0x3f, 0x65, 0xdd, 0x38, 0x3f,
  0x14, 0x52, 0x38, 0x3f, 0x54, 0xc6, 0x37, 0x3f, 0x22, 0x3a, 0x37, 0x3f,
  0x7e, 0xad, 0x36, 0x3f, 0x6a, 0x20, 0x36, 0x3f, 0xe5, 0x92, 0x35, 0x3f,
  0xf2, 0x04, 0x35, 0x3f, 0x8e, 0x76, 0x34, 0x3f, 0xbb, 0xe7, 0x33, 0x3f,
  0x78, 0x58, 0x33, 0x3f, 0xc8, 0xc8, 0x32, 0x3f, 0xaa, 0x38, 0x32, 0x3f,
  0x1c, 0xa8, 0x31, 0x3f, 0x22, 0x17, 0x31, 0x3f, 0xba, 0x85, 0x30, 0x3f,
  0xe4, 0xf3, 0x2f, 0x3f, 0xa4, 0x61, 0x2f, 0x3f, 0xf6, 0xce, 0x2e, 0x3f,
  0xdc, 0x3b, 0x2e, 0x3f, 0x58, 0xa8, 0x2d, 0x3f, 0x68, 0x14, 0x2d, 0x3f,
  0x0f, 0x80, 0x2c, 0x3f, 0x49, 0xeb, 0x2b, 0x3f, 0x1b, 0x56, 0x2b, 0x3f,
  0x80, 0xc0, 0x2a, 0x3f, 0x7e, 0x2a, 0x2a, 0x3f, 0x13, 0x94, 0x29, 0x3f,
  0x40, 0xfd, 0x28, 0x3f, 0x03, 0x66, 0x28, 0x3f, 0x60, 0xce, 0x27, 0x3f,
  0x53, 0x36, 0x27, 0x3f, 0xe2, 0x9d, 0x26, 0x3f, 0x0a, 0x05, 0x26, 0x3f,
  0xca, 0x6b, 0x25, 0x3f, 0x24, 0xd2, 0x24, 0x3f, 0x18, 0x38, 0x24, 0x3f,
  0xa8, 0x9d, 0x23, 0x3f, 0xd2, 0x02, 0x23, 0x3f, 0x98, 0x67, 0x22, 0x3f,
  0xfa, 0xcb, 0x21, 0x3f, 0xf8, 0x2f, 0x21, 0x3f, 0x91, 0x93, 0x20, 0x3f,
  0xcb, 0xf6, 0x1f, 0x3f, 0x9e, 0x59, 0x1f, 0x3f, 0x10, 0xbc, 0x1e, 0x3f,
  0x22, 0x1e, 0x1e, 0x3f, 0xd0, 0x7f, 0x1d, 0x3f, 0x1e, 0xe1, 0x1c, 0x3f,
  0x0c, 0x42, 0x1c, 0x3f, 0x97, 0xa2, 0x1b, 0x3f, 0xc5, 0x02, 0x1b, 0x3f,
  0x93, 0x62, 0x1a, 0x3f, 0x01, 0xc2, 0x19, 0x3f, 0x0e, 0x21, 0x19, 0x3f,
  0xbe, 0x7f, 0x18, 0x3f, 0x12, 0xde, 0x17, 0x3f, 0x05, 0x3c, 0x17, 0x3f,
  0x9e, 0x99, 0x16, 0x3f, 0xd8, 0xf6, 0x15, 0x3f, 0xb6, 0x53, 0x15, 0x3f,
  0x38, 0xb0, 0x14, 0x3f, 0x5e, 0x0c, 0x14, 0x3f, 0x2b, 0x68, 0x13, 0x3f,
  0x99, 0xc3, 0x12, 0x3f, 0xad, 0x1e, 0x12, 0x3f, 0x6a, 0x79, 0x11, 0x3f,
  0xcd, 0xd3, 0x10, 0x3f, 0xd4, 0x2d, 0x10, 0x3f, 0x85, 0x87, 0x0f, 0x3f,
  0xdb, 0xe0, 0x0e, 0x3f, 0xd8, 0x39, 0x0e, 0x3f, 0x81, 0x92, 0x0d, 0x3f,
  0xd1, 0xea, 0x0c, 0x3f, 0xc8, 0x42, 0x0c, 0x3f, 0x6a, 0x9a, 0x0b, 0x3f,
  0xb6, 0xf1, 0x0a, 0x3f, 0xac, 0x48, 0x0a, 0x3f, 0x4d, 0x9f, 0x09, 0x3f,
  0x9a, 0xf5, 0x08, 0x3f, 0x92, 0x4b, 0x08, 0x3f, 0x34, 0xa1, 0x07, 0x3f,
  0x83, 0xf6, 0x06, 0x3f, 0x83, 0x4b, 0x06, 0x3f, 0x2c, 0xa0, 0x05, 0x3f,
  0x82, 0xf4, 0x04, 0x3f, 0x87, 0x48, 0x04, 0x3f, 0x3c, 0x9c, 0x03, 0x3f,
  0x9f, 0xef, 0x02, 0x3f, 0xb0, 0x42, 0x02, 0x3f, 0x72, 0x95, 0x01, 0x3f,
  0xe5, 0xe7, 0x00, 0x3f, 0x07, 0x3a, 0x00, 0x3f, 0xb0, 0x17, 0xff, 0x3e,
  0xb9, 0xba, 0xfd, 0x3e, 0x24, 0x5d, 0xfc, 0x3e, 0xf4, 0xfe, 0xfa, 0x3e,
  0x2b, 0xa0, 0xf9, 0x3e, 0xc7, 0x40, 0xf8, 0x3e, 0xc8, 0xe0, 0xf6, 0x3e,
  0x33, 0x80, 0xf5, 0x3e, 0x03, 0x1f, 0xf4, 0x3e, 0x40, 0xbd, 0xf2, 0x3e,
  0xe9, 0x5a, 0xf1, 0x3e, 0xf7, 0xf7, 0xef, 0x3e, 0x79, 0x94, 0xee, 0x3e,
  0x60, 0x30, 0xed, 0x3e, 0xb7, 0xcb, 0xeb, 0x3e, 0x81, 0x66, 0xea, 0x3e,
  0xb4, 0x00, 0xe9, 0x3e, 0x5b, 0x9a, 0xe7, 0x3e, 0x74, 0x33, 0xe6, 0x3e,
  0xfd, 0xcb, 0xe4, 0x3e, 0xf9, 0x63, 0xe3, 0x3e, 0x68, 0xfb, 0xe1, 0x3e,
  0x4d, 0x92, 0xe0, 0x3e, 0xa9, 0x28, 0xdf, 0x3e, 0x78, 0xbe, 0xdd, 0x3e,
  0xc1, 0x53, 0xdc, 0x3e, 0x81, 0xe8, 0xda, 0x3e, 0xba, 0x7c, 0xd9, 0x3e,
  0x69, 0x10, 0xd8, 0x3e, 0x99, 0xa3, 0xd6, 0x3e, 0x3f, 0x36, 0xd5, 0x3e,
  0x63, 0xc8, 0xd3, 0x3e, 0x07, 0x5a, 0xd2, 0x3e, 0x28, 0xeb, 0xd0, 0x3e,
  0xca, 0x7b, 0xcf, 0x3e, 0xe8, 0x0b, 0xce, 0x3e, 0x88, 0x9b, 0xcc, 0x3e,
  0xab, 0x2a, 0xcb, 0x3e, 0x4e, 0xb9, 0xc9, 0x3e, 0x7d, 0x47, 0xc8, 0x3e,
  0x28, 0xd5, 0xc6, 0x3e, 0x5a, 0x62, 0xc5, 0x3e, 0x14, 0xef, 0xc3, 0x3e,
  0x55, 0x7b, 0xc2, 0x3e, 0x1d, 0x07, 0xc1, 0x3e, 0x6c, 0x92, 0xbf, 0x3e,
  0x46, 0x1d, 0xbe, 0x3e, 0xab, 0xa7, 0xbc, 0x3e, 0xa1, 0x31, 0xbb, 0x3e,
  0x1d, 0xbb, 0xb9, 0x3e, 0x28, 0x44, 0xb8, 0x3e, 0xc1, 0xcc, 0xb6, 0x3e,
  0xe8, 0x54, 0xb5, 0x3e, 0xa3, 0xdc, 0xb3, 0x3e, 0xec, 0x63, 0xb2, 0x3e,
  0xc7, 0xea, 0xb0, 0x3e, 0x39, 0x71, 0xaf, 0x3e, 0x3d, 0xf7, 0xad, 0x3e,
  0xcf, 0x7c, 0xac, 0x3e, 0xff, 0x01, 0xab, 0x3e, 0xc4, 0x86, 0xa9, 0x3e,
  0x1d, 0x0b, 0xa8, 0x3e, 0x0f, 0x8f, 0xa6, 0x3e, 0x9c, 0x12, 0xa5, 0x3e,
  0xc4, 0x95, 0xa3, 0x3e, 0x84, 0x18, 0xa2, 0x3e, 0xe3, 0x9a, 0xa0, 0x3e,
  0xde, 0x1c, 0x9f, 0x3e, 0x73, 0x9e, 0x9d, 0x3e, 0xab, 0x1f, 0x9c, 0x3e,
  0x84, 0xa0, 0x9a, 0x3e, 0xfd, 0x20, 0x99, 0x3e, 0x14, 0xa1, 0x97, 0x3e,
  0xd0, 0x20, 0x96, 0x3e, 0x2f, 0xa0, 0x94, 0x3e, 0x33, 0x1f, 0x93, 0x3e,
  0xdc, 0x9d, 0x91, 0x3e, 0x2b, 0x1c, 0x90, 0x3e, 0x1f, 0x9a, 0x8e, 0x3e,
  0xbc, 0x17, 0x8d, 0x3e, 0x05, 0x95, 0x8b, 0x3e, 0xf3, 0x11, 0x8a, 0x3e,
  0x91, 0x8e, 0x88, 0x3e, 0xd8, 0x0a, 0x87, 0x3e, 0xcb, 0x86, 0x85, 0x3e,
  0x70, 0x02, 0x84, 0x3e, 0xbe, 0x7d, 0x82, 0x3e, 0xc0, 0xf8, 0x80, 0x3e,
  0xe0, 0xe6, 0x7e, 0x3e, 0xa1, 0xdb, 0x7b, 0x3e, 0xc6, 0xcf, 0x78, 0x3e,
  0x59, 0xc3, 0x75, 0x3e, 0x51, 0xb6, 0x72, 0x3e, 0xae, 0xa8, 0x6f, 0x3e,
  0x78, 0x9a, 0x6c, 0x3e, 0xb5, 0x8b, 0x69, 0x3e, 0x5e, 0x7c, 0x66, 0x3e,
  0x81, 0x6c, 0x63, 0x3e, 0x11, 0x5c, 0x60, 0x3e, 0x1a, 0x4b, 0x5d, 0x3e,
  0x8f, 0x39, 0x5a, 0x3e, 0x86, 0x27, 0x57, 0x3e, 0x03, 0x15, 0x54, 0x3e,
  0xf3, 0x01, 0x51, 0x3e, 0x57, 0xee, 0x4d, 0x3e, 0x48, 0xda, 0x4a, 0x3e,
  0xc0, 0xc5, 0x47, 0x3e, 0xb9, 0xb0, 0x44, 0x3e, 0x33, 0x9b, 0x41, 0x3e,
  0x3a, 0x85, 0x3e, 0x3e, 0xc9, 0x6e, 0x3b, 0x3e, 0xe6, 0x57, 0x38, 0x3e,
  0x97, 0x40, 0x35, 0x3e, 0xcf, 0x28, 0x32, 0x3e, 0xa3, 0x10, 0x2f, 0x3e,
  0xfe, 0xf7, 0x2b, 0x3e, 0xfb, 0xde, 0x28, 0x3e, 0x86, 0xc5, 0x25, 0x3e,
  0xb3, 0xab, 0x22, 0x3e, 0x7b, 0x91, 0x1f, 0x3e, 0xd8, 0x76, 0x1c, 0x3e,
  0xd7, 0x5b, 0x19, 0x3e, 0x7e, 0x40, 0x16, 0x3e, 0xc8, 0x24, 0x13, 0x3e,
  0xad, 0x08, 0x10, 0x3e, 0x49, 0xec, 0x0c, 0x3e, 0x7f, 0xcf, 0x09, 0x3e,
  0x65, 0xb2, 0x06, 0x3e, 0x02, 0x95, 0x03, 0x3e, 0x40, 0x77, 0x00, 0x3e,
  0x76, 0xb2, 0xfa, 0x3d, 0xb1, 0x75, 0xf4, 0x3d, 0x72, 0x38, 0xee, 0x3d,
  0x93, 0xfa, 0xe7, 0x3d, 0x20, 0xbc, 0xe1, 0x3d, 0x34, 0x7d, 0xdb, 0x3d,
  0xb5, 0x3d, 0xd5, 0x3d, 0xaf, 0xfd, 0xce, 0x3d, 0x30, 0xbd, 0xc8, 0x3d,
  0x30, 0x7c, 0xc2, 0x3d, 0xc0, 0x3a, 0xbc, 0x3d, 0xd0, 0xf8, 0xb5, 0x3d,
  0x80, 0xb6, 0xaf, 0x3d, 0xb0, 0x73, 0xa9, 0x3d, 0x80, 0x30, 0xa3, 0x3d,
  0xf0, 0xec, 0x9c, 0x3d, 0x00, 0xa9, 0x96, 0x3d, 0xb1, 0x64, 0x90, 0x3d,
  0x00, 0x20, 0x8a, 0x3d, 0x00, 0xdb, 0x83, 0x3d, 0x5f, 0x2b, 0x7b, 0x3d,
  0x21, 0xa0, 0x6e, 0x3d, 0x5f, 0x14, 0x62, 0x3d, 0xff, 0x87, 0x55, 0x3d,
  0x21, 0xfb, 0x48, 0x3d, 0xbf, 0x6d, 0x3c, 0x3d, 0xff, 0xdf, 0x2f, 0x3d,
  0xbf, 0x51, 0x23, 0x3d, 0x20, 0xc3, 0x16, 0x3d, 0x21, 0x34, 0x0a, 0x3d,
  0x82, 0x49, 0xfb, 0x3c, 0x42, 0x2a, 0xe2, 0x3c, 0x80, 0x0a, 0xc9, 0x3c,
  0x3e, 0xea, 0xaf, 0x3c, 0x80, 0xc9, 0x96, 0x3c, 0x04, 0x51, 0x7b, 0x3c,
  0x7c, 0x0e, 0x49, 0x3c, 0x00, 0xcb, 0x16, 0x3c, 0xff, 0x0e, 0xc9, 0x3b,
  0x00, 0x0e, 0x49, 0x3b, 0x00, 0x00, 0x00, 0x00, 0x00, 0x00, 0x00, 0x00,
  0x00, 0x00, 0x00, 0x00, 0x00, 0x00, 0x00, 0x00, 0x00, 0x00, 0x00, 0x00,
  0x00, 0x00, 0x00, 0x00, 0x00, 0x00, 0x00, 0x00, 0x00, 0x00, 0x00, 0x00,
  0x00, 0x00, 0x00, 0x00, 0x00, 0x00, 0x00, 0x00, 0x00, 0x00, 0x00, 0x00,
  0x00, 0x00, 0x00, 0x00, 0x00, 0x00, 0x00, 0x00, 0x00, 0x00, 0x00, 0x00,
  0x00, 0x00, 0x00, 0x00, 0x00, 0x00, 0x00, 0x00, 0x00, 0x00, 0x00, 0x00,
  0x00, 0x00, 0x00, 0x00, 0x00, 0x00, 0x00, 0x00, 0x00, 0x00, 0x00, 0x00,
  0x00, 0x00, 0x00, 0x00, 0x00, 0x00, 0x00, 0x00, 0x00, 0x00, 0x00, 0x00,
  0x00, 0x00, 0x00, 0x00, 0x00, 0x00, 0x00, 0x00, 0x00, 0x00, 0x00, 0x00,
  0x00, 0x00, 0x00, 0x00, 0x00, 0x00, 0x00, 0x00, 0x00, 0x00, 0x00, 0x00,
  0x00, 0x00, 0x00, 0x00, 0x00, 0x00, 0x00, 0x00, 0x00, 0x00, 0x00, 0x00,
  0x00, 0x00, 0x00, 0x00, 0x00, 0x00, 0x00, 0x00, 0x00, 0x00, 0x00, 0x00,
  0x00, 0x00, 0x00, 0x00, 0x00, 0x00, 0x00, 0x00, 0x00, 0x00, 0x00, 0x00,
  0x00, 0x00, 0x00, 0x00, 0x00, 0x00, 0x00, 0x00, 0x00, 0x00, 0x00, 0x00,
  0x00, 0x00, 0x00, 0x00, 0x00, 0x00, 0x00, 0x00, 0x00, 0x00, 0x00, 0x00,
  0x00, 0x00, 0x00, 0x00, 0x00, 0x00, 0x00, 0x00, 0x00, 0x00, 0x00, 0x00,
  0x00, 0x00, 0x00, 0x00, 0x00, 0x00, 0x00, 0x00, 0x00, 0x00, 0x00, 0x00,
  0x00, 0x00, 0x00, 0x00, 0x00, 0x00, 0x00, 0x00, 0x00, 0x00, 0x00, 0x00,
  0x00, 0x00, 0x00, 0x00, 0x00, 0x00, 0x00, 0x00, 0x00, 0x00, 0x00, 0x00,
  0x00, 0x00, 0x00, 0x00, 0x00, 0x00, 0x00, 0x00, 0x00, 0x00, 0x00, 0x00,
  0x00, 0x00, 0x00, 0x00, 0x00, 0x00, 0x00, 0x00, 0x00, 0x00, 0x00, 0x00,
  0x00, 0x00, 0x00, 0x00, 0x00, 0x00, 0x00, 0x00, 0x00, 0x00, 0x00, 0x00,
  0x00, 0x00, 0x00, 0x00, 0x00, 0x00, 0x00, 0x00, 0x00, 0x00, 0x00, 0x00,
  0x00, 0x00, 0x00, 0x00, 0x00, 0x00, 0x00, 0x00, 0x00, 0x00, 0x00, 0x00,
  0x00, 0x00, 0x00, 0x00, 0x00, 0x00, 0x00, 0x00, 0x00, 0x00, 0x00, 0x00,
  0x00, 0x00, 0x00, 0x00, 0x00, 0x00, 0x00, 0x00, 0x00, 0x00, 0x00, 0x00,
  0x00, 0x00, 0x00, 0x00, 0x00, 0x00, 0x00, 0x00, 0x00, 0x00, 0x00, 0x00,
  0x00, 0x00, 0x00, 0x00, 0x00, 0x00, 0x00, 0x00, 0x00, 0x00, 0x00, 0x00,
  0x00, 0x00, 0x00, 0x00, 0x00, 0x00, 0x00, 0x00, 0x00, 0x00, 0x00, 0x00,
  0x00, 0x00, 0x00, 0x00, 0x00, 0x00, 0x00, 0x00, 0x00, 0x00, 0x00, 0x00,
  0x00, 0x00, 0x00, 0x00, 0x00, 0x00, 0x00, 0x00, 0x00, 0x00, 0x00, 0x00,
  0x00, 0x00, 0x00, 0x00, 0x00, 0x00, 0x00, 0x00, 0x00, 0x00, 0x00, 0x00,
  0x00, 0x00, 0x00, 0x00, 0x00, 0x00, 0x00, 0x00, 0x00, 0x00, 0x00, 0x00,
  0x00, 0x00, 0x00, 0x00, 0x00, 0x00, 0x00, 0x00, 0x00, 0x00, 0x00, 0x00,
  0x00, 0x00, 0x00, 0x00, 0x00, 0x00, 0x00, 0x00, 0x00, 0x00, 0x00, 0x00,
  0x00, 0x00, 0x00, 0x00, 0x00, 0x00, 0x00, 0x00, 0x00, 0x00, 0x00, 0x00,
  0x00, 0x00, 0x00, 0x00, 0x00, 0x00, 0x00, 0x00, 0x00, 0x00, 0x00, 0x00,
  0x00, 0x00, 0x00, 0x00, 0x00, 0x00, 0x00, 0x00, 0x00, 0x00, 0x00, 0x00,
  0x00, 0x00, 0x00, 0x00, 0x00, 0x00, 0x00, 0x00, 0x00, 0x00, 0x00, 0x00,
  0x00, 0x00, 0x00, 0x00, 0x00, 0x00, 0x00, 0x00, 0x00, 0x00, 0x00, 0x00,
  0x00, 0x00, 0x00, 0x00, 0x00, 0x00, 0x00, 0x00, 0x00, 0x00, 0x00, 0x00,
  0x00, 0x00, 0x00, 0x00, 0x00, 0x00, 0x00, 0x00, 0x00, 0x00, 0x00, 0x00,
  0x00, 0x00, 0x00, 0x00, 0x00, 0x00, 0x00, 0x00, 0x00, 0x00, 0x00, 0x00,
  0x00, 0x00, 0x00, 0x00, 0x00, 0x00, 0x00, 0x00, 0x00, 0x00, 0x00, 0x00,
  0x00, 0x00, 0x00, 0x00, 0x00, 0x00, 0x00, 0x00, 0x00, 0x00, 0x00, 0x00,
  0x00, 0x00, 0x00, 0x00, 0x00, 0x00, 0x00, 0x00, 0x00, 0x00, 0x00, 0x00,
  0x00, 0x00, 0x00, 0x00, 0x00, 0x00, 0x00, 0x00, 0x00, 0x00, 0x00, 0x00,
  0x00, 0x00, 0x00, 0x00, 0x00, 0x00, 0x00, 0x00, 0x00, 0x00, 0x00, 0x00,
  0x00, 0x00, 0x00, 0x00, 0x00, 0x00, 0x00, 0x00, 0x00, 0x00, 0x00, 0x00,
  0x00, 0x00, 0x00, 0x00, 0x00, 0x00, 0x00, 0x00, 0x00, 0x00, 0x00, 0x00,
  0x00, 0x00, 0x00, 0x00, 0x00, 0x00, 0x00, 0x00, 0x00, 0x00, 0x00, 0x00,
  0x00, 0x00, 0x00, 0x00, 0x00, 0x00, 0x00, 0x00, 0x00, 0x00, 0x00, 0x00,
  0x00, 0x00, 0x00, 0x00, 0x00, 0x00, 0x00, 0x00, 0x00, 0x00, 0x00, 0x00,
  0x00, 0x00, 0x00, 0x00, 0x00, 0x00, 0x00, 0x00, 0x00, 0x00, 0x00, 0x00,
  0x00, 0x00, 0x00, 0x00, 0x00, 0x00, 0x00, 0x00, 0x00, 0x00, 0x00, 0x00,
  0x00, 0x00, 0x00, 0x00, 0x00, 0x00, 0x00, 0x00, 0x00, 0x00, 0x00, 0x00,
  0x00, 0x00, 0x00, 0x00, 0x00, 0x00, 0x00, 0x00, 0x00, 0x00, 0x00, 0x00,
  0x00, 0x00, 0x00, 0x00, 0x00, 0x00, 0x00, 0x00, 0x00, 0x00, 0x00, 0x00,
  0x00, 0x00, 0x00, 0x00, 0x00, 0x00, 0x00, 0x00, 0x00, 0x00, 0x00, 0x00,
  0x00, 0x00, 0x00, 0x00, 0x00, 0x00, 0x00, 0x00, 0x00, 0x00, 0x00, 0x00,
  0x00, 0x00, 0x00, 0x00, 0x00, 0x00, 0x00, 0x00, 0x00, 0x00, 0x00, 0x00,
  0x00, 0x00, 0x00, 0x00, 0x00, 0x00, 0x00, 0x00, 0x00, 0x00, 0x00, 0x00,
  0x00, 0x00, 0x00, 0x00, 0x00, 0x00, 0x00, 0x00, 0x00, 0x00, 0x00, 0x00,
  0x00, 0x00, 0x00, 0x00, 0x00, 0x00, 0x00, 0x00, 0x00, 0x00, 0x00, 0x00,
  0x00, 0x00, 0x00, 0x00, 0x00, 0x00, 0x00, 0x00, 0x00, 0x00, 0x00, 0x00,
  0x00, 0x00, 0x00, 0x00, 0x00, 0x00, 0x00, 0x00, 0x00, 0x00, 0x00, 0x00,
  0x00, 0x00, 0x00, 0x00, 0x00, 0x00, 0x00, 0x00, 0x00, 0x00, 0x00, 0x00,
  0x00, 0x00, 0x00, 0x00, 0x00, 0x00, 0x00, 0x00, 0x00, 0x00, 0x00, 0x00,
  0x00, 0x00, 0x00, 0x00, 0x00, 0x00, 0x00, 0x00, 0x00, 0x00, 0x00, 0x00,
  0x00, 0x00, 0x00, 0x00, 0x00, 0x00, 0x00, 0x00, 0x00, 0x00, 0x00, 0x00,
  0x00, 0x00, 0x00, 0x00, 0x00, 0x00, 0x00, 0x00, 0x00, 0x00, 0x00, 0x00,
  0x00, 0x00, 0x00, 0x00, 0x00, 0x00, 0x00, 0x00, 0x00, 0x00, 0x00, 0x00,
  0x00, 0x00, 0x00, 0x00, 0x00, 0x00, 0x00, 0x00, 0x00, 0x00, 0x00, 0x00,
  0x00, 0x00, 0x00, 0x00, 0x00, 0x00, 0x00, 0x00, 0x00, 0x00, 0x00, 0x00,
  0x00, 0x00, 0x00, 0x00, 0x00, 0x00, 0x00, 0x00, 0x00, 0x00, 0x00, 0x00,
  0x00, 0x00, 0x00, 0x00, 0x00, 0x00, 0x00, 0x00, 0x00, 0x00, 0x00, 0x00,
  0x00, 0x00, 0x00, 0x00, 0x00, 0x00, 0x00, 0x00, 0x00, 0x00, 0x00, 0x00,
  0x00, 0x00, 0x00, 0x00, 0x00, 0x00, 0x00, 0x00, 0x00, 0x00, 0x00, 0x00,
  0x00, 0x00, 0x00, 0x00, 0x00, 0x00, 0x00, 0x00, 0x00, 0x00, 0x00, 0x00,
  0x00, 0x00, 0x00, 0x00, 0x00, 0x00, 0x00, 0x00, 0x00, 0x00, 0x00, 0x00,
  0x00, 0x00, 0x00, 0x00, 0x00, 0x00, 0x00, 0x00, 0x00, 0x00, 0x00, 0x00,
  0x00, 0x00, 0x00, 0x00, 0x00, 0x00, 0x00, 0x00, 0x00, 0x00, 0x00, 0x00,
  0x00, 0x00, 0x00, 0x00, 0x00, 0x00, 0x00, 0x00, 0x00, 0x00, 0x00, 0x00,
  0x00, 0x00, 0x00, 0x00, 0x00, 0x00, 0x00, 0x00, 0x00, 0x00, 0x00, 0x00,
  0x00, 0x00, 0x00, 0x00, 0x00, 0x00, 0x00, 0x00, 0x00, 0x00, 0x00, 0x00,
  0x00, 0x00, 0x00, 0x00, 0x00, 0x00, 0x00, 0x00, 0x00, 0x00, 0x00, 0x00,
  0x00, 0x00, 0x00, 0x00, 0x00, 0x00, 0x00, 0x00, 0x00, 0x00, 0x00, 0x00,
  0x00, 0x00, 0x00, 0x00, 0x00, 0x00, 0x00, 0x00, 0x00, 0x00, 0x00, 0x00,
  0x00, 0x00, 0x00, 0x00, 0x00, 0x00, 0x00, 0x00, 0x00, 0x00, 0x00, 0x00,
  0x00, 0x00, 0x00, 0x00, 0x00, 0x00, 0x00, 0x00, 0x00, 0x00, 0x00, 0x00,
  0x00, 0x00, 0x00, 0x00, 0x00, 0x00, 0x00, 0x00, 0x00, 0x00, 0x00, 0x00,
  0x00, 0x00, 0x00, 0x00, 0x00, 0x00, 0x00, 0x00, 0x00, 0x00, 0x00, 0x00,
  0x00, 0x00, 0x00, 0x00, 0x00, 0x00, 0x00, 0x00, 0x00, 0x00, 0x00, 0x00,
  0x00, 0x00, 0x00, 0x00, 0x00, 0x00, 0x00, 0x00, 0x00, 0x00, 0x00, 0x00,
  0x00, 0x00, 0x00, 0x00, 0x00, 0x00, 0x00, 0x00, 0x00, 0x00, 0x00, 0x00,
  0x00, 0x00, 0x00, 0x00, 0x00, 0x00, 0x00, 0x00, 0x00, 0x00, 0x00, 0x00,
  0x00, 0x00, 0x00, 0x00, 0x00, 0x00, 0x00, 0x00, 0x00, 0x00, 0x00, 0x00,
  0x00, 0x00, 0x00, 0x00, 0x00, 0x00, 0x00, 0x00, 0x00, 0x00, 0x00, 0x00,
  0x00, 0x00, 0x00, 0x00, 0x00, 0x00, 0x00, 0x00, 0x00, 0x00, 0x00, 0x00,
  0x00, 0x00, 0x00, 0x00, 0x00, 0x00, 0x00, 0x00, 0x00, 0x00, 0x00, 0x00,
  0x00, 0x00, 0x00, 0x00, 0x00, 0x00, 0x00, 0x00, 0x00, 0x00, 0x00, 0x00,
  0x00, 0x00, 0x00, 0x00, 0x00, 0x00, 0x00, 0x00, 0x00, 0x00, 0x00, 0x00,
  0x00, 0x00, 0x00, 0x00, 0x00, 0x00, 0x00, 0x00, 0x00, 0x00, 0x00, 0x00,
  0x00, 0x00, 0x00, 0x00, 0x00, 0x00, 0x00, 0x00, 0x00, 0x00, 0x00, 0x00,
  0x00, 0x00, 0x00, 0x00, 0x00, 0x00, 0x00, 0x00, 0x00, 0x00, 0x00, 0x00,
  0x00, 0x00, 0x00, 0x00, 0x00, 0x00, 0x00, 0x00, 0x00, 0x00, 0x00, 0x00,
  0x00, 0x00, 0x00, 0x00, 0x00, 0x00, 0x00, 0x00, 0x00, 0x00, 0x00, 0x00,
  0x00, 0x00, 0x00, 0x00, 0x00, 0x00, 0x00, 0x00, 0x00, 0x00, 0x00, 0x00,
  0x00, 0x00, 0x00, 0x00, 0x00, 0x00, 0x00, 0x00, 0x00, 0x00, 0x00, 0x00,
  0x00, 0x00, 0x00, 0x00, 0x00, 0x00, 0x00, 0x00, 0x00, 0x00, 0x00, 0x00,
  0x00, 0x00, 0x00, 0x00, 0x00, 0x00, 0x00, 0x00, 0x00, 0x00, 0x00, 0x00,
  0x00, 0x00, 0x00, 0x00, 0x00, 0x00, 0x00, 0x00, 0x00, 0x00, 0x00, 0x00,
  0x00, 0x00, 0x00, 0x00, 0x00, 0x00, 0x00, 0x00, 0x00, 0x00, 0x00, 0x00,
  0x00, 0x00, 0x00, 0x00, 0x00, 0x00, 0x00, 0x00, 0x00, 0x00, 0x00, 0x00,
  0x00, 0x00, 0x00, 0x00, 0x00, 0x00, 0x00, 0x00, 0x00, 0x00, 0x00, 0x00,
  0x00, 0x00, 0x00, 0x00, 0x00, 0x00, 0x00, 0x00, 0x00, 0x00, 0x00, 0x00,
  0x00, 0x00, 0x00, 0x00, 0x00, 0x00, 0x00, 0x00, 0x00, 0x00, 0x00, 0x00,
  0x00, 0x00, 0x00, 0x00, 0x00, 0x00, 0x00, 0x00, 0x00, 0x00, 0x00, 0x00,
  0x00, 0x00, 0x00, 0x00, 0x00, 0x00, 0x00, 0x00, 0x00, 0x00, 0x00, 0x00,
  0x00, 0x00, 0x00, 0x00, 0x00, 0x00, 0x00, 0x00, 0x00, 0x00, 0x00, 0x00,
  0x00, 0x00, 0x00, 0x00, 0x00, 0x00, 0x00, 0x00, 0x00, 0x00, 0x00, 0x00,
  0x00, 0x00, 0x00, 0x00, 0x00, 0x00, 0x00, 0x00, 0x00, 0x00, 0x00, 0x00,
  0x00, 0x00, 0x00, 0x00, 0x00, 0x00, 0x00, 0x00, 0x00, 0x00, 0x00, 0x00,
  0x00, 0x00, 0x00, 0x00, 0x00, 0x00, 0x00, 0x00, 0x00, 0x00, 0x00, 0x00,
  0x00, 0x00, 0x00, 0x00, 0x00, 0x00, 0x00, 0x00, 0x00, 0x00, 0x00, 0x00,
  0x00, 0x00, 0x00, 0x00, 0x00, 0x00, 0x00, 0x00, 0x00, 0x00, 0x00, 0x00,
  0x00, 0x00, 0x00, 0x00, 0x00, 0x00, 0x00, 0x00, 0x00, 0x00, 0x00, 0x00,
  0x00, 0x00, 0x00, 0x00, 0x00, 0x00, 0x00, 0x00, 0x00, 0x00, 0x00, 0x00,
  0x00, 0x00, 0x00, 0x00, 0x00, 0x00, 0x00, 0x00, 0x00, 0x00, 0x00, 0x00,
  0x00, 0x00, 0x00, 0x00, 0x00, 0x00, 0x00, 0x00, 0x00, 0x00, 0x00, 0x00,
  0x00, 0x00, 0x00, 0x00, 0x00, 0x00, 0x00, 0x00, 0x00, 0x00, 0x00, 0x00,
  0x00, 0x00, 0x00, 0x00, 0x00, 0x00, 0x00, 0x00, 0x00, 0x00, 0x00, 0x00,
  0x00, 0x00, 0x00, 0x00, 0x00, 0x00, 0x00, 0x00, 0x00, 0x00, 0x00, 0x00,
  0x00, 0x00, 0x00, 0x00, 0x00, 0x00, 0x00, 0x00, 0x00, 0x00, 0x00, 0x00,
  0x00, 0x00, 0x00, 0x00, 0x00, 0x00, 0x00, 0x00, 0x00, 0x00, 0x00, 0x00,
  0x00, 0x00, 0x00, 0x00, 0x00, 0x00, 0x00, 0x00, 0x00, 0x00, 0x00, 0x00,
  0x00, 0x00, 0x00, 0x00, 0x00, 0x00, 0x00, 0x00, 0x00, 0x00, 0x00, 0x00,
  0x00, 0x00, 0x00, 0x00, 0x00, 0x00, 0x00, 0x00, 0x00, 0x00, 0x00, 0x00,
  0x00, 0x00, 0x00, 0x00, 0x00, 0x00, 0x00, 0x00, 0x00, 0x00, 0x00, 0x00,
  0x00, 0x00, 0x00, 0x00, 0x00, 0x00, 0x00, 0x00, 0x00, 0x00, 0x00, 0x00,
  0x00, 0x00, 0x00, 0x00, 0x00, 0x00, 0x00, 0x00, 0x00, 0x00, 0x00, 0x00,
  0x00, 0x00, 0x00, 0x00, 0x00, 0x00, 0x00, 0x00, 0x00, 0x00, 0x00, 0x00,
  0x00, 0x00, 0x00, 0x00, 0x00, 0x00, 0x00, 0x00, 0x00, 0x00, 0x00, 0x00,
  0x00, 0x00, 0x00, 0x00, 0x00, 0x00, 0x00, 0x00, 0x00, 0x00, 0x00, 0x00,
  0x00, 0x00, 0x00, 0x00, 0x00, 0x00, 0x00, 0x00, 0x00, 0x00, 0x00, 0x00,
  0x00, 0x00, 0x00, 0x00, 0x00, 0x00, 0x00, 0x00, 0x00, 0x00, 0x00, 0x00,
  0x00, 0x00, 0x00, 0x00, 0x00, 0x00, 0x00, 0x00, 0x00, 0x00, 0x00, 0x00,
  0x00, 0x00, 0x00, 0x00, 0x00, 0x00, 0x00, 0x00, 0x00, 0x00, 0x00, 0x00,
  0x00, 0x00, 0x00, 0x00, 0x00, 0x00, 0x00, 0x00, 0x00, 0x00, 0x00, 0x00,
  0x00, 0x00, 0x00, 0x00, 0x00, 0x00, 0x00, 0x00, 0x00, 0x00, 0x00, 0x00,
  0x00, 0x00, 0x00, 0x00, 0x00, 0x00, 0x00, 0x00, 0x00, 0x00, 0x00, 0x00,
  0x00, 0x00, 0x00, 0x00, 0x00, 0x00, 0x00, 0x00, 0x00, 0x00, 0x00, 0x00,
  0x00, 0x00, 0x00, 0x00, 0x00, 0x00, 0x00, 0x00, 0x00, 0x00, 0x00, 0x00,
  0x00, 0x00, 0x00, 0x00, 0x00, 0x00, 0x00, 0x00, 0x00, 0x00, 0x00, 0x00,
  0x00, 0x00, 0x00, 0x00, 0x00, 0x00, 0x00, 0x00, 0x00, 0x00, 0x00, 0x00,
  0x00, 0x00, 0x00, 0x00, 0x00, 0x00, 0x00, 0x00, 0x00, 0x00, 0x00, 0x00,
  0x00, 0x00, 0x00, 0x00, 0x00, 0x00, 0x00, 0x00, 0x00, 0x00, 0x00, 0x00,
  0x00, 0x00, 0x00, 0x00, 0x00, 0x00, 0x00, 0x00, 0x00, 0x00, 0x00, 0x00,
  0x00, 0x00, 0x00, 0x00, 0x00, 0x00, 0x00, 0x00, 0x00, 0x00, 0x00, 0x00,
  0x00, 0x00, 0x00, 0x00, 0x00, 0x00, 0x00, 0x00, 0x00, 0x00, 0x00, 0x00,
  0x00, 0x00, 0x00, 0x00, 0x00, 0x00, 0x00, 0x00, 0x00, 0x00, 0x00, 0x00,
  0x00, 0x00, 0x00, 0x00, 0x00, 0x00, 0x00, 0x00, 0x00, 0x00, 0x00, 0x00,
  0x00, 0x00, 0x00, 0x00, 0x00, 0x00, 0x00, 0x00, 0x00, 0x00, 0x00, 0x00,
  0x00, 0x00, 0x00, 0x00, 0x00, 0x00, 0x00, 0x00, 0x00, 0x00, 0x00, 0x00,
  0x00, 0x00, 0x00, 0x00, 0x00, 0x00, 0x00, 0x00, 0x00, 0x00, 0x00, 0x00,
  0x00, 0x00, 0x00, 0x00, 0x00, 0x00, 0x00, 0x00, 0x00, 0x00, 0x00, 0x00,
  0x00, 0x00, 0x00, 0x00, 0x00, 0x00, 0x00, 0x00, 0x00, 0x00, 0x00, 0x00,
  0x00, 0x00, 0x00, 0x00, 0x00, 0x00, 0x00, 0x00, 0x00, 0x00, 0x00, 0x00,
  0x00, 0x00, 0x00, 0x00, 0x00, 0x00, 0x00, 0x00, 0x00, 0x00, 0x00, 0x00,
  0x00, 0x00, 0x00, 0x00, 0x00, 0x00, 0x00, 0x00, 0x00, 0x00, 0x00, 0x00,
  0x00, 0x00, 0x00, 0x00, 0x00, 0x00, 0x00, 0x00, 0x00, 0x00, 0x00, 0x00,
  0x00, 0x00, 0x00, 0x00, 0x00, 0x00, 0x00, 0x00, 0x00, 0x00, 0x00, 0x00,
  0x00, 0x00, 0x00, 0x00, 0x00, 0x00, 0x00, 0x00, 0x00, 0x00, 0x00, 0x00,
  0x00, 0x00, 0x00, 0x00, 0x00, 0x00, 0x00, 0x00, 0x00, 0x00, 0x00, 0x00,
  0x00, 0x00, 0x00, 0x00, 0x00, 0x00, 0x00, 0x00, 0x00, 0x00, 0x00, 0x00,
  0x00, 0x00, 0x00, 0x00, 0x00, 0x00, 0x00, 0x00, 0x00, 0x00, 0x00, 0x00,
  0x00, 0x00, 0x00, 0x00, 0x00, 0x00, 0x00, 0x00, 0x00, 0x00, 0x00, 0x00,
  0x00, 0x00, 0x00, 0x00, 0x00, 0x00, 0x00, 0x00, 0x00, 0x00, 0x00, 0x00,
  0x00, 0x00, 0x00, 0x00, 0x00, 0x00, 0x00, 0x00, 0x00, 0x00, 0x00, 0x00,
  0x00, 0x00, 0x00, 0x00, 0x00, 0x00, 0x00, 0x00, 0x00, 0x00, 0x00, 0x00,
  0x00, 0x00, 0x00, 0x00, 0x00, 0x00, 0x00, 0x00, 0x00, 0x00, 0x00, 0x00,
  0x00, 0x00, 0x00, 0x00, 0x00, 0x00, 0x00, 0x00, 0x00, 0x00, 0x00, 0x00,
  0x00, 0x00, 0x00, 0x00, 0x00, 0x00, 0x00, 0x00, 0x00, 0x00, 0x00, 0x00,
  0x00, 0x00, 0x00, 0x00, 0x00, 0x00, 0x00, 0x00, 0x00, 0x00, 0x00, 0x00,
  0x00, 0x00, 0x00, 0x00, 0x00, 0x00, 0x00, 0x00, 0x00, 0x00, 0x00, 0x00,
  0x00, 0x00, 0x00, 0x00, 0x00, 0x00, 0x00, 0x00, 0x00, 0x00, 0x00, 0x00,
  0x00, 0x00, 0x00, 0x00, 0x00, 0x00, 0x00, 0x00, 0x00, 0x00, 0x00, 0x00,
  0x00, 0x00, 0x00, 0x00, 0x00, 0x00, 0x00, 0x00, 0x00, 0x00, 0x00, 0x00,
  0x00, 0x00, 0x00, 0x00, 0x00, 0x00, 0x00, 0x00, 0x00, 0x00, 0x00, 0x00,
  0x00, 0x00, 0x00, 0x00, 0x00, 0x00, 0x00, 0x00, 0x00, 0x00, 0x00, 0x00,
  0x00, 0x00, 0x00, 0x00, 0x00, 0x00, 0x00, 0x00, 0x00, 0x00, 0x00, 0x00,
  0x00, 0x00, 0x00, 0x00, 0x00, 0x00, 0x00, 0x00, 0x00, 0x00, 0x00, 0x00,
  0x00, 0x00, 0x00, 0x00, 0x00, 0x00, 0x00, 0x00, 0x00, 0x00, 0x00, 0x00,
  0x00, 0x00, 0x00, 0x00, 0x00, 0x00, 0x00, 0x00, 0x00, 0x00, 0x00, 0x00,
  0x00, 0x00, 0x00, 0x00, 0x00, 0x00, 0x00, 0x00, 0x00, 0x00, 0x00, 0x00,
  0x00, 0x00, 0x00, 0x00, 0x00, 0x00, 0x00, 0x00, 0x00, 0x00, 0x00, 0x00,
  0x00, 0x00, 0x00, 0x00, 0x00, 0x00, 0x00, 0x00, 0x00, 0x00, 0x00, 0x00,
  0x00, 0x00, 0x00, 0x00, 0x00, 0x00, 0x00, 0x00, 0x00, 0x00, 0x00, 0x00,
  0x00, 0x00, 0x00, 0x00, 0x00, 0x00, 0x00, 0x00, 0x00, 0x00, 0x00, 0x00,
  0x00, 0x00, 0x00, 0x00, 0x00, 0x00, 0x00, 0x00, 0x00, 0x00, 0x00, 0x00,
  0x00, 0x00, 0x00, 0x00, 0x00, 0x00, 0x00, 0x00, 0x00, 0x00, 0x00, 0x00,
  0x00, 0x00, 0x00, 0x00, 0x00, 0x00, 0x00, 0x00, 0x00, 0x00, 0x00, 0x00,
  0x00, 0x00, 0x00, 0x00, 0x00, 0x00, 0x00, 0x00, 0x00, 0x00, 0x00, 0x00,
  0x00, 0x00, 0x00, 0x00, 0x00, 0x00, 0x00, 0x00, 0x00, 0x00, 0x00, 0x00,
  0x00, 0x00, 0x00, 0x00, 0x00, 0x00, 0x00, 0x00, 0x00, 0x00, 0x00, 0x00,
  0x00, 0x00, 0x00, 0x00, 0x00, 0x00, 0x00, 0x00, 0x00, 0x00, 0x00, 0x00,
  0x00, 0x00, 0x00, 0x00, 0x00, 0x00, 0x00, 0x00, 0x00, 0x00, 0x00, 0x00,
  0x00, 0x00, 0x00, 0x00, 0x00, 0x00, 0x00, 0x00, 0x00, 0x00, 0x00, 0x00,
  0x00, 0x00, 0x00, 0x00, 0x00, 0x00, 0x00, 0x00, 0x00, 0x00, 0x00, 0x00,
  0x00, 0x00, 0x00, 0x00, 0x00, 0x00, 0x00, 0x00, 0x00, 0x00, 0x00, 0x00,
  0x00, 0x00, 0x00, 0x00, 0x00, 0x00, 0x00, 0x00, 0x00, 0x00, 0x00, 0x00,
  0x00, 0x00, 0x00, 0x00, 0x00, 0x00, 0x00, 0x00, 0x00, 0x00, 0x00, 0x00,
  0x00, 0x00, 0x00, 0x00, 0x00, 0x00, 0x00, 0x00, 0x00, 0x00, 0x00, 0x00,
  0x00, 0x00, 0x00, 0x00, 0x00, 0x00, 0x00, 0x00, 0x00, 0x00, 0x00, 0x00,
  0x00, 0x00, 0x00, 0x00, 0x00, 0x00, 0x00, 0x00, 0x00, 0x00, 0x00, 0x00,
  0x00, 0x00, 0x00, 0x00, 0x00, 0x00, 0x00, 0x00, 0x00, 0x00, 0x00, 0x00,
  0x00, 0x00, 0x00, 0x00, 0x00, 0x00, 0x00, 0x00, 0x00, 0x00, 0x00, 0x00,
  0x00, 0x00, 0x00, 0x00, 0x00, 0x00, 0x00, 0x00, 0x00, 0x00, 0x00, 0x00,
  0x00, 0x00, 0x00, 0x00, 0x00, 0x00, 0x00, 0x00, 0x00, 0x00, 0x00, 0x00,
  0x00, 0x00, 0x00, 0x00, 0x00, 0x00, 0x00, 0x00, 0x00, 0x00, 0x00, 0x00,
  0x00, 0x00, 0x00, 0x00, 0x00, 0x00, 0x00, 0x00, 0x00, 0x00, 0x00, 0x00,
  0x00, 0x00, 0x00, 0x00, 0x00, 0x00, 0x00, 0x00, 0x00, 0x00, 0x00, 0x00,
  0x00, 0x00, 0x00, 0x00, 0x00, 0x00, 0x00, 0x00, 0x00, 0x00, 0x00, 0x00,
  0x00, 0x00, 0x00, 0x00, 0x00, 0x00, 0x00, 0x00, 0x00, 0x00, 0x00, 0x00,
  0x00, 0x00, 0x00, 0x00, 0x00, 0x00, 0x00, 0x00, 0x00, 0x00, 0x00, 0x00,
  0x00, 0x00, 0x00, 0x00, 0x00, 0x00, 0x00, 0x00, 0x00, 0x00, 0x00, 0x00,
  0x00, 0x00, 0x00, 0x00, 0x00, 0x00, 0x00, 0x00, 0x00, 0x00, 0x00, 0x00,
  0x00, 0x00, 0x00, 0x00, 0x00, 0x00, 0x00, 0x00, 0x00, 0x00, 0x00, 0x00,
  0x00, 0x00, 0x00, 0x00, 0x00, 0x00, 0x00, 0x00, 0x00, 0x00, 0x00, 0x00,
  0x00, 0x00, 0x00, 0x00, 0x00, 0x00, 0x00, 0x00, 0x00, 0x00, 0x00, 0x00,
  0x00, 0x00, 0x00, 0x00, 0x00, 0x00, 0x00, 0x00, 0x00, 0x00, 0x00, 0x00,
  0x00, 0x00, 0x00, 0x00, 0x00, 0x00, 0x00, 0x00, 0x00, 0x00, 0x00, 0x00,
  0x00, 0x00, 0x00, 0x00, 0x00, 0x00, 0x00, 0x00, 0x00, 0x00, 0x00, 0x00,
  0x00, 0x00, 0x00, 0x00, 0x00, 0x00, 0x00, 0x00, 0x00, 0x00, 0x00, 0x00,
  0x00, 0x00, 0x00, 0x00, 0x00, 0x00, 0x00, 0x00, 0x00, 0x00, 0x00, 0x00,
  0x00, 0x00, 0x00, 0x00, 0x00, 0x00, 0x00, 0x00, 0x00, 0x00, 0x00, 0x00,
  0x00, 0x00, 0x00, 0x00, 0x00, 0x00, 0x00, 0x00, 0x00, 0x00, 0x00, 0x00,
  0x00, 0x00, 0x00, 0x00, 0x00, 0x00, 0x00, 0x00, 0x00, 0x00, 0x00, 0x00,
  0x00, 0x00, 0x00, 0x00, 0x00, 0x00, 0x00, 0x00, 0x00, 0x00, 0x00, 0x00,
  0x00, 0x00, 0x00, 0x00, 0x00, 0x00, 0x00, 0x00, 0x00, 0x00, 0x00, 0x00,
  0x00, 0x00, 0x00, 0x00, 0x00, 0x00, 0x00, 0x00, 0x00, 0x00, 0x00, 0x00,
  0x00, 0x00, 0x00, 0x00, 0x00, 0x00, 0x00, 0x00, 0x00, 0x00, 0x00, 0x00,
  0x00, 0x00, 0x00, 0x00, 0x00, 0x00, 0x00, 0x00, 0x00, 0x00, 0x00, 0x00,
  0x00, 0x00, 0x00, 0x00, 0x00, 0x00, 0x00, 0x00, 0x00, 0x00, 0x00, 0x00,
  0x00, 0x00, 0x00, 0x00, 0x00, 0x00, 0x00, 0x00, 0x00, 0x00, 0x00, 0x00,
  0x00, 0x00, 0x00, 0x00, 0x00, 0x00, 0x00, 0x00, 0x00, 0x00, 0x00, 0x00,
  0x00, 0x00, 0x00, 0x00, 0x00, 0x00, 0x00, 0x00, 0x00, 0x00, 0x00, 0x00,
  0x00, 0x00, 0x00, 0x00, 0x00, 0x00, 0x00, 0x00, 0x00, 0x00, 0x00, 0x00,
  0x00, 0x00, 0x00, 0x00, 0x00, 0x00, 0x00, 0x00, 0x00, 0x00, 0x00, 0x00,
  0x00, 0x00, 0x00, 0x00, 0x00, 0x00, 0x00, 0x00, 0x00, 0x00, 0x00, 0x00,
  0x00, 0x00, 0x00, 0x00, 0x00, 0x00, 0x00, 0x00, 0x00, 0x00, 0x00, 0x00,
  0x00, 0x00, 0x00, 0x00, 0x00, 0x00, 0x00, 0x00, 0x00, 0x00, 0x00, 0x00,
  0x00, 0x00, 0x00, 0x00, 0x00, 0x00, 0x00, 0x00, 0x00, 0x00, 0x00, 0x00,
  0x00, 0x00, 0x00, 0x00, 0x00, 0x00, 0x00, 0x00, 0x00, 0x00, 0x00, 0x00,
  0x00, 0x00, 0x00, 0x00, 0x00, 0x00, 0x00, 0x00, 0x00, 0x00, 0x00, 0x00,
  0x00, 0x00, 0x00, 0x00, 0x00, 0x00, 0x00, 0x00, 0x00, 0x00, 0x00, 0x00,
  0x00, 0x00, 0x00, 0x00, 0x00, 0x00, 0x00, 0x00, 0x00, 0x00, 0x00, 0x00,
  0x00, 0x00, 0x00, 0x00, 0x00, 0x00, 0x00, 0x00, 0x00, 0x00, 0x00, 0x00,
  0x00, 0x00, 0x00, 0x00, 0x00, 0x00, 0x00, 0x00, 0x00, 0x00, 0x00, 0x00,
  0x00, 0x00, 0x00, 0x00, 0x00, 0x00, 0x00, 0x00, 0x00, 0x00, 0x00, 0x00,
  0x00, 0x00, 0x00, 0x00, 0x00, 0x00, 0x00, 0x00, 0x00, 0x00, 0x00, 0x00,
  0x00, 0x00, 0x00, 0x00, 0x00, 0x00, 0x00, 0x00, 0x00, 0x00, 0x00, 0x00,
  0x00, 0x00, 0x00, 0x00, 0x00, 0x00, 0x00, 0x00, 0x00, 0x00, 0x00, 0x00,
  0x00, 0x00, 0x00, 0x00, 0x00, 0x00, 0x00, 0x00, 0x00, 0x00, 0x00, 0x00,
  0x00, 0x00, 0x00, 0x00, 0x00, 0x00, 0x00, 0x00, 0x00, 0x00, 0x00, 0x00,
  0x00, 0x00, 0x00, 0x00, 0x00, 0x00, 0x00, 0x00, 0x00, 0x00, 0x00, 0x00,
  0x00, 0x00, 0x00, 0x00, 0x00, 0x00, 0x00, 0x00, 0x00, 0x00, 0x00, 0x00,
  0x00, 0x00, 0x00, 0x00, 0x00, 0x00, 0x00, 0x00, 0x00, 0x00, 0x00, 0x00,
  0x00, 0x00, 0x00, 0x00, 0x00, 0x00, 0x00, 0x00, 0x00, 0x00, 0x00, 0x00,
  0x00, 0x00, 0x00, 0x00, 0x00, 0x00, 0x00, 0x00, 0x00, 0x00, 0x00, 0x00,
  0x00, 0x00, 0x00, 0x00, 0x00, 0x00, 0x00, 0x00, 0x00, 0x00, 0x00, 0x00,
  0x00, 0x00, 0x00, 0x00, 0x00, 0x00, 0x00, 0x00, 0x00, 0x00, 0x00, 0x00,
  0x00, 0x00, 0x00, 0x00, 0x00, 0x00, 0x00, 0x00, 0x00, 0x00, 0x00, 0x00,
  0x00, 0x00, 0x00, 0x00, 0x00, 0x00, 0x00, 0x00, 0x00, 0x00, 0x00, 0x00,
  0x00, 0x00, 0x00, 0x00, 0x00, 0x00, 0x00, 0x00, 0x00, 0x00, 0x00, 0x00,
  0x00, 0x00, 0x00, 0x00, 0x00, 0x00, 0x00, 0x00, 0x00, 0x00, 0x00, 0x00,
  0x00, 0x00, 0x00, 0x00, 0x00, 0x00, 0x00, 0x00, 0x00, 0x00, 0x00, 0x00,
  0x00, 0x00, 0x00, 0x00, 0x00, 0x00, 0x00, 0x00, 0x00, 0x00, 0x00, 0x00,
  0x00, 0x00, 0x00, 0x00, 0x00, 0x00, 0x00, 0x00, 0x00, 0x00, 0x00, 0x00,
  0x00, 0x00, 0x00, 0x00, 0x00, 0x00, 0x00, 0x00, 0x00, 0x00, 0x00, 0x00,
  0x00, 0x00, 0x00, 0x00, 0x00, 0x00, 0x00, 0x00, 0x00, 0x00, 0x00, 0x00,
  0x00, 0x00, 0x00, 0x00, 0x00, 0x00, 0x00, 0x00, 0x00, 0x00, 0x00, 0x00,
  0x00, 0x00, 0x00, 0x00, 0x00, 0x00, 0x00, 0x00, 0x00, 0x00, 0x00, 0x00,
  0x00, 0x00, 0x00, 0x00, 0x00, 0x00, 0x00, 0x00, 0x00, 0x00, 0x00, 0x00,
  0x00, 0x00, 0x00, 0x00, 0x00, 0x00, 0x00, 0x00, 0x00, 0x00, 0x00, 0x00,
  0x00, 0x00, 0x00, 0x00, 0x00, 0x00, 0x00, 0x00, 0x00, 0x00, 0x00, 0x00,
  0x00, 0x00, 0x00, 0x00, 0x00, 0x00, 0x00, 0x00, 0x00, 0x00, 0x00, 0x00,
  0x00, 0x00, 0x00, 0x00, 0x00, 0x00, 0x00, 0x00, 0x00, 0x00, 0x00, 0x00,
  0x00, 0x00, 0x00, 0x00, 0x00, 0x00, 0x00, 0x00, 0x00, 0x00, 0x00, 0x00,
  0x00, 0x00, 0x00, 0x00, 0x00, 0x00, 0x00, 0x00, 0x00, 0x00, 0x00, 0x00,
  0x00, 0x00, 0x00, 0x00, 0x00, 0x00, 0x00, 0x00, 0x00, 0x00, 0x00, 0x00,
  0x00, 0x00, 0x00, 0x00, 0x00, 0x00, 0x00, 0x00, 0x00, 0x00, 0x00, 0x00,
  0x00, 0x00, 0x00, 0x00, 0x00, 0x00, 0x00, 0x00, 0x00, 0x00, 0x00, 0x00,
  0x00, 0x00, 0x00, 0x00, 0x00, 0x00, 0x00, 0x00, 0x00, 0x00, 0x00, 0x00,
  0x00, 0x00, 0x00, 0x00, 0x00, 0x00, 0x00, 0x00, 0x00, 0x00, 0x00, 0x00,
  0x00, 0x00, 0x00, 0x00, 0x00, 0x00, 0x00, 0x00, 0x00, 0x00, 0x00, 0x00,
  0x00, 0x00, 0x00, 0x00, 0x00, 0x00, 0x00, 0x00, 0x00, 0x00, 0x00, 0x00,
  0x00, 0x00, 0x00, 0x00, 0x00, 0x00, 0x00, 0x00, 0x00, 0x00, 0x00, 0x00,
  0x00, 0x00, 0x00, 0x00, 0x00, 0x00, 0x00, 0x00, 0x00, 0x00, 0x00, 0x00,
  0x00, 0x00, 0x00, 0x00, 0x00, 0x00, 0x00, 0x00, 0x00, 0x00, 0x00, 0x00,
  0x00, 0x00, 0x00, 0x00, 0x00, 0x00, 0x00, 0x00, 0x00, 0x00, 0x00, 0x00,
  0x00, 0x00, 0x00, 0x00, 0x00, 0x00, 0x00, 0x00, 0x00, 0x00, 0x00, 0x00,
  0x00, 0x00, 0x00, 0x00, 0x00, 0x00, 0x00, 0x00, 0x00, 0x00, 0x00, 0x00,
  0x00, 0x00, 0x00, 0x00, 0x00, 0x00, 0x00, 0x00, 0x00, 0x00, 0x00, 0x00,
  0x00, 0x00, 0x00, 0x00, 0x00, 0x00, 0x00, 0x00, 0x00, 0x00, 0x00, 0x00,
  0x00, 0x00, 0x00, 0x00, 0x00, 0x00, 0x00, 0x00, 0x00, 0x00, 0x00, 0x00,
  0x00, 0x00, 0x00, 0x00, 0x00, 0x00, 0x00, 0x00, 0x00, 0x00, 0x00, 0x00,
  0x00, 0x00, 0x00, 0x00, 0x00, 0x00, 0x00, 0x00, 0x00, 0x00, 0x00, 0x00,
  0x00, 0x00, 0x00, 0x00, 0x00, 0x00, 0x00, 0x00, 0x00, 0x00, 0x00, 0x00,
  0x00, 0x00, 0x00, 0x00, 0x00, 0x00, 0x00, 0x00, 0x00, 0x00, 0x00, 0x00,
  0x00, 0x00, 0x00, 0x00, 0x00, 0x00, 0x00, 0x00, 0x00, 0x00, 0x00, 0x00,
  0x00, 0x00, 0x00, 0x00, 0x00, 0x00, 0x00, 0x00, 0x00, 0x00, 0x00, 0x00,
  0x00, 0x00, 0x00, 0x00, 0x00, 0x00, 0x00, 0x00, 0x00, 0x00, 0x00, 0x00,
  0x00, 0x00, 0x00, 0x00, 0x00, 0x00, 0x00, 0x00, 0x00, 0x00, 0x00, 0x00,
  0x00, 0x00, 0x00, 0x00, 0x00, 0x00, 0x00, 0x00, 0x00, 0x00, 0x00, 0x00,
  0x00, 0x00, 0x00, 0x00, 0x00, 0x00, 0x00, 0x00, 0x00, 0x00, 0x00, 0x00,
  0x00, 0x00, 0x00, 0x00, 0x00, 0x00, 0x00, 0x00, 0x00, 0x00, 0x00, 0x00,
  0x00, 0x00, 0x00, 0x00, 0x00, 0x00, 0x00, 0x00, 0x00, 0x00, 0x00, 0x00,
  0x00, 0x00, 0x00, 0x00, 0x00, 0x00, 0x00, 0x00, 0x00, 0x00, 0x00, 0x00,
  0x00, 0x00, 0x00, 0x00, 0x00, 0x00, 0x00, 0x00, 0x00, 0x00, 0x00, 0x00,
  0x00, 0x00, 0x00, 0x00, 0x00, 0x00, 0x00, 0x00, 0x00, 0x00, 0x00, 0x00,
  0x00, 0x00, 0x00, 0x00, 0x00, 0x00, 0x00, 0x00, 0x00, 0x00, 0x00, 0x00,
  0x00, 0x00, 0x00, 0x00, 0x00, 0x00, 0x00, 0x00, 0x00, 0x00, 0x00, 0x00,
  0x00, 0x00, 0x00, 0x00, 0x00, 0x00, 0x00, 0x00, 0x00, 0x00, 0x00, 0x00,
  0x00, 0x00, 0x00, 0x00, 0x00, 0x00, 0x00, 0x00, 0x00, 0x00, 0x00, 0x00,
  0x00, 0x00, 0x00, 0x00, 0x00, 0x00, 0x00, 0x00, 0x00, 0x00, 0x00, 0x00,
  0x00, 0x00, 0x00, 0x00, 0x00, 0x00, 0x00, 0x00, 0x00, 0x00, 0x00, 0x00,
  0x00, 0x00, 0x00, 0x00, 0x00, 0x00, 0x00, 0x00, 0x00, 0x00, 0x00, 0x00,
  0x00, 0x00, 0x00, 0x00, 0x00, 0x00, 0x00, 0x00, 0x00, 0x00, 0x00, 0x00,
  0x00, 0x00, 0x00, 0x00, 0x00, 0x00, 0x00, 0x00, 0x00, 0x00, 0x00, 0x00,
  0x00, 0x00, 0x00, 0x00, 0x00, 0x00, 0x00, 0x00, 0x00, 0x00, 0x00, 0x00,
  0x00, 0x00, 0x00, 0x00, 0x00, 0x00, 0x00, 0x00, 0x00, 0x00, 0x00, 0x00,
  0x00, 0x00, 0x00, 0x00, 0x00, 0x00, 0x00, 0x00, 0x00, 0x00, 0x00, 0x00,
  0x00, 0x00, 0x00, 0x00, 0x00, 0x00, 0x00, 0x00, 0x00, 0x00, 0x00, 0x00,
  0x00, 0x00, 0x00, 0x00, 0x00, 0x00, 0x00, 0x00, 0x00, 0x00, 0x00, 0x00,
  0x00, 0x00, 0x00, 0x00, 0x00, 0x00, 0x00, 0x00, 0x00, 0x00, 0x00, 0x00,
  0x00, 0x00, 0x00, 0x00, 0x00, 0x00, 0x00, 0x00, 0x00, 0x00, 0x00, 0x00,
  0x00, 0x00, 0x00, 0x00, 0x00, 0x00, 0x00, 0x00, 0x00, 0x00, 0x00, 0x00,
  0x00, 0x00, 0x00, 0x00, 0x00, 0x00, 0x00, 0x00, 0x00, 0x00, 0x00, 0x00,
  0x00, 0x00, 0x00, 0x00, 0x00, 0x00, 0x00, 0x00, 0x00, 0x00, 0x00, 0x00,
  0x00, 0x00, 0x00, 0x00, 0x00, 0x00, 0x00, 0x00, 0x00, 0x00, 0x00, 0x00,
  0x00, 0x00, 0x00, 0x00, 0x00, 0x00, 0x00, 0x00, 0x00, 0x00, 0x00, 0x00,
  0x00, 0x00, 0x00, 0x00, 0x00, 0x00, 0x00, 0x00, 0x00, 0x00, 0x00, 0x00,
  0x00, 0x00, 0x00, 0x00, 0x00, 0x00, 0x00, 0x00, 0x00, 0x00, 0x00, 0x00,
  0x00, 0x00, 0x00, 0x00, 0x00, 0x00, 0x00, 0x00, 0x00, 0x00, 0x00, 0x00,
  0x00, 0x00, 0x00, 0x00, 0x00, 0x00, 0x00, 0x00, 0x00, 0x00, 0x00, 0x00,
  0x00, 0x00, 0x00, 0x00, 0x00, 0x00, 0x00, 0x00, 0x00, 0x00, 0x00, 0x00,
  0x00, 0x00, 0x00, 0x00, 0x00, 0x00, 0x00, 0x00, 0x00, 0x00, 0x00, 0x00,
  0x00, 0x00, 0x00, 0x00, 0x00, 0x00, 0x00, 0x00, 0x00, 0x00, 0x00, 0x00,
  0x00, 0x00, 0x00, 0x00, 0x00, 0x00, 0x00, 0x00, 0x00, 0x00, 0x00, 0x00,
  0x00, 0x00, 0x00, 0x00, 0x00, 0x00, 0x00, 0x00, 0x00, 0x00, 0x00, 0x00,
  0x00, 0x00, 0x00, 0x00, 0x00, 0x00, 0x00, 0x00, 0x00, 0x00, 0x00, 0x00,
  0x00, 0x00, 0x00, 0x00, 0x00, 0x00, 0x00, 0x00, 0x00, 0x00, 0x00, 0x00,
  0x00, 0x00, 0x00, 0x00, 0x00, 0x00, 0x00, 0x00, 0x00, 0x00, 0x00, 0x00,
  0x00, 0x00, 0x00, 0x00, 0x00, 0x00, 0x00, 0x00, 0x00, 0x00, 0x00, 0x00,
  0x00, 0x00, 0x00, 0x00, 0x00, 0x00, 0x00, 0x00, 0x00, 0x00, 0x00, 0x00,
  0x00, 0x00, 0x00, 0x00, 0x00, 0x00, 0x00, 0x00, 0x00, 0x00, 0x00, 0x00,
  0x00, 0x00, 0x00, 0x00, 0x00, 0x00, 0x00, 0x00, 0x00, 0x00, 0x00, 0x00,
  0x00, 0x00, 0x00, 0x00, 0x00, 0x00, 0x00, 0x00, 0x00, 0x00, 0x00, 0x00,
  0x00, 0x00, 0x00, 0x00, 0x00, 0x00, 0x00, 0x00, 0x00, 0x00, 0x00, 0x00,
  0x00, 0x00, 0x00, 0x00, 0x00, 0x00, 0x00, 0x00, 0x00, 0x00, 0x00, 0x00,
  0x00, 0x00, 0x00, 0x00, 0x00, 0x00, 0x00, 0x00, 0x00, 0x00, 0x00, 0x00,
  0x00, 0x00, 0x00, 0x00, 0x00, 0x00, 0x00, 0x00, 0x00, 0x00, 0x00, 0x00,
  0x00, 0x00, 0x00, 0x00, 0x00, 0x00, 0x00, 0x00, 0x00, 0x00, 0x00, 0x00,
  0x00, 0x00, 0x00, 0x00, 0x00, 0x00, 0x00, 0x00, 0x00, 0x00, 0x00, 0x00,
  0x00, 0x00, 0x00, 0x00, 0x00, 0x00, 0x00, 0x00, 0x00, 0x00, 0x00, 0x00,
  0x00, 0x00, 0x00, 0x00, 0x00, 0x00, 0x00, 0x00, 0x00, 0x00, 0x00, 0x00,
  0x00, 0x00, 0x00, 0x00, 0x00, 0x00, 0x00, 0x00, 0x00, 0x00, 0x00, 0x00,
  0x00, 0x00, 0x00, 0x00, 0x00, 0x00, 0x00, 0x00, 0x00, 0x00, 0x00, 0x00,
  0x00, 0x00, 0x00, 0x00, 0x00, 0x00, 0x00, 0x00, 0x00, 0x00, 0x00, 0x00,
  0x00, 0x00, 0x00, 0x00, 0x00, 0x00, 0x00, 0x00, 0x00, 0x00, 0x00, 0x00,
  0x00, 0x00, 0x00, 0x00, 0x00, 0x00, 0x00, 0x00, 0x00, 0x00, 0x00, 0x00,
  0x00, 0x00, 0x00, 0x00, 0x00, 0x00, 0x00, 0x00, 0x00, 0x00, 0x00, 0x00,
  0x00, 0x00, 0x00, 0x00, 0x00, 0x00, 0x00, 0x00, 0x00, 0x00, 0x00, 0x00,
  0x00, 0x00, 0x00, 0x00, 0x00, 0x00, 0x00, 0x00, 0x00, 0x00, 0x00, 0x00,
  0x00, 0x00, 0x00, 0x00, 0x00, 0x00, 0x00, 0x00, 0x00, 0x00, 0x00, 0x00,
  0x00, 0x00, 0x00, 0x00, 0x00, 0x00, 0x00, 0x00, 0x00, 0x00, 0x00, 0x00,
  0x00, 0x00, 0x00, 0x00, 0x00, 0x00, 0x00, 0x00, 0x00, 0x00, 0x00, 0x00,
  0x00, 0x00, 0x00, 0x00, 0x00, 0x00, 0x00, 0x00, 0x00, 0x00, 0x00, 0x00,
  0x00, 0x00, 0x00, 0x00, 0x00, 0x00, 0x00, 0x00, 0x00, 0x00, 0x00, 0x00,
  0x00, 0x00, 0x00, 0x00, 0x00, 0x00, 0x00, 0x00, 0x00, 0x00, 0x00, 0x00,
  0x00, 0x00, 0x00, 0x00, 0x00, 0x00, 0x00, 0x00, 0x00, 0x00, 0x00, 0x00,
  0x00, 0x00, 0x00, 0x00, 0x00, 0x00, 0x00, 0x00, 0x00, 0x00, 0x00, 0x00,
  0x00, 0x00, 0x00, 0x00, 0x00, 0x00, 0x00, 0x00, 0x00, 0x00, 0x00, 0x00,
  0x00, 0x00, 0x00, 0x00, 0x00, 0x00, 0x00, 0x00, 0x00, 0x00, 0x00, 0x00,
  0x00, 0x00, 0x00, 0x00, 0x00, 0x00, 0x00, 0x00, 0x00, 0x00, 0x00, 0x00,
  0x00, 0x00, 0x00, 0x00, 0x00, 0x00, 0x00, 0x00, 0x00, 0x00, 0x00, 0x00,
  0x00, 0x00, 0x00, 0x00, 0x00, 0x00, 0x00, 0x00, 0x00, 0x00, 0x00, 0x00,
  0x00, 0x00, 0x00, 0x00, 0x00, 0x00, 0x00, 0x00, 0x00, 0x00, 0x00, 0x00,
  0x00, 0x00, 0x00, 0x00, 0x00, 0x00, 0x00, 0x00, 0x00, 0x00, 0x00, 0x00,
  0x00, 0x00, 0x00, 0x00, 0x00, 0x00, 0x00, 0x00, 0x00, 0x00, 0x00, 0x00,
  0x00, 0x00, 0x00, 0x00, 0x00, 0x00, 0x00, 0x00, 0x00, 0x00, 0x00, 0x00,
  0x00, 0x00, 0x00, 0x00, 0x00, 0x00, 0x00, 0x00, 0x00, 0x00, 0x00, 0x00,
  0x00, 0x00, 0x00, 0x00, 0x00, 0x00, 0x00, 0x00, 0x00, 0x00, 0x00, 0x00,
  0x00, 0x00, 0x00, 0x00, 0x00, 0x00, 0x00, 0x00, 0x00, 0x00, 0x00, 0x00,
  0x00, 0x00, 0x00, 0x00, 0x00, 0x00, 0x00, 0x00, 0x00, 0x00, 0x00, 0x00,
  0x00, 0x00, 0x00, 0x00, 0x00, 0x00, 0x00, 0x00, 0x00, 0x00, 0x00, 0x00,
  0x00, 0x00, 0x00, 0x00, 0x00, 0x00, 0x00, 0x00, 0x00, 0x00, 0x00, 0x00,
  0x00, 0x00, 0x00, 0x00, 0x00, 0x00, 0x00, 0x00, 0x00, 0x00, 0x00, 0x00,
  0x00, 0x00, 0x00, 0x00, 0x00, 0x00, 0x00, 0x00, 0x00, 0x00, 0x00, 0x00,
  0x00, 0x00, 0x00, 0x00, 0x00, 0x00, 0x00, 0x00, 0x00, 0x00, 0x00, 0x00,
  0x00, 0x00, 0x00, 0x00, 0x00, 0x00, 0x00, 0x00, 0x00, 0x00, 0x00, 0x00,
  0x00, 0x00, 0x00, 0x00, 0x00, 0x00, 0x00, 0x00, 0x00, 0x00, 0x00, 0x00,
  0x00, 0x00, 0x00, 0x00, 0x00, 0x00, 0x00, 0x00, 0x00, 0x00, 0x00, 0x00,
  0x00, 0x00, 0x00, 0x00, 0x00, 0x00, 0x00, 0x00, 0x00, 0x00, 0x00, 0x00,
  0x00, 0x00, 0x00, 0x00, 0x00, 0x00, 0x00, 0x00, 0x00, 0x00, 0x00, 0x00,
  0x00, 0x00, 0x00, 0x00, 0x00, 0x00, 0x00, 0x00, 0x00, 0x00, 0x00, 0x00,
  0x00, 0x00, 0x00, 0x00, 0x00, 0x00, 0x00, 0x00, 0x00, 0x00, 0x00, 0x00,
  0x00, 0x00, 0x00, 0x00, 0x00, 0x00, 0x00, 0x00, 0x00, 0x00, 0x00, 0x00,
  0x00, 0x00, 0x00, 0x00, 0x00, 0x00, 0x00, 0x00, 0x00, 0x00, 0x00, 0x00,
  0x00, 0x00, 0x00, 0x00, 0x00, 0x00, 0x00, 0x00, 0x00, 0x00, 0x00, 0x00,
  0x00, 0x00, 0x00, 0x00, 0x00, 0x00, 0x00, 0x00, 0x00, 0x00, 0x00, 0x00,
  0x00, 0x00, 0x00, 0x00, 0x00, 0x00, 0x00, 0x00, 0x00, 0x00, 0x00, 0x00,
  0x00, 0x00, 0x00, 0x00, 0x00, 0x00, 0x00, 0x00, 0x00, 0x00, 0x00, 0x00,
  0x00, 0x00, 0x00, 0x00, 0x00, 0x00, 0x00, 0x00, 0x00, 0x00, 0x00, 0x00,
  0x00, 0x00, 0x00, 0x00, 0x00, 0x00, 0x00, 0x00, 0x00, 0x00, 0x00, 0x00,
  0x00, 0x00, 0x00, 0x00, 0x00, 0x00, 0x00, 0x00, 0x00, 0x00, 0x00, 0x00,
  0x00, 0x00, 0x00, 0x00, 0x00, 0x00, 0x00, 0x00, 0x00, 0x00, 0x00, 0x00,
  0x00, 0x00, 0x00, 0x00, 0x00, 0x00, 0x00, 0x00, 0x00, 0x00, 0x00, 0x00,
  0x00, 0x00, 0x00, 0x00, 0x00, 0x00, 0x00, 0x00, 0x00, 0x00, 0x00, 0x00,
  0x00, 0x00, 0x00, 0x00, 0x00, 0x00, 0x00, 0x00, 0x00, 0x00, 0x00, 0x00,
  0x00, 0x00, 0x00, 0x00, 0x00, 0x00, 0x00, 0x00, 0x00, 0x00, 0x00, 0x00,
  0x00, 0x00, 0x00, 0x00, 0x00, 0x00, 0x00, 0x00, 0x00, 0x00, 0x00, 0x00,
  0x00, 0x00, 0x00, 0x00, 0x00, 0x00, 0x00, 0x00, 0x00, 0x00, 0x00, 0x00,
  0x00, 0x00, 0x00, 0x00, 0x00, 0x00, 0x00, 0x00, 0x00, 0x00, 0x00, 0x00,
  0x00, 0x00, 0x00, 0x00, 0x00, 0x00, 0x00, 0x00, 0x00, 0x00, 0x00, 0x00,
  0x00, 0x00, 0x00, 0x00, 0x00, 0x00, 0x00, 0x00, 0x00, 0x00, 0x00, 0x00,
  0x00, 0x00, 0x00, 0x00, 0x00, 0x00, 0x00, 0x00, 0x00, 0x00, 0x00, 0x00,
  0x00, 0x00, 0x00, 0x00, 0x00, 0x00, 0x00, 0x00, 0x00, 0x00, 0x00, 0x00,
  0x00, 0x00, 0x00, 0x00, 0x00, 0x00, 0x00, 0x00, 0x00, 0x00, 0x00, 0x00,
  0x00, 0x00, 0x00, 0x00, 0x00, 0x00, 0x00, 0x00, 0x00, 0x00, 0x00, 0x00,
  0x00, 0x00, 0x00, 0x00, 0x00, 0x00, 0x00, 0x00, 0x00, 0x00, 0x00, 0x00,
  0x00, 0x00, 0x00, 0x00, 0x00, 0x00, 0x00, 0x00, 0x00, 0x00, 0x00, 0x00,
  0x00, 0x00, 0x00, 0x00, 0x00, 0x00, 0x00, 0x00, 0x00, 0x00, 0x00, 0x00,
  0x00, 0x00, 0x00, 0x00, 0x00, 0x00, 0x00, 0x00, 0x00, 0x00, 0x00, 0x00,
  0x00, 0x00, 0x00, 0x00, 0x00, 0x00, 0x00, 0x00, 0x00, 0x00, 0x00, 0x00,
  0x00, 0x00, 0x00, 0x00, 0x00, 0x00, 0x00, 0x00, 0x00, 0x00, 0x00, 0x00,
  0x00, 0x00, 0x00, 0x00, 0x00, 0x00, 0x00, 0x00, 0x00, 0x00, 0x00, 0x00,
  0x00, 0x00, 0x00, 0x00, 0x00, 0x00, 0x00, 0x00, 0x00, 0x00, 0x00, 0x00,
  0x00, 0x00, 0x00, 0x00, 0x00, 0x00, 0x00, 0x00, 0x00, 0x00, 0x00, 0x00,
  0x00, 0x00, 0x00, 0x00, 0x00, 0x00, 0x00, 0x00, 0x00, 0x00, 0x00, 0x00,
  0x00, 0x00, 0x00, 0x00, 0x00, 0x00, 0x00, 0x00, 0x00, 0x00, 0x00, 0x00,
  0x00, 0x00, 0x00, 0x00, 0x00, 0x00, 0x00, 0x00, 0x00, 0x00, 0x00, 0x00,
  0x00, 0x00, 0x00, 0x00, 0x00, 0x00, 0x00, 0x00, 0x00, 0x00, 0x00, 0x00,
  0x00, 0x00, 0x00, 0x00, 0x00, 0x00, 0x00, 0x00, 0x00, 0x00, 0x00, 0x00,
  0x00, 0x00, 0x00, 0x00, 0x00, 0x00, 0x00, 0x00, 0x00, 0x00, 0x00, 0x00,
  0x00, 0x00, 0x00, 0x00, 0x00, 0x00, 0x00, 0x00, 0x00, 0x00, 0x00, 0x00,
  0x00, 0x00, 0x00, 0x00, 0x00, 0x00, 0x00, 0x00, 0x00, 0x00, 0x00, 0x00,
  0x00, 0x00, 0x00, 0x00, 0x00, 0x00, 0x00, 0x00, 0x00, 0x00, 0x00, 0x00,
  0x00, 0x00, 0x00, 0x00, 0x00, 0x00, 0x00, 0x00, 0x00, 0x00, 0x00, 0x00,
  0x00, 0x00, 0x00, 0x00, 0x00, 0x00, 0x00, 0x00, 0x00, 0x00, 0x00, 0x00,
  0x00, 0x00, 0x00, 0x00, 0x00, 0x00, 0x00, 0x00, 0x00, 0x00, 0x00, 0x00,
  0x00, 0x00, 0x00, 0x00, 0x00, 0x00, 0x00, 0x00, 0x00, 0x00, 0x00, 0x00,
  0x00, 0x00, 0x00, 0x00, 0x00, 0x00, 0x00, 0x00, 0x00, 0x00, 0x00, 0x00,
  0x00, 0x00, 0x00, 0x00, 0x00, 0x00, 0x00, 0x00, 0x00, 0x00, 0x00, 0x00,
  0x00, 0x00, 0x00, 0x00, 0x00, 0x00, 0x00, 0x00, 0x00, 0x00, 0x00, 0x00,
  0x00, 0x00, 0x00, 0x00, 0x00, 0x00, 0x00, 0x00, 0x00, 0x00, 0x00, 0x00,
  0x00, 0x00, 0x00, 0x00, 0x00, 0x00, 0x00, 0x00, 0x00, 0x00, 0x00, 0x00,
  0x00, 0x00, 0x00, 0x00, 0x00, 0x00, 0x00, 0x00, 0x00, 0x00, 0x00, 0x00,
  0x00, 0x00, 0x00, 0x00, 0x00, 0x00, 0x00, 0x00, 0x00, 0x00, 0x00, 0x00,
  0x00, 0x00, 0x00, 0x00, 0x00, 0x00, 0x00, 0x00, 0x00, 0x00, 0x00, 0x00,
  0x00, 0x00, 0x00, 0x00, 0x00, 0x00, 0x00, 0x00, 0x00, 0x00, 0x00, 0x00,
  0x00, 0x00, 0x00, 0x00, 0x00, 0x00, 0x00, 0x00, 0x00, 0x00, 0x00, 0x00,
  0x00, 0x00, 0x00, 0x00, 0x00, 0x00, 0x00, 0x00, 0x00, 0x00, 0x00, 0x00,
  0x00, 0x00, 0x00, 0x00, 0x00, 0x00, 0x00, 0x00, 0x00, 0x00, 0x00, 0x00,
  0x00, 0x00, 0x00, 0x00, 0x00, 0x00, 0x00, 0x00, 0x00, 0x00, 0x00, 0x00,
  0x00, 0x00, 0x00, 0x00, 0x00, 0x00, 0x00, 0x00, 0x00, 0x00, 0x00, 0x00,
  0x00, 0x00, 0x00, 0x00, 0x00, 0x00, 0x00, 0x00, 0x00, 0x00, 0x00, 0x00,
  0x00, 0x00, 0x00, 0x00, 0x00, 0x00, 0x00, 0x00, 0x00, 0x00, 0x00, 0x00,
  0x00, 0x00, 0x00, 0x00, 0x00, 0x00, 0x00, 0x00, 0x00, 0x00, 0x00, 0x00,
  0x00, 0x00, 0x00, 0x00, 0x00, 0x00, 0x00, 0x00, 0x00, 0x00, 0x00, 0x00,
  0x00, 0x00, 0x00, 0x00, 0x00, 0x00, 0x00, 0x00, 0x00, 0x00, 0x00, 0x00,
  0x00, 0x00, 0x00, 0x00, 0x00, 0x00, 0x00, 0x00, 0x00, 0x00, 0x00, 0x00,
  0x00, 0x00, 0x00, 0x00, 0x00, 0x00, 0x00, 0x00, 0x00, 0x00, 0x00, 0x00,
  0x00, 0x00, 0x00, 0x00, 0x00, 0x00, 0x00, 0x00, 0x00, 0x00, 0x00, 0x00,
  0x00, 0x00, 0x00, 0x00, 0x00, 0x00, 0x00, 0x00, 0x00, 0x00, 0x00, 0x00,
  0x00, 0x00, 0x00, 0x00, 0x00, 0x00, 0x00, 0x00, 0x00, 0x00, 0x00, 0x00,
  0x00, 0x00, 0x00, 0x00, 0x00, 0x00, 0x00, 0x00, 0x00, 0x00, 0x00, 0x00,
  0x00, 0x00, 0x00, 0x00, 0x00, 0x00, 0x00, 0x00, 0x00, 0x00, 0x00, 0x00,
  0x00, 0x00, 0x00, 0x00, 0x00, 0x00, 0x00, 0x00, 0x00, 0x00, 0x00, 0x00,
  0x00, 0x00, 0x00, 0x00, 0x00, 0x00, 0x00, 0x00, 0x00, 0x00, 0x00, 0x00,
  0x00, 0x00, 0x00, 0x00, 0x00, 0x00, 0x00, 0x00, 0x00, 0x00, 0x00, 0x00,
  0x00, 0x00, 0x00, 0x00, 0x00, 0x00, 0x00, 0x00, 0x00, 0x00, 0x00, 0x00,
  0x00, 0x00, 0x00, 0x00, 0x00, 0x00, 0x00, 0x00, 0x00, 0x00, 0x00, 0x00,
  0x00, 0x00, 0x00, 0x00, 0x00, 0x00, 0x00, 0x00, 0x00, 0x00, 0x00, 0x00,
  0x00, 0x00, 0x00, 0x00, 0x00, 0x00, 0x00, 0x00, 0x00, 0x00, 0x00, 0x00,
  0x00, 0x00, 0x00, 0x00, 0x00, 0x00, 0x00, 0x00, 0x00, 0x00, 0x00, 0x00,
  0x00, 0x00, 0x00, 0x00, 0x00, 0x00, 0x00, 0x00, 0x00, 0x00, 0x00, 0x00,
  0x00, 0x00, 0x00, 0x00, 0x00, 0x00, 0x00, 0x00, 0x00, 0x00, 0x00, 0x00,
  0x00, 0x00, 0x00, 0x00, 0x00, 0x00, 0x00, 0x00, 0x00, 0x00, 0x00, 0x00,
  0x00, 0x00, 0x00, 0x00, 0x00, 0x00, 0x00, 0x00, 0x00, 0x00, 0x00, 0x00,
  0x00, 0x00, 0x00, 0x00, 0x00, 0x00, 0x00, 0x00, 0x00, 0x00, 0x00, 0x00,
  0x00, 0x00, 0x00, 0x00, 0x00, 0x00, 0x00, 0x00, 0x00, 0x00, 0x00, 0x00,
  0x00, 0x00, 0x00, 0x00, 0x00, 0x00, 0x00, 0x00, 0x00, 0x00, 0x00, 0x00,
  0x00, 0x00, 0x00, 0x00, 0x00, 0x00, 0x00, 0x00, 0x00, 0x00, 0x00, 0x00,
  0x00, 0x00, 0x00, 0x00, 0x00, 0x00, 0x00, 0x00, 0x00, 0x00, 0x00, 0x00,
  0x00, 0x00, 0x00, 0x00, 0x00, 0x00, 0x00, 0x00, 0x00, 0x00, 0x00, 0x00,
  0x00, 0x00, 0x00, 0x00, 0x00, 0x00, 0x00, 0x00, 0x00, 0x00, 0x00, 0x00,
  0x00, 0x00, 0x00, 0x00, 0x00, 0x00, 0x00, 0x00, 0x00, 0x00, 0x00, 0x00,
  0x00, 0x00, 0x00, 0x00, 0x00, 0x00, 0x00, 0x00, 0x00, 0x00, 0x00, 0x00,
  0x00, 0x00, 0x00, 0x00, 0x00, 0x00, 0x00, 0x00, 0x00, 0x00, 0x00, 0x00,
  0x00, 0x00, 0x00, 0x00, 0x00, 0x00, 0x00, 0x00, 0x00, 0x00, 0x00, 0x00,
  0x00, 0x00, 0x00, 0x00, 0x00, 0x00, 0x00, 0x00, 0x00, 0x00, 0x00, 0x00,
  0x00, 0x00, 0x00, 0x00, 0x00, 0x00, 0x00, 0x00, 0x00, 0x00, 0x00, 0x00,
  0x00, 0x00, 0x00, 0x00, 0x00, 0x00, 0x00, 0x00, 0x00, 0x00, 0x00, 0x00,
  0x00, 0x00, 0x00, 0x00, 0x00, 0x00, 0x00, 0x00, 0x00, 0x00, 0x00, 0x00,
  0x00, 0x00, 0x00, 0x00, 0x00, 0x00, 0x00, 0x00, 0x00, 0x00, 0x00, 0x00,
  0x00, 0x00, 0x00, 0x00, 0x00, 0x00, 0x00, 0x00, 0x00, 0x00, 0x00, 0x00,
  0x00, 0x00, 0x00, 0x00, 0x00, 0x00, 0x00, 0x00, 0x00, 0x00, 0x00, 0x00,
  0x00, 0x00, 0x00, 0x00, 0x00, 0x00, 0x00, 0x00, 0x00, 0x00, 0x00, 0x00,
  0x00, 0x00, 0x00, 0x00, 0x00, 0x00, 0x00, 0x00, 0x00, 0x00, 0x00, 0x00,
  0x00, 0x00, 0x00, 0x00, 0x00, 0x00, 0x00, 0x00, 0x00, 0x00, 0x00, 0x00,
  0x00, 0x00, 0x00, 0x00, 0x00, 0x00, 0x00, 0x00, 0x00, 0x00, 0x00, 0x00,
  0x00, 0x00, 0x00, 0x00, 0x00, 0x00, 0x00, 0x00, 0x00, 0x00, 0x00, 0x00,
  0x00, 0x00, 0x00, 0x00, 0x00, 0x00, 0x00, 0x00, 0x00, 0x00, 0x00, 0x00,
  0x00, 0x00, 0x00, 0x00, 0x00, 0x00, 0x00, 0x00, 0x00, 0x00, 0x00, 0x00,
  0x00, 0x00, 0x00, 0x00, 0x00, 0x00, 0x00, 0x00, 0x00, 0x00, 0x00, 0x00,
  0x00, 0x00, 0x00, 0x00, 0x00, 0x00, 0x00, 0x00, 0x00, 0x00, 0x00, 0x00,
  0x00, 0x00, 0x00, 0x00, 0x00, 0x00, 0x00, 0x00, 0x00, 0x00, 0x00, 0x00,
  0x00, 0x00, 0x00, 0x00, 0x00, 0x00, 0x00, 0x00, 0x00, 0x00, 0x00, 0x00,
  0x00, 0x00, 0x00, 0x00, 0x00, 0x00, 0x00, 0x00, 0x00, 0x00, 0x00, 0x00,
  0x00, 0x00, 0x00, 0x00, 0x00, 0x00, 0x00, 0x00, 0x00, 0x00, 0x00, 0x00,
  0x00, 0x00, 0x00, 0x00, 0x00, 0x00, 0x00, 0x00, 0x00, 0x00, 0x00, 0x00,
  0x00, 0x00, 0x00, 0x00, 0x00, 0x00, 0x00, 0x00, 0x00, 0x00, 0x00, 0x00,
  0x00, 0x00, 0x00, 0x00, 0x00, 0x00, 0x00, 0x00, 0x00, 0x00, 0x00, 0x00,
  0x00, 0x00, 0x00, 0x00, 0x00, 0x00, 0x00, 0x00, 0x00, 0x00, 0x00, 0x00,
  0x00, 0x00, 0x00, 0x00, 0x00, 0x00, 0x00, 0x00, 0x00, 0x00, 0x00, 0x00,
  0x00, 0x00, 0x00, 0x00, 0x00, 0x00, 0x00, 0x00, 0x00, 0x00, 0x00, 0x00,
  0x00, 0x00, 0x00, 0x00, 0x00, 0x00, 0x00, 0x00, 0x00, 0x00, 0x00, 0x00,
  0x00, 0x00, 0x00, 0x00, 0x00, 0x00, 0x00, 0x00, 0x00, 0x00, 0x00, 0x00,
  0x00, 0x00, 0x00, 0x00, 0x00, 0x00, 0x00, 0x00, 0x00, 0x00, 0x00, 0x00,
  0x00, 0x00, 0x00, 0x00, 0x00, 0x00, 0x00, 0x00, 0x00, 0x00, 0x00, 0x00,
  0x00, 0x00, 0x00, 0x00, 0x00, 0x00, 0x00, 0x00, 0x00, 0x00, 0x00, 0x00,
  0x00, 0x00, 0x00, 0x00, 0x00, 0x00, 0x00, 0x00, 0x00, 0x00, 0x00, 0x00,
  0x00, 0x00, 0x00, 0x00, 0x00, 0x00, 0x00, 0x00, 0x00, 0x00, 0x00, 0x00,
  0x00, 0x00, 0x00, 0x00, 0x00, 0x00, 0x00, 0x00, 0x00, 0x00, 0x00, 0x00,
  0x00, 0x00, 0x00, 0x00, 0x00, 0x00, 0x00, 0x00, 0x00, 0x00, 0x00, 0x00,
  0x00, 0x00, 0x00, 0x00, 0x00, 0x00, 0x00, 0x00, 0x00, 0x00, 0x00, 0x00,
  0x00, 0x00, 0x00, 0x00, 0x00, 0x00, 0x00, 0x00, 0x00, 0x00, 0x00, 0x00,
  0x00, 0x00, 0x00, 0x00, 0x00, 0x00, 0x00, 0x00, 0x00, 0x00, 0x00, 0x00,
  0x00, 0x00, 0x00, 0x00, 0x00, 0x00, 0x00, 0x00, 0x00, 0x00, 0x00, 0x00,
  0x00, 0x00, 0x00, 0x00, 0x00, 0x00, 0x00, 0x00, 0x00, 0x00, 0x00, 0x00,
  0x00, 0x00, 0x00, 0x00, 0x00, 0x00, 0x00, 0x00, 0x00, 0x00, 0x00, 0x00,
  0x00, 0x00, 0x00, 0x00, 0x00, 0x00, 0x00, 0x00, 0x00, 0x00, 0x00, 0x00,
  0x00, 0x00, 0x00, 0x00, 0x00, 0x00, 0x00, 0x00, 0x00, 0x00, 0x00, 0x00,
  0x00, 0x00, 0x00, 0x00, 0x00, 0x00, 0x00, 0x00, 0x00, 0x00, 0x00, 0x00,
  0x00, 0x00, 0x00, 0x00, 0x00, 0x00, 0x00, 0x00, 0x00, 0x00, 0x00, 0x00,
  0x00, 0x00, 0x00, 0x00, 0x00, 0x00, 0x00, 0x00, 0x00, 0x00, 0x00, 0x00,
  0x00, 0x00, 0x00, 0x00, 0x00, 0x00, 0x00, 0x00, 0x00, 0x00, 0x00, 0x00,
  0x00, 0x00, 0x00, 0x00, 0x00, 0x00, 0x00, 0x00, 0x00, 0x00, 0x00, 0x00,
  0x00, 0x00, 0x00, 0x00, 0x00, 0x00, 0x00, 0x00, 0x00, 0x00, 0x00, 0x00,
  0x00, 0x00, 0x00, 0x00, 0x00, 0x00, 0x00, 0x00, 0x00, 0x00, 0x00, 0x00,
  0x00, 0x00, 0x00, 0x00, 0x00, 0x00, 0x00, 0x00, 0x00, 0x00, 0x00, 0x00,
  0x00, 0x00, 0x00, 0x00, 0x00, 0x00, 0x00, 0x00, 0x00, 0x00, 0x00, 0x00,
  0x00, 0x00, 0x00, 0x00, 0x00, 0x00, 0x00, 0x00, 0x00, 0x00, 0x00, 0x00,
  0x00, 0x00, 0x00, 0x00, 0x00, 0x00, 0x00, 0x00, 0x00, 0x00, 0x00, 0x00,
  0x00, 0x00, 0x00, 0x00, 0x00, 0x00, 0x00, 0x00, 0x00, 0x00, 0x00, 0x00,
  0x00, 0x00, 0x00, 0x00, 0x00, 0x00, 0x00, 0x00, 0x00, 0x00, 0x00, 0x00,
  0x00, 0x00, 0x00, 0x00, 0x00, 0x00, 0x00, 0x00, 0x00, 0x00, 0x00, 0x00,
  0x00, 0x00, 0x00, 0x00, 0x00, 0x00, 0x00, 0x00, 0x00, 0x00, 0x00, 0x00,
  0x00, 0x00, 0x00, 0x00, 0x00, 0x00, 0x00, 0x00, 0x00, 0x00, 0x00, 0x00,
  0x00, 0x00, 0x00, 0x00, 0x00, 0x00, 0x00, 0x00, 0x00, 0x00, 0x00, 0x00,
  0x00, 0x00, 0x00, 0x00, 0x00, 0x00, 0x00, 0x00, 0x00, 0x00, 0x00, 0x00,
  0x00, 0x00, 0x00, 0x00, 0x00, 0x00, 0x00, 0x00, 0x00, 0x00, 0x00, 0x00,
  0x00, 0x00, 0x00, 0x00, 0x00, 0x00, 0x00, 0x00, 0x00, 0x00, 0x00, 0x00,
  0x00, 0x00, 0x00, 0x00, 0x00, 0x00, 0x00, 0x00, 0x00, 0x00, 0x00, 0x00,
  0x00, 0x00, 0x00, 0x00, 0x00, 0x00, 0x00, 0x00, 0x00, 0x00, 0x00, 0x00,
  0x00, 0x00, 0x00, 0x00, 0x00, 0x00, 0x00, 0x00, 0x00, 0x00, 0x00, 0x00,
  0x00, 0x00, 0x00, 0x00, 0x00, 0x00, 0x00, 0x00, 0x00, 0x00, 0x00, 0x00,
  0x00, 0x00, 0x00, 0x00, 0x00, 0x00, 0x00, 0x00, 0x00, 0x00, 0x00, 0x00,
  0x00, 0x00, 0x00, 0x00, 0x00, 0x00, 0x00, 0x00, 0x00, 0x00, 0x00, 0x00,
  0x00, 0x00, 0x00, 0x00, 0x00, 0x00, 0x00, 0x00, 0x00, 0x00, 0x00, 0x00,
  0x00, 0x00, 0x00, 0x00, 0x00, 0x00, 0x00, 0x00, 0x00, 0x00, 0x00, 0x00,
  0x00, 0x00, 0x00, 0x00, 0x00, 0x00, 0x00, 0x00, 0x00, 0x00, 0x00, 0x00,
  0x00, 0x00, 0x00, 0x00, 0x00, 0x00, 0x00, 0x00, 0x00, 0x00, 0x00, 0x00,
  0x00, 0x00, 0x00, 0x00, 0x00, 0x00, 0x00, 0x00, 0x00, 0x00, 0x00, 0x00,
  0x00, 0x00, 0x00, 0x00, 0x00, 0x00, 0x00, 0x00, 0x00, 0x00, 0x00, 0x00,
  0x00, 0x00, 0x00, 0x00, 0x00, 0x00, 0x00, 0x00, 0x00, 0x00, 0x00, 0x00,
  0x00, 0x00, 0x00, 0x00, 0x00, 0x00, 0x00, 0x00, 0x00, 0x00, 0x00, 0x00,
  0x00, 0x00, 0x00, 0x00, 0x00, 0x00, 0x00, 0x00, 0x00, 0x00, 0x00, 0x00,
  0x00, 0x00, 0x00, 0x00, 0x00, 0x00, 0x00, 0x00, 0x00, 0x00, 0x00, 0x00,
  0x00, 0x00, 0x00, 0x00, 0x00, 0x00, 0x00, 0x00, 0x00, 0x00, 0x00, 0x00,
  0x00, 0x00, 0x00, 0x00, 0x00, 0x00, 0x00, 0x00, 0x00, 0x00, 0x00, 0x00,
  0x00, 0x00, 0x00, 0x00, 0x00, 0x00, 0x00, 0x00, 0x00, 0x00, 0x00, 0x00,
  0x00, 0x00, 0x00, 0x00, 0x00, 0x00, 0x00, 0x00, 0x00, 0x00, 0x00, 0x00,
  0x00, 0x00, 0x00, 0x00, 0x00, 0x00, 0x00, 0x00, 0x00, 0x00, 0x00, 0x00,
  0x00, 0x00, 0x00, 0x00, 0x00, 0x00, 0x00, 0x00, 0x00, 0x00, 0x00, 0x00,
  0x00, 0x00, 0x00, 0x00, 0x00, 0x00, 0x00, 0x00, 0x00, 0x00, 0x00, 0x00,
  0x00, 0x00, 0x00, 0x00, 0x00, 0x00, 0x00, 0x00, 0x00, 0x00, 0x00, 0x00,
  0x00, 0x00, 0x00, 0x00, 0x00, 0x00, 0x00, 0x00, 0x00, 0x00, 0x00, 0x00,
  0x00, 0x00, 0x00, 0x00, 0x00, 0x00, 0x00, 0x00, 0x00, 0x00, 0x00, 0x00,
  0x00, 0x00, 0x00, 0x00, 0x00, 0x00, 0x00, 0x00, 0x00, 0x00, 0x00, 0x00,
  0x00, 0x00, 0x00, 0x00, 0x00, 0x00, 0x00, 0x00, 0x00, 0x00, 0x00, 0x00,
  0x00, 0x00, 0x00, 0x00, 0x00, 0x00, 0x00, 0x00, 0x00, 0x00, 0x00, 0x00,
  0x00, 0x00, 0x00, 0x00, 0x00, 0x00, 0x00, 0x00, 0x00, 0x00, 0x00, 0x00,
  0x00, 0x00, 0x00, 0x00, 0x00, 0x00, 0x00, 0x00, 0x00, 0x00, 0x00, 0x00,
  0x00, 0x00, 0x00, 0x00, 0x00, 0x00, 0x00, 0x00, 0x00, 0x00, 0x00, 0x00,
  0x00, 0x00, 0x00, 0x00, 0x00, 0x00, 0x00, 0x00, 0x00, 0x00, 0x00, 0x00,
  0x00, 0x00, 0x00, 0x00, 0x00, 0x00, 0x00, 0x00, 0x00, 0x00, 0x00, 0x00,
  0x00, 0x00, 0x00, 0x00, 0x00, 0x00, 0x00, 0x00, 0x00, 0x00, 0x00, 0x00,
  0x00, 0x00, 0x00, 0x00, 0x00, 0x00, 0x00, 0x00, 0x00, 0x00, 0x00, 0x00,
  0x00, 0x00, 0x00, 0x00, 0x00, 0x00, 0x00, 0x00, 0x00, 0x00, 0x00, 0x00,
  0x00, 0x00, 0x00, 0x00, 0x00, 0x00, 0x00, 0x00, 0x00, 0x00, 0x00, 0x00,
  0x00, 0x00, 0x00, 0x00, 0x00, 0x00, 0x00, 0x00, 0x00, 0x00, 0x00, 0x00,
  0x00, 0x00, 0x00, 0x00, 0x00, 0x00, 0x00, 0x00, 0x00, 0x00, 0x00, 0x00,
  0x00, 0x00, 0x00, 0x00, 0x00, 0x00, 0x00, 0x00, 0x00, 0x00, 0x00, 0x00,
  0x00, 0x00, 0x00, 0x00, 0x00, 0x00, 0x00, 0x00, 0x00, 0x00, 0x00, 0x00,
  0x00, 0x00, 0x00, 0x00, 0x00, 0x00, 0x00, 0x00, 0x00, 0x00, 0x00, 0x00,
  0x00, 0x00, 0x00, 0x00, 0x00, 0x00, 0x00, 0x00, 0x00, 0x00, 0x00, 0x00,
  0x00, 0x00, 0x00, 0x00, 0x00, 0x00, 0x00, 0x00, 0x00, 0x00, 0x00, 0x00,
  0x00, 0x00, 0x00, 0x00, 0x00, 0x00, 0x00, 0x00, 0x00, 0x00, 0x00, 0x00,
  0x00, 0x00, 0x00, 0x00, 0x00, 0x00, 0x00, 0x00, 0x00, 0x00, 0x00, 0x00,
  0x00, 0x00, 0x00, 0x00, 0x00, 0x00, 0x00, 0x00, 0x00, 0x00, 0x00, 0x00,
  0x00, 0x00, 0x00, 0x00, 0x00, 0x00, 0x00, 0x00, 0x00, 0x00, 0x00, 0x00,
  0x00, 0x00, 0x00, 0x00, 0x00, 0x00, 0x00, 0x00, 0x00, 0x00, 0x00, 0x00,
  0x00, 0x00, 0x00, 0x00, 0x00, 0x00, 0x00, 0x00, 0x00, 0x00, 0x00, 0x00,
  0x00, 0x00, 0x00, 0x00, 0x00, 0x00, 0x00, 0x00, 0x00, 0x00, 0x00, 0x00,
  0x00, 0x00, 0x00, 0x00, 0x00, 0x00, 0x00, 0x00, 0x00, 0x00, 0x00, 0x00,
  0x00, 0x00, 0x00, 0x00, 0x00, 0x00, 0x00, 0x00, 0x00, 0x00, 0x00, 0x00,
  0x00, 0x00, 0x00, 0x00, 0x00, 0x00, 0x00, 0x00, 0x00, 0x00, 0x00, 0x00,
  0x00, 0x00, 0x00, 0x00, 0x00, 0x00, 0x00, 0x00, 0x00, 0x00, 0x00, 0x00,
  0x00, 0x00, 0x00, 0x00, 0x00, 0x00, 0x00, 0x00, 0x00, 0x00, 0x00, 0x00,
  0x00, 0x00, 0x00, 0x00, 0x00, 0x00, 0x00, 0x00, 0x00, 0x00, 0x00, 0x00,
  0x00, 0x00, 0x00, 0x00, 0x00, 0x00, 0x00, 0x00, 0x00, 0x00, 0x00, 0x00,
  0x00, 0x00, 0x00, 0x00, 0x00, 0x00, 0x00, 0x00, 0x00, 0x00, 0x00, 0x00,
  0x00, 0x00, 0x00, 0x00, 0x00, 0x00, 0x00, 0x00, 0x00, 0x00, 0x00, 0x00,
  0x00, 0x00, 0x00, 0x00, 0x00, 0x00, 0x00, 0x00, 0x00, 0x00, 0x00, 0x00,
  0x00, 0x00, 0x00, 0x00, 0x00, 0x00, 0x00, 0x00, 0x00, 0x00, 0x00, 0x00,
  0x00, 0x00, 0x00, 0x00, 0x00, 0x00, 0x00, 0x00, 0x00, 0x00, 0x00, 0x00,
  0x00, 0x00, 0x00, 0x00, 0x00, 0x00, 0x00, 0x00, 0x00, 0x00, 0x00, 0x00,
  0x00, 0x00, 0x00, 0x00, 0x00, 0x00, 0x00, 0x00, 0x00, 0x00, 0x00, 0x00,
  0x00, 0x00, 0x00, 0x00, 0x00, 0x00, 0x00, 0x00, 0x00, 0x00, 0x00, 0x00,
  0x00, 0x00, 0x00, 0x00, 0x00, 0x00, 0x00, 0x00, 0x00, 0x00, 0x00, 0x00,
  0x00, 0x00, 0x00, 0x00, 0x00, 0x00, 0x00, 0x00, 0x00, 0x00, 0x00, 0x00,
  0x00, 0x00, 0x00, 0x00, 0x00, 0x00, 0x00, 0x00, 0x00, 0x00, 0x00, 0x00,
  0x00, 0x00, 0x00, 0x00, 0x00, 0x00, 0x00, 0x00, 0x00, 0x00, 0x00, 0x00,
  0x00, 0x00, 0x00, 0x00, 0x00, 0x00, 0x00, 0x00, 0x00, 0x00, 0x00, 0x00,
  0x00, 0x00, 0x00, 0x00, 0x00, 0x00, 0x00, 0x00, 0x00, 0x00, 0x00, 0x00,
  0x00, 0x00, 0x00, 0x00, 0x00, 0x00, 0x00, 0x00, 0x00, 0x00, 0x00, 0x00,
  0x00, 0x00, 0x00, 0x00, 0x00, 0x00, 0x00, 0x00, 0x00, 0x00, 0x00, 0x00,
  0x00, 0x00, 0x00, 0x00, 0x00, 0x00, 0x00, 0x00, 0x00, 0x00, 0x00, 0x00,
  0x00, 0x00, 0x00, 0x00, 0x00, 0x00, 0x00, 0x00, 0x00, 0x00, 0x00, 0x00,
  0x00, 0x00, 0x00, 0x00, 0x00, 0x00, 0x00, 0x00, 0x00, 0x00, 0x00, 0x00,
  0x00, 0x00, 0x00, 0x00, 0x00, 0x00, 0x00, 0x00, 0x00, 0x00, 0x00, 0x00,
  0x00, 0x00, 0x00, 0x00, 0x00, 0x00, 0x00, 0x00, 0x00, 0x00, 0x00, 0x00,
  0x00, 0x00, 0x00, 0x00, 0x00, 0x00, 0x00, 0x00, 0x00, 0x00, 0x00, 0x00,
  0x00, 0x00, 0x00, 0x00, 0x00, 0x00, 0x00, 0x00, 0x00, 0x00, 0x00, 0x00,
  0x00, 0x00, 0x00, 0x00, 0x00, 0x00, 0x00, 0x00, 0x00, 0x00, 0x00, 0x00,
  0x00, 0x00, 0x00, 0x00, 0x00, 0x00, 0x00, 0x00, 0x00, 0x00, 0x00, 0x00,
  0x00, 0x00, 0x00, 0x00, 0x00, 0x00, 0x00, 0x00, 0x00, 0x00, 0x00, 0x00,
  0x00, 0x00, 0x00, 0x00, 0x00, 0x00, 0x00, 0x00, 0x00, 0x00, 0x00, 0x00,
  0x00, 0x00, 0x00, 0x00, 0x00, 0x00, 0x00, 0x00, 0x00, 0x00, 0x00, 0x00,
  0x00, 0x00, 0x00, 0x00, 0x00, 0x00, 0x00, 0x00, 0x00, 0x00, 0x00, 0x00,
  0x00, 0x00, 0x00, 0x00, 0x00, 0x00, 0x00, 0x00, 0x00, 0x00, 0x00, 0x00,
  0x00, 0x00, 0x00, 0x00, 0x00, 0x00, 0x00, 0x00, 0x00, 0x00, 0x00, 0x00,
  0x00, 0x00, 0x00, 0x00, 0x00, 0x00, 0x00, 0x00, 0x00, 0x00, 0x00, 0x00,
  0x00, 0x00, 0x00, 0x00, 0x00, 0x00, 0x00, 0x00, 0x00, 0x00, 0x00, 0x00,
  0x00, 0x00, 0x00, 0x00, 0x00, 0x00, 0x00, 0x00, 0x00, 0x00, 0x00, 0x00,
  0x00, 0x00, 0x00, 0x00, 0x00, 0x00, 0x00, 0x00, 0x00, 0x00, 0x00, 0x00,
  0x00, 0x00, 0x00, 0x00, 0x00, 0x00, 0x00, 0x00, 0x00, 0x00, 0x00, 0x00,
  0x00, 0x00, 0x00, 0x00, 0x00, 0x00, 0x00, 0x00, 0x00, 0x00, 0x00, 0x00,
  0x00, 0x00, 0x00, 0x00, 0x00, 0x00, 0x00, 0x00, 0x00, 0x00, 0x00, 0x00,
  0x00, 0x00, 0x00, 0x00, 0x00, 0x00, 0x00, 0x00, 0x00, 0x00, 0x00, 0x00,
  0x00, 0x00, 0x00, 0x00, 0x00, 0x00, 0x00, 0x00, 0x00, 0x00, 0x00, 0x00,
  0x00, 0x00, 0x00, 0x00, 0x00, 0x00, 0x00, 0x00, 0x00, 0x00, 0x00, 0x00,
  0x00, 0x00, 0x00, 0x00, 0x00, 0x00, 0x00, 0x00, 0x00, 0x00, 0x00, 0x00,
  0x00, 0x00, 0x00, 0x00, 0x00, 0x00, 0x00, 0x00, 0x00, 0x00, 0x00, 0x00,
  0x00, 0x00, 0x00, 0x00, 0x00, 0x00, 0x00, 0x00, 0x00, 0x00, 0x00, 0x00,
  0x00, 0x00, 0x00, 0x00, 0x00, 0x00, 0x00, 0x00, 0x00, 0x00, 0x00, 0x00,
  0x00, 0x00, 0x00, 0x00, 0x00, 0x00, 0x00, 0x00, 0x00, 0x00, 0x00, 0x00,
  0x00, 0x00, 0x00, 0x00, 0x00, 0x00, 0x00, 0x00, 0x00, 0x00, 0x00, 0x00,
  0x00, 0x00, 0x00, 0x00, 0x00, 0x00, 0x00, 0x00, 0x00, 0x00, 0x00, 0x00,
  0x00, 0x00, 0x00, 0x00, 0x00, 0x00, 0x00, 0x00, 0x00, 0x00, 0x00, 0x00,
  0x00, 0x00, 0x00, 0x00, 0x00, 0x00, 0x00, 0x00, 0x00, 0x00, 0x00, 0x00,
  0x00, 0x00, 0x00, 0x00, 0x00, 0x00, 0x00, 0x00, 0x00, 0x00, 0x00, 0x00,
  0x00, 0x00, 0x00, 0x00, 0x00, 0x00, 0x00, 0x00, 0x00, 0x00, 0x00, 0x00,
  0x00, 0x00, 0x00, 0x00, 0x00, 0x00, 0x00, 0x00, 0x00, 0x00, 0x00, 0x00,
  0x00, 0x00, 0x00, 0x00, 0x00, 0x00, 0x00, 0x00, 0x00, 0x00, 0x00, 0x00,
  0x00, 0x00, 0x00, 0x00, 0x00, 0x00, 0x00, 0x00, 0x00, 0x00, 0x00, 0x00,
  0x00, 0x00, 0x00, 0x00, 0x00, 0x00, 0x00, 0x00, 0x00, 0x00, 0x00, 0x00,
  0x00, 0x00, 0x00, 0x00, 0x00, 0x00, 0x00, 0x00, 0x00, 0x00, 0x00, 0x00,
  0x00, 0x00, 0x00, 0x00, 0x00, 0x00, 0x00, 0x00, 0x00, 0x00, 0x00, 0x00,
  0x00, 0x00, 0x00, 0x00, 0x00, 0x00, 0x00, 0x00, 0x00, 0x00, 0x00, 0x00,
  0xfe, 0xff, 0x7f, 0x3f, 0xfe, 0xff, 0x7f, 0x3f, 0xfe, 0xff, 0x7f, 0x3f,
  0xfe, 0xff, 0x7f, 0x3f, 0xfe, 0xff, 0x7f, 0x3f, 0xfe, 0xff, 0x7f, 0x3f,
  0xfe, 0xff, 0x7f, 0x3f, 0xfe, 0xff, 0x7f, 0x3f, 0xfe, 0xff, 0x7f, 0x3f,
  0xfe, 0xff, 0x7f, 0x3f, 0xfe, 0xff, 0x7f, 0x3f, 0xfe, 0xff, 0x7f, 0x3f,
  0xfe, 0xff, 0x7f, 0x3f, 0xfe, 0xff, 0x7f, 0x3f, 0xfe, 0xff, 0x7f, 0x3f,
  0xfe, 0xff, 0x7f, 0x3f, 0xfe, 0xff, 0x7f, 0x3f, 0xfe, 0xff, 0x7f, 0x3f,
  0xfe, 0xff, 0x7f, 0x3f, 0xfe, 0xff, 0x7f, 0x3f, 0xfe, 0xff, 0x7f, 0x3f,
  0xfe, 0xff, 0x7f, 0x3f, 0xfe, 0xff, 0x7f, 0x3f, 0xfe, 0xff, 0x7f, 0x3f,
  0xfe, 0xff, 0x7f, 0x3f, 0xfe, 0xff, 0x7f, 0x3f, 0xfe, 0xff, 0x7f, 0x3f,
  0xfe, 0xff, 0x7f, 0x3f, 0xfe, 0xff, 0x7f, 0x3f, 0xfe, 0xff, 0x7f, 0x3f,
  0xfe, 0xff, 0x7f, 0x3f, 0xfe, 0xff, 0x7f, 0x3f, 0xfe, 0xff, 0x7f, 0x3f,
  0xfe, 0xff, 0x7f, 0x3f, 0xfe, 0xff, 0x7f, 0x3f, 0xfe, 0xff, 0x7f, 0x3f,
  0xfe, 0xff, 0x7f, 0x3f, 0xfe, 0xff, 0x7f, 0x3f, 0xfe, 0xff, 0x7f, 0x3f,
  0xfe, 0xff, 0x7f, 0x3f, 0xfe, 0xff, 0x7f, 0x3f, 0xfe, 0xff, 0x7f, 0x3f,
  0xfe, 0xff, 0x7f, 0x3f, 0xfe, 0xff, 0x7f, 0x3f, 0xfe, 0xff, 0x7f, 0x3f,
  0xfe, 0xff, 0x7f, 0x3f, 0xfe, 0xff, 0x7f, 0x3f, 0xfe, 0xff, 0x7f, 0x3f,
  0xfe, 0xff, 0x7f, 0x3f, 0xfe, 0xff, 0x7f, 0x3f, 0xfe, 0xff, 0x7f, 0x3f,
  0xfe, 0xff, 0x7f, 0x3f, 0xfe, 0xff, 0x7f, 0x3f, 0xfe, 0xff, 0x7f, 0x3f,
  0xfe, 0xff, 0x7f, 0x3f, 0xfe, 0xff, 0x7f, 0x3f, 0xfe, 0xff, 0x7f, 0x3f,
  0xfe, 0xff, 0x7f, 0x3f, 0xfe, 0xff, 0x7f, 0x3f, 0xfe, 0xff, 0x7f, 0x3f,
  0xfe, 0xff, 0x7f, 0x3f, 0xfe, 0xff, 0x7f, 0x3f, 0xfe, 0xff, 0x7f, 0x3f,
  0xfe, 0xff, 0x7f, 0x3f, 0xfe, 0xff, 0x7f, 0x3f, 0xfe, 0xff, 0x7f, 0x3f,
  0xfe, 0xff, 0x7f, 0x3f, 0xfe, 0xff, 0x7f, 0x3f, 0xfe, 0xff, 0x7f, 0x3f,
  0xfe, 0xff, 0x7f, 0x3f, 0xfe, 0xff, 0x7f, 0x3f, 0xfe, 0xff, 0x7f, 0x3f,
  0xfe, 0xff, 0x7f, 0x3f, 0xfe, 0xff, 0x7f, 0x3f, 0xfe, 0xff, 0x7f, 0x3f,
  0xfe, 0xff, 0x7f, 0x3f, 0xfe, 0xff, 0x7f, 0x3f, 0xfe, 0xff, 0x7f, 0x3f,
  0xfe, 0xff, 0x7f, 0x3f, 0xfe, 0xff, 0x7f, 0x3f, 0xfe, 0xff, 0x7f, 0x3f,
  0xfe, 0xff, 0x7f, 0x3f, 0xfe, 0xff, 0x7f, 0x3f, 0xfe, 0xff, 0x7f, 0x3f,
  0xfe, 0xff, 0x7f, 0x3f, 0xfe, 0xff, 0x7f, 0x3f, 0xfe, 0xff, 0x7f, 0x3f,
  0xfe, 0xff, 0x7f, 0x3f, 0xfe, 0xff, 0x7f, 0x3f, 0xfe, 0xff, 0x7f, 0x3f,
  0xfe, 0xff, 0x7f, 0x3f, 0xfe, 0xff, 0x7f, 0x3f, 0xfe, 0xff, 0x7f, 0x3f,
  0xfe, 0xff, 0x7f, 0x3f, 0xfe, 0xff, 0x7f, 0x3f, 0xfe, 0xff, 0x7f, 0x3f,
  0xfe, 0xff, 0x7f, 0x3f, 0xfe, 0xff, 0x7f, 0x3f, 0xfe, 0xff, 0x7f, 0x3f,
  0xfe, 0xff, 0x7f, 0x3f, 0xfe, 0xff, 0x7f, 0x3f, 0xfe, 0xff, 0x7f, 0x3f,
  0xfe, 0xff, 0x7f, 0x3f, 0xfe, 0xff, 0x7f, 0x3f, 0xfe, 0xff, 0x7f, 0x3f,
  0xfe, 0xff, 0x7f, 0x3f, 0xfe, 0xff, 0x7f, 0x3f, 0xfe, 0xff, 0x7f, 0x3f,
  0xfe, 0xff, 0x7f, 0x3f, 0xfe, 0xff, 0x7f, 0x3f, 0xfe, 0xff, 0x7f, 0x3f,
  0xfe, 0xff, 0x7f, 0x3f, 0xfe, 0xff, 0x7f, 0x3f, 0xfe, 0xff, 0x7f, 0x3f,
  0xfe, 0xff, 0x7f, 0x3f, 0xfe, 0xff, 0x7f, 0x3f, 0xfe, 0xff, 0x7f, 0x3f,
  0xfe, 0xff, 0x7f, 0x3f, 0xfe, 0xff, 0x7f, 0x3f, 0xfe, 0xff, 0x7f, 0x3f,
  0xfe, 0xff, 0x7f, 0x3f, 0xfe, 0xff, 0x7f, 0x3f, 0xfe, 0xff, 0x7f, 0x3f,
  0xfe, 0xff, 0x7f, 0x3f, 0xfe, 0xff, 0x7f, 0x3f, 0xfe, 0xff, 0x7f, 0x3f,
  0xfe, 0xff, 0x7f, 0x3f, 0xfe, 0xff, 0x7f, 0x3f, 0xfe, 0xff, 0x7f, 0x3f,
  0xfe, 0xff, 0x7f, 0x3f, 0xfe, 0xff, 0x7f, 0x3f, 0xfe, 0xff, 0x7f, 0x3f,
  0xfe, 0xff, 0x7f, 0x3f, 0xfe, 0xff, 0x7f, 0x3f, 0xfe, 0xff, 0x7f, 0x3f,
  0xfe, 0xff, 0x7f, 0x3f, 0xfe, 0xff, 0x7f, 0x3f, 0xfe, 0xff, 0x7f, 0x3f,
  0xfe, 0xff, 0x7f, 0x3f, 0xfe, 0xff, 0x7f, 0x3f, 0xfe, 0xff, 0x7f, 0x3f,
  0xfe, 0xff, 0x7f, 0x3f, 0xfe, 0xff, 0x7f, 0x3f, 0xfe, 0xff, 0x7f, 0x3f,
  0xfe, 0xff, 0x7f, 0x3f, 0xfe, 0xff, 0x7f, 0x3f, 0xfe, 0xff, 0x7f, 0x3f,
  0xfe, 0xff, 0x7f, 0x3f, 0xfe, 0xff, 0x7f, 0x3f, 0xfe, 0xff, 0x7f, 0x3f,
  0xfe, 0xff, 0x7f, 0x3f, 0xfe, 0xff, 0x7f, 0x3f, 0xfe, 0xff, 0x7f, 0x3f,
  0xfe, 0xff, 0x7f, 0x3f, 0xfe, 0xff, 0x7f, 0x3f, 0xfe, 0xff, 0x7f, 0x3f,
  0xfe, 0xff, 0x7f, 0x3f, 0xfe, 0xff, 0x7f, 0x3f, 0xfe, 0xff, 0x7f, 0x3f,
  0xfe, 0xff, 0x7f, 0x3f, 0xfe, 0xff, 0x7f, 0x3f, 0xfe, 0xff, 0x7f, 0x3f,
  0xfe, 0xff, 0x7f, 0x3f, 0xfe, 0xff, 0x7f, 0x3f, 0xfe, 0xff, 0x7f, 0x3f,
  0xfe, 0xff, 0x7f, 0x3f, 0xfe, 0xff, 0x7f, 0x3f, 0xfe, 0xff, 0x7f, 0x3f,
  0xfe, 0xff, 0x7f, 0x3f, 0xfe, 0xff, 0x7f, 0x3f, 0xfe, 0xff, 0x7f, 0x3f,
  0xfe, 0xff, 0x7f, 0x3f, 0xfe, 0xff, 0x7f, 0x3f, 0xfe, 0xff, 0x7f, 0x3f,
  0xfe, 0xff, 0x7f, 0x3f, 0xfe, 0xff, 0x7f, 0x3f, 0xfe, 0xff, 0x7f, 0x3f,
  0xfe, 0xff, 0x7f, 0x3f, 0xfe, 0xff, 0x7f, 0x3f, 0xfe, 0xff, 0x7f, 0x3f,
  0xfe, 0xff, 0x7f, 0x3f, 0xfe, 0xff, 0x7f, 0x3f, 0xfe, 0xff, 0x7f, 0x3f,
  0xfe, 0xff, 0x7f, 0x3f, 0xfe, 0xff, 0x7f, 0x3f, 0xfe, 0xff, 0x7f, 0x3f,
  0xfe, 0xff, 0x7f, 0x3f, 0xfe, 0xff, 0x7f, 0x3f, 0xfe, 0xff, 0x7f, 0x3f,
  0xfe, 0xff, 0x7f, 0x3f, 0xfe, 0xff, 0x7f, 0x3f, 0xfe, 0xff, 0x7f, 0x3f,
  0xfe, 0xff, 0x7f, 0x3f, 0xfe, 0xff, 0x7f, 0x3f, 0xfe, 0xff, 0x7f, 0x3f,
  0xfe, 0xff, 0x7f, 0x3f, 0xfe, 0xff, 0x7f, 0x3f, 0xfe, 0xff, 0x7f, 0x3f,
  0xfe, 0xff, 0x7f, 0x3f, 0xfe, 0xff, 0x7f, 0x3f, 0xfe, 0xff, 0x7f, 0x3f,
  0xfe, 0xff, 0x7f, 0x3f, 0xfe, 0xff, 0x7f, 0x3f, 0xfe, 0xff, 0x7f, 0x3f,
  0xfe, 0xff, 0x7f, 0x3f, 0xfe, 0xff, 0x7f, 0x3f, 0xfe, 0xff, 0x7f, 0x3f,
  0xfe, 0xff, 0x7f, 0x3f, 0xfe, 0xff, 0x7f, 0x3f, 0xfe, 0xff, 0x7f, 0x3f,
  0xfe, 0xff, 0x7f, 0x3f, 0xfe, 0xff, 0x7f, 0x3f, 0xfe, 0xff, 0x7f, 0x3f,
  0xfe, 0xff, 0x7f, 0x3f, 0xfe, 0xff, 0x7f, 0x3f, 0xfe, 0xff, 0x7f, 0x3f,
  0xfe, 0xff, 0x7f, 0x3f, 0xfe, 0xff, 0x7f, 0x3f, 0xfe, 0xff, 0x7f, 0x3f,
  0xfe, 0xff, 0x7f, 0x3f, 0xfe, 0xff, 0x7f, 0x3f, 0xfe, 0xff, 0x7f, 0x3f,
  0xfe, 0xff, 0x7f, 0x3f, 0xfe, 0xff, 0x7f, 0x3f, 0xfe, 0xff, 0x7f, 0x3f,
  0xfe, 0xff, 0x7f, 0x3f, 0xfe, 0xff, 0x7f, 0x3f, 0xfe, 0xff, 0x7f, 0x3f,
  0xfe, 0xff, 0x7f, 0x3f, 0xfe, 0xff, 0x7f, 0x3f, 0xfe, 0xff, 0x7f, 0x3f,
  0xfe, 0xff, 0x7f, 0x3f, 0xfe, 0xff, 0x7f, 0x3f, 0xfe, 0xff, 0x7f, 0x3f,
  0xfe, 0xff, 0x7f, 0x3f, 0xfe, 0xff, 0x7f, 0x3f, 0xfe, 0xff, 0x7f, 0x3f,
  0xfe, 0xff, 0x7f, 0x3f, 0xfe, 0xff, 0x7f, 0x3f, 0xfe, 0xff, 0x7f, 0x3f,
  0xfe, 0xff, 0x7f, 0x3f, 0xfe, 0xff, 0x7f, 0x3f, 0xfe, 0xff, 0x7f, 0x3f,
  0xfe, 0xff, 0x7f, 0x3f, 0xfe, 0xff, 0x7f, 0x3f, 0xfe, 0xff, 0x7f, 0x3f,
  0xfe, 0xff, 0x7f, 0x3f, 0xfe, 0xff, 0x7f, 0x3f, 0xfe, 0xff, 0x7f, 0x3f,
  0xfe, 0xff, 0x7f, 0x3f, 0xfe, 0xff, 0x7f, 0x3f, 0xfe, 0xff, 0x7f, 0x3f,
  0xfe, 0xff, 0x7f, 0x3f, 0xfe, 0xff, 0x7f, 0x3f, 0xfe, 0xff, 0x7f, 0x3f,
  0xfe, 0xff, 0x7f, 0x3f, 0xfe, 0xff, 0x7f, 0x3f, 0xfe, 0xff, 0x7f, 0x3f,
  0xfe, 0xff, 0x7f, 0x3f, 0xfe, 0xff, 0x7f, 0x3f, 0xfe, 0xff, 0x7f, 0x3f,
  0xfe, 0xff, 0x7f, 0x3f, 0xfe, 0xff, 0x7f, 0x3f, 0xfe, 0xff, 0x7f, 0x3f,
  0xfe, 0xff, 0x7f, 0x3f, 0xfe, 0xff, 0x7f, 0x3f, 0xfe, 0xff, 0x7f, 0x3f,
  0xfe, 0xff, 0x7f, 0x3f, 0xfe, 0xff, 0x7f, 0x3f, 0xfe, 0xff, 0x7f, 0x3f,
  0xfe, 0xff, 0x7f, 0x3f, 0xfe, 0xff, 0x7f, 0x3f, 0xfe, 0xff, 0x7f, 0x3f,
  0xfe, 0xff, 0x7f, 0x3f, 0xfe, 0xff, 0x7f, 0x3f, 0xfe, 0xff, 0x7f, 0x3f,
  0xfe, 0xff, 0x7f, 0x3f, 0xfe, 0xff, 0x7f, 0x3f, 0xfe, 0xff, 0x7f, 0x3f,
  0xfe, 0xff, 0x7f, 0x3f, 0xfe, 0xff, 0x7f, 0x3f, 0xfe, 0xff, 0x7f, 0x3f,
  0xfe, 0xff, 0x7f, 0x3f, 0xfe, 0xff, 0x7f, 0x3f, 0xfe, 0xff, 0x7f, 0x3f,
  0xfe, 0xff, 0x7f, 0x3f, 0xfe, 0xff, 0x7f, 0x3f, 0xfe, 0xff, 0x7f, 0x3f,
  0xfe, 0xff, 0x7f, 0x3f, 0xfe, 0xff, 0x7f, 0x3f, 0xfe, 0xff, 0x7f, 0x3f,
  0xfe, 0xff, 0x7f, 0x3f, 0xfe, 0xff, 0x7f, 0x3f, 0xfe, 0xff, 0x7f, 0x3f,
  0xfe, 0xff, 0x7f, 0x3f, 0xfe, 0xff, 0x7f, 0x3f, 0xfe, 0xff, 0x7f, 0x3f,
  0xfe, 0xff, 0x7f, 0x3f, 0xfe, 0xff, 0x7f, 0x3f, 0xfe, 0xff, 0x7f, 0x3f,
  0xfe, 0xff, 0x7f, 0x3f, 0xfe, 0xff, 0x7f, 0x3f, 0xfe, 0xff, 0x7f, 0x3f,
  0xfe, 0xff, 0x7f, 0x3f, 0xfe, 0xff, 0x7f, 0x3f, 0xfe, 0xff, 0x7f, 0x3f,
  0xfe, 0xff, 0x7f, 0x3f, 0xfe, 0xff, 0x7f, 0x3f, 0xfe, 0xff, 0x7f, 0x3f,
  0xfe, 0xff, 0x7f, 0x3f, 0xfe, 0xff, 0x7f, 0x3f, 0xfe, 0xff, 0x7f, 0x3f,
  0xfe, 0xff, 0x7f, 0x3f, 0xfe, 0xff, 0x7f, 0x3f, 0xfe, 0xff, 0x7f, 0x3f,
  0xfe, 0xff, 0x7f, 0x3f, 0xfe, 0xff, 0x7f, 0x3f, 0xfe, 0xff, 0x7f, 0x3f,
  0xfe, 0xff, 0x7f, 0x3f, 0xfe, 0xff, 0x7f, 0x3f, 0xfe, 0xff, 0x7f, 0x3f,
  0xfe, 0xff, 0x7f, 0x3f, 0xfe, 0xff, 0x7f, 0x3f, 0xfe, 0xff, 0x7f, 0x3f,
  0xfe, 0xff, 0x7f, 0x3f, 0xfe, 0xff, 0x7f, 0x3f, 0xfe, 0xff, 0x7f, 0x3f,
  0xfe, 0xff, 0x7f, 0x3f, 0xfe, 0xff, 0x7f, 0x3f, 0xfe, 0xff, 0x7f, 0x3f,
  0xfe, 0xff, 0x7f, 0x3f, 0xfe, 0xff, 0x7f, 0x3f, 0xfe, 0xff, 0x7f, 0x3f,
  0xfe, 0xff, 0x7f, 0x3f, 0xfe, 0xff, 0x7f, 0x3f, 0xfe, 0xff, 0x7f, 0x3f,
  0xfe, 0xff, 0x7f, 0x3f, 0xfe, 0xff, 0x7f, 0x3f, 0xfe, 0xff, 0x7f, 0x3f,
  0xfe, 0xff, 0x7f, 0x3f, 0xfe, 0xff, 0x7f, 0x3f, 0xfe, 0xff, 0x7f, 0x3f,
  0xfe, 0xff, 0x7f, 0x3f, 0xfe, 0xff, 0x7f, 0x3f, 0xfe, 0xff, 0x7f, 0x3f,
  0xfe, 0xff, 0x7f, 0x3f, 0xfe, 0xff, 0x7f, 0x3f, 0xfe, 0xff, 0x7f, 0x3f,
  0xfe, 0xff, 0x7f, 0x3f, 0xfe, 0xff, 0x7f, 0x3f, 0xfe, 0xff, 0x7f, 0x3f,
  0xfe, 0xff, 0x7f, 0x3f, 0xfe, 0xff, 0x7f, 0x3f, 0xfe, 0xff, 0x7f, 0x3f,
  0xfe, 0xff, 0x7f, 0x3f, 0xfe, 0xff, 0x7f, 0x3f, 0xfe, 0xff, 0x7f, 0x3f,
  0xfe, 0xff, 0x7f, 0x3f, 0xfe, 0xff, 0x7f, 0x3f, 0xfe, 0xff, 0x7f, 0x3f,
  0xfe, 0xff, 0x7f, 0x3f, 0xfe, 0xff, 0x7f, 0x3f, 0xfe, 0xff, 0x7f, 0x3f,
  0xfe, 0xff, 0x7f, 0x3f, 0xfe, 0xff, 0x7f, 0x3f, 0xfe, 0xff, 0x7f, 0x3f,
  0xfe, 0xff, 0x7f, 0x3f, 0xfe, 0xff, 0x7f, 0x3f, 0xfe, 0xff, 0x7f, 0x3f,
  0xfe, 0xff, 0x7f, 0x3f, 0xfe, 0xff, 0x7f, 0x3f, 0xfe, 0xff, 0x7f, 0x3f,
  0xfe, 0xff, 0x7f, 0x3f, 0xfe, 0xff, 0x7f, 0x3f, 0xfe, 0xff, 0x7f, 0x3f,
  0xfe, 0xff, 0x7f, 0x3f, 0xfe, 0xff, 0x7f, 0x3f, 0xfe, 0xff, 0x7f, 0x3f,
  0xfe, 0xff, 0x7f, 0x3f, 0xfe, 0xff, 0x7f, 0x3f, 0xfe, 0xff, 0x7f, 0x3f,
  0xfe, 0xff, 0x7f, 0x3f, 0xfe, 0xff, 0x7f, 0x3f, 0xfe, 0xff, 0x7f, 0x3f,
  0xfe, 0xff, 0x7f, 0x3f, 0xfe, 0xff, 0x7f, 0x3f, 0xfe, 0xff, 0x7f, 0x3f,
  0xfe, 0xff, 0x7f, 0x3f, 0xfe, 0xff, 0x7f, 0x3f, 0xfe, 0xff, 0x7f, 0x3f,
  0xfe, 0xff, 0x7f, 0x3f, 0xfe, 0xff, 0x7f, 0x3f, 0xfe, 0xff, 0x7f, 0x3f,
  0xfe, 0xff, 0x7f, 0x3f, 0xfe, 0xff, 0x7f, 0x3f, 0xfe, 0xff, 0x7f, 0x3f,
  0xfe, 0xff, 0x7f, 0x3f, 0xfe, 0xff, 0x7f, 0x3f, 0xfe, 0xff, 0x7f, 0x3f,
  0xfe, 0xff, 0x7f, 0x3f, 0xfe, 0xff, 0x7f, 0x3f, 0xfe, 0xff, 0x7f, 0x3f,
  0xfe, 0xff, 0x7f, 0x3f, 0xfe, 0xff, 0x7f, 0x3f, 0xfe, 0xff, 0x7f, 0x3f,
  0xfe, 0xff, 0x7f, 0x3f, 0xfe, 0xff, 0x7f, 0x3f, 0xfe, 0xff, 0x7f, 0x3f,
  0xfe, 0xff, 0x7f, 0x3f, 0xfe, 0xff, 0x7f, 0x3f, 0xfe, 0xff, 0x7f, 0x3f,
  0xfe, 0xff, 0x7f, 0x3f, 0xfe, 0xff, 0x7f, 0x3f, 0xfe, 0xff, 0x7f, 0x3f,
  0xfe, 0xff, 0x7f, 0x3f, 0xfe, 0xff, 0x7f, 0x3f, 0xfe, 0xff, 0x7f, 0x3f,
  0xfe, 0xff, 0x7f, 0x3f, 0xfe, 0xff, 0x7f, 0x3f, 0xfe, 0xff, 0x7f, 0x3f,
  0xfe, 0xff, 0x7f, 0x3f, 0xfe, 0xff, 0x7f, 0x3f, 0xfe, 0xff, 0x7f, 0x3f,
  0xfe, 0xff, 0x7f, 0x3f, 0xfe, 0xff, 0x7f, 0x3f, 0xfe, 0xff, 0x7f, 0x3f,
  0xfe, 0xff, 0x7f, 0x3f, 0xfe, 0xff, 0x7f, 0x3f, 0xfe, 0xff, 0x7f, 0x3f,
  0xfe, 0xff, 0x7f, 0x3f, 0xfe, 0xff, 0x7f, 0x3f, 0xfe, 0xff, 0x7f, 0x3f,
  0xfe, 0xff, 0x7f, 0x3f, 0xfe, 0xff, 0x7f, 0x3f, 0xfe, 0xff, 0x7f, 0x3f,
  0xfe, 0xff, 0x7f, 0x3f, 0xfe, 0xff, 0x7f, 0x3f, 0xfe, 0xff, 0x7f, 0x3f,
  0xfe, 0xff, 0x7f, 0x3f, 0xfe, 0xff, 0x7f, 0x3f, 0xfe, 0xff, 0x7f, 0x3f,
  0xfe, 0xff, 0x7f, 0x3f, 0xfe, 0xff, 0x7f, 0x3f, 0xfe, 0xff, 0x7f, 0x3f,
  0xfe, 0xff, 0x7f, 0x3f, 0xfe, 0xff, 0x7f, 0x3f, 0xfe, 0xff, 0x7f, 0x3f,
  0xfe, 0xff, 0x7f, 0x3f, 0xfe, 0xff, 0x7f, 0x3f, 0xfe, 0xff, 0x7f, 0x3f,
  0xfe, 0xff, 0x7f, 0x3f, 0xfe, 0xff, 0x7f, 0x3f, 0xfe, 0xff, 0x7f, 0x3f,
  0xfe, 0xff, 0x7f, 0x3f, 0xfe, 0xff, 0x7f, 0x3f, 0xfe, 0xff, 0x7f, 0x3f,
  0xfe, 0xff, 0x7f, 0x3f, 0xfe, 0xff, 0x7f, 0x3f, 0xfe, 0xff, 0x7f, 0x3f,
  0xfe, 0xff, 0x7f, 0x3f, 0xfe, 0xff, 0x7f, 0x3f, 0xfe, 0xff, 0x7f, 0x3f,
  0xfe, 0xff, 0x7f, 0x3f, 0xfe, 0xff, 0x7f, 0x3f, 0xfe, 0xff, 0x7f, 0x3f,
  0xfe, 0xff, 0x7f, 0x3f, 0xfe, 0xff, 0x7f, 0x3f, 0xfe, 0xff, 0x7f, 0x3f,
  0xfe, 0xff, 0x7f, 0x3f, 0xfe, 0xff, 0x7f, 0x3f, 0xfe, 0xff, 0x7f, 0x3f,
  0xfe, 0xff, 0x7f, 0x3f, 0xfe, 0xff, 0x7f, 0x3f, 0xfe, 0xff, 0x7f, 0x3f,
  0xfe, 0xff, 0x7f, 0x3f, 0xfe, 0xff, 0x7f, 0x3f, 0xfe, 0xff, 0x7f, 0x3f,
  0xfe, 0xff, 0x7f, 0x3f, 0xfe, 0xff, 0x7f, 0x3f, 0xfe, 0xff, 0x7f, 0x3f,
  0xfe, 0xff, 0x7f, 0x3f, 0xfe, 0xff, 0x7f, 0x3f, 0xfe, 0xff, 0x7f, 0x3f,
  0xfe, 0xff, 0x7f, 0x3f, 0xfe, 0xff, 0x7f, 0x3f, 0xfe, 0xff, 0x7f, 0x3f,
  0xfe, 0xff, 0x7f, 0x3f, 0xfe, 0xff, 0x7f, 0x3f, 0xfe, 0xff, 0x7f, 0x3f,
  0xfe, 0xff, 0x7f, 0x3f, 0xfe, 0xff, 0x7f, 0x3f, 0xfe, 0xff, 0x7f, 0x3f,
  0xfe, 0xff, 0x7f, 0x3f, 0xfe, 0xff, 0x7f, 0x3f, 0xfe, 0xff, 0x7f, 0x3f,
  0xfe, 0xff, 0x7f, 0x3f, 0xfe, 0xff, 0x7f, 0x3f, 0xfe, 0xff, 0x7f, 0x3f,
  0xfe, 0xff, 0x7f, 0x3f, 0xfe, 0xff, 0x7f, 0x3f, 0xfe, 0xff, 0x7f, 0x3f,
  0xfe, 0xff, 0x7f, 0x3f, 0xfe, 0xff, 0x7f, 0x3f, 0xfe, 0xff, 0x7f, 0x3f,
  0xfe, 0xff, 0x7f, 0x3f, 0xfe, 0xff, 0x7f, 0x3f, 0xfe, 0xff, 0x7f, 0x3f,
  0xfe, 0xff, 0x7f, 0x3f, 0xfe, 0xff, 0x7f, 0x3f, 0xfe, 0xff, 0x7f, 0x3f,
  0xfe, 0xff, 0x7f, 0x3f, 0xfe, 0xff, 0x7f, 0x3f, 0xfe, 0xff, 0x7f, 0x3f,
  0xfe, 0xff, 0x7f, 0x3f, 0xfe, 0xff, 0x7f, 0x3f, 0xfe, 0xff, 0x7f, 0x3f,
  0xfe, 0xff, 0x7f, 0x3f, 0xfe, 0xff, 0x7f, 0x3f, 0xfe, 0xff, 0x7f, 0x3f,
  0xfe, 0xff, 0x7f, 0x3f, 0xfe, 0xff, 0x7f, 0x3f, 0xfe, 0xff, 0x7f, 0x3f,
  0xfe, 0xff, 0x7f, 0x3f, 0xfe, 0xff, 0x7f, 0x3f, 0xfe, 0xff, 0x7f, 0x3f,
  0xfe, 0xff, 0x7f, 0x3f, 0xfe, 0xff, 0x7f, 0x3f, 0xfe, 0xff, 0x7f, 0x3f,
  0xfe, 0xff, 0x7f, 0x3f, 0xfe, 0xff, 0x7f, 0x3f, 0xfe, 0xff, 0x7f, 0x3f,
  0xfe, 0xff, 0x7f, 0x3f, 0xfe, 0xff, 0x7f, 0x3f, 0xfe, 0xff, 0x7f, 0x3f,
  0xfe, 0xff, 0x7f, 0x3f, 0xfe, 0xff, 0x7f, 0x3f, 0xfe, 0xff, 0x7f, 0x3f,
  0xfe, 0xff, 0x7f, 0x3f, 0xfe, 0xff, 0x7f, 0x3f, 0xfe, 0xff, 0x7f, 0x3f,
  0xfe, 0xff, 0x7f, 0x3f, 0xfe, 0xff, 0x7f, 0x3f, 0xfe, 0xff, 0x7f, 0x3f,
  0xfe, 0xff, 0x7f, 0x3f, 0xfe, 0xff, 0x7f, 0x3f, 0xfe, 0xff, 0x7f, 0x3f,
  0xfe, 0xff, 0x7f, 0x3f, 0xfe, 0xff, 0x7f, 0x3f, 0xfe, 0xff, 0x7f, 0x3f,
  0xfe, 0xff, 0x7f, 0x3f, 0xfe, 0xff, 0x7f, 0x3f, 0xfe, 0xff, 0x7f, 0x3f,
  0xfe, 0xff, 0x7f, 0x3f, 0xfe, 0xff, 0x7f, 0x3f, 0xfe, 0xff, 0x7f, 0x3f,
  0xfe, 0xff, 0x7f, 0x3f, 0xfe, 0xff, 0x7f, 0x3f, 0xfe, 0xff, 0x7f, 0x3f,
  0xfe, 0xff, 0x7f, 0x3f, 0xfe, 0xff, 0x7f, 0x3f, 0xfe, 0xff, 0x7f, 0x3f,
  0xfe, 0xff, 0x7f, 0x3f, 0xfe, 0xff, 0x7f, 0x3f, 0xfe, 0xff, 0x7f, 0x3f,
  0xfe, 0xff, 0x7f, 0x3f, 0xfe, 0xff, 0x7f, 0x3f, 0xfe, 0xff, 0x7f, 0x3f,
  0xfe, 0xff, 0x7f, 0x3f, 0xfe, 0xff, 0x7f, 0x3f, 0xfe, 0xff, 0x7f, 0x3f,
  0xfe, 0xff, 0x7f, 0x3f, 0xfe, 0xff, 0x7f, 0x3f, 0xfe, 0xff, 0x7f, 0x3f,
  0xfe, 0xff, 0x7f, 0x3f, 0xfe, 0xff, 0x7f, 0x3f, 0xfe, 0xff, 0x7f, 0x3f,
  0xfe, 0xff, 0x7f, 0x3f, 0xfe, 0xff, 0x7f, 0x3f, 0xfe, 0xff, 0x7f, 0x3f,
  0xfe, 0xff, 0x7f, 0x3f, 0xfe, 0xff, 0x7f, 0x3f, 0xfe, 0xff, 0x7f, 0x3f,
  0xfe, 0xff, 0x7f, 0x3f, 0xfe, 0xff, 0x7f, 0x3f, 0xfe, 0xff, 0x7f, 0x3f,
  0xfe, 0xff, 0x7f, 0x3f, 0xfe, 0xff, 0x7f, 0x3f, 0xfe, 0xff, 0x7f, 0x3f,
  0xfe, 0xff, 0x7f, 0x3f, 0xfe, 0xff, 0x7f, 0x3f, 0xfe, 0xff, 0x7f, 0x3f,
  0xfe, 0xff, 0x7f, 0x3f, 0xfe, 0xff, 0x7f, 0x3f, 0xfe, 0xff, 0x7f, 0x3f,
  0xfe, 0xff, 0x7f, 0x3f, 0xfe, 0xff, 0x7f, 0x3f, 0xfe, 0xff, 0x7f, 0x3f,
  0xfe, 0xff, 0x7f, 0x3f, 0xfe, 0xff, 0x7f, 0x3f, 0xfe, 0xff, 0x7f, 0x3f,
  0xfe, 0xff, 0x7f, 0x3f, 0xfe, 0xff, 0x7f, 0x3f, 0xfe, 0xff, 0x7f, 0x3f,
  0xfe, 0xff, 0x7f, 0x3f, 0xfe, 0xff, 0x7f, 0x3f, 0xfe, 0xff, 0x7f, 0x3f,
  0xfe, 0xff, 0x7f, 0x3f, 0xfe, 0xff, 0x7f, 0x3f, 0xfe, 0xff, 0x7f, 0x3f,
  0xfe, 0xff, 0x7f, 0x3f, 0xfe, 0xff, 0x7f, 0x3f, 0xfe, 0xff, 0x7f, 0x3f,
  0xfe, 0xff, 0x7f, 0x3f, 0xfe, 0xff, 0x7f, 0x3f, 0xfe, 0xff, 0x7f, 0x3f,
  0xfe, 0xff, 0x7f, 0x3f, 0xfe, 0xff, 0x7f, 0x3f, 0xfe, 0xff, 0x7f, 0x3f,
  0xfe, 0xff, 0x7f, 0x3f, 0xfe, 0xff, 0x7f, 0x3f, 0xfe, 0xff, 0x7f, 0x3f,
  0xfe, 0xff, 0x7f, 0x3f, 0xfe, 0xff, 0x7f, 0x3f, 0xfe, 0xff, 0x7f, 0x3f,
  0xfe, 0xff, 0x7f, 0x3f, 0xfe, 0xff, 0x7f, 0x3f, 0xfe, 0xff, 0x7f, 0x3f,
  0xfe, 0xff, 0x7f, 0x3f, 0xfe, 0xff, 0x7f, 0x3f, 0xfe, 0xff, 0x7f, 0x3f,
  0xfe, 0xff, 0x7f, 0x3f, 0xfe, 0xff, 0x7f, 0x3f, 0xfe, 0xff, 0x7f, 0x3f,
  0xfe, 0xff, 0x7f, 0x3f, 0xfe, 0xff, 0x7f, 0x3f, 0xfe, 0xff, 0x7f, 0x3f,
  0xfe, 0xff, 0x7f, 0x3f, 0xfe, 0xff, 0x7f, 0x3f, 0xfe, 0xff, 0x7f, 0x3f,
  0xfe, 0xff, 0x7f, 0x3f, 0xfe, 0xff, 0x7f, 0x3f, 0xfe, 0xff, 0x7f, 0x3f,
  0xfe, 0xff, 0x7f, 0x3f, 0xfe, 0xff, 0x7f, 0x3f, 0xfe, 0xff, 0x7f, 0x3f,
  0xfe, 0xff, 0x7f, 0x3f, 0xfe, 0xff, 0x7f, 0x3f, 0xfe, 0xff, 0x7f, 0x3f,
  0xfe, 0xff, 0x7f, 0x3f, 0xfe, 0xff, 0x7f, 0x3f, 0xfe, 0xff, 0x7f, 0x3f,
  0xfe, 0xff, 0x7f, 0x3f, 0xfe, 0xff, 0x7f, 0x3f, 0xfe, 0xff, 0x7f, 0x3f,
  0xfe, 0xff, 0x7f, 0x3f, 0xfe, 0xff, 0x7f, 0x3f, 0xfe, 0xff, 0x7f, 0x3f,
  0xfe, 0xff, 0x7f, 0x3f, 0xfe, 0xff, 0x7f, 0x3f, 0xfe, 0xff, 0x7f, 0x3f,
  0xfe, 0xff, 0x7f, 0x3f, 0xfe, 0xff, 0x7f, 0x3f, 0xfe, 0xff, 0x7f, 0x3f,
  0xfe, 0xff, 0x7f, 0x3f, 0xfe, 0xff, 0x7f, 0x3f, 0xfe, 0xff, 0x7f, 0x3f,
  0xfe, 0xff, 0x7f, 0x3f, 0xfe, 0xff, 0x7f, 0x3f, 0xfe, 0xff, 0x7f, 0x3f,
  0xfe, 0xff, 0x7f, 0x3f, 0xfe, 0xff, 0x7f, 0x3f, 0xfe, 0xff, 0x7f, 0x3f,
  0xfe, 0xff, 0x7f, 0x3f, 0xfe, 0xff, 0x7f, 0x3f, 0xfe, 0xff, 0x7f, 0x3f,
  0xfe, 0xff, 0x7f, 0x3f, 0xfe, 0xff, 0x7f, 0x3f, 0xfe, 0xff, 0x7f, 0x3f,
  0xfe, 0xff, 0x7f, 0x3f, 0xfe, 0xff, 0x7f, 0x3f, 0xfe, 0xff, 0x7f, 0x3f,
  0xfe, 0xff, 0x7f, 0x3f, 0xfe, 0xff, 0x7f, 0x3f, 0xfe, 0xff, 0x7f, 0x3f,
  0xfe, 0xff, 0x7f, 0x3f, 0xfe, 0xff, 0x7f, 0x3f, 0xfe, 0xff, 0x7f, 0x3f,
  0xfe, 0xff, 0x7f, 0x3f, 0xfe, 0xff, 0x7f, 0x3f, 0xfe, 0xff, 0x7f, 0x3f,
  0xfe, 0xff, 0x7f, 0x3f, 0xfe, 0xff, 0x7f, 0x3f, 0xfe, 0xff, 0x7f, 0x3f,
  0xfe, 0xff, 0x7f, 0x3f, 0xfe, 0xff, 0x7f, 0x3f, 0xfe, 0xff, 0x7f, 0x3f,
  0xfe, 0xff, 0x7f, 0x3f, 0xfe, 0xff, 0x7f, 0x3f, 0xfe, 0xff, 0x7f, 0x3f,
  0xfe, 0xff, 0x7f, 0x3f, 0xfe, 0xff, 0x7f, 0x3f, 0xfe, 0xff, 0x7f, 0x3f,
  0xfe, 0xff, 0x7f, 0x3f, 0xfe, 0xff, 0x7f, 0x3f, 0xfe, 0xff, 0x7f, 0x3f,
  0xfe, 0xff, 0x7f, 0x3f, 0xfe, 0xff, 0x7f, 0x3f, 0xfe, 0xff, 0x7f, 0x3f,
  0xfe, 0xff, 0x7f, 0x3f, 0xfe, 0xff, 0x7f, 0x3f, 0xfe, 0xff, 0x7f, 0x3f,
  0xfe, 0xff, 0x7f, 0x3f, 0xfe, 0xff, 0x7f, 0x3f, 0xfe, 0xff, 0x7f, 0x3f,
  0xfe, 0xff, 0x7f, 0x3f, 0xfe, 0xff, 0x7f, 0x3f, 0xfe, 0xff, 0x7f, 0x3f,
  0xfe, 0xff, 0x7f, 0x3f, 0xfe, 0xff, 0x7f, 0x3f, 0xfe, 0xff, 0x7f, 0x3f,
  0xfe, 0xff, 0x7f, 0x3f, 0xfe, 0xff, 0x7f, 0x3f, 0xfe, 0xff, 0x7f, 0x3f,
  0xfe, 0xff, 0x7f, 0x3f, 0xfe, 0xff, 0x7f, 0x3f, 0xfe, 0xff, 0x7f, 0x3f,
  0xfe, 0xff, 0x7f, 0x3f, 0xfe, 0xff, 0x7f, 0x3f, 0xfe, 0xff, 0x7f, 0x3f,
  0xfe, 0xff, 0x7f, 0x3f, 0xfe, 0xff, 0x7f, 0x3f, 0xfe, 0xff, 0x7f, 0x3f,
  0xfe, 0xff, 0x7f, 0x3f, 0xfe, 0xff, 0x7f, 0x3f, 0xfe, 0xff, 0x7f, 0x3f,
  0xfe, 0xff, 0x7f, 0x3f, 0xfe, 0xff, 0x7f, 0x3f, 0xfe, 0xff, 0x7f, 0x3f,
  0xfe, 0xff, 0x7f, 0x3f, 0xfe, 0xff, 0x7f, 0x3f, 0xfe, 0xff, 0x7f, 0x3f,
  0xfe, 0xff, 0x7f, 0x3f, 0xfe, 0xff, 0x7f, 0x3f, 0xfe, 0xff, 0x7f, 0x3f,
  0xfe, 0xff, 0x7f, 0x3f, 0xfe, 0xff, 0x7f, 0x3f, 0xfe, 0xff, 0x7f, 0x3f,
  0xfe, 0xff, 0x7f, 0x3f, 0xfe, 0xff, 0x7f, 0x3f, 0xfe, 0xff, 0x7f, 0x3f,
  0xfe, 0xff, 0x7f, 0x3f, 0xfe, 0xff, 0x7f, 0x3f, 0xfe, 0xff, 0x7f, 0x3f,
  0xfe, 0xff, 0x7f, 0x3f, 0xfe, 0xff, 0x7f, 0x3f, 0xfe, 0xff, 0x7f, 0x3f,
  0xfe, 0xff, 0x7f, 0x3f, 0xfe, 0xff, 0x7f, 0x3f, 0xfe, 0xff, 0x7f, 0x3f,
  0xfe, 0xff, 0x7f, 0x3f, 0xfe, 0xff, 0x7f, 0x3f, 0xfe, 0xff, 0x7f, 0x3f,
  0xfe, 0xff, 0x7f, 0x3f, 0xfe, 0xff, 0x7f, 0x3f, 0xfe, 0xff, 0x7f, 0x3f,
  0xfe, 0xff, 0x7f, 0x3f, 0xfe, 0xff, 0x7f, 0x3f, 0xfe, 0xff, 0x7f, 0x3f,
  0xfe, 0xff, 0x7f, 0x3f, 0xfe, 0xff, 0x7f, 0x3f, 0xfe, 0xff, 0x7f, 0x3f,
  0xfe, 0xff, 0x7f, 0x3f, 0xfe, 0xff, 0x7f, 0x3f, 0xfe, 0xff, 0x7f, 0x3f,
  0xfe, 0xff, 0x7f, 0x3f, 0xfe, 0xff, 0x7f, 0x3f, 0xfe, 0xff, 0x7f, 0x3f,
  0xfe, 0xff, 0x7f, 0x3f, 0xfe, 0xff, 0x7f, 0x3f, 0xfe, 0xff, 0x7f, 0x3f,
  0xfe, 0xff, 0x7f, 0x3f, 0xfe, 0xff, 0x7f, 0x3f, 0xfe, 0xff, 0x7f, 0x3f,
  0xfe, 0xff, 0x7f, 0x3f, 0xfe, 0xff, 0x7f, 0x3f, 0xfe, 0xff, 0x7f, 0x3f,
  0xfe, 0xff, 0x7f, 0x3f, 0xfe, 0xff, 0x7f, 0x3f, 0xfe, 0xff, 0x7f, 0x3f,
  0xfe, 0xff, 0x7f, 0x3f, 0xfe, 0xff, 0x7f, 0x3f, 0xfe, 0xff, 0x7f, 0x3f,
  0xfe, 0xff, 0x7f, 0x3f, 0xfe, 0xff, 0x7f, 0x3f, 0xfe, 0xff, 0x7f, 0x3f,
  0xfe, 0xff, 0x7f, 0x3f, 0xfe, 0xff, 0x7f, 0x3f, 0xfe, 0xff, 0x7f, 0x3f,
  0xfe, 0xff, 0x7f, 0x3f, 0xfe, 0xff, 0x7f, 0x3f, 0xfe, 0xff, 0x7f, 0x3f,
  0xfe, 0xff, 0x7f, 0x3f, 0xfe, 0xff, 0x7f, 0x3f, 0xfe, 0xff, 0x7f, 0x3f,
  0xfe, 0xff, 0x7f, 0x3f, 0xfe, 0xff, 0x7f, 0x3f, 0xfe, 0xff, 0x7f, 0x3f,
  0xfe, 0xff, 0x7f, 0x3f, 0xfe, 0xff, 0x7f, 0x3f, 0xfe, 0xff, 0x7f, 0x3f,
  0xfe, 0xff, 0x7f, 0x3f, 0xfe, 0xff, 0x7f, 0x3f, 0xfe, 0xff, 0x7f, 0x3f,
  0xfe, 0xff, 0x7f, 0x3f, 0xfe, 0xff, 0x7f, 0x3f, 0xfe, 0xff, 0x7f, 0x3f,
  0xfe, 0xff, 0x7f, 0x3f, 0xfe, 0xff, 0x7f, 0x3f, 0xfe, 0xff, 0x7f, 0x3f,
  0xfe, 0xff, 0x7f, 0x3f, 0xfe, 0xff, 0x7f, 0x3f, 0xfe, 0xff, 0x7f, 0x3f,
  0xfe, 0xff, 0x7f, 0x3f, 0xfe, 0xff, 0x7f, 0x3f, 0xfe, 0xff, 0x7f, 0x3f,
  0xfe, 0xff, 0x7f, 0x3f, 0xfe, 0xff, 0x7f, 0x3f, 0xfe, 0xff, 0x7f, 0x3f,
  0xfe, 0xff, 0x7f, 0x3f, 0xfe, 0xff, 0x7f, 0x3f, 0xfe, 0xff, 0x7f, 0x3f,
  0xfe, 0xff, 0x7f, 0x3f, 0xfe, 0xff, 0x7f, 0x3f, 0xfe, 0xff, 0x7f, 0x3f,
  0xfe, 0xff, 0x7f, 0x3f, 0xfe, 0xff, 0x7f, 0x3f, 0xfe, 0xff, 0x7f, 0x3f,
  0xfe, 0xff, 0x7f, 0x3f, 0xfe, 0xff, 0x7f, 0x3f, 0xfe, 0xff, 0x7f, 0x3f,
  0xfe, 0xff, 0x7f, 0x3f, 0xfe, 0xff, 0x7f, 0x3f, 0xfe, 0xff, 0x7f, 0x3f,
  0xfe, 0xff, 0x7f, 0x3f, 0xfe, 0xff, 0x7f, 0x3f, 0xfe, 0xff, 0x7f, 0x3f,
  0xfe, 0xff, 0x7f, 0x3f, 0xfe, 0xff, 0x7f, 0x3f, 0xfe, 0xff, 0x7f, 0x3f,
  0xfe, 0xff, 0x7f, 0x3f, 0xfe, 0xff, 0x7f, 0x3f, 0xfe, 0xff, 0x7f, 0x3f,
  0xfe, 0xff, 0x7f, 0x3f, 0xfe, 0xff, 0x7f, 0x3f, 0xfe, 0xff, 0x7f, 0x3f,
  0xfe, 0xff, 0x7f, 0x3f, 0xfe, 0xff, 0x7f, 0x3f, 0xfe, 0xff, 0x7f, 0x3f,
  0xfe, 0xff, 0x7f, 0x3f, 0xfe, 0xff, 0x7f, 0x3f, 0xfe, 0xff, 0x7f, 0x3f,
  0xfe, 0xff, 0x7f, 0x3f, 0xfe, 0xff, 0x7f, 0x3f, 0xfe, 0xff, 0x7f, 0x3f,
  0xfe, 0xff, 0x7f, 0x3f, 0xfe, 0xff, 0x7f, 0x3f, 0xfe, 0xff, 0x7f, 0x3f,
  0xfe, 0xff, 0x7f, 0x3f, 0xfe, 0xff, 0x7f, 0x3f, 0xfe, 0xff, 0x7f, 0x3f,
  0xfe, 0xff, 0x7f, 0x3f, 0xfe, 0xff, 0x7f, 0x3f, 0xfe, 0xff, 0x7f, 0x3f,
  0xfe, 0xff, 0x7f, 0x3f, 0xfe, 0xff, 0x7f, 0x3f, 0xfe, 0xff, 0x7f, 0x3f,
  0xfe, 0xff, 0x7f, 0x3f, 0xfe, 0xff, 0x7f, 0x3f, 0xfe, 0xff, 0x7f, 0x3f,
  0xfe, 0xff, 0x7f, 0x3f, 0xfe, 0xff, 0x7f, 0x3f, 0xfe, 0xff, 0x7f, 0x3f,
  0xfe, 0xff, 0x7f, 0x3f, 0xfe, 0xff, 0x7f, 0x3f, 0xfe, 0xff, 0x7f, 0x3f,
  0xfe, 0xff, 0x7f, 0x3f, 0xfe, 0xff, 0x7f, 0x3f, 0xfe, 0xff, 0x7f, 0x3f,
  0xfe, 0xff, 0x7f, 0x3f, 0xfe, 0xff, 0x7f, 0x3f, 0xfe, 0xff, 0x7f, 0x3f,
  0xfe, 0xff, 0x7f, 0x3f, 0xfe, 0xff, 0x7f, 0x3f, 0xfe, 0xff, 0x7f, 0x3f,
  0xfe, 0xff, 0x7f, 0x3f, 0xfe, 0xff, 0x7f, 0x3f, 0xfe, 0xff, 0x7f, 0x3f,
  0xfe, 0xff, 0x7f, 0x3f, 0xfe, 0xff, 0x7f, 0x3f, 0xfe, 0xff, 0x7f, 0x3f,
  0xfe, 0xff, 0x7f, 0x3f, 0xfe, 0xff, 0x7f, 0x3f, 0xfe, 0xff, 0x7f, 0x3f,
  0xfe, 0xff, 0x7f, 0x3f, 0xfe, 0xff, 0x7f, 0x3f, 0xfe, 0xff, 0x7f, 0x3f,
  0xfe, 0xff, 0x7f, 0x3f, 0xfe, 0xff, 0x7f, 0x3f, 0xfe, 0xff, 0x7f, 0x3f,
  0xfe, 0xff, 0x7f, 0x3f, 0xfe, 0xff, 0x7f, 0x3f, 0xfe, 0xff, 0x7f, 0x3f,
  0xfe, 0xff, 0x7f, 0x3f, 0xfe, 0xff, 0x7f, 0x3f, 0xfe, 0xff, 0x7f, 0x3f,
  0xfe, 0xff, 0x7f, 0x3f, 0xfe, 0xff, 0x7f, 0x3f, 0xfe, 0xff, 0x7f, 0x3f,
  0xfe, 0xff, 0x7f, 0x3f, 0xfe, 0xff, 0x7f, 0x3f, 0xfe, 0xff, 0x7f, 0x3f,
  0xfe, 0xff, 0x7f, 0x3f, 0xfe, 0xff, 0x7f, 0x3f, 0xfe, 0xff, 0x7f, 0x3f,
  0xfe, 0xff, 0x7f, 0x3f, 0xfe, 0xff, 0x7f, 0x3f, 0xfe, 0xff, 0x7f, 0x3f,
  0xfe, 0xff, 0x7f, 0x3f, 0xfe, 0xff, 0x7f, 0x3f, 0xfe, 0xff, 0x7f, 0x3f,
  0xfe, 0xff, 0x7f, 0x3f, 0xfe, 0xff, 0x7f, 0x3f, 0xfe, 0xff, 0x7f, 0x3f,
  0xfe, 0xff, 0x7f, 0x3f, 0xfe, 0xff, 0x7f, 0x3f, 0xfe, 0xff, 0x7f, 0x3f,
  0xfe, 0xff, 0x7f, 0x3f, 0xfe, 0xff, 0x7f, 0x3f, 0xfe, 0xff, 0x7f, 0x3f,
  0xfe, 0xff, 0x7f, 0x3f, 0xfe, 0xff, 0x7f, 0x3f, 0xfe, 0xff, 0x7f, 0x3f,
  0xfe, 0xff, 0x7f, 0x3f, 0xfe, 0xff, 0x7f, 0x3f, 0xfe, 0xff, 0x7f, 0x3f,
  0xfe, 0xff, 0x7f, 0x3f, 0xfe, 0xff, 0x7f, 0x3f, 0xfe, 0xff, 0x7f, 0x3f,
  0xfe, 0xff, 0x7f, 0x3f, 0xfe, 0xff, 0x7f, 0x3f, 0xfe, 0xff, 0x7f, 0x3f,
  0xfe, 0xff, 0x7f, 0x3f, 0xfe, 0xff, 0x7f, 0x3f, 0xfe, 0xff, 0x7f, 0x3f,
  0xfe, 0xff, 0x7f, 0x3f, 0xfe, 0xff, 0x7f, 0x3f, 0xfe, 0xff, 0x7f, 0x3f,
  0xfe, 0xff, 0x7f, 0x3f, 0xfe, 0xff, 0x7f, 0x3f, 0xfe, 0xff, 0x7f, 0x3f,
  0xfe, 0xff, 0x7f, 0x3f, 0xfe, 0xff, 0x7f, 0x3f, 0xfe, 0xff, 0x7f, 0x3f,
  0xfe, 0xff, 0x7f, 0x3f, 0xfe, 0xff, 0x7f, 0x3f, 0xfe, 0xff, 0x7f, 0x3f,
  0xfe, 0xff, 0x7f, 0x3f, 0xfe, 0xff, 0x7f, 0x3f, 0xfe, 0xff, 0x7f, 0x3f,
  0xfe, 0xff, 0x7f, 0x3f, 0xfe, 0xff, 0x7f, 0x3f, 0xfe, 0xff, 0x7f, 0x3f,
  0xfe, 0xff, 0x7f, 0x3f, 0xfe, 0xff, 0x7f, 0x3f, 0xfe, 0xff, 0x7f, 0x3f,
  0xfe, 0xff, 0x7f, 0x3f, 0xfe, 0xff, 0x7f, 0x3f, 0xfe, 0xff, 0x7f, 0x3f,
  0xfe, 0xff, 0x7f, 0x3f, 0xfe, 0xff, 0x7f, 0x3f, 0xfe, 0xff, 0x7f, 0x3f,
  0xfe, 0xff, 0x7f, 0x3f, 0xfe, 0xff, 0x7f, 0x3f, 0xfe, 0xff, 0x7f, 0x3f,
  0xfe, 0xff, 0x7f, 0x3f, 0xfe, 0xff, 0x7f, 0x3f, 0xfe, 0xff, 0x7f, 0x3f,
  0xfe, 0xff, 0x7f, 0x3f, 0xfe, 0xff, 0x7f, 0x3f, 0xfe, 0xff, 0x7f, 0x3f,
  0xfe, 0xff, 0x7f, 0x3f, 0xfe, 0xff, 0x7f, 0x3f, 0xfe, 0xff, 0x7f, 0x3f,
  0xfe, 0xff, 0x7f, 0x3f, 0xfe, 0xff, 0x7f, 0x3f, 0xfe, 0xff, 0x7f, 0x3f,
  0xfe, 0xff, 0x7f, 0x3f, 0xfe, 0xff, 0x7f, 0x3f, 0xfe, 0xff, 0x7f, 0x3f,
  0xfe, 0xff, 0x7f, 0x3f, 0xfe, 0xff, 0x7f, 0x3f, 0xfe, 0xff, 0x7f, 0x3f,
  0xfe, 0xff, 0x7f, 0x3f, 0xfe, 0xff, 0x7f, 0x3f, 0xfe, 0xff, 0x7f, 0x3f,
  0xfe, 0xff, 0x7f, 0x3f, 0xfe, 0xff, 0x7f, 0x3f, 0xfe, 0xff, 0x7f, 0x3f,
  0xfe, 0xff, 0x7f, 0x3f, 0xfe, 0xff, 0x7f, 0x3f, 0xfe, 0xff, 0x7f, 0x3f,
  0xfe, 0xff, 0x7f, 0x3f, 0xfe, 0xff, 0x7f, 0x3f, 0xfe, 0xff, 0x7f, 0x3f,
  0xfe, 0xff, 0x7f, 0x3f, 0xfe, 0xff, 0x7f, 0x3f, 0xfe, 0xff, 0x7f, 0x3f,
  0xfe, 0xff, 0x7f, 0x3f, 0xfe, 0xff, 0x7f, 0x3f, 0xfe, 0xff, 0x7f, 0x3f,
  0xfe, 0xff, 0x7f, 0x3f, 0xfe, 0xff, 0x7f, 0x3f, 0xfe, 0xff, 0x7f, 0x3f,
  0xfe, 0xff, 0x7f, 0x3f, 0xfe, 0xff, 0x7f, 0x3f, 0xfe, 0xff, 0x7f, 0x3f,
  0xfe, 0xff, 0x7f, 0x3f, 0xfe, 0xff, 0x7f, 0x3f, 0xfe, 0xff, 0x7f, 0x3f,
  0xfe, 0xff, 0x7f, 0x3f, 0xfe, 0xff, 0x7f, 0x3f, 0xfe, 0xff, 0x7f, 0x3f,
  0xfe, 0xff, 0x7f, 0x3f, 0xfe, 0xff, 0x7f, 0x3f, 0xfe, 0xff, 0x7f, 0x3f,
  0xfe, 0xff, 0x7f, 0x3f, 0xfe, 0xff, 0x7f, 0x3f, 0xfe, 0xff, 0x7f, 0x3f,
  0xfe, 0xff, 0x7f, 0x3f, 0xfe, 0xff, 0x7f, 0x3f, 0xfe, 0xff, 0x7f, 0x3f,
  0xfe, 0xff, 0x7f, 0x3f, 0xfe, 0xff, 0x7f, 0x3f, 0xfe, 0xff, 0x7f, 0x3f,
  0xfe, 0xff, 0x7f, 0x3f, 0xfe, 0xff, 0x7f, 0x3f, 0xfe, 0xff, 0x7f, 0x3f,
  0xfe, 0xff, 0x7f, 0x3f, 0xfe, 0xff, 0x7f, 0x3f, 0xfe, 0xff, 0x7f, 0x3f,
  0xfe, 0xff, 0x7f, 0x3f, 0xfe, 0xff, 0x7f, 0x3f, 0xfe, 0xff, 0x7f, 0x3f,
  0xfe, 0xff, 0x7f, 0x3f, 0xfe, 0xff, 0x7f, 0x3f, 0xfe, 0xff, 0x7f, 0x3f,
  0xfe, 0xff, 0x7f, 0x3f, 0xfe, 0xff, 0x7f, 0x3f, 0xfe, 0xff, 0x7f, 0x3f,
  0xfe, 0xff, 0x7f, 0x3f, 0xfe, 0xff, 0x7f, 0x3f, 0xfe, 0xff, 0x7f, 0x3f,
  0xfe, 0xff, 0x7f, 0x3f, 0xfe, 0xff, 0x7f, 0x3f, 0xfe, 0xff, 0x7f, 0x3f,
  0xfe, 0xff, 0x7f, 0x3f, 0xfe, 0xff, 0x7f, 0x3f, 0xfe, 0xff, 0x7f, 0x3f,
  0xfe, 0xff, 0x7f, 0x3f, 0xfe, 0xff, 0x7f, 0x3f, 0xfe, 0xff, 0x7f, 0x3f,
  0xfe, 0xff, 0x7f, 0x3f, 0xfe, 0xff, 0x7f, 0x3f, 0xfe, 0xff, 0x7f, 0x3f,
  0xfe, 0xff, 0x7f, 0x3f, 0xfe, 0xff, 0x7f, 0x3f, 0xfe, 0xff, 0x7f, 0x3f,
  0xfe, 0xff, 0x7f, 0x3f, 0xfe, 0xff, 0x7f, 0x3f, 0xfe, 0xff, 0x7f, 0x3f,
  0xfe, 0xff, 0x7f, 0x3f, 0xfe, 0xff, 0x7f, 0x3f, 0xfe, 0xff, 0x7f, 0x3f,
  0xfe, 0xff, 0x7f, 0x3f, 0xfe, 0xff, 0x7f, 0x3f, 0xfe, 0xff, 0x7f, 0x3f,
  0xfe, 0xff, 0x7f, 0x3f, 0xfe, 0xff, 0x7f, 0x3f, 0xfe, 0xff, 0x7f, 0x3f,
  0xfe, 0xff, 0x7f, 0x3f, 0xfe, 0xff, 0x7f, 0x3f, 0xfe, 0xff, 0x7f, 0x3f,
  0xfe, 0xff, 0x7f, 0x3f, 0xfe, 0xff, 0x7f, 0x3f, 0xfe, 0xff, 0x7f, 0x3f,
  0xfe, 0xff, 0x7f, 0x3f, 0xfe, 0xff, 0x7f, 0x3f, 0xfe, 0xff, 0x7f, 0x3f,
  0xfe, 0xff, 0x7f, 0x3f, 0xfe, 0xff, 0x7f, 0x3f, 0xfe, 0xff, 0x7f, 0x3f,
  0xfe, 0xff, 0x7f, 0x3f, 0xfe, 0xff, 0x7f, 0x3f, 0xfe, 0xff, 0x7f, 0x3f,
  0xfe, 0xff, 0x7f, 0x3f, 0xfe, 0xff, 0x7f, 0x3f, 0xfe, 0xff, 0x7f, 0x3f,
  0xfe, 0xff, 0x7f, 0x3f, 0xfe, 0xff, 0x7f, 0x3f, 0xfe, 0xff, 0x7f, 0x3f,
  0xfe, 0xff, 0x7f, 0x3f, 0xfe, 0xff, 0x7f, 0x3f, 0xfe, 0xff, 0x7f, 0x3f,
  0xfe, 0xff, 0x7f, 0x3f, 0xfe, 0xff, 0x7f, 0x3f, 0xfe, 0xff, 0x7f, 0x3f,
  0xfe, 0xff, 0x7f, 0x3f, 0xfe, 0xff, 0x7f, 0x3f, 0xfe, 0xff, 0x7f, 0x3f,
  0xfe, 0xff, 0x7f, 0x3f, 0xfe, 0xff, 0x7f, 0x3f, 0xfe, 0xff, 0x7f, 0x3f,
  0xfe, 0xff, 0x7f, 0x3f, 0xfe, 0xff, 0x7f, 0x3f, 0xfe, 0xff, 0x7f, 0x3f,
  0xfe, 0xff, 0x7f, 0x3f, 0xfe, 0xff, 0x7f, 0x3f, 0xfe, 0xff, 0x7f, 0x3f,
  0xfe, 0xff, 0x7f, 0x3f, 0xfe, 0xff, 0x7f, 0x3f, 0xfe, 0xff, 0x7f, 0x3f,
  0xfe, 0xff, 0x7f, 0x3f, 0xfe, 0xff, 0x7f, 0x3f, 0xfe, 0xff, 0x7f, 0x3f,
  0xfe, 0xff, 0x7f, 0x3f, 0xfe, 0xff, 0x7f, 0x3f, 0xfe, 0xff, 0x7f, 0x3f,
  0xfe, 0xff, 0x7f, 0x3f, 0xfe, 0xff, 0x7f, 0x3f, 0xfe, 0xff, 0x7f, 0x3f,
  0xfe, 0xff, 0x7f, 0x3f, 0xfe, 0xff, 0x7f, 0x3f, 0xfe, 0xff, 0x7f, 0x3f,
  0xfe, 0xff, 0x7f, 0x3f, 0xfe, 0xff, 0x7f, 0x3f, 0xfe, 0xff, 0x7f, 0x3f,
  0xfe, 0xff, 0x7f, 0x3f, 0xfe, 0xff, 0x7f, 0x3f, 0xfe, 0xff, 0x7f, 0x3f,
  0xfe, 0xff, 0x7f, 0x3f, 0xfe, 0xff, 0x7f, 0x3f, 0xfe, 0xff, 0x7f, 0x3f,
  0xfe, 0xff, 0x7f, 0x3f, 0xfe, 0xff, 0x7f, 0x3f, 0xfe, 0xff, 0x7f, 0x3f,
  0xfe, 0xff, 0x7f, 0x3f, 0xfe, 0xff, 0x7f, 0x3f, 0xfe, 0xff, 0x7f, 0x3f,
  0xfe, 0xff, 0x7f, 0x3f, 0xfe, 0xff, 0x7f, 0x3f, 0xfe, 0xff, 0x7f, 0x3f,
  0xfe, 0xff, 0x7f, 0x3f, 0xfe, 0xff, 0x7f, 0x3f, 0xfe, 0xff, 0x7f, 0x3f,
  0xfe, 0xff, 0x7f, 0x3f, 0xfe, 0xff, 0x7f, 0x3f, 0xfe, 0xff, 0x7f, 0x3f,
  0xfe, 0xff, 0x7f, 0x3f, 0xfe, 0xff, 0x7f, 0x3f, 0xfe, 0xff, 0x7f, 0x3f,
  0xfe, 0xff, 0x7f, 0x3f, 0xfe, 0xff, 0x7f, 0x3f, 0xfe, 0xff, 0x7f, 0x3f,
  0xfe, 0xff, 0x7f, 0x3f, 0xfe, 0xff, 0x7f, 0x3f, 0xfe, 0xff, 0x7f, 0x3f,
  0xfe, 0xff, 0x7f, 0x3f, 0xfe, 0xff, 0x7f, 0x3f, 0xfe, 0xff, 0x7f, 0x3f,
  0xfe, 0xff, 0x7f, 0x3f, 0xfe, 0xff, 0x7f, 0x3f, 0xfe, 0xff, 0x7f, 0x3f,
  0xfe, 0xff, 0x7f, 0x3f, 0xfe, 0xff, 0x7f, 0x3f, 0xfe, 0xff, 0x7f, 0x3f,
  0xfe, 0xff, 0x7f, 0x3f, 0xfe, 0xff, 0x7f, 0x3f, 0xfe, 0xff, 0x7f, 0x3f,
  0xfe, 0xff, 0x7f, 0x3f, 0xfe, 0xff, 0x7f, 0x3f, 0xfe, 0xff, 0x7f, 0x3f,
  0xfe, 0xff, 0x7f, 0x3f, 0xfe, 0xff, 0x7f, 0x3f, 0xfe, 0xff, 0x7f, 0x3f,
  0xfe, 0xff, 0x7f, 0x3f, 0xfe, 0xff, 0x7f, 0x3f, 0xfe, 0xff, 0x7f, 0x3f,
  0xfe, 0xff, 0x7f, 0x3f, 0xfe, 0xff, 0x7f, 0x3f, 0xfe, 0xff, 0x7f, 0x3f,
  0xfe, 0xff, 0x7f, 0x3f, 0xfe, 0xff, 0x7f, 0x3f, 0xfe, 0xff, 0x7f, 0x3f,
  0xfe, 0xff, 0x7f, 0x3f, 0xfe, 0xff, 0x7f, 0x3f, 0xfe, 0xff, 0x7f, 0x3f,
  0xfe, 0xff, 0x7f, 0x3f, 0xfe, 0xff, 0x7f, 0x3f, 0xfe, 0xff, 0x7f, 0x3f,
  0xfe, 0xff, 0x7f, 0x3f, 0xfe, 0xff, 0x7f, 0x3f, 0xfe, 0xff, 0x7f, 0x3f,
  0xfe, 0xff, 0x7f, 0x3f, 0xfe, 0xff, 0x7f, 0x3f, 0xfe, 0xff, 0x7f, 0x3f,
  0xfe, 0xff, 0x7f, 0x3f, 0xfe, 0xff, 0x7f, 0x3f, 0xfe, 0xff, 0x7f, 0x3f,
  0xfe, 0xff, 0x7f, 0x3f, 0xfe, 0xff, 0x7f, 0x3f, 0xfe, 0xff, 0x7f, 0x3f,
  0xfe, 0xff, 0x7f, 0x3f, 0xfe, 0xff, 0x7f, 0x3f, 0xfe, 0xff, 0x7f, 0x3f,
  0xfe, 0xff, 0x7f, 0x3f, 0xfe, 0xff, 0x7f, 0x3f, 0xfe, 0xff, 0x7f, 0x3f,
  0xfe, 0xff, 0x7f, 0x3f, 0xfe, 0xff, 0x7f, 0x3f, 0xfe, 0xff, 0x7f, 0x3f,
  0xfe, 0xff, 0x7f, 0x3f, 0xfe, 0xff, 0x7f, 0x3f, 0xfe, 0xff, 0x7f, 0x3f,
  0xfe, 0xff, 0x7f, 0x3f, 0xfe, 0xff, 0x7f, 0x3f, 0xfe, 0xff, 0x7f, 0x3f,
  0xfe, 0xff, 0x7f, 0x3f, 0xfe, 0xff, 0x7f, 0x3f, 0xfe, 0xff, 0x7f, 0x3f,
  0xfe, 0xff, 0x7f, 0x3f, 0xfe, 0xff, 0x7f, 0x3f, 0xfe, 0xff, 0x7f, 0x3f,
  0xfe, 0xff, 0x7f, 0x3f, 0xfe, 0xff, 0x7f, 0x3f, 0xfe, 0xff, 0x7f, 0x3f,
  0xfe, 0xff, 0x7f, 0x3f, 0xfe, 0xff, 0x7f, 0x3f, 0xfe, 0xff, 0x7f, 0x3f,
  0xfe, 0xff, 0x7f, 0x3f, 0xfe, 0xff, 0x7f, 0x3f, 0xfe, 0xff, 0x7f, 0x3f,
  0xfe, 0xff, 0x7f, 0x3f, 0xfe, 0xff, 0x7f, 0x3f, 0xfe, 0xff, 0x7f, 0x3f,
  0xfe, 0xff, 0x7f, 0x3f, 0xfe, 0xff, 0x7f, 0x3f, 0xfe, 0xff, 0x7f, 0x3f,
  0xfe, 0xff, 0x7f, 0x3f, 0xfe, 0xff, 0x7f, 0x3f, 0xfe, 0xff, 0x7f, 0x3f,
  0xfe, 0xff, 0x7f, 0x3f, 0xfe, 0xff, 0x7f, 0x3f, 0xfe, 0xff, 0x7f, 0x3f,
  0xfe, 0xff, 0x7f, 0x3f, 0xfe, 0xff, 0x7f, 0x3f, 0xfe, 0xff, 0x7f, 0x3f,
  0xfe, 0xff, 0x7f, 0x3f, 0xfe, 0xff, 0x7f, 0x3f, 0xfe, 0xff, 0x7f, 0x3f,
  0xfe, 0xff, 0x7f, 0x3f, 0xfe, 0xff, 0x7f, 0x3f, 0xfe, 0xff, 0x7f, 0x3f,
  0xfe, 0xff, 0x7f, 0x3f, 0xfe, 0xff, 0x7f, 0x3f, 0xfe, 0xff, 0x7f, 0x3f,
  0xfe, 0xff, 0x7f, 0x3f, 0xfe, 0xff, 0x7f, 0x3f, 0xfe, 0xff, 0x7f, 0x3f,
  0xfe, 0xff, 0x7f, 0x3f, 0xfe, 0xff, 0x7f, 0x3f, 0xfe, 0xff, 0x7f, 0x3f,
  0xfe, 0xff, 0x7f, 0x3f, 0xfe, 0xff, 0x7f, 0x3f, 0xfe, 0xff, 0x7f, 0x3f,
  0xfe, 0xff, 0x7f, 0x3f, 0xfe, 0xff, 0x7f, 0x3f, 0xfe, 0xff, 0x7f, 0x3f,
  0xfe, 0xff, 0x7f, 0x3f, 0xfe, 0xff, 0x7f, 0x3f, 0xfe, 0xff, 0x7f, 0x3f,
  0xfe, 0xff, 0x7f, 0x3f, 0xfe, 0xff, 0x7f, 0x3f, 0xfe, 0xff, 0x7f, 0x3f,
  0xfe, 0xff, 0x7f, 0x3f, 0xfe, 0xff, 0x7f, 0x3f, 0xfe, 0xff, 0x7f, 0x3f,
  0xfe, 0xff, 0x7f, 0x3f, 0xfe, 0xff, 0x7f, 0x3f, 0xfe, 0xff, 0x7f, 0x3f,
  0xfe, 0xff, 0x7f, 0x3f, 0xfe, 0xff, 0x7f, 0x3f, 0xfe, 0xff, 0x7f, 0x3f,
  0xfe, 0xff, 0x7f, 0x3f, 0xfe, 0xff, 0x7f, 0x3f, 0xfe, 0xff, 0x7f, 0x3f,
  0xfe, 0xff, 0x7f, 0x3f, 0xfe, 0xff, 0x7f, 0x3f, 0xfe, 0xff, 0x7f, 0x3f,
  0xfe, 0xff, 0x7f, 0x3f, 0xfe, 0xff, 0x7f, 0x3f, 0xfe, 0xff, 0x7f, 0x3f,
  0xfe, 0xff, 0x7f, 0x3f, 0xfe, 0xff, 0x7f, 0x3f, 0xfe, 0xff, 0x7f, 0x3f,
  0xfe, 0xff, 0x7f, 0x3f, 0xfe, 0xff, 0x7f, 0x3f, 0xfe, 0xff, 0x7f, 0x3f,
  0xfe, 0xff, 0x7f, 0x3f, 0xfe, 0xff, 0x7f, 0x3f, 0xfe, 0xff, 0x7f, 0x3f,
  0xfe, 0xff, 0x7f, 0x3f, 0xfe, 0xff, 0x7f, 0x3f, 0xfe, 0xff, 0x7f, 0x3f,
  0xfe, 0xff, 0x7f, 0x3f, 0xfe, 0xff, 0x7f, 0x3f, 0xfe, 0xff, 0x7f, 0x3f,
  0xfe, 0xff, 0x7f, 0x3f, 0xfe, 0xff, 0x7f, 0x3f, 0xfe, 0xff, 0x7f, 0x3f,
  0xfe, 0xff, 0x7f, 0x3f, 0xfe, 0xff, 0x7f, 0x3f, 0xfe, 0xff, 0x7f, 0x3f,
  0xfe, 0xff, 0x7f, 0x3f, 0xfe, 0xff, 0x7f, 0x3f, 0xfe, 0xff, 0x7f, 0x3f,
  0xfe, 0xff, 0x7f, 0x3f, 0xfe, 0xff, 0x7f, 0x3f, 0xfe, 0xff, 0x7f, 0x3f,
  0xfe, 0xff, 0x7f, 0x3f, 0xfe, 0xff, 0x7f, 0x3f, 0xfe, 0xff, 0x7f, 0x3f,
  0xfe, 0xff, 0x7f, 0x3f, 0xfe, 0xff, 0x7f, 0x3f, 0xfe, 0xff, 0x7f, 0x3f,
  0xfe, 0xff, 0x7f, 0x3f, 0xfe, 0xff, 0x7f, 0x3f, 0xfe, 0xff, 0x7f, 0x3f,
  0xfe, 0xff, 0x7f, 0x3f, 0xfe, 0xff, 0x7f, 0x3f, 0xfe, 0xff, 0x7f, 0x3f,
  0xfe, 0xff, 0x7f, 0x3f, 0xfe, 0xff, 0x7f, 0x3f, 0xfe, 0xff, 0x7f, 0x3f,
  0xfe, 0xff, 0x7f, 0x3f, 0xfe, 0xff, 0x7f, 0x3f, 0xfe, 0xff, 0x7f, 0x3f,
  0xfe, 0xff, 0x7f, 0x3f, 0xfe, 0xff, 0x7f, 0x3f, 0xfe, 0xff, 0x7f, 0x3f,
  0xfe, 0xff, 0x7f, 0x3f, 0xfe, 0xff, 0x7f, 0x3f, 0xfe, 0xff, 0x7f, 0x3f,
  0xfe, 0xff, 0x7f, 0x3f, 0xfe, 0xff, 0x7f, 0x3f, 0xfe, 0xff, 0x7f, 0x3f,
  0xfe, 0xff, 0x7f, 0x3f, 0xfe, 0xff, 0x7f, 0x3f, 0xfe, 0xff, 0x7f, 0x3f,
  0xfe, 0xff, 0x7f, 0x3f, 0xfe, 0xff, 0x7f, 0x3f, 0xfe, 0xff, 0x7f, 0x3f,
  0xfe, 0xff, 0x7f, 0x3f, 0xfe, 0xff, 0x7f, 0x3f, 0xfe, 0xff, 0x7f, 0x3f,
  0xfe, 0xff, 0x7f, 0x3f, 0xfe, 0xff, 0x7f, 0x3f, 0xfe, 0xff, 0x7f, 0x3f,
  0xfe, 0xff, 0x7f, 0x3f, 0xfe, 0xff, 0x7f, 0x3f, 0xfe, 0xff, 0x7f, 0x3f,
  0xfe, 0xff, 0x7f, 0x3f, 0xfe, 0xff, 0x7f, 0x3f, 0xfe, 0xff, 0x7f, 0x3f,
  0xfe, 0xff, 0x7f, 0x3f, 0xfe, 0xff, 0x7f, 0x3f, 0xfe, 0xff, 0x7f, 0x3f,
  0xfe, 0xff, 0x7f, 0x3f, 0xfe, 0xff, 0x7f, 0x3f, 0xfe, 0xff, 0x7f, 0x3f,
  0xfe, 0xff, 0x7f, 0x3f, 0xfe, 0xff, 0x7f, 0x3f, 0xfe, 0xff, 0x7f, 0x3f,
  0xfe, 0xff, 0x7f, 0x3f, 0xfe, 0xff, 0x7f, 0x3f, 0xfe, 0xff, 0x7f, 0x3f,
  0xfe, 0xff, 0x7f, 0x3f, 0xfe, 0xff, 0x7f, 0x3f, 0xfe, 0xff, 0x7f, 0x3f,
  0xfe, 0xff, 0x7f, 0x3f, 0xfe, 0xff, 0x7f, 0x3f, 0xfe, 0xff, 0x7f, 0x3f,
  0xfe, 0xff, 0x7f, 0x3f, 0xfe, 0xff, 0x7f, 0x3f, 0xfe, 0xff, 0x7f, 0x3f,
  0xfe, 0xff, 0x7f, 0x3f, 0xfe, 0xff, 0x7f, 0x3f, 0xfe, 0xff, 0x7f, 0x3f,
  0xfe, 0xff, 0x7f, 0x3f, 0xfe, 0xff, 0x7f, 0x3f, 0xfe, 0xff, 0x7f, 0x3f,
  0xfe, 0xff, 0x7f, 0x3f, 0xfe, 0xff, 0x7f, 0x3f, 0xfe, 0xff, 0x7f, 0x3f,
  0xfe, 0xff, 0x7f, 0x3f, 0xfe, 0xff, 0x7f, 0x3f, 0xfe, 0xff, 0x7f, 0x3f,
  0xfe, 0xff, 0x7f, 0x3f, 0xfe, 0xff, 0x7f, 0x3f, 0xfe, 0xff, 0x7f, 0x3f,
  0xfe, 0xff, 0x7f, 0x3f, 0xfe, 0xff, 0x7f, 0x3f, 0xfe, 0xff, 0x7f, 0x3f,
  0xfe, 0xff, 0x7f, 0x3f, 0xfe, 0xff, 0x7f, 0x3f, 0xfe, 0xff, 0x7f, 0x3f,
  0xfe, 0xff, 0x7f, 0x3f, 0xfe, 0xff, 0x7f, 0x3f, 0xfe, 0xff, 0x7f, 0x3f,
  0xfe, 0xff, 0x7f, 0x3f, 0xfe, 0xff, 0x7f, 0x3f, 0xfe, 0xff, 0x7f, 0x3f,
  0xfe, 0xff, 0x7f, 0x3f, 0xfe, 0xff, 0x7f, 0x3f, 0xfe, 0xff, 0x7f, 0x3f,
  0xfe, 0xff, 0x7f, 0x3f, 0xfe, 0xff, 0x7f, 0x3f, 0xfe, 0xff, 0x7f, 0x3f,
  0xfe, 0xff, 0x7f, 0x3f, 0xfe, 0xff, 0x7f, 0x3f, 0xfe, 0xff, 0x7f, 0x3f,
  0xfe, 0xff, 0x7f, 0x3f, 0xfe, 0xff, 0x7f, 0x3f, 0xfe, 0xff, 0x7f, 0x3f,
  0xfe, 0xff, 0x7f, 0x3f, 0xfe, 0xff, 0x7f, 0x3f, 0xfe, 0xff, 0x7f, 0x3f,
  0xfe, 0xff, 0x7f, 0x3f, 0xfe, 0xff, 0x7f, 0x3f, 0xfe, 0xff, 0x7f, 0x3f,
  0xfe, 0xff, 0x7f, 0x3f, 0xfe, 0xff, 0x7f, 0x3f, 0xfe, 0xff, 0x7f, 0x3f,
  0xfe, 0xff, 0x7f, 0x3f, 0xfe, 0xff, 0x7f, 0x3f, 0xfe, 0xff, 0x7f, 0x3f,
  0xfe, 0xff, 0x7f, 0x3f, 0xfe, 0xff, 0x7f, 0x3f, 0xfe, 0xff, 0x7f, 0x3f,
  0xfe, 0xff, 0x7f, 0x3f, 0xfe, 0xff, 0x7f, 0x3f, 0xfe, 0xff, 0x7f, 0x3f,
  0xfe, 0xff, 0x7f, 0x3f, 0xfe, 0xff, 0x7f, 0x3f, 0xfe, 0xff, 0x7f, 0x3f,
  0xfe, 0xff, 0x7f, 0x3f, 0xfe, 0xff, 0x7f, 0x3f, 0xfe, 0xff, 0x7f, 0x3f,
  0xfe, 0xff, 0x7f, 0x3f, 0xfe, 0xff, 0x7f, 0x3f, 0xfe, 0xff, 0x7f, 0x3f,
  0xfe, 0xff, 0x7f, 0x3f, 0xfe, 0xff, 0x7f, 0x3f, 0xfe, 0xff, 0x7f, 0x3f,
  0xfe, 0xff, 0x7f, 0x3f, 0xfe, 0xff, 0x7f, 0x3f, 0xfe, 0xff, 0x7f, 0x3f,
  0xfe, 0xff, 0x7f, 0x3f, 0xfe, 0xff, 0x7f, 0x3f, 0xfe, 0xff, 0x7f, 0x3f,
  0xfe, 0xff, 0x7f, 0x3f, 0xfe, 0xff, 0x7f, 0x3f, 0xfe, 0xff, 0x7f, 0x3f,
  0xfe, 0xff, 0x7f, 0x3f, 0xfe, 0xff, 0x7f, 0x3f, 0xfe, 0xff, 0x7f, 0x3f,
  0xfe, 0xff, 0x7f, 0x3f, 0xfe, 0xff, 0x7f, 0x3f, 0xfe, 0xff, 0x7f, 0x3f,
  0xfe, 0xff, 0x7f, 0x3f, 0xfe, 0xff, 0x7f, 0x3f, 0xfe, 0xff, 0x7f, 0x3f,
  0xfe, 0xff, 0x7f, 0x3f, 0xfe, 0xff, 0x7f, 0x3f, 0xfe, 0xff, 0x7f, 0x3f,
  0xfe, 0xff, 0x7f, 0x3f, 0xfe, 0xff, 0x7f, 0x3f, 0xfe, 0xff, 0x7f, 0x3f,
  0xfe, 0xff, 0x7f, 0x3f, 0xfe, 0xff, 0x7f, 0x3f, 0xfe, 0xff, 0x7f, 0x3f,
  0xfe, 0xff, 0x7f, 0x3f, 0xfe, 0xff, 0x7f, 0x3f, 0xfe, 0xff, 0x7f, 0x3f,
  0xfe, 0xff, 0x7f, 0x3f, 0xfe, 0xff, 0x7f, 0x3f, 0xfe, 0xff, 0x7f, 0x3f,
  0xfe, 0xff, 0x7f, 0x3f, 0xfe, 0xff, 0x7f, 0x3f, 0xfe, 0xff, 0x7f, 0x3f,
  0xfe, 0xff, 0x7f, 0x3f, 0xfe, 0xff, 0x7f, 0x3f, 0xfe, 0xff, 0x7f, 0x3f,
  0xfe, 0xff, 0x7f, 0x3f, 0xfe, 0xff, 0x7f, 0x3f, 0xfe, 0xff, 0x7f, 0x3f,
  0xfe, 0xff, 0x7f, 0x3f, 0xfe, 0xff, 0x7f, 0x3f, 0xfe, 0xff, 0x7f, 0x3f,
  0xfe, 0xff, 0x7f, 0x3f, 0xfe, 0xff, 0x7f, 0x3f, 0xfe, 0xff, 0x7f, 0x3f,
  0xfe, 0xff, 0x7f, 0x3f, 0xfe, 0xff, 0x7f, 0x3f, 0xfe, 0xff, 0x7f, 0x3f,
  0xfe, 0xff, 0x7f, 0x3f, 0xfe, 0xff, 0x7f, 0x3f, 0xfe, 0xff, 0x7f, 0x3f,
  0xfe, 0xff, 0x7f, 0x3f, 0xfe, 0xff, 0x7f, 0x3f, 0xfe, 0xff, 0x7f, 0x3f,
  0xfe, 0xff, 0x7f, 0x3f, 0xfe, 0xff, 0x7f, 0x3f, 0xfe, 0xff, 0x7f, 0x3f,
  0xfe, 0xff, 0x7f, 0x3f, 0xfe, 0xff, 0x7f, 0x3f, 0xfe, 0xff, 0x7f, 0x3f,
  0xfe, 0xff, 0x7f, 0x3f, 0xfe, 0xff, 0x7f, 0x3f, 0xfe, 0xff, 0x7f, 0x3f,
  0xfe, 0xff, 0x7f, 0x3f, 0xfe, 0xff, 0x7f, 0x3f, 0xfe, 0xff, 0x7f, 0x3f,
  0xfe, 0xff, 0x7f, 0x3f, 0xfe, 0xff, 0x7f, 0x3f, 0xfe, 0xff, 0x7f, 0x3f,
  0xfe, 0xff, 0x7f, 0x3f, 0xfe, 0xff, 0x7f, 0x3f, 0xfe, 0xff, 0x7f, 0x3f,
  0xfe, 0xff, 0x7f, 0x3f, 0xfe, 0xff, 0x7f, 0x3f, 0xfe, 0xff, 0x7f, 0x3f,
  0xfe, 0xff, 0x7f, 0x3f, 0xfe, 0xff, 0x7f, 0x3f, 0xfe, 0xff, 0x7f, 0x3f,
  0xfe, 0xff, 0x7f, 0x3f, 0xfe, 0xff, 0x7f, 0x3f, 0xfe, 0xff, 0x7f, 0x3f,
  0xfe, 0xff, 0x7f, 0x3f, 0xfe, 0xff, 0x7f, 0x3f, 0xfe, 0xff, 0x7f, 0x3f,
  0xfe, 0xff, 0x7f, 0x3f, 0xfe, 0xff, 0x7f, 0x3f, 0xfe, 0xff, 0x7f, 0x3f,
  0xfe, 0xff, 0x7f, 0x3f, 0xfe, 0xff, 0x7f, 0x3f, 0xfe, 0xff, 0x7f, 0x3f,
  0xfe, 0xff, 0x7f, 0x3f, 0xfe, 0xff, 0x7f, 0x3f, 0xfe, 0xff, 0x7f, 0x3f,
  0xfe, 0xff, 0x7f, 0x3f, 0xfe, 0xff, 0x7f, 0x3f, 0xfe, 0xff, 0x7f, 0x3f,
  0xfe, 0xff, 0x7f, 0x3f, 0xfe, 0xff, 0x7f, 0x3f, 0xfe, 0xff, 0x7f, 0x3f,
  0xfe, 0xff, 0x7f, 0x3f, 0xfe, 0xff, 0x7f, 0x3f, 0xfe, 0xff, 0x7f, 0x3f,
  0xfe, 0xff, 0x7f, 0x3f, 0xfe, 0xff, 0x7f, 0x3f, 0xfe, 0xff, 0x7f, 0x3f,
  0xfe, 0xff, 0x7f, 0x3f, 0xfe, 0xff, 0x7f, 0x3f, 0xfe, 0xff, 0x7f, 0x3f,
  0xfe, 0xff, 0x7f, 0x3f, 0xfe, 0xff, 0x7f, 0x3f, 0xfe, 0xff, 0x7f, 0x3f,
  0xfe, 0xff, 0x7f, 0x3f, 0xfe, 0xff, 0x7f, 0x3f, 0xfe, 0xff, 0x7f, 0x3f,
  0xfe, 0xff, 0x7f, 0x3f, 0xfe, 0xff, 0x7f, 0x3f, 0xfe, 0xff, 0x7f, 0x3f,
  0xfe, 0xff, 0x7f, 0x3f, 0xfe, 0xff, 0x7f, 0x3f, 0xfe, 0xff, 0x7f, 0x3f,
  0xfe, 0xff, 0x7f, 0x3f, 0xfe, 0xff, 0x7f, 0x3f, 0xfe, 0xff, 0x7f, 0x3f,
  0xfe, 0xff, 0x7f, 0x3f, 0xfe, 0xff, 0x7f, 0x3f, 0xfe, 0xff, 0x7f, 0x3f,
  0xfe, 0xff, 0x7f, 0x3f, 0xfe, 0xff, 0x7f, 0x3f, 0xfe, 0xff, 0x7f, 0x3f,
  0xfe, 0xff, 0x7f, 0x3f, 0xfe, 0xff, 0x7f, 0x3f, 0xfe, 0xff, 0x7f, 0x3f,
  0xfe, 0xff, 0x7f, 0x3f, 0xfe, 0xff, 0x7f, 0x3f, 0xfe, 0xff, 0x7f, 0x3f,
  0xfe, 0xff, 0x7f, 0x3f, 0xfe, 0xff, 0x7f, 0x3f, 0xfe, 0xff, 0x7f, 0x3f,
  0xfe, 0xff, 0x7f, 0x3f, 0xfe, 0xff, 0x7f, 0x3f, 0xfe, 0xff, 0x7f, 0x3f,
  0xfe, 0xff, 0x7f, 0x3f, 0xfe, 0xff, 0x7f, 0x3f, 0xfe, 0xff, 0x7f, 0x3f,
  0xfe, 0xff, 0x7f, 0x3f, 0xfe, 0xff, 0x7f, 0x3f, 0xfe, 0xff, 0x7f, 0x3f,
  0xfe, 0xff, 0x7f, 0x3f, 0xfe, 0xff, 0x7f, 0x3f, 0xfe, 0xff, 0x7f, 0x3f,
  0xfe, 0xff, 0x7f, 0x3f, 0xfe, 0xff, 0x7f, 0x3f, 0xfe, 0xff, 0x7f, 0x3f,
  0xfe, 0xff, 0x7f, 0x3f, 0xfe, 0xff, 0x7f, 0x3f, 0xfe, 0xff, 0x7f, 0x3f,
  0xfe, 0xff, 0x7f, 0x3f, 0xfe, 0xff, 0x7f, 0x3f, 0xfe, 0xff, 0x7f, 0x3f,
  0xfe, 0xff, 0x7f, 0x3f, 0xfe, 0xff, 0x7f, 0x3f, 0xfe, 0xff, 0x7f, 0x3f,
  0xfe, 0xff, 0x7f, 0x3f, 0xfe, 0xff, 0x7f, 0x3f, 0xfe, 0xff, 0x7f, 0x3f,
  0xfe, 0xff, 0x7f, 0x3f, 0xfe, 0xff, 0x7f, 0x3f, 0xfe, 0xff, 0x7f, 0x3f,
  0xfe, 0xff, 0x7f, 0x3f, 0xfe, 0xff, 0x7f, 0x3f, 0xfe, 0xff, 0x7f, 0x3f,
  0xfe, 0xff, 0x7f, 0x3f, 0xfe, 0xff, 0x7f, 0x3f, 0xfe, 0xff, 0x7f, 0x3f,
  0xfe, 0xff, 0x7f, 0x3f, 0xfe, 0xff, 0x7f, 0x3f, 0xfe, 0xff, 0x7f, 0x3f,
  0xfe, 0xff, 0x7f, 0x3f, 0xfe, 0xff, 0x7f, 0x3f, 0xfe, 0xff, 0x7f, 0x3f,
  0xfe, 0xff, 0x7f, 0x3f, 0xfe, 0xff, 0x7f, 0x3f, 0xfe, 0xff, 0x7f, 0x3f,
  0xfe, 0xff, 0x7f, 0x3f, 0xfe, 0xff, 0x7f, 0x3f, 0xfe, 0xff, 0x7f, 0x3f,
  0xfe, 0xff, 0x7f, 0x3f, 0xfe, 0xff, 0x7f, 0x3f, 0xfe, 0xff, 0x7f, 0x3f,
  0xfe, 0xff, 0x7f, 0x3f, 0xfe, 0xff, 0x7f, 0x3f, 0xfe, 0xff, 0x7f, 0x3f,
  0xfe, 0xff, 0x7f, 0x3f, 0xfe, 0xff, 0x7f, 0x3f, 0xfe, 0xff, 0x7f, 0x3f,
  0xfe, 0xff, 0x7f, 0x3f, 0xfe, 0xff, 0x7f, 0x3f, 0xfe, 0xff, 0x7f, 0x3f,
  0xfe, 0xff, 0x7f, 0x3f, 0xfe, 0xff, 0x7f, 0x3f, 0xfe, 0xff, 0x7f, 0x3f,
  0xfe, 0xff, 0x7f, 0x3f, 0xfe, 0xff, 0x7f, 0x3f, 0xfe, 0xff, 0x7f, 0x3f,
  0xfe, 0xff, 0x7f, 0x3f, 0xfe, 0xff, 0x7f, 0x3f, 0xfe, 0xff, 0x7f, 0x3f,
  0xfe, 0xff, 0x7f, 0x3f, 0xfe, 0xff, 0x7f, 0x3f, 0xfe, 0xff, 0x7f, 0x3f,
  0xfe, 0xff, 0x7f, 0x3f, 0xfe, 0xff, 0x7f, 0x3f, 0xfe, 0xff, 0x7f, 0x3f,
  0xfe, 0xff, 0x7f, 0x3f, 0xfe, 0xff, 0x7f, 0x3f, 0xfe, 0xff, 0x7f, 0x3f,
  0xfe, 0xff, 0x7f, 0x3f, 0xfe, 0xff, 0x7f, 0x3f, 0xfe, 0xff, 0x7f, 0x3f,
  0xfe, 0xff, 0x7f, 0x3f, 0xfe, 0xff, 0x7f, 0x3f, 0xfe, 0xff, 0x7f, 0x3f,
  0xfe, 0xff, 0x7f, 0x3f, 0xfe, 0xff, 0x7f, 0x3f, 0xfe, 0xff, 0x7f, 0x3f,
  0xfe, 0xff, 0x7f, 0x3f, 0xfe, 0xff, 0x7f, 0x3f, 0xfe, 0xff, 0x7f, 0x3f,
  0xfe, 0xff, 0x7f, 0x3f, 0xfe, 0xff, 0x7f, 0x3f, 0xfe, 0xff, 0x7f, 0x3f,
  0xfe, 0xff, 0x7f, 0x3f, 0xfe, 0xff, 0x7f, 0x3f, 0xfe, 0xff, 0x7f, 0x3f,
  0xfe, 0xff, 0x7f, 0x3f, 0xfe, 0xff, 0x7f, 0x3f, 0xfe, 0xff, 0x7f, 0x3f,
  0xfe, 0xff, 0x7f, 0x3f, 0xfe, 0xff, 0x7f, 0x3f, 0xfe, 0xff, 0x7f, 0x3f,
  0xfe, 0xff, 0x7f, 0x3f, 0xfe, 0xff, 0x7f, 0x3f, 0xfe, 0xff, 0x7f, 0x3f,
  0xfe, 0xff, 0x7f, 0x3f, 0xfe, 0xff, 0x7f, 0x3f, 0xfe, 0xff, 0x7f, 0x3f,
  0xfe, 0xff, 0x7f, 0x3f, 0xfe, 0xff, 0x7f, 0x3f, 0xfe, 0xff, 0x7f, 0x3f,
  0xfe, 0xff, 0x7f, 0x3f, 0xfe, 0xff, 0x7f, 0x3f, 0xfe, 0xff, 0x7f, 0x3f,
  0xfe, 0xff, 0x7f, 0x3f, 0xfe, 0xff, 0x7f, 0x3f, 0xfe, 0xff, 0x7f, 0x3f,
  0xfe, 0xff, 0x7f, 0x3f, 0xfe, 0xff, 0x7f, 0x3f, 0xfe, 0xff, 0x7f, 0x3f,
  0xfe, 0xff, 0x7f, 0x3f, 0xfe, 0xff, 0x7f, 0x3f, 0xfe, 0xff, 0x7f, 0x3f,
  0xfe, 0xff, 0x7f, 0x3f, 0xfe, 0xff, 0x7f, 0x3f, 0xfe, 0xff, 0x7f, 0x3f,
  0xfe, 0xff, 0x7f, 0x3f, 0xfe, 0xff, 0x7f, 0x3f, 0xfe, 0xff, 0x7f, 0x3f,
  0xfe, 0xff, 0x7f, 0x3f, 0xfe, 0xff, 0x7f, 0x3f, 0xfe, 0xff, 0x7f, 0x3f,
  0xfe, 0xff, 0x7f, 0x3f, 0xfe, 0xff, 0x7f, 0x3f, 0xfe, 0xff, 0x7f, 0x3f,
  0xfe, 0xff, 0x7f, 0x3f, 0xfe, 0xff, 0x7f, 0x3f, 0xfe, 0xff, 0x7f, 0x3f,
  0xfe, 0xff, 0x7f, 0x3f, 0xfe, 0xff, 0x7f, 0x3f, 0xfe, 0xff, 0x7f, 0x3f,
  0xfe, 0xff, 0x7f, 0x3f, 0xfe, 0xff, 0x7f, 0x3f, 0xfe, 0xff, 0x7f, 0x3f,
  0xfe, 0xff, 0x7f, 0x3f, 0xfe, 0xff, 0x7f, 0x3f, 0xfe, 0xff, 0x7f, 0x3f,
  0xfe, 0xff, 0x7f, 0x3f, 0xfe, 0xff, 0x7f, 0x3f, 0xfe, 0xff, 0x7f, 0x3f,
  0xfe, 0xff, 0x7f, 0x3f, 0xfe, 0xff, 0x7f, 0x3f, 0xfe, 0xff, 0x7f, 0x3f,
  0xfe, 0xff, 0x7f, 0x3f, 0xfe, 0xff, 0x7f, 0x3f, 0xfe, 0xff, 0x7f, 0x3f,
  0xfe, 0xff, 0x7f, 0x3f, 0xfe, 0xff, 0x7f, 0x3f, 0xfe, 0xff, 0x7f, 0x3f,
  0xfe, 0xff, 0x7f, 0x3f, 0xfe, 0xff, 0x7f, 0x3f, 0xfe, 0xff, 0x7f, 0x3f,
  0xfe, 0xff, 0x7f, 0x3f, 0xfe, 0xff, 0x7f, 0x3f, 0xfe, 0xff, 0x7f, 0x3f,
  0xfe, 0xff, 0x7f, 0x3f, 0xfe, 0xff, 0x7f, 0x3f, 0xfe, 0xff, 0x7f, 0x3f,
  0xfe, 0xff, 0x7f, 0x3f, 0xfe, 0xff, 0x7f, 0x3f, 0xfe, 0xff, 0x7f, 0x3f,
  0xfe, 0xff, 0x7f, 0x3f, 0xfe, 0xff, 0x7f, 0x3f, 0xfe, 0xff, 0x7f, 0x3f,
  0xfe, 0xff, 0x7f, 0x3f, 0xfe, 0xff, 0x7f, 0x3f, 0xfe, 0xff, 0x7f, 0x3f,
  0xfe, 0xff, 0x7f, 0x3f, 0xfe, 0xff, 0x7f, 0x3f, 0xfe, 0xff, 0x7f, 0x3f,
  0xfe, 0xff, 0x7f, 0x3f, 0xfe, 0xff, 0x7f, 0x3f, 0xfe, 0xff, 0x7f, 0x3f,
  0xfe, 0xff, 0x7f, 0x3f, 0xfe, 0xff, 0x7f, 0x3f, 0xfe, 0xff, 0x7f, 0x3f,
  0xfe, 0xff, 0x7f, 0x3f, 0xfe, 0xff, 0x7f, 0x3f, 0xfe, 0xff, 0x7f, 0x3f,
  0xfe, 0xff, 0x7f, 0x3f, 0xfe, 0xff, 0x7f, 0x3f, 0xfe, 0xff, 0x7f, 0x3f,
  0xfe, 0xff, 0x7f, 0x3f, 0xfe, 0xff, 0x7f, 0x3f, 0xfe, 0xff, 0x7f, 0x3f,
  0xfe, 0xff, 0x7f, 0x3f, 0xfe, 0xff, 0x7f, 0x3f, 0xfe, 0xff, 0x7f, 0x3f,
  0xfe, 0xff, 0x7f, 0x3f, 0xfe, 0xff, 0x7f, 0x3f, 0xfe, 0xff, 0x7f, 0x3f,
  0xfe, 0xff, 0x7f, 0x3f, 0xfe, 0xff, 0x7f, 0x3f, 0xfe, 0xff, 0x7f, 0x3f,
  0xfe, 0xff, 0x7f, 0x3f, 0xfe, 0xff, 0x7f, 0x3f, 0xfe, 0xff, 0x7f, 0x3f,
  0xfe, 0xff, 0x7f, 0x3f, 0xfe, 0xff, 0x7f, 0x3f, 0xfe, 0xff, 0x7f, 0x3f,
  0xfe, 0xff, 0x7f, 0x3f, 0xfe, 0xff, 0x7f, 0x3f, 0xfe, 0xff, 0x7f, 0x3f,
  0xfe, 0xff, 0x7f, 0x3f, 0xfe, 0xff, 0x7f, 0x3f, 0xfe, 0xff, 0x7f, 0x3f,
  0xfe, 0xff, 0x7f, 0x3f, 0xfe, 0xff, 0x7f, 0x3f, 0xfe, 0xff, 0x7f, 0x3f,
  0xfe, 0xff, 0x7f, 0x3f, 0xfe, 0xff, 0x7f, 0x3f, 0xfe, 0xff, 0x7f, 0x3f,
  0xfe, 0xff, 0x7f, 0x3f, 0xfe, 0xff, 0x7f, 0x3f, 0xfe, 0xff, 0x7f, 0x3f,
  0xfe, 0xff, 0x7f, 0x3f, 0xfe, 0xff, 0x7f, 0x3f, 0xfe, 0xff, 0x7f, 0x3f,
  0xfe, 0xff, 0x7f, 0x3f, 0xfe, 0xff, 0x7f, 0x3f, 0xfe, 0xff, 0x7f, 0x3f,
  0xfe, 0xff, 0x7f, 0x3f, 0xfe, 0xff, 0x7f, 0x3f, 0xfe, 0xff, 0x7f, 0x3f,
  0xfe, 0xff, 0x7f, 0x3f, 0xfe, 0xff, 0x7f, 0x3f, 0xfe, 0xff, 0x7f, 0x3f,
  0xfe, 0xff, 0x7f, 0x3f, 0xfe, 0xff, 0x7f, 0x3f, 0xfe, 0xff, 0x7f, 0x3f,
  0xfe, 0xff, 0x7f, 0x3f, 0xfe, 0xff, 0x7f, 0x3f, 0xfe, 0xff, 0x7f, 0x3f,
  0xfe, 0xff, 0x7f, 0x3f, 0xfe, 0xff, 0x7f, 0x3f, 0xfe, 0xff, 0x7f, 0x3f,
  0xfe, 0xff, 0x7f, 0x3f, 0xfe, 0xff, 0x7f, 0x3f, 0xfe, 0xff, 0x7f, 0x3f,
  0xfe, 0xff, 0x7f, 0x3f, 0xfe, 0xff, 0x7f, 0x3f, 0xfe, 0xff, 0x7f, 0x3f,
  0xfe, 0xff, 0x7f, 0x3f, 0xfe, 0xff, 0x7f, 0x3f, 0xfe, 0xff, 0x7f, 0x3f,
  0xfe, 0xff, 0x7f, 0x3f, 0xfe, 0xff, 0x7f, 0x3f, 0xfe, 0xff, 0x7f, 0x3f,
  0xfe, 0xff, 0x7f, 0x3f, 0xfe, 0xff, 0x7f, 0x3f, 0xfe, 0xff, 0x7f, 0x3f,
  0xfe, 0xff, 0x7f, 0x3f, 0xfe, 0xff, 0x7f, 0x3f, 0xfe, 0xff, 0x7f, 0x3f,
  0xfe, 0xff, 0x7f, 0x3f, 0xfe, 0xff, 0x7f, 0x3f, 0xfe, 0xff, 0x7f, 0x3f,
  0xfe, 0xff, 0x7f, 0x3f, 0xfe, 0xff, 0x7f, 0x3f, 0xfe, 0xff, 0x7f, 0x3f,
  0xfe, 0xff, 0x7f, 0x3f, 0xfe, 0xff, 0x7f, 0x3f, 0xfe, 0xff, 0x7f, 0x3f,
  0xfe, 0xff, 0x7f, 0x3f, 0xfe, 0xff, 0x7f, 0x3f, 0xfe, 0xff, 0x7f, 0x3f,
  0xfe, 0xff, 0x7f, 0x3f, 0xfe, 0xff, 0x7f, 0x3f, 0xfe, 0xff, 0x7f, 0x3f,
  0xfe, 0xff, 0x7f, 0x3f, 0xfe, 0xff, 0x7f, 0x3f, 0xfe, 0xff, 0x7f, 0x3f,
  0xfe, 0xff, 0x7f, 0x3f, 0xfe, 0xff, 0x7f, 0x3f, 0xfe, 0xff, 0x7f, 0x3f,
  0xfe, 0xff, 0x7f, 0x3f, 0xfe, 0xff, 0x7f, 0x3f, 0xfe, 0xff, 0x7f, 0x3f,
  0xfe, 0xff, 0x7f, 0x3f, 0xfe, 0xff, 0x7f, 0x3f, 0xfe, 0xff, 0x7f, 0x3f,
  0xfe, 0xff, 0x7f, 0x3f, 0xfe, 0xff, 0x7f, 0x3f, 0xfe, 0xff, 0x7f, 0x3f,
  0xfe, 0xff, 0x7f, 0x3f, 0xfe, 0xff, 0x7f, 0x3f, 0xfe, 0xff, 0x7f, 0x3f,
  0xfe, 0xff, 0x7f, 0x3f, 0xfe, 0xff, 0x7f, 0x3f, 0xfe, 0xff, 0x7f, 0x3f,
  0xfe, 0xff, 0x7f, 0x3f, 0xfe, 0xff, 0x7f, 0x3f, 0xfe, 0xff, 0x7f, 0x3f,
  0xfe, 0xff, 0x7f, 0x3f, 0xfe, 0xff, 0x7f, 0x3f, 0xfe, 0xff, 0x7f, 0x3f,
  0xfe, 0xff, 0x7f, 0x3f, 0xfe, 0xff, 0x7f, 0x3f, 0xfe, 0xff, 0x7f, 0x3f,
  0xfe, 0xff, 0x7f, 0x3f, 0xfe, 0xff, 0x7f, 0x3f, 0xfe, 0xff, 0x7f, 0x3f,
  0xfe, 0xff, 0x7f, 0x3f, 0xfe, 0xff, 0x7f, 0x3f, 0xfe, 0xff, 0x7f, 0x3f,
  0xfe, 0xff, 0x7f, 0x3f, 0xfe, 0xff, 0x7f, 0x3f, 0xfe, 0xff, 0x7f, 0x3f,
  0xfe, 0xff, 0x7f, 0x3f, 0xfe, 0xff, 0x7f, 0x3f, 0xfe, 0xff, 0x7f, 0x3f,
  0xfe, 0xff, 0x7f, 0x3f, 0xfe, 0xff, 0x7f, 0x3f, 0xfe, 0xff, 0x7f, 0x3f,
  0xfe, 0xff, 0x7f, 0x3f, 0xfe, 0xff, 0x7f, 0x3f, 0xfe, 0xff, 0x7f, 0x3f,
  0xfe, 0xff, 0x7f, 0x3f, 0xfe, 0xff, 0x7f, 0x3f, 0xfe, 0xff, 0x7f, 0x3f,
  0xfe, 0xff, 0x7f, 0x3f, 0xfe, 0xff, 0x7f, 0x3f, 0xfe, 0xff, 0x7f, 0x3f,
  0xfe, 0xff, 0x7f, 0x3f, 0xfe, 0xff, 0x7f, 0x3f, 0xfe, 0xff, 0x7f, 0x3f,
  0xfe, 0xff, 0x7f, 0x3f, 0xfe, 0xff, 0x7f, 0x3f, 0xfe, 0xff, 0x7f, 0x3f,
  0xfe, 0xff, 0x7f, 0x3f, 0xfe, 0xff, 0x7f, 0x3f, 0xfe, 0xff, 0x7f, 0x3f,
  0xfe, 0xff, 0x7f, 0x3f, 0xfe, 0xff, 0x7f, 0x3f, 0xfe, 0xff, 0x7f, 0x3f,
  0xfe, 0xff, 0x7f, 0x3f, 0xfe, 0xff, 0x7f, 0x3f, 0xfe, 0xff, 0x7f, 0x3f,
  0xfe, 0xff, 0x7f, 0x3f, 0xfe, 0xff, 0x7f, 0x3f, 0xfe, 0xff, 0x7f, 0x3f,
  0xfe, 0xff, 0x7f, 0x3f, 0xfe, 0xff, 0x7f, 0x3f, 0xfe, 0xff, 0x7f, 0x3f,
  0xfe, 0xff, 0x7f, 0x3f, 0xfe, 0xff, 0x7f, 0x3f, 0xfe, 0xff, 0x7f, 0x3f,
  0xfe, 0xff, 0x7f, 0x3f, 0xfe, 0xff, 0x7f, 0x3f, 0xfe, 0xff, 0x7f, 0x3f,
  0xfe, 0xff, 0x7f, 0x3f, 0xfe, 0xff, 0x7f, 0x3f, 0xfe, 0xff, 0x7f, 0x3f,
  0xfe, 0xff, 0x7f, 0x3f, 0xfe, 0xff, 0x7f, 0x3f, 0xfe, 0xff, 0x7f, 0x3f,
  0xfe, 0xff, 0x7f, 0x3f, 0xfe, 0xff, 0x7f, 0x3f, 0xfe, 0xff, 0x7f, 0x3f,
  0xfe, 0xff, 0x7f, 0x3f, 0xfe, 0xff, 0x7f, 0x3f, 0xfe, 0xff, 0x7f, 0x3f,
  0xfe, 0xff, 0x7f, 0x3f, 0xfe, 0xff, 0x7f, 0x3f, 0xfe, 0xff, 0x7f, 0x3f,
  0xfe, 0xff, 0x7f, 0x3f, 0xfe, 0xff, 0x7f, 0x3f, 0xfe, 0xff, 0x7f, 0x3f,
  0xfe, 0xff, 0x7f, 0x3f, 0xfe, 0xff, 0x7f, 0x3f, 0xfe, 0xff, 0x7f, 0x3f,
  0xfe, 0xff, 0x7f, 0x3f, 0xfe, 0xff, 0x7f, 0x3f, 0xfe, 0xff, 0x7f, 0x3f,
  0xfe, 0xff, 0x7f, 0x3f, 0xfe, 0xff, 0x7f, 0x3f, 0xfe, 0xff, 0x7f, 0x3f,
  0xfe, 0xff, 0x7f, 0x3f, 0xfe, 0xff, 0x7f, 0x3f, 0xfe, 0xff, 0x7f, 0x3f,
  0xfe, 0xff, 0x7f, 0x3f, 0xfe, 0xff, 0x7f, 0x3f, 0xfe, 0xff, 0x7f, 0x3f,
  0xfe, 0xff, 0x7f, 0x3f, 0xfe, 0xff, 0x7f, 0x3f, 0xfe, 0xff, 0x7f, 0x3f,
  0xfe, 0xff, 0x7f, 0x3f, 0xfe, 0xff, 0x7f, 0x3f, 0xfe, 0xff, 0x7f, 0x3f,
  0xfe, 0xff, 0x7f, 0x3f, 0xfe, 0xff, 0x7f, 0x3f, 0xfe, 0xff, 0x7f, 0x3f,
  0xfe, 0xff, 0x7f, 0x3f, 0xfe, 0xff, 0x7f, 0x3f, 0xfe, 0xff, 0x7f, 0x3f,
  0xfe, 0xff, 0x7f, 0x3f, 0xfe, 0xff, 0x7f, 0x3f, 0xfe, 0xff, 0x7f, 0x3f,
  0xfe, 0xff, 0x7f, 0x3f, 0xfe, 0xff, 0x7f, 0x3f, 0xfe, 0xff, 0x7f, 0x3f,
  0xfe, 0xff, 0x7f, 0x3f, 0xfe, 0xff, 0x7f, 0x3f, 0xfe, 0xff, 0x7f, 0x3f,
  0xfe, 0xff, 0x7f, 0x3f, 0xfe, 0xff, 0x7f, 0x3f, 0xfe, 0xff, 0x7f, 0x3f,
  0xfe, 0xff, 0x7f, 0x3f, 0xfe, 0xff, 0x7f, 0x3f, 0xfe, 0xff, 0x7f, 0x3f,
  0xfe, 0xff, 0x7f, 0x3f, 0xfe, 0xff, 0x7f, 0x3f, 0xfe, 0xff, 0x7f, 0x3f,
  0xfe, 0xff, 0x7f, 0x3f, 0xfe, 0xff, 0x7f, 0x3f, 0xfe, 0xff, 0x7f, 0x3f,
  0xfe, 0xff, 0x7f, 0x3f, 0xfe, 0xff, 0x7f, 0x3f, 0xfe, 0xff, 0x7f, 0x3f,
  0xfe, 0xff, 0x7f, 0x3f, 0xfe, 0xff, 0x7f, 0x3f, 0xfe, 0xff, 0x7f, 0x3f,
  0xfe, 0xff, 0x7f, 0x3f, 0xfe, 0xff, 0x7f, 0x3f, 0x00, 0x00, 0x80, 0xbf,
  0x00, 0x00, 0x80, 0xbf, 0x00, 0x00, 0x80, 0xbf, 0x00, 0x00, 0x80, 0xbf,
  0x00, 0x00, 0x80, 0xbf, 0x00, 0x00, 0x80, 0xbf, 0x00, 0x00, 0x80, 0xbf,
  0x00, 0x00, 0x80, 0xbf, 0x00, 0x00, 0x80, 0xbf, 0x00, 0x00, 0x80, 0xbf,
  0x00, 0x00, 0x80, 0xbf, 0x00, 0x00, 0x80, 0xbf, 0x00, 0x00, 0x80, 0xbf,
  0x00, 0x00, 0x80, 0xbf, 0x00, 0x00, 0x80, 0xbf, 0x00, 0x00, 0x80, 0xbf,
  0x00, 0x00, 0x80, 0xbf, 0x00, 0x00, 0x80, 0xbf, 0x00, 0x00, 0x80, 0xbf,
  0x00, 0x00, 0x80, 0xbf, 0x00, 0x00, 0x80, 0xbf, 0x00, 0x00, 0x80, 0xbf,
  0x00, 0x00, 0x80, 0xbf, 0x00, 0x00, 0x80, 0xbf, 0x00, 0x00, 0x80, 0xbf,
  0x00, 0x00, 0x80, 0xbf, 0x00, 0x00, 0x80, 0xbf, 0x00, 0x00, 0x80, 0xbf,
  0x00, 0x00, 0x80, 0xbf, 0x00, 0x00, 0x80, 0xbf, 0x00, 0x00, 0x80, 0xbf,
  0x00, 0x00, 0x80, 0xbf, 0x00, 0x00, 0x80, 0xbf, 0x00, 0x00, 0x80, 0xbf,
  0x00, 0x00, 0x80, 0xbf, 0x00, 0x00, 0x80, 0xbf, 0x00, 0x00, 0x80, 0xbf,
  0x00, 0x00, 0x80, 0xbf, 0x00, 0x00, 0x80, 0xbf, 0x00, 0x00, 0x80, 0xbf,
  0x00, 0x00, 0x80, 0xbf, 0x00, 0x00, 0x80, 0xbf, 0x00, 0x00, 0x80, 0xbf,
  0x00, 0x00, 0x80, 0xbf, 0x00, 0x00, 0x80, 0xbf, 0x00, 0x00, 0x80, 0xbf,
  0x00, 0x00, 0x80, 0xbf, 0x00, 0x00, 0x80, 0xbf, 0x00, 0x00, 0x80, 0xbf,
  0x00, 0x00, 0x80, 0xbf, 0x00, 0x00, 0x80, 0xbf, 0x00, 0x00, 0x80, 0xbf,
  0x00, 0x00, 0x80, 0xbf, 0x00, 0x00, 0x80, 0xbf, 0x00, 0x00, 0x80, 0xbf,
  0x00, 0x00, 0x80, 0xbf, 0x00, 0x00, 0x80, 0xbf, 0x00, 0x00, 0x80, 0xbf,
  0x00, 0x00, 0x80, 0xbf, 0x00, 0x00, 0x80, 0xbf, 0x00, 0x00, 0x80, 0xbf,
  0x00, 0x00, 0x80, 0xbf, 0x00, 0x00, 0x80, 0xbf, 0x00, 0x00, 0x80, 0xbf,
  0x00, 0x00, 0x80, 0xbf, 0x00, 0x00, 0x80, 0xbf, 0x00, 0x00, 0x80, 0xbf,
  0x00, 0x00, 0x80, 0xbf, 0x00, 0x00, 0x80, 0xbf, 0x00, 0x00, 0x80, 0xbf,
  0x00, 0x00, 0x80, 0xbf, 0x00, 0x00, 0x80, 0xbf, 0x00, 0x00, 0x80, 0xbf,
  0x00, 0x00, 0x80, 0xbf, 0x00, 0x00, 0x80, 0xbf, 0x00, 0x00, 0x80, 0xbf,
  0x00, 0x00, 0x80, 0xbf, 0x00, 0x00, 0x80, 0xbf, 0x00, 0x00, 0x80, 0xbf,
  0x00, 0x00, 0x80, 0xbf, 0x00, 0x00, 0x80, 0xbf, 0x00, 0x00, 0x80, 0xbf,
  0x00, 0x00, 0x80, 0xbf, 0x00, 0x00, 0x80, 0xbf, 0x00, 0x00, 0x80, 0xbf,
  0x00, 0x00, 0x80, 0xbf, 0x00, 0x00, 0x80, 0xbf, 0x00, 0x00, 0x80, 0xbf,
  0x00, 0x00, 0x80, 0xbf, 0x00, 0x00, 0x80, 0xbf, 0x00, 0x00, 0x80, 0xbf,
  0x00, 0x00, 0x80, 0xbf, 0x00, 0x00, 0x80, 0xbf, 0x00, 0x00, 0x80, 0xbf,
  0x00, 0x00, 0x80, 0xbf, 0x00, 0x00, 0x80, 0xbf, 0x00, 0x00, 0x80, 0xbf,
  0x00, 0x00, 0x80, 0xbf, 0x00, 0x00, 0x80, 0xbf, 0x00, 0x00, 0x80, 0xbf,
  0x00, 0x00, 0x80, 0xbf, 0x00, 0x00, 0x80, 0xbf, 0x00, 0x00, 0x80, 0xbf,
  0x00, 0x00, 0x80, 0xbf, 0x00, 0x00, 0x80, 0xbf, 0x00, 0x00, 0x80, 0xbf,
  0x00, 0x00, 0x80, 0xbf, 0x00, 0x00, 0x80, 0xbf, 0x00, 0x00, 0x80, 0xbf,
  0x00, 0x00, 0x80, 0xbf, 0x00, 0x00, 0x80, 0xbf, 0x00, 0x00, 0x80, 0xbf,
  0x00, 0x00, 0x80, 0xbf, 0x00, 0x00, 0x80, 0xbf, 0x00, 0x00, 0x80, 0xbf,
  0x00, 0x00, 0x80, 0xbf, 0x00, 0x00, 0x80, 0xbf, 0x00, 0x00, 0x80, 0xbf,
  0x00, 0x00, 0x80, 0xbf, 0x00, 0x00, 0x80, 0xbf, 0x00, 0x00, 0x80, 0xbf,
  0x00, 0x00, 0x80, 0xbf, 0x00, 0x00, 0x80, 0xbf, 0x00, 0x00, 0x80, 0xbf,
  0x00, 0x00, 0x80, 0xbf, 0x00, 0x00, 0x80, 0xbf, 0x00, 0x00, 0x80, 0xbf,
  0x00, 0x00, 0x80, 0xbf, 0x00, 0x00, 0x80, 0xbf, 0x00, 0x00, 0x80, 0xbf,
  0x00, 0x00, 0x80, 0xbf, 0x00, 0x00, 0x80, 0xbf, 0x00, 0x00, 0x80, 0xbf,
  0x00, 0x00, 0x80, 0xbf, 0x00, 0x00, 0x80, 0xbf, 0x00, 0x00, 0x80, 0xbf,
  0x00, 0x00, 0x80, 0xbf, 0x00, 0x00, 0x80, 0xbf, 0x00, 0x00, 0x80, 0xbf,
  0x00, 0x00, 0x80, 0xbf, 0x00, 0x00, 0x80, 0xbf, 0x00, 0x00, 0x80, 0xbf,
  0x00, 0x00, 0x80, 0xbf, 0x00, 0x00, 0x80, 0xbf, 0x00, 0x00, 0x80, 0xbf,
  0x00, 0x00, 0x80, 0xbf, 0x00, 0x00, 0x80, 0xbf, 0x00, 0x00, 0x80, 0xbf,
  0x00, 0x00, 0x80, 0xbf, 0x00, 0x00, 0x80, 0xbf, 0x00, 0x00, 0x80, 0xbf,
  0x00, 0x00, 0x80, 0xbf, 0x00, 0x00, 0x80, 0xbf, 0x00, 0x00, 0x80, 0xbf,
  0x00, 0x00, 0x80, 0xbf, 0x00, 0x00, 0x80, 0xbf, 0x00, 0x00, 0x80, 0xbf,
  0x00, 0x00, 0x80, 0xbf, 0x00, 0x00, 0x80, 0xbf, 0x00, 0x00, 0x80, 0xbf,
  0x00, 0x00, 0x80, 0xbf, 0x00, 0x00, 0x80, 0xbf, 0x00, 0x00, 0x80, 0xbf,
  0x00, 0x00, 0x80, 0xbf, 0x00, 0x00, 0x80, 0xbf, 0x00, 0x00, 0x80, 0xbf,
  0x00, 0x00, 0x80, 0xbf, 0x00, 0x00, 0x80, 0xbf, 0x00, 0x00, 0x80, 0xbf,
  0x00, 0x00, 0x80, 0xbf, 0x00, 0x00, 0x80, 0xbf, 0x00, 0x00, 0x80, 0xbf,
  0x00, 0x00, 0x80, 0xbf, 0x00, 0x00, 0x80, 0xbf, 0x00, 0x00, 0x80, 0xbf,
  0x00, 0x00, 0x80, 0xbf, 0x00, 0x00, 0x80, 0xbf, 0x00, 0x00, 0x80, 0xbf,
  0x00, 0x00, 0x80, 0xbf, 0x00, 0x00, 0x80, 0xbf, 0x00, 0x00, 0x80, 0xbf,
  0x00, 0x00, 0x80, 0xbf, 0x00, 0x00, 0x80, 0xbf, 0x00, 0x00, 0x80, 0xbf,
  0x00, 0x00, 0x80, 0xbf, 0x00, 0x00, 0x80, 0xbf, 0x00, 0x00, 0x80, 0xbf,
  0x00, 0x00, 0x80, 0xbf, 0x00, 0x00, 0x80, 0xbf, 0x00, 0x00, 0x80, 0xbf,
  0x00, 0x00, 0x80, 0xbf, 0x00, 0x00, 0x80, 0xbf, 0x00, 0x00, 0x80, 0xbf,
  0x00, 0x00, 0x80, 0xbf, 0x00, 0x00, 0x80, 0xbf, 0x00, 0x00, 0x80, 0xbf,
  0x00, 0x00, 0x80, 0xbf, 0x00, 0x00, 0x80, 0xbf, 0x00, 0x00, 0x80, 0xbf,
  0x00, 0x00, 0x80, 0xbf, 0x00, 0x00, 0x80, 0xbf, 0x00, 0x00, 0x80, 0xbf,
  0x00, 0x00, 0x80, 0xbf, 0x00, 0x00, 0x80, 0xbf, 0x00, 0x00, 0x80, 0xbf,
  0x00, 0x00, 0x80, 0xbf, 0x00, 0x00, 0x80, 0xbf, 0x00, 0x00, 0x80, 0xbf,
  0x00, 0x00, 0x80, 0xbf, 0x00, 0x00, 0x80, 0xbf, 0x00, 0x00, 0x80, 0xbf,
  0x00, 0x00, 0x80, 0xbf, 0x00, 0x00, 0x80, 0xbf, 0x00, 0x00, 0x80, 0xbf,
  0x00, 0x00, 0x80, 0xbf, 0x00, 0x00, 0x80, 0xbf, 0x00, 0x00, 0x80, 0xbf,
  0x00, 0x00, 0x80, 0xbf, 0x00, 0x00, 0x80, 0xbf, 0x00, 0x00, 0x80, 0xbf,
  0x00, 0x00, 0x80, 0xbf, 0x00, 0x00, 0x80, 0xbf, 0x00, 0x00, 0x80, 0xbf,
  0x00, 0x00, 0x80, 0xbf, 0x00, 0x00, 0x80, 0xbf, 0x00, 0x00, 0x80, 0xbf,
  0x00, 0x00, 0x80, 0xbf, 0x00, 0x00, 0x80, 0xbf, 0x00, 0x00, 0x80, 0xbf,
  0x00, 0x00, 0x80, 0xbf, 0x00, 0x00, 0x80, 0xbf, 0x00, 0x00, 0x80, 0xbf,
  0x00, 0x00, 0x80, 0xbf, 0x00, 0x00, 0x80, 0xbf, 0x00, 0x00, 0x80, 0xbf,
  0x00, 0x00, 0x80, 0xbf, 0x00, 0x00, 0x80, 0xbf, 0x00, 0x00, 0x80, 0xbf,
  0x00, 0x00, 0x80, 0xbf, 0x00, 0x00, 0x80, 0xbf, 0x00, 0x00, 0x80, 0xbf,
  0x00, 0x00, 0x80, 0xbf, 0x00, 0x00, 0x80, 0xbf, 0x00, 0x00, 0x80, 0xbf,
  0x00, 0x00, 0x80, 0xbf, 0x00, 0x00, 0x80, 0xbf, 0x00, 0x00, 0x80, 0xbf,
  0x00, 0x00, 0x80, 0xbf, 0x00, 0x00, 0x80, 0xbf, 0x00, 0x00, 0x80, 0xbf,
  0x00, 0x00, 0x80, 0xbf, 0x00, 0x00, 0x80, 0xbf, 0x00, 0x00, 0x80, 0xbf,
  0x00, 0x00, 0x80, 0xbf, 0x00, 0x00, 0x80, 0xbf, 0x00, 0x00, 0x80, 0xbf,
  0x00, 0x00, 0x80, 0xbf, 0x00, 0x00, 0x80, 0xbf, 0x00, 0x00, 0x80, 0xbf,
  0x00, 0x00, 0x80, 0xbf, 0x00, 0x00, 0x80, 0xbf, 0x00, 0x00, 0x80, 0xbf,
  0x00, 0x00, 0x80, 0xbf, 0x00, 0x00, 0x80, 0xbf, 0x00, 0x00, 0x80, 0xbf,
  0x00, 0x00, 0x80, 0xbf, 0x00, 0x00, 0x80, 0xbf, 0x00, 0x00, 0x80, 0xbf,
  0x00, 0x00, 0x80, 0xbf, 0x00, 0x00, 0x80, 0xbf, 0x00, 0x00, 0x80, 0xbf,
  0x00, 0x00, 0x80, 0xbf, 0x00, 0x00, 0x80, 0xbf, 0x00, 0x00, 0x80, 0xbf,
  0x00, 0x00, 0x80, 0xbf, 0x00, 0x00, 0x80, 0xbf, 0x00, 0x00, 0x80, 0xbf,
  0x00, 0x00, 0x80, 0xbf, 0x00, 0x00, 0x80, 0xbf, 0x00, 0x00, 0x80, 0xbf,
  0x00, 0x00, 0x80, 0xbf, 0x00, 0x00, 0x80, 0xbf, 0x00, 0x00, 0x80, 0xbf,
  0x00, 0x00, 0x80, 0xbf, 0x00, 0x00, 0x80, 0xbf, 0x00, 0x00, 0x80, 0xbf,
  0x00, 0x00, 0x80, 0xbf, 0x00, 0x00, 0x80, 0xbf, 0x00, 0x00, 0x80, 0xbf,
  0x00, 0x00, 0x80, 0xbf, 0x00, 0x00, 0x80, 0xbf, 0x00, 0x00, 0x80, 0xbf,
  0x00, 0x00, 0x80, 0xbf, 0x00, 0x00, 0x80, 0xbf, 0x00, 0x00, 0x80, 0xbf,
  0x00, 0x00, 0x80, 0xbf, 0x00, 0x00, 0x80, 0xbf, 0x00, 0x00, 0x80, 0xbf,
  0x00, 0x00, 0x80, 0xbf, 0x00, 0x00, 0x80, 0xbf, 0x00, 0x00, 0x80, 0xbf,
  0x00, 0x00, 0x80, 0xbf, 0x00, 0x00, 0x80, 0xbf, 0x00, 0x00, 0x80, 0xbf,
  0x00, 0x00, 0x80, 0xbf, 0x00, 0x00, 0x80, 0xbf, 0x00, 0x00, 0x80, 0xbf,
  0x00, 0x00, 0x80, 0xbf, 0x00, 0x00, 0x80, 0xbf, 0x00, 0x00, 0x80, 0xbf,
  0x00, 0x00, 0x80, 0xbf, 0x00, 0x00, 0x80, 0xbf, 0x00, 0x00, 0x80, 0xbf,
  0x00, 0x00, 0x80, 0xbf, 0x00, 0x00, 0x80, 0xbf, 0x00, 0x00, 0x80, 0xbf,
  0x00, 0x00, 0x80, 0xbf, 0x00, 0x00, 0x80, 0xbf, 0x00, 0x00, 0x80, 0xbf,
  0x00, 0x00, 0x80, 0xbf, 0x00, 0x00, 0x80, 0xbf, 0x00, 0x00, 0x80, 0xbf,
  0x00, 0x00, 0x80, 0xbf, 0x00, 0x00, 0x80, 0xbf, 0x00, 0x00, 0x80, 0xbf,
  0x00, 0x00, 0x80, 0xbf, 0x00, 0x00, 0x80, 0xbf, 0x00, 0x00, 0x80, 0xbf,
  0x00, 0x00, 0x80, 0xbf, 0x00, 0x00, 0x80, 0xbf, 0x00, 0x00, 0x80, 0xbf,
  0x00, 0x00, 0x80, 0xbf, 0x00, 0x00, 0x80, 0xbf, 0x00, 0x00, 0x80, 0xbf,
  0x00, 0x00, 0x80, 0xbf, 0x00, 0x00, 0x80, 0xbf, 0x00, 0x00, 0x80, 0xbf,
  0x00, 0x00, 0x80, 0xbf, 0x00, 0x00, 0x80, 0xbf, 0x00, 0x00, 0x80, 0xbf,
  0x00, 0x00, 0x80, 0xbf, 0x00, 0x00, 0x80, 0xbf, 0x00, 0x00, 0x80, 0xbf,
  0x00, 0x00, 0x80, 0xbf, 0x00, 0x00, 0x80, 0xbf, 0x00, 0x00, 0x80, 0xbf,
  0x00, 0x00, 0x80, 0xbf, 0x00, 0x00, 0x80, 0xbf, 0x00, 0x00, 0x80, 0xbf,
  0x00, 0x00, 0x80, 0xbf, 0x00, 0x00, 0x80, 0xbf, 0x00, 0x00, 0x80, 0xbf,
  0x00, 0x00, 0x80, 0xbf, 0x00, 0x00, 0x80, 0xbf, 0x00, 0x00, 0x80, 0xbf,
  0x00, 0x00, 0x80, 0xbf, 0x00, 0x00, 0x80, 0xbf, 0x00, 0x00, 0x80, 0xbf,
  0x00, 0x00, 0x80, 0xbf, 0x00, 0x00, 0x80, 0xbf, 0x00, 0x00, 0x80, 0xbf,
  0x00, 0x00, 0x80, 0xbf, 0x00, 0x00, 0x80, 0xbf, 0x00, 0x00, 0x80, 0xbf,
  0x00, 0x00, 0x80, 0xbf, 0x00, 0x00, 0x80, 0xbf, 0x00, 0x00, 0x80, 0xbf,
  0x00, 0x00, 0x80, 0xbf, 0x00, 0x00, 0x80, 0xbf, 0x00, 0x00, 0x80, 0xbf,
  0x00, 0x00, 0x80, 0xbf, 0x00, 0x00, 0x80, 0xbf, 0x00, 0x00, 0x80, 0xbf,
  0x00, 0x00, 0x80, 0xbf, 0x00, 0x00, 0x80, 0xbf, 0x00, 0x00, 0x80, 0xbf,
  0x00, 0x00, 0x80, 0xbf, 0x00, 0x00, 0x80, 0xbf, 0x00, 0x00, 0x80, 0xbf,
  0x00, 0x00, 0x80, 0xbf, 0x00, 0x00, 0x80, 0xbf, 0x00, 0x00, 0x80, 0xbf,
  0x00, 0x00, 0x80, 0xbf, 0x00, 0x00, 0x80, 0xbf, 0x00, 0x00, 0x80, 0xbf,
  0x00, 0x00, 0x80, 0xbf, 0x00, 0x00, 0x80, 0xbf, 0x00, 0x00, 0x80, 0xbf,
  0x00, 0x00, 0x80, 0xbf, 0x00, 0x00, 0x80, 0xbf, 0x00, 0x00, 0x80, 0xbf,
  0x00, 0x00, 0x80, 0xbf, 0x00, 0x00, 0x80, 0xbf, 0x00, 0x00, 0x80, 0xbf,
  0x00, 0x00, 0x80, 0xbf, 0x00, 0x00, 0x80, 0xbf, 0x00, 0x00, 0x80, 0xbf,
  0x00, 0x00, 0x80, 0xbf, 0x00, 0x00, 0x80, 0xbf, 0x00, 0x00, 0x80, 0xbf,
  0x00, 0x00, 0x80, 0xbf, 0x00, 0x00, 0x80, 0xbf, 0x00, 0x00, 0x80, 0xbf,
  0x00, 0x00, 0x80, 0xbf, 0x00, 0x00, 0x80, 0xbf, 0x00, 0x00, 0x80, 0xbf,
  0x00, 0x00, 0x80, 0xbf, 0x00, 0x00, 0x80, 0xbf, 0x00, 0x00, 0x80, 0xbf,
  0x00, 0x00, 0x80, 0xbf, 0x00, 0x00, 0x80, 0xbf, 0x00, 0x00, 0x80, 0xbf,
  0x00, 0x00, 0x80, 0xbf, 0x00, 0x00, 0x80, 0xbf, 0x00, 0x00, 0x80, 0xbf,
  0x00, 0x00, 0x80, 0xbf, 0x00, 0x00, 0x80, 0xbf, 0x00, 0x00, 0x80, 0xbf,
  0x00, 0x00, 0x80, 0xbf, 0x00, 0x00, 0x80, 0xbf, 0x00, 0x00, 0x80, 0xbf,
  0x00, 0x00, 0x80, 0xbf, 0x00, 0x00, 0x80, 0xbf, 0x00, 0x00, 0x80, 0xbf,
  0x00, 0x00, 0x80, 0xbf, 0x00, 0x00, 0x80, 0xbf, 0x00, 0x00, 0x80, 0xbf,
  0x00, 0x00, 0x80, 0xbf, 0x00, 0x00, 0x80, 0xbf, 0x00, 0x00, 0x80, 0xbf,
  0x00, 0x00, 0x80, 0xbf, 0x00, 0x00, 0x80, 0xbf, 0x00, 0x00, 0x80, 0xbf,
  0x00, 0x00, 0x80, 0xbf, 0x00, 0x00, 0x80, 0xbf, 0x00, 0x00, 0x80, 0xbf,
  0x00, 0x00, 0x80, 0xbf, 0x00, 0x00, 0x80, 0xbf, 0x00, 0x00, 0x80, 0xbf,
  0x00, 0x00, 0x80, 0xbf, 0x00, 0x00, 0x80, 0xbf, 0x00, 0x00, 0x80, 0xbf,
  0x00, 0x00, 0x80, 0xbf, 0x00, 0x00, 0x80, 0xbf, 0x00, 0x00, 0x80, 0xbf,
  0x00, 0x00, 0x80, 0xbf, 0x00, 0x00, 0x80, 0xbf, 0x00, 0x00, 0x80, 0xbf,
  0x00, 0x00, 0x80, 0xbf, 0x00, 0x00, 0x80, 0xbf, 0x00, 0x00, 0x80, 0xbf,
  0x00, 0x00, 0x80, 0xbf, 0x00, 0x00, 0x80, 0xbf, 0x00, 0x00, 0x80, 0xbf,
  0x00, 0x00, 0x80, 0xbf, 0x00, 0x00, 0x80, 0xbf, 0x00, 0x00, 0x80, 0xbf,
  0x00, 0x00, 0x80, 0xbf, 0x00, 0x00, 0x80, 0xbf, 0x00, 0x00, 0x80, 0xbf,
  0x00, 0x00, 0x80, 0xbf, 0x00, 0x00, 0x80, 0xbf, 0x00, 0x00, 0x80, 0xbf,
  0x00, 0x00, 0x80, 0xbf, 0x00, 0x00, 0x80, 0xbf, 0x00, 0x00, 0x80, 0xbf,
  0x00, 0x00, 0x80, 0xbf, 0x00, 0x00, 0x80, 0xbf, 0x00, 0x00, 0x80, 0xbf,
  0x00, 0x00, 0x80, 0xbf, 0x00, 0x00, 0x80, 0xbf, 0x00, 0x00, 0x80, 0xbf,
  0x00, 0x00, 0x80, 0xbf, 0x00, 0x00, 0x80, 0xbf, 0x00, 0x00, 0x80, 0xbf,
  0x00, 0x00, 0x80, 0xbf, 0x00, 0x00, 0x80, 0xbf, 0x00, 0x00, 0x80, 0xbf,
  0x00, 0x00, 0x80, 0xbf, 0x00, 0x00, 0x80, 0xbf, 0x00, 0x00, 0x80, 0xbf,
  0x00, 0x00, 0x80, 0xbf, 0x00, 0x00, 0x80, 0xbf, 0x00, 0x00, 0x80, 0xbf,
  0x00, 0x00, 0x80, 0xbf, 0x00, 0x00, 0x80, 0xbf, 0x00, 0x00, 0x80, 0xbf,
  0x00, 0x00, 0x80, 0xbf, 0x00, 0x00, 0x80, 0xbf, 0x00, 0x00, 0x80, 0xbf,
  0x00, 0x00, 0x80, 0xbf, 0x00, 0x00, 0x80, 0xbf, 0x00, 0x00, 0x80, 0xbf,
  0x00, 0x00, 0x80, 0xbf, 0x00, 0x00, 0x80, 0xbf, 0x00, 0x00, 0x80, 0xbf,
  0x00, 0x00, 0x80, 0xbf, 0x00, 0x00, 0x80, 0xbf, 0x00, 0x00, 0x80, 0xbf,
  0x00, 0x00, 0x80, 0xbf, 0x00, 0x00, 0x80, 0xbf, 0x00, 0x00, 0x80, 0xbf,
  0x00, 0x00, 0x80, 0xbf, 0x00, 0x00, 0x80, 0xbf, 0x00, 0x00, 0x80, 0xbf,
  0x00, 0x00, 0x80, 0xbf, 0x00, 0x00, 0x80, 0xbf, 0x00, 0x00, 0x80, 0xbf,
  0x00, 0x00, 0x80, 0xbf, 0x00, 0x00, 0x80, 0xbf, 0x00, 0x00, 0x80, 0xbf,
  0x00, 0x00, 0x80, 0xbf, 0x00, 0x00, 0x80, 0xbf, 0x00, 0x00, 0x80, 0xbf,
  0x00, 0x00, 0x80, 0xbf, 0x00, 0x00, 0x80, 0xbf, 0x00, 0x00, 0x80, 0xbf,
  0x00, 0x00, 0x80, 0xbf, 0x00, 0x00, 0x80, 0xbf, 0x00, 0x00, 0x80, 0xbf,
  0x00, 0x00, 0x80, 0xbf, 0x00, 0x00, 0x80, 0xbf, 0x00, 0x00, 0x80, 0xbf,
  0x00, 0x00, 0x80, 0xbf, 0x00, 0x00, 0x80, 0xbf, 0x00, 0x00, 0x80, 0xbf,
  0x00, 0x00, 0x80, 0xbf, 0x00, 0x00, 0x80, 0xbf, 0x00, 0x00, 0x80, 0xbf,
  0x00, 0x00, 0x80, 0xbf, 0x00, 0x00, 0x80, 0xbf, 0x00, 0x00, 0x80, 0xbf,
  0x00, 0x00, 0x80, 0xbf, 0x00, 0x00, 0x80, 0xbf, 0x00, 0x00, 0x80, 0xbf,
  0x00, 0x00, 0x80, 0xbf, 0x00, 0x00, 0x80, 0xbf, 0x00, 0x00, 0x80, 0xbf,
  0x00, 0x00, 0x80, 0xbf, 0x00, 0x00, 0x80, 0xbf, 0x00, 0x00, 0x80, 0xbf,
  0x00, 0x00, 0x80, 0xbf, 0x00, 0x00, 0x80, 0xbf, 0x00, 0x00, 0x80, 0xbf,
  0x00, 0x00, 0x80, 0xbf, 0x00, 0x00, 0x80, 0xbf, 0x00, 0x00, 0x80, 0xbf,
  0x00, 0x00, 0x80, 0xbf, 0x00, 0x00, 0x80, 0xbf, 0x00, 0x00, 0x80, 0xbf,
  0x00, 0x00, 0x80, 0xbf, 0x00, 0x00, 0x80, 0xbf, 0x00, 0x00, 0x80, 0xbf,
  0x00, 0x00, 0x80, 0xbf, 0x00, 0x00, 0x80, 0xbf, 0x00, 0x00, 0x80, 0xbf,
  0x00, 0x00, 0x80, 0xbf, 0x00, 0x00, 0x80, 0xbf, 0x00, 0x00, 0x80, 0xbf,
  0x00, 0x00, 0x80, 0xbf, 0x00, 0x00, 0x80, 0xbf, 0x00, 0x00, 0x80, 0xbf,
  0x00, 0x00, 0x80, 0xbf, 0x00, 0x00, 0x80, 0xbf, 0x00, 0x00, 0x80, 0xbf,
  0x00, 0x00, 0x80, 0xbf, 0x00, 0x00, 0x80, 0xbf, 0x00, 0x00, 0x80, 0xbf,
  0x00, 0x00, 0x80, 0xbf, 0x00, 0x00, 0x80, 0xbf, 0x00, 0x00, 0x80, 0xbf,
  0x00, 0x00, 0x80, 0xbf, 0x00, 0x00, 0x80, 0xbf, 0x00, 0x00, 0x80, 0xbf,
  0x00, 0x00, 0x80, 0xbf, 0x00, 0x00, 0x80, 0xbf, 0x00, 0x00, 0x80, 0xbf,
  0x00, 0x00, 0x80, 0xbf, 0x00, 0x00, 0x80, 0xbf, 0x00, 0x00, 0x80, 0xbf,
  0x00, 0x00, 0x80, 0xbf, 0x00, 0x00, 0x80, 0xbf, 0x00, 0x00, 0x80, 0xbf,
  0x00, 0x00, 0x80, 0xbf, 0x00, 0x00, 0x80, 0xbf, 0x00, 0x00, 0x80, 0xbf,
  0x00, 0x00, 0x80, 0xbf, 0x00, 0x00, 0x80, 0xbf, 0x00, 0x00, 0x80, 0xbf,
  0x00, 0x00, 0x80, 0xbf, 0x00, 0x00, 0x80, 0xbf, 0x00, 0x00, 0x80, 0xbf,
  0x00, 0x00, 0x80, 0xbf, 0x00, 0x00, 0x80, 0xbf, 0x00, 0x00, 0x80, 0xbf,
  0x00, 0x00, 0x80, 0xbf, 0x00, 0x00, 0x80, 0xbf, 0x00, 0x00, 0x80, 0xbf,
  0x00, 0x00, 0x80, 0xbf, 0x00, 0x00, 0x80, 0xbf, 0x00, 0x00, 0x80, 0xbf,
  0x00, 0x00, 0x80, 0xbf, 0x00, 0x00, 0x80, 0xbf, 0x00, 0x00, 0x80, 0xbf,
  0x00, 0x00, 0x80, 0xbf, 0x00, 0x00, 0x80, 0xbf, 0x00, 0x00, 0x80, 0xbf,
  0x00, 0x00, 0x80, 0xbf, 0x00, 0x00, 0x80, 0xbf, 0x00, 0x00, 0x80, 0xbf,
  0x00, 0x00, 0x80, 0xbf, 0x00, 0x00, 0x80, 0xbf, 0x00, 0x00, 0x80, 0xbf,
  0x00, 0x00, 0x80, 0xbf, 0x00, 0x00, 0x80, 0xbf, 0x00, 0x00, 0x80, 0xbf,
  0x00, 0x00, 0x80, 0xbf, 0x00, 0x00, 0x80, 0xbf, 0x00, 0x00, 0x80, 0xbf,
  0x00, 0x00, 0x80, 0xbf, 0x00, 0x00, 0x80, 0xbf, 0x00, 0x00, 0x80, 0xbf,
  0x00, 0x00, 0x80, 0xbf, 0x00, 0x00, 0x80, 0xbf, 0x00, 0x00, 0x80, 0xbf,
  0x00, 0x00, 0x80, 0xbf, 0x00, 0x00, 0x80, 0xbf, 0x00, 0x00, 0x80, 0xbf,
  0x00, 0x00, 0x80, 0xbf, 0x00, 0x00, 0x80, 0xbf, 0x00, 0x00, 0x80, 0xbf,
  0x00, 0x00, 0x80, 0xbf, 0x00, 0x00, 0x80, 0xbf, 0x00, 0x00, 0x80, 0xbf,
  0x00, 0x00, 0x80, 0xbf, 0x00, 0x00, 0x80, 0xbf, 0x00, 0x00, 0x80, 0xbf,
  0x00, 0x00, 0x80, 0xbf, 0x00, 0x00, 0x80, 0xbf, 0x00, 0x00, 0x80, 0xbf,
  0x00, 0x00, 0x80, 0xbf, 0x00, 0x00, 0x80, 0xbf, 0x00, 0x00, 0x80, 0xbf,
  0x00, 0x00, 0x80, 0xbf, 0x00, 0x00, 0x80, 0xbf, 0x00, 0x00, 0x80, 0xbf,
  0x00, 0x00, 0x80, 0xbf, 0x00, 0x00, 0x80, 0xbf, 0x00, 0x00, 0x80, 0xbf,
  0x00, 0x00, 0x80, 0xbf, 0x00, 0x00, 0x80, 0xbf, 0x00, 0x00, 0x80, 0xbf,
  0x00, 0x00, 0x80, 0xbf, 0x00, 0x00, 0x80, 0xbf, 0x00, 0x00, 0x80, 0xbf,
  0x00, 0x00, 0x80, 0xbf, 0x00, 0x00, 0x80, 0xbf, 0x00, 0x00, 0x80, 0xbf,
  0x00, 0x00, 0x80, 0xbf, 0x00, 0x00, 0x80, 0xbf, 0x00, 0x00, 0x80, 0xbf,
  0x00, 0x00, 0x80, 0xbf, 0x00, 0x00, 0x80, 0xbf, 0x00, 0x00, 0x80, 0xbf,
  0x00, 0x00, 0x80, 0xbf, 0x00, 0x00, 0x80, 0xbf, 0x00, 0x00, 0x80, 0xbf,
  0x00, 0x00, 0x80, 0xbf, 0x00, 0x00, 0x80, 0xbf, 0x00, 0x00, 0x80, 0xbf,
  0x00, 0x00, 0x80, 0xbf, 0x00, 0x00, 0x80, 0xbf, 0x00, 0x00, 0x80, 0xbf,
  0x00, 0x00, 0x80, 0xbf, 0x00, 0x00, 0x80, 0xbf, 0x00, 0x00, 0x80, 0xbf,
  0x00, 0x00, 0x80, 0xbf, 0x00, 0x00, 0x80, 0xbf, 0x00, 0x00, 0x80, 0xbf,
  0x00, 0x00, 0x80, 0xbf, 0x00, 0x00, 0x80, 0xbf, 0x00, 0x00, 0x80, 0xbf,
  0x00, 0x00, 0x80, 0xbf, 0x00, 0x00, 0x80, 0xbf, 0x00, 0x00, 0x80, 0xbf,
  0x00, 0x00, 0x80, 0xbf, 0x00, 0x00, 0x80, 0xbf, 0x00, 0x00, 0x80, 0xbf,
  0x00, 0x00, 0x80, 0xbf, 0x00, 0x00, 0x80, 0xbf, 0x00, 0x00, 0x80, 0xbf,
  0x00, 0x00, 0x80, 0xbf, 0x00, 0x00, 0x80, 0xbf, 0x00, 0x00, 0x80, 0xbf,
  0x00, 0x00, 0x80, 0xbf, 0x00, 0x00, 0x80, 0xbf, 0x00, 0x00, 0x80, 0xbf,
  0x00, 0x00, 0x80, 0xbf, 0x00, 0x00, 0x80, 0xbf, 0x00, 0x00, 0x80, 0xbf,
  0x00, 0x00, 0x80, 0xbf, 0x00, 0x00, 0x80, 0xbf, 0x00, 0x00, 0x80, 0xbf,
  0x00, 0x00, 0x80, 0xbf, 0x00, 0x00, 0x80, 0xbf, 0x00, 0x00, 0x80, 0xbf,
  0x00, 0x00, 0x80, 0xbf, 0x00, 0x00, 0x80, 0xbf, 0x00, 0x00, 0x80, 0xbf,
  0x00, 0x00, 0x80, 0xbf, 0x00, 0x00, 0x80, 0xbf, 0x00, 0x00, 0x80, 0xbf,
  0x00, 0x00, 0x80, 0xbf, 0x00, 0x00, 0x80, 0xbf, 0x00, 0x00, 0x80, 0xbf,
  0x00, 0x00, 0x80, 0xbf, 0x00, 0x00, 0x80, 0xbf, 0x00, 0x00, 0x80, 0xbf,
  0x00, 0x00, 0x80, 0xbf, 0x00, 0x00, 0x80, 0xbf, 0x00, 0x00, 0x80, 0xbf,
  0x00, 0x00, 0x80, 0xbf, 0x00, 0x00, 0x80, 0xbf, 0x00, 0x00, 0x80, 0xbf,
  0x00, 0x00, 0x80, 0xbf, 0x00, 0x00, 0x80, 0xbf, 0x00, 0x00, 0x80, 0xbf,
  0x00, 0x00, 0x80, 0xbf, 0x00, 0x00, 0x80, 0xbf, 0x00, 0x00, 0x80, 0xbf,
  0x00, 0x00, 0x80, 0xbf, 0x00, 0x00, 0x80, 0xbf, 0x00, 0x00, 0x80, 0xbf,
  0x00, 0x00, 0x80, 0xbf, 0x00, 0x00, 0x80, 0xbf, 0x00, 0x00, 0x80, 0xbf,
  0x00, 0x00, 0x80, 0xbf, 0x00, 0x00, 0x80, 0xbf, 0x00, 0x00, 0x80, 0xbf,
  0x00, 0x00, 0x80, 0xbf, 0x00, 0x00, 0x80, 0xbf, 0x00, 0x00, 0x80, 0xbf,
  0x00, 0x00, 0x80, 0xbf, 0x00, 0x00, 0x80, 0xbf, 0x00, 0x00, 0x80, 0xbf,
  0x00, 0x00, 0x80, 0xbf, 0x00, 0x00, 0x80, 0xbf, 0x00, 0x00, 0x80, 0xbf,
  0x00, 0x00, 0x80, 0xbf, 0x00, 0x00, 0x80, 0xbf, 0x00, 0x00, 0x80, 0xbf,
  0x00, 0x00, 0x80, 0xbf, 0x00, 0x00, 0x80, 0xbf, 0x00, 0x00, 0x80, 0xbf,
  0x00, 0x00, 0x80, 0xbf, 0x00, 0x00, 0x80, 0xbf, 0x00, 0x00, 0x80, 0xbf,
  0x00, 0x00, 0x80, 0xbf, 0x00, 0x00, 0x80, 0xbf, 0x00, 0x00, 0x80, 0xbf,
  0x00, 0x00, 0x80, 0xbf, 0x00, 0x00, 0x80, 0xbf, 0x00, 0x00, 0x80, 0xbf,
  0x00, 0x00, 0x80, 0xbf, 0x00, 0x00, 0x80, 0xbf, 0x00, 0x00, 0x80, 0xbf,
  0x00, 0x00, 0x80, 0xbf, 0x00, 0x00, 0x80, 0xbf, 0x00, 0x00, 0x80, 0xbf,
  0x00, 0x00, 0x80, 0xbf, 0x00, 0x00, 0x80, 0xbf, 0x00, 0x00, 0x80, 0xbf,
  0x00, 0x00, 0x80, 0xbf, 0x00, 0x00, 0x80, 0xbf, 0x00, 0x00, 0x80, 0xbf,
  0x00, 0x00, 0x80, 0xbf, 0x00, 0x00, 0x80, 0xbf, 0x00, 0x00, 0x80, 0xbf,
  0x00, 0x00, 0x80, 0xbf, 0x00, 0x00, 0x80, 0xbf, 0x00, 0x00, 0x80, 0xbf,
  0x00, 0x00, 0x80, 0xbf, 0x00, 0x00, 0x80, 0xbf, 0x00, 0x00, 0x80, 0xbf,
  0x00, 0x00, 0x80, 0xbf, 0x00, 0x00, 0x80, 0xbf, 0x00, 0x00, 0x80, 0xbf,
  0x00, 0x00, 0x80, 0xbf, 0x00, 0x00, 0x80, 0xbf, 0x00, 0x00, 0x80, 0xbf,
  0x00, 0x00, 0x80, 0xbf, 0x00, 0x00, 0x80, 0xbf, 0x00, 0x00, 0x80, 0xbf,
  0x00, 0x00, 0x80, 0xbf, 0x00, 0x00, 0x80, 0xbf, 0x00, 0x00, 0x80, 0xbf,
  0x00, 0x00, 0x80, 0xbf, 0x00, 0x00, 0x80, 0xbf, 0x00, 0x00, 0x80, 0xbf,
  0x00, 0x00, 0x80, 0xbf, 0x00, 0x00, 0x80, 0xbf, 0x00, 0x00, 0x80, 0xbf,
  0x00, 0x00, 0x80, 0xbf, 0x00, 0x00, 0x80, 0xbf, 0x00, 0x00, 0x80, 0xbf,
  0x00, 0x00, 0x80, 0xbf, 0x00, 0x00, 0x80, 0xbf, 0x00, 0x00, 0x80, 0xbf,
  0x00, 0x00, 0x80, 0xbf, 0x00, 0x00, 0x80, 0xbf, 0x00, 0x00, 0x80, 0xbf,
  0x00, 0x00, 0x80, 0xbf, 0x00, 0x00, 0x80, 0xbf, 0x00, 0x00, 0x80, 0xbf,
  0x00, 0x00, 0x80, 0xbf, 0x00, 0x00, 0x80, 0xbf, 0x00, 0x00, 0x80, 0xbf,
  0x00, 0x00, 0x80, 0xbf, 0x00, 0x00, 0x80, 0xbf, 0x00, 0x00, 0x80, 0xbf,
  0x00, 0x00, 0x80, 0xbf, 0x00, 0x00, 0x80, 0xbf, 0x00, 0x00, 0x80, 0xbf,
  0x00, 0x00, 0x80, 0xbf, 0x00, 0x00, 0x80, 0xbf, 0x00, 0x00, 0x80, 0xbf,
  0x00, 0x00, 0x80, 0xbf, 0x00, 0x00, 0x80, 0xbf, 0x00, 0x00, 0x80, 0xbf,
  0x00, 0x00, 0x80, 0xbf, 0x00, 0x00, 0x80, 0xbf, 0x00, 0x00, 0x80, 0xbf,
  0x00, 0x00, 0x80, 0xbf, 0x00, 0x00, 0x80, 0xbf, 0x00, 0x00, 0x80, 0xbf,
  0x00, 0x00, 0x80, 0xbf, 0x00, 0x00, 0x80, 0xbf, 0x00, 0x00, 0x80, 0xbf,
  0x00, 0x00, 0x80, 0xbf, 0x00, 0x00, 0x80, 0xbf, 0x00, 0x00, 0x80, 0xbf,
  0x00, 0x00, 0x80, 0xbf, 0x00, 0x00, 0x80, 0xbf, 0x00, 0x00, 0x80, 0xbf,
  0x00, 0x00, 0x80, 0xbf, 0x00, 0x00, 0x80, 0xbf, 0x00, 0x00, 0x80, 0xbf,
  0x00, 0x00, 0x80, 0xbf, 0x00, 0x00, 0x80, 0xbf, 0x00, 0x00, 0x80, 0xbf,
  0x00, 0x00, 0x80, 0xbf, 0x00, 0x00, 0x80, 0xbf, 0x00, 0x00, 0x80, 0xbf,
  0x00, 0x00, 0x80, 0xbf, 0x00, 0x00, 0x80, 0xbf, 0x00, 0x00, 0x80, 0xbf,
  0x00, 0x00, 0x80, 0xbf, 0x00, 0x00, 0x80, 0xbf, 0x00, 0x00, 0x80, 0xbf,
  0x00, 0x00, 0x80, 0xbf, 0x00, 0x00, 0x80, 0xbf, 0x00, 0x00, 0x80, 0xbf,
  0x00, 0x00, 0x80, 0xbf, 0x00, 0x00, 0x80, 0xbf, 0x00, 0x00, 0x80, 0xbf,
  0x00, 0x00, 0x80, 0xbf, 0x00, 0x00, 0x80, 0xbf, 0x00, 0x00, 0x80, 0xbf,
  0x00, 0x00, 0x80, 0xbf, 0x00, 0x00, 0x80, 0xbf, 0x00, 0x00, 0x80, 0xbf,
  0x00, 0x00, 0x80, 0xbf, 0x00, 0x00, 0x80, 0xbf, 0x00, 0x00, 0x80, 0xbf,
  0x00, 0x00, 0x80, 0xbf, 0x00, 0x00, 0x80, 0xbf, 0x00, 0x00, 0x80, 0xbf,
  0x00, 0x00, 0x80, 0xbf, 0x00, 0x00, 0x80, 0xbf, 0x00, 0x00, 0x80, 0xbf,
  0x00, 0x00, 0x80, 0xbf, 0x00, 0x00, 0x80, 0xbf, 0x00, 0x00, 0x80, 0xbf,
  0x00, 0x00, 0x80, 0xbf, 0x00, 0x00, 0x80, 0xbf, 0x00, 0x00, 0x80, 0xbf,
  0x00, 0x00, 0x80, 0xbf, 0x00, 0x00, 0x80, 0xbf, 0x00, 0x00, 0x80, 0xbf,
  0x00, 0x00, 0x80, 0xbf, 0x00, 0x00, 0x80, 0xbf, 0x00, 0x00, 0x80, 0xbf,
  0x00, 0x00, 0x80, 0xbf, 0x00, 0x00, 0x80, 0xbf, 0x00, 0x00, 0x80, 0xbf,
  0x00, 0x00, 0x80, 0xbf, 0x00, 0x00, 0x80, 0xbf, 0x00, 0x00, 0x80, 0xbf,
  0x00, 0x00, 0x80, 0xbf, 0x00, 0x00, 0x80, 0xbf, 0x00, 0x00, 0x80, 0xbf,
  0x00, 0x00, 0x80, 0xbf, 0x00, 0x00, 0x80, 0xbf, 0x00, 0x00, 0x80, 0xbf,
  0x00, 0x00, 0x80, 0xbf, 0x00, 0x00, 0x80, 0xbf, 0x00, 0x00, 0x80, 0xbf,
  0x00, 0x00, 0x80, 0xbf, 0x00, 0x00, 0x80, 0xbf, 0x00, 0x00, 0x80, 0xbf,
  0x00, 0x00, 0x80, 0xbf, 0x00, 0x00, 0x80, 0xbf, 0x00, 0x00, 0x80, 0xbf,
  0x00, 0x00, 0x80, 0xbf, 0x00, 0x00, 0x80, 0xbf, 0x00, 0x00, 0x80, 0xbf,
  0x00, 0x00, 0x80, 0xbf, 0x00, 0x00, 0x80, 0xbf, 0x00, 0x00, 0x80, 0xbf,
  0x00, 0x00, 0x80, 0xbf, 0x00, 0x00, 0x80, 0xbf, 0x00, 0x00, 0x80, 0xbf,
  0x00, 0x00, 0x80, 0xbf, 0x00, 0x00, 0x80, 0xbf, 0x00, 0x00, 0x80, 0xbf,
  0x00, 0x00, 0x80, 0xbf, 0x00, 0x00, 0x80, 0xbf, 0x00, 0x00, 0x80, 0xbf,
  0x00, 0x00, 0x80, 0xbf, 0x00, 0x00, 0x80, 0xbf, 0x00, 0x00, 0x80, 0xbf,
  0x00, 0x00, 0x80, 0xbf, 0x00, 0x00, 0x80, 0xbf, 0x00, 0x00, 0x80, 0xbf,
  0x00, 0x00, 0x80, 0xbf, 0x00, 0x00, 0x80, 0xbf, 0x00, 0x00, 0x80, 0xbf,
  0x00, 0x00, 0x80, 0xbf, 0x00, 0x00, 0x80, 0xbf, 0x00, 0x00, 0x80, 0xbf,
  0x00, 0x00, 0x80, 0xbf, 0x00, 0x00, 0x80, 0xbf, 0x00, 0x00, 0x80, 0xbf,
  0x00, 0x00, 0x80, 0xbf, 0x00, 0x00, 0x80, 0xbf, 0x00, 0x00, 0x80, 0xbf,
  0x00, 0x00, 0x80, 0xbf, 0x00, 0x00, 0x80, 0xbf, 0x00, 0x00, 0x80, 0xbf,
  0x00, 0x00, 0x80, 0xbf, 0x00, 0x00, 0x80, 0xbf, 0x00, 0x00, 0x80, 0xbf,
  0x00, 0x00, 0x80, 0xbf, 0x00, 0x00, 0x80, 0xbf, 0x00, 0x00, 0x80, 0xbf,
  0x00, 0x00, 0x80, 0xbf, 0x00, 0x00, 0x80, 0xbf, 0x00, 0x00, 0x80, 0xbf,
  0x00, 0x00, 0x80, 0xbf, 0x00, 0x00, 0x80, 0xbf, 0x00, 0x00, 0x80, 0xbf,
  0x00, 0x00, 0x80, 0xbf, 0x00, 0x00, 0x80, 0xbf, 0x00, 0x00, 0x80, 0xbf,
  0x00, 0x00, 0x80, 0xbf, 0x00, 0x00, 0x80, 0xbf, 0x00, 0x00, 0x80, 0xbf,
  0x00, 0x00, 0x80, 0xbf, 0x00, 0x00, 0x80, 0xbf, 0x00, 0x00, 0x80, 0xbf,
  0x00, 0x00, 0x80, 0xbf, 0x00, 0x00, 0x80, 0xbf, 0x00, 0x00, 0x80, 0xbf,
  0x00, 0x00, 0x80, 0xbf, 0x00, 0x00, 0x80, 0xbf, 0x00, 0x00, 0x80, 0xbf,
  0x00, 0x00, 0x80, 0xbf, 0x00, 0x00, 0x80, 0xbf, 0x00, 0x00, 0x80, 0xbf,
  0x00, 0x00, 0x80, 0xbf, 0x00, 0x00, 0x80, 0xbf, 0x00, 0x00, 0x80, 0xbf,
  0x00, 0x00, 0x80, 0xbf, 0x00, 0x00, 0x80, 0xbf, 0x00, 0x00, 0x80, 0xbf,
  0x00, 0x00, 0x80, 0xbf, 0x00, 0x00, 0x80, 0xbf, 0x00, 0x00, 0x80, 0xbf,
  0x00, 0x00, 0x80, 0xbf, 0x00, 0x00, 0x80, 0xbf, 0x00, 0x00, 0x80, 0xbf,
  0x00, 0x00, 0x80, 0xbf, 0x00, 0x00, 0x80, 0xbf, 0x00, 0x00, 0x80, 0xbf,
  0x00, 0x00, 0x80, 0xbf, 0x00, 0x00, 0x80, 0xbf, 0x00, 0x00, 0x80, 0xbf,
  0x00, 0x00, 0x80, 0xbf, 0x00, 0x00, 0x80, 0xbf, 0x00, 0x00, 0x80, 0xbf,
  0x00, 0x00, 0x80, 0xbf, 0x00, 0x00, 0x80, 0xbf, 0x00, 0x00, 0x80, 0xbf,
  0x00, 0x00, 0x80, 0xbf, 0x00, 0x00, 0x80, 0xbf, 0x00, 0x00, 0x80, 0xbf,
  0x00, 0x00, 0x80, 0xbf, 0x00, 0x00, 0x80, 0xbf, 0x00, 0x00, 0x80, 0xbf,
  0x00, 0x00, 0x80, 0xbf, 0x00, 0x00, 0x80, 0xbf, 0x00, 0x00, 0x80, 0xbf,
  0x00, 0x00, 0x80, 0xbf, 0x00, 0x00, 0x80, 0xbf, 0x00, 0x00, 0x80, 0xbf,
  0x00, 0x00, 0x80, 0xbf, 0x00, 0x00, 0x80, 0xbf, 0x00, 0x00, 0x80, 0xbf,
  0x00, 0x00, 0x80, 0xbf, 0x00, 0x00, 0x80, 0xbf, 0x00, 0x00, 0x80, 0xbf,
  0x00, 0x00, 0x80, 0xbf, 0x00, 0x00, 0x80, 0xbf, 0x00, 0x00, 0x80, 0xbf,
  0x00, 0x00, 0x80, 0xbf, 0x00, 0x00, 0x80, 0xbf, 0x00, 0x00, 0x80, 0xbf,
  0x00, 0x00, 0x80, 0xbf, 0x00, 0x00, 0x80, 0xbf, 0x00, 0x00, 0x80, 0xbf,
  0x00, 0x00, 0x80, 0xbf, 0x00, 0x00, 0x80, 0xbf, 0x00, 0x00, 0x80, 0xbf,
  0x00, 0x00, 0x80, 0xbf, 0x00, 0x00, 0x80, 0xbf, 0x00, 0x00, 0x80, 0xbf,
  0x00, 0x00, 0x80, 0xbf, 0x00, 0x00, 0x80, 0xbf, 0x00, 0x00, 0x80, 0xbf,
  0x00, 0x00, 0x80, 0xbf, 0x00, 0x00, 0x80, 0xbf, 0x00, 0x00, 0x80, 0xbf,
  0x00, 0x00, 0x80, 0xbf, 0x00, 0x00, 0x80, 0xbf, 0x00, 0x00, 0x80, 0xbf,
  0x00, 0x00, 0x80, 0xbf, 0x00, 0x00, 0x80, 0xbf, 0x00, 0x00, 0x80, 0xbf,
  0x00, 0x00, 0x80, 0xbf, 0x00, 0x00, 0x80, 0xbf, 0x00, 0x00, 0x80, 0xbf,
  0x00, 0x00, 0x80, 0xbf, 0x00, 0x00, 0x80, 0xbf, 0x00, 0x00, 0x80, 0xbf,
  0x00, 0x00, 0x80, 0xbf, 0x00, 0x00, 0x80, 0xbf, 0x00, 0x00, 0x80, 0xbf,
  0x00, 0x00, 0x80, 0xbf, 0x00, 0x00, 0x80, 0xbf, 0x00, 0x00, 0x80, 0xbf,
  0x00, 0x00, 0x80, 0xbf, 0x00, 0x00, 0x80, 0xbf, 0x00, 0x00, 0x80, 0xbf,
  0x00, 0x00, 0x80, 0xbf, 0x00, 0x00, 0x80, 0xbf, 0x00, 0x00, 0x80, 0xbf,
  0x00, 0x00, 0x80, 0xbf, 0x00, 0x00, 0x80, 0xbf, 0x00, 0x00, 0x80, 0xbf,
  0x00, 0x00, 0x80, 0xbf, 0x00, 0x00, 0x80, 0xbf, 0x00, 0x00, 0x80, 0xbf,
  0x00, 0x00, 0x80, 0xbf, 0x00, 0x00, 0x80, 0xbf, 0x00, 0x00, 0x80, 0xbf,
  0x00, 0x00, 0x80, 0xbf, 0x00, 0x00, 0x80, 0xbf, 0x00, 0x00, 0x80, 0xbf,
  0x00, 0x00, 0x80, 0xbf, 0x00, 0x00, 0x80, 0xbf, 0x00, 0x00, 0x80, 0xbf,
  0x00, 0x00, 0x80, 0xbf, 0x00, 0x00, 0x80, 0xbf, 0x00, 0x00, 0x80, 0xbf,
  0x00, 0x00, 0x80, 0xbf, 0x00, 0x00, 0x80, 0xbf, 0x00, 0x00, 0x80, 0xbf,
  0x00, 0x00, 0x80, 0xbf, 0x00, 0x00, 0x80, 0xbf, 0x00, 0x00, 0x80, 0xbf,
  0x00, 0x00, 0x80, 0xbf, 0x00, 0x00, 0x80, 0xbf, 0x00, 0x00, 0x80, 0xbf,
  0x00, 0x00, 0x80, 0xbf, 0x00, 0x00, 0x80, 0xbf, 0x00, 0x00, 0x80, 0xbf,
  0x00, 0x00, 0x80, 0xbf, 0x00, 0x00, 0x80, 0xbf, 0x00, 0x00, 0x80, 0xbf,
  0x00, 0x00, 0x80, 0xbf, 0x00, 0x00, 0x80, 0xbf, 0x00, 0x00, 0x80, 0xbf,
  0x00, 0x00, 0x80, 0xbf, 0x00, 0x00, 0x80, 0xbf, 0x00, 0x00, 0x80, 0xbf,
  0x00, 0x00, 0x80, 0xbf, 0x00, 0x00, 0x80, 0xbf, 0x00, 0x00, 0x80, 0xbf,
  0x00, 0x00, 0x80, 0xbf, 0x00, 0x00, 0x80, 0xbf, 0x00, 0x00, 0x80, 0xbf,
  0x00, 0x00, 0x80, 0xbf, 0x00, 0x00, 0x80, 0xbf, 0x00, 0x00, 0x80, 0xbf,
  0x00, 0x00, 0x80, 0xbf, 0x00, 0x00, 0x80, 0xbf, 0x00, 0x00, 0x80, 0xbf,
  0x00, 0x00, 0x80, 0xbf, 0x00, 0x00, 0x80, 0xbf, 0x00, 0x00, 0x80, 0xbf,
  0x00, 0x00, 0x80, 0xbf, 0x00, 0x00, 0x80, 0xbf, 0x00, 0x00, 0x80, 0xbf,
  0x00, 0x00, 0x80, 0xbf, 0x00, 0x00, 0x80, 0xbf, 0x00, 0x00, 0x80, 0xbf,
  0x00, 0x00, 0x80, 0xbf, 0x00, 0x00, 0x80, 0xbf, 0x00, 0x00, 0x80, 0xbf,
  0x00, 0x00, 0x80, 0xbf, 0x00, 0x00, 0x80, 0xbf, 0x00, 0x00, 0x80, 0xbf,
  0x00, 0x00, 0x80, 0xbf, 0x00, 0x00, 0x80, 0xbf, 0x00, 0x00, 0x80, 0xbf,
  0x00, 0x00, 0x80, 0xbf, 0x00, 0x00, 0x80, 0xbf, 0x00, 0x00, 0x80, 0xbf,
  0x00, 0x00, 0x80, 0xbf, 0x00, 0x00, 0x80, 0xbf, 0x00, 0x00, 0x80, 0xbf,
  0x00, 0x00, 0x80, 0xbf, 0x00, 0x00, 0x80, 0xbf, 0x00, 0x00, 0x80, 0xbf,
  0x00, 0x00, 0x80, 0xbf, 0x00, 0x00, 0x80, 0xbf, 0x00, 0x00, 0x80, 0xbf,
  0x00, 0x00, 0x80, 0xbf, 0x00, 0x00, 0x80, 0xbf, 0x00, 0x00, 0x80, 0xbf,
  0x00, 0x00, 0x80, 0xbf, 0x00, 0x00, 0x80, 0xbf, 0x00, 0x00, 0x80, 0xbf,
  0x00, 0x00, 0x80, 0xbf, 0x00, 0x00, 0x80, 0xbf, 0x00, 0x00, 0x80, 0xbf,
  0x00, 0x00, 0x80, 0xbf, 0x00, 0x00, 0x80, 0xbf, 0x00, 0x00, 0x80, 0xbf,
  0x00, 0x00, 0x80, 0xbf, 0x00, 0x00, 0x80, 0xbf, 0x00, 0x00, 0x80, 0xbf,
  0x00, 0x00, 0x80, 0xbf, 0x00, 0x00, 0x80, 0xbf, 0x00, 0x00, 0x80, 0xbf,
  0x00, 0x00, 0x80, 0xbf, 0x00, 0x00, 0x80, 0xbf, 0x00, 0x00, 0x80, 0xbf,
  0x00, 0x00, 0x80, 0xbf, 0x00, 0x00, 0x80, 0xbf, 0x00, 0x00, 0x80, 0xbf,
  0x00, 0x00, 0x80, 0xbf, 0x00, 0x00, 0x80, 0xbf, 0x00, 0x00, 0x80, 0xbf,
  0x00, 0x00, 0x80, 0xbf, 0x00, 0x00, 0x80, 0xbf, 0x00, 0x00, 0x80, 0xbf,
  0x00, 0x00, 0x80, 0xbf, 0x00, 0x00, 0x80, 0xbf, 0x00, 0x00, 0x80, 0xbf,
  0x00, 0x00, 0x80, 0xbf, 0x00, 0x00, 0x80, 0xbf, 0x00, 0x00, 0x80, 0xbf,
  0x00, 0x00, 0x80, 0xbf, 0x00, 0x00, 0x80, 0xbf, 0x00, 0x00, 0x80, 0xbf,
  0x00, 0x00, 0x80, 0xbf, 0x00, 0x00, 0x80, 0xbf, 0x00, 0x00, 0x80, 0xbf,
  0x00, 0x00, 0x80, 0xbf, 0x00, 0x00, 0x80, 0xbf, 0x00, 0x00, 0x80, 0xbf,
  0x00, 0x00, 0x80, 0xbf, 0x00, 0x00, 0x80, 0xbf, 0x00, 0x00, 0x80, 0xbf,
  0x00, 0x00, 0x80, 0xbf, 0x00, 0x00, 0x80, 0xbf, 0x00, 0x00, 0x80, 0xbf,
  0x00, 0x00, 0x80, 0xbf, 0x00, 0x00, 0x80, 0xbf, 0x00, 0x00, 0x80, 0xbf,
  0x00, 0x00, 0x80, 0xbf, 0x00, 0x00, 0x80, 0xbf, 0x00, 0x00, 0x80, 0xbf,
  0x00, 0x00, 0x80, 0xbf, 0x00, 0x00, 0x80, 0xbf, 0x00, 0x00, 0x80, 0xbf,
  0x00, 0x00, 0x80, 0xbf, 0x00, 0x00, 0x80, 0xbf, 0x00, 0x00, 0x80, 0xbf,
  0x00, 0x00, 0x80, 0xbf, 0x00, 0x00, 0x80, 0xbf, 0x00, 0x00, 0x80, 0xbf,
  0x00, 0x00, 0x80, 0xbf, 0x00, 0x00, 0x80, 0xbf, 0x00, 0x00, 0x80, 0xbf,
  0x00, 0x00, 0x80, 0xbf, 0x00, 0x00, 0x80, 0xbf, 0x00, 0x00, 0x80, 0xbf,
  0x00, 0x00, 0x80, 0xbf, 0x00, 0x00, 0x80, 0xbf, 0x00, 0x00, 0x80, 0xbf,
  0x00, 0x00, 0x80, 0xbf, 0x00, 0x00, 0x80, 0xbf, 0x00, 0x00, 0x80, 0xbf,
  0x00, 0x00, 0x80, 0xbf, 0x00, 0x00, 0x80, 0xbf, 0x00, 0x00, 0x80, 0xbf,
  0x00, 0x00, 0x80, 0xbf, 0x00, 0x00, 0x80, 0xbf, 0x00, 0x00, 0x80, 0xbf,
  0x00, 0x00, 0x80, 0xbf, 0x00, 0x00, 0x80, 0xbf, 0x00, 0x00, 0x80, 0xbf,
  0x00, 0x00, 0x80, 0xbf, 0x00, 0x00, 0x80, 0xbf, 0x00, 0x00, 0x80, 0xbf,
  0x00, 0x00, 0x80, 0xbf, 0x00, 0x00, 0x80, 0xbf, 0x00, 0x00, 0x80, 0xbf,
  0x00, 0x00, 0x80, 0xbf, 0x00, 0x00, 0x80, 0xbf, 0x00, 0x00, 0x80, 0xbf,
  0x00, 0x00, 0x80, 0xbf, 0x00, 0x00, 0x80, 0xbf, 0x00, 0x00, 0x80, 0xbf,
  0x00, 0x00, 0x80, 0xbf, 0x00, 0x00, 0x80, 0xbf, 0x00, 0x00, 0x80, 0xbf,
  0x00, 0x00, 0x80, 0xbf, 0x00, 0x00, 0x80, 0xbf, 0x00, 0x00, 0x80, 0xbf,
  0x00, 0x00, 0x80, 0xbf, 0x00, 0x00, 0x80, 0xbf, 0x00, 0x00, 0x80, 0xbf,
  0x00, 0x00, 0x80, 0xbf, 0x00, 0x00, 0x80, 0xbf, 0x00, 0x00, 0x80, 0xbf,
  0x00, 0x00, 0x80, 0xbf, 0x00, 0x00, 0x80, 0xbf, 0x00, 0x00, 0x80, 0xbf,
  0x00, 0x00, 0x80, 0xbf, 0x00, 0x00, 0x80, 0xbf, 0x00, 0x00, 0x80, 0xbf,
  0x00, 0x00, 0x80, 0xbf, 0x00, 0x00, 0x80, 0xbf, 0x00, 0x00, 0x80, 0xbf,
  0x00, 0x00, 0x80, 0xbf, 0x00, 0x00, 0x80, 0xbf, 0x00, 0x00, 0x80, 0xbf,
  0x00, 0x00, 0x80, 0xbf, 0x00, 0x00, 0x80, 0xbf, 0x00, 0x00, 0x80, 0xbf,
  0x00, 0x00, 0x80, 0xbf, 0x00, 0x00, 0x80, 0xbf, 0x00, 0x00, 0x80, 0xbf,
  0x00, 0x00, 0x80, 0xbf, 0x00, 0x00, 0x80, 0xbf, 0x00, 0x00, 0x80, 0xbf,
  0x00, 0x00, 0x80, 0xbf, 0x00, 0x00, 0x80, 0xbf, 0x00, 0x00, 0x80, 0xbf,
  0x00, 0x00, 0x80, 0xbf, 0x00, 0x00, 0x80, 0xbf, 0x00, 0x00, 0x80, 0xbf,
  0x00, 0x00, 0x80, 0xbf, 0x00, 0x00, 0x80, 0xbf, 0x00, 0x00, 0x80, 0xbf,
  0x00, 0x00, 0x80, 0xbf, 0x00, 0x00, 0x80, 0xbf, 0x00, 0x00, 0x80, 0xbf,
  0x00, 0x00, 0x80, 0xbf, 0x00, 0x00, 0x80, 0xbf, 0x00, 0x00, 0x80, 0xbf,
  0x00, 0x00, 0x80, 0xbf, 0x00, 0x00, 0x80, 0xbf, 0x00, 0x00, 0x80, 0xbf,
  0x00, 0x00, 0x80, 0xbf, 0x00, 0x00, 0x80, 0xbf, 0x00, 0x00, 0x80, 0xbf,
  0x00, 0x00, 0x80, 0xbf, 0x00, 0x00, 0x80, 0xbf, 0x00, 0x00, 0x80, 0xbf,
  0x00, 0x00, 0x80, 0xbf, 0x00, 0x00, 0x80, 0xbf, 0x00, 0x00, 0x80, 0xbf,
  0x00, 0x00, 0x80, 0xbf, 0x00, 0x00, 0x80, 0xbf, 0x00, 0x00, 0x80, 0xbf,
  0x00, 0x00, 0x80, 0xbf, 0x00, 0x00, 0x80, 0xbf, 0x00, 0x00, 0x80, 0xbf,
  0x00, 0x00, 0x80, 0xbf, 0x00, 0x00, 0x80, 0xbf, 0x00, 0x00, 0x80, 0xbf,
  0x00, 0x00, 0x80, 0xbf, 0x00, 0x00, 0x80, 0xbf, 0x00, 0x00, 0x80, 0xbf,
  0x00, 0x00, 0x80, 0xbf, 0x00, 0x00, 0x80, 0xbf, 0x00, 0x00, 0x80, 0xbf,
  0x00, 0x00, 0x80, 0xbf, 0x00, 0x00, 0x80, 0xbf, 0x00, 0x00, 0x80, 0xbf,
  0x00, 0x00, 0x80, 0xbf, 0x00, 0x00, 0x80, 0xbf, 0x00, 0x00, 0x80, 0xbf,
  0x00, 0x00, 0x80, 0xbf, 0x00, 0x00, 0x80, 0xbf, 0x00, 0x00, 0x80, 0xbf,
  0x00, 0x00, 0x80, 0xbf, 0x00, 0x00, 0x80, 0xbf, 0x00, 0x00, 0x80, 0xbf,
  0x00, 0x00, 0x80, 0xbf, 0x00, 0x00, 0x80, 0xbf, 0x00, 0x00, 0x80, 0xbf,
  0x00, 0x00, 0x80, 0xbf, 0x00, 0x00, 0x80, 0xbf, 0x00, 0x00, 0x80, 0xbf,
  0x00, 0x00, 0x80, 0xbf, 0x00, 0x00, 0x80, 0xbf, 0x00, 0x00, 0x80, 0xbf,
  0x00, 0x00, 0x80, 0xbf, 0x00, 0x00, 0x80, 0xbf, 0x00, 0x00, 0x80, 0xbf,
  0x00, 0x00, 0x80, 0xbf, 0x00, 0x00, 0x80, 0xbf, 0x00, 0x00, 0x80, 0xbf,
  0x00, 0x00, 0x80, 0xbf, 0x00, 0x00, 0x80, 0xbf, 0x00, 0x00, 0x80, 0xbf,
  0x00, 0x00, 0x80, 0xbf, 0x00, 0x00, 0x80, 0xbf, 0x00, 0x00, 0x80, 0xbf,
  0x00, 0x00, 0x80, 0xbf, 0x00, 0x00, 0x80, 0xbf, 0x00, 0x00, 0x80, 0xbf,
  0x00, 0x00, 0x80, 0xbf, 0x00, 0x00, 0x80, 0xbf, 0x00, 0x00, 0x80, 0xbf,
  0x00, 0x00, 0x80, 0xbf, 0x00, 0x00, 0x80, 0xbf, 0x00, 0x00, 0x80, 0xbf,
  0x00, 0x00, 0x80, 0xbf, 0x00, 0x00, 0x80, 0xbf, 0x00, 0x00, 0x80, 0xbf,
  0x00, 0x00, 0x80, 0xbf, 0x00, 0x00, 0x80, 0xbf, 0x00, 0x00, 0x80, 0xbf,
  0x00, 0x00, 0x80, 0xbf, 0x00, 0x00, 0x80, 0xbf, 0x00, 0x00, 0x80, 0xbf,
  0x00, 0x00, 0x80, 0xbf, 0x00, 0x00, 0x80, 0xbf, 0x00, 0x00, 0x80, 0xbf,
  0x00, 0x00, 0x80, 0xbf, 0x00, 0x00, 0x80, 0xbf, 0x00, 0x00, 0x80, 0xbf,
  0x00, 0x00, 0x80, 0xbf, 0x00, 0x00, 0x80, 0xbf, 0x00, 0x00, 0x80, 0xbf,
  0x00, 0x00, 0x80, 0xbf, 0x00, 0x00, 0x80, 0xbf, 0x00, 0x00, 0x80, 0xbf,
  0x00, 0x00, 0x80, 0xbf, 0x00, 0x00, 0x80, 0xbf, 0x00, 0x00, 0x80, 0xbf,
  0x00, 0x00, 0x80, 0xbf, 0x00, 0x00, 0x80, 0xbf, 0x00, 0x00, 0x80, 0xbf,
  0x00, 0x00, 0x80, 0xbf, 0x00, 0x00, 0x80, 0xbf, 0x00, 0x00, 0x80, 0xbf,
  0x00, 0x00, 0x80, 0xbf, 0x00, 0x00, 0x80, 0xbf, 0x00, 0x00, 0x80, 0xbf,
  0x00, 0x00, 0x80, 0xbf, 0x00, 0x00, 0x80, 0xbf, 0x00, 0x00, 0x80, 0xbf,
  0x00, 0x00, 0x80, 0xbf, 0x00, 0x00, 0x80, 0xbf, 0x00, 0x00, 0x80, 0xbf,
  0x00, 0x00, 0x80, 0xbf, 0x00, 0x00, 0x80, 0xbf, 0x00, 0x00, 0x80, 0xbf,
  0x00, 0x00, 0x80, 0xbf, 0x00, 0x00, 0x80, 0xbf, 0x00, 0x00, 0x80, 0xbf,
  0x00, 0x00, 0x80, 0xbf, 0x00, 0x00, 0x80, 0xbf, 0x00, 0x00, 0x80, 0xbf,
  0x00, 0x00, 0x80, 0xbf, 0x00, 0x00, 0x80, 0xbf, 0x00, 0x00, 0x80, 0xbf,
  0x00, 0x00, 0x80, 0xbf, 0x00, 0x00, 0x80, 0xbf, 0x00, 0x00, 0x80, 0xbf,
  0x00, 0x00, 0x80, 0xbf, 0x00, 0x00, 0x80, 0xbf, 0x00, 0x00, 0x80, 0xbf,
  0x00, 0x00, 0x80, 0xbf, 0x00, 0x00, 0x80, 0xbf, 0x00, 0x00, 0x80, 0xbf,
  0x00, 0x00, 0x80, 0xbf, 0x00, 0x00, 0x80, 0xbf, 0x00, 0x00, 0x80, 0xbf,
  0x00, 0x00, 0x80, 0xbf, 0x00, 0x00, 0x80, 0xbf, 0x00, 0x00, 0x80, 0xbf,
  0x00, 0x00, 0x80, 0xbf, 0x00, 0x00, 0x80, 0xbf, 0x00, 0x00, 0x80, 0xbf,
  0x00, 0x00, 0x80, 0xbf, 0x00, 0x00, 0x80, 0xbf, 0x00, 0x00, 0x80, 0xbf,
  0x00, 0x00, 0x80, 0xbf, 0x00, 0x00, 0x80, 0xbf, 0x00, 0x00, 0x80, 0xbf,
  0x00, 0x00, 0x80, 0xbf, 0x00, 0x00, 0x80, 0xbf, 0x00, 0x00, 0x80, 0xbf,
  0x00, 0x00, 0x80, 0xbf, 0x00, 0x00, 0x80, 0xbf, 0x00, 0x00, 0x80, 0xbf,
  0x00, 0x00, 0x80, 0xbf, 0x00, 0x00, 0x80, 0xbf, 0x00, 0x00, 0x80, 0xbf,
  0x00, 0x00, 0x80, 0xbf, 0x00, 0x00, 0x80, 0xbf, 0x00, 0x00, 0x80, 0xbf,
  0x00, 0x00, 0x80, 0xbf, 0x00, 0x00, 0x80, 0xbf, 0x00, 0x00, 0x80, 0xbf,
  0x00, 0x00, 0x80, 0xbf, 0x00, 0x00, 0x80, 0xbf, 0x00, 0x00, 0x80, 0xbf,
  0x00, 0x00, 0x80, 0xbf, 0x00, 0x00, 0x80, 0xbf, 0x00, 0x00, 0x80, 0xbf,
  0x00, 0x00, 0x80, 0xbf, 0x00, 0x00, 0x80, 0xbf, 0x00, 0x00, 0x80, 0xbf,
  0x00, 0x00, 0x80, 0xbf, 0x00, 0x00, 0x80, 0xbf, 0x00, 0x00, 0x80, 0xbf,
  0x00, 0x00, 0x80, 0xbf, 0x00, 0x00, 0x80, 0xbf, 0x00, 0x00, 0x80, 0xbf,
  0x00, 0x00, 0x80, 0xbf, 0x00, 0x00, 0x80, 0xbf, 0x00, 0x00, 0x80, 0xbf,
  0x00, 0x00, 0x80, 0xbf, 0x00, 0x00, 0x80, 0xbf, 0x00, 0x00, 0x80, 0xbf,
  0x00, 0x00, 0x80, 0xbf, 0x00, 0x00, 0x80, 0xbf, 0x00, 0x00, 0x80, 0xbf,
  0x00, 0x00, 0x80, 0xbf, 0x00, 0x00, 0x80, 0xbf, 0x00, 0x00, 0x80, 0xbf,
  0x00, 0x00, 0x80, 0xbf, 0x00, 0x00, 0x80, 0xbf, 0x00, 0x00, 0x80, 0xbf,
  0x00, 0x00, 0x80, 0xbf, 0x00, 0x00, 0x80, 0xbf, 0x00, 0x00, 0x80, 0xbf,
  0x00, 0x00, 0x80, 0xbf, 0x00, 0x00, 0x80, 0xbf, 0x00, 0x00, 0x80, 0xbf,
  0x00, 0x00, 0x80, 0xbf, 0x00, 0x00, 0x80, 0xbf, 0x00, 0x00, 0x80, 0xbf,
  0x00, 0x00, 0x80, 0xbf, 0x00, 0x00, 0x80, 0xbf, 0x00, 0x00, 0x80, 0xbf,
  0x00, 0x00, 0x80, 0xbf, 0x00, 0x00, 0x80, 0xbf, 0x00, 0x00, 0x80, 0xbf,
  0x00, 0x00, 0x80, 0xbf, 0x00, 0x00, 0x80, 0xbf, 0x00, 0x00, 0x80, 0xbf,
  0x00, 0x00, 0x80, 0xbf, 0x00, 0x00, 0x80, 0xbf, 0x00, 0x00, 0x80, 0xbf,
  0x00, 0x00, 0x80, 0xbf, 0x00, 0x00, 0x80, 0xbf, 0x00, 0x00, 0x80, 0xbf,
  0x00, 0x00, 0x80, 0xbf, 0x00, 0x00, 0x80, 0xbf, 0x00, 0x00, 0x80, 0xbf,
  0x00, 0x00, 0x80, 0xbf, 0x00, 0x00, 0x80, 0xbf, 0x00, 0x00, 0x80, 0xbf,
  0x00, 0x00, 0x80, 0xbf, 0x00, 0x00, 0x80, 0xbf, 0x00, 0x00, 0x80, 0xbf,
  0x00, 0x00, 0x80, 0xbf, 0x00, 0x00, 0x80, 0xbf, 0x00, 0x00, 0x80, 0xbf,
  0x00, 0x00, 0x80, 0xbf, 0x00, 0x00, 0x80, 0xbf, 0x00, 0x00, 0x80, 0xbf,
  0x00, 0x00, 0x80, 0xbf, 0x00, 0x00, 0x80, 0xbf, 0x00, 0x00, 0x80, 0xbf,
  0x00, 0x00, 0x80, 0xbf, 0x00, 0x00, 0x80, 0xbf, 0x00, 0x00, 0x80, 0xbf,
  0x00, 0x00, 0x80, 0xbf, 0x00, 0x00, 0x80, 0xbf, 0x00, 0x00, 0x80, 0xbf,
  0x00, 0x00, 0x80, 0xbf, 0x00, 0x00, 0x80, 0xbf, 0x00, 0x00, 0x80, 0xbf,
  0x00, 0x00, 0x80, 0xbf, 0x00, 0x00, 0x80, 0xbf, 0x00, 0x00, 0x80, 0xbf,
  0x00, 0x00, 0x80, 0xbf, 0x00, 0x00, 0x80, 0xbf, 0x00, 0x00, 0x80, 0xbf,
  0x00, 0x00, 0x80, 0xbf, 0x00, 0x00, 0x80, 0xbf, 0x00, 0x00, 0x80, 0xbf,
  0x00, 0x00, 0x80, 0xbf, 0x00, 0x00, 0x80, 0xbf, 0x00, 0x00, 0x80, 0xbf,
  0x00, 0x00, 0x80, 0xbf, 0x00, 0x00, 0x80, 0xbf, 0x00, 0x00, 0x80, 0xbf,
  0x00, 0x00, 0x80, 0xbf, 0x00, 0x00, 0x80, 0xbf, 0x00, 0x00, 0x80, 0xbf,
  0x00, 0x00, 0x80, 0xbf, 0x00, 0x00, 0x80, 0xbf, 0x00, 0x00, 0x80, 0xbf,
  0x00, 0x00, 0x80, 0xbf, 0x00, 0x00, 0x80, 0xbf, 0x00, 0x00, 0x80, 0xbf,
  0x00, 0x00, 0x80, 0xbf, 0x00, 0x00, 0x80, 0xbf, 0x00, 0x00, 0x80, 0xbf,
  0x00, 0x00, 0x80, 0xbf, 0x00, 0x00, 0x80, 0xbf, 0x00, 0x00, 0x80, 0xbf,
  0x00, 0x00, 0x80, 0xbf, 0x00, 0x00, 0x80, 0xbf, 0x00, 0x00, 0x80, 0xbf,
  0x00, 0x00, 0x80, 0xbf, 0x00, 0x00, 0x80, 0xbf, 0x00, 0x00, 0x80, 0xbf,
  0x00, 0x00, 0x80, 0xbf, 0x00, 0x00, 0x80, 0xbf, 0x00, 0x00, 0x80, 0xbf,
  0x00, 0x00, 0x80, 0xbf, 0x00, 0x00, 0x80, 0xbf, 0x00, 0x00, 0x80, 0xbf,
  0x00, 0x00, 0x80, 0xbf, 0x00, 0x00, 0x80, 0xbf, 0x00, 0x00, 0x80, 0xbf,
  0x00, 0x00, 0x80, 0xbf, 0x00, 0x00, 0x80, 0xbf, 0x00, 0x00, 0x80, 0xbf,
  0x00, 0x00, 0x80, 0xbf, 0x00, 0x00, 0x80, 0xbf, 0x00, 0x00, 0x80, 0xbf,
  0x00, 0x00, 0x80, 0xbf, 0x00, 0x00, 0x80, 0xbf, 0x00, 0x00, 0x80, 0xbf,
  0x00, 0x00, 0x80, 0xbf, 0x00, 0x00, 0x80, 0xbf, 0x00, 0x00, 0x80, 0xbf,
  0x00, 0x00, 0x80, 0xbf, 0x00, 0x00, 0x80, 0xbf, 0x00, 0x00, 0x80, 0xbf,
  0x00, 0x00, 0x80, 0xbf, 0x00, 0x00, 0x80, 0xbf, 0x00, 0x00, 0x80, 0xbf,
  0x00, 0x00, 0x80, 0xbf, 0x00, 0x00, 0x80, 0xbf, 0x00, 0x00, 0x80, 0xbf,
  0x00, 0x00, 0x80, 0xbf, 0x00, 0x00, 0x80, 0xbf, 0x00, 0x00, 0x80, 0xbf,
  0x00, 0x00, 0x80, 0xbf, 0x00, 0x00, 0x80, 0xbf, 0x00, 0x00, 0x80, 0xbf,
  0x00, 0x00, 0x80, 0xbf, 0x00, 0x00, 0x80, 0xbf, 0x00, 0x00, 0x80, 0xbf,
  0x00, 0x00, 0x80, 0xbf, 0x00, 0x00, 0x80, 0xbf, 0x00, 0x00, 0x80, 0xbf,
  0x00, 0x00, 0x80, 0xbf, 0x00, 0x00, 0x80, 0xbf, 0x00, 0x00, 0x80, 0xbf,
  0x00, 0x00, 0x80, 0xbf, 0x00, 0x00, 0x80, 0xbf, 0x00, 0x00, 0x80, 0xbf,
  0x00, 0x00, 0x80, 0xbf, 0x00, 0x00, 0x80, 0xbf, 0x00, 0x00, 0x80, 0xbf,
  0x00, 0x00, 0x80, 0xbf, 0x00, 0x00, 0x80, 0xbf, 0x00, 0x00, 0x80, 0xbf,
  0x00, 0x00, 0x80, 0xbf, 0x00, 0x00, 0x80, 0xbf, 0x00, 0x00, 0x80, 0xbf,
  0x00, 0x00, 0x80, 0xbf, 0x00, 0x00, 0x80, 0xbf, 0x00, 0x00, 0x80, 0xbf,
  0x00, 0x00, 0x80, 0xbf, 0x00, 0x00, 0x80, 0xbf, 0x00, 0x00, 0x80, 0xbf,
  0x00, 0x00, 0x80, 0xbf, 0x00, 0x00, 0x80, 0xbf, 0x00, 0x00, 0x80, 0xbf,
  0x00, 0x00, 0x80, 0xbf, 0x00, 0x00, 0x80, 0xbf, 0x00, 0x00, 0x80, 0xbf,
  0x00, 0x00, 0x80, 0xbf, 0x00, 0x00, 0x80, 0xbf, 0x00, 0x00, 0x80, 0xbf,
  0x00, 0x00, 0x80, 0xbf, 0x00, 0x00, 0x80, 0xbf, 0x00, 0x00, 0x80, 0xbf,
  0x00, 0x00, 0x80, 0xbf, 0x00, 0x00, 0x80, 0xbf, 0x00, 0x00, 0x80, 0xbf,
  0x00, 0x00, 0x80, 0xbf, 0x00, 0x00, 0x80, 0xbf, 0x00, 0x00, 0x80, 0xbf,
  0x00, 0x00, 0x80, 0xbf, 0x00, 0x00, 0x80, 0xbf, 0x00, 0x00, 0x80, 0xbf,
  0x00, 0x00, 0x80, 0xbf, 0x00, 0x00, 0x80, 0xbf, 0x00, 0x00, 0x80, 0xbf,
  0x00, 0x00, 0x80, 0xbf, 0x00, 0x00, 0x80, 0xbf, 0x00, 0x00, 0x80, 0xbf,
  0x00, 0x00, 0x80, 0xbf, 0x00, 0x00, 0x80, 0xbf, 0x00, 0x00, 0x80, 0xbf,
  0x00, 0x00, 0x80, 0xbf, 0x00, 0x00, 0x80, 0xbf, 0x00, 0x00, 0x80, 0xbf,
  0x00, 0x00, 0x80, 0xbf, 0x00, 0x00, 0x80, 0xbf, 0x00, 0x00, 0x80, 0xbf,
  0x00, 0x00, 0x80, 0xbf, 0x00, 0x00, 0x80, 0xbf, 0x00, 0x00, 0x80, 0xbf,
  0x00, 0x00, 0x80, 0xbf, 0x00, 0x00, 0x80, 0xbf, 0x00, 0x00, 0x80, 0xbf,
  0x00, 0x00, 0x80, 0xbf, 0x00, 0x00, 0x80, 0xbf, 0x00, 0x00, 0x80, 0xbf,
  0x00, 0x00, 0x80, 0xbf, 0x00, 0x00, 0x80, 0xbf, 0x00, 0x00, 0x80, 0xbf,
  0x00, 0x00, 0x80, 0xbf, 0x00, 0x00, 0x80, 0xbf, 0x00, 0x00, 0x80, 0xbf,
  0x00, 0x00, 0x80, 0xbf, 0x00, 0x00, 0x80, 0xbf, 0x00, 0x00, 0x80, 0xbf,
  0x00, 0x00, 0x80, 0xbf, 0x00, 0x00, 0x80, 0xbf, 0x00, 0x00, 0x80, 0xbf,
  0x00, 0x00, 0x80, 0xbf, 0x00, 0x00, 0x80, 0xbf, 0x00, 0x00, 0x80, 0xbf,
  0x00, 0x00, 0x80, 0xbf, 0x00, 0x00, 0x80, 0xbf, 0x00, 0x00, 0x80, 0xbf,
  0x00, 0x00, 0x80, 0xbf, 0x00, 0x00, 0x80, 0xbf, 0x00, 0x00, 0x80, 0xbf,
  0x00, 0x00, 0x80, 0xbf, 0x00, 0x00, 0x80, 0xbf, 0x00, 0x00, 0x80, 0xbf,
  0x00, 0x00, 0x80, 0xbf, 0x00, 0x00, 0x80, 0xbf, 0x00, 0x00, 0x80, 0xbf,
  0x00, 0x00, 0x80, 0xbf, 0x00, 0x00, 0x80, 0xbf, 0x00, 0x00, 0x80, 0xbf,
  0x00, 0x00, 0x80, 0xbf, 0x00, 0x00, 0x80, 0xbf, 0x00, 0x00, 0x80, 0xbf,
  0x00, 0x00, 0x80, 0xbf, 0x00, 0x00, 0x80, 0xbf, 0x00, 0x00, 0x80, 0xbf,
  0x00, 0x00, 0x80, 0xbf, 0x00, 0x00, 0x80, 0xbf, 0x00, 0x00, 0x80, 0xbf,
  0x00, 0x00, 0x80, 0xbf, 0x00, 0x00, 0x80, 0xbf, 0x00, 0x00, 0x80, 0xbf,
  0x00, 0x00, 0x80, 0xbf, 0x00, 0x00, 0x80, 0xbf, 0x00, 0x00, 0x80, 0xbf,
  0x00, 0x00, 0x80, 0xbf, 0x00, 0x00, 0x80, 0xbf, 0x00, 0x00, 0x80, 0xbf,
  0x00, 0x00, 0x80, 0xbf, 0x00, 0x00, 0x80, 0xbf, 0x00, 0x00, 0x80, 0xbf,
  0x00, 0x00, 0x80, 0xbf, 0x00, 0x00, 0x80, 0xbf, 0x00, 0x00, 0x80, 0xbf,
  0x00, 0x00, 0x80, 0xbf, 0x00, 0x00, 0x80, 0xbf, 0x00, 0x00, 0x80, 0xbf,
  0x00, 0x00, 0x80, 0xbf, 0x00, 0x00, 0x80, 0xbf, 0x00, 0x00, 0x80, 0xbf,
  0x00, 0x00, 0x80, 0xbf, 0x00, 0x00, 0x80, 0xbf, 0x00, 0x00, 0x80, 0xbf,
  0x00, 0x00, 0x80, 0xbf, 0x00, 0x00, 0x80, 0xbf, 0x00, 0x00, 0x80, 0xbf,
  0x00, 0x00, 0x80, 0xbf, 0x00, 0x00, 0x80, 0xbf, 0x00, 0x00, 0x80, 0xbf,
  0x00, 0x00, 0x80, 0xbf, 0x00, 0x00, 0x80, 0xbf, 0x00, 0x00, 0x80, 0xbf,
  0x00, 0x00, 0x80, 0xbf, 0x00, 0x00, 0x80, 0xbf, 0x00, 0x00, 0x80, 0xbf,
  0x00, 0x00, 0x80, 0xbf, 0x00, 0x00, 0x80, 0xbf, 0x00, 0x00, 0x80, 0xbf,
  0x00, 0x00, 0x80, 0xbf, 0x00, 0x00, 0x80, 0xbf, 0x00, 0x00, 0x80, 0xbf,
  0x00, 0x00, 0x80, 0xbf, 0x00, 0x00, 0x80, 0xbf, 0x00, 0x00, 0x80, 0xbf,
  0x00, 0x00, 0x80, 0xbf, 0x00, 0x00, 0x80, 0xbf, 0x00, 0x00, 0x80, 0xbf,
  0x00, 0x00, 0x80, 0xbf, 0x00, 0x00, 0x80, 0xbf, 0x00, 0x00, 0x80, 0xbf,
  0x00, 0x00, 0x80, 0xbf, 0x00, 0x00, 0x80, 0xbf, 0x00, 0x00, 0x80, 0xbf,
  0x00, 0x00, 0x80, 0xbf, 0x00, 0x00, 0x80, 0xbf, 0x00, 0x00, 0x80, 0xbf,
  0x00, 0x00, 0x80, 0xbf, 0x00, 0x00, 0x80, 0xbf, 0x00, 0x00, 0x80, 0xbf,
  0x00, 0x00, 0x80, 0xbf, 0x00, 0x00, 0x80, 0xbf, 0x00, 0x00, 0x80, 0xbf,
  0x00, 0x00, 0x80, 0xbf, 0x00, 0x00, 0x80, 0xbf, 0x00, 0x00, 0x80, 0xbf,
  0x00, 0x00, 0x80, 0xbf, 0x00, 0x00, 0x80, 0xbf, 0x00, 0x00, 0x80, 0xbf,
  0x00, 0x00, 0x80, 0xbf, 0x00, 0x00, 0x80, 0xbf, 0x00, 0x00, 0x80, 0xbf,
  0x00, 0x00, 0x80, 0xbf, 0x00, 0x00, 0x80, 0xbf, 0x00, 0x00, 0x80, 0xbf,
  0x00, 0x00, 0x80, 0xbf, 0x00, 0x00, 0x80, 0xbf, 0x00, 0x00, 0x80, 0xbf,
  0x00, 0x00, 0x80, 0xbf, 0x00, 0x00, 0x80, 0xbf, 0x00, 0x00, 0x80, 0xbf,
  0x00, 0x00, 0x80, 0xbf, 0x00, 0x00, 0x80, 0xbf, 0x00, 0x00, 0x80, 0xbf,
  0x00, 0x00, 0x80, 0xbf, 0x00, 0x00, 0x80, 0xbf, 0x00, 0x00, 0x80, 0xbf,
  0x00, 0x00, 0x80, 0xbf, 0x00, 0x00, 0x80, 0xbf, 0x00, 0x00, 0x80, 0xbf,
  0x00, 0x00, 0x80, 0xbf, 0x00, 0x00, 0x80, 0xbf, 0x00, 0x00, 0x80, 0xbf,
  0x00, 0x00, 0x80, 0xbf, 0x00, 0x00, 0x80, 0xbf, 0x00, 0x00, 0x80, 0xbf,
  0x00, 0x00, 0x80, 0xbf, 0x00, 0x00, 0x80, 0xbf, 0x00, 0x00, 0x80, 0xbf,
  0x00, 0x00, 0x80, 0xbf, 0x00, 0x00, 0x80, 0xbf, 0x00, 0x00, 0x80, 0xbf,
  0x00, 0x00, 0x80, 0xbf, 0x00, 0x00, 0x80, 0xbf, 0x00, 0x00, 0x80, 0xbf,
  0x00, 0x00, 0x80, 0xbf, 0x00, 0x00, 0x80, 0xbf, 0x00, 0x00, 0x80, 0xbf,
  0x00, 0x00, 0x80, 0xbf, 0x00, 0x00, 0x80, 0xbf, 0x00, 0x00, 0x80, 0xbf,
  0x00, 0x00, 0x80, 0xbf, 0x00, 0x00, 0x80, 0xbf, 0x00, 0x00, 0x80, 0xbf,
  0x00, 0x00, 0x80, 0xbf, 0x00, 0x00, 0x80, 0xbf, 0x00, 0x00, 0x80, 0xbf,
  0x00, 0x00, 0x80, 0xbf, 0x00, 0x00, 0x80, 0xbf, 0x00, 0x00, 0x80, 0xbf,
  0x00, 0x00, 0x80, 0xbf, 0x00, 0x00, 0x80, 0xbf, 0x00, 0x00, 0x80, 0xbf,
  0x00, 0x00, 0x80, 0xbf, 0x00, 0x00, 0x80, 0xbf, 0x00, 0x00, 0x80, 0xbf,
  0x00, 0x00, 0x80, 0xbf, 0x00, 0x00, 0x80, 0xbf, 0x00, 0x00, 0x80, 0xbf,
  0x00, 0x00, 0x80, 0xbf, 0x00, 0x00, 0x80, 0xbf, 0x00, 0x00, 0x80, 0xbf,
  0x00, 0x00, 0x80, 0xbf, 0x00, 0x00, 0x80, 0xbf, 0x00, 0x00, 0x80, 0xbf,
  0x00, 0x00, 0x80, 0xbf, 0x00, 0x00, 0x80, 0xbf, 0x00, 0x00, 0x80, 0xbf,
  0x00, 0x00, 0x80, 0xbf, 0x00, 0x00, 0x80, 0xbf, 0x00, 0x00, 0x80, 0xbf,
  0x00, 0x00, 0x80, 0xbf, 0x00, 0x00, 0x80, 0xbf, 0x00, 0x00, 0x80, 0xbf,
  0x00, 0x00, 0x80, 0xbf, 0x00, 0x00, 0x80, 0xbf, 0x00, 0x00, 0x80, 0xbf,
  0x00, 0x00, 0x80, 0xbf, 0x00, 0x00, 0x80, 0xbf, 0x00, 0x00, 0x80, 0xbf,
  0x00, 0x00, 0x80, 0xbf, 0x00, 0x00, 0x80, 0xbf, 0x00, 0x00, 0x80, 0xbf,
  0x00, 0x00, 0x80, 0xbf, 0x00, 0x00, 0x80, 0xbf, 0x00, 0x00, 0x80, 0xbf,
  0x00, 0x00, 0x80, 0xbf, 0x00, 0x00, 0x80, 0xbf, 0x00, 0x00, 0x80, 0xbf,
  0x00, 0x00, 0x80, 0xbf, 0x00, 0x00, 0x80, 0xbf, 0x00, 0x00, 0x80, 0xbf,
  0x00, 0x00, 0x80, 0xbf, 0x00, 0x00, 0x80, 0xbf, 0x00, 0x00, 0x80, 0xbf,
  0x00, 0x00, 0x80, 0xbf, 0x00, 0x00, 0x80, 0xbf, 0x00, 0x00, 0x80, 0xbf,
  0x00, 0x00, 0x80, 0xbf, 0x00, 0x00, 0x80, 0xbf, 0x00, 0x00, 0x80, 0xbf,
  0x00, 0x00, 0x80, 0xbf, 0x00, 0x00, 0x80, 0xbf, 0x00, 0x00, 0x80, 0xbf,
  0x00, 0x00, 0x80, 0xbf, 0x00, 0x00, 0x80, 0xbf, 0x00, 0x00, 0x80, 0xbf,
  0x00, 0x00, 0x80, 0xbf, 0x00, 0x00, 0x80, 0xbf, 0x00, 0x00, 0x80, 0xbf,
  0x00, 0x00, 0x80, 0xbf, 0x00, 0x00, 0x80, 0xbf, 0x00, 0x00, 0x80, 0xbf,
  0x00, 0x00, 0x80, 0xbf, 0x00, 0x00, 0x80, 0xbf, 0x00, 0x00, 0x80, 0xbf,
  0x00, 0x00, 0x80, 0xbf, 0x00, 0x00, 0x80, 0xbf, 0x00, 0x00, 0x80, 0xbf,
  0x00, 0x00, 0x80, 0xbf, 0x00, 0x00, 0x80, 0xbf, 0x00, 0x00, 0x80, 0xbf,
  0x00, 0x00, 0x80, 0xbf, 0x00, 0x00, 0x80, 0xbf, 0x00, 0x00, 0x80, 0xbf,
  0x00, 0x00, 0x80, 0xbf, 0x00, 0x00, 0x80, 0xbf, 0x00, 0x00, 0x80, 0xbf,
  0x00, 0x00, 0x80, 0xbf, 0x00, 0x00, 0x80, 0xbf, 0x00, 0x00, 0x80, 0xbf,
  0x00, 0x00, 0x80, 0xbf, 0x00, 0x00, 0x80, 0xbf, 0x00, 0x00, 0x80, 0xbf,
  0x00, 0x00, 0x80, 0xbf, 0x00, 0x00, 0x80, 0xbf, 0x00, 0x00, 0x80, 0xbf,
  0x00, 0x00, 0x80, 0xbf, 0x00, 0x00, 0x80, 0xbf, 0x00, 0x00, 0x80, 0xbf,
  0x00, 0x00, 0x80, 0xbf, 0x00, 0x00, 0x80, 0xbf, 0x00, 0x00, 0x80, 0xbf,
  0x00, 0x00, 0x80, 0xbf, 0x00, 0x00, 0x80, 0xbf, 0x00, 0x00, 0x80, 0xbf,
  0x00, 0x00, 0x80, 0xbf, 0x00, 0x00, 0x80, 0xbf, 0x00, 0x00, 0x80, 0xbf,
  0x00, 0x00, 0x80, 0xbf, 0x00, 0x00, 0x80, 0xbf, 0x00, 0x00, 0x80, 0xbf,
  0x00, 0x00, 0x80, 0xbf, 0x00, 0x00, 0x80, 0xbf, 0x00, 0x00, 0x80, 0xbf,
  0x00, 0x00, 0x80, 0xbf, 0x00, 0x00, 0x80, 0xbf, 0x00, 0x00, 0x80, 0xbf,
  0x00, 0x00, 0x80, 0xbf, 0x00, 0x00, 0x80, 0xbf, 0x00, 0x00, 0x80, 0xbf,
  0x00, 0x00, 0x80, 0xbf, 0x00, 0x00, 0x80, 0xbf, 0x00, 0x00, 0x80, 0xbf,
  0x00, 0x00, 0x80, 0xbf, 0x00, 0x00, 0x80, 0xbf, 0x00, 0x00, 0x80, 0xbf,
  0x00, 0x00, 0x80, 0xbf, 0x00, 0x00, 0x80, 0xbf, 0x00, 0x00, 0x80, 0xbf,
  0x00, 0x00, 0x80, 0xbf, 0x00, 0x00, 0x80, 0xbf, 0x00, 0x00, 0x80, 0xbf,
  0x00, 0x00, 0x80, 0xbf, 0x00, 0x00, 0x80, 0xbf, 0x00, 0x00, 0x80, 0xbf,
  0x00, 0x00, 0x80, 0xbf, 0x00, 0x00, 0x80, 0xbf, 0x00, 0x00, 0x80, 0xbf,
  0x00, 0x00, 0x80, 0xbf, 0x00, 0x00, 0x80, 0xbf, 0x00, 0x00, 0x80, 0xbf,
  0x00, 0x00, 0x80, 0xbf, 0x00, 0x00, 0x80, 0xbf, 0x00, 0x00, 0x80, 0xbf,
  0x00, 0x00, 0x80, 0xbf, 0x00, 0x00, 0x80, 0xbf, 0x00, 0x00, 0x80, 0xbf,
  0x00, 0x00, 0x80, 0xbf, 0x00, 0x00, 0x80, 0xbf, 0x00, 0x00, 0x80, 0xbf,
  0x00, 0x00, 0x80, 0xbf, 0x00, 0x00, 0x80, 0xbf, 0x00, 0x00, 0x80, 0xbf,
  0x00, 0x00, 0x80, 0xbf, 0x00, 0x00, 0x80, 0xbf, 0x00, 0x00, 0x80, 0xbf,
  0x00, 0x00, 0x80, 0xbf, 0x00, 0x00, 0x80, 0xbf, 0x00, 0x00, 0x80, 0xbf,
  0x00, 0x00, 0x80, 0xbf, 0x00, 0x00, 0x80, 0xbf, 0x00, 0x00, 0x80, 0xbf,
  0x00, 0x00, 0x80, 0xbf, 0x00, 0x00, 0x80, 0xbf, 0x00, 0x00, 0x80, 0xbf,
  0x00, 0x00, 0x80, 0xbf, 0x00, 0x00, 0x80, 0xbf, 0x00, 0x00, 0x80, 0xbf,
  0x00, 0x00, 0x80, 0xbf, 0x00, 0x00, 0x80, 0xbf, 0x00, 0x00, 0x80, 0xbf,
  0x00, 0x00, 0x80, 0xbf, 0x00, 0x00, 0x80, 0xbf, 0x00, 0x00, 0x80, 0xbf,
  0x00, 0x00, 0x80, 0xbf, 0x00, 0x00, 0x80, 0xbf, 0x00, 0x00, 0x80, 0xbf,
  0x00, 0x00, 0x80, 0xbf, 0x00, 0x00, 0x80, 0xbf, 0x00, 0x00, 0x80, 0xbf,
  0x00, 0x00, 0x80, 0xbf, 0x00, 0x00, 0x80, 0xbf, 0x00, 0x00, 0x80, 0xbf,
  0x00, 0x00, 0x80, 0xbf, 0x00, 0x00, 0x80, 0xbf, 0x00, 0x00, 0x80, 0xbf,
  0x00, 0x00, 0x80, 0xbf, 0x00, 0x00, 0x80, 0xbf, 0x00, 0x00, 0x80, 0xbf,
  0x00, 0x00, 0x80, 0xbf, 0x00, 0x00, 0x80, 0xbf, 0x00, 0x00, 0x80, 0xbf,
  0x00, 0x00, 0x80, 0xbf, 0x00, 0x00, 0x80, 0xbf, 0x00, 0x00, 0x80, 0xbf,
  0x00, 0x00, 0x80, 0xbf, 0x00, 0x00, 0x80, 0xbf, 0x00, 0x00, 0x80, 0xbf,
  0x00, 0x00, 0x80, 0xbf, 0x00, 0x00, 0x80, 0xbf, 0x00, 0x00, 0x80, 0xbf,
  0x00, 0x00, 0x80, 0xbf, 0x00, 0x00, 0x80, 0xbf, 0x00, 0x00, 0x80, 0xbf,
  0x00, 0x00, 0x80, 0xbf, 0x00, 0x00, 0x80, 0xbf, 0x00, 0x00, 0x80, 0xbf,
  0x00, 0x00, 0x80, 0xbf, 0x00, 0x00, 0x80, 0xbf, 0x00, 0x00, 0x80, 0xbf,
  0x00, 0x00, 0x80, 0xbf, 0x00, 0x00, 0x80, 0xbf, 0x00, 0x00, 0x80, 0xbf,
  0x00, 0x00, 0x80, 0xbf, 0x00, 0x00, 0x80, 0xbf, 0x00, 0x00, 0x80, 0xbf,
  0x00, 0x00, 0x80, 0xbf, 0x00, 0x00, 0x80, 0xbf, 0x00, 0x00, 0x80, 0xbf,
  0x00, 0x00, 0x80, 0xbf, 0xfe, 0xff, 0x7f, 0x3f, 0xff, 0xbf, 0x7f, 0x3f,
  0x09, 0x80, 0x7f, 0x3f, 0x17, 0x40, 0x7f, 0x3f, 0x30, 0x00, 0x7f, 0x3f,
  0x51, 0xc0, 0x7e, 0x3f, 0x78, 0x80, 0x7e, 0x3f, 0xa8, 0x40, 0x7e, 0x3f,
  0xe1, 0x00, 0x7e, 0x3f, 0x20, 0xc1, 0x7d, 0x3f, 0x67, 0x81, 0x7d, 0x3f,
  0xb7, 0x41, 0x7d, 0x3f, 0x10, 0x02, 0x7d, 0x3f, 0x70, 0xc2, 0x7c, 0x3f,
  0xd8, 0x82, 0x7c, 0x3f, 0x47, 0x43, 0x7c, 0x3f, 0xc0, 0x03, 0x7c, 0x3f,
  0x40, 0xc4, 0x7b, 0x3f, 0xc7, 0x84, 0x7b, 0x3f, 0x59, 0x45, 0x7b, 0x3f,
  0xef, 0x05, 0x7b, 0x3f, 0x90, 0xc6, 0x7a, 0x3f, 0x38, 0x87, 0x7a, 0x3f,
  0xe8, 0x47, 0x7a, 0x3f, 0xa0, 0x08, 0x7a, 0x3f, 0x60, 0xc9, 0x79, 0x3f,
  0x27, 0x8a, 0x79, 0x3f, 0xf8, 0x4a, 0x79, 0x3f, 0xd0, 0x0b, 0x79, 0x3f,
  0xb0, 0xcc, 0x78, 0x3f, 0x97, 0x8d, 0x78, 0x3f, 0x88, 0x4e, 0x78, 0x3f,
  0x80, 0x0f, 0x78, 0x3f, 0x82, 0xd0, 0x77, 0x3f, 0x8a, 0x91, 0x77, 0x3f,
  0x99, 0x52, 0x77, 0x3f, 0xb2, 0x13, 0x77, 0x3f, 0xd2, 0xd4, 0x76, 0x3f,
  0xfb, 0x95, 0x76, 0x3f, 0x2a, 0x57, 0x76, 0x3f, 0x63, 0x18, 0x76, 0x3f,
  0xa3, 0xd9, 0x75, 0x3f, 0xeb, 0x9a, 0x75, 0x3f, 0x3a, 0x5c, 0x75, 0x3f,
  0x93, 0x1d, 0x75, 0x3f, 0xf2, 0xde, 0x74, 0x3f, 0x5c, 0xa0, 0x74, 0x3f,
  0xcd, 0x61, 0x74, 0x3f, 0x44, 0x23, 0x74, 0x3f, 0xc3, 0xe4, 0x73, 0x3f,
  0x4b, 0xa6, 0x73, 0x3f, 0xdc, 0x67, 0x73, 0x3f, 0x74, 0x29, 0x73, 0x3f,
  0x14, 0xeb, 0x72, 0x3f, 0xbc, 0xac, 0x72, 0x3f, 0x6c, 0x6e, 0x72, 0x3f,
  0x26, 0x30, 0x72, 0x3f, 0xe6, 0xf1, 0x71, 0x3f, 0xad, 0xb3, 0x71, 0x3f,
  0x7d, 0x75, 0x71, 0x3f, 0x56, 0x37, 0x71, 0x3f, 0x37, 0xf9, 0x70, 0x3f,
  0x1e, 0xbb, 0x70, 0x3f, 0x0e, 0x7d, 0x70, 0x3f, 0x07, 0x3f, 0x70, 0x3f,
  0x07, 0x01, 0x70, 0x3f, 0x11, 0xc3, 0x6f, 0x3f, 0x20, 0x85, 0x6f, 0x3f,
  0x39, 0x47, 0x6f, 0x3f, 0x58, 0x09, 0x6f, 0x3f, 0x81, 0xcb, 0x6e, 0x3f,
  0xb0, 0x8d, 0x6e, 0x3f, 0xea, 0x4f, 0x6e, 0x3f, 0x2b, 0x12, 0x6e, 0x3f,
  0x72, 0xd4, 0x6d, 0x3f, 0xc1, 0x96, 0x6d, 0x3f, 0x19, 0x59, 0x6d, 0x3f,
  0x7a, 0x1b, 0x6d, 0x3f, 0xe3, 0xdd, 0x6c, 0x3f, 0x54, 0xa0, 0x6c, 0x3f,
  0xcc, 0x62, 0x6c, 0x3f, 0x4c, 0x25, 0x6c, 0x3f, 0xd5, 0xe7, 0x6b, 0x3f,
  0x64, 0xaa, 0x6b, 0x3f, 0xfc, 0x6c, 0x6b, 0x3f, 0x9d, 0x2f, 0x6b, 0x3f,
  0x46, 0xf2, 0x6a, 0x3f, 0xf5, 0xb4, 0x6a, 0x3f, 0xaf, 0x77, 0x6a, 0x3f,
  0x6f, 0x3a, 0x6a, 0x3f, 0x35, 0xfd, 0x69, 0x3f, 0x08, 0xc0, 0x69, 0x3f,
  0xdf, 0x82, 0x69, 0x3f, 0xc1, 0x45, 0x69, 0x3f, 0xa7, 0x08, 0x69, 0x3f,
  0x98, 0xcb, 0x68, 0x3f, 0x8f, 0x8e, 0x68, 0x3f, 0x93, 0x51, 0x68, 0x3f,
  0x9b, 0x14, 0x68, 0x3f, 0xaa, 0xd7, 0x67, 0x3f, 0xc3, 0x9a, 0x67, 0x3f,
  0xe2, 0x5d, 0x67, 0x3f, 0x0c, 0x21, 0x67, 0x3f, 0x3c, 0xe4, 0x66, 0x3f,
  0x73, 0xa7, 0x66, 0x3f, 0xb5, 0x6a, 0x66, 0x3f, 0xfd, 0x2d, 0x66, 0x3f,
  0x4f, 0xf1, 0x65, 0x3f, 0xa6, 0xb4, 0x65, 0x3f, 0x07, 0x78, 0x65, 0x3f,
  0x6e, 0x3b, 0x65, 0x3f, 0xdf, 0xfe, 0x64, 0x3f, 0x59, 0xc2, 0x64, 0x3f,
  0xd8, 0x85, 0x64, 0x3f, 0x60, 0x49, 0x64, 0x3f, 0xf0, 0x0c, 0x64, 0x3f,
  0x8a, 0xd0, 0x63, 0x3f, 0x2b, 0x94, 0x63, 0x3f, 0xd2, 0x57, 0x63, 0x3f,
  0x82, 0x1b, 0x63, 0x3f, 0x3c, 0xdf, 0x62, 0x3f, 0xfb, 0xa2, 0x62, 0x3f,
  0xc4, 0x66, 0x62, 0x3f, 0x94, 0x2a, 0x62, 0x3f, 0x6c, 0xee, 0x61, 0x3f,
  0x4f, 0xb2, 0x61, 0x3f, 0x36, 0x76, 0x61, 0x3f, 0x26, 0x3a, 0x61, 0x3f,
  0x1e, 0xfe, 0x60, 0x3f, 0x20, 0xc2, 0x60, 0x3f, 0x29, 0x86, 0x60, 0x3f,
  0x38, 0x4a, 0x60, 0x3f, 0x50, 0x0e, 0x60, 0x3f, 0x72, 0xd2, 0x5f, 0x3f,
  0x99, 0x96, 0x5f, 0x3f, 0xca, 0x5a, 0x5f, 0x3f, 0x04, 0x1f, 0x5f, 0x3f,
  0x44, 0xe3, 0x5e, 0x3f, 0x8d, 0xa7, 0x5e, 0x3f, 0xdc, 0x6b, 0x5e, 0x3f,
  0x35, 0x30, 0x5e, 0x3f, 0x95, 0xf4, 0x5d, 0x3f, 0xfe, 0xb8, 0x5d, 0x3f,
  0x6f, 0x7d, 0x5d, 0x3f, 0xe8, 0x41, 0x5d, 0x3f, 0x68, 0x06, 0x5d, 0x3f,
  0xf0, 0xca, 0x5c, 0x3f, 0x83, 0x8f, 0x5c, 0x3f, 0x1a, 0x54, 0x5c, 0x3f,
  0xba, 0x18, 0x5c, 0x3f, 0x62, 0xdd, 0x5b, 0x3f, 0x15, 0xa2, 0x5b, 0x3f,
  0xcc, 0x66, 0x5b, 0x3f, 0x8c, 0x2b, 0x5b, 0x3f, 0x55, 0xf0, 0x5a, 0x3f,
  0x26, 0xb5, 0x5a, 0x3f, 0xff, 0x79, 0x5a, 0x3f, 0xe0, 0x3e, 0x5a, 0x3f,
  0xc8, 0x03, 0x5a, 0x3f, 0xb8, 0xc8, 0x59, 0x3f, 0xb0, 0x8d, 0x59, 0x3f,
  0xb2, 0x52, 0x59, 0x3f, 0xba, 0x17, 0x59, 0x3f, 0xca, 0xdc, 0x58, 0x3f,
  0xe5, 0xa1, 0x58, 0x3f, 0x04, 0x67, 0x58, 0x3f, 0x2c, 0x2c, 0x58, 0x3f,
  0x5e, 0xf1, 0x57, 0x3f, 0x96, 0xb6, 0x57, 0x3f, 0xd5, 0x7b, 0x57, 0x3f,
  0x20, 0x41, 0x57, 0x3f, 0x70, 0x06, 0x57, 0x3f, 0xc9, 0xcb, 0x56, 0x3f,
  0x2a, 0x91, 0x56, 0x3f, 0x93, 0x56, 0x56, 0x3f, 0x03, 0x1c, 0x56, 0x3f,
  0x7d, 0xe1, 0x55, 0x3f, 0xfc, 0xa6, 0x55, 0x3f, 0x85, 0x6c, 0x55, 0x3f,
  0x16, 0x32, 0x55, 0x3f, 0xae, 0xf7, 0x54, 0x3f, 0x4f, 0xbd, 0x54, 0x3f,
  0xf8, 0x82, 0x54, 0x3f, 0xa7, 0x48, 0x54, 0x3f, 0x5f, 0x0e, 0x54, 0x3f,
  0x21, 0xd4, 0x53, 0x3f, 0xea, 0x99, 0x53, 0x3f, 0xbb, 0x5f, 0x53, 0x3f,
  0x93, 0x25, 0x53, 0x3f, 0x74, 0xeb, 0x52, 0x3f, 0x5e, 0xb1, 0x52, 0x3f,
  0x4d, 0x77, 0x52, 0x3f, 0x47, 0x3d, 0x52, 0x3f, 0x49, 0x03, 0x52, 0x3f,
  0x4f, 0xc9, 0x51, 0x3f, 0x62, 0x8f, 0x51, 0x3f, 0x7a, 0x55, 0x51, 0x3f,
  0x9a, 0x1b, 0x51, 0x3f, 0xc4, 0xe1, 0x50, 0x3f, 0xf5, 0xa7, 0x50, 0x3f,
  0x2c, 0x6e, 0x50, 0x3f, 0x6e, 0x34, 0x50, 0x3f, 0xb6, 0xfa, 0x4f, 0x3f,
  0x08, 0xc1, 0x4f, 0x3f, 0x60, 0x87, 0x4f, 0x3f, 0xc0, 0x4d, 0x4f, 0x3f,
  0x2a, 0x14, 0x4f, 0x3f, 0x9a, 0xda, 0x4e, 0x3f, 0x15, 0xa1, 0x4e, 0x3f,
  0x94, 0x67, 0x4e, 0x3f, 0x1c, 0x2e, 0x4e, 0x3f, 0xaf, 0xf4, 0x4d, 0x3f,
  0x46, 0xbb, 0x4d, 0x3f, 0xe9, 0x81, 0x4d, 0x3f, 0x91, 0x48, 0x4d, 0x3f,
  0x43, 0x0f, 0x4d, 0x3f, 0xfa, 0xd5, 0x4c, 0x3f, 0xbb, 0x9c, 0x4c, 0x3f,
  0x84, 0x63, 0x4c, 0x3f, 0x54, 0x2a, 0x4c, 0x3f, 0x2f, 0xf1, 0x4b, 0x3f,
  0x0e, 0xb8, 0x4b, 0x3f, 0xf7, 0x7e, 0x4b, 0x3f, 0xe7, 0x45, 0x4b, 0x3f,
  0xe0, 0x0c, 0x4b, 0x3f, 0xe2, 0xd3, 0x4a, 0x3f, 0xea, 0x9a, 0x4a, 0x3f,
  0xfc, 0x61, 0x4a, 0x3f, 0x14, 0x29, 0x4a, 0x3f, 0x36, 0xf0, 0x49, 0x3f,
  0x5e, 0xb7, 0x49, 0x3f, 0x8f, 0x7e, 0x49, 0x3f, 0xc8, 0x45, 0x49, 0x3f,
  0x08, 0x0d, 0x49, 0x3f, 0x53, 0xd4, 0x48, 0x3f, 0xa3, 0x9b, 0x48, 0x3f,
  0xfc, 0x62, 0x48, 0x3f, 0x5d, 0x2a, 0x48, 0x3f, 0xc6, 0xf1, 0x47, 0x3f,
  0x35, 0xb9, 0x47, 0x3f, 0xb1, 0x80, 0x47, 0x3f, 0x2f, 0x48, 0x47, 0x3f,
  0xba, 0x0f, 0x47, 0x3f, 0x4b, 0xd7, 0x46, 0x3f, 0xe4, 0x9e, 0x46, 0x3f,
  0x85, 0x66, 0x46, 0x3f, 0x2d, 0x2e, 0x46, 0x3f, 0xde, 0xf5, 0x45, 0x3f,
  0x96, 0xbd, 0x45, 0x3f, 0x58, 0x85, 0x45, 0x3f, 0x20, 0x4d, 0x45, 0x3f,
  0xf3, 0x14, 0x45, 0x3f, 0xca, 0xdc, 0x44, 0x3f, 0xac, 0xa4, 0x44, 0x3f,
  0x94, 0x6c, 0x44, 0x3f, 0x85, 0x34, 0x44, 0x3f, 0x7e, 0xfc, 0x43, 0x3f,
  0x80, 0xc4, 0x43, 0x3f, 0x88, 0x8c, 0x43, 0x3f, 0x9b, 0x54, 0x43, 0x3f,
  0xb2, 0x1c, 0x43, 0x3f, 0xd3, 0xe4, 0x42, 0x3f, 0xfb, 0xac, 0x42, 0x3f,
  0x2e, 0x75, 0x42, 0x3f, 0x67, 0x3d, 0x42, 0x3f, 0xa8, 0x05, 0x42, 0x3f,
  0xf0, 0xcd, 0x41, 0x3f, 0x42, 0x96, 0x41, 0x3f, 0x9c, 0x5e, 0x41, 0x3f,
  0xfc, 0x26, 0x41, 0x3f, 0x65, 0xef, 0x40, 0x3f, 0xd6, 0xb7, 0x40, 0x3f,
  0x50, 0x80, 0x40, 0x3f, 0xcf, 0x48, 0x40, 0x3f, 0x5b, 0x11, 0x40, 0x3f,
  0xeb, 0xd9, 0x3f, 0x3f, 0x83, 0xa2, 0x3f, 0x3f, 0x24, 0x6b, 0x3f, 0x3f,
  0xce, 0x33, 0x3f, 0x3f, 0x7e, 0xfc, 0x3e, 0x3f, 0x38, 0xc5, 0x3e, 0x3f,
  0xfa, 0x8d, 0x3e, 0x3f, 0xc2, 0x56, 0x3e, 0x3f, 0x93, 0x1f, 0x3e, 0x3f,
  0x6c, 0xe8, 0x3d, 0x3f, 0x4e, 0xb1, 0x3d, 0x3f, 0x35, 0x7a, 0x3d, 0x3f,
  0x28, 0x43, 0x3d, 0x3f, 0x21, 0x0c, 0x3d, 0x3f, 0x21, 0xd5, 0x3c, 0x3f,
  0x2c, 0x9e, 0x3c, 0x3f, 0x3b, 0x67, 0x3c, 0x3f, 0x55, 0x30, 0x3c, 0x3f,
  0x76, 0xf9, 0x3b, 0x3f, 0xa0, 0xc2, 0x3b, 0x3f, 0xd0, 0x8b, 0x3b, 0x3f,
  0x09, 0x55, 0x3b, 0x3f, 0x4b, 0x1e, 0x3b, 0x3f, 0x94, 0xe7, 0x3a, 0x3f,
  0xe7, 0xb0, 0x3a, 0x3f, 0x3f, 0x7a, 0x3a, 0x3f, 0xa0, 0x43, 0x3a, 0x3f,
  0x07, 0x0d, 0x3a, 0x3f, 0x7a, 0xd6, 0x39, 0x3f, 0xf3, 0x9f, 0x39, 0x3f,
  0x73, 0x69, 0x39, 0x3f, 0xfe, 0x32, 0x39, 0x3f, 0x8e, 0xfc, 0x38, 0x3f,
  0x28, 0xc6, 0x38, 0x3f, 0xc9, 0x8f, 0x38, 0x3f, 0x72, 0x59, 0x38, 0x3f,
  0x24, 0x23, 0x38, 0x3f, 0xdb, 0xec, 0x37, 0x3f, 0x9f, 0xb6, 0x37, 0x3f,
  0x68, 0x80, 0x37, 0x3f, 0x37, 0x4a, 0x37, 0x3f, 0x12, 0x14, 0x37, 0x3f,
  0xf3, 0xdd, 0x36, 0x3f, 0xdb, 0xa7, 0x36, 0x3f, 0xce, 0x71, 0x36, 0x3f,
  0xc6, 0x3b, 0x36, 0x3f, 0xc8, 0x05, 0x36, 0x3f, 0xd1, 0xcf, 0x35, 0x3f,
  0xe2, 0x99, 0x35, 0x3f, 0xfc, 0x63, 0x35, 0x3f, 0x1d, 0x2e, 0x35, 0x3f,
  0x47, 0xf8, 0x34, 0x3f, 0x79, 0xc2, 0x34, 0x3f, 0xb0, 0x8c, 0x34, 0x3f,
  0xf2, 0x56, 0x34, 0x3f, 0x3c, 0x21, 0x34, 0x3f, 0x8c, 0xeb, 0x33, 0x3f,
  0xe6, 0xb5, 0x33, 0x3f, 0x49, 0x80, 0x33, 0x3f, 0xb0, 0x4a, 0x33, 0x3f,
  0x22, 0x15, 0x33, 0x3f, 0x9c, 0xdf, 0x32, 0x3f, 0x1d, 0xaa, 0x32, 0x3f,
  0xa6, 0x74, 0x32, 0x3f, 0x37, 0x3f, 0x32, 0x3f, 0xd0, 0x09, 0x32, 0x3f,
  0x72, 0xd4, 0x31, 0x3f, 0x1d, 0x9f, 0x31, 0x3f, 0xcc, 0x69, 0x31, 0x3f,
  0x86, 0x34, 0x31, 0x3f, 0x48, 0xff, 0x30, 0x3f, 0x10, 0xca, 0x30, 0x3f,
  0xe2, 0x94, 0x30, 0x3f, 0xbc, 0x5f, 0x30, 0x3f, 0x9d, 0x2a, 0x30, 0x3f,
  0x85, 0xf5, 0x2f, 0x3f, 0x78, 0xc0, 0x2f, 0x3f, 0x70, 0x8b, 0x2f, 0x3f,
  0x72, 0x56, 0x2f, 0x3f, 0x7c, 0x21, 0x2f, 0x3f, 0x8c, 0xec, 0x2e, 0x3f,
  0xa7, 0xb7, 0x2e, 0x3f, 0xc9, 0x82, 0x2e, 0x3f, 0xf3, 0x4d, 0x2e, 0x3f,
  0x22, 0x19, 0x2e, 0x3f, 0x5b, 0xe4, 0x2d, 0x3f, 0x9f, 0xaf, 0x2d, 0x3f,
  0xe5, 0x7a, 0x2d, 0x3f, 0x38, 0x46, 0x2d, 0x3f, 0x93, 0x11, 0x2d, 0x3f,
  0xf3, 0xdc, 0x2c, 0x3f, 0x5d, 0xa8, 0x2c, 0x3f, 0xcd, 0x73, 0x2c, 0x3f,
  0x48, 0x3f, 0x2c, 0x3f, 0xc8, 0x0a, 0x2c, 0x3f, 0x52, 0xd6, 0x2b, 0x3f,
  0xe4, 0xa1, 0x2b, 0x3f, 0x7f, 0x6d, 0x2b, 0x3f, 0x1e, 0x39, 0x2b, 0x3f,
  0xc8, 0x04, 0x2b, 0x3f, 0x7a, 0xd0, 0x2a, 0x3f, 0x33, 0x9c, 0x2a, 0x3f,
  0xf4, 0x67, 0x2a, 0x3f, 0xbe, 0x33, 0x2a, 0x3f, 0x90, 0xff, 0x29, 0x3f,
  0x68, 0xcb, 0x29, 0x3f, 0x49, 0x97, 0x29, 0x3f, 0x35, 0x63, 0x29, 0x3f,
  0x26, 0x2f, 0x29, 0x3f, 0x1d, 0xfb, 0x28, 0x3f, 0x20, 0xc7, 0x28, 0x3f,
  0x29, 0x93, 0x28, 0x3f, 0x3d, 0x5f, 0x28, 0x3f, 0x53, 0x2b, 0x28, 0x3f,
  0x76, 0xf7, 0x27, 0x3f, 0xa1, 0xc3, 0x27, 0x3f, 0xd2, 0x8f, 0x27, 0x3f,
  0x0b, 0x5c, 0x27, 0x3f, 0x4b, 0x28, 0x27, 0x3f, 0x96, 0xf4, 0x26, 0x3f,
  0xe8, 0xc0, 0x26, 0x3f, 0x42, 0x8d, 0x26, 0x3f, 0xa2, 0x59, 0x26, 0x3f,
  0x0b, 0x26, 0x26, 0x3f, 0x7e, 0xf2, 0x25, 0x3f, 0xf8, 0xbe, 0x25, 0x3f,
  0x78, 0x8b, 0x25, 0x3f, 0x01, 0x58, 0x25, 0x3f, 0x94, 0x24, 0x25, 0x3f,
  0x2e, 0xf1, 0x24, 0x3f, 0xd0, 0xbd, 0x24, 0x3f, 0x79, 0x8a, 0x24, 0x3f,
  0x2a, 0x57, 0x24, 0x3f, 0xe3, 0x23, 0x24, 0x3f, 0xa7, 0xf0, 0x23, 0x3f,
  0x6f, 0xbd, 0x23, 0x3f, 0x40, 0x8a, 0x23, 0x3f, 0x1a, 0x57, 0x23, 0x3f,
  0xfc, 0x23, 0x23, 0x3f, 0xe6, 0xf0, 0x22, 0x3f, 0xd8, 0xbd, 0x22, 0x3f,
  0xd0, 0x8a, 0x22, 0x3f, 0xd1, 0x57, 0x22, 0x3f, 0xdc, 0x24, 0x22, 0x3f,
  0xee, 0xf1, 0x21, 0x3f, 0x09, 0xbf, 0x21, 0x3f, 0x29, 0x8c, 0x21, 0x3f,
  0x53, 0x59, 0x21, 0x3f, 0x85, 0x26, 0x21, 0x3f, 0xbe, 0xf3, 0x20, 0x3f,
  0xff, 0xc0, 0x20, 0x3f, 0x4b, 0x8e, 0x20, 0x3f, 0x9a, 0x5b, 0x20, 0x3f,
  0xf4, 0x28, 0x20, 0x3f, 0x55, 0xf6, 0x1f, 0x3f, 0xc1, 0xc3, 0x1f, 0x3f,
  0x33, 0x91, 0x1f, 0x3f, 0xac, 0x5e, 0x1f, 0x3f, 0x2d, 0x2c, 0x1f, 0x3f,
  0xb6, 0xf9, 0x1e, 0x3f, 0x48, 0xc7, 0x1e, 0x3f, 0xe2, 0x94, 0x1e, 0x3f,
  0x84, 0x62, 0x1e, 0x3f, 0x2f, 0x30, 0x1e, 0x3f, 0xe0, 0xfd, 0x1d, 0x3f,
  0x97, 0xcb, 0x1d, 0x3f, 0x5a, 0x99, 0x1d, 0x3f, 0x25, 0x67, 0x1d, 0x3f,
  0xf7, 0x34, 0x1d, 0x3f, 0xd1, 0x02, 0x1d, 0x3f, 0xb1, 0xd0, 0x1c, 0x3f,
  0x9c, 0x9e, 0x1c, 0x3f, 0x8c, 0x6c, 0x1c, 0x3f, 0x86, 0x3a, 0x1c, 0x3f,
  0x88, 0x08, 0x1c, 0x3f, 0x91, 0xd6, 0x1b, 0x3f, 0xa5, 0xa4, 0x1b, 0x3f,
  0xbe, 0x72, 0x1b, 0x3f, 0xe1, 0x40, 0x1b, 0x3f, 0x0a, 0x0f, 0x1b, 0x3f,
  0x3d, 0xdd, 0x1a, 0x3f, 0x75, 0xab, 0x1a, 0x3f, 0xb7, 0x79, 0x1a, 0x3f,
  0xff, 0x47, 0x1a, 0x3f, 0x52, 0x16, 0x1a, 0x3f, 0xac, 0xe4, 0x19, 0x3f,
  0x0e, 0xb3, 0x19, 0x3f, 0x78, 0x81, 0x19, 0x3f, 0xe9, 0x4f, 0x19, 0x3f,
  0x64, 0x1e, 0x19, 0x3f, 0xe6, 0xec, 0x18, 0x3f, 0x6f, 0xbb, 0x18, 0x3f,
  0x00, 0x8a, 0x18, 0x3f, 0x9b, 0x58, 0x18, 0x3f, 0x3d, 0x27, 0x18, 0x3f,
  0xe7, 0xf5, 0x17, 0x3f, 0x97, 0xc4, 0x17, 0x3f, 0x52, 0x93, 0x17, 0x3f,
  0x14, 0x62, 0x17, 0x3f, 0xde, 0x30, 0x17, 0x3f, 0xb0, 0xff, 0x16, 0x3f,
  0x89, 0xce, 0x16, 0x3f, 0x6d, 0x9d, 0x16, 0x3f, 0x55, 0x6c, 0x16, 0x3f,
  0x45, 0x3b, 0x16, 0x3f, 0x40, 0x0a, 0x16, 0x3f, 0x41, 0xd9, 0x15, 0x3f,
  0x4d, 0xa8, 0x15, 0x3f, 0x5d, 0x77, 0x15, 0x3f, 0x78, 0x46, 0x15, 0x3f,
  0x9b, 0x15, 0x15, 0x3f, 0xc4, 0xe4, 0x14, 0x3f, 0xf6, 0xb3, 0x14, 0x3f,
  0x31, 0x83, 0x14, 0x3f, 0x72, 0x52, 0x14, 0x3f, 0xbb, 0x21, 0x14, 0x3f,
  0x0f, 0xf1, 0x13, 0x3f, 0x67, 0xc0, 0x13, 0x3f, 0xca, 0x8f, 0x13, 0x3f,
  0x33, 0x5f, 0x13, 0x3f, 0xa5, 0x2e, 0x13, 0x3f, 0x1f, 0xfe, 0x12, 0x3f,
  0xa2, 0xcd, 0x12, 0x3f, 0x2d, 0x9d, 0x12, 0x3f, 0xbe, 0x6c, 0x12, 0x3f,
  0x57, 0x3c, 0x12, 0x3f, 0xf8, 0x0b, 0x12, 0x3f, 0xa2, 0xdb, 0x11, 0x3f,
  0x54, 0xab, 0x11, 0x3f, 0x0e, 0x7b, 0x11, 0x3f, 0xd0, 0x4a, 0x11, 0x3f,
  0x9b, 0x1a, 0x11, 0x3f, 0x6c, 0xea, 0x10, 0x3f, 0x46, 0xba, 0x10, 0x3f,
  0x28, 0x8a, 0x10, 0x3f, 0x13, 0x5a, 0x10, 0x3f, 0x04, 0x2a, 0x10, 0x3f,
  0xfe, 0xf9, 0x0f, 0x3f, 0x00, 0xca, 0x0f, 0x3f, 0x0a, 0x9a, 0x0f, 0x3f,
  0x1d, 0x6a, 0x0f, 0x3f, 0x36, 0x3a, 0x0f, 0x3f, 0x58, 0x0a, 0x0f, 0x3f,
  0x83, 0xda, 0x0e, 0x3f, 0xb4, 0xaa, 0x0e, 0x3f, 0xef, 0x7a, 0x0e, 0x3f,
  0x30, 0x4b, 0x0e, 0x3f, 0x7b, 0x1b, 0x0e, 0x3f, 0xcc, 0xeb, 0x0d, 0x3f,
  0x27, 0xbc, 0x0d, 0x3f, 0x8a, 0x8c, 0x0d, 0x3f, 0xf4, 0x5c, 0x0d, 0x3f,
  0x66, 0x2d, 0x0d, 0x3f, 0xe0, 0xfd, 0x0c, 0x3f, 0x63, 0xce, 0x0c, 0x3f,
  0xed, 0x9e, 0x0c, 0x3f, 0x7d, 0x6f, 0x0c, 0x3f, 0x18, 0x40, 0x0c, 0x3f,
  0xba, 0x10, 0x0c, 0x3f, 0x63, 0xe1, 0x0b, 0x3f, 0x16, 0xb2, 0x0b, 0x3f,
  0xd0, 0x82, 0x0b, 0x3f, 0x91, 0x53, 0x0b, 0x3f, 0x5d, 0x24, 0x0b, 0x3f,
  0x2d, 0xf5, 0x0a, 0x3f, 0x08, 0xc6, 0x0a, 0x3f, 0xeb, 0x96, 0x0a, 0x3f,
  0xd4, 0x67, 0x0a, 0x3f, 0xc6, 0x38, 0x0a, 0x3f, 0xc0, 0x09, 0x0a, 0x3f,
  0xc2, 0xda, 0x09, 0x3f, 0xcd, 0xab, 0x09, 0x3f, 0xe0, 0x7c, 0x09, 0x3f,
  0xfa, 0x4d, 0x09, 0x3f, 0x1b, 0x1f, 0x09, 0x3f, 0x46, 0xf0, 0x08, 0x3f,
  0x78, 0xc1, 0x08, 0x3f, 0xb2, 0x92, 0x08, 0x3f, 0xf5, 0x63, 0x08, 0x3f,
  0x3e, 0x35, 0x08, 0x3f, 0x8f, 0x06, 0x08, 0x3f, 0xe9, 0xd7, 0x07, 0x3f,
  0x4c, 0xa9, 0x07, 0x3f, 0xb6, 0x7a, 0x07, 0x3f, 0x28, 0x4c, 0x07, 0x3f,
  0xa3, 0x1d, 0x07, 0x3f, 0x26, 0xef, 0x06, 0x3f, 0xb0, 0xc0, 0x06, 0x3f,
  0x42, 0x92, 0x06, 0x3f, 0xdb, 0x63, 0x06, 0x3f, 0x7e, 0x35, 0x06, 0x3f,
  0x28, 0x07, 0x06, 0x3f, 0xd9, 0xd8, 0x05, 0x3f, 0x95, 0xaa, 0x05, 0x3f,
  0x58, 0x7c, 0x05, 0x3f, 0x23, 0x4e, 0x05, 0x3f, 0xf4, 0x1f, 0x05, 0x3f,
  0xcd, 0xf1, 0x04, 0x3f, 0xb1, 0xc3, 0x04, 0x3f, 0x99, 0x95, 0x04, 0x3f,
  0x8c, 0x67, 0x04, 0x3f, 0x85, 0x39, 0x04, 0x3f, 0x89, 0x0b, 0x04, 0x3f,
  0x95, 0xdd, 0x03, 0x3f, 0xa5, 0xaf, 0x03, 0x3f, 0xc0, 0x81, 0x03, 0x3f,
  0xe2, 0x53, 0x03, 0x3f, 0x0c, 0x26, 0x03, 0x3f, 0x3e, 0xf8, 0x02, 0x3f,
  0x78, 0xca, 0x02, 0x3f, 0xbc, 0x9c, 0x02, 0x3f, 0x06, 0x6f, 0x02, 0x3f,
  0x59, 0x41, 0x02, 0x3f, 0xb2, 0x13, 0x02, 0x3f, 0x15, 0xe6, 0x01, 0x3f,
  0x7e, 0xb8, 0x01, 0x3f, 0xf1, 0x8a, 0x01, 0x3f, 0x6d, 0x5d, 0x01, 0x3f,
  0xee, 0x2f, 0x01, 0x3f, 0x78, 0x02, 0x01, 0x3f, 0x0a, 0xd5, 0x00, 0x3f,
  0xa4, 0xa7, 0x00, 0x3f, 0x45, 0x7a, 0x00, 0x3f, 0xf2, 0x4c, 0x00, 0x3f,
  0xa4, 0x1f, 0x00, 0x3f, 0xbd, 0xe4, 0xff, 0x3e, 0x3f, 0x8a, 0xff, 0x3e,
  0xd5, 0x2f, 0xff, 0x3e, 0x78, 0xd5, 0xfe, 0x3e, 0x30, 0x7b, 0xfe, 0x3e,
  0xf5, 0x20, 0xfe, 0x3e, 0xc8, 0xc6, 0xfd, 0x3e, 0xab, 0x6c, 0xfd, 0x3e,
  0x9f, 0x12, 0xfd, 0x3e, 0xa7, 0xb8, 0xfc, 0x3e, 0xbd, 0x5e, 0xfc, 0x3e,
  0xe0, 0x04, 0xfc, 0x3e, 0x14, 0xab, 0xfb, 0x3e, 0x59, 0x51, 0xfb, 0x3e,
  0xab, 0xf7, 0xfa, 0x3e, 0x14, 0x9e, 0xfa, 0x3e, 0x88, 0x44, 0xfa, 0x3e,
  0x0c, 0xeb, 0xf9, 0x3e, 0xa1, 0x91, 0xf9, 0x3e, 0x47, 0x38, 0xf9, 0x3e,
  0xfb, 0xde, 0xf8, 0x3e, 0xbf, 0x85, 0xf8, 0x3e, 0x94, 0x2c, 0xf8, 0x3e,
  0x7a, 0xd3, 0xf7, 0x3e, 0x70, 0x7a, 0xf7, 0x3e, 0x74, 0x21, 0xf7, 0x3e,
  0x89, 0xc8, 0xf6, 0x3e, 0xab, 0x6f, 0xf6, 0x3e, 0xe1, 0x16, 0xf6, 0x3e,
  0x28, 0xbe, 0xf5, 0x3e, 0x7c, 0x65, 0xf5, 0x3e, 0xe2, 0x0c, 0xf5, 0x3e,
  0x54, 0xb4, 0xf4, 0x3e, 0xdb, 0x5b, 0xf4, 0x3e, 0x6f, 0x03, 0xf4, 0x3e,
  0x14, 0xab, 0xf3, 0x3e, 0xc6, 0x52, 0xf3, 0x3e, 0x90, 0xfa, 0xf2, 0x3e,
  0x64, 0xa2, 0xf2, 0x3e, 0x49, 0x4a, 0xf2, 0x3e, 0x3b, 0xf2, 0xf1, 0x3e,
  0x45, 0x9a, 0xf1, 0x3e, 0x58, 0x42, 0xf1, 0x3e, 0x7d, 0xea, 0xf0, 0x3e,
  0xaf, 0x92, 0xf0, 0x3e, 0xf8, 0x3a, 0xf0, 0x3e, 0x4c, 0xe3, 0xef, 0x3e,
  0xb0, 0x8b, 0xef, 0x3e, 0x25, 0x34, 0xef, 0x3e, 0xab, 0xdc, 0xee, 0x3e,
  0x41, 0x85, 0xee, 0x3e, 0xe5, 0x2d, 0xee, 0x3e, 0x96, 0xd6, 0xed, 0x3e,
  0x5f, 0x7f, 0xed, 0x3e, 0x36, 0x28, 0xed, 0x3e, 0x19, 0xd1, 0xec, 0x3e,
  0x11, 0x7a, 0xec, 0x3e, 0x13, 0x23, 0xec, 0x3e, 0x29, 0xcc, 0xeb, 0x3e,
  0x4d, 0x75, 0xeb, 0x3e, 0x84, 0x1e, 0xeb, 0x3e, 0xc9, 0xc7, 0xea, 0x3e,
  0x1c, 0x71, 0xea, 0x3e, 0x82, 0x1a, 0xea, 0x3e, 0xf6, 0xc3, 0xe9, 0x3e,
  0x7b, 0x6d, 0xe9, 0x3e, 0x11, 0x17, 0xe9, 0x3e, 0xb7, 0xc0, 0xe8, 0x3e,
  0x6b, 0x6a, 0xe8, 0x3e, 0x2f, 0x14, 0xe8, 0x3e, 0x08, 0xbe, 0xe7, 0x3e,
  0xeb, 0x67, 0xe7, 0x3e, 0xe2, 0x11, 0xe7, 0x3e, 0xe9, 0xbb, 0xe6, 0x3e,
  0xfb, 0x65, 0xe6, 0x3e, 0x21, 0x10, 0xe6, 0x3e, 0x57, 0xba, 0xe5, 0x3e,
  0x9c, 0x64, 0xe5, 0x3e, 0xf0, 0x0e, 0xe5, 0x3e, 0x59, 0xb9, 0xe4, 0x3e,
  0xcc, 0x63, 0xe4, 0x3e, 0x50, 0x0e, 0xe4, 0x3e, 0xe8, 0xb8, 0xe3, 0x3e,
  0x8d, 0x63, 0xe3, 0x3e, 0x40, 0x0e, 0xe3, 0x3e, 0x07, 0xb9, 0xe2, 0x3e,
  0xdb, 0x63, 0xe2, 0x3e, 0xc1, 0x0e, 0xe2, 0x3e, 0xb6, 0xb9, 0xe1, 0x3e,
  0xbd, 0x64, 0xe1, 0x3e, 0xd1, 0x0f, 0xe1, 0x3e, 0xf9, 0xba, 0xe0, 0x3e,
  0x2c, 0x66, 0xe0, 0x3e, 0x6f, 0x11, 0xe0, 0x3e, 0xc9, 0xbc, 0xdf, 0x3e,
  0x2b, 0x68, 0xdf, 0x3e, 0xa0, 0x13, 0xdf, 0x3e, 0x29, 0xbf, 0xde, 0x3e,
  0xbd, 0x6a, 0xde, 0x3e, 0x61, 0x16, 0xde, 0x3e, 0x17, 0xc2, 0xdd, 0x3e,
  0xdc, 0x6d, 0xdd, 0x3e, 0xb3, 0x19, 0xdd, 0x3e, 0x97, 0xc5, 0xdc, 0x3e,
  0x8c, 0x71, 0xdc, 0x3e, 0x95, 0x1d, 0xdc, 0x3e, 0xa8, 0xc9, 0xdb, 0x3e,
  0xcc, 0x75, 0xdb, 0x3e, 0x04, 0x22, 0xdb, 0x3e, 0x4a, 0xce, 0xda, 0x3e,
  0xa0, 0x7a, 0xda, 0x3e, 0x03, 0x27, 0xda, 0x3e, 0x78, 0xd3, 0xd9, 0x3e,
  0x00, 0x80, 0xd9, 0x3e, 0x93, 0x2c, 0xd9, 0x3e, 0x3d, 0xd9, 0xd8, 0x3e,
  0xf1, 0x85, 0xd8, 0x3e, 0xb3, 0x32, 0xd8, 0x3e, 0x8c, 0xdf, 0xd7, 0x3e,
  0x6f, 0x8c, 0xd7, 0x3e, 0x66, 0x39, 0xd7, 0x3e, 0x6b, 0xe6, 0xd6, 0x3e,
  0x80, 0x93, 0xd6, 0x3e, 0xa7, 0x40, 0xd6, 0x3e, 0xda, 0xed, 0xd5, 0x3e,
  0x26, 0x9b, 0xd5, 0x3e, 0x77, 0x48, 0xd5, 0x3e, 0xdd, 0xf5, 0xd4, 0x3e,
  0x54, 0xa3, 0xd4, 0x3e, 0xd8, 0x50, 0xd4, 0x3e, 0x71, 0xfe, 0xd3, 0x3e,
  0x13, 0xac, 0xd3, 0x3e, 0xcd, 0x59, 0xd3, 0x3e, 0x91, 0x07, 0xd3, 0x3e,
  0x66, 0xb5, 0xd2, 0x3e, 0x4b, 0x63, 0xd2, 0x3e, 0x41, 0x11, 0xd2, 0x3e,
  0x48, 0xbf, 0xd1, 0x3e, 0x5d, 0x6d, 0xd1, 0x3e, 0x86, 0x1b, 0xd1, 0x3e,
  0xb8, 0xc9, 0xd0, 0x3e, 0xff, 0x77, 0xd0, 0x3e, 0x53, 0x26, 0xd0, 0x3e,
  0xb8, 0xd4, 0xcf, 0x3e, 0x31, 0x83, 0xcf, 0x3e, 0xb5, 0x31, 0xcf, 0x3e,
  0x4c, 0xe0, 0xce, 0x3e, 0xf1, 0x8e, 0xce, 0x3e, 0xa6, 0x3d, 0xce, 0x3e,
  0x6d, 0xec, 0xcd, 0x3e, 0x44, 0x9b, 0xcd, 0x3e, 0x28, 0x4a, 0xcd, 0x3e,
  0x21, 0xf9, 0xcc, 0x3e, 0x24, 0xa8, 0xcc, 0x3e, 0x3a, 0x57, 0xcc, 0x3e,
  0x5f, 0x06, 0xcc, 0x3e, 0x94, 0xb5, 0xcb, 0x3e, 0xdd, 0x64, 0xcb, 0x3e,
  0x30, 0x14, 0xcb, 0x3e, 0x98, 0xc3, 0xca, 0x3e, 0x0c, 0x73, 0xca, 0x3e,
  0x95, 0x22, 0xca, 0x3e, 0x28, 0xd2, 0xc9, 0x3e, 0xcf, 0x81, 0xc9, 0x3e,
  0x84, 0x31, 0xc9, 0x3e, 0x4d, 0xe1, 0xc8, 0x3e, 0x1f, 0x91, 0xc8, 0x3e,
  0x06, 0x41, 0xc8, 0x3e, 0xfb, 0xf0, 0xc7, 0x3e, 0x03, 0xa1, 0xc7, 0x3e,
  0x19, 0x51, 0xc7, 0x3e, 0x40, 0x01, 0xc7, 0x3e, 0x74, 0xb1, 0xc6, 0x3e,
  0xbc, 0x61, 0xc6, 0x3e, 0x11, 0x12, 0xc6, 0x3e, 0x78, 0xc2, 0xc5, 0x3e,
  0xec, 0x72, 0xc5, 0x3e, 0x74, 0x23, 0xc5, 0x3e, 0x09, 0xd4, 0xc4, 0x3e,
  0xaf, 0x84, 0xc4, 0x3e, 0x63, 0x35, 0xc4, 0x3e, 0x2a, 0xe6, 0xc3, 0x3e,
  0x03, 0x97, 0xc3, 0x3e, 0xe9, 0x47, 0xc3, 0x3e, 0xdf, 0xf8, 0xc2, 0x3e,
  0xe4, 0xa9, 0xc2, 0x3e, 0xfc, 0x5a, 0xc2, 0x3e, 0x21, 0x0c, 0xc2, 0x3e,
  0x58, 0xbd, 0xc1, 0x3e, 0x9c, 0x6e, 0xc1, 0x3e, 0xf4, 0x1f, 0xc1, 0x3e,
  0x59, 0xd1, 0xc0, 0x3e, 0xcf, 0x82, 0xc0, 0x3e, 0x53, 0x34, 0xc0, 0x3e,
  0xeb, 0xe5, 0xbf, 0x3e, 0x93, 0x97, 0xbf, 0x3e, 0x49, 0x49, 0xbf, 0x3e,
  0x10, 0xfb, 0xbe, 0x3e, 0xe4, 0xac, 0xbe, 0x3e, 0xcc, 0x5e, 0xbe, 0x3e,
  0xbf, 0x10, 0xbe, 0x3e, 0xc8, 0xc2, 0xbd, 0x3e, 0xdc, 0x74, 0xbd, 0x3e,
  0x04, 0x27, 0xbd, 0x3e, 0x3d, 0xd9, 0xbc, 0x3e, 0x80, 0x8b, 0xbc, 0x3e,
  0xd7, 0x3d, 0xbc, 0x3e, 0x3b, 0xf0, 0xbb, 0x3e, 0xb4, 0xa2, 0xbb, 0x3e,
  0x37, 0x55, 0xbb, 0x3e, 0xd1, 0x07, 0xbb, 0x3e, 0x78, 0xba, 0xba, 0x3e,
  0x2d, 0x6d, 0xba, 0x3e, 0xf3, 0x1f, 0xba, 0x3e, 0xc9, 0xd2, 0xb9, 0x3e,
  0xb1, 0x85, 0xb9, 0x3e, 0xa9, 0x38, 0xb9, 0x3e, 0xab, 0xeb, 0xb8, 0x3e,
  0xc4, 0x9e, 0xb8, 0x3e, 0xe8, 0x51, 0xb8, 0x3e, 0x20, 0x05, 0xb8, 0x3e,
  0x69, 0xb8, 0xb7, 0x3e, 0xbb, 0x6b, 0xb7, 0x3e, 0x25, 0x1f, 0xb7, 0x3e,
  0x9a, 0xd2, 0xb6, 0x3e, 0x1f, 0x86, 0xb6, 0x3e, 0xb8, 0x39, 0xb6, 0x3e,
  0x5b, 0xed, 0xb5, 0x3e, 0x16, 0xa1, 0xb5, 0x3e, 0xd7, 0x54, 0xb5, 0x3e,
  0xb0, 0x08, 0xb5, 0x3e, 0x99, 0xbc, 0xb4, 0x3e, 0x8d, 0x70, 0xb4, 0x3e,
  0x95, 0x24, 0xb4, 0x3e, 0xae, 0xd8, 0xb3, 0x3e, 0xd0, 0x8c, 0xb3, 0x3e,
  0x07, 0x41, 0xb3, 0x3e, 0x4b, 0xf5, 0xb2, 0x3e, 0xa4, 0xa9, 0xb2, 0x3e,
  0x0d, 0x5e, 0xb2, 0x3e, 0x80, 0x12, 0xb2, 0x3e, 0x08, 0xc7, 0xb1, 0x3e,
  0xa0, 0x7b, 0xb1, 0x3e, 0x45, 0x30, 0xb1, 0x3e, 0xfc, 0xe4, 0xb0, 0x3e,
  0xc3, 0x99, 0xb0, 0x3e, 0x97, 0x4e, 0xb0, 0x3e, 0x80, 0x03, 0xb0, 0x3e,
  0x79, 0xb8, 0xaf, 0x3e, 0x7d, 0x6d, 0xaf, 0x3e, 0x94, 0x22, 0xaf, 0x3e,
  0xbd, 0xd7, 0xae, 0x3e, 0xef, 0x8c, 0xae, 0x3e, 0x39, 0x42, 0xae, 0x3e,
  0x91, 0xf7, 0xad, 0x3e, 0xf6, 0xac, 0xad, 0x3e, 0x6b, 0x62, 0xad, 0x3e,
  0xf5, 0x17, 0xad, 0x3e, 0x89, 0xcd, 0xac, 0x3e, 0x31, 0x83, 0xac, 0x3e,
  0xe9, 0x38, 0xac, 0x3e, 0xac, 0xee, 0xab, 0x3e, 0x83, 0xa4, 0xab, 0x3e,
  0x6b, 0x5a, 0xab, 0x3e, 0x60, 0x10, 0xab, 0x3e, 0x69, 0xc6, 0xaa, 0x3e,
  0x80, 0x7c, 0xaa, 0x3e, 0xa4, 0x32, 0xaa, 0x3e, 0xdc, 0xe8, 0xa9, 0x3e,
  0x25, 0x9f, 0xa9, 0x3e, 0x7b, 0x55, 0xa9, 0x3e, 0xdf, 0x0b, 0xa9, 0x3e,
  0x57, 0xc2, 0xa8, 0x3e, 0xe0, 0x78, 0xa8, 0x3e, 0x73, 0x2f, 0xa8, 0x3e,
  0x1d, 0xe6, 0xa7, 0x3e, 0xd5, 0x9c, 0xa7, 0x3e, 0x97, 0x53, 0xa7, 0x3e,
  0x70, 0x0a, 0xa7, 0x3e, 0x56, 0xc1, 0xa6, 0x3e, 0x51, 0x78, 0xa6, 0x3e,
  0x53, 0x2f, 0xa6, 0x3e, 0x6c, 0xe6, 0xa5, 0x3e, 0x96, 0x9d, 0xa5, 0x3e,
  0xca, 0x54, 0xa5, 0x3e, 0x12, 0x0c, 0xa5, 0x3e, 0x67, 0xc3, 0xa4, 0x3e,
  0xd1, 0x7a, 0xa4, 0x3e, 0x44, 0x32, 0xa4, 0x3e, 0xcc, 0xe9, 0xa3, 0x3e,
  0x64, 0xa1, 0xa3, 0x3e, 0x0a, 0x59, 0xa3, 0x3e, 0xc1, 0x10, 0xa3, 0x3e,
  0x89, 0xc8, 0xa2, 0x3e, 0x61, 0x80, 0xa2, 0x3e, 0x47, 0x38, 0xa2, 0x3e,
  0x3d, 0xf0, 0xa1, 0x3e, 0x44, 0xa8, 0xa1, 0x3e, 0x5c, 0x60, 0xa1, 0x3e,
  0x85, 0x18, 0xa1, 0x3e, 0xb8, 0xd0, 0xa0, 0x3e, 0xff, 0x88, 0xa0, 0x3e,
  0x57, 0x41, 0xa0, 0x3e, 0xbf, 0xf9, 0x9f, 0x3e, 0x35, 0xb2, 0x9f, 0x3e,
  0xbc, 0x6a, 0x9f, 0x3e, 0x54, 0x23, 0x9f, 0x3e, 0xfc, 0xdb, 0x9e, 0x3e,
  0xae, 0x94, 0x9e, 0x3e, 0x78, 0x4d, 0x9e, 0x3e, 0x50, 0x06, 0x9e, 0x3e,
  0x38, 0xbf, 0x9d, 0x3e, 0x31, 0x78, 0x9d, 0x3e, 0x33, 0x31, 0x9d, 0x3e,
  0x4b, 0xea, 0x9c, 0x3e, 0x72, 0xa3, 0x9c, 0x3e, 0xab, 0x5c, 0x9c, 0x3e,
  0xf4, 0x15, 0x9c, 0x3e, 0x48, 0xcf, 0x9b, 0x3e, 0xaf, 0x88, 0x9b, 0x3e,
  0x28, 0x42, 0x9b, 0x3e, 0xb1, 0xfb, 0x9a, 0x3e, 0x47, 0xb5, 0x9a, 0x3e,
  0xeb, 0x6e, 0x9a, 0x3e, 0xa4, 0x28, 0x9a, 0x3e, 0x6c, 0xe2, 0x99, 0x3e,
  0x43, 0x9c, 0x99, 0x3e, 0x2d, 0x56, 0x99, 0x3e, 0x1e, 0x10, 0x99, 0x3e,
  0x27, 0xca, 0x98, 0x3e, 0x40, 0x84, 0x98, 0x3e, 0x67, 0x3e, 0x98, 0x3e,
  0x9f, 0xf8, 0x97, 0x3e, 0xe4, 0xb2, 0x97, 0x3e, 0x3d, 0x6d, 0x97, 0x3e,
  0xa4, 0x27, 0x97, 0x3e, 0x1b, 0xe2, 0x96, 0x3e, 0xa3, 0x9c, 0x96, 0x3e,
  0x3c, 0x57, 0x96, 0x3e, 0xdf, 0x11, 0x96, 0x3e, 0x9a, 0xcc, 0x95, 0x3e,
  0x62, 0x87, 0x95, 0x3e, 0x37, 0x42, 0x95, 0x3e, 0x20, 0xfd, 0x94, 0x3e,
  0x17, 0xb8, 0x94, 0x3e, 0x1c, 0x73, 0x94, 0x3e, 0x34, 0x2e, 0x94, 0x3e,
  0x5d, 0xe9, 0x93, 0x3e, 0x94, 0xa4, 0x93, 0x3e, 0xdb, 0x5f, 0x93, 0x3e,
  0x33, 0x1b, 0x93, 0x3e, 0x9c, 0xd6, 0x92, 0x3e, 0x0f, 0x92, 0x92, 0x3e,
  0x97, 0x4d, 0x92, 0x3e, 0x2e, 0x09, 0x92, 0x3e, 0xd7, 0xc4, 0x91, 0x3e,
  0x91, 0x80, 0x91, 0x3e, 0x58, 0x3c, 0x91, 0x3e, 0x2f, 0xf8, 0x90, 0x3e,
  0x14, 0xb4, 0x90, 0x3e, 0x0a, 0x70, 0x90, 0x3e, 0x14, 0x2c, 0x90, 0x3e,
  0x2c, 0xe8, 0x8f, 0x3e, 0x54, 0xa4, 0x8f, 0x3e, 0x8d, 0x60, 0x8f, 0x3e,
  0xd3, 0x1c, 0x8f, 0x3e, 0x2b, 0xd9, 0x8e, 0x3e, 0x93, 0x95, 0x8e, 0x3e,
  0x08, 0x52, 0x8e, 0x3e, 0x92, 0x0e, 0x8e, 0x3e, 0x29, 0xcb, 0x8d, 0x3e,
  0xd0, 0x87, 0x8d, 0x3e, 0x89, 0x44, 0x8d, 0x3e, 0x4f, 0x01, 0x8d, 0x3e,
  0x29, 0xbe, 0x8c, 0x3e, 0x10, 0x7b, 0x8c, 0x3e, 0x09, 0x38, 0x8c, 0x3e,
  0x12, 0xf5, 0x8b, 0x3e, 0x25, 0xb2, 0x8b, 0x3e, 0x4c, 0x6f, 0x8b, 0x3e,
  0x84, 0x2c, 0x8b, 0x3e, 0xcd, 0xe9, 0x8a, 0x3e, 0x23, 0xa7, 0x8a, 0x3e,
  0x8d, 0x64, 0x8a, 0x3e, 0x05, 0x22, 0x8a, 0x3e, 0x8e, 0xdf, 0x89, 0x3e,
  0x24, 0x9d, 0x89, 0x3e, 0xce, 0x5a, 0x89, 0x3e, 0x85, 0x18, 0x89, 0x3e,
  0x4d, 0xd6, 0x88, 0x3e, 0x20, 0x94, 0x88, 0x3e, 0x06, 0x52, 0x88, 0x3e,
  0x01, 0x10, 0x88, 0x3e, 0x09, 0xce, 0x87, 0x3e, 0x1f, 0x8c, 0x87, 0x3e,
  0x48, 0x4a, 0x87, 0x3e, 0x7f, 0x08, 0x87, 0x3e, 0xc7, 0xc6, 0x86, 0x3e,
  0x20, 0x85, 0x86, 0x3e, 0x89, 0x43, 0x86, 0x3e, 0x00, 0x02, 0x86, 0x3e,
  0x87, 0xc0, 0x85, 0x3e, 0x20, 0x7f, 0x85, 0x3e, 0xc9, 0x3d, 0x85, 0x3e,
  0x7f, 0xfc, 0x84, 0x3e, 0x47, 0xbb, 0x84, 0x3e, 0x1f, 0x7a, 0x84, 0x3e,
  0x08, 0x39, 0x84, 0x3e, 0x01, 0xf8, 0x83, 0x3e, 0x08, 0xb7, 0x83, 0x3e,
  0x20, 0x76, 0x83, 0x3e, 0x49, 0x35, 0x83, 0x3e, 0x7f, 0xf4, 0x82, 0x3e,
  0xc6, 0xb3, 0x82, 0x3e, 0x1d, 0x73, 0x82, 0x3e, 0x86, 0x32, 0x82, 0x3e,
  0xfb, 0xf1, 0x81, 0x3e, 0x85, 0xb1, 0x81, 0x3e, 0x1d, 0x71, 0x81, 0x3e,
  0xc5, 0x30, 0x81, 0x3e, 0x7e, 0xf0, 0x80, 0x3e, 0x44, 0xb0, 0x80, 0x3e,
  0x1b, 0x70, 0x80, 0x3e, 0x03, 0x30, 0x80, 0x3e, 0xf7, 0xdf, 0x7f, 0x3e,
  0x0a, 0x60, 0x7f, 0x3e, 0x38, 0xe0, 0x7e, 0x3e, 0x87, 0x60, 0x7e, 0x3e,
  0xf8, 0xe0, 0x7d, 0x3e, 0x8a, 0x61, 0x7d, 0x3e, 0x38, 0xe2, 0x7c, 0x3e,
  0x06, 0x63, 0x7c, 0x3e, 0xf7, 0xe3, 0x7b, 0x3e, 0x09, 0x65, 0x7b, 0x3e,
  0x35, 0xe6, 0x7a, 0x3e, 0x8a, 0x67, 0x7a, 0x3e, 0x01, 0xe9, 0x79, 0x3e,
  0x92, 0x6a, 0x79, 0x3e, 0x3f, 0xec, 0x78, 0x3e, 0x13, 0x6e, 0x78, 0x3e,
  0x02, 0xf0, 0x77, 0x3e, 0x13, 0x72, 0x77, 0x3e, 0x3f, 0xf4, 0x76, 0x3e,
  0x93, 0x76, 0x76, 0x3e, 0x02, 0xf9, 0x75, 0x3e, 0x92, 0x7b, 0x75, 0x3e,
  0x3e, 0xfe, 0x74, 0x3e, 0x11, 0x81, 0x74, 0x3e, 0xff, 0x03, 0x74, 0x3e,
  0x0f, 0x87, 0x73, 0x3e, 0x41, 0x0a, 0x73, 0x3e, 0x8d, 0x8d, 0x72, 0x3e,
  0x02, 0x11, 0x72, 0x3e, 0x91, 0x94, 0x71, 0x3e, 0x42, 0x18, 0x71, 0x3e,
  0x0e, 0x9c, 0x70, 0x3e, 0x02, 0x20, 0x70, 0x3e, 0x11, 0xa4, 0x6f, 0x3e,
  0x48, 0x28, 0x6f, 0x3e, 0x9a, 0xac, 0x6e, 0x3e, 0x07, 0x31, 0x6e, 0x3e,
  0x95, 0xb5, 0x6d, 0x3e, 0x45, 0x3a, 0x6d, 0x3e, 0x17, 0xbf, 0x6c, 0x3e,
  0x0a, 0x44, 0x6c, 0x3e, 0x18, 0xc9, 0x6b, 0x3e, 0x48, 0x4e, 0x6b, 0x3e,
  0x99, 0xd3, 0x6a, 0x3e, 0x0b, 0x59, 0x6a, 0x3e, 0x99, 0xde, 0x69, 0x3e,
  0x48, 0x64, 0x69, 0x3e, 0x1f, 0xea, 0x68, 0x3e, 0x11, 0x70, 0x68, 0x3e,
  0x1e, 0xf6, 0x67, 0x3e, 0x53, 0x7c, 0x67, 0x3e, 0xa3, 0x02, 0x67, 0x3e,
  0x0e, 0x89, 0x66, 0x3e, 0xa1, 0x0f, 0x66, 0x3e, 0x4f, 0x96, 0x65, 0x3e,
  0x1f, 0x1d, 0x65, 0x3e, 0x10, 0xa4, 0x64, 0x3e, 0x29, 0x2b, 0x64, 0x3e,
  0x57, 0xb2, 0x63, 0x3e, 0xa6, 0x39, 0x63, 0x3e, 0x17, 0xc1, 0x62, 0x3e,
  0xa9, 0x48, 0x62, 0x3e, 0x56, 0xd0, 0x61, 0x3e, 0x2b, 0x58, 0x61, 0x3e,
  0x15, 0xe0, 0x60, 0x3e, 0x2d, 0x68, 0x60, 0x3e, 0x60, 0xf0, 0x5f, 0x3e,
  0xae, 0x78, 0x5f, 0x3e, 0x1e, 0x01, 0x5f, 0x3e, 0xaf, 0x89, 0x5e, 0x3e,
  0x62, 0x12, 0x5e, 0x3e, 0x30, 0x9b, 0x5d, 0x3e, 0x1f, 0x24, 0x5d, 0x3e,
  0x36, 0xad, 0x5c, 0x3e, 0x68, 0x36, 0x5c, 0x3e, 0xb6, 0xbf, 0x5b, 0x3e,
  0x2b, 0x49, 0x5b, 0x3e, 0xbb, 0xd2, 0x5a, 0x3e, 0x66, 0x5c, 0x5a, 0x3e,
  0x3a, 0xe6, 0x59, 0x3e, 0x2e, 0x70, 0x59, 0x3e, 0x3e, 0xfa, 0x58, 0x3e,
  0x6f, 0x84, 0x58, 0x3e, 0xc2, 0x0e, 0x58, 0x3e, 0x30, 0x99, 0x57, 0x3e,
  0xbf, 0x23, 0x57, 0x3e, 0x77, 0xae, 0x56, 0x3e, 0x49, 0x39, 0x56, 0x3e,
  0x36, 0xc4, 0x55, 0x3e, 0x45, 0x4f, 0x55, 0x3e, 0x75, 0xda, 0x54, 0x3e,
  0xc7, 0x65, 0x54, 0x3e, 0x41, 0xf1, 0x53, 0x3e, 0xcf, 0x7c, 0x53, 0x3e,
  0x7f, 0x08, 0x53, 0x3e, 0x51, 0x94, 0x52, 0x3e, 0x3d, 0x20, 0x52, 0x3e,
  0x58, 0xac, 0x51, 0x3e, 0x87, 0x38, 0x51, 0x3e, 0xd8, 0xc4, 0x50, 0x3e,
  0x4a, 0x51, 0x50, 0x3e, 0xd8, 0xdd, 0x4f, 0x3e, 0x8d, 0x6a, 0x4f, 0x3e,
  0x5e, 0xf7, 0x4e, 0x3e, 0x50, 0x84, 0x4e, 0x3e, 0x63, 0x11, 0x4e, 0x3e,
  0x91, 0x9e, 0x4d, 0x3e, 0xe8, 0x2b, 0x4d, 0x3e, 0x59, 0xb9, 0x4c, 0x3e,
  0xe6, 0x46, 0x4c, 0x3e, 0x9a, 0xd4, 0x4b, 0x3e, 0x6a, 0x62, 0x4b, 0x3e,
  0x61, 0xf0, 0x4a, 0x3e, 0x6d, 0x7e, 0x4a, 0x3e, 0xa1, 0x0c, 0x4a, 0x3e,
  0xf0, 0x9a, 0x49, 0x3e, 0x67, 0x29, 0x49, 0x3e, 0xf9, 0xb7, 0x48, 0x3e,
  0xa6, 0x46, 0x48, 0x3e, 0x7b, 0xd5, 0x47, 0x3e, 0x6b, 0x64, 0x47, 0x3e,
  0x83, 0xf3, 0x46, 0x3e, 0xaf, 0x82, 0x46, 0x3e, 0xfd, 0x11, 0x46, 0x3e,
  0x6d, 0xa1, 0x45, 0x3e, 0x0b, 0x31, 0x45, 0x3e, 0xb7, 0xc0, 0x44, 0x3e,
  0x8b, 0x50, 0x44, 0x3e, 0x7a, 0xe0, 0x43, 0x3e, 0x91, 0x70, 0x43, 0x3e,
  0xbd, 0x00, 0x43, 0x3e, 0x10, 0x91, 0x42, 0x3e, 0x7f, 0x21, 0x42, 0x3e,
  0x16, 0xb2, 0x41, 0x3e, 0xc7, 0x42, 0x41, 0x3e, 0x9a, 0xd3, 0x40, 0x3e,
  0x88, 0x64, 0x40, 0x3e, 0x9e, 0xf5, 0x3f, 0x3e, 0xd0, 0x86, 0x3f, 0x3e,
  0x22, 0x18, 0x3f, 0x3e, 0x96, 0xa9, 0x3e, 0x3e, 0x25, 0x3b, 0x3e, 0x3e,
  0xd6, 0xcc, 0x3d, 0x3e, 0xa8, 0x5e, 0x3d, 0x3e, 0xa3, 0xf0, 0x3c, 0x3e,
  0xb1, 0x82, 0x3c, 0x3e, 0xe1, 0x14, 0x3c, 0x3e, 0x3a, 0xa7, 0x3b, 0x3e,
  0xa6, 0x39, 0x3b, 0x3e, 0x3b, 0xcc, 0x3a, 0x3e, 0xea, 0x5e, 0x3a, 0x3e,
  0xc2, 0xf1, 0x39, 0x3e, 0xae, 0x84, 0x39, 0x3e, 0xc3, 0x17, 0x39, 0x3e,
  0xf8, 0xaa, 0x38, 0x3e, 0x49, 0x3e, 0x38, 0x3e, 0xbb, 0xd1, 0x37, 0x3e,
  0x48, 0x65, 0x37, 0x3e, 0xfe, 0xf8, 0x36, 0x3e, 0xce, 0x8c, 0x36, 0x3e,
  0xc0, 0x20, 0x36, 0x3e, 0xda, 0xb4, 0x35, 0x3e, 0x08, 0x49, 0x35, 0x3e,
  0x57, 0xdd, 0x34, 0x3e, 0xcf, 0x71, 0x34, 0x3e, 0x62, 0x06, 0x34, 0x3e,
  0x10, 0x9b, 0x33, 0x3e, 0xe6, 0x2f, 0x33, 0x3e, 0xd6, 0xc4, 0x32, 0x3e,
  0xe9, 0x59, 0x32, 0x3e, 0x23, 0xef, 0x31, 0x3e, 0x72, 0x84, 0x31, 0x3e,
  0xe2, 0x19, 0x31, 0x3e, 0x7b, 0xaf, 0x30, 0x3e, 0x27, 0x45, 0x30, 0x3e,
  0xf6, 0xda, 0x2f, 0x3e, 0xf3, 0x70, 0x2f, 0x3e, 0xfd, 0x06, 0x2f, 0x3e,
  0x30, 0x9d, 0x2e, 0x3e, 0x8b, 0x33, 0x2e, 0x3e, 0xfb, 0xc9, 0x2d, 0x3e,
  0x85, 0x60, 0x2d, 0x3e, 0x3e, 0xf7, 0x2c, 0x3e, 0x12, 0x8e, 0x2c, 0x3e,
  0x00, 0x25, 0x2c, 0x3e, 0x17, 0xbc, 0x2b, 0x3e, 0x49, 0x53, 0x2b, 0x3e,
  0x9d, 0xea, 0x2a, 0x3e, 0x12, 0x82, 0x2a, 0x3e, 0xa2, 0x19, 0x2a, 0x3e,
  0x5a, 0xb1, 0x29, 0x3e, 0x26, 0x49, 0x29, 0x3e, 0x1a, 0xe1, 0x28, 0x3e,
  0x30, 0x79, 0x28, 0x3e, 0x61, 0x11, 0x28, 0x3e, 0xba, 0xa9, 0x27, 0x3e,
  0x28, 0x42, 0x27, 0x3e, 0xb7, 0xda, 0x26, 0x3e, 0x6e, 0x73, 0x26, 0x3e,
  0x40, 0x0c, 0x26, 0x3e, 0x3a, 0xa5, 0x25, 0x3e, 0x48, 0x3e, 0x25, 0x3e,
  0x78, 0xd7, 0x24, 0x3e, 0xd0, 0x70, 0x24, 0x3e, 0x43, 0x0a, 0x24, 0x3e,
  0xd1, 0xa3, 0x23, 0x3e, 0x87, 0x3d, 0x23, 0x3e, 0x58, 0xd7, 0x22, 0x3e,
  0x51, 0x71, 0x22, 0x3e, 0x5f, 0x0b, 0x22, 0x3e, 0x9b, 0xa5, 0x21, 0x3e,
  0xe5, 0x3f, 0x21, 0x3e, 0x57, 0xda, 0x20, 0x3e, 0xf1, 0x74, 0x20, 0x3e,
  0xa0, 0x0f, 0x20, 0x3e, 0x76, 0xaa, 0x1f, 0x3e, 0x68, 0x45, 0x1f, 0x3e,
  0x7b, 0xe0, 0x1e, 0x3e, 0xb0, 0x7b, 0x1e, 0x3e, 0xff, 0x16, 0x1e, 0x3e,
  0x77, 0xb2, 0x1d, 0x3e, 0x09, 0x4e, 0x1d, 0x3e, 0xbe, 0xe9, 0x1c, 0x3e,
  0x93, 0x85, 0x1c, 0x3e, 0x7d, 0x21, 0x1c, 0x3e, 0x96, 0xbd, 0x1b, 0x3e,
  0xca, 0x59, 0x1b, 0x3e, 0x1f, 0xf6, 0x1a, 0x3e, 0x8f, 0x92, 0x1a, 0x3e,
  0x27, 0x2f, 0x1a, 0x3e, 0xda, 0xcb, 0x19, 0x3e, 0xaf, 0x68, 0x19, 0x3e,
  0x9f, 0x05, 0x19, 0x3e, 0xb0, 0xa2, 0x18, 0x3e, 0xe9, 0x3f, 0x18, 0x3e,
  0x37, 0xdd, 0x17, 0x3e, 0xb3, 0x7a, 0x17, 0x3e, 0x3d, 0x18, 0x17, 0x3e,
  0xf6, 0xb5, 0x16, 0x3e, 0xca, 0x53, 0x16, 0x3e, 0xbf, 0xf1, 0x15, 0x3e,
  0xcf, 0x8f, 0x15, 0x3e, 0x07, 0x2e, 0x15, 0x3e, 0x5b, 0xcc, 0x14, 0x3e,
  0xd0, 0x6a, 0x14, 0x3e, 0x5f, 0x09, 0x14, 0x3e, 0x17, 0xa8, 0x13, 0x3e,
  0xea, 0x46, 0x13, 0x3e, 0xde, 0xe5, 0x12, 0x3e, 0xed, 0x84, 0x12, 0x3e,
  0x1e, 0x24, 0x12, 0x3e, 0x77, 0xc3, 0x11, 0x3e, 0xeb, 0x62, 0x11, 0x3e,
  0x80, 0x02, 0x11, 0x3e, 0x30, 0xa2, 0x10, 0x3e, 0x09, 0x42, 0x10, 0x3e,
  0xf5, 0xe1, 0x0f, 0x3e, 0x11, 0x82, 0x0f, 0x3e, 0x41, 0x22, 0x0f, 0x3e,
  0x99, 0xc2, 0x0e, 0x3e, 0x05, 0x63, 0x0e, 0x3e, 0xa0, 0x03, 0x0e, 0x3e,
  0x56, 0xa4, 0x0d, 0x3e, 0x26, 0x45, 0x0d, 0x3e, 0x20, 0xe6, 0x0c, 0x3e,
  0x2d, 0x87, 0x0c, 0x3e, 0x69, 0x28, 0x0c, 0x3e, 0xb9, 0xc9, 0x0b, 0x3e,
  0x32, 0x6b, 0x0b, 0x3e, 0xbe, 0x0c, 0x0b, 0x3e, 0x7a, 0xae, 0x0a, 0x3e,
  0x4a, 0x50, 0x0a, 0x3e, 0x42, 0xf2, 0x09, 0x3e, 0x4e, 0x94, 0x09, 0x3e,
  0x89, 0x36, 0x09, 0x3e, 0xd8, 0xd8, 0x08, 0x3e, 0x50, 0x7b, 0x08, 0x3e,
  0xe2, 0x1d, 0x08, 0x3e, 0x96, 0xc0, 0x07, 0x3e, 0x65, 0x63, 0x07, 0x3e,
  0x63, 0x06, 0x07, 0x3e, 0x75, 0xa9, 0x06, 0x3e, 0xa8, 0x4c, 0x06, 0x3e,
  0xfd, 0xef, 0x05, 0x3e, 0x6d, 0x93, 0x05, 0x3e, 0x05, 0x37, 0x05, 0x3e,
  0xb8, 0xda, 0x04, 0x3e, 0x8d, 0x7e, 0x04, 0x3e, 0x83, 0x22, 0x04, 0x3e,
  0x9b, 0xc6, 0x03, 0x3e, 0xcd, 0x6a, 0x03, 0x3e, 0x21, 0x0f, 0x03, 0x3e,
  0x97, 0xb3, 0x02, 0x3e, 0x27, 0x58, 0x02, 0x3e, 0xe0, 0xfc, 0x01, 0x3e,
  0xb3, 0xa1, 0x01, 0x3e, 0xa8, 0x46, 0x01, 0x3e, 0xbf, 0xeb, 0x00, 0x3e,
  0xf0, 0x90, 0x00, 0x3e, 0x4a, 0x36, 0x00, 0x3e, 0x70, 0xb7, 0xff, 0x3d,
  0x9d, 0x02, 0xff, 0x3d, 0x0c, 0x4e, 0xfe, 0x3d, 0xb1, 0x99, 0xfd, 0x3d,
  0x99, 0xe5, 0xfc, 0x3d, 0xc5, 0x31, 0xfc, 0x3d, 0x33, 0x7e, 0xfb, 0x3d,
  0xe5, 0xca, 0xfa, 0x3d, 0xbe, 0x17, 0xfa, 0x3d, 0xf6, 0x64, 0xf9, 0x3d,
  0x56, 0xb2, 0xf8, 0x3d, 0x07, 0x00, 0xf8, 0x3d, 0xed, 0x4d, 0xf7, 0x3d,
  0x16, 0x9c, 0xf6, 0x3d, 0x83, 0xea, 0xf5, 0x3d, 0x25, 0x39, 0xf5, 0x3d,
  0x0a, 0x88, 0xf4, 0x3d, 0x40, 0xd7, 0xf3, 0x3d, 0x9e, 0x26, 0xf3, 0x3d,
  0x4d, 0x76, 0xf2, 0x3d, 0x31, 0xc6, 0xf1, 0x3d, 0x66, 0x16, 0xf1, 0x3d,
  0xd0, 0x66, 0xf0, 0x3d, 0x70, 0xb7, 0xef, 0x3d, 0x61, 0x08, 0xef, 0x3d,
  0x95, 0x59, 0xee, 0x3d, 0xf1, 0xaa, 0xed, 0x3d, 0x9d, 0xfc, 0xec, 0x3d,
  0x8d, 0x4e, 0xec, 0x3d, 0xb3, 0xa0, 0xeb, 0x3d, 0x1b, 0xf3, 0xea, 0x3d,
  0xc7, 0x45, 0xea, 0x3d, 0xb5, 0x98, 0xe9, 0x3d, 0xda, 0xeb, 0xe8, 0x3d,
  0x41, 0x3f, 0xe8, 0x3d, 0xec, 0x92, 0xe7, 0x3d, 0xda, 0xe6, 0xe6, 0x3d,
  0xfd, 0x3a, 0xe6, 0x3d, 0x71, 0x8f, 0xe5, 0x3d, 0x1b, 0xe4, 0xe4, 0x3d,
  0xfa, 0x38, 0xe4, 0x3d, 0x2a, 0x8e, 0xe3, 0x3d, 0x9d, 0xe3, 0xe2, 0x3d,
  0x46, 0x39, 0xe2, 0x3d, 0x31, 0x8f, 0xe1, 0x3d, 0x60, 0xe5, 0xe0, 0x3d,
  0xc5, 0x3b, 0xe0, 0x3d, 0x6c, 0x92, 0xdf, 0x3d, 0x65, 0xe9, 0xde, 0x3d,
  0x85, 0x40, 0xde, 0x3d, 0xf6, 0x97, 0xdd, 0x3d, 0x9d, 0xef, 0xdc, 0x3d,
  0x94, 0x47, 0xdc, 0x3d, 0xb4, 0x9f, 0xdb, 0x3d, 0x24, 0xf8, 0xda, 0x3d,
  0xd7, 0x50, 0xda, 0x3d, 0xb2, 0xa9, 0xd9, 0x3d, 0xde, 0x02, 0xd9, 0x3d,
  0x4d, 0x5c, 0xd8, 0x3d, 0xf2, 0xb5, 0xd7, 0x3d, 0xda, 0x0f, 0xd7, 0x3d,
  0x12, 0x6a, 0xd6, 0x3d, 0x73, 0xc4, 0xd5, 0x3d, 0x24, 0x1f, 0xd5, 0x3d,
  0x0b, 0x7a, 0xd4, 0x3d, 0x42, 0xd5, 0xd3, 0x3d, 0xa2, 0x30, 0xd3, 0x3d,
  0x52, 0x8c, 0xd2, 0x3d, 0x45, 0xe8, 0xd1, 0x3d, 0x61, 0x44, 0xd1, 0x3d,
  0xcd, 0xa0, 0xd0, 0x3d, 0x7c, 0xfd, 0xcf, 0x3d, 0x6e, 0x5a, 0xcf, 0x3d,
  0x96, 0xb7, 0xce, 0x3d, 0x01, 0x15, 0xce, 0x3d, 0xaf, 0x72, 0xcd, 0x3d,
  0xa1, 0xd0, 0xcc, 0x3d, 0xc0, 0x2e, 0xcc, 0x3d, 0x30, 0x8d, 0xcb, 0x3d,
  0xe0, 0xeb, 0xca, 0x3d, 0xd1, 0x4a, 0xca, 0x3d, 0xf0, 0xa9, 0xc9, 0x3d,
  0x60, 0x09, 0xc9, 0x3d, 0x10, 0x69, 0xc8, 0x3d, 0x01, 0xc9, 0xc7, 0x3d,
  0x20, 0x29, 0xc7, 0x3d, 0x90, 0x89, 0xc6, 0x3d, 0x40, 0xea, 0xc5, 0x3d,
  0x31, 0x4b, 0xc5, 0x3d, 0x51, 0xac, 0xc4, 0x3d, 0xc0, 0x0d, 0xc4, 0x3d,
  0x6f, 0x6f, 0xc3, 0x3d, 0x60, 0xd1, 0xc2, 0x3d, 0x80, 0x33, 0xc2, 0x3d,
  0xef, 0x95, 0xc1, 0x3d, 0x9f, 0xf8, 0xc0, 0x3d, 0x90, 0x5b, 0xc0, 0x3d,
  0xb0, 0xbe, 0xbf, 0x3d, 0x20, 0x22, 0xbf, 0x3d, 0xcf, 0x85, 0xbe, 0x3d,
  0xc0, 0xe9, 0xbd, 0x3d, 0xf0, 0x4d, 0xbd, 0x3d, 0x50, 0xb2, 0xbc, 0x3d,
  0xff, 0x16, 0xbc, 0x3d, 0xf1, 0x7b, 0xbb, 0x3d, 0x1f, 0xe1, 0xba, 0x3d,
  0x90, 0x46, 0xba, 0x3d, 0x30, 0xac, 0xb9, 0x3d, 0x20, 0x12, 0xb9, 0x3d,
  0x50, 0x78, 0xb8, 0x3d, 0xc0, 0xde, 0xb7, 0x3d, 0x60, 0x45, 0xb7, 0x3d,
  0x50, 0xac, 0xb6, 0x3d, 0x80, 0x13, 0xb6, 0x3d, 0xf0, 0x7a, 0xb5, 0x3d,
  0xa0, 0xe2, 0xb4, 0x3d, 0x90, 0x4a, 0xb4, 0x3d, 0xb0, 0xb2, 0xb3, 0x3d,
  0x20, 0x1b, 0xb3, 0x3d, 0xcf, 0x83, 0xb2, 0x3d, 0xc1, 0xec, 0xb1, 0x3d,
  0xef, 0x55, 0xb1, 0x3d, 0x50, 0xbf, 0xb0, 0x3d, 0x00, 0x29, 0xb0, 0x3d,
  0xf0, 0x92, 0xaf, 0x3d, 0x21, 0xfd, 0xae, 0x3d, 0x90, 0x67, 0xae, 0x3d,
  0x40, 0xd2, 0xad, 0x3d, 0x20, 0x3d, 0xad, 0x3d, 0x51, 0xa8, 0xac, 0x3d,
  0xc1, 0x13, 0xac, 0x3d, 0x70, 0x7f, 0xab, 0x3d, 0x5f, 0xeb, 0xaa, 0x3d,
  0x8f, 0x57, 0xaa, 0x3d, 0xf0, 0xc3, 0xa9, 0x3d, 0xa1, 0x30, 0xa9, 0x3d,
  0x90, 0x9d, 0xa8, 0x3d, 0xbf, 0x0a, 0xa8, 0x3d, 0x30, 0x78, 0xa7, 0x3d,
  0xe0, 0xe5, 0xa6, 0x3d, 0xd0, 0x53, 0xa6, 0x3d, 0xf0, 0xc1, 0xa5, 0x3d,
  0x5f, 0x30, 0xa5, 0x3d, 0x10, 0x9f, 0xa4, 0x3d, 0x00, 0x0e, 0xa4, 0x3d,
  0x30, 0x7d, 0xa3, 0x3d, 0xa0, 0xec, 0xa2, 0x3d, 0x4f, 0x5c, 0xa2, 0x3d,
  0x40, 0xcc, 0xa1, 0x3d, 0x60, 0x3c, 0xa1, 0x3d, 0xd0, 0xac, 0xa0, 0x3d,
  0x80, 0x1d, 0xa0, 0x3d, 0x70, 0x8e, 0x9f, 0x3d, 0xa0, 0xff, 0x9e, 0x3d,
  0x10, 0x71, 0x9e, 0x3d, 0xc0, 0xe2, 0x9d, 0x3d, 0xaf, 0x54, 0x9d, 0x3d,
  0xe0, 0xc6, 0x9c, 0x3d, 0x40, 0x39, 0x9c, 0x3d, 0xf0, 0xab, 0x9b, 0x3d,
  0xe0, 0x1e, 0x9b, 0x3d, 0x0f, 0x92, 0x9a, 0x3d, 0x80, 0x05, 0x9a, 0x3d,
  0x30, 0x79, 0x99, 0x3d, 0x20, 0xed, 0x98, 0x3d, 0x50, 0x61, 0x98, 0x3d,
  0xbf, 0xd5, 0x97, 0x3d, 0x70, 0x4a, 0x97, 0x3d, 0x50, 0xbf, 0x96, 0x3d,
  0x80, 0x34, 0x96, 0x3d, 0xf0, 0xa9, 0x95, 0x3d, 0xa1, 0x1f, 0x95, 0x3d,
  0x90, 0x95, 0x94, 0x3d, 0xc0, 0x0b, 0x94, 0x3d, 0x30, 0x82, 0x93, 0x3d,
  0xdf, 0xf8, 0x92, 0x3d, 0xd0, 0x6f, 0x92, 0x3d, 0x00, 0xe7, 0x91, 0x3d,
  0x70, 0x5e, 0x91, 0x3d, 0x20, 0xd6, 0x90, 0x3d, 0x10, 0x4e, 0x90, 0x3d,
  0x40, 0xc6, 0x8f, 0x3d, 0xa0, 0x3e, 0x8f, 0x3d, 0x50, 0xb7, 0x8e, 0x3d,
  0x40, 0x30, 0x8e, 0x3d, 0x70, 0xa9, 0x8d, 0x3d, 0xe1, 0x22, 0x8d, 0x3d,
  0x8f, 0x9c, 0x8c, 0x3d, 0x80, 0x16, 0x8c, 0x3d, 0xb0, 0x90, 0x8b, 0x3d,
  0x20, 0x0b, 0x8b, 0x3d, 0xd0, 0x85, 0x8a, 0x3d, 0xc0, 0x00, 0x8a, 0x3d,
  0xf0, 0x7b, 0x89, 0x3d, 0x60, 0xf7, 0x88, 0x3d, 0x0f, 0x73, 0x88, 0x3d,
  0x01, 0xef, 0x87, 0x3d, 0x30, 0x6b, 0x87, 0x3d, 0xa0, 0xe7, 0x86, 0x3d,
  0x50, 0x64, 0x86, 0x3d, 0x40, 0xe1, 0x85, 0x3d, 0x70, 0x5e, 0x85, 0x3d,
  0xe0, 0xdb, 0x84, 0x3d, 0x90, 0x59, 0x84, 0x3d, 0x80, 0xd7, 0x83, 0x3d,
  0xb0, 0x55, 0x83, 0x3d, 0x20, 0xd4, 0x82, 0x3d, 0xcf, 0x52, 0x82, 0x3d,
  0xc0, 0xd1, 0x81, 0x3d, 0xf0, 0x50, 0x81, 0x3d, 0x5f, 0xd0, 0x80, 0x3d,
  0x10, 0x50, 0x80, 0x3d, 0x01, 0xa0, 0x7f, 0x3d, 0x5f, 0xa0, 0x7e, 0x3d,
  0x41, 0xa1, 0x7d, 0x3d, 0xa0, 0xa2, 0x7c, 0x3d, 0x81, 0xa4, 0x7b, 0x3d,
  0xe0, 0xa6, 0x7a, 0x3d, 0xc0, 0xa9, 0x79, 0x3d, 0x20, 0xad, 0x78, 0x3d,
  0xff, 0xb0, 0x77, 0x3d, 0x61, 0xb5, 0x76, 0x3d, 0x3f, 0xba, 0x75, 0x3d,
  0xa0, 0xbf, 0x74, 0x3d, 0x7f, 0xc5, 0x73, 0x3d, 0xe0, 0xcb, 0x72, 0x3d,
  0xc1, 0xd2, 0x71, 0x3d, 0x20, 0xda, 0x70, 0x3d, 0x00, 0xe2, 0x6f, 0x3d,
  0x61, 0xea, 0x6e, 0x3d, 0x40, 0xf3, 0x6d, 0x3d, 0xa0, 0xfc, 0x6c, 0x3d,
  0x81, 0x06, 0x6c, 0x3d, 0xe0, 0x10, 0x6b, 0x3d, 0xc0, 0x1b, 0x6a, 0x3d,
  0x21, 0x27, 0x69, 0x3d, 0xff, 0x32, 0x68, 0x3d, 0x5f, 0x3f, 0x67, 0x3d,
  0x40, 0x4c, 0x66, 0x3d, 0xa1, 0x59, 0x65, 0x3d, 0x81, 0x67, 0x64, 0x3d,
  0xe1, 0x75, 0x63, 0x3d, 0xc0, 0x84, 0x62, 0x3d, 0x3f, 0x94, 0x61, 0x3d,
  0x20, 0xa4, 0x60, 0x3d, 0x81, 0xb4, 0x5f, 0x3d, 0x60, 0xc5, 0x5e, 0x3d,
  0xc0, 0xd6, 0x5d, 0x3d, 0xa1, 0xe8, 0x5c, 0x3d, 0x00, 0xfb, 0x5b, 0x3d,
  0xe0, 0x0d, 0x5b, 0x3d, 0x41, 0x21, 0x5a, 0x3d, 0x20, 0x35, 0x59, 0x3d,
  0x80, 0x49, 0x58, 0x3d, 0x61, 0x5e, 0x57, 0x3d, 0xc0, 0x73, 0x56, 0x3d,
  0xc0, 0x89, 0x55, 0x3d, 0x20, 0xa0, 0x54, 0x3d, 0xff, 0xb6, 0x53, 0x3d,
  0x61, 0xce, 0x52, 0x3d, 0x3f, 0xe6, 0x51, 0x3d, 0xa0, 0xfe, 0x50, 0x3d,
  0x80, 0x17, 0x50, 0x3d, 0xe0, 0x30, 0x4f, 0x3d, 0xc1, 0x4a, 0x4e, 0x3d,
  0x20, 0x65, 0x4d, 0x3d, 0x01, 0x80, 0x4c, 0x3d, 0x7f, 0x9b, 0x4b, 0x3d,
  0x61, 0xb7, 0x4a, 0x3d, 0xc1, 0xd3, 0x49, 0x3d, 0x9f, 0xf0, 0x48, 0x3d,
  0x01, 0x0e, 0x48, 0x3d, 0xe1, 0x2b, 0x47, 0x3d, 0x3f, 0x4a, 0x46, 0x3d,
  0x20, 0x69, 0x45, 0x3d, 0xa0, 0x88, 0x44, 0x3d, 0x81, 0xa8, 0x43, 0x3d,
  0xe0, 0xc8, 0x42, 0x3d, 0xbf, 0xe9, 0x41, 0x3d, 0x20, 0x0b, 0x41, 0x3d,
  0x01, 0x2d, 0x40, 0x3d, 0x61, 0x4f, 0x3f, 0x3d, 0x41, 0x72, 0x3e, 0x3d,
  0xc0, 0x95, 0x3d, 0x3d, 0x9f, 0xb9, 0x3c, 0x3d, 0xff, 0xdd, 0x3b, 0x3d,
  0xe0, 0x02, 0x3b, 0x3d, 0x40, 0x28, 0x3a, 0x3d, 0x20, 0x4e, 0x39, 0x3d,
  0x81, 0x74, 0x38, 0x3d, 0x80, 0x9b, 0x37, 0x3d, 0xe0, 0xc2, 0x36, 0x3d,
  0xc0, 0xea, 0x35, 0x3d, 0x1f, 0x13, 0x35, 0x3d, 0xff, 0x3b, 0x34, 0x3d,
  0x60, 0x65, 0x33, 0x3d, 0x5f, 0x8f, 0x32, 0x3d, 0xc1, 0xb9, 0x31, 0x3d,
  0x9f, 0xe4, 0x30, 0x3d, 0x00, 0x10, 0x30, 0x3d, 0xe0, 0x3b, 0x2f, 0x3d,
  0x40, 0x68, 0x2e, 0x3d, 0x3f, 0x95, 0x2d, 0x3d, 0xa1, 0xc2, 0x2c, 0x3d,
  0x81, 0xf0, 0x2b, 0x3d, 0xe0, 0x1e, 0x2b, 0x3d, 0xbf, 0x4d, 0x2a, 0x3d,
  0x1f, 0x7d, 0x29, 0x3d, 0x20, 0xad, 0x28, 0x3d, 0x7f, 0xdd, 0x27, 0x3d,
  0x5f, 0x0e, 0x27, 0x3d, 0xc0, 0x3f, 0x26, 0x3d, 0x9f, 0x71, 0x25, 0x3d,
  0x1f, 0xa4, 0x24, 0x3d, 0x00, 0xd7, 0x23, 0x3d, 0x61, 0x0a, 0x23, 0x3d,
  0x41, 0x3e, 0x22, 0x3d, 0xa1, 0x72, 0x21, 0x3d, 0xa0, 0xa7, 0x20, 0x3d,
  0x00, 0xdd, 0x1f, 0x3d, 0xe0, 0x12, 0x1f, 0x3d, 0x41, 0x49, 0x1e, 0x3d,
  0x21, 0x80, 0x1d, 0x3d, 0xa1, 0xb7, 0x1c, 0x3d, 0x7f, 0xef, 0x1b, 0x3d,
  0xdf, 0x27, 0x1b, 0x3d, 0xbf, 0x60, 0x1a, 0x3d, 0x40, 0x9a, 0x19, 0x3d,
  0x1f, 0xd4, 0x18, 0x3d, 0x7f, 0x0e, 0x18, 0x3d, 0x60, 0x49, 0x17, 0x3d,
  0xdf, 0x84, 0x16, 0x3d, 0xbf, 0xc0, 0x15, 0x3d, 0x20, 0xfd, 0x14, 0x3d,
  0x01, 0x3a, 0x14, 0x3d, 0x61, 0x77, 0x13, 0x3d, 0x5f, 0xb5, 0x12, 0x3d,
  0xc0, 0xf3, 0x11, 0x3d, 0xa0, 0x32, 0x11, 0x3d, 0x00, 0x72, 0x10, 0x3d,
  0xff, 0xb1, 0x0f, 0x3d, 0x61, 0xf2, 0x0e, 0x3d, 0x3f, 0x33, 0x0e, 0x3d,
  0xa0, 0x74, 0x0d, 0x3d, 0x9f, 0xb6, 0x0c, 0x3d, 0x00, 0xf9, 0x0b, 0x3d,
  0xe1, 0x3b, 0x0b, 0x3d, 0x40, 0x7f, 0x0a, 0x3d, 0x40, 0xc3, 0x09, 0x3d,
  0xa1, 0x07, 0x09, 0x3d, 0x80, 0x4c, 0x08, 0x3d, 0x00, 0x92, 0x07, 0x3d,
  0xe0, 0xd7, 0x06, 0x3d, 0x3f, 0x1e, 0x06, 0x3d, 0x1f, 0x65, 0x05, 0x3d,
  0xa0, 0xac, 0x04, 0x3d, 0x81, 0xf4, 0x03, 0x3d, 0xe1, 0x3c, 0x03, 0x3d,
  0xdf, 0x85, 0x02, 0x3d, 0x40, 0xcf, 0x01, 0x3d, 0x20, 0x19, 0x01, 0x3d,
  0x80, 0x63, 0x00, 0x3d, 0x02, 0x5d, 0xff, 0x3c, 0xc1, 0xf3, 0xfd, 0x3c,
  0x81, 0x8b, 0xfc, 0x3c, 0x7e, 0x24, 0xfb, 0x3c, 0x42, 0xbe, 0xf9, 0x3c,
  0x02, 0x59, 0xf8, 0x3c, 0xbf, 0xf4, 0xf6, 0x3c, 0xc2, 0x91, 0xf5, 0x3c,
  0x82, 0x2f, 0xf4, 0x3c, 0x3e, 0xce, 0xf2, 0x3c, 0x42, 0x6e, 0xf1, 0x3c,
  0x01, 0x0f, 0xf0, 0x3c, 0xc3, 0xb0, 0xee, 0x3c, 0xc0, 0x53, 0xed, 0x3c,
  0x80, 0xf7, 0xeb, 0x3c, 0x41, 0x9c, 0xea, 0x3c, 0x3e, 0x42, 0xe9, 0x3c,
  0x03, 0xe9, 0xe7, 0x3c, 0xbe, 0x90, 0xe6, 0x3c, 0xc1, 0x39, 0xe5, 0x3c,
  0x7f, 0xe3, 0xe3, 0x3c, 0x40, 0x8e, 0xe2, 0x3c, 0x42, 0x3a, 0xe1, 0x3c,
  0x00, 0xe7, 0xdf, 0x3c, 0xc1, 0x94, 0xde, 0x3c, 0xbd, 0x43, 0xdd, 0x3c,
  0x81, 0xf3, 0xdb, 0x3c, 0x41, 0xa4, 0xda, 0x3c, 0x43, 0x56, 0xd9, 0x3c,
  0x01, 0x09, 0xd8, 0x3c, 0xc0, 0xbc, 0xd6, 0x3c, 0xc2, 0x71, 0xd5, 0x3c,
  0x7f, 0x27, 0xd4, 0x3c, 0x3f, 0xde, 0xd2, 0x3c, 0x40, 0x96, 0xd1, 0x3c,
  0x03, 0x4f, 0xd0, 0x3c, 0x02, 0x09, 0xcf, 0x3c, 0xbd, 0xc3, 0xcd, 0x3c,
  0x80, 0x7f, 0xcc, 0x3c, 0x7f, 0x3c, 0xcb, 0x3c, 0x3f, 0xfa, 0xc9, 0x3c,
  0x01, 0xb9, 0xc8, 0x3c, 0x00, 0x79, 0xc7, 0x3c, 0xc0, 0x39, 0xc6, 0x3c,
  0x82, 0xfb, 0xc4, 0x3c, 0x81, 0xbe, 0xc3, 0x3c, 0x41, 0x82, 0xc2, 0x3c,
  0x3d, 0x47, 0xc1, 0x3c, 0x01, 0x0d, 0xc0, 0x3c, 0xc0, 0xd3, 0xbe, 0x3c,
  0xc2, 0x9b, 0xbd, 0x3c, 0x80, 0x64, 0xbc, 0x3c, 0x7f, 0x2e, 0xbb, 0x3c,
  0x40, 0xf9, 0xb9, 0x3c, 0xfe, 0xc4, 0xb8, 0x3c, 0x02, 0x92, 0xb7, 0x3c,
  0xbe, 0x5f, 0xb6, 0x3c, 0xc1, 0x2e, 0xb5, 0x3c, 0x7f, 0xfe, 0xb3, 0x3c,
  0x40, 0xcf, 0xb2, 0x3c, 0x43, 0xa1, 0xb1, 0x3c, 0x01, 0x74, 0xb0, 0x3c,
  0x02, 0x48, 0xaf, 0x3c, 0xbe, 0x1c, 0xae, 0x3c, 0x82, 0xf2, 0xac, 0x3c,
  0x82, 0xc9, 0xab, 0x3c, 0x3e, 0xa1, 0xaa, 0x3c, 0x42, 0x7a, 0xa9, 0x3c,
  0x02, 0x54, 0xa8, 0x3c, 0xfe, 0x2e, 0xa7, 0x3c, 0xc1, 0x0a, 0xa6, 0x3c,
  0x81, 0xe7, 0xa4, 0x3c, 0x82, 0xc5, 0xa3, 0x3c, 0x3f, 0xa4, 0xa2, 0x3c,
  0x3f, 0x84, 0xa1, 0x3c, 0x00, 0x65, 0xa0, 0x3c, 0x03, 0x47, 0x9f, 0x3c,
  0xc1, 0x29, 0x9e, 0x3c, 0xc2, 0x0d, 0x9d, 0x3c, 0x7f, 0xf2, 0x9b, 0x3c,
  0x3e, 0xd8, 0x9a, 0x3c, 0x3e, 0xbf, 0x99, 0x3c, 0x00, 0xa7, 0x98, 0x3c,
  0xff, 0x8f, 0x97, 0x3c, 0xbf, 0x79, 0x96, 0x3c, 0xc1, 0x64, 0x95, 0x3c,
  0x7f, 0x50, 0x94, 0x3c, 0x7f, 0x3d, 0x93, 0x3c, 0x41, 0x2b, 0x92, 0x3c,
  0x3f, 0x1a, 0x91, 0x3c, 0xfe, 0x09, 0x90, 0x3c, 0xbf, 0xfa, 0x8e, 0x3c,
  0xc3, 0xec, 0x8d, 0x3c, 0x82, 0xdf, 0x8c, 0x3c, 0x7e, 0xd3, 0x8b, 0x3c,
  0x40, 0xc8, 0x8a, 0x3c, 0x3f, 0xbe, 0x89, 0x3c, 0x00, 0xb5, 0x88, 0x3c,
  0x03, 0xad, 0x87, 0x3c, 0xc1, 0xa5, 0x86, 0x3c, 0xc2, 0x9f, 0x85, 0x3c,
  0x7f, 0x9a, 0x84, 0x3c, 0x7d, 0x96, 0x83, 0x3c, 0x3d, 0x93, 0x82, 0x3c,
  0x40, 0x91, 0x81, 0x3c, 0xfe, 0x8f, 0x80, 0x3c, 0xfb, 0x1f, 0x7f, 0x3c,
  0x7e, 0x21, 0x7d, 0x3c, 0x7b, 0x25, 0x7b, 0x3c, 0x04, 0x2b, 0x79, 0x3c,
  0xfd, 0x32, 0x77, 0x3c, 0x83, 0x3c, 0x75, 0x3c, 0x82, 0x48, 0x73, 0x3c,
  0x04, 0x56, 0x71, 0x3c, 0xff, 0x65, 0x6f, 0x3c, 0x7d, 0x77, 0x6d, 0x3c,
  0x7f, 0x8b, 0x6b, 0x3c, 0x03, 0xa1, 0x69, 0x3c, 0x02, 0xb9, 0x67, 0x3c,
  0x82, 0xd2, 0x65, 0x3c, 0x7c, 0xee, 0x63, 0x3c, 0x85, 0x0c, 0x62, 0x3c,
  0x05, 0x2c, 0x60, 0x3c, 0xff, 0x4d, 0x5e, 0x3c, 0x7b, 0x71, 0x5c, 0x3c,
  0x7b, 0x97, 0x5a, 0x3c, 0xfe, 0xbe, 0x58, 0x3c, 0xfb, 0xe8, 0x56, 0x3c,
  0x84, 0x14, 0x55, 0x3c, 0x7d, 0x42, 0x53, 0x3c, 0x03, 0x72, 0x51, 0x3c,
  0x02, 0xa4, 0x4f, 0x3c, 0x84, 0xd7, 0x4d, 0x3c, 0x7f, 0x0d, 0x4c, 0x3c,
  0x7e, 0x45, 0x4a, 0x3c, 0x00, 0x7f, 0x48, 0x3c, 0x05, 0xbb, 0x46, 0x3c,
  0x83, 0xf8, 0x44, 0x3c, 0x84, 0x38, 0x43, 0x3c, 0xfe, 0x79, 0x41, 0x3c,
  0xfb, 0xbd, 0x3f, 0x3c, 0xfc, 0x03, 0x3e, 0x3c, 0x80, 0x4b, 0x3c, 0x3c,
  0x7d, 0x95, 0x3a, 0x3c, 0xfd, 0xe0, 0x38, 0x3c, 0x01, 0x2f, 0x37, 0x3c,
  0x7d, 0x7e, 0x35, 0x3c, 0x7d, 0xd0, 0x33, 0x3c, 0x80, 0x24, 0x32, 0x3c,
  0xfb, 0x79, 0x30, 0x3c, 0x05, 0xd2, 0x2e, 0x3c, 0x7d, 0x2b, 0x2d, 0x3c,
  0x83, 0x87, 0x2b, 0x3c, 0x01, 0xe5, 0x29, 0x3c, 0x03, 0x45, 0x28, 0x3c,
  0xfe, 0xa6, 0x26, 0x3c, 0x7c, 0x0a, 0x25, 0x3c, 0x80, 0x70, 0x23, 0x3c,
  0x00, 0xd8, 0x21, 0x3c, 0x00, 0x42, 0x20, 0x3c, 0x01, 0xae, 0x1e, 0x3c,
  0x80, 0x1b, 0x1d, 0x3c, 0x80, 0x8b, 0x1b, 0x3c, 0x00, 0xfd, 0x19, 0x3c,
  0x00, 0x71, 0x18, 0x3c, 0x00, 0xe7, 0x16, 0x3c, 0x80, 0x5e, 0x15, 0x3c,
  0x80, 0xd8, 0x13, 0x3c, 0x80, 0x54, 0x12, 0x3c, 0x00, 0xd2, 0x10, 0x3c,
  0x00, 0x52, 0x0f, 0x3c, 0x80, 0xd3, 0x0d, 0x3c, 0x81, 0x57, 0x0c, 0x3c,
  0x80, 0xdd, 0x0a, 0x3c, 0x00, 0x65, 0x09, 0x3c, 0x00, 0xef, 0x07, 0x3c,
  0x00, 0x7b, 0x06, 0x3c, 0x80, 0x08, 0x05, 0x3c, 0x80, 0x98, 0x03, 0x3c,
  0x80, 0x2a, 0x02, 0x3c, 0x01, 0xbe, 0x00, 0x3c, 0x00, 0xa8, 0xfe, 0x3b,
  0x00, 0xd7, 0xfb, 0x3b, 0xff, 0x0a, 0xf9, 0x3b, 0xff, 0x42, 0xf6, 0x3b,
  0x00, 0x7e, 0xf3, 0x3b, 0x01, 0xbe, 0xf0, 0x3b, 0x00, 0x02, 0xee, 0x3b,
  0x00, 0x49, 0xeb, 0x3b, 0xff, 0x94, 0xe8, 0x3b, 0xff, 0xe4, 0xe5, 0x3b,
  0x00, 0x38, 0xe3, 0x3b, 0x01, 0x90, 0xe0, 0x3b, 0x00, 0xec, 0xdd, 0x3b,
  0xff, 0x4a, 0xdb, 0x3b, 0x01, 0xaf, 0xd8, 0x3b, 0x01, 0x17, 0xd6, 0x3b,
  0x00, 0x82, 0xd3, 0x3b, 0x00, 0xf2, 0xd0, 0x3b, 0xff, 0x65, 0xce, 0x3b,
  0x01, 0xdd, 0xcb, 0x3b, 0x00, 0x59, 0xc9, 0x3b, 0x00, 0xd9, 0xc6, 0x3b,
  0x00, 0x5d, 0xc4, 0x3b, 0xff, 0xe3, 0xc1, 0x3b, 0x00, 0x70, 0xbf, 0x3b,
  0xff, 0xff, 0xbc, 0x3b, 0xff, 0x92, 0xba, 0x3b, 0xff, 0x2a, 0xb8, 0x3b,
  0xff, 0xc6, 0xb5, 0x3b, 0x00, 0x66, 0xb3, 0x3b, 0xff, 0x09, 0xb1, 0x3b,
  0x00, 0xb2, 0xae, 0x3b, 0x00, 0x5e, 0xac, 0x3b, 0x00, 0x0d, 0xaa, 0x3b,
  0x00, 0xc1, 0xa7, 0x3b, 0x01, 0x79, 0xa5, 0x3b, 0x00, 0x34, 0xa3, 0x3b,
  0x01, 0xf4, 0xa0, 0x3b, 0x00, 0xb8, 0x9e, 0x3b, 0x00, 0x80, 0x9c, 0x3b,
  0x01, 0x4b, 0x9a, 0x3b, 0x01, 0x1b, 0x98, 0x3b, 0x00, 0xef, 0x95, 0x3b,
  0xff, 0xc5, 0x93, 0x3b, 0x01, 0xa2, 0x91, 0x3b, 0x00, 0x82, 0x8f, 0x3b,
  0x00, 0x66, 0x8d, 0x3b, 0xff, 0x4c, 0x8b, 0x3b, 0x00, 0x39, 0x89, 0x3b,
  0x01, 0x29, 0x87, 0x3b, 0x00, 0x1d, 0x85, 0x3b, 0x00, 0x14, 0x83, 0x3b,
  0x00, 0x10, 0x81, 0x3b, 0x01, 0x20, 0x7e, 0x3b, 0xfe, 0x27, 0x7a, 0x3b,
  0x01, 0x36, 0x76, 0x3b, 0x00, 0x4e, 0x72, 0x3b, 0xff, 0x6d, 0x6e, 0x3b,
  0xff, 0x95, 0x6a, 0x3b, 0x00, 0xc4, 0x66, 0x3b, 0x01, 0xfc, 0x62, 0x3b,
  0xff, 0x3b, 0x5f, 0x3b, 0x02, 0x84, 0x5b, 0x3b, 0x02, 0xd2, 0x57, 0x3b,
  0x01, 0x2a, 0x54, 0x3b, 0x02, 0x8a, 0x50, 0x3b, 0xff, 0xf1, 0x4c, 0x3b,
  0x01, 0x62, 0x49, 0x3b, 0x00, 0xd8, 0x45, 0x3b, 0xff, 0x57, 0x42, 0x3b,
  0xfe, 0xdf, 0x3e, 0x3b, 0xff, 0x6f, 0x3b, 0x3b, 0x00, 0x08, 0x38, 0x3b,
  0xfe, 0xa5, 0x34, 0x3b, 0x01, 0x4e, 0x31, 0x3b, 0x00, 0xfe, 0x2d, 0x3b,
  0xff, 0xb5, 0x2a, 0x3b, 0x00, 0x74, 0x27, 0x3b, 0x01, 0x3c, 0x24, 0x3b,
  0xff, 0x0b, 0x21, 0x3b, 0x01, 0xe4, 0x1d, 0x3b, 0x00, 0xc4, 0x1a, 0x3b,
  0x00, 0xaa, 0x17, 0x3b, 0x00, 0x9a, 0x14, 0x3b, 0x01, 0x92, 0x11, 0x3b,
  0xff, 0x91, 0x0e, 0x3b, 0x01, 0x9a, 0x0b, 0x3b, 0x00, 0xaa, 0x08, 0x3b,
  0x00, 0xc0, 0x05, 0x3b, 0x00, 0xe0, 0x02, 0x3b, 0x01, 0x08, 0x00, 0x3b,
  0xfc, 0x6f, 0xfa, 0x3a, 0x00, 0xe0, 0xf4, 0x3a, 0xff, 0x5b, 0xef, 0x3a,
  0xfe, 0xeb, 0xe9, 0x3a, 0xfe, 0x8b, 0xe4, 0x3a, 0xff, 0x3b, 0xdf, 0x3a,
  0x02, 0xfc, 0xd9, 0x3a, 0xfd, 0xcb, 0xd4, 0x3a, 0xfc, 0xa7, 0xcf, 0x3a,
  0x03, 0x98, 0xca, 0x3a, 0x03, 0x98, 0xc5, 0x3a, 0x04, 0xa8, 0xc0, 0x3a,
  0xfe, 0xc7, 0xbb, 0x3a, 0x02, 0xf8, 0xb6, 0x3a, 0xff, 0x37, 0xb2, 0x3a,
  0xff, 0x83, 0xad, 0x3a, 0xfe, 0xe3, 0xa8, 0x3a, 0xff, 0x53, 0xa4, 0x3a,
  0x02, 0xd4, 0x9f, 0x3a, 0xfd, 0x63, 0x9b, 0x3a, 0x02, 0x04, 0x97, 0x3a,
  0x00, 0xb4, 0x92, 0x3a, 0x01, 0x70, 0x8e, 0x3a, 0x02, 0x40, 0x8a, 0x3a,
  0x04, 0x20, 0x86, 0x3a, 0x00, 0x10, 0x82, 0x3a, 0xff, 0x1f, 0x7c, 0x3a,
  0x00, 0x40, 0x74, 0x3a, 0x00, 0x80, 0x6c, 0x3a, 0xff, 0xdf, 0x64, 0x3a,
  0x00, 0x58, 0x5d, 0x3a, 0x00, 0xf8, 0x55, 0x3a, 0x01, 0xb8, 0x4e, 0x3a,
  0xff, 0x97, 0x47, 0x3a, 0x01, 0x98, 0x40, 0x3a, 0x00, 0xb8, 0x39, 0x3a,
  0x00, 0xf8, 0x32, 0x3a, 0xff, 0x57, 0x2c, 0x3a, 0x00, 0xd8, 0x25, 0x3a,
  0x00, 0x70, 0x1f, 0x3a, 0xff, 0x2f, 0x19, 0x3a, 0x00, 0x10, 0x13, 0x3a,
  0xff, 0x0f, 0x0d, 0x3a, 0x00, 0x30, 0x07, 0x3a, 0x00, 0x70, 0x01, 0x3a,
  0x00, 0xa0, 0xf7, 0x39, 0x01, 0xa0, 0xec, 0x39, 0x01, 0xe0, 0xe1, 0x39,
  0x00, 0x60, 0xd7, 0x39, 0x00, 0x20, 0xcd, 0x39, 0x00, 0x20, 0xc3, 0x39,
  0xff, 0x4f, 0xb9, 0x39, 0xff, 0xcf, 0xaf, 0x39, 0x01, 0x90, 0xa6, 0x39,
  0xff, 0x8f, 0x9d, 0x39, 0xff, 0xcf, 0x94, 0x39, 0x02, 0x50, 0x8c, 0x39,
  0xff, 0x0f, 0x84, 0x39, 0xfd, 0x1f, 0x78, 0x39, 0x01, 0xa0, 0x68, 0x39,
  0x02, 0xa0, 0x59, 0x39, 0x00, 0x20, 0x4b, 0x39, 0x03, 0x20, 0x3d, 0x39,
  0x03, 0xa0, 0x2f, 0x39, 0x01, 0xa0, 0x22, 0x39, 0x03, 0x20, 0x16, 0x39,
  0x02, 0x20, 0x0a, 0x39, 0x00, 0x00, 0xfd, 0x38, 0x02, 0x00, 0xe7, 0x38,
  0x00, 0x00, 0xd2, 0x38, 0x00, 0x00, 0xbe, 0x38, 0xff, 0xff, 0xaa, 0x38,
  0x01, 0x00, 0x99, 0x38, 0x00, 0x00, 0x88, 0x38, 0x00, 0x00, 0x70, 0x38,
  0x00, 0x00, 0x52, 0x38, 0x00, 0x00, 0x36, 0x38, 0x00, 0x00, 0x1c, 0x38,
  0xff, 0xff, 0x03, 0x38, 0xfe, 0xff, 0xdb, 0x37, 0xff, 0xff, 0xb3, 0x37,
  0x01, 0x00, 0x90, 0x37, 0x00, 0x00, 0x60, 0x37, 0x00, 0x00, 0x28, 0x37,
  0xff, 0xff, 0xef, 0x36, 0x01, 0x00, 0xa0, 0x36, 0x00, 0x00, 0x40, 0x36,
  0xfc, 0xff, 0xbf, 0x35, 0x01, 0x00, 0x00, 0x35, 0x00, 0x00, 0x00, 0x00,
  0x01, 0x00, 0x00, 0xb4, 0xff, 0xff, 0x1f, 0xb5, 0x02, 0x00, 0xd0, 0xb5,
  0xff, 0xff, 0x47, 0xb6, 0x00, 0x00, 0xa4, 0xb6, 0x01, 0x00, 0xf4, 0xb6,
  0x00, 0x00, 0x2a, 0xb7, 0x00, 0x00, 0x62, 0xb7, 0x02, 0x00, 0x91, 0xb7,
  0xff, 0xff, 0xb4, 0xb7, 0xfe, 0xff, 0xdc, 0xb7, 0x00, 0x80, 0x04, 0xb8,
  0x01, 0x80, 0x1c, 0xb8, 0x00, 0x80, 0x36, 0xb8, 0x00, 0x80, 0x52, 0xb8,
  0x00, 0x80, 0x70, 0xb8, 0x00, 0x40, 0x88, 0xb8, 0xff, 0x3f, 0x99, 0xb8,
  0x00, 0x40, 0xab, 0xb8, 0x00, 0x40, 0xbe, 0xb8, 0xfe, 0x3f, 0xd2, 0xb8,
  0x01, 0x40, 0xe7, 0xb8, 0xff, 0x3f, 0xfd, 0xb8, 0x02, 0x40, 0x0a, 0xb9,
  0x02, 0x40, 0x16, 0xb9, 0x00, 0xc0, 0x22, 0xb9, 0x03, 0xc0, 0x2f, 0xb9,
  0x02, 0x40, 0x3d, 0xb9, 0x00, 0x40, 0x4b, 0xb9, 0x01, 0xc0, 0x59, 0xb9,
  0x00, 0xc0, 0x68, 0xb9, 0xfd, 0x3f, 0x78, 0xb9, 0xff, 0x1f, 0x84, 0xb9,
  0x01, 0x60, 0x8c, 0xb9, 0xff, 0xdf, 0x94, 0xb9, 0xff, 0x9f, 0x9d, 0xb9,
  0x01, 0xa0, 0xa6, 0xb9, 0xff, 0xdf, 0xaf, 0xb9, 0x02, 0x60, 0xb9, 0xb9,
  0x00, 0x30, 0xc3, 0xb9, 0x00, 0x30, 0xcd, 0xb9, 0xff, 0x6f, 0xd7, 0xb9,
  0x01, 0xf0, 0xe1, 0xb9, 0x01, 0xb0, 0xec, 0xb9, 0x00, 0xb0, 0xf7, 0xb9,
  0x00, 0x78, 0x01, 0xba, 0x00, 0x38, 0x07, 0xba, 0xff, 0x17, 0x0d, 0xba,
  0x00, 0x18, 0x13, 0xba, 0xff, 0x37, 0x19, 0xba, 0x00, 0x78, 0x1f, 0xba,
  0x00, 0xe0, 0x25, 0xba, 0xff, 0x5f, 0x2c, 0xba, 0x00, 0x00, 0x33, 0xba,
  0x00, 0xc0, 0x39, 0xba, 0x01, 0xa0, 0x40, 0xba, 0xff, 0x9f, 0x47, 0xba,
  0x01, 0xc0, 0x4e, 0xba, 0x00, 0x00, 0x56, 0xba, 0x00, 0x60, 0x5d, 0xba,
  0xff, 0xe7, 0x64, 0xba, 0x00, 0x88, 0x6c, 0xba, 0x00, 0x48, 0x74, 0xba,
  0x01, 0x28, 0x7c, 0xba, 0x00, 0x14, 0x82, 0xba, 0x02, 0x24, 0x86, 0xba,
  0x00, 0x44, 0x8a, 0xba, 0xff, 0x73, 0x8e, 0xba, 0xfe, 0xb7, 0x92, 0xba,
  0x00, 0x08, 0x97, 0xba, 0x03, 0x68, 0x9b, 0xba, 0x00, 0xd8, 0x9f, 0xba,
  0xfd, 0x57, 0xa4, 0xba, 0xfc, 0xe7, 0xa8, 0xba, 0xfd, 0x87, 0xad, 0xba,
  0xfd, 0x3b, 0xb2, 0xba, 0x00, 0xfc, 0xb6, 0xba, 0xfc, 0xcb, 0xbb, 0xba,
  0x02, 0xac, 0xc0, 0xba, 0x01, 0x9c, 0xc5, 0xba, 0x01, 0x9c, 0xca, 0xba,
  0x03, 0xac, 0xcf, 0xba, 0x04, 0xd0, 0xd4, 0xba, 0x00, 0x00, 0xda, 0xba,
  0xfd, 0x3f, 0xdf, 0xba, 0xfc, 0x8f, 0xe4, 0xba, 0xfc, 0xef, 0xe9, 0xba,
  0xfd, 0x5f, 0xef, 0xba, 0xfe, 0xe3, 0xf4, 0xba, 0x03, 0x74, 0xfa, 0xba,
  0x00, 0x0a, 0x00, 0xbb, 0xff, 0xe1, 0x02, 0xbb, 0xff, 0xc1, 0x05, 0xbb,
  0xff, 0xab, 0x08, 0xbb, 0x00, 0x9c, 0x0b, 0xbb, 0x02, 0x94, 0x0e, 0xbb,
  0x00, 0x94, 0x11, 0xbb, 0x00, 0x9c, 0x14, 0xbb, 0xff, 0xab, 0x17, 0xbb,
  0xff, 0xc5, 0x1a, 0xbb, 0x00, 0xe6, 0x1d, 0xbb, 0x02, 0x0e, 0x21, 0xbb,
  0x00, 0x3e, 0x24, 0xbb, 0xff, 0x75, 0x27, 0xbb, 0xfe, 0xb7, 0x2a, 0xbb,
  0xff, 0xff, 0x2d, 0xbb, 0x00, 0x50, 0x31, 0xbb, 0x02, 0xa8, 0x34, 0xbb,
  0x00, 0x08, 0x38, 0xbb, 0xfe, 0x71, 0x3b, 0xbb, 0x02, 0xe2, 0x3e, 0xbb,
  0xfe, 0x59, 0x42, 0xbb, 0xff, 0xd9, 0x45, 0xbb, 0x00, 0x64, 0x49, 0xbb,
  0x02, 0xf4, 0x4c, 0xbb, 0x01, 0x8c, 0x50, 0xbb, 0x00, 0x2c, 0x54, 0xbb,
  0x01, 0xd4, 0x57, 0xbb, 0x01, 0x86, 0x5b, 0xbb, 0xfe, 0x3d, 0x5f, 0xbb,
  0x00, 0xfe, 0x62, 0xbb, 0xff, 0xc5, 0x66, 0xbb, 0x02, 0x98, 0x6a, 0xbb,
  0x02, 0x70, 0x6e, 0xbb, 0xff, 0x4f, 0x72, 0xbb, 0x00, 0x38, 0x76, 0xbb,
  0x01, 0x2a, 0x7a, 0xbb, 0x00, 0x22, 0x7e, 0xbb, 0x00, 0x11, 0x81, 0xbb,
  0x00, 0x15, 0x83, 0xbb, 0x00, 0x1e, 0x85, 0xbb, 0x00, 0x2a, 0x87, 0xbb,
  0xff, 0x39, 0x89, 0xbb, 0x01, 0x4e, 0x8b, 0xbb, 0x00, 0x67, 0x8d, 0xbb,
  0x00, 0x83, 0x8f, 0xbb, 0x00, 0xa3, 0x91, 0xbb, 0x01, 0xc7, 0x93, 0xbb,
  0xff, 0xef, 0x95, 0xbb, 0x01, 0x1c, 0x98, 0xbb, 0x00, 0x4c, 0x9a, 0xbb,
  0x00, 0x81, 0x9c, 0xbb, 0x00, 0xb9, 0x9e, 0xbb, 0x00, 0xf5, 0xa0, 0xbb,
  0xff, 0x34, 0xa3, 0xbb, 0x00, 0x7a, 0xa5, 0xbb, 0x00, 0xc2, 0xa7, 0xbb,
  0x00, 0x0e, 0xaa, 0xbb, 0xff, 0x5e, 0xac, 0xbb, 0x00, 0xb3, 0xae, 0xbb,
  0x01, 0x0b, 0xb1, 0xbb, 0x00, 0x67, 0xb3, 0xbb, 0xff, 0xc7, 0xb5, 0xbb,
  0x01, 0x2c, 0xb8, 0xbb, 0x01, 0x94, 0xba, 0xbb, 0xff, 0x00, 0xbd, 0xbb,
  0x00, 0x71, 0xbf, 0xbb, 0x01, 0xe5, 0xc1, 0xbb, 0x00, 0x5e, 0xc4, 0xbb,
  0x00, 0xda, 0xc6, 0xbb, 0x00, 0x5a, 0xc9, 0xbb, 0x00, 0xde, 0xcb, 0xbb,
  0x01, 0x67, 0xce, 0xbb, 0x00, 0xf3, 0xd0, 0xbb, 0xff, 0x82, 0xd3, 0xbb,
  0x01, 0x18, 0xd6, 0xbb, 0x01, 0xb0, 0xd8, 0xbb, 0x01, 0x4c, 0xdb, 0xbb,
  0xff, 0xec, 0xdd, 0xbb, 0x00, 0x91, 0xe0, 0xbb, 0x00, 0x39, 0xe3, 0xbb,
  0x01, 0xe6, 0xe5, 0xbb, 0x01, 0x96, 0xe8, 0xbb, 0xff, 0x49, 0xeb, 0xbb,
  0x00, 0x03, 0xee, 0xbb, 0x01, 0xbf, 0xf0, 0xbb, 0x00, 0x7f, 0xf3, 0xbb,
  0xff, 0x43, 0xf6, 0xbb, 0xff, 0x0b, 0xf9, 0xbb, 0xff, 0xd7, 0xfb, 0xbb,
  0x00, 0xa9, 0xfe, 0xbb, 0x80, 0xbe, 0x00, 0xbc, 0x00, 0x2b, 0x02, 0xbc,
  0x01, 0x99, 0x03, 0xbc, 0x00, 0x09, 0x05, 0xbc, 0x80, 0x7b, 0x06, 0xbc,
  0x80, 0xef, 0x07, 0xbc, 0x80, 0x65, 0x09, 0xbc, 0xff, 0xdd, 0x0a, 0xbc,
  0x00, 0x58, 0x0c, 0xbc, 0x00, 0xd4, 0x0d, 0xbc, 0x80, 0x52, 0x0f, 0xbc,
  0x80, 0xd2, 0x10, 0xbc, 0x00, 0x55, 0x12, 0xbc, 0x00, 0xd9, 0x13, 0xbc,
  0x00, 0x5f, 0x15, 0xbc, 0x80, 0xe7, 0x16, 0xbc, 0x80, 0x71, 0x18, 0xbc,
  0x80, 0xfd, 0x19, 0xbc, 0x00, 0x8c, 0x1b, 0xbc, 0x00, 0x1c, 0x1d, 0xbc,
  0x80, 0xae, 0x1e, 0xbc, 0x80, 0x42, 0x20, 0xbc, 0x80, 0xd8, 0x21, 0xbc,
  0x00, 0x71, 0x23, 0xbc, 0xfc, 0x0a, 0x25, 0xbc, 0x7f, 0xa7, 0x26, 0xbc,
  0x84, 0x45, 0x28, 0xbc, 0x82, 0xe5, 0x29, 0xbc, 0x04, 0x88, 0x2b, 0xbc,
  0xfd, 0x2b, 0x2d, 0xbc, 0x7b, 0xd2, 0x2e, 0xbc, 0x7c, 0x7a, 0x30, 0xbc,
  0x01, 0x25, 0x32, 0xbc, 0xfd, 0xd0, 0x33, 0xbc, 0xfd, 0x7e, 0x35, 0xbc,
  0x82, 0x2f, 0x37, 0xbc, 0x7e, 0xe1, 0x38, 0xbc, 0xfe, 0x95, 0x3a, 0xbc,
  0x01, 0x4c, 0x3c, 0xbc, 0xfc, 0x03, 0x3e, 0xbc, 0x7c, 0xbe, 0x3f, 0xbc,
  0x7e, 0x7a, 0x41, 0xbc, 0x05, 0x39, 0x43, 0xbc, 0x03, 0xf9, 0x44, 0xbc,
  0x7b, 0xbb, 0x46, 0xbc, 0x80, 0x7f, 0x48, 0xbc, 0xff, 0x45, 0x4a, 0xbc,
  0x00, 0x0e, 0x4c, 0xbc, 0x05, 0xd8, 0x4d, 0xbc, 0x83, 0xa4, 0x4f, 0xbc,
  0x84, 0x72, 0x51, 0xbc, 0xfe, 0x42, 0x53, 0xbc, 0x05, 0x15, 0x55, 0xbc,
  0x7c, 0xe9, 0x56, 0xbc, 0x7f, 0xbf, 0x58, 0xbc, 0xfc, 0x97, 0x5a, 0xbc,
  0xfc, 0x71, 0x5c, 0xbc, 0x7f, 0x4e, 0x5e, 0xbc, 0x7b, 0x2c, 0x60, 0xbc,
  0xfb, 0x0c, 0x62, 0xbc, 0xfd, 0xee, 0x63, 0xbc, 0x03, 0xd3, 0x65, 0xbc,
  0x82, 0xb9, 0x67, 0xbc, 0x84, 0xa1, 0x69, 0xbc, 0x00, 0x8c, 0x6b, 0xbc,
  0xfe, 0x77, 0x6d, 0xbc, 0x80, 0x66, 0x6f, 0xbc, 0x84, 0x56, 0x71, 0xbc,
  0x03, 0x49, 0x73, 0xbc, 0x03, 0x3d, 0x75, 0xbc, 0x7e, 0x33, 0x77, 0xbc,
  0x85, 0x2b, 0x79, 0xbc, 0xfc, 0x25, 0x7b, 0xbc, 0xff, 0x21, 0x7d, 0xbc,
  0x7c, 0x20, 0x7f, 0xbc, 0x3e, 0x90, 0x80, 0xbc, 0x80, 0x91, 0x81, 0xbc,
  0x7e, 0x93, 0x82, 0xbc, 0xbe, 0x96, 0x83, 0xbc, 0xbf, 0x9a, 0x84, 0xbc,
  0x02, 0xa0, 0x85, 0xbc, 0x02, 0xa6, 0x86, 0xbc, 0x3e, 0xad, 0x87, 0xbc,
  0x40, 0xb5, 0x88, 0xbc, 0x80, 0xbe, 0x89, 0xbc, 0x81, 0xc8, 0x8a, 0xbc,
  0xbe, 0xd3, 0x8b, 0xbc, 0xc2, 0xdf, 0x8c, 0xbc, 0xfe, 0xec, 0x8d, 0xbc,
  0x00, 0xfb, 0x8e, 0xbc, 0x3f, 0x0a, 0x90, 0xbc, 0x7f, 0x1a, 0x91, 0xbc,
  0x81, 0x2b, 0x92, 0xbc, 0xc0, 0x3d, 0x93, 0xbc, 0xc0, 0x50, 0x94, 0xbc,
  0x02, 0x65, 0x95, 0xbc, 0xff, 0x79, 0x96, 0xbc, 0x3f, 0x90, 0x97, 0xbc,
  0x41, 0xa7, 0x98, 0xbc, 0x7f, 0xbf, 0x99, 0xbc, 0x7e, 0xd8, 0x9a, 0xbc,
  0xc0, 0xf2, 0x9b, 0xbc, 0xfd, 0x0d, 0x9d, 0xbc, 0x02, 0x2a, 0x9e, 0xbc,
  0x3e, 0x47, 0x9f, 0xbc, 0x40, 0x65, 0xa0, 0xbc, 0x7f, 0x84, 0xa1, 0xbc,
  0x80, 0xa4, 0xa2, 0xbc, 0xc2, 0xc5, 0xa3, 0xbc, 0xc1, 0xe7, 0xa4, 0xbc,
  0x02, 0x0b, 0xa6, 0xbc, 0x3f, 0x2f, 0xa7, 0xbc, 0x42, 0x54, 0xa8, 0xbc,
  0x82, 0x7a, 0xa9, 0xbc, 0x7f, 0xa1, 0xaa, 0xbc, 0xc3, 0xc9, 0xab, 0xbc,
  0xc2, 0xf2, 0xac, 0xbc, 0xff, 0x1c, 0xae, 0xbc, 0x42, 0x48, 0xaf, 0xbc,
  0x41, 0x74, 0xb0, 0xbc, 0x7e, 0xa1, 0xb1, 0xbc, 0x80, 0xcf, 0xb2, 0xbc,
  0xc0, 0xfe, 0xb3, 0xbc, 0x01, 0x2f, 0xb5, 0xbc, 0xfe, 0x5f, 0xb6, 0xbc,
  0x3e, 0x92, 0xb7, 0xbc, 0x3e, 0xc5, 0xb8, 0xbc, 0x81, 0xf9, 0xb9, 0xbc,
  0xc0, 0x2e, 0xbb, 0xbc, 0xc0, 0x64, 0xbc, 0xbc, 0x02, 0x9c, 0xbd, 0xbc,
  0x01, 0xd4, 0xbe, 0xbc, 0x41, 0x0d, 0xc0, 0xbc, 0x7e, 0x47, 0xc1, 0xbc,
  0x81, 0x82, 0xc2, 0xbc, 0xc1, 0xbe, 0xc3, 0xbc, 0xc3, 0xfb, 0xc4, 0xbc,
  0x01, 0x3a, 0xc6, 0xbc, 0x41, 0x79, 0xc7, 0xbc, 0x42, 0xb9, 0xc8, 0xbc,
  0x80, 0xfa, 0xc9, 0xbc, 0xbf, 0x3c, 0xcb, 0xbc, 0xc0, 0x7f, 0xcc, 0xbc,
  0xfe, 0xc3, 0xcd, 0xbc, 0x42, 0x09, 0xcf, 0xbc, 0x3e, 0x4f, 0xd0, 0xbc,
  0x80, 0x96, 0xd1, 0xbc, 0x7f, 0xde, 0xd2, 0xbc, 0xc0, 0x27, 0xd4, 0xbc,
  0x02, 0x72, 0xd5, 0xbc, 0x00, 0xbd, 0xd6, 0xbc, 0x41, 0x09, 0xd8, 0xbc,
  0x7e, 0x56, 0xd9, 0xbc, 0x81, 0xa4, 0xda, 0xbc, 0xc1, 0xf3, 0xdb, 0xbc,
  0xfe, 0x43, 0xdd, 0xbc, 0x01, 0x95, 0xde, 0xbc, 0x41, 0xe7, 0xdf, 0xbc,
  0x83, 0x3a, 0xe1, 0xbc, 0x80, 0x8e, 0xe2, 0xbc, 0xc0, 0xe3, 0xe3, 0xbc,
  0x01, 0x3a, 0xe5, 0xbc, 0xfe, 0x90, 0xe6, 0xbc, 0x3e, 0xe9, 0xe7, 0xbc,
  0x7f, 0x42, 0xe9, 0xbc, 0x81, 0x9c, 0xea, 0xbc, 0xc0, 0xf7, 0xeb, 0xbc,
  0x01, 0x54, 0xed, 0xbc, 0xfe, 0xb0, 0xee, 0xbc, 0x42, 0x0f, 0xf0, 0xbc,
  0x82, 0x6e, 0xf1, 0xbc, 0x7f, 0xce, 0xf2, 0xbc, 0xc3, 0x2f, 0xf4, 0xbc,
  0xfd, 0x91, 0xf5, 0xbc, 0xff, 0xf4, 0xf6, 0xbc, 0x43, 0x59, 0xf8, 0xbc,
  0x83, 0xbe, 0xf9, 0xbc, 0xbf, 0x24, 0xfb, 0xbc, 0xc2, 0x8b, 0xfc, 0xbc,
  0x01, 0xf4, 0xfd, 0xbc, 0x3d, 0x5d, 0xff, 0xbc, 0xa0, 0x63, 0x00, 0xbd,
  0x40, 0x19, 0x01, 0xbd, 0x60, 0xcf, 0x01, 0xbd, 0xff, 0x85, 0x02, 0xbd,
  0x01, 0x3d, 0x03, 0xbd, 0x9f, 0xf4, 0x03, 0xbd, 0xc0, 0xac, 0x04, 0xbd,
  0x3f, 0x65, 0x05, 0xbd, 0x60, 0x1e, 0x06, 0xbd, 0x01, 0xd8, 0x06, 0xbd,
  0x20, 0x92, 0x07, 0xbd, 0xa0, 0x4c, 0x08, 0xbd, 0xc1, 0x07, 0x09, 0xbd,
  0x60, 0xc3, 0x09, 0xbd, 0x60, 0x7f, 0x0a, 0xbd, 0x01, 0x3c, 0x0b, 0xbd,
  0x20, 0xf9, 0x0b, 0xbd, 0xc0, 0xb6, 0x0c, 0xbd, 0xc0, 0x74, 0x0d, 0xbd,
  0x5f, 0x33, 0x0e, 0xbd, 0x7f, 0xf2, 0x0e, 0xbd, 0x1f, 0xb2, 0x0f, 0xbd,
  0x21, 0x72, 0x10, 0xbd, 0xc0, 0x32, 0x11, 0xbd, 0xe1, 0xf3, 0x11, 0xbd,
  0x7f, 0xb5, 0x12, 0xbd, 0x81, 0x77, 0x13, 0xbd, 0x1f, 0x3a, 0x14, 0xbd,
  0x40, 0xfd, 0x14, 0xbd, 0xdf, 0xc0, 0x15, 0xbd, 0xdf, 0x84, 0x16, 0xbd,
  0x80, 0x49, 0x17, 0xbd, 0x9f, 0x0e, 0x18, 0xbd, 0x3f, 0xd4, 0x18, 0xbd,
  0x60, 0x9a, 0x19, 0xbd, 0xdf, 0x60, 0x1a, 0xbd, 0xff, 0x27, 0x1b, 0xbd,
  0xa0, 0xef, 0x1b, 0xbd, 0xc1, 0xb7, 0x1c, 0xbd, 0x41, 0x80, 0x1d, 0xbd,
  0x5f, 0x49, 0x1e, 0xbd, 0x00, 0x13, 0x1f, 0xbd, 0x20, 0xdd, 0x1f, 0xbd,
  0xc0, 0xa7, 0x20, 0xbd, 0xbf, 0x72, 0x21, 0xbd, 0x61, 0x3e, 0x22, 0xbd,
  0x81, 0x0a, 0x23, 0xbd, 0x20, 0xd7, 0x23, 0xbd, 0x3f, 0xa4, 0x24, 0xbd,
  0xbf, 0x71, 0x25, 0xbd, 0xe0, 0x3f, 0x26, 0xbd, 0x7f, 0x0e, 0x27, 0xbd,
  0x9f, 0xdd, 0x27, 0xbd, 0x40, 0xad, 0x28, 0xbd, 0x3f, 0x7d, 0x29, 0xbd,
  0xdf, 0x4d, 0x2a, 0xbd, 0x00, 0x1f, 0x2b, 0xbd, 0x9f, 0xf0, 0x2b, 0xbd,
  0xc1, 0xc2, 0x2c, 0xbd, 0x5f, 0x95, 0x2d, 0xbd, 0x60, 0x68, 0x2e, 0xbd,
  0x00, 0x3c, 0x2f, 0xbd, 0x21, 0x10, 0x30, 0xbd, 0xbf, 0xe4, 0x30, 0xbd,
  0xdf, 0xb9, 0x31, 0xbd, 0x7f, 0x8f, 0x32, 0xbd, 0x80, 0x65, 0x33, 0xbd,
  0x1f, 0x3c, 0x34, 0xbd, 0x40, 0x13, 0x35, 0xbd, 0xe1, 0xea, 0x35, 0xbd,
  0x00, 0xc3, 0x36, 0xbd, 0xa0, 0x9b, 0x37, 0xbd, 0xa1, 0x74, 0x38, 0xbd,
  0x40, 0x4e, 0x39, 0xbd, 0x60, 0x28, 0x3a, 0xbd, 0x01, 0x03, 0x3b, 0xbd,
  0x20, 0xde, 0x3b, 0xbd, 0xbf, 0xb9, 0x3c, 0xbd, 0xe0, 0x95, 0x3d, 0xbd,
  0x61, 0x72, 0x3e, 0xbd, 0x81, 0x4f, 0x3f, 0xbd, 0x1f, 0x2d, 0x40, 0xbd,
  0x40, 0x0b, 0x41, 0xbd, 0xe0, 0xe9, 0x41, 0xbd, 0x00, 0xc9, 0x42, 0xbd,
  0xa1, 0xa8, 0x43, 0xbd, 0xc1, 0x88, 0x44, 0xbd, 0x41, 0x69, 0x45, 0xbd,
  0x5f, 0x4a, 0x46, 0xbd, 0x01, 0x2c, 0x47, 0xbd, 0x21, 0x0e, 0x48, 0xbd,
  0xbf, 0xf0, 0x48, 0xbd, 0xe1, 0xd3, 0x49, 0xbd, 0x81, 0xb7, 0x4a, 0xbd,
  0x9f, 0x9b, 0x4b, 0xbd, 0x21, 0x80, 0x4c, 0xbd, 0x41, 0x65, 0x4d, 0xbd,
  0xe1, 0x4a, 0x4e, 0xbd, 0x00, 0x31, 0x4f, 0xbd, 0xa0, 0x17, 0x50, 0xbd,
  0xc0, 0xfe, 0x50, 0xbd, 0x5f, 0xe6, 0x51, 0xbd, 0x7f, 0xce, 0x52, 0xbd,
  0x1f, 0xb7, 0x53, 0xbd, 0x40, 0xa0, 0x54, 0xbd, 0xe0, 0x89, 0x55, 0xbd,
  0xe0, 0x73, 0x56, 0xbd, 0x81, 0x5e, 0x57, 0xbd, 0xa0, 0x49, 0x58, 0xbd,
  0x40, 0x35, 0x59, 0xbd, 0x61, 0x21, 0x5a, 0xbd, 0x00, 0x0e, 0x5b, 0xbd,
  0x20, 0xfb, 0x5b, 0xbd, 0xc1, 0xe8, 0x5c, 0xbd, 0xe0, 0xd6, 0x5d, 0xbd,
  0x80, 0xc5, 0x5e, 0xbd, 0xa1, 0xb4, 0x5f, 0xbd, 0x40, 0xa4, 0x60, 0xbd,
  0x5f, 0x94, 0x61, 0xbd, 0xe0, 0x84, 0x62, 0xbd, 0x01, 0x76, 0x63, 0xbd,
  0xa1, 0x67, 0x64, 0xbd, 0xc1, 0x59, 0x65, 0xbd, 0x60, 0x4c, 0x66, 0xbd,
  0x7f, 0x3f, 0x67, 0xbd, 0x20, 0x33, 0x68, 0xbd, 0x41, 0x27, 0x69, 0xbd,
  0xe0, 0x1b, 0x6a, 0xbd, 0x00, 0x11, 0x6b, 0xbd, 0xa1, 0x06, 0x6c, 0xbd,
  0xc0, 0xfc, 0x6c, 0xbd, 0x60, 0xf3, 0x6d, 0xbd, 0x81, 0xea, 0x6e, 0xbd,
  0x20, 0xe2, 0x6f, 0xbd, 0x40, 0xda, 0x70, 0xbd, 0xe1, 0xd2, 0x71, 0xbd,
  0x00, 0xcc, 0x72, 0xbd, 0xa0, 0xc5, 0x73, 0xbd, 0xc0, 0xbf, 0x74, 0xbd,
  0x5f, 0xba, 0x75, 0xbd, 0x81, 0xb5, 0x76, 0xbd, 0x1f, 0xb1, 0x77, 0xbd,
  0x40, 0xad, 0x78, 0xbd, 0xe0, 0xa9, 0x79, 0xbd, 0x00, 0xa7, 0x7a, 0xbd,
  0xa1, 0xa4, 0x7b, 0xbd, 0xc1, 0xa2, 0x7c, 0xbd, 0x61, 0xa1, 0x7d, 0xbd,
  0x7f, 0xa0, 0x7e, 0xbd, 0x21, 0xa0, 0x7f, 0xbd, 0x20, 0x50, 0x80, 0xbd,
  0x70, 0xd0, 0x80, 0xbd, 0x00, 0x51, 0x81, 0xbd, 0xd0, 0xd1, 0x81, 0xbd,
  0xdf, 0x52, 0x82, 0xbd, 0x30, 0xd4, 0x82, 0xbd, 0xc0, 0x55, 0x83, 0xbd,
  0x90, 0xd7, 0x83, 0xbd, 0xa0, 0x59, 0x84, 0xbd, 0xf0, 0xdb, 0x84, 0xbd,
  0x80, 0x5e, 0x85, 0xbd, 0x51, 0xe1, 0x85, 0xbd, 0x60, 0x64, 0x86, 0xbd,
  0xb0, 0xe7, 0x86, 0xbd, 0x40, 0x6b, 0x87, 0xbd, 0x0f, 0xef, 0x87, 0xbd,
  0x20, 0x73, 0x88, 0xbd, 0x70, 0xf7, 0x88, 0xbd, 0x00, 0x7c, 0x89, 0xbd,
  0xd0, 0x00, 0x8a, 0xbd, 0xe0, 0x85, 0x8a, 0xbd, 0x30, 0x0b, 0x8b, 0xbd,
  0xc0, 0x90, 0x8b, 0xbd, 0x90, 0x16, 0x8c, 0xbd, 0xa0, 0x9c, 0x8c, 0xbd,
  0xef, 0x22, 0x8d, 0xbd, 0x80, 0xa9, 0x8d, 0xbd, 0x50, 0x30, 0x8e, 0xbd,
  0x60, 0xb7, 0x8e, 0xbd, 0xb1, 0x3e, 0x8f, 0xbd, 0x50, 0xc6, 0x8f, 0xbd,
  0x20, 0x4e, 0x90, 0xbd, 0x30, 0xd6, 0x90, 0xbd, 0x81, 0x5e, 0x91, 0xbd,
  0x10, 0xe7, 0x91, 0xbd, 0xe0, 0x6f, 0x92, 0xbd, 0xf0, 0xf8, 0x92, 0xbd,
  0x41, 0x82, 0x93, 0xbd, 0xd1, 0x0b, 0x94, 0xbd, 0xa0, 0x95, 0x94, 0xbd,
  0xb1, 0x1f, 0x95, 0xbd, 0x01, 0xaa, 0x95, 0xbd, 0x90, 0x34, 0x96, 0xbd,
  0x60, 0xbf, 0x96, 0xbd, 0x81, 0x4a, 0x97, 0xbd, 0xcf, 0xd5, 0x97, 0xbd,
  0x60, 0x61, 0x98, 0xbd, 0x30, 0xed, 0x98, 0xbd, 0x40, 0x79, 0x99, 0xbd,
  0x90, 0x05, 0x9a, 0xbd, 0x1f, 0x92, 0x9a, 0xbd, 0xf0, 0x1e, 0x9b, 0xbd,
  0x00, 0xac, 0x9b, 0xbd, 0x50, 0x39, 0x9c, 0xbd, 0xf0, 0xc6, 0x9c, 0xbd,
  0xbf, 0x54, 0x9d, 0xbd, 0xd0, 0xe2, 0x9d, 0xbd, 0x20, 0x71, 0x9e, 0xbd,
  0xb0, 0xff, 0x9e, 0xbd, 0x81, 0x8e, 0x9f, 0xbd, 0x91, 0x1d, 0xa0, 0xbd,
  0xe0, 0xac, 0xa0, 0xbd, 0x70, 0x3c, 0xa1, 0xbd, 0x50, 0xcc, 0xa1, 0xbd,
  0x5f, 0x5c, 0xa2, 0xbd, 0xb0, 0xec, 0xa2, 0xbd, 0x40, 0x7d, 0xa3, 0xbd,
  0x10, 0x0e, 0xa4, 0xbd, 0x20, 0x9f, 0xa4, 0xbd, 0x70, 0x30, 0xa5, 0xbd,
  0x00, 0xc2, 0xa5, 0xbd, 0xe0, 0x53, 0xa6, 0xbd, 0xf0, 0xe5, 0xa6, 0xbd,
  0x40, 0x78, 0xa7, 0xbd, 0xd0, 0x0a, 0xa8, 0xbd, 0xa1, 0x9d, 0xa8, 0xbd,
  0xb1, 0x30, 0xa9, 0xbd, 0x00, 0xc4, 0xa9, 0xbd, 0x9f, 0x57, 0xaa, 0xbd,
  0x6f, 0xeb, 0xaa, 0xbd, 0x80, 0x7f, 0xab, 0xbd, 0xcf, 0x13, 0xac, 0xbd,
  0x5f, 0xa8, 0xac, 0xbd, 0x30, 0x3d, 0xad, 0xbd, 0x51, 0xd2, 0xad, 0xbd,
  0xa0, 0x67, 0xae, 0xbd, 0x2f, 0xfd, 0xae, 0xbd, 0x00, 0x93, 0xaf, 0xbd,
  0x10, 0x29, 0xb0, 0xbd, 0x60, 0xbf, 0xb0, 0xbd, 0x00, 0x56, 0xb1, 0xbd,
  0xd1, 0xec, 0xb1, 0xbd, 0xdf, 0x83, 0xb2, 0xbd, 0x30, 0x1b, 0xb3, 0xbd,
  0xc0, 0xb2, 0xb3, 0xbd, 0xa0, 0x4a, 0xb4, 0xbd, 0xb0, 0xe2, 0xb4, 0xbd,
  0x00, 0x7b, 0xb5, 0xbd, 0x90, 0x13, 0xb6, 0xbd, 0x60, 0xac, 0xb6, 0xbd,
  0x70, 0x45, 0xb7, 0xbd, 0xd0, 0xde, 0xb7, 0xbd, 0x60, 0x78, 0xb8, 0xbd,
  0x30, 0x12, 0xb9, 0xbd, 0x40, 0xac, 0xb9, 0xbd, 0xa0, 0x46, 0xba, 0xbd,
  0x30, 0xe1, 0xba, 0xbd, 0xff, 0x7b, 0xbb, 0xbd, 0x10, 0x17, 0xbc, 0xbd,
  0x60, 0xb2, 0xbc, 0xbd, 0x00, 0x4e, 0xbd, 0xbd, 0xd0, 0xe9, 0xbd, 0xbd,
  0xdf, 0x85, 0xbe, 0xbd, 0x31, 0x22, 0xbf, 0xbd, 0xc1, 0xbe, 0xbf, 0xbd,
  0xa0, 0x5b, 0xc0, 0xbd, 0xaf, 0xf8, 0xc0, 0xbd, 0x00, 0x96, 0xc1, 0xbd,
  0x90, 0x33, 0xc2, 0xbd, 0x70, 0xd1, 0xc2, 0xbd, 0x80, 0x6f, 0xc3, 0xbd,
  0xd0, 0x0d, 0xc4, 0xbd, 0x5f, 0xac, 0xc4, 0xbd, 0x3f, 0x4b, 0xc5, 0xbd,
  0x50, 0xea, 0xc5, 0xbd, 0xa0, 0x89, 0xc6, 0xbd, 0x30, 0x29, 0xc7, 0xbd,
  0x11, 0xc9, 0xc7, 0xbd, 0x20, 0x69, 0xc8, 0xbd, 0x70, 0x09, 0xc9, 0xbd,
  0x00, 0xaa, 0xc9, 0xbd, 0xe1, 0x4a, 0xca, 0xbd, 0xf0, 0xeb, 0xca, 0xbd,
  0x40, 0x8d, 0xcb, 0xbd, 0xd0, 0x2e, 0xcc, 0xbd, 0xae, 0xd0, 0xcc, 0xbd,
  0xbd, 0x72, 0xcd, 0xbd, 0x0f, 0x15, 0xce, 0xbd, 0xa3, 0xb7, 0xce, 0xbd,
  0x7b, 0x5a, 0xcf, 0xbd, 0x97, 0xfd, 0xcf, 0xbd, 0xda, 0xa0, 0xd0, 0xbd,
  0x6e, 0x44, 0xd1, 0xbd, 0x52, 0xe8, 0xd1, 0xbd, 0x5f, 0x8c, 0xd2, 0xbd,
  0xaf, 0x30, 0xd3, 0xbd, 0x4f, 0xd5, 0xd3, 0xbd, 0x25, 0x7a, 0xd4, 0xbd,
  0x31, 0x1f, 0xd5, 0xbd, 0x80, 0xc4, 0xd5, 0xbd, 0x1f, 0x6a, 0xd6, 0xbd,
  0xf4, 0x0f, 0xd7, 0xbd, 0xff, 0xb5, 0xd7, 0xbd, 0x5a, 0x5c, 0xd8, 0xbd,
  0xeb, 0x02, 0xd9, 0xbd, 0xc0, 0xa9, 0xd9, 0xbd, 0xe4, 0x50, 0xda, 0xbd,
  0x31, 0xf8, 0xda, 0xbd, 0xc1, 0x9f, 0xdb, 0xbd, 0xa1, 0x47, 0xdc, 0xbd,
  0xaa, 0xef, 0xdc, 0xbd, 0x04, 0x98, 0xdd, 0xbd, 0x93, 0x40, 0xde, 0xbd,
  0x72, 0xe9, 0xde, 0xbd, 0x7a, 0x92, 0xdf, 0xbd, 0xd2, 0x3b, 0xe0, 0xbd,
  0x6e, 0xe5, 0xe0, 0xbd, 0x3f, 0x8f, 0xe1, 0xbd, 0x53, 0x39, 0xe2, 0xbd,
  0xaa, 0xe3, 0xe2, 0xbd, 0x45, 0x8e, 0xe3, 0xbd, 0x15, 0x39, 0xe4, 0xbd,
  0x36, 0xe4, 0xe4, 0xbd, 0x7f, 0x8f, 0xe5, 0xbd, 0x0b, 0x3b, 0xe6, 0xbd,
  0xf5, 0xe6, 0xe6, 0xbd, 0xf9, 0x92, 0xe7, 0xbd, 0x4f, 0x3f, 0xe8, 0xbd,
  0xf5, 0xeb, 0xe8, 0xbd, 0xc3, 0x98, 0xe9, 0xbd, 0xd4, 0x45, 0xea, 0xbd,
  0x36, 0xf3, 0xea, 0xbd, 0xc0, 0xa0, 0xeb, 0xbd, 0x9b, 0x4e, 0xec, 0xbd,
  0xab, 0xfc, 0xec, 0xbd, 0xfe, 0xaa, 0xed, 0xbd, 0xa2, 0x59, 0xee, 0xbd,
  0x6e, 0x08, 0xef, 0xbd, 0x7e, 0xb7, 0xef, 0xbd, 0xde, 0x66, 0xf0, 0xbd,
  0x73, 0x16, 0xf1, 0xbd, 0x3e, 0xc6, 0xf1, 0xbd, 0x5a, 0x76, 0xf2, 0xbd,
  0xab, 0x26, 0xf3, 0xbd, 0x4d, 0xd7, 0xf3, 0xbd, 0x25, 0x88, 0xf4, 0xbd,
  0x32, 0x39, 0xf5, 0xbd, 0x90, 0xea, 0xf5, 0xbd, 0x24, 0x9c, 0xf6, 0xbd,
  0xfa, 0x4d, 0xf7, 0xbd, 0x14, 0x00, 0xf8, 0xbd, 0x64, 0xb2, 0xf8, 0xbd,
  0x04, 0x65, 0xf9, 0xbd, 0xcc, 0x17, 0xfa, 0xbd, 0xf2, 0xca, 0xfa, 0xbd,
  0x40, 0x7e, 0xfb, 0xbd, 0xd2, 0x31, 0xfc, 0xbd, 0xb4, 0xe5, 0xfc, 0xbd,
  0xbf, 0x99, 0xfd, 0xbd, 0x19, 0x4e, 0xfe, 0xbd, 0xaa, 0x02, 0xff, 0xbd,
  0x7e, 0xb7, 0xff, 0xbd, 0x51, 0x36, 0x00, 0xbe, 0xf7, 0x90, 0x00, 0xbe,
  0xc6, 0xeb, 0x00, 0xbe, 0xaf, 0x46, 0x01, 0xbe, 0xba, 0xa1, 0x01, 0xbe,
  0xe6, 0xfc, 0x01, 0xbe, 0x2e, 0x58, 0x02, 0xbe, 0x9d, 0xb3, 0x02, 0xbe,
  0x28, 0x0f, 0x03, 0xbe, 0xda, 0x6a, 0x03, 0xbe, 0xa1, 0xc6, 0x03, 0xbe,
  0x8a, 0x22, 0x04, 0xbe, 0x9a, 0x7e, 0x04, 0xbe, 0xbf, 0xda, 0x04, 0xbe,
  0x13, 0x37, 0x05, 0xbe, 0x7b, 0x93, 0x05, 0xbe, 0x0b, 0xf0, 0x05, 0xbe,
  0xaf, 0x4c, 0x06, 0xbe, 0x82, 0xa9, 0x06, 0xbe, 0x6a, 0x06, 0x07, 0xbe,
  0x73, 0x63, 0x07, 0xbe, 0x9d, 0xc0, 0x07, 0xbe, 0xe9, 0x1d, 0x08, 0xbe,
  0x57, 0x7b, 0x08, 0xbe, 0xdf, 0xd8, 0x08, 0xbe, 0x90, 0x36, 0x09, 0xbe,
  0x55, 0x94, 0x09, 0xbe, 0x49, 0xf2, 0x09, 0xbe, 0x50, 0x50, 0x0a, 0xbe,
  0x81, 0xae, 0x0a, 0xbe, 0xc5, 0x0c, 0x0b, 0xbe, 0x38, 0x6b, 0x0b, 0xbe,
  0xc0, 0xc9, 0x0b, 0xbe, 0x70, 0x28, 0x0c, 0xbe, 0x3a, 0x87, 0x0c, 0xbe,
  0x26, 0xe6, 0x0c, 0xbe, 0x2d, 0x45, 0x0d, 0xbe, 0x56, 0xa4, 0x0d, 0xbe,
  0xa6, 0x03, 0x0e, 0xbe, 0x12, 0x63, 0x0e, 0xbe, 0x9f, 0xc2, 0x0e, 0xbe,
  0x47, 0x22, 0x0f, 0xbe, 0x18, 0x82, 0x0f, 0xbe, 0x03, 0xe2, 0x0f, 0xbe,
  0x0f, 0x42, 0x10, 0xbe, 0x37, 0xa2, 0x10, 0xbe, 0x87, 0x02, 0x11, 0xbe,
  0xf1, 0x62, 0x11, 0xbe, 0x7e, 0xc3, 0x11, 0xbe, 0x2b, 0x24, 0x12, 0xbe,
  0xfb, 0x84, 0x12, 0xbe, 0xe5, 0xe5, 0x12, 0xbe, 0xf0, 0x46, 0x13, 0xbe,
  0x1e, 0xa8, 0x13, 0xbe, 0x66, 0x09, 0x14, 0xbe, 0xd6, 0x6a, 0x14, 0xbe,
  0x61, 0xcc, 0x14, 0xbe, 0x0e, 0x2e, 0x15, 0xbe, 0xd6, 0x8f, 0x15, 0xbe,
  0xc6, 0xf1, 0x15, 0xbe, 0xd0, 0x53, 0x16, 0xbe, 0xfd, 0xb5, 0x16, 0xbe,
  0x4a, 0x18, 0x17, 0xbe, 0xba, 0x7a, 0x17, 0xbe, 0x3d, 0xdd, 0x17, 0xbe,
  0xf0, 0x3f, 0x18, 0xbe, 0xb6, 0xa2, 0x18, 0xbe, 0xa5, 0x05, 0x19, 0xbe,
  0xb6, 0x68, 0x19, 0xbe, 0xe1, 0xcb, 0x19, 0xbe, 0x2e, 0x2f, 0x1a, 0xbe,
  0x96, 0x92, 0x1a, 0xbe, 0x26, 0xf6, 0x1a, 0xbe, 0xd0, 0x59, 0x1b, 0xbe,
  0x9d, 0xbd, 0x1b, 0xbe, 0x8b, 0x21, 0x1c, 0xbe, 0x9a, 0x85, 0x1c, 0xbe,
  0xcb, 0xe9, 0x1c, 0xbe, 0x10, 0x4e, 0x1d, 0xbe, 0x7e, 0xb2, 0x1d, 0xbe,
  0x06, 0x17, 0x1e, 0xbe, 0xb6, 0x7b, 0x1e, 0xbe, 0x82, 0xe0, 0x1e, 0xbe,
  0x6f, 0x45, 0x1f, 0xbe, 0x7d, 0xaa, 0x1f, 0xbe, 0xa6, 0x0f, 0x20, 0xbe,
  0xf8, 0x74, 0x20, 0xbe, 0x5e, 0xda, 0x20, 0xbe, 0xf2, 0x3f, 0x21, 0xbe,
  0xa2, 0xa5, 0x21, 0xbe, 0x66, 0x0b, 0x22, 0xbe, 0x58, 0x71, 0x22, 0xbe,
  0x5f, 0xd7, 0x22, 0xbe, 0x8e, 0x3d, 0x23, 0xbe, 0xd8, 0xa3, 0x23, 0xbe,
  0x4a, 0x0a, 0x24, 0xbe, 0xd7, 0x70, 0x24, 0xbe, 0x7f, 0xd7, 0x24, 0xbe,
  0x4f, 0x3e, 0x25, 0xbe, 0x3a, 0xa5, 0x25, 0xbe, 0x46, 0x0c, 0x26, 0xbe,
  0x7b, 0x73, 0x26, 0xbe, 0xbd, 0xda, 0x26, 0xbe, 0x2e, 0x42, 0x27, 0xbe,
  0xc1, 0xa9, 0x27, 0xbe, 0x68, 0x11, 0x28, 0xbe, 0x37, 0x79, 0x28, 0xbe,
  0x21, 0xe1, 0x28, 0xbe, 0x33, 0x49, 0x29, 0xbe, 0x60, 0xb1, 0x29, 0xbe,
  0xa8, 0x19, 0x2a, 0xbe, 0x18, 0x82, 0x2a, 0xbe, 0xaa, 0xea, 0x2a, 0xbe,
  0x50, 0x53, 0x2b, 0xbe, 0x1e, 0xbc, 0x2b, 0xbe, 0x07, 0x25, 0x2c, 0xbe,
  0x18, 0x8e, 0x2c, 0xbe, 0x4b, 0xf7, 0x2c, 0xbe, 0x92, 0x60, 0x2d, 0xbe,
  0x01, 0xca, 0x2d, 0xbe, 0x92, 0x33, 0x2e, 0xbe, 0x37, 0x9d, 0x2e, 0xbe,
  0x0b, 0x07, 0x2f, 0xbe, 0xf9, 0x70, 0x2f, 0xbe, 0x03, 0xdb, 0x2f, 0xbe,
  0x2e, 0x45, 0x30, 0xbe, 0x81, 0xaf, 0x30, 0xbe, 0xe9, 0x19, 0x31, 0xbe,
  0x79, 0x84, 0x31, 0xbe, 0x2a, 0xef, 0x31, 0xbe, 0xef, 0x59, 0x32, 0xbe,
  0xdd, 0xc4, 0x32, 0xbe, 0xf3, 0x2f, 0x33, 0xbe, 0x16, 0x9b, 0x33, 0xbe,
  0x69, 0x06, 0x34, 0xbe, 0xd6, 0x71, 0x34, 0xbe, 0x5e, 0xdd, 0x34, 0xbe,
  0x0e, 0x49, 0x35, 0xbe, 0xe0, 0xb4, 0x35, 0xbe, 0xc6, 0x20, 0x36, 0xbe,
  0xdb, 0x8c, 0x36, 0xbe, 0x0b, 0xf9, 0x36, 0xbe, 0x4f, 0x65, 0x37, 0xbe,
  0xc2, 0xd1, 0x37, 0xbe, 0x50, 0x3e, 0x38, 0xbe, 0xff, 0xaa, 0x38, 0xbe,
  0xc9, 0x17, 0x39, 0xbe, 0xb5, 0x84, 0x39, 0xbe, 0xc9, 0xf1, 0x39, 0xbe,
  0xf1, 0x5e, 0x3a, 0xbe, 0x42, 0xcc, 0x3a, 0xbe, 0xad, 0x39, 0x3b, 0xbe,
  0x40, 0xa7, 0x3b, 0xbe, 0xe8, 0x14, 0x3c, 0xbe, 0xb8, 0x82, 0x3c, 0xbe,
  0xa9, 0xf0, 0x3c, 0xbe, 0xaf, 0x5e, 0x3d, 0xbe, 0xdd, 0xcc, 0x3d, 0xbe,
  0x33, 0x3b, 0x3e, 0xbe, 0x9d, 0xa9, 0x3e, 0xbe, 0x29, 0x18, 0x3f, 0xbe,
  0xd6, 0x86, 0x3f, 0xbe, 0xa5, 0xf5, 0x3f, 0xbe, 0x8f, 0x64, 0x40, 0xbe,
  0xa1, 0xd3, 0x40, 0xbe, 0xce, 0x42, 0x41, 0xbe, 0x23, 0xb2, 0x41, 0xbe,
  0x86, 0x21, 0x42, 0xbe, 0x17, 0x91, 0x42, 0xbe, 0xca, 0x00, 0x43, 0xbe,
  0x98, 0x70, 0x43, 0xbe, 0x81, 0xe0, 0x43, 0xbe, 0x92, 0x50, 0x44, 0xbe,
  0xbe, 0xc0, 0x44, 0xbe, 0x12, 0x31, 0x45, 0xbe, 0x7a, 0xa1, 0x45, 0xbe,
  0x0b, 0x12, 0x46, 0xbe, 0xb6, 0x82, 0x46, 0xbe, 0x8a, 0xf3, 0x46, 0xbe,
  0x72, 0x64, 0x47, 0xbe, 0x82, 0xd5, 0x47, 0xbe, 0xb3, 0x46, 0x48, 0xbe,
  0x00, 0xb8, 0x48, 0xbe, 0x6e, 0x29, 0x49, 0xbe, 0xf7, 0x9a, 0x49, 0xbe,
  0xa8, 0x0c, 0x4a, 0xbe, 0x7a, 0x7e, 0x4a, 0xbe, 0x68, 0xf0, 0x4a, 0xbe,
  0x70, 0x62, 0x4b, 0xbe, 0xa1, 0xd4, 0x4b, 0xbe, 0xf3, 0x46, 0x4c, 0xbe,
  0x60, 0xb9, 0x4c, 0xbe, 0xef, 0x2b, 0x4d, 0xbe, 0x98, 0x9e, 0x4d, 0xbe,
  0x6a, 0x11, 0x4e, 0xbe, 0x56, 0x84, 0x4e, 0xbe, 0x6b, 0xf7, 0x4e, 0xbe,
  0x9b, 0x6a, 0x4f, 0xbe, 0xde, 0xdd, 0x4f, 0xbe, 0x51, 0x51, 0x50, 0xbe,
  0xdf, 0xc4, 0x50, 0xbe, 0x8e, 0x38, 0x51, 0xbe, 0x5f, 0xac, 0x51, 0xbe,
  0x4a, 0x20, 0x52, 0xbe, 0x57, 0x94, 0x52, 0xbe, 0x86, 0x08, 0x53, 0xbe,
  0xd6, 0x7c, 0x53, 0xbe, 0x48, 0xf1, 0x53, 0xbe, 0xce, 0x65, 0x54, 0xbe,
  0x83, 0xda, 0x54, 0xbe, 0x52, 0x4f, 0x55, 0xbe, 0x3d, 0xc4, 0x55, 0xbe,
  0x50, 0x39, 0x56, 0xbe, 0x7d, 0xae, 0x56, 0xbe, 0xc6, 0x23, 0x57, 0xbe,
  0x37, 0x99, 0x57, 0xbe, 0xc9, 0x0e, 0x58, 0xbe, 0x76, 0x84, 0x58, 0xbe,
  0x45, 0xfa, 0x58, 0xbe, 0x35, 0x70, 0x59, 0xbe, 0x40, 0xe6, 0x59, 0xbe,
  0x6d, 0x5c, 0x5a, 0xbe, 0xc2, 0xd2, 0x5a, 0xbe, 0x32, 0x49, 0x5b, 0xbe,
  0xc3, 0xbf, 0x5b, 0xbe, 0x6f, 0x36, 0x5c, 0xbe, 0x3d, 0xad, 0x5c, 0xbe,
  0x25, 0x24, 0x5d, 0xbe, 0x36, 0x9b, 0x5d, 0xbe, 0x69, 0x12, 0x5e, 0xbe,
  0xb6, 0x89, 0x5e, 0xbe, 0x25, 0x01, 0x5f, 0xbe, 0xb5, 0x78, 0x5f, 0xbe,
  0x67, 0xf0, 0x5f, 0xbe, 0x3a, 0x68, 0x60, 0xbe, 0x22, 0xe0, 0x60, 0xbe,
  0x32, 0x58, 0x61, 0xbe, 0x63, 0xd0, 0x61, 0xbe, 0xb0, 0x48, 0x62, 0xbe,
  0x1d, 0xc1, 0x62, 0xbe, 0xad, 0x39, 0x63, 0xbe, 0x5e, 0xb2, 0x63, 0xbe,
  0x30, 0x2b, 0x64, 0xbe, 0x17, 0xa4, 0x64, 0xbe, 0x26, 0x1d, 0x65, 0xbe,
  0x56, 0x96, 0x65, 0xbe, 0xa8, 0x0f, 0x66, 0xbe, 0x15, 0x89, 0x66, 0xbe,
  0xaa, 0x02, 0x67, 0xbe, 0x5a, 0x7c, 0x67, 0xbe, 0x25, 0xf6, 0x67, 0xbe,
  0x18, 0x70, 0x68, 0xbe, 0x26, 0xea, 0x68, 0xbe, 0x4e, 0x64, 0x69, 0xbe,
  0x9f, 0xde, 0x69, 0xbe, 0x12, 0x59, 0x6a, 0xbe, 0x9f, 0xd3, 0x6a, 0xbe,
  0x4e, 0x4e, 0x6b, 0xbe, 0x1f, 0xc9, 0x6b, 0xbe, 0x11, 0x44, 0x6c, 0xbe,
  0x1e, 0xbf, 0x6c, 0xbe, 0x53, 0x3a, 0x6d, 0xbe, 0xa3, 0xb5, 0x6d, 0xbe,
  0x0e, 0x31, 0x6e, 0xbe, 0xa1, 0xac, 0x6e, 0xbe, 0x4f, 0x28, 0x6f, 0xbe,
  0x18, 0xa4, 0x6f, 0xbe, 0x09, 0x20, 0x70, 0xbe, 0x1b, 0x9c, 0x70, 0xbe,
  0x49, 0x18, 0x71, 0xbe, 0x98, 0x94, 0x71, 0xbe, 0x08, 0x11, 0x72, 0xbe,
  0x9b, 0x8d, 0x72, 0xbe, 0x48, 0x0a, 0x73, 0xbe, 0x16, 0x87, 0x73, 0xbe,
  0x06, 0x04, 0x74, 0xbe, 0x18, 0x81, 0x74, 0xbe, 0x4b, 0xfe, 0x74, 0xbe,
  0x99, 0x7b, 0x75, 0xbe, 0x09, 0xf9, 0x75, 0xbe, 0x9a, 0x76, 0x76, 0xbe,
  0x46, 0xf4, 0x76, 0xbe, 0x1a, 0x72, 0x77, 0xbe, 0x09, 0xf0, 0x77, 0xbe,
  0x1a, 0x6e, 0x78, 0xbe, 0x45, 0xec, 0x78, 0xbe, 0x99, 0x6a, 0x79, 0xbe,
  0x08, 0xe9, 0x79, 0xbe, 0x91, 0x67, 0x7a, 0xbe, 0x43, 0xe6, 0x7a, 0xbe,
  0x0f, 0x65, 0x7b, 0xbe, 0xfd, 0xe3, 0x7b, 0xbe, 0x0d, 0x63, 0x7c, 0xbe,
  0x3e, 0xe2, 0x7c, 0xbe, 0x91, 0x61, 0x7d, 0xbe, 0xff, 0xe0, 0x7d, 0xbe,
  0x8e, 0x60, 0x7e, 0xbe, 0x3f, 0xe0, 0x7e, 0xbe, 0x11, 0x60, 0x7f, 0xbe,
  0xfe, 0xdf, 0x7f, 0xbe, 0x06, 0x30, 0x80, 0xbe, 0x1e, 0x70, 0x80, 0xbe,
  0x47, 0xb0, 0x80, 0xbe, 0x81, 0xf0, 0x80, 0xbe, 0xc8, 0x30, 0x81, 0xbe,
  0x20, 0x71, 0x81, 0xbe, 0x89, 0xb1, 0x81, 0xbe, 0xff, 0xf1, 0x81, 0xbe,
  0x89, 0x32, 0x82, 0xbe, 0x21, 0x73, 0x82, 0xbe, 0xc9, 0xb3, 0x82, 0xbe,
  0x85, 0xf4, 0x82, 0xbe, 0x4c, 0x35, 0x83, 0xbe, 0x23, 0x76, 0x83, 0xbe,
  0x0c, 0xb7, 0x83, 0xbe, 0x05, 0xf8, 0x83, 0xbe, 0x0b, 0x39, 0x84, 0xbe,
  0x25, 0x7a, 0x84, 0xbe, 0x4d, 0xbb, 0x84, 0xbe, 0x83, 0xfc, 0x84, 0xbe,
  0xcc, 0x3d, 0x85, 0xbe, 0x23, 0x7f, 0x85, 0xbe, 0x8b, 0xc0, 0x85, 0xbe,
  0x03, 0x02, 0x86, 0xbe, 0x8c, 0x43, 0x86, 0xbe, 0x23, 0x85, 0x86, 0xbe,
  0xca, 0xc6, 0x86, 0xbe, 0x83, 0x08, 0x87, 0xbe, 0x4b, 0x4a, 0x87, 0xbe,
  0x25, 0x8c, 0x87, 0xbe, 0x0c, 0xce, 0x87, 0xbe, 0x04, 0x10, 0x88, 0xbe,
  0x0d, 0x52, 0x88, 0xbe, 0x23, 0x94, 0x88, 0xbe, 0x51, 0xd6, 0x88, 0xbe,
  0x89, 0x18, 0x89, 0xbe, 0xd1, 0x5a, 0x89, 0xbe, 0x27, 0x9d, 0x89, 0xbe,
  0x91, 0xdf, 0x89, 0xbe, 0x08, 0x22, 0x8a, 0xbe, 0x91, 0x64, 0x8a, 0xbe,
  0x2a, 0xa7, 0x8a, 0xbe, 0xd0, 0xe9, 0x8a, 0xbe, 0x87, 0x2c, 0x8b, 0xbe,
  0x4f, 0x6f, 0x8b, 0xbe, 0x28, 0xb2, 0x8b, 0xbe, 0x15, 0xf5, 0x8b, 0xbe,
  0x0c, 0x38, 0x8c, 0xbe, 0x14, 0x7b, 0x8c, 0xbe, 0x2c, 0xbe, 0x8c, 0xbe,
  0x55, 0x01, 0x8d, 0xbe, 0x8c, 0x44, 0x8d, 0xbe, 0xd4, 0x87, 0x8d, 0xbe,
  0x2c, 0xcb, 0x8d, 0xbe, 0x95, 0x0e, 0x8e, 0xbe, 0x0b, 0x52, 0x8e, 0xbe,
  0x99, 0x95, 0x8e, 0xbe, 0x31, 0xd9, 0x8e, 0xbe, 0xd7, 0x1c, 0x8f, 0xbe,
  0x90, 0x60, 0x8f, 0xbe, 0x57, 0xa4, 0x8f, 0xbe, 0x2f, 0xe8, 0x8f, 0xbe,
  0x18, 0x2c, 0x90, 0xbe, 0x11, 0x70, 0x90, 0xbe, 0x18, 0xb4, 0x90, 0xbe,
  0x33, 0xf8, 0x90, 0xbe, 0x5b, 0x3c, 0x91, 0xbe, 0x94, 0x80, 0x91, 0xbe,
  0xdb, 0xc4, 0x91, 0xbe, 0x35, 0x09, 0x92, 0xbe, 0x9d, 0x4d, 0x92, 0xbe,
  0x13, 0x92, 0x92, 0xbe, 0xa0, 0xd6, 0x92, 0xbe, 0x37, 0x1b, 0x93, 0xbe,
  0xdf, 0x5f, 0x93, 0xbe, 0x97, 0xa4, 0x93, 0xbe, 0x61, 0xe9, 0x93, 0xbe,
  0x37, 0x2e, 0x94, 0xbe, 0x1f, 0x73, 0x94, 0xbe, 0x1b, 0xb8, 0x94, 0xbe,
  0x24, 0xfd, 0x94, 0xbe, 0x3e, 0x42, 0x95, 0xbe, 0x65, 0x87, 0x95, 0xbe,
  0x9d, 0xcc, 0x95, 0xbe, 0xe3, 0x11, 0x96, 0xbe, 0x40, 0x57, 0x96, 0xbe,
  0xa7, 0x9c, 0x96, 0xbe, 0x1e, 0xe2, 0x96, 0xbe, 0xa7, 0x27, 0x97, 0xbe,
  0x40, 0x6d, 0x97, 0xbe, 0xe7, 0xb2, 0x97, 0xbe, 0xa6, 0xf8, 0x97, 0xbe,
  0x6b, 0x3e, 0x98, 0xbe, 0x44, 0x84, 0x98, 0xbe, 0x2a, 0xca, 0x98, 0xbe,
  0x25, 0x10, 0x99, 0xbe, 0x31, 0x56, 0x99, 0xbe, 0x49, 0x9c, 0x99, 0xbe,
  0x70, 0xe2, 0x99, 0xbe, 0xa7, 0x28, 0x9a, 0xbe, 0xef, 0x6e, 0x9a, 0xbe,
  0x4b, 0xb5, 0x9a, 0xbe, 0xb4, 0xfb, 0x9a, 0xbe, 0x2b, 0x42, 0x9b, 0xbe,
  0xb3, 0x88, 0x9b, 0xbe, 0x4b, 0xcf, 0x9b, 0xbe, 0xf8, 0x15, 0x9c, 0xbe,
  0xae, 0x5c, 0x9c, 0xbe, 0x79, 0xa3, 0x9c, 0xbe, 0x51, 0xea, 0x9c, 0xbe,
  0x37, 0x31, 0x9d, 0xbe, 0x34, 0x78, 0x9d, 0xbe, 0x3b, 0xbf, 0x9d, 0xbe,
  0x53, 0x06, 0x9e, 0xbe, 0x7c, 0x4d, 0x9e, 0xbe, 0xb5, 0x94, 0x9e, 0xbe,
  0xff, 0xdb, 0x9e, 0xbe, 0x57, 0x23, 0x9f, 0xbe, 0xc0, 0x6a, 0x9f, 0xbe,
  0x39, 0xb2, 0x9f, 0xbe, 0xc3, 0xf9, 0x9f, 0xbe, 0x5e, 0x41, 0xa0, 0xbe,
  0x02, 0x89, 0xa0, 0xbe, 0xbb, 0xd0, 0xa0, 0xbe, 0x89, 0x18, 0xa1, 0xbe,
  0x60, 0x60, 0xa1, 0xbe, 0x48, 0xa8, 0xa1, 0xbe, 0x40, 0xf0, 0xa1, 0xbe,
  0x4d, 0x38, 0xa2, 0xbe, 0x64, 0x80, 0xa2, 0xbe, 0x8c, 0xc8, 0xa2, 0xbe,
  0xc4, 0x10, 0xa3, 0xbe, 0x11, 0x59, 0xa3, 0xbe, 0x68, 0xa1, 0xa3, 0xbe,
  0xcf, 0xe9, 0xa3, 0xbe, 0x47, 0x32, 0xa4, 0xbe, 0xd4, 0x7a, 0xa4, 0xbe,
  0x6e, 0xc3, 0xa4, 0xbe, 0x15, 0x0c, 0xa5, 0xbe, 0xcd, 0x54, 0xa5, 0xbe,
  0x99, 0x9d, 0xa5, 0xbe, 0x6f, 0xe6, 0xa5, 0xbe, 0x5a, 0x2f, 0xa6, 0xbe,
  0x55, 0x78, 0xa6, 0xbe, 0x5d, 0xc1, 0xa6, 0xbe, 0x73, 0x0a, 0xa7, 0xbe,
  0x9d, 0x53, 0xa7, 0xbe, 0xd8, 0x9c, 0xa7, 0xbe, 0x20, 0xe6, 0xa7, 0xbe,
  0x79, 0x2f, 0xa8, 0xbe, 0xe3, 0x78, 0xa8, 0xbe, 0x5b, 0xc2, 0xa8, 0xbe,
  0xe3, 0x0b, 0xa9, 0xbe, 0x7f, 0x55, 0xa9, 0xbe, 0x28, 0x9f, 0xa9, 0xbe,
  0xdf, 0xe8, 0xa9, 0xbe, 0xa7, 0x32, 0xaa, 0xbe, 0x83, 0x7c, 0xaa, 0xbe,
  0x6c, 0xc6, 0xaa, 0xbe, 0x63, 0x10, 0xab, 0xbe, 0x71, 0x5a, 0xab, 0xbe,
  0x86, 0xa4, 0xab, 0xbe, 0xaf, 0xee, 0xab, 0xbe, 0xed, 0x38, 0xac, 0xbe,
  0x34, 0x83, 0xac, 0xbe, 0x8c, 0xcd, 0xac, 0xbe, 0xf8, 0x17, 0xad, 0xbe,
  0x6f, 0x62, 0xad, 0xbe, 0xf9, 0xac, 0xad, 0xbe, 0x94, 0xf7, 0xad, 0xbe,
  0x3d, 0x42, 0xae, 0xbe, 0xf3, 0x8c, 0xae, 0xbe, 0xc0, 0xd7, 0xae, 0xbe,
  0x98, 0x22, 0xaf, 0xbe, 0x80, 0x6d, 0xaf, 0xbe, 0x7d, 0xb8, 0xaf, 0xbe,
  0x83, 0x03, 0xb0, 0xbe, 0x9b, 0x4e, 0xb0, 0xbe, 0xc9, 0x99, 0xb0, 0xbe,
  0xff, 0xe4, 0xb0, 0xbe, 0x49, 0x30, 0xb1, 0xbe, 0xa3, 0x7b, 0xb1, 0xbe,
  0x0b, 0xc7, 0xb1, 0xbe, 0x84, 0x12, 0xb2, 0xbe, 0x10, 0x5e, 0xb2, 0xbe,
  0xa7, 0xa9, 0xb2, 0xbe, 0x4f, 0xf5, 0xb2, 0xbe, 0x0b, 0x41, 0xb3, 0xbe,
  0xd4, 0x8c, 0xb3, 0xbe, 0xb1, 0xd8, 0xb3, 0xbe, 0x98, 0x24, 0xb4, 0xbe,
  0x91, 0x70, 0xb4, 0xbe, 0x9d, 0xbc, 0xb4, 0xbe, 0xb3, 0x08, 0xb5, 0xbe,
  0xde, 0x54, 0xb5, 0xbe, 0x19, 0xa1, 0xb5, 0xbe, 0x62, 0xed, 0xb5, 0xbe,
  0xbb, 0x39, 0xb6, 0xbe, 0x25, 0x86, 0xb6, 0xbe, 0x9d, 0xd2, 0xb6, 0xbe,
  0x29, 0x1f, 0xb7, 0xbe, 0xbf, 0x6b, 0xb7, 0xbe, 0x6c, 0xb8, 0xb7, 0xbe,
  0x23, 0x05, 0xb8, 0xbe, 0xec, 0x51, 0xb8, 0xbe, 0xc8, 0x9e, 0xb8, 0xbe,
  0xb2, 0xeb, 0xb8, 0xbe, 0xac, 0x38, 0xb9, 0xbe, 0xb4, 0x85, 0xb9, 0xbe,
  0xcd, 0xd2, 0xb9, 0xbe, 0xfa, 0x1f, 0xba, 0xbe, 0x31, 0x6d, 0xba, 0xbe,
  0x7c, 0xba, 0xba, 0xbe, 0xd4, 0x07, 0xbb, 0xbe, 0x3d, 0x55, 0xbb, 0xbe,
  0xb7, 0xa2, 0xbb, 0xbe, 0x3f, 0xf0, 0xbb, 0xbe, 0xda, 0x3d, 0xbc, 0xbe,
  0x83, 0x8b, 0xbc, 0xbe, 0x40, 0xd9, 0xbc, 0xbe, 0x08, 0x27, 0xbd, 0xbe,
  0xe0, 0x74, 0xbd, 0xbe, 0xcc, 0xc2, 0xbd, 0xbe, 0xc5, 0x10, 0xbe, 0xbe,
  0xd0, 0x5e, 0xbe, 0xbe, 0xe7, 0xac, 0xbe, 0xbe, 0x13, 0xfb, 0xbe, 0xbe,
  0x4c, 0x49, 0xbf, 0xbe, 0x97, 0x97, 0xbf, 0xbe, 0xf1, 0xe5, 0xbf, 0xbe,
  0x5a, 0x34, 0xc0, 0xbe, 0xd3, 0x82, 0xc0, 0xbe, 0x5c, 0xd1, 0xc0, 0xbe,
  0xf7, 0x1f, 0xc1, 0xbe, 0x9f, 0x6e, 0xc1, 0xbe, 0x5b, 0xbd, 0xc1, 0xbe,
  0x25, 0x0c, 0xc2, 0xbe, 0xff, 0x5a, 0xc2, 0xbe, 0xe7, 0xa9, 0xc2, 0xbe,
  0xe3, 0xf8, 0xc2, 0xbe, 0xec, 0x47, 0xc3, 0xbe, 0x0a, 0x97, 0xc3, 0xbe,
  0x31, 0xe6, 0xc3, 0xbe, 0x69, 0x35, 0xc4, 0xbe, 0xb3, 0x84, 0xc4, 0xbe,
  0x0c, 0xd4, 0xc4, 0xbe, 0x77, 0x23, 0xc5, 0xbe, 0xef, 0x72, 0xc5, 0xbe,
  0x7b, 0xc2, 0xc5, 0xbe, 0x15, 0x12, 0xc6, 0xbe, 0xbf, 0x61, 0xc6, 0xbe,
  0x77, 0xb1, 0xc6, 0xbe, 0x43, 0x01, 0xc7, 0xbe, 0x1c, 0x51, 0xc7, 0xbe,
  0x06, 0xa1, 0xc7, 0xbe, 0x01, 0xf1, 0xc7, 0xbe, 0x0d, 0x41, 0xc8, 0xbe,
  0x23, 0x91, 0xc8, 0xbe, 0x50, 0xe1, 0xc8, 0xbe, 0x87, 0x31, 0xc9, 0xbe,
  0xd3, 0x81, 0xc9, 0xbe, 0x2c, 0xd2, 0xc9, 0xbe, 0x99, 0x22, 0xca, 0xbe,
  0x10, 0x73, 0xca, 0xbe, 0x9b, 0xc3, 0xca, 0xbe, 0x34, 0x14, 0xcb, 0xbe,
  0xe0, 0x64, 0xcb, 0xbe, 0x97, 0xb5, 0xcb, 0xbe, 0x65, 0x06, 0xcc, 0xbe,
  0x41, 0x57, 0xcc, 0xbe, 0x27, 0xa8, 0xcc, 0xbe, 0x24, 0xf9, 0xcc, 0xbe,
  0x2c, 0x4a, 0xcd, 0xbe, 0x47, 0x9b, 0xcd, 0xbe, 0x70, 0xec, 0xcd, 0xbe,
  0xad, 0x3d, 0xce, 0xbe, 0xf4, 0x8e, 0xce, 0xbe, 0x4f, 0xe0, 0xce, 0xbe,
  0xb8, 0x31, 0xcf, 0xbe, 0x35, 0x83, 0xcf, 0xbe, 0xbc, 0xd4, 0xcf, 0xbe,
  0x57, 0x26, 0xd0, 0xbe, 0x02, 0x78, 0xd0, 0xbe, 0xbc, 0xc9, 0xd0, 0xbe,
  0x89, 0x1b, 0xd1, 0xbe, 0x60, 0x6d, 0xd1, 0xbe, 0x4c, 0xbf, 0xd1, 0xbe,
  0x45, 0x11, 0xd2, 0xbe, 0x4f, 0x63, 0xd2, 0xbe, 0x69, 0xb5, 0xd2, 0xbe,
  0x94, 0x07, 0xd3, 0xbe, 0xd0, 0x59, 0xd3, 0xbe, 0x16, 0xac, 0xd3, 0xbe,
  0x74, 0xfe, 0xd3, 0xbe, 0xdc, 0x50, 0xd4, 0xbe, 0x58, 0xa3, 0xd4, 0xbe,
  0xe1, 0xf5, 0xd4, 0xbe, 0x7b, 0x48, 0xd5, 0xbe, 0x29, 0x9b, 0xd5, 0xbe,
  0xe1, 0xed, 0xd5, 0xbe, 0xad, 0x40, 0xd6, 0xbe, 0x84, 0x93, 0xd6, 0xbe,
  0x6e, 0xe6, 0xd6, 0xbe, 0x6d, 0x39, 0xd7, 0xbe, 0x72, 0x8c, 0xd7, 0xbe,
  0x8f, 0xdf, 0xd7, 0xbe, 0xba, 0x32, 0xd8, 0xbe, 0xf5, 0x85, 0xd8, 0xbe,
  0x40, 0xd9, 0xd8, 0xbe, 0x96, 0x2c, 0xd9, 0xbe, 0x04, 0x80, 0xd9, 0xbe,
  0x7b, 0xd3, 0xd9, 0xbe, 0x07, 0x27, 0xda, 0xbe, 0xa3, 0x7a, 0xda, 0xbe,
  0x4d, 0xce, 0xda, 0xbe, 0x08, 0x22, 0xdb, 0xbe, 0xd0, 0x75, 0xdb, 0xbe,
  0xac, 0xc9, 0xdb, 0xbe, 0x99, 0x1d, 0xdc, 0xbe, 0x90, 0x71, 0xdc, 0xbe,
  0x9b, 0xc5, 0xdc, 0xbe, 0xb7, 0x19, 0xdd, 0xbe, 0xe0, 0x6d, 0xdd, 0xbe,
  0x1d, 0xc2, 0xdd, 0xbe, 0x65, 0x16, 0xde, 0xbe, 0xc0, 0x6a, 0xde, 0xbe,
  0x2d, 0xbf, 0xde, 0xbe, 0xa3, 0x13, 0xdf, 0xbe, 0x31, 0x68, 0xdf, 0xbe,
  0xcd, 0xbc, 0xdf, 0xbe, 0x75, 0x11, 0xe0, 0xbe, 0x2f, 0x66, 0xe0, 0xbe,
  0xfd, 0xba, 0xe0, 0xbe, 0xd5, 0x0f, 0xe1, 0xbe, 0xc0, 0x64, 0xe1, 0xbe,
  0xbd, 0xb9, 0xe1, 0xbe, 0xc4, 0x0e, 0xe2, 0xbe, 0xdf, 0x63, 0xe2, 0xbe,
  0x0a, 0xb9, 0xe2, 0xbe, 0x44, 0x0e, 0xe3, 0xbe, 0x91, 0x63, 0xe3, 0xbe,
  0xeb, 0xb8, 0xe3, 0xbe, 0x53, 0x0e, 0xe4, 0xbe, 0xd0, 0x63, 0xe4, 0xbe,
  0x5d, 0xb9, 0xe4, 0xbe, 0xf4, 0x0e, 0xe5, 0xbe, 0x9f, 0x64, 0xe5, 0xbe,
  0x5b, 0xba, 0xe5, 0xbe, 0x24, 0x10, 0xe6, 0xbe, 0xfe, 0x65, 0xe6, 0xbe,
  0xed, 0xbb, 0xe6, 0xbe, 0xe5, 0x11, 0xe7, 0xbe, 0xf2, 0x67, 0xe7, 0xbe,
  0x0b, 0xbe, 0xe7, 0xbe, 0x33, 0x14, 0xe8, 0xbe, 0x72, 0x6a, 0xe8, 0xbe,
  0xba, 0xc0, 0xe8, 0xbe, 0x14, 0x17, 0xe9, 0xbe, 0x7f, 0x6d, 0xe9, 0xbe,
  0xfd, 0xc3, 0xe9, 0xbe, 0x89, 0x1a, 0xea, 0xbe, 0x1f, 0x71, 0xea, 0xbe,
  0xcd, 0xc7, 0xea, 0xbe, 0x88, 0x1e, 0xeb, 0xbe, 0x50, 0x75, 0xeb, 0xbe,
  0x2d, 0xcc, 0xeb, 0xbe, 0x17, 0x23, 0xec, 0xbe, 0x15, 0x7a, 0xec, 0xbe,
  0x1d, 0xd1, 0xec, 0xbe, 0x39, 0x28, 0xed, 0xbe, 0x63, 0x7f, 0xed, 0xbe,
  0x9d, 0xd6, 0xed, 0xbe, 0xe8, 0x2d, 0xee, 0xbe, 0x44, 0x85, 0xee, 0xbe,
  0xb1, 0xdc, 0xee, 0xbe, 0x28, 0x34, 0xef, 0xbe, 0xb3, 0x8b, 0xef, 0xbe,
  0x4f, 0xe3, 0xef, 0xbe, 0xfb, 0x3a, 0xf0, 0xbe, 0xb5, 0x92, 0xf0, 0xbe,
  0x80, 0xea, 0xf0, 0xbe, 0x5c, 0x42, 0xf1, 0xbe, 0x48, 0x9a, 0xf1, 0xbe,
  0x3e, 0xf2, 0xf1, 0xbe, 0x4c, 0x4a, 0xf2, 0xbe, 0x68, 0xa2, 0xf2, 0xbe,
  0x94, 0xfa, 0xf2, 0xbe, 0xcd, 0x52, 0xf3, 0xbe, 0x17, 0xab, 0xf3, 0xbe,
  0x72, 0x03, 0xf4, 0xbe, 0xe2, 0x5b, 0xf4, 0xbe, 0x58, 0xb4, 0xf4, 0xbe,
  0xe5, 0x0c, 0xf5, 0xbe, 0x80, 0x65, 0xf5, 0xbe, 0x2b, 0xbe, 0xf5, 0xbe,
  0xe4, 0x16, 0xf6, 0xbe, 0xb1, 0x6f, 0xf6, 0xbe, 0x8c, 0xc8, 0xf6, 0xbe,
  0x77, 0x21, 0xf7, 0xbe, 0x73, 0x7a, 0xf7, 0xbe, 0x7d, 0xd3, 0xf7, 0xbe,
  0x97, 0x2c, 0xf8, 0xbe, 0xc6, 0x85, 0xf8, 0xbe, 0x02, 0xdf, 0xf8, 0xbe,
  0x4b, 0x38, 0xf9, 0xbe, 0xa5, 0x91, 0xf9, 0xbe, 0x10, 0xeb, 0xf9, 0xbe,
  0x8b, 0x44, 0xfa, 0xbe, 0x18, 0x9e, 0xfa, 0xbe, 0xb1, 0xf7, 0xfa, 0xbe,
  0x5c, 0x51, 0xfb, 0xbe, 0x17, 0xab, 0xfb, 0xbe, 0xe4, 0x04, 0xfc, 0xbe,
  0xc0, 0x5e, 0xfc, 0xbe, 0xab, 0xb8, 0xfc, 0xbe, 0xa3, 0x12, 0xfd, 0xbe,
  0xae, 0x6c, 0xfd, 0xbe, 0xcb, 0xc6, 0xfd, 0xbe, 0xf9, 0x20, 0xfe, 0xbe,
  0x33, 0x7b, 0xfe, 0xbe, 0x7c, 0xd5, 0xfe, 0xbe, 0xd8, 0x2f, 0xff, 0xbe,
  0x45, 0x8a, 0xff, 0xbe, 0xc0, 0xe4, 0xff, 0xbe, 0xa6, 0x1f, 0x00, 0xbf,
  0xf4, 0x4c, 0x00, 0xbf, 0x49, 0x7a, 0x00, 0xbf, 0xa6, 0xa7, 0x00, 0xbf,
  0x0b, 0xd5, 0x00, 0xbf, 0x79, 0x02, 0x01, 0xbf, 0xf0, 0x2f, 0x01, 0xbf,
  0x6e, 0x5d, 0x01, 0xbf, 0xf2, 0x8a, 0x01, 0xbf, 0x80, 0xb8, 0x01, 0xbf,
  0x16, 0xe6, 0x01, 0xbf, 0xb3, 0x13, 0x02, 0xbf, 0x5a, 0x41, 0x02, 0xbf,
  0x08, 0x6f, 0x02, 0xbf, 0xbe, 0x9c, 0x02, 0xbf, 0x79, 0xca, 0x02, 0xbf,
  0x40, 0xf8, 0x02, 0xbf, 0x0e, 0x26, 0x03, 0xbf, 0xe4, 0x53, 0x03, 0xbf,
  0xc2, 0x81, 0x03, 0xbf, 0xa9, 0xaf, 0x03, 0xbf, 0x96, 0xdd, 0x03, 0xbf,
  0x8a, 0x0b, 0x04, 0xbf, 0x89, 0x39, 0x04, 0xbf, 0x8e, 0x67, 0x04, 0xbf,
  0x9d, 0x95, 0x04, 0xbf, 0xb2, 0xc3, 0x04, 0xbf, 0xd1, 0xf1, 0x04, 0xbf,
  0xf5, 0x1f, 0x05, 0xbf, 0x24, 0x4e, 0x05, 0xbf, 0x5a, 0x7c, 0x05, 0xbf,
  0x96, 0xaa, 0x05, 0xbf, 0xdd, 0xd8, 0x05, 0xbf, 0x2a, 0x07, 0x06, 0xbf,
  0x7f, 0x35, 0x06, 0xbf, 0xdf, 0x63, 0x06, 0xbf, 0x43, 0x92, 0x06, 0xbf,
  0xb2, 0xc0, 0x06, 0xbf, 0x27, 0xef, 0x06, 0xbf, 0xa5, 0x1d, 0x07, 0xbf,
  0x2a, 0x4c, 0x07, 0xbf, 0xb8, 0x7a, 0x07, 0xbf, 0x4d, 0xa9, 0x07, 0xbf,
  0xed, 0xd7, 0x07, 0xbf, 0x93, 0x06, 0x08, 0xbf, 0x3f, 0x35, 0x08, 0xbf,
  0xf6, 0x63, 0x08, 0xbf, 0xb4, 0x92, 0x08, 0xbf, 0x7a, 0xc1, 0x08, 0xbf,
  0x48, 0xf0, 0x08, 0xbf, 0x1f, 0x1f, 0x09, 0xbf, 0xfc, 0x4d, 0x09, 0xbf,
  0xe2, 0x7c, 0x09, 0xbf, 0xce, 0xab, 0x09, 0xbf, 0xc3, 0xda, 0x09, 0xbf,
  0xc2, 0x09, 0x0a, 0xbf, 0xc8, 0x38, 0x0a, 0xbf, 0xd6, 0x67, 0x0a, 0xbf,
  0xec, 0x96, 0x0a, 0xbf, 0x09, 0xc6, 0x0a, 0xbf, 0x31, 0xf5, 0x0a, 0xbf,
  0x5f, 0x24, 0x0b, 0xbf, 0x95, 0x53, 0x0b, 0xbf, 0xd2, 0x82, 0x0b, 0xbf,
  0x17, 0xb2, 0x0b, 0xbf, 0x67, 0xe1, 0x0b, 0xbf, 0xbb, 0x10, 0x0c, 0xbf,
  0x1a, 0x40, 0x0c, 0xbf, 0x81, 0x6f, 0x0c, 0xbf, 0xee, 0x9e, 0x0c, 0xbf,
  0x64, 0xce, 0x0c, 0xbf, 0xe1, 0xfd, 0x0c, 0xbf, 0x68, 0x2d, 0x0d, 0xbf,
  0xf6, 0x5c, 0x0d, 0xbf, 0x8c, 0x8c, 0x0d, 0xbf, 0x28, 0xbc, 0x0d, 0xbf,
  0xcd, 0xeb, 0x0d, 0xbf, 0x7c, 0x1b, 0x0e, 0xbf, 0x32, 0x4b, 0x0e, 0xbf,
  0xf0, 0x7a, 0x0e, 0xbf, 0xb5, 0xaa, 0x0e, 0xbf, 0x84, 0xda, 0x0e, 0xbf,
  0x5a, 0x0a, 0x0f, 0xbf, 0x38, 0x3a, 0x0f, 0xbf, 0x1f, 0x6a, 0x0f, 0xbf,
  0x0c, 0x9a, 0x0f, 0xbf, 0x01, 0xca, 0x0f, 0xbf, 0xff, 0xf9, 0x0f, 0xbf,
  0x06, 0x2a, 0x10, 0xbf, 0x14, 0x5a, 0x10, 0xbf, 0x2a, 0x8a, 0x10, 0xbf,
  0x48, 0xba, 0x10, 0xbf, 0x6e, 0xea, 0x10, 0xbf, 0x9c, 0x1a, 0x11, 0xbf,
  0xd2, 0x4a, 0x11, 0xbf, 0x0f, 0x7b, 0x11, 0xbf, 0x56, 0xab, 0x11, 0xbf,
  0xa4, 0xdb, 0x11, 0xbf, 0xf9, 0x0b, 0x12, 0xbf, 0x58, 0x3c, 0x12, 0xbf,
  0xc0, 0x6c, 0x12, 0xbf, 0x2e, 0x9d, 0x12, 0xbf, 0xa4, 0xcd, 0x12, 0xbf,
  0x23, 0xfe, 0x12, 0xbf, 0xa9, 0x2e, 0x13, 0xbf, 0x37, 0x5f, 0x13, 0xbf,
  0xcc, 0x8f, 0x13, 0xbf, 0x6b, 0xc0, 0x13, 0xbf, 0x10, 0xf1, 0x13, 0xbf,
  0xbf, 0x21, 0x14, 0xbf, 0x73, 0x52, 0x14, 0xbf, 0x32, 0x83, 0x14, 0xbf,
  0xf8, 0xb3, 0x14, 0xbf, 0xc6, 0xe4, 0x14, 0xbf, 0x9c, 0x15, 0x15, 0xbf,
  0x79, 0x46, 0x15, 0xbf, 0x61, 0x77, 0x15, 0xbf, 0x4e, 0xa8, 0x15, 0xbf,
  0x45, 0xd9, 0x15, 0xbf, 0x42, 0x0a, 0x16, 0xbf, 0x49, 0x3b, 0x16, 0xbf,
  0x56, 0x6c, 0x16, 0xbf, 0x6e, 0x9d, 0x16, 0xbf, 0x8d, 0xce, 0x16, 0xbf,
  0xb2, 0xff, 0x16, 0xbf, 0xe0, 0x30, 0x17, 0xbf, 0x16, 0x62, 0x17, 0xbf,
  0x54, 0x93, 0x17, 0xbf, 0x9b, 0xc4, 0x17, 0xbf, 0xe8, 0xf5, 0x17, 0xbf,
  0x3e, 0x27, 0x18, 0xbf, 0x9c, 0x58, 0x18, 0xbf, 0x01, 0x8a, 0x18, 0xbf,
  0x71, 0xbb, 0x18, 0xbf, 0xe8, 0xec, 0x18, 0xbf, 0x66, 0x1e, 0x19, 0xbf,
  0xed, 0x4f, 0x19, 0xbf, 0x7a, 0x81, 0x19, 0xbf, 0x10, 0xb3, 0x19, 0xbf,
  0xae, 0xe4, 0x19, 0xbf, 0x54, 0x16, 0x1a, 0xbf, 0x03, 0x48, 0x1a, 0xbf,
  0xb8, 0x79, 0x1a, 0xbf, 0x76, 0xab, 0x1a, 0xbf, 0x3e, 0xdd, 0x1a, 0xbf,
  0x0b, 0x0f, 0x1b, 0xbf, 0xe2, 0x40, 0x1b, 0xbf, 0xc0, 0x72, 0x1b, 0xbf,
  0xa6, 0xa4, 0x1b, 0xbf, 0x95, 0xd6, 0x1b, 0xbf, 0x8a, 0x08, 0x1c, 0xbf,
  0x88, 0x3a, 0x1c, 0xbf, 0x8e, 0x6c, 0x1c, 0xbf, 0x9e, 0x9e, 0x1c, 0xbf,
  0xb5, 0xd0, 0x1c, 0xbf, 0xd2, 0x02, 0x1d, 0xbf, 0xf8, 0x34, 0x1d, 0xbf,
  0x26, 0x67, 0x1d, 0xbf, 0x5c, 0x99, 0x1d, 0xbf, 0x9b, 0xcb, 0x1d, 0xbf,
  0xe2, 0xfd, 0x1d, 0xbf, 0x30, 0x30, 0x1e, 0xbf, 0x85, 0x62, 0x1e, 0xbf,
  0xe4, 0x94, 0x1e, 0xbf, 0x4a, 0xc7, 0x1e, 0xbf, 0xb8, 0xf9, 0x1e, 0xbf,
  0x2e, 0x2c, 0x1f, 0xbf, 0xad, 0x5e, 0x1f, 0xbf, 0x34, 0x91, 0x1f, 0xbf,
  0xc2, 0xc3, 0x1f, 0xbf, 0x59, 0xf6, 0x1f, 0xbf, 0xf6, 0x28, 0x20, 0xbf,
  0x9b, 0x5b, 0x20, 0xbf, 0x4c, 0x8e, 0x20, 0xbf, 0x03, 0xc1, 0x20, 0xbf,
  0xbf, 0xf3, 0x20, 0xbf, 0x86, 0x26, 0x21, 0xbf, 0x54, 0x59, 0x21, 0xbf,
  0x2a, 0x8c, 0x21, 0xbf, 0x0a, 0xbf, 0x21, 0xbf, 0xf0, 0xf1, 0x21, 0xbf,
  0xdd, 0x24, 0x22, 0xbf, 0xd5, 0x57, 0x22, 0xbf, 0xd1, 0x8a, 0x22, 0xbf,
  0xda, 0xbd, 0x22, 0xbf, 0xe7, 0xf0, 0x22, 0xbf, 0xfd, 0x23, 0x23, 0xbf,
  0x1b, 0x57, 0x23, 0xbf, 0x42, 0x8a, 0x23, 0xbf, 0x73, 0xbd, 0x23, 0xbf,
  0xa8, 0xf0, 0x23, 0xbf, 0xe7, 0x23, 0x24, 0xbf, 0x2b, 0x57, 0x24, 0xbf,
  0x7a, 0x8a, 0x24, 0xbf, 0xd2, 0xbd, 0x24, 0xbf, 0x30, 0xf1, 0x24, 0xbf,
  0x96, 0x24, 0x25, 0xbf, 0x05, 0x58, 0x25, 0xbf, 0x7a, 0x8b, 0x25, 0xbf,
  0xfa, 0xbe, 0x25, 0xbf, 0x80, 0xf2, 0x25, 0xbf, 0x0f, 0x26, 0x26, 0xbf,
  0xa4, 0x59, 0x26, 0xbf, 0x43, 0x8d, 0x26, 0xbf, 0xe9, 0xc0, 0x26, 0xbf,
  0x98, 0xf4, 0x26, 0xbf, 0x4f, 0x28, 0x27, 0xbf, 0x0c, 0x5c, 0x27, 0xbf,
  0xd4, 0x8f, 0x27, 0xbf, 0xa3, 0xc3, 0x27, 0xbf, 0x78, 0xf7, 0x27, 0xbf,
  0x57, 0x2b, 0x28, 0xbf, 0x3e, 0x5f, 0x28, 0xbf, 0x2d, 0x93, 0x28, 0xbf,
  0x22, 0xc7, 0x28, 0xbf, 0x21, 0xfb, 0x28, 0xbf, 0x28, 0x2f, 0x29, 0xbf,
  0x36, 0x63, 0x29, 0xbf, 0x4d, 0x97, 0x29, 0xbf, 0x6a, 0xcb, 0x29, 0xbf,
  0x91, 0xff, 0x29, 0xbf, 0xbf, 0x33, 0x2a, 0xbf, 0xf6, 0x67, 0x2a, 0xbf,
  0x34, 0x9c, 0x2a, 0xbf, 0x7c, 0xd0, 0x2a, 0xbf, 0xca, 0x04, 0x2b, 0xbf,
  0x20, 0x39, 0x2b, 0xbf, 0x80, 0x6d, 0x2b, 0xbf, 0xe6, 0xa1, 0x2b, 0xbf,
  0x53, 0xd6, 0x2b, 0xbf, 0xca, 0x0a, 0x2c, 0xbf, 0x4a, 0x3f, 0x2c, 0xbf,
  0xd1, 0x73, 0x2c, 0xbf, 0x5e, 0xa8, 0x2c, 0xbf, 0xf4, 0xdc, 0x2c, 0xbf,
  0x94, 0x11, 0x2d, 0xbf, 0x3a, 0x46, 0x2d, 0xbf, 0xe9, 0x7a, 0x2d, 0xbf,
  0xa0, 0xaf, 0x2d, 0xbf, 0x5f, 0xe4, 0x2d, 0xbf, 0x24, 0x19, 0x2e, 0xbf,
  0xf4, 0x4d, 0x2e, 0xbf, 0xca, 0x82, 0x2e, 0xbf, 0xa8, 0xb7, 0x2e, 0xbf,
  0x8d, 0xec, 0x2e, 0xbf, 0x7e, 0x21, 0x2f, 0xbf, 0x74, 0x56, 0x2f, 0xbf,
  0x72, 0x8b, 0x2f, 0xbf, 0x7a, 0xc0, 0x2f, 0xbf, 0x89, 0xf5, 0x2f, 0xbf,
  0x9e, 0x2a, 0x30, 0xbf, 0xbe, 0x5f, 0x30, 0xbf, 0xe4, 0x94, 0x30, 0xbf,
  0x11, 0xca, 0x30, 0xbf, 0x4a, 0xff, 0x30, 0xbf, 0x88, 0x34, 0x31, 0xbf,
  0xce, 0x69, 0x31, 0xbf, 0x1e, 0x9f, 0x31, 0xbf, 0x74, 0xd4, 0x31, 0xbf,
  0xd1, 0x09, 0x32, 0xbf, 0x3b, 0x3f, 0x32, 0xbf, 0xa7, 0x74, 0x32, 0xbf,
  0x1e, 0xaa, 0x32, 0xbf, 0x9e, 0xdf, 0x32, 0xbf, 0x23, 0x15, 0x33, 0xbf,
  0xb2, 0x4a, 0x33, 0xbf, 0x4a, 0x80, 0x33, 0xbf, 0xe8, 0xb5, 0x33, 0xbf,
  0x8e, 0xeb, 0x33, 0xbf, 0x3d, 0x21, 0x34, 0xbf, 0xf4, 0x56, 0x34, 0xbf,
  0xb1, 0x8c, 0x34, 0xbf, 0x7a, 0xc2, 0x34, 0xbf, 0x48, 0xf8, 0x34, 0xbf,
  0x21, 0x2e, 0x35, 0xbf, 0xfe, 0x63, 0x35, 0xbf, 0xe3, 0x99, 0x35, 0xbf,
  0xd5, 0xcf, 0x35, 0xbf, 0xc9, 0x05, 0x36, 0xbf, 0xc8, 0x3b, 0x36, 0xbf,
  0xcf, 0x71, 0x36, 0xbf, 0xdf, 0xa7, 0x36, 0xbf, 0xf7, 0xdd, 0x36, 0xbf,
  0x14, 0x14, 0x37, 0xbf, 0x3b, 0x4a, 0x37, 0xbf, 0x6a, 0x80, 0x37, 0xbf,
  0xa0, 0xb6, 0x37, 0xbf, 0xdf, 0xec, 0x37, 0xbf, 0x26, 0x23, 0x38, 0xbf,
  0x73, 0x59, 0x38, 0xbf, 0xcd, 0x8f, 0x38, 0xbf, 0x29, 0xc6, 0x38, 0xbf,
  0x90, 0xfc, 0x38, 0xbf, 0xff, 0x32, 0x39, 0xbf, 0x77, 0x69, 0x39, 0xbf,
  0xf7, 0x9f, 0x39, 0xbf, 0x7c, 0xd6, 0x39, 0xbf, 0x0b, 0x0d, 0x3a, 0xbf,
  0xa2, 0x43, 0x3a, 0xbf, 0x40, 0x7a, 0x3a, 0xbf, 0xe8, 0xb0, 0x3a, 0xbf,
  0x96, 0xe7, 0x3a, 0xbf, 0x4f, 0x1e, 0x3b, 0xbf, 0x0d, 0x55, 0x3b, 0xbf,
  0xd1, 0x8b, 0x3b, 0xbf, 0xa2, 0xc2, 0x3b, 0xbf, 0x77, 0xf9, 0x3b, 0xbf,
  0x59, 0x30, 0x3c, 0xbf, 0x3f, 0x67, 0x3c, 0xbf, 0x2d, 0x9e, 0x3c, 0xbf,
  0x25, 0xd5, 0x3c, 0xbf, 0x22, 0x0c, 0x3d, 0xbf, 0x2a, 0x43, 0x3d, 0xbf,
  0x39, 0x7a, 0x3d, 0xbf, 0x50, 0xb1, 0x3d, 0xbf, 0x6d, 0xe8, 0x3d, 0xbf,
  0x97, 0x1f, 0x3e, 0xbf, 0xc3, 0x56, 0x3e, 0xbf, 0xfa, 0x8d, 0x3e, 0xbf,
  0x39, 0xc5, 0x3e, 0xbf, 0x7f, 0xfc, 0x3e, 0xbf, 0xcf, 0x33, 0x3f, 0xbf,
  0x26, 0x6b, 0x3f, 0xbf, 0x87, 0xa2, 0x3f, 0xbf, 0xec, 0xd9, 0x3f, 0xbf,
  0x5c, 0x11, 0x40, 0xbf, 0xd1, 0x48, 0x40, 0xbf, 0x52, 0x80, 0x40, 0xbf,
  0xd7, 0xb7, 0x40, 0xbf, 0x67, 0xef, 0x40, 0xbf, 0xfe, 0x26, 0x41, 0xbf,
  0x9e, 0x5e, 0x41, 0xbf, 0x44, 0x96, 0x41, 0xbf, 0xf2, 0xcd, 0x41, 0xbf,
  0xaa, 0x05, 0x42, 0xbf, 0x68, 0x3d, 0x42, 0xbf, 0x2f, 0x75, 0x42, 0xbf,
  0xff, 0xac, 0x42, 0xbf, 0xd7, 0xe4, 0x42, 0xbf, 0xb4, 0x1c, 0x43, 0xbf,
  0x9c, 0x54, 0x43, 0xbf, 0x8a, 0x8c, 0x43, 0xbf, 0x82, 0xc4, 0x43, 0xbf,
  0x80, 0xfc, 0x43, 0xbf, 0x89, 0x34, 0x44, 0xbf, 0x96, 0x6c, 0x44, 0xbf,
  0xae, 0xa4, 0x44, 0xbf, 0xcc, 0xdc, 0x44, 0xbf, 0xf5, 0x14, 0x45, 0xbf,
  0x22, 0x4d, 0x45, 0xbf, 0x59, 0x85, 0x45, 0xbf, 0x98, 0xbd, 0x45, 0xbf,
  0xe0, 0xf5, 0x45, 0xbf, 0x2d, 0x2e, 0x46, 0xbf, 0x86, 0x66, 0x46, 0xbf,
  0xe6, 0x9e, 0x46, 0xbf, 0x4d, 0xd7, 0x46, 0xbf, 0xbb, 0x0f, 0x47, 0xbf,
  0x33, 0x48, 0x47, 0xbf, 0xb2, 0x80, 0x47, 0xbf, 0x39, 0xb9, 0x47, 0xbf,
  0xc7, 0xf1, 0x47, 0xbf, 0x5e, 0x2a, 0x48, 0xbf, 0xfe, 0x62, 0x48, 0xbf,
  0xa4, 0x9b, 0x48, 0xbf, 0x55, 0xd4, 0x48, 0xbf, 0x0a, 0x0d, 0x49, 0xbf,
  0xc9, 0x45, 0x49, 0xbf, 0x93, 0x7e, 0x49, 0xbf, 0x5f, 0xb7, 0x49, 0xbf,
  0x38, 0xf0, 0x49, 0xbf, 0x16, 0x29, 0x4a, 0xbf, 0xfd, 0x61, 0x4a, 0xbf,
  0xec, 0x9a, 0x4a, 0xbf, 0xe4, 0xd3, 0x4a, 0xbf, 0xe2, 0x0c, 0x4b, 0xbf,
  0xeb, 0x45, 0x4b, 0xbf, 0xfb, 0x7e, 0x4b, 0xbf, 0x10, 0xb8, 0x4b, 0xbf,
  0x30, 0xf1, 0x4b, 0xbf, 0x56, 0x2a, 0x4c, 0xbf, 0x86, 0x63, 0x4c, 0xbf,
  0xbc, 0x9c, 0x4c, 0xbf, 0xfb, 0xd5, 0x4c, 0xbf, 0x44, 0x0f, 0x4d, 0xbf,
  0x92, 0x48, 0x4d, 0xbf, 0xea, 0x81, 0x4d, 0xbf, 0x47, 0xbb, 0x4d, 0xbf,
  0xb0, 0xf4, 0x4d, 0xbf, 0x1e, 0x2e, 0x4e, 0xbf, 0x96, 0x67, 0x4e, 0xbf,
  0x16, 0xa1, 0x4e, 0xbf, 0x9c, 0xda, 0x4e, 0xbf, 0x2b, 0x14, 0x4f, 0xbf,
  0xc1, 0x4d, 0x4f, 0xbf, 0x62, 0x87, 0x4f, 0xbf, 0x0a, 0xc1, 0x4f, 0xbf,
  0xb8, 0xfa, 0x4f, 0xbf, 0x6f, 0x34, 0x50, 0xbf, 0x2e, 0x6e, 0x50, 0xbf,
  0xf6, 0xa7, 0x50, 0xbf, 0xc6, 0xe1, 0x50, 0xbf, 0x9b, 0x1b, 0x51, 0xbf,
  0x7b, 0x55, 0x51, 0xbf, 0x64, 0x8f, 0x51, 0xbf, 0x53, 0xc9, 0x51, 0xbf,
  0x4a, 0x03, 0x52, 0xbf, 0x48, 0x3d, 0x52, 0xbf, 0x51, 0x77, 0x52, 0xbf,
  0x60, 0xb1, 0x52, 0xbf, 0x75, 0xeb, 0x52, 0xbf, 0x97, 0x25, 0x53, 0xbf,
  0xbf, 0x5f, 0x53, 0xbf, 0xec, 0x99, 0x53, 0xbf, 0x25, 0xd4, 0x53, 0xbf,
  0x63, 0x0e, 0x54, 0xbf, 0xab, 0x48, 0x54, 0xbf, 0xf9, 0x82, 0x54, 0xbf,
  0x50, 0xbd, 0x54, 0xbf, 0xb0, 0xf7, 0x54, 0xbf, 0x18, 0x32, 0x55, 0xbf,
  0x86, 0x6c, 0x55, 0xbf, 0xfd, 0xa6, 0x55, 0xbf, 0x7e, 0xe1, 0x55, 0xbf,
  0x04, 0x1c, 0x56, 0xbf, 0x94, 0x56, 0x56, 0xbf, 0x2b, 0x91, 0x56, 0xbf,
  0xca, 0xcb, 0x56, 0xbf, 0x72, 0x06, 0x57, 0xbf, 0x22, 0x41, 0x57, 0xbf,
  0xd9, 0x7b, 0x57, 0xbf, 0x98, 0xb6, 0x57, 0xbf, 0x5f, 0xf1, 0x57, 0xbf,
  0x2e, 0x2c, 0x58, 0xbf, 0x06, 0x67, 0x58, 0xbf, 0xe6, 0xa1, 0x58, 0xbf,
  0xcc, 0xdc, 0x58, 0xbf, 0xbc, 0x17, 0x59, 0xbf, 0xb4, 0x52, 0x59, 0xbf,
  0xb1, 0x8d, 0x59, 0xbf, 0xba, 0xc8, 0x59, 0xbf, 0xca, 0x03, 0x5a, 0xbf,
  0xe2, 0x3e, 0x5a, 0xbf, 0x00, 0x7a, 0x5a, 0xbf, 0x28, 0xb5, 0x5a, 0xbf,
  0x59, 0xf0, 0x5a, 0xbf, 0x8d, 0x2b, 0x5b, 0xbf, 0xce, 0x66, 0x5b, 0xbf,
  0x16, 0xa2, 0x5b, 0xbf, 0x64, 0xdd, 0x5b, 0xbf, 0xbc, 0x18, 0x5c, 0xbf,
  0x1c, 0x54, 0x5c, 0xbf, 0x84, 0x8f, 0x5c, 0xbf, 0xf2, 0xca, 0x5c, 0xbf,
  0x6a, 0x06, 0x5d, 0xbf, 0xea, 0x41, 0x5d, 0xbf, 0x70, 0x7d, 0x5d, 0xbf,
  0x00, 0xb9, 0x5d, 0xbf, 0x99, 0xf4, 0x5d, 0xbf, 0x39, 0x30, 0x5e, 0xbf,
  0xde, 0x6b, 0x5e, 0xbf, 0x8e, 0xa7, 0x5e, 0xbf, 0x46, 0xe3, 0x5e, 0xbf,
  0x05, 0x1f, 0x5f, 0xbf, 0xcc, 0x5a, 0x5f, 0xbf, 0x9d, 0x96, 0x5f, 0xbf,
  0x74, 0xd2, 0x5f, 0xbf, 0x52, 0x0e, 0x60, 0xbf, 0x3a, 0x4a, 0x60, 0xbf,
  0x2a, 0x86, 0x60, 0xbf, 0x21, 0xc2, 0x60, 0xbf, 0x1f, 0xfe, 0x60, 0xbf,
  0x27, 0x3a, 0x61, 0xbf, 0x38, 0x76, 0x61, 0xbf, 0x50, 0xb2, 0x61, 0xbf,
  0x6e, 0xee, 0x61, 0xbf, 0x96, 0x2a, 0x62, 0xbf, 0xc6, 0x66, 0x62, 0xbf,
  0xff, 0xa2, 0x62, 0xbf, 0x3e, 0xdf, 0x62, 0xbf, 0x84, 0x1b, 0x63, 0xbf,
  0xd4, 0x57, 0x63, 0xbf, 0x2c, 0x94, 0x63, 0xbf, 0x8c, 0xd0, 0x63, 0xbf,
  0xf2, 0x0c, 0x64, 0xbf, 0x61, 0x49, 0x64, 0xbf, 0xda, 0x85, 0x64, 0xbf,
  0x5b, 0xc2, 0x64, 0xbf, 0xe0, 0xfe, 0x64, 0xbf, 0x70, 0x3b, 0x65, 0xbf,
  0x08, 0x78, 0x65, 0xbf, 0xa7, 0xb4, 0x65, 0xbf, 0x50, 0xf1, 0x65, 0xbf,
  0xfe, 0x2d, 0x66, 0xbf, 0xb6, 0x6a, 0x66, 0xbf, 0x77, 0xa7, 0x66, 0xbf,
  0x3e, 0xe4, 0x66, 0xbf, 0x0e, 0x21, 0x67, 0xbf, 0xe4, 0x5d, 0x67, 0xbf,
  0xc4, 0x9a, 0x67, 0xbf, 0xab, 0xd7, 0x67, 0xbf, 0x9c, 0x14, 0x68, 0xbf,
  0x94, 0x51, 0x68, 0xbf, 0x93, 0x8e, 0x68, 0xbf, 0x9a, 0xcb, 0x68, 0xbf,
  0xab, 0x08, 0x69, 0xbf, 0xc3, 0x45, 0x69, 0xbf, 0xe3, 0x82, 0x69, 0xbf,
  0x09, 0xc0, 0x69, 0xbf, 0x39, 0xfd, 0x69, 0xbf, 0x70, 0x3a, 0x6a, 0xbf,
  0xb0, 0x77, 0x6a, 0xbf, 0xf9, 0xb4, 0x6a, 0xbf, 0x48, 0xf2, 0x6a, 0xbf,
  0x9f, 0x2f, 0x6b, 0xbf, 0xfd, 0x6c, 0x6b, 0xbf, 0x66, 0xaa, 0x6b, 0xbf,
  0xd6, 0xe7, 0x6b, 0xbf, 0x4e, 0x25, 0x6c, 0xbf, 0xcd, 0x62, 0x6c, 0xbf,
  0x55, 0xa0, 0x6c, 0xbf, 0xe4, 0xdd, 0x6c, 0xbf, 0x7c, 0x1b, 0x6d, 0xbf,
  0x1d, 0x59, 0x6d, 0xbf, 0xc5, 0x96, 0x6d, 0xbf, 0x74, 0xd4, 0x6d, 0xbf,
  0x2c, 0x12, 0x6e, 0xbf, 0xec, 0x4f, 0x6e, 0xbf, 0xb2, 0x8d, 0x6e, 0xbf,
  0x82, 0xcb, 0x6e, 0xbf, 0x59, 0x09, 0x6f, 0xbf, 0x3a, 0x47, 0x6f, 0xbf,
  0x22, 0x85, 0x6f, 0xbf, 0x12, 0xc3, 0x6f, 0xbf, 0x0b, 0x01, 0x70, 0xbf,
  0x08, 0x3f, 0x70, 0xbf, 0x10, 0x7d, 0x70, 0xbf, 0x20, 0xbb, 0x70, 0xbf,
  0x38, 0xf9, 0x70, 0xbf, 0x58, 0x37, 0x71, 0xbf, 0x81, 0x75, 0x71, 0xbf,
  0xb1, 0xb3, 0x71, 0xbf, 0xe7, 0xf1, 0x71, 0xbf, 0x28, 0x30, 0x72, 0xbf,
  0x6e, 0x6e, 0x72, 0xbf, 0xbd, 0xac, 0x72, 0xbf, 0x16, 0xeb, 0x72, 0xbf,
  0x76, 0x29, 0x73, 0xbf, 0xdd, 0x67, 0x73, 0xbf, 0x4f, 0xa6, 0x73, 0xbf,
  0xc7, 0xe4, 0x73, 0xbf, 0x45, 0x23, 0x74, 0xbf, 0xce, 0x61, 0x74, 0xbf,
  0x5e, 0xa0, 0x74, 0xbf, 0xf4, 0xde, 0x74, 0xbf, 0x94, 0x1d, 0x75, 0xbf,
  0x3b, 0x5c, 0x75, 0xbf, 0xec, 0x9a, 0x75, 0xbf, 0xa4, 0xd9, 0x75, 0xbf,
  0x64, 0x18, 0x76, 0xbf, 0x2b, 0x57, 0x76, 0xbf, 0xfc, 0x95, 0x76, 0xbf,
  0xd4, 0xd4, 0x76, 0xbf, 0xb4, 0x13, 0x77, 0xbf, 0x9d, 0x52, 0x77, 0xbf,
  0x8c, 0x91, 0x77, 0xbf, 0x83, 0xd0, 0x77, 0xbf, 0x81, 0x0f, 0x78, 0xbf,
  0x8a, 0x4e, 0x78, 0xbf, 0x9b, 0x8d, 0x78, 0xbf, 0xb2, 0xcc, 0x78, 0xbf,
  0xd2, 0x0b, 0x79, 0xbf, 0xfa, 0x4a, 0x79, 0xbf, 0x2b, 0x8a, 0x79, 0xbf,
  0x62, 0xc9, 0x79, 0xbf, 0xa2, 0x08, 0x7a, 0xbf, 0xea, 0x47, 0x7a, 0xbf,
  0x3a, 0x87, 0x7a, 0xbf, 0x91, 0xc6, 0x7a, 0xbf, 0xf3, 0x05, 0x7b, 0xbf,
  0x5a, 0x45, 0x7b, 0xbf, 0xcb, 0x84, 0x7b, 0xbf, 0x42, 0xc4, 0x7b, 0xbf,
  0xc1, 0x03, 0x7c, 0xbf, 0x49, 0x43, 0x7c, 0xbf, 0xd9, 0x82, 0x7c, 0xbf,
  0x72, 0xc2, 0x7c, 0xbf, 0x11, 0x02, 0x7d, 0xbf, 0xbb, 0x41, 0x7d, 0xbf,
  0x6b, 0x81, 0x7d, 0xbf, 0x22, 0xc1, 0x7d, 0xbf, 0xe2, 0x00, 0x7e, 0xbf,
  0xaa, 0x40, 0x7e, 0xbf, 0x7a, 0x80, 0x7e, 0xbf, 0x52, 0xc0, 0x7e, 0xbf,
  0x31, 0x00, 0x7f, 0xbf, 0x1b, 0x40, 0x7f, 0xbf, 0x0a, 0x80, 0x7f, 0xbf,
  0xff, 0xbf, 0x7f, 0xbf, 0x00, 0x00, 0x80, 0xbf
};
unsigned int src_OPAL_bin_len = 131072;
