unsigned char src_PLAITS_3_bin[] = {
  0x4c, 0x73, 0x82, 0x21, 0x93, 0xd6, 0x17, 0x3d, 0xc6, 0xa2, 0xb1, 0x3d,
  0x8e, 0xd8, 0xfd, 0x3d, 0x53, 0x2a, 0x14, 0x3e, 0xcf, 0xc0, 0x23, 0x3e,
  0xd0, 0x92, 0x34, 0x3e, 0xab, 0xe2, 0x42, 0x3e, 0x3b, 0x8b, 0x4e, 0x3e,
  0xd5, 0x8f, 0x5a, 0x3e, 0xa1, 0xc3, 0x67, 0x3e, 0x93, 0x84, 0x71, 0x3e,
  0xda, 0xcb, 0x76, 0x3e, 0xc0, 0x05, 0x79, 0x3e, 0xea, 0xfb, 0x7a, 0x3e,
  0x82, 0xc6, 0x7c, 0x3e, 0x00, 0x0a, 0x80, 0x3e, 0x88, 0x66, 0x82, 0x3e,
  0x15, 0x86, 0x85, 0x3e, 0xba, 0x38, 0x88, 0x3e, 0x2b, 0x76, 0x8a, 0x3e,
  0x58, 0xc5, 0x8b, 0x3e, 0x35, 0xf2, 0x8c, 0x3e, 0xef, 0xf3, 0x8d, 0x3e,
  0x40, 0xc6, 0x8f, 0x3e, 0x58, 0xcb, 0x91, 0x3e, 0x52, 0x76, 0x94, 0x3e,
  0xc2, 0x9f, 0x96, 0x3e, 0x63, 0xce, 0x98, 0x3e, 0x2c, 0x42, 0x9a, 0x3e,
  0x71, 0x42, 0x9c, 0x3e, 0x97, 0x8a, 0x9e, 0x3e, 0x8a, 0x86, 0xa2, 0x3e,
  0x92, 0x7a, 0xa7, 0x3e, 0xb9, 0x2a, 0xae, 0x3e, 0x31, 0x30, 0xb5, 0x3e,
  0xf4, 0x0a, 0xbd, 0x3e, 0x4f, 0x75, 0xc4, 0x3e, 0x31, 0x6b, 0xcc, 0x3e,
  0x52, 0x27, 0xd4, 0x3e, 0x73, 0xf7, 0xdc, 0x3e, 0x72, 0x05, 0xe6, 0x3e,
  0xc0, 0x47, 0xf0, 0x3e, 0x8e, 0x78, 0xfa, 0x3e, 0x0a, 0xa0, 0x02, 0x3f,
  0x13, 0xa4, 0x07, 0x3f, 0x34, 0xae, 0x0c, 0x3f, 0xb1, 0x30, 0x11, 0x3f,
  0x56, 0xac, 0x15, 0x3f, 0x09, 0x9d, 0x19, 0x3f, 0x76, 0x82, 0x1d, 0x3f,
  0x85, 0xd1, 0x20, 0x3f, 0x90, 0x0e, 0x24, 0x3f, 0x10, 0xb8, 0x26, 0x3f,
  0xa6, 0x60, 0x29, 0x3f, 0x7b, 0x82, 0x2b, 0x3f, 0xb7, 0xa4, 0x2d, 0x3f,
  0xcb, 0x1f, 0x2f, 0x3f, 0xc2, 0x68, 0x30, 0x3f, 0xe1, 0xcc, 0x30, 0x3f,
  0xc3, 0xe2, 0x30, 0x3f, 0x0e, 0x23, 0x30, 0x3f, 0xbd, 0x64, 0x2f, 0x3f,
  0xe3, 0x3d, 0x2e, 0x3f, 0xb6, 0x92, 0x2d, 0x3f, 0xfe, 0xd2, 0x2c, 0x3f,
  0xb3, 0xbc, 0x2c, 0x3f, 0x91, 0x8b, 0x2c, 0x3f, 0xb3, 0xf0, 0x2c, 0x3f,
  0xb2, 0x23, 0x2d, 0x3f, 0xb7, 0xf2, 0x2d, 0x3f, 0x73, 0xa2, 0x2e, 0x3f,
  0xc1, 0x0e, 0x30, 0x3f, 0x63, 0x69, 0x31, 0x3f, 0xce, 0x7c, 0x33, 0x3f,
  0xf5, 0x63, 0x35, 0x3f, 0xe0, 0xec, 0x37, 0x3f, 0x0c, 0x40, 0x3a, 0x3f,
  0xf6, 0x44, 0x3d, 0x3f, 0xca, 0x2a, 0x40, 0x3f, 0x0f, 0xcf, 0x43, 0x3f,
  0x84, 0x3f, 0x47, 0x3f, 0x2e, 0x37, 0x4b, 0x3f, 0x97, 0xae, 0x4e, 0x3f,
  0x49, 0x65, 0x52, 0x3f, 0x79, 0x76, 0x55, 0x3f, 0x64, 0xcd, 0x58, 0x3f,
  0xfe, 0xaa, 0x5b, 0x3f, 0x7d, 0xfd, 0x5e, 0x3f, 0xf6, 0xe9, 0x61, 0x3f,
  0x94, 0x2b, 0x65, 0x3f, 0xff, 0xbe, 0x67, 0x3f, 0xaa, 0x51, 0x6a, 0x3f,
  0xbf, 0xf9, 0x6b, 0x3f, 0xb6, 0x97, 0x6d, 0x3f, 0x00, 0x79, 0x6e, 0x3f,
  0xbf, 0xa3, 0x6f, 0x3f, 0xd5, 0x61, 0x70, 0x3f, 0xc7, 0x97, 0x71, 0x3f,
  0xea, 0x54, 0x72, 0x3f, 0xce, 0x53, 0x73, 0x3f, 0xfc, 0x8a, 0x73, 0x3f,
  0xd0, 0xc5, 0x73, 0x3f, 0x09, 0x18, 0x73, 0x3f, 0xca, 0x7b, 0x72, 0x3f,
  0xf5, 0x1a, 0x71, 0x3f, 0xbf, 0xfb, 0x6f, 0x3f, 0x6b, 0x37, 0x6e, 0x3f,
  0xb3, 0xcb, 0x6c, 0x3f, 0x4b, 0xc8, 0x6a, 0x3f, 0xa4, 0x39, 0x69, 0x3f,
  0xf5, 0x40, 0x67, 0x3f, 0x98, 0x07, 0x66, 0x3f, 0x45, 0xb9, 0x64, 0x3f,
  0x91, 0x7b, 0x64, 0x3f, 0x92, 0x58, 0x64, 0x3f, 0x96, 0x4b, 0x65, 0x3f,
  0x81, 0x32, 0x66, 0x3f, 0x9f, 0xef, 0x67, 0x3f, 0x62, 0x5a, 0x69, 0x3f,
  0xae, 0x61, 0x6b, 0x3f, 0xca, 0xf1, 0x6c, 0x3f, 0xbd, 0x0f, 0x6f, 0x3f,
  0x85, 0xb7, 0x70, 0x3f, 0xcc, 0xef, 0x72, 0x3f, 0x63, 0xac, 0x74, 0x3f,
  0xdc, 0xdf, 0x76, 0x3f, 0xe8, 0x71, 0x78, 0x3f, 0xe9, 0x4b, 0x7a, 0x3f,
  0x85, 0x61, 0x7b, 0x3f, 0xf3, 0xa9, 0x7c, 0x3f, 0x7b, 0x35, 0x7d, 0x3f,
  0xf8, 0x0b, 0x7e, 0x3f, 0x61, 0x4f, 0x7e, 0x3f, 0xfc, 0xff, 0x7e, 0x3f,
  0x8f, 0x33, 0x7f, 0x3f, 0xff, 0xcb, 0x7f, 0x3f, 0x32, 0xca, 0x7f, 0x3f,
  0x00, 0x00, 0x80, 0x3f, 0x4e, 0x72, 0x7f, 0x3f, 0xfc, 0x01, 0x7f, 0x3f,
  0x43, 0xc8, 0x7d, 0x3f, 0xf2, 0xb7, 0x7c, 0x3f, 0x57, 0xf0, 0x7a, 0x3f,
  0xe6, 0x63, 0x79, 0x3f, 0x16, 0x28, 0x77, 0x3f, 0xd4, 0x29, 0x75, 0x3f,
  0x3a, 0x79, 0x72, 0x3f, 0xc0, 0x09, 0x70, 0x3f, 0xd5, 0xf0, 0x6c, 0x3f,
  0xa9, 0x2b, 0x6a, 0x3f, 0x65, 0xcd, 0x66, 0x3f, 0x90, 0xd1, 0x63, 0x3f,
  0x7d, 0x48, 0x60, 0x3f, 0x74, 0x37, 0x5d, 0x3f, 0x3f, 0xbe, 0x59, 0x3f,
  0x5c, 0xf5, 0x56, 0x3f, 0xc7, 0x09, 0x54, 0x3f, 0x48, 0x15, 0x52, 0x3f,
  0xc0, 0x32, 0x50, 0x3f, 0x3d, 0x57, 0x4f, 0x3f, 0xd9, 0x75, 0x4e, 0x3f,
  0x3a, 0x65, 0x4e, 0x3f, 0x17, 0x15, 0x4e, 0x3f, 0x3a, 0x67, 0x4e, 0x3f,
  0xdf, 0x68, 0x4e, 0x3f, 0x3c, 0x0f, 0x4f, 0x3f, 0x00, 0x78, 0x4f, 0x3f,
  0x42, 0x8b, 0x50, 0x3f, 0xd3, 0x55, 0x51, 0x3f, 0x4b, 0x9d, 0x52, 0x3f,
  0xf5, 0x62, 0x53, 0x3f, 0x52, 0x65, 0x54, 0x3f, 0x90, 0xc0, 0x54, 0x3f,
  0x55, 0x47, 0x55, 0x3f, 0x10, 0x33, 0x55, 0x3f, 0x55, 0x53, 0x55, 0x3f,
  0xb0, 0xdf, 0x54, 0x3f, 0x52, 0x8f, 0x54, 0x3f, 0x80, 0x94, 0x53, 0x3f,
  0x4b, 0x9d, 0x52, 0x3f, 0xb7, 0xeb, 0x50, 0x3f, 0x3c, 0x39, 0x4f, 0x3f,
  0x86, 0xd7, 0x4c, 0x3f, 0x2b, 0x7f, 0x4a, 0x3f, 0xc3, 0x80, 0x47, 0x3f,
  0x12, 0x8f, 0x44, 0x3f, 0x2b, 0xfc, 0x40, 0x3f, 0xf6, 0x7c, 0x3d, 0x3f,
  0x7c, 0x70, 0x39, 0x3f, 0xd7, 0x98, 0x35, 0x3f, 0x74, 0x59, 0x31, 0x3f,
  0xb6, 0x66, 0x2d, 0x3f, 0x4a, 0x0e, 0x29, 0x3f, 0x94, 0xf6, 0x24, 0x3f,
  0xf5, 0x6f, 0x20, 0x3f, 0x71, 0x32, 0x1c, 0x3f, 0x2e, 0xac, 0x17, 0x3f,
  0x4f, 0xb2, 0x13, 0x3f, 0xc3, 0xbf, 0x0f, 0x3f, 0x32, 0x98, 0x0c, 0x3f,
  0x20, 0x8e, 0x09, 0x3f, 0x1c, 0x34, 0x07, 0x3f, 0x27, 0xbc, 0x04, 0x3f,
  0x0a, 0xac, 0x02, 0x3f, 0xbf, 0x4d, 0x00, 0x3f, 0xf1, 0x93, 0xfc, 0x3e,
  0x8b, 0x2e, 0xf8, 0x3e, 0xd3, 0xd3, 0xf4, 0x3e, 0x76, 0x6b, 0xf1, 0x3e,
  0xbb, 0x13, 0xef, 0x3e, 0x30, 0x84, 0xec, 0x3e, 0xaa, 0xa3, 0xea, 0x3e,
  0xe3, 0x49, 0xe8, 0x3e, 0x9a, 0x83, 0xe6, 0x3e, 0x8d, 0x7e, 0xe4, 0x3e,
  0x8c, 0x57, 0xe3, 0x3e, 0xb8, 0x3c, 0xe2, 0x3e, 0x87, 0xf3, 0xe1, 0x3e,
  0x76, 0x61, 0xe1, 0x3e, 0x83, 0xeb, 0xe0, 0x3e, 0xb3, 0x6d, 0xdf, 0x3e,
  0x75, 0x5f, 0xdd, 0x3e, 0xed, 0xfc, 0xd9, 0x3e, 0x59, 0x03, 0xd6, 0x3e,
  0x8f, 0xec, 0xd0, 0x3e, 0x2e, 0x6b, 0xcb, 0x3e, 0x28, 0xe4, 0xc4, 0x3e,
  0xf7, 0xda, 0xbd, 0x3e, 0x14, 0xb0, 0xb5, 0x3e, 0xb5, 0xf2, 0xac, 0x3e,
  0x13, 0x43, 0xa3, 0x3e, 0x67, 0x6a, 0x99, 0x3e, 0x40, 0x37, 0x8f, 0x3e,
  0x17, 0x66, 0x85, 0x3e, 0xbb, 0x2e, 0x77, 0x3e, 0x95, 0x83, 0x64, 0x3e,
  0xa7, 0xa7, 0x51, 0x3e, 0xfb, 0x5a, 0x3f, 0x3e, 0x31, 0xab, 0x2c, 0x3e,
  0x6e, 0xba, 0x1a, 0x3e, 0xeb, 0x02, 0x09, 0x3e, 0xc1, 0x93, 0xf1, 0x3d,
  0x41, 0xd3, 0xd2, 0x3d, 0xde, 0x72, 0xb7, 0x3d, 0x54, 0x75, 0x9d, 0x3d,
  0x17, 0xe2, 0x85, 0x3d, 0x33, 0xca, 0x5d, 0x3d, 0xcf, 0xa2, 0x33, 0x3d,
  0x2c, 0x7d, 0x0b, 0x3d, 0x45, 0x83, 0xd1, 0x3c, 0xb8, 0xf3, 0x94, 0x3c,
  0x2b, 0x83, 0x4b, 0x3c, 0xcd, 0x1f, 0x01, 0x3c, 0x5d, 0x02, 0x97, 0x3b,
  0xca, 0xf7, 0x07, 0x3b, 0x00, 0x00, 0x00, 0x00, 0xca, 0xf7, 0x07, 0xbb,
  0x5d, 0x02, 0x97, 0xbb, 0xcd, 0x1f, 0x01, 0xbc, 0x2b, 0x83, 0x4b, 0xbc,
  0xb8, 0xf3, 0x94, 0xbc, 0x45, 0x83, 0xd1, 0xbc, 0x2c, 0x7d, 0x0b, 0xbd,
  0xcf, 0xa2, 0x33, 0xbd, 0x33, 0xca, 0x5d, 0xbd, 0x17, 0xe2, 0x85, 0xbd,
  0x54, 0x75, 0x9d, 0xbd, 0xde, 0x72, 0xb7, 0xbd, 0x41, 0xd3, 0xd2, 0xbd,
  0xc1, 0x93, 0xf1, 0xbd, 0xeb, 0x02, 0x09, 0xbe, 0x6e, 0xba, 0x1a, 0xbe,
  0x31, 0xab, 0x2c, 0xbe, 0xfb, 0x5a, 0x3f, 0xbe, 0xa7, 0xa7, 0x51, 0xbe,
  0x95, 0x83, 0x64, 0xbe, 0xbb, 0x2e, 0x77, 0xbe, 0x17, 0x66, 0x85, 0xbe,
  0x40, 0x37, 0x8f, 0xbe, 0x67, 0x6a, 0x99, 0xbe, 0x13, 0x43, 0xa3, 0xbe,
  0xb5, 0xf2, 0xac, 0xbe, 0x14, 0xb0, 0xb5, 0xbe, 0xf7, 0xda, 0xbd, 0xbe,
  0x28, 0xe4, 0xc4, 0xbe, 0x2e, 0x6b, 0xcb, 0xbe, 0x8f, 0xec, 0xd0, 0xbe,
  0x59, 0x03, 0xd6, 0xbe, 0xed, 0xfc, 0xd9, 0xbe, 0x75, 0x5f, 0xdd, 0xbe,
  0xb3, 0x6d, 0xdf, 0xbe, 0x83, 0xeb, 0xe0, 0xbe, 0x76, 0x61, 0xe1, 0xbe,
  0x87, 0xf3, 0xe1, 0xbe, 0xb8, 0x3c, 0xe2, 0xbe, 0x8c, 0x57, 0xe3, 0xbe,
  0x8d, 0x7e, 0xe4, 0xbe, 0x9a, 0x83, 0xe6, 0xbe, 0xe3, 0x49, 0xe8, 0xbe,
  0xaa, 0xa3, 0xea, 0xbe, 0x30, 0x84, 0xec, 0xbe, 0xbb, 0x13, 0xef, 0xbe,
  0x76, 0x6b, 0xf1, 0xbe, 0xd3, 0xd3, 0xf4, 0xbe, 0x8b, 0x2e, 0xf8, 0xbe,
  0xf1, 0x93, 0xfc, 0xbe, 0xbf, 0x4d, 0x00, 0xbf, 0x0a, 0xac, 0x02, 0xbf,
  0x27, 0xbc, 0x04, 0xbf, 0x1c, 0x34, 0x07, 0xbf, 0x20, 0x8e, 0x09, 0xbf,
  0x32, 0x98, 0x0c, 0xbf, 0xc3, 0xbf, 0x0f, 0xbf, 0x4f, 0xb2, 0x13, 0xbf,
  0x2e, 0xac, 0x17, 0xbf, 0x71, 0x32, 0x1c, 0xbf, 0xf5, 0x6f, 0x20, 0xbf,
  0x94, 0xf6, 0x24, 0xbf, 0x4a, 0x0e, 0x29, 0xbf, 0xb6, 0x66, 0x2d, 0xbf,
  0x74, 0x59, 0x31, 0xbf, 0xd7, 0x98, 0x35, 0xbf, 0x7c, 0x70, 0x39, 0xbf,
  0xf6, 0x7c, 0x3d, 0xbf, 0x2b, 0xfc, 0x40, 0xbf, 0x12, 0x8f, 0x44, 0xbf,
  0xc3, 0x80, 0x47, 0xbf, 0x2b, 0x7f, 0x4a, 0xbf, 0x86, 0xd7, 0x4c, 0xbf,
  0x3c, 0x39, 0x4f, 0xbf, 0xb7, 0xeb, 0x50, 0xbf, 0x4b, 0x9d, 0x52, 0xbf,
  0x80, 0x94, 0x53, 0xbf, 0x52, 0x8f, 0x54, 0xbf, 0xb0, 0xdf, 0x54, 0xbf,
  0x55, 0x53, 0x55, 0xbf, 0x10, 0x33, 0x55, 0xbf, 0x55, 0x47, 0x55, 0xbf,
  0x90, 0xc0, 0x54, 0xbf, 0x52, 0x65, 0x54, 0xbf, 0xf5, 0x62, 0x53, 0xbf,
  0x4b, 0x9d, 0x52, 0xbf, 0xd3, 0x55, 0x51, 0xbf, 0x42, 0x8b, 0x50, 0xbf,
  0x00, 0x78, 0x4f, 0xbf, 0x3c, 0x0f, 0x4f, 0xbf, 0xdf, 0x68, 0x4e, 0xbf,
  0x3a, 0x67, 0x4e, 0xbf, 0x17, 0x15, 0x4e, 0xbf, 0x3a, 0x65, 0x4e, 0xbf,
  0xd9, 0x75, 0x4e, 0xbf, 0x3d, 0x57, 0x4f, 0xbf, 0xc0, 0x32, 0x50, 0xbf,
  0x48, 0x15, 0x52, 0xbf, 0xc9, 0x09, 0x54, 0xbf, 0x5c, 0xf5, 0x56, 0xbf,
  0x3e, 0xbe, 0x59, 0xbf, 0x74, 0x37, 0x5d, 0xbf, 0x82, 0x48, 0x60, 0xbf,
  0x90, 0xd1, 0x63, 0xbf, 0x5d, 0xcd, 0x66, 0xbf, 0xa9, 0x2b, 0x6a, 0xbf,
  0xe2, 0xf0, 0x6c, 0xbf, 0xc0, 0x09, 0x70, 0xbf, 0x25, 0x79, 0x72, 0xbf,
  0xd4, 0x29, 0x75, 0xbf, 0x39, 0x28, 0x77, 0xbf, 0xe6, 0x63, 0x79, 0xbf,
  0x1e, 0xf0, 0x7a, 0xbf, 0xf2, 0xb7, 0x7c, 0xbf, 0xab, 0xc8, 0x7d, 0xbf,
  0xfc, 0x01, 0x7f, 0xbf, 0x0a, 0x71, 0x7f, 0xbf, 0x00, 0xfe, 0x7f, 0xbf,
  0xee, 0xc8, 0x7f, 0xbf, 0xff, 0xcb, 0x7f, 0xbf, 0xf7, 0x33, 0x7f, 0xbf,
  0xfc, 0xff, 0x7e, 0xbf, 0x28, 0x4f, 0x7e, 0xbf, 0xf8, 0x0b, 0x7e, 0xbf,
  0x9e, 0x35, 0x7d, 0xbf, 0xf3, 0xa9, 0x7c, 0xbf, 0x70, 0x61, 0x7b, 0xbf,
  0xe9, 0x4b, 0x7a, 0xbf, 0xf6, 0x71, 0x78, 0xbf, 0xdc, 0xdf, 0x76, 0xbf,
  0x59, 0xac, 0x74, 0xbf, 0xcc, 0xef, 0x72, 0xbf, 0x8a, 0xb7, 0x70, 0xbf,
  0xbd, 0x0f, 0x6f, 0xbf, 0xc8, 0xf1, 0x6c, 0xbf, 0xae, 0x61, 0x6b, 0xbf,
  0x64, 0x5a, 0x69, 0xbf, 0x9f, 0xef, 0x67, 0xbf, 0x81, 0x32, 0x66, 0xbf,
  0x96, 0x4b, 0x65, 0xbf, 0x92, 0x58, 0x64, 0xbf, 0x91, 0x7b, 0x64, 0xbf,
  0x45, 0xb9, 0x64, 0xbf, 0x98, 0x07, 0x66, 0xbf, 0xf5, 0x40, 0x67, 0xbf,
  0xa4, 0x39, 0x69, 0xbf, 0x4b, 0xc8, 0x6a, 0xbf, 0xb3, 0xcb, 0x6c, 0xbf,
  0x6b, 0x37, 0x6e, 0xbf, 0xbf, 0xfb, 0x6f, 0xbf, 0xf5, 0x1a, 0x71, 0xbf,
  0xca, 0x7b, 0x72, 0xbf, 0x09, 0x18, 0x73, 0xbf, 0xd0, 0xc5, 0x73, 0xbf,
  0xfc, 0x8a, 0x73, 0xbf, 0xce, 0x53, 0x73, 0xbf, 0xea, 0x54, 0x72, 0xbf,
  0xc7, 0x97, 0x71, 0xbf, 0xd5, 0x61, 0x70, 0xbf, 0xbf, 0xa3, 0x6f, 0xbf,
  0x00, 0x79, 0x6e, 0xbf, 0xb6, 0x97, 0x6d, 0xbf, 0xbf, 0xf9, 0x6b, 0xbf,
  0xaa, 0x51, 0x6a, 0xbf, 0xff, 0xbe, 0x67, 0xbf, 0x94, 0x2b, 0x65, 0xbf,
  0xf6, 0xe9, 0x61, 0xbf, 0x7d, 0xfd, 0x5e, 0xbf, 0xfe, 0xaa, 0x5b, 0xbf,
  0x64, 0xcd, 0x58, 0xbf, 0x79, 0x76, 0x55, 0xbf, 0x49, 0x65, 0x52, 0xbf,
  0x97, 0xae, 0x4e, 0xbf, 0x2e, 0x37, 0x4b, 0xbf, 0x84, 0x3f, 0x47, 0xbf,
  0x0f, 0xcf, 0x43, 0xbf, 0xca, 0x2a, 0x40, 0xbf, 0xf6, 0x44, 0x3d, 0xbf,
  0x0c, 0x40, 0x3a, 0xbf, 0xe0, 0xec, 0x37, 0xbf, 0xf5, 0x63, 0x35, 0xbf,
  0xce, 0x7c, 0x33, 0xbf, 0x63, 0x69, 0x31, 0xbf, 0xc1, 0x0e, 0x30, 0xbf,
  0x73, 0xa2, 0x2e, 0xbf, 0xb7, 0xf2, 0x2d, 0xbf, 0xb2, 0x23, 0x2d, 0xbf,
  0xb3, 0xf0, 0x2c, 0xbf, 0x91, 0x8b, 0x2c, 0xbf, 0xb3, 0xbc, 0x2c, 0xbf,
  0xfe, 0xd2, 0x2c, 0xbf, 0xb6, 0x92, 0x2d, 0xbf, 0xe3, 0x3d, 0x2e, 0xbf,
  0xbd, 0x64, 0x2f, 0xbf, 0x0e, 0x23, 0x30, 0xbf, 0xc3, 0xe2, 0x30, 0xbf,
  0xe1, 0xcc, 0x30, 0xbf, 0xc2, 0x68, 0x30, 0xbf, 0xcb, 0x1f, 0x2f, 0xbf,
  0xb7, 0xa4, 0x2d, 0xbf, 0x7b, 0x82, 0x2b, 0xbf, 0xa6, 0x60, 0x29, 0xbf,
  0x10, 0xb8, 0x26, 0xbf, 0x90, 0x0e, 0x24, 0xbf, 0x85, 0xd1, 0x20, 0xbf,
  0x76, 0x82, 0x1d, 0xbf, 0x09, 0x9d, 0x19, 0xbf, 0x56, 0xac, 0x15, 0xbf,
  0xb1, 0x30, 0x11, 0xbf, 0x34, 0xae, 0x0c, 0xbf, 0x13, 0xa4, 0x07, 0xbf,
  0x0a, 0xa0, 0x02, 0xbf, 0x8e, 0x78, 0xfa, 0xbe, 0xc0, 0x47, 0xf0, 0xbe,
  0x72, 0x05, 0xe6, 0xbe, 0x73, 0xf7, 0xdc, 0xbe, 0x52, 0x27, 0xd4, 0xbe,
  0x31, 0x6b, 0xcc, 0xbe, 0x4f, 0x75, 0xc4, 0xbe, 0xf4, 0x0a, 0xbd, 0xbe,
  0x31, 0x30, 0xb5, 0xbe, 0xb9, 0x2a, 0xae, 0xbe, 0x92, 0x7a, 0xa7, 0xbe,
  0x8a, 0x86, 0xa2, 0xbe, 0x97, 0x8a, 0x9e, 0xbe, 0x71, 0x42, 0x9c, 0xbe,
  0x2c, 0x42, 0x9a, 0xbe, 0x63, 0xce, 0x98, 0xbe, 0xc2, 0x9f, 0x96, 0xbe,
  0x52, 0x76, 0x94, 0xbe, 0x58, 0xcb, 0x91, 0xbe, 0x40, 0xc6, 0x8f, 0xbe,
  0xef, 0xf3, 0x8d, 0xbe, 0x35, 0xf2, 0x8c, 0xbe, 0x58, 0xc5, 0x8b, 0xbe,
  0x2b, 0x76, 0x8a, 0xbe, 0xba, 0x38, 0x88, 0xbe, 0x15, 0x86, 0x85, 0xbe,
  0x88, 0x66, 0x82, 0xbe, 0x00, 0x0a, 0x80, 0xbe, 0x82, 0xc6, 0x7c, 0xbe,
  0xea, 0xfb, 0x7a, 0xbe, 0xc0, 0x05, 0x79, 0xbe, 0xda, 0xcb, 0x76, 0xbe,
  0x93, 0x84, 0x71, 0xbe, 0xa1, 0xc3, 0x67, 0xbe, 0xd5, 0x8f, 0x5a, 0xbe,
  0x3b, 0x8b, 0x4e, 0xbe, 0xab, 0xe2, 0x42, 0xbe, 0xd0, 0x92, 0x34, 0xbe,
  0xcf, 0xc0, 0x23, 0xbe, 0x53, 0x2a, 0x14, 0xbe, 0x8e, 0xd8, 0xfd, 0xbd,
  0xc6, 0xa2, 0xb1, 0xbd, 0x93, 0xd6, 0x17, 0xbd, 0x15, 0xba, 0x84, 0x21,
  0xf9, 0xb4, 0x24, 0x3d, 0x0c, 0xe3, 0xc2, 0x3d, 0x26, 0x67, 0x0d, 0x3e,
  0xa7, 0x3a, 0x29, 0x3e, 0x16, 0x49, 0x40, 0x3e, 0x68, 0xfb, 0x59, 0x3e,
  0x0e, 0x76, 0x71, 0x3e, 0x0e, 0x82, 0x83, 0x3e, 0xd5, 0xb8, 0x8e, 0x3e,
  0x6e, 0x2e, 0x9b, 0x3e, 0xe7, 0x06, 0xa6, 0x3e, 0xbb, 0xd6, 0xae, 0x3e,
  0x4a, 0xb3, 0xb5, 0x3e, 0xf1, 0x26, 0xbc, 0x3e, 0xeb, 0xb3, 0xc1, 0x3e,
  0x20, 0xb7, 0xc7, 0x3e, 0xf5, 0x0c, 0xce, 0x3e, 0x57, 0x8b, 0xd5, 0x3e,
  0x00, 0xd6, 0xdc, 0x3e, 0x93, 0x67, 0xe4, 0x3e, 0xa0, 0x43, 0xeb, 0x3e,
  0xcb, 0x77, 0xf2, 0x3e, 0x46, 0x7a, 0xf9, 0x3e, 0x04, 0xe2, 0x00, 0x3f,
  0x54, 0x46, 0x05, 0x3f, 0x2b, 0x78, 0x0a, 0x3f, 0x8c, 0xc2, 0x0f, 0x3f,
  0x56, 0x8a, 0x15, 0x3f, 0x81, 0x0b, 0x1b, 0x3f, 0x84, 0xd0, 0x20, 0x3f,
  0x8a, 0x3d, 0x26, 0x3f, 0xaf, 0x06, 0x2c, 0x3f, 0x33, 0x92, 0x31, 0x3f,
  0xdf, 0x86, 0x37, 0x3f, 0x2c, 0x24, 0x3d, 0x3f, 0x0c, 0xf3, 0x42, 0x3f,
  0xc9, 0x1d, 0x48, 0x3f, 0x35, 0x35, 0x4d, 0x3f, 0x0e, 0x76, 0x51, 0x3f,
  0x56, 0x91, 0x55, 0x3f, 0x6d, 0xd8, 0x58, 0x3f, 0x70, 0x11, 0x5c, 0x3f,
  0xc9, 0x8f, 0x5e, 0x3f, 0x85, 0x1d, 0x61, 0x3f, 0x84, 0x01, 0x63, 0x3f,
  0x93, 0x01, 0x65, 0x3f, 0x32, 0x50, 0x66, 0x3f, 0x9f, 0xad, 0x67, 0x3f,
  0xfd, 0x3f, 0x68, 0x3f, 0xa3, 0xd9, 0x68, 0x3f, 0x6b, 0xb3, 0x68, 0x3f,
  0xa3, 0xc7, 0x68, 0x3f, 0xf3, 0x60, 0x68, 0x3f, 0xa2, 0x85, 0x68, 0x3f,
  0xfd, 0x65, 0x68, 0x3f, 0xa4, 0xe9, 0x68, 0x3f, 0xb7, 0x12, 0x69, 0x3f,
  0xa8, 0xb7, 0x69, 0x3f, 0x65, 0xde, 0x69, 0x3f, 0xab, 0x87, 0x6a, 0x3f,
  0x95, 0xe6, 0x6a, 0x3f, 0xb0, 0x1d, 0x6c, 0x3f, 0x53, 0x59, 0x6d, 0x3f,
  0xbe, 0x8f, 0x6f, 0x3f, 0xc9, 0xa6, 0x71, 0x3f, 0xd1, 0x51, 0x74, 0x3f,
  0x82, 0x59, 0x76, 0x3f, 0xe2, 0x83, 0x78, 0x3f, 0x3c, 0xd6, 0x79, 0x3f,
  0xed, 0x57, 0x7b, 0x3f, 0xa9, 0x3c, 0x7c, 0x3f, 0xf6, 0x8d, 0x7d, 0x3f,
  0xe0, 0x5d, 0x7e, 0x3f, 0xfe, 0x79, 0x7f, 0x3f, 0x43, 0xc6, 0x7f, 0x3f,
  0x00, 0x00, 0x80, 0x3f, 0x15, 0x2a, 0x7f, 0x3f, 0xf9, 0x37, 0x7e, 0x3f,
  0x6a, 0x62, 0x7c, 0x3f, 0xea, 0xb5, 0x7a, 0x3f, 0xd2, 0x5f, 0x78, 0x3f,
  0xd9, 0x47, 0x76, 0x3f, 0xf0, 0x74, 0x73, 0x3f, 0xc4, 0xbf, 0x70, 0x3f,
  0x58, 0x42, 0x6d, 0x3f, 0xa8, 0x03, 0x6a, 0x3f, 0x1c, 0x4a, 0x66, 0x3f,
  0x8c, 0x31, 0x63, 0x3f, 0x8e, 0xec, 0x5f, 0x3f, 0x75, 0x69, 0x5d, 0x3f,
  0xc3, 0xa8, 0x5a, 0x3f, 0x61, 0x79, 0x58, 0x3f, 0x09, 0xdf, 0x55, 0x3f,
  0x50, 0xc7, 0x53, 0x3f, 0xc5, 0x66, 0x51, 0x3f, 0x40, 0xcd, 0x4f, 0x3f,
  0xc4, 0x33, 0x4e, 0x3f, 0x37, 0x83, 0x4d, 0x3f, 0xfb, 0xbf, 0x4c, 0x3f,
  0x33, 0x9f, 0x4c, 0x3f, 0x41, 0x18, 0x4c, 0x3f, 0x30, 0xe7, 0x4b, 0x3f,
  0x0e, 0x29, 0x4b, 0x3f, 0x2b, 0xb5, 0x4a, 0x3f, 0x01, 0xc2, 0x49, 0x3f,
  0x24, 0x1d, 0x49, 0x3f, 0x0b, 0xec, 0x47, 0x3f, 0x1b, 0xdb, 0x46, 0x3f,
  0xbe, 0x0c, 0x45, 0x3f, 0x0d, 0x39, 0x43, 0x3f, 0x47, 0xad, 0x40, 0x3f,
  0xf9, 0x40, 0x3e, 0x3f, 0xd4, 0x57, 0x3b, 0x3f, 0xe3, 0xbe, 0x38, 0x3f,
  0x58, 0xc2, 0x35, 0x3f, 0xcc, 0x0a, 0x33, 0x3f, 0x80, 0xce, 0x2f, 0x3f,
  0xb3, 0xb0, 0x2c, 0x3f, 0x52, 0xfe, 0x28, 0x3f, 0x97, 0x7a, 0x25, 0x3f,
  0x9e, 0x91, 0x21, 0x3f, 0x78, 0x12, 0x1e, 0x3f, 0xe8, 0x64, 0x1a, 0x3f,
  0x5d, 0x44, 0x17, 0x3f, 0xc1, 0x02, 0x14, 0x3f, 0x45, 0x48, 0x11, 0x3f,
  0xa1, 0x64, 0x0e, 0x3f, 0x2f, 0x08, 0x0c, 0x3f, 0x77, 0x93, 0x09, 0x3f,
  0x1e, 0xbc, 0x07, 0x3f, 0xa0, 0xe8, 0x05, 0x3f, 0x13, 0xc6, 0x04, 0x3f,
  0xac, 0xb4, 0x03, 0x3f, 0x0e, 0x48, 0x03, 0x3f, 0x51, 0xd1, 0x02, 0x3f,
  0x0c, 0xce, 0x02, 0x3f, 0x7f, 0x89, 0x02, 0x3f, 0x09, 0x76, 0x02, 0x3f,
  0x44, 0xee, 0x01, 0x3f, 0x06, 0x7a, 0x01, 0x3f, 0xcc, 0x9b, 0x00, 0x3f,
  0xff, 0xdb, 0xff, 0x3e, 0x69, 0xfd, 0xfd, 0x3e, 0xf3, 0xaf, 0xfc, 0x3e,
  0x60, 0xdd, 0xfa, 0x3e, 0xe4, 0x43, 0xf9, 0x3e, 0x67, 0x92, 0xf6, 0x3e,
  0xce, 0x77, 0xf3, 0x3e, 0x15, 0xe1, 0xee, 0x3e, 0xa8, 0xdf, 0xe9, 0x3e,
  0x30, 0xcc, 0xe3, 0x3e, 0x79, 0xf7, 0xdd, 0x3e, 0x31, 0xc1, 0xd7, 0x3e,
  0x49, 0x43, 0xd2, 0x3e, 0xe9, 0x8a, 0xcc, 0x3e, 0x1e, 0x6b, 0xc7, 0x3e,
  0x52, 0xde, 0xc1, 0x3e, 0xf3, 0xe2, 0xbc, 0x3e, 0x7b, 0xc4, 0xb7, 0x3e,
  0xd0, 0xca, 0xb3, 0x3e, 0x88, 0x5a, 0xb0, 0x3e, 0xbb, 0x92, 0xae, 0x3e,
  0x60, 0x82, 0xad, 0x3e, 0xb7, 0xde, 0xad, 0x3e, 0x2f, 0x6f, 0xae, 0x3e,
  0xbe, 0xce, 0xaf, 0x3e, 0x6a, 0xec, 0xb0, 0x3e, 0xca, 0x9e, 0xb2, 0x3e,
  0xb9, 0x0d, 0xb4, 0x3e, 0xd7, 0x16, 0xb6, 0x3e, 0xe5, 0xd0, 0xb7, 0x3e,
  0xe7, 0xea, 0xb9, 0x3e, 0xdd, 0x6b, 0xbb, 0x3e, 0xf3, 0xfa, 0xbc, 0x3e,
  0x6f, 0xce, 0xbd, 0x3e, 0xfc, 0xb6, 0xbe, 0x3e, 0xa4, 0x16, 0xbf, 0x3e,
  0xff, 0xae, 0xbf, 0x3e, 0x4a, 0xbc, 0xbf, 0x3e, 0x00, 0xc3, 0xbf, 0x3e,
  0x8a, 0xe2, 0xbe, 0x3e, 0xf5, 0xa2, 0xbd, 0x3e, 0x36, 0x60, 0xbb, 0x3e,
  0xe4, 0xf2, 0xb8, 0x3e, 0x17, 0xfb, 0xb5, 0x3e, 0xcf, 0x5e, 0xb3, 0x3e,
  0x2d, 0x8d, 0xb0, 0x3e, 0xb8, 0x1a, 0xae, 0x3e, 0x98, 0x22, 0xab, 0x3e,
  0xa0, 0x12, 0xa8, 0x3e, 0x6e, 0x19, 0xa4, 0x3e, 0x7f, 0xfa, 0x9f, 0x3e,
  0x73, 0x4e, 0x9b, 0x3e, 0x5c, 0x32, 0x97, 0x3e, 0x61, 0x5a, 0x93, 0x3e,
  0x44, 0xbe, 0x90, 0x3e, 0x7a, 0xbc, 0x8e, 0x3e, 0x36, 0xe6, 0x8d, 0x3e,
  0x85, 0x52, 0x8d, 0x3e, 0x36, 0x72, 0x8d, 0x3e, 0xda, 0x73, 0x8d, 0x3e,
  0x38, 0xee, 0x8d, 0x3e, 0x71, 0x40, 0x8e, 0x3e, 0x3c, 0x12, 0x8f, 0x3e,
  0x29, 0xc9, 0x8f, 0x3e, 0x45, 0xf6, 0x90, 0x3e, 0x9c, 0xf9, 0x91, 0x3e,
  0x4d, 0x56, 0x93, 0x3e, 0x57, 0x74, 0x94, 0x3e, 0x58, 0xca, 0x95, 0x3e,
  0x96, 0xba, 0x96, 0x3e, 0x5d, 0x9e, 0x97, 0x3e, 0x3b, 0xc1, 0x97, 0x3e,
  0x5d, 0x5e, 0x97, 0x3e, 0x56, 0xc6, 0x95, 0x3e, 0x4e, 0x52, 0x93, 0x3e,
  0x1b, 0x9a, 0x8f, 0x3e, 0x2c, 0x3e, 0x8b, 0x3e, 0xe7, 0x17, 0x86, 0x3e,
  0x02, 0xe2, 0x80, 0x3e, 0x30, 0xda, 0x76, 0x3e, 0xaf, 0x8b, 0x6c, 0x3e,
  0x0b, 0x08, 0x62, 0x3e, 0x62, 0x03, 0x58, 0x3e, 0x0e, 0x79, 0x4d, 0x3e,
  0x0d, 0x23, 0x43, 0x3e, 0xbd, 0x4a, 0x38, 0x3e, 0xb8, 0x1a, 0x2e, 0x3e,
  0x67, 0x4c, 0x24, 0x3e, 0x73, 0x32, 0x1c, 0x3e, 0x78, 0x6d, 0x15, 0x3e,
  0x42, 0xe2, 0x10, 0x3e, 0x84, 0xa5, 0x0d, 0x3e, 0x33, 0xf2, 0x0b, 0x3e,
  0x29, 0x78, 0x0a, 0x3e, 0x25, 0x4a, 0x09, 0x3e, 0x4f, 0x6c, 0x07, 0x3e,
  0x18, 0x5a, 0x05, 0x3e, 0xe1, 0xb2, 0x02, 0x3e, 0x03, 0x3a, 0x00, 0x3e,
  0x9e, 0x71, 0xfb, 0x3d, 0xde, 0x33, 0xf7, 0x3d, 0xe0, 0x91, 0xf2, 0x3d,
  0xb3, 0x53, 0xed, 0x3d, 0xae, 0x02, 0xe6, 0x3d, 0x6b, 0x63, 0xdc, 0x3d,
  0xc6, 0xcd, 0xcf, 0x3d, 0x04, 0xc3, 0xc0, 0x3d, 0xb7, 0x5b, 0xaf, 0x3d,
  0x70, 0x22, 0x9c, 0x3d, 0x2c, 0x03, 0x87, 0x3d, 0x81, 0x03, 0x60, 0x3d,
  0x62, 0xab, 0x2d, 0x3d, 0xb9, 0x03, 0xee, 0x3c, 0xcb, 0x5d, 0x72, 0x3c,
  0x00, 0x00, 0x00, 0x00, 0xcb, 0x5d, 0x72, 0xbc, 0xb9, 0x03, 0xee, 0xbc,
  0x62, 0xab, 0x2d, 0xbd, 0x81, 0x03, 0x60, 0xbd, 0x2c, 0x03, 0x87, 0xbd,
  0x70, 0x22, 0x9c, 0xbd, 0xb7, 0x5b, 0xaf, 0xbd, 0x04, 0xc3, 0xc0, 0xbd,
  0xc6, 0xcd, 0xcf, 0xbd, 0x6b, 0x63, 0xdc, 0xbd, 0xae, 0x02, 0xe6, 0xbd,
  0xb3, 0x53, 0xed, 0xbd, 0xe0, 0x91, 0xf2, 0xbd, 0xde, 0x33, 0xf7, 0xbd,
  0x9e, 0x71, 0xfb, 0xbd, 0x03, 0x3a, 0x00, 0xbe, 0xe1, 0xb2, 0x02, 0xbe,
  0x18, 0x5a, 0x05, 0xbe, 0x4f, 0x6c, 0x07, 0xbe, 0x25, 0x4a, 0x09, 0xbe,
  0x29, 0x78, 0x0a, 0xbe, 0x33, 0xf2, 0x0b, 0xbe, 0x84, 0xa5, 0x0d, 0xbe,
  0x42, 0xe2, 0x10, 0xbe, 0x78, 0x6d, 0x15, 0xbe, 0x73, 0x32, 0x1c, 0xbe,
  0x67, 0x4c, 0x24, 0xbe, 0xb8, 0x1a, 0x2e, 0xbe, 0xbd, 0x4a, 0x38, 0xbe,
  0x0d, 0x23, 0x43, 0xbe, 0x0e, 0x79, 0x4d, 0xbe, 0x62, 0x03, 0x58, 0xbe,
  0x0b, 0x08, 0x62, 0xbe, 0xaf, 0x8b, 0x6c, 0xbe, 0x30, 0xda, 0x76, 0xbe,
  0x02, 0xe2, 0x80, 0xbe, 0xe7, 0x17, 0x86, 0xbe, 0x2c, 0x3e, 0x8b, 0xbe,
  0x1b, 0x9a, 0x8f, 0xbe, 0x4e, 0x52, 0x93, 0xbe, 0x56, 0xc6, 0x95, 0xbe,
  0x5d, 0x5e, 0x97, 0xbe, 0x3b, 0xc1, 0x97, 0xbe, 0x5d, 0x9e, 0x97, 0xbe,
  0x96, 0xba, 0x96, 0xbe, 0x58, 0xca, 0x95, 0xbe, 0x57, 0x74, 0x94, 0xbe,
  0x4d, 0x56, 0x93, 0xbe, 0x9c, 0xf9, 0x91, 0xbe, 0x45, 0xf6, 0x90, 0xbe,
  0x29, 0xc9, 0x8f, 0xbe, 0x3c, 0x12, 0x8f, 0xbe, 0x71, 0x40, 0x8e, 0xbe,
  0x38, 0xee, 0x8d, 0xbe, 0xda, 0x73, 0x8d, 0xbe, 0x36, 0x72, 0x8d, 0xbe,
  0x85, 0x52, 0x8d, 0xbe, 0x36, 0xe6, 0x8d, 0xbe, 0x7a, 0xbc, 0x8e, 0xbe,
  0x44, 0xbe, 0x90, 0xbe, 0x61, 0x5a, 0x93, 0xbe, 0x5c, 0x32, 0x97, 0xbe,
  0x73, 0x4e, 0x9b, 0xbe, 0x7f, 0xfa, 0x9f, 0xbe, 0x6e, 0x19, 0xa4, 0xbe,
  0xa0, 0x12, 0xa8, 0xbe, 0x98, 0x22, 0xab, 0xbe, 0xb8, 0x1a, 0xae, 0xbe,
  0x2d, 0x8d, 0xb0, 0xbe, 0xcf, 0x5e, 0xb3, 0xbe, 0x17, 0xfb, 0xb5, 0xbe,
  0xe4, 0xf2, 0xb8, 0xbe, 0x36, 0x60, 0xbb, 0xbe, 0xf5, 0xa2, 0xbd, 0xbe,
  0x8a, 0xe2, 0xbe, 0xbe, 0x00, 0xc3, 0xbf, 0xbe, 0x4a, 0xbc, 0xbf, 0xbe,
  0xff, 0xae, 0xbf, 0xbe, 0xa4, 0x16, 0xbf, 0xbe, 0xfc, 0xb6, 0xbe, 0xbe,
  0x6f, 0xce, 0xbd, 0xbe, 0xf3, 0xfa, 0xbc, 0xbe, 0xdd, 0x6b, 0xbb, 0xbe,
  0xe7, 0xea, 0xb9, 0xbe, 0xe5, 0xd0, 0xb7, 0xbe, 0xd7, 0x16, 0xb6, 0xbe,
  0xb9, 0x0d, 0xb4, 0xbe, 0xca, 0x9e, 0xb2, 0xbe, 0x6a, 0xec, 0xb0, 0xbe,
  0xbe, 0xce, 0xaf, 0xbe, 0x2f, 0x6f, 0xae, 0xbe, 0xb7, 0xde, 0xad, 0xbe,
  0x60, 0x82, 0xad, 0xbe, 0xbb, 0x92, 0xae, 0xbe, 0x88, 0x5a, 0xb0, 0xbe,
  0xd0, 0xca, 0xb3, 0xbe, 0x7b, 0xc4, 0xb7, 0xbe, 0xf3, 0xe2, 0xbc, 0xbe,
  0x52, 0xde, 0xc1, 0xbe, 0x1e, 0x6b, 0xc7, 0xbe, 0xe9, 0x8a, 0xcc, 0xbe,
  0x49, 0x43, 0xd2, 0xbe, 0x31, 0xc1, 0xd7, 0xbe, 0x79, 0xf7, 0xdd, 0xbe,
  0x30, 0xcc, 0xe3, 0xbe, 0xa8, 0xdf, 0xe9, 0xbe, 0x15, 0xe1, 0xee, 0xbe,
  0xce, 0x77, 0xf3, 0xbe, 0x67, 0x92, 0xf6, 0xbe, 0xe4, 0x43, 0xf9, 0xbe,
  0x60, 0xdd, 0xfa, 0xbe, 0xf3, 0xaf, 0xfc, 0xbe, 0x69, 0xfd, 0xfd, 0xbe,
  0xff, 0xdb, 0xff, 0xbe, 0xcc, 0x9b, 0x00, 0xbf, 0x06, 0x7a, 0x01, 0xbf,
  0x44, 0xee, 0x01, 0xbf, 0x09, 0x76, 0x02, 0xbf, 0x7f, 0x89, 0x02, 0xbf,
  0x0c, 0xce, 0x02, 0xbf, 0x51, 0xd1, 0x02, 0xbf, 0x0e, 0x48, 0x03, 0xbf,
  0xac, 0xb4, 0x03, 0xbf, 0x13, 0xc6, 0x04, 0xbf, 0xa0, 0xe8, 0x05, 0xbf,
  0x1e, 0xbc, 0x07, 0xbf, 0x77, 0x93, 0x09, 0xbf, 0x2f, 0x08, 0x0c, 0xbf,
  0xa1, 0x64, 0x0e, 0xbf, 0x45, 0x48, 0x11, 0xbf, 0xc1, 0x02, 0x14, 0xbf,
  0x5d, 0x44, 0x17, 0xbf, 0xe8, 0x64, 0x1a, 0xbf, 0x78, 0x12, 0x1e, 0xbf,
  0x9e, 0x91, 0x21, 0xbf, 0x97, 0x7a, 0x25, 0xbf, 0x52, 0xfe, 0x28, 0xbf,
  0xb3, 0xb0, 0x2c, 0xbf, 0x80, 0xce, 0x2f, 0xbf, 0xcc, 0x0a, 0x33, 0xbf,
  0x58, 0xc2, 0x35, 0xbf, 0xe3, 0xbe, 0x38, 0xbf, 0xd4, 0x57, 0x3b, 0xbf,
  0xf9, 0x40, 0x3e, 0xbf, 0x47, 0xad, 0x40, 0xbf, 0x0d, 0x39, 0x43, 0xbf,
  0xbe, 0x0c, 0x45, 0xbf, 0x1b, 0xdb, 0x46, 0xbf, 0x0b, 0xec, 0x47, 0xbf,
  0x24, 0x1d, 0x49, 0xbf, 0x01, 0xc2, 0x49, 0xbf, 0x2b, 0xb5, 0x4a, 0xbf,
  0x0e, 0x29, 0x4b, 0xbf, 0x30, 0xe7, 0x4b, 0xbf, 0x41, 0x18, 0x4c, 0xbf,
  0x33, 0x9f, 0x4c, 0xbf, 0xfb, 0xbf, 0x4c, 0xbf, 0x37, 0x83, 0x4d, 0xbf,
  0xc4, 0x33, 0x4e, 0xbf, 0x40, 0xcd, 0x4f, 0xbf, 0xc7, 0x66, 0x51, 0xbf,
  0x50, 0xc7, 0x53, 0xbf, 0x07, 0xdf, 0x55, 0xbf, 0x61, 0x79, 0x58, 0xbf,
  0xc8, 0xa8, 0x5a, 0xbf, 0x75, 0x69, 0x5d, 0xbf, 0x86, 0xec, 0x5f, 0xbf,
  0x8c, 0x31, 0x63, 0xbf, 0x2b, 0x4a, 0x66, 0xbf, 0xa8, 0x03, 0x6a, 0xbf,
  0x43, 0x42, 0x6d, 0xbf, 0xc4, 0xbf, 0x70, 0xbf, 0x12, 0x75, 0x73, 0xbf,
  0xd9, 0x47, 0x76, 0xbf, 0x99, 0x5f, 0x78, 0xbf, 0xea, 0xb5, 0x7a, 0xbf,
  0xd2, 0x62, 0x7c, 0xbf, 0xf9, 0x37, 0x7e, 0xbf, 0xd0, 0x28, 0x7f, 0xbf,
  0x00, 0xfe, 0x7f, 0xbf, 0xff, 0xc4, 0x7f, 0xbf, 0xfe, 0x79, 0x7f, 0xbf,
  0x48, 0x5e, 0x7e, 0xbf, 0xf6, 0x8d, 0x7d, 0xbf, 0x70, 0x3c, 0x7c, 0xbf,
  0xed, 0x57, 0x7b, 0xbf, 0x5f, 0xd6, 0x79, 0xbf, 0xe2, 0x83, 0x78, 0xbf,
  0x6d, 0x59, 0x76, 0xbf, 0xd1, 0x51, 0x74, 0xbf, 0xd7, 0xa6, 0x71, 0xbf,
  0xbe, 0x8f, 0x6f, 0xbf, 0x4a, 0x59, 0x6d, 0xbf, 0xb0, 0x1d, 0x6c, 0xbf,
  0x9a, 0xe6, 0x6a, 0xbf, 0xab, 0x87, 0x6a, 0xbf, 0x63, 0xde, 0x69, 0xbf,
  0xa8, 0xb7, 0x69, 0xbf, 0xb8, 0x12, 0x69, 0xbf, 0xa4, 0xe9, 0x68, 0xbf,
  0xfd, 0x65, 0x68, 0xbf, 0xa2, 0x85, 0x68, 0xbf, 0xf3, 0x60, 0x68, 0xbf,
  0xa3, 0xc7, 0x68, 0xbf, 0x6b, 0xb3, 0x68, 0xbf, 0xa3, 0xd9, 0x68, 0xbf,
  0xfd, 0x3f, 0x68, 0xbf, 0x9f, 0xad, 0x67, 0xbf, 0x32, 0x50, 0x66, 0xbf,
  0x93, 0x01, 0x65, 0xbf, 0x84, 0x01, 0x63, 0xbf, 0x85, 0x1d, 0x61, 0xbf,
  0xc9, 0x8f, 0x5e, 0xbf, 0x70, 0x11, 0x5c, 0xbf, 0x6d, 0xd8, 0x58, 0xbf,
  0x56, 0x91, 0x55, 0xbf, 0x0e, 0x76, 0x51, 0xbf, 0x35, 0x35, 0x4d, 0xbf,
  0xc9, 0x1d, 0x48, 0xbf, 0x0c, 0xf3, 0x42, 0xbf, 0x2c, 0x24, 0x3d, 0xbf,
  0xdf, 0x86, 0x37, 0xbf, 0x33, 0x92, 0x31, 0xbf, 0xaf, 0x06, 0x2c, 0xbf,
  0x8a, 0x3d, 0x26, 0xbf, 0x84, 0xd0, 0x20, 0xbf, 0x81, 0x0b, 0x1b, 0xbf,
  0x56, 0x8a, 0x15, 0xbf, 0x8c, 0xc2, 0x0f, 0xbf, 0x2b, 0x78, 0x0a, 0xbf,
  0x54, 0x46, 0x05, 0xbf, 0x04, 0xe2, 0x00, 0xbf, 0x46, 0x7a, 0xf9, 0xbe,
  0xcb, 0x77, 0xf2, 0xbe, 0xa0, 0x43, 0xeb, 0xbe, 0x93, 0x67, 0xe4, 0xbe,
  0x00, 0xd6, 0xdc, 0xbe, 0x57, 0x8b, 0xd5, 0xbe, 0xf5, 0x0c, 0xce, 0xbe,
  0x20, 0xb7, 0xc7, 0xbe, 0xeb, 0xb3, 0xc1, 0xbe, 0xf1, 0x26, 0xbc, 0xbe,
  0x4a, 0xb3, 0xb5, 0xbe, 0xbb, 0xd6, 0xae, 0xbe, 0xe7, 0x06, 0xa6, 0xbe,
  0x6e, 0x2e, 0x9b, 0xbe, 0xd5, 0xb8, 0x8e, 0xbe, 0x0e, 0x82, 0x83, 0xbe,
  0x0e, 0x76, 0x71, 0xbe, 0x68, 0xfb, 0x59, 0xbe, 0x16, 0x49, 0x40, 0xbe,
  0xa7, 0x3a, 0x29, 0xbe, 0x26, 0x67, 0x0d, 0xbe, 0x0c, 0xe3, 0xc2, 0xbd,
  0xf9, 0xb4, 0x24, 0xbd, 0x62, 0x91, 0xb5, 0x21, 0x0e, 0xc9, 0x5c, 0x3d,
  0x0b, 0xb2, 0x02, 0x3e, 0xda, 0x2e, 0x3e, 0x3e, 0x8e, 0x2b, 0x64, 0x3e,
  0xb6, 0xd8, 0x81, 0x3e, 0x4d, 0xe6, 0x92, 0x3e, 0xab, 0xcf, 0xa1, 0x3e,
  0xba, 0x66, 0xae, 0x3e, 0x1c, 0xa0, 0xba, 0x3e, 0x1e, 0x97, 0xc7, 0x3e,
  0xbc, 0xfe, 0xd1, 0x3e, 0x67, 0x8f, 0xd9, 0x3e, 0xb3, 0xe8, 0xde, 0x3e,
  0x91, 0x17, 0xe4, 0x3e, 0x43, 0x85, 0xe8, 0x3e, 0xb8, 0x8f, 0xed, 0x3e,
  0x22, 0xd4, 0xf2, 0x3e, 0xe4, 0xff, 0xf8, 0x3e, 0xdb, 0x6a, 0xfe, 0x3e,
  0x07, 0xe8, 0x01, 0x3f, 0x3d, 0x3e, 0x04, 0x3f, 0x1c, 0x08, 0x07, 0x3f,
  0xdb, 0x1c, 0x0a, 0x3f, 0x39, 0x5a, 0x0e, 0x3f, 0x44, 0x30, 0x13, 0x3f,
  0x64, 0x14, 0x19, 0x3f, 0x3c, 0x0d, 0x1f, 0x3f, 0x95, 0x82, 0x25, 0x3f,
  0xd7, 0xa4, 0x2b, 0x3f, 0xc8, 0x36, 0x32, 0x3f, 0xd6, 0xa6, 0x38, 0x3f,
  0x00, 0xcd, 0x3f, 0x3f, 0xca, 0xe5, 0x46, 0x3f, 0x3a, 0x7b, 0x4e, 0x3f,
  0x38, 0x81, 0x55, 0x3f, 0x72, 0x6b, 0x5c, 0x3f, 0x61, 0x52, 0x62, 0x3f,
  0x9f, 0xf1, 0x67, 0x3f, 0x73, 0xa4, 0x6c, 0x3f, 0xc6, 0x45, 0x71, 0x3f,
  0x50, 0x1d, 0x75, 0x3f, 0xe4, 0xd7, 0x78, 0x3f, 0x46, 0x8e, 0x7b, 0x3f,
  0xf8, 0xe3, 0x7d, 0x3f, 0x28, 0x0f, 0x7f, 0x3f, 0x00, 0xf2, 0x7f, 0x3f,
  0xbe, 0xef, 0x7f, 0x3f, 0x00, 0x00, 0x80, 0x3f, 0x1e, 0x62, 0x7f, 0x3f,
  0xfb, 0xe1, 0x7e, 0x3f, 0x1c, 0x88, 0x7d, 0x3f, 0xf0, 0x19, 0x7c, 0x3f,
  0x4a, 0xb7, 0x79, 0x3f, 0xde, 0x6b, 0x77, 0x3f, 0x9a, 0x91, 0x74, 0x3f,
  0xc9, 0x59, 0x72, 0x3f, 0x60, 0x05, 0x70, 0x3f, 0xba, 0x91, 0x6e, 0x3f,
  0x89, 0xfb, 0x6c, 0x3f, 0xb0, 0x1b, 0x6c, 0x3f, 0xbd, 0xed, 0x6a, 0x3f,
  0xa9, 0x6d, 0x6a, 0x3f, 0xdc, 0xc6, 0x69, 0x3f, 0xa7, 0x13, 0x6a, 0x3f,
  0x66, 0x7d, 0x6a, 0x3f, 0xb0, 0xed, 0x6b, 0x3f, 0xd6, 0x4e, 0x6d, 0x3f,
  0xbd, 0x47, 0x6f, 0x3f, 0x7c, 0xa9, 0x70, 0x3f, 0xc8, 0x1b, 0x72, 0x3f,
  0x74, 0x9b, 0x72, 0x3f, 0xcc, 0xf9, 0x72, 0x3f, 0x44, 0x62, 0x72, 0x3f,
  0xc6, 0xb3, 0x71, 0x3f, 0xab, 0x24, 0x70, 0x3f, 0xba, 0x85, 0x6e, 0x3f,
  0x3b, 0x0a, 0x6c, 0x3f, 0xa6, 0x71, 0x69, 0x3f, 0x36, 0xef, 0x65, 0x3f,
  0x88, 0x3b, 0x62, 0x3f, 0x47, 0x94, 0x5d, 0x3f, 0x64, 0xb7, 0x58, 0x3f,
  0x0b, 0xf9, 0x52, 0x3f, 0x34, 0x2b, 0x4d, 0x3f, 0x3e, 0xc0, 0x46, 0x3f,
  0x02, 0x97, 0x40, 0x3f, 0x9a, 0x22, 0x3a, 0x3f, 0xd1, 0x28, 0x34, 0x3f,
  0x77, 0xfe, 0x2d, 0x3f, 0xa2, 0x4a, 0x28, 0x3f, 0xc5, 0x59, 0x22, 0x3f,
  0x73, 0xda, 0x1c, 0x3f, 0x5e, 0x37, 0x17, 0x3f, 0x49, 0x34, 0x12, 0x3f,
  0x5c, 0x47, 0x0d, 0x3f, 0x24, 0x18, 0x09, 0x3f, 0x7d, 0xfb, 0x04, 0x3f,
  0x06, 0x68, 0x01, 0x3f, 0x60, 0x4d, 0xfb, 0x3e, 0xd2, 0x53, 0xf4, 0x3e,
  0x60, 0xcd, 0xec, 0x3e, 0x98, 0xdb, 0xe5, 0x3e, 0x3e, 0xb8, 0xde, 0x3e,
  0x62, 0x5f, 0xd8, 0x3e, 0xe1, 0xdc, 0xd1, 0x3e, 0x2e, 0xb3, 0xcb, 0x3e,
  0xd0, 0xc9, 0xc4, 0x3e, 0xf6, 0x86, 0xbd, 0x3e, 0x89, 0x2f, 0xb5, 0x3e,
  0xb3, 0x76, 0xac, 0x3e, 0xf0, 0x09, 0xa3, 0x3e, 0x67, 0x96, 0x99, 0x3e,
  0xa4, 0xa1, 0x8f, 0x3e, 0x14, 0x62, 0x85, 0x3e, 0x33, 0x2f, 0x74, 0x3e,
  0x6d, 0xa3, 0x5b, 0x3e, 0xee, 0x33, 0x40, 0x3e, 0x8c, 0xd2, 0x22, 0x3e,
  0x24, 0x9b, 0x03, 0x3e, 0x20, 0xf3, 0xc7, 0x3d, 0xc0, 0x4d, 0x88, 0x3d,
  0x51, 0x22, 0x14, 0x3d, 0xc5, 0x0c, 0xca, 0x3b, 0xf8, 0x82, 0xbd, 0xbc,
  0xff, 0xab, 0x54, 0xbd, 0x8b, 0xe2, 0xa2, 0xbd, 0x07, 0x0d, 0xd8, 0xbd,
  0x12, 0x1a, 0x04, 0xbe, 0xd5, 0x48, 0x19, 0xbe, 0xb1, 0x72, 0x2b, 0xbe,
  0xde, 0xb5, 0x3a, 0xbe, 0x1f, 0xa3, 0x47, 0xbe, 0x20, 0x5f, 0x52, 0xbe,
  0x71, 0x83, 0x5b, 0xbe, 0x36, 0xca, 0x62, 0xbe, 0xa3, 0xf3, 0x68, 0xbe,
  0x8b, 0xe2, 0x6d, 0xbe, 0xcd, 0x0b, 0x73, 0xbe, 0xc6, 0x8b, 0x78, 0xbe,
  0x01, 0x02, 0x80, 0xbe, 0x7c, 0x6a, 0x84, 0xbe, 0x27, 0xf2, 0x89, 0xbe,
  0xf4, 0xc4, 0x8f, 0xbe, 0x59, 0x36, 0x96, 0xbe, 0x32, 0x85, 0x9c, 0xbe,
  0x8e, 0x7e, 0xa3, 0xbe, 0xc7, 0xc6, 0xaa, 0xbe, 0xce, 0x7a, 0xb3, 0xbe,
  0xd6, 0x11, 0xbd, 0xbe, 0x20, 0x3f, 0xc8, 0xbe, 0xf2, 0xd3, 0xd3, 0xbe,
  0x81, 0x13, 0xe0, 0xbe, 0x27, 0xa9, 0xeb, 0xbe, 0xdb, 0x1b, 0xf7, 0xbe,
  0xb1, 0xc4, 0x00, 0xbf, 0x18, 0xf2, 0x05, 0xbf, 0x3f, 0xb5, 0x0a, 0xbf,
  0x3e, 0x6e, 0x0f, 0xbf, 0x0e, 0x85, 0x13, 0xbf, 0x5c, 0x2a, 0x17, 0xbf,
  0xf4, 0xbd, 0x19, 0xbf, 0x6e, 0x9e, 0x1b, 0xbf, 0x20, 0x7a, 0x1c, 0xbf,
  0x75, 0x00, 0x1d, 0xbf, 0x75, 0x06, 0x1d, 0xbf, 0x75, 0x34, 0x1d, 0xbf,
  0xeb, 0x1f, 0x1d, 0xbf, 0x75, 0x28, 0x1d, 0xbf, 0x3e, 0xa3, 0x1c, 0xbf,
  0x70, 0xec, 0x1b, 0xbf, 0x3e, 0x7e, 0x1a, 0xbf, 0x63, 0x04, 0x19, 0xbf,
  0xb6, 0x31, 0x17, 0xbf, 0x57, 0xd2, 0x15, 0xbf, 0x6d, 0x79, 0x14, 0xbf,
  0x4f, 0xbe, 0x13, 0xbf, 0x3b, 0xec, 0x12, 0xbf, 0x49, 0x76, 0x12, 0xbf,
  0x1e, 0xa4, 0x11, 0xbf, 0x44, 0x14, 0x11, 0xbf, 0x7f, 0x45, 0x10, 0xbf,
  0x41, 0x06, 0x10, 0xbf, 0x7d, 0xe4, 0x0f, 0xbf, 0x43, 0x98, 0x10, 0xbf,
  0xec, 0x83, 0x11, 0xbf, 0x4d, 0x28, 0x13, 0xbf, 0xf5, 0xc5, 0x14, 0xbf,
  0x5b, 0xca, 0x16, 0xbf, 0xca, 0x7f, 0x18, 0xbf, 0x69, 0x60, 0x1a, 0xbf,
  0x62, 0xce, 0x1b, 0xbf, 0x75, 0x4e, 0x1d, 0xbf, 0x30, 0x4d, 0x1e, 0xbf,
  0x7d, 0x46, 0x1f, 0xbf, 0x0d, 0xa3, 0x1f, 0xbf, 0x80, 0xd2, 0x1f, 0xbf,
  0x3b, 0x3e, 0x1f, 0xbf, 0x7a, 0x52, 0x1e, 0xbf, 0x3d, 0x81, 0x1c, 0xbf,
  0x68, 0x42, 0x1a, 0xbf, 0x6a, 0x23, 0x17, 0xbf, 0x4f, 0xba, 0x13, 0xbf,
  0x16, 0xb2, 0x0f, 0xbf, 0x2f, 0xae, 0x0b, 0xbf, 0x42, 0x57, 0x07, 0xbf,
  0x0d, 0x40, 0x03, 0xbf, 0xfe, 0xf5, 0xfd, 0xbe, 0xd7, 0x0f, 0xf6, 0xbe,
  0xd5, 0xde, 0xed, 0xbe, 0x9b, 0x67, 0xe6, 0xbe, 0x0e, 0xcd, 0xde, 0xbe,
  0x61, 0x1f, 0xd8, 0xbe, 0xef, 0x7c, 0xd1, 0xbe, 0x2f, 0xd7, 0xcb, 0xbe,
  0xaf, 0x31, 0xc6, 0xbe, 0x05, 0x67, 0xc1, 0xbe, 0x31, 0x90, 0xbc, 0xbe,
  0xe2, 0xa6, 0xb8, 0xbe, 0xbb, 0xf6, 0xb4, 0xbe, 0xcb, 0x7e, 0xb2, 0xbe,
  0x61, 0x7b, 0xb0, 0xbe, 0xbf, 0x9a, 0xaf, 0xbe, 0x5a, 0xd2, 0xae, 0xbe,
  0xbb, 0x7a, 0xae, 0xbe, 0xf4, 0x85, 0xad, 0xbe, 0xb3, 0x5e, 0xac, 0xbe,
  0xac, 0x45, 0xaa, 0xbe, 0xa0, 0xce, 0xa7, 0xbe, 0x8a, 0x5f, 0xa4, 0xbe,
  0x81, 0x76, 0xa0, 0xbe, 0x21, 0x6b, 0x9b, 0xbe, 0x55, 0x9e, 0x95, 0xbe,
  0xc4, 0x8c, 0x8e, 0xbe, 0x1a, 0xd2, 0x86, 0xbe, 0x47, 0x95, 0x7c, 0xbe,
  0xaf, 0x7b, 0x6b, 0xbe, 0x8c, 0x0d, 0x5a, 0xbe, 0x25, 0x43, 0x49, 0xbe,
  0x1e, 0x1f, 0x38, 0xbe, 0x9f, 0xf2, 0x26, 0xbe, 0x76, 0xc5, 0x14, 0xbe,
  0x0c, 0x7a, 0x02, 0xbe, 0xe2, 0x54, 0xe0, 0xbd, 0xfc, 0x12, 0xbf, 0xbd,
  0x33, 0xe2, 0xa1, 0xbd, 0x2c, 0xd2, 0x8a, 0xbd, 0x5a, 0x38, 0x70, 0xbd,
  0x47, 0xe3, 0x51, 0xbd, 0x98, 0x13, 0x34, 0xbd, 0x55, 0x62, 0x15, 0xbd,
  0xc9, 0x54, 0xe7, 0xbc, 0x94, 0x02, 0xa5, 0xbc, 0x5c, 0x22, 0x51, 0xbc,
  0x9c, 0x03, 0xe7, 0xbb, 0x63, 0xf9, 0x41, 0xbb, 0x19, 0xe2, 0x7f, 0x06,
  0x63, 0xf9, 0x41, 0x3b, 0x9c, 0x03, 0xe7, 0x3b, 0x5c, 0x22, 0x51, 0x3c,
  0x94, 0x02, 0xa5, 0x3c, 0xc9, 0x54, 0xe7, 0x3c, 0x55, 0x62, 0x15, 0x3d,
  0x98, 0x13, 0x34, 0x3d, 0x47, 0xe3, 0x51, 0x3d, 0x5a, 0x38, 0x70, 0x3d,
  0x2c, 0xd2, 0x8a, 0x3d, 0x33, 0xe2, 0xa1, 0x3d, 0xfc, 0x12, 0xbf, 0x3d,
  0xe2, 0x54, 0xe0, 0x3d, 0x0c, 0x7a, 0x02, 0x3e, 0x76, 0xc5, 0x14, 0x3e,
  0x9f, 0xf2, 0x26, 0x3e, 0x1e, 0x1f, 0x38, 0x3e, 0x25, 0x43, 0x49, 0x3e,
  0x8c, 0x0d, 0x5a, 0x3e, 0xaf, 0x7b, 0x6b, 0x3e, 0x47, 0x95, 0x7c, 0x3e,
  0x1a, 0xd2, 0x86, 0x3e, 0xc4, 0x8c, 0x8e, 0x3e, 0x55, 0x9e, 0x95, 0x3e,
  0x21, 0x6b, 0x9b, 0x3e, 0x81, 0x76, 0xa0, 0x3e, 0x8a, 0x5f, 0xa4, 0x3e,
  0xa0, 0xce, 0xa7, 0x3e, 0xac, 0x45, 0xaa, 0x3e, 0xb3, 0x5e, 0xac, 0x3e,
  0xf4, 0x85, 0xad, 0x3e, 0xbb, 0x7a, 0xae, 0x3e, 0x5a, 0xd2, 0xae, 0x3e,
  0xbf, 0x9a, 0xaf, 0x3e, 0x61, 0x7b, 0xb0, 0x3e, 0xcb, 0x7e, 0xb2, 0x3e,
  0xbb, 0xf6, 0xb4, 0x3e, 0xe2, 0xa6, 0xb8, 0x3e, 0x31, 0x90, 0xbc, 0x3e,
  0x05, 0x67, 0xc1, 0x3e, 0xaf, 0x31, 0xc6, 0x3e, 0x2f, 0xd7, 0xcb, 0x3e,
  0xef, 0x7c, 0xd1, 0x3e, 0x61, 0x1f, 0xd8, 0x3e, 0x0e, 0xcd, 0xde, 0x3e,
  0x9b, 0x67, 0xe6, 0x3e, 0xd5, 0xde, 0xed, 0x3e, 0xd7, 0x0f, 0xf6, 0x3e,
  0xfe, 0xf5, 0xfd, 0x3e, 0x0d, 0x40, 0x03, 0x3f, 0x42, 0x57, 0x07, 0x3f,
  0x2f, 0xae, 0x0b, 0x3f, 0x16, 0xb2, 0x0f, 0x3f, 0x4f, 0xba, 0x13, 0x3f,
  0x6a, 0x23, 0x17, 0x3f, 0x68, 0x42, 0x1a, 0x3f, 0x3d, 0x81, 0x1c, 0x3f,
  0x7a, 0x52, 0x1e, 0x3f, 0x3b, 0x3e, 0x1f, 0x3f, 0x80, 0xd2, 0x1f, 0x3f,
  0x0d, 0xa3, 0x1f, 0x3f, 0x7d, 0x46, 0x1f, 0x3f, 0x30, 0x4d, 0x1e, 0x3f,
  0x75, 0x4e, 0x1d, 0x3f, 0x62, 0xce, 0x1b, 0x3f, 0x69, 0x60, 0x1a, 0x3f,
  0xca, 0x7f, 0x18, 0x3f, 0x5b, 0xca, 0x16, 0x3f, 0xf5, 0xc5, 0x14, 0x3f,
  0x4d, 0x28, 0x13, 0x3f, 0xec, 0x83, 0x11, 0x3f, 0x43, 0x98, 0x10, 0x3f,
  0x7d, 0xe4, 0x0f, 0x3f, 0x41, 0x06, 0x10, 0x3f, 0x7f, 0x45, 0x10, 0x3f,
  0x44, 0x14, 0x11, 0x3f, 0x1e, 0xa4, 0x11, 0x3f, 0x49, 0x76, 0x12, 0x3f,
  0x3b, 0xec, 0x12, 0x3f, 0x4f, 0xbe, 0x13, 0x3f, 0x6d, 0x79, 0x14, 0x3f,
  0x57, 0xd2, 0x15, 0x3f, 0xb6, 0x31, 0x17, 0x3f, 0x63, 0x04, 0x19, 0x3f,
  0x3e, 0x7e, 0x1a, 0x3f, 0x70, 0xec, 0x1b, 0x3f, 0x3e, 0xa3, 0x1c, 0x3f,
  0x75, 0x28, 0x1d, 0x3f, 0xeb, 0x1f, 0x1d, 0x3f, 0x75, 0x34, 0x1d, 0x3f,
  0x75, 0x06, 0x1d, 0x3f, 0x75, 0x00, 0x1d, 0x3f, 0x20, 0x7a, 0x1c, 0x3f,
  0x6e, 0x9e, 0x1b, 0x3f, 0xf4, 0xbd, 0x19, 0x3f, 0x5c, 0x2a, 0x17, 0x3f,
  0x0e, 0x85, 0x13, 0x3f, 0x3e, 0x6e, 0x0f, 0x3f, 0x3f, 0xb5, 0x0a, 0x3f,
  0x18, 0xf2, 0x05, 0x3f, 0xb1, 0xc4, 0x00, 0x3f, 0xdb, 0x1b, 0xf7, 0x3e,
  0x27, 0xa9, 0xeb, 0x3e, 0x81, 0x13, 0xe0, 0x3e, 0xf2, 0xd3, 0xd3, 0x3e,
  0x20, 0x3f, 0xc8, 0x3e, 0xd6, 0x11, 0xbd, 0x3e, 0xce, 0x7a, 0xb3, 0x3e,
  0xc7, 0xc6, 0xaa, 0x3e, 0x8e, 0x7e, 0xa3, 0x3e, 0x32, 0x85, 0x9c, 0x3e,
  0x59, 0x36, 0x96, 0x3e, 0xf4, 0xc4, 0x8f, 0x3e, 0x27, 0xf2, 0x89, 0x3e,
  0x7c, 0x6a, 0x84, 0x3e, 0x01, 0x02, 0x80, 0x3e, 0xc6, 0x8b, 0x78, 0x3e,
  0xcd, 0x0b, 0x73, 0x3e, 0x8b, 0xe2, 0x6d, 0x3e, 0xa3, 0xf3, 0x68, 0x3e,
  0x36, 0xca, 0x62, 0x3e, 0x71, 0x83, 0x5b, 0x3e, 0x20, 0x5f, 0x52, 0x3e,
  0x1f, 0xa3, 0x47, 0x3e, 0xde, 0xb5, 0x3a, 0x3e, 0xb1, 0x72, 0x2b, 0x3e,
  0xd5, 0x48, 0x19, 0x3e, 0x12, 0x1a, 0x04, 0x3e, 0x07, 0x0d, 0xd8, 0x3d,
  0x8b, 0xe2, 0xa2, 0x3d, 0xff, 0xab, 0x54, 0x3d, 0xf8, 0x82, 0xbd, 0x3c,
  0xc5, 0x0c, 0xca, 0xbb, 0x51, 0x22, 0x14, 0xbd, 0xc0, 0x4d, 0x88, 0xbd,
  0x20, 0xf3, 0xc7, 0xbd, 0x24, 0x9b, 0x03, 0xbe, 0x8c, 0xd2, 0x22, 0xbe,
  0xee, 0x33, 0x40, 0xbe, 0x6d, 0xa3, 0x5b, 0xbe, 0x33, 0x2f, 0x74, 0xbe,
  0x14, 0x62, 0x85, 0xbe, 0xa4, 0xa1, 0x8f, 0xbe, 0x67, 0x96, 0x99, 0xbe,
  0xf0, 0x09, 0xa3, 0xbe, 0xb3, 0x76, 0xac, 0xbe, 0x89, 0x2f, 0xb5, 0xbe,
  0xf6, 0x86, 0xbd, 0xbe, 0xd0, 0xc9, 0xc4, 0xbe, 0x2e, 0xb3, 0xcb, 0xbe,
  0xe1, 0xdc, 0xd1, 0xbe, 0x62, 0x5f, 0xd8, 0xbe, 0x3e, 0xb8, 0xde, 0xbe,
  0x98, 0xdb, 0xe5, 0xbe, 0x60, 0xcd, 0xec, 0xbe, 0xd2, 0x53, 0xf4, 0xbe,
  0x60, 0x4d, 0xfb, 0xbe, 0x06, 0x68, 0x01, 0xbf, 0x7d, 0xfb, 0x04, 0xbf,
  0x24, 0x18, 0x09, 0xbf, 0x5c, 0x47, 0x0d, 0xbf, 0x49, 0x34, 0x12, 0xbf,
  0x5e, 0x37, 0x17, 0xbf, 0x73, 0xda, 0x1c, 0xbf, 0xc5, 0x59, 0x22, 0xbf,
  0xa2, 0x4a, 0x28, 0xbf, 0x77, 0xfe, 0x2d, 0xbf, 0xd1, 0x28, 0x34, 0xbf,
  0x9a, 0x22, 0x3a, 0xbf, 0x02, 0x97, 0x40, 0xbf, 0x3e, 0xc0, 0x46, 0xbf,
  0x34, 0x2b, 0x4d, 0xbf, 0x0b, 0xf9, 0x52, 0xbf, 0x64, 0xb7, 0x58, 0xbf,
  0x47, 0x94, 0x5d, 0xbf, 0x88, 0x3b, 0x62, 0xbf, 0x36, 0xef, 0x65, 0xbf,
  0xa6, 0x71, 0x69, 0xbf, 0x3b, 0x0a, 0x6c, 0xbf, 0xba, 0x85, 0x6e, 0xbf,
  0xab, 0x24, 0x70, 0xbf, 0xc6, 0xb3, 0x71, 0xbf, 0x44, 0x62, 0x72, 0xbf,
  0xcc, 0xf9, 0x72, 0xbf, 0x74, 0x9b, 0x72, 0xbf, 0xc8, 0x1b, 0x72, 0xbf,
  0x7c, 0xa9, 0x70, 0xbf, 0xbd, 0x47, 0x6f, 0xbf, 0xd6, 0x4e, 0x6d, 0xbf,
  0xb0, 0xed, 0x6b, 0xbf, 0x62, 0x7d, 0x6a, 0xbf, 0xa7, 0x13, 0x6a, 0xbf,
  0xe1, 0xc6, 0x69, 0xbf, 0xa9, 0x6d, 0x6a, 0xbf, 0xb5, 0xed, 0x6a, 0xbf,
  0xb0, 0x1b, 0x6c, 0xbf, 0x98, 0xfb, 0x6c, 0xbf, 0xba, 0x91, 0x6e, 0xbf,
  0x4a, 0x05, 0x70, 0xbf, 0xc9, 0x59, 0x72, 0xbf, 0xbd, 0x91, 0x74, 0xbf,
  0xde, 0x6b, 0x77, 0xbf, 0x11, 0xb7, 0x79, 0xbf, 0xf0, 0x19, 0x7c, 0xbf,
  0x84, 0x88, 0x7d, 0xbf, 0xfb, 0xe1, 0x7e, 0xbf, 0xda, 0x60, 0x7f, 0xbf,
  0x00, 0xfe, 0x7f, 0xbf, 0x7a, 0xee, 0x7f, 0xbf, 0x00, 0xf2, 0x7f, 0xbf,
  0x8e, 0x0f, 0x7f, 0xbf, 0xf8, 0xe3, 0x7d, 0xbf, 0x0f, 0x8e, 0x7b, 0xbf,
  0xe4, 0xd7, 0x78, 0xbf, 0x73, 0x1d, 0x75, 0xbf, 0xc6, 0x45, 0x71, 0xbf,
  0x5c, 0xa4, 0x6c, 0xbf, 0x9f, 0xf1, 0x67, 0xbf, 0x6e, 0x52, 0x62, 0xbf,
  0x72, 0x6b, 0x5c, 0xbf, 0x30, 0x81, 0x55, 0xbf, 0x3a, 0x7b, 0x4e, 0xbf,
  0xcf, 0xe5, 0x46, 0xbf, 0x00, 0xcd, 0x3f, 0xbf, 0xd2, 0xa6, 0x38, 0xbf,
  0xc8, 0x36, 0x32, 0xbf, 0xd9, 0xa4, 0x2b, 0xbf, 0x95, 0x82, 0x25, 0xbf,
  0x3c, 0x0d, 0x1f, 0xbf, 0x64, 0x14, 0x19, 0xbf, 0x44, 0x30, 0x13, 0xbf,
  0x39, 0x5a, 0x0e, 0xbf, 0xdb, 0x1c, 0x0a, 0xbf, 0x1c, 0x08, 0x07, 0xbf,
  0x3d, 0x3e, 0x04, 0xbf, 0x07, 0xe8, 0x01, 0xbf, 0xdb, 0x6a, 0xfe, 0xbe,
  0xe4, 0xff, 0xf8, 0xbe, 0x22, 0xd4, 0xf2, 0xbe, 0xb8, 0x8f, 0xed, 0xbe,
  0x43, 0x85, 0xe8, 0xbe, 0x91, 0x17, 0xe4, 0xbe, 0xb3, 0xe8, 0xde, 0xbe,
  0x67, 0x8f, 0xd9, 0xbe, 0xbc, 0xfe, 0xd1, 0xbe, 0x1e, 0x97, 0xc7, 0xbe,
  0x1c, 0xa0, 0xba, 0xbe, 0xba, 0x66, 0xae, 0xbe, 0xab, 0xcf, 0xa1, 0xbe,
  0x4d, 0xe6, 0x92, 0xbe, 0xb6, 0xd8, 0x81, 0xbe, 0x8e, 0x2b, 0x64, 0xbe,
  0xda, 0x2e, 0x3e, 0xbe, 0x0b, 0xb2, 0x02, 0xbe, 0x0e, 0xc9, 0x5c, 0xbd,
  0xf1, 0x83, 0x01, 0x22, 0x50, 0x01, 0xa7, 0x3d, 0x28, 0x5b, 0x49, 0x3e,
  0xaf, 0xa8, 0x96, 0x3e, 0xf0, 0x02, 0xbc, 0x3e, 0x80, 0xdb, 0xde, 0x3e,
  0x09, 0x4c, 0x02, 0x3f, 0x5d, 0x53, 0x13, 0x3f, 0x88, 0xfc, 0x21, 0x3f,
  0x13, 0xaf, 0x2f, 0x3f, 0xf6, 0x70, 0x3d, 0x3f, 0x00, 0x34, 0x49, 0x3f,
  0x4c, 0xdd, 0x52, 0x3f, 0xa5, 0xf4, 0x5a, 0x3f, 0x8a, 0x8b, 0x62, 0x3f,
  0x7c, 0x01, 0x69, 0x3f, 0xbc, 0xd5, 0x6e, 0x3f, 0x3f, 0xe6, 0x73, 0x3f,
  0xe3, 0x81, 0x78, 0x3f, 0xec, 0xe0, 0x7b, 0x3f, 0xfa, 0x4b, 0x7e, 0x3f,
  0x47, 0x7b, 0x7f, 0x3f, 0x00, 0x00, 0x80, 0x3f, 0x9d, 0xa3, 0x7f, 0x3f,
  0xfd, 0x03, 0x7f, 0x3f, 0x11, 0x9a, 0x7d, 0x3f, 0xef, 0xd5, 0x7b, 0x3f,
  0x54, 0xf5, 0x78, 0x3f, 0xd7, 0x89, 0x75, 0x3f, 0xbf, 0x01, 0x71, 0x3f,
  0xb1, 0x51, 0x6c, 0x3f, 0xe6, 0x13, 0x67, 0x3f, 0x89, 0x51, 0x62, 0x3f,
  0xff, 0x6a, 0x5d, 0x3f, 0x65, 0x2d, 0x59, 0x3f, 0xe4, 0xb3, 0x54, 0x3f,
  0x43, 0xbb, 0x50, 0x3f, 0xa4, 0x68, 0x4c, 0x3f, 0x23, 0xa7, 0x48, 0x3f,
  0x81, 0xbd, 0x44, 0x3f, 0x07, 0xab, 0x41, 0x3f, 0x2e, 0xa3, 0x3e, 0x3f,
  0xf3, 0x82, 0x3c, 0x3f, 0xcf, 0x53, 0x3a, 0x3f, 0xe4, 0xdc, 0x38, 0x3f,
  0xd3, 0x28, 0x37, 0x3f, 0xd8, 0x10, 0x36, 0x3f, 0x75, 0xb0, 0x34, 0x3f,
  0xcf, 0xe2, 0x33, 0x3f, 0x48, 0xbd, 0x32, 0x3f, 0xc9, 0x0e, 0x32, 0x3f,
  0xfb, 0xed, 0x30, 0x3f, 0xc1, 0x2c, 0x30, 0x3f, 0x25, 0xf8, 0x2e, 0x3f,
  0xb8, 0x30, 0x2e, 0x3f, 0x7e, 0x13, 0x2d, 0x3f, 0xb1, 0x76, 0x2c, 0x3f,
  0x49, 0x8d, 0x2b, 0x3f, 0xad, 0x1c, 0x2b, 0x3f, 0x18, 0x5d, 0x2a, 0x3f,
  0xa9, 0x1a, 0x2a, 0x3f, 0xf1, 0xa0, 0x29, 0x3f, 0xa7, 0xc0, 0x29, 0x3f,
  0xa7, 0xc0, 0x29, 0x3f, 0xaa, 0x56, 0x2a, 0x3f, 0xc1, 0xaa, 0x2a, 0x3f,
  0xae, 0x5a, 0x2b, 0x3f, 0x6d, 0x8e, 0x2b, 0x3f, 0xaf, 0xfa, 0x2b, 0x3f,
  0x4f, 0xea, 0x2b, 0x3f, 0xb0, 0x2e, 0x2c, 0x3f, 0xa9, 0x18, 0x2c, 0x3f,
  0xb2, 0x68, 0x2c, 0x3f, 0xb6, 0x51, 0x2c, 0x3f, 0xb2, 0x7a, 0x2c, 0x3f,
  0xfa, 0x11, 0x2c, 0x3f, 0xaf, 0xd0, 0x2b, 0x3f, 0x4d, 0x0f, 0x2b, 0x3f,
  0xab, 0xae, 0x2a, 0x3f, 0x63, 0x20, 0x2a, 0x3f, 0xaa, 0x38, 0x2a, 0x3f,
  0x51, 0x4a, 0x2a, 0x3f, 0xac, 0xfe, 0x2a, 0x3f, 0x10, 0x91, 0x2b, 0x3f,
  0xb2, 0xa0, 0x2c, 0x3f, 0x10, 0x79, 0x2d, 0x3f, 0xbb, 0xca, 0x2e, 0x3f,
  0x44, 0xf1, 0x2f, 0x3f, 0xc7, 0x92, 0x31, 0x3f, 0x21, 0xf4, 0x32, 0x3f,
  0xd3, 0x96, 0x34, 0x3f, 0xd9, 0xaa, 0x35, 0x3f, 0xda, 0xa8, 0x36, 0x3f,
  0x41, 0xd5, 0x36, 0x3f, 0xdb, 0xc4, 0x36, 0x3f, 0xde, 0xdf, 0x35, 0x3f,
  0xd3, 0xce, 0x34, 0x3f, 0xa3, 0x06, 0x33, 0x3f, 0xc5, 0x2c, 0x31, 0x3f,
  0x8d, 0xb4, 0x2e, 0x3f, 0xb1, 0x3c, 0x2c, 0x3f, 0xf9, 0x3a, 0x29, 0x3f,
  0x99, 0x4e, 0x26, 0x3f, 0x7d, 0xef, 0x22, 0x3f, 0x7f, 0xb6, 0x1f, 0x3f,
  0xb2, 0x13, 0x1c, 0x3f, 0x62, 0x9a, 0x18, 0x3f, 0xee, 0xbd, 0x14, 0x3f,
  0x45, 0x1c, 0x11, 0x3f, 0x74, 0x32, 0x0d, 0x3f, 0x26, 0xa6, 0x09, 0x3f,
  0x42, 0xf2, 0x05, 0x3f, 0x0b, 0xb8, 0x02, 0x3f, 0xf4, 0xc1, 0xfe, 0x3e,
  0xe4, 0x03, 0xf9, 0x3e, 0x90, 0xf7, 0xf2, 0x3e, 0xb6, 0xdb, 0xed, 0x3e,
  0xc1, 0x86, 0xe8, 0x3e, 0x91, 0x43, 0xe4, 0x3e, 0x3c, 0xde, 0xdf, 0x3e,
  0x73, 0x8b, 0xdc, 0x3e, 0xc3, 0xff, 0xd8, 0x3e, 0x5a, 0x57, 0xd6, 0x3e,
  0x06, 0x4c, 0xd3, 0x3e, 0x44, 0x13, 0xd1, 0x3e, 0x2d, 0x99, 0xce, 0x3e,
  0x35, 0x2f, 0xcd, 0x3e, 0xe4, 0xd4, 0xcb, 0x3e, 0x30, 0xcf, 0xcb, 0x3e,
  0xcb, 0x13, 0xcc, 0x3e, 0x37, 0xc7, 0xcd, 0x3e, 0xfa, 0xcb, 0xcf, 0x3e,
  0x4c, 0x27, 0xd3, 0x3e, 0xc9, 0xa5, 0xd6, 0x3e, 0x6b, 0x23, 0xdb, 0x3e,
  0x0e, 0x48, 0xdf, 0x3e, 0x8f, 0xcb, 0xe3, 0x3e, 0xc8, 0x54, 0xe7, 0x3e,
  0xaa, 0xb7, 0xea, 0x3e, 0x30, 0xe0, 0xec, 0x3e, 0xbd, 0xeb, 0xee, 0x3e,
  0x44, 0x06, 0xf0, 0x3e, 0xc5, 0x5f, 0xf1, 0x3e, 0x0c, 0x14, 0xf2, 0x3e,
  0xcd, 0x23, 0xf3, 0x3e, 0x04, 0x85, 0xf3, 0x3e, 0xd2, 0x27, 0xf4, 0x3e,
  0x4e, 0x1e, 0xf4, 0x3e, 0xd1, 0x8b, 0xf4, 0x3e, 0x91, 0xb7, 0xf4, 0x3e,
  0xd9, 0xd7, 0xf5, 0x3e, 0xc9, 0x12, 0xf7, 0x3e, 0xe5, 0x57, 0xf9, 0x3e,
  0x1d, 0x76, 0xfb, 0x3e, 0xf8, 0x27, 0xfe, 0x3e, 0xec, 0x17, 0x00, 0x3f,
  0x06, 0x3a, 0x01, 0x3f, 0x45, 0xf4, 0x01, 0x3f, 0x0b, 0xd2, 0x02, 0x3f,
  0xf2, 0x50, 0x03, 0x3f, 0x11, 0xf6, 0x03, 0x3f, 0x20, 0x30, 0x04, 0x3f,
  0x13, 0x7c, 0x04, 0x3f, 0x88, 0x52, 0x04, 0x3f, 0x12, 0x48, 0x04, 0x3f,
  0x8b, 0xf6, 0x03, 0x3f, 0x10, 0x02, 0x04, 0x3f, 0xf6, 0x04, 0x04, 0x3f,
  0x13, 0x86, 0x04, 0x3f, 0xc2, 0x01, 0x05, 0x3f, 0x18, 0xda, 0x05, 0x3f,
  0xe1, 0x84, 0x06, 0x3f, 0x1d, 0x66, 0x07, 0x3f, 0x85, 0x0f, 0x08, 0x3f,
  0x23, 0xf0, 0x08, 0x3f, 0xde, 0x9e, 0x09, 0x3f, 0x2a, 0x70, 0x0a, 0x3f,
  0xd0, 0xe1, 0x0a, 0x3f, 0x2d, 0x2a, 0x0b, 0x3f, 0x92, 0xc5, 0x0a, 0x3f,
  0x28, 0xf4, 0x09, 0x3f, 0x36, 0x56, 0x08, 0x3f, 0x18, 0x4a, 0x06, 0x3f,
  0xaa, 0x8a, 0x03, 0x3f, 0x01, 0x74, 0x00, 0x3f, 0x11, 0x68, 0xf9, 0x3e,
  0xc5, 0x1f, 0xf1, 0x3e, 0x32, 0x60, 0xe7, 0x3e, 0x74, 0xc3, 0xdc, 0x3e,
  0x4d, 0xd0, 0xd0, 0x3e, 0x12, 0x57, 0xc4, 0x3e, 0x5e, 0x0b, 0xb7, 0x3e,
  0xa6, 0xca, 0xa9, 0x3e, 0x47, 0x39, 0x9c, 0x3e, 0x3c, 0x12, 0x8f, 0x3e,
  0xc7, 0xd8, 0x81, 0x3e, 0xa7, 0x73, 0x6a, 0x3e, 0x50, 0x77, 0x51, 0x3e,
  0xe6, 0x3a, 0x3a, 0x3e, 0x25, 0xde, 0x23, 0x3e, 0x3f, 0xe2, 0x0f, 0x3e,
  0x88, 0x69, 0xfa, 0x3d, 0x6d, 0x33, 0xda, 0x3d, 0x61, 0x80, 0xbc, 0x3d,
  0x8f, 0xa2, 0xa3, 0x3d, 0xa3, 0xe6, 0x8c, 0x3d, 0xd3, 0x03, 0x75, 0x3d,
  0x9e, 0x3e, 0x53, 0x3d, 0xe3, 0x62, 0x38, 0x3d, 0x0d, 0xdb, 0x1e, 0x3d,
  0x2a, 0x82, 0x0a, 0x3d, 0x22, 0x4b, 0xed, 0x3c, 0x3f, 0x43, 0xcf, 0x3c,
  0x98, 0x62, 0xb4, 0x3c, 0x9a, 0x42, 0xa6, 0x3c, 0xd1, 0x94, 0x9f, 0x3c,
  0x9e, 0x02, 0xa8, 0x3c, 0x42, 0x6c, 0xb9, 0x3c, 0x63, 0x43, 0xd9, 0x3c,
  0x31, 0xb0, 0x00, 0x3d, 0x6c, 0xe2, 0x1a, 0x3d, 0xff, 0x4e, 0x38, 0x3d,
  0x68, 0x43, 0x5a, 0x3d, 0xf4, 0x55, 0x7d, 0x3d, 0x43, 0xa2, 0x90, 0x3d,
  0xdd, 0x08, 0xa1, 0x3d, 0xbf, 0xb2, 0xaf, 0x3d, 0xe2, 0x5b, 0xbb, 0x3d,
  0x12, 0x93, 0xc4, 0x3d, 0x2d, 0x32, 0xcb, 0x3d, 0x48, 0x83, 0xd0, 0x3d,
  0xdf, 0xce, 0xd4, 0x3d, 0x5e, 0xd3, 0xd8, 0x3d, 0x72, 0x33, 0xdc, 0x3d,
  0x76, 0xf3, 0xde, 0x3d, 0xf4, 0xa1, 0xe0, 0x3d, 0x8a, 0x43, 0xe1, 0x3d,
  0x3a, 0xf1, 0xe0, 0x3d, 0x7f, 0x23, 0xe0, 0x3d, 0x8f, 0x61, 0xdf, 0x3d,
  0x7a, 0xd3, 0xde, 0x3d, 0xea, 0x54, 0xde, 0x3d, 0x75, 0x33, 0xdd, 0x3d,
  0x08, 0xd0, 0xda, 0x3d, 0x5c, 0x63, 0xd6, 0x3d, 0xfa, 0x98, 0xcf, 0x3d,
  0x19, 0x33, 0xc6, 0x3d, 0x4b, 0x6d, 0xba, 0x3d, 0xb2, 0x82, 0xac, 0x3d,
  0x40, 0xcd, 0x9c, 0x3d, 0x2d, 0x62, 0x8b, 0x3d, 0x90, 0x86, 0x70, 0x3d,
  0x1a, 0xa3, 0x46, 0x3d, 0xf9, 0x1d, 0x19, 0x3d, 0x40, 0x83, 0xd0, 0x3c,
  0x09, 0x56, 0x53, 0x3c, 0x19, 0xe2, 0x7f, 0x06, 0x09, 0x56, 0x53, 0xbc,
  0x40, 0x83, 0xd0, 0xbc, 0xf9, 0x1d, 0x19, 0xbd, 0x1a, 0xa3, 0x46, 0xbd,
  0x90, 0x86, 0x70, 0xbd, 0x2d, 0x62, 0x8b, 0xbd, 0x40, 0xcd, 0x9c, 0xbd,
  0xb2, 0x82, 0xac, 0xbd, 0x4b, 0x6d, 0xba, 0xbd, 0x19, 0x33, 0xc6, 0xbd,
  0xfa, 0x98, 0xcf, 0xbd, 0x5c, 0x63, 0xd6, 0xbd, 0x08, 0xd0, 0xda, 0xbd,
  0x75, 0x33, 0xdd, 0xbd, 0xea, 0x54, 0xde, 0xbd, 0x7a, 0xd3, 0xde, 0xbd,
  0x8f, 0x61, 0xdf, 0xbd, 0x7f, 0x23, 0xe0, 0xbd, 0x3a, 0xf1, 0xe0, 0xbd,
  0x8a, 0x43, 0xe1, 0xbd, 0xf4, 0xa1, 0xe0, 0xbd, 0x76, 0xf3, 0xde, 0xbd,
  0x72, 0x33, 0xdc, 0xbd, 0x5e, 0xd3, 0xd8, 0xbd, 0xdf, 0xce, 0xd4, 0xbd,
  0x48, 0x83, 0xd0, 0xbd, 0x2d, 0x32, 0xcb, 0xbd, 0x12, 0x93, 0xc4, 0xbd,
  0xe2, 0x5b, 0xbb, 0xbd, 0xbf, 0xb2, 0xaf, 0xbd, 0xdd, 0x08, 0xa1, 0xbd,
  0x43, 0xa2, 0x90, 0xbd, 0xf4, 0x55, 0x7d, 0xbd, 0x68, 0x43, 0x5a, 0xbd,
  0xff, 0x4e, 0x38, 0xbd, 0x6c, 0xe2, 0x1a, 0xbd, 0x31, 0xb0, 0x00, 0xbd,
  0x63, 0x43, 0xd9, 0xbc, 0x42, 0x6c, 0xb9, 0xbc, 0x9e, 0x02, 0xa8, 0xbc,
  0xd1, 0x94, 0x9f, 0xbc, 0x9a, 0x42, 0xa6, 0xbc, 0x98, 0x62, 0xb4, 0xbc,
  0x3f, 0x43, 0xcf, 0xbc, 0x22, 0x4b, 0xed, 0xbc, 0x2a, 0x82, 0x0a, 0xbd,
  0x0d, 0xdb, 0x1e, 0xbd, 0xe3, 0x62, 0x38, 0xbd, 0x9e, 0x3e, 0x53, 0xbd,
  0xd3, 0x03, 0x75, 0xbd, 0xa3, 0xe6, 0x8c, 0xbd, 0x8f, 0xa2, 0xa3, 0xbd,
  0x61, 0x80, 0xbc, 0xbd, 0x6d, 0x33, 0xda, 0xbd, 0x88, 0x69, 0xfa, 0xbd,
  0x3f, 0xe2, 0x0f, 0xbe, 0x25, 0xde, 0x23, 0xbe, 0xe6, 0x3a, 0x3a, 0xbe,
  0x50, 0x77, 0x51, 0xbe, 0xa7, 0x73, 0x6a, 0xbe, 0xc7, 0xd8, 0x81, 0xbe,
  0x3c, 0x12, 0x8f, 0xbe, 0x47, 0x39, 0x9c, 0xbe, 0xa6, 0xca, 0xa9, 0xbe,
  0x5e, 0x0b, 0xb7, 0xbe, 0x12, 0x57, 0xc4, 0xbe, 0x4d, 0xd0, 0xd0, 0xbe,
  0x74, 0xc3, 0xdc, 0xbe, 0x32, 0x60, 0xe7, 0xbe, 0xc5, 0x1f, 0xf1, 0xbe,
  0x11, 0x68, 0xf9, 0xbe, 0x01, 0x74, 0x00, 0xbf, 0xaa, 0x8a, 0x03, 0xbf,
  0x18, 0x4a, 0x06, 0xbf, 0x36, 0x56, 0x08, 0xbf, 0x28, 0xf4, 0x09, 0xbf,
  0x92, 0xc5, 0x0a, 0xbf, 0x2d, 0x2a, 0x0b, 0xbf, 0xd0, 0xe1, 0x0a, 0xbf,
  0x2a, 0x70, 0x0a, 0xbf, 0xde, 0x9e, 0x09, 0xbf, 0x23, 0xf0, 0x08, 0xbf,
  0x85, 0x0f, 0x08, 0xbf, 0x1d, 0x66, 0x07, 0xbf, 0xe1, 0x84, 0x06, 0xbf,
  0x18, 0xda, 0x05, 0xbf, 0xc2, 0x01, 0x05, 0xbf, 0x13, 0x86, 0x04, 0xbf,
  0xf6, 0x04, 0x04, 0xbf, 0x10, 0x02, 0x04, 0xbf, 0x8b, 0xf6, 0x03, 0xbf,
  0x12, 0x48, 0x04, 0xbf, 0x88, 0x52, 0x04, 0xbf, 0x13, 0x7c, 0x04, 0xbf,
  0x20, 0x30, 0x04, 0xbf, 0x11, 0xf6, 0x03, 0xbf, 0xf2, 0x50, 0x03, 0xbf,
  0x0b, 0xd2, 0x02, 0xbf, 0x45, 0xf4, 0x01, 0xbf, 0x06, 0x3a, 0x01, 0xbf,
  0xec, 0x17, 0x00, 0xbf, 0xf8, 0x27, 0xfe, 0xbe, 0x1d, 0x76, 0xfb, 0xbe,
  0xe5, 0x57, 0xf9, 0xbe, 0xc9, 0x12, 0xf7, 0xbe, 0xd9, 0xd7, 0xf5, 0xbe,
  0x91, 0xb7, 0xf4, 0xbe, 0xd1, 0x8b, 0xf4, 0xbe, 0x4e, 0x1e, 0xf4, 0xbe,
  0xd2, 0x27, 0xf4, 0xbe, 0x04, 0x85, 0xf3, 0xbe, 0xcd, 0x23, 0xf3, 0xbe,
  0x0c, 0x14, 0xf2, 0xbe, 0xc5, 0x5f, 0xf1, 0xbe, 0x44, 0x06, 0xf0, 0xbe,
  0xbd, 0xeb, 0xee, 0xbe, 0x30, 0xe0, 0xec, 0xbe, 0xaa, 0xb7, 0xea, 0xbe,
  0xc8, 0x54, 0xe7, 0xbe, 0x8f, 0xcb, 0xe3, 0xbe, 0x0e, 0x48, 0xdf, 0xbe,
  0x6b, 0x23, 0xdb, 0xbe, 0xc9, 0xa5, 0xd6, 0xbe, 0x4c, 0x27, 0xd3, 0xbe,
  0xfa, 0xcb, 0xcf, 0xbe, 0x37, 0xc7, 0xcd, 0xbe, 0xcb, 0x13, 0xcc, 0xbe,
  0x30, 0xcf, 0xcb, 0xbe, 0xe4, 0xd4, 0xcb, 0xbe, 0x35, 0x2f, 0xcd, 0xbe,
  0x2d, 0x99, 0xce, 0xbe, 0x44, 0x13, 0xd1, 0xbe, 0x06, 0x4c, 0xd3, 0xbe,
  0x5a, 0x57, 0xd6, 0xbe, 0xc3, 0xff, 0xd8, 0xbe, 0x73, 0x8b, 0xdc, 0xbe,
  0x3c, 0xde, 0xdf, 0xbe, 0x91, 0x43, 0xe4, 0xbe, 0xc1, 0x86, 0xe8, 0xbe,
  0xb6, 0xdb, 0xed, 0xbe, 0x90, 0xf7, 0xf2, 0xbe, 0xe4, 0x03, 0xf9, 0xbe,
  0xf4, 0xc1, 0xfe, 0xbe, 0x0b, 0xb8, 0x02, 0xbf, 0x42, 0xf2, 0x05, 0xbf,
  0x26, 0xa6, 0x09, 0xbf, 0x74, 0x32, 0x0d, 0xbf, 0x45, 0x1c, 0x11, 0xbf,
  0xee, 0xbd, 0x14, 0xbf, 0x62, 0x9a, 0x18, 0xbf, 0xb2, 0x13, 0x1c, 0xbf,
  0x7f, 0xb6, 0x1f, 0xbf, 0x7d, 0xef, 0x22, 0xbf, 0x99, 0x4e, 0x26, 0xbf,
  0xf9, 0x3a, 0x29, 0xbf, 0xb1, 0x3c, 0x2c, 0xbf, 0x8d, 0xb4, 0x2e, 0xbf,
  0xc5, 0x2c, 0x31, 0xbf, 0xa3, 0x06, 0x33, 0xbf, 0xd3, 0xce, 0x34, 0xbf,
  0xde, 0xdf, 0x35, 0xbf, 0xdb, 0xc4, 0x36, 0xbf, 0x41, 0xd5, 0x36, 0xbf,
  0xda, 0xa8, 0x36, 0xbf, 0xd9, 0xaa, 0x35, 0xbf, 0xd3, 0x96, 0x34, 0xbf,
  0x21, 0xf4, 0x32, 0xbf, 0xc7, 0x92, 0x31, 0xbf, 0x44, 0xf1, 0x2f, 0xbf,
  0xbb, 0xca, 0x2e, 0xbf, 0x10, 0x79, 0x2d, 0xbf, 0xb2, 0xa0, 0x2c, 0xbf,
  0x10, 0x91, 0x2b, 0xbf, 0xac, 0xfe, 0x2a, 0xbf, 0x51, 0x4a, 0x2a, 0xbf,
  0xaa, 0x38, 0x2a, 0xbf, 0x63, 0x20, 0x2a, 0xbf, 0xab, 0xae, 0x2a, 0xbf,
  0x4d, 0x0f, 0x2b, 0xbf, 0xaf, 0xd0, 0x2b, 0xbf, 0xfa, 0x11, 0x2c, 0xbf,
  0xb2, 0x7a, 0x2c, 0xbf, 0xb6, 0x51, 0x2c, 0xbf, 0xb2, 0x68, 0x2c, 0xbf,
  0xa9, 0x18, 0x2c, 0xbf, 0xb0, 0x2e, 0x2c, 0xbf, 0x4f, 0xea, 0x2b, 0xbf,
  0xaf, 0xfa, 0x2b, 0xbf, 0x6d, 0x8e, 0x2b, 0xbf, 0xae, 0x5a, 0x2b, 0xbf,
  0xc1, 0xaa, 0x2a, 0xbf, 0xaa, 0x56, 0x2a, 0xbf, 0xa7, 0xc0, 0x29, 0xbf,
  0xa7, 0xc0, 0x29, 0xbf, 0xf1, 0xa0, 0x29, 0xbf, 0xa9, 0x1a, 0x2a, 0xbf,
  0x18, 0x5d, 0x2a, 0xbf, 0xad, 0x1c, 0x2b, 0xbf, 0x49, 0x8d, 0x2b, 0xbf,
  0xb1, 0x76, 0x2c, 0xbf, 0x7e, 0x13, 0x2d, 0xbf, 0xb8, 0x30, 0x2e, 0xbf,
  0x25, 0xf8, 0x2e, 0xbf, 0xc1, 0x2c, 0x30, 0xbf, 0xfb, 0xed, 0x30, 0xbf,
  0xc9, 0x0e, 0x32, 0xbf, 0x48, 0xbd, 0x32, 0xbf, 0xcf, 0xe2, 0x33, 0xbf,
  0x75, 0xb0, 0x34, 0xbf, 0xd8, 0x10, 0x36, 0xbf, 0xd3, 0x28, 0x37, 0xbf,
  0xe4, 0xdc, 0x38, 0xbf, 0xcf, 0x53, 0x3a, 0xbf, 0xf3, 0x82, 0x3c, 0xbf,
  0x2e, 0xa3, 0x3e, 0xbf, 0x07, 0xab, 0x41, 0xbf, 0x7e, 0xbd, 0x44, 0xbf,
  0x23, 0xa7, 0x48, 0xbf, 0xa9, 0x68, 0x4c, 0xbf, 0x43, 0xbb, 0x50, 0xbf,
  0xdb, 0xb3, 0x54, 0xbf, 0x65, 0x2d, 0x59, 0xbf, 0x0e, 0x6b, 0x5d, 0xbf,
  0x89, 0x51, 0x62, 0xbf, 0xd1, 0x13, 0x67, 0xbf, 0xb1, 0x51, 0x6c, 0xbf,
  0xe2, 0x01, 0x71, 0xbf, 0xd7, 0x89, 0x75, 0xbf, 0x1b, 0xf5, 0x78, 0xbf,
  0xef, 0xd5, 0x7b, 0xbf, 0x79, 0x9a, 0x7d, 0xbf, 0xfd, 0x03, 0x7f, 0xbf,
  0x58, 0xa2, 0x7f, 0xbf, 0x00, 0xfe, 0x7f, 0xbf, 0x03, 0x7a, 0x7f, 0xbf,
  0xfa, 0x4b, 0x7e, 0xbf, 0x54, 0xe1, 0x7b, 0xbf, 0xe3, 0x81, 0x78, 0xbf,
  0x06, 0xe6, 0x73, 0xbf, 0xbc, 0xd5, 0x6e, 0xbf, 0x9f, 0x01, 0x69, 0xbf,
  0x8a, 0x8b, 0x62, 0xbf, 0x8e, 0xf4, 0x5a, 0xbf, 0x4c, 0xdd, 0x52, 0xbf,
  0x0f, 0x34, 0x49, 0xbf, 0xf6, 0x70, 0x3d, 0xbf, 0x0b, 0xaf, 0x2f, 0xbf,
  0x88, 0xfc, 0x21, 0xbf, 0x62, 0x53, 0x13, 0xbf, 0x09, 0x4c, 0x02, 0xbf,
  0x7d, 0xdb, 0xde, 0xbe, 0xf0, 0x02, 0xbc, 0xbe, 0xb2, 0xa8, 0x96, 0xbe,
  0x28, 0x5b, 0x49, 0xbe, 0x50, 0x01, 0xa7, 0xbd, 0x66, 0x3f, 0x1f, 0x22,
  0xa7, 0x23, 0xc8, 0x3d, 0xc4, 0xcb, 0x70, 0x3e, 0x09, 0xcb, 0xb3, 0x3e,
  0x7c, 0x3b, 0xdf, 0x3e, 0x93, 0x58, 0x03, 0x3f, 0x60, 0x08, 0x18, 0x3f,
  0x8e, 0xd3, 0x29, 0x3f, 0xdf, 0x0a, 0x38, 0x3f, 0xa1, 0xb9, 0x44, 0x3f,
  0x45, 0x37, 0x51, 0x3f, 0xf7, 0x6d, 0x5b, 0x3f, 0x8e, 0x35, 0x63, 0x3f,
  0xf0, 0x5d, 0x69, 0x3f, 0xbc, 0xff, 0x6e, 0x3f, 0x51, 0x7b, 0x73, 0x3f,
  0xdd, 0x47, 0x77, 0x3f, 0xab, 0x76, 0x7a, 0x3f, 0xf6, 0x57, 0x7d, 0x3f,
  0xd4, 0x27, 0x7f, 0x3f, 0x00, 0x00, 0x80, 0x3f, 0x56, 0x79, 0x7f, 0x3f,
  0xf7, 0xdf, 0x7d, 0x3f, 0x4f, 0xe9, 0x7a, 0x3f, 0xdc, 0x21, 0x77, 0x3f,
  0xe2, 0x2d, 0x72, 0x3f, 0xb2, 0xaf, 0x6c, 0x3f, 0xbf, 0x3a, 0x66, 0x3f,
  0x7f, 0x97, 0x5f, 0x3f, 0x22, 0x66, 0x58, 0x3f, 0x46, 0x95, 0x51, 0x3f,
  0xc4, 0xbb, 0x4a, 0x3f, 0x12, 0xbd, 0x44, 0x3f, 0xb9, 0xfa, 0x3e, 0x3f,
  0xe9, 0x2c, 0x3a, 0x3f, 0x6b, 0x84, 0x35, 0x3f, 0xc6, 0xa6, 0x31, 0x3f,
  0xb3, 0xbc, 0x2d, 0x3f, 0xa9, 0x72, 0x2a, 0x3f, 0x68, 0xee, 0x26, 0x3f,
  0x90, 0xd6, 0x23, 0x3f, 0x30, 0x4a, 0x20, 0x3f, 0x74, 0xf8, 0x1c, 0x3f,
  0xe1, 0x1c, 0x19, 0x3f, 0x56, 0x8a, 0x15, 0x3f, 0x92, 0xa6, 0x11, 0x3f,
  0x3a, 0x54, 0x0e, 0x3f, 0x24, 0xfb, 0x0a, 0x3f, 0x21, 0x56, 0x08, 0x3f,
  0x53, 0xac, 0x05, 0x3f, 0x0e, 0x8c, 0x03, 0x3f, 0xae, 0x3b, 0x01, 0x3f,
  0xf9, 0x93, 0xfe, 0x3e, 0x01, 0x4c, 0xfa, 0x3e, 0xda, 0xdf, 0xf6, 0x3e,
  0x10, 0x57, 0xf3, 0x3e, 0xc3, 0xbb, 0xf0, 0x3e, 0xec, 0xe5, 0xed, 0x3e,
  0xaf, 0x93, 0xeb, 0x3e, 0x5c, 0x94, 0xe8, 0x3e, 0x95, 0xab, 0xe5, 0x3e,
  0x28, 0xe0, 0xe1, 0x3e, 0x7a, 0x1f, 0xde, 0x3e, 0x42, 0x93, 0xd9, 0x3e,
  0x56, 0x1f, 0xd5, 0x3e, 0xb6, 0xd3, 0xcf, 0x3e, 0x2b, 0x73, 0xca, 0x3e,
  0x56, 0x0b, 0xc4, 0x3e, 0xf6, 0x72, 0xbd, 0x3e, 0xf9, 0xdf, 0xb5, 0x3e,
  0xb8, 0x46, 0xae, 0x3e, 0xe1, 0xed, 0xa5, 0x3e, 0x77, 0xc6, 0x9d, 0x3e,
  0x93, 0x14, 0x95, 0x3e, 0x34, 0xca, 0x8c, 0x3e, 0x4f, 0x49, 0x84, 0x3e,
  0xe4, 0x5b, 0x79, 0x3e, 0x84, 0x2c, 0x6b, 0x3e, 0x81, 0x6b, 0x60, 0x3e,
  0x40, 0x40, 0x58, 0x3e, 0x55, 0x73, 0x54, 0x3e, 0x2c, 0x7e, 0x53, 0x3e,
  0x56, 0x5b, 0x56, 0x3e, 0x43, 0x1c, 0x5b, 0x3e, 0x89, 0x5b, 0x62, 0x3e,
  0xb9, 0x3e, 0x6a, 0x3e, 0xd0, 0x53, 0x73, 0x3e, 0x61, 0x07, 0x7c, 0x3e,
  0x0b, 0x6a, 0x82, 0x3e, 0xf3, 0x30, 0x86, 0x3e, 0x26, 0x8a, 0x89, 0x3e,
  0x3c, 0xf3, 0x8b, 0x3e, 0x37, 0x9e, 0x8d, 0x3e, 0x41, 0x33, 0x8e, 0x3e,
  0x38, 0xda, 0x8d, 0x3e, 0x1c, 0x50, 0x8c, 0x3e, 0x28, 0xa6, 0x89, 0x3e,
  0x78, 0xb1, 0x85, 0x3e, 0x01, 0x8a, 0x80, 0x3e, 0x19, 0x65, 0x74, 0x3e,
  0x9a, 0xa3, 0x65, 0x3e, 0x57, 0xeb, 0x54, 0x3e, 0x0a, 0x53, 0x42, 0x3e,
  0x01, 0xa8, 0x2d, 0x3e, 0x5d, 0xba, 0x16, 0x3e, 0x1d, 0x9f, 0xfa, 0x3d,
  0x0d, 0x43, 0xc3, 0x3d, 0xec, 0x38, 0x88, 0x3d, 0x5b, 0x22, 0x17, 0x3d,
  0xae, 0x35, 0xf0, 0x3b, 0xb0, 0x82, 0xac, 0xbc, 0xab, 0x3f, 0x44, 0xbd,
  0x53, 0xd2, 0x94, 0xbd, 0x21, 0xc9, 0xc3, 0xbd, 0xbd, 0x23, 0xee, 0xbd,
  0x2c, 0x1d, 0x0a, 0xbe, 0x69, 0x2a, 0x1a, 0xbe, 0xf3, 0x32, 0x27, 0xbe,
  0xc4, 0x72, 0x30, 0xbe, 0x79, 0x75, 0x36, 0xbe, 0xe8, 0x4a, 0x39, 0xbe,
  0x08, 0x41, 0x3a, 0xbe, 0xe9, 0xca, 0x39, 0xbe, 0x44, 0xed, 0x38, 0xbe,
  0xdf, 0x62, 0x37, 0xbe, 0xe5, 0x35, 0x35, 0xbe, 0xc4, 0x82, 0x31, 0xbe,
  0x4e, 0x0d, 0x2c, 0xbe, 0x90, 0x52, 0x24, 0xbe, 0x92, 0x9c, 0x1a, 0xbe,
  0x3f, 0x2a, 0x0f, 0xbe, 0x4d, 0x9e, 0x02, 0xbe, 0xa6, 0xd3, 0xea, 0xbd,
  0x7d, 0xfc, 0xcf, 0xbd, 0xd6, 0x72, 0xb5, 0xbd, 0xaf, 0xd3, 0x9b, 0xbd,
  0x10, 0xf2, 0x83, 0xbd, 0x85, 0x56, 0x5c, 0xbd, 0xda, 0x22, 0x36, 0xbd,
  0xf7, 0x74, 0x14, 0xbd, 0xb9, 0x03, 0xee, 0xbc, 0x69, 0x3d, 0xb7, 0xbc,
  0x12, 0xc2, 0x83, 0xbc, 0x7d, 0xcd, 0x21, 0xbc, 0x07, 0x02, 0x82, 0xbb,
  0xa7, 0x21, 0xe7, 0x3a, 0xad, 0x03, 0xeb, 0x3b, 0xb2, 0xec, 0x4f, 0x3c,
  0x61, 0x42, 0x98, 0x3c, 0x38, 0xb1, 0xd0, 0x3c, 0x26, 0x42, 0x09, 0x3d,
  0x24, 0xc6, 0x2e, 0x3d, 0x59, 0x63, 0x56, 0x3d, 0x2f, 0xc9, 0x7c, 0x3d,
  0x3e, 0x52, 0x8f, 0x3d, 0x53, 0xb7, 0x9c, 0x3d, 0x9a, 0x72, 0xa6, 0x3d,
  0xe6, 0xb1, 0xac, 0x3d, 0xc3, 0xb2, 0xb0, 0x3d, 0xeb, 0xe7, 0xb2, 0x3d,
  0xd2, 0x52, 0xb4, 0x3d, 0x7d, 0xa1, 0xb4, 0x3d, 0xd3, 0x82, 0xb4, 0x3d,
  0xaa, 0xb9, 0xb3, 0x3d, 0xce, 0x92, 0xb3, 0x3d, 0xdf, 0x73, 0xb4, 0x3d,
  0xe0, 0xe2, 0xb7, 0x3d, 0xfb, 0xcd, 0xbd, 0x3d, 0x19, 0x83, 0xc6, 0x3d,
  0xaf, 0xcc, 0xd0, 0x3d, 0x74, 0x23, 0xdc, 0x3d, 0x91, 0x81, 0xe7, 0x3d,
  0xc5, 0xe3, 0xf2, 0x3d, 0x0d, 0x3f, 0xfe, 0x3d, 0x11, 0x02, 0x05, 0x3e,
  0x3c, 0x2a, 0x0b, 0x3e, 0x47, 0x72, 0x11, 0x3e, 0xda, 0x90, 0x17, 0x3e,
  0x72, 0xf2, 0x1c, 0x3e, 0x8e, 0x4c, 0x21, 0x3e, 0x91, 0x1a, 0x24, 0x3e,
  0xc8, 0x59, 0x25, 0x3e, 0x95, 0x8a, 0x24, 0x3e, 0xa9, 0xa5, 0x21, 0x3e,
  0x6f, 0xf2, 0x1b, 0x3e, 0xe7, 0x64, 0x13, 0x3e, 0x1c, 0x62, 0x07, 0x3e,
  0x50, 0xa4, 0xf0, 0x3d, 0x31, 0x43, 0xcc, 0x3d, 0x1d, 0x54, 0xa3, 0x3d,
  0xb0, 0x23, 0x6c, 0x3d, 0xe0, 0xce, 0x0b, 0x3d, 0x54, 0x02, 0x15, 0x3c,
  0x67, 0xa6, 0x8b, 0xbc, 0xd7, 0x82, 0x35, 0xbd, 0xf7, 0x6c, 0x93, 0xbd,
  0x2e, 0x93, 0xcb, 0xbd, 0x72, 0x81, 0x00, 0xbe, 0x67, 0x22, 0x19, 0xbe,
  0xcb, 0x39, 0x2f, 0xbe, 0x0e, 0xc3, 0x42, 0xbe, 0x81, 0x24, 0x54, 0xbe,
  0x8c, 0xb3, 0x63, 0xbe, 0x8b, 0xc3, 0x71, 0xbe, 0xf7, 0x03, 0x7e, 0xbe,
  0x93, 0x0b, 0x84, 0xbe, 0x20, 0xa6, 0x87, 0xbe, 0x7c, 0xb4, 0x89, 0xbe,
  0x29, 0x2a, 0x8a, 0xbe, 0x3e, 0x3b, 0x89, 0xbe, 0x1c, 0x22, 0x87, 0xbe,
  0xe3, 0x0b, 0x84, 0xbe, 0x01, 0x06, 0x80, 0xbe, 0xc8, 0xcd, 0x75, 0xbe,
  0xa6, 0x3b, 0x69, 0xbe, 0x03, 0x24, 0x5a, 0xbe, 0x22, 0x2b, 0x49, 0xbe,
  0x20, 0xf8, 0x36, 0xbe, 0x91, 0x02, 0x25, 0xbe, 0xf6, 0x28, 0x14, 0xbe,
  0x16, 0x9a, 0x05, 0xbe, 0x25, 0xac, 0xf2, 0xbd, 0x82, 0x53, 0xdf, 0xbd,
  0xcc, 0xc7, 0xcf, 0xbd, 0x11, 0x53, 0xc4, 0xbd, 0xbc, 0xbd, 0xbb, 0xbd,
  0xdb, 0xd2, 0xb6, 0xbd, 0x17, 0x5d, 0xb4, 0xbd, 0xd3, 0xd2, 0xb4, 0xbd,
  0x3d, 0xf5, 0xb5, 0xbd, 0xdc, 0x22, 0xb7, 0xbd, 0x6e, 0x5e, 0xb5, 0xbd,
  0xc0, 0x32, 0xb0, 0xbd, 0xb5, 0xa5, 0xa5, 0xbd, 0x5a, 0xa2, 0x96, 0xbd,
  0x89, 0xae, 0x82, 0xbd, 0x60, 0xa3, 0x57, 0xbd, 0x71, 0xde, 0x24, 0xbd,
  0x8b, 0x03, 0xe3, 0xbc, 0x48, 0x01, 0x7b, 0xbc, 0x18, 0x02, 0x86, 0xbb,
  0xac, 0x91, 0xba, 0x3b, 0x6a, 0x83, 0x59, 0x3c, 0xc1, 0xe9, 0x98, 0x3c,
  0xc1, 0xc2, 0xb0, 0x3c, 0x96, 0x15, 0xb8, 0x3c, 0xc3, 0x42, 0xb0, 0x3c,
  0xce, 0x50, 0x9f, 0x3c, 0x1e, 0x42, 0x87, 0x3c, 0x74, 0x86, 0x5a, 0x3c,
  0x96, 0x82, 0x24, 0x3c, 0x6f, 0x8c, 0xe8, 0x3b, 0x4f, 0x02, 0x94, 0x3b,
  0xe1, 0x9e, 0x2a, 0x3b, 0x8f, 0x02, 0xa4, 0x3a, 0x46, 0xc1, 0xfb, 0x39,
  0x19, 0xe2, 0x7f, 0x05, 0x46, 0xc1, 0xfb, 0xb9, 0x8f, 0x02, 0xa4, 0xba,
  0xe1, 0x9e, 0x2a, 0xbb, 0x4f, 0x02, 0x94, 0xbb, 0x6f, 0x8c, 0xe8, 0xbb,
  0x96, 0x82, 0x24, 0xbc, 0x74, 0x86, 0x5a, 0xbc, 0x1e, 0x42, 0x87, 0xbc,
  0xce, 0x50, 0x9f, 0xbc, 0xc3, 0x42, 0xb0, 0xbc, 0x96, 0x15, 0xb8, 0xbc,
  0xc1, 0xc2, 0xb0, 0xbc, 0xc1, 0xe9, 0x98, 0xbc, 0x6a, 0x83, 0x59, 0xbc,
  0xac, 0x91, 0xba, 0xbb, 0x18, 0x02, 0x86, 0x3b, 0x48, 0x01, 0x7b, 0x3c,
  0x8b, 0x03, 0xe3, 0x3c, 0x71, 0xde, 0x24, 0x3d, 0x60, 0xa3, 0x57, 0x3d,
  0x89, 0xae, 0x82, 0x3d, 0x5a, 0xa2, 0x96, 0x3d, 0xb5, 0xa5, 0xa5, 0x3d,
  0xc0, 0x32, 0xb0, 0x3d, 0x6e, 0x5e, 0xb5, 0x3d, 0xdc, 0x22, 0xb7, 0x3d,
  0x3d, 0xf5, 0xb5, 0x3d, 0xd3, 0xd2, 0xb4, 0x3d, 0x17, 0x5d, 0xb4, 0x3d,
  0xdb, 0xd2, 0xb6, 0x3d, 0xbc, 0xbd, 0xbb, 0x3d, 0x11, 0x53, 0xc4, 0x3d,
  0xcc, 0xc7, 0xcf, 0x3d, 0x82, 0x53, 0xdf, 0x3d, 0x25, 0xac, 0xf2, 0x3d,
  0x16, 0x9a, 0x05, 0x3e, 0xf6, 0x28, 0x14, 0x3e, 0x91, 0x02, 0x25, 0x3e,
  0x20, 0xf8, 0x36, 0x3e, 0x22, 0x2b, 0x49, 0x3e, 0x03, 0x24, 0x5a, 0x3e,
  0xa6, 0x3b, 0x69, 0x3e, 0xc8, 0xcd, 0x75, 0x3e, 0x01, 0x06, 0x80, 0x3e,
  0xe3, 0x0b, 0x84, 0x3e, 0x1c, 0x22, 0x87, 0x3e, 0x3e, 0x3b, 0x89, 0x3e,
  0x29, 0x2a, 0x8a, 0x3e, 0x7c, 0xb4, 0x89, 0x3e, 0x20, 0xa6, 0x87, 0x3e,
  0x93, 0x0b, 0x84, 0x3e, 0xf7, 0x03, 0x7e, 0x3e, 0x8b, 0xc3, 0x71, 0x3e,
  0x8c, 0xb3, 0x63, 0x3e, 0x81, 0x24, 0x54, 0x3e, 0x0e, 0xc3, 0x42, 0x3e,
  0xcb, 0x39, 0x2f, 0x3e, 0x67, 0x22, 0x19, 0x3e, 0x72, 0x81, 0x00, 0x3e,
  0x2e, 0x93, 0xcb, 0x3d, 0xf7, 0x6c, 0x93, 0x3d, 0xd7, 0x82, 0x35, 0x3d,
  0x67, 0xa6, 0x8b, 0x3c, 0x54, 0x02, 0x15, 0xbc, 0xe0, 0xce, 0x0b, 0xbd,
  0xb0, 0x23, 0x6c, 0xbd, 0x1d, 0x54, 0xa3, 0xbd, 0x31, 0x43, 0xcc, 0xbd,
  0x50, 0xa4, 0xf0, 0xbd, 0x1c, 0x62, 0x07, 0xbe, 0xe7, 0x64, 0x13, 0xbe,
  0x6f, 0xf2, 0x1b, 0xbe, 0xa9, 0xa5, 0x21, 0xbe, 0x95, 0x8a, 0x24, 0xbe,
  0xc8, 0x59, 0x25, 0xbe, 0x91, 0x1a, 0x24, 0xbe, 0x8e, 0x4c, 0x21, 0xbe,
  0x72, 0xf2, 0x1c, 0xbe, 0xda, 0x90, 0x17, 0xbe, 0x47, 0x72, 0x11, 0xbe,
  0x3c, 0x2a, 0x0b, 0xbe, 0x11, 0x02, 0x05, 0xbe, 0x0d, 0x3f, 0xfe, 0xbd,
  0xc5, 0xe3, 0xf2, 0xbd, 0x91, 0x81, 0xe7, 0xbd, 0x74, 0x23, 0xdc, 0xbd,
  0xaf, 0xcc, 0xd0, 0xbd, 0x19, 0x83, 0xc6, 0xbd, 0xfb, 0xcd, 0xbd, 0xbd,
  0xe0, 0xe2, 0xb7, 0xbd, 0xdf, 0x73, 0xb4, 0xbd, 0xce, 0x92, 0xb3, 0xbd,
  0xaa, 0xb9, 0xb3, 0xbd, 0xd3, 0x82, 0xb4, 0xbd, 0x7d, 0xa1, 0xb4, 0xbd,
  0xd2, 0x52, 0xb4, 0xbd, 0xeb, 0xe7, 0xb2, 0xbd, 0xc3, 0xb2, 0xb0, 0xbd,
  0xe6, 0xb1, 0xac, 0xbd, 0x9a, 0x72, 0xa6, 0xbd, 0x53, 0xb7, 0x9c, 0xbd,
  0x3e, 0x52, 0x8f, 0xbd, 0x2f, 0xc9, 0x7c, 0xbd, 0x59, 0x63, 0x56, 0xbd,
  0x24, 0xc6, 0x2e, 0xbd, 0x26, 0x42, 0x09, 0xbd, 0x38, 0xb1, 0xd0, 0xbc,
  0x61, 0x42, 0x98, 0xbc, 0xb2, 0xec, 0x4f, 0xbc, 0xad, 0x03, 0xeb, 0xbb,
  0xa7, 0x21, 0xe7, 0xba, 0x07, 0x02, 0x82, 0x3b, 0x7d, 0xcd, 0x21, 0x3c,
  0x12, 0xc2, 0x83, 0x3c, 0x69, 0x3d, 0xb7, 0x3c, 0xb9, 0x03, 0xee, 0x3c,
  0xf7, 0x74, 0x14, 0x3d, 0xda, 0x22, 0x36, 0x3d, 0x85, 0x56, 0x5c, 0x3d,
  0x10, 0xf2, 0x83, 0x3d, 0xaf, 0xd3, 0x9b, 0x3d, 0xd6, 0x72, 0xb5, 0x3d,
  0x7d, 0xfc, 0xcf, 0x3d, 0xa6, 0xd3, 0xea, 0x3d, 0x4d, 0x9e, 0x02, 0x3e,
  0x3f, 0x2a, 0x0f, 0x3e, 0x92, 0x9c, 0x1a, 0x3e, 0x90, 0x52, 0x24, 0x3e,
  0x4e, 0x0d, 0x2c, 0x3e, 0xc4, 0x82, 0x31, 0x3e, 0xe5, 0x35, 0x35, 0x3e,
  0xdf, 0x62, 0x37, 0x3e, 0x44, 0xed, 0x38, 0x3e, 0xe9, 0xca, 0x39, 0x3e,
  0x08, 0x41, 0x3a, 0x3e, 0xe8, 0x4a, 0x39, 0x3e, 0x79, 0x75, 0x36, 0x3e,
  0xc4, 0x72, 0x30, 0x3e, 0xf3, 0x32, 0x27, 0x3e, 0x69, 0x2a, 0x1a, 0x3e,
  0x2c, 0x1d, 0x0a, 0x3e, 0xbd, 0x23, 0xee, 0x3d, 0x21, 0xc9, 0xc3, 0x3d,
  0x53, 0xd2, 0x94, 0x3d, 0xab, 0x3f, 0x44, 0x3d, 0xb0, 0x82, 0xac, 0x3c,
  0xae, 0x35, 0xf0, 0xbb, 0x5b, 0x22, 0x17, 0xbd, 0xec, 0x38, 0x88, 0xbd,
  0x0d, 0x43, 0xc3, 0xbd, 0x1d, 0x9f, 0xfa, 0xbd, 0x5d, 0xba, 0x16, 0xbe,
  0x01, 0xa8, 0x2d, 0xbe, 0x0a, 0x53, 0x42, 0xbe, 0x57, 0xeb, 0x54, 0xbe,
  0x9a, 0xa3, 0x65, 0xbe, 0x19, 0x65, 0x74, 0xbe, 0x01, 0x8a, 0x80, 0xbe,
  0x78, 0xb1, 0x85, 0xbe, 0x28, 0xa6, 0x89, 0xbe, 0x1c, 0x50, 0x8c, 0xbe,
  0x38, 0xda, 0x8d, 0xbe, 0x41, 0x33, 0x8e, 0xbe, 0x37, 0x9e, 0x8d, 0xbe,
  0x3c, 0xf3, 0x8b, 0xbe, 0x26, 0x8a, 0x89, 0xbe, 0xf3, 0x30, 0x86, 0xbe,
  0x0b, 0x6a, 0x82, 0xbe, 0x61, 0x07, 0x7c, 0xbe, 0xd0, 0x53, 0x73, 0xbe,
  0xb9, 0x3e, 0x6a, 0xbe, 0x89, 0x5b, 0x62, 0xbe, 0x43, 0x1c, 0x5b, 0xbe,
  0x56, 0x5b, 0x56, 0xbe, 0x2c, 0x7e, 0x53, 0xbe, 0x55, 0x73, 0x54, 0xbe,
  0x40, 0x40, 0x58, 0xbe, 0x81, 0x6b, 0x60, 0xbe, 0x84, 0x2c, 0x6b, 0xbe,
  0xe4, 0x5b, 0x79, 0xbe, 0x4f, 0x49, 0x84, 0xbe, 0x34, 0xca, 0x8c, 0xbe,
  0x93, 0x14, 0x95, 0xbe, 0x77, 0xc6, 0x9d, 0xbe, 0xe1, 0xed, 0xa5, 0xbe,
  0xb8, 0x46, 0xae, 0xbe, 0xf9, 0xdf, 0xb5, 0xbe, 0xf6, 0x72, 0xbd, 0xbe,
  0x56, 0x0b, 0xc4, 0xbe, 0x2b, 0x73, 0xca, 0xbe, 0xb6, 0xd3, 0xcf, 0xbe,
  0x56, 0x1f, 0xd5, 0xbe, 0x42, 0x93, 0xd9, 0xbe, 0x7a, 0x1f, 0xde, 0xbe,
  0x28, 0xe0, 0xe1, 0xbe, 0x95, 0xab, 0xe5, 0xbe, 0x5c, 0x94, 0xe8, 0xbe,
  0xaf, 0x93, 0xeb, 0xbe, 0xec, 0xe5, 0xed, 0xbe, 0xc3, 0xbb, 0xf0, 0xbe,
  0x10, 0x57, 0xf3, 0xbe, 0xda, 0xdf, 0xf6, 0xbe, 0x01, 0x4c, 0xfa, 0xbe,
  0xf9, 0x93, 0xfe, 0xbe, 0xae, 0x3b, 0x01, 0xbf, 0x0e, 0x8c, 0x03, 0xbf,
  0x53, 0xac, 0x05, 0xbf, 0x21, 0x56, 0x08, 0xbf, 0x24, 0xfb, 0x0a, 0xbf,
  0x3a, 0x54, 0x0e, 0xbf, 0x92, 0xa6, 0x11, 0xbf, 0x56, 0x8a, 0x15, 0xbf,
  0xe1, 0x1c, 0x19, 0xbf, 0x74, 0xf8, 0x1c, 0xbf, 0x30, 0x4a, 0x20, 0xbf,
  0x90, 0xd6, 0x23, 0xbf, 0x6a, 0xee, 0x26, 0xbf, 0xa9, 0x72, 0x2a, 0xbf,
  0xb2, 0xbc, 0x2d, 0xbf, 0xc6, 0xa6, 0x31, 0xbf, 0x70, 0x84, 0x35, 0xbf,
  0xe9, 0x2c, 0x3a, 0xbf, 0xb0, 0xfa, 0x3e, 0xbf, 0x12, 0xbd, 0x44, 0xbf,
  0xd4, 0xbb, 0x4a, 0xbf, 0x46, 0x95, 0x51, 0xbf, 0x0a, 0x66, 0x58, 0xbf,
  0x7f, 0x97, 0x5f, 0xbf, 0xe2, 0x3a, 0x66, 0xbf, 0xb2, 0xaf, 0x6c, 0xbf,
  0xa9, 0x2d, 0x72, 0xbf, 0xdc, 0x21, 0x77, 0xbf, 0xb7, 0xe9, 0x7a, 0xbf,
  0xf7, 0xdf, 0x7d, 0xbf, 0x11, 0x78, 0x7f, 0xbf, 0x00, 0xfe, 0x7f, 0xbf,
  0x91, 0x26, 0x7f, 0xbf, 0xf6, 0x57, 0x7d, 0xbf, 0x13, 0x77, 0x7a, 0xbf,
  0xdd, 0x47, 0x77, 0xbf, 0x19, 0x7b, 0x73, 0xbf, 0xbc, 0xff, 0x6e, 0xbf,
  0x11, 0x5e, 0x69, 0xbf, 0x8e, 0x35, 0x63, 0xbf, 0xe0, 0x6d, 0x5b, 0xbf,
  0x45, 0x37, 0x51, 0xbf, 0xaf, 0xb9, 0x44, 0xbf, 0xdf, 0x0a, 0x38, 0xbf,
  0x85, 0xd3, 0x29, 0xbf, 0x60, 0x08, 0x18, 0xbf, 0x98, 0x58, 0x03, 0xbf,
  0x7c, 0x3b, 0xdf, 0xbe, 0x02, 0xcb, 0xb3, 0xbe, 0xc4, 0xcb, 0x70, 0xbe,
  0xaf, 0x23, 0xc8, 0xbd, 0x44, 0x2f, 0xc4, 0x22, 0x0c, 0xc1, 0x5b, 0x3e,
  0x06, 0x9c, 0x01, 0x3f, 0xd6, 0x24, 0x3c, 0x3f, 0x76, 0xc7, 0x5d, 0x3f,
  0x39, 0xe9, 0x72, 0x3f, 0x00, 0x00, 0x80, 0x3f, 0x6a, 0x7d, 0x7d, 0x3f,
  0xa9, 0x41, 0x6a, 0x3f, 0xd8, 0x72, 0x4e, 0x3f, 0xbe, 0x8e, 0x2f, 0x3f,
  0x1a, 0xa8, 0x0d, 0x3f, 0x58, 0xc7, 0xd5, 0x3e, 0x20, 0x3e, 0x99, 0x3e,
  0x65, 0x4b, 0x58, 0x3e, 0x64, 0x4b, 0x1d, 0x3e, 0x04, 0xa2, 0x01, 0x3e,
  0x61, 0xfc, 0x04, 0x3e, 0x87, 0x8a, 0x21, 0x3e, 0xf4, 0x64, 0x4b, 0x3e,
  0xe0, 0xc3, 0x78, 0x3e, 0xec, 0xd6, 0x8f, 0x3e, 0x72, 0x92, 0x9c, 0x3e,
  0x3e, 0x69, 0x9f, 0x3e, 0x61, 0x66, 0x98, 0x3e, 0xf0, 0x09, 0x87, 0x3e,
  0x78, 0x4b, 0x5d, 0x3e, 0x2a, 0xcd, 0x21, 0x3e, 0x30, 0xd3, 0xcb, 0x3d,
  0x68, 0xe6, 0x3a, 0x3d, 0x1d, 0x03, 0xc7, 0x3b, 0x9f, 0x35, 0x83, 0xbc,
  0xe8, 0x03, 0x7a, 0xbc, 0x04, 0x4e, 0xdf, 0x3b, 0x2e, 0x83, 0x4b, 0x3d,
  0x02, 0xb0, 0xdb, 0x3d, 0xcf, 0x02, 0x33, 0x3e, 0x74, 0x1e, 0x7a, 0x3e,
  0x7b, 0xd6, 0x9e, 0x3e, 0x63, 0x58, 0xbb, 0x3e, 0x44, 0x0f, 0xd1, 0x3e,
  0x00, 0x1d, 0xde, 0x3e, 0x8d, 0xf7, 0xe2, 0x3e, 0x3c, 0xc0, 0xdf, 0x3e,
  0x5c, 0xd7, 0xd6, 0x3e, 0x49, 0xee, 0xc9, 0x3e, 0xf1, 0x52, 0xbc, 0x3e,
  0x2b, 0x0e, 0xb0, 0x3e, 0x9f, 0xbe, 0xa7, 0x3e, 0xff, 0x55, 0xa4, 0x3e,
  0x99, 0x92, 0xa6, 0x3e, 0xe5, 0xc0, 0xad, 0x3e, 0xe3, 0xc6, 0xb8, 0x3e,
  0x53, 0xda, 0xc5, 0x3e, 0x4d, 0x0b, 0xd3, 0x3e, 0x0b, 0x89, 0xde, 0x3e,
  0x99, 0xb7, 0xe6, 0x3e, 0x13, 0x99, 0xea, 0x3e, 0xa7, 0xa7, 0xe9, 0x3e,
  0x7b, 0x08, 0xe4, 0x3e, 0x69, 0x67, 0xda, 0x3e, 0x49, 0xbe, 0xcd, 0x3e,
  0xfd, 0x66, 0xbf, 0x3e, 0xc8, 0x64, 0xb0, 0x3e, 0x88, 0xda, 0xa1, 0x3e,
  0x98, 0x02, 0x94, 0x3e, 0x1c, 0x36, 0x87, 0x3e, 0xfb, 0x69, 0x75, 0x3e,
  0x73, 0x5b, 0x5c, 0x3e, 0x43, 0x96, 0x40, 0x3e, 0x84, 0x42, 0x21, 0x3e,
  0x4f, 0xa9, 0xf7, 0x3d, 0x85, 0x22, 0xa1, 0x3d, 0x2b, 0xb6, 0xf1, 0x3c,
  0x1d, 0xc3, 0xc6, 0xbc, 0x35, 0xaf, 0xa7, 0xbd, 0x35, 0x02, 0x0e, 0xbe,
  0x40, 0xee, 0x44, 0xbe, 0xcb, 0xbb, 0x72, 0xbe, 0xdc, 0x92, 0x8a, 0xbe,
  0x4f, 0xba, 0x93, 0xbe, 0x10, 0xbf, 0x94, 0xbe, 0x31, 0xb2, 0x8c, 0xbe,
  0x15, 0xac, 0x79, 0xbe, 0x2a, 0x43, 0x4b, 0xbe, 0xaf, 0x78, 0x12, 0xbe,
  0x91, 0x32, 0xa4, 0xbd, 0xc8, 0x25, 0x6f, 0xbc, 0x3a, 0x63, 0x4e, 0x3d,
  0x79, 0x67, 0xe3, 0x3d, 0xa1, 0xaa, 0x28, 0x3e, 0xf9, 0xdb, 0x56, 0x3e,
  0xec, 0x4b, 0x7b, 0x3e, 0x68, 0x89, 0x8b, 0x3e, 0x54, 0x5e, 0x95, 0x3e,
  0x45, 0x72, 0x9c, 0x3e, 0x84, 0xfe, 0xa0, 0x3e, 0x7a, 0x10, 0xa4, 0x3e,
  0x93, 0x1e, 0xa5, 0x3e, 0xdd, 0x71, 0xa4, 0x3e, 0x82, 0xca, 0xa0, 0x3e,
  0xdc, 0xe8, 0x99, 0x3e, 0x3a, 0x6e, 0x8e, 0x3e, 0xfe, 0x19, 0x7c, 0x3e,
  0x3d, 0xbb, 0x4f, 0x3e, 0x6b, 0xde, 0x17, 0x3e, 0xa5, 0x32, 0xa9, 0x3d,
  0x5b, 0x4c, 0xf0, 0x3b, 0x66, 0x72, 0x99, 0xbd, 0x5a, 0xa4, 0x24, 0xbe,
  0xec, 0x1b, 0x7b, 0xbe, 0x17, 0xd3, 0xa5, 0xbe, 0x21, 0x37, 0xc8, 0xbe,
  0xbb, 0x02, 0xe3, 0xbe, 0xcf, 0x0f, 0xf4, 0xbe, 0x7d, 0x03, 0xfb, 0xbe,
  0xdd, 0x27, 0xf7, 0xbe, 0x33, 0xb3, 0xe9, 0xbe, 0x4d, 0x4f, 0xd3, 0xbe,
  0xe7, 0x5b, 0xb6, 0xbe, 0x51, 0x66, 0x94, 0xbe, 0xff, 0x81, 0x60, 0xbe,
  0x5b, 0x22, 0x17, 0xbe, 0x5b, 0xcb, 0xa2, 0xbd, 0x27, 0x02, 0x8a, 0xbc,
  0x55, 0x61, 0x1b, 0x3d, 0xb8, 0x02, 0xae, 0x3d, 0x90, 0x27, 0xfe, 0x3d,
  0x85, 0x5a, 0x20, 0x3e, 0x6a, 0xa6, 0x3b, 0x3e, 0x4a, 0x13, 0x52, 0x3e,
  0xf2, 0x69, 0x64, 0x3e, 0xca, 0xf3, 0x72, 0x3e, 0xd8, 0x22, 0x7e, 0x3e,
  0x0c, 0xbe, 0x82, 0x3e, 0x7b, 0xa1, 0x84, 0x3e, 0x0f, 0x42, 0x84, 0x3e,
  0x6f, 0xb7, 0x81, 0x3e, 0xe6, 0xf3, 0x78, 0x3e, 0x5d, 0xa0, 0x69, 0x3e,
  0x53, 0x33, 0x55, 0x3e, 0x1b, 0x65, 0x3d, 0x3e, 0x8f, 0x72, 0x23, 0x3e,
  0x7b, 0x39, 0x0a, 0x3e, 0xa1, 0xc3, 0xe7, 0x3d, 0xe3, 0x4b, 0xc6, 0x3d,
  0xcd, 0x12, 0xb3, 0x3d, 0xa3, 0x25, 0xb0, 0x3d, 0xf5, 0x22, 0xbd, 0x3d,
  0xcd, 0xcd, 0xd7, 0x3d, 0xf1, 0xc3, 0xfc, 0x3d, 0x68, 0x4f, 0x13, 0x3e,
  0xa1, 0x52, 0x28, 0x3e, 0x6a, 0x14, 0x3a, 0x3e, 0x18, 0x93, 0x46, 0x3e,
  0xa5, 0xdb, 0x4a, 0x3e, 0x17, 0x43, 0x46, 0x3e, 0x3f, 0x3f, 0x37, 0x3e,
  0x7e, 0x4a, 0x1f, 0x3e, 0xb9, 0x76, 0xfd, 0x3d, 0xc8, 0xf2, 0xb1, 0x3d,
  0xeb, 0x81, 0x3e, 0x3d, 0x7b, 0x03, 0xdf, 0x3b, 0xf0, 0xa9, 0xf9, 0xbc,
  0xf0, 0x23, 0x7c, 0xbd, 0x9b, 0xe7, 0xae, 0xbd, 0x2e, 0x73, 0xcb, 0xbd,
  0x87, 0xd3, 0xd3, 0xbd, 0x17, 0xc3, 0xc5, 0xbd, 0x9b, 0x3b, 0xa4, 0xbd,
  0x83, 0x83, 0x60, 0xbd, 0xa0, 0x74, 0xbb, 0xbc, 0xa7, 0x83, 0x69, 0x3c,
  0xcc, 0xb4, 0x5d, 0x3d, 0x10, 0xd3, 0xc3, 0x3d, 0x2c, 0x66, 0x0c, 0x3e,
  0xdb, 0x6a, 0x36, 0x3e, 0x5e, 0x1f, 0x5f, 0x3e, 0x0c, 0x1a, 0x83, 0x3e,
  0xb2, 0x73, 0x95, 0x3e, 0x98, 0x2a, 0xa6, 0x3e, 0xbe, 0xb9, 0xb4, 0x3e,
  0x00, 0x5f, 0xc0, 0x3e, 0x50, 0x9a, 0xc8, 0x3e, 0x32, 0x8f, 0xcc, 0x3e,
  0x9e, 0x03, 0xcc, 0x3e, 0x1a, 0x47, 0xc6, 0x3e, 0x18, 0xa0, 0xbb, 0x3e,
  0xae, 0xca, 0xab, 0x3e, 0xd5, 0xb0, 0x97, 0x3e, 0x01, 0x5c, 0x7f, 0x3e,
  0xf3, 0x71, 0x4a, 0x3e, 0x4c, 0x62, 0x12, 0x3e, 0xa1, 0x90, 0xb4, 0x3d,
  0x42, 0xa2, 0x10, 0x3d, 0xff, 0x11, 0x5f, 0xbc, 0xa9, 0x63, 0x6a, 0xbd,
  0xed, 0x2c, 0xc3, 0xbd, 0x08, 0x3a, 0x02, 0xbe, 0xa2, 0x01, 0x1e, 0xbe,
  0xd0, 0xc2, 0x34, 0xbe, 0x44, 0x2a, 0x49, 0xbe, 0x6f, 0x0b, 0x5b, 0xbe,
  0xfc, 0x32, 0x6d, 0xbe, 0xfd, 0xbb, 0x7e, 0xbe, 0x52, 0xa2, 0x88, 0xbe,
  0x43, 0x32, 0x91, 0xbe, 0xb9, 0xc5, 0x98, 0xbe, 0x74, 0x7e, 0x9d, 0xbe,
  0x32, 0x43, 0x9e, 0xbe, 0x65, 0x4a, 0x99, 0xbe, 0x50, 0x81, 0x8d, 0xbe,
  0xd2, 0x53, 0x74, 0xbe, 0x81, 0x37, 0x3e, 0xbe, 0xd1, 0xb3, 0xf4, 0xbd,
  0x61, 0x76, 0x2b, 0xbd, 0xbd, 0x02, 0x2f, 0x3d, 0x8e, 0x50, 0x05, 0x3e,
  0x6f, 0x93, 0x5b, 0x3e, 0x51, 0x9f, 0x94, 0x3e, 0xd0, 0xf2, 0xb3, 0x3e,
  0x4b, 0x75, 0xc9, 0x3e, 0x4b, 0xef, 0xd2, 0x3e, 0xce, 0x7a, 0xcf, 0x3e,
  0xfa, 0xbe, 0xbe, 0x3e, 0xa0, 0xeb, 0xa1, 0x3e, 0xd5, 0x7b, 0x75, 0x3e,
  0x39, 0xa7, 0x18, 0x3e, 0x39, 0x23, 0x4e, 0x3d, 0x32, 0x7d, 0x47, 0xbd,
  0x44, 0x2a, 0x11, 0xbe, 0x49, 0x1d, 0x63, 0xbe, 0x46, 0xaa, 0x91, 0xbe,
  0x8b, 0xc6, 0xa6, 0xbe, 0xc1, 0x6e, 0xb0, 0xbe, 0x45, 0x9c, 0xae, 0xbe,
  0x8b, 0xae, 0xa2, 0xbe, 0x5f, 0xa4, 0x8e, 0xbe, 0xa9, 0x33, 0x6a, 0xbe,
  0x36, 0x5d, 0x32, 0xbe, 0xd5, 0x03, 0xf6, 0xbd, 0x8c, 0xe2, 0x93, 0xbd,
  0x23, 0xc2, 0x08, 0xbd, 0xcc, 0xf7, 0xe1, 0xbb, 0xd7, 0x03, 0xf6, 0x3b,
  0x7b, 0xfd, 0x1e, 0x3c, 0x8f, 0x02, 0x24, 0x3b, 0x36, 0xb8, 0x42, 0xbc,
  0xc7, 0xc3, 0xf1, 0xbc, 0x9b, 0x24, 0x41, 0xbd, 0xee, 0x43, 0x7b, 0xbd,
  0xbf, 0x3f, 0x8e, 0xbd, 0x3c, 0x12, 0x8f, 0xbd, 0xbb, 0x3b, 0x7d, 0xbd,
  0xf4, 0x42, 0x3d, 0xbd, 0xda, 0x09, 0xca, 0xbc, 0x1b, 0xe2, 0xff, 0x86,
  0xda, 0x09, 0xca, 0x3c, 0xf4, 0x42, 0x3d, 0x3d, 0xbb, 0x3b, 0x7d, 0x3d,
  0x3c, 0x12, 0x8f, 0x3d, 0xbf, 0x3f, 0x8e, 0x3d, 0xee, 0x43, 0x7b, 0x3d,
  0x9b, 0x24, 0x41, 0x3d, 0xc7, 0xc3, 0xf1, 0x3c, 0x36, 0xb8, 0x42, 0x3c,
  0x8f, 0x02, 0x24, 0xbb, 0x7b, 0xfd, 0x1e, 0xbc, 0xd7, 0x03, 0xf6, 0xbb,
  0xcc, 0xf7, 0xe1, 0x3b, 0x23, 0xc2, 0x08, 0x3d, 0x8c, 0xe2, 0x93, 0x3d,
  0xd5, 0x03, 0xf6, 0x3d, 0x36, 0x5d, 0x32, 0x3e, 0xa9, 0x33, 0x6a, 0x3e,
  0x5f, 0xa4, 0x8e, 0x3e, 0x8b, 0xae, 0xa2, 0x3e, 0x45, 0x9c, 0xae, 0x3e,
  0xc1, 0x6e, 0xb0, 0x3e, 0x8b, 0xc6, 0xa6, 0x3e, 0x46, 0xaa, 0x91, 0x3e,
  0x49, 0x1d, 0x63, 0x3e, 0x44, 0x2a, 0x11, 0x3e, 0x32, 0x7d, 0x47, 0x3d,
  0x39, 0x23, 0x4e, 0xbd, 0x39, 0xa7, 0x18, 0xbe, 0xd5, 0x7b, 0x75, 0xbe,
  0xa0, 0xeb, 0xa1, 0xbe, 0xfa, 0xbe, 0xbe, 0xbe, 0xce, 0x7a, 0xcf, 0xbe,
  0x4b, 0xef, 0xd2, 0xbe, 0x4b, 0x75, 0xc9, 0xbe, 0xd0, 0xf2, 0xb3, 0xbe,
  0x51, 0x9f, 0x94, 0xbe, 0x6f, 0x93, 0x5b, 0xbe, 0x8e, 0x50, 0x05, 0xbe,
  0xbd, 0x02, 0x2f, 0xbd, 0x61, 0x76, 0x2b, 0x3d, 0xd1, 0xb3, 0xf4, 0x3d,
  0x81, 0x37, 0x3e, 0x3e, 0xd2, 0x53, 0x74, 0x3e, 0x50, 0x81, 0x8d, 0x3e,
  0x65, 0x4a, 0x99, 0x3e, 0x32, 0x43, 0x9e, 0x3e, 0x74, 0x7e, 0x9d, 0x3e,
  0xb9, 0xc5, 0x98, 0x3e, 0x43, 0x32, 0x91, 0x3e, 0x52, 0xa2, 0x88, 0x3e,
  0xfd, 0xbb, 0x7e, 0x3e, 0xfc, 0x32, 0x6d, 0x3e, 0x6f, 0x0b, 0x5b, 0x3e,
  0x44, 0x2a, 0x49, 0x3e, 0xd0, 0xc2, 0x34, 0x3e, 0xa2, 0x01, 0x1e, 0x3e,
  0x08, 0x3a, 0x02, 0x3e, 0xed, 0x2c, 0xc3, 0x3d, 0xa9, 0x63, 0x6a, 0x3d,
  0xff, 0x11, 0x5f, 0x3c, 0x42, 0xa2, 0x10, 0xbd, 0xa1, 0x90, 0xb4, 0xbd,
  0x4c, 0x62, 0x12, 0xbe, 0xf3, 0x71, 0x4a, 0xbe, 0x01, 0x5c, 0x7f, 0xbe,
  0xd5, 0xb0, 0x97, 0xbe, 0xae, 0xca, 0xab, 0xbe, 0x18, 0xa0, 0xbb, 0xbe,
  0x1a, 0x47, 0xc6, 0xbe, 0x9e, 0x03, 0xcc, 0xbe, 0x32, 0x8f, 0xcc, 0xbe,
  0x50, 0x9a, 0xc8, 0xbe, 0x00, 0x5f, 0xc0, 0xbe, 0xbe, 0xb9, 0xb4, 0xbe,
  0x98, 0x2a, 0xa6, 0xbe, 0xb2, 0x73, 0x95, 0xbe, 0x0c, 0x1a, 0x83, 0xbe,
  0x5e, 0x1f, 0x5f, 0xbe, 0xdb, 0x6a, 0x36, 0xbe, 0x2c, 0x66, 0x0c, 0xbe,
  0x10, 0xd3, 0xc3, 0xbd, 0xcc, 0xb4, 0x5d, 0xbd, 0xa7, 0x83, 0x69, 0xbc,
  0xa0, 0x74, 0xbb, 0x3c, 0x83, 0x83, 0x60, 0x3d, 0x9b, 0x3b, 0xa4, 0x3d,
  0x17, 0xc3, 0xc5, 0x3d, 0x87, 0xd3, 0xd3, 0x3d, 0x2e, 0x73, 0xcb, 0x3d,
  0x9b, 0xe7, 0xae, 0x3d, 0xf0, 0x23, 0x7c, 0x3d, 0xf0, 0xa9, 0xf9, 0x3c,
  0x7b, 0x03, 0xdf, 0xbb, 0xeb, 0x81, 0x3e, 0xbd, 0xc8, 0xf2, 0xb1, 0xbd,
  0xb9, 0x76, 0xfd, 0xbd, 0x7e, 0x4a, 0x1f, 0xbe, 0x3f, 0x3f, 0x37, 0xbe,
  0x17, 0x43, 0x46, 0xbe, 0xa5, 0xdb, 0x4a, 0xbe, 0x18, 0x93, 0x46, 0xbe,
  0x6a, 0x14, 0x3a, 0xbe, 0xa1, 0x52, 0x28, 0xbe, 0x68, 0x4f, 0x13, 0xbe,
  0xf1, 0xc3, 0xfc, 0xbd, 0xcd, 0xcd, 0xd7, 0xbd, 0xf5, 0x22, 0xbd, 0xbd,
  0xa3, 0x25, 0xb0, 0xbd, 0xcd, 0x12, 0xb3, 0xbd, 0xe3, 0x4b, 0xc6, 0xbd,
  0xa1, 0xc3, 0xe7, 0xbd, 0x7b, 0x39, 0x0a, 0xbe, 0x8f, 0x72, 0x23, 0xbe,
  0x1b, 0x65, 0x3d, 0xbe, 0x53, 0x33, 0x55, 0xbe, 0x5d, 0xa0, 0x69, 0xbe,
  0xe6, 0xf3, 0x78, 0xbe, 0x6f, 0xb7, 0x81, 0xbe, 0x0f, 0x42, 0x84, 0xbe,
  0x7b, 0xa1, 0x84, 0xbe, 0x0c, 0xbe, 0x82, 0xbe, 0xd8, 0x22, 0x7e, 0xbe,
  0xca, 0xf3, 0x72, 0xbe, 0xf2, 0x69, 0x64, 0xbe, 0x4a, 0x13, 0x52, 0xbe,
  0x6a, 0xa6, 0x3b, 0xbe, 0x85, 0x5a, 0x20, 0xbe, 0x90, 0x27, 0xfe, 0xbd,
  0xb8, 0x02, 0xae, 0xbd, 0x55, 0x61, 0x1b, 0xbd, 0x27, 0x02, 0x8a, 0x3c,
  0x5b, 0xcb, 0xa2, 0x3d, 0x5b, 0x22, 0x17, 0x3e, 0xff, 0x81, 0x60, 0x3e,
  0x51, 0x66, 0x94, 0x3e, 0xe7, 0x5b, 0xb6, 0x3e, 0x4d, 0x4f, 0xd3, 0x3e,
  0x33, 0xb3, 0xe9, 0x3e, 0xdd, 0x27, 0xf7, 0x3e, 0x7d, 0x03, 0xfb, 0x3e,
  0xcf, 0x0f, 0xf4, 0x3e, 0xbb, 0x02, 0xe3, 0x3e, 0x21, 0x37, 0xc8, 0x3e,
  0x17, 0xd3, 0xa5, 0x3e, 0xec, 0x1b, 0x7b, 0x3e, 0x5a, 0xa4, 0x24, 0x3e,
  0x66, 0x72, 0x99, 0x3d, 0x5b, 0x4c, 0xf0, 0xbb, 0xa5, 0x32, 0xa9, 0xbd,
  0x6b, 0xde, 0x17, 0xbe, 0x3d, 0xbb, 0x4f, 0xbe, 0xfe, 0x19, 0x7c, 0xbe,
  0x3a, 0x6e, 0x8e, 0xbe, 0xdc, 0xe8, 0x99, 0xbe, 0x82, 0xca, 0xa0, 0xbe,
  0xdd, 0x71, 0xa4, 0xbe, 0x93, 0x1e, 0xa5, 0xbe, 0x7a, 0x10, 0xa4, 0xbe,
  0x84, 0xfe, 0xa0, 0xbe, 0x45, 0x72, 0x9c, 0xbe, 0x54, 0x5e, 0x95, 0xbe,
  0x68, 0x89, 0x8b, 0xbe, 0xec, 0x4b, 0x7b, 0xbe, 0xf9, 0xdb, 0x56, 0xbe,
  0xa1, 0xaa, 0x28, 0xbe, 0x79, 0x67, 0xe3, 0xbd, 0x3a, 0x63, 0x4e, 0xbd,
  0xc8, 0x25, 0x6f, 0x3c, 0x91, 0x32, 0xa4, 0x3d, 0xaf, 0x78, 0x12, 0x3e,
  0x2a, 0x43, 0x4b, 0x3e, 0x15, 0xac, 0x79, 0x3e, 0x31, 0xb2, 0x8c, 0x3e,
  0x10, 0xbf, 0x94, 0x3e, 0x4f, 0xba, 0x93, 0x3e, 0xdc, 0x92, 0x8a, 0x3e,
  0xcb, 0xbb, 0x72, 0x3e, 0x40, 0xee, 0x44, 0x3e, 0x35, 0x02, 0x0e, 0x3e,
  0x35, 0xaf, 0xa7, 0x3d, 0x1d, 0xc3, 0xc6, 0x3c, 0x2b, 0xb6, 0xf1, 0xbc,
  0x85, 0x22, 0xa1, 0xbd, 0x4f, 0xa9, 0xf7, 0xbd, 0x84, 0x42, 0x21, 0xbe,
  0x43, 0x96, 0x40, 0xbe, 0x73, 0x5b, 0x5c, 0xbe, 0xfb, 0x69, 0x75, 0xbe,
  0x1c, 0x36, 0x87, 0xbe, 0x98, 0x02, 0x94, 0xbe, 0x88, 0xda, 0xa1, 0xbe,
  0xc8, 0x64, 0xb0, 0xbe, 0xfd, 0x66, 0xbf, 0xbe, 0x49, 0xbe, 0xcd, 0xbe,
  0x69, 0x67, 0xda, 0xbe, 0x7b, 0x08, 0xe4, 0xbe, 0xa7, 0xa7, 0xe9, 0xbe,
  0x13, 0x99, 0xea, 0xbe, 0x99, 0xb7, 0xe6, 0xbe, 0x0b, 0x89, 0xde, 0xbe,
  0x4d, 0x0b, 0xd3, 0xbe, 0x53, 0xda, 0xc5, 0xbe, 0xe3, 0xc6, 0xb8, 0xbe,
  0xe5, 0xc0, 0xad, 0xbe, 0x99, 0x92, 0xa6, 0xbe, 0xff, 0x55, 0xa4, 0xbe,
  0x9f, 0xbe, 0xa7, 0xbe, 0x2b, 0x0e, 0xb0, 0xbe, 0xf1, 0x52, 0xbc, 0xbe,
  0x49, 0xee, 0xc9, 0xbe, 0x5c, 0xd7, 0xd6, 0xbe, 0x3c, 0xc0, 0xdf, 0xbe,
  0x8d, 0xf7, 0xe2, 0xbe, 0x00, 0x1d, 0xde, 0xbe, 0x44, 0x0f, 0xd1, 0xbe,
  0x63, 0x58, 0xbb, 0xbe, 0x7b, 0xd6, 0x9e, 0xbe, 0x74, 0x1e, 0x7a, 0xbe,
  0xcf, 0x02, 0x33, 0xbe, 0x02, 0xb0, 0xdb, 0xbd, 0x2e, 0x83, 0x4b, 0xbd,
  0x04, 0x4e, 0xdf, 0xbb, 0xe8, 0x03, 0x7a, 0x3c, 0x9f, 0x35, 0x83, 0x3c,
  0x1d, 0x03, 0xc7, 0xbb, 0x68, 0xe6, 0x3a, 0xbd, 0x30, 0xd3, 0xcb, 0xbd,
  0x2a, 0xcd, 0x21, 0xbe, 0x78, 0x4b, 0x5d, 0xbe, 0xf0, 0x09, 0x87, 0xbe,
  0x61, 0x66, 0x98, 0xbe, 0x3a, 0x69, 0x9f, 0xbe, 0x72, 0x92, 0x9c, 0xbe,
  0xf6, 0xd6, 0x8f, 0xbe, 0xe0, 0xc3, 0x78, 0xbe, 0xcc, 0x64, 0x4b, 0xbe,
  0x87, 0x8a, 0x21, 0xbe, 0x9d, 0xfc, 0x04, 0xbe, 0x04, 0xa2, 0x01, 0xbe,
  0x06, 0x4b, 0x1d, 0xbe, 0x65, 0x4b, 0x58, 0xbe, 0x66, 0x3e, 0x99, 0xbe,
  0x58, 0xc7, 0xd5, 0xbe, 0xe1, 0xa7, 0x0d, 0xbf, 0xbe, 0x8e, 0x2f, 0xbf,
  0x3f, 0x73, 0x4e, 0xbf, 0xa9, 0x41, 0x6a, 0xbf, 0x26, 0x7c, 0x7d, 0xbf,
  0x00, 0xfe, 0x7f, 0xbf, 0xf5, 0xe7, 0x72, 0xbf, 0x76, 0xc7, 0x5d, 0xbf,
  0x3d, 0x25, 0x3c, 0xbf, 0x06, 0x9c, 0x01, 0xbf, 0x28, 0xc0, 0x5b, 0xbe,
  0xb6, 0x4c, 0xc9, 0x22, 0x13, 0x55, 0x61, 0x3e, 0x13, 0xb2, 0x04, 0x3f,
  0x0f, 0x0c, 0x40, 0x3f, 0x84, 0x45, 0x61, 0x3f, 0xac, 0x0a, 0x75, 0x3f,
  0x00, 0x00, 0x80, 0x3f, 0x84, 0x7e, 0x7a, 0x3f, 0x8f, 0x93, 0x63, 0x3f,
  0x84, 0xe2, 0x43, 0x3f, 0x86, 0x64, 0x21, 0x3f, 0x20, 0x0e, 0xf9, 0x3e,
  0xbf, 0x9e, 0xaf, 0x3e, 0xbe, 0xdf, 0x63, 0x3e, 0x34, 0x82, 0x0d, 0x3e,
  0x42, 0xd3, 0xb7, 0x3d, 0x71, 0x42, 0x9c, 0x3d, 0xf0, 0x53, 0xc4, 0x3d,
  0x42, 0x82, 0x10, 0x3e, 0x31, 0x65, 0x4b, 0x3e, 0x0e, 0xee, 0x83, 0x3e,
  0xed, 0x6d, 0x9d, 0x3e, 0xbb, 0x7a, 0xae, 0x3e, 0x8d, 0xab, 0xb3, 0x3e,
  0xb4, 0x0e, 0xad, 0x3e, 0xc8, 0x28, 0x9a, 0x3e, 0xf2, 0x43, 0x7d, 0x3e,
  0x64, 0x4e, 0x39, 0x3e, 0xa8, 0xa3, 0xe8, 0x3d, 0xbe, 0x85, 0x54, 0x3d,
  0xa8, 0x03, 0xea, 0x3b, 0xd0, 0xcd, 0x85, 0xbc, 0x48, 0x03, 0x51, 0xbc,
  0x14, 0x35, 0x84, 0x3c, 0x35, 0x12, 0x8d, 0x3d, 0x61, 0x7d, 0x0d, 0x3e,
  0x7d, 0x1b, 0x5f, 0x3e, 0x58, 0xe3, 0x98, 0x3e, 0xfe, 0x72, 0xbf, 0x3e,
  0x35, 0x31, 0xdf, 0x3e, 0xd8, 0x4f, 0xf6, 0x3e, 0xa0, 0x57, 0x01, 0x3f,
  0x0b, 0x7a, 0x02, 0x3f, 0xf1, 0x7a, 0xfd, 0x3e, 0xbc, 0x4f, 0xef, 0x3e,
  0x94, 0xc2, 0xdc, 0x3e, 0x28, 0xff, 0xc9, 0x3e, 0xb7, 0xa7, 0xb9, 0x3e,
  0xbb, 0xea, 0xae, 0x3e, 0xb1, 0xe6, 0xaa, 0x3e, 0xb9, 0x6e, 0xae, 0x3e,
  0xf0, 0x9b, 0xb8, 0x3e, 0x21, 0x1f, 0xc8, 0x3e, 0x93, 0xbd, 0xda, 0x3e,
  0xb9, 0x23, 0xee, 0x3e, 0x4c, 0xd8, 0xff, 0x3e, 0x1b, 0xe0, 0x06, 0x3f,
  0xb6, 0x0e, 0x0b, 0x3f, 0x31, 0x0a, 0x0c, 0x3f, 0x90, 0xab, 0x09, 0x3f,
  0x11, 0x62, 0x04, 0x3f, 0x7d, 0x64, 0xf9, 0x3e, 0x9b, 0x33, 0xe7, 0x3e,
  0xcc, 0x8a, 0xd3, 0x3e, 0x00, 0x4b, 0xc0, 0x3e, 0x05, 0x0a, 0xae, 0x3e,
  0x76, 0xba, 0x9d, 0x3e, 0x0a, 0xdb, 0x8e, 0x3e, 0x05, 0x82, 0x81, 0x3e,
  0xe5, 0xe0, 0x68, 0x3e, 0x38, 0xa3, 0x4e, 0x3e, 0x17, 0x2f, 0x31, 0x3e,
  0x42, 0x2a, 0x10, 0x3e, 0xca, 0x48, 0xd2, 0x3d, 0xdb, 0x83, 0x76, 0x3d,
  0x50, 0x1b, 0x53, 0x3c, 0x3f, 0x82, 0x0f, 0xbd, 0x5e, 0xd7, 0xa7, 0xbd,
  0xe7, 0xd3, 0xf9, 0xbd, 0x39, 0x03, 0x1d, 0xbe, 0xbb, 0x1a, 0x2f, 0xbe,
  0x86, 0x5a, 0x33, 0xbe, 0x9a, 0x42, 0x27, 0xbe, 0xdf, 0x71, 0x0d, 0xbe,
  0x31, 0x03, 0xcc, 0xbd, 0x9e, 0x64, 0x54, 0xbd, 0x89, 0x03, 0x62, 0x3b,
  0xeb, 0x82, 0x7d, 0x3d, 0xe4, 0xc3, 0xf7, 0x3d, 0x70, 0x38, 0x35, 0x3e,
  0xa6, 0x3b, 0x69, 0x3e, 0xa0, 0x10, 0x8b, 0x3e, 0x76, 0xa2, 0x9d, 0x3e,
  0xce, 0xa2, 0xac, 0x3e, 0xe1, 0x62, 0xb8, 0x3e, 0xbd, 0xd1, 0xc1, 0x3e,
  0x25, 0x2b, 0xc9, 0x3e, 0xdf, 0x17, 0xcf, 0x3e, 0x4c, 0x27, 0xd3, 0x3e,
  0x15, 0x53, 0xd5, 0x3e, 0x51, 0x8b, 0xd4, 0x3e, 0xfb, 0x3b, 0xd0, 0x3e,
  0x1b, 0x1f, 0xc7, 0x3e, 0x77, 0x79, 0xb8, 0x3e, 0x8f, 0x72, 0xa3, 0x3e,
  0xc8, 0xc8, 0x87, 0x3e, 0x2c, 0x93, 0x4b, 0x3e, 0x21, 0x11, 0xf9, 0x3d,
  0x63, 0xa2, 0x18, 0x3d, 0x5b, 0x24, 0x4f, 0xbd, 0x2c, 0x6a, 0x0b, 0xbe,
  0x73, 0x76, 0x5c, 0xbe, 0x44, 0x7a, 0x90, 0xbe, 0x01, 0x07, 0xab, 0xbe,
  0xf0, 0xba, 0xbb, 0xbe, 0x1b, 0x72, 0xc2, 0xbe, 0xf8, 0x46, 0xbe, 0xbe,
  0x4e, 0x8e, 0xb0, 0xbe, 0x66, 0xca, 0x99, 0xbe, 0xde, 0x46, 0x79, 0xbe,
  0xd2, 0x3a, 0x35, 0xbe, 0x62, 0xa0, 0xdb, 0xbd, 0x63, 0xa2, 0x18, 0xbd,
  0x9f, 0xaa, 0xe4, 0x3c, 0xc9, 0x52, 0xb2, 0x3d, 0xeb, 0x0d, 0x0d, 0x3e,
  0xe7, 0x22, 0x39, 0x3e, 0xb8, 0xf6, 0x5c, 0x3e, 0xec, 0x63, 0x7a, 0x3e,
  0x5b, 0xf1, 0x88, 0x3e, 0x4b, 0x96, 0x92, 0x3e, 0xcb, 0x6d, 0x9a, 0x3e,
  0x83, 0x02, 0xa1, 0x3e, 0xc0, 0x78, 0xa6, 0x3e, 0xaa, 0xd2, 0xaa, 0x3e,
  0xda, 0xcf, 0xad, 0x3e, 0xbb, 0xea, 0xae, 0x3e, 0x30, 0xb2, 0xad, 0x3e,
  0xa8, 0xa6, 0xa9, 0x3e, 0x2f, 0xc7, 0xa2, 0x3e, 0x65, 0x4a, 0x99, 0x3e,
  0x0b, 0xfd, 0x8d, 0x3e, 0x09, 0xda, 0x81, 0x3e, 0xeb, 0x2c, 0x6c, 0x3e,
  0x5f, 0xbb, 0x57, 0x3e, 0x06, 0x4c, 0x48, 0x3e, 0x00, 0x93, 0x3f, 0x3e,
  0x1a, 0x39, 0x3e, 0x3e, 0x12, 0xcb, 0x44, 0x3e, 0x1f, 0x37, 0x52, 0x3e,
  0x95, 0x93, 0x65, 0x3e, 0x76, 0xf2, 0x7b, 0x3e, 0x27, 0x9a, 0x89, 0x3e,
  0x99, 0x9f, 0x93, 0x3e, 0x6b, 0xfa, 0x9a, 0x3e, 0x25, 0xd9, 0x9d, 0x3e,
  0x70, 0x06, 0x9c, 0x3e, 0x18, 0x95, 0x94, 0x3e, 0x23, 0x72, 0x88, 0x3e,
  0x41, 0x36, 0x6f, 0x3e, 0x1f, 0xd3, 0x47, 0x3e, 0x08, 0x10, 0x1c, 0x3e,
  0x87, 0x53, 0xe1, 0x3d, 0xe4, 0x13, 0x8f, 0x3d, 0x56, 0x82, 0x15, 0x3d,
  0x8d, 0x7b, 0x37, 0x3c, 0x0f, 0x03, 0x44, 0xbb, 0x52, 0x5d, 0xd9, 0xbb,
  0x41, 0x02, 0x90, 0x3a, 0x66, 0xa6, 0x92, 0x3c, 0xc3, 0xa2, 0x30, 0x3d,
  0x8e, 0x5c, 0x97, 0x3d, 0x7f, 0x23, 0xe0, 0x3d, 0xff, 0xc7, 0x16, 0x3e,
  0x00, 0x3b, 0x3f, 0x3e, 0xb9, 0x29, 0x67, 0x3e, 0x1c, 0x06, 0x87, 0x3e,
  0x82, 0xf9, 0x98, 0x3e, 0xa4, 0x4a, 0xa9, 0x3e, 0x1a, 0x5e, 0xb7, 0x3e,
  0x0f, 0x47, 0xc3, 0x3e, 0x94, 0xc2, 0xcc, 0x3e, 0x4f, 0xcf, 0xd3, 0x3e,
  0x65, 0x22, 0xd8, 0x3e, 0x66, 0x4f, 0xd9, 0x3e, 0xb5, 0xfe, 0xd6, 0x3e,
  0x44, 0xb3, 0xd0, 0x3e, 0x49, 0x95, 0xc6, 0x3e, 0xe4, 0xae, 0xb8, 0x3e,
  0xc1, 0xd9, 0xa7, 0x3e, 0x52, 0x9e, 0x94, 0x3e, 0xa3, 0x08, 0x80, 0x3e,
  0x53, 0x63, 0x55, 0x3e, 0x32, 0x98, 0x2a, 0x3e, 0x06, 0xb2, 0x00, 0x3e,
  0x28, 0x8e, 0xb0, 0x3d, 0x28, 0x63, 0x4a, 0x3d, 0x45, 0x8a, 0x77, 0x3c,
  0xfc, 0x03, 0x7e, 0xbc, 0xae, 0xb6, 0x33, 0xbd, 0x37, 0xe2, 0x8d, 0xbd,
  0x4b, 0x01, 0xc1, 0xbd, 0xc7, 0xc3, 0xf1, 0xbd, 0x07, 0x5d, 0x12, 0xbe,
  0xaf, 0xfa, 0x2a, 0xbe, 0xb8, 0x49, 0x43, 0xbe, 0x5f, 0xeb, 0x57, 0xbe,
  0xde, 0xeb, 0x67, 0xbe, 0xbf, 0xab, 0x6f, 0xbe, 0xdb, 0xc7, 0x6d, 0xbe,
  0x82, 0xb3, 0x5f, 0xbe, 0xa1, 0x92, 0x44, 0xbe, 0x6f, 0x9a, 0x1b, 0xbe,
  0xcf, 0x3e, 0xca, 0xbd, 0x2b, 0xc2, 0x0a, 0xbd, 0xf6, 0x13, 0x25, 0x3d,
  0xd3, 0x03, 0xf5, 0x3d, 0xc7, 0x73, 0x4c, 0x3e, 0x32, 0x96, 0x8c, 0x3e,
  0xa2, 0xb2, 0xad, 0x3e, 0x1c, 0xd3, 0xc6, 0x3e, 0xcc, 0x0d, 0xd6, 0x3e,
  0x68, 0xe3, 0xd9, 0x3e, 0xdc, 0xe8, 0xd1, 0x3e, 0xfa, 0x4e, 0xbe, 0x3e,
  0x83, 0x69, 0xa0, 0x3e, 0xce, 0x13, 0x74, 0x3e, 0x11, 0x0d, 0x1c, 0x3e,
  0xe6, 0xc3, 0x79, 0x3d, 0x5c, 0x64, 0xee, 0xbc, 0x99, 0x33, 0xe6, 0xbd,
  0xe4, 0x9e, 0x3b, 0xbe, 0xd3, 0xf3, 0x73, 0xbe, 0xb6, 0x95, 0x8c, 0xbe,
  0x57, 0x76, 0x95, 0xbe, 0xb8, 0xd7, 0x94, 0xbe, 0x30, 0xda, 0x8b, 0xbe,
  0xd8, 0x4a, 0x78, 0xbe, 0x3f, 0x53, 0x4f, 0xbe, 0xd4, 0xe6, 0x21, 0xbe,
  0xa0, 0x23, 0xe8, 0xbd, 0x14, 0x9e, 0x95, 0xbd, 0x89, 0xe2, 0x21, 0xbd,
  0xd7, 0xd4, 0x7f, 0xbc, 0x00, 0x02, 0x80, 0xba, 0x75, 0xba, 0x88, 0x3b,
  0x52, 0x02, 0x14, 0x3b, 0x73, 0x53, 0xab, 0xbb, 0xf5, 0x83, 0x7c, 0xbc,
  0xaa, 0xc5, 0xd7, 0xbc, 0x49, 0x02, 0x12, 0xbd, 0x9a, 0x41, 0x2a, 0xbd,
  0xbe, 0x42, 0x2f, 0xbd, 0x5c, 0xfd, 0x1d, 0xbd, 0xbc, 0x83, 0xef, 0xbc,
  0xef, 0xf5, 0x80, 0xbc, 0x00, 0x00, 0x00, 0x00, 0xef, 0xf5, 0x80, 0x3c,
  0xbc, 0x83, 0xef, 0x3c, 0x5c, 0xfd, 0x1d, 0x3d, 0xbe, 0x42, 0x2f, 0x3d,
  0x9a, 0x41, 0x2a, 0x3d, 0x49, 0x02, 0x12, 0x3d, 0xaa, 0xc5, 0xd7, 0x3c,
  0xf5, 0x83, 0x7c, 0x3c, 0x73, 0x53, 0xab, 0x3b, 0x52, 0x02, 0x14, 0xbb,
  0x75, 0xba, 0x88, 0xbb, 0x00, 0x02, 0x80, 0x3a, 0xd7, 0xd4, 0x7f, 0x3c,
  0x89, 0xe2, 0x21, 0x3d, 0x14, 0x9e, 0x95, 0x3d, 0xa0, 0x23, 0xe8, 0x3d,
  0xd4, 0xe6, 0x21, 0x3e, 0x3f, 0x53, 0x4f, 0x3e, 0xd8, 0x4a, 0x78, 0x3e,
  0x30, 0xda, 0x8b, 0x3e, 0xb8, 0xd7, 0x94, 0x3e, 0x57, 0x76, 0x95, 0x3e,
  0xb6, 0x95, 0x8c, 0x3e, 0xd3, 0xf3, 0x73, 0x3e, 0xe4, 0x9e, 0x3b, 0x3e,
  0x99, 0x33, 0xe6, 0x3d, 0x5c, 0x64, 0xee, 0x3c, 0xe6, 0xc3, 0x79, 0xbd,
  0x11, 0x0d, 0x1c, 0xbe, 0xce, 0x13, 0x74, 0xbe, 0x83, 0x69, 0xa0, 0xbe,
  0xfa, 0x4e, 0xbe, 0xbe, 0xdc, 0xe8, 0xd1, 0xbe, 0x68, 0xe3, 0xd9, 0xbe,
  0xcc, 0x0d, 0xd6, 0xbe, 0x1c, 0xd3, 0xc6, 0xbe, 0xa2, 0xb2, 0xad, 0xbe,
  0x32, 0x96, 0x8c, 0xbe, 0xc7, 0x73, 0x4c, 0xbe, 0xd3, 0x03, 0xf5, 0xbd,
  0xf6, 0x13, 0x25, 0xbd, 0x2b, 0xc2, 0x0a, 0x3d, 0xcf, 0x3e, 0xca, 0x3d,
  0x6f, 0x9a, 0x1b, 0x3e, 0xa1, 0x92, 0x44, 0x3e, 0x82, 0xb3, 0x5f, 0x3e,
  0xdb, 0xc7, 0x6d, 0x3e, 0xbf, 0xab, 0x6f, 0x3e, 0xde, 0xeb, 0x67, 0x3e,
  0x5f, 0xeb, 0x57, 0x3e, 0xb8, 0x49, 0x43, 0x3e, 0xaf, 0xfa, 0x2a, 0x3e,
  0x07, 0x5d, 0x12, 0x3e, 0xc7, 0xc3, 0xf1, 0x3d, 0x4b, 0x01, 0xc1, 0x3d,
  0x37, 0xe2, 0x8d, 0x3d, 0xae, 0xb6, 0x33, 0x3d, 0xfc, 0x03, 0x7e, 0x3c,
  0x45, 0x8a, 0x77, 0xbc, 0x28, 0x63, 0x4a, 0xbd, 0x28, 0x8e, 0xb0, 0xbd,
  0x06, 0xb2, 0x00, 0xbe, 0x32, 0x98, 0x2a, 0xbe, 0x53, 0x63, 0x55, 0xbe,
  0xa3, 0x08, 0x80, 0xbe, 0x52, 0x9e, 0x94, 0xbe, 0xc1, 0xd9, 0xa7, 0xbe,
  0xe4, 0xae, 0xb8, 0xbe, 0x49, 0x95, 0xc6, 0xbe, 0x44, 0xb3, 0xd0, 0xbe,
  0xb5, 0xfe, 0xd6, 0xbe, 0x66, 0x4f, 0xd9, 0xbe, 0x65, 0x22, 0xd8, 0xbe,
  0x4f, 0xcf, 0xd3, 0xbe, 0x94, 0xc2, 0xcc, 0xbe, 0x0f, 0x47, 0xc3, 0xbe,
  0x1a, 0x5e, 0xb7, 0xbe, 0xa4, 0x4a, 0xa9, 0xbe, 0x82, 0xf9, 0x98, 0xbe,
  0x1c, 0x06, 0x87, 0xbe, 0xb9, 0x29, 0x67, 0xbe, 0x00, 0x3b, 0x3f, 0xbe,
  0xff, 0xc7, 0x16, 0xbe, 0x7f, 0x23, 0xe0, 0xbd, 0x8e, 0x5c, 0x97, 0xbd,
  0xc3, 0xa2, 0x30, 0xbd, 0x66, 0xa6, 0x92, 0xbc, 0x41, 0x02, 0x90, 0xba,
  0x52, 0x5d, 0xd9, 0x3b, 0x0f, 0x03, 0x44, 0x3b, 0x8d, 0x7b, 0x37, 0xbc,
  0x56, 0x82, 0x15, 0xbd, 0xe4, 0x13, 0x8f, 0xbd, 0x87, 0x53, 0xe1, 0xbd,
  0x08, 0x10, 0x1c, 0xbe, 0x1f, 0xd3, 0x47, 0xbe, 0x41, 0x36, 0x6f, 0xbe,
  0x23, 0x72, 0x88, 0xbe, 0x18, 0x95, 0x94, 0xbe, 0x70, 0x06, 0x9c, 0xbe,
  0x25, 0xd9, 0x9d, 0xbe, 0x6b, 0xfa, 0x9a, 0xbe, 0x99, 0x9f, 0x93, 0xbe,
  0x27, 0x9a, 0x89, 0xbe, 0x76, 0xf2, 0x7b, 0xbe, 0x95, 0x93, 0x65, 0xbe,
  0x1f, 0x37, 0x52, 0xbe, 0x12, 0xcb, 0x44, 0xbe, 0x1a, 0x39, 0x3e, 0xbe,
  0x00, 0x93, 0x3f, 0xbe, 0x06, 0x4c, 0x48, 0xbe, 0x5f, 0xbb, 0x57, 0xbe,
  0xeb, 0x2c, 0x6c, 0xbe, 0x09, 0xda, 0x81, 0xbe, 0x0b, 0xfd, 0x8d, 0xbe,
  0x65, 0x4a, 0x99, 0xbe, 0x2f, 0xc7, 0xa2, 0xbe, 0xa8, 0xa6, 0xa9, 0xbe,
  0x30, 0xb2, 0xad, 0xbe, 0xbb, 0xea, 0xae, 0xbe, 0xda, 0xcf, 0xad, 0xbe,
  0xaa, 0xd2, 0xaa, 0xbe, 0xc0, 0x78, 0xa6, 0xbe, 0x83, 0x02, 0xa1, 0xbe,
  0xcb, 0x6d, 0x9a, 0xbe, 0x4b, 0x96, 0x92, 0xbe, 0x5b, 0xf1, 0x88, 0xbe,
  0xec, 0x63, 0x7a, 0xbe, 0xb8, 0xf6, 0x5c, 0xbe, 0xe7, 0x22, 0x39, 0xbe,
  0xeb, 0x0d, 0x0d, 0xbe, 0xc9, 0x52, 0xb2, 0xbd, 0x9f, 0xaa, 0xe4, 0xbc,
  0x63, 0xa2, 0x18, 0x3d, 0x62, 0xa0, 0xdb, 0x3d, 0xd2, 0x3a, 0x35, 0x3e,
  0xde, 0x46, 0x79, 0x3e, 0x66, 0xca, 0x99, 0x3e, 0x4e, 0x8e, 0xb0, 0x3e,
  0xf8, 0x46, 0xbe, 0x3e, 0x1b, 0x72, 0xc2, 0x3e, 0xf0, 0xba, 0xbb, 0x3e,
  0x01, 0x07, 0xab, 0x3e, 0x44, 0x7a, 0x90, 0x3e, 0x73, 0x76, 0x5c, 0x3e,
  0x2c, 0x6a, 0x0b, 0x3e, 0x5b, 0x24, 0x4f, 0x3d, 0x63, 0xa2, 0x18, 0xbd,
  0x21, 0x11, 0xf9, 0xbd, 0x2c, 0x93, 0x4b, 0xbe, 0xc8, 0xc8, 0x87, 0xbe,
  0x8f, 0x72, 0xa3, 0xbe, 0x77, 0x79, 0xb8, 0xbe, 0x1b, 0x1f, 0xc7, 0xbe,
  0xfb, 0x3b, 0xd0, 0xbe, 0x51, 0x8b, 0xd4, 0xbe, 0x15, 0x53, 0xd5, 0xbe,
  0x4c, 0x27, 0xd3, 0xbe, 0xdf, 0x17, 0xcf, 0xbe, 0x25, 0x2b, 0xc9, 0xbe,
  0xbd, 0xd1, 0xc1, 0xbe, 0xe1, 0x62, 0xb8, 0xbe, 0xce, 0xa2, 0xac, 0xbe,
  0x76, 0xa2, 0x9d, 0xbe, 0xa0, 0x10, 0x8b, 0xbe, 0xa6, 0x3b, 0x69, 0xbe,
  0x70, 0x38, 0x35, 0xbe, 0xe4, 0xc3, 0xf7, 0xbd, 0xeb, 0x82, 0x7d, 0xbd,
  0x89, 0x03, 0x62, 0xbb, 0x9e, 0x64, 0x54, 0x3d, 0x31, 0x03, 0xcc, 0x3d,
  0xdf, 0x71, 0x0d, 0x3e, 0x9a, 0x42, 0x27, 0x3e, 0x86, 0x5a, 0x33, 0x3e,
  0xbb, 0x1a, 0x2f, 0x3e, 0x39, 0x03, 0x1d, 0x3e, 0xe7, 0xd3, 0xf9, 0x3d,
  0x5e, 0xd7, 0xa7, 0x3d, 0x3f, 0x82, 0x0f, 0x3d, 0x50, 0x1b, 0x53, 0xbc,
  0xdb, 0x83, 0x76, 0xbd, 0xca, 0x48, 0xd2, 0xbd, 0x42, 0x2a, 0x10, 0xbe,
  0x17, 0x2f, 0x31, 0xbe, 0x38, 0xa3, 0x4e, 0xbe, 0xe5, 0xe0, 0x68, 0xbe,
  0x05, 0x82, 0x81, 0xbe, 0x0a, 0xdb, 0x8e, 0xbe, 0x76, 0xba, 0x9d, 0xbe,
  0x05, 0x0a, 0xae, 0xbe, 0x00, 0x4b, 0xc0, 0xbe, 0xcc, 0x8a, 0xd3, 0xbe,
  0x9b, 0x33, 0xe7, 0xbe, 0x7d, 0x64, 0xf9, 0xbe, 0x11, 0x62, 0x04, 0xbf,
  0x90, 0xab, 0x09, 0xbf, 0x31, 0x0a, 0x0c, 0xbf, 0xb6, 0x0e, 0x0b, 0xbf,
  0x1b, 0xe0, 0x06, 0xbf, 0x4c, 0xd8, 0xff, 0xbe, 0xb9, 0x23, 0xee, 0xbe,
  0x93, 0xbd, 0xda, 0xbe, 0x21, 0x1f, 0xc8, 0xbe, 0xf0, 0x9b, 0xb8, 0xbe,
  0xb9, 0x6e, 0xae, 0xbe, 0xb1, 0xe6, 0xaa, 0xbe, 0xbb, 0xea, 0xae, 0xbe,
  0xb7, 0xa7, 0xb9, 0xbe, 0x28, 0xff, 0xc9, 0xbe, 0x94, 0xc2, 0xdc, 0xbe,
  0xbc, 0x4f, 0xef, 0xbe, 0xf1, 0x7a, 0xfd, 0xbe, 0x0b, 0x7a, 0x02, 0xbf,
  0xa0, 0x57, 0x01, 0xbf, 0xd8, 0x4f, 0xf6, 0xbe, 0x35, 0x31, 0xdf, 0xbe,
  0xfe, 0x72, 0xbf, 0xbe, 0x58, 0xe3, 0x98, 0xbe, 0x7d, 0x1b, 0x5f, 0xbe,
  0x61, 0x7d, 0x0d, 0xbe, 0x35, 0x12, 0x8d, 0xbd, 0x14, 0x35, 0x84, 0xbc,
  0x48, 0x03, 0x51, 0x3c, 0xd0, 0xcd, 0x85, 0x3c, 0xa8, 0x03, 0xea, 0xbb,
  0xbe, 0x85, 0x54, 0xbd, 0xa8, 0xa3, 0xe8, 0xbd, 0x64, 0x4e, 0x39, 0xbe,
  0xf2, 0x43, 0x7d, 0xbe, 0xcc, 0x28, 0x9a, 0xbe, 0xb4, 0x0e, 0xad, 0xbe,
  0x8a, 0xab, 0xb3, 0xbe, 0xbb, 0x7a, 0xae, 0xbe, 0xf7, 0x6d, 0x9d, 0xbe,
  0x0e, 0xee, 0x83, 0xbe, 0x09, 0x65, 0x4b, 0xbe, 0x42, 0x82, 0x10, 0xbe,
  0x62, 0x54, 0xc4, 0xbd, 0x71, 0x42, 0x9c, 0xbd, 0x8e, 0xd2, 0xb7, 0xbd,
  0x34, 0x82, 0x0d, 0xbe, 0x4b, 0xe0, 0x63, 0xbe, 0xbf, 0x9e, 0xaf, 0xbe,
  0xae, 0x0d, 0xf9, 0xbe, 0x86, 0x64, 0x21, 0xbf, 0xec, 0xe2, 0x43, 0xbf,
  0x8f, 0x93, 0x63, 0xbf, 0x41, 0x7d, 0x7a, 0xbf, 0x00, 0xfe, 0x7f, 0xbf,
  0x68, 0x09, 0x75, 0xbf, 0x84, 0x45, 0x61, 0xbf, 0x77, 0x0c, 0x40, 0xbf,
  0x13, 0xb2, 0x04, 0xbf, 0x2f, 0x54, 0x61, 0xbe, 0xc3, 0x50, 0xa6, 0x22,
  0x91, 0xd6, 0x3b, 0x3e, 0x74, 0x0b, 0xdd, 0x3e, 0x7d, 0x96, 0x1f, 0x3f,
  0xeb, 0xc2, 0x3a, 0x3f, 0x1e, 0xcb, 0x4a, 0x3f, 0x50, 0x0b, 0x54, 0x3f,
  0xb9, 0x4e, 0x50, 0x3f, 0xfd, 0x16, 0x3f, 0x3f, 0x58, 0x70, 0x27, 0x3f,
  0x39, 0x44, 0x0e, 0x3f, 0x4f, 0xee, 0xe6, 0x3e, 0xc9, 0xee, 0xb1, 0x3e,
  0xf3, 0x5c, 0x86, 0x3e, 0x4e, 0xeb, 0x53, 0x3e, 0x3a, 0xc1, 0x38, 0x3e,
  0xf0, 0x62, 0x3b, 0x3e, 0x49, 0xe4, 0x59, 0x3e, 0x1e, 0x5a, 0x87, 0x3e,
  0x02, 0xc8, 0xa6, 0x3e, 0x1a, 0xcf, 0xc6, 0x3e, 0xe3, 0x62, 0xe2, 0x3e,
  0xdb, 0xab, 0xf6, 0x3e, 0x27, 0x44, 0x00, 0x3f, 0x00, 0x36, 0x00, 0x3f,
  0x80, 0xa9, 0xf5, 0x3e, 0x8e, 0xa3, 0xe3, 0x3e, 0x68, 0xb9, 0xcb, 0x3e,
  0xcc, 0x16, 0xb3, 0x3e, 0xf6, 0x10, 0x9c, 0x3e, 0x2e, 0xce, 0x8b, 0x3e,
  0x7a, 0xc2, 0x83, 0x3e, 0x1c, 0xf2, 0x86, 0x3e, 0x6f, 0x4e, 0x94, 0x3e,
  0xb0, 0xd2, 0xab, 0x3e, 0xf8, 0xf8, 0xc9, 0x3e, 0xb1, 0xbf, 0xec, 0x3e,
  0xc0, 0xdc, 0x07, 0x3f, 0x62, 0x70, 0x18, 0x3f, 0xdc, 0x3a, 0x26, 0x3f,
  0xc3, 0xde, 0x30, 0x3f, 0x3f, 0x36, 0x37, 0x3f, 0xe7, 0xd6, 0x39, 0x3f,
  0xce, 0x88, 0x38, 0x3f, 0xd3, 0xda, 0x34, 0x3f, 0x29, 0x5c, 0x2f, 0x3f,
  0xa9, 0x1a, 0x2a, 0x3f, 0x8b, 0xc5, 0x25, 0x3f, 0x91, 0x08, 0x24, 0x3f,
  0x04, 0xe0, 0x24, 0x3f, 0xa5, 0xee, 0x28, 0x3f, 0x99, 0x41, 0x2f, 0x3f,
  0xde, 0xa2, 0x37, 0x3f, 0x5a, 0xa7, 0x40, 0x3f, 0x28, 0xdd, 0x49, 0x3f,
  0xae, 0xe7, 0x51, 0x3f, 0x62, 0x93, 0x58, 0x3f, 0x5a, 0xd4, 0x5c, 0x3f,
  0x7b, 0xe5, 0x5e, 0x3f, 0x1d, 0x25, 0x5e, 0x3f, 0x6e, 0x61, 0x5b, 0x3f,
  0xed, 0x78, 0x56, 0x3f, 0x43, 0xbf, 0x50, 0x3f, 0x29, 0x56, 0x4a, 0x3f,
  0x13, 0xab, 0x44, 0x3f, 0xb6, 0xa2, 0x3f, 0x3f, 0xf1, 0x3e, 0x3c, 0x3f,
  0xc8, 0xc9, 0x39, 0x3f, 0xe2, 0xb6, 0x38, 0x3f, 0xcc, 0xd1, 0x37, 0x3f,
  0xdd, 0x4c, 0x37, 0x3f, 0xba, 0xd2, 0x35, 0x3f, 0xce, 0xbc, 0x33, 0x3f,
  0x17, 0xea, 0x2f, 0x3f, 0xac, 0x22, 0x2b, 0x3f, 0xa7, 0xa9, 0x24, 0x3f,
  0x77, 0xd0, 0x1d, 0x3f, 0xa3, 0x3d, 0x16, 0x3f, 0x3f, 0xa2, 0x0f, 0x3f,
  0xab, 0xc3, 0x09, 0x3f, 0x1a, 0x4c, 0x06, 0x3f, 0x6b, 0xbd, 0x04, 0x3f,
  0x1a, 0x58, 0x06, 0x3f, 0xbf, 0x2b, 0x0a, 0x3f, 0x45, 0xfc, 0x10, 0x3f,
  0x39, 0x84, 0x19, 0x3f, 0x91, 0x28, 0x24, 0x3f, 0xa6, 0x7a, 0x2f, 0x3f,
  0xee, 0xa6, 0x3b, 0x3f, 0x93, 0x42, 0x47, 0x3f, 0x4a, 0x75, 0x52, 0x3f,
  0xe3, 0x14, 0x5c, 0x3f, 0x92, 0x8d, 0x64, 0x3f, 0x1f, 0x2c, 0x6b, 0x3f,
  0xc3, 0xbb, 0x70, 0x3f, 0xf3, 0xe1, 0x74, 0x3f, 0xe2, 0x87, 0x78, 0x3f,
  0x75, 0x45, 0x7b, 0x3f, 0xf7, 0xc1, 0x7d, 0x3f, 0x56, 0x3a, 0x7f, 0x3f,
  0x00, 0x00, 0x80, 0x3f, 0xf0, 0x0b, 0x7f, 0x3f, 0xf3, 0x9d, 0x7c, 0x3f,
  0x1b, 0xb7, 0x77, 0x3f, 0xc4, 0xd5, 0x70, 0x3f, 0xe1, 0x3c, 0x67, 0x3f,
  0x6f, 0xd7, 0x5b, 0x3f, 0xc8, 0x45, 0x4e, 0x3f, 0x00, 0xf1, 0x3f, 0x3f,
  0x43, 0xce, 0x30, 0x3f, 0x8b, 0xa0, 0x22, 0x3f, 0xe2, 0x6e, 0x15, 0x3f,
  0x2d, 0xfe, 0x0a, 0x3f, 0xfc, 0x06, 0x03, 0x3f, 0xf8, 0xe3, 0xfd, 0x3e,
  0x27, 0xd2, 0xfb, 0x3e, 0x04, 0xd6, 0x00, 0x3f, 0x29, 0x5b, 0x06, 0x3f,
  0x3b, 0xf8, 0x0e, 0x3f, 0x3a, 0xf2, 0x18, 0x3f, 0x91, 0x8c, 0x24, 0x3f,
  0x8d, 0xf2, 0x2f, 0x3f, 0xee, 0x70, 0x3b, 0x3f, 0x35, 0x6b, 0x45, 0x3f,
  0x3a, 0x7d, 0x4e, 0x3f, 0x50, 0x86, 0x55, 0x3f, 0x6f, 0x93, 0x5b, 0x3f,
  0xa7, 0xfc, 0x5f, 0x3f, 0x90, 0x07, 0x64, 0x3f, 0x2a, 0x30, 0x67, 0x3f,
  0xab, 0x9b, 0x6a, 0x3f, 0xc7, 0xa1, 0x6d, 0x3f, 0xc4, 0x1b, 0x71, 0x3f,
  0xf5, 0x29, 0x74, 0x3f, 0xde, 0x65, 0x77, 0x3f, 0x44, 0xcf, 0x79, 0x3f,
  0xf0, 0xe1, 0x7b, 0x3f, 0x52, 0x96, 0x7c, 0x3f, 0xf2, 0x6b, 0x7c, 0x3f,
  0x03, 0x79, 0x7a, 0x3f, 0xdf, 0x75, 0x77, 0x3f, 0x15, 0xc8, 0x72, 0x3f,
  0xb5, 0x87, 0x6d, 0x3f, 0x71, 0x72, 0x67, 0x3f, 0x87, 0xe7, 0x61, 0x3f,
  0x22, 0xc0, 0x5c, 0x3f, 0x65, 0x4d, 0x59, 0x3f, 0xaa, 0x27, 0x57, 0x3f,
  0x5c, 0x43, 0x57, 0x3f, 0x38, 0xc0, 0x58, 0x3f, 0x70, 0x1f, 0x5c, 0x3f,
  0x2e, 0x0d, 0x60, 0x3f, 0x93, 0xbf, 0x64, 0x3f, 0xe8, 0xa8, 0x68, 0x3f,
  0xaf, 0xff, 0x6b, 0x3f, 0xde, 0x49, 0x6d, 0x3f, 0xb5, 0x0d, 0x6d, 0x3f,
  0xab, 0x2b, 0x6a, 0x3f, 0x96, 0xa7, 0x65, 0x3f, 0xd5, 0xca, 0x5e, 0x3f,
  0x5b, 0xfb, 0x56, 0x3f, 0xae, 0xc2, 0x4d, 0x3f, 0x12, 0xb1, 0x44, 0x3f,
  0x90, 0x65, 0x3b, 0x3f, 0xcd, 0x68, 0x33, 0x3f, 0x7d, 0x4c, 0x2c, 0x3f,
  0x9e, 0x6a, 0x27, 0x3f, 0x4a, 0x27, 0x24, 0x3f, 0x8e, 0x86, 0x23, 0x3f,
  0x4e, 0x9c, 0x24, 0x3f, 0xa0, 0x06, 0x28, 0x3f, 0x1e, 0x94, 0x2c, 0x3f,
  0xcb, 0xa8, 0x32, 0x3f, 0xc9, 0x06, 0x39, 0x3f, 0x01, 0x15, 0x40, 0x3f,
  0x33, 0xb4, 0x46, 0x3f, 0x36, 0x65, 0x4d, 0x3f, 0x47, 0x29, 0x53, 0x3f,
  0x61, 0x8d, 0x58, 0x3f, 0x85, 0xa6, 0x5c, 0x3f, 0x80, 0x03, 0x60, 0x3f,
  0x9a, 0xd6, 0x61, 0x3f, 0x8c, 0xb9, 0x62, 0x3f, 0xeb, 0x05, 0x62, 0x3f,
  0x81, 0x57, 0x60, 0x3f, 0x4a, 0x21, 0x5d, 0x3f, 0x64, 0xf1, 0x58, 0x3f,
  0x19, 0x4a, 0x53, 0x3f, 0x34, 0xb3, 0x4c, 0x3f, 0x56, 0xcd, 0x44, 0x3f,
  0xf1, 0x3e, 0x3c, 0x3f, 0x67, 0xd6, 0x32, 0x3f, 0xa6, 0x62, 0x29, 0x3f,
  0x66, 0xbe, 0x1f, 0x3f, 0x5b, 0xc0, 0x16, 0x3f, 0x6a, 0x18, 0x0e, 0x3f,
  0x1b, 0x7e, 0x06, 0x3f, 0xa9, 0xa4, 0xfe, 0x3e, 0xcb, 0x4b, 0xf2, 0x3e,
  0x99, 0x33, 0xe6, 0x3e, 0x6f, 0x67, 0xdb, 0x3e, 0xb7, 0xf7, 0xcf, 0x3e,
  0x15, 0x0f, 0xc5, 0x3e, 0xd0, 0xeb, 0xb8, 0x3e, 0xb6, 0x1a, 0xad, 0x3e,
  0xa7, 0x6a, 0xa0, 0x3e, 0x53, 0xde, 0x94, 0x3e, 0x7c, 0xe3, 0x89, 0x3e,
  0x08, 0xb2, 0x81, 0x3e, 0x3b, 0x16, 0x78, 0x3e, 0xd4, 0xb3, 0x75, 0x3e,
  0x8b, 0x69, 0x7b, 0x3e, 0x19, 0xca, 0x85, 0x3e, 0x48, 0x33, 0x92, 0x3e,
  0x8e, 0x3a, 0xa3, 0x3e, 0xf3, 0x58, 0xb7, 0x3e, 0x39, 0xfb, 0xcd, 0x3e,
  0x6c, 0xfb, 0xe4, 0x3e, 0xee, 0x27, 0xfb, 0x3e, 0x58, 0x09, 0x07, 0x3f,
  0x39, 0x44, 0x0e, 0x3f, 0xa5, 0x3d, 0x12, 0x3f, 0x4c, 0xb6, 0x12, 0x3f,
  0xf1, 0x29, 0x0f, 0x3f, 0x21, 0xf0, 0x07, 0x3f, 0x64, 0x46, 0xfa, 0x3e,
  0x7c, 0x3b, 0xdf, 0x3e, 0x1b, 0xe1, 0xbf, 0x3e, 0x7a, 0x7e, 0x9e, 0x3e,
  0x62, 0x50, 0x79, 0x3e, 0xe8, 0x4a, 0x39, 0x3e, 0x63, 0x80, 0xff, 0x3d,
  0x82, 0x42, 0xa0, 0x3d, 0xa0, 0x1a, 0x2f, 0x3d, 0x85, 0x42, 0xa1, 0x3c,
  0x56, 0xf3, 0x06, 0x3c, 0x06, 0x82, 0x01, 0x3c, 0x78, 0xbf, 0x83, 0x3c,
  0xff, 0x83, 0xff, 0x3c, 0xac, 0xf0, 0x4b, 0x3d, 0x3f, 0xe2, 0x8f, 0x3d,
  0xea, 0xbc, 0xb6, 0x3d, 0x5f, 0x73, 0xd8, 0x3d, 0x04, 0xaa, 0xef, 0x3d,
  0xef, 0x73, 0xfc, 0x3d, 0x6d, 0x38, 0xfc, 0x3d, 0xc1, 0x93, 0xf1, 0x3d,
  0x30, 0xf0, 0xdc, 0x3d, 0x0a, 0x93, 0xc2, 0x3d, 0x0f, 0x8a, 0xa4, 0x3d,
  0x1b, 0x92, 0x86, 0x3d, 0xe6, 0x0e, 0x54, 0x3d, 0x83, 0xc2, 0x20, 0x3d,
  0xad, 0xc5, 0xe5, 0x3c, 0x4f, 0xc2, 0x93, 0x3c, 0xeb, 0x65, 0x10, 0x3c,
  0x2d, 0xef, 0x0f, 0x06, 0xeb, 0x65, 0x10, 0xbc, 0x4f, 0xc2, 0x93, 0xbc,
  0xad, 0xc5, 0xe5, 0xbc, 0x83, 0xc2, 0x20, 0xbd, 0xe6, 0x0e, 0x54, 0xbd,
  0x1b, 0x92, 0x86, 0xbd, 0x0f, 0x8a, 0xa4, 0xbd, 0x0a, 0x93, 0xc2, 0xbd,
  0x30, 0xf0, 0xdc, 0xbd, 0xc1, 0x93, 0xf1, 0xbd, 0x6d, 0x38, 0xfc, 0xbd,
  0xef, 0x73, 0xfc, 0xbd, 0x04, 0xaa, 0xef, 0xbd, 0x5f, 0x73, 0xd8, 0xbd,
  0xea, 0xbc, 0xb6, 0xbd, 0x3f, 0xe2, 0x8f, 0xbd, 0xac, 0xf0, 0x4b, 0xbd,
  0xff, 0x83, 0xff, 0xbc, 0x78, 0xbf, 0x83, 0xbc, 0x06, 0x82, 0x01, 0xbc,
  0x56, 0xf3, 0x06, 0xbc, 0x85, 0x42, 0xa1, 0xbc, 0xa0, 0x1a, 0x2f, 0xbd,
  0x82, 0x42, 0xa0, 0xbd, 0x63, 0x80, 0xff, 0xbd, 0xe8, 0x4a, 0x39, 0xbe,
  0x62, 0x50, 0x79, 0xbe, 0x7a, 0x7e, 0x9e, 0xbe, 0x1b, 0xe1, 0xbf, 0xbe,
  0x7c, 0x3b, 0xdf, 0xbe, 0x64, 0x46, 0xfa, 0xbe, 0x21, 0xf0, 0x07, 0xbf,
  0xf1, 0x29, 0x0f, 0xbf, 0x4c, 0xb6, 0x12, 0xbf, 0xa5, 0x3d, 0x12, 0xbf,
  0x39, 0x44, 0x0e, 0xbf, 0x58, 0x09, 0x07, 0xbf, 0xee, 0x27, 0xfb, 0xbe,
  0x6c, 0xfb, 0xe4, 0xbe, 0x39, 0xfb, 0xcd, 0xbe, 0xf3, 0x58, 0xb7, 0xbe,
  0x8e, 0x3a, 0xa3, 0xbe, 0x48, 0x33, 0x92, 0xbe, 0x19, 0xca, 0x85, 0xbe,
  0x8b, 0x69, 0x7b, 0xbe, 0xd4, 0xb3, 0x75, 0xbe, 0x3b, 0x16, 0x78, 0xbe,
  0x08, 0xb2, 0x81, 0xbe, 0x7c, 0xe3, 0x89, 0xbe, 0x53, 0xde, 0x94, 0xbe,
  0xa7, 0x6a, 0xa0, 0xbe, 0xb6, 0x1a, 0xad, 0xbe, 0xd0, 0xeb, 0xb8, 0xbe,
  0x15, 0x0f, 0xc5, 0xbe, 0xb7, 0xf7, 0xcf, 0xbe, 0x6f, 0x67, 0xdb, 0xbe,
  0x99, 0x33, 0xe6, 0xbe, 0xcb, 0x4b, 0xf2, 0xbe, 0xa9, 0xa4, 0xfe, 0xbe,
  0x1b, 0x7e, 0x06, 0xbf, 0x6a, 0x18, 0x0e, 0xbf, 0x5b, 0xc0, 0x16, 0xbf,
  0x66, 0xbe, 0x1f, 0xbf, 0xa6, 0x62, 0x29, 0xbf, 0x67, 0xd6, 0x32, 0xbf,
  0xf1, 0x3e, 0x3c, 0xbf, 0x56, 0xcd, 0x44, 0xbf, 0x34, 0xb3, 0x4c, 0xbf,
  0x19, 0x4a, 0x53, 0xbf, 0x64, 0xf1, 0x58, 0xbf, 0x4a, 0x21, 0x5d, 0xbf,
  0x81, 0x57, 0x60, 0xbf, 0xeb, 0x05, 0x62, 0xbf, 0x8c, 0xb9, 0x62, 0xbf,
  0x9a, 0xd6, 0x61, 0xbf, 0x80, 0x03, 0x60, 0xbf, 0x85, 0xa6, 0x5c, 0xbf,
  0x61, 0x8d, 0x58, 0xbf, 0x47, 0x29, 0x53, 0xbf, 0x36, 0x65, 0x4d, 0xbf,
  0x33, 0xb4, 0x46, 0xbf, 0x01, 0x15, 0x40, 0xbf, 0xc9, 0x06, 0x39, 0xbf,
  0xcb, 0xa8, 0x32, 0xbf, 0x1e, 0x94, 0x2c, 0xbf, 0xa0, 0x06, 0x28, 0xbf,
  0x4e, 0x9c, 0x24, 0xbf, 0x8e, 0x86, 0x23, 0xbf, 0x4a, 0x27, 0x24, 0xbf,
  0x9e, 0x6a, 0x27, 0xbf, 0x7d, 0x4c, 0x2c, 0xbf, 0xcd, 0x68, 0x33, 0xbf,
  0x90, 0x65, 0x3b, 0xbf, 0x12, 0xb1, 0x44, 0xbf, 0xae, 0xc2, 0x4d, 0xbf,
  0x5b, 0xfb, 0x56, 0xbf, 0xd5, 0xca, 0x5e, 0xbf, 0x96, 0xa7, 0x65, 0xbf,
  0xab, 0x2b, 0x6a, 0xbf, 0xb5, 0x0d, 0x6d, 0xbf, 0xde, 0x49, 0x6d, 0xbf,
  0xaf, 0xff, 0x6b, 0xbf, 0xe8, 0xa8, 0x68, 0xbf, 0x93, 0xbf, 0x64, 0xbf,
  0x2e, 0x0d, 0x60, 0xbf, 0x70, 0x1f, 0x5c, 0xbf, 0x38, 0xc0, 0x58, 0xbf,
  0x5c, 0x43, 0x57, 0xbf, 0xaa, 0x27, 0x57, 0xbf, 0x65, 0x4d, 0x59, 0xbf,
  0x22, 0xc0, 0x5c, 0xbf, 0x87, 0xe7, 0x61, 0xbf, 0x71, 0x72, 0x67, 0xbf,
  0xb5, 0x87, 0x6d, 0xbf, 0x15, 0xc8, 0x72, 0xbf, 0xdf, 0x75, 0x77, 0xbf,
  0x03, 0x79, 0x7a, 0xbf, 0xf2, 0x6b, 0x7c, 0xbf, 0x52, 0x96, 0x7c, 0xbf,
  0xf0, 0xe1, 0x7b, 0xbf, 0x44, 0xcf, 0x79, 0xbf, 0xde, 0x65, 0x77, 0xbf,
  0xf5, 0x29, 0x74, 0xbf, 0xc4, 0x1b, 0x71, 0xbf, 0xc7, 0xa1, 0x6d, 0xbf,
  0xab, 0x9b, 0x6a, 0xbf, 0x2a, 0x30, 0x67, 0xbf, 0x90, 0x07, 0x64, 0xbf,
  0xa7, 0xfc, 0x5f, 0xbf, 0x6f, 0x93, 0x5b, 0xbf, 0x50, 0x86, 0x55, 0xbf,
  0x3a, 0x7d, 0x4e, 0xbf, 0x35, 0x6b, 0x45, 0xbf, 0xee, 0x70, 0x3b, 0xbf,
  0x8d, 0xf2, 0x2f, 0xbf, 0x91, 0x8c, 0x24, 0xbf, 0x3a, 0xf2, 0x18, 0xbf,
  0x3b, 0xf8, 0x0e, 0xbf, 0x29, 0x5b, 0x06, 0xbf, 0x04, 0xd6, 0x00, 0xbf,
  0x27, 0xd2, 0xfb, 0xbe, 0xf8, 0xe3, 0xfd, 0xbe, 0xfc, 0x06, 0x03, 0xbf,
  0x2d, 0xfe, 0x0a, 0xbf, 0xe2, 0x6e, 0x15, 0xbf, 0x8b, 0xa0, 0x22, 0xbf,
  0x43, 0xce, 0x30, 0xbf, 0x00, 0xf1, 0x3f, 0xbf, 0xc8, 0x45, 0x4e, 0xbf,
  0x6f, 0xd7, 0x5b, 0xbf, 0xe1, 0x3c, 0x67, 0xbf, 0xc4, 0xd5, 0x70, 0xbf,
  0x1b, 0xb7, 0x77, 0xbf, 0xf3, 0x9d, 0x7c, 0xbf, 0xf0, 0x0b, 0x7f, 0xbf,
  0x00, 0x00, 0x80, 0xbf, 0x56, 0x3a, 0x7f, 0xbf, 0xf7, 0xc1, 0x7d, 0xbf,
  0x75, 0x45, 0x7b, 0xbf, 0xe2, 0x87, 0x78, 0xbf, 0xf3, 0xe1, 0x74, 0xbf,
  0xc3, 0xbb, 0x70, 0xbf, 0x1f, 0x2c, 0x6b, 0xbf, 0x92, 0x8d, 0x64, 0xbf,
  0xe3, 0x14, 0x5c, 0xbf, 0x4a, 0x75, 0x52, 0xbf, 0x93, 0x42, 0x47, 0xbf,
  0xee, 0xa6, 0x3b, 0xbf, 0xa6, 0x7a, 0x2f, 0xbf, 0x91, 0x28, 0x24, 0xbf,
  0x39, 0x84, 0x19, 0xbf, 0x45, 0xfc, 0x10, 0xbf, 0xbf, 0x2b, 0x0a, 0xbf,
  0x1a, 0x58, 0x06, 0xbf, 0x6b, 0xbd, 0x04, 0xbf, 0x1a, 0x4c, 0x06, 0xbf,
  0xab, 0xc3, 0x09, 0xbf, 0x3f, 0xa2, 0x0f, 0xbf, 0xa3, 0x3d, 0x16, 0xbf,
  0x77, 0xd0, 0x1d, 0xbf, 0xa7, 0xa9, 0x24, 0xbf, 0xac, 0x22, 0x2b, 0xbf,
  0x17, 0xea, 0x2f, 0xbf, 0xce, 0xbc, 0x33, 0xbf, 0xba, 0xd2, 0x35, 0xbf,
  0xdd, 0x4c, 0x37, 0xbf, 0xcc, 0xd1, 0x37, 0xbf, 0xe2, 0xb6, 0x38, 0xbf,
  0xc8, 0xc9, 0x39, 0xbf, 0xf1, 0x3e, 0x3c, 0xbf, 0xb6, 0xa2, 0x3f, 0xbf,
  0x13, 0xab, 0x44, 0xbf, 0x29, 0x56, 0x4a, 0xbf, 0x43, 0xbf, 0x50, 0xbf,
  0xed, 0x78, 0x56, 0xbf, 0x6e, 0x61, 0x5b, 0xbf, 0x1d, 0x25, 0x5e, 0xbf,
  0x7b, 0xe5, 0x5e, 0xbf, 0x5a, 0xd4, 0x5c, 0xbf, 0x62, 0x93, 0x58, 0xbf,
  0xae, 0xe7, 0x51, 0xbf, 0x28, 0xdd, 0x49, 0xbf, 0x5a, 0xa7, 0x40, 0xbf,
  0xde, 0xa2, 0x37, 0xbf, 0x99, 0x41, 0x2f, 0xbf, 0xa5, 0xee, 0x28, 0xbf,
  0x04, 0xe0, 0x24, 0xbf, 0x91, 0x08, 0x24, 0xbf, 0x8b, 0xc5, 0x25, 0xbf,
  0xa9, 0x1a, 0x2a, 0xbf, 0x29, 0x5c, 0x2f, 0xbf, 0xd3, 0xda, 0x34, 0xbf,
  0xce, 0x88, 0x38, 0xbf, 0xe7, 0xd6, 0x39, 0xbf, 0x3f, 0x36, 0x37, 0xbf,
  0xc3, 0xde, 0x30, 0xbf, 0xdc, 0x3a, 0x26, 0xbf, 0x62, 0x70, 0x18, 0xbf,
  0xc0, 0xdc, 0x07, 0xbf, 0xb1, 0xbf, 0xec, 0xbe, 0xf8, 0xf8, 0xc9, 0xbe,
  0xb0, 0xd2, 0xab, 0xbe, 0x6f, 0x4e, 0x94, 0xbe, 0x1c, 0xf2, 0x86, 0xbe,
  0x7a, 0xc2, 0x83, 0xbe, 0x2e, 0xce, 0x8b, 0xbe, 0xf6, 0x10, 0x9c, 0xbe,
  0xcc, 0x16, 0xb3, 0xbe, 0x68, 0xb9, 0xcb, 0xbe, 0x8e, 0xa3, 0xe3, 0xbe,
  0x80, 0xa9, 0xf5, 0xbe, 0x00, 0x36, 0x00, 0xbf, 0x27, 0x44, 0x00, 0xbf,
  0xdb, 0xab, 0xf6, 0xbe, 0xe3, 0x62, 0xe2, 0xbe, 0x1a, 0xcf, 0xc6, 0xbe,
  0x02, 0xc8, 0xa6, 0xbe, 0x1e, 0x5a, 0x87, 0xbe, 0x49, 0xe4, 0x59, 0xbe,
  0xf0, 0x62, 0x3b, 0xbe, 0x3a, 0xc1, 0x38, 0xbe, 0x4e, 0xeb, 0x53, 0xbe,
  0xf3, 0x5c, 0x86, 0xbe, 0xc9, 0xee, 0xb1, 0xbe, 0x4f, 0xee, 0xe6, 0xbe,
  0x39, 0x44, 0x0e, 0xbf, 0x58, 0x70, 0x27, 0xbf, 0xfd, 0x16, 0x3f, 0xbf,
  0xb9, 0x4e, 0x50, 0xbf, 0x50, 0x0b, 0x54, 0xbf, 0x1e, 0xcb, 0x4a, 0xbf,
  0xeb, 0xc2, 0x3a, 0xbf, 0x7d, 0x96, 0x1f, 0xbf, 0x74, 0x0b, 0xdd, 0xbe,
  0x91, 0xd6, 0x3b, 0xbe
};
unsigned int src_PLAITS_3_bin_len = 16384;
