unsigned char src_PLAITS_1_bin[] = {
  0x5e, 0xec, 0x7c, 0x22, 0x39, 0x5b, 0xf5, 0x3d, 0x15, 0x16, 0x85, 0x3e,
  0x83, 0x96, 0xa8, 0x3e, 0x9c, 0x32, 0xa7, 0x3e, 0x33, 0x69, 0xa0, 0x3e,
  0x9b, 0x22, 0xa7, 0x3e, 0xc2, 0x7f, 0xb4, 0x3e, 0x09, 0xd7, 0xc1, 0x3e,
  0x2a, 0xad, 0xce, 0x3e, 0x68, 0x9f, 0xd9, 0x3e, 0x34, 0x03, 0xde, 0x3e,
  0x7f, 0xaf, 0xdf, 0x3e, 0xe8, 0x46, 0xe5, 0x3e, 0xc3, 0xb7, 0xf0, 0x3e,
  0x40, 0x0d, 0xfc, 0x3e, 0x09, 0x0a, 0x02, 0x3f, 0x6b, 0x2e, 0x04, 0x3f,
  0x18, 0xf2, 0x05, 0x3f, 0x85, 0x20, 0x08, 0x3f, 0x2f, 0xd4, 0x0b, 0x3f,
  0x97, 0x30, 0x10, 0x3f, 0x51, 0x38, 0x14, 0x3f, 0x8e, 0x98, 0x16, 0x3f,
  0x61, 0x46, 0x18, 0x3f, 0x09, 0xdf, 0x19, 0x3f, 0x73, 0xc6, 0x1c, 0x3f,
  0x47, 0x31, 0x20, 0x3f, 0x90, 0xd4, 0x23, 0x3f, 0xa3, 0x4b, 0x26, 0x3f,
  0xa0, 0x1e, 0x28, 0x3f, 0x82, 0x5a, 0x29, 0x3f, 0xae, 0x88, 0x2b, 0x3f,
  0xc1, 0x3f, 0x2e, 0x3f, 0xc6, 0x90, 0x31, 0x3f, 0x1a, 0xf5, 0x33, 0x3f,
  0xd7, 0xd2, 0x35, 0x3f, 0x78, 0xea, 0x36, 0x3f, 0xe3, 0xaa, 0x38, 0x3f,
  0xf7, 0xb9, 0x3a, 0x3f, 0xf7, 0x98, 0x3d, 0x3f, 0x29, 0xe7, 0x3f, 0x3f,
  0x07, 0xe1, 0x41, 0x3f, 0x46, 0xdc, 0x42, 0x3f, 0x11, 0x3f, 0x44, 0x3f,
  0xd4, 0xd0, 0x45, 0x3f, 0x21, 0x51, 0x48, 0x3f, 0x8d, 0x69, 0x4a, 0x3f,
  0x32, 0x63, 0x4c, 0x3f, 0xbc, 0x60, 0x4d, 0x3f, 0x3b, 0x97, 0x4e, 0x3f,
  0x61, 0xb5, 0x4f, 0x3f, 0x48, 0xc5, 0x51, 0x3f, 0x89, 0xa6, 0x53, 0x3f,
  0x56, 0xa5, 0x55, 0x3f, 0x75, 0x9f, 0x56, 0x3f, 0x5f, 0xaf, 0x57, 0x3f,
  0x1c, 0x7d, 0x58, 0x3f, 0x68, 0x33, 0x5a, 0x3f, 0x25, 0xc9, 0x5b, 0x3f,
  0x76, 0xb1, 0x5d, 0x3f, 0xdb, 0xb3, 0x5e, 0x3f, 0x7f, 0xbb, 0x5f, 0x3f,
  0x2e, 0x43, 0x60, 0x3f, 0x87, 0x9b, 0x61, 0x3f, 0xe1, 0xe9, 0x62, 0x3f,
  0x94, 0xbb, 0x64, 0x3f, 0xbc, 0xb8, 0x65, 0x3f, 0x9b, 0xb7, 0x66, 0x3f,
  0x59, 0x17, 0x67, 0x3f, 0xa1, 0x29, 0x68, 0x3f, 0x97, 0x23, 0x69, 0x3f,
  0xab, 0xc5, 0x6a, 0x3f, 0x02, 0xbf, 0x6b, 0x3f, 0xb4, 0xc5, 0x6c, 0x3f,
  0x85, 0x04, 0x6d, 0x3f, 0xb8, 0xd3, 0x6d, 0x3f, 0x9d, 0x84, 0x6e, 0x3f,
  0xc0, 0xf7, 0x6f, 0x3f, 0x90, 0xda, 0x70, 0x3f, 0xc8, 0xdf, 0x71, 0x3f,
  0xc6, 0x13, 0x72, 0x3f, 0xcc, 0xb7, 0x72, 0x3f, 0xae, 0x1b, 0x73, 0x3f,
  0xd1, 0x4f, 0x74, 0x3f, 0x00, 0x1c, 0x75, 0x3f, 0xd9, 0x25, 0x76, 0x3f,
  0x50, 0x4d, 0x76, 0x3f, 0xdc, 0xc9, 0x76, 0x3f, 0x14, 0xf3, 0x76, 0x3f,
  0xdf, 0xed, 0x77, 0x3f, 0x61, 0x8e, 0x78, 0x3f, 0xe5, 0x8b, 0x79, 0x3f,
  0x0d, 0xb6, 0x79, 0x3f, 0xe9, 0x21, 0x7a, 0x3f, 0xee, 0x10, 0x7a, 0x3f,
  0xeb, 0xc7, 0x7a, 0x3f, 0x6b, 0x3e, 0x7b, 0x3f, 0xf0, 0x31, 0x7c, 0x3f,
  0x04, 0x56, 0x7c, 0x3f, 0xf3, 0xaf, 0x7c, 0x3f, 0x01, 0x79, 0x7c, 0x3f,
  0xf4, 0xf9, 0x7c, 0x3f, 0xf7, 0x37, 0x7d, 0x3f, 0xf9, 0x0d, 0x7e, 0x3f,
  0x8d, 0x31, 0x7e, 0x3f, 0xfb, 0x89, 0x7e, 0x3f, 0xdb, 0x2f, 0x7e, 0x3f,
  0xfa, 0x75, 0x7e, 0x3f, 0x86, 0x7e, 0x7e, 0x3f, 0xfc, 0x35, 0x7f, 0x3f,
  0xf6, 0x4b, 0x7f, 0x3f, 0xfe, 0x9d, 0x7f, 0x3f, 0x51, 0x33, 0x7f, 0x3f,
  0xfd, 0x4f, 0x7f, 0x3f, 0x74, 0x1c, 0x7f, 0x3f, 0xfe, 0xa5, 0x7f, 0x3f,
  0x4f, 0xae, 0x7f, 0x3f, 0x00, 0x00, 0x80, 0x3f, 0xf5, 0x82, 0x7f, 0x3f,
  0xff, 0x75, 0x7f, 0x3f, 0xbe, 0x10, 0x7f, 0x3f, 0xfe, 0x6d, 0x7f, 0x3f,
  0x64, 0x58, 0x7f, 0x3f, 0xff, 0x9f, 0x7f, 0x3f, 0x8c, 0x20, 0x7f, 0x3f,
  0xfc, 0xfb, 0x7e, 0x3f, 0x50, 0x61, 0x7e, 0x3f, 0xfa, 0x85, 0x7e, 0x3f,
  0x9f, 0x52, 0x7e, 0x3f, 0xfa, 0x91, 0x7e, 0x3f, 0xde, 0x08, 0x7e, 0x3f,
  0xf7, 0xcb, 0x7d, 0x3f, 0x22, 0x0c, 0x7d, 0x3f, 0xf3, 0xff, 0x7c, 0x3f,
  0xdf, 0x9d, 0x7c, 0x3f, 0xf4, 0xc3, 0x7c, 0x3f, 0xa9, 0x39, 0x7c, 0x3f,
  0xef, 0xf3, 0x7b, 0x3f, 0xfd, 0x0d, 0x7b, 0x3f, 0xeb, 0xc9, 0x7a, 0x3f,
  0x68, 0x3d, 0x7a, 0x3f, 0xe9, 0x4b, 0x7a, 0x3f, 0x81, 0xb4, 0x79, 0x3f,
  0xe5, 0x5f, 0x79, 0x3f, 0x46, 0x63, 0x78, 0x3f, 0xe0, 0xf3, 0x77, 0x3f,
  0x98, 0x31, 0x77, 0x3f, 0xdc, 0x17, 0x77, 0x3f, 0x17, 0x76, 0x76, 0x3f,
  0xd9, 0x1b, 0x76, 0x3f, 0xd5, 0x06, 0x75, 0x3f, 0xd2, 0x69, 0x74, 0x3f,
  0xac, 0x7a, 0x73, 0x3f, 0xcd, 0x39, 0x73, 0x3f, 0x9b, 0x7c, 0x72, 0x3f,
  0xc8, 0x11, 0x72, 0x3f, 0xef, 0xf2, 0x70, 0x3f, 0xc0, 0x37, 0x70, 0x3f,
  0x43, 0x14, 0x6f, 0x3f, 0xba, 0x9d, 0x6e, 0x3f, 0x29, 0xc7, 0x6d, 0x3f,
  0xb5, 0x51, 0x6d, 0x3f, 0x3d, 0x23, 0x6c, 0x3f, 0xad, 0x45, 0x6b, 0x3f,
  0xba, 0xf8, 0x69, 0x3f, 0xa6, 0x51, 0x69, 0x3f, 0x2f, 0x52, 0x68, 0x3f,
  0x9f, 0xc3, 0x67, 0x3f, 0x6b, 0x8e, 0x66, 0x3f, 0x96, 0x9b, 0x65, 0x3f,
  0xf2, 0x20, 0x64, 0x3f, 0x8e, 0x3f, 0x63, 0x3f, 0x4c, 0x19, 0x62, 0x3f,
  0x86, 0x71, 0x61, 0x3f, 0x98, 0x29, 0x60, 0x3f, 0x7d, 0x1d, 0x5f, 0x3f,
  0xcf, 0x85, 0x5d, 0x3f, 0x71, 0x73, 0x5c, 0x3f, 0xf2, 0x15, 0x5b, 0x3f,
  0x69, 0x43, 0x5a, 0x3f, 0xa2, 0xef, 0x58, 0x3f, 0x60, 0xd5, 0x57, 0x3f,
  0x9f, 0x1a, 0x56, 0x3f, 0x53, 0xcf, 0x54, 0x3f, 0xca, 0x41, 0x53, 0x3f,
  0x49, 0x45, 0x52, 0x3f, 0x69, 0xd2, 0x50, 0x3f, 0x3e, 0x9d, 0x4f, 0x3f,
  0xd2, 0xce, 0x4d, 0x3f, 0x32, 0x59, 0x4c, 0x3f, 0x7f, 0x8f, 0x4a, 0x3f,
  0x26, 0x57, 0x49, 0x3f, 0xb3, 0xc8, 0x47, 0x3f, 0x1a, 0x7f, 0x46, 0x3f,
  0x10, 0x93, 0x44, 0x3f, 0x0b, 0xeb, 0x42, 0x3f, 0xbd, 0xf0, 0x40, 0x3f,
  0xfe, 0x80, 0x3f, 0x3f, 0x71, 0xc2, 0x3d, 0x3f, 0xf1, 0x52, 0x3c, 0x3f,
  0xce, 0x54, 0x3a, 0x3f, 0xe3, 0x86, 0x38, 0x3f, 0x30, 0x4f, 0x36, 0x3f,
  0xd3, 0x96, 0x34, 0x3f, 0xdd, 0xab, 0x32, 0x3f, 0xc5, 0x18, 0x31, 0x3f,
  0x2e, 0xf8, 0x2e, 0x3f, 0xb4, 0xfa, 0x2c, 0x3f, 0x26, 0x96, 0x2a, 0x3f,
  0xa3, 0x9c, 0x28, 0x3f, 0x30, 0x6c, 0x26, 0x3f, 0x92, 0x9c, 0x24, 0x3f,
  0x3e, 0x61, 0x22, 0x3f, 0x80, 0x3e, 0x20, 0x3f, 0xdf, 0x9d, 0x1d, 0x3f,
  0x6e, 0x52, 0x1b, 0x3f, 0xfd, 0xe3, 0x18, 0x3f, 0x5b, 0xd8, 0x16, 0x3f,
  0x82, 0x67, 0x14, 0x3f, 0x48, 0x0c, 0x12, 0x3f, 0xec, 0x3f, 0x0f, 0x3f,
  0x32, 0xac, 0x0c, 0x3f, 0xda, 0xe3, 0x09, 0x3f, 0x1d, 0x7e, 0x07, 0x3f,
  0x81, 0xdc, 0x04, 0x3f, 0x09, 0x4c, 0x02, 0x3f, 0x64, 0x73, 0xfe, 0x3e,
  0xe1, 0x8f, 0xf8, 0x3e, 0xa6, 0x63, 0xf2, 0x3e, 0xb3, 0xdf, 0xec, 0x3e,
  0x54, 0xe6, 0xe6, 0x3e, 0x83, 0x17, 0xe1, 0x3e, 0xc0, 0x82, 0xda, 0x3e,
  0x4e, 0xe7, 0xd3, 0x3e, 0x24, 0xc6, 0xcc, 0x3e, 0x19, 0x37, 0xc6, 0x3e,
  0xc9, 0x97, 0xbf, 0x3e, 0xe5, 0xfe, 0xb8, 0x3e, 0x29, 0x80, 0xb1, 0x3e,
  0xa7, 0xda, 0xa9, 0x3e, 0x1b, 0xea, 0xa1, 0x3e, 0x69, 0x26, 0x9a, 0x3e,
  0xa2, 0x19, 0x92, 0x3e, 0x2a, 0x3a, 0x8a, 0x3e, 0x5c, 0xec, 0x81, 0x3e,
  0xc6, 0xfb, 0x71, 0x3e, 0x08, 0x60, 0x5e, 0x3e, 0x2c, 0x0b, 0x4b, 0x3e,
  0xc9, 0x0e, 0x38, 0x3e, 0x94, 0x62, 0x24, 0x3e, 0x5a, 0x6c, 0x0e, 0x3e,
  0xb6, 0x53, 0xee, 0x3d, 0xbf, 0xfc, 0xbd, 0x3d, 0x23, 0xa2, 0x88, 0x3d,
  0xf1, 0xac, 0x11, 0x3d, 0x00, 0x00, 0x00, 0x00, 0xf1, 0xac, 0x11, 0xbd,
  0x23, 0xa2, 0x88, 0xbd, 0xbf, 0xfc, 0xbd, 0xbd, 0xb6, 0x53, 0xee, 0xbd,
  0x5a, 0x6c, 0x0e, 0xbe, 0x94, 0x62, 0x24, 0xbe, 0xc9, 0x0e, 0x38, 0xbe,
  0x2c, 0x0b, 0x4b, 0xbe, 0x08, 0x60, 0x5e, 0xbe, 0xc6, 0xfb, 0x71, 0xbe,
  0x5c, 0xec, 0x81, 0xbe, 0x2a, 0x3a, 0x8a, 0xbe, 0xa2, 0x19, 0x92, 0xbe,
  0x69, 0x26, 0x9a, 0xbe, 0x1b, 0xea, 0xa1, 0xbe, 0xa7, 0xda, 0xa9, 0xbe,
  0x29, 0x80, 0xb1, 0xbe, 0xe5, 0xfe, 0xb8, 0xbe, 0xc9, 0x97, 0xbf, 0xbe,
  0x19, 0x37, 0xc6, 0xbe, 0x24, 0xc6, 0xcc, 0xbe, 0x4e, 0xe7, 0xd3, 0xbe,
  0xc0, 0x82, 0xda, 0xbe, 0x83, 0x17, 0xe1, 0xbe, 0x54, 0xe6, 0xe6, 0xbe,
  0xb3, 0xdf, 0xec, 0xbe, 0xa6, 0x63, 0xf2, 0xbe, 0xe1, 0x8f, 0xf8, 0xbe,
  0x64, 0x73, 0xfe, 0xbe, 0x09, 0x4c, 0x02, 0xbf, 0x81, 0xdc, 0x04, 0xbf,
  0x1d, 0x7e, 0x07, 0xbf, 0xda, 0xe3, 0x09, 0xbf, 0x32, 0xac, 0x0c, 0xbf,
  0xec, 0x3f, 0x0f, 0xbf, 0x48, 0x0c, 0x12, 0xbf, 0x82, 0x67, 0x14, 0xbf,
  0x5b, 0xd8, 0x16, 0xbf, 0xfd, 0xe3, 0x18, 0xbf, 0x6e, 0x52, 0x1b, 0xbf,
  0xdf, 0x9d, 0x1d, 0xbf, 0x80, 0x3e, 0x20, 0xbf, 0x3e, 0x61, 0x22, 0xbf,
  0x92, 0x9c, 0x24, 0xbf, 0x30, 0x6c, 0x26, 0xbf, 0xa3, 0x9c, 0x28, 0xbf,
  0x26, 0x96, 0x2a, 0xbf, 0xb4, 0xfa, 0x2c, 0xbf, 0x2e, 0xf8, 0x2e, 0xbf,
  0xc5, 0x18, 0x31, 0xbf, 0xdd, 0xab, 0x32, 0xbf, 0xd3, 0x96, 0x34, 0xbf,
  0x30, 0x4f, 0x36, 0xbf, 0xe3, 0x86, 0x38, 0xbf, 0xce, 0x54, 0x3a, 0xbf,
  0xf1, 0x52, 0x3c, 0xbf, 0x71, 0xc2, 0x3d, 0xbf, 0xfe, 0x80, 0x3f, 0xbf,
  0xbd, 0xf0, 0x40, 0xbf, 0x0b, 0xeb, 0x42, 0xbf, 0x10, 0x93, 0x44, 0xbf,
  0x1a, 0x7f, 0x46, 0xbf, 0xb3, 0xc8, 0x47, 0xbf, 0x26, 0x57, 0x49, 0xbf,
  0x7f, 0x8f, 0x4a, 0xbf, 0x32, 0x59, 0x4c, 0xbf, 0xd2, 0xce, 0x4d, 0xbf,
  0x3e, 0x9d, 0x4f, 0xbf, 0x69, 0xd2, 0x50, 0xbf, 0x49, 0x45, 0x52, 0xbf,
  0xca, 0x41, 0x53, 0xbf, 0x53, 0xcf, 0x54, 0xbf, 0x9f, 0x1a, 0x56, 0xbf,
  0x60, 0xd5, 0x57, 0xbf, 0xa2, 0xef, 0x58, 0xbf, 0x69, 0x43, 0x5a, 0xbf,
  0xf2, 0x15, 0x5b, 0xbf, 0x71, 0x73, 0x5c, 0xbf, 0xcf, 0x85, 0x5d, 0xbf,
  0x7d, 0x1d, 0x5f, 0xbf, 0x98, 0x29, 0x60, 0xbf, 0x86, 0x71, 0x61, 0xbf,
  0x4c, 0x19, 0x62, 0xbf, 0x8e, 0x3f, 0x63, 0xbf, 0xf2, 0x20, 0x64, 0xbf,
  0x96, 0x9b, 0x65, 0xbf, 0x6b, 0x8e, 0x66, 0xbf, 0x9f, 0xc3, 0x67, 0xbf,
  0x2f, 0x52, 0x68, 0xbf, 0xa6, 0x51, 0x69, 0xbf, 0xba, 0xf8, 0x69, 0xbf,
  0xad, 0x45, 0x6b, 0xbf, 0x3d, 0x23, 0x6c, 0xbf, 0xb5, 0x51, 0x6d, 0xbf,
  0x29, 0xc7, 0x6d, 0xbf, 0xba, 0x9d, 0x6e, 0xbf, 0x43, 0x14, 0x6f, 0xbf,
  0xc0, 0x37, 0x70, 0xbf, 0xef, 0xf2, 0x70, 0xbf, 0xc8, 0x11, 0x72, 0xbf,
  0x9b, 0x7c, 0x72, 0xbf, 0xcd, 0x39, 0x73, 0xbf, 0xac, 0x7a, 0x73, 0xbf,
  0xd2, 0x69, 0x74, 0xbf, 0xd5, 0x06, 0x75, 0xbf, 0xd9, 0x1b, 0x76, 0xbf,
  0x17, 0x76, 0x76, 0xbf, 0xdc, 0x17, 0x77, 0xbf, 0x98, 0x31, 0x77, 0xbf,
  0xe0, 0xf3, 0x77, 0xbf, 0x46, 0x63, 0x78, 0xbf, 0xe5, 0x5f, 0x79, 0xbf,
  0x81, 0xb4, 0x79, 0xbf, 0xe9, 0x4b, 0x7a, 0xbf, 0x68, 0x3d, 0x7a, 0xbf,
  0xeb, 0xc9, 0x7a, 0xbf, 0xfd, 0x0d, 0x7b, 0xbf, 0xef, 0xf3, 0x7b, 0xbf,
  0xa9, 0x39, 0x7c, 0xbf, 0xf4, 0xc3, 0x7c, 0xbf, 0xdf, 0x9d, 0x7c, 0xbf,
  0xf3, 0xff, 0x7c, 0xbf, 0x22, 0x0c, 0x7d, 0xbf, 0xf7, 0xcb, 0x7d, 0xbf,
  0xde, 0x08, 0x7e, 0xbf, 0xfa, 0x91, 0x7e, 0xbf, 0x9f, 0x52, 0x7e, 0xbf,
  0xfa, 0x85, 0x7e, 0xbf, 0x50, 0x61, 0x7e, 0xbf, 0xfc, 0xfb, 0x7e, 0xbf,
  0x8c, 0x20, 0x7f, 0xbf, 0xff, 0x9f, 0x7f, 0xbf, 0x64, 0x58, 0x7f, 0xbf,
  0xfe, 0x6d, 0x7f, 0xbf, 0xbe, 0x10, 0x7f, 0xbf, 0xff, 0x75, 0x7f, 0xbf,
  0xf5, 0x82, 0x7f, 0xbf, 0x00, 0x00, 0x80, 0xbf, 0x4f, 0xae, 0x7f, 0xbf,
  0xfe, 0xa5, 0x7f, 0xbf, 0x74, 0x1c, 0x7f, 0xbf, 0xfd, 0x4f, 0x7f, 0xbf,
  0x51, 0x33, 0x7f, 0xbf, 0xfe, 0x9d, 0x7f, 0xbf, 0xf6, 0x4b, 0x7f, 0xbf,
  0xfc, 0x35, 0x7f, 0xbf, 0x86, 0x7e, 0x7e, 0xbf, 0xfa, 0x75, 0x7e, 0xbf,
  0xdb, 0x2f, 0x7e, 0xbf, 0xfb, 0x89, 0x7e, 0xbf, 0x8d, 0x31, 0x7e, 0xbf,
  0xf9, 0x0d, 0x7e, 0xbf, 0xf7, 0x37, 0x7d, 0xbf, 0xf4, 0xf9, 0x7c, 0xbf,
  0x01, 0x79, 0x7c, 0xbf, 0xf3, 0xaf, 0x7c, 0xbf, 0x04, 0x56, 0x7c, 0xbf,
  0xf0, 0x31, 0x7c, 0xbf, 0x6b, 0x3e, 0x7b, 0xbf, 0xeb, 0xc7, 0x7a, 0xbf,
  0xee, 0x10, 0x7a, 0xbf, 0xe9, 0x21, 0x7a, 0xbf, 0x0d, 0xb6, 0x79, 0xbf,
  0xe5, 0x8b, 0x79, 0xbf, 0x61, 0x8e, 0x78, 0xbf, 0xdf, 0xed, 0x77, 0xbf,
  0x14, 0xf3, 0x76, 0xbf, 0xdc, 0xc9, 0x76, 0xbf, 0x50, 0x4d, 0x76, 0xbf,
  0xd9, 0x25, 0x76, 0xbf, 0x00, 0x1c, 0x75, 0xbf, 0xd1, 0x4f, 0x74, 0xbf,
  0xae, 0x1b, 0x73, 0xbf, 0xcc, 0xb7, 0x72, 0xbf, 0xc6, 0x13, 0x72, 0xbf,
  0xc8, 0xdf, 0x71, 0xbf, 0x90, 0xda, 0x70, 0xbf, 0xc0, 0xf7, 0x6f, 0xbf,
  0x9d, 0x84, 0x6e, 0xbf, 0xb8, 0xd3, 0x6d, 0xbf, 0x85, 0x04, 0x6d, 0xbf,
  0xb4, 0xc5, 0x6c, 0xbf, 0x02, 0xbf, 0x6b, 0xbf, 0xab, 0xc5, 0x6a, 0xbf,
  0x97, 0x23, 0x69, 0xbf, 0xa1, 0x29, 0x68, 0xbf, 0x59, 0x17, 0x67, 0xbf,
  0x9b, 0xb7, 0x66, 0xbf, 0xbc, 0xb8, 0x65, 0xbf, 0x94, 0xbb, 0x64, 0xbf,
  0xe1, 0xe9, 0x62, 0xbf, 0x87, 0x9b, 0x61, 0xbf, 0x2e, 0x43, 0x60, 0xbf,
  0x7f, 0xbb, 0x5f, 0xbf, 0xdb, 0xb3, 0x5e, 0xbf, 0x76, 0xb1, 0x5d, 0xbf,
  0x25, 0xc9, 0x5b, 0xbf, 0x68, 0x33, 0x5a, 0xbf, 0x1c, 0x7d, 0x58, 0xbf,
  0x5f, 0xaf, 0x57, 0xbf, 0x75, 0x9f, 0x56, 0xbf, 0x56, 0xa5, 0x55, 0xbf,
  0x89, 0xa6, 0x53, 0xbf, 0x48, 0xc5, 0x51, 0xbf, 0x61, 0xb5, 0x4f, 0xbf,
  0x3b, 0x97, 0x4e, 0xbf, 0xbc, 0x60, 0x4d, 0xbf, 0x32, 0x63, 0x4c, 0xbf,
  0x8d, 0x69, 0x4a, 0xbf, 0x21, 0x51, 0x48, 0xbf, 0xd4, 0xd0, 0x45, 0xbf,
  0x11, 0x3f, 0x44, 0xbf, 0x46, 0xdc, 0x42, 0xbf, 0x07, 0xe1, 0x41, 0xbf,
  0x29, 0xe7, 0x3f, 0xbf, 0xf7, 0x98, 0x3d, 0xbf, 0xf7, 0xb9, 0x3a, 0xbf,
  0xe3, 0xaa, 0x38, 0xbf, 0x78, 0xea, 0x36, 0xbf, 0xd7, 0xd2, 0x35, 0xbf,
  0x1a, 0xf5, 0x33, 0xbf, 0xc6, 0x90, 0x31, 0xbf, 0xc1, 0x3f, 0x2e, 0xbf,
  0xae, 0x88, 0x2b, 0xbf, 0x82, 0x5a, 0x29, 0xbf, 0xa0, 0x1e, 0x28, 0xbf,
  0xa3, 0x4b, 0x26, 0xbf, 0x90, 0xd4, 0x23, 0xbf, 0x47, 0x31, 0x20, 0xbf,
  0x73, 0xc6, 0x1c, 0xbf, 0x09, 0xdf, 0x19, 0xbf, 0x61, 0x46, 0x18, 0xbf,
  0x8e, 0x98, 0x16, 0xbf, 0x51, 0x38, 0x14, 0xbf, 0x97, 0x30, 0x10, 0xbf,
  0x2f, 0xd4, 0x0b, 0xbf, 0x85, 0x20, 0x08, 0xbf, 0x18, 0xf2, 0x05, 0xbf,
  0x6b, 0x2e, 0x04, 0xbf, 0x09, 0x0a, 0x02, 0xbf, 0x40, 0x0d, 0xfc, 0xbe,
  0xc3, 0xb7, 0xf0, 0xbe, 0xe8, 0x46, 0xe5, 0xbe, 0x7f, 0xaf, 0xdf, 0xbe,
  0x34, 0x03, 0xde, 0xbe, 0x68, 0x9f, 0xd9, 0xbe, 0x2a, 0xad, 0xce, 0xbe,
  0x09, 0xd7, 0xc1, 0xbe, 0xc2, 0x7f, 0xb4, 0xbe, 0x9b, 0x22, 0xa7, 0xbe,
  0x33, 0x69, 0xa0, 0xbe, 0x9c, 0x32, 0xa7, 0xbe, 0x83, 0x96, 0xa8, 0xbe,
  0x15, 0x16, 0x85, 0xbe, 0x39, 0x5b, 0xf5, 0xbd, 0xfc, 0xc8, 0x8b, 0x23,
  0xc3, 0xa5, 0x9a, 0x3e, 0x14, 0xd6, 0x0f, 0x3f, 0xe6, 0x6e, 0x12, 0x3f,
  0x1b, 0xb3, 0xed, 0x3e, 0x84, 0xc4, 0xec, 0x3e, 0xb1, 0xd7, 0x0c, 0x3f,
  0x4a, 0x5c, 0x12, 0x3f, 0x82, 0x43, 0x06, 0x3f, 0x3e, 0xed, 0x04, 0x3f,
  0x24, 0x57, 0x11, 0x3f, 0x89, 0xfb, 0x15, 0x3f, 0x53, 0x28, 0x10, 0x3f,
  0x37, 0x11, 0x0f, 0x3f, 0xd6, 0x28, 0x16, 0x3f, 0x36, 0xf2, 0x19, 0x3f,
  0x53, 0xc0, 0x17, 0x3f, 0x17, 0xde, 0x16, 0x3f, 0x6a, 0xa6, 0x1a, 0x3f,
  0x85, 0xdf, 0x1d, 0x3f, 0x3a, 0xe6, 0x1d, 0x3f, 0x8f, 0x0e, 0x1d, 0x3f,
  0xed, 0xc0, 0x1e, 0x3f, 0xd7, 0x8e, 0x21, 0x3f, 0xbc, 0xf3, 0x22, 0x3f,
  0xde, 0xfa, 0x21, 0x3f, 0xd7, 0x7f, 0x22, 0x3f, 0xbe, 0x11, 0x25, 0x3f,
  0x11, 0x1f, 0x27, 0x3f, 0xd3, 0x26, 0x26, 0x3f, 0x40, 0xf0, 0x25, 0x3f,
  0xf8, 0x29, 0x28, 0x3f, 0xde, 0x89, 0x2a, 0x3f, 0xbc, 0xb5, 0x29, 0x3f,
  0x06, 0x14, 0x29, 0x3f, 0x81, 0xdd, 0x2a, 0x3f, 0x2e, 0x50, 0x2d, 0x3f,
  0xec, 0xbc, 0x2c, 0x3f, 0xc3, 0xf0, 0x2b, 0x3f, 0x76, 0x3a, 0x2d, 0x3f,
  0x2a, 0x8c, 0x2f, 0x3f, 0x60, 0x4a, 0x2f, 0x3f, 0x79, 0x86, 0x2e, 0x3f,
  0xf8, 0x49, 0x2f, 0x3f, 0x85, 0x50, 0x31, 0x3f, 0x15, 0x63, 0x31, 0x3f,
  0xae, 0xcd, 0x30, 0x3f, 0x3b, 0x12, 0x31, 0x3f, 0xae, 0xb3, 0x32, 0x3f,
  0xef, 0x14, 0x33, 0x3f, 0x5f, 0xc6, 0x32, 0x3f, 0x31, 0x99, 0x32, 0x3f,
  0x96, 0xc4, 0x33, 0x3f, 0x12, 0x65, 0x34, 0x3f, 0xf3, 0x6a, 0x34, 0x3f,
  0x2f, 0xe3, 0x33, 0x3f, 0x12, 0x94, 0x34, 0x3f, 0xd3, 0x5b, 0x35, 0x3f,
  0xcd, 0xb5, 0x35, 0x3f, 0xb6, 0xef, 0x34, 0x3f, 0x37, 0x2f, 0x35, 0x3f,
  0x31, 0x05, 0x36, 0x3f, 0xcd, 0xa8, 0x36, 0x3f, 0x42, 0xc0, 0x35, 0x3f,
  0x80, 0x9d, 0x35, 0x3f, 0xdf, 0x65, 0x36, 0x3f, 0x35, 0x40, 0x37, 0x3f,
  0x6f, 0x51, 0x36, 0x3f, 0x89, 0xe4, 0x35, 0x3f, 0xf4, 0x87, 0x36, 0x3f,
  0xa2, 0x81, 0x37, 0x3f, 0x08, 0xa4, 0x36, 0x3f, 0x2e, 0x06, 0x36, 0x3f,
  0xa6, 0x6f, 0x36, 0x3f, 0xf1, 0x6e, 0x37, 0x3f, 0x97, 0xb6, 0x36, 0x3f,
  0x50, 0x04, 0x36, 0x3f, 0x97, 0x25, 0x36, 0x3f, 0x9b, 0x0f, 0x37, 0x3f,
  0xb6, 0x87, 0x36, 0x3f, 0x30, 0xdb, 0x35, 0x3f, 0x07, 0xae, 0x35, 0x3f,
  0x1e, 0x6b, 0x36, 0x3f, 0x7b, 0x16, 0x36, 0x3f, 0x33, 0x85, 0x35, 0x3f,
  0xd2, 0x0b, 0x35, 0x3f, 0xcf, 0x8a, 0x35, 0x3f, 0xcb, 0x64, 0x35, 0x3f,
  0xbf, 0xfc, 0x34, 0x3f, 0x2f, 0x3f, 0x34, 0x3f, 0x29, 0x76, 0x34, 0x3f,
  0xc8, 0x75, 0x34, 0x3f, 0xf5, 0x3f, 0x34, 0x3f, 0x54, 0x4c, 0x33, 0x3f,
  0x86, 0x36, 0x33, 0x3f, 0x39, 0x4a, 0x33, 0x3f, 0x7a, 0x45, 0x33, 0x3f,
  0xc0, 0x2d, 0x32, 0x3f, 0xa1, 0xcf, 0x31, 0x3f, 0x4b, 0xe5, 0x31, 0x3f,
  0x71, 0x0b, 0x32, 0x3f, 0x11, 0xe5, 0x30, 0x3f, 0xd4, 0x4a, 0x30, 0x3f,
  0x61, 0x4f, 0x30, 0x3f, 0xdb, 0x91, 0x30, 0x3f, 0x05, 0x6e, 0x2f, 0x3f,
  0x40, 0xa6, 0x2e, 0x3f, 0x61, 0x88, 0x2e, 0x3f, 0xda, 0xd6, 0x2e, 0x3f,
  0x68, 0xc6, 0x2d, 0x3f, 0xc4, 0xe3, 0x2c, 0x3f, 0xe5, 0x95, 0x2c, 0x3f,
  0x29, 0xde, 0x2c, 0x3f, 0x38, 0xed, 0x2b, 0x3f, 0x81, 0x01, 0x2b, 0x3f,
  0xb6, 0x78, 0x2a, 0x3f, 0xc7, 0xa7, 0x2a, 0x3f, 0x81, 0xde, 0x29, 0x3f,
  0x97, 0xfd, 0x28, 0x3f, 0x9f, 0x37, 0x28, 0x3f, 0x0f, 0x3d, 0x28, 0x3f,
  0x33, 0x9b, 0x27, 0x3f, 0x6e, 0xd2, 0x26, 0x3f, 0xd4, 0xd0, 0x25, 0x3f,
  0xe1, 0x9f, 0x25, 0x3f, 0x6e, 0x20, 0x25, 0x3f, 0x68, 0x7a, 0x24, 0x3f,
  0x18, 0x46, 0x23, 0x3f, 0xb3, 0xd7, 0x22, 0x3f, 0x82, 0x6f, 0x22, 0x3f,
  0xe9, 0xef, 0x21, 0x3f, 0x34, 0x96, 0x20, 0x3f, 0x21, 0xea, 0x1f, 0x3f,
  0xf2, 0x8a, 0x1f, 0x3f, 0x35, 0x2f, 0x1f, 0x3f, 0x96, 0xbf, 0x1d, 0x3f,
  0xec, 0xda, 0x1c, 0x3f, 0x6b, 0x74, 0x1c, 0x3f, 0x8f, 0x34, 0x1c, 0x3f,
  0x78, 0xbf, 0x1a, 0x3f, 0xf0, 0xab, 0x19, 0x3f, 0x02, 0x2d, 0x19, 0x3f,
  0x3a, 0xfc, 0x18, 0x3f, 0x10, 0x92, 0x17, 0x3f, 0x0a, 0x5f, 0x16, 0x3f,
  0xf5, 0xb9, 0x15, 0x3f, 0x15, 0x88, 0x15, 0x3f, 0x18, 0x34, 0x14, 0x3f,
  0x81, 0xf0, 0x12, 0x3f, 0x8b, 0x1a, 0x12, 0x3f, 0x1d, 0xd8, 0x11, 0x3f,
  0xfa, 0xa3, 0x10, 0x3f, 0x51, 0x60, 0x0f, 0x3f, 0x1f, 0x53, 0x0e, 0x3f,
  0x13, 0xf0, 0x0d, 0x3f, 0xd4, 0xde, 0x0c, 0x3f, 0xdf, 0xa8, 0x0b, 0x3f,
  0x05, 0x63, 0x0a, 0x3f, 0xd3, 0xd1, 0x09, 0x3f, 0x77, 0xe1, 0x08, 0x3f,
  0x92, 0xc4, 0x07, 0x3f, 0x2b, 0x4b, 0x06, 0x3f, 0xfa, 0x82, 0x05, 0x3f,
  0xf6, 0xab, 0x04, 0x3f, 0xcc, 0xad, 0x03, 0x3f, 0x81, 0x09, 0x02, 0x3f,
  0x66, 0x05, 0x01, 0x3f, 0x6e, 0x3b, 0x00, 0x3f, 0x28, 0xba, 0xfe, 0x3e,
  0x46, 0x38, 0xfb, 0x3e, 0x63, 0xbd, 0xf8, 0x3e, 0x2b, 0x27, 0xf7, 0x3e,
  0x19, 0xa1, 0xf5, 0x3e, 0xfd, 0x04, 0xf2, 0x3e, 0x37, 0x25, 0xef, 0x3e,
  0x69, 0x6b, 0xed, 0x3e, 0x2d, 0x05, 0xec, 0x3e, 0x51, 0x69, 0xe8, 0x3e,
  0x0c, 0x37, 0xe5, 0x3e, 0xfd, 0x39, 0xe3, 0x3e, 0x34, 0xdb, 0xe1, 0x3e,
  0xd9, 0x5f, 0xde, 0x3e, 0x61, 0xfa, 0xda, 0x3e, 0xfd, 0x9f, 0xd8, 0x3e,
  0xe8, 0x26, 0xd7, 0x3e, 0x1a, 0xdf, 0xd3, 0x3e, 0xff, 0x63, 0xd0, 0x3e,
  0x53, 0x99, 0xcd, 0x3e, 0x8a, 0xe4, 0xcb, 0x3e, 0x96, 0xdb, 0xc8, 0x3e,
  0xa8, 0x68, 0xc5, 0x3e, 0x40, 0x27, 0xc2, 0x3e, 0x97, 0x1b, 0xc0, 0x3e,
  0x25, 0x54, 0xbd, 0x3e, 0xe9, 0x00, 0xba, 0x3e, 0x60, 0x47, 0xb6, 0x3e,
  0x52, 0xc8, 0xb3, 0x3e, 0x25, 0x35, 0xb1, 0x3e, 0x94, 0x12, 0xae, 0x3e,
  0xe5, 0xf0, 0xa9, 0x3e, 0x34, 0xf2, 0xa6, 0x3e, 0x3f, 0x7f, 0xa4, 0x3e,
  0x72, 0x92, 0xa1, 0x3e, 0x22, 0x1d, 0x9d, 0x3e, 0x3f, 0x99, 0x99, 0x3e,
  0x44, 0x29, 0x97, 0x3e, 0xd3, 0x6d, 0x94, 0x3e, 0xc3, 0xc2, 0x8f, 0x3e,
  0x2d, 0xc1, 0x8b, 0x3e, 0xce, 0x31, 0x89, 0x3e, 0xc2, 0x95, 0x86, 0x3e,
  0x55, 0xd1, 0x81, 0x3e, 0x8d, 0xbd, 0x7a, 0x3e, 0xa2, 0x13, 0x75, 0x3e,
  0x9f, 0xe7, 0x6f, 0x3e, 0xeb, 0x6e, 0x66, 0x3e, 0xa2, 0xdc, 0x5c, 0x3e,
  0x7e, 0x62, 0x56, 0x3e, 0x89, 0xf9, 0x50, 0x3e, 0x71, 0xbd, 0x47, 0x3e,
  0xc1, 0xb2, 0x3d, 0x3e, 0x62, 0x2d, 0x36, 0x3e, 0xe0, 0x3b, 0x30, 0x3e,
  0x7c, 0x60, 0x27, 0x3e, 0x79, 0x1a, 0x1d, 0x3e, 0x09, 0x60, 0x14, 0x3e,
  0xc1, 0x90, 0x0d, 0x3e, 0x5a, 0x18, 0x05, 0x3e, 0x1e, 0x92, 0xf5, 0x3d,
  0x64, 0x92, 0xe1, 0x3d, 0x7a, 0xa5, 0xd1, 0x3d, 0x56, 0x4b, 0xc1, 0x3d,
  0x8d, 0xd8, 0xac, 0x3d, 0x4d, 0x54, 0x96, 0x3d, 0x1a, 0x9b, 0x83, 0x3d,
  0x7f, 0xdd, 0x66, 0x3d, 0xac, 0x6d, 0x3e, 0x3d, 0xf4, 0xc5, 0x0c, 0x3d,
  0x19, 0xb3, 0xc1, 0x3c, 0x5e, 0x80, 0x7d, 0x3c, 0x64, 0x2f, 0xb7, 0x3b,
  0xa1, 0xae, 0xf7, 0xbb, 0xe1, 0x8e, 0xa3, 0xbc, 0x51, 0x83, 0xec, 0xbc,
  0xbd, 0xef, 0x1f, 0xbd, 0x22, 0xe9, 0x59, 0xbd, 0xe5, 0x34, 0x8a, 0xbd,
  0x2e, 0x4c, 0x9f, 0xbd, 0x7f, 0xc8, 0xb5, 0xbd, 0x5e, 0xf1, 0xd4, 0xbd,
  0x48, 0xae, 0xf6, 0xbd, 0x34, 0x75, 0x08, 0xbe, 0xc2, 0xc5, 0x15, 0xbe,
  0xe5, 0x25, 0x27, 0xbe, 0x72, 0x89, 0x3b, 0xbe, 0xad, 0xf1, 0x4e, 0xbe,
  0xb3, 0x65, 0x64, 0xbe, 0xab, 0xd3, 0x7c, 0xbe, 0xd9, 0x43, 0x8a, 0xbe,
  0xe0, 0xbe, 0x92, 0xbe, 0x34, 0xa8, 0x99, 0xbe, 0x29, 0x42, 0xa1, 0xbe,
  0x75, 0x1d, 0xaa, 0xbe, 0x6e, 0x7a, 0xb1, 0xbe, 0x2a, 0x7a, 0xb7, 0xbe,
  0xef, 0x4d, 0xbd, 0xbe, 0xb1, 0xbc, 0xc4, 0xbe, 0x52, 0xc8, 0xcb, 0xbe,
  0x97, 0x87, 0xd1, 0xbe, 0xfe, 0x1b, 0xd6, 0xbe, 0x04, 0x65, 0xdc, 0xbe,
  0x3e, 0x51, 0xe3, 0xbe, 0x3a, 0x1d, 0xe9, 0xbe, 0x2a, 0xbd, 0xec, 0xbe,
  0x7a, 0xfa, 0xf1, 0xbe, 0x08, 0xc7, 0xf8, 0xbe, 0x1c, 0xc9, 0xfe, 0xbe,
  0x64, 0xde, 0x00, 0xbf, 0x91, 0x05, 0x03, 0xbf, 0x0c, 0x4e, 0x06, 0xbf,
  0xa0, 0x70, 0x09, 0xbf, 0x49, 0xb9, 0x0a, 0xbf, 0x3a, 0x7a, 0x0c, 0xbf,
  0xce, 0x8e, 0x0f, 0xbf, 0x3f, 0xc9, 0x12, 0xbf, 0x18, 0x05, 0x14, 0xbf,
  0x63, 0x75, 0x15, 0xbf, 0xc5, 0x3b, 0x18, 0xbf, 0x3f, 0x7f, 0x1b, 0xbf,
  0x48, 0xd5, 0x1c, 0xbf, 0x37, 0x11, 0x1e, 0xbf, 0x01, 0x6c, 0x20, 0xbf,
  0xb5, 0x9f, 0x23, 0xbf, 0x27, 0x33, 0x25, 0xbf, 0xab, 0x5c, 0x26, 0xbf,
  0x06, 0x32, 0x28, 0xbf, 0xb5, 0x37, 0x2b, 0xbf, 0xaf, 0x24, 0x2d, 0xbf,
  0x38, 0x5f, 0x2e, 0xbf, 0x96, 0x9b, 0x2f, 0xbf, 0x58, 0x54, 0x32, 0xbf,
  0x49, 0xb0, 0x34, 0xbf, 0x59, 0x20, 0x36, 0xbf, 0xda, 0xb8, 0x36, 0xbf,
  0x91, 0x04, 0x39, 0xbf, 0xfd, 0xd6, 0x3b, 0xbf, 0x50, 0x9c, 0x3d, 0xbf,
  0x5c, 0x92, 0x3d, 0xbf, 0x53, 0x57, 0x3f, 0xbf, 0x92, 0x9c, 0x42, 0xbf,
  0x40, 0xd1, 0x44, 0xbf, 0x76, 0x32, 0x44, 0xbf, 0x94, 0x5b, 0x45, 0xbf,
  0x71, 0xff, 0x48, 0xbf, 0xcf, 0xb5, 0x4b, 0xbf, 0x2d, 0xa2, 0x4a, 0xbf,
  0xe0, 0x25, 0x4b, 0xbf, 0x4b, 0x03, 0x4f, 0xbf, 0x83, 0x42, 0x52, 0xbf,
  0x7c, 0xeb, 0x50, 0xbf, 0xed, 0xc8, 0x50, 0xbf, 0x8c, 0xa4, 0x54, 0xbf,
  0x48, 0x6a, 0x58, 0xbf, 0x9d, 0x7a, 0x57, 0xbf, 0x6b, 0x57, 0x56, 0xbf,
  0xd6, 0x77, 0x59, 0xbf, 0x27, 0x1e, 0x5e, 0xbf, 0x88, 0x38, 0x5e, 0xbf,
  0xa5, 0xe9, 0x5b, 0xbf, 0x95, 0x56, 0x5d, 0xbf, 0xf7, 0x43, 0x63, 0xbf,
  0xc2, 0x9e, 0x65, 0xbf, 0x78, 0xac, 0x61, 0xbf, 0x96, 0xce, 0x5f, 0xbf,
  0xe6, 0x9f, 0x67, 0xbf, 0xf8, 0x8f, 0x6e, 0xbf, 0x92, 0x08, 0x68, 0xbf,
  0x0d, 0xc6, 0x5e, 0xbf, 0xe7, 0x78, 0x6a, 0xbf, 0x00, 0x00, 0x80, 0xbf,
  0x62, 0x3f, 0x6f, 0xbf, 0xba, 0x9b, 0x1e, 0xbf, 0xa3, 0xa8, 0x60, 0xbe,
  0xbd, 0x8a, 0x4c, 0x3c, 0xf0, 0x6a, 0x1e, 0x3c, 0xcb, 0xd4, 0x95, 0xbd,
  0x2c, 0xfd, 0xb9, 0xbd, 0xad, 0x62, 0x4b, 0xbd, 0x1c, 0xe0, 0x17, 0xbd,
  0x3c, 0x19, 0x8f, 0xbd, 0x03, 0x88, 0xc0, 0xbd, 0x4f, 0x9d, 0x9f, 0xbd,
  0x1d, 0xbc, 0x7f, 0xbd, 0x6d, 0x64, 0xa2, 0xbd, 0x75, 0x37, 0xd4, 0xbd,
  0xc9, 0xdb, 0xc8, 0xbd, 0x9c, 0x80, 0xab, 0xbd, 0xf6, 0xe9, 0xbd, 0xbd,
  0x30, 0x1f, 0xea, 0xbd, 0xbe, 0xe1, 0xe9, 0xbd, 0x3b, 0x39, 0xd3, 0xbd,
  0x00, 0x8b, 0xdc, 0xbd, 0xe0, 0x19, 0x00, 0xbe, 0xb7, 0x80, 0x03, 0xbe,
  0x19, 0x24, 0xf8, 0xbd, 0x19, 0x15, 0xfd, 0xbd, 0xb7, 0x0d, 0x0b, 0xbe,
  0x86, 0x66, 0x10, 0xbe, 0x14, 0x28, 0x0d, 0xbe, 0x94, 0x79, 0x0d, 0xbe,
  0xab, 0xe3, 0x15, 0xbe, 0x31, 0xc0, 0x1c, 0xbe, 0x17, 0xf5, 0x1c, 0xbe,
  0x7a, 0xb1, 0x1b, 0xbe, 0x2f, 0xa3, 0x20, 0xbe, 0x86, 0x59, 0x28, 0xbe,
  0x3b, 0x5b, 0x2b, 0xbe, 0x76, 0x2e, 0x29, 0xbe, 0xc2, 0x53, 0x2b, 0xbe,
  0x50, 0x3f, 0x33, 0xbe, 0xf0, 0x61, 0x38, 0xbe, 0x94, 0xed, 0x35, 0xbe,
  0x5d, 0xf5, 0x35, 0xbe, 0x18, 0x7d, 0x3d, 0xbe, 0xb6, 0x10, 0x44, 0xbe,
  0xe0, 0xe7, 0x41, 0xbe, 0x00, 0x88, 0x40, 0xbe, 0x26, 0x29, 0x47, 0xbe,
  0x86, 0x76, 0x4e, 0xbe, 0x3b, 0x07, 0x4d, 0xbe, 0xcf, 0xed, 0x4a, 0xbe,
  0xf3, 0x49, 0x50, 0xbe, 0xc1, 0xa9, 0x57, 0xbe, 0xa1, 0x42, 0x57, 0xbe,
  0x4d, 0x10, 0x55, 0xbe, 0xf9, 0xed, 0x58, 0xbe, 0x59, 0xc8, 0x5f, 0xbe,
  0xea, 0x89, 0x60, 0xbe, 0xa6, 0xc2, 0x5e, 0xbe, 0x85, 0x11, 0x61, 0xbe,
  0x2f, 0xf0, 0x66, 0xbe, 0x3d, 0xd9, 0x68, 0xbe, 0xf0, 0xe6, 0x67, 0xbe,
  0x82, 0xc3, 0x68, 0xbe, 0xa4, 0x55, 0x6d, 0xbe, 0xce, 0x38, 0x70, 0xbe,
  0x4b, 0x50, 0x70, 0xbe, 0x1a, 0xec, 0x6f, 0xbe, 0xa2, 0x07, 0x73, 0xbe,
  0x9b, 0xa4, 0x76, 0xbe, 0xce, 0xe0, 0x77, 0xbe, 0x07, 0x90, 0x76, 0xbe,
  0x11, 0x33, 0x78, 0xbe, 0x36, 0x2c, 0x7c, 0xbe, 0x24, 0x73, 0x7e, 0xbe,
  0xef, 0x8e, 0x7c, 0xbe, 0x63, 0xdf, 0x7c, 0xbe, 0x2b, 0x6e, 0x80, 0xbe,
  0xe0, 0xff, 0x81, 0xbe, 0xd0, 0xf2, 0x80, 0xbe, 0xc4, 0x8d, 0x80, 0xbe,
  0xf1, 0x5b, 0x82, 0xbe, 0x64, 0x34, 0x84, 0xbe, 0x3c, 0x38, 0x83, 0xbe,
  0x09, 0x70, 0x82, 0xbe, 0xaa, 0xe6, 0x83, 0xbe, 0xd6, 0xda, 0x85, 0xbe,
  0xc9, 0x14, 0x85, 0xbe, 0x7b, 0x16, 0x84, 0xbe, 0x39, 0x14, 0x85, 0xbe,
  0x36, 0xf3, 0x86, 0xbe, 0xf6, 0x7b, 0x86, 0xbe, 0xe5, 0x75, 0x85, 0xbe,
  0x59, 0xe8, 0x85, 0xbe, 0x04, 0x85, 0x87, 0xbe, 0x7d, 0x66, 0x87, 0xbe,
  0x54, 0x7f, 0x86, 0xbe, 0x08, 0x60, 0x86, 0xbe, 0xf8, 0x93, 0x87, 0xbe,
  0x67, 0xcb, 0x87, 0xbe, 0xd0, 0x23, 0x87, 0xbe, 0xe0, 0x7d, 0x86, 0xbe,
  0x08, 0x2f, 0x87, 0xbe, 0xb7, 0xa9, 0x87, 0xbe, 0xae, 0x50, 0x87, 0xbe,
  0x95, 0x37, 0x86, 0xbe, 0xef, 0x59, 0x86, 0xbe, 0x17, 0xfe, 0x86, 0xbe,
  0xf6, 0xf6, 0x86, 0xbe, 0xcc, 0x85, 0x85, 0xbe, 0x6e, 0x18, 0x85, 0xbe,
  0xb2, 0xc4, 0x85, 0xbe, 0xb0, 0x07, 0x86, 0xbe, 0xdd, 0x60, 0x84, 0xbe,
  0x3f, 0x6e, 0x83, 0xbe, 0xc3, 0xf9, 0x83, 0xbe, 0x33, 0x70, 0x84, 0xbe,
  0xce, 0xb8, 0x82, 0xbe, 0x61, 0x5b, 0x81, 0xbe, 0xe5, 0xa2, 0x81, 0xbe,
  0xbe, 0x2c, 0x82, 0xbe, 0xb5, 0x81, 0x80, 0xbe, 0x43, 0xa9, 0x7d, 0xbe,
  0x9b, 0x6b, 0x7d, 0xbe, 0xb3, 0x5c, 0x7e, 0xbe, 0xdb, 0x55, 0x7b, 0xbe,
  0x03, 0xa5, 0x77, 0xbe, 0xea, 0x69, 0x76, 0xbe, 0x9b, 0xe2, 0x76, 0xbe,
  0x9d, 0x3e, 0x74, 0xbe, 0xad, 0x75, 0x70, 0xbe, 0x0a, 0x27, 0x6e, 0xbe,
  0xb2, 0xe3, 0x6d, 0xbe, 0x63, 0xa6, 0x6b, 0xbe, 0xe2, 0xf5, 0x67, 0xbe,
  0xd1, 0x8b, 0x64, 0xbe, 0x0f, 0x51, 0x63, 0xbe, 0x1b, 0x68, 0x61, 0xbe,
  0x4d, 0xf1, 0x5d, 0xbe, 0x5e, 0x76, 0x59, 0xbe, 0x34, 0x14, 0x57, 0xbe,
  0x04, 0x54, 0x55, 0xbe, 0x9d, 0x24, 0x52, 0xbe, 0x95, 0xba, 0x4c, 0xbe,
  0xc4, 0x16, 0x49, 0xbe, 0x64, 0x3b, 0x47, 0xbe, 0x97, 0x3d, 0x44, 0xbe,
  0x86, 0x09, 0x3e, 0xbe, 0xdf, 0x1c, 0x39, 0xbe, 0x93, 0xdc, 0x36, 0xbe,
  0xf7, 0xe9, 0x33, 0xbe, 0x80, 0x1a, 0x2d, 0xbe, 0xbb, 0xea, 0x26, 0xbe,
  0xfc, 0xeb, 0x23, 0xbe, 0x27, 0xb2, 0x20, 0xbe, 0x04, 0x50, 0x19, 0xbe,
  0x40, 0x01, 0x12, 0xbe, 0xb3, 0xf0, 0x0d, 0xbe, 0x8b, 0x00, 0x0a, 0xbe,
  0xe5, 0xf7, 0x01, 0xbe, 0xf3, 0x4a, 0xf3, 0xbd, 0xbf, 0x71, 0xe8, 0xbd,
  0xdc, 0xda, 0xdd, 0xbd, 0x56, 0xbf, 0xcb, 0xbd, 0xde, 0x1c, 0xb9, 0xbd,
  0x3f, 0xf9, 0xaa, 0xbd, 0x27, 0x9d, 0x9b, 0xbd, 0xd6, 0x3e, 0x85, 0xbd,
  0x4b, 0xd7, 0x5f, 0xbd, 0x31, 0xb9, 0x3b, 0xbd, 0xba, 0x27, 0x09, 0xbd,
  0x6e, 0x7f, 0x78, 0xbc, 0x12, 0x06, 0xe1, 0x23, 0xb5, 0x52, 0xec, 0x3e,
  0x68, 0xdb, 0x59, 0x3f, 0x06, 0x5a, 0x5b, 0x3f, 0xc7, 0x96, 0x31, 0x3f,
  0xb3, 0x49, 0x33, 0x3f, 0x54, 0x0d, 0x55, 0x3f, 0xa0, 0xcb, 0x59, 0x3f,
  0x1a, 0x89, 0x46, 0x3f, 0xf7, 0xeb, 0x47, 0x3f, 0x6e, 0x83, 0x5b, 0x3f,
  0x8b, 0x15, 0x5e, 0x3f, 0x4d, 0x3b, 0x53, 0x3f, 0x08, 0xab, 0x55, 0x3f,
  0x88, 0x47, 0x62, 0x3f, 0x04, 0x09, 0x63, 0x3f, 0x72, 0xa5, 0x5c, 0x3f,
  0x2c, 0xc6, 0x5f, 0x3f, 0xa1, 0x57, 0x68, 0x3f, 0x75, 0x02, 0x68, 0x3f,
  0x91, 0x19, 0x64, 0x3f, 0x2b, 0x64, 0x67, 0x3f, 0xb7, 0x95, 0x6d, 0x3f,
  0xd6, 0xa6, 0x6c, 0x3f, 0xa8, 0x23, 0x6a, 0x3f, 0x7e, 0x12, 0x6d, 0x3f,
  0xc7, 0x07, 0x72, 0x3f, 0xa8, 0x07, 0x71, 0x3f, 0xbc, 0x17, 0x6f, 0x3f,
  0x4c, 0xa0, 0x71, 0x3f, 0xd7, 0xbf, 0x75, 0x3f, 0x43, 0xba, 0x74, 0x3f,
  0xcd, 0x23, 0x73, 0x3f, 0xcb, 0x4f, 0x75, 0x3f, 0xe3, 0xcf, 0x78, 0x3f,
  0xce, 0xc7, 0x77, 0x3f, 0xda, 0x6b, 0x76, 0x3f, 0x2b, 0x45, 0x78, 0x3f,
  0xec, 0x45, 0x7b, 0x3f, 0x99, 0x39, 0x7a, 0x3f, 0xe4, 0x03, 0x79, 0x3f,
  0xf1, 0x93, 0x7a, 0x3f, 0xf5, 0x2d, 0x7d, 0x3f, 0x25, 0x1f, 0x7c, 0x3f,
  0xec, 0x03, 0x7b, 0x3f, 0xd3, 0x50, 0x7c, 0x3f, 0xfa, 0x91, 0x7e, 0x3f,
  0xe7, 0x7e, 0x7d, 0x3f, 0xf2, 0x75, 0x7c, 0x3f, 0xec, 0x86, 0x7d, 0x3f,
  0xfe, 0x7b, 0x7f, 0x3f, 0xa3, 0x64, 0x7e, 0x3f, 0xf5, 0x67, 0x7d, 0x3f,
  0xf6, 0x41, 0x7e, 0x3f, 0x00, 0xf4, 0x7f, 0x3f, 0x6d, 0xd8, 0x7e, 0x3f,
  0xf8, 0xe3, 0x7d, 0x3f, 0xdd, 0x8a, 0x7e, 0x3f, 0x00, 0x00, 0x80, 0x3f,
  0x6b, 0xdf, 0x7e, 0x3f, 0xf8, 0xef, 0x7d, 0x3f, 0x21, 0x67, 0x7e, 0x3f,
  0xfe, 0xa3, 0x7f, 0x3f, 0xaa, 0x7d, 0x7e, 0x3f, 0xf7, 0x91, 0x7d, 0x3f,
  0x01, 0xdf, 0x7d, 0x3f, 0xfc, 0xe9, 0x7e, 0x3f, 0x8a, 0xbd, 0x7d, 0x3f,
  0xf3, 0xd1, 0x7c, 0x3f, 0xe7, 0xf5, 0x7c, 0x3f, 0xf8, 0xd1, 0x7d, 0x3f,
  0x1d, 0x9f, 0x7c, 0x3f, 0xef, 0xb1, 0x7b, 0x3f, 0x06, 0xaf, 0x7b, 0x3f,
  0xf2, 0x5f, 0x7c, 0x3f, 0x36, 0x28, 0x7b, 0x3f, 0xe8, 0x39, 0x7a, 0x3f,
  0xaa, 0x12, 0x7a, 0x3f, 0xeb, 0x99, 0x7a, 0x3f, 0x68, 0x5b, 0x79, 0x3f,
  0xe1, 0x69, 0x78, 0x3f, 0x87, 0x20, 0x78, 0x3f, 0xe3, 0x81, 0x78, 0x3f,
  0xca, 0x3d, 0x77, 0x3f, 0xd9, 0x47, 0x76, 0x3f, 0x25, 0xdc, 0x75, 0x3f,
  0xd8, 0x17, 0x76, 0x3f, 0xf2, 0xcd, 0x74, 0x3f, 0xcf, 0xd3, 0x73, 0x3f,
  0xf3, 0x47, 0x73, 0x3f, 0xce, 0x5f, 0x73, 0x3f, 0x29, 0x10, 0x72, 0x3f,
  0xc3, 0x11, 0x71, 0x3f, 0xd1, 0x67, 0x70, 0x3f, 0xc1, 0x5d, 0x70, 0x3f,
  0x12, 0x08, 0x6f, 0x3f, 0xb7, 0x03, 0x6e, 0x3f, 0x52, 0x3b, 0x6d, 0x3f,
  0xb5, 0x0f, 0x6d, 0x3f, 0xf5, 0xb3, 0x6b, 0x3f, 0xab, 0xa9, 0x6a, 0x3f,
  0x96, 0xc4, 0x69, 0x3f, 0xa7, 0x79, 0x69, 0x3f, 0xcb, 0x18, 0x68, 0x3f,
  0x9d, 0x07, 0x67, 0x3f, 0xa2, 0x04, 0x66, 0x3f, 0x96, 0x99, 0x65, 0x3f,
  0xfc, 0x33, 0x64, 0x3f, 0x8c, 0x1d, 0x63, 0x3f, 0x49, 0xff, 0x61, 0x3f,
  0x86, 0x75, 0x61, 0x3f, 0xb7, 0x0a, 0x60, 0x3f, 0x7c, 0xed, 0x5e, 0x3f,
  0xe1, 0xb2, 0x5d, 0x3f, 0x74, 0x09, 0x5d, 0x3f, 0xe1, 0x98, 0x5b, 0x3f,
  0x6a, 0x75, 0x5a, 0x3f, 0xb1, 0x20, 0x59, 0x3f, 0x61, 0x59, 0x58, 0x3f,
  0xd4, 0xe2, 0x56, 0x3f, 0x57, 0xb7, 0x55, 0x3f, 0xad, 0x47, 0x54, 0x3f,
  0x4e, 0x63, 0x53, 0x3f, 0xdc, 0xe8, 0x51, 0x3f, 0x42, 0xb7, 0x50, 0x3f,
  0xa8, 0x2d, 0x4f, 0x3f, 0x39, 0x2b, 0x4e, 0x3f, 0x2a, 0xaa, 0x4c, 0x3f,
  0x2e, 0x6f, 0x4b, 0x3f, 0x4e, 0xca, 0x49, 0x3f, 0x22, 0xab, 0x48, 0x3f,
  0xb4, 0x26, 0x47, 0x3f, 0x17, 0xe5, 0x45, 0x3f, 0x01, 0x26, 0x44, 0x3f,
  0x0c, 0xe9, 0x42, 0x3f, 0x44, 0x5f, 0x41, 0x3f, 0x01, 0x15, 0x40, 0x3f,
  0xf8, 0x3a, 0x3e, 0x3f, 0xf4, 0xe0, 0x3c, 0x3f, 0x64, 0x53, 0x3b, 0x3f,
  0xe8, 0x00, 0x3a, 0x3f, 0x09, 0x0b, 0x38, 0x3f, 0xda, 0x92, 0x36, 0x3f,
  0x09, 0x02, 0x35, 0x3f, 0xce, 0xa8, 0x33, 0x3f, 0x09, 0x98, 0x31, 0x3f,
  0xbf, 0x00, 0x30, 0x3f, 0xb3, 0x6a, 0x2e, 0x3f, 0xb5, 0x08, 0x2d, 0x3f,
  0x5d, 0xdc, 0x2a, 0x3f, 0xa5, 0x26, 0x29, 0x3f, 0xc1, 0x8c, 0x27, 0x3f,
  0x99, 0x22, 0x26, 0x3f, 0xb1, 0xda, 0x23, 0x3f, 0x89, 0x06, 0x22, 0x3f,
  0x42, 0x69, 0x20, 0x3f, 0x7b, 0xf6, 0x1e, 0x3f, 0xd3, 0x91, 0x1c, 0x3f,
  0x6a, 0x9e, 0x1a, 0x3f, 0x1f, 0xfe, 0x18, 0x3f, 0x5e, 0x82, 0x17, 0x3f,
  0x1d, 0xff, 0x14, 0x3f, 0x4c, 0xea, 0x12, 0x3f, 0x80, 0x46, 0x11, 0x3f,
  0x3f, 0xc2, 0x0f, 0x3f, 0x47, 0x21, 0x0d, 0x3f, 0x2c, 0xec, 0x0a, 0x3f,
  0xfd, 0x45, 0x09, 0x3f, 0x1f, 0xb8, 0x07, 0x3f, 0xb4, 0xf6, 0x04, 0x3f,
  0x0a, 0xa0, 0x02, 0x3f, 0x8c, 0xf9, 0x00, 0x3f, 0xfc, 0xc7, 0xfe, 0x3e,
  0x36, 0x02, 0xf9, 0x3e, 0xcf, 0x0b, 0xf4, 0x3e, 0xfe, 0xb9, 0xf0, 0x3e,
  0xb7, 0x7b, 0xed, 0x3e, 0x5d, 0x6f, 0xe7, 0x3e, 0x89, 0x2f, 0xe2, 0x3e,
  0xd5, 0xdd, 0xde, 0x3e, 0x6f, 0x8f, 0xdb, 0x3e, 0x97, 0x39, 0xd5, 0x3e,
  0x40, 0xab, 0xcf, 0x3e, 0xdc, 0x57, 0xcc, 0x3e, 0x23, 0xf7, 0xc8, 0x3e,
  0x3c, 0x54, 0xc2, 0x3e, 0xf3, 0x76, 0xbc, 0x3e, 0x56, 0x26, 0xb9, 0x3e,
  0xd8, 0xb2, 0xb5, 0x3e, 0x49, 0xba, 0xae, 0x3e, 0xa3, 0x86, 0xa8, 0x3e,
  0x74, 0x3a, 0xa5, 0x3e, 0x87, 0xb6, 0xa1, 0x3e, 0xe4, 0x65, 0x9a, 0x3e,
  0x4e, 0xda, 0x93, 0x3e, 0xd7, 0x95, 0x90, 0x3e, 0x33, 0xfe, 0x8c, 0x3e,
  0x18, 0x49, 0x85, 0x3e, 0xf2, 0xbb, 0x7c, 0x3e, 0x64, 0x4d, 0x76, 0x3e,
  0xbe, 0xfb, 0x6e, 0x3e, 0x68, 0xb6, 0x5e, 0x3e, 0x3e, 0x13, 0x50, 0x3e,
  0x1e, 0xcb, 0x49, 0x3e, 0x09, 0x5b, 0x42, 0x3e, 0x8e, 0x23, 0x31, 0x3e,
  0x83, 0xa2, 0x21, 0x3e, 0x23, 0x8e, 0x1b, 0x3e, 0x52, 0x02, 0x14, 0x3e,
  0x0c, 0xbc, 0x01, 0x3e, 0x8e, 0x93, 0xe2, 0x3d, 0x3e, 0xee, 0xd6, 0x3d,
  0x1e, 0x93, 0xc7, 0x3d, 0x5e, 0x90, 0xa0, 0x3d, 0xee, 0x43, 0x7b, 0x3d,
  0xde, 0x88, 0x65, 0x3d, 0x19, 0x63, 0x46, 0x3d, 0x5d, 0x21, 0xe5, 0x3c,
  0x83, 0x82, 0x20, 0x3c, 0x84, 0x93, 0xa4, 0x3b, 0xb7, 0x02, 0x2e, 0xbb,
  0xfb, 0x0d, 0xcb, 0xbc, 0xd4, 0x02, 0x35, 0xbd, 0x63, 0x8a, 0x45, 0xbd,
  0x94, 0x63, 0x65, 0xbd, 0x91, 0x4e, 0xa4, 0xbd, 0x35, 0xe3, 0xce, 0xbd,
  0xde, 0xea, 0xd4, 0xbd, 0x9b, 0x13, 0xe5, 0xbd, 0xd1, 0x1c, 0x0e, 0xbe,
  0x93, 0xf2, 0x24, 0xbe, 0x3f, 0x2f, 0x26, 0xbe, 0xb7, 0x7a, 0x2e, 0xbe,
  0x8d, 0xf4, 0x4d, 0xbe, 0x97, 0x6b, 0x66, 0xbe, 0xd4, 0x81, 0x64, 0xbe,
  0xb5, 0x73, 0x6d, 0xbe, 0xcc, 0x2b, 0x8a, 0xbe, 0x5a, 0x62, 0x96, 0xbe,
  0x72, 0xba, 0x92, 0xbe, 0x5e, 0xde, 0x97, 0xbe, 0x0b, 0xf5, 0xaf, 0xbe,
  0xf3, 0xd2, 0xbc, 0xbe, 0xff, 0xfc, 0xb4, 0xbe, 0xeb, 0x9e, 0xba, 0xbe,
  0x49, 0x47, 0xd9, 0xbe, 0xa2, 0x2b, 0xe8, 0xbe, 0xb9, 0x34, 0xda, 0xbe,
  0x7a, 0x4b, 0xde, 0xbe, 0xc8, 0x9a, 0x03, 0xbf, 0x39, 0x86, 0x0e, 0xbf,
  0xcd, 0x9d, 0x01, 0xbf, 0xf3, 0x0b, 0xfd, 0xbe, 0xa2, 0x3e, 0x20, 0xbf,
  0xf0, 0x02, 0x3c, 0xbf, 0xb5, 0x6f, 0x08, 0xbf, 0x1c, 0xe2, 0xff, 0x07,
  0xb5, 0x6f, 0x08, 0x3f, 0xf0, 0x02, 0x3c, 0x3f, 0xa2, 0x3e, 0x20, 0x3f,
  0xf3, 0x0b, 0xfd, 0x3e, 0xcd, 0x9d, 0x01, 0x3f, 0x39, 0x86, 0x0e, 0x3f,
  0xc8, 0x9a, 0x03, 0x3f, 0x7a, 0x4b, 0xde, 0x3e, 0xb9, 0x34, 0xda, 0x3e,
  0xa2, 0x2b, 0xe8, 0x3e, 0x49, 0x47, 0xd9, 0x3e, 0xeb, 0x9e, 0xba, 0x3e,
  0xff, 0xfc, 0xb4, 0x3e, 0xf3, 0xd2, 0xbc, 0x3e, 0x0b, 0xf5, 0xaf, 0x3e,
  0x5e, 0xde, 0x97, 0x3e, 0x72, 0xba, 0x92, 0x3e, 0x5a, 0x62, 0x96, 0x3e,
  0xcc, 0x2b, 0x8a, 0x3e, 0xb5, 0x73, 0x6d, 0x3e, 0xd4, 0x81, 0x64, 0x3e,
  0x97, 0x6b, 0x66, 0x3e, 0x8d, 0xf4, 0x4d, 0x3e, 0xb7, 0x7a, 0x2e, 0x3e,
  0x3f, 0x2f, 0x26, 0x3e, 0x93, 0xf2, 0x24, 0x3e, 0xd1, 0x1c, 0x0e, 0x3e,
  0x9b, 0x13, 0xe5, 0x3d, 0xde, 0xea, 0xd4, 0x3d, 0x35, 0xe3, 0xce, 0x3d,
  0x91, 0x4e, 0xa4, 0x3d, 0x94, 0x63, 0x65, 0x3d, 0x63, 0x8a, 0x45, 0x3d,
  0xd4, 0x02, 0x35, 0x3d, 0xfb, 0x0d, 0xcb, 0x3c, 0xb7, 0x02, 0x2e, 0x3b,
  0x84, 0x93, 0xa4, 0xbb, 0x83, 0x82, 0x20, 0xbc, 0x5d, 0x21, 0xe5, 0xbc,
  0x19, 0x63, 0x46, 0xbd, 0xde, 0x88, 0x65, 0xbd, 0xee, 0x43, 0x7b, 0xbd,
  0x5e, 0x90, 0xa0, 0xbd, 0x1e, 0x93, 0xc7, 0xbd, 0x3e, 0xee, 0xd6, 0xbd,
  0x8e, 0x93, 0xe2, 0xbd, 0x0c, 0xbc, 0x01, 0xbe, 0x52, 0x02, 0x14, 0xbe,
  0x23, 0x8e, 0x1b, 0xbe, 0x83, 0xa2, 0x21, 0xbe, 0x8e, 0x23, 0x31, 0xbe,
  0x09, 0x5b, 0x42, 0xbe, 0x1e, 0xcb, 0x49, 0xbe, 0x3e, 0x13, 0x50, 0xbe,
  0x68, 0xb6, 0x5e, 0xbe, 0xbe, 0xfb, 0x6e, 0xbe, 0x64, 0x4d, 0x76, 0xbe,
  0xf2, 0xbb, 0x7c, 0xbe, 0x18, 0x49, 0x85, 0xbe, 0x33, 0xfe, 0x8c, 0xbe,
  0xd7, 0x95, 0x90, 0xbe, 0x4e, 0xda, 0x93, 0xbe, 0xe4, 0x65, 0x9a, 0xbe,
  0x87, 0xb6, 0xa1, 0xbe, 0x74, 0x3a, 0xa5, 0xbe, 0xa3, 0x86, 0xa8, 0xbe,
  0x49, 0xba, 0xae, 0xbe, 0xd8, 0xb2, 0xb5, 0xbe, 0x56, 0x26, 0xb9, 0xbe,
  0xf3, 0x76, 0xbc, 0xbe, 0x3c, 0x54, 0xc2, 0xbe, 0x23, 0xf7, 0xc8, 0xbe,
  0xdc, 0x57, 0xcc, 0xbe, 0x40, 0xab, 0xcf, 0xbe, 0x97, 0x39, 0xd5, 0xbe,
  0x6f, 0x8f, 0xdb, 0xbe, 0xd5, 0xdd, 0xde, 0xbe, 0x89, 0x2f, 0xe2, 0xbe,
  0x5d, 0x6f, 0xe7, 0xbe, 0xb7, 0x7b, 0xed, 0xbe, 0xfe, 0xb9, 0xf0, 0xbe,
  0xcf, 0x0b, 0xf4, 0xbe, 0x36, 0x02, 0xf9, 0xbe, 0xfc, 0xc7, 0xfe, 0xbe,
  0x8c, 0xf9, 0x00, 0xbf, 0x0a, 0xa0, 0x02, 0xbf, 0xb4, 0xf6, 0x04, 0xbf,
  0x1f, 0xb8, 0x07, 0xbf, 0xfd, 0x45, 0x09, 0xbf, 0x2c, 0xec, 0x0a, 0xbf,
  0x47, 0x21, 0x0d, 0xbf, 0x3f, 0xc2, 0x0f, 0xbf, 0x80, 0x46, 0x11, 0xbf,
  0x4c, 0xea, 0x12, 0xbf, 0x1d, 0xff, 0x14, 0xbf, 0x5e, 0x82, 0x17, 0xbf,
  0x1f, 0xfe, 0x18, 0xbf, 0x6a, 0x9e, 0x1a, 0xbf, 0xd3, 0x91, 0x1c, 0xbf,
  0x7b, 0xf6, 0x1e, 0xbf, 0x42, 0x69, 0x20, 0xbf, 0x89, 0x06, 0x22, 0xbf,
  0xb1, 0xda, 0x23, 0xbf, 0x99, 0x22, 0x26, 0xbf, 0xc1, 0x8c, 0x27, 0xbf,
  0xa5, 0x26, 0x29, 0xbf, 0x5d, 0xdc, 0x2a, 0xbf, 0xb5, 0x08, 0x2d, 0xbf,
  0xb3, 0x6a, 0x2e, 0xbf, 0xbf, 0x00, 0x30, 0xbf, 0x09, 0x98, 0x31, 0xbf,
  0xce, 0xa8, 0x33, 0xbf, 0x09, 0x02, 0x35, 0xbf, 0xda, 0x92, 0x36, 0xbf,
  0x09, 0x0b, 0x38, 0xbf, 0xe8, 0x00, 0x3a, 0xbf, 0x64, 0x53, 0x3b, 0xbf,
  0xf4, 0xe0, 0x3c, 0xbf, 0xf8, 0x3a, 0x3e, 0xbf, 0x01, 0x15, 0x40, 0xbf,
  0x44, 0x5f, 0x41, 0xbf, 0x0c, 0xe9, 0x42, 0xbf, 0x01, 0x26, 0x44, 0xbf,
  0x17, 0xe5, 0x45, 0xbf, 0xb4, 0x26, 0x47, 0xbf, 0x22, 0xab, 0x48, 0xbf,
  0x4e, 0xca, 0x49, 0xbf, 0x2e, 0x6f, 0x4b, 0xbf, 0x2a, 0xaa, 0x4c, 0xbf,
  0x39, 0x2b, 0x4e, 0xbf, 0xa8, 0x2d, 0x4f, 0xbf, 0x42, 0xb7, 0x50, 0xbf,
  0xdc, 0xe8, 0x51, 0xbf, 0x4e, 0x63, 0x53, 0xbf, 0xad, 0x47, 0x54, 0xbf,
  0x57, 0xb7, 0x55, 0xbf, 0xd4, 0xe2, 0x56, 0xbf, 0x61, 0x59, 0x58, 0xbf,
  0xb1, 0x20, 0x59, 0xbf, 0x6a, 0x75, 0x5a, 0xbf, 0xe1, 0x98, 0x5b, 0xbf,
  0x74, 0x09, 0x5d, 0xbf, 0xe1, 0xb2, 0x5d, 0xbf, 0x7c, 0xed, 0x5e, 0xbf,
  0xb7, 0x0a, 0x60, 0xbf, 0x86, 0x75, 0x61, 0xbf, 0x49, 0xff, 0x61, 0xbf,
  0x8c, 0x1d, 0x63, 0xbf, 0xfc, 0x33, 0x64, 0xbf, 0x96, 0x99, 0x65, 0xbf,
  0xa2, 0x04, 0x66, 0xbf, 0x9d, 0x07, 0x67, 0xbf, 0xcb, 0x18, 0x68, 0xbf,
  0xa7, 0x79, 0x69, 0xbf, 0x96, 0xc4, 0x69, 0xbf, 0xab, 0xa9, 0x6a, 0xbf,
  0xf5, 0xb3, 0x6b, 0xbf, 0xb5, 0x0f, 0x6d, 0xbf, 0x52, 0x3b, 0x6d, 0xbf,
  0xb7, 0x03, 0x6e, 0xbf, 0x12, 0x08, 0x6f, 0xbf, 0xc1, 0x5d, 0x70, 0xbf,
  0xd1, 0x67, 0x70, 0xbf, 0xc3, 0x11, 0x71, 0xbf, 0x29, 0x10, 0x72, 0xbf,
  0xce, 0x5f, 0x73, 0xbf, 0xf3, 0x47, 0x73, 0xbf, 0xcf, 0xd3, 0x73, 0xbf,
  0xf2, 0xcd, 0x74, 0xbf, 0xd8, 0x17, 0x76, 0xbf, 0x25, 0xdc, 0x75, 0xbf,
  0xd9, 0x47, 0x76, 0xbf, 0xca, 0x3d, 0x77, 0xbf, 0xe3, 0x81, 0x78, 0xbf,
  0x87, 0x20, 0x78, 0xbf, 0xe1, 0x69, 0x78, 0xbf, 0x68, 0x5b, 0x79, 0xbf,
  0xeb, 0x99, 0x7a, 0xbf, 0xac, 0x12, 0x7a, 0xbf, 0xe8, 0x39, 0x7a, 0xbf,
  0x32, 0x28, 0x7b, 0xbf, 0xf2, 0x5f, 0x7c, 0xbf, 0x0b, 0xaf, 0x7b, 0xbf,
  0xef, 0xb1, 0x7b, 0xbf, 0x13, 0x9f, 0x7c, 0xbf, 0xf8, 0xd1, 0x7d, 0xbf,
  0xf5, 0xf5, 0x7c, 0xbf, 0xf3, 0xd1, 0x7c, 0xbf, 0x74, 0xbd, 0x7d, 0xbf,
  0xfc, 0xe9, 0x7e, 0xbf, 0x24, 0xdf, 0x7d, 0xbf, 0xf7, 0x91, 0x7d, 0xbf,
  0x71, 0x7d, 0x7e, 0xbf, 0xfe, 0xa3, 0x7f, 0xbf, 0x87, 0x67, 0x7e, 0xbf,
  0xf8, 0xef, 0x7d, 0xbf, 0x27, 0xde, 0x7e, 0xbf, 0x00, 0xfe, 0x7f, 0xbf,
  0x99, 0x89, 0x7e, 0xbf, 0xf8, 0xe3, 0x7d, 0xbf, 0xd3, 0xd8, 0x7e, 0xbf,
  0x00, 0xf4, 0x7f, 0xbf, 0xbd, 0x41, 0x7e, 0xbf, 0xf5, 0x67, 0x7d, 0xbf,
  0xc6, 0x64, 0x7e, 0xbf, 0xfe, 0x7b, 0x7f, 0xbf, 0xd6, 0x86, 0x7d, 0xbf,
  0xf2, 0x75, 0x7c, 0xbf, 0xf4, 0x7e, 0x7d, 0xbf, 0xfa, 0x91, 0x7e, 0xbf,
  0xcb, 0x50, 0x7c, 0xbf, 0xec, 0x03, 0x7b, 0xbf, 0x2a, 0x1f, 0x7c, 0xbf,
  0xf5, 0x2d, 0x7d, 0xbf, 0xef, 0x93, 0x7a, 0xbf, 0xe4, 0x03, 0x79, 0xbf,
  0x9b, 0x39, 0x7a, 0xbf, 0xec, 0x45, 0x7b, 0xbf, 0x2b, 0x45, 0x78, 0xbf,
  0xda, 0x6b, 0x76, 0xbf, 0xce, 0xc7, 0x77, 0xbf, 0xe3, 0xcf, 0x78, 0xbf,
  0xcb, 0x4f, 0x75, 0xbf, 0xcd, 0x23, 0x73, 0xbf, 0x43, 0xba, 0x74, 0xbf,
  0xd7, 0xbf, 0x75, 0xbf, 0x4c, 0xa0, 0x71, 0xbf, 0xbc, 0x17, 0x6f, 0xbf,
  0xa8, 0x07, 0x71, 0xbf, 0xc7, 0x07, 0x72, 0xbf, 0x7e, 0x12, 0x6d, 0xbf,
  0xa8, 0x23, 0x6a, 0xbf, 0xd6, 0xa6, 0x6c, 0xbf, 0xb7, 0x95, 0x6d, 0xbf,
  0x2b, 0x64, 0x67, 0xbf, 0x91, 0x19, 0x64, 0xbf, 0x75, 0x02, 0x68, 0xbf,
  0xa1, 0x57, 0x68, 0xbf, 0x2c, 0xc6, 0x5f, 0xbf, 0x72, 0xa5, 0x5c, 0xbf,
  0x04, 0x09, 0x63, 0xbf, 0x88, 0x47, 0x62, 0xbf, 0x08, 0xab, 0x55, 0xbf,
  0x4d, 0x3b, 0x53, 0xbf, 0x8b, 0x15, 0x5e, 0xbf, 0x6e, 0x83, 0x5b, 0xbf,
  0xf7, 0xeb, 0x47, 0xbf, 0x1a, 0x89, 0x46, 0xbf, 0xa0, 0xcb, 0x59, 0xbf,
  0x54, 0x0d, 0x55, 0xbf, 0xb3, 0x49, 0x33, 0xbf, 0xc7, 0x96, 0x31, 0xbf,
  0x06, 0x5a, 0x5b, 0xbf, 0x68, 0xdb, 0x59, 0xbf, 0xb5, 0x52, 0xec, 0xbe,
  0xb7, 0xac, 0x95, 0x23, 0x5f, 0x84, 0x9c, 0x3e, 0x3b, 0x08, 0x10, 0x3f,
  0x5b, 0x83, 0x10, 0x3f, 0x89, 0xa4, 0xe8, 0x3e, 0xa5, 0x23, 0xea, 0x3e,
  0x95, 0x0b, 0x0b, 0x3f, 0x10, 0xaf, 0x0d, 0x3f, 0x9b, 0x6a, 0x00, 0x3f,
  0xd8, 0xf5, 0x00, 0x3f, 0xe7, 0x89, 0x0d, 0x3f, 0x71, 0xbb, 0x0e, 0x3f,
  0x75, 0x0a, 0x07, 0x3f, 0x3a, 0x4c, 0x08, 0x3f, 0x7c, 0x3f, 0x10, 0x3f,
  0xfe, 0x36, 0x10, 0x3f, 0x31, 0x78, 0x0b, 0x3f, 0x95, 0x34, 0x0d, 0x3f,
  0x06, 0x7d, 0x12, 0x3f, 0x54, 0xb7, 0x11, 0x3f, 0x7a, 0x98, 0x0e, 0x3f,
  0xb4, 0x73, 0x10, 0x3f, 0xa7, 0x2b, 0x14, 0x3f, 0xb3, 0xfc, 0x12, 0x3f,
  0xae, 0xc8, 0x10, 0x3f, 0x1e, 0x6d, 0x12, 0x3f, 0xd0, 0x56, 0x15, 0x3f,
  0xbe, 0x17, 0x14, 0x3f, 0x0c, 0x40, 0x12, 0x3f, 0xf8, 0xa4, 0x13, 0x3f,
  0x35, 0x04, 0x16, 0x3f, 0x95, 0xbd, 0x14, 0x3f, 0x15, 0x1d, 0x13, 0x3f,
  0x24, 0x4a, 0x14, 0x3f, 0x15, 0x43, 0x16, 0x3f, 0x2a, 0xf5, 0x14, 0x3f,
  0xbc, 0x74, 0x13, 0x3f, 0x5e, 0x6f, 0x14, 0x3f, 0x2a, 0x19, 0x16, 0x3f,
  0xae, 0xc6, 0x14, 0x3f, 0xf7, 0x5b, 0x13, 0x3f, 0x36, 0x2a, 0x14, 0x3f,
  0xe1, 0x91, 0x15, 0x3f, 0x57, 0x38, 0x14, 0x3f, 0x64, 0xda, 0x12, 0x3f,
  0xf6, 0x81, 0x13, 0x3f, 0xf1, 0xb2, 0x14, 0x3f, 0x2c, 0x52, 0x13, 0x3f,
  0x74, 0xfb, 0x11, 0x3f, 0x07, 0x81, 0x12, 0x3f, 0xf9, 0x83, 0x13, 0x3f,
  0x21, 0x1c, 0x12, 0x3f, 0xae, 0xc8, 0x10, 0x3f, 0x28, 0x2f, 0x11, 0x3f,
  0xcc, 0x08, 0x12, 0x3f, 0xf7, 0x97, 0x10, 0x3f, 0xf8, 0x43, 0x0f, 0x3f,
  0xbc, 0x8e, 0x0f, 0x3f, 0x35, 0x45, 0x10, 0x3f, 0xa6, 0xcc, 0x0e, 0x3f,
  0xda, 0x76, 0x0d, 0x3f, 0x84, 0xa8, 0x0d, 0x3f, 0xec, 0x3e, 0x0e, 0x3f,
  0x6b, 0xbd, 0x0c, 0x3f, 0x3b, 0x63, 0x0b, 0x3f, 0x31, 0x7d, 0x0b, 0x3f,
  0xf4, 0xf5, 0x0b, 0x3f, 0x60, 0x6b, 0x0a, 0x3f, 0xec, 0x0c, 0x09, 0x3f,
  0x35, 0x13, 0x09, 0x3f, 0xe9, 0x71, 0x09, 0x3f, 0x2d, 0xdd, 0x07, 0x3f,
  0xbc, 0x77, 0x06, 0x3f, 0x5e, 0x6b, 0x06, 0x3f, 0xcd, 0xb2, 0x06, 0x3f,
  0x9a, 0x14, 0x05, 0x3f, 0x79, 0xa7, 0x03, 0x3f, 0x66, 0x89, 0x03, 0x3f,
  0x88, 0xba, 0x03, 0x3f, 0xf3, 0x11, 0x02, 0x3f, 0x27, 0x9c, 0x00, 0x3f,
  0x07, 0x6e, 0x00, 0x3f, 0x00, 0x8b, 0x00, 0x3f, 0xd0, 0xb0, 0xfd, 0x3e,
  0x21, 0xb3, 0xfa, 0x3e, 0xc9, 0x38, 0xfa, 0x3e, 0x3d, 0x4c, 0xfa, 0x3e,
  0x92, 0xd3, 0xf6, 0x3e, 0x13, 0xc7, 0xf3, 0x3e, 0x64, 0x35, 0xf3, 0x3e,
  0x36, 0x23, 0xf3, 0x3e, 0xf8, 0x8d, 0xef, 0x3e, 0xb0, 0x68, 0xec, 0x3e,
  0xfc, 0xbf, 0xeb, 0x3e, 0x76, 0x8f, 0xeb, 0x3e, 0x45, 0xe3, 0xe7, 0x3e,
  0x35, 0xa7, 0xe4, 0x3e, 0xd6, 0xe9, 0xe3, 0x3e, 0x73, 0x9c, 0xe3, 0x3e,
  0xde, 0xd7, 0xdf, 0x3e, 0xa7, 0x82, 0xdc, 0x3e, 0x99, 0xb0, 0xdb, 0x3e,
  0x5a, 0x46, 0xdb, 0x3e, 0x7e, 0x68, 0xd7, 0x3e, 0x05, 0xfb, 0xd3, 0x3e,
  0xc4, 0x17, 0xd3, 0x3e, 0xfc, 0x90, 0xd2, 0x3e, 0x52, 0x96, 0xce, 0x3e,
  0x4c, 0x10, 0xcb, 0x3e, 0x77, 0x22, 0xca, 0x3e, 0xf6, 0x83, 0xc9, 0x3e,
  0xb5, 0x69, 0xc5, 0x3e, 0x4f, 0xc6, 0xc1, 0x3e, 0xc5, 0xcd, 0xc0, 0x3e,
  0xac, 0x17, 0xc0, 0x3e, 0xb9, 0xda, 0xbb, 0x3e, 0x3b, 0x19, 0xb8, 0x3e,
  0x39, 0x1c, 0xb7, 0x3e, 0xbc, 0x53, 0xb6, 0x3e, 0x8c, 0xf2, 0xb1, 0x3e,
  0xb1, 0x10, 0xae, 0x3e, 0x12, 0x12, 0xad, 0x3e, 0x23, 0x38, 0xac, 0x3e,
  0xbd, 0xad, 0xa7, 0x3e, 0xe0, 0xa8, 0xa3, 0x3e, 0xbe, 0xad, 0xa2, 0x3e,
  0xe8, 0xc4, 0xa1, 0x3e, 0x12, 0x0c, 0x9d, 0x3e, 0xcc, 0xe1, 0x98, 0x3e,
  0x67, 0xf0, 0x97, 0x3e, 0x03, 0xfa, 0x96, 0x3e, 0x09, 0x0a, 0x92, 0x3e,
  0xa4, 0xb7, 0x8d, 0x3e, 0xbf, 0xda, 0x8c, 0x3e, 0x46, 0xdb, 0x8b, 0x3e,
  0x82, 0xa9, 0x86, 0x3e, 0x62, 0x2a, 0x82, 0x3e, 0xe7, 0x6d, 0x81, 0x3e,
  0xb3, 0x68, 0x80, 0x3e, 0x04, 0xce, 0x75, 0x3e, 0x1e, 0x74, 0x6c, 0x3e,
  0x3d, 0x66, 0x6b, 0x3e, 0xd1, 0x53, 0x69, 0x3e, 0x61, 0x77, 0x5d, 0x3e,
  0x6e, 0xb6, 0x53, 0x3e, 0xad, 0x54, 0x53, 0x3e, 0xd3, 0x3d, 0x51, 0x3e,
  0x0b, 0x2f, 0x44, 0x3e, 0x72, 0x0c, 0x3a, 0x3e, 0x59, 0xdd, 0x3a, 0x3e,
  0x3a, 0xa6, 0x38, 0x3e, 0xbd, 0x5a, 0x29, 0x3e, 0x5c, 0x5f, 0x1f, 0x3e,
  0x7f, 0x0a, 0x21, 0x3e, 0x6c, 0xc2, 0x1f, 0x3e, 0xeb, 0x2d, 0x0f, 0x3e,
  0xe2, 0x62, 0x03, 0x3e, 0x3d, 0x87, 0x05, 0x3e, 0x3f, 0xe6, 0x06, 0x3e,
  0xb5, 0x85, 0xec, 0x3d, 0x83, 0xcf, 0xca, 0x3d, 0xd9, 0x79, 0xcc, 0x3d,
  0xde, 0xb2, 0xde, 0x3d, 0x0b, 0x5d, 0xc2, 0x3d, 0xbb, 0xea, 0x85, 0x3d,
  0x62, 0x28, 0x7b, 0x3d, 0xf6, 0x78, 0xbd, 0x3d, 0x66, 0xe3, 0xb1, 0x3d,
  0xa6, 0x0e, 0x20, 0x3c, 0xc4, 0x1a, 0x36, 0xbc, 0x5b, 0xa1, 0x56, 0x3e,
  0xe9, 0x49, 0x20, 0x3f, 0xd7, 0xdf, 0x73, 0x3f, 0xcb, 0xfe, 0x7f, 0x3f,
  0x8f, 0x5b, 0x66, 0x3f, 0xc1, 0xfb, 0x5d, 0x3f, 0x85, 0x23, 0x6a, 0x3f,
  0x68, 0xfe, 0x6b, 0x3f, 0xa7, 0x9a, 0x60, 0x3f, 0x3f, 0x02, 0x5c, 0x3f,
  0x9a, 0x14, 0x61, 0x3f, 0x4a, 0x90, 0x60, 0x3f, 0xc3, 0x82, 0x59, 0x3f,
  0xa0, 0x82, 0x56, 0x3f, 0x48, 0x72, 0x58, 0x3f, 0xec, 0xab, 0x56, 0x3f,
  0xd1, 0xca, 0x51, 0x3f, 0xc5, 0x9d, 0x4f, 0x3f, 0xc8, 0xd3, 0x4f, 0x3f,
  0x26, 0x67, 0x4d, 0x3f, 0xe2, 0xad, 0x49, 0x3f, 0xb9, 0xd2, 0x47, 0x3f,
  0xb2, 0x18, 0x47, 0x3f, 0x45, 0x44, 0x44, 0x3f, 0x4d, 0x39, 0x41, 0x3f,
  0x06, 0x44, 0x3f, 0x3f, 0x13, 0x2c, 0x3e, 0x3f, 0xb7, 0x57, 0x3b, 0x3f,
  0x98, 0x76, 0x38, 0x3f, 0x4e, 0x64, 0x36, 0x3f, 0x48, 0x06, 0x35, 0x3f,
  0x0d, 0x30, 0x32, 0x3f, 0xdc, 0x63, 0x2f, 0x3f, 0x13, 0x35, 0x2d, 0x3f,
  0xb5, 0x9f, 0x2b, 0x3f, 0x70, 0xc6, 0x28, 0x3f, 0x00, 0x03, 0x26, 0x3f,
  0xcd, 0xb7, 0x23, 0x3f, 0xa1, 0xf2, 0x21, 0x3f, 0xfb, 0x13, 0x1f, 0x3f,
  0x36, 0x50, 0x1c, 0x3f, 0xa7, 0xe6, 0x19, 0x3f, 0x9f, 0xf3, 0x17, 0x3f,
  0x67, 0x0c, 0x15, 0x3f, 0xdd, 0x43, 0x12, 0x3f, 0x6b, 0xbe, 0x0f, 0x3f,
  0xc5, 0xa0, 0x0d, 0x3f, 0xeb, 0xac, 0x0a, 0x3f, 0x3d, 0xd8, 0x07, 0x3f,
  0x6a, 0x35, 0x05, 0x3f, 0xa6, 0xee, 0x02, 0x3f, 0xd4, 0xd7, 0xff, 0x3e,
  0x73, 0x0b, 0xfa, 0x3e, 0xd9, 0x86, 0xf4, 0x3e, 0x76, 0xa7, 0xef, 0x3e,
  0x6b, 0x81, 0xe9, 0x3e, 0x65, 0x89, 0xe3, 0x3e, 0x36, 0xbd, 0xdd, 0x3e,
  0x86, 0x81, 0xd8, 0x3e, 0xe7, 0x2e, 0xd2, 0x3e, 0x61, 0x00, 0xcc, 0x3e,
  0xa0, 0xe8, 0xc5, 0x3e, 0x08, 0x4d, 0xc0, 0x3e, 0xed, 0xc6, 0xb9, 0x3e,
  0xc0, 0x55, 0xb3, 0x3e, 0x32, 0xe8, 0xac, 0x3e, 0x09, 0xe0, 0xa6, 0x3e,
  0x99, 0x19, 0xa0, 0x3e, 0x51, 0x50, 0x99, 0x3e, 0xe5, 0x7b, 0x92, 0x3e,
  0xc3, 0xf9, 0x8b, 0x3e, 0xfb, 0xe1, 0x84, 0x3e, 0x02, 0x57, 0x7b, 0x3e,
  0x76, 0xa3, 0x6c, 0x3e, 0x44, 0x6e, 0x5e, 0x3e, 0x40, 0x59, 0x4f, 0x3e,
  0x77, 0xcb, 0x3f, 0x3e, 0xc6, 0xb9, 0x2f, 0x3e, 0xcb, 0xf7, 0x1f, 0x3e,
  0xb4, 0x94, 0x0f, 0x3e, 0xa0, 0xb5, 0xfc, 0x3d, 0x07, 0x36, 0xd8, 0x3d,
  0x88, 0x96, 0xb3, 0x3d, 0xdf, 0x13, 0x8e, 0x3d, 0x98, 0x18, 0x4a, 0x3d,
  0x23, 0x0d, 0xd5, 0x3c, 0x45, 0xc5, 0xf3, 0x86, 0x23, 0x0d, 0xd5, 0xbc,
  0x98, 0x18, 0x4a, 0xbd, 0xdf, 0x13, 0x8e, 0xbd, 0x88, 0x96, 0xb3, 0xbd,
  0x07, 0x36, 0xd8, 0xbd, 0xa0, 0xb5, 0xfc, 0xbd, 0xb4, 0x94, 0x0f, 0xbe,
  0xcb, 0xf7, 0x1f, 0xbe, 0xc6, 0xb9, 0x2f, 0xbe, 0x77, 0xcb, 0x3f, 0xbe,
  0x40, 0x59, 0x4f, 0xbe, 0x44, 0x6e, 0x5e, 0xbe, 0x76, 0xa3, 0x6c, 0xbe,
  0x02, 0x57, 0x7b, 0xbe, 0xfb, 0xe1, 0x84, 0xbe, 0xc3, 0xf9, 0x8b, 0xbe,
  0xe5, 0x7b, 0x92, 0xbe, 0x51, 0x50, 0x99, 0xbe, 0x99, 0x19, 0xa0, 0xbe,
  0x09, 0xe0, 0xa6, 0xbe, 0x32, 0xe8, 0xac, 0xbe, 0xc0, 0x55, 0xb3, 0xbe,
  0xed, 0xc6, 0xb9, 0xbe, 0x08, 0x4d, 0xc0, 0xbe, 0xa0, 0xe8, 0xc5, 0xbe,
  0x61, 0x00, 0xcc, 0xbe, 0xe7, 0x2e, 0xd2, 0xbe, 0x86, 0x81, 0xd8, 0xbe,
  0x36, 0xbd, 0xdd, 0xbe, 0x65, 0x89, 0xe3, 0xbe, 0x6b, 0x81, 0xe9, 0xbe,
  0x76, 0xa7, 0xef, 0xbe, 0xd9, 0x86, 0xf4, 0xbe, 0x73, 0x0b, 0xfa, 0xbe,
  0xd4, 0xd7, 0xff, 0xbe, 0xa6, 0xee, 0x02, 0xbf, 0x6a, 0x35, 0x05, 0xbf,
  0x3d, 0xd8, 0x07, 0xbf, 0xeb, 0xac, 0x0a, 0xbf, 0xc5, 0xa0, 0x0d, 0xbf,
  0x6b, 0xbe, 0x0f, 0xbf, 0xdd, 0x43, 0x12, 0xbf, 0x67, 0x0c, 0x15, 0xbf,
  0x9f, 0xf3, 0x17, 0xbf, 0xa7, 0xe6, 0x19, 0xbf, 0x36, 0x50, 0x1c, 0xbf,
  0xfb, 0x13, 0x1f, 0xbf, 0xa1, 0xf2, 0x21, 0xbf, 0xcd, 0xb7, 0x23, 0xbf,
  0x00, 0x03, 0x26, 0xbf, 0x70, 0xc6, 0x28, 0xbf, 0xb5, 0x9f, 0x2b, 0xbf,
  0x13, 0x35, 0x2d, 0xbf, 0xdc, 0x63, 0x2f, 0xbf, 0x0d, 0x30, 0x32, 0xbf,
  0x48, 0x06, 0x35, 0xbf, 0x4e, 0x64, 0x36, 0xbf, 0x98, 0x76, 0x38, 0xbf,
  0xb7, 0x57, 0x3b, 0xbf, 0x13, 0x2c, 0x3e, 0xbf, 0x06, 0x44, 0x3f, 0xbf,
  0x4d, 0x39, 0x41, 0xbf, 0x45, 0x44, 0x44, 0xbf, 0xb2, 0x18, 0x47, 0xbf,
  0xb9, 0xd2, 0x47, 0xbf, 0xe2, 0xad, 0x49, 0xbf, 0x28, 0x67, 0x4d, 0xbf,
  0xc8, 0xd3, 0x4f, 0xbf, 0xc0, 0x9d, 0x4f, 0xbf, 0xd1, 0xca, 0x51, 0xbf,
  0xf4, 0xab, 0x56, 0xbf, 0x48, 0x72, 0x58, 0xbf, 0x93, 0x82, 0x56, 0xbf,
  0xc3, 0x82, 0x59, 0xbf, 0x60, 0x90, 0x60, 0xbf, 0x9a, 0x14, 0x61, 0xbf,
  0x1e, 0x02, 0x5c, 0xbf, 0xa7, 0x9a, 0x60, 0xbf, 0x9e, 0xfe, 0x6b, 0xbf,
  0x85, 0x23, 0x6a, 0xbf, 0x5e, 0xfb, 0x5d, 0xbf, 0x8f, 0x5b, 0x66, 0xbf,
  0x00, 0x00, 0x80, 0xbf, 0xc0, 0xe1, 0x73, 0xbf, 0x1e, 0x4b, 0x20, 0xbf,
  0x5b, 0xa1, 0x56, 0xbe, 0x58, 0x33, 0x36, 0x3c, 0xa6, 0x0e, 0x20, 0xbc,
  0x15, 0xe5, 0xb1, 0xbd, 0xf6, 0x78, 0xbd, 0xbd, 0x49, 0x26, 0x7b, 0xbd,
  0xbb, 0xea, 0x85, 0xbd, 0xb7, 0x5d, 0xc2, 0xbd, 0xde, 0xb2, 0xde, 0xbd,
  0x6b, 0x79, 0xcc, 0xbd, 0x83, 0xcf, 0xca, 0xbd, 0xf8, 0x85, 0xec, 0xbd,
  0x3f, 0xe6, 0x06, 0xbe, 0x2f, 0x87, 0x05, 0xbe, 0xe2, 0x62, 0x03, 0xbe,
  0xf8, 0x2d, 0x0f, 0xbe, 0x6c, 0xc2, 0x1f, 0xbe, 0x78, 0x0a, 0x21, 0xbe,
  0x5c, 0x5f, 0x1f, 0xbe, 0xbd, 0x5a, 0x29, 0xbe, 0x3a, 0xa6, 0x38, 0xbe,
  0x59, 0xdd, 0x3a, 0xbe, 0x72, 0x0c, 0x3a, 0xbe, 0x0b, 0x2f, 0x44, 0xbe,
  0xd3, 0x3d, 0x51, 0xbe, 0xad, 0x54, 0x53, 0xbe, 0x6e, 0xb6, 0x53, 0xbe,
  0x61, 0x77, 0x5d, 0xbe, 0xd1, 0x53, 0x69, 0xbe, 0x3d, 0x66, 0x6b, 0xbe,
  0x1e, 0x74, 0x6c, 0xbe, 0x04, 0xce, 0x75, 0xbe, 0xb3, 0x68, 0x80, 0xbe,
  0xe7, 0x6d, 0x81, 0xbe, 0x62, 0x2a, 0x82, 0xbe, 0x82, 0xa9, 0x86, 0xbe,
  0x46, 0xdb, 0x8b, 0xbe, 0xbf, 0xda, 0x8c, 0xbe, 0xa4, 0xb7, 0x8d, 0xbe,
  0x09, 0x0a, 0x92, 0xbe, 0x03, 0xfa, 0x96, 0xbe, 0x67, 0xf0, 0x97, 0xbe,
  0xcc, 0xe1, 0x98, 0xbe, 0x12, 0x0c, 0x9d, 0xbe, 0xe8, 0xc4, 0xa1, 0xbe,
  0xbe, 0xad, 0xa2, 0xbe, 0xe0, 0xa8, 0xa3, 0xbe, 0xbd, 0xad, 0xa7, 0xbe,
  0x23, 0x38, 0xac, 0xbe, 0x12, 0x12, 0xad, 0xbe, 0xb1, 0x10, 0xae, 0xbe,
  0x8c, 0xf2, 0xb1, 0xbe, 0xbc, 0x53, 0xb6, 0xbe, 0x39, 0x1c, 0xb7, 0xbe,
  0x3b, 0x19, 0xb8, 0xbe, 0xb9, 0xda, 0xbb, 0xbe, 0xac, 0x17, 0xc0, 0xbe,
  0xc5, 0xcd, 0xc0, 0xbe, 0x4f, 0xc6, 0xc1, 0xbe, 0xb5, 0x69, 0xc5, 0xbe,
  0xf6, 0x83, 0xc9, 0xbe, 0x77, 0x22, 0xca, 0xbe, 0x4c, 0x10, 0xcb, 0xbe,
  0x52, 0x96, 0xce, 0xbe, 0xfc, 0x90, 0xd2, 0xbe, 0xc4, 0x17, 0xd3, 0xbe,
  0x05, 0xfb, 0xd3, 0xbe, 0x7e, 0x68, 0xd7, 0xbe, 0x5a, 0x46, 0xdb, 0xbe,
  0x99, 0xb0, 0xdb, 0xbe, 0xa7, 0x82, 0xdc, 0xbe, 0xde, 0xd7, 0xdf, 0xbe,
  0x73, 0x9c, 0xe3, 0xbe, 0xd6, 0xe9, 0xe3, 0xbe, 0x35, 0xa7, 0xe4, 0xbe,
  0x45, 0xe3, 0xe7, 0xbe, 0x76, 0x8f, 0xeb, 0xbe, 0xfc, 0xbf, 0xeb, 0xbe,
  0xb0, 0x68, 0xec, 0xbe, 0xf8, 0x8d, 0xef, 0xbe, 0x36, 0x23, 0xf3, 0xbe,
  0x64, 0x35, 0xf3, 0xbe, 0x13, 0xc7, 0xf3, 0xbe, 0x92, 0xd3, 0xf6, 0xbe,
  0x3d, 0x4c, 0xfa, 0xbe, 0xc9, 0x38, 0xfa, 0xbe, 0x21, 0xb3, 0xfa, 0xbe,
  0xd0, 0xb0, 0xfd, 0xbe, 0x00, 0x8b, 0x00, 0xbf, 0x07, 0x6e, 0x00, 0xbf,
  0x27, 0x9c, 0x00, 0xbf, 0xf3, 0x11, 0x02, 0xbf, 0x88, 0xba, 0x03, 0xbf,
  0x66, 0x89, 0x03, 0xbf, 0x79, 0xa7, 0x03, 0xbf, 0x9a, 0x14, 0x05, 0xbf,
  0xcd, 0xb2, 0x06, 0xbf, 0x5e, 0x6b, 0x06, 0xbf, 0xbc, 0x77, 0x06, 0xbf,
  0x2d, 0xdd, 0x07, 0xbf, 0xe9, 0x71, 0x09, 0xbf, 0x35, 0x13, 0x09, 0xbf,
  0xec, 0x0c, 0x09, 0xbf, 0x60, 0x6b, 0x0a, 0xbf, 0xf4, 0xf5, 0x0b, 0xbf,
  0x31, 0x7d, 0x0b, 0xbf, 0x3b, 0x63, 0x0b, 0xbf, 0x6b, 0xbd, 0x0c, 0xbf,
  0xec, 0x3e, 0x0e, 0xbf, 0x84, 0xa8, 0x0d, 0xbf, 0xda, 0x76, 0x0d, 0xbf,
  0xa6, 0xcc, 0x0e, 0xbf, 0x35, 0x45, 0x10, 0xbf, 0xbc, 0x8e, 0x0f, 0xbf,
  0xf8, 0x43, 0x0f, 0xbf, 0xf7, 0x97, 0x10, 0xbf, 0xcc, 0x08, 0x12, 0xbf,
  0x28, 0x2f, 0x11, 0xbf, 0xae, 0xc8, 0x10, 0xbf, 0x21, 0x1c, 0x12, 0xbf,
  0xf9, 0x83, 0x13, 0xbf, 0x07, 0x81, 0x12, 0xbf, 0x74, 0xfb, 0x11, 0xbf,
  0x2c, 0x52, 0x13, 0xbf, 0xf1, 0xb2, 0x14, 0xbf, 0xf6, 0x81, 0x13, 0xbf,
  0x64, 0xda, 0x12, 0xbf, 0x57, 0x38, 0x14, 0xbf, 0xe1, 0x91, 0x15, 0xbf,
  0x36, 0x2a, 0x14, 0xbf, 0xf7, 0x5b, 0x13, 0xbf, 0xae, 0xc6, 0x14, 0xbf,
  0x2a, 0x19, 0x16, 0xbf, 0x5e, 0x6f, 0x14, 0xbf, 0xbc, 0x74, 0x13, 0xbf,
  0x2a, 0xf5, 0x14, 0xbf, 0x15, 0x43, 0x16, 0xbf, 0x24, 0x4a, 0x14, 0xbf,
  0x15, 0x1d, 0x13, 0xbf, 0x95, 0xbd, 0x14, 0xbf, 0x35, 0x04, 0x16, 0xbf,
  0xf8, 0xa4, 0x13, 0xbf, 0x0c, 0x40, 0x12, 0xbf, 0xbe, 0x17, 0x14, 0xbf,
  0xd0, 0x56, 0x15, 0xbf, 0x1e, 0x6d, 0x12, 0xbf, 0xae, 0xc8, 0x10, 0xbf,
  0xb3, 0xfc, 0x12, 0xbf, 0xa7, 0x2b, 0x14, 0xbf, 0xb4, 0x73, 0x10, 0xbf,
  0x7a, 0x98, 0x0e, 0xbf, 0x54, 0xb7, 0x11, 0xbf, 0x06, 0x7d, 0x12, 0xbf,
  0x95, 0x34, 0x0d, 0xbf, 0x31, 0x78, 0x0b, 0xbf, 0xfe, 0x36, 0x10, 0xbf,
  0x7c, 0x3f, 0x10, 0xbf, 0x3a, 0x4c, 0x08, 0xbf, 0x75, 0x0a, 0x07, 0xbf,
  0x71, 0xbb, 0x0e, 0xbf, 0xe7, 0x89, 0x0d, 0xbf, 0xd8, 0xf5, 0x00, 0xbf,
  0x9b, 0x6a, 0x00, 0xbf, 0x10, 0xaf, 0x0d, 0xbf, 0x95, 0x0b, 0x0b, 0xbf,
  0xa5, 0x23, 0xea, 0xbe, 0x89, 0xa4, 0xe8, 0xbe, 0x5b, 0x83, 0x10, 0xbf,
  0x3b, 0x08, 0x10, 0xbf, 0x5f, 0x84, 0x9c, 0xbe, 0x12, 0xec, 0x8d, 0x23,
  0x42, 0x6b, 0x94, 0x3e, 0x22, 0x6e, 0x08, 0x3f, 0xd2, 0x81, 0x08, 0x3f,
  0x68, 0x6b, 0xda, 0x3e, 0x45, 0xcf, 0xda, 0x3e, 0x07, 0xe6, 0x01, 0x3f,
  0xa8, 0x1d, 0x04, 0x3f, 0xba, 0x1f, 0xee, 0x3e, 0x99, 0x00, 0xee, 0x3e,
  0x09, 0x82, 0x02, 0x3f, 0xfe, 0x66, 0x03, 0x3f, 0xde, 0x63, 0xf7, 0x3e,
  0xcf, 0x86, 0xf8, 0x3e, 0x0e, 0x52, 0x03, 0x3f, 0x5f, 0x18, 0x03, 0x3f,
  0xf2, 0x77, 0xfc, 0x3e, 0xf2, 0x6b, 0xfe, 0x3e, 0x0f, 0xae, 0x03, 0x3f,
  0x3c, 0xcb, 0x02, 0x3f, 0xfc, 0x0b, 0xff, 0x3e, 0x3a, 0x93, 0x00, 0x3f,
  0x0d, 0x84, 0x03, 0x3f, 0x99, 0x49, 0x02, 0x3f, 0xff, 0xdb, 0xff, 0x3e,
  0x33, 0xba, 0x00, 0x3f, 0x0b, 0xda, 0x02, 0x3f, 0xc7, 0x9c, 0x01, 0x3f,
  0xfd, 0x47, 0xff, 0x3e, 0x9e, 0x27, 0x00, 0x3f, 0x07, 0xb8, 0x01, 0x3f,
  0xd4, 0x81, 0x00, 0x3f, 0xf7, 0x93, 0xfd, 0x3e, 0x52, 0x18, 0xfe, 0x3e,
  0x00, 0x2e, 0x00, 0x3f, 0x25, 0xfb, 0xfd, 0x3e, 0xeb, 0xdf, 0xfa, 0x3e,
  0x0a, 0xec, 0xfa, 0x3e, 0xf0, 0x7f, 0xfc, 0x3e, 0x48, 0x30, 0xfa, 0x3e,
  0xdd, 0x53, 0xf7, 0x3e, 0x2a, 0xf1, 0xf6, 0x3e, 0xe1, 0xef, 0xf7, 0x3e,
  0x5d, 0xb1, 0xf5, 0x3e, 0xcb, 0x03, 0xf3, 0x3e, 0x61, 0x38, 0xf2, 0x3e,
  0xcc, 0xb3, 0xf2, 0x3e, 0x5b, 0x88, 0xf0, 0x3e, 0xb7, 0x03, 0xee, 0x3e,
  0x7a, 0xd9, 0xec, 0x3e, 0xb3, 0xdf, 0xec, 0x3e, 0x34, 0xc5, 0xea, 0x3e,
  0xa1, 0x5f, 0xe8, 0x3e, 0x84, 0xda, 0xe6, 0x3e, 0x99, 0x77, 0xe6, 0x3e,
  0xae, 0x71, 0xe4, 0x3e, 0x8a, 0x27, 0xe2, 0x3e, 0xba, 0x49, 0xe0, 0x3e,
  0x7f, 0x83, 0xdf, 0x3e, 0x7e, 0x93, 0xdd, 0x3e, 0x6f, 0x63, 0xdb, 0x3e,
  0x7a, 0x31, 0xd9, 0x3e, 0x60, 0x0f, 0xd8, 0x3e, 0x0e, 0x38, 0xd6, 0x3e,
  0x50, 0x1f, 0xd4, 0x3e, 0xe2, 0x97, 0xd1, 0x3e, 0x40, 0x1b, 0xd0, 0x3e,
  0x9b, 0x5d, 0xce, 0x3e, 0x30, 0x5b, 0xcc, 0x3e, 0xf3, 0x7f, 0xc9, 0x3e,
  0x1e, 0xaf, 0xc7, 0x3e, 0x3a, 0x12, 0xc6, 0x3e, 0x0f, 0x27, 0xc4, 0x3e,
  0xa5, 0xf4, 0xc0, 0x3e, 0xfb, 0xce, 0xbe, 0x3e, 0x99, 0x56, 0xbd, 0x3e,
  0xee, 0x82, 0xbb, 0x3e, 0x2c, 0xf5, 0xb7, 0x3e, 0xd6, 0x7a, 0xb5, 0x3e,
  0xc4, 0x2e, 0xb4, 0x3e, 0xc9, 0x76, 0xb2, 0x3e, 0x39, 0x8a, 0xae, 0x3e,
  0xb0, 0xba, 0xab, 0x3e, 0xf9, 0xa1, 0xaa, 0x3e, 0xa4, 0x06, 0xa9, 0x3e,
  0x26, 0xb3, 0xa4, 0x3e, 0x86, 0x8e, 0xa1, 0x3e, 0x6a, 0xb6, 0xa0, 0x3e,
  0x7d, 0x3a, 0x9f, 0x3e, 0x33, 0x71, 0x9a, 0x3e, 0x5c, 0xf2, 0x96, 0x3e,
  0x97, 0x6b, 0x96, 0x3e, 0x55, 0x16, 0x95, 0x3e, 0xa0, 0xc7, 0x8f, 0x3e,
  0x31, 0xea, 0x8b, 0x3e, 0x73, 0xc9, 0x8b, 0x3e, 0x2c, 0x9e, 0x8a, 0x3e,
  0xba, 0xaf, 0x84, 0x3e, 0x02, 0x72, 0x80, 0x3e, 0x52, 0xdc, 0x80, 0x3e,
  0x00, 0xbc, 0x7f, 0x3e, 0x10, 0x40, 0x72, 0x3e, 0xa2, 0xfb, 0x68, 0x3e,
  0x76, 0x63, 0x6b, 0x3e, 0xa5, 0xcb, 0x69, 0x3e, 0x7e, 0x14, 0x5a, 0x3e,
  0x3e, 0x13, 0x50, 0x3e, 0x56, 0xfa, 0x54, 0x3e, 0x4e, 0x8b, 0x53, 0x3e,
  0x07, 0x6a, 0x3f, 0x3e, 0xd4, 0xe2, 0x35, 0x3e, 0xf6, 0xe5, 0x3e, 0x3e,
  0xf6, 0x5a, 0x3d, 0x3e, 0x1d, 0xc4, 0x23, 0x3e, 0x69, 0xfa, 0x19, 0x3e,
  0x4e, 0x27, 0x29, 0x3e, 0xa3, 0xea, 0x27, 0x3e, 0xa3, 0xaa, 0x06, 0x3e,
  0xd7, 0x53, 0xf6, 0x3d, 0x90, 0x56, 0x13, 0x3e, 0x54, 0x62, 0x15, 0x3e,
  0xc3, 0x66, 0xd0, 0x3d, 0xaa, 0x72, 0xaa, 0x3d, 0x25, 0xc5, 0xfc, 0x3d,
  0x3e, 0xba, 0x0f, 0x3e, 0xa0, 0x00, 0x86, 0x3d, 0x0d, 0x02, 0x03, 0x3c,
  0xec, 0xb7, 0x18, 0x3e, 0x05, 0x08, 0x01, 0x3f, 0x76, 0x9e, 0x5b, 0x3f,
  0x00, 0xfe, 0x7f, 0x3f, 0xc9, 0xf7, 0x70, 0x3f, 0x78, 0xf7, 0x5d, 0x3f,
  0xd3, 0xf3, 0x61, 0x3f, 0xb1, 0x65, 0x6c, 0x3f, 0x5d, 0x3f, 0x67, 0x3f,
  0x70, 0x0b, 0x5c, 0x3f, 0xf7, 0x1d, 0x5c, 0x3f, 0x89, 0x39, 0x62, 0x3f,
  0x0d, 0xdc, 0x5e, 0x3f, 0x5a, 0x8f, 0x56, 0x3f, 0xb9, 0xbb, 0x55, 0x3f,
  0x66, 0x81, 0x59, 0x3f, 0xf5, 0x7a, 0x56, 0x3f, 0x40, 0x01, 0x50, 0x3f,
  0x33, 0x04, 0x4f, 0x3f, 0x45, 0x29, 0x51, 0x3f, 0xe2, 0x1d, 0x4e, 0x3f,
  0x23, 0xeb, 0x48, 0x3f, 0xa5, 0xdf, 0x47, 0x3f, 0x24, 0xe7, 0x48, 0x3f,
  0xf0, 0xa6, 0x45, 0x3f, 0x06, 0x77, 0x41, 0x3f, 0xce, 0x4a, 0x40, 0x3f,
  0x03, 0x9b, 0x40, 0x3f, 0x89, 0x73, 0x3d, 0x3f, 0xe6, 0xba, 0x39, 0x3f,
  0xde, 0x5f, 0x38, 0x3f, 0xe2, 0x34, 0x38, 0x3f, 0x00, 0x2a, 0x35, 0x3f,
  0xc7, 0xc0, 0x31, 0x3f, 0xb0, 0x37, 0x30, 0x3f, 0xbe, 0xae, 0x2f, 0x3f,
  0xf6, 0xbd, 0x2c, 0x3f, 0xa6, 0x8c, 0x29, 0x3f, 0xd3, 0xd6, 0x27, 0x3f,
  0x9b, 0x00, 0x27, 0x3f, 0x5e, 0x27, 0x24, 0x3f, 0x84, 0x20, 0x21, 0x3f,
  0x09, 0x41, 0x1f, 0x3f, 0x78, 0x28, 0x1e, 0x3f, 0x38, 0x63, 0x1b, 0x3f,
  0x61, 0x7c, 0x18, 0x3f, 0xcd, 0x75, 0x16, 0x3f, 0x54, 0x24, 0x15, 0x3f,
  0x86, 0x72, 0x12, 0x3f, 0x3e, 0xa4, 0x0f, 0x3f, 0x8e, 0x75, 0x0d, 0x3f,
  0x30, 0xee, 0x0b, 0x3f, 0xd9, 0x4d, 0x09, 0x3f, 0x1b, 0x94, 0x06, 0x3f,
  0x36, 0x3f, 0x04, 0x3f, 0x0a, 0x86, 0x02, 0x3f, 0xd0, 0xec, 0xff, 0x3e,
  0xeb, 0x9b, 0xfa, 0x3e, 0xcd, 0xa6, 0xf5, 0x3e, 0xc8, 0xd3, 0xf1, 0x3e,
  0x1e, 0xd0, 0xec, 0x3e, 0x9d, 0x97, 0xe7, 0x3e, 0x77, 0x55, 0xe2, 0x3e,
  0x79, 0x27, 0xde, 0x3e, 0x91, 0x42, 0xd9, 0x3e, 0x50, 0x1f, 0xd4, 0x3e,
  0xd8, 0x8c, 0xce, 0x3e, 0x27, 0x03, 0xca, 0x3e, 0x72, 0x3c, 0xc5, 0x3e,
  0x01, 0x2b, 0xc0, 0x3e, 0xd8, 0x44, 0xba, 0x3e, 0xd7, 0x5e, 0xb5, 0x3e,
  0x9b, 0xb7, 0xb0, 0x3e, 0xae, 0xb6, 0xab, 0x3e, 0xe5, 0x79, 0xa5, 0x3e,
  0x80, 0x36, 0xa0, 0x3e, 0x64, 0xaf, 0x9b, 0x3e, 0x5a, 0xba, 0x96, 0x3e,
  0x69, 0x1e, 0x90, 0x3e, 0x2a, 0x7a, 0x8a, 0x3e, 0x2e, 0x17, 0x86, 0x3e,
  0x04, 0x2e, 0x81, 0x3e, 0x03, 0x59, 0x74, 0x3e, 0xa1, 0x4b, 0x68, 0x3e,
  0xe1, 0xda, 0x5f, 0x3e, 0x59, 0x1b, 0x56, 0x3e, 0x93, 0x2e, 0x47, 0x3e,
  0xea, 0x4a, 0x3a, 0x3e, 0xb4, 0x3d, 0x32, 0x3e, 0xa5, 0x92, 0x28, 0x3e,
  0x03, 0xa0, 0x18, 0x3e, 0x2d, 0xda, 0x0a, 0x3e, 0x1e, 0x49, 0x03, 0x3e,
  0xcd, 0x63, 0xf3, 0x3d, 0x3b, 0x18, 0xd1, 0x3d, 0xce, 0xa2, 0xb3, 0x3d,
  0xc7, 0xbf, 0xa5, 0x3d, 0x4b, 0xb2, 0x92, 0x3d, 0xde, 0xe9, 0x5a, 0x3d,
  0x6e, 0xc2, 0x1b, 0x3d, 0xae, 0x5d, 0x03, 0x3d, 0xeb, 0x02, 0xbb, 0x3c,
  0x9a, 0x76, 0x3a, 0x3b, 0x81, 0x03, 0x60, 0xbc, 0xe5, 0xd5, 0x96, 0xbc,
  0x8a, 0xc3, 0xe2, 0xbc, 0xc4, 0x78, 0x4d, 0xbd, 0x2c, 0xe2, 0x8a, 0xbd,
  0x0d, 0x5c, 0x90, 0xbd, 0x90, 0x02, 0xa4, 0xbd, 0xe2, 0xb4, 0xdb, 0xbd,
  0xfd, 0x09, 0x00, 0xbe, 0x76, 0x6b, 0xfe, 0xbd, 0x27, 0xc2, 0x09, 0xbe,
  0x45, 0x95, 0x2b, 0xbe, 0xf8, 0xba, 0x3e, 0xbe, 0x5c, 0x7c, 0x38, 0xbe,
  0x11, 0x93, 0x43, 0xbe, 0x6e, 0xd6, 0x6d, 0xbe, 0x06, 0xd6, 0x81, 0xbe,
  0x9b, 0x80, 0x75, 0xbe, 0xf8, 0x83, 0x7e, 0xbe, 0xec, 0xf2, 0x9a, 0xbe,
  0xa8, 0x5a, 0xaa, 0xbe, 0xa0, 0xb3, 0x9b, 0xbe, 0x65, 0xa2, 0x99, 0xbe,
  0x83, 0x2e, 0xc6, 0xbe, 0xac, 0x03, 0xeb, 0xbe, 0x03, 0x42, 0xab, 0xbe,
  0xf7, 0xe3, 0xef, 0x07, 0x03, 0x42, 0xab, 0x3e, 0xac, 0x03, 0xeb, 0x3e,
  0x83, 0x2e, 0xc6, 0x3e, 0x65, 0xa2, 0x99, 0x3e, 0xa0, 0xb3, 0x9b, 0x3e,
  0xa8, 0x5a, 0xaa, 0x3e, 0xec, 0xf2, 0x9a, 0x3e, 0xf8, 0x83, 0x7e, 0x3e,
  0x9b, 0x80, 0x75, 0x3e, 0x06, 0xd6, 0x81, 0x3e, 0x6e, 0xd6, 0x6d, 0x3e,
  0x11, 0x93, 0x43, 0x3e, 0x5c, 0x7c, 0x38, 0x3e, 0xf8, 0xba, 0x3e, 0x3e,
  0x45, 0x95, 0x2b, 0x3e, 0x27, 0xc2, 0x09, 0x3e, 0x76, 0x6b, 0xfe, 0x3d,
  0xfd, 0x09, 0x00, 0x3e, 0xe2, 0xb4, 0xdb, 0x3d, 0x90, 0x02, 0xa4, 0x3d,
  0x0d, 0x5c, 0x90, 0x3d, 0x2c, 0xe2, 0x8a, 0x3d, 0xc4, 0x78, 0x4d, 0x3d,
  0x8a, 0xc3, 0xe2, 0x3c, 0xe5, 0xd5, 0x96, 0x3c, 0x81, 0x03, 0x60, 0x3c,
  0x9a, 0x76, 0x3a, 0xbb, 0xeb, 0x02, 0xbb, 0xbc, 0xae, 0x5d, 0x03, 0xbd,
  0x6e, 0xc2, 0x1b, 0xbd, 0xde, 0xe9, 0x5a, 0xbd, 0x4b, 0xb2, 0x92, 0xbd,
  0xc7, 0xbf, 0xa5, 0xbd, 0xce, 0xa2, 0xb3, 0xbd, 0x3b, 0x18, 0xd1, 0xbd,
  0xcd, 0x63, 0xf3, 0xbd, 0x1e, 0x49, 0x03, 0xbe, 0x2d, 0xda, 0x0a, 0xbe,
  0x03, 0xa0, 0x18, 0xbe, 0xa5, 0x92, 0x28, 0xbe, 0xb4, 0x3d, 0x32, 0xbe,
  0xea, 0x4a, 0x3a, 0xbe, 0x93, 0x2e, 0x47, 0xbe, 0x59, 0x1b, 0x56, 0xbe,
  0xe1, 0xda, 0x5f, 0xbe, 0xa1, 0x4b, 0x68, 0xbe, 0x03, 0x59, 0x74, 0xbe,
  0x04, 0x2e, 0x81, 0xbe, 0x2e, 0x17, 0x86, 0xbe, 0x2a, 0x7a, 0x8a, 0xbe,
  0x69, 0x1e, 0x90, 0xbe, 0x5a, 0xba, 0x96, 0xbe, 0x64, 0xaf, 0x9b, 0xbe,
  0x80, 0x36, 0xa0, 0xbe, 0xe5, 0x79, 0xa5, 0xbe, 0xae, 0xb6, 0xab, 0xbe,
  0x9b, 0xb7, 0xb0, 0xbe, 0xd7, 0x5e, 0xb5, 0xbe, 0xd8, 0x44, 0xba, 0xbe,
  0x01, 0x2b, 0xc0, 0xbe, 0x72, 0x3c, 0xc5, 0xbe, 0x27, 0x03, 0xca, 0xbe,
  0xd8, 0x8c, 0xce, 0xbe, 0x50, 0x1f, 0xd4, 0xbe, 0x91, 0x42, 0xd9, 0xbe,
  0x79, 0x27, 0xde, 0xbe, 0x77, 0x55, 0xe2, 0xbe, 0x9d, 0x97, 0xe7, 0xbe,
  0x1e, 0xd0, 0xec, 0xbe, 0xc8, 0xd3, 0xf1, 0xbe, 0xcd, 0xa6, 0xf5, 0xbe,
  0xeb, 0x9b, 0xfa, 0xbe, 0xd0, 0xec, 0xff, 0xbe, 0x0a, 0x86, 0x02, 0xbf,
  0x36, 0x3f, 0x04, 0xbf, 0x1b, 0x94, 0x06, 0xbf, 0xd9, 0x4d, 0x09, 0xbf,
  0x30, 0xee, 0x0b, 0xbf, 0x8e, 0x75, 0x0d, 0xbf, 0x3e, 0xa4, 0x0f, 0xbf,
  0x86, 0x72, 0x12, 0xbf, 0x54, 0x24, 0x15, 0xbf, 0xcd, 0x75, 0x16, 0xbf,
  0x61, 0x7c, 0x18, 0xbf, 0x38, 0x63, 0x1b, 0xbf, 0x78, 0x28, 0x1e, 0xbf,
  0x09, 0x41, 0x1f, 0xbf, 0x84, 0x20, 0x21, 0xbf, 0x5e, 0x27, 0x24, 0xbf,
  0x9b, 0x00, 0x27, 0xbf, 0xd3, 0xd6, 0x27, 0xbf, 0xa6, 0x8c, 0x29, 0xbf,
  0xf6, 0xbd, 0x2c, 0xbf, 0xbe, 0xae, 0x2f, 0xbf, 0xb0, 0x37, 0x30, 0xbf,
  0xc7, 0xc0, 0x31, 0xbf, 0x00, 0x2a, 0x35, 0xbf, 0xe2, 0x34, 0x38, 0xbf,
  0xde, 0x5f, 0x38, 0xbf, 0xe6, 0xba, 0x39, 0xbf, 0x89, 0x73, 0x3d, 0xbf,
  0x03, 0x9b, 0x40, 0xbf, 0xce, 0x4a, 0x40, 0xbf, 0x06, 0x77, 0x41, 0xbf,
  0xf0, 0xa6, 0x45, 0xbf, 0x24, 0xe7, 0x48, 0xbf, 0xa3, 0xdf, 0x47, 0xbf,
  0x23, 0xeb, 0x48, 0xbf, 0xe6, 0x1d, 0x4e, 0xbf, 0x45, 0x29, 0x51, 0xbf,
  0x2e, 0x04, 0x4f, 0xbf, 0x40, 0x01, 0x50, 0xbf, 0xff, 0x7a, 0x56, 0xbf,
  0x66, 0x81, 0x59, 0xbf, 0xaa, 0xbb, 0x55, 0xbf, 0x5a, 0x8f, 0x56, 0xbf,
  0x24, 0xdc, 0x5e, 0xbf, 0x89, 0x39, 0x62, 0xbf, 0xd3, 0x1d, 0x5c, 0xbf,
  0x70, 0x0b, 0x5c, 0xbf, 0x96, 0x3f, 0x67, 0xbf, 0xb1, 0x65, 0x6c, 0xbf,
  0x6b, 0xf3, 0x61, 0xbf, 0x78, 0xf7, 0x5d, 0xbf, 0x0d, 0xf9, 0x70, 0xbf,
  0x00, 0x00, 0x80, 0xbf, 0xba, 0x9f, 0x5b, 0xbf, 0x05, 0x08, 0x01, 0xbf,
  0x52, 0xb6, 0x18, 0xbe, 0x0d, 0x02, 0x03, 0xbc, 0x64, 0x02, 0x86, 0xbd,
  0x3e, 0xba, 0x0f, 0xbe, 0x0b, 0xc4, 0xfc, 0xbd, 0xaa, 0x72, 0xaa, 0xbd,
  0x71, 0x67, 0xd0, 0xbd, 0x54, 0x62, 0x15, 0xbe, 0x54, 0x56, 0x13, 0xbe,
  0xd7, 0x53, 0xf6, 0xbd, 0xc4, 0xaa, 0x06, 0xbe, 0xa3, 0xea, 0x27, 0xbe,
  0x3a, 0x27, 0x29, 0xbe, 0x69, 0xfa, 0x19, 0xbe, 0x24, 0xc4, 0x23, 0xbe,
  0xf6, 0x5a, 0x3d, 0xbe, 0xef, 0xe5, 0x3e, 0xbe, 0xd4, 0xe2, 0x35, 0xbe,
  0x07, 0x6a, 0x3f, 0xbe, 0x4e, 0x8b, 0x53, 0xbe, 0x56, 0xfa, 0x54, 0xbe,
  0x3e, 0x13, 0x50, 0xbe, 0x7e, 0x14, 0x5a, 0xbe, 0xa5, 0xcb, 0x69, 0xbe,
  0x76, 0x63, 0x6b, 0xbe, 0xa2, 0xfb, 0x68, 0xbe, 0x10, 0x40, 0x72, 0xbe,
  0x00, 0xbc, 0x7f, 0xbe, 0x52, 0xdc, 0x80, 0xbe, 0x02, 0x72, 0x80, 0xbe,
  0xba, 0xaf, 0x84, 0xbe, 0x2c, 0x9e, 0x8a, 0xbe, 0x73, 0xc9, 0x8b, 0xbe,
  0x31, 0xea, 0x8b, 0xbe, 0xa0, 0xc7, 0x8f, 0xbe, 0x55, 0x16, 0x95, 0xbe,
  0x97, 0x6b, 0x96, 0xbe, 0x5c, 0xf2, 0x96, 0xbe, 0x33, 0x71, 0x9a, 0xbe,
  0x7d, 0x3a, 0x9f, 0xbe, 0x6a, 0xb6, 0xa0, 0xbe, 0x86, 0x8e, 0xa1, 0xbe,
  0x26, 0xb3, 0xa4, 0xbe, 0xa4, 0x06, 0xa9, 0xbe, 0xf9, 0xa1, 0xaa, 0xbe,
  0xb0, 0xba, 0xab, 0xbe, 0x39, 0x8a, 0xae, 0xbe, 0xc9, 0x76, 0xb2, 0xbe,
  0xc4, 0x2e, 0xb4, 0xbe, 0xd6, 0x7a, 0xb5, 0xbe, 0x2c, 0xf5, 0xb7, 0xbe,
  0xee, 0x82, 0xbb, 0xbe, 0x99, 0x56, 0xbd, 0xbe, 0xfb, 0xce, 0xbe, 0xbe,
  0xa5, 0xf4, 0xc0, 0xbe, 0x0f, 0x27, 0xc4, 0xbe, 0x3a, 0x12, 0xc6, 0xbe,
  0x1e, 0xaf, 0xc7, 0xbe, 0xf3, 0x7f, 0xc9, 0xbe, 0x30, 0x5b, 0xcc, 0xbe,
  0x9b, 0x5d, 0xce, 0xbe, 0x40, 0x1b, 0xd0, 0xbe, 0xe2, 0x97, 0xd1, 0xbe,
  0x50, 0x1f, 0xd4, 0xbe, 0x0e, 0x38, 0xd6, 0xbe, 0x60, 0x0f, 0xd8, 0xbe,
  0x7a, 0x31, 0xd9, 0xbe, 0x6f, 0x63, 0xdb, 0xbe, 0x7e, 0x93, 0xdd, 0xbe,
  0x7f, 0x83, 0xdf, 0xbe, 0xba, 0x49, 0xe0, 0xbe, 0x8a, 0x27, 0xe2, 0xbe,
  0xae, 0x71, 0xe4, 0xbe, 0x99, 0x77, 0xe6, 0xbe, 0x84, 0xda, 0xe6, 0xbe,
  0xa1, 0x5f, 0xe8, 0xbe, 0x34, 0xc5, 0xea, 0xbe, 0xb3, 0xdf, 0xec, 0xbe,
  0x7a, 0xd9, 0xec, 0xbe, 0xb7, 0x03, 0xee, 0xbe, 0x5b, 0x88, 0xf0, 0xbe,
  0xcc, 0xb3, 0xf2, 0xbe, 0x61, 0x38, 0xf2, 0xbe, 0xcb, 0x03, 0xf3, 0xbe,
  0x5d, 0xb1, 0xf5, 0xbe, 0xe1, 0xef, 0xf7, 0xbe, 0x2a, 0xf1, 0xf6, 0xbe,
  0xdd, 0x53, 0xf7, 0xbe, 0x48, 0x30, 0xfa, 0xbe, 0xf0, 0x7f, 0xfc, 0xbe,
  0x0a, 0xec, 0xfa, 0xbe, 0xeb, 0xdf, 0xfa, 0xbe, 0x25, 0xfb, 0xfd, 0xbe,
  0x00, 0x2e, 0x00, 0xbf, 0x52, 0x18, 0xfe, 0xbe, 0xf7, 0x93, 0xfd, 0xbe,
  0xd4, 0x81, 0x00, 0xbf, 0x07, 0xb8, 0x01, 0xbf, 0x9e, 0x27, 0x00, 0xbf,
  0xfd, 0x47, 0xff, 0xbe, 0xc7, 0x9c, 0x01, 0xbf, 0x0b, 0xda, 0x02, 0xbf,
  0x33, 0xba, 0x00, 0xbf, 0xff, 0xdb, 0xff, 0xbe, 0x99, 0x49, 0x02, 0xbf,
  0x0d, 0x84, 0x03, 0xbf, 0x3a, 0x93, 0x00, 0xbf, 0xfc, 0x0b, 0xff, 0xbe,
  0x3c, 0xcb, 0x02, 0xbf, 0x0f, 0xae, 0x03, 0xbf, 0xf2, 0x6b, 0xfe, 0xbe,
  0xf2, 0x77, 0xfc, 0xbe, 0x5f, 0x18, 0x03, 0xbf, 0x0e, 0x52, 0x03, 0xbf,
  0xcf, 0x86, 0xf8, 0xbe, 0xde, 0x63, 0xf7, 0xbe, 0xfe, 0x66, 0x03, 0xbf,
  0x09, 0x82, 0x02, 0xbf, 0x99, 0x00, 0xee, 0xbe, 0xba, 0x1f, 0xee, 0xbe,
  0xa8, 0x1d, 0x04, 0xbf, 0x07, 0xe6, 0x01, 0xbf, 0x45, 0xcf, 0xda, 0xbe,
  0x68, 0x6b, 0xda, 0xbe, 0xd2, 0x81, 0x08, 0xbf, 0x22, 0x6e, 0x08, 0xbf,
  0x42, 0x6b, 0x94, 0xbe, 0xfa, 0x2f, 0x90, 0x23, 0xe1, 0xe6, 0x95, 0x3e,
  0x27, 0x96, 0x09, 0x3f, 0x9a, 0x51, 0x09, 0x3f, 0x6b, 0x0f, 0xdb, 0x3e,
  0x23, 0x58, 0xdb, 0x3e, 0x09, 0x2a, 0x02, 0x3f, 0xd3, 0xff, 0x03, 0x3f,
  0xb4, 0x1f, 0xed, 0x3e, 0x55, 0x05, 0xed, 0x3e, 0x08, 0xf8, 0x01, 0x3f,
  0x45, 0x66, 0x02, 0x3f, 0xd2, 0x9b, 0xf4, 0x3e, 0x5f, 0xe5, 0xf5, 0x3e,
  0x08, 0xf8, 0x01, 0x3f, 0xf3, 0x36, 0x01, 0x3f, 0xdf, 0xe3, 0xf7, 0x3e,
  0x38, 0x21, 0xfa, 0x3e, 0x06, 0x86, 0x01, 0x3f, 0xe1, 0x08, 0x00, 0x3f,
  0xe2, 0x9f, 0xf8, 0x3e, 0xb3, 0x25, 0xfb, 0x3e, 0x03, 0x8c, 0x00, 0x3f,
  0x82, 0x4b, 0xfd, 0x3e, 0xde, 0x93, 0xf7, 0x3e, 0x0a, 0xba, 0xf9, 0x3e,
  0xf9, 0x23, 0xfe, 0x3e, 0x1f, 0x2d, 0xfa, 0x3e, 0xd3, 0x1b, 0xf5, 0x3e,
  0xfa, 0xd3, 0xf6, 0x3e, 0xe8, 0x3b, 0xfa, 0x3e, 0x8a, 0x2d, 0xf6, 0x3e,
  0xc5, 0x7b, 0xf1, 0x3e, 0xa8, 0xd4, 0xf2, 0x3e, 0xd5, 0x7f, 0xf5, 0x3e,
  0x07, 0x5b, 0xf1, 0x3e, 0xb3, 0xdf, 0xec, 0x3e, 0x53, 0xe7, 0xed, 0x3e,
  0xc0, 0xff, 0xef, 0x3e, 0x64, 0xc0, 0xeb, 0x3e, 0x9f, 0x5f, 0xe7, 0x3e,
  0x4d, 0x22, 0xe8, 0x3e, 0xa9, 0xc7, 0xe9, 0x3e, 0x29, 0x6f, 0xe5, 0x3e,
  0x86, 0x1b, 0xe1, 0x3e, 0xb3, 0xa5, 0xe1, 0x3e, 0x8b, 0xeb, 0xe2, 0x3e,
  0xe0, 0x73, 0xde, 0x3e, 0x69, 0x1f, 0xda, 0x3e, 0x95, 0x7b, 0xda, 0x3e,
  0x6d, 0x73, 0xdb, 0x3e, 0xd6, 0xd9, 0xd6, 0x3e, 0x4b, 0x7b, 0xd2, 0x3e,
  0x1e, 0xb3, 0xd2, 0x3e, 0x4c, 0x6b, 0xd3, 0x3e, 0xfa, 0xad, 0xce, 0x3e,
  0x28, 0x3f, 0xca, 0x3e, 0xa5, 0x5a, 0xca, 0x3e, 0x2c, 0xdb, 0xca, 0x3e,
  0xb0, 0xf3, 0xc5, 0x3e, 0x07, 0x6f, 0xc1, 0x3e, 0xfa, 0x78, 0xc1, 0x3e,
  0x07, 0xcb, 0xc1, 0x3e, 0x82, 0xb2, 0xbc, 0x3e, 0xe0, 0x12, 0xb8, 0x3e,
  0x4d, 0x18, 0xb8, 0x3e, 0xe2, 0x46, 0xb8, 0x3e, 0x92, 0xf5, 0xb2, 0x3e,
  0xb8, 0x32, 0xae, 0x3e, 0x82, 0x3c, 0xae, 0x3e, 0xba, 0x4e, 0xae, 0x3e,
  0x06, 0xbc, 0xa8, 0x3e, 0x8f, 0xd2, 0xa3, 0x3e, 0xaa, 0xf0, 0xa3, 0x3e,
  0x91, 0xee, 0xa3, 0x3e, 0x29, 0x0b, 0x9e, 0x3e, 0x64, 0xf2, 0x98, 0x3e,
  0x28, 0x36, 0x99, 0x3e, 0x66, 0x2a, 0x99, 0x3e, 0x77, 0xe7, 0x92, 0x3e,
  0x37, 0x9a, 0x8d, 0x3e, 0x10, 0x1a, 0x8e, 0x3e, 0x38, 0x0a, 0x8e, 0x3e,
  0x4a, 0x4c, 0x87, 0x3e, 0x09, 0xc6, 0x81, 0x3e, 0x55, 0xa7, 0x82, 0x3e,
  0x0b, 0x9a, 0x82, 0x3e, 0x07, 0x67, 0x76, 0x3e, 0xac, 0xdb, 0x6a, 0x3e,
  0x16, 0xd7, 0x6d, 0x3e, 0xb5, 0xcb, 0x6d, 0x3e, 0xae, 0x14, 0x5d, 0x3e,
  0x47, 0x13, 0x51, 0x3e, 0xe8, 0x2d, 0x56, 0x3e, 0x56, 0x03, 0x56, 0x3e,
  0x96, 0x0e, 0x41, 0x3e, 0xd8, 0xfa, 0x35, 0x3e, 0xea, 0x3c, 0x3f, 0x3e,
  0xf8, 0x32, 0x3e, 0x3e, 0xdb, 0x7e, 0x23, 0x3e, 0x65, 0x32, 0x19, 0x3e,
  0x2a, 0x4c, 0x29, 0x3e, 0x9b, 0x0a, 0x27, 0x3e, 0xee, 0x6b, 0x03, 0x3e,
  0xc9, 0x23, 0xf3, 0x3d, 0x9c, 0xb3, 0x14, 0x3e, 0x4d, 0x8a, 0x12, 0x3e,
  0x80, 0x54, 0xbf, 0x3d, 0x99, 0x52, 0xa6, 0x3d, 0xdb, 0x08, 0x05, 0x3e,
  0x28, 0x1a, 0x0a, 0x3e, 0xcb, 0xcb, 0x2d, 0x3d, 0x1c, 0x02, 0x07, 0x3c,
  0x76, 0x35, 0x59, 0x3e, 0x67, 0xc6, 0x19, 0x3f, 0x82, 0xd7, 0x6a, 0x3f,
  0x00, 0x00, 0x80, 0x3f, 0xa9, 0xfa, 0x6c, 0x3f, 0x7e, 0x65, 0x5f, 0x3f,
  0x79, 0xa2, 0x65, 0x3f, 0xb4, 0xc7, 0x6c, 0x3f, 0x0c, 0xfe, 0x65, 0x3f,
  0x73, 0xcd, 0x5c, 0x3f, 0x2c, 0xdc, 0x5d, 0x3f, 0x8a, 0x75, 0x62, 0x3f,
  0x4a, 0x40, 0x5e, 0x3f, 0x5b, 0xd1, 0x56, 0x3f, 0xae, 0x72, 0x56, 0x3f,
  0x66, 0x81, 0x59, 0x3f, 0xf0, 0xfb, 0x55, 0x3f, 0x40, 0xcd, 0x4f, 0x3f,
  0x81, 0x0d, 0x4f, 0x3f, 0x44, 0xe5, 0x50, 0x3f, 0x11, 0x79, 0x4d, 0x3f,
  0x21, 0x45, 0x48, 0x3f, 0x6a, 0x68, 0x47, 0x3f, 0x22, 0x5d, 0x48, 0x3f,
  0x65, 0xb9, 0x44, 0x3f, 0x01, 0x63, 0x40, 0x3f, 0x86, 0x76, 0x3f, 0x3f,
  0xff, 0xca, 0x3f, 0x3f, 0xf5, 0x2e, 0x3c, 0x3f, 0xe1, 0x3a, 0x38, 0x3f,
  0x9d, 0x31, 0x37, 0x3f, 0xdd, 0x1e, 0x37, 0x3f, 0xb5, 0x8d, 0x33, 0x3f,
  0xbf, 0xd6, 0x2f, 0x3f, 0x05, 0xb3, 0x2e, 0x3f, 0xba, 0x54, 0x2e, 0x3f,
  0xcb, 0xc9, 0x2a, 0x3f, 0x9d, 0x38, 0x27, 0x3f, 0xfa, 0xfd, 0x25, 0x3f,
  0x96, 0x66, 0x25, 0x3f, 0x7d, 0xdf, 0x21, 0x3f, 0x79, 0x66, 0x1e, 0x3f,
  0x50, 0x18, 0x1d, 0x3f, 0x72, 0x52, 0x1c, 0x3f, 0x4c, 0xca, 0x18, 0x3f,
  0x56, 0x5e, 0x15, 0x3f, 0xb5, 0xff, 0x13, 0x3f, 0x4d, 0x14, 0x13, 0x3f,
  0x9f, 0x88, 0x0f, 0x3f, 0x31, 0x22, 0x0c, 0x3f, 0x3d, 0xb5, 0x0a, 0x3f,
  0x26, 0xaa, 0x09, 0x3f, 0xfd, 0x18, 0x06, 0x3f, 0x0a, 0xb4, 0x02, 0x3f,
  0x77, 0x3c, 0x01, 0x3f, 0x00, 0x16, 0x00, 0x3f, 0x82, 0xf6, 0xf8, 0x3e,
  0xca, 0x23, 0xf2, 0x3e, 0x51, 0x22, 0xef, 0x3e, 0xb2, 0xa3, 0xec, 0x3e,
  0x3e, 0x53, 0xe5, 0x3e, 0x78, 0x6f, 0xde, 0x3e, 0xa0, 0x61, 0xdb, 0x3e,
  0x62, 0xb7, 0xd8, 0x3e, 0x55, 0x45, 0xd1, 0x3e, 0x2a, 0x4b, 0xca, 0x3e,
  0xfd, 0x39, 0xc7, 0x3e, 0x13, 0x6b, 0xc4, 0x3e, 0x0b, 0xcf, 0xbc, 0x3e,
  0xd8, 0xb6, 0xb5, 0x3e, 0xc2, 0xa9, 0xb2, 0x3e, 0xbe, 0xba, 0xaf, 0x3e,
  0x78, 0xe9, 0xa7, 0x3e, 0x83, 0xaa, 0xa0, 0x3e, 0x94, 0xa9, 0x9d, 0x3e,
  0x6c, 0x9e, 0x9a, 0x3e, 0xcc, 0x8a, 0x92, 0x3e, 0x2d, 0x1e, 0x8b, 0x3e,
  0x2b, 0x37, 0x88, 0x3e, 0x15, 0x16, 0x85, 0x3e, 0xe7, 0x5f, 0x79, 0x3e,
  0xa6, 0x1b, 0x6a, 0x3e, 0xba, 0xa2, 0x64, 0x3e, 0x76, 0x3b, 0x5e, 0x3e,
  0x73, 0x98, 0x4c, 0x3e, 0xf5, 0xda, 0x3c, 0x3e, 0x2a, 0xf1, 0x37, 0x3e,
  0xc7, 0x72, 0x31, 0x3e, 0xfa, 0xb1, 0x1e, 0x3e, 0x3a, 0x6a, 0x0e, 0x3e,
  0x7e, 0x5f, 0x0a, 0x3e, 0x12, 0xc2, 0x03, 0x3e, 0xb7, 0xbe, 0xde, 0x3d,
  0xf5, 0x22, 0xbd, 0x3d, 0x0b, 0x3c, 0xb8, 0x3d, 0xa9, 0x82, 0xaa, 0x3d,
  0x48, 0xd2, 0x73, 0x3d, 0xd1, 0x62, 0x34, 0x3d, 0x2f, 0xb3, 0x39, 0x3d,
  0x61, 0x42, 0x18, 0x3d, 0x0d, 0x0a, 0x01, 0x3c, 0x33, 0x03, 0xcd, 0xbb,
  0x03, 0x0f, 0xde, 0x3a, 0x54, 0x02, 0x15, 0xbc, 0xbf, 0x4b, 0x43, 0xbd,
  0xd0, 0xe3, 0x73, 0xbd, 0xcc, 0xdc, 0x23, 0xbd, 0x79, 0x03, 0x5e, 0xbd,
  0x26, 0xb3, 0xe0, 0xbd, 0xcf, 0xb3, 0xf3, 0xbd, 0x81, 0x74, 0x97, 0xbd,
  0xec, 0x42, 0xbb, 0xbd, 0x67, 0xf8, 0x4a, 0xbe, 0x43, 0xd3, 0x50, 0xbe,
  0x9f, 0x8c, 0x57, 0x3d, 0x9a, 0x43, 0xe6, 0x3e, 0x6d, 0xb2, 0x35, 0x3f,
  0xec, 0xd0, 0x3a, 0x3f, 0xfa, 0x03, 0x25, 0x3f, 0x6f, 0xf2, 0x1b, 0x3f,
  0xdf, 0x70, 0x21, 0x3f, 0x8a, 0x9e, 0x22, 0x3f, 0x61, 0x66, 0x19, 0x3f,
  0x45, 0x26, 0x11, 0x3f, 0xb3, 0xce, 0x10, 0x3f, 0x45, 0x30, 0x11, 0x3f,
  0xae, 0xe1, 0x0a, 0x3f, 0x0b, 0xfe, 0x02, 0x3f, 0xef, 0xb5, 0x00, 0x3f,
  0x01, 0x40, 0x00, 0x3f, 0x90, 0x77, 0xf5, 0x3e, 0x9c, 0x7b, 0xe6, 0x3e,
  0x18, 0x58, 0xe0, 0x3e, 0x75, 0x73, 0xdd, 0x3e, 0xf2, 0x56, 0xd2, 0x3e,
  0x0f, 0xfb, 0xc3, 0x3e, 0x1d, 0xcd, 0xbc, 0x3e, 0xde, 0xee, 0xb7, 0x3e,
  0x09, 0x91, 0xab, 0x3e, 0x74, 0x7e, 0x9d, 0x3e, 0x7d, 0x16, 0x95, 0x3e,
  0x36, 0xa2, 0x8d, 0x3e, 0x1c, 0x64, 0x7d, 0x3e, 0x6d, 0xbb, 0x5a, 0x3e,
  0xde, 0xfe, 0x41, 0x3e, 0xbb, 0x92, 0x2e, 0x3e, 0x32, 0x4b, 0x14, 0x3e,
  0xd8, 0x83, 0xf4, 0x3d, 0x68, 0x83, 0xd2, 0x3d, 0xd3, 0xd2, 0xb4, 0x3d,
  0x6a, 0x3c, 0x87, 0x3d, 0xc9, 0x62, 0x32, 0x3d, 0xc9, 0x42, 0xee, 0x3c,
  0x0e, 0x02, 0x83, 0x3c, 0xce, 0x07, 0x91, 0xbb, 0x37, 0xc3, 0xcd, 0xbc,
  0x86, 0xf3, 0x1c, 0xbd, 0x3c, 0x43, 0x4f, 0xbd, 0x6c, 0xd4, 0x8e, 0xbd,
  0xdb, 0xb2, 0xb6, 0xbd, 0x82, 0xe9, 0xcf, 0xbd, 0x9c, 0xe3, 0xe7, 0xbd,
  0x99, 0x7e, 0x06, 0xbe, 0x69, 0x72, 0x19, 0xbe, 0xad, 0x4c, 0x25, 0xbe,
  0xc2, 0xda, 0x30, 0xbe, 0xe0, 0x91, 0x42, 0xbe, 0x56, 0xc3, 0x54, 0xbe,
  0xb5, 0xf3, 0x5f, 0xbe, 0xae, 0x23, 0x6b, 0xbe, 0x99, 0x2e, 0x7c, 0xbe,
  0x1c, 0xde, 0x86, 0xbe, 0xc0, 0x28, 0x8c, 0xbe, 0x45, 0x96, 0x91, 0xbe,
  0x49, 0xd6, 0x99, 0xbe, 0x8a, 0x5a, 0xa2, 0xbe, 0xf9, 0x5c, 0xa7, 0xbe,
  0xb3, 0xa2, 0xac, 0xbe, 0x11, 0xaa, 0xb4, 0xbe, 0xf4, 0xf6, 0xbc, 0xbe,
  0x08, 0xb2, 0xc1, 0xbe, 0x1a, 0xcf, 0xc6, 0xbe, 0xc4, 0xa7, 0xce, 0xbe,
  0x5b, 0xc7, 0xd6, 0xbe, 0xed, 0x3c, 0xdb, 0xbe, 0x80, 0x33, 0xe0, 0xbe,
  0x2e, 0xe9, 0xe7, 0xbe, 0xc1, 0xe3, 0xef, 0xbe, 0x1b, 0x11, 0xf4, 0xbe,
  0xe2, 0xdf, 0xf8, 0xbe, 0x51, 0x3e, 0x00, 0xbf, 0x11, 0x2c, 0x04, 0xbf,
  0x1d, 0x1c, 0x06, 0xbf, 0x22, 0x70, 0x08, 0xbf, 0x26, 0x3a, 0x0c, 0xbf,
  0x41, 0x1c, 0x10, 0xbf, 0x23, 0xe0, 0x11, 0xbf, 0x51, 0x1e, 0x14, 0xbf,
  0xe1, 0xeb, 0x17, 0xbf, 0x6f, 0xc6, 0x1b, 0xbf, 0x32, 0x58, 0x1d, 0xbf,
  0x7e, 0x80, 0x1f, 0xbf, 0x84, 0x5d, 0x23, 0xbf, 0x9c, 0x32, 0x27, 0xbf,
  0x68, 0x85, 0x28, 0xbf, 0xab, 0x98, 0x2a, 0xbf, 0x9a, 0x99, 0x2e, 0xbf,
  0xc9, 0x68, 0x32, 0xbf, 0x8c, 0x61, 0x33, 0xbf, 0xd5, 0x60, 0x35, 0xbf,
  0x8c, 0x08, 0x3a, 0xbf, 0xf6, 0x72, 0x3d, 0xbf, 0x6c, 0x87, 0x3d, 0xbf,
  0x00, 0xd9, 0x3f, 0xbf, 0x1e, 0x98, 0x45, 0xbf, 0x22, 0x5d, 0x48, 0xbf,
  0xfe, 0xc8, 0x46, 0xbf, 0x27, 0xeb, 0x49, 0xbf, 0xe7, 0xc0, 0x51, 0xbf,
  0x4e, 0x4d, 0x53, 0xbf, 0xf5, 0xb4, 0x4e, 0xbf, 0x4d, 0x65, 0x53, 0xbf,
  0x7a, 0x67, 0x5f, 0xbf, 0x7a, 0xa7, 0x5e, 0xbf, 0xe6, 0x39, 0x53, 0xbf,
  0x6d, 0x91, 0x5b, 0xbf, 0x63, 0x4f, 0x75, 0xbf, 0xab, 0xa9, 0x6a, 0xbf,
  0x3b, 0x5d, 0x1a, 0xbf, 0x3b, 0x43, 0x4f, 0xbe, 0x81, 0x7b, 0xd5, 0x3b,
  0x44, 0x82, 0x90, 0xbc, 0x5d, 0xd2, 0xbe, 0xbd, 0x31, 0x53, 0xcc, 0xbd,
  0x57, 0xb4, 0x96, 0xbd, 0x9c, 0xf2, 0xa6, 0xbd, 0x58, 0xb1, 0xe3, 0xbd,
  0x06, 0xb2, 0x00, 0xbe, 0x6c, 0xb5, 0xf7, 0xbd, 0xfb, 0x43, 0xfe, 0xbd,
  0x4f, 0xa5, 0x10, 0xbe, 0x85, 0xf2, 0x21, 0xbe, 0x62, 0x8e, 0x24, 0xbe,
  0x9a, 0x8a, 0x26, 0xbe, 0x54, 0x26, 0x33, 0xbe, 0x13, 0x6b, 0x44, 0xbe,
  0xd0, 0x91, 0x49, 0xbe, 0x2f, 0x03, 0x4c, 0xbe, 0xb2, 0xdf, 0x56, 0xbe,
  0x98, 0xeb, 0x66, 0xbe, 0xcb, 0xf0, 0x6c, 0xbe, 0xbf, 0x33, 0x70, 0xbe,
  0x86, 0x38, 0x7b, 0xbe, 0x11, 0x92, 0x84, 0xbe, 0xec, 0x81, 0x87, 0xbe,
  0x26, 0xb6, 0x89, 0xbe, 0x48, 0x09, 0x8f, 0xbe, 0x55, 0x6e, 0x95, 0xbe,
  0x62, 0x58, 0x98, 0xbe, 0x6c, 0xde, 0x9a, 0xbe, 0x80, 0x00, 0xa0, 0xbe,
  0x97, 0x02, 0xa6, 0xbe, 0xe4, 0xe8, 0xa8, 0xbe, 0xad, 0xa2, 0xab, 0xbe,
  0xe1, 0x95, 0xb0, 0xbe, 0xd9, 0x4a, 0xb6, 0xbe, 0x3c, 0x28, 0xb9, 0xbe,
  0xf0, 0x02, 0xbc, 0xbe, 0x60, 0xcd, 0xc0, 0xbe, 0x1a, 0x47, 0xc6, 0xbe,
  0x10, 0x18, 0xc9, 0xbe, 0x2f, 0x03, 0xcc, 0xbe, 0xb2, 0xa3, 0xd0, 0xbe,
  0x56, 0xeb, 0xd5, 0xbe, 0x1f, 0xb0, 0xd8, 0xbe, 0x6f, 0xa7, 0xdb, 0xbe,
  0x53, 0x23, 0xe0, 0xbe, 0x94, 0x3f, 0xe5, 0xbe, 0xc2, 0xf3, 0xe7, 0xbe,
  0xac, 0xef, 0xea, 0xbe, 0x75, 0x49, 0xef, 0xbe, 0xd2, 0x3f, 0xf4, 0xbe,
  0xd9, 0xe0, 0xf6, 0xbe, 0xe9, 0xdb, 0xf9, 0xbe, 0x04, 0x15, 0xfe, 0xbe,
  0x06, 0x74, 0x01, 0xbf, 0x0a, 0xb9, 0x02, 0xbf, 0x11, 0x34, 0x04, 0xbf,
  0xa1, 0x42, 0x06, 0xbf, 0x22, 0x9e, 0x08, 0xbf, 0xd9, 0xd7, 0x09, 0xbf,
  0x2d, 0x4e, 0x0b, 0xbf, 0x48, 0x4e, 0x0d, 0xbf, 0x3e, 0x9c, 0x0f, 0xbf,
  0xdc, 0xc9, 0x10, 0xbf, 0x4a, 0x3a, 0x12, 0xbf, 0x20, 0x2c, 0x14, 0xbf,
  0x5a, 0x6c, 0x16, 0xbf, 0x51, 0x8c, 0x17, 0xbf, 0x64, 0xf6, 0x18, 0xbf,
  0x49, 0xdc, 0x1a, 0xbf, 0x74, 0x10, 0x1d, 0xbf, 0xc2, 0x21, 0x1e, 0xbf,
  0x7e, 0x84, 0x1f, 0xbf, 0xea, 0x5f, 0x21, 0xbf, 0x8e, 0x88, 0x23, 0xbf,
  0x65, 0x88, 0x24, 0xbf, 0x97, 0xe0, 0x25, 0xbf, 0x44, 0xb1, 0x27, 0xbf,
  0xa7, 0xce, 0x29, 0xbf, 0x3d, 0xbc, 0x2a, 0xbf, 0xb0, 0x0a, 0x2c, 0xbf,
  0xf6, 0xd3, 0x2d, 0xbf, 0xc0, 0xe6, 0x2f, 0xbf, 0x5e, 0xbe, 0x30, 0xbf,
  0xc8, 0x00, 0x32, 0xbf, 0x44, 0xc5, 0x33, 0xbf, 0xd7, 0xce, 0x35, 0xbf,
  0x1d, 0x8d, 0x36, 0xbf, 0xdf, 0xc0, 0x37, 0xbf, 0x9e, 0x82, 0x39, 0xbf,
  0xee, 0x84, 0x3b, 0xbf, 0x53, 0x2b, 0x3c, 0xbf, 0xf5, 0x48, 0x3d, 0xbf,
  0xb4, 0x6c, 0x3f, 0xbf, 0x04, 0x09, 0x41, 0xbf, 0xe6, 0x19, 0x41, 0xbf,
  0x0a, 0x97, 0x42, 0xbf, 0xda, 0x7d, 0x45, 0xbf, 0x19, 0x59, 0x46, 0xbf,
  0xb7, 0x23, 0x45, 0xbf, 0x1f, 0xa7, 0x47, 0xbf, 0x63, 0x3c, 0x4c, 0xbf,
  0x2f, 0x75, 0x4b, 0xbf, 0xe1, 0xb0, 0x47, 0xbf, 0x32, 0x7d, 0x4c, 0xbf,
  0xb9, 0xb4, 0x54, 0xbf, 0x41, 0x35, 0x50, 0xbf, 0x6b, 0x4f, 0x46, 0xbf,
  0x48, 0xcf, 0x51, 0xbf, 0x27, 0xb9, 0x66, 0xbf, 0x37, 0x77, 0x4d, 0xbf,
  0x3a, 0xd5, 0xe1, 0xbe, 0x3a, 0x63, 0x4e, 0xbd, 0x9e, 0x84, 0xd8, 0x3d,
  0x28, 0x63, 0x4a, 0x3d, 0xd6, 0x1b, 0x20, 0xbc, 0xe3, 0x82, 0x39, 0x3c,
  0xb7, 0xe5, 0x1b, 0x3d, 0x80, 0x42, 0xa0, 0x3c, 0x65, 0x3f, 0x03, 0xbb,
  0xd1, 0x03, 0xf4, 0x3a, 0xed, 0xdb, 0x24, 0x3c, 0x47, 0x02, 0x12, 0x3b,
  0xdb, 0x27, 0xfc, 0xbb, 0x96, 0x82, 0x26, 0xbc, 0x6d, 0xd4, 0x10, 0xbc,
  0x1a, 0x03, 0x46, 0xbc, 0x39, 0xb4, 0x8b, 0xbc, 0xcc, 0x02, 0xb3, 0xbc,
  0xa3, 0x04, 0xbd, 0xbc, 0x24, 0x03, 0xc9, 0xbc, 0x52, 0xee, 0xe0, 0xbc,
  0x15, 0x02, 0x05, 0xbd, 0x5e, 0xaf, 0x0d, 0xbd, 0x40, 0x62, 0x10, 0xbd,
  0x46, 0x99, 0x1b, 0xbd, 0xac, 0xc2, 0x2a, 0xbd, 0x7d, 0xb2, 0x31, 0xbd,
  0xd3, 0xe2, 0x34, 0xbd, 0xb9, 0xfe, 0x3d, 0xbd, 0x27, 0xa3, 0x49, 0xbd,
  0xd4, 0xfe, 0x4e, 0xbd, 0x45, 0x83, 0x51, 0xbd, 0x96, 0x20, 0x58, 0xbd,
  0x83, 0x83, 0x60, 0xbd, 0x3f, 0x17, 0x64, 0xbd, 0x94, 0x43, 0x65, 0xbd,
  0x21, 0x1e, 0x69, 0xbd, 0xb7, 0x23, 0x6e, 0xbd, 0x06, 0x8a, 0x6f, 0xbd,
  0xb9, 0x83, 0x6e, 0xbd, 0xa7, 0xdf, 0x6e, 0xbd, 0xc0, 0x63, 0x70, 0xbd,
  0xac, 0x2c, 0x6f, 0xbd, 0xac, 0x03, 0x6b, 0xbd, 0x10, 0xde, 0x66, 0xbd,
  0x92, 0x63, 0x64, 0xbd, 0x74, 0x02, 0x60, 0xbd, 0x5e, 0x43, 0x57, 0xbd,
  0x79, 0xd2, 0x4c, 0xbd, 0x16, 0x43, 0x45, 0xbd, 0x46, 0xaf, 0x3c, 0xbd,
  0xb3, 0xa2, 0x2c, 0xbd, 0xb0, 0xea, 0x17, 0xbd, 0x22, 0x82, 0x08, 0xbd,
  0x26, 0x22, 0xf3, 0xbc, 0xd1, 0x02, 0xb4, 0xbc, 0x84, 0xb8, 0x21, 0xbc,
  0x93, 0x2c, 0x93, 0x23, 0x31, 0xb9, 0x98, 0x3e, 0x30, 0x0e, 0x0c, 0x3f,
  0xfe, 0x88, 0x0b, 0x3f, 0x78, 0xe7, 0xdd, 0x3e, 0x4d, 0xcb, 0xdd, 0x3e,
  0x0e, 0x96, 0x03, 0x3f, 0x0a, 0x39, 0x05, 0x3f, 0xba, 0x8f, 0xee, 0x3e,
  0x67, 0x0d, 0xee, 0x3e, 0x0a, 0x80, 0x02, 0x3f, 0x65, 0xb4, 0x02, 0x3f,
  0xd2, 0x6b, 0xf4, 0x3e, 0xb2, 0x54, 0xf5, 0x3e, 0x06, 0x9c, 0x01, 0x3f,
  0x5e, 0x99, 0x00, 0x3f, 0xd7, 0xf7, 0xf5, 0x3e, 0x74, 0xdc, 0xf7, 0x3e,
  0x02, 0x44, 0x00, 0x3f, 0xca, 0x02, 0xfd, 0x3e, 0xd3, 0xef, 0xf4, 0x3e,
  0xf8, 0x20, 0xf7, 0x3e, 0xf4, 0xc3, 0xfc, 0x3e, 0x35, 0x63, 0xf8, 0x3e,
  0xca, 0x0f, 0xf2, 0x3e, 0xc5, 0xe2, 0xf3, 0x3e, 0xe0, 0xf7, 0xf7, 0x3e,
  0xa1, 0x6a, 0xf3, 0x3e, 0xb7, 0xbf, 0xed, 0x3e, 0x78, 0x27, 0xef, 0x3e,
  0xca, 0x37, 0xf2, 0x3e, 0xa4, 0x8e, 0xed, 0x3e, 0x9f, 0x3f, 0xe8, 0x3e,
  0x46, 0x47, 0xe9, 0x3e, 0xae, 0x97, 0xeb, 0x3e, 0xdb, 0xd4, 0xe6, 0x3e,
  0x85, 0xbb, 0xe1, 0x3e, 0xc0, 0x75, 0xe2, 0x3e, 0x90, 0x33, 0xe4, 0x3e,
  0x39, 0x53, 0xdf, 0x3e, 0x68, 0x53, 0xda, 0x3e, 0x58, 0xcd, 0xda, 0x3e,
  0x70, 0x17, 0xdc, 0x3e, 0xea, 0x16, 0xd7, 0x3e, 0x48, 0x1f, 0xd2, 0x3e,
  0xab, 0x64, 0xd2, 0x3e, 0x4d, 0x4f, 0xd3, 0x3e, 0x4b, 0x29, 0xce, 0x3e,
  0x25, 0x2f, 0xc9, 0x3e, 0x29, 0x50, 0xc9, 0x3e, 0x27, 0xef, 0xc9, 0x3e,
  0x3c, 0x9d, 0xc4, 0x3e, 0xfd, 0x92, 0xbf, 0x3e, 0xe0, 0x97, 0xbf, 0x3e,
  0xff, 0xf6, 0xbf, 0x3e, 0xae, 0x72, 0xba, 0x3e, 0xd6, 0x52, 0xb5, 0x3e,
  0x66, 0x4c, 0xb5, 0x3e, 0xd6, 0x7a, 0xb5, 0x3e, 0x75, 0xbc, 0xaf, 0x3e,
  0xa9, 0x7e, 0xaa, 0x3e, 0x03, 0x79, 0xaa, 0x3e, 0xa9, 0x7e, 0xaa, 0x3e,
  0xb1, 0x78, 0xa4, 0x3e, 0x7b, 0x16, 0x9f, 0x3e, 0x98, 0x25, 0x9f, 0x3e,
  0x7d, 0x0e, 0x9f, 0x3e, 0xb9, 0xb0, 0x98, 0x3e, 0x4e, 0x22, 0x93, 0x3e,
  0xaf, 0x5c, 0x93, 0x3e, 0x4c, 0x32, 0x93, 0x3e, 0x56, 0x64, 0x8c, 0x3e,
  0x1a, 0xa2, 0x86, 0x3e, 0xb1, 0x27, 0x87, 0x3e, 0x1c, 0xf2, 0x86, 0x3e,
  0x2b, 0x1d, 0x7f, 0x3e, 0xcf, 0x2b, 0x73, 0x3e, 0x07, 0x3c, 0x75, 0x3e,
  0xd6, 0xc3, 0x74, 0x3e, 0x20, 0x42, 0x64, 0x3e, 0x60, 0xe3, 0x57, 0x3e,
  0x2e, 0xc7, 0x5b, 0x3e, 0x6b, 0x23, 0x5b, 0x3e, 0xa1, 0x4f, 0x47, 0x3e,
  0xeb, 0x52, 0x3b, 0x3e, 0xca, 0x8a, 0x41, 0x3e, 0x02, 0x4b, 0x41, 0x3e,
  0x18, 0x3e, 0x2a, 0x3e, 0x75, 0x0a, 0x1d, 0x3e, 0x1b, 0x46, 0x26, 0x3e,
  0x9d, 0xe2, 0x27, 0x3e, 0x68, 0x76, 0x0d, 0x3e, 0xde, 0x43, 0xf8, 0x3d,
  0x3b, 0x67, 0x08, 0x3e, 0x41, 0xba, 0x10, 0x3e, 0xb3, 0x9e, 0xe5, 0x3d,
  0xa8, 0xf2, 0xa9, 0x3d, 0x84, 0x2f, 0xca, 0x3d, 0x14, 0x3a, 0x04, 0x3e,
  0xd7, 0xa9, 0xbe, 0x3d, 0x45, 0x83, 0x52, 0x3c, 0xe5, 0xa0, 0x50, 0x3d,
  0xaf, 0xc6, 0xab, 0x3e, 0x41, 0x61, 0x3e, 0x3f, 0x00, 0xfe, 0x7f, 0x3f,
  0x03, 0x07, 0x7e, 0x3f, 0x91, 0x47, 0x64, 0x3f, 0xeb, 0x96, 0x61, 0x3f,
  0xbc, 0xbd, 0x6e, 0x3f, 0x6a, 0x35, 0x6d, 0x3f, 0x81, 0x5f, 0x60, 0x3f,
  0xd3, 0xd1, 0x5d, 0x3f, 0x92, 0x4b, 0x64, 0x3f, 0xed, 0x3b, 0x62, 0x3f,
  0x66, 0x9f, 0x59, 0x3f, 0xb0, 0xa1, 0x57, 0x3f, 0x6d, 0xf7, 0x5a, 0x3f,
  0xa5, 0x47, 0x58, 0x3f, 0x49, 0xf7, 0x51, 0x3f, 0x8b, 0x74, 0x50, 0x3f,
  0x47, 0xe9, 0x51, 0x3f, 0x92, 0xc7, 0x4e, 0x3f, 0x27, 0xd3, 0x49, 0x3f,
  0xc6, 0x8b, 0x48, 0x3f, 0x24, 0xe5, 0x48, 0x3f, 0x33, 0x68, 0x45, 0x3f,
  0x05, 0x5d, 0x41, 0x3f, 0xb5, 0x04, 0x40, 0x3f, 0xff, 0xd0, 0x3f, 0x3f,
  0x28, 0x5a, 0x3c, 0x3f, 0xe2, 0xa2, 0x38, 0x3f, 0x7e, 0x30, 0x37, 0x3f,
  0xda, 0xa0, 0x36, 0x3f, 0xdb, 0x31, 0x33, 0x3f, 0xbe, 0xac, 0x2f, 0x3f,
  0x67, 0x21, 0x2e, 0x3f, 0xb5, 0x4e, 0x2d, 0x3f, 0xda, 0xe5, 0x29, 0x3f,
  0x9a, 0x80, 0x26, 0x3f, 0x90, 0xdf, 0x24, 0x3f, 0x8f, 0xd8, 0x23, 0x3f,
  0x5b, 0x72, 0x20, 0x3f, 0x75, 0x20, 0x1d, 0x3f, 0x10, 0x6d, 0x1b, 0x3f,
  0x69, 0x3c, 0x1a, 0x3f, 0x43, 0xd6, 0x16, 0x3f, 0x4f, 0x8e, 0x13, 0x3f,
  0x5d, 0xc9, 0x11, 0x3f, 0x41, 0x74, 0x10, 0x3f, 0x14, 0x0b, 0x0d, 0x3f,
  0x26, 0xc8, 0x09, 0x3f, 0x72, 0xf6, 0x07, 0x3f, 0x1a, 0x84, 0x06, 0x3f,
  0x95, 0x16, 0x03, 0x3f, 0x00, 0xa8, 0xff, 0x3e, 0x02, 0xed, 0xfb, 0x3e,
  0xe5, 0xcf, 0xf8, 0x3e, 0x45, 0xe1, 0xf1, 0x3e, 0xae, 0x53, 0xeb, 0x3e,
  0xd7, 0x89, 0xe7, 0x3e, 0x92, 0x3f, 0xe4, 0x3e, 0xb5, 0x39, 0xdd, 0x3e,
  0x5a, 0x9b, 0xd6, 0x3e, 0xb5, 0xc4, 0xd2, 0x3e, 0x3c, 0x4f, 0xcf, 0x3e,
  0x27, 0x2a, 0xc8, 0x3e, 0x06, 0x77, 0xc1, 0x3e, 0xca, 0x9e, 0xbd, 0x3e,
  0xe7, 0x06, 0xba, 0x3e, 0x23, 0xbb, 0xb2, 0x3e, 0xb0, 0xea, 0xab, 0x3e,
  0xb6, 0x14, 0xa8, 0x3e, 0x92, 0x5a, 0xa4, 0x3e, 0xe9, 0xdc, 0x9c, 0x3e,
  0x57, 0xee, 0x95, 0x3e, 0xb5, 0x2b, 0x92, 0x3e, 0x3a, 0x52, 0x8e, 0x3e,
  0x36, 0x8d, 0x86, 0x3e, 0xfc, 0xf3, 0x7e, 0x3e, 0x3b, 0xc4, 0x77, 0x3e,
  0xbf, 0xdb, 0x6f, 0x3e, 0x19, 0x87, 0x5f, 0x3e, 0x47, 0x13, 0x51, 0x3e,
  0x60, 0x8b, 0x4a, 0x3e, 0x0a, 0x53, 0x42, 0x3e, 0xcc, 0x78, 0x30, 0x3e,
  0x86, 0x1a, 0x22, 0x3e, 0xf1, 0x7c, 0x1b, 0x3e, 0x52, 0x32, 0x14, 0x3e,
  0x36, 0x20, 0x02, 0x3e, 0x8e, 0xa3, 0xe3, 0x3d, 0x69, 0x95, 0xd4, 0x3d,
  0x2d, 0x43, 0xcb, 0x3d, 0xfa, 0x47, 0xaa, 0x3d, 0xfc, 0xe3, 0x7e, 0x3d,
  0xe6, 0x0e, 0x53, 0x3d, 0x79, 0x03, 0x5e, 0x3d, 0xbb, 0x8e, 0x30, 0x3d,
  0x83, 0x82, 0x20, 0x3c, 0xbe, 0xd0, 0x1b, 0xbc, 0x71, 0x03, 0x5d, 0x3c,
  0x09, 0xc7, 0x87, 0x3c, 0xc6, 0x83, 0x71, 0xbd, 0xdd, 0xb6, 0xdf, 0xbd,
  0x26, 0x92, 0x89, 0x3d, 0x61, 0xc8, 0xed, 0x3e, 0x3b, 0xc5, 0x4e, 0x3f,
  0x68, 0x3e, 0x61, 0x3f, 0x22, 0x55, 0x48, 0x3f, 0x1e, 0xe0, 0x3b, 0x3f,
  0x13, 0xcd, 0x44, 0x3f, 0x58, 0xba, 0x46, 0x3f, 0xed, 0x6a, 0x3b, 0x3f,
  0x3f, 0x8c, 0x34, 0x3f, 0xdb, 0xc8, 0x36, 0x3f, 0x90, 0x75, 0x35, 0x3f,
  0xb8, 0x1c, 0x2e, 0x3f, 0xea, 0x44, 0x29, 0x3f, 0xa3, 0x9e, 0x28, 0x3f,
  0x41, 0xc0, 0x25, 0x3f, 0x81, 0x44, 0x20, 0x3f, 0xad, 0x5a, 0x1c, 0x3f,
  0x68, 0x2c, 0x1a, 0x3f, 0x60, 0x8b, 0x16, 0x3f, 0x47, 0xf0, 0x11, 0x3f,
  0x58, 0x56, 0x0e, 0x3f, 0x2d, 0x5a, 0x0b, 0x3f, 0x63, 0x45, 0x07, 0x3f,
  0x0c, 0x1c, 0x03, 0x3f, 0xef, 0xb9, 0xfe, 0x3e, 0xe1, 0x2f, 0xf8, 0x3e,
  0x38, 0xdc, 0xef, 0x3e, 0x9f, 0x77, 0xe7, 0x3e, 0x23, 0xa6, 0xdf, 0x3e,
  0x61, 0x8f, 0xd8, 0x3e, 0x22, 0x06, 0xd0, 0x3e, 0x1c, 0x73, 0xc7, 0x3e,
  0xa5, 0x48, 0xbf, 0x3e, 0xe0, 0xa2, 0xb7, 0x3e, 0x7a, 0xd0, 0xae, 0x3e,
  0x99, 0xf2, 0xa5, 0x3e, 0x5d, 0x5f, 0x9d, 0x3e, 0x53, 0x22, 0x95, 0x3e,
  0xc1, 0xea, 0x8b, 0x3e, 0x0a, 0x9e, 0x82, 0x3e, 0xed, 0x05, 0x73, 0x3e,
  0x88, 0x23, 0x61, 0x3e, 0x84, 0x90, 0x4d, 0x3e, 0xe7, 0xaa, 0x39, 0x3e,
  0xe2, 0xf6, 0x25, 0x3e, 0x47, 0x2a, 0x12, 0x3e, 0xf4, 0x59, 0xf9, 0x3d,
  0x39, 0x03, 0xcd, 0x3d, 0xcf, 0x94, 0xa0, 0x3d, 0x90, 0x03, 0x64, 0x3d,
  0xe4, 0x4f, 0xf1, 0x3c, 0x00, 0x00, 0x00, 0x00, 0xe4, 0x4f, 0xf1, 0xbc,
  0x90, 0x03, 0x64, 0xbd, 0xcf, 0x94, 0xa0, 0xbd, 0x39, 0x03, 0xcd, 0xbd,
  0xf4, 0x59, 0xf9, 0xbd, 0x47, 0x2a, 0x12, 0xbe, 0xe2, 0xf6, 0x25, 0xbe,
  0xe7, 0xaa, 0x39, 0xbe, 0x84, 0x90, 0x4d, 0xbe, 0x88, 0x23, 0x61, 0xbe,
  0xed, 0x05, 0x73, 0xbe, 0x0a, 0x9e, 0x82, 0xbe, 0xc1, 0xea, 0x8b, 0xbe,
  0x53, 0x22, 0x95, 0xbe, 0x5d, 0x5f, 0x9d, 0xbe, 0x99, 0xf2, 0xa5, 0xbe,
  0x7a, 0xd0, 0xae, 0xbe, 0xe0, 0xa2, 0xb7, 0xbe, 0xa5, 0x48, 0xbf, 0xbe,
  0x1c, 0x73, 0xc7, 0xbe, 0x22, 0x06, 0xd0, 0xbe, 0x61, 0x8f, 0xd8, 0xbe,
  0x23, 0xa6, 0xdf, 0xbe, 0x9f, 0x77, 0xe7, 0xbe, 0x38, 0xdc, 0xef, 0xbe,
  0xe1, 0x2f, 0xf8, 0xbe, 0xef, 0xb9, 0xfe, 0xbe, 0x0c, 0x1c, 0x03, 0xbf,
  0x63, 0x45, 0x07, 0xbf, 0x2d, 0x5a, 0x0b, 0xbf, 0x58, 0x56, 0x0e, 0xbf,
  0x47, 0xf0, 0x11, 0xbf, 0x60, 0x8b, 0x16, 0xbf, 0x68, 0x2c, 0x1a, 0xbf,
  0xad, 0x5a, 0x1c, 0xbf, 0x81, 0x44, 0x20, 0xbf, 0x41, 0xc0, 0x25, 0xbf,
  0xa3, 0x9e, 0x28, 0xbf, 0xea, 0x44, 0x29, 0xbf, 0xb8, 0x1c, 0x2e, 0xbf,
  0x90, 0x75, 0x35, 0xbf, 0xdb, 0xc8, 0x36, 0xbf, 0x3f, 0x8c, 0x34, 0xbf,
  0xed, 0x6a, 0x3b, 0xbf, 0x58, 0xba, 0x46, 0xbf, 0x13, 0xcd, 0x44, 0xbf,
  0x1e, 0xe0, 0x3b, 0xbf, 0x22, 0x55, 0x48, 0xbf, 0x68, 0x3e, 0x61, 0xbf,
  0x3b, 0xc5, 0x4e, 0xbf, 0x61, 0xc8, 0xed, 0xbe, 0x26, 0x92, 0x89, 0xbd,
  0xdd, 0xb6, 0xdf, 0x3d, 0xc6, 0x83, 0x71, 0x3d, 0x09, 0xc7, 0x87, 0xbc,
  0x71, 0x03, 0x5d, 0xbc, 0xbe, 0xd0, 0x1b, 0x3c, 0x83, 0x82, 0x20, 0xbc,
  0xbb, 0x8e, 0x30, 0xbd, 0x79, 0x03, 0x5e, 0xbd, 0xe6, 0x0e, 0x53, 0xbd,
  0xfc, 0xe3, 0x7e, 0xbd, 0xfa, 0x47, 0xaa, 0xbd, 0x2d, 0x43, 0xcb, 0xbd,
  0x69, 0x95, 0xd4, 0xbd, 0x8e, 0xa3, 0xe3, 0xbd, 0x36, 0x20, 0x02, 0xbe,
  0x52, 0x32, 0x14, 0xbe, 0xf1, 0x7c, 0x1b, 0xbe, 0x86, 0x1a, 0x22, 0xbe,
  0xcc, 0x78, 0x30, 0xbe, 0x0a, 0x53, 0x42, 0xbe, 0x60, 0x8b, 0x4a, 0xbe,
  0x47, 0x13, 0x51, 0xbe, 0x19, 0x87, 0x5f, 0xbe, 0xbf, 0xdb, 0x6f, 0xbe,
  0x3b, 0xc4, 0x77, 0xbe, 0xfc, 0xf3, 0x7e, 0xbe, 0x36, 0x8d, 0x86, 0xbe,
  0x3a, 0x52, 0x8e, 0xbe, 0xb5, 0x2b, 0x92, 0xbe, 0x57, 0xee, 0x95, 0xbe,
  0xe9, 0xdc, 0x9c, 0xbe, 0x92, 0x5a, 0xa4, 0xbe, 0xb6, 0x14, 0xa8, 0xbe,
  0xb0, 0xea, 0xab, 0xbe, 0x23, 0xbb, 0xb2, 0xbe, 0xe7, 0x06, 0xba, 0xbe,
  0xca, 0x9e, 0xbd, 0xbe, 0x06, 0x77, 0xc1, 0xbe, 0x27, 0x2a, 0xc8, 0xbe,
  0x3c, 0x4f, 0xcf, 0xbe, 0xb5, 0xc4, 0xd2, 0xbe, 0x5a, 0x9b, 0xd6, 0xbe,
  0xb5, 0x39, 0xdd, 0xbe, 0x92, 0x3f, 0xe4, 0xbe, 0xd7, 0x89, 0xe7, 0xbe,
  0xae, 0x53, 0xeb, 0xbe, 0x45, 0xe1, 0xf1, 0xbe, 0xe5, 0xcf, 0xf8, 0xbe,
  0x02, 0xed, 0xfb, 0xbe, 0x00, 0xa8, 0xff, 0xbe, 0x95, 0x16, 0x03, 0xbf,
  0x1a, 0x84, 0x06, 0xbf, 0x72, 0xf6, 0x07, 0xbf, 0x26, 0xc8, 0x09, 0xbf,
  0x14, 0x0b, 0x0d, 0xbf, 0x41, 0x74, 0x10, 0xbf, 0x5d, 0xc9, 0x11, 0xbf,
  0x4f, 0x8e, 0x13, 0xbf, 0x43, 0xd6, 0x16, 0xbf, 0x69, 0x3c, 0x1a, 0xbf,
  0x10, 0x6d, 0x1b, 0xbf, 0x75, 0x20, 0x1d, 0xbf, 0x5b, 0x72, 0x20, 0xbf,
  0x8f, 0xd8, 0x23, 0xbf, 0x90, 0xdf, 0x24, 0xbf, 0x9a, 0x80, 0x26, 0xbf,
  0xda, 0xe5, 0x29, 0xbf, 0xb5, 0x4e, 0x2d, 0xbf, 0x67, 0x21, 0x2e, 0xbf,
  0xbe, 0xac, 0x2f, 0xbf, 0xdb, 0x31, 0x33, 0xbf, 0xda, 0xa0, 0x36, 0xbf,
  0x7e, 0x30, 0x37, 0xbf, 0xe2, 0xa2, 0x38, 0xbf, 0x28, 0x5a, 0x3c, 0xbf,
  0xff, 0xd0, 0x3f, 0xbf, 0xb5, 0x04, 0x40, 0xbf, 0x05, 0x5d, 0x41, 0xbf,
  0x33, 0x68, 0x45, 0xbf, 0x24, 0xe5, 0x48, 0xbf, 0xc5, 0x8b, 0x48, 0xbf,
  0x27, 0xd3, 0x49, 0xbf, 0x94, 0xc7, 0x4e, 0xbf, 0x47, 0xe9, 0x51, 0xbf,
  0x86, 0x74, 0x50, 0xbf, 0x49, 0xf7, 0x51, 0xbf, 0xad, 0x47, 0x58, 0xbf,
  0x6d, 0xf7, 0x5a, 0xbf, 0xa2, 0xa1, 0x57, 0xbf, 0x66, 0x9f, 0x59, 0xbf,
  0x03, 0x3c, 0x62, 0xbf, 0x92, 0x4b, 0x64, 0xbf, 0xb0, 0xd1, 0x5d, 0xbf,
  0x81, 0x5f, 0x60, 0xbf, 0xa3, 0x35, 0x6d, 0xbf, 0xbc, 0xbd, 0x6e, 0xbf,
  0x85, 0x96, 0x61, 0xbf, 0x91, 0x47, 0x64, 0xbf, 0x47, 0x08, 0x7e, 0xbf,
  0x00, 0x00, 0x80, 0xbf, 0x85, 0x62, 0x3e, 0xbf, 0xaf, 0xc6, 0xab, 0xbe,
  0x6f, 0x9a, 0x50, 0xbd, 0x45, 0x83, 0x52, 0xbc, 0x9c, 0xab, 0xbe, 0xbd,
  0x14, 0x3a, 0x04, 0xbe, 0x6a, 0x2e, 0xca, 0xbd, 0xa8, 0xf2, 0xa9, 0xbd,
  0x6f, 0x9f, 0xe5, 0xbd, 0x41, 0xba, 0x10, 0xbe, 0x06, 0x67, 0x08, 0xbe,
  0xde, 0x43, 0xf8, 0xbd, 0x8a, 0x76, 0x0d, 0xbe, 0x9d, 0xe2, 0x27, 0xbe,
  0x06, 0x46, 0x26, 0xbe, 0x75, 0x0a, 0x1d, 0xbe, 0x26, 0x3e, 0x2a, 0xbe,
  0x02, 0x4b, 0x41, 0xbe, 0xca, 0x8a, 0x41, 0xbe, 0xeb, 0x52, 0x3b, 0xbe,
  0xa1, 0x4f, 0x47, 0xbe, 0x6b, 0x23, 0x5b, 0xbe, 0x2e, 0xc7, 0x5b, 0xbe,
  0x60, 0xe3, 0x57, 0xbe, 0x20, 0x42, 0x64, 0xbe, 0xd6, 0xc3, 0x74, 0xbe,
  0x07, 0x3c, 0x75, 0xbe, 0xcf, 0x2b, 0x73, 0xbe, 0x2b, 0x1d, 0x7f, 0xbe,
  0x1c, 0xf2, 0x86, 0xbe, 0xb1, 0x27, 0x87, 0xbe, 0x1a, 0xa2, 0x86, 0xbe,
  0x56, 0x64, 0x8c, 0xbe, 0x4c, 0x32, 0x93, 0xbe, 0xaf, 0x5c, 0x93, 0xbe,
  0x4e, 0x22, 0x93, 0xbe, 0xb9, 0xb0, 0x98, 0xbe, 0x7d, 0x0e, 0x9f, 0xbe,
  0x98, 0x25, 0x9f, 0xbe, 0x7b, 0x16, 0x9f, 0xbe, 0xb1, 0x78, 0xa4, 0xbe,
  0xa9, 0x7e, 0xaa, 0xbe, 0x03, 0x79, 0xaa, 0xbe, 0xa9, 0x7e, 0xaa, 0xbe,
  0x75, 0xbc, 0xaf, 0xbe, 0xd6, 0x7a, 0xb5, 0xbe, 0x66, 0x4c, 0xb5, 0xbe,
  0xd6, 0x52, 0xb5, 0xbe, 0xae, 0x72, 0xba, 0xbe, 0xff, 0xf6, 0xbf, 0xbe,
  0xe0, 0x97, 0xbf, 0xbe, 0xfd, 0x92, 0xbf, 0xbe, 0x3c, 0x9d, 0xc4, 0xbe,
  0x27, 0xef, 0xc9, 0xbe, 0x29, 0x50, 0xc9, 0xbe, 0x25, 0x2f, 0xc9, 0xbe,
  0x4b, 0x29, 0xce, 0xbe, 0x4d, 0x4f, 0xd3, 0xbe, 0xab, 0x64, 0xd2, 0xbe,
  0x48, 0x1f, 0xd2, 0xbe, 0xea, 0x16, 0xd7, 0xbe, 0x70, 0x17, 0xdc, 0xbe,
  0x58, 0xcd, 0xda, 0xbe, 0x68, 0x53, 0xda, 0xbe, 0x39, 0x53, 0xdf, 0xbe,
  0x90, 0x33, 0xe4, 0xbe, 0xc0, 0x75, 0xe2, 0xbe, 0x85, 0xbb, 0xe1, 0xbe,
  0xdb, 0xd4, 0xe6, 0xbe, 0xae, 0x97, 0xeb, 0xbe, 0x46, 0x47, 0xe9, 0xbe,
  0x9f, 0x3f, 0xe8, 0xbe, 0xa4, 0x8e, 0xed, 0xbe, 0xca, 0x37, 0xf2, 0xbe,
  0x78, 0x27, 0xef, 0xbe, 0xb7, 0xbf, 0xed, 0xbe, 0xa1, 0x6a, 0xf3, 0xbe,
  0xe0, 0xf7, 0xf7, 0xbe, 0xc5, 0xe2, 0xf3, 0xbe, 0xca, 0x0f, 0xf2, 0xbe,
  0x35, 0x63, 0xf8, 0xbe, 0xf4, 0xc3, 0xfc, 0xbe, 0xf8, 0x20, 0xf7, 0xbe,
  0xd3, 0xef, 0xf4, 0xbe, 0xca, 0x02, 0xfd, 0xbe, 0x02, 0x44, 0x00, 0xbf,
  0x74, 0xdc, 0xf7, 0xbe, 0xd7, 0xf7, 0xf5, 0xbe, 0x5e, 0x99, 0x00, 0xbf,
  0x06, 0x9c, 0x01, 0xbf, 0xb2, 0x54, 0xf5, 0xbe, 0xd2, 0x6b, 0xf4, 0xbe,
  0x65, 0xb4, 0x02, 0xbf, 0x0a, 0x80, 0x02, 0xbf, 0x67, 0x0d, 0xee, 0xbe,
  0xba, 0x8f, 0xee, 0xbe, 0x0a, 0x39, 0x05, 0xbf, 0x0e, 0x96, 0x03, 0xbf,
  0x4d, 0xcb, 0xdd, 0xbe, 0x78, 0xe7, 0xdd, 0xbe, 0xfe, 0x88, 0x0b, 0xbf,
  0x30, 0x0e, 0x0c, 0xbf, 0x31, 0xb9, 0x98, 0xbe, 0x7f, 0xa2, 0x8d, 0x23,
  0xdd, 0x64, 0x93, 0x3e, 0x1a, 0xc4, 0x06, 0x3f, 0x6c, 0x2b, 0x05, 0x3f,
  0x3d, 0xa7, 0xcf, 0x3e, 0x2b, 0x37, 0xcc, 0x3e, 0xca, 0x0f, 0xf2, 0x3e,
  0x2e, 0xaf, 0xf3, 0x3e, 0x56, 0xd7, 0xd5, 0x3e, 0x01, 0x83, 0xd1, 0x3e,
  0x95, 0x0b, 0xe5, 0x3e, 0x80, 0x51, 0xe4, 0x3e, 0x47, 0x6f, 0xd1, 0x3e,
  0xbe, 0x14, 0xce, 0x3e, 0x63, 0x6f, 0xd8, 0x3e, 0xf9, 0xc0, 0xd5, 0x3e,
  0x22, 0xcf, 0xc8, 0x3e, 0x8f, 0xf9, 0xc5, 0x3e, 0x2b, 0xdf, 0xca, 0x3e,
  0x03, 0x2d, 0xc7, 0x3e, 0xf8, 0xaa, 0xbd, 0x3e, 0x2f, 0xac, 0xba, 0x3e,
  0xf1, 0x3e, 0xbc, 0x3e, 0x67, 0x37, 0xb8, 0x3e, 0xc2, 0xc6, 0xb0, 0x3e,
  0x2b, 0xe5, 0xac, 0x3e, 0xb3, 0x8a, 0xac, 0x3e, 0x70, 0xe9, 0xa8, 0x3e,
  0x8b, 0x82, 0xa2, 0x3e, 0x53, 0xa3, 0x9d, 0x3e, 0x6f, 0xde, 0x9b, 0x3e,
  0xd1, 0xc8, 0x98, 0x3e, 0x4e, 0x22, 0x93, 0x3e, 0xeb, 0x32, 0x8d, 0x3e,
  0x28, 0x46, 0x8a, 0x3e, 0x2d, 0xe7, 0x87, 0x3e, 0x0b, 0xde, 0x82, 0x3e,
  0xfd, 0x73, 0x77, 0x3e, 0xbc, 0x93, 0x6f, 0x3e, 0xa5, 0xbe, 0x6c, 0x3e,
  0x91, 0xbb, 0x63, 0x3e, 0xb6, 0x78, 0x52, 0x3e, 0x21, 0xd3, 0x48, 0x3e,
  0xac, 0xdc, 0x48, 0x3e, 0x01, 0x9b, 0x40, 0x3e, 0xa8, 0x42, 0x2a, 0x3e,
  0x83, 0x3a, 0x20, 0x3e, 0x4b, 0xba, 0x24, 0x3e, 0x76, 0xd2, 0x1c, 0x3e,
  0x17, 0x5c, 0x00, 0x3e, 0xad, 0xa3, 0xea, 0x3d, 0xed, 0x64, 0x00, 0x3e,
  0xc8, 0x73, 0xf2, 0x3d, 0xf9, 0xec, 0xa8, 0x3d, 0x38, 0x12, 0x8e, 0x3d,
  0x60, 0x2a, 0xb7, 0x3d, 0xc1, 0x42, 0xb0, 0x3d, 0xf1, 0xe9, 0x1a, 0x3d,
  0x21, 0xc2, 0x88, 0x3c, 0x13, 0xcf, 0x5c, 0x3d, 0x1d, 0x42, 0x87, 0x3d,
  0x64, 0xf9, 0x63, 0xbc, 0x67, 0xa2, 0x99, 0xbd, 0x7a, 0xf7, 0x84, 0x3d,
  0x5d, 0x13, 0xd7, 0x3e, 0x61, 0x3c, 0x46, 0x3f, 0xaa, 0x3d, 0x6a, 0x3f,
  0x18, 0x4a, 0x5a, 0x3f, 0x18, 0xe9, 0x45, 0x3f, 0xa1, 0xac, 0x48, 0x3f,
  0x49, 0x43, 0x52, 0x3f, 0xe3, 0x6e, 0x4c, 0x3f, 0x00, 0x0f, 0x40, 0x3f,
  0x85, 0xbb, 0x3e, 0x3f, 0x0f, 0xcd, 0x43, 0x3f, 0xa5, 0xe4, 0x3f, 0x3f,
  0xda, 0x8c, 0x36, 0x3f, 0xd7, 0x2c, 0x34, 0x3f, 0xda, 0xc0, 0x36, 0x3f,
  0x10, 0x52, 0x33, 0x3f, 0xb0, 0xec, 0x2b, 0x3f, 0x43, 0x3d, 0x29, 0x3f,
  0xa8, 0x0a, 0x2a, 0x3f, 0x2a, 0xbb, 0x26, 0x3f, 0x82, 0xba, 0x20, 0x3f,
  0x49, 0xd3, 0x1d, 0x3f, 0x76, 0x60, 0x1d, 0x3f, 0x6e, 0x08, 0x1a, 0x3f,
  0x55, 0x2a, 0x15, 0x3f, 0x3a, 0xf1, 0x11, 0x3f, 0x43, 0xa2, 0x10, 0x3f,
  0xae, 0x97, 0x0d, 0x3f, 0x25, 0x52, 0x09, 0x3f, 0x85, 0xb1, 0x05, 0x3f,
  0x10, 0xc2, 0x03, 0x3f, 0xd7, 0x13, 0x01, 0x3f, 0xeb, 0x7f, 0xfa, 0x3e,
  0x3c, 0x54, 0xf2, 0x3e, 0xb6, 0x6b, 0xed, 0x3e, 0x89, 0xe8, 0xe8, 0x3e,
  0x89, 0xfb, 0xe1, 0x3e, 0x2d, 0xbd, 0xd8, 0x3e, 0x4b, 0xeb, 0xd2, 0x3e,
  0x9a, 0x78, 0xcf, 0x3e, 0x25, 0x2b, 0xc9, 0x3e, 0x6e, 0x8e, 0xbe, 0x3e,
  0xe1, 0xf2, 0xb7, 0x3e, 0xb7, 0x07, 0xb6, 0x3e, 0xc1, 0x2a, 0xb0, 0x3e,
  0x22, 0x18, 0xa3, 0x3e, 0x70, 0x5e, 0x9c, 0x3e, 0xf1, 0xc6, 0x9c, 0x3e,
  0x5e, 0x2a, 0x97, 0x3e, 0x3e, 0x1e, 0x87, 0x3e, 0x01, 0xe4, 0x7f, 0x3e,
  0x3a, 0xb4, 0x83, 0x3e, 0xf5, 0x03, 0x7d, 0x3e, 0xc4, 0xc1, 0x54, 0x3e,
  0x10, 0x23, 0x44, 0x3e, 0x1c, 0x42, 0x55, 0x3e, 0x3d, 0xab, 0x4e, 0x3e,
  0xaf, 0xe3, 0x19, 0x3e, 0x01, 0x2a, 0x01, 0x3e, 0xd3, 0xfa, 0x23, 0x3e,
  0xb3, 0x5a, 0x2d, 0x3e, 0x90, 0x58, 0xb0, 0x3d, 0xd3, 0x42, 0xb4, 0x3c,
  0x7f, 0x9b, 0x22, 0x3e, 0x0b, 0xd4, 0x02, 0x3f, 0xea, 0xbc, 0x5c, 0x3f,
  0x00, 0x00, 0x80, 0x3f, 0xb0, 0x42, 0x6f, 0x3f, 0x68, 0x25, 0x5a, 0x3f,
  0x36, 0x23, 0x5c, 0x3f, 0x94, 0xff, 0x64, 0x3f, 0xdc, 0x66, 0x5e, 0x3f,
  0x45, 0x4d, 0x51, 0x3f, 0xbc, 0x37, 0x4f, 0x3f, 0x4e, 0x91, 0x53, 0x3f,
  0xaa, 0xe8, 0x4e, 0x3f, 0x13, 0xd9, 0x44, 0x3f, 0xda, 0xb9, 0x41, 0x3f,
  0x0f, 0x97, 0x43, 0x3f, 0x7a, 0x6b, 0x3f, 0x3f, 0xdd, 0x50, 0x37, 0x3f,
  0x71, 0xe6, 0x33, 0x3f, 0xd0, 0xfe, 0x33, 0x3f, 0xb9, 0xf4, 0x2f, 0x3f,
  0xa5, 0x3e, 0x29, 0x3f, 0xe1, 0x9d, 0x25, 0x3f, 0x91, 0x76, 0x24, 0x3f,
  0xb7, 0x66, 0x20, 0x3f, 0x6c, 0xd4, 0x1a, 0x3f, 0xe5, 0xe3, 0x16, 0x3f,
  0x53, 0xe0, 0x14, 0x3f, 0x68, 0x1f, 0x11, 0x3f, 0x30, 0x26, 0x0c, 0x3f,
  0x51, 0xd0, 0x07, 0x3f, 0x15, 0x2c, 0x05, 0x3f, 0x2a, 0xc8, 0x01, 0x3f,
  0xeb, 0x7f, 0xfa, 0x3e, 0x52, 0xed, 0xf0, 0x3e, 0xab, 0x9b, 0xea, 0x3e,
  0xeb, 0xad, 0xe4, 0x3e, 0x71, 0x53, 0xdc, 0x3e, 0xa2, 0xac, 0xd1, 0x3e,
  0x2b, 0x6f, 0xca, 0x3e, 0xe3, 0x93, 0xc5, 0x3e, 0xf8, 0xd6, 0xbd, 0x3e,
  0x7a, 0xd1, 0xb1, 0x3e, 0xa6, 0xc6, 0xa9, 0x3e, 0xbf, 0x72, 0xa6, 0x3e,
  0x7d, 0x22, 0x9f, 0x3e, 0xf1, 0xa4, 0x90, 0x3e, 0x23, 0x76, 0x88, 0x3e,
  0x94, 0x74, 0x87, 0x3e, 0x01, 0x62, 0x80, 0x3e, 0x02, 0xd7, 0x5d, 0x3e,
  0x2f, 0x8b, 0x4c, 0x3e, 0x0c, 0x34, 0x51, 0x3e, 0x0e, 0xd3, 0x43, 0x3e,
  0x3b, 0xb2, 0x18, 0x3e, 0x16, 0x12, 0x05, 0x3e, 0x5a, 0x50, 0x13, 0x3e,
  0x2a, 0xb2, 0x09, 0x3e, 0xe2, 0x0a, 0xa4, 0x3d, 0x64, 0xe3, 0x58, 0x3d,
  0x3c, 0x36, 0xac, 0x3d, 0xe3, 0xc2, 0xb8, 0x3d, 0x87, 0xfa, 0x88, 0x3b,
  0x04, 0xf2, 0x80, 0xbd, 0x9e, 0x47, 0x91, 0x3d, 0x5d, 0x13, 0xd7, 0x3e,
  0x8b, 0xb1, 0x44, 0x3f, 0x9d, 0x25, 0x67, 0x3f, 0x9a, 0xa6, 0x55, 0x3f,
  0x00, 0xb9, 0x3f, 0x3f, 0xaf, 0xf3, 0x40, 0x3f, 0x24, 0xfb, 0x48, 0x3f,
  0x9e, 0x9a, 0x41, 0x3f, 0xce, 0xa8, 0x33, 0x3f, 0x9a, 0xcb, 0x30, 0x3f,
  0xd1, 0x4a, 0x34, 0x3f, 0x0f, 0xd6, 0x2e, 0x3f, 0x8f, 0xe6, 0x23, 0x3f,
  0xce, 0xf8, 0x1f, 0x3f, 0x84, 0xf2, 0x20, 0x3f, 0xa9, 0xf3, 0x1b, 0x3f,
  0x4b, 0xf0, 0x12, 0x3f, 0x80, 0xb0, 0x0e, 0x3f, 0x38, 0xdc, 0x0d, 0x3f,
  0x95, 0xf7, 0x08, 0x3f, 0x06, 0x50, 0x01, 0x3f, 0x1d, 0xa7, 0xf9, 0x3e,
  0xd4, 0x6b, 0xf5, 0x3e, 0x06, 0x83, 0xeb, 0x3e, 0x7b, 0x5f, 0xde, 0x3e,
  0xcc, 0xae, 0xd4, 0x3e, 0x3c, 0x9f, 0xce, 0x3e, 0x31, 0x3e, 0xc5, 0x3e,
  0xe4, 0x32, 0xb9, 0x3e, 0xa2, 0xa1, 0xae, 0x3e, 0x9c, 0x32, 0xa7, 0x3e,
  0x98, 0x6e, 0x9e, 0x3e, 0x4e, 0x22, 0x93, 0x3e, 0x21, 0x8d, 0x87, 0x3e,
  0xf5, 0xe3, 0x7d, 0x3e, 0xd1, 0xd1, 0x6d, 0x3e, 0x62, 0x5b, 0x58, 0x3e,
  0x68, 0xca, 0x3e, 0x3e, 0xab, 0x6a, 0x2b, 0x3e, 0x91, 0x2b, 0x1d, 0x3e,
  0x20, 0x8a, 0x08, 0x3e, 0x5f, 0xc2, 0xd7, 0x3d, 0xb3, 0xf2, 0xac, 0x3d,
  0x85, 0xce, 0x95, 0x3d, 0x6b, 0xc3, 0x5a, 0x3d, 0x14, 0xed, 0xa5, 0x3c,
  0xf2, 0x02, 0xbc, 0xba, 0x1f, 0x12, 0x0f, 0xbc, 0xac, 0x83, 0xea, 0xbc,
  0x03, 0x94, 0x8b, 0xbd, 0xec, 0x42, 0xbb, 0xbd, 0x97, 0x49, 0xbe, 0xbd,
  0xa2, 0x03, 0xe7, 0xbd, 0xb5, 0xeb, 0x24, 0xbe, 0x03, 0x0b, 0x40, 0xbe,
  0x64, 0x11, 0x39, 0xbe, 0x2c, 0xdb, 0x4a, 0xbe, 0x9d, 0xfc, 0x84, 0xbe,
  0x5d, 0x5a, 0x97, 0xbe, 0xe6, 0xf4, 0x8b, 0xbe, 0x37, 0xf6, 0x8d, 0xbe,
  0x1d, 0xd2, 0xbe, 0xbe, 0x9c, 0x2b, 0xe7, 0xbe, 0x8f, 0xc2, 0xa9, 0xbe,
  0xc6, 0xe6, 0x57, 0x08, 0x8f, 0xc2, 0xa9, 0x3e, 0x9c, 0x2b, 0xe7, 0x3e,
  0x1d, 0xd2, 0xbe, 0x3e, 0x37, 0xf6, 0x8d, 0x3e, 0xe6, 0xf4, 0x8b, 0x3e,
  0x5d, 0x5a, 0x97, 0x3e, 0x9d, 0xfc, 0x84, 0x3e, 0x2c, 0xdb, 0x4a, 0x3e,
  0x64, 0x11, 0x39, 0x3e, 0x03, 0x0b, 0x40, 0x3e, 0xb5, 0xeb, 0x24, 0x3e,
  0xa2, 0x03, 0xe7, 0x3d, 0x97, 0x49, 0xbe, 0x3d, 0xec, 0x42, 0xbb, 0x3d,
  0x03, 0x94, 0x8b, 0x3d, 0xac, 0x83, 0xea, 0x3c, 0x1f, 0x12, 0x0f, 0x3c,
  0xf2, 0x02, 0xbc, 0x3a, 0x14, 0xed, 0xa5, 0xbc, 0x6b, 0xc3, 0x5a, 0xbd,
  0x85, 0xce, 0x95, 0xbd, 0xb3, 0xf2, 0xac, 0xbd, 0x5f, 0xc2, 0xd7, 0xbd,
  0x20, 0x8a, 0x08, 0xbe, 0x91, 0x2b, 0x1d, 0xbe, 0xab, 0x6a, 0x2b, 0xbe,
  0x68, 0xca, 0x3e, 0xbe, 0x62, 0x5b, 0x58, 0xbe, 0xd1, 0xd1, 0x6d, 0xbe,
  0xf5, 0xe3, 0x7d, 0xbe, 0x21, 0x8d, 0x87, 0xbe, 0x4e, 0x22, 0x93, 0xbe,
  0x98, 0x6e, 0x9e, 0xbe, 0x9c, 0x32, 0xa7, 0xbe, 0xa2, 0xa1, 0xae, 0xbe,
  0xe4, 0x32, 0xb9, 0xbe, 0x31, 0x3e, 0xc5, 0xbe, 0x3c, 0x9f, 0xce, 0xbe,
  0xcc, 0xae, 0xd4, 0xbe, 0x7b, 0x5f, 0xde, 0xbe, 0x06, 0x83, 0xeb, 0xbe,
  0xd4, 0x6b, 0xf5, 0xbe, 0x1d, 0xa7, 0xf9, 0xbe, 0x06, 0x50, 0x01, 0xbf,
  0x95, 0xf7, 0x08, 0xbf, 0x38, 0xdc, 0x0d, 0xbf, 0x80, 0xb0, 0x0e, 0xbf,
  0x4b, 0xf0, 0x12, 0xbf, 0xa9, 0xf3, 0x1b, 0xbf, 0x84, 0xf2, 0x20, 0xbf,
  0xce, 0xf8, 0x1f, 0xbf, 0x8f, 0xe6, 0x23, 0xbf, 0x0f, 0xd6, 0x2e, 0xbf,
  0xd1, 0x4a, 0x34, 0xbf, 0x9a, 0xcb, 0x30, 0xbf, 0xce, 0xa8, 0x33, 0xbf,
  0x9e, 0x9a, 0x41, 0xbf, 0x24, 0xfb, 0x48, 0xbf, 0xaf, 0xf3, 0x40, 0xbf,
  0x00, 0xb9, 0x3f, 0xbf, 0x9a, 0xa6, 0x55, 0xbf, 0x9d, 0x25, 0x67, 0xbf,
  0x8b, 0xb1, 0x44, 0xbf, 0x5d, 0x13, 0xd7, 0xbe, 0x9e, 0x47, 0x91, 0xbd,
  0x04, 0xf2, 0x80, 0x3d, 0x87, 0xfa, 0x88, 0xbb, 0xe3, 0xc2, 0xb8, 0xbd,
  0x3c, 0x36, 0xac, 0xbd, 0x64, 0xe3, 0x58, 0xbd, 0xe2, 0x0a, 0xa4, 0xbd,
  0x2a, 0xb2, 0x09, 0xbe, 0x5a, 0x50, 0x13, 0xbe, 0x16, 0x12, 0x05, 0xbe,
  0x3b, 0xb2, 0x18, 0xbe, 0x0e, 0xd3, 0x43, 0xbe, 0x0c, 0x34, 0x51, 0xbe,
  0x2f, 0x8b, 0x4c, 0xbe, 0x02, 0xd7, 0x5d, 0xbe, 0x01, 0x62, 0x80, 0xbe,
  0x94, 0x74, 0x87, 0xbe, 0x23, 0x76, 0x88, 0xbe, 0xf1, 0xa4, 0x90, 0xbe,
  0x7d, 0x22, 0x9f, 0xbe, 0xbf, 0x72, 0xa6, 0xbe, 0xa6, 0xc6, 0xa9, 0xbe,
  0x7a, 0xd1, 0xb1, 0xbe, 0xf8, 0xd6, 0xbd, 0xbe, 0xe3, 0x93, 0xc5, 0xbe,
  0x2b, 0x6f, 0xca, 0xbe, 0xa2, 0xac, 0xd1, 0xbe, 0x71, 0x53, 0xdc, 0xbe,
  0xeb, 0xad, 0xe4, 0xbe, 0xab, 0x9b, 0xea, 0xbe, 0x52, 0xed, 0xf0, 0xbe,
  0xeb, 0x7f, 0xfa, 0xbe, 0x2a, 0xc8, 0x01, 0xbf, 0x15, 0x2c, 0x05, 0xbf,
  0x51, 0xd0, 0x07, 0xbf, 0x30, 0x26, 0x0c, 0xbf, 0x68, 0x1f, 0x11, 0xbf,
  0x53, 0xe0, 0x14, 0xbf, 0xe5, 0xe3, 0x16, 0xbf, 0x6c, 0xd4, 0x1a, 0xbf,
  0xb7, 0x66, 0x20, 0xbf, 0x91, 0x76, 0x24, 0xbf, 0xe1, 0x9d, 0x25, 0xbf,
  0xa5, 0x3e, 0x29, 0xbf, 0xb5, 0xf4, 0x2f, 0xbf, 0xd0, 0xfe, 0x33, 0xbf,
  0x76, 0xe6, 0x33, 0xbf, 0xdd, 0x50, 0x37, 0xbf, 0x71, 0x6b, 0x3f, 0xbf,
  0x0f, 0x97, 0x43, 0xbf, 0xe9, 0xb9, 0x41, 0xbf, 0x13, 0xd9, 0x44, 0xbf,
  0x95, 0xe8, 0x4e, 0xbf, 0x4e, 0x91, 0x53, 0xbf, 0xdf, 0x37, 0x4f, 0xbf,
  0x45, 0x4d, 0x51, 0xbf, 0xa3, 0x66, 0x5e, 0xbf, 0x94, 0xff, 0x64, 0xbf,
  0x9e, 0x23, 0x5c, 0xbf, 0x68, 0x25, 0x5a, 0xbf, 0x6c, 0x41, 0x6f, 0xbf,
  0x00, 0xfe, 0x7f, 0xbf, 0xa6, 0xbb, 0x5c, 0xbf, 0x0b, 0xd4, 0x02, 0xbf,
  0x1f, 0x9d, 0x22, 0xbe, 0xd3, 0x42, 0xb4, 0xbc, 0xcc, 0x56, 0xb0, 0xbd,
  0xb3, 0x5a, 0x2d, 0xbe, 0x60, 0xfb, 0x23, 0xbe, 0x01, 0x2a, 0x01, 0xbe,
  0x51, 0xe3, 0x19, 0xbe, 0x3d, 0xab, 0x4e, 0xbe, 0x58, 0x42, 0x55, 0xbe,
  0x10, 0x23, 0x44, 0xbe, 0xa2, 0xc1, 0x54, 0xbe, 0xf5, 0x03, 0x7d, 0xbe,
  0x44, 0xb4, 0x83, 0xbe, 0x01, 0xe4, 0x7f, 0xbe, 0x3a, 0x1e, 0x87, 0xbe,
  0x5e, 0x2a, 0x97, 0xbe, 0xf4, 0xc6, 0x9c, 0xbe, 0x70, 0x5e, 0x9c, 0xbe,
  0x22, 0x18, 0xa3, 0xbe, 0xc1, 0x2a, 0xb0, 0xbe, 0xb7, 0x07, 0xb6, 0xbe,
  0xe1, 0xf2, 0xb7, 0xbe, 0x6e, 0x8e, 0xbe, 0xbe, 0x25, 0x2b, 0xc9, 0xbe,
  0x9a, 0x78, 0xcf, 0xbe, 0x4b, 0xeb, 0xd2, 0xbe, 0x2d, 0xbd, 0xd8, 0xbe,
  0x89, 0xfb, 0xe1, 0xbe, 0x89, 0xe8, 0xe8, 0xbe, 0xb6, 0x6b, 0xed, 0xbe,
  0x3c, 0x54, 0xf2, 0xbe, 0xeb, 0x7f, 0xfa, 0xbe, 0xd7, 0x13, 0x01, 0xbf,
  0x10, 0xc2, 0x03, 0xbf, 0x85, 0xb1, 0x05, 0xbf, 0x25, 0x52, 0x09, 0xbf,
  0xae, 0x97, 0x0d, 0xbf, 0x43, 0xa2, 0x10, 0xbf, 0x3a, 0xf1, 0x11, 0xbf,
  0x55, 0x2a, 0x15, 0xbf, 0x6e, 0x08, 0x1a, 0xbf, 0x76, 0x60, 0x1d, 0xbf,
  0x49, 0xd3, 0x1d, 0xbf, 0x82, 0xba, 0x20, 0xbf, 0x2a, 0xbb, 0x26, 0xbf,
  0xa8, 0x0a, 0x2a, 0xbf, 0x43, 0x3d, 0x29, 0xbf, 0xb0, 0xec, 0x2b, 0xbf,
  0x10, 0x52, 0x33, 0xbf, 0xda, 0xc0, 0x36, 0xbf, 0xd7, 0x2c, 0x34, 0xbf,
  0xda, 0x8c, 0x36, 0xbf, 0xa5, 0xe4, 0x3f, 0xbf, 0x0f, 0xcd, 0x43, 0xbf,
  0x85, 0xbb, 0x3e, 0xbf, 0x00, 0x0f, 0x40, 0xbf, 0xe3, 0x6e, 0x4c, 0xbf,
  0x49, 0x43, 0x52, 0xbf, 0xa1, 0xac, 0x48, 0xbf, 0x18, 0xe9, 0x45, 0xbf,
  0x18, 0x4a, 0x5a, 0xbf, 0xaa, 0x3d, 0x6a, 0xbf, 0x61, 0x3c, 0x46, 0xbf,
  0x5d, 0x13, 0xd7, 0xbe, 0x7a, 0xf7, 0x84, 0xbd, 0x67, 0xa2, 0x99, 0x3d,
  0x64, 0xf9, 0x63, 0x3c, 0x1d, 0x42, 0x87, 0xbd, 0x13, 0xcf, 0x5c, 0xbd,
  0x21, 0xc2, 0x88, 0xbc, 0xf1, 0xe9, 0x1a, 0xbd, 0xc1, 0x42, 0xb0, 0xbd,
  0x60, 0x2a, 0xb7, 0xbd, 0x38, 0x12, 0x8e, 0xbd, 0xf9, 0xec, 0xa8, 0xbd,
  0xc8, 0x73, 0xf2, 0xbd, 0xed, 0x64, 0x00, 0xbe, 0xad, 0xa3, 0xea, 0xbd,
  0x17, 0x5c, 0x00, 0xbe, 0x76, 0xd2, 0x1c, 0xbe, 0x4b, 0xba, 0x24, 0xbe,
  0x83, 0x3a, 0x20, 0xbe, 0xa8, 0x42, 0x2a, 0xbe, 0x01, 0x9b, 0x40, 0xbe,
  0xac, 0xdc, 0x48, 0xbe, 0x21, 0xd3, 0x48, 0xbe, 0xb6, 0x78, 0x52, 0xbe,
  0x91, 0xbb, 0x63, 0xbe, 0xa5, 0xbe, 0x6c, 0xbe, 0xbc, 0x93, 0x6f, 0xbe,
  0xfd, 0x73, 0x77, 0xbe, 0x0b, 0xde, 0x82, 0xbe, 0x2d, 0xe7, 0x87, 0xbe,
  0x28, 0x46, 0x8a, 0xbe, 0xeb, 0x32, 0x8d, 0xbe, 0x4e, 0x22, 0x93, 0xbe,
  0xd1, 0xc8, 0x98, 0xbe, 0x6f, 0xde, 0x9b, 0xbe, 0x53, 0xa3, 0x9d, 0xbe,
  0x8b, 0x82, 0xa2, 0xbe, 0x70, 0xe9, 0xa8, 0xbe, 0xb3, 0x8a, 0xac, 0xbe,
  0x2b, 0xe5, 0xac, 0xbe, 0xc2, 0xc6, 0xb0, 0xbe, 0x67, 0x37, 0xb8, 0xbe,
  0xf1, 0x3e, 0xbc, 0xbe, 0x2f, 0xac, 0xba, 0xbe, 0xf8, 0xaa, 0xbd, 0xbe,
  0x03, 0x2d, 0xc7, 0xbe, 0x2b, 0xdf, 0xca, 0xbe, 0x8f, 0xf9, 0xc5, 0xbe,
  0x22, 0xcf, 0xc8, 0xbe, 0xf9, 0xc0, 0xd5, 0xbe, 0x63, 0x6f, 0xd8, 0xbe,
  0xbe, 0x14, 0xce, 0xbe, 0x47, 0x6f, 0xd1, 0xbe, 0x80, 0x51, 0xe4, 0xbe,
  0x95, 0x0b, 0xe5, 0xbe, 0x01, 0x83, 0xd1, 0xbe, 0x56, 0xd7, 0xd5, 0xbe,
  0x2e, 0xaf, 0xf3, 0xbe, 0xca, 0x0f, 0xf2, 0xbe, 0x2b, 0x37, 0xcc, 0xbe,
  0x3d, 0xa7, 0xcf, 0xbe, 0x6c, 0x2b, 0x05, 0xbf, 0x1a, 0xc4, 0x06, 0xbf,
  0xdd, 0x64, 0x93, 0xbe
};
unsigned int src_PLAITS_1_bin_len = 16384;
