unsigned char src_PLAITS_2_bin[] = {
  0xf2, 0xe6, 0xe7, 0x21, 0xca, 0x08, 0x95, 0x3d, 0xc7, 0x52, 0x32, 0x3e,
  0x66, 0xbe, 0x83, 0x3e, 0x88, 0x0a, 0xa2, 0x3e, 0x6e, 0xf5, 0xbd, 0x3e,
  0x75, 0x8b, 0xdd, 0x3e, 0x5c, 0x8e, 0xfb, 0x3e, 0x2e, 0xb4, 0x0b, 0x3f,
  0x55, 0x8d, 0x19, 0x3f, 0x9f, 0xec, 0x27, 0x3f, 0xa3, 0x77, 0x34, 0x3f,
  0xfc, 0xee, 0x3e, 0x3f, 0x22, 0xb8, 0x47, 0x3f, 0x41, 0x17, 0x50, 0x3f,
  0x2f, 0x9f, 0x57, 0x3f, 0x7d, 0xfd, 0x5e, 0x3f, 0x4a, 0xe3, 0x65, 0x3f,
  0xb2, 0x75, 0x6c, 0x3f, 0x61, 0x9e, 0x71, 0x3f, 0xd7, 0x93, 0x75, 0x3f,
  0xc1, 0x07, 0x78, 0x3f, 0xe8, 0xd7, 0x79, 0x3f, 0x60, 0x0c, 0x7b, 0x3f,
  0xf1, 0x8f, 0x7c, 0x3f, 0x7a, 0xe2, 0x7d, 0x3f, 0xfd, 0x5b, 0x7f, 0x3f,
  0x3a, 0xf5, 0x7f, 0x3f, 0x00, 0x00, 0x80, 0x3f, 0x76, 0xc3, 0x7e, 0x3f,
  0xf4, 0x29, 0x7d, 0x3f, 0x4a, 0xe2, 0x7a, 0x3f, 0xe4, 0x01, 0x79, 0x3f,
  0x49, 0xed, 0x76, 0x3f, 0xd6, 0x4b, 0x75, 0x3f, 0xed, 0x10, 0x73, 0x3f,
  0xc3, 0xc3, 0x70, 0x3f, 0x10, 0x85, 0x6d, 0x3f, 0xa9, 0x45, 0x6a, 0x3f,
  0xa3, 0x81, 0x66, 0x3f, 0x8d, 0x4f, 0x63, 0x3f, 0xac, 0xfd, 0x5f, 0x3f,
  0x75, 0x45, 0x5d, 0x3f, 0x0c, 0x1b, 0x5a, 0x3f, 0x5c, 0x0d, 0x57, 0x3f,
  0xa2, 0x33, 0x53, 0x3f, 0x3d, 0x6b, 0x4f, 0x3f, 0x24, 0x29, 0x4b, 0x3f,
  0x1e, 0x75, 0x47, 0x3f, 0x01, 0xb1, 0x43, 0x3f, 0x02, 0x8f, 0x40, 0x3f,
  0xdf, 0x1b, 0x3d, 0x3f, 0xe7, 0xce, 0x39, 0x3f, 0xa1, 0xcb, 0x35, 0x3f,
  0xc6, 0xc4, 0x31, 0x3f, 0x92, 0x3c, 0x2d, 0x3f, 0xa4, 0x16, 0x29, 0x3f,
  0xa5, 0xde, 0x24, 0x3f, 0x84, 0x34, 0x21, 0x3f, 0x9e, 0x59, 0x1d, 0x3f,
  0x66, 0x9e, 0x19, 0x3f, 0x13, 0x3e, 0x15, 0x3f, 0x43, 0xa2, 0x10, 0x3f,
  0x60, 0x5c, 0x0b, 0x3f, 0x18, 0x12, 0x06, 0x3f, 0xfb, 0x84, 0x00, 0x3f,
  0xdb, 0x7f, 0xf6, 0x3e, 0xa7, 0xbd, 0xeb, 0x3e, 0x85, 0x4f, 0xe1, 0x3e,
  0xe1, 0x3f, 0xd6, 0x3e, 0x2b, 0xfb, 0xca, 0x3e, 0xa6, 0xd3, 0xbe, 0x3e,
  0xcb, 0x66, 0xb2, 0x3e, 0x4c, 0x52, 0xa5, 0x3e, 0x60, 0x2a, 0x98, 0x3e,
  0xf8, 0x80, 0x8a, 0x3e, 0xe7, 0x4b, 0x79, 0x3e, 0xa7, 0x3b, 0x5c, 0x3e,
  0xfb, 0x4a, 0x3e, 0x3e, 0x89, 0xd9, 0x1e, 0x3e, 0xf2, 0x13, 0xfd, 0x3d,
  0xfe, 0x27, 0xba, 0x3d, 0xb1, 0x83, 0x6c, 0x3d, 0x42, 0x3a, 0xc4, 0x3c,
  0x8a, 0x82, 0x22, 0xbc, 0xc1, 0x85, 0x33, 0xbd, 0x78, 0xf2, 0x9d, 0xbd,
  0x31, 0x49, 0xe0, 0xbd, 0x3f, 0xe2, 0x0f, 0xbe, 0xf6, 0x18, 0x2e, 0xbe,
  0x2a, 0xbb, 0x4a, 0xbe, 0x38, 0xf2, 0x65, 0xbe, 0x00, 0xec, 0x7f, 0xbe,
  0x92, 0x4d, 0x8c, 0xbe, 0x5f, 0xee, 0x97, 0xbe, 0xb6, 0x97, 0xa2, 0xbe,
  0xaf, 0x32, 0xac, 0xbe, 0x57, 0x8c, 0xb4, 0xbe, 0xee, 0xc6, 0xbb, 0xbe,
  0xbf, 0xdd, 0xc1, 0xbe, 0x1d, 0x2b, 0xc7, 0xbe, 0x4f, 0xad, 0xcb, 0xbe,
  0x40, 0xab, 0xcf, 0xbe, 0xe2, 0xe4, 0xd2, 0xbe, 0x55, 0x83, 0xd5, 0xbe,
  0xf6, 0x33, 0xd7, 0xbe, 0x60, 0x3b, 0xd8, 0xbe, 0xb7, 0x57, 0xd8, 0xbe,
  0x5f, 0xeb, 0xd7, 0xbe, 0x74, 0xb4, 0xd6, 0xbe, 0x54, 0x17, 0xd5, 0xbe,
  0xc2, 0xbd, 0xd2, 0xbe, 0x40, 0x07, 0xd0, 0xbe, 0x12, 0x9b, 0xcc, 0xbe,
  0x24, 0xef, 0xc8, 0xbe, 0x2a, 0xb6, 0xc4, 0xbe, 0x02, 0x6b, 0xc0, 0xbe,
  0x42, 0xa9, 0xbb, 0xbe, 0xda, 0xce, 0xb6, 0xbe, 0x42, 0x5c, 0xb1, 0xbe,
  0xad, 0xa2, 0xab, 0xbe, 0x73, 0x31, 0xa5, 0xbe, 0x79, 0x72, 0x9e, 0xbe,
  0xd6, 0x13, 0x97, 0xbe, 0x3d, 0x82, 0x8f, 0xbe, 0xa8, 0x60, 0x87, 0xbe,
  0xf7, 0x03, 0x7e, 0xbe, 0x78, 0x12, 0x6c, 0xbe, 0x65, 0xb3, 0x59, 0xbe,
  0x70, 0x93, 0x46, 0xbe, 0xcc, 0xca, 0x33, 0xbe, 0x0b, 0x50, 0x21, 0xbe,
  0x3f, 0x12, 0x10, 0xbe, 0x6d, 0x32, 0xff, 0xbd, 0x86, 0xf3, 0xdf, 0xbd,
  0xc9, 0x29, 0xc0, 0xbd, 0x7d, 0x32, 0x9f, 0xbd, 0x0b, 0x0f, 0x77, 0xbd,
  0xae, 0xa2, 0x2b, 0xbd, 0x98, 0x4c, 0xba, 0xbc, 0xd7, 0x03, 0x76, 0xbb,
  0xf7, 0x34, 0x6d, 0x3c, 0x03, 0xe2, 0x00, 0x3d, 0x2a, 0x3f, 0x41, 0x3d,
  0xf6, 0xe3, 0x7d, 0x3d, 0x00, 0x0e, 0x9c, 0x3d, 0xe4, 0x32, 0xb9, 0x3d,
  0xf8, 0x09, 0xd6, 0x3d, 0xcc, 0x13, 0xf3, 0x3d, 0x8b, 0x65, 0x07, 0x3e,
  0x56, 0xfa, 0x14, 0x3e, 0x48, 0xa1, 0x21, 0x3e, 0xbc, 0x5a, 0x2e, 0x3e,
  0x4f, 0xb1, 0x3a, 0x3e, 0x20, 0xfb, 0x47, 0x3e, 0x70, 0x75, 0x55, 0x3e,
  0x92, 0x3b, 0x64, 0x3e, 0xcb, 0x06, 0x73, 0x3e, 0x07, 0x76, 0x81, 0x3e,
  0x85, 0x52, 0x89, 0x3e, 0x46, 0xd6, 0x91, 0x3e, 0x3f, 0x76, 0x9a, 0x3e,
  0x8f, 0x16, 0xa4, 0x3e, 0x81, 0x1b, 0xae, 0x3e, 0xe4, 0x4e, 0xb9, 0x3e,
  0x03, 0xd3, 0xc4, 0x3e, 0x46, 0x47, 0xd1, 0x3e, 0xef, 0xaf, 0xdd, 0x3e,
  0xab, 0xb3, 0xea, 0x3e, 0xb0, 0x62, 0xf7, 0x3e, 0x09, 0x38, 0x02, 0x3f,
  0xfc, 0x70, 0x08, 0x3f, 0x3b, 0xaa, 0x0e, 0x3f, 0x34, 0x5a, 0x14, 0x3f,
  0x68, 0xc8, 0x19, 0x3f, 0xdd, 0x71, 0x1e, 0x3f, 0x8b, 0xae, 0x22, 0x3f,
  0x14, 0x16, 0x26, 0x3f, 0xa5, 0x1a, 0x29, 0x3f, 0x5f, 0x66, 0x2b, 0x3f,
  0xb5, 0x6e, 0x2d, 0x3f, 0x57, 0xd1, 0x2e, 0x3f, 0xc0, 0xf0, 0x2f, 0x3f,
  0xd7, 0x5a, 0x30, 0x3f, 0xc1, 0x6e, 0x30, 0x3f, 0xdc, 0xc1, 0x2f, 0x3f,
  0xbc, 0xc2, 0x2e, 0x3f, 0x17, 0x12, 0x2d, 0x3f, 0xad, 0x26, 0x2b, 0x3f,
  0xf4, 0x9c, 0x28, 0x3f, 0x97, 0xe6, 0x25, 0x3f, 0x3f, 0x96, 0x22, 0x3f,
  0x7d, 0x20, 0x1f, 0x3f, 0x54, 0x23, 0x1b, 0x3f, 0x5d, 0x2c, 0x17, 0x3f,
  0x84, 0xeb, 0x12, 0x3f, 0x3b, 0xf6, 0x0e, 0x3f, 0x8b, 0xed, 0x0a, 0x3f,
  0x1e, 0x4c, 0x07, 0x3f, 0xb9, 0x8c, 0x03, 0x3f, 0x00, 0x0a, 0x00, 0x3f,
  0x30, 0x62, 0xf8, 0x3e, 0xc3, 0xcf, 0xf0, 0x3e, 0xad, 0x75, 0xe8, 0x3e,
  0x80, 0x5b, 0xe0, 0x3e, 0xe4, 0xc6, 0xd7, 0x3e, 0x40, 0xbf, 0xcf, 0x3e,
  0xb1, 0x6f, 0xc7, 0x3e, 0xfe, 0xa2, 0xbf, 0x3e, 0xdf, 0x58, 0xb7, 0x3e,
  0xbe, 0x46, 0xaf, 0x3e, 0x68, 0x97, 0xa6, 0x3e, 0x7a, 0x3e, 0x9e, 0x3e,
  0x71, 0xb8, 0x95, 0x3e, 0x39, 0x16, 0x8e, 0x3e, 0xe3, 0xcf, 0x86, 0x3e,
  0x03, 0xaa, 0x80, 0x3e, 0xaf, 0x8e, 0x75, 0x3e, 0xaa, 0x13, 0x6b, 0x3e,
  0x52, 0xe3, 0x5f, 0x3e, 0x54, 0xd3, 0x54, 0x3e, 0x0b, 0x84, 0x48, 0x3e,
  0xf0, 0x72, 0x3c, 0x3e, 0x17, 0xf6, 0x2f, 0x3e, 0x92, 0xca, 0x24, 0x3e,
  0xd9, 0x40, 0x1a, 0x3e, 0x44, 0x8a, 0x11, 0x3e, 0x9a, 0x77, 0x09, 0x3e,
  0x0b, 0xb2, 0x02, 0x3e, 0x36, 0xeb, 0xf7, 0x3d, 0xb4, 0xe3, 0xeb, 0x3d,
  0x8b, 0x8e, 0xdf, 0x3d, 0x54, 0xd3, 0xd4, 0x3d, 0xa9, 0x9c, 0xca, 0x3d,
  0x0b, 0xa3, 0xc2, 0x3d, 0xaa, 0x9a, 0xbb, 0x3d, 0xda, 0x72, 0xb6, 0x3d,
  0x24, 0x92, 0xb1, 0x3d, 0xb6, 0x72, 0xad, 0x3d, 0x7e, 0x9b, 0xa8, 0x3d,
  0x8f, 0x92, 0xa3, 0x3d, 0x75, 0x6d, 0x9d, 0x3d, 0x5c, 0x02, 0x97, 0x3d,
  0x66, 0xce, 0x8f, 0x3d, 0x22, 0x82, 0x88, 0x3d, 0x86, 0xa4, 0x80, 0x3d,
  0xc5, 0x63, 0x71, 0x3d, 0x6c, 0x77, 0x60, 0x3d, 0x3a, 0xe3, 0x4e, 0x3d,
  0x19, 0xa6, 0x3b, 0x3d, 0x9b, 0xe2, 0x26, 0x3d, 0x9e, 0xf3, 0x0f, 0x3d,
  0xb9, 0x03, 0xee, 0x3c, 0x1e, 0x79, 0xb7, 0x3c, 0xe8, 0x03, 0x7a, 0x3c,
  0x8f, 0x49, 0xfd, 0x3b, 0x00, 0x00, 0x00, 0x00, 0x8f, 0x49, 0xfd, 0xbb,
  0xe8, 0x03, 0x7a, 0xbc, 0x1e, 0x79, 0xb7, 0xbc, 0xb9, 0x03, 0xee, 0xbc,
  0x9e, 0xf3, 0x0f, 0xbd, 0x9b, 0xe2, 0x26, 0xbd, 0x19, 0xa6, 0x3b, 0xbd,
  0x3a, 0xe3, 0x4e, 0xbd, 0x6c, 0x77, 0x60, 0xbd, 0xc5, 0x63, 0x71, 0xbd,
  0x86, 0xa4, 0x80, 0xbd, 0x22, 0x82, 0x88, 0xbd, 0x66, 0xce, 0x8f, 0xbd,
  0x5c, 0x02, 0x97, 0xbd, 0x75, 0x6d, 0x9d, 0xbd, 0x8f, 0x92, 0xa3, 0xbd,
  0x7e, 0x9b, 0xa8, 0xbd, 0xb6, 0x72, 0xad, 0xbd, 0x24, 0x92, 0xb1, 0xbd,
  0xda, 0x72, 0xb6, 0xbd, 0xaa, 0x9a, 0xbb, 0xbd, 0x0b, 0xa3, 0xc2, 0xbd,
  0xa9, 0x9c, 0xca, 0xbd, 0x54, 0xd3, 0xd4, 0xbd, 0x8b, 0x8e, 0xdf, 0xbd,
  0xb4, 0xe3, 0xeb, 0xbd, 0x36, 0xeb, 0xf7, 0xbd, 0x0b, 0xb2, 0x02, 0xbe,
  0x9a, 0x77, 0x09, 0xbe, 0x44, 0x8a, 0x11, 0xbe, 0xd9, 0x40, 0x1a, 0xbe,
  0x92, 0xca, 0x24, 0xbe, 0x17, 0xf6, 0x2f, 0xbe, 0xf0, 0x72, 0x3c, 0xbe,
  0x0b, 0x84, 0x48, 0xbe, 0x54, 0xd3, 0x54, 0xbe, 0x52, 0xe3, 0x5f, 0xbe,
  0xaa, 0x13, 0x6b, 0xbe, 0xaf, 0x8e, 0x75, 0xbe, 0x03, 0xaa, 0x80, 0xbe,
  0xe3, 0xcf, 0x86, 0xbe, 0x39, 0x16, 0x8e, 0xbe, 0x71, 0xb8, 0x95, 0xbe,
  0x7a, 0x3e, 0x9e, 0xbe, 0x68, 0x97, 0xa6, 0xbe, 0xbe, 0x46, 0xaf, 0xbe,
  0xdf, 0x58, 0xb7, 0xbe, 0xfe, 0xa2, 0xbf, 0xbe, 0xb1, 0x6f, 0xc7, 0xbe,
  0x40, 0xbf, 0xcf, 0xbe, 0xe4, 0xc6, 0xd7, 0xbe, 0x80, 0x5b, 0xe0, 0xbe,
  0xad, 0x75, 0xe8, 0xbe, 0xc3, 0xcf, 0xf0, 0xbe, 0x30, 0x62, 0xf8, 0xbe,
  0x00, 0x0a, 0x00, 0xbf, 0xb9, 0x8c, 0x03, 0xbf, 0x1e, 0x4c, 0x07, 0xbf,
  0x8b, 0xed, 0x0a, 0xbf, 0x3b, 0xf6, 0x0e, 0xbf, 0x84, 0xeb, 0x12, 0xbf,
  0x5d, 0x2c, 0x17, 0xbf, 0x54, 0x23, 0x1b, 0xbf, 0x7d, 0x20, 0x1f, 0xbf,
  0x3f, 0x96, 0x22, 0xbf, 0x97, 0xe6, 0x25, 0xbf, 0xf4, 0x9c, 0x28, 0xbf,
  0xad, 0x26, 0x2b, 0xbf, 0x17, 0x12, 0x2d, 0xbf, 0xbc, 0xc2, 0x2e, 0xbf,
  0xdc, 0xc1, 0x2f, 0xbf, 0xc1, 0x6e, 0x30, 0xbf, 0xd7, 0x5a, 0x30, 0xbf,
  0xc0, 0xf0, 0x2f, 0xbf, 0x57, 0xd1, 0x2e, 0xbf, 0xb5, 0x6e, 0x2d, 0xbf,
  0x5f, 0x66, 0x2b, 0xbf, 0xa5, 0x1a, 0x29, 0xbf, 0x14, 0x16, 0x26, 0xbf,
  0x8b, 0xae, 0x22, 0xbf, 0xdd, 0x71, 0x1e, 0xbf, 0x68, 0xc8, 0x19, 0xbf,
  0x34, 0x5a, 0x14, 0xbf, 0x3b, 0xaa, 0x0e, 0xbf, 0xfc, 0x70, 0x08, 0xbf,
  0x09, 0x38, 0x02, 0xbf, 0xb0, 0x62, 0xf7, 0xbe, 0xab, 0xb3, 0xea, 0xbe,
  0xef, 0xaf, 0xdd, 0xbe, 0x46, 0x47, 0xd1, 0xbe, 0x03, 0xd3, 0xc4, 0xbe,
  0xe4, 0x4e, 0xb9, 0xbe, 0x81, 0x1b, 0xae, 0xbe, 0x8f, 0x16, 0xa4, 0xbe,
  0x3f, 0x76, 0x9a, 0xbe, 0x46, 0xd6, 0x91, 0xbe, 0x85, 0x52, 0x89, 0xbe,
  0x07, 0x76, 0x81, 0xbe, 0xcb, 0x06, 0x73, 0xbe, 0x92, 0x3b, 0x64, 0xbe,
  0x70, 0x75, 0x55, 0xbe, 0x20, 0xfb, 0x47, 0xbe, 0x4f, 0xb1, 0x3a, 0xbe,
  0xbc, 0x5a, 0x2e, 0xbe, 0x48, 0xa1, 0x21, 0xbe, 0x56, 0xfa, 0x14, 0xbe,
  0x8b, 0x65, 0x07, 0xbe, 0xcc, 0x13, 0xf3, 0xbd, 0xf8, 0x09, 0xd6, 0xbd,
  0xe4, 0x32, 0xb9, 0xbd, 0x00, 0x0e, 0x9c, 0xbd, 0xf6, 0xe3, 0x7d, 0xbd,
  0x2a, 0x3f, 0x41, 0xbd, 0x03, 0xe2, 0x00, 0xbd, 0xf7, 0x34, 0x6d, 0xbc,
  0xd7, 0x03, 0x76, 0x3b, 0x98, 0x4c, 0xba, 0x3c, 0xae, 0xa2, 0x2b, 0x3d,
  0x0b, 0x0f, 0x77, 0x3d, 0x7d, 0x32, 0x9f, 0x3d, 0xc9, 0x29, 0xc0, 0x3d,
  0x86, 0xf3, 0xdf, 0x3d, 0x6d, 0x32, 0xff, 0x3d, 0x3f, 0x12, 0x10, 0x3e,
  0x0b, 0x50, 0x21, 0x3e, 0xcc, 0xca, 0x33, 0x3e, 0x70, 0x93, 0x46, 0x3e,
  0x65, 0xb3, 0x59, 0x3e, 0x78, 0x12, 0x6c, 0x3e, 0xf7, 0x03, 0x7e, 0x3e,
  0xa8, 0x60, 0x87, 0x3e, 0x3d, 0x82, 0x8f, 0x3e, 0xd6, 0x13, 0x97, 0x3e,
  0x79, 0x72, 0x9e, 0x3e, 0x73, 0x31, 0xa5, 0x3e, 0xad, 0xa2, 0xab, 0x3e,
  0x42, 0x5c, 0xb1, 0x3e, 0xda, 0xce, 0xb6, 0x3e, 0x42, 0xa9, 0xbb, 0x3e,
  0x02, 0x6b, 0xc0, 0x3e, 0x2a, 0xb6, 0xc4, 0x3e, 0x24, 0xef, 0xc8, 0x3e,
  0x12, 0x9b, 0xcc, 0x3e, 0x40, 0x07, 0xd0, 0x3e, 0xc2, 0xbd, 0xd2, 0x3e,
  0x54, 0x17, 0xd5, 0x3e, 0x74, 0xb4, 0xd6, 0x3e, 0x5f, 0xeb, 0xd7, 0x3e,
  0xb7, 0x57, 0xd8, 0x3e, 0x60, 0x3b, 0xd8, 0x3e, 0xf6, 0x33, 0xd7, 0x3e,
  0x55, 0x83, 0xd5, 0x3e, 0xe2, 0xe4, 0xd2, 0x3e, 0x40, 0xab, 0xcf, 0x3e,
  0x4f, 0xad, 0xcb, 0x3e, 0x1d, 0x2b, 0xc7, 0x3e, 0xbf, 0xdd, 0xc1, 0x3e,
  0xee, 0xc6, 0xbb, 0x3e, 0x57, 0x8c, 0xb4, 0x3e, 0xaf, 0x32, 0xac, 0x3e,
  0xb6, 0x97, 0xa2, 0x3e, 0x5f, 0xee, 0x97, 0x3e, 0x92, 0x4d, 0x8c, 0x3e,
  0x00, 0xec, 0x7f, 0x3e, 0x38, 0xf2, 0x65, 0x3e, 0x2a, 0xbb, 0x4a, 0x3e,
  0xf6, 0x18, 0x2e, 0x3e, 0x3f, 0xe2, 0x0f, 0x3e, 0x31, 0x49, 0xe0, 0x3d,
  0x78, 0xf2, 0x9d, 0x3d, 0xc1, 0x85, 0x33, 0x3d, 0x8a, 0x82, 0x22, 0x3c,
  0x42, 0x3a, 0xc4, 0xbc, 0xb1, 0x83, 0x6c, 0xbd, 0xfe, 0x27, 0xba, 0xbd,
  0xf2, 0x13, 0xfd, 0xbd, 0x89, 0xd9, 0x1e, 0xbe, 0xfb, 0x4a, 0x3e, 0xbe,
  0xa7, 0x3b, 0x5c, 0xbe, 0xe7, 0x4b, 0x79, 0xbe, 0xf8, 0x80, 0x8a, 0xbe,
  0x60, 0x2a, 0x98, 0xbe, 0x4c, 0x52, 0xa5, 0xbe, 0xcb, 0x66, 0xb2, 0xbe,
  0xa6, 0xd3, 0xbe, 0xbe, 0x2b, 0xfb, 0xca, 0xbe, 0xe1, 0x3f, 0xd6, 0xbe,
  0x85, 0x4f, 0xe1, 0xbe, 0xa7, 0xbd, 0xeb, 0xbe, 0xdb, 0x7f, 0xf6, 0xbe,
  0xfb, 0x84, 0x00, 0xbf, 0x18, 0x12, 0x06, 0xbf, 0x60, 0x5c, 0x0b, 0xbf,
  0x43, 0xa2, 0x10, 0xbf, 0x13, 0x3e, 0x15, 0xbf, 0x66, 0x9e, 0x19, 0xbf,
  0x9e, 0x59, 0x1d, 0xbf, 0x84, 0x34, 0x21, 0xbf, 0xa5, 0xde, 0x24, 0xbf,
  0xa4, 0x16, 0x29, 0xbf, 0x92, 0x3c, 0x2d, 0xbf, 0xc6, 0xc4, 0x31, 0xbf,
  0xa1, 0xcb, 0x35, 0xbf, 0xe7, 0xce, 0x39, 0xbf, 0xdf, 0x1b, 0x3d, 0xbf,
  0x02, 0x8f, 0x40, 0xbf, 0x01, 0xb1, 0x43, 0xbf, 0x1e, 0x75, 0x47, 0xbf,
  0x26, 0x29, 0x4b, 0xbf, 0x3d, 0x6b, 0x4f, 0xbf, 0x9f, 0x33, 0x53, 0xbf,
  0x5c, 0x0d, 0x57, 0xbf, 0x11, 0x1b, 0x5a, 0xbf, 0x75, 0x45, 0x5d, 0xbf,
  0xa4, 0xfd, 0x5f, 0xbf, 0x8d, 0x4f, 0x63, 0xbf, 0xb2, 0x81, 0x66, 0xbf,
  0xa9, 0x45, 0x6a, 0xbf, 0xfa, 0x84, 0x6d, 0xbf, 0xc3, 0xc3, 0x70, 0xbf,
  0x10, 0x11, 0x73, 0xbf, 0xd6, 0x4b, 0x75, 0xbf, 0x10, 0xed, 0x76, 0xbf,
  0xe4, 0x01, 0x79, 0xbf, 0xb0, 0xe2, 0x7a, 0xbf, 0xf4, 0x29, 0x7d, 0xbf,
  0x31, 0xc2, 0x7e, 0xbf, 0x00, 0xfe, 0x7f, 0xbf, 0xf6, 0xf3, 0x7f, 0xbf,
  0xfd, 0x5b, 0x7f, 0xbf, 0xe2, 0xe2, 0x7d, 0xbf, 0xf1, 0x8f, 0x7c, 0xbf,
  0x29, 0x0c, 0x7b, 0xbf, 0xe8, 0xd7, 0x79, 0xbf, 0xe4, 0x07, 0x78, 0xbf,
  0xd7, 0x93, 0x75, 0xbf, 0x4b, 0x9e, 0x71, 0xbf, 0xb2, 0x75, 0x6c, 0xbf,
  0x59, 0xe3, 0x65, 0xbf, 0x7d, 0xfd, 0x5e, 0xbf, 0x25, 0x9f, 0x57, 0xbf,
  0x41, 0x17, 0x50, 0xbf, 0x27, 0xb8, 0x47, 0xbf, 0xfc, 0xee, 0x3e, 0xbf,
  0xa1, 0x77, 0x34, 0xbf, 0x9f, 0xec, 0x27, 0xbf, 0x55, 0x8d, 0x19, 0xbf,
  0x2e, 0xb4, 0x0b, 0xbf, 0x5c, 0x8e, 0xfb, 0xbe, 0x75, 0x8b, 0xdd, 0xbe,
  0x6e, 0xf5, 0xbd, 0xbe, 0x88, 0x0a, 0xa2, 0xbe, 0x66, 0xbe, 0x83, 0xbe,
  0xc7, 0x52, 0x32, 0xbe, 0xca, 0x08, 0x95, 0xbd, 0x0b, 0xef, 0x29, 0x22,
  0x88, 0xd1, 0xc9, 0x3d, 0x84, 0x97, 0x6d, 0x3e, 0x0d, 0x5d, 0xab, 0x3e,
  0x1d, 0xb7, 0xca, 0x3e, 0x40, 0x04, 0xe3, 0x3e, 0xef, 0x09, 0xfd, 0x3e,
  0x1f, 0xe2, 0x09, 0x3f, 0xc4, 0xee, 0x13, 0x3f, 0x98, 0x1e, 0x1f, 0x3f,
  0x3b, 0x7a, 0x2c, 0x3f, 0xec, 0xe3, 0x38, 0x3f, 0xe7, 0x29, 0x43, 0x3f,
  0xfc, 0x17, 0x4b, 0x3f, 0x71, 0x46, 0x51, 0x3f, 0xd4, 0xb7, 0x54, 0x3f,
  0xf1, 0x2f, 0x56, 0x3f, 0x28, 0x09, 0x56, 0x3f, 0x05, 0x60, 0x55, 0x3f,
  0xd6, 0x02, 0x54, 0x3f, 0x42, 0x0c, 0x53, 0x3f, 0x1b, 0xb1, 0x52, 0x3f,
  0x2b, 0xf6, 0x53, 0x3f, 0x40, 0x99, 0x56, 0x3f, 0x71, 0xff, 0x5a, 0x3f,
  0xfa, 0xf4, 0x5f, 0x3f, 0x65, 0x32, 0x65, 0x3f, 0xea, 0x3a, 0x69, 0x3f,
  0xad, 0x29, 0x6c, 0x3f, 0x8b, 0x65, 0x6d, 0x3f, 0x79, 0x1d, 0x6e, 0x3f,
  0x94, 0x89, 0x6e, 0x3f, 0x46, 0x17, 0x70, 0x3f, 0xad, 0x8d, 0x72, 0x3f,
  0x9f, 0x6a, 0x76, 0x3f, 0xc9, 0x63, 0x7a, 0x3f, 0xd3, 0x1d, 0x7e, 0x3f,
  0xbc, 0xfe, 0x7f, 0x3f, 0xa5, 0xdf, 0x7f, 0x3f, 0x5f, 0xcd, 0x7c, 0x3f,
  0x83, 0x6c, 0x77, 0x3f, 0x57, 0x8b, 0x6f, 0x3f, 0x45, 0x58, 0x66, 0x3f,
  0xb2, 0xe6, 0x5b, 0x3f, 0x6e, 0x68, 0x51, 0x3f, 0x55, 0xbf, 0x46, 0x3f,
  0x8e, 0xc8, 0x3c, 0x3f, 0x59, 0xf5, 0x32, 0x3f, 0x85, 0xae, 0x29, 0x3f,
  0x0d, 0x00, 0x20, 0x3f, 0x8a, 0x22, 0x16, 0x3f, 0x90, 0x32, 0x0b, 0x3f,
  0xae, 0x89, 0xff, 0x3e, 0xf5, 0x15, 0xe7, 0x3e, 0xa1, 0x82, 0xcf, 0x3e,
  0x76, 0x3c, 0xb9, 0x3e, 0xc9, 0x12, 0xa7, 0x3e, 0x64, 0x03, 0x99, 0x3e,
  0x19, 0xa9, 0x90, 0x3e, 0xca, 0x7a, 0x8c, 0x3e, 0x8b, 0x65, 0x8c, 0x3e,
  0xcd, 0xb0, 0x8d, 0x3e, 0x37, 0x99, 0x8f, 0x3e, 0x20, 0xad, 0x8f, 0x3e,
  0x60, 0xf9, 0x8d, 0x3e, 0xe5, 0x8d, 0x89, 0x3e, 0x6a, 0xe6, 0x83, 0x3e,
  0x15, 0xde, 0x7a, 0x3e, 0x41, 0x3f, 0x70, 0x3e, 0xd7, 0x73, 0x68, 0x3e,
  0x6b, 0x00, 0x65, 0x3e, 0xf6, 0x62, 0x63, 0x3e, 0xbf, 0xb0, 0x61, 0x3e,
  0x30, 0x7a, 0x5b, 0x3e, 0xbe, 0x7a, 0x4e, 0x3e, 0xc4, 0x57, 0x38, 0x3e,
  0x20, 0x30, 0x1a, 0x3e, 0x7a, 0x88, 0xeb, 0x3d, 0xa6, 0xbf, 0x9e, 0x3d,
  0x26, 0xa4, 0x29, 0x3d, 0x7b, 0xee, 0x29, 0x3c, 0x06, 0xe8, 0x6b, 0xbc,
  0x59, 0x92, 0x04, 0xbd, 0x68, 0x38, 0x39, 0xbd, 0xf5, 0xa8, 0x5f, 0xbd,
  0x0f, 0x1f, 0x81, 0xbd, 0xd0, 0x70, 0x93, 0xbd, 0x66, 0x75, 0xa9, 0xbd,
  0xf0, 0xcb, 0xc2, 0xbd, 0x78, 0xe0, 0xdd, 0xbd, 0x90, 0xb6, 0xf6, 0xbd,
  0xc6, 0x36, 0x04, 0xbe, 0x13, 0x1a, 0x07, 0xbe, 0xb8, 0x24, 0x02, 0xbe,
  0xd1, 0xa7, 0xea, 0xbd, 0x85, 0xd6, 0xc3, 0xbd, 0x65, 0x80, 0x97, 0xbd,
  0xc0, 0xfa, 0x5a, 0xbd, 0x82, 0x0f, 0x20, 0xbd, 0x26, 0xa4, 0x07, 0xbd,
  0x3f, 0xf0, 0x18, 0xbd, 0x4f, 0x2e, 0x4a, 0xbd, 0xd9, 0x61, 0x89, 0xbd,
  0xae, 0x87, 0xaf, 0xbd, 0x32, 0xca, 0xd3, 0xbd, 0x8f, 0x15, 0xf1, 0xbd,
  0x3a, 0xb2, 0x05, 0xbe, 0x63, 0x66, 0x12, 0xbe, 0x3a, 0xef, 0x22, 0xbe,
  0x81, 0x8d, 0x38, 0xbe, 0xf5, 0xf1, 0x55, 0xbe, 0x87, 0x9e, 0x79, 0xbe,
  0xff, 0x9c, 0x91, 0xbe, 0x71, 0x72, 0xa7, 0xbe, 0x7c, 0x70, 0xbd, 0xbe,
  0x45, 0x8c, 0xd1, 0xbe, 0x9b, 0x30, 0xe3, 0xbe, 0x0a, 0xff, 0xf0, 0xbe,
  0x1d, 0x46, 0xfb, 0xbe, 0xec, 0xde, 0x00, 0xbf, 0x85, 0xe0, 0x02, 0xbf,
  0x65, 0xf2, 0x03, 0xbf, 0x4e, 0xf8, 0x04, 0xbf, 0xe3, 0x1c, 0x06, 0xbf,
  0x03, 0xd6, 0x07, 0xbf, 0xf4, 0x9e, 0x09, 0xbf, 0xa7, 0x47, 0x0b, 0xbf,
  0x37, 0xd1, 0x0b, 0xbf, 0xae, 0x01, 0x0b, 0xbf, 0x5d, 0x3d, 0x08, 0xbf,
  0x65, 0x16, 0x04, 0xbf, 0x38, 0xa3, 0xfd, 0xbe, 0xed, 0x76, 0xf3, 0xbe,
  0xd9, 0xbe, 0xea, 0xbe, 0x56, 0xb8, 0xe5, 0xbe, 0x22, 0x39, 0xe4, 0xbe,
  0x3a, 0xd0, 0xe6, 0xbe, 0x52, 0xad, 0xeb, 0xbe, 0x0f, 0x37, 0xf2, 0xbe,
  0xae, 0x45, 0xf8, 0xbe, 0xe0, 0x99, 0xfd, 0xbe, 0x71, 0x82, 0x00, 0xbf,
  0xa5, 0xaa, 0x01, 0xbf, 0x78, 0x34, 0x02, 0xbf, 0x87, 0xc8, 0x02, 0xbf,
  0xc2, 0x6d, 0x03, 0xbf, 0x58, 0x8e, 0x04, 0xbf, 0xc7, 0xe2, 0x05, 0xbf,
  0x0f, 0x58, 0x07, 0xbf, 0x75, 0x4b, 0x08, 0xbf, 0xf6, 0x4f, 0x08, 0xbf,
  0x3b, 0xb2, 0x06, 0xbf, 0x7f, 0x16, 0x03, 0xbf, 0x63, 0x55, 0xfa, 0xbe,
  0xe4, 0x13, 0xea, 0xbe, 0x2a, 0x07, 0xd6, 0xbe, 0x48, 0x6c, 0xbf, 0xbe,
  0x73, 0xad, 0xa7, 0xbe, 0x27, 0x19, 0x90, 0xbe, 0xa7, 0x2a, 0x73, 0xbe,
  0x5b, 0x8b, 0x48, 0xbe, 0x25, 0x59, 0x1f, 0xbe, 0xd6, 0x87, 0xea, 0xbd,
  0x43, 0xf4, 0x8f, 0xbd, 0x41, 0x2e, 0xac, 0xbc, 0x05, 0xc6, 0x08, 0x3d,
  0xab, 0xac, 0xbb, 0x3d, 0x2e, 0xf8, 0x19, 0x3e, 0x47, 0xe2, 0x52, 0x3e,
  0xfa, 0x47, 0x82, 0x3e, 0x7d, 0x90, 0x96, 0x3e, 0xae, 0xfb, 0xa5, 0x3e,
  0xb3, 0xb9, 0xb1, 0x3e, 0x11, 0x1f, 0xbb, 0x3e, 0xc7, 0x43, 0xc4, 0x3e,
  0xd9, 0x2f, 0xce, 0x3e, 0x8b, 0xf9, 0xd9, 0x3e, 0xb6, 0x0a, 0xe7, 0x3e,
  0xbe, 0x22, 0xf5, 0x3e, 0xef, 0x59, 0x01, 0x3f, 0x05, 0xba, 0x07, 0x3f,
  0x7f, 0x20, 0x0d, 0x3f, 0xfa, 0xde, 0x11, 0x3f, 0x21, 0xcc, 0x15, 0x3f,
  0x2d, 0x9c, 0x19, 0x3f, 0x72, 0x53, 0x1d, 0x3f, 0x57, 0xb7, 0x21, 0x3f,
  0xb5, 0xac, 0x26, 0x3f, 0x33, 0xc8, 0x2c, 0x3f, 0xff, 0x9a, 0x33, 0x3f,
  0xb3, 0x5a, 0x3b, 0x3f, 0x47, 0x26, 0x43, 0x3f, 0x1c, 0xd5, 0x4a, 0x3f,
  0xe5, 0x52, 0x51, 0x3f, 0xe6, 0x8b, 0x56, 0x3f, 0x3a, 0xc9, 0x59, 0x3f,
  0x64, 0x85, 0x5b, 0x3f, 0x85, 0xa0, 0x5b, 0x3f, 0x71, 0x07, 0x5b, 0x3f,
  0x56, 0xbd, 0x59, 0x3f, 0xb3, 0x7b, 0x58, 0x3f, 0x7f, 0xcb, 0x56, 0x3f,
  0x14, 0xda, 0x54, 0x3f, 0x98, 0xc0, 0x51, 0x3f, 0xd5, 0x82, 0x4d, 0x3f,
  0x85, 0x5c, 0x47, 0x3f, 0x40, 0xbc, 0x3f, 0x3f, 0x51, 0x64, 0x36, 0x3f,
  0x40, 0x4e, 0x2c, 0x3f, 0xb6, 0x99, 0x21, 0x3f, 0x67, 0x70, 0x17, 0x3f,
  0xc3, 0xe1, 0x0d, 0x3f, 0x37, 0xd8, 0x05, 0x3f, 0xde, 0xe9, 0xfd, 0x3e,
  0xf2, 0x3a, 0xf3, 0x3e, 0x7c, 0xe3, 0xe9, 0x3e, 0xba, 0xec, 0xe1, 0x3e,
  0x84, 0x4c, 0xd9, 0x3e, 0x8c, 0x42, 0xd0, 0x3e, 0x00, 0x95, 0xc5, 0x3e,
  0xc8, 0xa0, 0xba, 0x3e, 0x82, 0x68, 0xaf, 0x3e, 0xe7, 0x06, 0xa6, 0x3e,
  0xf2, 0xa8, 0x9e, 0x3e, 0x11, 0xac, 0x9a, 0x3e, 0xf9, 0x0c, 0x99, 0x3e,
  0x30, 0x94, 0x99, 0x3e, 0xb0, 0x07, 0x9a, 0x3e, 0x32, 0x6c, 0x99, 0x3e,
  0xfa, 0xbf, 0x95, 0x3e, 0x48, 0xe1, 0x8e, 0x3e, 0x2a, 0x3b, 0x84, 0x3e,
  0x78, 0x17, 0x6e, 0x3e, 0xbe, 0xd5, 0x4f, 0x3e, 0xbb, 0x55, 0x31, 0x3e,
  0x8f, 0xcb, 0x13, 0x3e, 0xef, 0x26, 0xf3, 0x3d, 0x54, 0xf9, 0xc3, 0x3d,
  0x14, 0x90, 0x9a, 0x3d, 0xe5, 0x5e, 0x64, 0x3d, 0xe0, 0xd0, 0x12, 0x3d,
  0x8d, 0xf4, 0x5c, 0x3c, 0x9b, 0x6d, 0x32, 0xbc, 0x4a, 0xec, 0x19, 0xbd,
  0x87, 0xd2, 0x82, 0xbd, 0x67, 0x3e, 0xb4, 0xbd, 0xa3, 0x59, 0xd9, 0xbd,
  0x25, 0xaf, 0xee, 0xbd, 0x4e, 0xe7, 0xef, 0xbd, 0x89, 0x16, 0xdf, 0xbd,
  0x5c, 0xac, 0xbe, 0xbd, 0x93, 0x2a, 0x96, 0xbd, 0xda, 0x09, 0x57, 0xbd,
  0x2e, 0x78, 0x0b, 0xbd, 0xba, 0xef, 0x9d, 0xbc, 0xaa, 0xef, 0x0a, 0xbc,
  0xc2, 0xc3, 0x7f, 0x06, 0xaa, 0xef, 0x0a, 0x3c, 0xba, 0xef, 0x9d, 0x3c,
  0x2e, 0x78, 0x0b, 0x3d, 0xda, 0x09, 0x57, 0x3d, 0x93, 0x2a, 0x96, 0x3d,
  0x5c, 0xac, 0xbe, 0x3d, 0x89, 0x16, 0xdf, 0x3d, 0x4e, 0xe7, 0xef, 0x3d,
  0x25, 0xaf, 0xee, 0x3d, 0xa3, 0x59, 0xd9, 0x3d, 0x67, 0x3e, 0xb4, 0x3d,
  0x87, 0xd2, 0x82, 0x3d, 0x4a, 0xec, 0x19, 0x3d, 0x9b, 0x6d, 0x32, 0x3c,
  0x8d, 0xf4, 0x5c, 0xbc, 0xe0, 0xd0, 0x12, 0xbd, 0xe5, 0x5e, 0x64, 0xbd,
  0x14, 0x90, 0x9a, 0xbd, 0x54, 0xf9, 0xc3, 0xbd, 0xef, 0x26, 0xf3, 0xbd,
  0x8f, 0xcb, 0x13, 0xbe, 0xbb, 0x55, 0x31, 0xbe, 0xbe, 0xd5, 0x4f, 0xbe,
  0x78, 0x17, 0x6e, 0xbe, 0x2a, 0x3b, 0x84, 0xbe, 0x48, 0xe1, 0x8e, 0xbe,
  0xfa, 0xbf, 0x95, 0xbe, 0x32, 0x6c, 0x99, 0xbe, 0xb0, 0x07, 0x9a, 0xbe,
  0x30, 0x94, 0x99, 0xbe, 0xf9, 0x0c, 0x99, 0xbe, 0x11, 0xac, 0x9a, 0xbe,
  0xf2, 0xa8, 0x9e, 0xbe, 0xe7, 0x06, 0xa6, 0xbe, 0x82, 0x68, 0xaf, 0xbe,
  0xc8, 0xa0, 0xba, 0xbe, 0x00, 0x95, 0xc5, 0xbe, 0x8c, 0x42, 0xd0, 0xbe,
  0x84, 0x4c, 0xd9, 0xbe, 0xba, 0xec, 0xe1, 0xbe, 0x7c, 0xe3, 0xe9, 0xbe,
  0xf2, 0x3a, 0xf3, 0xbe, 0xde, 0xe9, 0xfd, 0xbe, 0x37, 0xd8, 0x05, 0xbf,
  0xc3, 0xe1, 0x0d, 0xbf, 0x67, 0x70, 0x17, 0xbf, 0xb6, 0x99, 0x21, 0xbf,
  0x40, 0x4e, 0x2c, 0xbf, 0x51, 0x64, 0x36, 0xbf, 0x40, 0xbc, 0x3f, 0xbf,
  0x85, 0x5c, 0x47, 0xbf, 0xd5, 0x82, 0x4d, 0xbf, 0x98, 0xc0, 0x51, 0xbf,
  0x14, 0xda, 0x54, 0xbf, 0x7f, 0xcb, 0x56, 0xbf, 0xb3, 0x7b, 0x58, 0xbf,
  0x56, 0xbd, 0x59, 0xbf, 0x71, 0x07, 0x5b, 0xbf, 0x85, 0xa0, 0x5b, 0xbf,
  0x64, 0x85, 0x5b, 0xbf, 0x3a, 0xc9, 0x59, 0xbf, 0xe6, 0x8b, 0x56, 0xbf,
  0xe5, 0x52, 0x51, 0xbf, 0x1c, 0xd5, 0x4a, 0xbf, 0x47, 0x26, 0x43, 0xbf,
  0xb3, 0x5a, 0x3b, 0xbf, 0xff, 0x9a, 0x33, 0xbf, 0x33, 0xc8, 0x2c, 0xbf,
  0xb5, 0xac, 0x26, 0xbf, 0x57, 0xb7, 0x21, 0xbf, 0x72, 0x53, 0x1d, 0xbf,
  0x2d, 0x9c, 0x19, 0xbf, 0x21, 0xcc, 0x15, 0xbf, 0xfa, 0xde, 0x11, 0xbf,
  0x7f, 0x20, 0x0d, 0xbf, 0x05, 0xba, 0x07, 0xbf, 0xef, 0x59, 0x01, 0xbf,
  0xbe, 0x22, 0xf5, 0xbe, 0xb6, 0x0a, 0xe7, 0xbe, 0x8b, 0xf9, 0xd9, 0xbe,
  0xd9, 0x2f, 0xce, 0xbe, 0xc7, 0x43, 0xc4, 0xbe, 0x11, 0x1f, 0xbb, 0xbe,
  0xb3, 0xb9, 0xb1, 0xbe, 0xae, 0xfb, 0xa5, 0xbe, 0x7d, 0x90, 0x96, 0xbe,
  0xfa, 0x47, 0x82, 0xbe, 0x47, 0xe2, 0x52, 0xbe, 0x2e, 0xf8, 0x19, 0xbe,
  0xab, 0xac, 0xbb, 0xbd, 0x05, 0xc6, 0x08, 0xbd, 0x41, 0x2e, 0xac, 0x3c,
  0x43, 0xf4, 0x8f, 0x3d, 0xd6, 0x87, 0xea, 0x3d, 0x25, 0x59, 0x1f, 0x3e,
  0x5b, 0x8b, 0x48, 0x3e, 0xa7, 0x2a, 0x73, 0x3e, 0x27, 0x19, 0x90, 0x3e,
  0x73, 0xad, 0xa7, 0x3e, 0x48, 0x6c, 0xbf, 0x3e, 0x2a, 0x07, 0xd6, 0x3e,
  0xe4, 0x13, 0xea, 0x3e, 0x63, 0x55, 0xfa, 0x3e, 0x7f, 0x16, 0x03, 0x3f,
  0x3b, 0xb2, 0x06, 0x3f, 0xf6, 0x4f, 0x08, 0x3f, 0x75, 0x4b, 0x08, 0x3f,
  0x0f, 0x58, 0x07, 0x3f, 0xc7, 0xe2, 0x05, 0x3f, 0x58, 0x8e, 0x04, 0x3f,
  0xc2, 0x6d, 0x03, 0x3f, 0x87, 0xc8, 0x02, 0x3f, 0x78, 0x34, 0x02, 0x3f,
  0xa5, 0xaa, 0x01, 0x3f, 0x71, 0x82, 0x00, 0x3f, 0xe0, 0x99, 0xfd, 0x3e,
  0xae, 0x45, 0xf8, 0x3e, 0x0f, 0x37, 0xf2, 0x3e, 0x52, 0xad, 0xeb, 0x3e,
  0x3a, 0xd0, 0xe6, 0x3e, 0x22, 0x39, 0xe4, 0x3e, 0x56, 0xb8, 0xe5, 0x3e,
  0xd9, 0xbe, 0xea, 0x3e, 0xed, 0x76, 0xf3, 0x3e, 0x38, 0xa3, 0xfd, 0x3e,
  0x65, 0x16, 0x04, 0x3f, 0x5d, 0x3d, 0x08, 0x3f, 0xae, 0x01, 0x0b, 0x3f,
  0x37, 0xd1, 0x0b, 0x3f, 0xa7, 0x47, 0x0b, 0x3f, 0xf4, 0x9e, 0x09, 0x3f,
  0x03, 0xd6, 0x07, 0x3f, 0xe3, 0x1c, 0x06, 0x3f, 0x4e, 0xf8, 0x04, 0x3f,
  0x65, 0xf2, 0x03, 0x3f, 0x85, 0xe0, 0x02, 0x3f, 0xec, 0xde, 0x00, 0x3f,
  0x1d, 0x46, 0xfb, 0x3e, 0x0a, 0xff, 0xf0, 0x3e, 0x9b, 0x30, 0xe3, 0x3e,
  0x45, 0x8c, 0xd1, 0x3e, 0x7c, 0x70, 0xbd, 0x3e, 0x71, 0x72, 0xa7, 0x3e,
  0xff, 0x9c, 0x91, 0x3e, 0x87, 0x9e, 0x79, 0x3e, 0xf5, 0xf1, 0x55, 0x3e,
  0x81, 0x8d, 0x38, 0x3e, 0x3a, 0xef, 0x22, 0x3e, 0x63, 0x66, 0x12, 0x3e,
  0x3a, 0xb2, 0x05, 0x3e, 0x8f, 0x15, 0xf1, 0x3d, 0x32, 0xca, 0xd3, 0x3d,
  0xae, 0x87, 0xaf, 0x3d, 0xd9, 0x61, 0x89, 0x3d, 0x4f, 0x2e, 0x4a, 0x3d,
  0x3f, 0xf0, 0x18, 0x3d, 0x26, 0xa4, 0x07, 0x3d, 0x82, 0x0f, 0x20, 0x3d,
  0xc0, 0xfa, 0x5a, 0x3d, 0x65, 0x80, 0x97, 0x3d, 0x85, 0xd6, 0xc3, 0x3d,
  0xd1, 0xa7, 0xea, 0x3d, 0xb8, 0x24, 0x02, 0x3e, 0x13, 0x1a, 0x07, 0x3e,
  0xc6, 0x36, 0x04, 0x3e, 0x90, 0xb6, 0xf6, 0x3d, 0x78, 0xe0, 0xdd, 0x3d,
  0xf0, 0xcb, 0xc2, 0x3d, 0x66, 0x75, 0xa9, 0x3d, 0xd0, 0x70, 0x93, 0x3d,
  0x0f, 0x1f, 0x81, 0x3d, 0xf5, 0xa8, 0x5f, 0x3d, 0x68, 0x38, 0x39, 0x3d,
  0x59, 0x92, 0x04, 0x3d, 0x06, 0xe8, 0x6b, 0x3c, 0x7b, 0xee, 0x29, 0xbc,
  0x26, 0xa4, 0x29, 0xbd, 0xa6, 0xbf, 0x9e, 0xbd, 0x7a, 0x88, 0xeb, 0xbd,
  0x20, 0x30, 0x1a, 0xbe, 0xc4, 0x57, 0x38, 0xbe, 0xbe, 0x7a, 0x4e, 0xbe,
  0x30, 0x7a, 0x5b, 0xbe, 0xbf, 0xb0, 0x61, 0xbe, 0xf6, 0x62, 0x63, 0xbe,
  0x6b, 0x00, 0x65, 0xbe, 0xd7, 0x73, 0x68, 0xbe, 0x41, 0x3f, 0x70, 0xbe,
  0x15, 0xde, 0x7a, 0xbe, 0x6a, 0xe6, 0x83, 0xbe, 0xe5, 0x8d, 0x89, 0xbe,
  0x60, 0xf9, 0x8d, 0xbe, 0x20, 0xad, 0x8f, 0xbe, 0x37, 0x99, 0x8f, 0xbe,
  0xcd, 0xb0, 0x8d, 0xbe, 0x8b, 0x65, 0x8c, 0xbe, 0xca, 0x7a, 0x8c, 0xbe,
  0x19, 0xa9, 0x90, 0xbe, 0x61, 0x03, 0x99, 0xbe, 0xc9, 0x12, 0xa7, 0xbe,
  0x7d, 0x3c, 0xb9, 0xbe, 0xa1, 0x82, 0xcf, 0xbe, 0xeb, 0x15, 0xe7, 0xbe,
  0xae, 0x89, 0xff, 0xbe, 0x99, 0x32, 0x0b, 0xbf, 0x8a, 0x22, 0x16, 0xbf,
  0x00, 0x00, 0x20, 0xbf, 0x85, 0xae, 0x29, 0xbf, 0x6f, 0xf5, 0x32, 0xbf,
  0x8e, 0xc8, 0x3c, 0xbf, 0x34, 0xbf, 0x46, 0xbf, 0x6e, 0x68, 0x51, 0xbf,
  0xea, 0xe6, 0x5b, 0xbf, 0x45, 0x58, 0x66, 0xbf, 0xf1, 0x8a, 0x6f, 0xbf,
  0x83, 0x6c, 0x77, 0xbf, 0xa3, 0xce, 0x7c, 0xbf, 0xa5, 0xe1, 0x7f, 0xbf,
  0x00, 0x00, 0x80, 0xbf, 0xd3, 0x1d, 0x7e, 0xbf, 0x61, 0x63, 0x7a, 0xbf,
  0x9f, 0x6a, 0x76, 0xbf, 0xe6, 0x8d, 0x72, 0xbf, 0x46, 0x17, 0x70, 0xbf,
  0x71, 0x89, 0x6e, 0xbf, 0x79, 0x1d, 0x6e, 0xbf, 0xa3, 0x65, 0x6d, 0xbf,
  0xad, 0x29, 0x6c, 0xbf, 0xdc, 0x3a, 0x69, 0xbf, 0x65, 0x32, 0x65, 0xbf,
  0x02, 0xf5, 0x5f, 0xbf, 0x71, 0xff, 0x5a, 0xbf, 0x3b, 0x99, 0x56, 0xbf,
  0x2b, 0xf6, 0x53, 0xbf, 0x1c, 0xb1, 0x52, 0xbf, 0x42, 0x0c, 0x53, 0xbf,
  0xd5, 0x02, 0x54, 0xbf, 0x05, 0x60, 0x55, 0xbf, 0x28, 0x09, 0x56, 0xbf,
  0xf1, 0x2f, 0x56, 0xbf, 0xd4, 0xb7, 0x54, 0xbf, 0x71, 0x46, 0x51, 0xbf,
  0xfc, 0x17, 0x4b, 0xbf, 0xe7, 0x29, 0x43, 0xbf, 0xec, 0xe3, 0x38, 0xbf,
  0x3b, 0x7a, 0x2c, 0xbf, 0x98, 0x1e, 0x1f, 0xbf, 0xc4, 0xee, 0x13, 0xbf,
  0x1f, 0xe2, 0x09, 0xbf, 0xef, 0x09, 0xfd, 0xbe, 0x40, 0x04, 0xe3, 0xbe,
  0x1d, 0xb7, 0xca, 0xbe, 0x0d, 0x5d, 0xab, 0xbe, 0x84, 0x97, 0x6d, 0xbe,
  0x88, 0xd1, 0xc9, 0xbd, 0xae, 0xa5, 0x3a, 0x22, 0x6d, 0xb8, 0xde, 0x3d,
  0xfa, 0x91, 0x83, 0x3e, 0xfa, 0xf5, 0xbe, 0x3e, 0xa6, 0xcb, 0xe3, 0x3e,
  0xd5, 0xa2, 0x00, 0x3f, 0xa3, 0x34, 0x10, 0x3f, 0x26, 0x97, 0x1d, 0x3f,
  0x72, 0xf2, 0x28, 0x3f, 0xb7, 0xf7, 0x34, 0x3f, 0x2d, 0xe3, 0x42, 0x3f,
  0x84, 0x88, 0x4f, 0x3f, 0xa5, 0xc6, 0x59, 0x3f, 0x7b, 0x98, 0x61, 0x3f,
  0x2a, 0xb0, 0x67, 0x3f, 0x43, 0xff, 0x6a, 0x3f, 0x19, 0x38, 0x6c, 0x3f,
  0x94, 0xab, 0x6b, 0x3f, 0xb7, 0x6b, 0x6a, 0x3f, 0x57, 0x3f, 0x68, 0x3f,
  0x6f, 0x45, 0x66, 0x3f, 0x8f, 0xc5, 0x64, 0x3f, 0xb3, 0xdc, 0x64, 0x3f,
  0xe9, 0x5e, 0x66, 0x3f, 0x50, 0xc0, 0x69, 0x3f, 0x49, 0xc0, 0x6d, 0x3f,
  0xdb, 0x10, 0x72, 0x3f, 0x99, 0x13, 0x75, 0x3f, 0x88, 0xe2, 0x76, 0x3f,
  0xb7, 0xcc, 0x76, 0x3f, 0x35, 0x21, 0x76, 0x3f, 0x17, 0x19, 0x75, 0x3f,
  0xee, 0x53, 0x75, 0x3f, 0xf7, 0x8b, 0x76, 0x3f, 0x52, 0x5a, 0x79, 0x3f,
  0x8c, 0x4a, 0x7c, 0x3f, 0x2e, 0x15, 0x7f, 0x3f, 0xbc, 0xfe, 0x7f, 0x3f,
  0x2e, 0x15, 0x7f, 0x3f, 0x69, 0x69, 0x7b, 0x3f, 0x5d, 0xf5, 0x75, 0x3f,
  0x44, 0x8b, 0x6e, 0x3f, 0x2f, 0x8d, 0x66, 0x3f, 0x8b, 0xd9, 0x5d, 0x3f,
  0x5b, 0xa2, 0x55, 0x3f, 0x21, 0x77, 0x4d, 0x3f, 0x31, 0x36, 0x46, 0x3f,
  0x84, 0x18, 0x3f, 0x3f, 0x55, 0xae, 0x38, 0x3f, 0x99, 0xe8, 0x31, 0x3f,
  0x73, 0x2c, 0x2b, 0x3f, 0x6a, 0x6c, 0x23, 0x3f, 0xae, 0x4e, 0x1b, 0x3f,
  0xf3, 0x46, 0x12, 0x3f, 0x92, 0x98, 0x09, 0x3f, 0xa7, 0x46, 0x01, 0x3f,
  0x9f, 0xab, 0xf5, 0x3e, 0x1b, 0x5c, 0xec, 0x3e, 0x61, 0x8f, 0xe8, 0x3e,
  0x1d, 0x93, 0xe8, 0x3e, 0xc9, 0x8f, 0xec, 0x3e, 0xa3, 0x96, 0xf1, 0x3e,
  0x5a, 0x16, 0xf7, 0x3e, 0x4e, 0x71, 0xfa, 0x3e, 0x09, 0xe6, 0xfb, 0x3e,
  0x3f, 0x4d, 0xfa, 0x3e, 0x3a, 0x3a, 0xf7, 0x3e, 0xb4, 0xc1, 0xf2, 0x3e,
  0xb2, 0xe5, 0xee, 0x3e, 0xa3, 0xa2, 0xeb, 0x3e, 0x14, 0x02, 0xea, 0x3e,
  0xc8, 0xc0, 0xe8, 0x3e, 0x72, 0x60, 0xe7, 0x3e, 0xf3, 0x99, 0xe3, 0x3e,
  0x2e, 0x86, 0xdc, 0x3e, 0xb2, 0x8b, 0xd0, 0x3e, 0x9c, 0x2b, 0xc0, 0x3e,
  0xaa, 0xc7, 0xab, 0x3e, 0xbc, 0xad, 0x95, 0x3e, 0xf2, 0xe9, 0x7e, 0x3e,
  0x0f, 0x17, 0x57, 0x3e, 0x7c, 0x4e, 0x35, 0x3e, 0xce, 0x2c, 0x1b, 0x3e,
  0xbb, 0x91, 0x06, 0x3e, 0xda, 0x7b, 0xec, 0x3d, 0x0b, 0x68, 0xcd, 0x3d,
  0x02, 0xe4, 0xad, 0x3d, 0xa2, 0x31, 0x8a, 0x3d, 0x51, 0x6b, 0x49, 0x3d,
  0x6a, 0x90, 0xf8, 0x3c, 0xa5, 0x38, 0x5e, 0x3c, 0x3f, 0x18, 0x95, 0xb8,
  0xfb, 0x05, 0x08, 0xbc, 0xbb, 0x63, 0x31, 0xbc, 0xb7, 0x2f, 0xe8, 0xbb,
  0xfa, 0x29, 0xb9, 0x3a, 0x96, 0x41, 0x54, 0x3c, 0xda, 0x2c, 0xc8, 0x3c,
  0xa6, 0x46, 0x07, 0x3d, 0x89, 0x15, 0x14, 0x3d, 0x71, 0x48, 0x05, 0x3d,
  0x2a, 0xc6, 0xb9, 0x3c, 0xfb, 0x05, 0x08, 0x3c, 0xe9, 0x0e, 0xf3, 0xbb,
  0x31, 0x5e, 0xb4, 0xbc, 0x01, 0x29, 0x08, 0xbd, 0xb2, 0xc7, 0x29, 0xbd,
  0xc2, 0x76, 0x43, 0xbd, 0xd9, 0x93, 0x63, 0xbd, 0x55, 0x36, 0x8a, 0xbd,
  0x0d, 0x31, 0xb1, 0xbd, 0x10, 0xa2, 0xe6, 0xbd, 0x8d, 0xc2, 0x14, 0xbe,
  0xd1, 0x38, 0x39, 0xbe, 0x11, 0xc1, 0x5d, 0xbe, 0x80, 0xed, 0x7d, 0xbe,
  0x65, 0x06, 0x8c, 0xbe, 0xf8, 0x1b, 0x95, 0xbe, 0xf6, 0xfc, 0x9a, 0xbe,
  0xd3, 0x1a, 0x9e, 0xbe, 0x3c, 0x44, 0xa0, 0xbe, 0x5c, 0x30, 0xa2, 0xbe,
  0x97, 0x6f, 0xa5, 0xbe, 0xed, 0xd3, 0xa9, 0xbe, 0x2c, 0xf2, 0xaf, 0xbe,
  0xe2, 0x71, 0xb6, 0xbe, 0x4f, 0x2a, 0xbd, 0xbe, 0x96, 0x40, 0xc2, 0xbe,
  0x95, 0xc6, 0xc5, 0xbe, 0x3d, 0x75, 0xc6, 0xbe, 0xce, 0x86, 0xc5, 0xbe,
  0x35, 0xdc, 0xc2, 0xbe, 0xfb, 0xde, 0xc0, 0xbe, 0xf1, 0x12, 0xc0, 0xbe,
  0x10, 0x05, 0xc3, 0xbe, 0x19, 0x93, 0xc9, 0xbe, 0xcd, 0x24, 0xd5, 0xbe,
  0x27, 0x19, 0xe4, 0xbe, 0xef, 0x6e, 0xf6, 0xbe, 0x95, 0xc7, 0x04, 0xbf,
  0x1b, 0x92, 0x0e, 0xbf, 0x43, 0x8b, 0x17, 0xbf, 0x73, 0x06, 0x20, 0xbf,
  0xb3, 0xa8, 0x27, 0xbf, 0xbb, 0x50, 0x2f, 0xbf, 0x99, 0xfd, 0x36, 0xbf,
  0x44, 0x70, 0x3f, 0xbf, 0x6d, 0x3c, 0x48, 0xbf, 0x29, 0x64, 0x51, 0xbf,
  0xc9, 0xcd, 0x59, 0xbf, 0x35, 0xf4, 0x60, 0xbf, 0xda, 0xab, 0x65, 0xbf,
  0x20, 0xba, 0x67, 0xbf, 0xaa, 0xa4, 0x66, 0xbf, 0x61, 0xfc, 0x62, 0xbf,
  0xfe, 0x09, 0x5d, 0xbf, 0x33, 0xd0, 0x55, 0xbf, 0x3a, 0xb4, 0x4d, 0xbf,
  0xdc, 0x78, 0x45, 0xbf, 0x53, 0x11, 0x3d, 0xbf, 0xe1, 0xb9, 0x34, 0xbf,
  0xa1, 0xed, 0x2b, 0xbf, 0x1e, 0xa0, 0x22, 0xbf, 0xcb, 0x3c, 0x18, 0xbf,
  0x95, 0xed, 0x0c, 0xbf, 0xc0, 0x7b, 0x00, 0xbf, 0xb2, 0x18, 0xe7, 0xbe,
  0x4c, 0xc0, 0xcc, 0xbe, 0x8c, 0xfa, 0xb3, 0xbe, 0x49, 0x88, 0x9d, 0xbe,
  0x47, 0x0b, 0x8b, 0xbe, 0x51, 0x58, 0x78, 0xbe, 0x2c, 0x1d, 0x62, 0xbe,
  0xd0, 0xae, 0x4f, 0xbe, 0xa8, 0x04, 0x3f, 0xbe, 0xf1, 0xb9, 0x2b, 0xbe,
  0x8d, 0xc2, 0x14, 0xbe, 0x5d, 0xdb, 0xf0, 0xbd, 0xb7, 0x90, 0xb1, 0xbd,
  0x59, 0x4f, 0x5c, 0xbd, 0xa2, 0x1c, 0xb6, 0xbc, 0xde, 0x70, 0xde, 0x3b,
  0x92, 0xcb, 0x01, 0x3d, 0xf1, 0x8a, 0x5b, 0x3d, 0x3e, 0x39, 0x96, 0x3d,
  0x6f, 0x43, 0xbf, 0x3d, 0xdb, 0x5c, 0xeb, 0x3d, 0x09, 0xd9, 0x0e, 0x3e,
  0xa5, 0xf6, 0x2a, 0x3e, 0xd0, 0xd6, 0x49, 0x3e, 0x24, 0xee, 0x69, 0x3e,
  0x68, 0xf2, 0x84, 0x3e, 0x61, 0xd7, 0x93, 0x3e, 0x82, 0xe1, 0xa0, 0x3e,
  0x55, 0x4e, 0xab, 0x3e, 0x8e, 0xc6, 0xb2, 0x3e, 0x98, 0x47, 0xb7, 0x3e,
  0x7f, 0x39, 0xb9, 0x3e, 0xaf, 0x65, 0xb9, 0x3e, 0xc9, 0x85, 0xb8, 0x3e,
  0x85, 0x5b, 0xb7, 0x3e, 0x72, 0xe7, 0xb5, 0x3e, 0x7c, 0x0e, 0xb4, 0x3e,
  0xbf, 0xc6, 0xb0, 0x3e, 0x2d, 0x7a, 0xab, 0x3e, 0x9a, 0x19, 0xa3, 0x3e,
  0xb5, 0xef, 0x97, 0x3e, 0xe6, 0x14, 0x8a, 0x3e, 0xd7, 0x8a, 0x76, 0x3e,
  0xe3, 0x04, 0x59, 0x3e, 0xb8, 0x0b, 0x40, 0x3e, 0xc8, 0xe5, 0x2c, 0x3e,
  0x4f, 0x66, 0x22, 0x3e, 0x53, 0x61, 0x1f, 0x3e, 0x9d, 0x4c, 0x24, 0x3e,
  0x01, 0xfa, 0x2d, 0x3e, 0xb4, 0x9f, 0x3b, 0x3e, 0xed, 0xab, 0x49, 0x3e,
  0x5f, 0xd6, 0x57, 0x3e, 0x38, 0xed, 0x63, 0x3e, 0x1e, 0x89, 0x6f, 0x3e,
  0x82, 0xa6, 0x7a, 0x3e, 0x62, 0x39, 0x84, 0x3e, 0x34, 0xd8, 0x8c, 0x3e,
  0x61, 0x4b, 0x98, 0x3e, 0x81, 0xe5, 0xa5, 0x3e, 0x93, 0x11, 0xb5, 0x3e,
  0x5c, 0x9f, 0xc3, 0x3e, 0x8f, 0xd5, 0xcf, 0x3e, 0xbb, 0x80, 0xd7, 0x3e,
  0x9c, 0xd0, 0xd9, 0x3e, 0xcb, 0x77, 0xd6, 0x3e, 0x90, 0xb6, 0xce, 0x3e,
  0x22, 0x0a, 0xc4, 0x3e, 0x77, 0x86, 0xb8, 0x3e, 0xf4, 0x81, 0xad, 0x3e,
  0xe9, 0xf8, 0xa3, 0x3e, 0x48, 0xb4, 0x9b, 0x3e, 0x21, 0x1f, 0x94, 0x3e,
  0x3b, 0xf0, 0x8b, 0x3e, 0x24, 0x47, 0x82, 0x3e, 0xa9, 0x7d, 0x6c, 0x3e,
  0x8f, 0xd5, 0x4f, 0x3e, 0xa8, 0x1f, 0x2f, 0x3e, 0x94, 0xf1, 0x0c, 0x3e,
  0x98, 0x36, 0xd7, 0x3d, 0x27, 0x03, 0x9d, 0x3d, 0x01, 0x36, 0x5e, 0x3d,
  0x4a, 0x6e, 0x22, 0x3d, 0x29, 0x4e, 0x04, 0x3d, 0x44, 0xdc, 0xfd, 0x3c,
  0xde, 0xdd, 0x04, 0x3d, 0xf9, 0x43, 0x0a, 0x3d, 0x94, 0x2b, 0x02, 0x3d,
  0xbc, 0x86, 0xce, 0x3c, 0xc7, 0x17, 0x65, 0x3c, 0x61, 0xf9, 0xfe, 0x06,
  0xc7, 0x17, 0x65, 0xbc, 0xbc, 0x86, 0xce, 0xbc, 0x94, 0x2b, 0x02, 0xbd,
  0xf9, 0x43, 0x0a, 0xbd, 0xde, 0xdd, 0x04, 0xbd, 0x44, 0xdc, 0xfd, 0xbc,
  0x29, 0x4e, 0x04, 0xbd, 0x4a, 0x6e, 0x22, 0xbd, 0x01, 0x36, 0x5e, 0xbd,
  0x27, 0x03, 0x9d, 0xbd, 0x98, 0x36, 0xd7, 0xbd, 0x94, 0xf1, 0x0c, 0xbe,
  0xa8, 0x1f, 0x2f, 0xbe, 0x8f, 0xd5, 0x4f, 0xbe, 0xa9, 0x7d, 0x6c, 0xbe,
  0x24, 0x47, 0x82, 0xbe, 0x3b, 0xf0, 0x8b, 0xbe, 0x21, 0x1f, 0x94, 0xbe,
  0x48, 0xb4, 0x9b, 0xbe, 0xe9, 0xf8, 0xa3, 0xbe, 0xf4, 0x81, 0xad, 0xbe,
  0x77, 0x86, 0xb8, 0xbe, 0x22, 0x0a, 0xc4, 0xbe, 0x90, 0xb6, 0xce, 0xbe,
  0xcb, 0x77, 0xd6, 0xbe, 0x9c, 0xd0, 0xd9, 0xbe, 0xbb, 0x80, 0xd7, 0xbe,
  0x8f, 0xd5, 0xcf, 0xbe, 0x5c, 0x9f, 0xc3, 0xbe, 0x93, 0x11, 0xb5, 0xbe,
  0x81, 0xe5, 0xa5, 0xbe, 0x61, 0x4b, 0x98, 0xbe, 0x34, 0xd8, 0x8c, 0xbe,
  0x62, 0x39, 0x84, 0xbe, 0x82, 0xa6, 0x7a, 0xbe, 0x1e, 0x89, 0x6f, 0xbe,
  0x38, 0xed, 0x63, 0xbe, 0x5f, 0xd6, 0x57, 0xbe, 0xed, 0xab, 0x49, 0xbe,
  0xb4, 0x9f, 0x3b, 0xbe, 0x01, 0xfa, 0x2d, 0xbe, 0x9d, 0x4c, 0x24, 0xbe,
  0x53, 0x61, 0x1f, 0xbe, 0x4f, 0x66, 0x22, 0xbe, 0xc8, 0xe5, 0x2c, 0xbe,
  0xb8, 0x0b, 0x40, 0xbe, 0xe3, 0x04, 0x59, 0xbe, 0xd7, 0x8a, 0x76, 0xbe,
  0xe6, 0x14, 0x8a, 0xbe, 0xb5, 0xef, 0x97, 0xbe, 0x9a, 0x19, 0xa3, 0xbe,
  0x2d, 0x7a, 0xab, 0xbe, 0xbf, 0xc6, 0xb0, 0xbe, 0x7c, 0x0e, 0xb4, 0xbe,
  0x72, 0xe7, 0xb5, 0xbe, 0x85, 0x5b, 0xb7, 0xbe, 0xc9, 0x85, 0xb8, 0xbe,
  0xaf, 0x65, 0xb9, 0xbe, 0x7f, 0x39, 0xb9, 0xbe, 0x98, 0x47, 0xb7, 0xbe,
  0x8e, 0xc6, 0xb2, 0xbe, 0x55, 0x4e, 0xab, 0xbe, 0x82, 0xe1, 0xa0, 0xbe,
  0x61, 0xd7, 0x93, 0xbe, 0x68, 0xf2, 0x84, 0xbe, 0x24, 0xee, 0x69, 0xbe,
  0xd0, 0xd6, 0x49, 0xbe, 0xa5, 0xf6, 0x2a, 0xbe, 0x09, 0xd9, 0x0e, 0xbe,
  0xdb, 0x5c, 0xeb, 0xbd, 0x6f, 0x43, 0xbf, 0xbd, 0x3e, 0x39, 0x96, 0xbd,
  0xf1, 0x8a, 0x5b, 0xbd, 0x92, 0xcb, 0x01, 0xbd, 0xde, 0x70, 0xde, 0xbb,
  0xa2, 0x1c, 0xb6, 0x3c, 0x59, 0x4f, 0x5c, 0x3d, 0xb7, 0x90, 0xb1, 0x3d,
  0x5d, 0xdb, 0xf0, 0x3d, 0x8d, 0xc2, 0x14, 0x3e, 0xf1, 0xb9, 0x2b, 0x3e,
  0xa8, 0x04, 0x3f, 0x3e, 0xd0, 0xae, 0x4f, 0x3e, 0x2c, 0x1d, 0x62, 0x3e,
  0x51, 0x58, 0x78, 0x3e, 0x47, 0x0b, 0x8b, 0x3e, 0x49, 0x88, 0x9d, 0x3e,
  0x8c, 0xfa, 0xb3, 0x3e, 0x4c, 0xc0, 0xcc, 0x3e, 0xb2, 0x18, 0xe7, 0x3e,
  0xc0, 0x7b, 0x00, 0x3f, 0x95, 0xed, 0x0c, 0x3f, 0xcb, 0x3c, 0x18, 0x3f,
  0x1e, 0xa0, 0x22, 0x3f, 0xa1, 0xed, 0x2b, 0x3f, 0xe1, 0xb9, 0x34, 0x3f,
  0x53, 0x11, 0x3d, 0x3f, 0xdc, 0x78, 0x45, 0x3f, 0x3a, 0xb4, 0x4d, 0x3f,
  0x33, 0xd0, 0x55, 0x3f, 0xfe, 0x09, 0x5d, 0x3f, 0x61, 0xfc, 0x62, 0x3f,
  0xaa, 0xa4, 0x66, 0x3f, 0x20, 0xba, 0x67, 0x3f, 0xda, 0xab, 0x65, 0x3f,
  0x35, 0xf4, 0x60, 0x3f, 0xc9, 0xcd, 0x59, 0x3f, 0x29, 0x64, 0x51, 0x3f,
  0x6d, 0x3c, 0x48, 0x3f, 0x44, 0x70, 0x3f, 0x3f, 0x99, 0xfd, 0x36, 0x3f,
  0xbb, 0x50, 0x2f, 0x3f, 0xb3, 0xa8, 0x27, 0x3f, 0x73, 0x06, 0x20, 0x3f,
  0x43, 0x8b, 0x17, 0x3f, 0x1b, 0x92, 0x0e, 0x3f, 0x95, 0xc7, 0x04, 0x3f,
  0xef, 0x6e, 0xf6, 0x3e, 0x27, 0x19, 0xe4, 0x3e, 0xcd, 0x24, 0xd5, 0x3e,
  0x19, 0x93, 0xc9, 0x3e, 0x10, 0x05, 0xc3, 0x3e, 0xf1, 0x12, 0xc0, 0x3e,
  0xfb, 0xde, 0xc0, 0x3e, 0x35, 0xdc, 0xc2, 0x3e, 0xce, 0x86, 0xc5, 0x3e,
  0x3d, 0x75, 0xc6, 0x3e, 0x95, 0xc6, 0xc5, 0x3e, 0x96, 0x40, 0xc2, 0x3e,
  0x4f, 0x2a, 0xbd, 0x3e, 0xe2, 0x71, 0xb6, 0x3e, 0x2c, 0xf2, 0xaf, 0x3e,
  0xed, 0xd3, 0xa9, 0x3e, 0x97, 0x6f, 0xa5, 0x3e, 0x5c, 0x30, 0xa2, 0x3e,
  0x3c, 0x44, 0xa0, 0x3e, 0xd3, 0x1a, 0x9e, 0x3e, 0xf6, 0xfc, 0x9a, 0x3e,
  0xf8, 0x1b, 0x95, 0x3e, 0x65, 0x06, 0x8c, 0x3e, 0x80, 0xed, 0x7d, 0x3e,
  0x11, 0xc1, 0x5d, 0x3e, 0xd1, 0x38, 0x39, 0x3e, 0x8d, 0xc2, 0x14, 0x3e,
  0x10, 0xa2, 0xe6, 0x3d, 0x0d, 0x31, 0xb1, 0x3d, 0x55, 0x36, 0x8a, 0x3d,
  0xd9, 0x93, 0x63, 0x3d, 0xc2, 0x76, 0x43, 0x3d, 0xb2, 0xc7, 0x29, 0x3d,
  0x01, 0x29, 0x08, 0x3d, 0x31, 0x5e, 0xb4, 0x3c, 0xe9, 0x0e, 0xf3, 0x3b,
  0xfb, 0x05, 0x08, 0xbc, 0x2a, 0xc6, 0xb9, 0xbc, 0x71, 0x48, 0x05, 0xbd,
  0x89, 0x15, 0x14, 0xbd, 0xa6, 0x46, 0x07, 0xbd, 0xda, 0x2c, 0xc8, 0xbc,
  0x96, 0x41, 0x54, 0xbc, 0xfa, 0x29, 0xb9, 0xba, 0xb7, 0x2f, 0xe8, 0x3b,
  0xbb, 0x63, 0x31, 0x3c, 0xfb, 0x05, 0x08, 0x3c, 0x3f, 0x18, 0x95, 0x38,
  0xa5, 0x38, 0x5e, 0xbc, 0x6a, 0x90, 0xf8, 0xbc, 0x51, 0x6b, 0x49, 0xbd,
  0xa2, 0x31, 0x8a, 0xbd, 0x02, 0xe4, 0xad, 0xbd, 0x0b, 0x68, 0xcd, 0xbd,
  0xda, 0x7b, 0xec, 0xbd, 0xbb, 0x91, 0x06, 0xbe, 0xce, 0x2c, 0x1b, 0xbe,
  0x7c, 0x4e, 0x35, 0xbe, 0x0f, 0x17, 0x57, 0xbe, 0xf2, 0xe9, 0x7e, 0xbe,
  0xbc, 0xad, 0x95, 0xbe, 0xaa, 0xc7, 0xab, 0xbe, 0x9c, 0x2b, 0xc0, 0xbe,
  0xb2, 0x8b, 0xd0, 0xbe, 0x2e, 0x86, 0xdc, 0xbe, 0xf3, 0x99, 0xe3, 0xbe,
  0x72, 0x60, 0xe7, 0xbe, 0xc8, 0xc0, 0xe8, 0xbe, 0x14, 0x02, 0xea, 0xbe,
  0xa3, 0xa2, 0xeb, 0xbe, 0xb2, 0xe5, 0xee, 0xbe, 0xb4, 0xc1, 0xf2, 0xbe,
  0x3a, 0x3a, 0xf7, 0xbe, 0x3f, 0x4d, 0xfa, 0xbe, 0x09, 0xe6, 0xfb, 0xbe,
  0x4e, 0x71, 0xfa, 0xbe, 0x5a, 0x16, 0xf7, 0xbe, 0xa3, 0x96, 0xf1, 0xbe,
  0xc9, 0x8f, 0xec, 0xbe, 0x1d, 0x93, 0xe8, 0xbe, 0x61, 0x8f, 0xe8, 0xbe,
  0x1b, 0x5c, 0xec, 0xbe, 0x9f, 0xab, 0xf5, 0xbe, 0xa5, 0x46, 0x01, 0xbf,
  0x92, 0x98, 0x09, 0xbf, 0xf6, 0x46, 0x12, 0xbf, 0xae, 0x4e, 0x1b, 0xbf,
  0x65, 0x6c, 0x23, 0xbf, 0x73, 0x2c, 0x2b, 0xbf, 0xa3, 0xe8, 0x31, 0xbf,
  0x55, 0xae, 0x38, 0xbf, 0x74, 0x18, 0x3f, 0xbf, 0x31, 0x36, 0x46, 0xbf,
  0x37, 0x77, 0x4d, 0xbf, 0x5b, 0xa2, 0x55, 0xbf, 0x68, 0xd9, 0x5d, 0xbf,
  0x2f, 0x8d, 0x66, 0xbf, 0x7d, 0x8b, 0x6e, 0xbf, 0x5d, 0xf5, 0x75, 0xbf,
  0x03, 0x69, 0x7b, 0xbf, 0x2e, 0x15, 0x7f, 0xbf, 0x00, 0x00, 0x80, 0xbf,
  0x2c, 0x17, 0x7f, 0xbf, 0xd0, 0x4b, 0x7c, 0xbf, 0x52, 0x5a, 0x79, 0xbf,
  0x91, 0x8b, 0x76, 0xbf, 0xee, 0x53, 0x75, 0xbf, 0x50, 0x19, 0x75, 0xbf,
  0x35, 0x21, 0x76, 0xbf, 0x94, 0xcc, 0x76, 0xbf, 0x88, 0xe2, 0x76, 0xbf,
  0xaf, 0x13, 0x75, 0xbf, 0xdb, 0x10, 0x72, 0xbf, 0x3c, 0xc0, 0x6d, 0xbf,
  0x50, 0xc0, 0x69, 0xbf, 0xf3, 0x5e, 0x66, 0xbf, 0xb3, 0xdc, 0x64, 0xbf,
  0x8a, 0xc5, 0x64, 0xbf, 0x6f, 0x45, 0x66, 0xbf, 0x5b, 0x3f, 0x68, 0xbf,
  0xb7, 0x6b, 0x6a, 0xbf, 0x94, 0xab, 0x6b, 0xbf, 0x19, 0x38, 0x6c, 0xbf,
  0x43, 0xff, 0x6a, 0xbf, 0x2a, 0xb0, 0x67, 0xbf, 0x7b, 0x98, 0x61, 0xbf,
  0xa5, 0xc6, 0x59, 0xbf, 0x84, 0x88, 0x4f, 0xbf, 0x2d, 0xe3, 0x42, 0xbf,
  0xb7, 0xf7, 0x34, 0xbf, 0x72, 0xf2, 0x28, 0xbf, 0x26, 0x97, 0x1d, 0xbf,
  0xa3, 0x34, 0x10, 0xbf, 0xd5, 0xa2, 0x00, 0xbf, 0xa6, 0xcb, 0xe3, 0xbe,
  0xfa, 0xf5, 0xbe, 0xbe, 0xfa, 0x91, 0x83, 0xbe, 0x6d, 0xb8, 0xde, 0xbd,
  0xec, 0xfa, 0x33, 0x22, 0x34, 0x59, 0xdd, 0x3d, 0x8b, 0xba, 0x84, 0x3e,
  0x91, 0x79, 0xc5, 0x3e, 0x19, 0xf1, 0xf3, 0x3e, 0x1c, 0xef, 0x0e, 0x3f,
  0x82, 0x02, 0x25, 0x3f, 0x7a, 0x24, 0x38, 0x3f, 0xa5, 0x87, 0x47, 0x3f,
  0x83, 0x5b, 0x55, 0x3f, 0x7b, 0xcd, 0x62, 0x3f, 0xce, 0x4a, 0x6d, 0x3f,
  0xee, 0x60, 0x74, 0x3f, 0x36, 0xe5, 0x78, 0x3f, 0x0f, 0x16, 0x7c, 0x3f,
  0x83, 0x78, 0x7d, 0x3f, 0x6c, 0xc9, 0x7d, 0x3f, 0xec, 0x5c, 0x7d, 0x3f,
  0xd3, 0xb3, 0x7c, 0x3f, 0x14, 0x1e, 0x7b, 0x3f, 0x44, 0xd9, 0x78, 0x3f,
  0x1c, 0xaa, 0x75, 0x3f, 0xc6, 0x1d, 0x72, 0x3f, 0x0e, 0x23, 0x6e, 0x3f,
  0x9e, 0x7e, 0x6a, 0x3f, 0x8d, 0xcf, 0x66, 0x3f, 0x2e, 0x99, 0x63, 0x3f,
  0x77, 0x02, 0x60, 0x3f, 0xd7, 0x75, 0x5c, 0x3f, 0xd6, 0x19, 0x58, 0x3f,
  0x1b, 0xb3, 0x53, 0x3f, 0xbe, 0xad, 0x4e, 0x3f, 0xb0, 0x18, 0x4a, 0x3f,
  0xa3, 0x5b, 0x45, 0x3f, 0xec, 0x67, 0x41, 0x3f, 0x03, 0x5a, 0x3d, 0x3f,
  0xb6, 0xee, 0x39, 0x3f, 0x6c, 0x26, 0x36, 0x3f, 0x5a, 0xd5, 0x32, 0x3f,
  0x73, 0x27, 0x2f, 0x3f, 0xdb, 0x21, 0x2c, 0x3f, 0xfb, 0x07, 0x29, 0x3f,
  0xd2, 0xdb, 0x26, 0x3f, 0x50, 0xc2, 0x24, 0x3f, 0x0a, 0x93, 0x23, 0x3f,
  0xc9, 0x50, 0x22, 0x3f, 0xb9, 0xc1, 0x21, 0x3f, 0xc4, 0xed, 0x20, 0x3f,
  0x20, 0xaa, 0x20, 0x3f, 0xd7, 0x19, 0x20, 0x3f, 0x51, 0x28, 0x20, 0x3f,
  0x39, 0x11, 0x20, 0x3f, 0x17, 0xc2, 0x20, 0x3f, 0xe2, 0x7c, 0x21, 0x3f,
  0x37, 0x1b, 0x23, 0x3f, 0x75, 0xd3, 0x24, 0x3f, 0xa4, 0x55, 0x27, 0x3f,
  0x62, 0xc4, 0x29, 0x3f, 0xa4, 0xb3, 0x2c, 0x3f, 0x23, 0x56, 0x2f, 0x3f,
  0x8f, 0x49, 0x32, 0x3f, 0xf1, 0xe6, 0x34, 0x3f, 0x7f, 0xd3, 0x37, 0x3f,
  0x45, 0x75, 0x3a, 0x3f, 0x72, 0x53, 0x3d, 0x3f, 0xb9, 0xb8, 0x3f, 0x3f,
  0xb5, 0xfb, 0x41, 0x3f, 0x2c, 0x59, 0x43, 0x3f, 0xe7, 0x26, 0x44, 0x3f,
  0xdb, 0xc5, 0x43, 0x3f, 0x75, 0xab, 0x42, 0x3f, 0xfb, 0x5d, 0x40, 0x3f,
  0x6c, 0x61, 0x3d, 0x3f, 0x3f, 0x44, 0x39, 0x3f, 0xbb, 0x82, 0x34, 0x3f,
  0xe4, 0xae, 0x2e, 0x3f, 0x45, 0x55, 0x28, 0x3f, 0x82, 0x27, 0x21, 0x3f,
  0xad, 0xd2, 0x19, 0x3f, 0xde, 0x17, 0x12, 0x3f, 0x57, 0xa2, 0x0a, 0x3f,
  0x47, 0x15, 0x03, 0x3f, 0x9a, 0xf3, 0xf7, 0x3e, 0x61, 0x9f, 0xe9, 0x3e,
  0xf0, 0x31, 0xdc, 0x3e, 0xdc, 0xb4, 0xce, 0x3e, 0x8f, 0x5f, 0xc2, 0x3e,
  0x69, 0x52, 0xb6, 0x3e, 0xf6, 0xd3, 0xab, 0x3e, 0x37, 0xd4, 0xa1, 0x3e,
  0xd6, 0x66, 0x99, 0x3e, 0xd4, 0x3f, 0x91, 0x3e, 0x6a, 0x70, 0x8a, 0x3e,
  0x28, 0xca, 0x83, 0x3e, 0xa4, 0x39, 0x7d, 0x3e, 0xd9, 0xd1, 0x73, 0x3e,
  0x49, 0x17, 0x6e, 0x3e, 0xce, 0xc3, 0x69, 0x3e, 0x2b, 0xf9, 0x68, 0x3e,
  0x57, 0xee, 0x68, 0x3e, 0x41, 0x70, 0x6b, 0x3e, 0x52, 0xf3, 0x6d, 0x3e,
  0x90, 0xa5, 0x72, 0x3e, 0xc5, 0xa5, 0x77, 0x3e, 0xd2, 0x68, 0x7f, 0x3e,
  0x2a, 0x16, 0x84, 0x3e, 0x97, 0xf4, 0x89, 0x3e, 0x7b, 0x34, 0x90, 0x3e,
  0x88, 0x87, 0x97, 0x3e, 0x36, 0xd1, 0x9e, 0x3e, 0xd4, 0xd1, 0xa6, 0x3e,
  0x73, 0xb5, 0xae, 0x3e, 0xad, 0x5b, 0xb7, 0x3e, 0x0e, 0x0a, 0xc0, 0x3e,
  0xf3, 0x64, 0xc9, 0x3e, 0xa3, 0x77, 0xd2, 0x3e, 0x32, 0x82, 0xdb, 0x3e,
  0xad, 0x7d, 0xe3, 0x3e, 0x8f, 0xa0, 0xea, 0x3e, 0x4d, 0x41, 0xf0, 0x3e,
  0xc5, 0xd0, 0xf4, 0x3e, 0xab, 0x18, 0xf8, 0x3e, 0x9b, 0x9a, 0xfa, 0x3e,
  0x3f, 0x48, 0xfc, 0x3e, 0x96, 0x55, 0xfd, 0x3e, 0x10, 0xa3, 0xfd, 0x3e,
  0xb1, 0x11, 0xfd, 0x3e, 0x06, 0x94, 0xfb, 0x3e, 0x3d, 0xe7, 0xf8, 0x3e,
  0x45, 0x2d, 0xf5, 0x3e, 0x89, 0x0e, 0xf0, 0x3e, 0xeb, 0xc1, 0xe9, 0x3e,
  0xe5, 0xb3, 0xe1, 0x3e, 0x67, 0xfe, 0xd7, 0x3e, 0x0a, 0xd0, 0xcb, 0x3e,
  0x69, 0x38, 0xbd, 0x3e, 0x22, 0x60, 0xab, 0x3e, 0x7c, 0x79, 0x96, 0x3e,
  0x2b, 0xca, 0x7b, 0x3e, 0x2d, 0x49, 0x44, 0x3e, 0x1a, 0xee, 0x05, 0x3e,
  0x33, 0xc2, 0x84, 0x3d, 0xd5, 0xb4, 0xc9, 0xbb, 0xc9, 0x48, 0xa4, 0xbd,
  0x13, 0xd4, 0x20, 0xbe, 0x8e, 0x51, 0x70, 0xbe, 0x56, 0x1c, 0xa0, 0xbe,
  0x08, 0x40, 0xc7, 0xbe, 0x8d, 0x5b, 0xed, 0xbe, 0xc6, 0xb3, 0x08, 0xbf,
  0xc3, 0x96, 0x19, 0xbf, 0x52, 0xdd, 0x28, 0xbf, 0xfb, 0x85, 0x36, 0xbf,
  0xe8, 0x3b, 0x42, 0xbf, 0xe8, 0x2d, 0x4c, 0xbf, 0xe7, 0x32, 0x54, 0xbf,
  0x86, 0xa4, 0x5a, 0xbf, 0x6e, 0x6d, 0x5f, 0xbf, 0x6b, 0xf7, 0x62, 0xbf,
  0xd6, 0x24, 0x65, 0xbf, 0x23, 0x68, 0x66, 0xbf, 0x83, 0x99, 0x66, 0xbf,
  0x31, 0x40, 0x66, 0xbf, 0xff, 0x2d, 0x65, 0xbf, 0x07, 0x03, 0x64, 0xbf,
  0xb5, 0x7b, 0x62, 0xbf, 0x0f, 0x3c, 0x61, 0xbf, 0x9a, 0xcf, 0x5f, 0xbf,
  0xf8, 0xce, 0x5e, 0xbf, 0x7f, 0x8f, 0x5d, 0xbf, 0xc6, 0xa7, 0x5c, 0xbf,
  0x91, 0x4e, 0x5b, 0xbf, 0xad, 0x36, 0x5a, 0xbf, 0x52, 0x94, 0x58, 0xbf,
  0xc8, 0x3f, 0x57, 0xbf, 0x35, 0x6d, 0x55, 0xbf, 0xfa, 0x0e, 0x54, 0xbf,
  0x61, 0x4d, 0x52, 0xbf, 0x12, 0x1e, 0x51, 0xbf, 0x54, 0x95, 0x4f, 0xbf,
  0xfc, 0xaa, 0x4e, 0xbf, 0x0c, 0x6c, 0x4d, 0xbf, 0xaa, 0xd7, 0x4c, 0xbf,
  0x73, 0xfa, 0x4b, 0xbf, 0x07, 0xde, 0x4b, 0xbf, 0xd4, 0x91, 0x4b, 0xbf,
  0xee, 0x1f, 0x4c, 0xbf, 0x39, 0x8c, 0x4c, 0xbf, 0x4c, 0xd3, 0x4d, 0xbf,
  0x8c, 0xf2, 0x4e, 0xbf, 0x28, 0xe2, 0x50, 0xbf, 0x9b, 0xa4, 0x52, 0xbf,
  0x90, 0x2a, 0x55, 0xbf, 0xde, 0x7c, 0x57, 0xbf, 0x93, 0x80, 0x5a, 0xbf,
  0xf8, 0x42, 0x5d, 0xbf, 0x4f, 0x90, 0x60, 0xbf, 0x6a, 0x7e, 0x63, 0xbf,
  0xfc, 0xcf, 0x66, 0xbf, 0xa0, 0xc0, 0x69, 0xbf, 0xa7, 0x13, 0x6d, 0xbf,
  0x21, 0x26, 0x70, 0xbf, 0x35, 0xa3, 0x73, 0xbf, 0x19, 0xe2, 0x76, 0xbf,
  0xbc, 0x46, 0x7a, 0xbf, 0x04, 0xff, 0x7c, 0xbf, 0xe9, 0x2c, 0x7f, 0xbf,
  0xbc, 0xfe, 0x7f, 0xbf, 0xbf, 0x9a, 0x7f, 0xbf, 0x00, 0x6e, 0x7d, 0xbf,
  0xe8, 0xd0, 0x79, 0xbf, 0x82, 0x6f, 0x74, 0xbf, 0x6a, 0xb5, 0x6d, 0xbf,
  0x56, 0x4f, 0x65, 0xbf, 0x30, 0x8a, 0x5b, 0xbf, 0x42, 0xf9, 0x4f, 0xbf,
  0x61, 0xe1, 0x42, 0xbf, 0xf2, 0xef, 0x33, 0xbf, 0x04, 0xa5, 0x23, 0xbf,
  0xef, 0xf5, 0x11, 0xbf, 0xd9, 0x54, 0xff, 0xbe, 0x71, 0xbb, 0xd9, 0xbe,
  0xa3, 0xc0, 0xb4, 0xbe, 0x2b, 0x52, 0x90, 0xbe, 0x34, 0x76, 0x5b, 0xbe,
  0x65, 0x09, 0x19, 0xbe, 0xb1, 0x4b, 0xb7, 0xbd, 0xe6, 0x9d, 0x08, 0xbd,
  0x1d, 0x8d, 0x88, 0x3c, 0xea, 0x1b, 0x7d, 0x3d, 0xc8, 0x83, 0xcc, 0x3d,
  0x1d, 0xce, 0x07, 0x3e, 0x7a, 0x63, 0x22, 0x3e, 0x4f, 0x83, 0x38, 0x3e,
  0x0f, 0x15, 0x49, 0x3e, 0xcc, 0x95, 0x56, 0x3e, 0xab, 0xa4, 0x5f, 0x3e,
  0x2b, 0x2f, 0x66, 0x3e, 0x56, 0x89, 0x68, 0x3e, 0x5c, 0x61, 0x68, 0x3e,
  0xe4, 0x6a, 0x64, 0x3e, 0x28, 0x91, 0x5e, 0x3e, 0x30, 0x30, 0x56, 0x3e,
  0x15, 0x3b, 0x4d, 0x3e, 0x3b, 0x3f, 0x43, 0x3e, 0xef, 0x86, 0x39, 0x3e,
  0xb3, 0x36, 0x2f, 0x3e, 0x56, 0xaf, 0x24, 0x3e, 0x09, 0xd7, 0x18, 0x3e,
  0x53, 0xaf, 0x0b, 0x3e, 0x41, 0xe3, 0xf8, 0x3d, 0x27, 0xa6, 0xd6, 0x3d,
  0x46, 0x5e, 0xb0, 0x3d, 0xcc, 0x16, 0x87, 0x3d, 0xf3, 0x9b, 0x36, 0x3d,
  0x9f, 0x37, 0xb8, 0x3c, 0x50, 0xaf, 0x9f, 0x87, 0x9f, 0x37, 0xb8, 0xbc,
  0xf3, 0x9b, 0x36, 0xbd, 0xcc, 0x16, 0x87, 0xbd, 0x46, 0x5e, 0xb0, 0xbd,
  0x27, 0xa6, 0xd6, 0xbd, 0x41, 0xe3, 0xf8, 0xbd, 0x53, 0xaf, 0x0b, 0xbe,
  0x09, 0xd7, 0x18, 0xbe, 0x56, 0xaf, 0x24, 0xbe, 0xb3, 0x36, 0x2f, 0xbe,
  0xef, 0x86, 0x39, 0xbe, 0x3b, 0x3f, 0x43, 0xbe, 0x15, 0x3b, 0x4d, 0xbe,
  0x30, 0x30, 0x56, 0xbe, 0x28, 0x91, 0x5e, 0xbe, 0xe4, 0x6a, 0x64, 0xbe,
  0x5c, 0x61, 0x68, 0xbe, 0x56, 0x89, 0x68, 0xbe, 0x2b, 0x2f, 0x66, 0xbe,
  0xab, 0xa4, 0x5f, 0xbe, 0xcc, 0x95, 0x56, 0xbe, 0x0f, 0x15, 0x49, 0xbe,
  0x4f, 0x83, 0x38, 0xbe, 0x7a, 0x63, 0x22, 0xbe, 0x1d, 0xce, 0x07, 0xbe,
  0xc8, 0x83, 0xcc, 0xbd, 0xea, 0x1b, 0x7d, 0xbd, 0x1d, 0x8d, 0x88, 0xbc,
  0xd6, 0x9d, 0x08, 0x3d, 0xb1, 0x4b, 0xb7, 0x3d, 0x6c, 0x09, 0x19, 0x3e,
  0x34, 0x76, 0x5b, 0x3e, 0x21, 0x52, 0x90, 0x3e, 0xa3, 0xc0, 0xb4, 0x3e,
  0x82, 0xbb, 0xd9, 0x3e, 0xd9, 0x54, 0xff, 0x3e, 0xe2, 0xf5, 0x11, 0x3f,
  0x04, 0xa5, 0x23, 0x3f, 0x09, 0xf0, 0x33, 0x3f, 0x61, 0xe1, 0x42, 0x3f,
  0x1e, 0xf9, 0x4f, 0x3f, 0x30, 0x8a, 0x5b, 0x3f, 0x8f, 0x4f, 0x65, 0x3f,
  0x6a, 0xb5, 0x6d, 0x3f, 0x1c, 0x6f, 0x74, 0x3f, 0xe8, 0xd0, 0x79, 0x3f,
  0x44, 0x6f, 0x7d, 0x3f, 0xbf, 0x9c, 0x7f, 0x3f, 0x00, 0x00, 0x80, 0x3f,
  0xe9, 0x2c, 0x7f, 0x3f, 0x9d, 0xfe, 0x7c, 0x3f, 0xbc, 0x46, 0x7a, 0x3f,
  0x52, 0xe2, 0x76, 0x3f, 0x35, 0xa3, 0x73, 0x3f, 0xfe, 0x25, 0x70, 0x3f,
  0xa7, 0x13, 0x6d, 0x3f, 0xb6, 0xc0, 0x69, 0x3f, 0xfc, 0xcf, 0x66, 0x3f,
  0x5b, 0x7e, 0x63, 0x3f, 0x4f, 0x90, 0x60, 0x3f, 0x00, 0x43, 0x5d, 0x3f,
  0x93, 0x80, 0x5a, 0x3f, 0xd9, 0x7c, 0x57, 0x3f, 0x90, 0x2a, 0x55, 0x3f,
  0x9d, 0xa4, 0x52, 0x3f, 0x28, 0xe2, 0x50, 0x3f, 0x8b, 0xf2, 0x4e, 0x3f,
  0x4c, 0xd3, 0x4d, 0x3f, 0x39, 0x8c, 0x4c, 0x3f, 0xee, 0x1f, 0x4c, 0x3f,
  0xd4, 0x91, 0x4b, 0x3f, 0x07, 0xde, 0x4b, 0x3f, 0x73, 0xfa, 0x4b, 0x3f,
  0xaa, 0xd7, 0x4c, 0x3f, 0x0c, 0x6c, 0x4d, 0x3f, 0xfc, 0xaa, 0x4e, 0x3f,
  0x54, 0x95, 0x4f, 0x3f, 0x12, 0x1e, 0x51, 0x3f, 0x61, 0x4d, 0x52, 0x3f,
  0xfa, 0x0e, 0x54, 0x3f, 0x35, 0x6d, 0x55, 0x3f, 0xc8, 0x3f, 0x57, 0x3f,
  0x52, 0x94, 0x58, 0x3f, 0xad, 0x36, 0x5a, 0x3f, 0x91, 0x4e, 0x5b, 0x3f,
  0xc6, 0xa7, 0x5c, 0x3f, 0x7f, 0x8f, 0x5d, 0x3f, 0xf8, 0xce, 0x5e, 0x3f,
  0x9a, 0xcf, 0x5f, 0x3f, 0x0f, 0x3c, 0x61, 0x3f, 0xb5, 0x7b, 0x62, 0x3f,
  0x07, 0x03, 0x64, 0x3f, 0xff, 0x2d, 0x65, 0x3f, 0x31, 0x40, 0x66, 0x3f,
  0x83, 0x99, 0x66, 0x3f, 0x23, 0x68, 0x66, 0x3f, 0xd6, 0x24, 0x65, 0x3f,
  0x6b, 0xf7, 0x62, 0x3f, 0x6e, 0x6d, 0x5f, 0x3f, 0x86, 0xa4, 0x5a, 0x3f,
  0xe7, 0x32, 0x54, 0x3f, 0xe8, 0x2d, 0x4c, 0x3f, 0xe8, 0x3b, 0x42, 0x3f,
  0xfb, 0x85, 0x36, 0x3f, 0x52, 0xdd, 0x28, 0x3f, 0xc3, 0x96, 0x19, 0x3f,
  0xc6, 0xb3, 0x08, 0x3f, 0x8d, 0x5b, 0xed, 0x3e, 0x08, 0x40, 0xc7, 0x3e,
  0x56, 0x1c, 0xa0, 0x3e, 0x8e, 0x51, 0x70, 0x3e, 0x13, 0xd4, 0x20, 0x3e,
  0xc9, 0x48, 0xa4, 0x3d, 0xd5, 0xb4, 0xc9, 0x3b, 0x33, 0xc2, 0x84, 0xbd,
  0x1a, 0xee, 0x05, 0xbe, 0x2d, 0x49, 0x44, 0xbe, 0x2b, 0xca, 0x7b, 0xbe,
  0x7c, 0x79, 0x96, 0xbe, 0x22, 0x60, 0xab, 0xbe, 0x69, 0x38, 0xbd, 0xbe,
  0x0a, 0xd0, 0xcb, 0xbe, 0x67, 0xfe, 0xd7, 0xbe, 0xe5, 0xb3, 0xe1, 0xbe,
  0xeb, 0xc1, 0xe9, 0xbe, 0x89, 0x0e, 0xf0, 0xbe, 0x45, 0x2d, 0xf5, 0xbe,
  0x3d, 0xe7, 0xf8, 0xbe, 0x06, 0x94, 0xfb, 0xbe, 0xb1, 0x11, 0xfd, 0xbe,
  0x10, 0xa3, 0xfd, 0xbe, 0x96, 0x55, 0xfd, 0xbe, 0x3f, 0x48, 0xfc, 0xbe,
  0x9b, 0x9a, 0xfa, 0xbe, 0xab, 0x18, 0xf8, 0xbe, 0xc5, 0xd0, 0xf4, 0xbe,
  0x4d, 0x41, 0xf0, 0xbe, 0x8f, 0xa0, 0xea, 0xbe, 0xad, 0x7d, 0xe3, 0xbe,
  0x32, 0x82, 0xdb, 0xbe, 0xa3, 0x77, 0xd2, 0xbe, 0xf3, 0x64, 0xc9, 0xbe,
  0x0e, 0x0a, 0xc0, 0xbe, 0xad, 0x5b, 0xb7, 0xbe, 0x73, 0xb5, 0xae, 0xbe,
  0xd4, 0xd1, 0xa6, 0xbe, 0x36, 0xd1, 0x9e, 0xbe, 0x88, 0x87, 0x97, 0xbe,
  0x7b, 0x34, 0x90, 0xbe, 0x97, 0xf4, 0x89, 0xbe, 0x2a, 0x16, 0x84, 0xbe,
  0xd2, 0x68, 0x7f, 0xbe, 0xc5, 0xa5, 0x77, 0xbe, 0x90, 0xa5, 0x72, 0xbe,
  0x52, 0xf3, 0x6d, 0xbe, 0x41, 0x70, 0x6b, 0xbe, 0x57, 0xee, 0x68, 0xbe,
  0x2b, 0xf9, 0x68, 0xbe, 0xce, 0xc3, 0x69, 0xbe, 0x49, 0x17, 0x6e, 0xbe,
  0xd9, 0xd1, 0x73, 0xbe, 0xa4, 0x39, 0x7d, 0xbe, 0x28, 0xca, 0x83, 0xbe,
  0x6a, 0x70, 0x8a, 0xbe, 0xd4, 0x3f, 0x91, 0xbe, 0xd6, 0x66, 0x99, 0xbe,
  0x37, 0xd4, 0xa1, 0xbe, 0xf6, 0xd3, 0xab, 0xbe, 0x69, 0x52, 0xb6, 0xbe,
  0x8f, 0x5f, 0xc2, 0xbe, 0xdc, 0xb4, 0xce, 0xbe, 0xf0, 0x31, 0xdc, 0xbe,
  0x61, 0x9f, 0xe9, 0xbe, 0x9a, 0xf3, 0xf7, 0xbe, 0x47, 0x15, 0x03, 0xbf,
  0x57, 0xa2, 0x0a, 0xbf, 0xde, 0x17, 0x12, 0xbf, 0xad, 0xd2, 0x19, 0xbf,
  0x82, 0x27, 0x21, 0xbf, 0x45, 0x55, 0x28, 0xbf, 0xe4, 0xae, 0x2e, 0xbf,
  0xbb, 0x82, 0x34, 0xbf, 0x3f, 0x44, 0x39, 0xbf, 0x6c, 0x61, 0x3d, 0xbf,
  0xfb, 0x5d, 0x40, 0xbf, 0x75, 0xab, 0x42, 0xbf, 0xdb, 0xc5, 0x43, 0xbf,
  0xe7, 0x26, 0x44, 0xbf, 0x2c, 0x59, 0x43, 0xbf, 0xb5, 0xfb, 0x41, 0xbf,
  0xb9, 0xb8, 0x3f, 0xbf, 0x72, 0x53, 0x3d, 0xbf, 0x45, 0x75, 0x3a, 0xbf,
  0x7f, 0xd3, 0x37, 0xbf, 0xf1, 0xe6, 0x34, 0xbf, 0x8f, 0x49, 0x32, 0xbf,
  0x23, 0x56, 0x2f, 0xbf, 0xa4, 0xb3, 0x2c, 0xbf, 0x62, 0xc4, 0x29, 0xbf,
  0xa4, 0x55, 0x27, 0xbf, 0x75, 0xd3, 0x24, 0xbf, 0x37, 0x1b, 0x23, 0xbf,
  0xe2, 0x7c, 0x21, 0xbf, 0x17, 0xc2, 0x20, 0xbf, 0x39, 0x11, 0x20, 0xbf,
  0x51, 0x28, 0x20, 0xbf, 0xd7, 0x19, 0x20, 0xbf, 0x20, 0xaa, 0x20, 0xbf,
  0xc4, 0xed, 0x20, 0xbf, 0xb9, 0xc1, 0x21, 0xbf, 0xc9, 0x50, 0x22, 0xbf,
  0x0a, 0x93, 0x23, 0xbf, 0x50, 0xc2, 0x24, 0xbf, 0xd2, 0xdb, 0x26, 0xbf,
  0xfb, 0x07, 0x29, 0xbf, 0xdb, 0x21, 0x2c, 0xbf, 0x73, 0x27, 0x2f, 0xbf,
  0x5a, 0xd5, 0x32, 0xbf, 0x6c, 0x26, 0x36, 0xbf, 0xb6, 0xee, 0x39, 0xbf,
  0x03, 0x5a, 0x3d, 0xbf, 0xec, 0x67, 0x41, 0xbf, 0xa3, 0x5b, 0x45, 0xbf,
  0xb0, 0x18, 0x4a, 0xbf, 0xbe, 0xad, 0x4e, 0xbf, 0x1b, 0xb3, 0x53, 0xbf,
  0xd6, 0x19, 0x58, 0xbf, 0xd7, 0x75, 0x5c, 0xbf, 0x77, 0x02, 0x60, 0xbf,
  0x2e, 0x99, 0x63, 0xbf, 0x8d, 0xcf, 0x66, 0xbf, 0x9e, 0x7e, 0x6a, 0xbf,
  0x0e, 0x23, 0x6e, 0xbf, 0xc6, 0x1d, 0x72, 0xbf, 0x1c, 0xaa, 0x75, 0xbf,
  0x44, 0xd9, 0x78, 0xbf, 0x14, 0x1e, 0x7b, 0xbf, 0xd3, 0xb3, 0x7c, 0xbf,
  0xec, 0x5c, 0x7d, 0xbf, 0x6c, 0xc9, 0x7d, 0xbf, 0x83, 0x78, 0x7d, 0xbf,
  0x0f, 0x16, 0x7c, 0xbf, 0x36, 0xe5, 0x78, 0xbf, 0xee, 0x60, 0x74, 0xbf,
  0xce, 0x4a, 0x6d, 0xbf, 0x7b, 0xcd, 0x62, 0xbf, 0x83, 0x5b, 0x55, 0xbf,
  0xa5, 0x87, 0x47, 0xbf, 0x7a, 0x24, 0x38, 0xbf, 0x82, 0x02, 0x25, 0xbf,
  0x1c, 0xef, 0x0e, 0xbf, 0x19, 0xf1, 0xf3, 0xbe, 0x91, 0x79, 0xc5, 0xbe,
  0x8b, 0xba, 0x84, 0xbe, 0x34, 0x59, 0xdd, 0xbd, 0x0f, 0x3b, 0x46, 0x22,
  0x5f, 0x7f, 0xed, 0x3d, 0xa9, 0x63, 0x8e, 0x3e, 0x76, 0x4e, 0xd4, 0x3e,
  0x57, 0x64, 0x03, 0x3f, 0x5f, 0x62, 0x1a, 0x3f, 0x39, 0x6f, 0x32, 0x3f,
  0xec, 0x36, 0x47, 0x3f, 0x06, 0x70, 0x57, 0x3f, 0xc6, 0x74, 0x65, 0x3f,
  0xf0, 0x2a, 0x72, 0x3f, 0x57, 0xfa, 0x7a, 0x3f, 0xa8, 0x32, 0x7f, 0x3f,
  0x00, 0x00, 0x80, 0x3f, 0x26, 0x93, 0x7e, 0x3f, 0x72, 0xaa, 0x7a, 0x3f,
  0xcd, 0xe0, 0x74, 0x3f, 0x51, 0xc9, 0x6d, 0x3f, 0xad, 0xd2, 0x65, 0x3f,
  0x51, 0x95, 0x5c, 0x3f, 0x06, 0x5e, 0x52, 0x3f, 0xcd, 0x4f, 0x47, 0x3f,
  0x9d, 0x13, 0x3c, 0x3f, 0x05, 0xdf, 0x30, 0x3f, 0xa6, 0x7c, 0x26, 0x3f,
  0xe7, 0xac, 0x1c, 0x3f, 0x42, 0xf7, 0x13, 0x3f, 0xa9, 0xab, 0x0b, 0x3f,
  0x97, 0x57, 0x04, 0x3f, 0xe4, 0x9e, 0xfa, 0x3e, 0x89, 0xdf, 0xee, 0x3e,
  0x32, 0x3e, 0xe4, 0x3e, 0xf6, 0x95, 0xdc, 0x3e, 0x71, 0x3d, 0xd6, 0x3e,
  0xcc, 0xa9, 0xd2, 0x3e, 0x44, 0xc9, 0xcf, 0x3e, 0xa3, 0x10, 0xcf, 0x3e,
  0x0f, 0xbf, 0xce, 0x3e, 0x59, 0xb3, 0xd0, 0x3e, 0xc8, 0x76, 0xd3, 0x3e,
  0x01, 0xbd, 0xd8, 0x3e, 0x67, 0xad, 0xde, 0x3e, 0x3f, 0x5e, 0xe6, 0x3e,
  0xc0, 0xb3, 0xed, 0x3e, 0x2a, 0xae, 0xf5, 0x3e, 0x39, 0xae, 0xfc, 0x3e,
  0x5f, 0x15, 0x02, 0x3f, 0xf6, 0x86, 0x05, 0x3f, 0x97, 0x69, 0x09, 0x3f,
  0xd1, 0x1b, 0x0d, 0x3f, 0x84, 0x1b, 0x11, 0x3f, 0x49, 0xa2, 0x14, 0x3f,
  0x00, 0x1a, 0x18, 0x3f, 0xe5, 0xde, 0x1a, 0x3f, 0xb5, 0x89, 0x1d, 0x3f,
  0xf4, 0xaa, 0x1f, 0x3f, 0x44, 0xe6, 0x21, 0x3f, 0xe5, 0xb1, 0x23, 0x3f,
  0x71, 0x7b, 0x25, 0x3f, 0xf4, 0x8b, 0x26, 0x3f, 0x05, 0x48, 0x27, 0x3f,
  0x2e, 0x18, 0x27, 0x3f, 0x89, 0xa0, 0x26, 0x3f, 0xa0, 0x85, 0x25, 0x3f,
  0x27, 0x94, 0x24, 0x3f, 0xec, 0x6b, 0x23, 0x3f, 0xa0, 0xb5, 0x22, 0x3f,
  0xc2, 0xd9, 0x21, 0x3f, 0xb5, 0x56, 0x21, 0x3f, 0xf8, 0x83, 0x20, 0x3f,
  0xd4, 0xeb, 0x1f, 0x3f, 0x0e, 0x00, 0x1f, 0x3f, 0x08, 0x65, 0x1e, 0x3f,
  0xb0, 0x9a, 0x1d, 0x3f, 0xed, 0x43, 0x1d, 0x3f, 0x78, 0xd9, 0x1c, 0x3f,
  0x2f, 0xf0, 0x1c, 0x3f, 0x47, 0xf8, 0x1c, 0x3f, 0xc5, 0x75, 0x1d, 0x3f,
  0xed, 0xc9, 0x1d, 0x3f, 0x0e, 0x5d, 0x1e, 0x3f, 0xbd, 0x78, 0x1e, 0x3f,
  0x00, 0x6f, 0x1e, 0x3f, 0x0c, 0x93, 0x1d, 0x3f, 0xa9, 0x54, 0x1c, 0x3f,
  0x07, 0x3f, 0x1a, 0x3f, 0x23, 0xee, 0x17, 0x3f, 0x0a, 0x0d, 0x15, 0x3f,
  0xa7, 0x32, 0x12, 0x3f, 0x4d, 0xeb, 0x0e, 0x3f, 0xdb, 0x9b, 0x0b, 0x3f,
  0xf9, 0xae, 0x07, 0x3f, 0x3c, 0x86, 0x03, 0x3f, 0x65, 0x57, 0xfd, 0x3e,
  0x01, 0x58, 0xf3, 0x3e, 0x2f, 0x77, 0xe8, 0x3e, 0xe0, 0xf8, 0xdd, 0x3e,
  0xb5, 0x3b, 0xd3, 0x3e, 0x38, 0x41, 0xc9, 0x3e, 0x1d, 0x21, 0xbf, 0x3e,
  0xa0, 0xb8, 0xb5, 0x3e, 0x0f, 0x38, 0xac, 0x3e, 0xda, 0xb2, 0xa3, 0x3e,
  0x81, 0x92, 0x9b, 0x3e, 0x77, 0xfa, 0x94, 0x3e, 0x13, 0x38, 0x8f, 0x3e,
  0x3e, 0x1e, 0x8b, 0x3e, 0xc2, 0xa8, 0x87, 0x3e, 0xc2, 0x62, 0x85, 0x3e,
  0x6f, 0x37, 0x83, 0x3e, 0xa5, 0xbd, 0x81, 0x3e, 0xae, 0x15, 0x80, 0x3e,
  0x9e, 0xf7, 0x7d, 0x3e, 0xd1, 0x52, 0x7b, 0x3e, 0x2a, 0x7b, 0x79, 0x3e,
  0x97, 0xbd, 0x76, 0x3e, 0x6c, 0x17, 0x74, 0x3e, 0x4e, 0x09, 0x70, 0x3e,
  0x1a, 0x9e, 0x6b, 0x3e, 0xc9, 0xcc, 0x65, 0x3e, 0x7e, 0xb7, 0x5f, 0x3e,
  0x23, 0xc4, 0x58, 0x3e, 0x5d, 0xf2, 0x51, 0x3e, 0x9a, 0xed, 0x4a, 0x3e,
  0x02, 0x75, 0x44, 0x3e, 0x66, 0x88, 0x3e, 0x3e, 0x87, 0xa5, 0x39, 0x3e,
  0x62, 0xf7, 0x35, 0x3e, 0x77, 0x62, 0x33, 0x3e, 0x40, 0xd2, 0x31, 0x3e,
  0xda, 0x5c, 0x30, 0x3e, 0xbb, 0xba, 0x2e, 0x3e, 0xa0, 0x98, 0x2b, 0x3e,
  0xf0, 0xe4, 0x26, 0x3e, 0x56, 0x4a, 0x1f, 0x3e, 0xac, 0x08, 0x15, 0x3e,
  0xaa, 0xc5, 0x06, 0x3e, 0xeb, 0xa6, 0xe9, 0x3d, 0x21, 0x6c, 0xbb, 0x3d,
  0x24, 0xcc, 0x83, 0x3d, 0x56, 0xda, 0x00, 0x3d, 0x53, 0xc2, 0xc8, 0xbb,
  0xe6, 0x61, 0x48, 0xbd, 0x38, 0x2b, 0xc3, 0xbd, 0x98, 0xd2, 0x14, 0xbe,
  0x4f, 0xf9, 0x49, 0xbe, 0x95, 0x8a, 0x80, 0xbe, 0x05, 0x2e, 0x9c, 0xbe,
  0xf7, 0xd2, 0xb7, 0xbe, 0x9a, 0x72, 0xd2, 0xbe, 0xf5, 0xcd, 0xeb, 0xbe,
  0x28, 0x70, 0x01, 0xbf, 0xb8, 0xc7, 0x0b, 0xbf, 0xd0, 0x9b, 0x14, 0xbf,
  0xda, 0x16, 0x1c, 0xbf, 0x66, 0x1d, 0x22, 0xbf, 0x43, 0xf8, 0x26, 0xbf,
  0xa5, 0x8d, 0x2a, 0xbf, 0x71, 0x15, 0x2d, 0xbf, 0x8b, 0x59, 0x2e, 0xbf,
  0x4b, 0x8a, 0x2e, 0xbf, 0x1a, 0x75, 0x2d, 0xbf, 0xbb, 0x72, 0x2b, 0xbf,
  0x4a, 0x70, 0x28, 0xbf, 0xda, 0xf5, 0x24, 0xbf, 0x1a, 0xf2, 0x20, 0xbf,
  0x2b, 0xf4, 0x1c, 0xbf, 0xa3, 0xbd, 0x18, 0xbf, 0x98, 0xce, 0x14, 0xbf,
  0x08, 0xbc, 0x10, 0xbf, 0xb3, 0x12, 0x0d, 0xbf, 0x18, 0x5c, 0x09, 0xbf,
  0x0f, 0x48, 0x06, 0xbf, 0x19, 0x56, 0x03, 0xbf, 0x04, 0x44, 0x01, 0xbf,
  0x5c, 0xd7, 0xfe, 0xbe, 0x68, 0xfc, 0xfc, 0xbe, 0x5b, 0x52, 0xfb, 0xbe,
  0xcf, 0x35, 0xfb, 0xbe, 0x89, 0xe6, 0xfa, 0xbe, 0x33, 0xf9, 0xfb, 0xbe,
  0x91, 0xcf, 0xfc, 0xbe, 0x95, 0x4a, 0xff, 0xbe, 0xee, 0xf7, 0x00, 0xbf,
  0x5b, 0x5e, 0x03, 0xbf, 0x96, 0x0f, 0x06, 0xbf, 0x2e, 0xed, 0x09, 0xbf,
  0xce, 0x07, 0x0e, 0xbf, 0xf3, 0x17, 0x13, 0xbf, 0xc0, 0x20, 0x18, 0xbf,
  0x77, 0xd7, 0x1d, 0xbf, 0xee, 0x64, 0x23, 0xbf, 0x31, 0x9a, 0x29, 0xbf,
  0x27, 0xd2, 0x2f, 0xbf, 0xb8, 0xdf, 0x36, 0xbf, 0x27, 0x1e, 0x3e, 0xbf,
  0xae, 0x21, 0x46, 0xbf, 0x2d, 0x1a, 0x4e, 0xbf, 0xe5, 0x56, 0x56, 0xbf,
  0xce, 0x02, 0x5e, 0xbf, 0x04, 0x65, 0x65, 0xbf, 0x3e, 0xdc, 0x6b, 0xbf,
  0x41, 0xc3, 0x71, 0xbf, 0xad, 0x9e, 0x76, 0xbf, 0x36, 0xb2, 0x7a, 0xbf,
  0x60, 0x72, 0x7d, 0xbf, 0xdc, 0xf0, 0x7e, 0xbf, 0xf4, 0x97, 0x7e, 0xbf,
  0xcb, 0x7c, 0x7c, 0xbf, 0x75, 0x3f, 0x78, 0xbf, 0xe6, 0x36, 0x72, 0xbf,
  0x2a, 0x46, 0x6a, 0xbf, 0x8c, 0xea, 0x60, 0xbf, 0x7e, 0x07, 0x56, 0xbf,
  0x9d, 0x04, 0x4a, 0xbf, 0xc5, 0xa3, 0x3c, 0xbf, 0x83, 0x44, 0x2e, 0xbf,
  0x7b, 0xb0, 0x1e, 0xbf, 0x9b, 0x75, 0x0e, 0xbf, 0x09, 0x05, 0xfb, 0xbe,
  0xaf, 0x24, 0xd9, 0xbe, 0xe7, 0x2e, 0xb7, 0xbe, 0x2d, 0x99, 0x96, 0xbe,
  0x91, 0x12, 0x6e, 0xbe, 0x3d, 0xaa, 0x33, 0xbe, 0xc7, 0xf3, 0xf9, 0xbd,
  0xf8, 0x66, 0x99, 0xbd, 0xf3, 0x4f, 0x06, 0xbd, 0x06, 0x95, 0x07, 0x3b,
  0xc5, 0xee, 0x01, 0x3d, 0xee, 0x6e, 0x60, 0x3d, 0x7b, 0x94, 0x97, 0x3d,
  0x31, 0x01, 0xb5, 0x3d, 0xed, 0x77, 0xcd, 0x3d, 0x01, 0xd1, 0xdd, 0x3d,
  0xf0, 0x5d, 0xe9, 0x3d, 0x45, 0xa5, 0xec, 0x3d, 0xec, 0x66, 0xeb, 0x3d,
  0xfa, 0x2b, 0xe4, 0x3d, 0x52, 0x1d, 0xdc, 0x3d, 0x85, 0x09, 0xd3, 0x3d,
  0x4f, 0xdf, 0xcc, 0x3d, 0x73, 0xb2, 0xc7, 0x3d, 0xf8, 0x15, 0xc4, 0x3d,
  0xb8, 0x79, 0xbe, 0x3d, 0xcb, 0x81, 0xb6, 0x3d, 0x74, 0x89, 0xaa, 0x3d,
  0xcb, 0x77, 0x9c, 0x3d, 0x50, 0x90, 0x8d, 0x3d, 0x6d, 0x5b, 0x80, 0x3d,
  0x12, 0x67, 0x6a, 0x3d, 0x56, 0xc0, 0x56, 0x3d, 0x4d, 0x48, 0x40, 0x3d,
  0x68, 0x6b, 0x21, 0x3d, 0x99, 0x45, 0xec, 0x3c, 0x7b, 0x38, 0x7b, 0x3c,
  0xda, 0x14, 0x7f, 0x86, 0x7b, 0x38, 0x7b, 0xbc, 0x99, 0x45, 0xec, 0xbc,
  0x68, 0x6b, 0x21, 0xbd, 0x4d, 0x48, 0x40, 0xbd, 0x56, 0xc0, 0x56, 0xbd,
  0x12, 0x67, 0x6a, 0xbd, 0x6d, 0x5b, 0x80, 0xbd, 0x50, 0x90, 0x8d, 0xbd,
  0xcb, 0x77, 0x9c, 0xbd, 0x74, 0x89, 0xaa, 0xbd, 0xcb, 0x81, 0xb6, 0xbd,
  0xb8, 0x79, 0xbe, 0xbd, 0xf8, 0x15, 0xc4, 0xbd, 0x73, 0xb2, 0xc7, 0xbd,
  0x4f, 0xdf, 0xcc, 0xbd, 0x85, 0x09, 0xd3, 0xbd, 0x52, 0x1d, 0xdc, 0xbd,
  0xfa, 0x2b, 0xe4, 0xbd, 0xec, 0x66, 0xeb, 0xbd, 0x45, 0xa5, 0xec, 0xbd,
  0xf0, 0x5d, 0xe9, 0xbd, 0x01, 0xd1, 0xdd, 0xbd, 0xed, 0x77, 0xcd, 0xbd,
  0x31, 0x01, 0xb5, 0xbd, 0x7b, 0x94, 0x97, 0xbd, 0xee, 0x6e, 0x60, 0xbd,
  0xc5, 0xee, 0x01, 0xbd, 0x06, 0x95, 0x07, 0xbb, 0xf3, 0x4f, 0x06, 0x3d,
  0xf8, 0x66, 0x99, 0x3d, 0xc7, 0xf3, 0xf9, 0x3d, 0x3d, 0xaa, 0x33, 0x3e,
  0x91, 0x12, 0x6e, 0x3e, 0x2d, 0x99, 0x96, 0x3e, 0xe7, 0x2e, 0xb7, 0x3e,
  0xaf, 0x24, 0xd9, 0x3e, 0x09, 0x05, 0xfb, 0x3e, 0x9b, 0x75, 0x0e, 0x3f,
  0x7b, 0xb0, 0x1e, 0x3f, 0x83, 0x44, 0x2e, 0x3f, 0xc5, 0xa3, 0x3c, 0x3f,
  0x9d, 0x04, 0x4a, 0x3f, 0x7e, 0x07, 0x56, 0x3f, 0x8c, 0xea, 0x60, 0x3f,
  0x2a, 0x46, 0x6a, 0x3f, 0xe6, 0x36, 0x72, 0x3f, 0x75, 0x3f, 0x78, 0x3f,
  0xcb, 0x7c, 0x7c, 0x3f, 0xf4, 0x97, 0x7e, 0x3f, 0xdc, 0xf0, 0x7e, 0x3f,
  0x60, 0x72, 0x7d, 0x3f, 0x36, 0xb2, 0x7a, 0x3f, 0xad, 0x9e, 0x76, 0x3f,
  0x41, 0xc3, 0x71, 0x3f, 0x3e, 0xdc, 0x6b, 0x3f, 0x04, 0x65, 0x65, 0x3f,
  0xce, 0x02, 0x5e, 0x3f, 0xe5, 0x56, 0x56, 0x3f, 0x2d, 0x1a, 0x4e, 0x3f,
  0xae, 0x21, 0x46, 0x3f, 0x27, 0x1e, 0x3e, 0x3f, 0xb8, 0xdf, 0x36, 0x3f,
  0x27, 0xd2, 0x2f, 0x3f, 0x31, 0x9a, 0x29, 0x3f, 0xee, 0x64, 0x23, 0x3f,
  0x77, 0xd7, 0x1d, 0x3f, 0xc0, 0x20, 0x18, 0x3f, 0xf3, 0x17, 0x13, 0x3f,
  0xce, 0x07, 0x0e, 0x3f, 0x2e, 0xed, 0x09, 0x3f, 0x96, 0x0f, 0x06, 0x3f,
  0x5b, 0x5e, 0x03, 0x3f, 0xee, 0xf7, 0x00, 0x3f, 0x95, 0x4a, 0xff, 0x3e,
  0x91, 0xcf, 0xfc, 0x3e, 0x33, 0xf9, 0xfb, 0x3e, 0x89, 0xe6, 0xfa, 0x3e,
  0xcf, 0x35, 0xfb, 0x3e, 0x5b, 0x52, 0xfb, 0x3e, 0x68, 0xfc, 0xfc, 0x3e,
  0x5c, 0xd7, 0xfe, 0x3e, 0x04, 0x44, 0x01, 0x3f, 0x19, 0x56, 0x03, 0x3f,
  0x0f, 0x48, 0x06, 0x3f, 0x18, 0x5c, 0x09, 0x3f, 0xb3, 0x12, 0x0d, 0x3f,
  0x08, 0xbc, 0x10, 0x3f, 0x98, 0xce, 0x14, 0x3f, 0xa3, 0xbd, 0x18, 0x3f,
  0x2b, 0xf4, 0x1c, 0x3f, 0x1a, 0xf2, 0x20, 0x3f, 0xda, 0xf5, 0x24, 0x3f,
  0x4a, 0x70, 0x28, 0x3f, 0xbb, 0x72, 0x2b, 0x3f, 0x1a, 0x75, 0x2d, 0x3f,
  0x4b, 0x8a, 0x2e, 0x3f, 0x8b, 0x59, 0x2e, 0x3f, 0x71, 0x15, 0x2d, 0x3f,
  0xa5, 0x8d, 0x2a, 0x3f, 0x43, 0xf8, 0x26, 0x3f, 0x66, 0x1d, 0x22, 0x3f,
  0xda, 0x16, 0x1c, 0x3f, 0xd0, 0x9b, 0x14, 0x3f, 0xb8, 0xc7, 0x0b, 0x3f,
  0x28, 0x70, 0x01, 0x3f, 0xf5, 0xcd, 0xeb, 0x3e, 0x9a, 0x72, 0xd2, 0x3e,
  0xf7, 0xd2, 0xb7, 0x3e, 0x05, 0x2e, 0x9c, 0x3e, 0x95, 0x8a, 0x80, 0x3e,
  0x4f, 0xf9, 0x49, 0x3e, 0x98, 0xd2, 0x14, 0x3e, 0x38, 0x2b, 0xc3, 0x3d,
  0xe6, 0x61, 0x48, 0x3d, 0x53, 0xc2, 0xc8, 0x3b, 0x56, 0xda, 0x00, 0xbd,
  0x24, 0xcc, 0x83, 0xbd, 0x21, 0x6c, 0xbb, 0xbd, 0xeb, 0xa6, 0xe9, 0xbd,
  0xaa, 0xc5, 0x06, 0xbe, 0xac, 0x08, 0x15, 0xbe, 0x56, 0x4a, 0x1f, 0xbe,
  0xf0, 0xe4, 0x26, 0xbe, 0xa0, 0x98, 0x2b, 0xbe, 0xbb, 0xba, 0x2e, 0xbe,
  0xda, 0x5c, 0x30, 0xbe, 0x40, 0xd2, 0x31, 0xbe, 0x77, 0x62, 0x33, 0xbe,
  0x62, 0xf7, 0x35, 0xbe, 0x87, 0xa5, 0x39, 0xbe, 0x66, 0x88, 0x3e, 0xbe,
  0x02, 0x75, 0x44, 0xbe, 0x9a, 0xed, 0x4a, 0xbe, 0x5d, 0xf2, 0x51, 0xbe,
  0x23, 0xc4, 0x58, 0xbe, 0x7e, 0xb7, 0x5f, 0xbe, 0xc9, 0xcc, 0x65, 0xbe,
  0x1a, 0x9e, 0x6b, 0xbe, 0x4e, 0x09, 0x70, 0xbe, 0x6c, 0x17, 0x74, 0xbe,
  0x97, 0xbd, 0x76, 0xbe, 0x2a, 0x7b, 0x79, 0xbe, 0xd1, 0x52, 0x7b, 0xbe,
  0x9e, 0xf7, 0x7d, 0xbe, 0xae, 0x15, 0x80, 0xbe, 0xa5, 0xbd, 0x81, 0xbe,
  0x6f, 0x37, 0x83, 0xbe, 0xc2, 0x62, 0x85, 0xbe, 0xc2, 0xa8, 0x87, 0xbe,
  0x3e, 0x1e, 0x8b, 0xbe, 0x13, 0x38, 0x8f, 0xbe, 0x77, 0xfa, 0x94, 0xbe,
  0x81, 0x92, 0x9b, 0xbe, 0xda, 0xb2, 0xa3, 0xbe, 0x0f, 0x38, 0xac, 0xbe,
  0xa0, 0xb8, 0xb5, 0xbe, 0x1d, 0x21, 0xbf, 0xbe, 0x38, 0x41, 0xc9, 0xbe,
  0xb5, 0x3b, 0xd3, 0xbe, 0xe0, 0xf8, 0xdd, 0xbe, 0x2f, 0x77, 0xe8, 0xbe,
  0x01, 0x58, 0xf3, 0xbe, 0x65, 0x57, 0xfd, 0xbe, 0x3c, 0x86, 0x03, 0xbf,
  0xf9, 0xae, 0x07, 0xbf, 0xdb, 0x9b, 0x0b, 0xbf, 0x4d, 0xeb, 0x0e, 0xbf,
  0xa7, 0x32, 0x12, 0xbf, 0x0a, 0x0d, 0x15, 0xbf, 0x23, 0xee, 0x17, 0xbf,
  0x07, 0x3f, 0x1a, 0xbf, 0xa9, 0x54, 0x1c, 0xbf, 0x0c, 0x93, 0x1d, 0xbf,
  0x00, 0x6f, 0x1e, 0xbf, 0xbd, 0x78, 0x1e, 0xbf, 0x0e, 0x5d, 0x1e, 0xbf,
  0xed, 0xc9, 0x1d, 0xbf, 0xc5, 0x75, 0x1d, 0xbf, 0x47, 0xf8, 0x1c, 0xbf,
  0x2f, 0xf0, 0x1c, 0xbf, 0x78, 0xd9, 0x1c, 0xbf, 0xed, 0x43, 0x1d, 0xbf,
  0xb0, 0x9a, 0x1d, 0xbf, 0x08, 0x65, 0x1e, 0xbf, 0x0e, 0x00, 0x1f, 0xbf,
  0xd4, 0xeb, 0x1f, 0xbf, 0xf8, 0x83, 0x20, 0xbf, 0xb5, 0x56, 0x21, 0xbf,
  0xc2, 0xd9, 0x21, 0xbf, 0xa0, 0xb5, 0x22, 0xbf, 0xec, 0x6b, 0x23, 0xbf,
  0x27, 0x94, 0x24, 0xbf, 0xa0, 0x85, 0x25, 0xbf, 0x89, 0xa0, 0x26, 0xbf,
  0x2e, 0x18, 0x27, 0xbf, 0x05, 0x48, 0x27, 0xbf, 0xf4, 0x8b, 0x26, 0xbf,
  0x71, 0x7b, 0x25, 0xbf, 0xe5, 0xb1, 0x23, 0xbf, 0x44, 0xe6, 0x21, 0xbf,
  0xf4, 0xaa, 0x1f, 0xbf, 0xb5, 0x89, 0x1d, 0xbf, 0xe5, 0xde, 0x1a, 0xbf,
  0x00, 0x1a, 0x18, 0xbf, 0x49, 0xa2, 0x14, 0xbf, 0x84, 0x1b, 0x11, 0xbf,
  0xd1, 0x1b, 0x0d, 0xbf, 0x97, 0x69, 0x09, 0xbf, 0xf6, 0x86, 0x05, 0xbf,
  0x5f, 0x15, 0x02, 0xbf, 0x39, 0xae, 0xfc, 0xbe, 0x2a, 0xae, 0xf5, 0xbe,
  0xc0, 0xb3, 0xed, 0xbe, 0x3f, 0x5e, 0xe6, 0xbe, 0x67, 0xad, 0xde, 0xbe,
  0x01, 0xbd, 0xd8, 0xbe, 0xc8, 0x76, 0xd3, 0xbe, 0x59, 0xb3, 0xd0, 0xbe,
  0x0f, 0xbf, 0xce, 0xbe, 0xa3, 0x10, 0xcf, 0xbe, 0x44, 0xc9, 0xcf, 0xbe,
  0xcc, 0xa9, 0xd2, 0xbe, 0x71, 0x3d, 0xd6, 0xbe, 0xf6, 0x95, 0xdc, 0xbe,
  0x32, 0x3e, 0xe4, 0xbe, 0x89, 0xdf, 0xee, 0xbe, 0xe1, 0x9e, 0xfa, 0xbe,
  0x97, 0x57, 0x04, 0xbf, 0xae, 0xab, 0x0b, 0xbf, 0x42, 0xf7, 0x13, 0xbf,
  0xdf, 0xac, 0x1c, 0xbf, 0xa6, 0x7c, 0x26, 0xbf, 0x12, 0xdf, 0x30, 0xbf,
  0x9d, 0x13, 0x3c, 0xbf, 0xb7, 0x4f, 0x47, 0xbf, 0x06, 0x5e, 0x52, 0xbf,
  0x74, 0x95, 0x5c, 0xbf, 0xad, 0xd2, 0x65, 0xbf, 0x1a, 0xc9, 0x6d, 0xbf,
  0xcd, 0xe0, 0x74, 0xbf, 0xd9, 0xaa, 0x7a, 0xbf, 0x26, 0x93, 0x7e, 0xbf,
  0xbc, 0xfe, 0x7f, 0xbf, 0xaa, 0x30, 0x7f, 0xbf, 0x15, 0xf9, 0x7a, 0xbf,
  0xf0, 0x2a, 0x72, 0xbf, 0x2f, 0x75, 0x65, 0xbf, 0x06, 0x70, 0x57, 0xbf,
  0xb3, 0x36, 0x47, 0xbf, 0x39, 0x6f, 0x32, 0xbf, 0x82, 0x62, 0x1a, 0xbf,
  0x57, 0x64, 0x03, 0xbf, 0x4a, 0x4e, 0xd4, 0xbe, 0xa9, 0x63, 0x8e, 0xbe,
  0xcb, 0x7f, 0xed, 0xbd, 0xea, 0xee, 0x60, 0x22, 0xf9, 0x2c, 0x04, 0x3e,
  0x76, 0xba, 0x9d, 0x3e, 0x21, 0x7e, 0xe9, 0x3e, 0x3b, 0xea, 0x0e, 0x3f,
  0x8b, 0xd7, 0x25, 0x3f, 0xf5, 0x4a, 0x3d, 0x3f, 0x2e, 0xca, 0x50, 0x3f,
  0x7c, 0x15, 0x5f, 0x3f, 0x6f, 0x2d, 0x6b, 0x3f, 0xd8, 0x2b, 0x76, 0x3f,
  0x65, 0x61, 0x7d, 0x3f, 0x00, 0x00, 0x80, 0x3f, 0xee, 0x6c, 0x7f, 0x3f,
  0xf3, 0xdf, 0x7c, 0x3f, 0x36, 0x0a, 0x78, 0x3f, 0xc6, 0x69, 0x71, 0x3f,
  0x79, 0x7d, 0x69, 0x3f, 0x83, 0x79, 0x60, 0x3f, 0xdd, 0xaf, 0x55, 0x3f,
  0x25, 0x3b, 0x49, 0x3f, 0x57, 0x2d, 0x3b, 0x3f, 0xb1, 0x48, 0x2c, 0x3f,
  0xd2, 0xfa, 0x1c, 0x3f, 0x39, 0x70, 0x0e, 0x3f, 0x20, 0xc2, 0x00, 0x3f,
  0xa6, 0xc3, 0xe9, 0x3e, 0x4c, 0xb2, 0xd4, 0x3e, 0x0f, 0xe3, 0xc3, 0x3e,
  0x22, 0x08, 0xb6, 0x3e, 0xb5, 0xee, 0xac, 0x3e, 0xc0, 0x1b, 0xa7, 0x3e,
  0x98, 0x26, 0xa6, 0x3e, 0x27, 0xdc, 0xa7, 0x3e, 0xb4, 0x22, 0xad, 0x3e,
  0x18, 0x52, 0xb3, 0x3e, 0xed, 0x46, 0xbb, 0x3e, 0x91, 0xec, 0xc2, 0x3e,
  0x2f, 0xbf, 0xcb, 0x3e, 0x61, 0x6d, 0xd4, 0x3e, 0x79, 0x97, 0xde, 0x3e,
  0x3c, 0xeb, 0xe8, 0x3e, 0xd1, 0x6f, 0xf4, 0x3e, 0xf9, 0xa0, 0xff, 0x3e,
  0x17, 0x9c, 0x05, 0x3f, 0x04, 0x0a, 0x0b, 0x3f, 0x43, 0x80, 0x10, 0x3f,
  0xd1, 0x94, 0x15, 0x3f, 0x6a, 0x7e, 0x1a, 0x3f, 0x5e, 0xa2, 0x1e, 0x3f,
  0x87, 0xd6, 0x21, 0x3f, 0x11, 0x5c, 0x23, 0x3f, 0x8d, 0x12, 0x23, 0x3f,
  0x43, 0x9d, 0x20, 0x3f, 0x72, 0x5e, 0x1c, 0x3f, 0x3b, 0x78, 0x16, 0x3f,
  0x3f, 0x9e, 0x0f, 0x3f, 0xc0, 0xe9, 0x07, 0x3f, 0xff, 0xab, 0xff, 0x3e,
  0x76, 0x31, 0xee, 0x3e, 0x6f, 0x07, 0xdc, 0x3e, 0x15, 0x84, 0xc8, 0x3e,
  0xd4, 0xd6, 0xb4, 0x3e, 0x0d, 0xc9, 0xa0, 0x3e, 0x39, 0x16, 0x8e, 0x3e,
  0xc6, 0xeb, 0x78, 0x3e, 0x6c, 0xc3, 0x5a, 0x3e, 0x2b, 0xb2, 0x3f, 0x3e,
  0xa9, 0xb2, 0x29, 0x3e, 0x61, 0x1a, 0x16, 0x3e, 0x1f, 0x52, 0x07, 0x3e,
  0x90, 0xed, 0xf6, 0x3d, 0xb1, 0xf3, 0xeb, 0x3d, 0x19, 0xda, 0xea, 0x3d,
  0xe6, 0x33, 0xfa, 0x3d, 0x6e, 0xc8, 0x0a, 0x3e, 0x83, 0x92, 0x20, 0x3e,
  0x6e, 0x42, 0x3b, 0x3e, 0x71, 0x0b, 0x5c, 0x3e, 0x49, 0x80, 0x7f, 0x3e,
  0x4d, 0x42, 0x93, 0x3e, 0xb1, 0xe0, 0xa6, 0x3e, 0xea, 0xd2, 0xba, 0x3e,
  0x41, 0x6b, 0xcd, 0x3e, 0x7b, 0xb7, 0xde, 0x3e, 0xaf, 0x50, 0xed, 0x3e,
  0xe5, 0x83, 0xf9, 0x3e, 0x7b, 0x4d, 0x01, 0x3f, 0x12, 0xb6, 0x04, 0x3f,
  0x8e, 0xf0, 0x06, 0x3f, 0x23, 0x80, 0x08, 0x3f, 0x9f, 0x60, 0x09, 0x3f,
  0x27, 0xf2, 0x09, 0x3f, 0x94, 0x0c, 0x0a, 0x3f, 0x28, 0xe0, 0x09, 0x3f,
  0x0d, 0x23, 0x09, 0x3f, 0x21, 0xf0, 0x07, 0x3f, 0xd3, 0xf6, 0x05, 0x3f,
  0x0e, 0x5c, 0x03, 0x3f, 0x2e, 0xb6, 0xff, 0x3e, 0xdc, 0x6f, 0xf7, 0x3e,
  0x2a, 0x90, 0xed, 0x3e, 0x8c, 0xfb, 0xe2, 0x3e, 0xaf, 0x8f, 0xd7, 0x3e,
  0x33, 0x73, 0xcc, 0x3e, 0x04, 0x72, 0xc1, 0x3e, 0xdf, 0xa6, 0xb7, 0x3e,
  0xe1, 0x86, 0xae, 0x3e, 0x9d, 0xfe, 0xa6, 0x3e, 0x21, 0x3a, 0xa0, 0x3e,
  0x6e, 0x16, 0x9b, 0x3e, 0x9d, 0x9c, 0x96, 0x3e, 0x50, 0x9e, 0x93, 0x3e,
  0x5b, 0xfb, 0x90, 0x3e, 0x3e, 0x5e, 0x8f, 0x3e, 0x86, 0x76, 0x8d, 0x3e,
  0x31, 0xd2, 0x8b, 0x3e, 0x5f, 0x3b, 0x89, 0x3e, 0x1b, 0x8a, 0x86, 0x3e,
  0x53, 0x16, 0x83, 0x3e, 0x01, 0x32, 0x80, 0x3e, 0x2b, 0x50, 0x7b, 0x3e,
  0xe6, 0xab, 0x79, 0x3e, 0xf1, 0xd9, 0x7a, 0x3e, 0x01, 0x46, 0x80, 0x3e,
  0xa4, 0x9d, 0x84, 0x3e, 0x29, 0xae, 0x8a, 0x3e, 0x6f, 0x7d, 0x91, 0x3e,
  0x64, 0x0a, 0x99, 0x3e, 0x9f, 0x79, 0xa0, 0x3e, 0x9f, 0xaa, 0xa7, 0x3e,
  0xf7, 0xd0, 0xad, 0x3e, 0xca, 0x9a, 0xb2, 0x3e, 0xa3, 0x4b, 0xb5, 0x3e,
  0xd7, 0x8e, 0xb5, 0x3e, 0xc2, 0x12, 0xb3, 0x3e, 0xb9, 0xfe, 0xad, 0x3e,
  0x2e, 0xba, 0xa6, 0x3e, 0x77, 0xe2, 0x9d, 0x3e, 0x1a, 0x23, 0x94, 0x3e,
  0x28, 0xea, 0x89, 0x3e, 0x53, 0xd9, 0x7e, 0x3e, 0xa1, 0xd3, 0x68, 0x3e,
  0xc2, 0x11, 0x51, 0x3e, 0xdc, 0x92, 0x36, 0x3e, 0x5e, 0xda, 0x18, 0x3e,
  0xb8, 0x53, 0xef, 0x3d, 0x76, 0xd2, 0xa6, 0x3d, 0xcc, 0x02, 0x33, 0x3d,
  0x0c, 0x3d, 0x8f, 0x3b, 0x4a, 0xc2, 0x12, 0xbd, 0xf7, 0x6c, 0x9c, 0xbd,
  0xb7, 0xa3, 0xee, 0xbd, 0x37, 0x40, 0x1f, 0xbe, 0x15, 0xb3, 0x44, 0xbe,
  0x87, 0x89, 0x66, 0xbe, 0x06, 0xaa, 0x81, 0xbe, 0xeb, 0x2b, 0x8d, 0xbe,
  0x55, 0x8a, 0x95, 0xbe, 0x17, 0xfb, 0x9a, 0xbe, 0x78, 0xda, 0x9d, 0xbe,
  0x64, 0xac, 0x9e, 0xbe, 0x76, 0xfa, 0x9d, 0xbe, 0x0e, 0x28, 0x9c, 0xbe,
  0x66, 0xb6, 0x99, 0xbe, 0x6d, 0xdd, 0x96, 0xbe, 0x50, 0x26, 0x94, 0xbe,
  0xbb, 0xa3, 0x91, 0xbe, 0x40, 0xde, 0x8f, 0xbe, 0x4d, 0x8d, 0x8e, 0xbe,
  0x37, 0xf6, 0x8d, 0xbe, 0x26, 0x53, 0x8d, 0xbe, 0x33, 0xd6, 0x8c, 0xbe,
  0xcd, 0xb5, 0x8b, 0xbe, 0x2c, 0x9e, 0x8a, 0xbe, 0x9b, 0x2e, 0x89, 0xbe,
  0x22, 0xaa, 0x88, 0xbe, 0xaa, 0xcd, 0x88, 0xbe, 0x2b, 0xd2, 0x8a, 0xbe,
  0x9d, 0xf1, 0x8d, 0xbe, 0x4d, 0xfa, 0x92, 0xbe, 0x69, 0xba, 0x98, 0xbe,
  0x81, 0xea, 0x9f, 0xbe, 0x78, 0x6b, 0xa7, 0xbe, 0xc1, 0x2a, 0xb0, 0xbe,
  0xea, 0x29, 0xb9, 0xbe, 0x0e, 0x37, 0xc3, 0xbe, 0xa9, 0x0f, 0xcd, 0xbe,
  0x5c, 0x1b, 0xd7, 0xbe, 0x82, 0x01, 0xe0, 0xbe, 0xa2, 0x43, 0xe8, 0xbe,
  0x38, 0x1a, 0xef, 0xbe, 0xd6, 0x8f, 0xf5, 0xbe, 0xfc, 0x78, 0xfb, 0xbe,
  0x04, 0x02, 0x01, 0xbf, 0x40, 0x77, 0x04, 0xbf, 0x22, 0x66, 0x08, 0xbf,
  0xe4, 0x66, 0x0c, 0xbf, 0x42, 0x76, 0x10, 0xbf, 0x68, 0x1b, 0x14, 0xbf,
  0x5e, 0x4c, 0x17, 0xbf, 0x11, 0xae, 0x19, 0xbf, 0x6e, 0x3a, 0x1b, 0xbf,
  0xb8, 0xa0, 0x1b, 0xbf, 0x6c, 0xca, 0x1a, 0xbf, 0xb8, 0x67, 0x18, 0xbf,
  0x52, 0x6a, 0x14, 0xbf, 0xbc, 0xb4, 0x0e, 0xbf, 0x1e, 0x84, 0x07, 0xbf,
  0xff, 0x16, 0xfe, 0xbe, 0xad, 0x87, 0xeb, 0xbe, 0x34, 0xdc, 0xd7, 0xbe,
  0x0f, 0xe3, 0xc3, 0xbe, 0xd9, 0xa9, 0xaf, 0xbe, 0x6f, 0x82, 0x9b, 0xbe,
  0xa8, 0x01, 0x87, 0xbe, 0x92, 0x9b, 0x64, 0xbe, 0x16, 0xe1, 0x39, 0xbe,
  0x39, 0x72, 0x0e, 0xbe, 0x58, 0x3c, 0xc3, 0xbd, 0x48, 0x03, 0x52, 0xbd,
  0xaa, 0x2b, 0xda, 0xbb, 0x5c, 0xc2, 0x16, 0x3d, 0x1b, 0x68, 0xa1, 0x3d,
  0xba, 0xa3, 0xef, 0x3d, 0xed, 0x77, 0x1a, 0x3e, 0xd9, 0x7a, 0x36, 0x3e,
  0xe7, 0x30, 0x4c, 0x3e, 0x68, 0xb3, 0x5a, 0x3e, 0x98, 0xad, 0x63, 0x3e,
  0x9e, 0x4b, 0x67, 0x3e, 0xcd, 0xa4, 0x67, 0x3e, 0x96, 0xdb, 0x64, 0x3e,
  0x9d, 0x63, 0x60, 0x3e, 0x6a, 0xeb, 0x59, 0x3e, 0x43, 0x94, 0x52, 0x3e,
  0x2a, 0x63, 0x4a, 0x3e, 0xac, 0xcd, 0x42, 0x3e, 0xf3, 0x32, 0x3c, 0x3e,
  0xc8, 0xb0, 0x37, 0x3e, 0xd6, 0xf2, 0x34, 0x3e, 0xaf, 0xaa, 0x33, 0x3e,
  0xca, 0x42, 0x32, 0x3e, 0xa1, 0x64, 0x2f, 0x3e, 0xa6, 0x9a, 0x29, 0x3e,
  0x00, 0x58, 0x20, 0x3e, 0x4f, 0xba, 0x13, 0x3e, 0x66, 0xac, 0x04, 0x3e,
  0xa5, 0x13, 0xe9, 0x3d, 0x5a, 0x0b, 0xc9, 0x3d, 0xac, 0xf2, 0xaa, 0x3d,
  0x47, 0xcb, 0x8e, 0x3d, 0x9f, 0xe3, 0x67, 0x3d, 0x36, 0xc1, 0x31, 0x3d,
  0xcd, 0xc3, 0xf2, 0x3c, 0xcd, 0xf0, 0x76, 0x3c, 0x1b, 0xe2, 0xff, 0x06,
  0xcd, 0xf0, 0x76, 0xbc, 0xcd, 0xc3, 0xf2, 0xbc, 0x36, 0xc1, 0x31, 0xbd,
  0x9f, 0xe3, 0x67, 0xbd, 0x47, 0xcb, 0x8e, 0xbd, 0xac, 0xf2, 0xaa, 0xbd,
  0x5a, 0x0b, 0xc9, 0xbd, 0xa5, 0x13, 0xe9, 0xbd, 0x66, 0xac, 0x04, 0xbe,
  0x4f, 0xba, 0x13, 0xbe, 0x00, 0x58, 0x20, 0xbe, 0xa6, 0x9a, 0x29, 0xbe,
  0xa1, 0x64, 0x2f, 0xbe, 0xca, 0x42, 0x32, 0xbe, 0xaf, 0xaa, 0x33, 0xbe,
  0xd6, 0xf2, 0x34, 0xbe, 0xc8, 0xb0, 0x37, 0xbe, 0xf3, 0x32, 0x3c, 0xbe,
  0xac, 0xcd, 0x42, 0xbe, 0x2a, 0x63, 0x4a, 0xbe, 0x43, 0x94, 0x52, 0xbe,
  0x6a, 0xeb, 0x59, 0xbe, 0x9d, 0x63, 0x60, 0xbe, 0x96, 0xdb, 0x64, 0xbe,
  0xcd, 0xa4, 0x67, 0xbe, 0x9e, 0x4b, 0x67, 0xbe, 0x98, 0xad, 0x63, 0xbe,
  0x68, 0xb3, 0x5a, 0xbe, 0xe7, 0x30, 0x4c, 0xbe, 0xd9, 0x7a, 0x36, 0xbe,
  0xed, 0x77, 0x1a, 0xbe, 0xba, 0xa3, 0xef, 0xbd, 0x1b, 0x68, 0xa1, 0xbd,
  0x5c, 0xc2, 0x16, 0xbd, 0xaa, 0x2b, 0xda, 0x3b, 0x48, 0x03, 0x52, 0x3d,
  0x58, 0x3c, 0xc3, 0x3d, 0x39, 0x72, 0x0e, 0x3e, 0x16, 0xe1, 0x39, 0x3e,
  0x92, 0x9b, 0x64, 0x3e, 0xa8, 0x01, 0x87, 0x3e, 0x6f, 0x82, 0x9b, 0x3e,
  0xd9, 0xa9, 0xaf, 0x3e, 0x0f, 0xe3, 0xc3, 0x3e, 0x34, 0xdc, 0xd7, 0x3e,
  0xad, 0x87, 0xeb, 0x3e, 0xff, 0x16, 0xfe, 0x3e, 0x1e, 0x84, 0x07, 0x3f,
  0xbc, 0xb4, 0x0e, 0x3f, 0x52, 0x6a, 0x14, 0x3f, 0xb8, 0x67, 0x18, 0x3f,
  0x6c, 0xca, 0x1a, 0x3f, 0xb8, 0xa0, 0x1b, 0x3f, 0x6e, 0x3a, 0x1b, 0x3f,
  0x11, 0xae, 0x19, 0x3f, 0x5e, 0x4c, 0x17, 0x3f, 0x68, 0x1b, 0x14, 0x3f,
  0x42, 0x76, 0x10, 0x3f, 0xe4, 0x66, 0x0c, 0x3f, 0x22, 0x66, 0x08, 0x3f,
  0x40, 0x77, 0x04, 0x3f, 0x04, 0x02, 0x01, 0x3f, 0xfc, 0x78, 0xfb, 0x3e,
  0xd6, 0x8f, 0xf5, 0x3e, 0x38, 0x1a, 0xef, 0x3e, 0xa2, 0x43, 0xe8, 0x3e,
  0x82, 0x01, 0xe0, 0x3e, 0x5c, 0x1b, 0xd7, 0x3e, 0xa9, 0x0f, 0xcd, 0x3e,
  0x0e, 0x37, 0xc3, 0x3e, 0xea, 0x29, 0xb9, 0x3e, 0xc1, 0x2a, 0xb0, 0x3e,
  0x78, 0x6b, 0xa7, 0x3e, 0x81, 0xea, 0x9f, 0x3e, 0x69, 0xba, 0x98, 0x3e,
  0x4d, 0xfa, 0x92, 0x3e, 0x9d, 0xf1, 0x8d, 0x3e, 0x2b, 0xd2, 0x8a, 0x3e,
  0xaa, 0xcd, 0x88, 0x3e, 0x22, 0xaa, 0x88, 0x3e, 0x9b, 0x2e, 0x89, 0x3e,
  0x2c, 0x9e, 0x8a, 0x3e, 0xcd, 0xb5, 0x8b, 0x3e, 0x33, 0xd6, 0x8c, 0x3e,
  0x26, 0x53, 0x8d, 0x3e, 0x37, 0xf6, 0x8d, 0x3e, 0x4d, 0x8d, 0x8e, 0x3e,
  0x40, 0xde, 0x8f, 0x3e, 0xbb, 0xa3, 0x91, 0x3e, 0x50, 0x26, 0x94, 0x3e,
  0x6d, 0xdd, 0x96, 0x3e, 0x66, 0xb6, 0x99, 0x3e, 0x0e, 0x28, 0x9c, 0x3e,
  0x76, 0xfa, 0x9d, 0x3e, 0x64, 0xac, 0x9e, 0x3e, 0x78, 0xda, 0x9d, 0x3e,
  0x17, 0xfb, 0x9a, 0x3e, 0x55, 0x8a, 0x95, 0x3e, 0xeb, 0x2b, 0x8d, 0x3e,
  0x06, 0xaa, 0x81, 0x3e, 0x87, 0x89, 0x66, 0x3e, 0x15, 0xb3, 0x44, 0x3e,
  0x37, 0x40, 0x1f, 0x3e, 0xb7, 0xa3, 0xee, 0x3d, 0xf7, 0x6c, 0x9c, 0x3d,
  0x4a, 0xc2, 0x12, 0x3d, 0x0c, 0x3d, 0x8f, 0xbb, 0xcc, 0x02, 0x33, 0xbd,
  0x76, 0xd2, 0xa6, 0xbd, 0xb8, 0x53, 0xef, 0xbd, 0x5e, 0xda, 0x18, 0xbe,
  0xdc, 0x92, 0x36, 0xbe, 0xc2, 0x11, 0x51, 0xbe, 0xa1, 0xd3, 0x68, 0xbe,
  0x53, 0xd9, 0x7e, 0xbe, 0x28, 0xea, 0x89, 0xbe, 0x1a, 0x23, 0x94, 0xbe,
  0x77, 0xe2, 0x9d, 0xbe, 0x2e, 0xba, 0xa6, 0xbe, 0xb9, 0xfe, 0xad, 0xbe,
  0xc2, 0x12, 0xb3, 0xbe, 0xd7, 0x8e, 0xb5, 0xbe, 0xa3, 0x4b, 0xb5, 0xbe,
  0xca, 0x9a, 0xb2, 0xbe, 0xf7, 0xd0, 0xad, 0xbe, 0x9f, 0xaa, 0xa7, 0xbe,
  0x9f, 0x79, 0xa0, 0xbe, 0x64, 0x0a, 0x99, 0xbe, 0x6f, 0x7d, 0x91, 0xbe,
  0x29, 0xae, 0x8a, 0xbe, 0xa4, 0x9d, 0x84, 0xbe, 0x01, 0x46, 0x80, 0xbe,
  0xf1, 0xd9, 0x7a, 0xbe, 0xe6, 0xab, 0x79, 0xbe, 0x2b, 0x50, 0x7b, 0xbe,
  0x01, 0x32, 0x80, 0xbe, 0x53, 0x16, 0x83, 0xbe, 0x1b, 0x8a, 0x86, 0xbe,
  0x5f, 0x3b, 0x89, 0xbe, 0x31, 0xd2, 0x8b, 0xbe, 0x86, 0x76, 0x8d, 0xbe,
  0x3e, 0x5e, 0x8f, 0xbe, 0x5b, 0xfb, 0x90, 0xbe, 0x50, 0x9e, 0x93, 0xbe,
  0x9d, 0x9c, 0x96, 0xbe, 0x6e, 0x16, 0x9b, 0xbe, 0x21, 0x3a, 0xa0, 0xbe,
  0x9d, 0xfe, 0xa6, 0xbe, 0xe1, 0x86, 0xae, 0xbe, 0xdf, 0xa6, 0xb7, 0xbe,
  0x04, 0x72, 0xc1, 0xbe, 0x33, 0x73, 0xcc, 0xbe, 0xaf, 0x8f, 0xd7, 0xbe,
  0x8c, 0xfb, 0xe2, 0xbe, 0x2a, 0x90, 0xed, 0xbe, 0xdc, 0x6f, 0xf7, 0xbe,
  0x2e, 0xb6, 0xff, 0xbe, 0x0e, 0x5c, 0x03, 0xbf, 0xd3, 0xf6, 0x05, 0xbf,
  0x21, 0xf0, 0x07, 0xbf, 0x0d, 0x23, 0x09, 0xbf, 0x28, 0xe0, 0x09, 0xbf,
  0x94, 0x0c, 0x0a, 0xbf, 0x27, 0xf2, 0x09, 0xbf, 0x9f, 0x60, 0x09, 0xbf,
  0x23, 0x80, 0x08, 0xbf, 0x8e, 0xf0, 0x06, 0xbf, 0x12, 0xb6, 0x04, 0xbf,
  0x7b, 0x4d, 0x01, 0xbf, 0xe5, 0x83, 0xf9, 0xbe, 0xaf, 0x50, 0xed, 0xbe,
  0x7b, 0xb7, 0xde, 0xbe, 0x41, 0x6b, 0xcd, 0xbe, 0xea, 0xd2, 0xba, 0xbe,
  0xb1, 0xe0, 0xa6, 0xbe, 0x4d, 0x42, 0x93, 0xbe, 0x49, 0x80, 0x7f, 0xbe,
  0x71, 0x0b, 0x5c, 0xbe, 0x6e, 0x42, 0x3b, 0xbe, 0x83, 0x92, 0x20, 0xbe,
  0x6e, 0xc8, 0x0a, 0xbe, 0xe6, 0x33, 0xfa, 0xbd, 0x19, 0xda, 0xea, 0xbd,
  0xb1, 0xf3, 0xeb, 0xbd, 0x90, 0xed, 0xf6, 0xbd, 0x1f, 0x52, 0x07, 0xbe,
  0x61, 0x1a, 0x16, 0xbe, 0xa9, 0xb2, 0x29, 0xbe, 0x2b, 0xb2, 0x3f, 0xbe,
  0x6c, 0xc3, 0x5a, 0xbe, 0xc6, 0xeb, 0x78, 0xbe, 0x39, 0x16, 0x8e, 0xbe,
  0x0d, 0xc9, 0xa0, 0xbe, 0xd4, 0xd6, 0xb4, 0xbe, 0x15, 0x84, 0xc8, 0xbe,
  0x6f, 0x07, 0xdc, 0xbe, 0x76, 0x31, 0xee, 0xbe, 0xff, 0xab, 0xff, 0xbe,
  0xc0, 0xe9, 0x07, 0xbf, 0x3f, 0x9e, 0x0f, 0xbf, 0x3b, 0x78, 0x16, 0xbf,
  0x72, 0x5e, 0x1c, 0xbf, 0x43, 0x9d, 0x20, 0xbf, 0x8d, 0x12, 0x23, 0xbf,
  0x11, 0x5c, 0x23, 0xbf, 0x87, 0xd6, 0x21, 0xbf, 0x5e, 0xa2, 0x1e, 0xbf,
  0x6a, 0x7e, 0x1a, 0xbf, 0xd1, 0x94, 0x15, 0xbf, 0x43, 0x80, 0x10, 0xbf,
  0x04, 0x0a, 0x0b, 0xbf, 0x17, 0x9c, 0x05, 0xbf, 0xf9, 0xa0, 0xff, 0xbe,
  0xd1, 0x6f, 0xf4, 0xbe, 0x3c, 0xeb, 0xe8, 0xbe, 0x79, 0x97, 0xde, 0xbe,
  0x61, 0x6d, 0xd4, 0xbe, 0x2f, 0xbf, 0xcb, 0xbe, 0x91, 0xec, 0xc2, 0xbe,
  0xed, 0x46, 0xbb, 0xbe, 0x18, 0x52, 0xb3, 0xbe, 0xb4, 0x22, 0xad, 0xbe,
  0x27, 0xdc, 0xa7, 0xbe, 0x98, 0x26, 0xa6, 0xbe, 0xc4, 0x1b, 0xa7, 0xbe,
  0xb5, 0xee, 0xac, 0xbe, 0x1f, 0x08, 0xb6, 0xbe, 0x0f, 0xe3, 0xc3, 0xbe,
  0x56, 0xb2, 0xd4, 0xbe, 0xa6, 0xc3, 0xe9, 0xbe, 0x17, 0xc2, 0x00, 0xbf,
  0x39, 0x70, 0x0e, 0xbf, 0xdf, 0xfa, 0x1c, 0xbf, 0xb1, 0x48, 0x2c, 0xbf,
  0x42, 0x2d, 0x3b, 0xbf, 0x25, 0x3b, 0x49, 0xbf, 0x00, 0xb0, 0x55, 0xbf,
  0x83, 0x79, 0x60, 0xbf, 0x40, 0x7d, 0x69, 0xbf, 0xc6, 0x69, 0x71, 0xbf,
  0x9c, 0x0a, 0x78, 0xbf, 0xf3, 0xdf, 0x7c, 0xbf, 0xaa, 0x6b, 0x7f, 0xbf,
  0x00, 0xfe, 0x7f, 0xbf, 0x22, 0x60, 0x7d, 0xbf, 0xd8, 0x2b, 0x76, 0xbf,
  0xd5, 0x2d, 0x6b, 0xbf, 0x7c, 0x15, 0x5f, 0xbf, 0xf5, 0xc9, 0x50, 0xbf,
  0xf5, 0x4a, 0x3d, 0xbf, 0xaf, 0xd7, 0x25, 0xbf, 0x3b, 0xea, 0x0e, 0xbf,
  0xf5, 0x7d, 0xe9, 0xbe, 0x76, 0xba, 0x9d, 0xbe, 0x35, 0x2d, 0x04, 0xbe,
  0xbf, 0xbd, 0x49, 0x22, 0x8d, 0xe3, 0xf1, 0x3d, 0x0e, 0xe2, 0x8e, 0x3e,
  0x83, 0x0e, 0xcf, 0x3e, 0x80, 0xc4, 0xf5, 0x3e, 0x5f, 0x49, 0x09, 0x3f,
  0x57, 0x16, 0x17, 0x3f, 0x5e, 0xb1, 0x20, 0x3f, 0x2d, 0x2d, 0x26, 0x3f,
  0xbe, 0xec, 0x2a, 0x3f, 0xe4, 0x14, 0x31, 0x3f, 0x28, 0x79, 0x36, 0x3f,
  0xc7, 0x2e, 0x3b, 0x3f, 0x04, 0x71, 0x40, 0x3f, 0x23, 0xc6, 0x47, 0x3f,
  0xb1, 0x45, 0x50, 0x3f, 0x49, 0x26, 0x5a, 0x3f, 0xa7, 0x9f, 0x64, 0x3f,
  0xe5, 0x1d, 0x6f, 0x3f, 0xba, 0x97, 0x77, 0x3f, 0xe2, 0x7c, 0x7d, 0x3f,
  0x00, 0x00, 0x80, 0x3f, 0x67, 0xc6, 0x7f, 0x3f, 0xa4, 0x1e, 0x7d, 0x3f,
  0xb3, 0x95, 0x79, 0x3f, 0xe4, 0x93, 0x75, 0x3f, 0x32, 0x6b, 0x72, 0x3f,
  0x77, 0xe7, 0x6f, 0x3f, 0xf1, 0xe1, 0x6e, 0x3f, 0x09, 0xcb, 0x6e, 0x3f,
  0xa6, 0x4b, 0x70, 0x3f, 0x07, 0xa1, 0x72, 0x3f, 0x6c, 0x1e, 0x76, 0x3f,
  0x96, 0x8a, 0x79, 0x3f, 0x0e, 0xab, 0x7c, 0x3f, 0x1f, 0xf3, 0x7d, 0x3f,
  0xf4, 0x22, 0x7d, 0x3f, 0x98, 0x2f, 0x79, 0x3f, 0x27, 0xa3, 0x72, 0x3f,
  0xfe, 0x68, 0x69, 0x3f, 0x4f, 0xd1, 0x5e, 0x3f, 0xd1, 0x46, 0x53, 0x3f,
  0x0e, 0x2c, 0x48, 0x3f, 0xc0, 0xb4, 0x3d, 0x3f, 0x20, 0xc2, 0x34, 0x3f,
  0x58, 0x03, 0x2d, 0x3f, 0x0e, 0xc1, 0x26, 0x3f, 0x44, 0x38, 0x21, 0x3f,
  0x44, 0x39, 0x1c, 0x3f, 0x1c, 0xbd, 0x16, 0x3f, 0xbd, 0x65, 0x10, 0x3f,
  0x49, 0x4f, 0x08, 0x3f, 0x07, 0xd3, 0xfc, 0x3e, 0xa9, 0xb0, 0xe4, 0x3e,
  0xd9, 0x2d, 0xc9, 0x3e, 0x0a, 0x8d, 0xaa, 0x3e, 0xfd, 0x6a, 0x8a, 0x3e,
  0xe4, 0x94, 0x52, 0x3e, 0x81, 0x89, 0x11, 0x3e, 0xd7, 0xb9, 0xa4, 0x3d,
  0x02, 0xd8, 0xbe, 0x3c, 0xf7, 0xac, 0xee, 0xbc, 0xd2, 0x8f, 0x99, 0xbd,
  0x9d, 0x30, 0xec, 0xbd, 0xd0, 0x9f, 0x19, 0xbe, 0x70, 0x22, 0x3a, 0xbe,
  0x8f, 0xca, 0x58, 0xbe, 0x97, 0x69, 0x78, 0xbe, 0x8a, 0x92, 0x8c, 0xbe,
  0x38, 0xd0, 0x9d, 0xbe, 0x5b, 0xdb, 0xae, 0xbe, 0x4e, 0x1b, 0xbf, 0xbe,
  0x03, 0x25, 0xcd, 0xbe, 0x27, 0x90, 0xd8, 0xbe, 0xf7, 0x7c, 0xe0, 0xbe,
  0x1e, 0x0d, 0xe5, 0xbe, 0xdc, 0xbf, 0xe5, 0xbe, 0xc1, 0xc5, 0xe2, 0xbe,
  0xf5, 0xb5, 0xdb, 0xbe, 0xfc, 0x02, 0xd1, 0xbe, 0x20, 0x13, 0xc3, 0xbe,
  0xd8, 0x5f, 0xb3, 0xbe, 0xbf, 0x71, 0xa3, 0xbe, 0x14, 0x40, 0x95, 0xbe,
  0x0f, 0x1b, 0x8a, 0xbe, 0xfd, 0xaa, 0x82, 0xbe, 0x02, 0xdb, 0x7c, 0xbe,
  0x8a, 0x33, 0x78, 0xbe, 0xec, 0xcc, 0x73, 0xbe, 0x00, 0x69, 0x6c, 0xbe,
  0x20, 0xa9, 0x5f, 0xbe, 0xc6, 0xbe, 0x4c, 0xbe, 0x52, 0xd2, 0x33, 0xbe,
  0xe5, 0xf3, 0x15, 0xbe, 0x6a, 0xdf, 0xe7, 0xbd, 0xee, 0xbc, 0x9d, 0xbd,
  0x06, 0x5f, 0x1d, 0xbd, 0x9c, 0x60, 0x90, 0x3a, 0x75, 0xdd, 0x24, 0x3d,
  0x25, 0xbd, 0x9c, 0x3d, 0x87, 0xd1, 0xdd, 0x3d, 0x73, 0xe6, 0x08, 0x3e,
  0x22, 0xcf, 0x1c, 0x3e, 0x6c, 0x6d, 0x2b, 0x3e, 0x6b, 0x29, 0x38, 0x3e,
  0x36, 0x65, 0x45, 0x3e, 0xf5, 0xfa, 0x56, 0x3e, 0xc0, 0xe9, 0x6d, 0x3e,
  0xea, 0x03, 0x86, 0x3e, 0x8d, 0xf9, 0x97, 0x3e, 0xc4, 0xe3, 0xac, 0x3e,
  0xa4, 0x78, 0xc3, 0x3e, 0x03, 0x6e, 0xdb, 0x3e, 0x70, 0x36, 0xf3, 0x3e,
  0x1a, 0x22, 0x05, 0x3f, 0x8e, 0x6b, 0x0f, 0x3f, 0x1d, 0x2a, 0x18, 0x3f,
  0x7b, 0xb7, 0x1e, 0x3f, 0xca, 0x3d, 0x23, 0x3f, 0xe1, 0xcd, 0x25, 0x3f,
  0xf2, 0x44, 0x27, 0x3f, 0x26, 0x39, 0x28, 0x3f, 0x71, 0xaa, 0x29, 0x3f,
  0x86, 0xec, 0x2b, 0x3f, 0x3e, 0x67, 0x2f, 0x3f, 0xd1, 0xb9, 0x33, 0x3f,
  0x4f, 0xa3, 0x38, 0x3f, 0xe2, 0x56, 0x3d, 0x3f, 0x7a, 0x5d, 0x41, 0x3f,
  0x0c, 0xf0, 0x43, 0x3f, 0xc8, 0xb2, 0x44, 0x3f, 0xbf, 0x0d, 0x43, 0x3f,
  0x02, 0xd6, 0x3e, 0x3f, 0x12, 0xc2, 0x37, 0x3f, 0x87, 0x0f, 0x2e, 0x3f,
  0xf7, 0x00, 0x22, 0x3f, 0xe8, 0x60, 0x14, 0x3f, 0xfb, 0xe5, 0x05, 0x3f,
  0xe2, 0x25, 0xef, 0x3e, 0x57, 0x11, 0xd4, 0x3e, 0xa4, 0xd4, 0xbb, 0x3e,
  0x33, 0x93, 0xa6, 0x3e, 0xe7, 0x5c, 0x94, 0x3e, 0xa2, 0x5b, 0x84, 0x3e,
  0x90, 0xde, 0x6b, 0x3e, 0x15, 0xeb, 0x4f, 0x3e, 0x6c, 0x52, 0x33, 0x3e,
  0x16, 0xdf, 0x13, 0x3e, 0x01, 0x51, 0xe0, 0x3d, 0xd9, 0x3a, 0x8d, 0x3d,
  0xa2, 0x19, 0xb7, 0x3c, 0x05, 0x25, 0xf6, 0xbc, 0xd5, 0x5a, 0xb1, 0xbd,
  0xe4, 0x48, 0x14, 0xbe, 0xc0, 0x64, 0x4e, 0xbe, 0xad, 0xd7, 0x81, 0xbe,
  0xf4, 0xf3, 0x98, 0xbe, 0xd4, 0xbf, 0xab, 0xbe, 0xe9, 0x88, 0xba, 0xbe,
  0x89, 0xbb, 0xc5, 0xbe, 0xa9, 0xd0, 0xce, 0xbe, 0x24, 0xa9, 0xd6, 0xbe,
  0x48, 0xf5, 0xde, 0xbe, 0x23, 0x27, 0xe8, 0xbe, 0xfb, 0x7c, 0xf3, 0xbe,
  0x48, 0x53, 0x00, 0xbf, 0x78, 0x25, 0x08, 0xbf, 0x11, 0xb4, 0x10, 0xbf,
  0xb7, 0x11, 0x1a, 0xbf, 0xd8, 0x7d, 0x23, 0xbf, 0xc6, 0xe1, 0x2c, 0xbf,
  0x6e, 0x63, 0x35, 0xbf, 0x67, 0xf4, 0x3c, 0xbf, 0xb2, 0xe2, 0x42, 0xbf,
  0x35, 0x6e, 0x47, 0xbf, 0x3b, 0x44, 0x4a, 0xbf, 0x3d, 0x0f, 0x4c, 0xbf,
  0xbf, 0xd8, 0x4c, 0xbf, 0xed, 0x8e, 0x4d, 0xbf, 0x06, 0x4f, 0x4e, 0xbf,
  0x70, 0xe0, 0x4f, 0xbf, 0x15, 0x06, 0x52, 0xbf, 0x5e, 0x03, 0x55, 0xbf,
  0xc0, 0x14, 0x58, 0xbf, 0x1b, 0x02, 0x5b, 0xbf, 0x52, 0xcb, 0x5c, 0xbf,
  0xa6, 0x31, 0x5d, 0xbf, 0x86, 0x7d, 0x5b, 0xbf, 0xc6, 0xd2, 0x57, 0xbf,
  0x06, 0xf0, 0x51, 0xbf, 0x9b, 0x51, 0x4a, 0xbf, 0x7d, 0xf1, 0x40, 0xbf,
  0xc7, 0x65, 0x36, 0xbf, 0x0d, 0xb1, 0x2a, 0xbf, 0xca, 0x78, 0x1e, 0xbf,
  0x88, 0xd9, 0x11, 0xbf, 0x00, 0x9c, 0x05, 0xbf, 0x59, 0xcf, 0xf3, 0xbe,
  0x53, 0xc1, 0xde, 0xbe, 0xf4, 0x9b, 0xcb, 0xbe, 0xea, 0x84, 0xba, 0xbe,
  0xfd, 0xde, 0xa9, 0xbe, 0xf6, 0xe3, 0x98, 0xbe, 0xb0, 0xca, 0x85, 0xbe,
  0xec, 0xb0, 0x60, 0xbe, 0xfa, 0x19, 0x30, 0xbe, 0xed, 0x6b, 0xf8, 0xbd,
  0xb6, 0x2d, 0x8d, 0xbd, 0x53, 0x20, 0x97, 0xbc, 0xbf, 0xba, 0xea, 0x3c,
  0xea, 0x91, 0x8f, 0x3d, 0x15, 0x1d, 0xd9, 0x3d, 0xdf, 0xf2, 0x0a, 0x3e,
  0x9c, 0xe0, 0x23, 0x3e, 0x9e, 0x29, 0x37, 0x3e, 0x27, 0xe1, 0x45, 0x3e,
  0x4a, 0x9c, 0x50, 0x3e, 0x6d, 0x53, 0x59, 0x3e, 0x9c, 0x18, 0x62, 0x3e,
  0x3e, 0xae, 0x6d, 0x3e, 0xb4, 0x62, 0x7e, 0x3e, 0x30, 0xbc, 0x8a, 0x3e,
  0xd7, 0x6f, 0x99, 0x3e, 0x0c, 0x4e, 0xaa, 0x3e, 0x9a, 0x00, 0xbc, 0x3e,
  0x79, 0xb8, 0xcc, 0x3e, 0x14, 0x2a, 0xdb, 0x3e, 0xf0, 0x30, 0xe6, 0x3e,
  0x33, 0xa2, 0xed, 0x3e, 0x78, 0x74, 0xf1, 0x3e, 0x36, 0x5d, 0xf2, 0x3e,
  0xa5, 0xc1, 0xf0, 0x3e, 0x3c, 0x7a, 0xed, 0x3e, 0xb0, 0xed, 0xe8, 0x3e,
  0x38, 0x04, 0xe4, 0x3e, 0x6e, 0x49, 0xdf, 0x3e, 0xf5, 0xb5, 0xdb, 0x3e,
  0xba, 0xaf, 0xd9, 0x3e, 0x66, 0x9e, 0xd9, 0x3e, 0x89, 0x0c, 0xdb, 0x3e,
  0xa3, 0x41, 0xdd, 0x3e, 0xe4, 0xdc, 0xde, 0x3e, 0x5f, 0x89, 0xde, 0x3e,
  0x4e, 0xfd, 0xda, 0x3e, 0xaf, 0x7b, 0xd3, 0x3e, 0x78, 0xc7, 0xc7, 0x3e,
  0x64, 0x41, 0xb8, 0x3e, 0x06, 0xaa, 0xa5, 0x3e, 0x9a, 0x0d, 0x91, 0x3e,
  0xe5, 0xef, 0x76, 0x3e, 0x47, 0xdd, 0x4b, 0x3e, 0x1f, 0x6e, 0x22, 0x3e,
  0x14, 0xbc, 0xf7, 0x3d, 0x18, 0x56, 0xb1, 0x3d, 0x58, 0x70, 0x63, 0x3d,
  0xd5, 0x7a, 0xdd, 0x3c, 0x87, 0xa8, 0xff, 0x86, 0xd5, 0x7a, 0xdd, 0xbc,
  0x58, 0x70, 0x63, 0xbd, 0x18, 0x56, 0xb1, 0xbd, 0x14, 0xbc, 0xf7, 0xbd,
  0x1f, 0x6e, 0x22, 0xbe, 0x47, 0xdd, 0x4b, 0xbe, 0xe5, 0xef, 0x76, 0xbe,
  0x9a, 0x0d, 0x91, 0xbe, 0x06, 0xaa, 0xa5, 0xbe, 0x64, 0x41, 0xb8, 0xbe,
  0x78, 0xc7, 0xc7, 0xbe, 0xaf, 0x7b, 0xd3, 0xbe, 0x4e, 0xfd, 0xda, 0xbe,
  0x5f, 0x89, 0xde, 0xbe, 0xe4, 0xdc, 0xde, 0xbe, 0xa3, 0x41, 0xdd, 0xbe,
  0x89, 0x0c, 0xdb, 0xbe, 0x66, 0x9e, 0xd9, 0xbe, 0xba, 0xaf, 0xd9, 0xbe,
  0xf5, 0xb5, 0xdb, 0xbe, 0x6e, 0x49, 0xdf, 0xbe, 0x38, 0x04, 0xe4, 0xbe,
  0xb0, 0xed, 0xe8, 0xbe, 0x3c, 0x7a, 0xed, 0xbe, 0xa5, 0xc1, 0xf0, 0xbe,
  0x36, 0x5d, 0xf2, 0xbe, 0x78, 0x74, 0xf1, 0xbe, 0x33, 0xa2, 0xed, 0xbe,
  0xf0, 0x30, 0xe6, 0xbe, 0x14, 0x2a, 0xdb, 0xbe, 0x79, 0xb8, 0xcc, 0xbe,
  0x9a, 0x00, 0xbc, 0xbe, 0x0c, 0x4e, 0xaa, 0xbe, 0xd7, 0x6f, 0x99, 0xbe,
  0x30, 0xbc, 0x8a, 0xbe, 0xb4, 0x62, 0x7e, 0xbe, 0x3e, 0xae, 0x6d, 0xbe,
  0x9c, 0x18, 0x62, 0xbe, 0x6d, 0x53, 0x59, 0xbe, 0x4a, 0x9c, 0x50, 0xbe,
  0x27, 0xe1, 0x45, 0xbe, 0x9e, 0x29, 0x37, 0xbe, 0x9c, 0xe0, 0x23, 0xbe,
  0xdf, 0xf2, 0x0a, 0xbe, 0x15, 0x1d, 0xd9, 0xbd, 0xea, 0x91, 0x8f, 0xbd,
  0xbf, 0xba, 0xea, 0xbc, 0x53, 0x20, 0x97, 0x3c, 0xb6, 0x2d, 0x8d, 0x3d,
  0xed, 0x6b, 0xf8, 0x3d, 0xfa, 0x19, 0x30, 0x3e, 0xec, 0xb0, 0x60, 0x3e,
  0xb0, 0xca, 0x85, 0x3e, 0xf6, 0xe3, 0x98, 0x3e, 0xfd, 0xde, 0xa9, 0x3e,
  0xea, 0x84, 0xba, 0x3e, 0xf4, 0x9b, 0xcb, 0x3e, 0x53, 0xc1, 0xde, 0x3e,
  0x59, 0xcf, 0xf3, 0x3e, 0x00, 0x9c, 0x05, 0x3f, 0x88, 0xd9, 0x11, 0x3f,
  0xca, 0x78, 0x1e, 0x3f, 0x0d, 0xb1, 0x2a, 0x3f, 0xc7, 0x65, 0x36, 0x3f,
  0x7d, 0xf1, 0x40, 0x3f, 0x9b, 0x51, 0x4a, 0x3f, 0x06, 0xf0, 0x51, 0x3f,
  0xc6, 0xd2, 0x57, 0x3f, 0x86, 0x7d, 0x5b, 0x3f, 0xa6, 0x31, 0x5d, 0x3f,
  0x52, 0xcb, 0x5c, 0x3f, 0x1b, 0x02, 0x5b, 0x3f, 0xc0, 0x14, 0x58, 0x3f,
  0x5e, 0x03, 0x55, 0x3f, 0x15, 0x06, 0x52, 0x3f, 0x70, 0xe0, 0x4f, 0x3f,
  0x06, 0x4f, 0x4e, 0x3f, 0xed, 0x8e, 0x4d, 0x3f, 0xbf, 0xd8, 0x4c, 0x3f,
  0x3d, 0x0f, 0x4c, 0x3f, 0x3b, 0x44, 0x4a, 0x3f, 0x35, 0x6e, 0x47, 0x3f,
  0xb2, 0xe2, 0x42, 0x3f, 0x67, 0xf4, 0x3c, 0x3f, 0x6e, 0x63, 0x35, 0x3f,
  0xc6, 0xe1, 0x2c, 0x3f, 0xd8, 0x7d, 0x23, 0x3f, 0xb7, 0x11, 0x1a, 0x3f,
  0x11, 0xb4, 0x10, 0x3f, 0x78, 0x25, 0x08, 0x3f, 0x48, 0x53, 0x00, 0x3f,
  0xfb, 0x7c, 0xf3, 0x3e, 0x23, 0x27, 0xe8, 0x3e, 0x48, 0xf5, 0xde, 0x3e,
  0x24, 0xa9, 0xd6, 0x3e, 0xa9, 0xd0, 0xce, 0x3e, 0x89, 0xbb, 0xc5, 0x3e,
  0xe9, 0x88, 0xba, 0x3e, 0xd4, 0xbf, 0xab, 0x3e, 0xf4, 0xf3, 0x98, 0x3e,
  0xad, 0xd7, 0x81, 0x3e, 0xc0, 0x64, 0x4e, 0x3e, 0xe4, 0x48, 0x14, 0x3e,
  0xd5, 0x5a, 0xb1, 0x3d, 0x05, 0x25, 0xf6, 0x3c, 0xa2, 0x19, 0xb7, 0xbc,
  0xd9, 0x3a, 0x8d, 0xbd, 0x01, 0x51, 0xe0, 0xbd, 0x16, 0xdf, 0x13, 0xbe,
  0x6c, 0x52, 0x33, 0xbe, 0x15, 0xeb, 0x4f, 0xbe, 0x90, 0xde, 0x6b, 0xbe,
  0xa2, 0x5b, 0x84, 0xbe, 0xe7, 0x5c, 0x94, 0xbe, 0x33, 0x93, 0xa6, 0xbe,
  0xa4, 0xd4, 0xbb, 0xbe, 0x57, 0x11, 0xd4, 0xbe, 0xe2, 0x25, 0xef, 0xbe,
  0xfb, 0xe5, 0x05, 0xbf, 0xe8, 0x60, 0x14, 0xbf, 0xf7, 0x00, 0x22, 0xbf,
  0x87, 0x0f, 0x2e, 0xbf, 0x12, 0xc2, 0x37, 0xbf, 0x02, 0xd6, 0x3e, 0xbf,
  0xbf, 0x0d, 0x43, 0xbf, 0xc8, 0xb2, 0x44, 0xbf, 0x0c, 0xf0, 0x43, 0xbf,
  0x7a, 0x5d, 0x41, 0xbf, 0xe2, 0x56, 0x3d, 0xbf, 0x4f, 0xa3, 0x38, 0xbf,
  0xd1, 0xb9, 0x33, 0xbf, 0x3e, 0x67, 0x2f, 0xbf, 0x86, 0xec, 0x2b, 0xbf,
  0x71, 0xaa, 0x29, 0xbf, 0x26, 0x39, 0x28, 0xbf, 0xf2, 0x44, 0x27, 0xbf,
  0xe1, 0xcd, 0x25, 0xbf, 0xca, 0x3d, 0x23, 0xbf, 0x7b, 0xb7, 0x1e, 0xbf,
  0x1d, 0x2a, 0x18, 0xbf, 0x8e, 0x6b, 0x0f, 0xbf, 0x1a, 0x22, 0x05, 0xbf,
  0x70, 0x36, 0xf3, 0xbe, 0x03, 0x6e, 0xdb, 0xbe, 0xa4, 0x78, 0xc3, 0xbe,
  0xc4, 0xe3, 0xac, 0xbe, 0x8d, 0xf9, 0x97, 0xbe, 0xea, 0x03, 0x86, 0xbe,
  0xc0, 0xe9, 0x6d, 0xbe, 0xf5, 0xfa, 0x56, 0xbe, 0x36, 0x65, 0x45, 0xbe,
  0x6b, 0x29, 0x38, 0xbe, 0x6c, 0x6d, 0x2b, 0xbe, 0x22, 0xcf, 0x1c, 0xbe,
  0x73, 0xe6, 0x08, 0xbe, 0x87, 0xd1, 0xdd, 0xbd, 0x25, 0xbd, 0x9c, 0xbd,
  0x75, 0xdd, 0x24, 0xbd, 0x9c, 0x60, 0x90, 0xba, 0x06, 0x5f, 0x1d, 0x3d,
  0xee, 0xbc, 0x9d, 0x3d, 0x6a, 0xdf, 0xe7, 0x3d, 0xe5, 0xf3, 0x15, 0x3e,
  0x52, 0xd2, 0x33, 0x3e, 0xc6, 0xbe, 0x4c, 0x3e, 0x20, 0xa9, 0x5f, 0x3e,
  0x00, 0x69, 0x6c, 0x3e, 0xec, 0xcc, 0x73, 0x3e, 0x8a, 0x33, 0x78, 0x3e,
  0x02, 0xdb, 0x7c, 0x3e, 0xfd, 0xaa, 0x82, 0x3e, 0x0f, 0x1b, 0x8a, 0x3e,
  0x14, 0x40, 0x95, 0x3e, 0xbf, 0x71, 0xa3, 0x3e, 0xd8, 0x5f, 0xb3, 0x3e,
  0x20, 0x13, 0xc3, 0x3e, 0xfc, 0x02, 0xd1, 0x3e, 0xf5, 0xb5, 0xdb, 0x3e,
  0xc1, 0xc5, 0xe2, 0x3e, 0xdc, 0xbf, 0xe5, 0x3e, 0x1e, 0x0d, 0xe5, 0x3e,
  0xf7, 0x7c, 0xe0, 0x3e, 0x27, 0x90, 0xd8, 0x3e, 0x03, 0x25, 0xcd, 0x3e,
  0x4e, 0x1b, 0xbf, 0x3e, 0x5b, 0xdb, 0xae, 0x3e, 0x38, 0xd0, 0x9d, 0x3e,
  0x8a, 0x92, 0x8c, 0x3e, 0x97, 0x69, 0x78, 0x3e, 0x8f, 0xca, 0x58, 0x3e,
  0x70, 0x22, 0x3a, 0x3e, 0xd0, 0x9f, 0x19, 0x3e, 0x9d, 0x30, 0xec, 0x3d,
  0xd2, 0x8f, 0x99, 0x3d, 0xf7, 0xac, 0xee, 0x3c, 0x02, 0xd8, 0xbe, 0xbc,
  0xd7, 0xb9, 0xa4, 0xbd, 0x81, 0x89, 0x11, 0xbe, 0xe4, 0x94, 0x52, 0xbe,
  0xfd, 0x6a, 0x8a, 0xbe, 0x0a, 0x8d, 0xaa, 0xbe, 0xd9, 0x2d, 0xc9, 0xbe,
  0xa9, 0xb0, 0xe4, 0xbe, 0x07, 0xd3, 0xfc, 0xbe, 0x49, 0x4f, 0x08, 0xbf,
  0xbd, 0x65, 0x10, 0xbf, 0x1c, 0xbd, 0x16, 0xbf, 0x44, 0x39, 0x1c, 0xbf,
  0x44, 0x38, 0x21, 0xbf, 0x0e, 0xc1, 0x26, 0xbf, 0x58, 0x03, 0x2d, 0xbf,
  0x20, 0xc2, 0x34, 0xbf, 0xc0, 0xb4, 0x3d, 0xbf, 0x0e, 0x2c, 0x48, 0xbf,
  0xd2, 0x46, 0x53, 0xbf, 0x4f, 0xd1, 0x5e, 0xbf, 0xfc, 0x68, 0x69, 0xbf,
  0x27, 0xa3, 0x72, 0xbf, 0x9d, 0x2f, 0x79, 0xbf, 0xf4, 0x22, 0x7d, 0xbf,
  0x17, 0xf3, 0x7d, 0xbf, 0x0e, 0xab, 0x7c, 0xbf, 0xa5, 0x8a, 0x79, 0xbf,
  0x6c, 0x1e, 0x76, 0xbf, 0xf0, 0xa0, 0x72, 0xbf, 0xa6, 0x4b, 0x70, 0xbf,
  0x2d, 0xcb, 0x6e, 0xbf, 0xf1, 0xe1, 0x6e, 0xbf, 0x3e, 0xe7, 0x6f, 0xbf,
  0x32, 0x6b, 0x72, 0xbf, 0x4c, 0x94, 0x75, 0xbf, 0xb3, 0x95, 0x79, 0xbf,
  0x60, 0x1d, 0x7d, 0xbf, 0x67, 0xc4, 0x7f, 0xbf, 0xbc, 0xfe, 0x7f, 0xbf,
  0xe2, 0x7c, 0x7d, 0xbf, 0x22, 0x98, 0x77, 0xbf, 0xe5, 0x1d, 0x6f, 0xbf,
  0x70, 0x9f, 0x64, 0xbf, 0x49, 0x26, 0x5a, 0xbf, 0xd4, 0x45, 0x50, 0xbf,
  0x23, 0xc6, 0x47, 0xbf, 0xee, 0x70, 0x40, 0xbf, 0xc7, 0x2e, 0x3b, 0xbf,
  0x35, 0x79, 0x36, 0xbf, 0xe4, 0x14, 0x31, 0xbf, 0xb6, 0xec, 0x2a, 0xbf,
  0x2d, 0x2d, 0x26, 0xbf, 0x63, 0xb1, 0x20, 0xbf, 0x57, 0x16, 0x17, 0xbf,
  0x5c, 0x49, 0x09, 0xbf, 0x80, 0xc4, 0xf5, 0xbe, 0x87, 0x0e, 0xcf, 0xbe,
  0x0e, 0xe2, 0x8e, 0xbe, 0x8d, 0xe3, 0xf1, 0xbd, 0x1c, 0x50, 0xa8, 0x22,
  0x8f, 0x8c, 0x35, 0x3e, 0x27, 0x54, 0xd3, 0x3e, 0x76, 0x5d, 0x16, 0x3f,
  0x17, 0xa9, 0x2c, 0x3f, 0xf9, 0x1d, 0x39, 0x3f, 0x2c, 0x56, 0x42, 0x3f,
  0x5a, 0xe1, 0x44, 0x3f, 0x3c, 0xb0, 0x41, 0x3f, 0xf8, 0x9a, 0x3f, 0x3f,
  0x4c, 0x5b, 0x41, 0x3f, 0xb8, 0xf9, 0x42, 0x3f, 0xd4, 0x80, 0x41, 0x3f,
  0xd6, 0x26, 0x3c, 0x3f, 0x7c, 0xe2, 0x31, 0x3f, 0x35, 0x4a, 0x20, 0x3f,
  0xbe, 0xf7, 0x07, 0x3f, 0xf2, 0x01, 0xd6, 0x3e, 0xc7, 0xe2, 0x99, 0x3e,
  0x23, 0x1c, 0x41, 0x3e, 0x2b, 0x7c, 0xc5, 0x3d, 0x87, 0x48, 0x02, 0x3d,
  0x56, 0xd7, 0x2d, 0x3a, 0xf7, 0x0a, 0xb9, 0xb9, 0x00, 0x76, 0xcc, 0x3c,
  0x5d, 0xc4, 0x85, 0x3d, 0x2c, 0xa9, 0xe9, 0x3d, 0x5a, 0xff, 0x25, 0x3e,
  0x5d, 0x17, 0x56, 0x3e, 0xe6, 0x62, 0x82, 0x3e, 0xda, 0xb1, 0x9c, 0x3e,
  0x9d, 0x41, 0xbc, 0x3e, 0x61, 0x3e, 0xe4, 0x3e, 0x40, 0x2f, 0x0a, 0x3f,
  0xc8, 0x85, 0x25, 0x3f, 0xf7, 0x9f, 0x41, 0x3f, 0xcf, 0x9d, 0x5b, 0x3f,
  0x8e, 0x32, 0x70, 0x3f, 0x33, 0xd6, 0x7c, 0x3f, 0xc0, 0xfe, 0x7f, 0x3f,
  0x98, 0x90, 0x79, 0x3f, 0x5c, 0xcc, 0x6a, 0x3f, 0xea, 0xeb, 0x55, 0x3f,
  0x0c, 0xae, 0x3d, 0x3f, 0x9a, 0xa2, 0x24, 0x3f, 0xd8, 0x9d, 0x0c, 0x3f,
  0x9c, 0xfa, 0xec, 0x3e, 0x37, 0xa6, 0xc3, 0x3e, 0x44, 0x4e, 0x9b, 0x3e,
  0xb8, 0x29, 0x61, 0x3e, 0xe1, 0x85, 0x03, 0x3e, 0x28, 0x53, 0xd9, 0x3c,
  0x11, 0x10, 0xa6, 0xbd, 0xe9, 0x0b, 0x41, 0xbe, 0x34, 0x42, 0x91, 0xbe,
  0x96, 0x43, 0xb7, 0xbe, 0x7d, 0x3f, 0xcd, 0xbe, 0x6b, 0x2b, 0xd2, 0xbe,
  0x1f, 0x80, 0xc5, 0xbe, 0xce, 0x25, 0xab, 0xbe, 0x1a, 0x98, 0x86, 0xbe,
  0x47, 0x55, 0x3b, 0xbe, 0x95, 0xbb, 0xcf, 0xbd, 0xd8, 0xb0, 0xd0, 0xbc,
  0x8e, 0x8b, 0x31, 0x3d, 0xa7, 0x76, 0xd6, 0x3d, 0xcd, 0x32, 0x25, 0x3e,
  0xd7, 0xff, 0x5c, 0x3e, 0xde, 0x20, 0x8a, 0x3e, 0x91, 0x80, 0xa5, 0x3e,
  0x77, 0xc9, 0xbe, 0x3e, 0xd8, 0x95, 0xd3, 0x3e, 0xfa, 0xf7, 0xdf, 0x3e,
  0xfc, 0xfb, 0xe0, 0x3e, 0xe3, 0xba, 0xd3, 0x3e, 0x9a, 0xfd, 0xb7, 0x3e,
  0x35, 0xbe, 0x8e, 0x3e, 0x90, 0x90, 0x37, 0x3e, 0x68, 0x0c, 0x8e, 0x3d,
  0x0a, 0x67, 0x26, 0xbd, 0xa5, 0x0f, 0x12, 0xbe, 0x2e, 0x0e, 0x6d, 0xbe,
  0x95, 0x76, 0x9c, 0xbe, 0xa2, 0x02, 0xbc, 0xbe, 0x5b, 0xb9, 0xd6, 0xbe,
  0x84, 0xe8, 0xee, 0xbe, 0x16, 0x83, 0x02, 0xbf, 0x13, 0x95, 0x0c, 0xbf,
  0x50, 0x5e, 0x14, 0xbf, 0x4a, 0xad, 0x18, 0xbf, 0x3b, 0x8a, 0x17, 0xbf,
  0xda, 0xed, 0x0f, 0xbf, 0x30, 0xe8, 0x00, 0xbf, 0x00, 0x05, 0xd6, 0xbe,
  0x10, 0x84, 0x9e, 0xbe, 0x6c, 0x70, 0x3f, 0xbe, 0x23, 0x1b, 0x73, 0xbd,
  0xce, 0x1e, 0x81, 0x3d, 0x8e, 0xf8, 0x2f, 0x3e, 0x9d, 0xff, 0x85, 0x3e,
  0xb2, 0x02, 0xa9, 0x3e, 0x64, 0x02, 0xc2, 0x3e, 0x26, 0x63, 0xd2, 0x3e,
  0xbf, 0xee, 0xdc, 0x3e, 0x81, 0xf2, 0xe2, 0x3e, 0x5d, 0xd6, 0xe5, 0x3e,
  0x8d, 0x81, 0xe4, 0x3e, 0x1b, 0xe0, 0xdd, 0x3e, 0x11, 0x45, 0xcf, 0x3e,
  0xa1, 0x4f, 0xb7, 0x3e, 0x78, 0xf2, 0x94, 0x3e, 0x43, 0xe6, 0x52, 0x3e,
  0xd8, 0x7f, 0xdd, 0x3d, 0xae, 0xa2, 0xb4, 0x3b, 0xef, 0x52, 0xbe, 0xbd,
  0xb9, 0x88, 0x37, 0xbe, 0x69, 0xc4, 0x7c, 0xbe, 0x9d, 0x4d, 0x96, 0xbe,
  0xe4, 0x48, 0xa3, 0xbe, 0x12, 0x47, 0xa7, 0xbe, 0x22, 0xd7, 0xa3, 0xbe,
  0xcb, 0x7a, 0x9b, 0xbe, 0xa8, 0xe9, 0x8e, 0xbe, 0x86, 0xb0, 0x7d, 0xbe,
  0xf0, 0x05, 0x54, 0xbe, 0x26, 0xbc, 0x1e, 0xbe, 0xc4, 0xf0, 0xb4, 0xbd,
  0xf6, 0x58, 0xc9, 0xbb, 0x39, 0x33, 0xb9, 0x3d, 0x8d, 0xc8, 0x49, 0x3e,
  0xf3, 0xa9, 0x9c, 0x3e, 0x02, 0x29, 0xd1, 0x3e, 0xaf, 0xff, 0xfc, 0x3e,
  0x96, 0x40, 0x0e, 0x3f, 0x94, 0x2c, 0x16, 0x3f, 0x9d, 0x41, 0x16, 0x3f,
  0x1a, 0xc6, 0x0e, 0x3f, 0x45, 0x8c, 0x01, 0x3f, 0x86, 0x1b, 0xe0, 0x3e,
  0xc1, 0xf3, 0xb8, 0x3e, 0x04, 0xbf, 0x8f, 0x3e, 0xcf, 0x22, 0x4d, 0x3e,
  0xfd, 0xc8, 0xf3, 0x3d, 0x0b, 0x5c, 0x12, 0x3d, 0x2b, 0x4d, 0x59, 0xbd,
  0x17, 0xa0, 0x18, 0xbe, 0xfe, 0x48, 0x81, 0xbe, 0x92, 0xb6, 0xb8, 0xbe,
  0x51, 0x96, 0xef, 0xbe, 0xb0, 0x21, 0x11, 0xbf, 0x1c, 0x0c, 0x26, 0xbf,
  0xe3, 0xd6, 0x34, 0xbf, 0x6b, 0xf8, 0x3b, 0xbf, 0x25, 0x4d, 0x3b, 0xbf,
  0x68, 0x2a, 0x33, 0xbf, 0x6b, 0x38, 0x25, 0xbf, 0x25, 0x2a, 0x13, 0xbf,
  0x65, 0x4c, 0xfe, 0xbe, 0xc9, 0x55, 0xd5, 0xbe, 0x7b, 0x7e, 0xad, 0xbe,
  0x3f, 0x2e, 0x87, 0xbe, 0x91, 0x0a, 0x43, 0xbe, 0xd1, 0x2a, 0xee, 0xbd,
  0x2a, 0x4d, 0x20, 0xbd, 0x33, 0x9e, 0x21, 0x3d, 0xe5, 0xf2, 0xef, 0x3d,
  0x46, 0xd9, 0x3e, 0x3e, 0xc2, 0x9f, 0x76, 0x3e, 0x2c, 0xfa, 0x8a, 0x3e,
  0xe1, 0x8f, 0x8c, 0x3e, 0x04, 0x95, 0x7c, 0x3e, 0x47, 0x73, 0x44, 0x3e,
  0xce, 0x66, 0xea, 0x3d, 0x89, 0xb0, 0xc6, 0x3c, 0xa2, 0xc0, 0x91, 0xbd,
  0x52, 0xda, 0x26, 0xbe, 0x67, 0x75, 0x7c, 0xbe, 0xf4, 0x46, 0xa3, 0xbe,
  0x6a, 0xe4, 0xc2, 0xbe, 0x37, 0x18, 0xde, 0xbe, 0x51, 0x31, 0xf6, 0xbe,
  0xac, 0x2b, 0x06, 0xbf, 0xa4, 0x2d, 0x10, 0xbf, 0x9f, 0xbb, 0x18, 0xbf,
  0x02, 0x88, 0x1e, 0xbf, 0xaa, 0x54, 0x20, 0xbf, 0xa8, 0x70, 0x1c, 0xbf,
  0xa9, 0x02, 0x12, 0xbf, 0x90, 0x79, 0x00, 0xbf, 0x98, 0x27, 0xd1, 0xbe,
  0x6a, 0x2b, 0x97, 0xbe, 0xc6, 0xbd, 0x2e, 0xbe, 0xa3, 0xc7, 0x32, 0xbd,
  0x79, 0x03, 0x9e, 0x3d, 0xc8, 0x6d, 0x3d, 0x3e, 0x47, 0x9e, 0x8d, 0x3e,
  0x91, 0x6d, 0xb3, 0x3e, 0xf6, 0x35, 0xd1, 0x3e, 0x7c, 0xab, 0xe7, 0x3e,
  0xc1, 0x80, 0xf8, 0x3e, 0x13, 0xe3, 0x01, 0x3f, 0x93, 0xf9, 0x04, 0x3f,
  0xd3, 0xcb, 0x04, 0x3f, 0x52, 0xf0, 0x00, 0x3f, 0x18, 0xea, 0xf0, 0x3e,
  0xbf, 0x2b, 0xd6, 0x3e, 0x01, 0x68, 0xb1, 0x3e, 0x20, 0x2a, 0x84, 0x3e,
  0x3c, 0x3c, 0x22, 0x3e, 0x22, 0x60, 0x60, 0x3d, 0xab, 0x65, 0x33, 0xbd,
  0xe6, 0xe2, 0x04, 0xbe, 0xab, 0xc9, 0x48, 0xbe, 0x87, 0x97, 0x76, 0xbe,
  0xc2, 0xb3, 0x86, 0xbe, 0xc5, 0x07, 0x89, 0xbe, 0xb3, 0xe4, 0x83, 0xbe,
  0xb5, 0xbb, 0x74, 0xbe, 0xe5, 0xb3, 0x59, 0xbe, 0x41, 0x32, 0x38, 0xbe,
  0x2c, 0xeb, 0x0b, 0xbe, 0x57, 0x33, 0xa5, 0xbd, 0xf1, 0x04, 0xf0, 0xbb,
  0xa7, 0x9a, 0xaa, 0x3d, 0x16, 0xad, 0x42, 0x3e, 0x55, 0x19, 0x9d, 0x3e,
  0x1c, 0xf3, 0xd9, 0x3e, 0xc4, 0x70, 0x09, 0x3f, 0x3e, 0x9a, 0x21, 0x3f,
  0xc1, 0xa9, 0x33, 0x3f, 0x98, 0x6e, 0x3e, 0x3f, 0x5b, 0xdf, 0x41, 0x3f,
  0x58, 0x82, 0x3e, 0x3f, 0xa0, 0xe1, 0x35, 0x3f, 0x3f, 0x77, 0x29, 0x3f,
  0x6b, 0x0d, 0x1b, 0x3f, 0xfe, 0xa9, 0x0b, 0x3f, 0x83, 0xeb, 0xf7, 0x3e,
  0x98, 0x47, 0xd7, 0x3e, 0x89, 0x07, 0xb4, 0x3e, 0xcf, 0x59, 0x8c, 0x3e,
  0x68, 0xe3, 0x3d, 0x3e, 0x81, 0x9e, 0xb0, 0x3d, 0x27, 0x0e, 0xa6, 0xbc,
  0xa6, 0x64, 0x01, 0xbe, 0xe0, 0x63, 0x65, 0xbe, 0x76, 0x3e, 0x9b, 0xbe,
  0x90, 0x5d, 0xb7, 0xbe, 0x02, 0x97, 0xc4, 0xbe, 0x5d, 0xbd, 0xc3, 0xbe,
  0x15, 0x19, 0xb6, 0xbe, 0xcb, 0x54, 0x9f, 0xbe, 0xe5, 0x41, 0x82, 0xbe,
  0x91, 0xb7, 0x44, 0xbe, 0x9b, 0xa8, 0x02, 0xbe, 0x81, 0x2c, 0x82, 0xbd,
  0xa3, 0xba, 0x7c, 0x07, 0x81, 0x2c, 0x82, 0x3d, 0x9b, 0xa8, 0x02, 0x3e,
  0x91, 0xb7, 0x44, 0x3e, 0xe5, 0x41, 0x82, 0x3e, 0xcb, 0x54, 0x9f, 0x3e,
  0x15, 0x19, 0xb6, 0x3e, 0x5d, 0xbd, 0xc3, 0x3e, 0x02, 0x97, 0xc4, 0x3e,
  0x90, 0x5d, 0xb7, 0x3e, 0x76, 0x3e, 0x9b, 0x3e, 0xe0, 0x63, 0x65, 0x3e,
  0xa6, 0x64, 0x01, 0x3e, 0x27, 0x0e, 0xa6, 0x3c, 0x81, 0x9e, 0xb0, 0xbd,
  0x68, 0xe3, 0x3d, 0xbe, 0xcf, 0x59, 0x8c, 0xbe, 0x89, 0x07, 0xb4, 0xbe,
  0x98, 0x47, 0xd7, 0xbe, 0x83, 0xeb, 0xf7, 0xbe, 0xfe, 0xa9, 0x0b, 0xbf,
  0x6b, 0x0d, 0x1b, 0xbf, 0x3f, 0x77, 0x29, 0xbf, 0xa0, 0xe1, 0x35, 0xbf,
  0x58, 0x82, 0x3e, 0xbf, 0x5b, 0xdf, 0x41, 0xbf, 0x98, 0x6e, 0x3e, 0xbf,
  0xc1, 0xa9, 0x33, 0xbf, 0x3e, 0x9a, 0x21, 0xbf, 0xc4, 0x70, 0x09, 0xbf,
  0x1c, 0xf3, 0xd9, 0xbe, 0x55, 0x19, 0x9d, 0xbe, 0x16, 0xad, 0x42, 0xbe,
  0xa7, 0x9a, 0xaa, 0xbd, 0xf1, 0x04, 0xf0, 0x3b, 0x57, 0x33, 0xa5, 0x3d,
  0x2c, 0xeb, 0x0b, 0x3e, 0x41, 0x32, 0x38, 0x3e, 0xe5, 0xb3, 0x59, 0x3e,
  0xb5, 0xbb, 0x74, 0x3e, 0xb3, 0xe4, 0x83, 0x3e, 0xc5, 0x07, 0x89, 0x3e,
  0xc2, 0xb3, 0x86, 0x3e, 0x87, 0x97, 0x76, 0x3e, 0xab, 0xc9, 0x48, 0x3e,
  0xe6, 0xe2, 0x04, 0x3e, 0xab, 0x65, 0x33, 0x3d, 0x22, 0x60, 0x60, 0xbd,
  0x3c, 0x3c, 0x22, 0xbe, 0x20, 0x2a, 0x84, 0xbe, 0x01, 0x68, 0xb1, 0xbe,
  0xbf, 0x2b, 0xd6, 0xbe, 0x18, 0xea, 0xf0, 0xbe, 0x52, 0xf0, 0x00, 0xbf,
  0xd3, 0xcb, 0x04, 0xbf, 0x93, 0xf9, 0x04, 0xbf, 0x13, 0xe3, 0x01, 0xbf,
  0xc1, 0x80, 0xf8, 0xbe, 0x7c, 0xab, 0xe7, 0xbe, 0xf6, 0x35, 0xd1, 0xbe,
  0x91, 0x6d, 0xb3, 0xbe, 0x47, 0x9e, 0x8d, 0xbe, 0xc8, 0x6d, 0x3d, 0xbe,
  0x79, 0x03, 0x9e, 0xbd, 0xa3, 0xc7, 0x32, 0x3d, 0xc6, 0xbd, 0x2e, 0x3e,
  0x6a, 0x2b, 0x97, 0x3e, 0x98, 0x27, 0xd1, 0x3e, 0x90, 0x79, 0x00, 0x3f,
  0xa9, 0x02, 0x12, 0x3f, 0xa8, 0x70, 0x1c, 0x3f, 0xaa, 0x54, 0x20, 0x3f,
  0x02, 0x88, 0x1e, 0x3f, 0x9f, 0xbb, 0x18, 0x3f, 0xa4, 0x2d, 0x10, 0x3f,
  0xac, 0x2b, 0x06, 0x3f, 0x51, 0x31, 0xf6, 0x3e, 0x37, 0x18, 0xde, 0x3e,
  0x6a, 0xe4, 0xc2, 0x3e, 0xf4, 0x46, 0xa3, 0x3e, 0x67, 0x75, 0x7c, 0x3e,
  0x52, 0xda, 0x26, 0x3e, 0xa2, 0xc0, 0x91, 0x3d, 0x89, 0xb0, 0xc6, 0xbc,
  0xce, 0x66, 0xea, 0xbd, 0x47, 0x73, 0x44, 0xbe, 0x04, 0x95, 0x7c, 0xbe,
  0xe1, 0x8f, 0x8c, 0xbe, 0x2c, 0xfa, 0x8a, 0xbe, 0xc2, 0x9f, 0x76, 0xbe,
  0x46, 0xd9, 0x3e, 0xbe, 0xe5, 0xf2, 0xef, 0xbd, 0x33, 0x9e, 0x21, 0xbd,
  0x2a, 0x4d, 0x20, 0x3d, 0xd1, 0x2a, 0xee, 0x3d, 0x91, 0x0a, 0x43, 0x3e,
  0x3f, 0x2e, 0x87, 0x3e, 0x7b, 0x7e, 0xad, 0x3e, 0xc9, 0x55, 0xd5, 0x3e,
  0x65, 0x4c, 0xfe, 0x3e, 0x25, 0x2a, 0x13, 0x3f, 0x6b, 0x38, 0x25, 0x3f,
  0x68, 0x2a, 0x33, 0x3f, 0x25, 0x4d, 0x3b, 0x3f, 0x6b, 0xf8, 0x3b, 0x3f,
  0xe3, 0xd6, 0x34, 0x3f, 0x1c, 0x0c, 0x26, 0x3f, 0xb0, 0x21, 0x11, 0x3f,
  0x51, 0x96, 0xef, 0x3e, 0x92, 0xb6, 0xb8, 0x3e, 0xfe, 0x48, 0x81, 0x3e,
  0x17, 0xa0, 0x18, 0x3e, 0x2b, 0x4d, 0x59, 0x3d, 0x0b, 0x5c, 0x12, 0xbd,
  0xfd, 0xc8, 0xf3, 0xbd, 0xcf, 0x22, 0x4d, 0xbe, 0x04, 0xbf, 0x8f, 0xbe,
  0xc1, 0xf3, 0xb8, 0xbe, 0x86, 0x1b, 0xe0, 0xbe, 0x45, 0x8c, 0x01, 0xbf,
  0x1a, 0xc6, 0x0e, 0xbf, 0x9d, 0x41, 0x16, 0xbf, 0x94, 0x2c, 0x16, 0xbf,
  0x96, 0x40, 0x0e, 0xbf, 0xaf, 0xff, 0xfc, 0xbe, 0x02, 0x29, 0xd1, 0xbe,
  0xf3, 0xa9, 0x9c, 0xbe, 0x8d, 0xc8, 0x49, 0xbe, 0x39, 0x33, 0xb9, 0xbd,
  0xf6, 0x58, 0xc9, 0x3b, 0xc4, 0xf0, 0xb4, 0x3d, 0x26, 0xbc, 0x1e, 0x3e,
  0xf0, 0x05, 0x54, 0x3e, 0x86, 0xb0, 0x7d, 0x3e, 0xa8, 0xe9, 0x8e, 0x3e,
  0xcb, 0x7a, 0x9b, 0x3e, 0x22, 0xd7, 0xa3, 0x3e, 0x12, 0x47, 0xa7, 0x3e,
  0xe4, 0x48, 0xa3, 0x3e, 0x9d, 0x4d, 0x96, 0x3e, 0x69, 0xc4, 0x7c, 0x3e,
  0xb9, 0x88, 0x37, 0x3e, 0xef, 0x52, 0xbe, 0x3d, 0xae, 0xa2, 0xb4, 0xbb,
  0xd8, 0x7f, 0xdd, 0xbd, 0x43, 0xe6, 0x52, 0xbe, 0x78, 0xf2, 0x94, 0xbe,
  0xa1, 0x4f, 0xb7, 0xbe, 0x11, 0x45, 0xcf, 0xbe, 0x1b, 0xe0, 0xdd, 0xbe,
  0x8d, 0x81, 0xe4, 0xbe, 0x5d, 0xd6, 0xe5, 0xbe, 0x81, 0xf2, 0xe2, 0xbe,
  0xbf, 0xee, 0xdc, 0xbe, 0x26, 0x63, 0xd2, 0xbe, 0x64, 0x02, 0xc2, 0xbe,
  0xb2, 0x02, 0xa9, 0xbe, 0x9d, 0xff, 0x85, 0xbe, 0x8e, 0xf8, 0x2f, 0xbe,
  0xce, 0x1e, 0x81, 0xbd, 0x23, 0x1b, 0x73, 0x3d, 0x6c, 0x70, 0x3f, 0x3e,
  0x10, 0x84, 0x9e, 0x3e, 0x00, 0x05, 0xd6, 0x3e, 0x30, 0xe8, 0x00, 0x3f,
  0xda, 0xed, 0x0f, 0x3f, 0x3b, 0x8a, 0x17, 0x3f, 0x4a, 0xad, 0x18, 0x3f,
  0x50, 0x5e, 0x14, 0x3f, 0x13, 0x95, 0x0c, 0x3f, 0x16, 0x83, 0x02, 0x3f,
  0x84, 0xe8, 0xee, 0x3e, 0x5b, 0xb9, 0xd6, 0x3e, 0xa2, 0x02, 0xbc, 0x3e,
  0x95, 0x76, 0x9c, 0x3e, 0x2e, 0x0e, 0x6d, 0x3e, 0xa5, 0x0f, 0x12, 0x3e,
  0x0a, 0x67, 0x26, 0x3d, 0x68, 0x0c, 0x8e, 0xbd, 0x90, 0x90, 0x37, 0xbe,
  0x35, 0xbe, 0x8e, 0xbe, 0x9a, 0xfd, 0xb7, 0xbe, 0xe3, 0xba, 0xd3, 0xbe,
  0xfc, 0xfb, 0xe0, 0xbe, 0xfa, 0xf7, 0xdf, 0xbe, 0xd8, 0x95, 0xd3, 0xbe,
  0x77, 0xc9, 0xbe, 0xbe, 0x91, 0x80, 0xa5, 0xbe, 0xde, 0x20, 0x8a, 0xbe,
  0xd7, 0xff, 0x5c, 0xbe, 0xcd, 0x32, 0x25, 0xbe, 0xa7, 0x76, 0xd6, 0xbd,
  0x8e, 0x8b, 0x31, 0xbd, 0xd8, 0xb0, 0xd0, 0x3c, 0x95, 0xbb, 0xcf, 0x3d,
  0x47, 0x55, 0x3b, 0x3e, 0x1a, 0x98, 0x86, 0x3e, 0xce, 0x25, 0xab, 0x3e,
  0x1f, 0x80, 0xc5, 0x3e, 0x6e, 0x2b, 0xd2, 0x3e, 0x7d, 0x3f, 0xcd, 0x3e,
  0x92, 0x43, 0xb7, 0x3e, 0x34, 0x42, 0x91, 0x3e, 0xfd, 0x0b, 0x41, 0x3e,
  0x11, 0x10, 0xa6, 0x3d, 0x3f, 0x54, 0xd9, 0xbc, 0xe1, 0x85, 0x03, 0xbe,
  0x82, 0x29, 0x61, 0xbe, 0x44, 0x4e, 0x9b, 0xbe, 0x63, 0xa6, 0xc3, 0xbe,
  0x9c, 0xfa, 0xec, 0xbe, 0xb6, 0x9d, 0x0c, 0xbf, 0x9a, 0xa2, 0x24, 0xbf,
  0x43, 0xae, 0x3d, 0xbf, 0xea, 0xeb, 0x55, 0xbf, 0xf6, 0xcb, 0x6a, 0xbf,
  0x98, 0x90, 0x79, 0xbf, 0x00, 0x00, 0x80, 0xbf, 0x2c, 0xd8, 0x7c, 0xbf,
  0xce, 0x33, 0x70, 0xbf, 0xcf, 0x9d, 0x5b, 0xbf, 0x92, 0x9f, 0x41, 0xbf,
  0xc8, 0x85, 0x25, 0xbf, 0x78, 0x2f, 0x0a, 0xbf, 0x61, 0x3e, 0xe4, 0xbe,
  0x57, 0x41, 0xbc, 0xbe, 0xda, 0xb1, 0x9c, 0xbe, 0x12, 0x63, 0x82, 0xbe,
  0x5d, 0x17, 0x56, 0xbe, 0x24, 0xff, 0x25, 0xbe, 0x2c, 0xa9, 0xe9, 0xbd,
  0xa3, 0xc4, 0x85, 0xbd, 0x00, 0x76, 0xcc, 0xbc, 0x8c, 0x32, 0xb9, 0x39,
  0x56, 0xd7, 0x2d, 0xba, 0xb0, 0x48, 0x02, 0xbd, 0x2b, 0x7c, 0xc5, 0xbd,
  0x1d, 0x1c, 0x41, 0xbe, 0xc7, 0xe2, 0x99, 0xbe, 0xf2, 0x01, 0xd6, 0xbe,
  0xbe, 0xf7, 0x07, 0xbf, 0x35, 0x4a, 0x20, 0xbf, 0x7c, 0xe2, 0x31, 0xbf,
  0xd6, 0x26, 0x3c, 0xbf, 0xd4, 0x80, 0x41, 0xbf, 0xb8, 0xf9, 0x42, 0xbf,
  0x4c, 0x5b, 0x41, 0xbf, 0xf8, 0x9a, 0x3f, 0xbf, 0x3c, 0xb0, 0x41, 0xbf,
  0x5a, 0xe1, 0x44, 0xbf, 0x2c, 0x56, 0x42, 0xbf, 0xf9, 0x1d, 0x39, 0xbf,
  0x17, 0xa9, 0x2c, 0xbf, 0x76, 0x5d, 0x16, 0xbf, 0x27, 0x54, 0xd3, 0xbe,
  0x8f, 0x8c, 0x35, 0xbe
};
unsigned int src_PLAITS_2_bin_len = 16384;
