unsigned char src_PLUCK_bin[] = {
  0x01, 0x00, 0xac, 0x3a, 0xff, 0x2f, 0x45, 0x3e, 0x01, 0x88, 0x9f, 0x3e,
  0x01, 0x6c, 0xdc, 0x3e, 0x01, 0xa0, 0x07, 0x3f, 0x00, 0x06, 0x21, 0x3f,
  0xff, 0x1b, 0x34, 0x3f, 0x00, 0x32, 0x47, 0x3f, 0x00, 0x14, 0x54, 0x3f,
  0x00, 0xfc, 0x60, 0x3f, 0x00, 0xd0, 0x68, 0x3f, 0x00, 0xa0, 0x70, 0x3f,
  0x00, 0xe4, 0x74, 0x3f, 0xff, 0x21, 0x79, 0x3f, 0x00, 0x32, 0x7b, 0x3f,
  0x00, 0x3c, 0x7d, 0x3f, 0x01, 0x1e, 0x7e, 0x3f, 0x01, 0x00, 0x7f, 0x3f,
  0x00, 0x58, 0x7f, 0x3f, 0x01, 0xac, 0x7f, 0x3f, 0x00, 0xca, 0x7f, 0x3f,
  0x00, 0xe6, 0x7f, 0x3f, 0x01, 0xf0, 0x7f, 0x3f, 0x00, 0xf8, 0x7f, 0x3f,
  0x01, 0xfc, 0x7f, 0x3f, 0x01, 0xfc, 0x7f, 0x3f, 0x00, 0xfe, 0x7f, 0x3f,
  0x00, 0xfe, 0x7f, 0x3f, 0x00, 0xfe, 0x7f, 0x3f, 0x00, 0xfe, 0x7f, 0x3f,
  0x00, 0xfe, 0x7f, 0x3f, 0x00, 0xfe, 0x7f, 0x3f, 0x00, 0xfe, 0x7f, 0x3f,
  0x00, 0xfe, 0x7f, 0x3f, 0x00, 0xfe, 0x7f, 0x3f, 0x00, 0xfe, 0x7f, 0x3f,
  0x00, 0xfe, 0x7f, 0x3f, 0x00, 0xfe, 0x7f, 0x3f, 0x00, 0xfe, 0x7f, 0x3f,
  0x00, 0xfe, 0x7f, 0x3f, 0x00, 0xfe, 0x7f, 0x3f, 0x00, 0xfe, 0x7f, 0x3f,
  0x00, 0xfe, 0x7f, 0x3f, 0x00, 0xfe, 0x7f, 0x3f, 0x00, 0xfe, 0x7f, 0x3f,
  0x00, 0xfe, 0x7f, 0x3f, 0x00, 0xfe, 0x7f, 0x3f, 0x00, 0xfe, 0x7f, 0x3f,
  0x00, 0xfe, 0x7f, 0x3f, 0x00, 0xfe, 0x7f, 0x3f, 0x00, 0xfe, 0x7f, 0x3f,
  0x00, 0xfe, 0x7f, 0x3f, 0x00, 0xfe, 0x7f, 0x3f, 0x00, 0xfe, 0x7f, 0x3f,
  0x00, 0xfe, 0x7f, 0x3f, 0x00, 0xfe, 0x7f, 0x3f, 0x00, 0xfe, 0x7f, 0x3f,
  0x00, 0xfe, 0x7f, 0x3f, 0x00, 0xfe, 0x7f, 0x3f, 0x00, 0xfe, 0x7f, 0x3f,
  0x00, 0xfe, 0x7f, 0x3f, 0x00, 0xfe, 0x7f, 0x3f, 0x00, 0xfe, 0x7f, 0x3f,
  0x00, 0xfe, 0x7f, 0x3f, 0x00, 0xfe, 0x7f, 0x3f, 0x00, 0xfe, 0x7f, 0x3f,
  0x00, 0xfe, 0x7f, 0x3f, 0x00, 0xfe, 0x7f, 0x3f, 0x00, 0xfe, 0x7f, 0x3f,
  0x00, 0xfe, 0x7f, 0x3f, 0x00, 0xfe, 0x7f, 0x3f, 0x00, 0xfe, 0x7f, 0x3f,
  0x00, 0xfe, 0x7f, 0x3f, 0x00, 0xfe, 0x7f, 0x3f, 0x00, 0xfe, 0x7f, 0x3f,
  0x00, 0xfe, 0x7f, 0x3f, 0x00, 0xfe, 0x7f, 0x3f, 0x00, 0xfe, 0x7f, 0x3f,
  0x00, 0xfe, 0x7f, 0x3f, 0x00, 0xfe, 0x7f, 0x3f, 0x00, 0xfe, 0x7f, 0x3f,
  0x00, 0xfe, 0x7f, 0x3f, 0x00, 0xfe, 0x7f, 0x3f, 0x00, 0xfe, 0x7f, 0x3f,
  0x00, 0xfe, 0x7f, 0x3f, 0x00, 0xfe, 0x7f, 0x3f, 0x00, 0xfe, 0x7f, 0x3f,
  0x00, 0xfe, 0x7f, 0x3f, 0x00, 0xfe, 0x7f, 0x3f, 0x00, 0xfe, 0x7f, 0x3f,
  0x00, 0xfe, 0x7f, 0x3f, 0x00, 0xfe, 0x7f, 0x3f, 0x00, 0xfe, 0x7f, 0x3f,
  0x00, 0xfe, 0x7f, 0x3f, 0x00, 0xfe, 0x7f, 0x3f, 0x00, 0xfe, 0x7f, 0x3f,
  0x00, 0xfe, 0x7f, 0x3f, 0x00, 0xfe, 0x7f, 0x3f, 0x00, 0xfe, 0x7f, 0x3f,
  0x00, 0xfe, 0x7f, 0x3f, 0x00, 0xfe, 0x7f, 0x3f, 0x00, 0xfe, 0x7f, 0x3f,
  0x00, 0xfe, 0x7f, 0x3f, 0x00, 0xfe, 0x7f, 0x3f, 0x00, 0xfe, 0x7f, 0x3f,
  0x00, 0xfe, 0x7f, 0x3f, 0x00, 0xfe, 0x7f, 0x3f, 0x00, 0xfe, 0x7f, 0x3f,
  0x00, 0xfe, 0x7f, 0x3f, 0x00, 0xfe, 0x7f, 0x3f, 0x00, 0xfe, 0x7f, 0x3f,
  0x00, 0xfe, 0x7f, 0x3f, 0x00, 0xfe, 0x7f, 0x3f, 0x00, 0xfe, 0x7f, 0x3f,
  0x00, 0xfe, 0x7f, 0x3f, 0x00, 0xfe, 0x7f, 0x3f, 0x00, 0xfe, 0x7f, 0x3f,
  0x00, 0xfe, 0x7f, 0x3f, 0x00, 0xfe, 0x7f, 0x3f, 0x00, 0xfe, 0x7f, 0x3f,
  0x00, 0xfe, 0x7f, 0x3f, 0x00, 0xfe, 0x7f, 0x3f, 0x00, 0xfe, 0x7f, 0x3f,
  0x00, 0xfe, 0x7f, 0x3f, 0x00, 0xfe, 0x7f, 0x3f, 0x00, 0xfe, 0x7f, 0x3f,
  0x00, 0xfe, 0x7f, 0x3f, 0x00, 0xfe, 0x7f, 0x3f, 0x00, 0xfe, 0x7f, 0x3f,
  0x00, 0xfe, 0x7f, 0x3f, 0x00, 0xfe, 0x7f, 0x3f, 0x00, 0xfe, 0x7f, 0x3f,
  0x00, 0xfe, 0x7f, 0x3f, 0x00, 0xfe, 0x7f, 0x3f, 0x00, 0xfe, 0x7f, 0x3f,
  0x00, 0xfe, 0x7f, 0x3f, 0x00, 0xfe, 0x7f, 0x3f, 0x00, 0xfe, 0x7f, 0x3f,
  0x00, 0xfe, 0x7f, 0x3f, 0x00, 0xfe, 0x7f, 0x3f, 0x00, 0xfe, 0x7f, 0x3f,
  0x00, 0xfe, 0x7f, 0x3f, 0x00, 0xfe, 0x7f, 0x3f, 0x00, 0xfe, 0x7f, 0x3f,
  0x00, 0xfe, 0x7f, 0x3f, 0x00, 0xfe, 0x7f, 0x3f, 0x00, 0xfe, 0x7f, 0x3f,
  0x00, 0xfe, 0x7f, 0x3f, 0x00, 0xfe, 0x7f, 0x3f, 0x00, 0xfe, 0x7f, 0x3f,
  0x00, 0xfe, 0x7f, 0x3f, 0x00, 0xfe, 0x7f, 0x3f, 0x00, 0xfe, 0x7f, 0x3f,
  0x00, 0xfe, 0x7f, 0x3f, 0x00, 0xfe, 0x7f, 0x3f, 0x00, 0xfe, 0x7f, 0x3f,
  0x00, 0xfe, 0x7f, 0x3f, 0x00, 0xfe, 0x7f, 0x3f, 0x00, 0xfe, 0x7f, 0x3f,
  0x00, 0xfe, 0x7f, 0x3f, 0x00, 0xfe, 0x7f, 0x3f, 0x00, 0xfe, 0x7f, 0x3f,
  0x00, 0xfe, 0x7f, 0x3f, 0x00, 0xfe, 0x7f, 0x3f, 0x00, 0xfe, 0x7f, 0x3f,
  0x00, 0xfe, 0x7f, 0x3f, 0x00, 0xfe, 0x7f, 0x3f, 0x00, 0xfe, 0x7f, 0x3f,
  0x00, 0xfe, 0x7f, 0x3f, 0x00, 0xfe, 0x7f, 0x3f, 0x00, 0xfe, 0x7f, 0x3f,
  0x00, 0xfe, 0x7f, 0x3f, 0x00, 0xfe, 0x7f, 0x3f, 0x00, 0xfe, 0x7f, 0x3f,
  0x00, 0xfe, 0x7f, 0x3f, 0x00, 0xfe, 0x7f, 0x3f, 0x00, 0xfe, 0x7f, 0x3f,
  0x00, 0xfe, 0x7f, 0x3f, 0x00, 0xfe, 0x7f, 0x3f, 0x00, 0xfe, 0x7f, 0x3f,
  0x00, 0xfe, 0x7f, 0x3f, 0x00, 0xfe, 0x7f, 0x3f, 0x00, 0xfe, 0x7f, 0x3f,
  0x00, 0xfe, 0x7f, 0x3f, 0x00, 0xfe, 0x7f, 0x3f, 0x00, 0xfe, 0x7f, 0x3f,
  0x00, 0xfe, 0x7f, 0x3f, 0x00, 0xfe, 0x7f, 0x3f, 0x00, 0xfe, 0x7f, 0x3f,
  0x00, 0xfe, 0x7f, 0x3f, 0x00, 0xfe, 0x7f, 0x3f, 0x00, 0xfe, 0x7f, 0x3f,
  0x00, 0xfe, 0x7f, 0x3f, 0x00, 0xfe, 0x7f, 0x3f, 0x00, 0xfe, 0x7f, 0x3f,
  0x00, 0xfe, 0x7f, 0x3f, 0x00, 0xfe, 0x7f, 0x3f, 0x00, 0xfe, 0x7f, 0x3f,
  0x00, 0xfe, 0x7f, 0x3f, 0x00, 0xfe, 0x7f, 0x3f, 0x00, 0xfe, 0x7f, 0x3f,
  0x00, 0xfe, 0x7f, 0x3f, 0x00, 0xfe, 0x7f, 0x3f, 0x00, 0xfe, 0x7f, 0x3f,
  0x00, 0xfe, 0x7f, 0x3f, 0x00, 0xfe, 0x7f, 0x3f, 0x00, 0xfe, 0x7f, 0x3f,
  0x00, 0xfe, 0x7f, 0x3f, 0x00, 0xfe, 0x7f, 0x3f, 0x00, 0xfe, 0x7f, 0x3f,
  0x00, 0xfe, 0x7f, 0x3f, 0x00, 0xfe, 0x7f, 0x3f, 0x00, 0xfe, 0x7f, 0x3f,
  0x00, 0xfe, 0x7f, 0x3f, 0x00, 0xfe, 0x7f, 0x3f, 0x00, 0xfe, 0x7f, 0x3f,
  0x00, 0xfe, 0x7f, 0x3f, 0x00, 0xfe, 0x7f, 0x3f, 0x00, 0xfe, 0x7f, 0x3f,
  0x00, 0xfe, 0x7f, 0x3f, 0x00, 0xfe, 0x7f, 0x3f, 0x00, 0xfe, 0x7f, 0x3f,
  0x00, 0xfe, 0x7f, 0x3f, 0x00, 0xfe, 0x7f, 0x3f, 0x00, 0xfe, 0x7f, 0x3f,
  0x00, 0xfe, 0x7f, 0x3f, 0x00, 0xfe, 0x7f, 0x3f, 0x00, 0xfe, 0x7f, 0x3f,
  0x00, 0xfe, 0x7f, 0x3f, 0x00, 0xfe, 0x7f, 0x3f, 0x00, 0xfe, 0x7f, 0x3f,
  0x00, 0xfe, 0x7f, 0x3f, 0x00, 0xfe, 0x7f, 0x3f, 0x00, 0xfe, 0x7f, 0x3f,
  0x00, 0xfe, 0x7f, 0x3f, 0x00, 0xfe, 0x7f, 0x3f, 0x00, 0xfe, 0x7f, 0x3f,
  0x00, 0xfe, 0x7f, 0x3f, 0x00, 0xfe, 0x7f, 0x3f, 0x00, 0xfe, 0x7f, 0x3f,
  0x00, 0xfe, 0x7f, 0x3f, 0x00, 0xfe, 0x7f, 0x3f, 0x00, 0xfe, 0x7f, 0x3f,
  0x00, 0xfe, 0x7f, 0x3f, 0x00, 0xfe, 0x7f, 0x3f, 0x00, 0xfe, 0x7f, 0x3f,
  0x00, 0xfe, 0x7f, 0x3f, 0x00, 0xfe, 0x7f, 0x3f, 0x00, 0xfe, 0x7f, 0x3f,
  0x00, 0xfe, 0x7f, 0x3f, 0x00, 0xfe, 0x7f, 0x3f, 0x00, 0xfe, 0x7f, 0x3f,
  0x00, 0xfe, 0x7f, 0x3f, 0x00, 0xfe, 0x7f, 0x3f, 0x00, 0xfe, 0x7f, 0x3f,
  0x00, 0xfe, 0x7f, 0x3f, 0x00, 0xfe, 0x7f, 0x3f, 0x00, 0xfe, 0x7f, 0x3f,
  0x00, 0xfe, 0x7f, 0x3f, 0x00, 0xfe, 0x7f, 0x3f, 0x00, 0xfe, 0x7f, 0x3f,
  0x00, 0xfe, 0x7f, 0x3f, 0x00, 0xfe, 0x7f, 0x3f, 0x00, 0xfe, 0x7f, 0x3f,
  0x00, 0xfe, 0x7f, 0x3f, 0x00, 0xfe, 0x7f, 0x3f, 0x00, 0xfe, 0x7f, 0x3f,
  0x00, 0xfe, 0x7f, 0x3f, 0x00, 0xfe, 0x7f, 0x3f, 0x00, 0xfe, 0x7f, 0x3f,
  0x00, 0xfe, 0x7f, 0x3f, 0x00, 0xfe, 0x7f, 0x3f, 0x00, 0xfe, 0x7f, 0x3f,
  0x00, 0xfe, 0x7f, 0x3f, 0x00, 0xfe, 0x7f, 0x3f, 0x00, 0xfe, 0x7f, 0x3f,
  0x01, 0xfc, 0x7f, 0x3f, 0x01, 0xfc, 0x7f, 0x3f, 0x01, 0xf0, 0x7f, 0x3f,
  0x01, 0xe4, 0x7f, 0x3f, 0x00, 0xba, 0x7f, 0x3f, 0xff, 0x91, 0x7f, 0x3f,
  0x01, 0x24, 0x7f, 0x3f, 0x00, 0xb4, 0x7e, 0x3f, 0x01, 0x94, 0x7d, 0x3f,
  0xff, 0x75, 0x7c, 0x3f, 0xff, 0xed, 0x79, 0x3f, 0x00, 0x6a, 0x77, 0x3f,
  0x00, 0x5c, 0x72, 0x3f, 0x01, 0x50, 0x6d, 0x3f, 0x00, 0x50, 0x64, 0x3f,
  0xff, 0x4d, 0x5b, 0x3f, 0xff, 0xe7, 0x4c, 0x3f, 0xff, 0x81, 0x3e, 0x3f,
  0x00, 0xca, 0x29, 0x3f, 0x00, 0x12, 0x15, 0x3f, 0xff, 0x8f, 0xf4, 0x3e,
  0xff, 0xf3, 0xbe, 0x3e, 0x01, 0x68, 0x80, 0x3e, 0xff, 0xbf, 0x03, 0x3e,
  0x01, 0x00, 0x00, 0x38, 0xff, 0x97, 0x03, 0xbe, 0x00, 0x58, 0x80, 0xbe,
  0xff, 0xdf, 0xbe, 0xbe, 0x01, 0x84, 0xf4, 0xbe, 0x01, 0x0c, 0x15, 0xbf,
  0x00, 0xc6, 0x29, 0xbf, 0x00, 0x7e, 0x3e, 0xbf, 0xff, 0xe7, 0x4c, 0xbf,
  0x00, 0x4c, 0x5b, 0xbf, 0x00, 0x50, 0x64, 0xbf, 0x01, 0x50, 0x6d, 0xbf,
  0x00, 0x5e, 0x72, 0xbf, 0x00, 0x6a, 0x77, 0xbf, 0xff, 0xed, 0x79, 0xbf,
  0xff, 0x75, 0x7c, 0xbf, 0x01, 0x94, 0x7d, 0xbf, 0x00, 0xb4, 0x7e, 0xbf,
  0x01, 0x24, 0x7f, 0xbf, 0xff, 0x91, 0x7f, 0xbf, 0x00, 0xba, 0x7f, 0xbf,
  0x01, 0xe4, 0x7f, 0xbf, 0x01, 0xf0, 0x7f, 0xbf, 0x01, 0xfc, 0x7f, 0xbf,
  0x01, 0xfc, 0x7f, 0xbf, 0x00, 0xfe, 0x7f, 0xbf, 0x00, 0xfe, 0x7f, 0xbf,
  0x00, 0xfe, 0x7f, 0xbf, 0x00, 0xfe, 0x7f, 0xbf, 0x00, 0xfe, 0x7f, 0xbf,
  0x00, 0xfe, 0x7f, 0xbf, 0x00, 0xfe, 0x7f, 0xbf, 0x00, 0xfe, 0x7f, 0xbf,
  0x00, 0xfe, 0x7f, 0xbf, 0x00, 0xfe, 0x7f, 0xbf, 0x00, 0xfe, 0x7f, 0xbf,
  0x00, 0xfe, 0x7f, 0xbf, 0x00, 0xfe, 0x7f, 0xbf, 0x00, 0xfe, 0x7f, 0xbf,
  0x00, 0xfe, 0x7f, 0xbf, 0x00, 0xfe, 0x7f, 0xbf, 0x00, 0xfe, 0x7f, 0xbf,
  0x00, 0xfe, 0x7f, 0xbf, 0x00, 0xfe, 0x7f, 0xbf, 0x00, 0xfe, 0x7f, 0xbf,
  0x00, 0xfe, 0x7f, 0xbf, 0x00, 0xfe, 0x7f, 0xbf, 0x00, 0xfe, 0x7f, 0xbf,
  0x00, 0xfe, 0x7f, 0xbf, 0x00, 0xfe, 0x7f, 0xbf, 0x00, 0xfe, 0x7f, 0xbf,
  0x00, 0xfe, 0x7f, 0xbf, 0x00, 0xfe, 0x7f, 0xbf, 0x00, 0xfe, 0x7f, 0xbf,
  0x00, 0xfe, 0x7f, 0xbf, 0x00, 0xfe, 0x7f, 0xbf, 0x00, 0xfe, 0x7f, 0xbf,
  0x00, 0xfe, 0x7f, 0xbf, 0x00, 0xfe, 0x7f, 0xbf, 0x00, 0xfe, 0x7f, 0xbf,
  0x00, 0xfe, 0x7f, 0xbf, 0x00, 0xfe, 0x7f, 0xbf, 0x00, 0xfe, 0x7f, 0xbf,
  0x00, 0xfe, 0x7f, 0xbf, 0x00, 0xfe, 0x7f, 0xbf, 0x00, 0xfe, 0x7f, 0xbf,
  0x00, 0xfe, 0x7f, 0xbf, 0x00, 0xfe, 0x7f, 0xbf, 0x00, 0xfe, 0x7f, 0xbf,
  0x00, 0xfe, 0x7f, 0xbf, 0x00, 0xfe, 0x7f, 0xbf, 0x00, 0xfe, 0x7f, 0xbf,
  0x00, 0xfe, 0x7f, 0xbf, 0x00, 0xfe, 0x7f, 0xbf, 0x00, 0xfe, 0x7f, 0xbf,
  0x00, 0xfe, 0x7f, 0xbf, 0x00, 0xfe, 0x7f, 0xbf, 0x00, 0xfe, 0x7f, 0xbf,
  0x00, 0xfe, 0x7f, 0xbf, 0x00, 0xfe, 0x7f, 0xbf, 0x00, 0xfe, 0x7f, 0xbf,
  0x00, 0xfe, 0x7f, 0xbf, 0x00, 0xfe, 0x7f, 0xbf, 0x00, 0xfe, 0x7f, 0xbf,
  0x00, 0xfe, 0x7f, 0xbf, 0x00, 0xfe, 0x7f, 0xbf, 0x00, 0xfe, 0x7f, 0xbf,
  0x00, 0xfe, 0x7f, 0xbf, 0x00, 0xfe, 0x7f, 0xbf, 0x00, 0xfe, 0x7f, 0xbf,
  0x00, 0xfe, 0x7f, 0xbf, 0x00, 0xfe, 0x7f, 0xbf, 0x00, 0xfe, 0x7f, 0xbf,
  0x00, 0xfe, 0x7f, 0xbf, 0x00, 0xfe, 0x7f, 0xbf, 0x00, 0xfe, 0x7f, 0xbf,
  0x00, 0xfe, 0x7f, 0xbf, 0x00, 0xfe, 0x7f, 0xbf, 0x00, 0xfe, 0x7f, 0xbf,
  0x00, 0xfe, 0x7f, 0xbf, 0x00, 0xfe, 0x7f, 0xbf, 0x00, 0xfe, 0x7f, 0xbf,
  0x00, 0xfe, 0x7f, 0xbf, 0x00, 0xfe, 0x7f, 0xbf, 0x00, 0xfe, 0x7f, 0xbf,
  0x00, 0xfe, 0x7f, 0xbf, 0x00, 0xfe, 0x7f, 0xbf, 0x00, 0xfe, 0x7f, 0xbf,
  0x00, 0xfe, 0x7f, 0xbf, 0x00, 0xfe, 0x7f, 0xbf, 0x00, 0xfe, 0x7f, 0xbf,
  0x00, 0xfe, 0x7f, 0xbf, 0x00, 0xfe, 0x7f, 0xbf, 0x00, 0xfe, 0x7f, 0xbf,
  0x00, 0xfe, 0x7f, 0xbf, 0x00, 0xfe, 0x7f, 0xbf, 0x00, 0xfe, 0x7f, 0xbf,
  0x00, 0xfe, 0x7f, 0xbf, 0x00, 0xfe, 0x7f, 0xbf, 0x00, 0xfe, 0x7f, 0xbf,
  0x00, 0xfe, 0x7f, 0xbf, 0x00, 0xfe, 0x7f, 0xbf, 0x00, 0xfe, 0x7f, 0xbf,
  0x00, 0xfe, 0x7f, 0xbf, 0x00, 0xfe, 0x7f, 0xbf, 0x00, 0xfe, 0x7f, 0xbf,
  0x00, 0xfe, 0x7f, 0xbf, 0x00, 0xfe, 0x7f, 0xbf, 0x00, 0xfe, 0x7f, 0xbf,
  0x00, 0xfe, 0x7f, 0xbf, 0x00, 0xfe, 0x7f, 0xbf, 0x00, 0xfe, 0x7f, 0xbf,
  0x00, 0xfe, 0x7f, 0xbf, 0x00, 0xfe, 0x7f, 0xbf, 0x00, 0xfe, 0x7f, 0xbf,
  0x00, 0xfe, 0x7f, 0xbf, 0x00, 0xfe, 0x7f, 0xbf, 0x00, 0xfe, 0x7f, 0xbf,
  0x00, 0xfe, 0x7f, 0xbf, 0x00, 0xfe, 0x7f, 0xbf, 0x00, 0xfe, 0x7f, 0xbf,
  0x00, 0xfe, 0x7f, 0xbf, 0x00, 0xfe, 0x7f, 0xbf, 0x00, 0xfe, 0x7f, 0xbf,
  0x00, 0xfe, 0x7f, 0xbf, 0x00, 0xfe, 0x7f, 0xbf, 0x00, 0xfe, 0x7f, 0xbf,
  0x00, 0xfe, 0x7f, 0xbf, 0x00, 0xfe, 0x7f, 0xbf, 0x00, 0xfe, 0x7f, 0xbf,
  0x00, 0xfe, 0x7f, 0xbf, 0x00, 0xfe, 0x7f, 0xbf, 0x00, 0xfe, 0x7f, 0xbf,
  0x00, 0xfe, 0x7f, 0xbf, 0x00, 0xfe, 0x7f, 0xbf, 0x00, 0xfe, 0x7f, 0xbf,
  0x00, 0xfe, 0x7f, 0xbf, 0x00, 0xfe, 0x7f, 0xbf, 0x00, 0xfe, 0x7f, 0xbf,
  0x00, 0xfe, 0x7f, 0xbf, 0x00, 0xfe, 0x7f, 0xbf, 0x00, 0xfe, 0x7f, 0xbf,
  0x00, 0xfe, 0x7f, 0xbf, 0x00, 0xfe, 0x7f, 0xbf, 0x00, 0xfe, 0x7f, 0xbf,
  0x00, 0xfe, 0x7f, 0xbf, 0x00, 0xfe, 0x7f, 0xbf, 0x00, 0xfe, 0x7f, 0xbf,
  0x00, 0xfe, 0x7f, 0xbf, 0x00, 0xfe, 0x7f, 0xbf, 0x00, 0xfe, 0x7f, 0xbf,
  0x00, 0xfe, 0x7f, 0xbf, 0x00, 0xfe, 0x7f, 0xbf, 0x00, 0xfe, 0x7f, 0xbf,
  0x00, 0xfe, 0x7f, 0xbf, 0x00, 0xfe, 0x7f, 0xbf, 0x00, 0xfe, 0x7f, 0xbf,
  0x00, 0xfe, 0x7f, 0xbf, 0x00, 0xfe, 0x7f, 0xbf, 0x00, 0xfe, 0x7f, 0xbf,
  0x00, 0xfe, 0x7f, 0xbf, 0x00, 0xfe, 0x7f, 0xbf, 0x00, 0xfe, 0x7f, 0xbf,
  0x00, 0xfe, 0x7f, 0xbf, 0x00, 0xfe, 0x7f, 0xbf, 0x00, 0xfe, 0x7f, 0xbf,
  0x00, 0xfe, 0x7f, 0xbf, 0x00, 0xfe, 0x7f, 0xbf, 0x00, 0xfe, 0x7f, 0xbf,
  0x00, 0xfe, 0x7f, 0xbf, 0x00, 0xfe, 0x7f, 0xbf, 0x00, 0xfe, 0x7f, 0xbf,
  0x00, 0xfe, 0x7f, 0xbf, 0x00, 0xfe, 0x7f, 0xbf, 0x00, 0xfe, 0x7f, 0xbf,
  0x00, 0xfe, 0x7f, 0xbf, 0x00, 0xfe, 0x7f, 0xbf, 0x00, 0xfe, 0x7f, 0xbf,
  0x00, 0xfe, 0x7f, 0xbf, 0x00, 0xfe, 0x7f, 0xbf, 0x00, 0xfe, 0x7f, 0xbf,
  0x00, 0xfe, 0x7f, 0xbf, 0x00, 0xfe, 0x7f, 0xbf, 0x00, 0xfe, 0x7f, 0xbf,
  0x00, 0xfe, 0x7f, 0xbf, 0x00, 0xfe, 0x7f, 0xbf, 0x00, 0xfe, 0x7f, 0xbf,
  0x00, 0xfe, 0x7f, 0xbf, 0x00, 0xfe, 0x7f, 0xbf, 0x00, 0xfe, 0x7f, 0xbf,
  0x00, 0xfe, 0x7f, 0xbf, 0x00, 0xfe, 0x7f, 0xbf, 0x00, 0xfe, 0x7f, 0xbf,
  0x00, 0xfe, 0x7f, 0xbf, 0x00, 0xfe, 0x7f, 0xbf, 0x00, 0xfe, 0x7f, 0xbf,
  0x00, 0xfe, 0x7f, 0xbf, 0x00, 0xfe, 0x7f, 0xbf, 0x00, 0xfe, 0x7f, 0xbf,
  0x00, 0xfe, 0x7f, 0xbf, 0x00, 0xfe, 0x7f, 0xbf, 0x00, 0xfe, 0x7f, 0xbf,
  0x00, 0xfe, 0x7f, 0xbf, 0x00, 0xfe, 0x7f, 0xbf, 0x00, 0xfe, 0x7f, 0xbf,
  0x00, 0xfe, 0x7f, 0xbf, 0x00, 0xfe, 0x7f, 0xbf, 0x00, 0xfe, 0x7f, 0xbf,
  0x00, 0xfe, 0x7f, 0xbf, 0x00, 0xfe, 0x7f, 0xbf, 0x00, 0xfe, 0x7f, 0xbf,
  0x00, 0xfe, 0x7f, 0xbf, 0x00, 0xfe, 0x7f, 0xbf, 0x00, 0xfe, 0x7f, 0xbf,
  0x00, 0xfe, 0x7f, 0xbf, 0x00, 0xfe, 0x7f, 0xbf, 0x00, 0xfe, 0x7f, 0xbf,
  0x00, 0xfe, 0x7f, 0xbf, 0x00, 0xfe, 0x7f, 0xbf, 0x00, 0xfe, 0x7f, 0xbf,
  0x00, 0xfe, 0x7f, 0xbf, 0x00, 0xfe, 0x7f, 0xbf, 0x00, 0xfe, 0x7f, 0xbf,
  0x00, 0xfe, 0x7f, 0xbf, 0x00, 0xfe, 0x7f, 0xbf, 0x00, 0xfe, 0x7f, 0xbf,
  0x00, 0xfe, 0x7f, 0xbf, 0x00, 0xfe, 0x7f, 0xbf, 0x00, 0xfe, 0x7f, 0xbf,
  0x00, 0xfe, 0x7f, 0xbf, 0x00, 0xfe, 0x7f, 0xbf, 0x00, 0xfe, 0x7f, 0xbf,
  0x00, 0xfe, 0x7f, 0xbf, 0x00, 0xfe, 0x7f, 0xbf, 0x00, 0xfe, 0x7f, 0xbf,
  0x00, 0xfe, 0x7f, 0xbf, 0x00, 0xfe, 0x7f, 0xbf, 0x00, 0xfe, 0x7f, 0xbf,
  0x00, 0xfe, 0x7f, 0xbf, 0x00, 0xfe, 0x7f, 0xbf, 0x00, 0xfe, 0x7f, 0xbf,
  0x00, 0xfe, 0x7f, 0xbf, 0x00, 0xfe, 0x7f, 0xbf, 0x00, 0xfe, 0x7f, 0xbf,
  0x00, 0xfe, 0x7f, 0xbf, 0x00, 0xfe, 0x7f, 0xbf, 0x00, 0xfe, 0x7f, 0xbf,
  0x00, 0xfe, 0x7f, 0xbf, 0x00, 0xfe, 0x7f, 0xbf, 0x00, 0xfe, 0x7f, 0xbf,
  0x00, 0xfe, 0x7f, 0xbf, 0x00, 0xfe, 0x7f, 0xbf, 0x00, 0xfe, 0x7f, 0xbf,
  0x00, 0xfe, 0x7f, 0xbf, 0x00, 0xfe, 0x7f, 0xbf, 0x00, 0xfe, 0x7f, 0xbf,
  0x00, 0xfe, 0x7f, 0xbf, 0x01, 0xfc, 0x7f, 0xbf, 0x00, 0xf2, 0x7f, 0xbf,
  0x00, 0xea, 0x7f, 0xbf, 0x00, 0xc8, 0x7f, 0xbf, 0x00, 0xa6, 0x7f, 0xbf,
  0x00, 0x4c, 0x7f, 0xbf, 0x00, 0xee, 0x7e, 0xbf, 0xff, 0xf9, 0x7d, 0xbf,
  0x00, 0x08, 0x7d, 0xbf, 0x00, 0xda, 0x7a, 0xbf, 0xff, 0xaf, 0x78, 0xbf,
  0x00, 0x46, 0x74, 0xbf, 0x01, 0xda, 0x6f, 0xbf, 0xff, 0xd7, 0x67, 0xbf,
  0x00, 0xd2, 0x5f, 0xbf, 0xff, 0xc5, 0x52, 0xbf, 0x00, 0xba, 0x45, 0xbf,
  0x00, 0x96, 0x32, 0xbf, 0xff, 0x6f, 0x1f, 0xbf, 0x00, 0x2c, 0x06, 0xbf,
  0x00, 0xc8, 0xd9, 0xbe, 0x00, 0x80, 0x9d, 0xbe, 0xfe, 0x5f, 0x42, 0xbe,
  0x00, 0x00, 0xc7, 0x3b, 0x05, 0x00, 0x62, 0x3c, 0x02, 0x80, 0xe3, 0x3c,
  0xff, 0xdf, 0x30, 0x3d, 0xff, 0xdf, 0x6f, 0x3d, 0xff, 0x5f, 0x97, 0x3d,
  0x00, 0xa0, 0xb6, 0x3d, 0x04, 0xf0, 0xd5, 0x3d, 0xfd, 0x0f, 0xf5, 0x3d,
  0xfe, 0x2f, 0x0a, 0x3e, 0xff, 0x9f, 0x19, 0x3e, 0x03, 0x00, 0x29, 0x3e,
  0xfe, 0x67, 0x38, 0x3e, 0xff, 0xd7, 0x47, 0x3e, 0xfd, 0xff, 0x56, 0x3e,
  0x02, 0x28, 0x66, 0x3e, 0x03, 0x40, 0x75, 0x3e, 0x00, 0x38, 0x82, 0x3e,
  0x00, 0x9c, 0x89, 0x3e, 0x00, 0xfc, 0x90, 0x3e, 0xff, 0x63, 0x98, 0x3e,
  0xff, 0xbf, 0x9f, 0x3e, 0x00, 0xf0, 0xa6, 0x3e, 0x01, 0x1c, 0xae, 0x3e,
  0xff, 0x43, 0xb5, 0x3e, 0x00, 0x70, 0xbc, 0x3e, 0xff, 0x53, 0xc3, 0x3e,
  0xff, 0x3f, 0xca, 0x3e, 0x00, 0x28, 0xd1, 0x3e, 0x00, 0x14, 0xd8, 0x3e,
  0x00, 0xac, 0xde, 0x3e, 0x01, 0x50, 0xe5, 0x3e, 0xff, 0xef, 0xeb, 0x3e,
  0x00, 0x94, 0xf2, 0x3e, 0x01, 0xdc, 0xf8, 0x3e, 0x00, 0x34, 0xff, 0x3e,
  0x00, 0xc2, 0x02, 0x3f, 0x00, 0xe8, 0x05, 0x3f, 0xff, 0xe7, 0x08, 0x3f,
  0x00, 0xe6, 0x0b, 0x3f, 0x00, 0xe2, 0x0e, 0x3f, 0x00, 0xe0, 0x11, 0x3f,
  0x01, 0xb2, 0x14, 0x3f, 0x00, 0x84, 0x17, 0x3f, 0x01, 0x56, 0x1a, 0x3f,
  0xff, 0x21, 0x1d, 0x3f, 0x00, 0xc8, 0x1f, 0x3f, 0xff, 0x69, 0x22, 0x3f,
  0x00, 0x12, 0x25, 0x3f, 0x00, 0xae, 0x27, 0x3f, 0xff, 0x25, 0x2a, 0x3f,
  0x00, 0x9e, 0x2c, 0x3f, 0x00, 0x14, 0x2f, 0x3f, 0x00, 0x82, 0x31, 0x3f,
  0xff, 0xcb, 0x33, 0x3f, 0x00, 0x16, 0x36, 0x3f, 0x00, 0x5e, 0x38, 0x3f,
  0x00, 0x9c, 0x3a, 0x3f, 0x00, 0xb6, 0x3c, 0x3f, 0x01, 0xd4, 0x3e, 0x3f,
  0x00, 0xf0, 0x40, 0x3f, 0x01, 0x02, 0x43, 0x3f, 0x00, 0xec, 0x44, 0x3f,
  0x00, 0xda, 0x46, 0x3f, 0x01, 0xc8, 0x48, 0x3f, 0x00, 0xa8, 0x4a, 0x3f,
  0x00, 0x66, 0x4c, 0x3f, 0xff, 0x25, 0x4e, 0x3f, 0x01, 0xe4, 0x4f, 0x3f,
  0x00, 0x9a, 0x51, 0x3f, 0x00, 0x30, 0x53, 0x3f, 0xff, 0xc5, 0x54, 0x3f,
  0x00, 0x5e, 0x56, 0x3f, 0x00, 0xe8, 0x57, 0x3f, 0x00, 0x56, 0x59, 0x3f,
  0x00, 0xc2, 0x5a, 0x3f, 0x00, 0x30, 0x5c, 0x3f, 0xff, 0x91, 0x5d, 0x3f,
  0x00, 0xda, 0x5e, 0x3f, 0x00, 0x22, 0x60, 0x3f, 0x00, 0x6a, 0x61, 0x3f,
  0xff, 0xa3, 0x62, 0x3f, 0x00, 0xc6, 0x63, 0x3f, 0x01, 0xea, 0x64, 0x3f,
  0x00, 0x0e, 0x66, 0x3f, 0xff, 0x1f, 0x67, 0x3f, 0x00, 0x22, 0x68, 0x3f,
  0x01, 0x24, 0x69, 0x3f, 0x00, 0x24, 0x6a, 0x3f, 0xff, 0x15, 0x6b, 0x3f,
  0x00, 0xf8, 0x6b, 0x3f, 0x00, 0xda, 0x6c, 0x3f, 0x00, 0xbc, 0x6d, 0x3f,
  0x00, 0x92, 0x6e, 0x3f, 0x00, 0x58, 0x6f, 0x3f, 0x01, 0x1e, 0x70, 0x3f,
  0xff, 0xe7, 0x70, 0x3f, 0xff, 0x9d, 0x71, 0x3f, 0x01, 0x4c, 0x72, 0x3f,
  0x00, 0xfa, 0x72, 0x3f, 0x00, 0xa4, 0x73, 0x3f, 0x00, 0x46, 0x74, 0x3f,
  0x00, 0xda, 0x74, 0x3f, 0x00, 0x6c, 0x75, 0x3f, 0x00, 0x00, 0x76, 0x3f,
  0x00, 0x88, 0x76, 0x3f, 0x00, 0x08, 0x77, 0x3f, 0x00, 0x84, 0x77, 0x3f,
  0x00, 0x02, 0x78, 0x3f, 0xff, 0x75, 0x78, 0x3f, 0x00, 0xe2, 0x78, 0x3f,
  0xff, 0x4d, 0x79, 0x3f, 0x01, 0xb8, 0x79, 0x3f, 0x00, 0x1a, 0x7a, 0x3f,
  0x00, 0x74, 0x7a, 0x3f, 0xff, 0xd1, 0x7a, 0x3f, 0x00, 0x2a, 0x7b, 0x3f,
  0xff, 0x7b, 0x7b, 0x3f, 0xff, 0xcb, 0x7b, 0x3f, 0x00, 0x16, 0x7c, 0x3f,
  0x00, 0x64, 0x7c, 0x3f, 0x00, 0xa8, 0x7c, 0x3f, 0x00, 0xe6, 0x7c, 0x3f,
  0x01, 0x24, 0x7d, 0x3f, 0x00, 0x62, 0x7d, 0x3f, 0x01, 0x96, 0x7d, 0x3f,
  0x00, 0xc8, 0x7d, 0x3f, 0xff, 0xf9, 0x7d, 0x3f, 0x00, 0x2c, 0x7e, 0x3f,
  0x00, 0x5a, 0x7e, 0x3f, 0xff, 0x81, 0x7e, 0x3f, 0x00, 0xa8, 0x7e, 0x3f,
  0x00, 0xd0, 0x7e, 0x3f, 0x00, 0xf2, 0x7e, 0x3f, 0x00, 0x14, 0x7f, 0x3f,
  0x00, 0x30, 0x7f, 0x3f, 0x00, 0x52, 0x7f, 0x3f, 0x01, 0x68, 0x7f, 0x3f,
  0xff, 0x7b, 0x7f, 0x3f, 0xff, 0x91, 0x7f, 0x3f, 0x00, 0xa6, 0x7f, 0x3f,
  0x01, 0xb8, 0x7f, 0x3f, 0x00, 0xc8, 0x7f, 0x3f, 0x00, 0xd4, 0x7f, 0x3f,
  0x01, 0xe4, 0x7f, 0x3f, 0x00, 0xea, 0x7f, 0x3f, 0x01, 0xf0, 0x7f, 0x3f,
  0x00, 0xf6, 0x7f, 0x3f, 0x01, 0xfc, 0x7f, 0x3f, 0x01, 0xfc, 0x7f, 0x3f,
  0x01, 0xfc, 0x7f, 0x3f, 0x00, 0xf8, 0x7f, 0x3f, 0x00, 0xf8, 0x7f, 0x3f,
  0x01, 0xf0, 0x7f, 0x3f, 0x00, 0xea, 0x7f, 0x3f, 0x00, 0xe0, 0x7f, 0x3f,
  0x01, 0xda, 0x7f, 0x3f, 0x00, 0xc8, 0x7f, 0x3f, 0x01, 0xb8, 0x7f, 0x3f,
  0x00, 0xa8, 0x7f, 0x3f, 0x00, 0x98, 0x7f, 0x3f, 0x00, 0x84, 0x7f, 0x3f,
  0x00, 0x6e, 0x7f, 0x3f, 0x00, 0x54, 0x7f, 0x3f, 0x00, 0x3e, 0x7f, 0x3f,
  0x00, 0x1c, 0x7f, 0x3f, 0x00, 0xfa, 0x7e, 0x3f, 0x00, 0xd8, 0x7e, 0x3f,
  0x00, 0xb6, 0x7e, 0x3f, 0xff, 0x8b, 0x7e, 0x3f, 0x01, 0x62, 0x7e, 0x3f,
  0x00, 0x38, 0x7e, 0x3f, 0x00, 0x0c, 0x7e, 0x3f, 0xff, 0xd7, 0x7d, 0x3f,
  0x01, 0xa0, 0x7d, 0x3f, 0x00, 0x6c, 0x7d, 0x3f, 0x00, 0x34, 0x7d, 0x3f,
  0x01, 0xf6, 0x7c, 0x3f, 0x01, 0xb2, 0x7c, 0x3f, 0x00, 0x74, 0x7c, 0x3f,
  0x00, 0x30, 0x7c, 0x3f, 0xff, 0xe1, 0x7b, 0x3f, 0xff, 0x91, 0x7b, 0x3f,
  0xff, 0x43, 0x7b, 0x3f, 0x00, 0xf0, 0x7a, 0x3f, 0x01, 0x90, 0x7a, 0x3f,
  0x00, 0x30, 0x7a, 0x3f, 0x00, 0xd0, 0x79, 0x3f, 0xff, 0x6f, 0x79, 0x3f,
  0xff, 0xfd, 0x78, 0x3f, 0xff, 0x8d, 0x78, 0x3f, 0x01, 0x1e, 0x78, 0x3f,
  0x01, 0xac, 0x77, 0x3f, 0x00, 0x2a, 0x77, 0x3f, 0xff, 0xa3, 0x76, 0x3f,
  0x00, 0x22, 0x76, 0x3f, 0x00, 0x9a, 0x75, 0x3f, 0xff, 0xff, 0x74, 0x3f,
  0x00, 0x64, 0x74, 0x3f, 0x00, 0xca, 0x73, 0x3f, 0xff, 0x2b, 0x73, 0x3f,
  0x00, 0x7a, 0x72, 0x3f, 0x00, 0xc6, 0x71, 0x3f, 0xff, 0x15, 0x71, 0x3f,
  0xff, 0x5f, 0x70, 0x3f, 0x01, 0x94, 0x6f, 0x3f, 0xff, 0xc5, 0x6e, 0x3f,
  0x00, 0xf8, 0x6d, 0x3f, 0x01, 0x24, 0x6d, 0x3f, 0x00, 0x3a, 0x6c, 0x3f,
  0x01, 0x50, 0x6b, 0x3f, 0x00, 0x68, 0x6a, 0x3f, 0x01, 0x74, 0x69, 0x3f,
  0xff, 0x6b, 0x68, 0x3f, 0x00, 0x64, 0x67, 0x3f, 0x00, 0x5a, 0x66, 0x3f,
  0x01, 0x46, 0x65, 0x3f, 0x00, 0x18, 0x64, 0x3f, 0x00, 0xee, 0x62, 0x3f,
  0x00, 0xbe, 0x61, 0x3f, 0x00, 0x86, 0x60, 0x3f, 0x00, 0x36, 0x5f, 0x3f,
  0x00, 0xe6, 0x5d, 0x3f, 0x00, 0x94, 0x5c, 0x3f, 0x00, 0x36, 0x5b, 0x3f,
  0x00, 0xbe, 0x59, 0x3f, 0xff, 0x47, 0x58, 0x3f, 0x00, 0xd0, 0x56, 0x3f,
  0x00, 0x48, 0x55, 0x3f, 0x00, 0xa6, 0x53, 0x3f, 0x00, 0x02, 0x52, 0x3f,
  0xff, 0x5f, 0x50, 0x3f, 0xff, 0xaf, 0x4e, 0x3f, 0x00, 0xe4, 0x4c, 0x3f,
  0x01, 0x18, 0x4b, 0x3f, 0x00, 0x4c, 0x49, 0x3f, 0x00, 0x6c, 0x47, 0x3f,
  0x01, 0x74, 0x45, 0x3f, 0x01, 0x7e, 0x43, 0x3f, 0x00, 0x84, 0x41, 0x3f,
  0x00, 0x76, 0x3f, 0x3f, 0x00, 0x52, 0x3d, 0x3f, 0x00, 0x28, 0x3b, 0x3f,
  0x01, 0x02, 0x39, 0x3f, 0xff, 0xc5, 0x36, 0x3f, 0xff, 0x6b, 0x34, 0x3f,
  0x00, 0x1a, 0x32, 0x3f, 0x00, 0xc8, 0x2f, 0x3f, 0x00, 0x58, 0x2d, 0x3f,
  0x00, 0xd8, 0x2a, 0x3f, 0x00, 0x52, 0x28, 0x3f, 0x00, 0xd2, 0x25, 0x3f,
  0xff, 0x37, 0x23, 0x3f, 0x01, 0x84, 0x20, 0x3f, 0x00, 0xd4, 0x1d, 0x3f,
  0x00, 0x26, 0x1b, 0x3f, 0x00, 0x5a, 0x18, 0x3f, 0xff, 0x7b, 0x15, 0x3f,
  0x00, 0x9e, 0x12, 0x3f, 0x01, 0xc2, 0x0f, 0x3f, 0x01, 0xc8, 0x0c, 0x3f,
  0x00, 0xbe, 0x09, 0x3f, 0x00, 0xb4, 0x06, 0x3f, 0x01, 0xac, 0x03, 0x3f,
  0xff, 0x81, 0x00, 0x3f, 0x02, 0xa0, 0xfa, 0x3e, 0x01, 0x3c, 0xf4, 0x3e,
  0x00, 0xdc, 0xed, 0x3e, 0x01, 0x40, 0xe7, 0x3e, 0xff, 0x8b, 0xe0, 0x3e,
  0x00, 0xdc, 0xd9, 0x3e, 0x02, 0x28, 0xd3, 0x3e, 0xff, 0x47, 0xcc, 0x3e,
  0x01, 0x50, 0xc5, 0x3e, 0xff, 0x57, 0xbe, 0x3e, 0x00, 0x60, 0xb7, 0x3e,
  0xff, 0x33, 0xb0, 0x3e, 0xff, 0xff, 0xa8, 0x3e, 0x00, 0xc8, 0xa1, 0x3e,
  0x01, 0x8c, 0x9a, 0x3e, 0x01, 0x2c, 0x93, 0x3e, 0x00, 0xbc, 0x8b, 0x3e,
  0x02, 0x50, 0x84, 0x3e, 0x01, 0xc0, 0x79, 0x3e, 0x03, 0x98, 0x6a, 0x3e,
  0xfe, 0x6f, 0x5b, 0x3e, 0x02, 0x38, 0x4c, 0x3e, 0xff, 0xff, 0x3c, 0x3e,
  0xfe, 0x8f, 0x2d, 0x3e, 0xff, 0x0f, 0x1e, 0x3e, 0xff, 0x97, 0x0e, 0x3e,
  0x01, 0x30, 0xfe, 0x3d, 0xfd, 0xff, 0xde, 0x3d, 0xff, 0x9f, 0xbf, 0x3d,
  0x01, 0x60, 0xa0, 0x3d, 0x00, 0x20, 0x81, 0x3d, 0x01, 0x40, 0x43, 0x3d,
  0x01, 0x60, 0x04, 0x3d, 0xfe, 0xff, 0x8a, 0x3c, 0xff, 0xff, 0xcf, 0x3a,
  0x05, 0x00, 0x62, 0xbc, 0x02, 0xc0, 0xee, 0xbc, 0x01, 0x60, 0x36, 0xbd,
  0x00, 0x40, 0x75, 0xbd, 0x00, 0x00, 0x9a, 0xbd, 0x00, 0x40, 0xb9, 0xbd,
  0x01, 0x80, 0xd8, 0xbd, 0x00, 0xd0, 0xf7, 0xbd, 0x00, 0x60, 0x0b, 0xbe,
  0xff, 0xdf, 0x1a, 0xbe, 0xfe, 0x5f, 0x2a, 0xbe, 0xfe, 0xd7, 0x39, 0xbe,
  0xff, 0x17, 0x49, 0xbe, 0xfd, 0x3f, 0x58, 0xbe, 0xff, 0x7f, 0x67, 0xbe,
  0x03, 0xb0, 0x76, 0xbe, 0xff, 0xc7, 0x82, 0xbe, 0x00, 0x38, 0x8a, 0xbe,
  0xfe, 0xa3, 0x91, 0xbe, 0x01, 0x0c, 0x99, 0xbe, 0xff, 0x47, 0xa0, 0xbe,
  0x02, 0x84, 0xa7, 0xbe, 0x01, 0xbc, 0xae, 0xbe, 0x01, 0xf0, 0xb5, 0xbe,
  0x00, 0xe4, 0xbc, 0xbe, 0xff, 0xdb, 0xc3, 0xbe, 0x01, 0xd4, 0xca, 0xbe,
  0xff, 0xcb, 0xd1, 0xbe, 0xfe, 0x7b, 0xd8, 0xbe, 0x02, 0x28, 0xdf, 0xbe,
  0x00, 0xdc, 0xe5, 0xbe, 0x01, 0x84, 0xec, 0xbe, 0x01, 0xe8, 0xf2, 0xbe,
  0x00, 0x54, 0xf9, 0xbe, 0x01, 0xb8, 0xff, 0xbe, 0xff, 0x09, 0x03, 0xbf,
  0x00, 0x14, 0x06, 0xbf, 0x00, 0x1e, 0x09, 0xbf, 0xff, 0x25, 0x0c, 0xbf,
  0x01, 0x2e, 0x0f, 0xbf, 0x00, 0x08, 0x12, 0xbf, 0x00, 0xe6, 0x14, 0xbf,
  0x01, 0xc2, 0x17, 0xbf, 0x00, 0x96, 0x1a, 0xbf, 0x00, 0x4a, 0x1d, 0xbf,
  0xff, 0xf9, 0x1f, 0xbf, 0x00, 0xa8, 0x22, 0xbf, 0x01, 0x50, 0x25, 0xbf,
  0x00, 0xd0, 0x27, 0xbf, 0x00, 0x52, 0x2a, 0xbf, 0x01, 0xd4, 0x2c, 0xbf,
  0x00, 0x4c, 0x2f, 0xbf, 0x00, 0xa2, 0x31, 0xbf, 0x00, 0xf4, 0x33, 0xbf,
  0x01, 0x4a, 0x36, 0xbf, 0x01, 0x90, 0x38, 0xbf, 0x00, 0xb8, 0x3a, 0xbf,
  0x01, 0xde, 0x3c, 0xbf, 0x00, 0x06, 0x3f, 0xbf, 0x00, 0x1e, 0x41, 0xbf,
  0x01, 0x18, 0x43, 0xbf, 0x00, 0x0e, 0x45, 0xbf, 0x00, 0x06, 0x47, 0xbf,
  0x00, 0xf0, 0x48, 0xbf, 0xff, 0xb9, 0x4a, 0xbf, 0x00, 0x88, 0x4c, 0xbf,
  0x00, 0x52, 0x4e, 0xbf, 0x00, 0x0e, 0x50, 0xbf, 0x00, 0xb0, 0x51, 0xbf,
  0x00, 0x52, 0x53, 0xbf, 0xff, 0xf3, 0x54, 0xbf, 0x01, 0x84, 0x56, 0xbf,
  0x00, 0xfe, 0x57, 0xbf, 0x01, 0x72, 0x59, 0xbf, 0x00, 0xec, 0x5a, 0xbf,
  0x00, 0x50, 0x5c, 0xbf, 0x01, 0xa0, 0x5d, 0xbf, 0x00, 0xf2, 0x5e, 0xbf,
  0x00, 0x42, 0x60, 0xbf, 0x00, 0x84, 0x61, 0xbf, 0xff, 0xaf, 0x62, 0xbf,
  0x00, 0xdc, 0x63, 0xbf, 0x00, 0x08, 0x65, 0xbf, 0xff, 0x25, 0x66, 0xbf,
  0x01, 0x2e, 0x67, 0xbf, 0x00, 0x38, 0x68, 0xbf, 0x00, 0x3e, 0x69, 0xbf,
  0x00, 0x3a, 0x6a, 0xbf, 0xff, 0x21, 0x6b, 0xbf, 0x00, 0x0e, 0x6c, 0xbf,
  0x01, 0xf6, 0x6c, 0xbf, 0x00, 0xd2, 0x6d, 0xbf, 0x00, 0x9c, 0x6e, 0xbf,
  0x00, 0x6a, 0x6f, 0xbf, 0x00, 0x38, 0x70, 0xbf, 0xff, 0xf3, 0x70, 0xbf,
  0x00, 0xa8, 0x71, 0xbf, 0x01, 0x56, 0x72, 0xbf, 0xff, 0x09, 0x73, 0xbf,
  0x00, 0xae, 0x73, 0xbf, 0x00, 0x46, 0x74, 0xbf, 0x01, 0xe0, 0x74, 0xbf,
  0x01, 0x7e, 0x75, 0xbf, 0x00, 0x0a, 0x76, 0xbf, 0xff, 0x8b, 0x76, 0xbf,
  0x00, 0x0e, 0x77, 0xbf, 0xff, 0x91, 0x77, 0xbf, 0x00, 0x0c, 0x78, 0xbf,
  0x00, 0x7c, 0x78, 0xbf, 0x01, 0xea, 0x78, 0xbf, 0xff, 0x59, 0x79, 0xbf,
  0xff, 0xbf, 0x79, 0xbf, 0x01, 0x1e, 0x7a, 0xbf, 0x00, 0x7e, 0x7a, 0xbf,
  0x01, 0xde, 0x7a, 0xbf, 0x00, 0x32, 0x7b, 0xbf, 0x00, 0x82, 0x7b, 0xbf,
  0x00, 0xd2, 0x7b, 0xbf, 0x00, 0x22, 0x7c, 0xbf, 0x00, 0x66, 0x7c, 0xbf,
  0x00, 0xa8, 0x7c, 0xbf, 0x01, 0xea, 0x7c, 0xbf, 0x00, 0x28, 0x7d, 0xbf,
  0x00, 0x62, 0x7d, 0xbf, 0x00, 0x9a, 0x7d, 0xbf, 0x01, 0xce, 0x7d, 0xbf,
  0x01, 0x06, 0x7e, 0xbf, 0xff, 0x31, 0x7e, 0xbf, 0x00, 0x5a, 0x7e, 0xbf,
  0x00, 0x86, 0x7e, 0xbf, 0x00, 0xae, 0x7e, 0xbf, 0xff, 0xd1, 0x7e, 0xbf,
  0xff, 0xf3, 0x7e, 0xbf, 0x00, 0x1a, 0x7f, 0xbf, 0x00, 0x3c, 0x7f, 0xbf,
  0x00, 0x52, 0x7f, 0xbf, 0x01, 0x68, 0x7f, 0xbf, 0x00, 0x80, 0x7f, 0xbf,
  0x01, 0x96, 0x7f, 0xbf, 0x00, 0xa6, 0x7f, 0xbf, 0x01, 0xb8, 0x7f, 0xbf,
  0x00, 0xc8, 0x7f, 0xbf, 0x01, 0xda, 0x7f, 0xbf, 0x00, 0xe0, 0x7f, 0xbf,
  0x00, 0xea, 0x7f, 0xbf, 0x01, 0xf0, 0x7f, 0xbf, 0x00, 0xf8, 0x7f, 0xbf,
  0x01, 0xfc, 0x7f, 0xbf, 0x01, 0xfc, 0x7f, 0xbf, 0x00, 0xfe, 0x7f, 0xbf,
  0x00, 0xfe, 0x7f, 0xbf, 0x01, 0xfc, 0x7f, 0xbf, 0x00, 0xf6, 0x7f, 0xbf,
  0x01, 0xf0, 0x7f, 0xbf, 0x00, 0xea, 0x7f, 0xbf, 0x01, 0xda, 0x7f, 0xbf,
  0x00, 0xca, 0x7f, 0xbf, 0x00, 0xbe, 0x7f, 0xbf, 0x01, 0xac, 0x7f, 0xbf,
  0x01, 0x96, 0x7f, 0xbf, 0x00, 0x80, 0x7f, 0xbf, 0x01, 0x68, 0x7f, 0xbf,
  0x00, 0x52, 0x7f, 0xbf, 0x00, 0x32, 0x7f, 0xbf, 0x00, 0x14, 0x7f, 0xbf,
  0xff, 0xf3, 0x7e, 0xbf, 0x00, 0xd6, 0x7e, 0xbf, 0x00, 0xae, 0x7e, 0xbf,
  0x00, 0x88, 0x7e, 0xbf, 0xff, 0x5f, 0x7e, 0xbf, 0x00, 0x38, 0x7e, 0xbf,
  0x01, 0x06, 0x7e, 0xbf, 0x00, 0xd2, 0x7d, 0xbf, 0x00, 0x9c, 0x7d, 0xbf,
  0x01, 0x68, 0x7d, 0xbf, 0x00, 0x28, 0x7d, 0xbf, 0x00, 0xec, 0x7c, 0xbf,
  0x00, 0xae, 0x7c, 0xbf, 0x01, 0x6e, 0x7c, 0xbf, 0x00, 0x22, 0x7c, 0xbf,
  0xff, 0xd5, 0x7b, 0xbf, 0xff, 0x87, 0x7b, 0xbf, 0x01, 0x3a, 0x7b, 0xbf,
  0x01, 0xde, 0x7a, 0xbf, 0x01, 0x84, 0x7a, 0xbf, 0x01, 0x2a, 0x7a, 0xbf,
  0x00, 0xca, 0x79, 0xbf, 0x00, 0x5e, 0x79, 0xbf, 0x00, 0xf0, 0x78, 0xbf,
  0x01, 0x84, 0x78, 0xbf, 0x01, 0x12, 0x78, 0xbf, 0x01, 0x96, 0x77, 0xbf,
  0xff, 0x15, 0x77, 0xbf, 0xff, 0x97, 0x76, 0xbf, 0x01, 0x12, 0x76, 0xbf,
  0x01, 0x7e, 0x75, 0xbf, 0x01, 0xea, 0x74, 0xbf, 0x00, 0x58, 0x74, 0xbf,
  0x00, 0xbc, 0x73, 0xbf, 0x00, 0x10, 0x73, 0xbf, 0x01, 0x62, 0x72, 0xbf,
  0x01, 0xb8, 0x71, 0xbf, 0x00, 0x04, 0x71, 0xbf, 0xff, 0x3d, 0x70, 0xbf,
  0x00, 0x78, 0x6f, 0xbf, 0x01, 0xb2, 0x6e, 0xbf, 0xff, 0xe1, 0x6d, 0xbf,
  0xff, 0xff, 0x6c, 0xbf, 0x01, 0x1e, 0x6c, 0xbf, 0x00, 0x3c, 0x6b, 0xbf,
  0x00, 0x50, 0x6a, 0xbf, 0xff, 0x4d, 0x69, 0xbf, 0x00, 0x4e, 0x68, 0xbf,
  0x00, 0x4c, 0x67, 0xbf, 0xff, 0x3d, 0x66, 0xbf, 0x00, 0x1c, 0x65, 0xbf,
  0x00, 0xf6, 0x63, 0xbf, 0x00, 0xce, 0x62, 0xbf, 0x01, 0xa0, 0x61, 0xbf,
  0x01, 0x56, 0x60, 0xbf, 0x00, 0x12, 0x5f, 0xbf, 0x00, 0xca, 0x5d, 0xbf,
  0x00, 0x72, 0x5c, 0xbf, 0x00, 0x04, 0x5b, 0xbf, 0x01, 0x96, 0x59, 0xbf,
  0x01, 0x28, 0x58, 0xbf, 0x00, 0xa8, 0x56, 0xbf, 0x00, 0x10, 0x55, 0xbf,
  0x00, 0x76, 0x53, 0xbf, 0x00, 0xe0, 0x51, 0xbf, 0x00, 0x36, 0x50, 0xbf,
  0x00, 0x72, 0x4e, 0xbf, 0x00, 0xb4, 0x4c, 0xbf, 0x00, 0xf2, 0x4a, 0xbf,
  0x00, 0x1a, 0x49, 0xbf, 0xff, 0x2b, 0x47, 0xbf, 0x00, 0x3e, 0x45, 0xbf,
  0x01, 0x50, 0x43, 0xbf, 0x00, 0x4a, 0x41, 0xbf, 0x01, 0x2e, 0x3f, 0xbf,
  0x00, 0x14, 0x3d, 0xbf, 0x00, 0xf8, 0x3a, 0xbf, 0x00, 0xc4, 0x38, 0xbf,
  0x00, 0x7c, 0x36, 0xbf, 0xff, 0x31, 0x34, 0xbf, 0x00, 0xec, 0x31, 0xbf,
  0x00, 0x86, 0x2f, 0xbf, 0x00, 0x0e, 0x2d, 0xbf, 0x01, 0x9a, 0x2a, 0xbf,
  0x00, 0x22, 0x28, 0xbf, 0x00, 0x8e, 0x25, 0xbf, 0x00, 0xe6, 0x22, 0xbf,
  0x01, 0x40, 0x20, 0xbf, 0xff, 0x9d, 0x1d, 0xbf, 0x00, 0xda, 0x1a, 0xbf,
  0x00, 0x08, 0x18, 0xbf, 0xff, 0x37, 0x15, 0xbf, 0x00, 0x66, 0x12, 0xbf,
  0x01, 0x74, 0x0f, 0xbf, 0x00, 0x74, 0x0c, 0xbf, 0x00, 0x78, 0x09, 0xbf,
  0xff, 0x75, 0x06, 0xbf, 0xff, 0x59, 0x03, 0xbf, 0xff, 0x31, 0x00, 0xbf,
  0xff, 0x13, 0xfa, 0xbe, 0x02, 0xc8, 0xf3, 0xbe, 0x01, 0x38, 0xed, 0xbe,
  0xff, 0x97, 0xe6, 0xbe, 0xfe, 0xf3, 0xdf, 0xbe, 0x00, 0x54, 0xd9, 0xbe,
  0x00, 0x80, 0xd2, 0xbe, 0xff, 0x93, 0xcb, 0xbe, 0x01, 0xb0, 0xc4, 0xbe,
  0x00, 0xc8, 0xbd, 0xbe, 0xff, 0xb3, 0xb6, 0xbe, 0x01, 0x88, 0xaf, 0xbe,
  0xff, 0x63, 0xa8, 0xbe, 0x00, 0x3c, 0xa1, 0xbe, 0xff, 0xe3, 0x99, 0xbe,
  0xfe, 0x87, 0x92, 0xbe, 0x02, 0x28, 0x8b, 0xbe, 0x02, 0xc8, 0x83, 0xbe,
  0xfd, 0x6f, 0x78, 0xbe, 0x03, 0x58, 0x69, 0xbe, 0xfe, 0x2f, 0x5a, 0xbe,
  0x00, 0x08, 0x4b, 0xbe, 0x02, 0xb0, 0x3b, 0xbe, 0xfe, 0x4f, 0x2c, 0xbe,
  0x03, 0xe8, 0x1c, 0xbe, 0xff, 0x87, 0x0d, 0xbe, 0xfb, 0xdf, 0xfb, 0xbd,
  0x04, 0xb0, 0xdc, 0xbd, 0x00, 0x70, 0xbd, 0xbd, 0x00, 0x20, 0x9e, 0xbd,
  0x00, 0x60, 0x7d, 0xbd, 0x01, 0xa0, 0x3e, 0xbd, 0xfd, 0x7f, 0xff, 0xbc,
  0x00, 0x00, 0x82, 0xbc, 0x00, 0x00, 0x02, 0xbc, 0xfd, 0xff, 0x5f, 0xb9,
  0xff, 0xff, 0xe4, 0x3b, 0x05, 0x80, 0x74, 0x3c, 0x02, 0x40, 0xbb, 0x3c,
  0x02, 0x40, 0xfc, 0x3c, 0x01, 0x80, 0x3c, 0x3d, 0x00, 0x60, 0x7d, 0x3d,
  0x00, 0xf0, 0x9e, 0x3d, 0x00, 0x40, 0xbf, 0x3d, 0xfe, 0xaf, 0xdf, 0x3d,
  0x02, 0xf0, 0xff, 0x3d, 0x00, 0x30, 0x10, 0x3e, 0x00, 0x58, 0x20, 0x3e,
  0xff, 0x07, 0x30, 0x3e, 0xfd, 0xb7, 0x3f, 0x3e, 0x02, 0x68, 0x4f, 0x3e,
  0x01, 0x18, 0x5f, 0x3e, 0x00, 0xc0, 0x6e, 0x3e, 0x03, 0x80, 0x7e, 0x3e,
  0x01, 0x18, 0x87, 0x3e, 0xff, 0xdb, 0x8e, 0x3e, 0x01, 0x48, 0x96, 0x3e,
  0xff, 0xb7, 0x9d, 0x3e, 0x01, 0x20, 0xa5, 0x3e, 0x02, 0x94, 0xac, 0x3e,
  0x01, 0xfc, 0xb3, 0x3e, 0xfe, 0x6b, 0xbb, 0x3e, 0x00, 0xd8, 0xc2, 0x3e,
  0x00, 0x20, 0xca, 0x3e, 0x00, 0xfc, 0xd0, 0x3e, 0xff, 0xdb, 0xd7, 0x3e,
  0x01, 0xb8, 0xde, 0x3e, 0x01, 0x94, 0xe5, 0x3e, 0x01, 0x6c, 0xec, 0x3e,
  0x00, 0x4c, 0xf3, 0x3e, 0x00, 0x24, 0xfa, 0x3e, 0x00, 0x64, 0x00, 0x3f,
  0x00, 0x7a, 0x03, 0x3f, 0x01, 0x90, 0x06, 0x3f, 0x00, 0xa8, 0x09, 0x3f,
  0x01, 0xbe, 0x0c, 0x3f, 0x00, 0xd4, 0x0f, 0x3f, 0x01, 0xea, 0x12, 0x3f,
  0x00, 0x00, 0x16, 0x3f, 0x00, 0xee, 0x18, 0x3f, 0x00, 0xa8, 0x1b, 0x3f,
  0x00, 0x5e, 0x1e, 0x3f, 0xff, 0x15, 0x21, 0x3f, 0x00, 0xd0, 0x23, 0x3f,
  0x00, 0x86, 0x26, 0x3f, 0x00, 0x3e, 0x29, 0x3f, 0x00, 0xf4, 0x2b, 0x3f,
  0xff, 0x75, 0x2e, 0x3f, 0x00, 0xcc, 0x30, 0x3f, 0xff, 0x21, 0x33, 0x3f,
  0x01, 0x74, 0x35, 0x3f, 0x00, 0xca, 0x37, 0x3f, 0x00, 0x20, 0x3a, 0x3f,
  0xff, 0x75, 0x3c, 0x3f, 0x00, 0xcc, 0x3e, 0x3f, 0x01, 0xde, 0x40, 0x3f,
  0x01, 0xd4, 0x42, 0x3f, 0xff, 0xc5, 0x44, 0x3f, 0x00, 0xb8, 0x46, 0x3f,
  0x00, 0xae, 0x48, 0x3f, 0x00, 0xa2, 0x4a, 0x3f, 0xff, 0x97, 0x4c, 0x3f,
  0x00, 0x8a, 0x4e, 0x3f, 0x00, 0x38, 0x50, 0x3f, 0x00, 0xd2, 0x51, 0x3f,
  0x01, 0x68, 0x53, 0x3f, 0xff, 0xff, 0x54, 0x3f, 0x01, 0x9a, 0x56, 0x3f,
  0x00, 0x2e, 0x58, 0x3f, 0x00, 0xc8, 0x59, 0x3f, 0x00, 0x5e, 0x5b, 0x3f,
  0xff, 0xaf, 0x5c, 0x3f, 0x00, 0xf8, 0x5d, 0x3f, 0x00, 0x3e, 0x5f, 0x3f,
  0xff, 0x81, 0x60, 0x3f, 0x00, 0xc8, 0x61, 0x3f, 0x01, 0x0c, 0x63, 0x3f,
  0x01, 0x56, 0x64, 0x3f, 0x00, 0x9a, 0x65, 0x3f, 0xff, 0x97, 0x66, 0x3f,
  0x01, 0x94, 0x67, 0x3f, 0x00, 0x92, 0x68, 0x3f, 0x00, 0x90, 0x69, 0x3f,
  0x00, 0x8a, 0x6a, 0x3f, 0xff, 0x87, 0x6b, 0x3f, 0x01, 0x84, 0x6c, 0x3f,
  0xff, 0x7b, 0x6d, 0x3f, 0x00, 0x3c, 0x6e, 0x3f, 0x00, 0xfc, 0x6e, 0x3f,
  0x00, 0xbc, 0x6f, 0x3f, 0x00, 0x7c, 0x70, 0x3f, 0x00, 0x3c, 0x71, 0x3f,
  0x01, 0xfc, 0x71, 0x3f, 0x00, 0xb8, 0x72, 0x3f, 0xff, 0x6f, 0x73, 0x3f,
  0x00, 0xfe, 0x73, 0x3f, 0x00, 0x8a, 0x74, 0x3f, 0x01, 0x18, 0x75, 0x3f,
  0x00, 0xa4, 0x75, 0x3f, 0xff, 0x31, 0x76, 0x3f, 0x01, 0xbe, 0x76, 0x3f,
  0x00, 0x4c, 0x77, 0x3f, 0x01, 0xce, 0x77, 0x3f, 0x00, 0x30, 0x78, 0x3f,
  0xff, 0x97, 0x78, 0x3f, 0xff, 0xfd, 0x78, 0x3f, 0x00, 0x64, 0x79, 0x3f,
  0x00, 0xca, 0x79, 0x3f, 0x00, 0x2c, 0x7a, 0x3f, 0x00, 0x94, 0x7a, 0x3f,
  0x00, 0xec, 0x7a, 0x3f, 0x00, 0x32, 0x7b, 0x3f, 0x00, 0x78, 0x7b, 0x3f,
  0xff, 0xbf, 0x7b, 0x3f, 0xff, 0x03, 0x7c, 0x3f, 0x01, 0x4c, 0x7c, 0x3f,
  0x01, 0x90, 0x7c, 0x3f, 0x00, 0xd6, 0x7c, 0x3f, 0x00, 0x12, 0x7d, 0x3f,
  0x00, 0x40, 0x7d, 0x3f, 0x00, 0x6c, 0x7d, 0x3f, 0x00, 0x9a, 0x7d, 0x3f,
  0x00, 0xc8, 0x7d, 0x3f, 0xff, 0xf9, 0x7d, 0x3f, 0xff, 0x25, 0x7e, 0x3f,
  0xff, 0x53, 0x7e, 0x3f, 0xff, 0x75, 0x7e, 0x3f, 0x00, 0x92, 0x7e, 0x3f,
  0x00, 0xae, 0x7e, 0x3f, 0xff, 0xc5, 0x7e, 0x3f, 0x00, 0xe2, 0x7e, 0x3f,
  0xff, 0xfd, 0x7e, 0x3f, 0xff, 0x15, 0x7f, 0x3f, 0x00, 0x32, 0x7f, 0x3f,
  0xff, 0x41, 0x7f, 0x3f, 0xff, 0x4d, 0x7f, 0x3f, 0xff, 0x59, 0x7f, 0x3f,
  0x01, 0x68, 0x7f, 0x3f, 0x01, 0x74, 0x7f, 0x3f, 0x00, 0x80, 0x7f, 0x3f,
  0x01, 0x8a, 0x7f, 0x3f, 0x01, 0x96, 0x7f, 0x3f, 0x01, 0x96, 0x7f, 0x3f,
  0x01, 0x96, 0x7f, 0x3f, 0xff, 0x91, 0x7f, 0x3f, 0xff, 0x91, 0x7f, 0x3f,
  0x00, 0x90, 0x7f, 0x3f, 0x00, 0x90, 0x7f, 0x3f, 0x00, 0x8c, 0x7f, 0x3f,
  0x00, 0x8c, 0x7f, 0x3f, 0xff, 0x7b, 0x7f, 0x3f, 0x00, 0x6e, 0x7f, 0x3f,
  0x00, 0x5e, 0x7f, 0x3f, 0x00, 0x4c, 0x7f, 0x3f, 0x00, 0x3c, 0x7f, 0x3f,
  0x00, 0x2a, 0x7f, 0x3f, 0x00, 0x1a, 0x7f, 0x3f, 0xff, 0x09, 0x7f, 0x3f,
  0x00, 0xec, 0x7e, 0x3f, 0x00, 0xca, 0x7e, 0x3f, 0x00, 0xae, 0x7e, 0x3f,
  0xff, 0x8b, 0x7e, 0x3f, 0xff, 0x6b, 0x7e, 0x3f, 0x00, 0x4e, 0x7e, 0x3f,
  0x00, 0x2e, 0x7e, 0x3f, 0x00, 0x0c, 0x7e, 0x3f, 0xff, 0xd7, 0x7d, 0x3f,
  0x00, 0xa6, 0x7d, 0x3f, 0x01, 0x72, 0x7d, 0x3f, 0x00, 0x3c, 0x7d, 0x3f,
  0x00, 0x08, 0x7d, 0x3f, 0x01, 0xd4, 0x7c, 0x3f, 0x00, 0xa2, 0x7c, 0x3f,
  0x00, 0x66, 0x7c, 0x3f, 0x00, 0x1a, 0x7c, 0x3f, 0xff, 0xcb, 0x7b, 0x3f,
  0x01, 0x7e, 0x7b, 0x3f, 0x00, 0x32, 0x7b, 0x3f, 0x00, 0xe4, 0x7a, 0x3f,
  0x00, 0x96, 0x7a, 0x3f, 0xff, 0x47, 0x7a, 0x3f, 0xff, 0xed, 0x79, 0x3f,
  0x00, 0x82, 0x79, 0x3f, 0x00, 0x14, 0x79, 0x3f, 0xff, 0xa3, 0x78, 0x3f,
  0x00, 0x38, 0x78, 0x3f, 0x00, 0xc8, 0x77, 0x3f, 0x01, 0x5c, 0x77, 0x3f,
  0x00, 0xec, 0x76, 0x3f, 0xff, 0x69, 0x76, 0x3f, 0x01, 0xce, 0x75, 0x3f,
  0x00, 0x36, 0x75, 0x3f, 0x00, 0x9c, 0x74, 0x3f, 0x00, 0x00, 0x74, 0x3f,
  0x00, 0x6a, 0x73, 0x3f, 0xff, 0xd1, 0x72, 0x3f, 0x00, 0x36, 0x72, 0x3f,
  0x00, 0x80, 0x71, 0x3f, 0xff, 0xaf, 0x70, 0x3f, 0x01, 0xe4, 0x6f, 0x3f,
  0x00, 0x14, 0x6f, 0x3f, 0xff, 0x47, 0x6e, 0x3f, 0x00, 0x78, 0x6d, 0x3f,
  0x00, 0xa8, 0x6c, 0x3f, 0x01, 0xda, 0x6b, 0x3f, 0x00, 0xe2, 0x6a, 0x3f,
  0x00, 0xd4, 0x69, 0x3f, 0x00, 0xc4, 0x68, 0x3f, 0xff, 0xb5, 0x67, 0x3f,
  0x00, 0xa8, 0x66, 0x3f, 0x00, 0x9a, 0x65, 0x3f, 0xff, 0x8b, 0x64, 0x3f,
  0x00, 0x80, 0x63, 0x3f, 0x01, 0x34, 0x62, 0x3f, 0xff, 0xdb, 0x60, 0x3f,
  0x00, 0x82, 0x5f, 0x3f, 0x01, 0x2a, 0x5e, 0x3f, 0xff, 0xd1, 0x5c, 0x3f,
  0x00, 0x7a, 0x5b, 0x3f, 0x01, 0x1e, 0x5a, 0x3f, 0xff, 0xc5, 0x58, 0x3f,
  0xff, 0x21, 0x57, 0x3f, 0x01, 0x72, 0x55, 0x3f, 0x01, 0xc2, 0x53, 0x3f,
  0x01, 0x12, 0x52, 0x3f, 0x00, 0x64, 0x50, 0x3f, 0x00, 0xb6, 0x4e, 0x3f,
  0x00, 0x06, 0x4d, 0x3f, 0x00, 0x54, 0x4b, 0x3f, 0x00, 0x4a, 0x49, 0x3f,
  0x00, 0x3e, 0x47, 0x3f, 0x00, 0x32, 0x45, 0x3f, 0x00, 0x26, 0x43, 0x3f,
  0x00, 0x1c, 0x41, 0x3f, 0x00, 0x10, 0x3f, 0x3f, 0x01, 0x02, 0x3d, 0x3f,
  0x00, 0xec, 0x3a, 0x3f, 0x00, 0x7e, 0x38, 0x3f, 0x00, 0x0e, 0x36, 0x3f,
  0x00, 0xa4, 0x33, 0x3f, 0x00, 0x34, 0x31, 0x3f, 0xff, 0xc5, 0x2e, 0x3f,
  0x00, 0x58, 0x2c, 0x3f, 0x00, 0xe8, 0x29, 0x3f, 0x00, 0x6a, 0x27, 0x3f,
  0xff, 0x97, 0x24, 0x3f, 0x00, 0xca, 0x21, 0x3f, 0x00, 0xfc, 0x1e, 0x3f,
  0x01, 0x2a, 0x1c, 0x3f, 0xff, 0x59, 0x19, 0x3f, 0x00, 0x88, 0x16, 0x3f,
  0x00, 0xba, 0x13, 0x3f, 0x00, 0xcc, 0x10, 0x3f, 0xff, 0x9d, 0x0d, 0x3f,
  0x00, 0x72, 0x0a, 0x3f, 0xff, 0x43, 0x07, 0x3f, 0x00, 0x14, 0x04, 0x3f,
  0xff, 0xe7, 0x00, 0x3f, 0x01, 0x74, 0xfb, 0x3e, 0xff, 0x17, 0xf5, 0x3e,
  0x01, 0x74, 0xee, 0x3e, 0x00, 0x78, 0xe7, 0x3e, 0x00, 0x70, 0xe0, 0x3e,
  0xff, 0x73, 0xd9, 0x3e, 0x01, 0x74, 0xd2, 0x3e, 0x01, 0x70, 0xcb, 0x3e,
  0x00, 0x70, 0xc4, 0x3e, 0x00, 0x6c, 0xbd, 0x3e, 0x00, 0x24, 0xb6, 0x3e,
  0xff, 0x9b, 0xae, 0x3e, 0xfe, 0x0f, 0xa7, 0x3e, 0x01, 0x88, 0x9f, 0x3e,
  0x01, 0xfc, 0x97, 0x3e, 0x00, 0x74, 0x90, 0x3e, 0xff, 0xe7, 0x88, 0x3e,
  0xfe, 0x5f, 0x81, 0x3e, 0x02, 0x28, 0x73, 0x3e, 0x01, 0x58, 0x63, 0x3e,
  0x02, 0x80, 0x53, 0x3e, 0x02, 0xb0, 0x43, 0x3e, 0x03, 0xd8, 0x33, 0x3e,
  0x02, 0x08, 0x24, 0x3e, 0x03, 0x30, 0x14, 0x3e, 0x03, 0x60, 0x04, 0x3e,
  0x01, 0x80, 0xe8, 0x3d, 0x00, 0x10, 0xc8, 0x3d, 0xff, 0x9f, 0xa7, 0x3d,
  0xff, 0x1f, 0x87, 0x3d, 0x00, 0x60, 0x4d, 0x3d, 0x01, 0x80, 0x0c, 0x3d,
  0xfd, 0x3f, 0x97, 0x3c, 0x01, 0x00, 0x2c, 0x3b, 0xff, 0x7f, 0x58, 0xbc,
  0xfe, 0xff, 0xed, 0xbc, 0x01, 0xe0, 0x37, 0xbd, 0x00, 0xc0, 0x78, 0xbd,
  0x00, 0xd0, 0x9c, 0xbd, 0xff, 0x4f, 0xbd, 0xbd, 0x04, 0xc0, 0xdd, 0xbd,
  0x01, 0x30, 0xfe, 0xbd, 0xff, 0xf7, 0x0e, 0xbe, 0xfe, 0xcf, 0x1e, 0xbe,
  0xfe, 0x9f, 0x2e, 0xbe, 0xfd, 0x77, 0x3e, 0xbe, 0xfe, 0x47, 0x4e, 0xbe,
  0xfd, 0x1f, 0x5e, 0xbe, 0xfd, 0xef, 0x6d, 0xbe, 0xff, 0xb7, 0x7d, 0xbe,
  0x00, 0x68, 0x86, 0xbe, 0x01, 0xf0, 0x8d, 0xbe, 0x01, 0x7c, 0x95, 0xbe,
  0xff, 0x03, 0x9d, 0xbe, 0xff, 0x8f, 0xa4, 0xbe, 0x00, 0x18, 0xac, 0xbe,
  0x00, 0xa4, 0xb3, 0xbe, 0x01, 0x18, 0xbb, 0xbe, 0x01, 0x18, 0xc2, 0xbe,
  0xfe, 0x1b, 0xc9, 0xbe, 0xff, 0x1f, 0xd0, 0xbe, 0xff, 0x1f, 0xd7, 0xbe,
  0x00, 0x24, 0xde, 0xbe, 0x01, 0x24, 0xe5, 0xbe, 0x01, 0x28, 0xec, 0xbe,
  0x01, 0xfc, 0xf2, 0xbe, 0x00, 0x58, 0xf9, 0xbe, 0xfe, 0xaf, 0xff, 0xbe,
  0x00, 0x08, 0x03, 0xbf, 0x00, 0x36, 0x06, 0xbf, 0x00, 0x64, 0x09, 0xbf,
  0x00, 0x94, 0x0c, 0xbf, 0x00, 0xbe, 0x0f, 0xbf, 0x01, 0xc8, 0x12, 0xbf,
  0x00, 0x9a, 0x15, 0xbf, 0xff, 0x69, 0x18, 0xbf, 0x01, 0x3a, 0x1b, 0xbf,
  0x00, 0x0c, 0x1e, 0xbf, 0xff, 0xdb, 0x20, 0xbf, 0x00, 0xae, 0x23, 0xbf,
  0x01, 0x78, 0x26, 0xbf, 0xff, 0x1f, 0x29, 0xbf, 0x01, 0x8a, 0x2b, 0xbf,
  0xff, 0xf9, 0x2d, 0xbf, 0x00, 0x68, 0x30, 0xbf, 0x00, 0xd6, 0x32, 0xbf,
  0x01, 0x46, 0x35, 0xbf, 0x00, 0xb2, 0x37, 0xbf, 0xff, 0x1b, 0x3a, 0xbf,
  0xff, 0x53, 0x3c, 0xbf, 0x01, 0x62, 0x3e, 0xbf, 0x01, 0x6e, 0x40, 0xbf,
  0x00, 0x7a, 0x42, 0xbf, 0x01, 0x84, 0x44, 0xbf, 0x00, 0x94, 0x46, 0xbf,
  0x00, 0xa0, 0x48, 0xbf, 0x00, 0xaa, 0x4a, 0xbf, 0x01, 0x78, 0x4c, 0xbf,
  0xff, 0x25, 0x4e, 0xbf, 0xff, 0xd5, 0x4f, 0xbf, 0x00, 0x84, 0x51, 0xbf,
  0x00, 0x36, 0x53, 0xbf, 0x00, 0xe4, 0x54, 0xbf, 0x00, 0x92, 0x56, 0xbf,
  0x00, 0x42, 0x58, 0xbf, 0x00, 0xb0, 0x59, 0xbf, 0x00, 0x06, 0x5b, 0xbf,
  0x00, 0x5e, 0x5c, 0xbf, 0x00, 0xba, 0x5d, 0xbf, 0x00, 0x12, 0x5f, 0xbf,
  0xff, 0x69, 0x60, 0xbf, 0x00, 0xc4, 0x61, 0xbf, 0x00, 0x1c, 0x63, 0xbf,
  0x01, 0x34, 0x64, 0xbf, 0xff, 0x43, 0x65, 0xbf, 0x00, 0x52, 0x66, 0xbf,
  0x00, 0x5e, 0x67, 0xbf, 0xff, 0x6b, 0x68, 0xbf, 0x00, 0x7a, 0x69, 0xbf,
  0x00, 0x8a, 0x6a, 0xbf, 0x00, 0x98, 0x6b, 0xbf, 0x00, 0x68, 0x6c, 0xbf,
  0xff, 0x37, 0x6d, 0xbf, 0xff, 0x03, 0x6e, 0xbf, 0x01, 0xd4, 0x6e, 0xbf,
  0x00, 0xa2, 0x6f, 0xbf, 0x00, 0x72, 0x70, 0xbf, 0xff, 0x41, 0x71, 0xbf,
  0x00, 0x0c, 0x72, 0xbf, 0x00, 0xa2, 0x72, 0xbf, 0x00, 0x3e, 0x73, 0xbf,
  0xff, 0xd5, 0x73, 0xbf, 0x00, 0x70, 0x74, 0xbf, 0x01, 0x0c, 0x75, 0xbf,
  0x00, 0xa4, 0x75, 0xbf, 0xff, 0x3d, 0x76, 0xbf, 0x00, 0xd0, 0x76, 0xbf,
  0x00, 0x3c, 0x77, 0xbf, 0x01, 0xac, 0x77, 0xbf, 0xff, 0x1b, 0x78, 0xbf,
  0x00, 0x8a, 0x78, 0xbf, 0x00, 0xf8, 0x78, 0xbf, 0x00, 0x6a, 0x79, 0xbf,
  0xff, 0xd5, 0x79, 0xbf, 0x00, 0x3c, 0x7a, 0xbf, 0x00, 0x8a, 0x7a, 0xbf,
  0x00, 0xd8, 0x7a, 0xbf, 0x00, 0x28, 0x7b, 0xbf, 0x00, 0x76, 0x7b, 0xbf,
  0x01, 0xc2, 0x7b, 0xbf, 0x00, 0x14, 0x7c, 0xbf, 0xff, 0x5f, 0x7c, 0xbf,
  0x00, 0xa2, 0x7c, 0xbf, 0x00, 0xda, 0x7c, 0xbf, 0x01, 0x0c, 0x7d, 0xbf,
  0xff, 0x41, 0x7d, 0xbf, 0x00, 0x78, 0x7d, 0xbf, 0xff, 0xa9, 0x7d, 0xbf,
  0x00, 0xe0, 0x7d, 0xbf, 0x00, 0x16, 0x7e, 0xbf, 0xff, 0x3d, 0x7e, 0xbf,
  0xff, 0x5f, 0x7e, 0xbf, 0xff, 0x81, 0x7e, 0xbf, 0xff, 0xa3, 0x7e, 0xbf,
  0xff, 0xc5, 0x7e, 0xbf, 0xff, 0xe7, 0x7e, 0xbf, 0x00, 0x08, 0x7f, 0xbf,
  0x00, 0x2a, 0x7f, 0xbf, 0xff, 0x41, 0x7f, 0xbf, 0x00, 0x58, 0x7f, 0xbf,
  0x01, 0x68, 0x7f, 0xbf, 0xff, 0x7b, 0x7f, 0xbf, 0x00, 0x90, 0x7f, 0xbf,
  0x00, 0xa2, 0x7f, 0xbf, 0xff, 0xb3, 0x7f, 0xbf, 0x00, 0xc8, 0x7f, 0xbf,
  0x00, 0xd4, 0x7f, 0xbf, 0x01, 0xda, 0x7f, 0xbf, 0x00, 0xe0, 0x7f, 0xbf,
  0x01, 0xe4, 0x7f, 0xbf, 0x00, 0xea, 0x7f, 0xbf, 0x00, 0xf2, 0x7f, 0xbf,
  0x00, 0xf8, 0x7f, 0xbf, 0x00, 0xfe, 0x7f, 0xbf, 0x01, 0xfc, 0x7f, 0xbf,
  0x00, 0xf8, 0x7f, 0xbf, 0x00, 0xf2, 0x7f, 0xbf, 0x01, 0xf0, 0x7f, 0xbf,
  0x00, 0xea, 0x7f, 0xbf, 0x00, 0xe6, 0x7f, 0xbf, 0x01, 0xe4, 0x7f, 0xbf,
  0x00, 0xe0, 0x7f, 0xbf, 0x01, 0xce, 0x7f, 0xbf, 0x00, 0xbe, 0x7f, 0xbf,
  0x00, 0xae, 0x7f, 0xbf, 0xff, 0x9d, 0x7f, 0xbf, 0x00, 0x90, 0x7f, 0xbf,
  0x00, 0x80, 0x7f, 0xbf, 0x00, 0x6e, 0x7f, 0xbf, 0x00, 0x5e, 0x7f, 0xbf,
  0xff, 0x41, 0x7f, 0xbf, 0x01, 0x24, 0x7f, 0xbf, 0x00, 0x04, 0x7f, 0xbf,
  0x00, 0xe6, 0x7e, 0xbf, 0xff, 0xc5, 0x7e, 0xbf, 0x00, 0xa8, 0x7e, 0xbf,
  0xff, 0x8b, 0x7e, 0xbf, 0xff, 0x69, 0x7e, 0xbf, 0x00, 0x3a, 0x7e, 0xbf,
  0x00, 0x0a, 0x7e, 0xbf, 0x01, 0xda, 0x7d, 0xbf, 0xff, 0xa9, 0x7d, 0xbf,
  0x00, 0x78, 0x7d, 0xbf, 0x00, 0x4a, 0x7d, 0xbf, 0x01, 0x18, 0x7d, 0xbf,
  0x00, 0xe2, 0x7c, 0xbf, 0x00, 0x9c, 0x7c, 0xbf, 0x00, 0x52, 0x7c, 0xbf,
  0x00, 0x0e, 0x7c, 0xbf, 0x00, 0xc6, 0x7b, 0xbf, 0xff, 0x7b, 0x7b, 0xbf,
  0x00, 0x34, 0x7b, 0xbf, 0x00, 0xec, 0x7a, 0xbf, 0x01, 0x9a, 0x7a, 0xbf,
  0x01, 0x34, 0x7a, 0xbf, 0x00, 0xca, 0x79, 0xbf, 0x00, 0x64, 0x79, 0xbf,
  0xff, 0xfd, 0x78, 0xbf, 0xff, 0x97, 0x78, 0xbf, 0x00, 0x2e, 0x78, 0xbf,
  0x00, 0xc8, 0x77, 0xbf, 0xff, 0x4d, 0x77, 0xbf, 0x01, 0xbe, 0x76, 0xbf,
  0xff, 0x31, 0x76, 0xbf, 0x01, 0xa0, 0x75, 0xbf, 0x00, 0x12, 0x75, 0xbf,
  0x01, 0x84, 0x74, 0xbf, 0x00, 0xf2, 0x73, 0xbf, 0x00, 0x62, 0x73, 0xbf,
  0x00, 0xb8, 0x72, 0xbf, 0x00, 0xf6, 0x71, 0xbf, 0x00, 0x36, 0x71, 0xbf,
  0xff, 0x75, 0x70, 0xbf, 0xff, 0xb5, 0x6f, 0xbf, 0x00, 0xf2, 0x6e, 0xbf,
  0xff, 0x31, 0x6e, 0xbf, 0x01, 0x72, 0x6d, 0xbf, 0x00, 0x86, 0x6c, 0xbf,
  0x00, 0x86, 0x6b, 0xbf, 0x00, 0x88, 0x6a, 0xbf, 0x01, 0x8a, 0x69, 0xbf,
  0xff, 0x8b, 0x68, 0xbf, 0x00, 0x8e, 0x67, 0xbf, 0x01, 0x90, 0x66, 0xbf,
  0xff, 0x91, 0x65, 0xbf, 0x00, 0x5c, 0x64, 0xbf, 0x00, 0x14, 0x63, 0xbf,
  0x01, 0xce, 0x61, 0xbf, 0x00, 0x86, 0x60, 0xbf, 0x00, 0x3e, 0x5f, 0xbf,
  0x00, 0xf8, 0x5d, 0xbf, 0xff, 0xaf, 0x5c, 0xbf, 0x00, 0x6a, 0x5b, 0xbf,
  0xff, 0xd7, 0x59, 0xbf, 0x00, 0x42, 0x58, 0xbf, 0x01, 0xa6, 0x56, 0xbf,
  0x00, 0x10, 0x55, 0xbf, 0x01, 0x74, 0x53, 0xbf, 0x01, 0xda, 0x51, 0xbf,
  0x00, 0x42, 0x50, 0xbf, 0x00, 0xa8, 0x4e, 0xbf, 0x00, 0xb4, 0x4c, 0xbf,
  0x01, 0xbe, 0x4a, 0xbf, 0x00, 0xca, 0x48, 0xbf, 0x00, 0xd8, 0x46, 0xbf,
  0x01, 0xde, 0x44, 0xbf, 0x00, 0xec, 0x42, 0xbf, 0x01, 0xf6, 0x40, 0xbf,
  0x01, 0xf6, 0x3e, 0xbf, 0x00, 0xa2, 0x3c, 0xbf, 0x01, 0x4c, 0x3a, 0xbf,
  0x00, 0xf6, 0x37, 0xbf, 0x01, 0xa0, 0x35, 0xbf, 0x00, 0x4a, 0x33, 0xbf,
  0xff, 0xf3, 0x30, 0xbf, 0x00, 0x9e, 0x2e, 0xbf, 0x00, 0x36, 0x2c, 0xbf,
  0xff, 0x7b, 0x29, 0xbf, 0xff, 0xc5, 0x26, 0xbf, 0x00, 0x0e, 0x24, 0xbf,
  0x00, 0x58, 0x21, 0xbf, 0x00, 0xa2, 0x1e, 0xbf, 0x00, 0xe8, 0x1b, 0xbf,
  0x00, 0x32, 0x19, 0xbf, 0x00, 0x5a, 0x16, 0xbf, 0xff, 0x43, 0x13, 0xbf,
  0x00, 0x2e, 0x10, 0xbf, 0x01, 0x18, 0x0d, 0xbf, 0x00, 0x02, 0x0a, 0xbf,
  0x00, 0xec, 0x06, 0xbf, 0xff, 0xd5, 0x03, 0xbf, 0x00, 0xc0, 0x00, 0xbf,
  0xff, 0x0b, 0xfb, 0xbe, 0x00, 0x30, 0xf4, 0xbe, 0xfe, 0x5f, 0xed, 0xbe,
  0xff, 0x83, 0xe6, 0xbe, 0xff, 0xab, 0xdf, 0xbe, 0xff, 0xd3, 0xd8, 0xbe,
  0x00, 0xf8, 0xd1, 0xbe, 0xff, 0x1f, 0xcb, 0xbe, 0x01, 0xfc, 0xc3, 0xbe,
  0x02, 0x94, 0xbc, 0xbe, 0xff, 0x2b, 0xb5, 0xbe, 0x00, 0xc4, 0xad, 0xbe,
  0x02, 0x5c, 0xa6, 0xbe, 0xff, 0xf3, 0x9e, 0xbe, 0x00, 0x8c, 0x97, 0xbe,
  0x01, 0x24, 0x90, 0xbe, 0xff, 0x77, 0x88, 0xbe, 0xff, 0xa7, 0x80, 0xbe,
  0xfe, 0xa7, 0x71, 0xbe, 0xfd, 0x07, 0x62, 0xbe, 0x03, 0x68, 0x52, 0xbe,
  0xfd, 0xbf, 0x42, 0xbe, 0x03, 0x20, 0x33, 0xbe, 0x02, 0x80, 0x23, 0xbe,
  0x03, 0x78, 0x13, 0xbe, 0x01, 0x58, 0x03, 0xbe, 0xfc, 0x7f, 0xe6, 0xbd,
  0x00, 0x40, 0xc6, 0xbd, 0x00, 0x00, 0xa6, 0xbd, 0x00, 0xc0, 0x85, 0xbd,
  0x00, 0xe0, 0x4a, 0xbd, 0x00, 0x60, 0x0a, 0xbd, 0x02, 0xc0, 0xc9, 0xbc,
  0x01, 0x80, 0x88, 0xbc, 0x00, 0x00, 0x0f, 0xbc, 0xff, 0xff, 0x4f, 0xba,
  0x01, 0xa0, 0x2e, 0x3d, 0xfa, 0xdf, 0xe0, 0x3d, 0x00, 0xb8, 0x38, 0x3e,
  0xfd, 0x1f, 0x6e, 0x3e, 0xff, 0xdf, 0x8e, 0x3e, 0xff, 0x7b, 0x9f, 0x3e,
  0x00, 0xd4, 0xab, 0x3e, 0xff, 0x1b, 0xb4, 0x3e, 0xff, 0x5f, 0xb8, 0x3e,
  0x01, 0x2c, 0xbb, 0x3e, 0x00, 0xbc, 0xbb, 0x3e, 0x00, 0x44, 0xbc, 0x3e,
  0x00, 0x10, 0xbd, 0x3e, 0xff, 0x97, 0xbe, 0x3e, 0xff, 0x2b, 0xc1, 0x3e,
  0xff, 0xff, 0xc4, 0x3e, 0xff, 0x87, 0xc9, 0x3e, 0x00, 0xec, 0xce, 0x3e,
  0x01, 0x6c, 0xd4, 0x3e, 0xff, 0x9f, 0xd9, 0x3e, 0x00, 0x64, 0xde, 0x3e,
  0x00, 0x24, 0xe2, 0x3e, 0xff, 0x17, 0xe5, 0x3e, 0x01, 0x58, 0xe7, 0x3e,
  0x01, 0x38, 0xe9, 0x3e, 0x00, 0xf0, 0xea, 0x3e, 0xff, 0xe3, 0xed, 0x3e,
  0xfe, 0x5f, 0xf1, 0x3e, 0x02, 0xe4, 0xf6, 0x3e, 0x00, 0x84, 0xfd, 0x3e,
  0x01, 0xd4, 0x02, 0x3f, 0x00, 0x1c, 0x07, 0x3f, 0x00, 0x84, 0x0b, 0x3f,
  0x00, 0x04, 0x0f, 0x3f, 0x00, 0x2c, 0x12, 0x3f, 0x00, 0x4c, 0x13, 0x3f,
  0x01, 0xa0, 0x13, 0x3f, 0x00, 0x3c, 0x12, 0x3f, 0x01, 0xda, 0x0f, 0x3f,
  0x00, 0xa8, 0x0c, 0x3f, 0x00, 0x04, 0x09, 0x3f, 0x00, 0x40, 0x05, 0x3f,
  0x00, 0xfe, 0x01, 0x3f, 0xff, 0xe7, 0xfd, 0x3e, 0xff, 0x43, 0xf9, 0x3e,
  0x02, 0x34, 0xf5, 0x3e, 0xff, 0xe7, 0xf1, 0x3e, 0x01, 0xa4, 0xee, 0x3e,
  0x00, 0x64, 0xeb, 0x3e, 0xff, 0x23, 0xe7, 0x3e, 0x00, 0x94, 0xe2, 0x3e,
  0xff, 0x8f, 0xdc, 0x3e, 0x01, 0x1c, 0xd6, 0x3e, 0xff, 0xdf, 0xce, 0x3e,
  0x01, 0xb8, 0xc7, 0x3e, 0xff, 0xa3, 0xc0, 0x3e, 0xfe, 0xaf, 0xbb, 0x3e,
  0xff, 0x67, 0xb7, 0x3e, 0xff, 0xbf, 0xb8, 0x3e, 0xfe, 0x37, 0xbc, 0x3e,
  0xfe, 0x43, 0xc6, 0x3e, 0xff, 0xff, 0xd4, 0x3e, 0xff, 0x2b, 0xe9, 0x3e,
  0x00, 0xbe, 0x01, 0x3f, 0x01, 0x4c, 0x10, 0x3f, 0x01, 0x2e, 0x21, 0x3f,
  0x01, 0x40, 0x32, 0x3f, 0x00, 0x0e, 0x43, 0x3f, 0x00, 0xc2, 0x52, 0x3f,
  0x00, 0x74, 0x60, 0x3f, 0x00, 0x34, 0x6b, 0x3f, 0xff, 0xd7, 0x73, 0x3f,
  0x00, 0x0c, 0x78, 0x3f, 0x00, 0x08, 0x7b, 0x3f, 0x00, 0xb0, 0x79, 0x3f,
  0x00, 0xa8, 0x77, 0x3f, 0xff, 0xb5, 0x73, 0x3f, 0xff, 0x7b, 0x6f, 0x3f,
  0x00, 0xf2, 0x6a, 0x3f, 0x00, 0xfa, 0x66, 0x3f, 0x00, 0x3e, 0x63, 0x3f,
  0xff, 0x8d, 0x60, 0x3f, 0xff, 0x0f, 0x5e, 0x3f, 0x00, 0x1a, 0x5c, 0x3f,
  0x00, 0x14, 0x5a, 0x3f, 0x01, 0xf0, 0x57, 0x3f, 0x00, 0x56, 0x55, 0x3f,
  0xff, 0x69, 0x52, 0x3f, 0x00, 0xec, 0x4e, 0x3f, 0x00, 0x4c, 0x4b, 0x3f,
  0x00, 0xae, 0x47, 0x3f, 0xff, 0x5f, 0x44, 0x3f, 0x00, 0xdc, 0x41, 0x3f,
  0x01, 0x62, 0x40, 0x3f, 0x00, 0xec, 0x3f, 0x3f, 0x00, 0x3c, 0x41, 0x3f,
  0x00, 0x34, 0x43, 0x3f, 0x00, 0x1a, 0x47, 0x3f, 0x00, 0x3e, 0x4b, 0x3f,
  0x00, 0x18, 0x50, 0x3f, 0xff, 0xa3, 0x54, 0x3f, 0x00, 0xc0, 0x58, 0x3f,
  0x00, 0x82, 0x5b, 0x3f, 0x00, 0x78, 0x5d, 0x3f, 0x01, 0xf6, 0x5c, 0x3f,
  0xff, 0xd5, 0x5b, 0x3f, 0x00, 0x5c, 0x58, 0x3f, 0x00, 0x88, 0x54, 0x3f,
  0x00, 0xdc, 0x4f, 0x3f, 0x01, 0x68, 0x4b, 0x3f, 0xff, 0x1f, 0x47, 0x3f,
  0x01, 0x06, 0x44, 0x3f, 0x00, 0x54, 0x41, 0x3f, 0x00, 0x5c, 0x40, 0x3f,
  0x00, 0xa6, 0x3f, 0x3f, 0x01, 0xc2, 0x3f, 0x3f, 0x01, 0xb8, 0x3f, 0x3f,
  0x01, 0x74, 0x3f, 0x3f, 0x00, 0x0c, 0x3e, 0x3f, 0xff, 0x03, 0x3c, 0x3f,
  0xff, 0x9d, 0x37, 0x3f, 0x01, 0x9a, 0x32, 0x3f, 0x00, 0xfa, 0x2a, 0x3f,
  0x00, 0xa2, 0x22, 0x3f, 0x00, 0xce, 0x18, 0x3f, 0xff, 0x97, 0x0e, 0x3f,
  0xff, 0x0f, 0x04, 0x3f, 0x02, 0xf0, 0xf4, 0x3e, 0x01, 0x4c, 0xe2, 0x3e,
  0x01, 0xc0, 0xd5, 0x3e, 0xff, 0x1f, 0xcb, 0x3e, 0x00, 0x34, 0xc7, 0x3e,
  0x02, 0x28, 0xc7, 0x3e, 0x00, 0x14, 0xcc, 0x3e, 0x00, 0x9c, 0xd5, 0x3e,
  0x00, 0x80, 0xe1, 0x3e, 0x01, 0xb0, 0xf0, 0x3e, 0x00, 0x36, 0x00, 0x3f,
  0x01, 0x56, 0x08, 0x3f, 0x01, 0x34, 0x10, 0x3f, 0x00, 0x90, 0x17, 0x3f,
  0xff, 0x47, 0x1e, 0x3f, 0x00, 0x80, 0x24, 0x3f, 0x00, 0xe6, 0x29, 0x3f,
  0xff, 0x09, 0x2f, 0x3f, 0xff, 0x43, 0x33, 0x3f, 0x00, 0x3c, 0x37, 0x3f,
  0x01, 0x62, 0x3a, 0x3f, 0xff, 0xe7, 0x3c, 0x3f, 0x00, 0xb6, 0x3e, 0x3f,
  0x00, 0x60, 0x3f, 0x3f, 0x00, 0x86, 0x3f, 0x3f, 0x00, 0x00, 0x3e, 0x3f,
  0x00, 0x0c, 0x3c, 0x3f, 0x01, 0x78, 0x38, 0x3f, 0x00, 0x3c, 0x34, 0x3f,
  0x00, 0xd0, 0x2e, 0x3f, 0x00, 0x58, 0x28, 0x3f, 0xff, 0x21, 0x21, 0x3f,
  0x00, 0xda, 0x18, 0x3f, 0x00, 0x50, 0x10, 0x3f, 0x00, 0x64, 0x07, 0x3f,
  0xff, 0x73, 0xfd, 0x3e, 0x00, 0xc4, 0xed, 0x3e, 0xff, 0xa3, 0xe0, 0x3e,
  0x02, 0x5c, 0xd6, 0x3e, 0xff, 0x6f, 0xd1, 0x3e, 0xff, 0xc7, 0xce, 0x3e,
  0xff, 0x67, 0xd3, 0x3e, 0xff, 0x73, 0xd9, 0x3e, 0xff, 0x5f, 0xe4, 0x3e,
  0x00, 0x30, 0xf0, 0x3e, 0xff, 0x73, 0xfd, 0x3e, 0x01, 0x18, 0x05, 0x3f,
  0x00, 0x4a, 0x0b, 0x3f, 0xff, 0x81, 0x10, 0x3f, 0x01, 0x74, 0x15, 0x3f,
  0x00, 0x5e, 0x19, 0x3f, 0x01, 0x24, 0x1d, 0x3f, 0x00, 0x88, 0x20, 0x3f,
  0x01, 0xce, 0x23, 0x3f, 0x00, 0xfa, 0x26, 0x3f, 0xff, 0xcb, 0x29, 0x3f,
  0x00, 0x7a, 0x2c, 0x3f, 0x00, 0xea, 0x2d, 0x3f, 0x00, 0xf2, 0x2e, 0x3f,
  0xff, 0x5f, 0x2e, 0x3f, 0x00, 0x14, 0x2d, 0x3f, 0x00, 0xae, 0x2a, 0x3f,
  0x00, 0xb2, 0x27, 0x3f, 0x00, 0x5e, 0x24, 0x3f, 0x00, 0x48, 0x21, 0x3f,
  0x00, 0x50, 0x1e, 0x3f, 0xff, 0x6b, 0x1c, 0x3f, 0x00, 0xec, 0x1a, 0x3f,
  0x00, 0x4e, 0x1a, 0x3f, 0xff, 0x0f, 0x1a, 0x3f, 0xff, 0x25, 0x1a, 0x3f,
  0x00, 0x42, 0x1a, 0x3f, 0x00, 0x64, 0x1a, 0x3f, 0xff, 0x31, 0x1a, 0x3f,
  0x00, 0xf8, 0x19, 0x3f, 0x00, 0xa8, 0x19, 0x3f, 0x00, 0x8e, 0x19, 0x3f,
  0x00, 0xc4, 0x19, 0x3f, 0x00, 0xae, 0x1a, 0x3f, 0x00, 0xfe, 0x1b, 0x3f,
  0x00, 0x72, 0x1e, 0x3f, 0x01, 0x2e, 0x21, 0x3f, 0x00, 0xd0, 0x24, 0x3f,
  0xff, 0x81, 0x28, 0x3f, 0x00, 0x58, 0x2c, 0x3f, 0x01, 0xc2, 0x2f, 0x3f,
  0x01, 0xd4, 0x32, 0x3f, 0x00, 0xa2, 0x34, 0x3f, 0xff, 0x0f, 0x36, 0x3f,
  0x01, 0x72, 0x35, 0x3f, 0x00, 0x64, 0x34, 0x3f, 0xff, 0xcb, 0x31, 0x3f,
  0x00, 0xa8, 0x2e, 0x3f, 0x00, 0xca, 0x2a, 0x3f, 0x00, 0xc2, 0x26, 0x3f,
  0x00, 0xa2, 0x22, 0x3f, 0x00, 0x26, 0x1f, 0x3f, 0x01, 0xe4, 0x1b, 0x3f,
  0x00, 0xc6, 0x19, 0x3f, 0x00, 0x0e, 0x18, 0x3f, 0x00, 0x2a, 0x17, 0x3f,
  0x00, 0x94, 0x16, 0x3f, 0x01, 0x40, 0x16, 0x3f, 0x00, 0xc4, 0x15, 0x3f,
  0xff, 0x41, 0x15, 0x3f, 0x00, 0x14, 0x14, 0x3f, 0x00, 0xca, 0x12, 0x3f,
  0xff, 0x15, 0x11, 0x3f, 0x01, 0x74, 0x0f, 0x3f, 0x00, 0xde, 0x0d, 0x3f,
  0x01, 0xd4, 0x0c, 0x3f, 0x00, 0x0a, 0x0c, 0x3f, 0xff, 0x6b, 0x0c, 0x3f,
  0x01, 0x18, 0x0d, 0x3f, 0x00, 0xe2, 0x0e, 0x3f, 0xff, 0x09, 0x11, 0x3f,
  0x00, 0xde, 0x13, 0x3f, 0xff, 0x15, 0x17, 0x3f, 0x00, 0x9c, 0x1a, 0x3f,
  0xff, 0x8d, 0x1e, 0x3f, 0x00, 0xa0, 0x22, 0x3f, 0xff, 0x1f, 0x27, 0x3f,
  0x00, 0xba, 0x2b, 0x3f, 0x01, 0x9a, 0x30, 0x3f, 0x01, 0x8a, 0x35, 0x3f,
  0x00, 0x8a, 0x3a, 0x3f, 0xff, 0x59, 0x3f, 0x3f, 0x00, 0x14, 0x44, 0x3f,
  0x01, 0x1e, 0x48, 0x3f, 0x00, 0xf2, 0x4b, 0x3f, 0x01, 0xbc, 0x4e, 0x3f,
  0x00, 0x04, 0x51, 0x3f, 0xff, 0x69, 0x52, 0x3f, 0xff, 0x15, 0x53, 0x3f,
  0x00, 0x3e, 0x53, 0x3f, 0x00, 0xc4, 0x52, 0x3f, 0x01, 0x2a, 0x52, 0x3f,
  0xff, 0x87, 0x51, 0x3f, 0x00, 0x12, 0x51, 0x3f, 0x00, 0x10, 0x51, 0x3f,
  0xff, 0x65, 0x51, 0x3f, 0x01, 0x1e, 0x52, 0x3f, 0x00, 0xfa, 0x52, 0x3f,
  0x01, 0xe4, 0x53, 0x3f, 0xff, 0xed, 0x53, 0x3f, 0xff, 0x91, 0x53, 0x3f,
  0xff, 0x7b, 0x51, 0x3f, 0x01, 0x62, 0x4e, 0x3f, 0xff, 0xb5, 0x49, 0x3f,
  0xff, 0xbf, 0x43, 0x3f, 0x00, 0xf2, 0x3c, 0x3f, 0x00, 0x6c, 0x35, 0x3f,
  0x00, 0xc4, 0x2d, 0x3f, 0x01, 0x9a, 0x26, 0x3f, 0x01, 0xc2, 0x1f, 0x3f,
  0xff, 0xb3, 0x19, 0x3f, 0x00, 0xd2, 0x13, 0x3f, 0x00, 0x22, 0x0e, 0x3f,
  0x00, 0x52, 0x07, 0x3f, 0x00, 0x18, 0x00, 0x3f, 0x01, 0x4c, 0xea, 0x3e,
  0x01, 0x18, 0xd2, 0x3e, 0xff, 0xe7, 0xb0, 0x3e, 0x01, 0x2c, 0x8b, 0x3e,
  0x02, 0xa0, 0x3d, 0x3e, 0x01, 0x10, 0xb6, 0x3d, 0x02, 0x00, 0x53, 0xbc,
  0xfb, 0x8f, 0xf1, 0xbd, 0x00, 0x18, 0x64, 0xbe, 0x01, 0x74, 0xa3, 0xbe,
  0x00, 0xe0, 0xd1, 0xbe, 0x00, 0x9c, 0xf9, 0xbe, 0x00, 0x84, 0x0d, 0xbf,
  0x01, 0x72, 0x1b, 0xbf, 0x00, 0x1a, 0x25, 0xbf, 0x00, 0x62, 0x2d, 0xbf,
  0xff, 0x43, 0x31, 0xbf, 0x00, 0x70, 0x34, 0xbf, 0x01, 0x2e, 0x35, 0xbf,
  0x01, 0x18, 0x35, 0xbf, 0xff, 0xed, 0x33, 0xbf, 0x00, 0xf8, 0x31, 0xbf,
  0x00, 0x9c, 0x2f, 0xbf, 0x00, 0x88, 0x2c, 0xbf, 0xff, 0x4d, 0x29, 0xbf,
  0x01, 0x94, 0x25, 0xbf, 0xff, 0xbf, 0x21, 0xbf, 0x00, 0xbe, 0x1d, 0xbf,
  0xff, 0xcb, 0x19, 0xbf, 0x00, 0xe6, 0x15, 0xbf, 0x00, 0x7e, 0x12, 0xbf,
  0x00, 0x36, 0x0f, 0xbf, 0x00, 0x12, 0x0d, 0xbf, 0xff, 0x43, 0x0b, 0xbf,
  0x00, 0xa8, 0x0a, 0xbf, 0x00, 0xca, 0x0a, 0xbf, 0xff, 0xd5, 0x0b, 0xbf,
  0xff, 0xa9, 0x0d, 0xbf, 0x00, 0xe0, 0x0f, 0xbf, 0x00, 0x58, 0x12, 0xbf,
  0xff, 0xb9, 0x14, 0xbf, 0x00, 0x50, 0x16, 0xbf, 0xff, 0x41, 0x17, 0xbf,
  0x00, 0xee, 0x16, 0xbf, 0x00, 0x3c, 0x15, 0xbf, 0x01, 0x84, 0x12, 0xbf,
  0x00, 0x2e, 0x0e, 0xbf, 0xff, 0x6f, 0x09, 0xbf, 0x00, 0xe8, 0x03, 0xbf,
  0x00, 0x28, 0xfd, 0xbe, 0x01, 0xb8, 0xf3, 0xbe, 0x00, 0x70, 0xec, 0xbe,
  0x02, 0x84, 0xe7, 0xbe, 0xfe, 0xcb, 0xe6, 0xbe, 0x00, 0xe8, 0xe7, 0xbe,
  0x00, 0x38, 0xee, 0xbe, 0x01, 0x90, 0xf5, 0xbe, 0x01, 0x12, 0x00, 0xbf,
  0x01, 0x94, 0x05, 0xbf, 0x01, 0x72, 0x0b, 0xbf, 0xff, 0xe7, 0x10, 0xbf,
  0x01, 0x12, 0x16, 0xbf, 0xff, 0xed, 0x19, 0xbf, 0x00, 0x6c, 0x1d, 0xbf,
  0x00, 0x10, 0x1f, 0xbf, 0x01, 0x40, 0x20, 0xbf, 0x00, 0x2e, 0x20, 0xbf,
  0xff, 0x9d, 0x1f, 0xbf, 0x00, 0x86, 0x1e, 0xbf, 0x00, 0x48, 0x1d, 0xbf,
  0x00, 0xfe, 0x1b, 0xbf, 0xff, 0x37, 0x1b, 0xbf, 0x00, 0xa0, 0x1a, 0xbf,
  0x00, 0xca, 0x1a, 0xbf, 0xff, 0x37, 0x1b, 0xbf, 0x00, 0x14, 0x1c, 0xbf,
  0x00, 0xf2, 0x1c, 0xbf, 0x00, 0xd4, 0x1d, 0xbf, 0x00, 0x0a, 0x1e, 0xbf,
  0x00, 0x02, 0x1e, 0xbf, 0xff, 0xb9, 0x1c, 0xbf, 0x00, 0x1c, 0x1b, 0xbf,
  0x00, 0xa0, 0x18, 0xbf, 0x01, 0xf0, 0x15, 0xbf, 0x01, 0x0c, 0x13, 0xbf,
  0xff, 0xaf, 0x10, 0xbf, 0xff, 0x8d, 0x0e, 0xbf, 0x00, 0x0c, 0x0e, 0xbf,
  0x00, 0x02, 0x0e, 0xbf, 0x00, 0xbe, 0x0f, 0xbf, 0x00, 0x42, 0x12, 0xbf,
  0x00, 0xf4, 0x15, 0xbf, 0x00, 0x58, 0x1a, 0xbf, 0xff, 0x2b, 0x1f, 0xbf,
  0x01, 0x06, 0x24, 0xbf, 0x00, 0xcc, 0x28, 0xbf, 0x00, 0x86, 0x2c, 0xbf,
  0x00, 0xb2, 0x2f, 0xbf, 0x01, 0x94, 0x31, 0xbf, 0x00, 0x80, 0x32, 0xbf,
  0x01, 0x90, 0x32, 0xbf, 0x01, 0xda, 0x31, 0xbf, 0x00, 0xe2, 0x30, 0xbf,
  0x00, 0x1a, 0x30, 0xbf, 0x00, 0x98, 0x2f, 0xbf, 0x00, 0x24, 0x30, 0xbf,
  0x01, 0x72, 0x31, 0xbf, 0x00, 0xc8, 0x33, 0xbf, 0x00, 0x08, 0x37, 0xbf,
  0x00, 0xc2, 0x3a, 0xbf, 0xff, 0xe7, 0x3e, 0xbf, 0x00, 0x08, 0x43, 0xbf,
  0x00, 0x7e, 0x46, 0xbf, 0x00, 0x6c, 0x49, 0xbf, 0xff, 0x43, 0x4b, 0xbf,
  0x01, 0x06, 0x4c, 0xbf, 0x01, 0xe4, 0x4b, 0xbf, 0x00, 0x86, 0x4a, 0xbf,
  0x01, 0xc8, 0x48, 0xbf, 0x01, 0x28, 0x46, 0xbf, 0x00, 0x78, 0x43, 0xbf,
  0x01, 0x9a, 0x40, 0xbf, 0x00, 0xb0, 0x3d, 0xbf, 0x01, 0xb2, 0x3a, 0xbf,
  0x00, 0x4c, 0x37, 0xbf, 0x00, 0xb0, 0x33, 0xbf, 0xff, 0xdb, 0x2e, 0xbf,
  0x00, 0xa4, 0x29, 0xbf, 0x00, 0xc2, 0x22, 0xbf, 0x00, 0x54, 0x1b, 0xbf,
  0x00, 0xce, 0x12, 0xbf, 0x00, 0xec, 0x09, 0xbf, 0xff, 0xc5, 0x00, 0xbf,
  0x00, 0x5c, 0xf0, 0xbe, 0x01, 0x88, 0xdf, 0xbe, 0x01, 0x90, 0xd2, 0xbe,
  0x00, 0xd8, 0xc6, 0xbe, 0x01, 0x44, 0xbf, 0xbe, 0x02, 0x5c, 0xba, 0xbe,
  0xff, 0x8f, 0xb8, 0xbe, 0x01, 0x60, 0xba, 0xbe, 0xff, 0xcf, 0xbd, 0xbe,
  0xff, 0xd3, 0xc4, 0xbe, 0xfe, 0x7b, 0xcc, 0xbe, 0xff, 0xe3, 0xd5, 0xbe,
  0xff, 0x4f, 0xdf, 0xbe, 0xff, 0xbf, 0xe8, 0xbe, 0xfe, 0x5f, 0xf1, 0xbe,
  0x01, 0x68, 0xf9, 0xbe, 0x00, 0x00, 0x00, 0xbf, 0x00, 0x1e, 0x03, 0xbf,
  0xff, 0xcb, 0x05, 0xbf, 0xff, 0x8d, 0x08, 0xbf, 0x00, 0x8e, 0x0b, 0xbf,
  0xff, 0x09, 0x0f, 0xbf, 0x00, 0x08, 0x13, 0xbf, 0x00, 0xf8, 0x17, 0xbf,
  0x00, 0x4c, 0x1d, 0xbf, 0xff, 0xcb, 0x23, 0xbf, 0x00, 0x8a, 0x2a, 0xbf,
  0x01, 0x1e, 0x32, 0xbf, 0x00, 0xf2, 0x39, 0xbf, 0x00, 0x30, 0x42, 0xbf,
  0x01, 0x90, 0x4a, 0xbf, 0x01, 0x02, 0x53, 0xbf, 0x01, 0x2e, 0x5b, 0xbf,
  0x00, 0x3e, 0x63, 0xbf, 0x01, 0x4c, 0x6a, 0xbf, 0x01, 0xde, 0x70, 0xbf,
  0x00, 0x2e, 0x76, 0xbf, 0xff, 0x69, 0x7a, 0xbf, 0x01, 0x96, 0x7d, 0xbf,
  0x00, 0x1a, 0x7f, 0xbf, 0x00, 0xfe, 0x7f, 0xbf, 0x00, 0xd6, 0x7e, 0xbf,
  0x00, 0x36, 0x7d, 0xbf, 0xff, 0xed, 0x79, 0xbf, 0xff, 0xd7, 0x75, 0xbf,
  0x00, 0x8a, 0x70, 0xbf, 0x00, 0x08, 0x6a, 0xbf, 0x00, 0xc4, 0x62, 0xbf,
  0x01, 0x1e, 0x5a, 0xbf, 0xff, 0x21, 0x51, 0xbf, 0x00, 0x48, 0x47, 0xbf,
  0x01, 0x8a, 0x3d, 0xbf, 0x01, 0x06, 0x34, 0xbf, 0xff, 0x65, 0x2b, 0xbf,
  0x00, 0x98, 0x23, 0xbf, 0x01, 0xf0, 0x1d, 0xbf, 0x00, 0x10, 0x19, 0xbf,
  0x00, 0x80, 0x17, 0xbf, 0x00, 0xaa, 0x16, 0xbf, 0x01, 0x6e, 0x18, 0xbf,
  0x00, 0x28, 0x1b, 0xbf, 0xff, 0x41, 0x1f, 0xbf, 0x00, 0x16, 0x24, 0xbf,
  0x00, 0x54, 0x29, 0xbf, 0x00, 0xa8, 0x2e, 0xbf, 0x00, 0xf4, 0x33, 0xbf,
  0x01, 0xa6, 0x38, 0xbf, 0x00, 0xfc, 0x3c, 0xbf, 0xff, 0x81, 0x40, 0xbf,
  0x01, 0x24, 0x43, 0xbf, 0x00, 0x08, 0x45, 0xbf, 0xff, 0x41, 0x45, 0xbf,
  0x00, 0xf8, 0x44, 0xbf, 0x00, 0x14, 0x42, 0xbf, 0x00, 0x92, 0x3e, 0xbf,
  0x00, 0xee, 0x38, 0xbf, 0x00, 0x68, 0x32, 0xbf, 0x00, 0xb6, 0x2a, 0xbf,
  0x00, 0xae, 0x22, 0xbf, 0x00, 0x7e, 0x1a, 0xbf, 0xff, 0xa9, 0x13, 0xbf,
  0x01, 0x68, 0x0d, 0xbf, 0x00, 0x3c, 0x0a, 0xbf, 0x00, 0x88, 0x08, 0xbf,
  0xff, 0xbf, 0x09, 0xbf, 0x01, 0x18, 0x0d, 0xbf, 0x00, 0x20, 0x12, 0xbf,
  0x00, 0xac, 0x18, 0xbf, 0x00, 0xa6, 0x1f, 0xbf, 0x01, 0x34, 0x26, 0xbf,
  0x00, 0x3c, 0x2c, 0xbf, 0xff, 0x81, 0x30, 0xbf, 0x00, 0x78, 0x33, 0xbf,
  0xff, 0xdb, 0x34, 0xbf, 0x00, 0xc4, 0x34, 0xbf, 0x00, 0xf4, 0x33, 0xbf,
  0x00, 0x5c, 0x32, 0xbf, 0x00, 0xb8, 0x30, 0xbf, 0x00, 0x60, 0x2f, 0xbf,
  0xff, 0x69, 0x2e, 0xbf, 0x00, 0x24, 0x2e, 0xbf, 0x00, 0xae, 0x2e, 0xbf,
  0x00, 0xc8, 0x2f, 0xbf, 0x00, 0x18, 0x32, 0xbf, 0x01, 0xbe, 0x34, 0xbf,
  0x00, 0xee, 0x38, 0xbf, 0x01, 0x7e, 0x3d, 0xbf, 0x01, 0x3a, 0x43, 0xbf,
  0x00, 0x86, 0x49, 0xbf, 0x01, 0x6e, 0x50, 0xbf, 0x01, 0x8a, 0x57, 0xbf,
  0x00, 0xb4, 0x5e, 0xbf, 0xff, 0xfd, 0x64, 0xbf, 0x01, 0xe0, 0x6a, 0xbf,
  0xff, 0xdb, 0x6e, 0xbf, 0xff, 0xb3, 0x71, 0xbf, 0x01, 0xa6, 0x72, 0xbf,
  0xff, 0xb3, 0x71, 0xbf, 0x00, 0x80, 0x6f, 0xbf, 0xff, 0x59, 0x6b, 0xbf,
  0xff, 0xb9, 0x66, 0xbf, 0xff, 0x2b, 0x61, 0xbf, 0xff, 0xbf, 0x5b, 0xbf,
  0x00, 0xb4, 0x56, 0xbf, 0x01, 0x62, 0x52, 0xbf, 0x00, 0xcc, 0x4e, 0xbf,
  0x00, 0x5a, 0x4c, 0xbf, 0x00, 0x58, 0x4a, 0xbf, 0xff, 0x2b, 0x49, 0xbf,
  0x00, 0x08, 0x48, 0xbf, 0x00, 0xca, 0x46, 0xbf, 0x00, 0x36, 0x45, 0xbf,
  0x01, 0x18, 0x43, 0xbf, 0x01, 0x34, 0x40, 0xbf, 0xff, 0xdb, 0x3c, 0xbf,
  0xff, 0x6b, 0x38, 0xbf, 0x00, 0xba, 0x33, 0xbf, 0x01, 0xf0, 0x2d, 0xbf,
  0x00, 0xec, 0x27, 0xbf, 0x00, 0x54, 0x21, 0xbf, 0x00, 0xa2, 0x1a, 0xbf,
  0xff, 0xd7, 0x13, 0xbf, 0x01, 0xa0, 0x0d, 0xbf, 0x01, 0x96, 0x07, 0xbf,
  0xff, 0x43, 0x03, 0xbf, 0xff, 0xf7, 0xfe, 0xbe, 0x01, 0x70, 0xfb, 0xbe,
  0x00, 0x08, 0xfa, 0xbe, 0x00, 0xa4, 0xfb, 0xbe, 0x01, 0xe0, 0xff, 0xbe,
  0x00, 0xce, 0x02, 0xbf, 0x00, 0xc2, 0x06, 0xbf, 0x01, 0xf6, 0x0a, 0xbf,
  0x00, 0xb2, 0x0f, 0xbf, 0x00, 0x88, 0x14, 0xbf, 0xff, 0x91, 0x19, 0xbf,
  0x00, 0xc2, 0x1e, 0xbf, 0x00, 0x14, 0x24, 0xbf, 0x00, 0xae, 0x29, 0xbf,
  0x00, 0x60, 0x2f, 0xbf, 0x01, 0x3a, 0x35, 0xbf, 0x01, 0x00, 0x3b, 0xbf,
  0x00, 0x72, 0x40, 0xbf, 0x01, 0x46, 0x45, 0xbf, 0x00, 0x48, 0x49, 0xbf,
  0x00, 0x84, 0x4b, 0xbf, 0x01, 0xd4, 0x4c, 0xbf, 0x00, 0xa8, 0x4a, 0xbf,
  0x00, 0x84, 0x47, 0xbf, 0x00, 0xdc, 0x3f, 0xbf, 0xff, 0x6b, 0x36, 0xbf,
  0xff, 0x41, 0x29, 0xbf, 0x00, 0x3e, 0x19, 0xbf, 0x00, 0xe6, 0x06, 0xbf,
  0x00, 0x04, 0xe3, 0xbe, 0x00, 0x7c, 0xb6, 0xbe, 0x01, 0x60, 0x86, 0xbe,
  0xff, 0x2f, 0x2d, 0xbe, 0x00, 0xc0, 0x9f, 0xbd, 0x00, 0x00, 0x06, 0xbc,
  0xff, 0xff, 0x27, 0x3a, 0x02, 0x40, 0xfe, 0x3c, 0x01, 0xa0, 0x70, 0x3d,
  0x00, 0x00, 0xa2, 0x3d, 0x00, 0xe0, 0xcb, 0x3d, 0x05, 0x90, 0xf5, 0x3d,
  0xff, 0x7f, 0x0f, 0x3e, 0xff, 0x1f, 0x24, 0x3e, 0xfd, 0xc7, 0x38, 0x3e,
  0x02, 0x48, 0x4d, 0x3e, 0x03, 0x58, 0x61, 0x3e, 0x00, 0x58, 0x75, 0x3e,
  0x01, 0xb0, 0x84, 0x3e, 0xff, 0x6b, 0x8e, 0x3e, 0x00, 0x00, 0x98, 0x3e,
  0x01, 0x90, 0xa1, 0x3e, 0x01, 0x14, 0xab, 0x3e, 0xff, 0x1b, 0xb4, 0x3e,
  0x01, 0x24, 0xbd, 0x3e, 0xff, 0x27, 0xc6, 0x3e, 0xfe, 0xcb, 0xce, 0x3e,
  0xff, 0x1f, 0xd7, 0x3e, 0x00, 0x78, 0xdf, 0x3e, 0x01, 0xcc, 0xe7, 0x3e,
  0x00, 0x60, 0xef, 0x3e, 0x00, 0xec, 0xf6, 0x3e, 0x00, 0x7c, 0xfe, 0x3e,
  0x00, 0xd6, 0x02, 0x3f, 0xff, 0x31, 0x06, 0x3f, 0x00, 0x8c, 0x09, 0x3f,
  0x01, 0xea, 0x0c, 0x3f, 0x00, 0xde, 0x0f, 0x3f, 0x01, 0xc8, 0x12, 0x3f,
  0xff, 0xb3, 0x15, 0x3f, 0x00, 0x70, 0x18, 0x3f, 0xff, 0xe7, 0x1a, 0x3f,
  0x00, 0x58, 0x1d, 0x3f, 0x00, 0xd0, 0x1f, 0x3f, 0x00, 0xe8, 0x21, 0x3f,
  0xff, 0xed, 0x23, 0x3f, 0x01, 0xf0, 0x25, 0x3f, 0x01, 0xda, 0x27, 0x3f,
  0xff, 0x6f, 0x29, 0x3f, 0x00, 0x08, 0x2b, 0x3f, 0x00, 0x9e, 0x2c, 0x3f,
  0xff, 0xed, 0x2d, 0x3f, 0xff, 0x21, 0x2f, 0x3f, 0x01, 0x56, 0x30, 0x3f,
  0x00, 0x78, 0x31, 0x3f, 0x00, 0x52, 0x32, 0x3f, 0x00, 0x28, 0x33, 0x3f,
  0x00, 0xfe, 0x33, 0x3f, 0x00, 0xa8, 0x34, 0x3f, 0x00, 0x30, 0x35, 0x3f,
  0x00, 0xbc, 0x35, 0x3f, 0x01, 0x40, 0x36, 0x3f, 0x00, 0x8a, 0x36, 0x3f,
  0x00, 0xd6, 0x36, 0x3f, 0xff, 0x1f, 0x37, 0x3f, 0x00, 0x52, 0x37, 0x3f,
  0xff, 0x65, 0x37, 0x3f, 0x00, 0x80, 0x37, 0x3f, 0x01, 0x96, 0x37, 0x3f,
  0x00, 0x8e, 0x37, 0x3f, 0x00, 0x86, 0x37, 0x3f, 0x00, 0x80, 0x37, 0x3f,
  0x00, 0x6c, 0x37, 0x3f, 0x00, 0x52, 0x37, 0x3f, 0x00, 0x32, 0x37, 0x3f,
  0xff, 0x15, 0x37, 0x3f, 0xff, 0xf3, 0x36, 0x3f, 0x00, 0xce, 0x36, 0x3f,
  0x00, 0xac, 0x36, 0x3f, 0x00, 0x8a, 0x36, 0x3f, 0xff, 0x6b, 0x36, 0x3f,
  0x01, 0x4c, 0x36, 0x3f, 0x00, 0x2e, 0x36, 0x3f, 0xff, 0x1b, 0x36, 0x3f,
  0x00, 0x08, 0x36, 0x3f, 0xff, 0xf9, 0x35, 0x3f, 0x00, 0xec, 0x35, 0x3f,
  0x01, 0xf0, 0x35, 0x3f, 0x00, 0xf6, 0x35, 0x3f, 0xff, 0xf9, 0x35, 0x3f,
  0x01, 0x12, 0x36, 0x3f, 0x00, 0x30, 0x36, 0x3f, 0x01, 0x4c, 0x36, 0x3f,
  0x00, 0x72, 0x36, 0x3f, 0xff, 0xaf, 0x36, 0x3f, 0x00, 0xee, 0x36, 0x3f,
  0xff, 0x2b, 0x37, 0x3f, 0x00, 0x80, 0x37, 0x3f, 0x01, 0xda, 0x37, 0x3f,
  0x00, 0x36, 0x38, 0x3f, 0x00, 0x94, 0x38, 0x3f, 0x01, 0x0c, 0x39, 0x3f,
  0x00, 0x82, 0x39, 0x3f, 0xff, 0xf9, 0x39, 0x3f, 0x00, 0x80, 0x3a, 0x3f,
  0x00, 0x14, 0x3b, 0x3f, 0x00, 0xa6, 0x3b, 0x3f, 0x00, 0x3a, 0x3c, 0x3f,
  0x00, 0xe6, 0x3c, 0x3f, 0x00, 0x8c, 0x3d, 0x3f, 0x00, 0x36, 0x3e, 0x3f,
  0xff, 0xe7, 0x3e, 0x3f, 0x00, 0xa2, 0x3f, 0x3f, 0x00, 0x58, 0x40, 0x3f,
  0x00, 0x12, 0x41, 0x3f, 0xff, 0xd5, 0x41, 0x3f, 0xff, 0x97, 0x42, 0x3f,
  0x01, 0x5c, 0x43, 0x3f, 0x00, 0x22, 0x44, 0x3f, 0x00, 0xec, 0x44, 0x3f,
  0x01, 0xb8, 0x45, 0x3f, 0x00, 0x80, 0x46, 0x3f, 0x00, 0x48, 0x47, 0x3f,
  0x00, 0x0e, 0x48, 0x3f, 0x01, 0xd4, 0x48, 0x3f, 0x01, 0x96, 0x49, 0x3f,
  0x01, 0x56, 0x4a, 0x3f, 0x00, 0x1a, 0x4b, 0x3f, 0x00, 0xde, 0x4b, 0x3f,
  0x01, 0x90, 0x4c, 0x3f, 0xff, 0x43, 0x4d, 0x3f, 0x00, 0xf6, 0x4d, 0x3f,
  0x01, 0xa6, 0x4e, 0x3f, 0x01, 0x46, 0x4f, 0x3f, 0x01, 0xe4, 0x4f, 0x3f,
  0x00, 0x8a, 0x50, 0x3f, 0x00, 0x1a, 0x51, 0x3f, 0x00, 0xa2, 0x51, 0x3f,
  0x00, 0x2e, 0x52, 0x3f, 0x00, 0xb6, 0x52, 0x3f, 0x01, 0x24, 0x53, 0x3f,
  0xff, 0x91, 0x53, 0x3f, 0x00, 0x00, 0x54, 0x3f, 0xff, 0x5f, 0x54, 0x3f,
  0xff, 0xaf, 0x54, 0x3f, 0x00, 0x04, 0x55, 0x3f, 0x00, 0x54, 0x55, 0x3f,
  0x00, 0x86, 0x55, 0x3f, 0xff, 0xb3, 0x55, 0x3f, 0x00, 0xe6, 0x55, 0x3f,
  0xff, 0x03, 0x56, 0x3f, 0x00, 0x14, 0x56, 0x3f, 0x00, 0x24, 0x56, 0x3f,
  0xff, 0x31, 0x56, 0x3f, 0x00, 0x24, 0x56, 0x3f, 0xff, 0x0f, 0x56, 0x3f,
  0x00, 0x02, 0x56, 0x3f, 0xff, 0xe1, 0x55, 0x3f, 0x00, 0xae, 0x55, 0x3f,
  0x00, 0x78, 0x55, 0x3f, 0xff, 0x43, 0x55, 0x3f, 0xff, 0xf3, 0x54, 0x3f,
  0x00, 0x9e, 0x54, 0x3f, 0x01, 0x4a, 0x54, 0x3f, 0x00, 0xea, 0x53, 0x3f,
  0x00, 0x76, 0x53, 0x3f, 0x01, 0x02, 0x53, 0x3f, 0xff, 0x8b, 0x52, 0x3f,
  0x00, 0x02, 0x52, 0x3f, 0x01, 0x74, 0x51, 0x3f, 0x00, 0xe6, 0x50, 0x3f,
  0x00, 0x52, 0x50, 0x3f, 0xff, 0xa9, 0x4f, 0x3f, 0x01, 0x00, 0x4f, 0x3f,
  0x01, 0x56, 0x4e, 0x3f, 0x00, 0xa4, 0x4d, 0x3f, 0x01, 0xea, 0x4c, 0x3f,
  0x00, 0x30, 0x4c, 0x3f, 0x00, 0x78, 0x4b, 0x3f, 0x00, 0xae, 0x4a, 0x3f,
  0x00, 0xe8, 0x49, 0x3f, 0x00, 0x1e, 0x49, 0x3f, 0x00, 0x52, 0x48, 0x3f,
  0x01, 0x7e, 0x47, 0x3f, 0xff, 0xaf, 0x46, 0x3f, 0x00, 0xdc, 0x45, 0x3f,
  0x00, 0x0e, 0x45, 0x3f, 0x00, 0x38, 0x44, 0x3f, 0x00, 0x64, 0x43, 0x3f,
  0x00, 0x96, 0x42, 0x3f, 0x00, 0xc6, 0x41, 0x3f, 0x01, 0xf6, 0x40, 0x3f,
  0x01, 0x2a, 0x40, 0x3f, 0x00, 0x64, 0x3f, 0x3f, 0x00, 0x9e, 0x3e, 0x3f,
  0x00, 0xde, 0x3d, 0x3f, 0x00, 0x1c, 0x3d, 0x3f, 0xff, 0x69, 0x3c, 0x3f,
  0xff, 0xb5, 0x3b, 0x3f, 0x01, 0x02, 0x3b, 0x3f, 0xff, 0x5f, 0x3a, 0x3f,
  0xff, 0xbf, 0x39, 0x3f, 0xff, 0x21, 0x39, 0x3f, 0x00, 0x8a, 0x38, 0x3f,
  0x00, 0x02, 0x38, 0x3f, 0x00, 0x7a, 0x37, 0x3f, 0x00, 0xf2, 0x36, 0x3f,
  0x00, 0x7e, 0x36, 0x3f, 0x00, 0x16, 0x36, 0x3f, 0x01, 0xac, 0x35, 0x3f,
  0x00, 0x48, 0x35, 0x3f, 0x00, 0xf8, 0x34, 0x3f, 0x00, 0xaa, 0x34, 0x3f,
  0x00, 0x5a, 0x34, 0x3f, 0x00, 0x20, 0x34, 0x3f, 0x01, 0xf0, 0x33, 0x3f,
  0x00, 0xc6, 0x33, 0x3f, 0x00, 0x9a, 0x33, 0x3f, 0xff, 0x87, 0x33, 0x3f,
  0x01, 0x74, 0x33, 0x3f, 0xff, 0x65, 0x33, 0x3f, 0x00, 0x60, 0x33, 0x3f,
  0xff, 0x65, 0x33, 0x3f, 0x00, 0x6c, 0x33, 0x3f, 0x01, 0x74, 0x33, 0x3f,
  0x00, 0x90, 0x33, 0x3f, 0x00, 0xb2, 0x33, 0x3f, 0x01, 0xce, 0x33, 0x3f,
  0x00, 0xf6, 0x33, 0x3f, 0x00, 0x22, 0x34, 0x3f, 0x00, 0x4e, 0x34, 0x3f,
  0x00, 0x7a, 0x34, 0x3f, 0xff, 0xaf, 0x34, 0x3f, 0x00, 0xe6, 0x34, 0x3f,
  0x00, 0x1e, 0x35, 0x3f, 0x00, 0x54, 0x35, 0x3f, 0x00, 0x86, 0x35, 0x3f,
  0x00, 0xbe, 0x35, 0x3f, 0x00, 0xf2, 0x35, 0x3f, 0x01, 0x1e, 0x36, 0x3f,
  0x00, 0x46, 0x36, 0x3f, 0x00, 0x72, 0x36, 0x3f, 0x00, 0x94, 0x36, 0x3f,
  0x01, 0xa6, 0x36, 0x3f, 0x01, 0xbc, 0x36, 0x3f, 0x00, 0xce, 0x36, 0x3f,
  0x01, 0xc8, 0x36, 0x3f, 0xff, 0xb9, 0x36, 0x3f, 0x00, 0xac, 0x36, 0x3f,
  0x01, 0x90, 0x36, 0x3f, 0xff, 0x53, 0x36, 0x3f, 0x01, 0x12, 0x36, 0x3f,
  0x00, 0xd4, 0x35, 0x3f, 0x00, 0x6a, 0x35, 0x3f, 0xff, 0xe7, 0x34, 0x3f,
  0xff, 0x69, 0x34, 0x3f, 0xff, 0xe1, 0x33, 0x3f, 0x00, 0x14, 0x33, 0x3f,
  0xff, 0x47, 0x32, 0x3f, 0xff, 0x7b, 0x31, 0x3f, 0x00, 0x7e, 0x30, 0x3f,
  0x00, 0x58, 0x2f, 0x3f, 0x01, 0x34, 0x2e, 0x3f, 0x00, 0x0e, 0x2d, 0x3f,
  0x00, 0x82, 0x2b, 0x3f, 0x00, 0xf4, 0x29, 0x3f, 0xff, 0x6b, 0x28, 0x3f,
  0x00, 0xaa, 0x26, 0x3f, 0x00, 0xae, 0x24, 0x3f, 0x01, 0xb2, 0x22, 0x3f,
  0x00, 0xb4, 0x20, 0x3f, 0xff, 0x47, 0x1e, 0x3f, 0x00, 0xd0, 0x1b, 0x3f,
  0x00, 0x58, 0x19, 0x3f, 0x01, 0xb2, 0x16, 0x3f, 0x00, 0xbe, 0x13, 0x3f,
  0x00, 0xca, 0x10, 0x3f, 0x00, 0xd2, 0x0d, 0x3f, 0x00, 0x72, 0x0a, 0x3f,
  0x00, 0xfc, 0x06, 0x3f, 0x00, 0x82, 0x03, 0x3f, 0x00, 0xd0, 0xff, 0x3e,
  0x01, 0xe0, 0xf7, 0x3e, 0xff, 0xef, 0xef, 0x3e, 0x00, 0x00, 0xe8, 0x3e,
  0x01, 0x5c, 0xdf, 0x3e, 0x01, 0x78, 0xd6, 0x3e, 0x01, 0x90, 0xcd, 0x3e,
  0x01, 0x84, 0xc4, 0x3e, 0x01, 0xb8, 0xba, 0x3e, 0xff, 0xe7, 0xb0, 0x3e,
  0xff, 0x23, 0xa7, 0x3e, 0xff, 0xd3, 0x9c, 0x3e, 0xfe, 0x43, 0x92, 0x3e,
  0xfe, 0xaf, 0x87, 0x3e, 0x01, 0x18, 0x7a, 0x3e, 0xff, 0x97, 0x63, 0x3e,
  0xfd, 0x0f, 0x4d, 0x3e, 0x01, 0x90, 0x36, 0x3e, 0x00, 0x78, 0x1f, 0x3e,
  0xfd, 0xe7, 0x07, 0x3e, 0xff, 0xbf, 0xe0, 0x3d, 0x00, 0xa0, 0xb1, 0x3d,
  0x00, 0x20, 0x81, 0x3d, 0xff, 0x5f, 0x21, 0x3d, 0x01, 0x40, 0x81, 0x3c,
  0x00, 0x80, 0x03, 0xbc, 0xff, 0x5f, 0x03, 0xbd, 0x00, 0xc0, 0x65, 0xbd,
  0x00, 0x10, 0xa4, 0xbd, 0x03, 0x40, 0xd5, 0xbd, 0x02, 0x28, 0x03, 0xbe,
  0xff, 0xbf, 0x1b, 0xbe, 0x03, 0x30, 0x34, 0xbe, 0xfd, 0x57, 0x4c, 0xbe,
  0x02, 0x90, 0x64, 0xbe, 0x02, 0xc0, 0x7c, 0xbe, 0x01, 0x30, 0x8a, 0xbe,
  0x00, 0xf4, 0x95, 0xbe, 0x00, 0xb0, 0xa1, 0xbe, 0x01, 0x50, 0xad, 0xbe,
  0xff, 0x8f, 0xb8, 0xbe, 0x00, 0xd0, 0xc3, 0xbe, 0xfe, 0x0f, 0xcf, 0xbe,
  0x01, 0xd8, 0xd9, 0xbe, 0xff, 0x77, 0xe4, 0xbe, 0x01, 0x18, 0xef, 0xbe,
  0x01, 0x90, 0xf9, 0xbe, 0x01, 0xb8, 0x01, 0xbf, 0x00, 0xac, 0x06, 0xbf,
  0xff, 0x9d, 0x0b, 0xbf, 0x01, 0x4a, 0x10, 0xbf, 0x00, 0xd8, 0x14, 0xbf,
  0x00, 0x60, 0x19, 0xbf, 0x00, 0xdc, 0x1d, 0xbf, 0x00, 0xf6, 0x21, 0xbf,
  0xff, 0x0f, 0x26, 0xbf, 0xff, 0x25, 0x2a, 0xbf, 0x00, 0x00, 0x2e, 0xbf,
  0x00, 0xae, 0x31, 0xbf, 0x00, 0x54, 0x35, 0xbf, 0xff, 0xff, 0x38, 0xbf,
  0x00, 0x3a, 0x3c, 0xbf, 0x00, 0x76, 0x3f, 0xbf, 0x01, 0xb2, 0x42, 0xbf,
  0x01, 0xb8, 0x45, 0xbf, 0x01, 0x84, 0x48, 0xbf, 0xff, 0x4d, 0x4b, 0xbf,
  0x01, 0x1e, 0x4e, 0xbf, 0xff, 0x8b, 0x50, 0xbf, 0xff, 0xf3, 0x52, 0xbf,
  0x00, 0x5e, 0x55, 0xbf, 0x01, 0xa0, 0x57, 0xbf, 0x00, 0xa8, 0x59, 0xbf,
  0x01, 0xb8, 0x5b, 0xbf, 0xff, 0xbf, 0x5d, 0xbf, 0x00, 0x84, 0x5f, 0xbf,
  0x01, 0x3a, 0x61, 0xbf, 0x00, 0xf0, 0x62, 0xbf, 0xff, 0x8b, 0x64, 0xbf,
  0x00, 0xf8, 0x65, 0xbf, 0x00, 0x62, 0x67, 0xbf, 0x00, 0xca, 0x68, 0xbf,
  0x01, 0x06, 0x6a, 0xbf, 0x01, 0x2e, 0x6b, 0xbf, 0x00, 0x5c, 0x6c, 0xbf,
  0x00, 0x78, 0x6d, 0xbf, 0xff, 0x69, 0x6e, 0xbf, 0x01, 0x5c, 0x6f, 0xbf,
  0x00, 0x4e, 0x70, 0xbf, 0x00, 0x26, 0x71, 0xbf, 0x00, 0xec, 0x71, 0xbf,
  0x00, 0xb6, 0x72, 0xbf, 0x00, 0x76, 0x73, 0xbf, 0x00, 0x1a, 0x74, 0xbf,
  0x00, 0xb8, 0x74, 0xbf, 0x00, 0x58, 0x75, 0xbf, 0x00, 0xea, 0x75, 0xbf,
  0x00, 0x70, 0x76, 0xbf, 0x00, 0xf8, 0x76, 0xbf, 0x01, 0x7e, 0x77, 0xbf,
  0x00, 0xec, 0x77, 0xbf, 0x00, 0x5c, 0x78, 0xbf, 0x00, 0xce, 0x78, 0xbf,
  0x00, 0x36, 0x79, 0xbf, 0xff, 0x91, 0x79, 0xbf, 0x00, 0xf2, 0x79, 0xbf,
  0x00, 0x4e, 0x7a, 0xbf, 0x00, 0xa2, 0x7a, 0xbf, 0xff, 0xf3, 0x7a, 0xbf,
  0x01, 0x46, 0x7b, 0xbf, 0x01, 0x94, 0x7b, 0xbf, 0x00, 0xdc, 0x7b, 0xbf,
  0xff, 0x25, 0x7c, 0xbf, 0x01, 0x6e, 0x7c, 0xbf, 0x00, 0xac, 0x7c, 0xbf,
  0x01, 0xea, 0x7c, 0xbf, 0x00, 0x28, 0x7d, 0xbf, 0x00, 0x62, 0x7d, 0xbf,
  0x00, 0x9c, 0x7d, 0xbf, 0xff, 0xd7, 0x7d, 0xbf, 0xff, 0x0f, 0x7e, 0xbf,
  0x00, 0x44, 0x7e, 0xbf, 0x00, 0x72, 0x7e, 0xbf, 0xff, 0xa3, 0x7e, 0xbf,
  0x00, 0xd0, 0x7e, 0xbf, 0x00, 0xf8, 0x7e, 0xbf, 0x00, 0x1c, 0x7f, 0xbf,
  0xff, 0x41, 0x7f, 0xbf, 0x00, 0x62, 0x7f, 0xbf, 0x00, 0x80, 0x7f, 0xbf,
  0xff, 0x9d, 0x7f, 0xbf, 0x00, 0xba, 0x7f, 0xbf, 0x00, 0xca, 0x7f, 0xbf,
  0x01, 0xda, 0x7f, 0xbf, 0x00, 0xea, 0x7f, 0xbf, 0x00, 0xf6, 0x7f, 0xbf,
  0x00, 0xf8, 0x7f, 0xbf, 0x01, 0xfc, 0x7f, 0xbf, 0x00, 0xfe, 0x7f, 0xbf,
  0x00, 0xf2, 0x7f, 0xbf, 0x01, 0xe4, 0x7f, 0xbf, 0x01, 0xda, 0x7f, 0xbf,
  0x01, 0xc2, 0x7f, 0xbf, 0x00, 0xa6, 0x7f, 0xbf, 0x00, 0x86, 0x7f, 0xbf,
  0x01, 0x68, 0x7f, 0xbf, 0x00, 0x36, 0x7f, 0xbf, 0x00, 0x04, 0x7f, 0xbf,
  0x00, 0xd0, 0x7e, 0xbf, 0x00, 0x94, 0x7e, 0xbf, 0x00, 0x4e, 0x7e, 0xbf,
  0x00, 0x02, 0x7e, 0xbf, 0x00, 0xbc, 0x7d, 0xbf, 0x00, 0x62, 0x7d, 0xbf,
  0x00, 0x04, 0x7d, 0xbf, 0x00, 0xa8, 0x7c, 0xbf, 0x00, 0x44, 0x7c, 0xbf,
  0xff, 0xd5, 0x7b, 0xbf, 0xff, 0x65, 0x7b, 0xbf, 0x01, 0xf6, 0x7a, 0xbf,
  0x00, 0x74, 0x7a, 0xbf, 0xff, 0xed, 0x79, 0xbf, 0x00, 0x6a, 0x79, 0xbf,
  0x01, 0xde, 0x78, 0xbf, 0x00, 0x44, 0x78, 0xbf, 0x01, 0xac, 0x77, 0xbf,
  0x00, 0x10, 0x77, 0xbf, 0xff, 0x69, 0x76, 0xbf, 0xff, 0xbf, 0x75, 0xbf,
  0x00, 0x12, 0x75, 0xbf, 0x00, 0x68, 0x74, 0xbf, 0x00, 0xae, 0x73, 0xbf,
  0xff, 0xf3, 0x72, 0xbf, 0x00, 0x3a, 0x72, 0xbf, 0x00, 0x7a, 0x71, 0xbf,
  0x00, 0xb4, 0x70, 0xbf, 0x00, 0xec, 0x6f, 0xbf, 0x00, 0x2a, 0x6f, 0xbf,
  0x00, 0x58, 0x6e, 0xbf, 0xff, 0x87, 0x6d, 0xbf, 0x00, 0xb4, 0x6c, 0xbf,
  0x00, 0xe0, 0x6b, 0xbf, 0xff, 0x09, 0x6b, 0xbf, 0x01, 0x34, 0x6a, 0xbf,
  0xff, 0x59, 0x69, 0xbf, 0x00, 0x7e, 0x68, 0xbf, 0x00, 0xa6, 0x67, 0xbf,
  0x00, 0xce, 0x66, 0xbf, 0x00, 0xf2, 0x65, 0xbf, 0xff, 0x15, 0x65, 0xbf,
  0x00, 0x3a, 0x64, 0xbf, 0x00, 0x5e, 0x63, 0xbf, 0xff, 0x81, 0x62, 0xbf,
  0x00, 0xa6, 0x61, 0xbf, 0x00, 0xca, 0x60, 0xbf, 0x01, 0xf0, 0x5f, 0xbf,
  0x01, 0x18, 0x5f, 0xbf, 0xff, 0x3d, 0x5e, 0xbf, 0x00, 0x6a, 0x5d, 0xbf,
  0x00, 0x96, 0x5c, 0xbf, 0x00, 0xc8, 0x5b, 0xbf, 0x00, 0xf8, 0x5a, 0xbf,
  0x00, 0x24, 0x5a, 0xbf, 0x00, 0x5e, 0x59, 0xbf, 0x00, 0x96, 0x58, 0xbf,
  0x01, 0xce, 0x57, 0xbf, 0x01, 0x0c, 0x57, 0xbf, 0xff, 0x47, 0x56, 0xbf,
  0x00, 0x86, 0x55, 0xbf, 0x01, 0xc8, 0x54, 0xbf, 0x01, 0x12, 0x54, 0xbf,
  0x00, 0x5e, 0x53, 0xbf, 0x00, 0xaa, 0x52, 0xbf, 0x01, 0xfc, 0x51, 0xbf,
  0x00, 0x52, 0x51, 0xbf, 0x00, 0xac, 0x50, 0xbf, 0x00, 0x00, 0x50, 0xbf,
  0x00, 0x62, 0x4f, 0xbf, 0x00, 0xc4, 0x4e, 0xbf, 0x00, 0x24, 0x4e, 0xbf,
  0x00, 0x8c, 0x4d, 0xbf, 0x00, 0xf8, 0x4c, 0xbf, 0x00, 0x66, 0x4c, 0xbf,
  0x00, 0xd0, 0x4b, 0xbf, 0x00, 0x48, 0x4b, 0xbf, 0x01, 0xbe, 0x4a, 0xbf,
  0x01, 0x34, 0x4a, 0xbf, 0x00, 0xb0, 0x49, 0xbf, 0x01, 0x2e, 0x49, 0xbf,
  0x00, 0xae, 0x48, 0xbf, 0x00, 0x30, 0x48, 0xbf, 0xff, 0xb5, 0x47, 0xbf,
  0x00, 0x40, 0x47, 0xbf, 0x01, 0xc8, 0x46, 0xbf, 0x00, 0x52, 0x46, 0xbf,
  0x00, 0xe0, 0x45, 0xbf, 0x00, 0x6e, 0x45, 0xbf, 0xff, 0xfd, 0x44, 0xbf,
  0xff, 0x8b, 0x44, 0xbf, 0xff, 0x1b, 0x44, 0xbf, 0x00, 0xa8, 0x43, 0xbf,
  0x01, 0x3a, 0x43, 0xbf, 0xff, 0xc5, 0x42, 0xbf, 0x00, 0x58, 0x42, 0xbf,
  0x01, 0xe4, 0x41, 0xbf, 0x00, 0x6e, 0x41, 0xbf, 0x00, 0xfa, 0x40, 0xbf,
  0x00, 0x86, 0x40, 0xbf, 0xff, 0x0f, 0x40, 0xbf, 0xff, 0x91, 0x3f, 0xbf,
  0xff, 0x15, 0x3f, 0xbf, 0x00, 0x96, 0x3e, 0xbf, 0x01, 0x12, 0x3e, 0xbf,
  0x00, 0x84, 0x3d, 0xbf, 0x00, 0xf8, 0x3c, 0xbf, 0xff, 0x69, 0x3c, 0xbf,
  0x01, 0xce, 0x3b, 0xbf, 0x00, 0x34, 0x3b, 0xbf, 0x00, 0x96, 0x3a, 0xbf,
  0xff, 0xed, 0x39, 0xbf, 0x01, 0x3a, 0x39, 0xbf, 0x00, 0x86, 0x38, 0xbf,
  0x00, 0xd4, 0x37, 0xbf, 0x01, 0x00, 0x37, 0xbf, 0x01, 0x2a, 0x36, 0xbf,
  0x01, 0x5c, 0x35, 0xbf, 0x00, 0x7a, 0x34, 0xbf, 0x00, 0x84, 0x33, 0xbf,
  0x01, 0x90, 0x32, 0xbf, 0x00, 0x9a, 0x31, 0xbf, 0x00, 0x80, 0x30, 0xbf,
  0x00, 0x5e, 0x2f, 0xbf, 0x00, 0x3a, 0x2e, 0xbf, 0xff, 0x09, 0x2d, 0xbf,
  0x00, 0xba, 0x2b, 0xbf, 0x00, 0x68, 0x2a, 0xbf, 0x00, 0x1a, 0x29, 0xbf,
  0x00, 0x98, 0x27, 0xbf, 0xff, 0x0f, 0x26, 0xbf, 0xff, 0x81, 0x24, 0xbf,
  0x00, 0xe6, 0x22, 0xbf, 0x00, 0x1c, 0x21, 0xbf, 0xff, 0x4d, 0x1f, 0xbf,
  0x00, 0x84, 0x1d, 0xbf, 0xff, 0x87, 0x1b, 0xbf, 0x00, 0x76, 0x19, 0xbf,
  0x00, 0x64, 0x17, 0xbf, 0x01, 0x46, 0x15, 0xbf, 0x00, 0xe4, 0x12, 0xbf,
  0x00, 0x86, 0x10, 0xbf, 0x00, 0x22, 0x0e, 0xbf, 0xff, 0x91, 0x0b, 0xbf,
  0x01, 0xe0, 0x08, 0xbf, 0x00, 0x2c, 0x06, 0xbf, 0x01, 0x74, 0x03, 0xbf,
  0xff, 0x69, 0x00, 0xbf, 0x00, 0xc0, 0xfa, 0xbe, 0x01, 0xac, 0xf4, 0xbe,
  0x00, 0x3c, 0xee, 0xbe, 0x00, 0x78, 0xe7, 0xbe, 0x00, 0xb4, 0xe0, 0xbe,
  0xff, 0xe7, 0xd9, 0xbe, 0x00, 0x7c, 0xd2, 0xbe, 0x01, 0x00, 0xcb, 0xbe,
  0x02, 0x84, 0xc3, 0xbe, 0x02, 0xc8, 0xbb, 0xbe, 0x00, 0xa4, 0xb3, 0xbe,
  0x01, 0x88, 0xab, 0xbe, 0xff, 0x67, 0xa3, 0xbe, 0x01, 0xbc, 0x9a, 0xbe,
  0xfe, 0xff, 0x91, 0xbe, 0x00, 0x40, 0x89, 0xbe, 0x02, 0x50, 0x80, 0xbe,
  0x00, 0x08, 0x6e, 0xbe, 0xfe, 0x6f, 0x5b, 0xbe, 0x01, 0xe0, 0x48, 0xbe,
  0x00, 0x80, 0x35, 0xbe, 0x01, 0xf0, 0x21, 0xbe, 0x00, 0x68, 0x0e, 0xbe,
  0xfe, 0x5f, 0xf5, 0xbd, 0xfb, 0xef, 0xcc, 0xbd, 0x00, 0x70, 0xa4, 0xbd,
  0x00, 0xc0, 0x77, 0xbd, 0x01, 0x00, 0x09, 0xbd, 0x00, 0x00, 0x4c, 0xbb,
  0x03, 0x00, 0xf0, 0x3a, 0x00, 0x00, 0x13, 0x3c, 0xfe, 0xff, 0x8d, 0x3c,
  0xfe, 0x7f, 0xdb, 0x3c, 0xff, 0x1f, 0x18, 0x3d, 0x01, 0x60, 0x45, 0x3d,
  0x00, 0xa0, 0x73, 0x3d, 0x00, 0x20, 0x91, 0x3d, 0x00, 0xd0, 0xa7, 0x3d,
  0xff, 0x8f, 0xbd, 0x3d, 0x07, 0x50, 0xd2, 0x3d, 0x06, 0xe0, 0xe5, 0x3d,
  0x01, 0x80, 0xf8, 0x3d, 0x01, 0x50, 0x05, 0x3e, 0xfe, 0x47, 0x0e, 0x3e,
  0x00, 0x48, 0x17, 0x3e, 0xff, 0x8f, 0x20, 0x3e, 0xff, 0x27, 0x2a, 0x3e,
  0x01, 0x10, 0x34, 0x3e, 0x03, 0x50, 0x3e, 0x3e, 0x00, 0xb8, 0x48, 0x3e,
  0xff, 0x37, 0x53, 0x3e, 0x02, 0xa0, 0x5d, 0x3e, 0xff, 0xd7, 0x67, 0x3e,
  0x00, 0xc8, 0x71, 0x3e, 0x01, 0x58, 0x7b, 0x3e, 0xff, 0x57, 0x82, 0x3e,
  0xff, 0xdf, 0x86, 0x3e, 0x00, 0x60, 0x8b, 0x3e, 0xff, 0xd7, 0x8f, 0x3e,
  0x00, 0x58, 0x94, 0x3e, 0xff, 0xeb, 0x98, 0x3e, 0x00, 0x9c, 0x9d, 0x3e,
  0x02, 0x5c, 0xa2, 0x3e, 0x01, 0x2c, 0xa7, 0x3e, 0xff, 0x03, 0xac, 0x3e,
  0xff, 0xd3, 0xb0, 0x3e, 0x01, 0x94, 0xb5, 0x3e, 0x00, 0x38, 0xba, 0x3e,
  0x00, 0xc0, 0xbe, 0x3e, 0x01, 0x2c, 0xc3, 0x3e, 0xff, 0x7f, 0xc7, 0x3e,
  0x02, 0xc8, 0xcb, 0x3e, 0xff, 0x03, 0xd0, 0x3e, 0xff, 0x47, 0xd4, 0x3e,
  0xff, 0x8f, 0xd8, 0x3e, 0x01, 0xe0, 0xdc, 0x3e, 0x00, 0x40, 0xe1, 0x3e,
  0x01, 0xa8, 0xe5, 0x3e, 0xff, 0x0f, 0xea, 0x3e, 0x00, 0x68, 0xee, 0x3e,
  0x01, 0xb8, 0xf2, 0x3e, 0xff, 0xf3, 0xf6, 0x3e, 0xfe, 0x0f, 0xfb, 0x3e,
  0x01, 0x14, 0xff, 0x3e, 0x00, 0x84, 0x01, 0x3f, 0x01, 0x74, 0x03, 0x3f,
  0x01, 0x5c, 0x05, 0x3f, 0x01, 0x46, 0x07, 0x3f, 0x00, 0x32, 0x09, 0x3f,
  0xff, 0x21, 0x0b, 0x3f, 0x00, 0x12, 0x0d, 0x3f, 0x00, 0x08, 0x0f, 0x3f,
  0x01, 0xf6, 0x10, 0x3f, 0x00, 0xe6, 0x12, 0x3f, 0x00, 0xcc, 0x14, 0x3f,
  0x00, 0xaa, 0x16, 0x3f, 0x01, 0x78, 0x18, 0x3f, 0x00, 0x3c, 0x1a, 0x3f,
  0x00, 0xf4, 0x1b, 0x3f, 0x00, 0xa2, 0x1d, 0x3f, 0x00, 0x4a, 0x1f, 0x3f,
  0x00, 0xf0, 0x20, 0x3f, 0x00, 0x94, 0x22, 0x3f, 0x00, 0x3a, 0x24, 0x3f,
  0xff, 0xe1, 0x25, 0x3f, 0x01, 0x8a, 0x27, 0x3f, 0x00, 0x32, 0x29, 0x3f,
  0x00, 0xd8, 0x2a, 0x3f, 0x00, 0x74, 0x2c, 0x3f, 0x01, 0x06, 0x2e, 0x3f,
  0x00, 0x90, 0x2f, 0x3f, 0xff, 0x09, 0x31, 0x3f, 0x00, 0x7a, 0x32, 0x3f,
  0xff, 0xe1, 0x33, 0x3f, 0x00, 0x40, 0x35, 0x3f, 0x01, 0x9a, 0x36, 0x3f,
  0x00, 0xf6, 0x37, 0x3f, 0x00, 0x4a, 0x39, 0x3f, 0x00, 0xa2, 0x3a, 0x3f,
  0xff, 0xf9, 0x3b, 0x3f, 0xff, 0x4d, 0x3d, 0x3f, 0x00, 0x9e, 0x3e, 0x3f,
  0x00, 0xe8, 0x3f, 0x3f, 0x00, 0x28, 0x41, 0x3f, 0x00, 0x5a, 0x42, 0x3f,
  0x00, 0x84, 0x43, 0x3f, 0xff, 0xa3, 0x44, 0x3f, 0x01, 0xb8, 0x45, 0x3f,
  0x00, 0xc2, 0x46, 0x3f, 0x00, 0xc8, 0x47, 0x3f, 0x00, 0xce, 0x48, 0x3f,
  0x01, 0xce, 0x49, 0x3f, 0x00, 0xcc, 0x4a, 0x3f, 0x00, 0xca, 0x4b, 0x3f,
  0x00, 0xc4, 0x4c, 0x3f, 0x00, 0xbc, 0x4d, 0x3f, 0x00, 0xac, 0x4e, 0x3f,
  0x01, 0x94, 0x4f, 0x3f, 0x00, 0x70, 0x50, 0x3f, 0xff, 0x41, 0x51, 0x3f,
  0x00, 0x08, 0x52, 0x3f, 0xff, 0xc5, 0x52, 0x3f, 0xff, 0x7b, 0x53, 0x3f,
  0x01, 0x2a, 0x54, 0x3f, 0x01, 0xd4, 0x54, 0x3f, 0xff, 0x7b, 0x55, 0x3f,
  0x00, 0x20, 0x56, 0x3f, 0x00, 0xc4, 0x56, 0x3f, 0x00, 0x62, 0x57, 0x3f,
  0x01, 0xfc, 0x57, 0x3f, 0xff, 0x8d, 0x58, 0x3f, 0xff, 0x15, 0x59, 0x3f,
  0x00, 0x98, 0x59, 0x3f, 0x00, 0x0e, 0x5a, 0x3f, 0x01, 0x78, 0x5a, 0x3f,
  0x00, 0xda, 0x5a, 0x3f, 0x00, 0x30, 0x5b, 0x3f, 0x00, 0x84, 0x5b, 0x3f,
  0x00, 0xd2, 0x5b, 0x3f, 0x00, 0x1a, 0x5c, 0x3f, 0xff, 0x5f, 0x5c, 0x3f,
  0xff, 0xa3, 0x5c, 0x3f, 0x00, 0xe2, 0x5c, 0x3f, 0x00, 0x1a, 0x5d, 0x3f,
  0x01, 0x50, 0x5d, 0x3f, 0x00, 0x78, 0x5d, 0x3f, 0x00, 0x9a, 0x5d, 0x3f,
  0x00, 0xb0, 0x5d, 0x3f, 0x01, 0xb8, 0x5d, 0x3f, 0x00, 0xbc, 0x5d, 0x3f,
  0xff, 0xb5, 0x5d, 0x3f, 0x00, 0xa6, 0x5d, 0x3f, 0x01, 0x94, 0x5d, 0x3f,
  0x01, 0x7e, 0x5d, 0x3f, 0x00, 0x62, 0x5d, 0x3f, 0x01, 0x46, 0x5d, 0x3f,
  0x01, 0x24, 0x5d, 0x3f, 0x00, 0xfc, 0x5c, 0x3f, 0x00, 0xcc, 0x5c, 0x3f,
  0x00, 0x96, 0x5c, 0x3f, 0xff, 0x53, 0x5c, 0x3f, 0x00, 0x0a, 0x5c, 0x3f,
  0xff, 0xb3, 0x5b, 0x3f, 0x00, 0x54, 0x5b, 0x3f, 0x01, 0xea, 0x5a, 0x3f,
  0x00, 0x7a, 0x5a, 0x3f, 0xff, 0x03, 0x5a, 0x3f, 0x00, 0x8c, 0x59, 0x3f,
  0x01, 0x0c, 0x59, 0x3f, 0x00, 0x8a, 0x58, 0x3f, 0x01, 0x06, 0x58, 0x3f,
  0x00, 0x7a, 0x57, 0x3f, 0x00, 0xec, 0x56, 0x3f, 0x00, 0x50, 0x56, 0x3f,
  0x00, 0xb0, 0x55, 0x3f, 0x01, 0x02, 0x55, 0x3f, 0x01, 0x4c, 0x54, 0x3f,
  0x00, 0x8c, 0x53, 0x3f, 0x00, 0xc2, 0x52, 0x3f, 0x01, 0xf0, 0x51, 0x3f,
  0x00, 0x1a, 0x51, 0x3f, 0x00, 0x3a, 0x50, 0x3f, 0x01, 0x5c, 0x4f, 0x3f,
  0xff, 0x75, 0x4e, 0x3f, 0x00, 0x8c, 0x4d, 0x3f, 0x00, 0x9c, 0x4c, 0x3f,
  0x00, 0xa8, 0x4b, 0x3f, 0x00, 0xaa, 0x4a, 0x3f, 0x00, 0xa6, 0x49, 0x3f,
  0x00, 0x96, 0x48, 0x3f, 0xff, 0x7b, 0x47, 0x3f, 0x00, 0x58, 0x46, 0x3f,
  0x01, 0x2e, 0x45, 0x3f, 0x01, 0xfc, 0x43, 0x3f, 0x00, 0xc4, 0x42, 0x3f,
  0x00, 0x84, 0x41, 0x3f, 0x00, 0x46, 0x40, 0x3f, 0x01, 0x00, 0x3f, 0x3f,
  0xff, 0xb3, 0x3d, 0x3f, 0x00, 0x66, 0x3c, 0x3f, 0x00, 0x12, 0x3b, 0x3f,
  0xff, 0xb5, 0x39, 0x3f, 0x00, 0x50, 0x38, 0x3f, 0x00, 0xe2, 0x36, 0x3f,
  0x01, 0x68, 0x35, 0x3f, 0x01, 0xe4, 0x33, 0x3f, 0x00, 0x5c, 0x32, 0x3f,
  0x01, 0xc8, 0x30, 0x3f, 0x00, 0x30, 0x2f, 0x3f, 0xff, 0x91, 0x2d, 0x3f,
  0xff, 0xed, 0x2b, 0x3f, 0x01, 0x4a, 0x2a, 0x3f, 0x00, 0x9e, 0x28, 0x3f,
  0x00, 0xf0, 0x26, 0x3f, 0x01, 0x3a, 0x25, 0x3f, 0x00, 0x84, 0x23, 0x3f,
  0x01, 0xc2, 0x21, 0x3f, 0x00, 0xf8, 0x1f, 0x3f, 0x00, 0x24, 0x1e, 0x3f,
  0x00, 0x46, 0x1c, 0x3f, 0x00, 0x64, 0x1a, 0x3f, 0x00, 0x7a, 0x18, 0x3f,
  0x00, 0x88, 0x16, 0x3f, 0x00, 0x96, 0x14, 0x3f, 0x01, 0x9a, 0x12, 0x3f,
  0x00, 0x9e, 0x10, 0x3f, 0x00, 0x9e, 0x0e, 0x3f, 0xff, 0x97, 0x0c, 0x3f,
  0xff, 0x8d, 0x0a, 0x3f, 0x00, 0x7e, 0x08, 0x3f, 0x00, 0x68, 0x06, 0x3f,
  0x01, 0x4a, 0x04, 0x3f, 0x00, 0x22, 0x02, 0x3f, 0x00, 0xe8, 0xff, 0x3e,
  0xff, 0x7f, 0xfb, 0x3e, 0x00, 0x08, 0xf7, 0x3e, 0xfe, 0x87, 0xf2, 0x3e,
  0x02, 0x00, 0xee, 0x3e, 0x00, 0x6c, 0xe9, 0x3e, 0x01, 0xdc, 0xe4, 0x3e,
  0x01, 0x40, 0xe0, 0x3e, 0x00, 0xa4, 0xdb, 0x3e, 0xff, 0xf7, 0xd6, 0x3e,
  0xfe, 0x43, 0xd2, 0x3e, 0xff, 0x8b, 0xcd, 0x3e, 0x01, 0xc4, 0xc8, 0x3e,
  0x00, 0xec, 0xc3, 0x3e, 0x00, 0x08, 0xbf, 0x3e, 0x01, 0x18, 0xba, 0x3e,
  0xfe, 0x1b, 0xb5, 0x3e, 0xff, 0x1b, 0xb0, 0x3e, 0xfe, 0x0f, 0xab, 0x3e,
  0x01, 0x04, 0xa6, 0x3e, 0x02, 0xf0, 0xa0, 0x3e, 0xff, 0xd7, 0x9b, 0x3e,
  0x01, 0xb8, 0x96, 0x3e, 0x00, 0x98, 0x91, 0x3e, 0x01, 0x68, 0x8c, 0x3e,
  0x00, 0x34, 0x87, 0x3e, 0xff, 0xfb, 0x81, 0x3e, 0x02, 0x60, 0x79, 0x3e,
  0x01, 0xb8, 0x6e, 0x3e, 0x02, 0x08, 0x64, 0x3e, 0x01, 0x38, 0x59, 0x3e,
  0xff, 0x6f, 0x4e, 0x3e, 0xff, 0x97, 0x43, 0x3e, 0xff, 0xbf, 0x38, 0x3e,
  0x00, 0xe0, 0x2d, 0x3e, 0x00, 0x08, 0x23, 0x3e, 0x02, 0x20, 0x18, 0x3e,
  0x03, 0x40, 0x0d, 0x3e, 0x00, 0x50, 0x02, 0x3e, 0xf9, 0xbf, 0xee, 0x3d,
  0xff, 0x8f, 0xd8, 0x3d, 0x01, 0x70, 0xc2, 0x3d, 0x00, 0x10, 0xac, 0x3d,
  0x00, 0xb0, 0x95, 0x3d, 0xff, 0x3f, 0x7e, 0x3d, 0x01, 0x40, 0x51, 0x3d,
  0x01, 0x40, 0x24, 0x3d, 0xff, 0x3f, 0xee, 0x3c, 0xff, 0x7f, 0x94, 0x3c,
  0x00, 0x00, 0xeb, 0x3b, 0x00, 0x00, 0x76, 0xbb, 0x05, 0x80, 0x70, 0xbc,
  0x02, 0x00, 0xd2, 0xbc, 0xff, 0xff, 0x15, 0xbd, 0x00, 0x20, 0x43, 0xbd,
  0xff, 0x5f, 0x70, 0xbd, 0x00, 0xf0, 0x8e, 0xbd, 0x00, 0xb0, 0xa5, 0xbd,
  0x00, 0x70, 0xbc, 0xbd, 0xfe, 0x3f, 0xd3, 0xbd, 0x01, 0xf0, 0xe9, 0xbd,
  0x03, 0x48, 0x00, 0xbe, 0x00, 0x90, 0x0b, 0xbe, 0xff, 0xc7, 0x16, 0xbe,
  0x00, 0xf8, 0x21, 0xbe, 0x02, 0x18, 0x2d, 0xbe, 0x03, 0x48, 0x38, 0xbe,
  0xff, 0x67, 0x43, 0xbe, 0x02, 0x88, 0x4e, 0xbe, 0xfe, 0xa7, 0x59, 0xbe,
  0xfe, 0xd7, 0x64, 0xbe, 0xff, 0x07, 0x70, 0xbe, 0x02, 0x28, 0x7b, 0xbe,
  0xff, 0x1f, 0x83, 0xbe, 0xff, 0xa7, 0x88, 0xbe, 0xff, 0x27, 0x8e, 0xbe,
  0x01, 0xa0, 0x93, 0xbe, 0x01, 0x0c, 0x99, 0xbe, 0xff, 0x6f, 0x9e, 0xbe,
  0x02, 0xc8, 0xa3, 0xbe, 0x01, 0x24, 0xa9, 0xbe, 0x00, 0x7c, 0xae, 0xbe,
  0x00, 0xd0, 0xb3, 0xbe, 0x01, 0x20, 0xb9, 0xbe, 0xff, 0x6b, 0xbe, 0xbe,
  0x00, 0xbc, 0xc3, 0xbe, 0x01, 0x08, 0xc9, 0xbe, 0x01, 0x48, 0xce, 0xbe,
  0xff, 0x7f, 0xd3, 0xbe, 0x01, 0xb0, 0xd8, 0xbe, 0xff, 0xcf, 0xdd, 0xbe,
  0x02, 0xe4, 0xe2, 0xbe, 0x00, 0xec, 0xe7, 0xbe, 0xff, 0xe7, 0xec, 0xbe,
  0x00, 0xe0, 0xf1, 0xbe, 0x01, 0xd0, 0xf6, 0xbe, 0x01, 0xb8, 0xfb, 0xbe,
  0x00, 0x52, 0x00, 0xbf, 0x00, 0xc2, 0x02, 0xbf, 0x00, 0x32, 0x05, 0xbf,
  0x00, 0x9c, 0x07, 0xbf, 0x00, 0x02, 0x0a, 0xbf, 0x00, 0x64, 0x0c, 0xbf,
  0x01, 0xbe, 0x0e, 0xbf, 0x00, 0x10, 0x11, 0xbf, 0xff, 0x59, 0x13, 0xbf,
  0x00, 0x9c, 0x15, 0xbf, 0x01, 0xda, 0x17, 0xbf, 0xff, 0x0f, 0x1a, 0xbf,
  0x01, 0x40, 0x1c, 0xbf, 0x00, 0x72, 0x1e, 0xbf, 0x00, 0x9c, 0x20, 0xbf,
  0xff, 0xc5, 0x22, 0xbf, 0x01, 0xea, 0x24, 0xbf, 0x00, 0x0e, 0x27, 0xbf,
  0x00, 0x2a, 0x29, 0xbf, 0x00, 0x3e, 0x2b, 0xbf, 0x00, 0x4c, 0x2d, 0xbf,
  0x00, 0x52, 0x2f, 0xbf, 0x00, 0x52, 0x31, 0xbf, 0xff, 0x43, 0x33, 0xbf,
  0x00, 0x30, 0x35, 0xbf, 0xff, 0x15, 0x37, 0xbf, 0x01, 0xf6, 0x38, 0xbf,
  0x01, 0xd4, 0x3a, 0xbf, 0x00, 0xae, 0x3c, 0xbf, 0xff, 0x81, 0x3e, 0xbf,
  0xff, 0x53, 0x40, 0xbf, 0x00, 0x20, 0x42, 0xbf, 0x00, 0xe6, 0x43, 0xbf,
  0x00, 0xa8, 0x45, 0xbf, 0x01, 0x5c, 0x47, 0xbf, 0x01, 0x0c, 0x49, 0xbf,
  0xff, 0xaf, 0x4a, 0xbf, 0x01, 0x4c, 0x4c, 0xbf, 0x00, 0xde, 0x4d, 0xbf,
  0x00, 0x6c, 0x4f, 0xbf, 0x00, 0xf2, 0x50, 0xbf, 0x00, 0x74, 0x52, 0xbf,
  0x00, 0xf2, 0x53, 0xbf, 0x00, 0x6c, 0x55, 0xbf, 0x00, 0xe2, 0x56, 0xbf,
  0x01, 0x56, 0x58, 0xbf, 0x00, 0xc4, 0x59, 0xbf, 0x00, 0x2a, 0x5b, 0xbf,
  0x00, 0x86, 0x5c, 0xbf, 0x01, 0xda, 0x5d, 0xbf, 0x00, 0x26, 0x5f, 0xbf,
  0x00, 0x64, 0x60, 0xbf, 0x00, 0x9a, 0x61, 0xbf, 0x00, 0xca, 0x62, 0xbf,
  0x01, 0xf0, 0x63, 0xbf, 0x00, 0x14, 0x65, 0xbf, 0x01, 0x34, 0x66, 0xbf,
  0xff, 0x4d, 0x67, 0xbf, 0x00, 0x68, 0x68, 0xbf, 0x00, 0x7a, 0x69, 0xbf,
  0xff, 0x8b, 0x6a, 0xbf, 0xff, 0x91, 0x6b, 0xbf, 0x00, 0x96, 0x6c, 0xbf,
  0x00, 0x8e, 0x6d, 0xbf, 0x00, 0x7e, 0x6e, 0xbf, 0x00, 0x62, 0x6f, 0xbf,
  0xff, 0x3d, 0x70, 0xbf, 0x00, 0x14, 0x71, 0xbf, 0x00, 0xe0, 0x71, 0xbf,
  0x00, 0xaa, 0x72, 0xbf, 0x00, 0x6c, 0x73, 0xbf, 0x00, 0x2c, 0x74, 0xbf,
  0x01, 0xea, 0x74, 0xbf, 0x01, 0xa0, 0x75, 0xbf, 0x00, 0x58, 0x76, 0xbf,
  0x00, 0x04, 0x77, 0xbf, 0x01, 0xac, 0x77, 0xbf, 0x00, 0x4e, 0x78, 0xbf,
  0x00, 0xe2, 0x78, 0xbf, 0xff, 0x6f, 0x79, 0xbf, 0x00, 0xf6, 0x79, 0xbf,
  0x00, 0x74, 0x7a, 0xbf, 0x01, 0xea, 0x7a, 0xbf, 0x01, 0x5c, 0x7b, 0xbf,
  0xff, 0xcb, 0x7b, 0xbf, 0x00, 0x38, 0x7c, 0xbf, 0x00, 0x9e, 0x7c, 0xbf,
  0x01, 0x02, 0x7d, 0xbf, 0x00, 0x62, 0x7d, 0xbf, 0x00, 0xbc, 0x7d, 0xbf,
  0x00, 0x0c, 0x7e, 0xbf, 0x01, 0x56, 0x7e, 0xbf, 0xff, 0x97, 0x7e, 0xbf,
  0xff, 0xd1, 0x7e, 0xbf, 0x00, 0x04, 0x7f, 0xbf, 0xff, 0x2b, 0x7f, 0xbf,
  0x00, 0x52, 0x7f, 0xbf, 0x01, 0x74, 0x7f, 0xbf, 0xff, 0x91, 0x7f, 0xbf,
  0x00, 0xae, 0x7f, 0xbf, 0x00, 0xc8, 0x7f, 0xbf, 0x00, 0xdc, 0x7f, 0xbf,
  0x00, 0xec, 0x7f, 0xbf, 0x00, 0xf8, 0x7f, 0xbf, 0x00, 0xfe, 0x7f, 0xbf,
  0x01, 0xfc, 0x7f, 0xbf, 0x00, 0xf2, 0x7f, 0xbf, 0x00, 0xdc, 0x7f, 0xbf,
  0x01, 0xc2, 0x7f, 0xbf, 0xff, 0x9d, 0x7f, 0xbf, 0x00, 0x76, 0x7f, 0xbf,
  0x00, 0x4c, 0x7f, 0xbf, 0x00, 0x1c, 0x7f, 0xbf, 0x00, 0xee, 0x7e, 0xbf,
  0x01, 0xbc, 0x7e, 0xbf, 0x00, 0x88, 0x7e, 0xbf, 0xff, 0x53, 0x7e, 0xbf,
  0x00, 0x18, 0x7e, 0xbf, 0xff, 0xd7, 0x7d, 0xbf, 0x00, 0x8e, 0x7d, 0xbf,
  0x00, 0x3c, 0x7d, 0xbf, 0x00, 0xe2, 0x7c, 0xbf, 0x00, 0x7c, 0x7c, 0xbf,
  0x00, 0x14, 0x7c, 0xbf, 0x00, 0xa4, 0x7b, 0xbf, 0x01, 0x2e, 0x7b, 0xbf,
  0x00, 0xb8, 0x7a, 0xbf, 0x01, 0x40, 0x7a, 0xbf, 0x00, 0xc6, 0x79, 0xbf,
  0xff, 0x4d, 0x79, 0xbf, 0xff, 0xd1, 0x78, 0xbf, 0xff, 0x53, 0x78, 0xbf,
  0x01, 0xce, 0x77, 0xbf, 0xff, 0x41, 0x77, 0xbf, 0x00, 0xae, 0x76, 0xbf,
  0x00, 0x14, 0x76, 0xbf, 0x00, 0x6c, 0x75, 0xbf, 0x00, 0xc2, 0x74, 0xbf,
  0x00, 0x0e, 0x74, 0xbf, 0x00, 0x58, 0x73, 0xbf, 0x00, 0xa0, 0x72, 0xbf,
  0x00, 0xe6, 0x71, 0xbf, 0xff, 0x2b, 0x71, 0xbf, 0x00, 0x72, 0x70, 0xbf,
  0xff, 0xb5, 0x6f, 0xbf, 0x01, 0xf6, 0x6e, 0xbf, 0xff, 0x31, 0x6e, 0xbf,
  0xff, 0x65, 0x6d, 0xbf, 0x00, 0x94, 0x6c, 0xbf, 0xff, 0xb3, 0x6b, 0xbf,
  0x00, 0xd0, 0x6a, 0xbf, 0xff, 0xe1, 0x69, 0xbf, 0x00, 0xec, 0x68, 0xbf,
  0x00, 0xf4, 0x67, 0xbf, 0x00, 0xfa, 0x66, 0xbf, 0x00, 0xfe, 0x65, 0xbf,
  0x00, 0x04, 0x65, 0xbf, 0x00, 0x0a, 0x64, 0xbf, 0x01, 0x0c, 0x63, 0xbf,
  0x00, 0x0e, 0x62, 0xbf, 0x00, 0x06, 0x61, 0xbf, 0x01, 0xfc, 0x5f, 0xbf,
  0xff, 0xe7, 0x5e, 0xbf, 0x01, 0xce, 0x5d, 0xbf, 0x00, 0xa8, 0x5c, 0xbf,
  0xff, 0x7b, 0x5b, 0xbf, 0xff, 0x47, 0x5a, 0xbf, 0x00, 0x12, 0x59, 0xbf,
  0xff, 0xd7, 0x57, 0xbf, 0x00, 0x9e, 0x56, 0xbf, 0xff, 0x65, 0x55, 0xbf,
  0x00, 0x2c, 0x54, 0xbf, 0x00, 0xf0, 0x52, 0xbf, 0xff, 0xb3, 0x51, 0xbf,
  0x00, 0x70, 0x50, 0xbf, 0x00, 0x28, 0x4f, 0xbf, 0x00, 0xd2, 0x4d, 0xbf,
  0x01, 0x78, 0x4c, 0xbf, 0x00, 0x10, 0x4b, 0xbf, 0x01, 0xa0, 0x49, 0xbf,
  0x01, 0x28, 0x48, 0xbf, 0xff, 0xaf, 0x46, 0xbf, 0x00, 0x36, 0x45, 0xbf,
  0x01, 0xb8, 0x43, 0xbf, 0xff, 0x3d, 0x42, 0xbf, 0x01, 0xc8, 0x40, 0xbf,
  0xff, 0x4d, 0x3f, 0xbf, 0xff, 0xd5, 0x3d, 0xbf, 0x00, 0x5a, 0x3c, 0xbf,
  0x01, 0xd4, 0x3a, 0xbf, 0x00, 0x48, 0x39, 0xbf, 0x00, 0xae, 0x37, 0xbf,
  0x00, 0x0c, 0x36, 0xbf, 0xff, 0x5f, 0x34, 0xbf, 0x00, 0xac, 0x32, 0xbf,
  0x00, 0xf2, 0x30, 0xbf, 0x00, 0x36, 0x2f, 0xbf, 0xff, 0x7b, 0x2d, 0xbf,
  0xff, 0xbf, 0x2b, 0xbf, 0x00, 0x0c, 0x2a, 0xbf, 0x01, 0x56, 0x28, 0xbf,
  0x00, 0xa2, 0x26, 0xbf, 0x01, 0xea, 0x24, 0xbf, 0xff, 0x2b, 0x23, 0xbf,
  0xff, 0x65, 0x21, 0xbf, 0xff, 0x91, 0x1f, 0xbf, 0x00, 0xb2, 0x1d, 0xbf,
  0x00, 0xc8, 0x1b, 0xbf, 0xff, 0xd5, 0x19, 0xbf, 0x00, 0xdc, 0x17, 0xbf,
  0x00, 0xe0, 0x15, 0xbf, 0x00, 0xe8, 0x13, 0xbf, 0x00, 0xf2, 0x11, 0xbf,
  0x00, 0x02, 0x10, 0xbf, 0x00, 0x16, 0x0e, 0xbf, 0x01, 0x2a, 0x0c, 0xbf,
  0x00, 0x3c, 0x0a, 0xbf, 0xff, 0x47, 0x08, 0xbf, 0x01, 0x4c, 0x06, 0xbf,
  0x00, 0x46, 0x04, 0xbf, 0xff, 0x31, 0x02, 0xbf, 0xff, 0x0f, 0x00, 0xbf,
  0x01, 0xcc, 0xfb, 0xbe, 0xfe, 0x6b, 0xf7, 0xbe, 0x00, 0x08, 0xf3, 0xbe,
  0x00, 0xa8, 0xee, 0xbe, 0xff, 0x53, 0xea, 0xbe, 0x00, 0x0c, 0xe6, 0xbe,
  0xff, 0xcf, 0xe1, 0xbe, 0x00, 0x98, 0xdd, 0xbe, 0x01, 0x64, 0xd9, 0xbe,
  0x00, 0x28, 0xd5, 0xbe, 0x00, 0xd0, 0xd0, 0xbe, 0x00, 0x5c, 0xcc, 0xbe,
  0xff, 0xd7, 0xc7, 0xbe, 0x01, 0x2c, 0xc3, 0xbe, 0xff, 0x6b, 0xbe, 0xbe,
  0xfe, 0xa3, 0xb9, 0xbe, 0xff, 0xd3, 0xb4, 0xbe, 0x01, 0x10, 0xb0, 0xbe,
  0x01, 0x5c, 0xab, 0xbe, 0x01, 0xbc, 0xa6, 0xbe, 0x00, 0x38, 0xa2, 0xbe,
  0x00, 0xc4, 0x9d, 0xbe, 0x01, 0x50, 0x99, 0xbe, 0x01, 0xdc, 0x94, 0xbe,
  0x02, 0x50, 0x90, 0xbe, 0x00, 0xa4, 0x8b, 0xbe, 0x01, 0xd4, 0x86, 0xbe,
  0x01, 0xd8, 0x81, 0xbe, 0xfd, 0x7f, 0x79, 0xbe, 0xfe, 0x27, 0x6f, 0xbe,
  0x00, 0xd0, 0x64, 0xbe, 0xfe, 0x87, 0x5a, 0xbe, 0x00, 0x88, 0x50, 0xbe,
  0xfd, 0xd7, 0x46, 0xbe, 0x00, 0x80, 0x3d, 0xbe, 0x01, 0x68, 0x34, 0xbe,
  0x01, 0x88, 0x2b, 0xbe, 0x00, 0xa8, 0x22, 0xbe, 0x03, 0x88, 0x19, 0xbe,
  0x03, 0x18, 0x10, 0xbe, 0xfd, 0x1f, 0x06, 0xbe, 0xfd, 0x2f, 0xf7, 0xbd,
  0x03, 0x00, 0xe1, 0xbd, 0x00, 0x10, 0xca, 0xbd, 0x00, 0xc0, 0xb2, 0xbd,
  0x00, 0xb0, 0x9b, 0xbd, 0x00, 0xa0, 0x85, 0xbd, 0x01, 0x40, 0x62, 0xbd,
  0xff, 0x3f, 0x3d, 0xbd, 0x01, 0x20, 0x1d, 0xbd, 0x00, 0x00, 0x02, 0xbd,
  0xfe, 0x3f, 0xd6, 0xbc, 0x01, 0xc0, 0xaf, 0xbc, 0xff, 0x3f, 0x8d, 0xbc,
  0x02, 0x00, 0x57, 0xbc, 0x00, 0x00, 0x0e, 0xbc, 0x00, 0x00, 0x68, 0xbb,
  0xfc, 0xff, 0x59, 0x3c, 0xff, 0x1f, 0x27, 0x3d, 0x00, 0x70, 0x8e, 0x3d,
  0x00, 0x50, 0xbf, 0x3d, 0x03, 0x90, 0xef, 0x3d, 0x00, 0x80, 0x12, 0x3e,
  0xff, 0xbf, 0x2b, 0x3e, 0xff, 0xaf, 0x42, 0x3e, 0x02, 0x70, 0x5a, 0x3e,
  0x02, 0xc8, 0x72, 0x3e, 0x00, 0xa0, 0x84, 0x3e, 0x01, 0x58, 0x8f, 0x3e,
  0xff, 0x6b, 0x9a, 0x3e, 0x00, 0x28, 0xa5, 0x3e, 0x00, 0x1c, 0xaf, 0x3e,
  0xff, 0xff, 0xb8, 0x3e, 0x00, 0xec, 0xc2, 0x3e, 0x01, 0x28, 0xcc, 0x3e,
  0x01, 0xe0, 0xd4, 0x3e, 0x01, 0xa8, 0xdd, 0x3e, 0x01, 0x04, 0xe6, 0x3e,
  0xff, 0x9f, 0xed, 0x3e, 0x01, 0xf4, 0xf4, 0x3e, 0x01, 0x28, 0xfc, 0x3e,
  0x00, 0x58, 0x01, 0x3f, 0x01, 0x40, 0x04, 0x3f, 0x00, 0x04, 0x07, 0x3f,
  0x01, 0x96, 0x09, 0x3f, 0x00, 0xbc, 0x0b, 0x3f, 0x00, 0x9a, 0x0d, 0x3f,
  0x00, 0x4a, 0x0f, 0x3f, 0x00, 0x9c, 0x10, 0x3f, 0x00, 0x84, 0x11, 0x3f,
  0x00, 0x3c, 0x12, 0x3f, 0xff, 0xaf, 0x12, 0x3f, 0xff, 0xb9, 0x12, 0x3f,
  0xff, 0x6b, 0x12, 0x3f, 0x01, 0xf0, 0x11, 0x3f, 0xff, 0x21, 0x11, 0x3f,
  0x00, 0xf6, 0x0f, 0x3f, 0x00, 0x92, 0x0e, 0x3f, 0x01, 0x02, 0x0d, 0x3f,
  0x01, 0x24, 0x0b, 0x3f, 0x01, 0x0c, 0x09, 0x3f, 0x00, 0xda, 0x06, 0x3f,
  0x01, 0x78, 0x04, 0x3f, 0x00, 0xe0, 0x01, 0x3f, 0x00, 0x7c, 0xfe, 0x3e,
  0xff, 0x2f, 0xf9, 0x3e, 0xff, 0xab, 0xf3, 0x3e, 0x02, 0x00, 0xee, 0x3e,
  0x01, 0x84, 0xe8, 0x3e, 0xff, 0x1f, 0xe3, 0x3e, 0x01, 0xa8, 0xdd, 0x3e,
  0x01, 0x68, 0xd8, 0x3e, 0x02, 0x84, 0xd3, 0x3e, 0xfe, 0xcb, 0xce, 0x3e,
  0xff, 0x3f, 0xca, 0x3e, 0x01, 0x1c, 0xc6, 0x3e, 0x00, 0x64, 0xc2, 0x3e,
  0x00, 0xec, 0xbe, 0x3e, 0x01, 0xcc, 0xbb, 0x3e, 0xff, 0x2f, 0xb9, 0x3e,
  0x01, 0xfc, 0xb6, 0x3e, 0xfe, 0x1b, 0xb5, 0x3e, 0x01, 0xb4, 0xb3, 0x3e,
  0x01, 0xbc, 0xb2, 0x3e, 0x00, 0x20, 0xb2, 0x3e, 0xff, 0xe7, 0xb1, 0x3e,
  0xff, 0x27, 0xb2, 0x3e, 0x00, 0xc0, 0xb2, 0x3e, 0x01, 0xa0, 0xb3, 0x3e,
  0xfe, 0xd7, 0xb4, 0x3e, 0x00, 0x64, 0xb6, 0x3e, 0x01, 0x28, 0xb8, 0x3e,
  0x01, 0x34, 0xba, 0x3e, 0x00, 0x88, 0xbc, 0x3e, 0xff, 0xf7, 0xbe, 0x3e,
  0x00, 0x84, 0xc1, 0x3e, 0xfe, 0x37, 0xc4, 0x3e, 0x00, 0x1c, 0xc7, 0x3e,
  0xff, 0xfb, 0xc9, 0x3e, 0x00, 0xe4, 0xcc, 0x3e, 0x00, 0xd4, 0xcf, 0x3e,
  0xff, 0xc7, 0xd2, 0x3e, 0x01, 0x90, 0xd5, 0x3e, 0xff, 0x47, 0xd8, 0x3e,
  0x00, 0xf0, 0xda, 0x3e, 0x01, 0x7c, 0xdd, 0x3e, 0x01, 0xe0, 0xdf, 0x3e,
  0x00, 0x20, 0xe2, 0x3e, 0x00, 0x30, 0xe4, 0x3e, 0x00, 0x0c, 0xe6, 0x3e,
  0xfe, 0xaf, 0xe7, 0x3e, 0xff, 0x2b, 0xe9, 0x3e, 0x01, 0x60, 0xea, 0x3e,
  0x00, 0x60, 0xeb, 0x3e, 0x00, 0x44, 0xec, 0x3e, 0xff, 0xeb, 0xec, 0x3e,
  0xff, 0x47, 0xed, 0x3e, 0x00, 0x84, 0xed, 0x3e, 0x00, 0xb0, 0xed, 0x3e,
  0x01, 0xac, 0xed, 0x3e, 0x01, 0x68, 0xed, 0x3e, 0x00, 0x10, 0xed, 0x3e,
  0xff, 0xa7, 0xec, 0x3e, 0x00, 0x2c, 0xec, 0x3e, 0x00, 0xa4, 0xeb, 0x3e,
  0x01, 0x14, 0xeb, 0x3e, 0x01, 0x74, 0xea, 0x3e, 0xff, 0xcb, 0xe9, 0x3e,
  0x01, 0x38, 0xe9, 0x3e, 0x01, 0xb0, 0xe8, 0x3e, 0x01, 0x28, 0xe8, 0x3e,
  0xff, 0xab, 0xe7, 0x3e, 0x00, 0x4c, 0xe7, 0x3e, 0x01, 0xfc, 0xe6, 0x3e,
  0x00, 0xc0, 0xe6, 0x3e, 0xff, 0x97, 0xe6, 0x3e, 0xff, 0x97, 0xe6, 0x3e,
  0xff, 0x97, 0xe6, 0x3e, 0x00, 0xa8, 0xe6, 0x3e, 0x01, 0xd0, 0xe6, 0x3e,
  0x00, 0x08, 0xe7, 0x3e, 0xff, 0x3b, 0xe7, 0x3e, 0x00, 0x78, 0xe7, 0x3e,
  0xff, 0xc3, 0xe7, 0x3e, 0xff, 0x07, 0xe8, 0x3e, 0xfe, 0x37, 0xe8, 0x3e,
  0x01, 0x6c, 0xe8, 0x3e, 0xff, 0xa3, 0xe8, 0x3e, 0xff, 0xbf, 0xe8, 0x3e,
  0x00, 0xcc, 0xe8, 0x3e, 0x00, 0xcc, 0xe8, 0x3e, 0x01, 0xb0, 0xe8, 0x3e,
  0xff, 0x77, 0xe8, 0x3e, 0x00, 0x44, 0xe8, 0x3e, 0x00, 0x00, 0xe8, 0x3e,
  0x01, 0xa0, 0xe7, 0x3e, 0xff, 0x23, 0xe7, 0x3e, 0xff, 0xb3, 0xe6, 0x3e,
  0xfe, 0x43, 0xe6, 0x3e, 0x01, 0xc0, 0xe5, 0x3e, 0x00, 0x40, 0xe5, 0x3e,
  0x01, 0xc8, 0xe4, 0x3e, 0xff, 0x5f, 0xe4, 0x3e, 0xff, 0x03, 0xe4, 0x3e,
  0x01, 0xb8, 0xe3, 0x3e, 0x00, 0x8c, 0xe3, 0x3e, 0x01, 0x74, 0xe3, 0x3e,
  0xff, 0x7f, 0xe3, 0x3e, 0xff, 0xab, 0xe3, 0x3e, 0xff, 0x03, 0xe4, 0x3e,
  0x01, 0x80, 0xe4, 0x3e, 0xff, 0x2b, 0xe5, 0x3e, 0x00, 0xf8, 0xe5, 0x3e,
  0x02, 0xe4, 0xe6, 0x3e, 0x00, 0x00, 0xe8, 0x3e, 0xff, 0x47, 0xe9, 0x3e,
  0xff, 0xaf, 0xea, 0x3e, 0x00, 0x30, 0xec, 0x3e, 0xff, 0xe3, 0xed, 0x3e,
  0xff, 0xbf, 0xef, 0x3e, 0x00, 0xb0, 0xf1, 0x3e, 0xfe, 0xaf, 0xf3, 0x3e,
  0xff, 0xcf, 0xf5, 0x3e, 0x02, 0x0c, 0xf8, 0x3e, 0xff, 0x57, 0xfa, 0x3e,
  0x01, 0xb0, 0xfc, 0x3e, 0xff, 0x23, 0xff, 0x3e, 0x01, 0xd4, 0x00, 0x3f,
  0xff, 0x1b, 0x02, 0x3f, 0x00, 0x6c, 0x03, 0x3f, 0x00, 0xc2, 0x04, 0x3f,
  0x00, 0x20, 0x06, 0x3f, 0x00, 0x86, 0x07, 0x3f, 0xff, 0xf3, 0x08, 0x3f,
  0x00, 0x5e, 0x0a, 0x3f, 0xff, 0xd7, 0x0b, 0x3f, 0x01, 0x5c, 0x0d, 0x3f,
  0x00, 0xe2, 0x0e, 0x3f, 0xff, 0x69, 0x10, 0x3f, 0xff, 0x03, 0x12, 0x3f,
  0x00, 0xa6, 0x13, 0x3f, 0xff, 0x43, 0x15, 0x3f, 0x00, 0xec, 0x16, 0x3f,
  0x00, 0x9e, 0x18, 0x3f, 0x01, 0x56, 0x1a, 0x3f, 0x00, 0x0a, 0x1c, 0x3f,
  0x01, 0xc2, 0x1d, 0x3f, 0x01, 0x7e, 0x1f, 0x3f, 0xff, 0x37, 0x21, 0x3f,
  0x00, 0xf2, 0x22, 0x3f, 0x00, 0xa8, 0x24, 0x3f, 0x00, 0x52, 0x26, 0x3f,
  0x00, 0xf2, 0x27, 0x3f, 0x01, 0x7e, 0x29, 0x3f, 0x00, 0xfc, 0x2a, 0x3f,
  0xff, 0x5f, 0x2c, 0x3f, 0xff, 0xa9, 0x2d, 0x3f, 0x00, 0xd8, 0x2e, 0x3f,
  0x00, 0xde, 0x2f, 0x3f, 0x00, 0xc0, 0x30, 0x3f, 0x00, 0x7a, 0x31, 0x3f,
  0x00, 0x0c, 0x32, 0x3f, 0x00, 0x66, 0x32, 0x3f, 0x00, 0x8a, 0x32, 0x3f,
  0x00, 0x7e, 0x32, 0x3f, 0x01, 0x40, 0x32, 0x3f, 0x00, 0xc4, 0x31, 0x3f,
  0x00, 0x10, 0x31, 0x3f, 0xff, 0x25, 0x30, 0x3f, 0x00, 0x06, 0x2f, 0x3f,
  0x00, 0xae, 0x2d, 0x3f, 0x00, 0x22, 0x2c, 0x3f, 0x00, 0x64, 0x2a, 0x3f,
  0x00, 0x74, 0x28, 0x3f, 0x00, 0x5c, 0x26, 0x3f, 0x00, 0x22, 0x24, 0x3f,
  0x00, 0xc6, 0x21, 0x3f, 0xff, 0x4d, 0x1f, 0x3f, 0x01, 0xbe, 0x1c, 0x3f,
  0x00, 0x24, 0x1a, 0x3f, 0x01, 0x7e, 0x17, 0x3f, 0x00, 0xd6, 0x14, 0x3f,
  0x00, 0x2e, 0x12, 0x3f, 0xff, 0x91, 0x0f, 0x3f, 0x00, 0x08, 0x0d, 0x3f,
  0x01, 0x90, 0x0a, 0x3f, 0x01, 0x2a, 0x08, 0x3f, 0xff, 0xe1, 0x05, 0x3f,
  0x00, 0xbe, 0x03, 0x3f, 0x00, 0xc8, 0x01, 0x3f, 0xff, 0xef, 0xff, 0x3e,
  0x00, 0xa0, 0xfc, 0x3e, 0x00, 0xb0, 0xf9, 0x3e, 0x00, 0x34, 0xf7, 0x3e,
  0xff, 0x03, 0xf5, 0x3e, 0x01, 0x40, 0xf3, 0x3e, 0x01, 0xec, 0xf1, 0x3e,
  0x01, 0x08, 0xf1, 0x3e, 0x01, 0x80, 0xf0, 0x3e, 0x01, 0x54, 0xf0, 0x3e,
  0x01, 0x98, 0xf0, 0x3e, 0x00, 0x40, 0xf1, 0x3e, 0x00, 0x3c, 0xf2, 0x3e,
  0x00, 0x90, 0xf3, 0x3e, 0x00, 0x3c, 0xf5, 0x3e, 0x01, 0x44, 0xf7, 0x3e,
  0x01, 0x90, 0xf9, 0x3e, 0x00, 0x30, 0xfc, 0x3e, 0x00, 0x08, 0xff, 0x3e,
  0x00, 0x0e, 0x01, 0x3f, 0xff, 0xb9, 0x02, 0x3f, 0x00, 0x7a, 0x04, 0x3f,
  0xff, 0x53, 0x06, 0x3f, 0x00, 0x44, 0x08, 0x3f, 0x00, 0x42, 0x0a, 0x3f,
  0x00, 0x52, 0x0c, 0x3f, 0xff, 0x6b, 0x0e, 0x3f, 0x01, 0x9a, 0x10, 0x3f,
  0x01, 0xd4, 0x12, 0x3f, 0x00, 0x10, 0x15, 0x3f, 0x01, 0x50, 0x17, 0x3f,
  0x01, 0x96, 0x19, 0x3f, 0x01, 0xda, 0x1b, 0x3f, 0x00, 0x16, 0x1e, 0x3f,
  0x01, 0x4c, 0x20, 0x3f, 0x00, 0x80, 0x22, 0x3f, 0x00, 0xae, 0x24, 0x3f,
  0x01, 0xc8, 0x26, 0x3f, 0x00, 0xce, 0x28, 0x3f, 0x00, 0xc0, 0x2a, 0x3f,
  0xff, 0x97, 0x2c, 0x3f, 0x00, 0x52, 0x2e, 0x3f, 0x00, 0xe8, 0x2f, 0x3f,
  0x00, 0x58, 0x31, 0x3f, 0x00, 0x9e, 0x32, 0x3f, 0x00, 0xae, 0x33, 0x3f,
  0x00, 0x86, 0x34, 0x3f, 0x00, 0x28, 0x35, 0x3f, 0x00, 0x84, 0x35, 0x3f,
  0x00, 0x98, 0x35, 0x3f, 0x00, 0x56, 0x35, 0x3f, 0x00, 0xc4, 0x34, 0x3f,
  0xff, 0xd5, 0x33, 0x3f, 0x00, 0x88, 0x32, 0x3f, 0x00, 0xd0, 0x30, 0x3f,
  0x00, 0xae, 0x2e, 0x3f, 0x00, 0x22, 0x2c, 0x3f, 0x01, 0x24, 0x29, 0x3f,
  0x00, 0xb2, 0x25, 0x3f, 0x00, 0xc6, 0x21, 0x3f, 0x01, 0x5c, 0x1d, 0x3f,
  0xff, 0x75, 0x18, 0x3f, 0x00, 0x1a, 0x13, 0x3f, 0xff, 0x41, 0x0d, 0x3f,
  0x01, 0xf6, 0x06, 0x3f, 0xff, 0x31, 0x00, 0x3f, 0x01, 0x04, 0xf2, 0x3e,
  0xff, 0xc7, 0xe2, 0x3e, 0x00, 0xc4, 0xd2, 0x3e, 0x01, 0x04, 0xc2, 0x3e,
  0x00, 0xa0, 0xb0, 0x3e, 0x02, 0xa0, 0x9e, 0x3e, 0xff, 0x1f, 0x8c, 0x3e,
  0x02, 0x70, 0x72, 0x3e, 0x01, 0x10, 0x4c, 0x3e, 0x01, 0x20, 0x25, 0x3e,
  0x02, 0xb0, 0xfb, 0x3d, 0x00, 0x20, 0xad, 0x3d, 0x00, 0x00, 0x3e, 0x3d,
  0x00, 0x80, 0x0c, 0x3c, 0xff, 0x3f, 0xeb, 0xbc, 0x00, 0xb0, 0x85, 0xbd,
  0x01, 0x90, 0xce, 0xbd, 0xfd, 0x8f, 0x0a, 0xbe, 0xff, 0x77, 0x2c, 0xbe,
  0xfe, 0xd7, 0x4c, 0xbe, 0x03, 0x78, 0x6b, 0xbe, 0xff, 0x1b, 0x84, 0xbe,
  0xff, 0x87, 0x91, 0xbe, 0x00, 0xe0, 0x9d, 0xbe, 0x01, 0x20, 0xa9, 0xbe,
  0x01, 0x44, 0xb3, 0xbe, 0x01, 0x3c, 0xbc, 0xbe, 0xff, 0xef, 0xc3, 0xbe,
  0xff, 0x6b, 0xca, 0xbe, 0xfe, 0xaf, 0xcf, 0xbe, 0x01, 0xcc, 0xd3, 0xbe,
  0x01, 0xbc, 0xd6, 0xbe, 0x01, 0x80, 0xd8, 0xbe, 0x01, 0x20, 0xd9, 0xbe,
  0x01, 0xac, 0xd8, 0xbe, 0x00, 0x30, 0xd7, 0xbe, 0xff, 0xbf, 0xd4, 0xbe,
  0xff, 0x6f, 0xd1, 0xbe, 0xff, 0x43, 0xcd, 0xbe, 0x01, 0x68, 0xc8, 0xbe,
  0x02, 0xe4, 0xc2, 0xbe, 0x00, 0xcc, 0xbc, 0xbe, 0x01, 0x30, 0xb6, 0xbe,
  0x00, 0x34, 0xaf, 0xbe, 0x01, 0xe4, 0xa7, 0xbe, 0xff, 0x5f, 0xa0, 0xbe,
  0x00, 0xb8, 0x98, 0xbe, 0x01, 0x0c, 0x91, 0xbe, 0x01, 0x64, 0x89, 0xbe,
  0x01, 0xd8, 0x81, 0xbe, 0xfd, 0x0f, 0x75, 0xbe, 0xff, 0x1f, 0x67, 0xbe,
  0xff, 0xcf, 0x59, 0xbe, 0x03, 0x40, 0x4d, 0xbe, 0xff, 0x9f, 0x41, 0xbe,
  0x01, 0x18, 0x37, 0xbe, 0x01, 0xa8, 0x2d, 0xbe, 0x00, 0x80, 0x25, 0xbe,
  0x00, 0xc0, 0x1e, 0xbe, 0xfd, 0x4f, 0x19, 0xbe, 0xfe, 0x37, 0x15, 0xbe,
  0x03, 0x98, 0x12, 0xbe, 0x03, 0x88, 0x11, 0xbe, 0x02, 0xe8, 0x11, 0xbe,
  0x01, 0xb8, 0x13, 0xbe, 0x03, 0x08, 0x17, 0xbe, 0xff, 0xef, 0x1b, 0xbe,
  0xfe, 0x2f, 0x22, 0xbe, 0xff, 0xcf, 0x29, 0xbe, 0x01, 0xd0, 0x32, 0xbe,
  0xff, 0x2f, 0x3d, 0xbe, 0x01, 0xb0, 0x48, 0xbe, 0x02, 0x48, 0x55, 0xbe,
  0xfe, 0xe7, 0x62, 0xbe, 0xff, 0x9f, 0x71, 0xbe, 0x02, 0x94, 0x80, 0xbe,
  0xff, 0xbf, 0x88, 0xbe, 0x00, 0x40, 0x91, 0xbe, 0x00, 0x08, 0x9a, 0xbe,
  0x00, 0x08, 0xa3, 0xbe, 0x00, 0x2c, 0xac, 0xbe, 0x01, 0x64, 0xb5, 0xbe,
  0xff, 0xb3, 0xbe, 0xbe, 0x01, 0xf8, 0xc7, 0xbe, 0xff, 0x2b, 0xd1, 0xbe,
  0xfe, 0x43, 0xda, 0xbe, 0x01, 0x44, 0xe3, 0xbe, 0x00, 0x00, 0xec, 0xbe,
  0xff, 0x77, 0xf4, 0xbe, 0xff, 0xa3, 0xfc, 0xbe, 0x00, 0x44, 0x02, 0xbf,
  0x01, 0x06, 0x06, 0xbf, 0x01, 0x96, 0x09, 0xbf, 0x00, 0xf2, 0x0c, 0xbf,
  0x00, 0x20, 0x10, 0xbf, 0x00, 0x1a, 0x13, 0xbf, 0x00, 0xdc, 0x15, 0xbf,
  0x00, 0x66, 0x18, 0xbf, 0x01, 0xbc, 0x1a, 0xbf, 0x00, 0xe4, 0x1c, 0xbf,
  0x00, 0xda, 0x1e, 0xbf, 0x00, 0xa0, 0x20, 0xbf, 0x00, 0x3a, 0x22, 0xbf,
  0xff, 0xa9, 0x23, 0xbf, 0x00, 0xf2, 0x24, 0xbf, 0x00, 0x16, 0x26, 0xbf,
  0xff, 0x1f, 0x27, 0xbf, 0x00, 0x18, 0x28, 0xbf, 0x00, 0xf2, 0x28, 0xbf,
  0x00, 0xba, 0x29, 0xbf, 0xff, 0x75, 0x2a, 0xbf, 0xff, 0x2b, 0x2b, 0xbf,
  0x01, 0xda, 0x2b, 0xbf, 0x00, 0x88, 0x2c, 0xbf, 0x00, 0x3c, 0x2d, 0xbf,
  0x00, 0xf6, 0x2d, 0xbf, 0x01, 0xb2, 0x2e, 0xbf, 0xff, 0x7b, 0x2f, 0xbf,
  0x00, 0x50, 0x30, 0xbf, 0x01, 0x3a, 0x31, 0xbf, 0x00, 0x30, 0x32, 0xbf,
  0x00, 0x3e, 0x33, 0xbf, 0x00, 0x58, 0x34, 0xbf, 0x01, 0x7e, 0x35, 0xbf,
  0xff, 0xb9, 0x36, 0xbf, 0x00, 0x0c, 0x38, 0xbf, 0x00, 0x6c, 0x39, 0xbf,
  0x00, 0xd8, 0x3a, 0xbf, 0x00, 0x50, 0x3c, 0xbf, 0x00, 0xd4, 0x3d, 0xbf,
  0x00, 0x5e, 0x3f, 0xbf, 0x00, 0xe6, 0x40, 0xbf, 0x00, 0x72, 0x42, 0xbf,
  0x01, 0xfc, 0x43, 0xbf, 0xff, 0x7b, 0x45, 0xbf, 0x00, 0xfa, 0x46, 0xbf,
  0xff, 0x69, 0x48, 0xbf, 0x00, 0xc4, 0x49, 0xbf, 0xff, 0x09, 0x4b, 0xbf,
  0x00, 0x3c, 0x4c, 0xbf, 0xff, 0x59, 0x4d, 0xbf, 0x00, 0x5a, 0x4e, 0xbf,
  0xff, 0x41, 0x4f, 0xbf, 0x00, 0x0c, 0x50, 0xbf, 0xff, 0xaf, 0x50, 0xbf,
  0x00, 0x34, 0x51, 0xbf, 0x00, 0xa8, 0x51, 0xbf, 0x00, 0xfe, 0x51, 0xbf,
  0xff, 0x31, 0x52, 0xbf, 0xff, 0x47, 0x52, 0xbf, 0x00, 0x4e, 0x52, 0xbf,
  0x00, 0x42, 0x52, 0xbf, 0x00, 0x24, 0x52, 0xbf, 0x00, 0xf2, 0x51, 0xbf,
  0x00, 0xbe, 0x51, 0xbf, 0x00, 0x86, 0x51, 0xbf, 0x01, 0x50, 0x51, 0xbf,
  0xff, 0x1f, 0x51, 0xbf, 0xff, 0xf3, 0x50, 0xbf, 0x00, 0xd8, 0x50, 0xbf,
  0xff, 0xd1, 0x50, 0xbf, 0x00, 0xe4, 0x50, 0xbf, 0x00, 0x10, 0x51, 0xbf,
  0x00, 0x60, 0x51, 0xbf, 0x00, 0xd2, 0x51, 0xbf, 0x00, 0x64, 0x52, 0xbf,
  0x00, 0x1c, 0x53, 0xbf, 0xff, 0x03, 0x54, 0xbf, 0xff, 0x15, 0x55, 0xbf,
  0x00, 0x50, 0x56, 0xbf, 0xff, 0xb3, 0x57, 0xbf, 0xff, 0x43, 0x59, 0xbf,
  0x00, 0xf8, 0x5a, 0xbf, 0xff, 0xd1, 0x5c, 0xbf, 0x00, 0xd0, 0x5e, 0xbf,
  0xff, 0xe7, 0x60, 0xbf, 0xff, 0x15, 0x63, 0xbf, 0x00, 0x56, 0x65, 0xbf,
  0x00, 0xae, 0x67, 0xbf, 0x00, 0x0e, 0x6a, 0xbf, 0x00, 0x66, 0x6c, 0xbf,
  0x01, 0xbc, 0x6e, 0xbf, 0x00, 0x12, 0x71, 0xbf, 0xff, 0x4d, 0x73, 0xbf,
  0x01, 0x72, 0x75, 0xbf, 0x00, 0x78, 0x77, 0xbf, 0x00, 0x54, 0x79, 0xbf,
  0x00, 0xfc, 0x7a, 0xbf, 0xff, 0x75, 0x7c, 0xbf, 0x00, 0xbc, 0x7d, 0xbf,
  0x00, 0xb6, 0x7e, 0xbf, 0x00, 0x6e, 0x7f, 0xbf, 0x00, 0xdc, 0x7f, 0xbf,
  0x00, 0xfe, 0x7f, 0xbf, 0x00, 0xbe, 0x7f, 0xbf, 0x01, 0x24, 0x7f, 0xbf,
  0xff, 0x31, 0x7e, 0xbf, 0x01, 0xe0, 0x7c, 0xbf, 0x00, 0x28, 0x7b, 0xbf,
  0xff, 0x15, 0x79, 0xbf, 0x00, 0xa0, 0x76, 0xbf, 0x00, 0xba, 0x73, 0xbf,
  0xff, 0x75, 0x70, 0xbf, 0xff, 0xdb, 0x6c, 0xbf, 0x01, 0xd4, 0x68, 0xbf,
  0xff, 0x69, 0x64, 0xbf, 0x00, 0xb0, 0x5f, 0xbf, 0xff, 0xa3, 0x5a, 0xbf,
  0x00, 0x3c, 0x55, 0xbf, 0x01, 0x8a, 0x4f, 0xbf, 0x00, 0x9a, 0x49, 0xbf,
  0x00, 0x64, 0x43, 0xbf, 0x00, 0xee, 0x3c, 0xbf, 0xff, 0x53, 0x36, 0xbf,
  0x00, 0x98, 0x2f, 0xbf, 0x01, 0xb2, 0x28, 0xbf, 0x00, 0xb0, 0x21, 0xbf,
  0xff, 0xaf, 0x1a, 0xbf, 0x01, 0xac, 0x13, 0xbf, 0xff, 0xa3, 0x0c, 0xbf,
  0xff, 0xb5, 0x05, 0xbf, 0x01, 0xd4, 0xfd, 0xbe, 0x01, 0x6c, 0xf0, 0xbe,
  0xff, 0x4f, 0xe3, 0xbe, 0x00, 0xc0, 0xd6, 0xbe, 0xff, 0xb3, 0xca, 0xbe,
  0xff, 0x23, 0xbf, 0xbe, 0x01, 0x40, 0xb4, 0xbe, 0x01, 0x18, 0xaa, 0xbe,
  0x00, 0x9c, 0xa0, 0xbe, 0xff, 0xdb, 0x97, 0xbe, 0x01, 0x10, 0x90, 0xbe,
  0xff, 0x2f, 0x89, 0xbe, 0x01, 0x14, 0x83, 0xbe, 0x01, 0xe0, 0x7b, 0xbe,
  0xff, 0xbf, 0x73, 0xbe, 0xfd, 0x67, 0x6d, 0xbe, 0x03, 0xd0, 0x68, 0xbe,
  0x00, 0x68, 0x66, 0xbe, 0x03, 0xf8, 0x65, 0xbe, 0xff, 0x1f, 0x67, 0xbe,
  0xfe, 0x2f, 0x6a, 0xbe, 0x03, 0x38, 0x6f, 0xbe, 0x01, 0xd8, 0x75, 0xbe,
  0x02, 0xd0, 0x7d, 0xbe, 0xff, 0xc3, 0x83, 0xbe, 0x01, 0x64, 0x89, 0xbe,
  0xff, 0x7b, 0x8f, 0xbe, 0x00, 0x24, 0x96, 0xbe, 0x02, 0x78, 0x9d, 0xbe,
  0xff, 0x2f, 0xa5, 0xbe, 0xff, 0x17, 0xad, 0xbe, 0x01, 0x50, 0xb5, 0xbe,
  0x01, 0xd8, 0xbd, 0xbe, 0x01, 0x4c, 0xc6, 0xbe, 0x01, 0xb8, 0xce, 0xbe,
  0x01, 0x44, 0xd7, 0xbe, 0x00, 0xa4, 0xdf, 0xbe, 0x00, 0x8c, 0xe7, 0xbe,
  0xff, 0x3b, 0xef, 0xbe, 0x00, 0xac, 0xf6, 0xbe, 0x01, 0x7c, 0xfd, 0xbe,
  0x01, 0xce, 0x01, 0xbf, 0x00, 0xae, 0x04, 0xbf, 0x00, 0x40, 0x07, 0xbf,
  0x00, 0x58, 0x09, 0xbf, 0x00, 0x12, 0x0b, 0xbf, 0x00, 0x88, 0x0c, 0xbf,
  0x00, 0x84, 0x0d, 0xbf, 0xff, 0xf9, 0x0d, 0xbf, 0x00, 0x18, 0x0e, 0xbf,
  0x00, 0xd2, 0x0d, 0xbf, 0x01, 0xf6, 0x0c, 0xbf, 0x00, 0xa6, 0x0b, 0xbf,
  0x00, 0x0e, 0x0a, 0xbf, 0x01, 0xfc, 0x07, 0xbf, 0xff, 0x59, 0x05, 0xbf,
  0xff, 0x6b, 0x02, 0xbf, 0x02, 0x5c, 0xfe, 0xbe, 0xff, 0xc7, 0xf6, 0xbe,
  0xff, 0x6f, 0xee, 0xbe, 0x00, 0xc8, 0xe5, 0xbe, 0x00, 0x58, 0xdc, 0xbe,
  0x00, 0xf8, 0xd1, 0xbe, 0x00, 0x4c, 0xc7, 0xbe, 0x00, 0x70, 0xbc, 0xbe,
  0xff, 0xa7, 0xb0, 0xbe, 0xff, 0x47, 0xa4, 0xbe, 0x01, 0x24, 0x98, 0xbe,
  0x00, 0xa8, 0x8b, 0xbe, 0xfe, 0x4f, 0x7c, 0xbe, 0xff, 0x9f, 0x61, 0xbe,
  0x02, 0x20, 0x48, 0xbe, 0x01, 0xc8, 0x2c, 0xbe, 0x01, 0xf8, 0x0f, 0xbe,
  0x02, 0x50, 0xeb, 0xbd, 0x01, 0x20, 0xb8, 0xbd, 0x00, 0x40, 0x78, 0xbd,
  0x00, 0x00, 0x02, 0xbd, 0x04, 0x80, 0x57, 0xbc, 0x01, 0x00, 0xac, 0xba,
  0xff, 0xff, 0x45, 0x3b, 0x02, 0x40, 0xf9, 0x3c, 0x00, 0x40, 0x69, 0x3d,
  0x00, 0x80, 0xa9, 0x3d, 0xfd, 0xdf, 0xdc, 0x3d, 0xfe, 0xaf, 0x07, 0x3e,
  0x02, 0xa8, 0x20, 0x3e, 0xff, 0x6f, 0x39, 0x3e, 0x00, 0x50, 0x52, 0x3e,
  0xfe, 0x6f, 0x6b, 0x3e, 0x01, 0x74, 0x82, 0x3e, 0xff, 0x7b, 0x8f, 0x3e,
  0x01, 0xe0, 0x9c, 0x3e, 0xff, 0xaf, 0xaa, 0x3e, 0x00, 0xf8, 0xb8, 0x3e,
  0xff, 0xc3, 0xc7, 0x3e, 0x00, 0x08, 0xd7, 0x3e, 0x00, 0xc0, 0xe6, 0x3e,
  0x01, 0xd0, 0xf6, 0x3e, 0x00, 0x9a, 0x03, 0x3f, 0x00, 0xde, 0x0b, 0x3f,
  0x00, 0x2c, 0x14, 0x3f, 0x01, 0x6e, 0x1c, 0x3f, 0x01, 0x90, 0x24, 0x3f,
  0x00, 0x7a, 0x2c, 0x3f, 0x00, 0x1a, 0x34, 0x3f, 0x00, 0x54, 0x3b, 0x3f,
  0x00, 0x14, 0x42, 0x3f, 0x00, 0x42, 0x48, 0x3f, 0xff, 0xd5, 0x4d, 0x3f,
  0x00, 0xc2, 0x52, 0x3f, 0x01, 0xf6, 0x56, 0x3f, 0x00, 0x72, 0x5a, 0x3f,
  0xff, 0x2b, 0x5d, 0x3f, 0x00, 0x26, 0x5f, 0x3f, 0x00, 0x66, 0x60, 0x3f,
  0x00, 0xee, 0x60, 0x3f, 0x00, 0xcc, 0x60, 0x3f, 0x00, 0x0c, 0x60, 0x3f,
  0x00, 0xb8, 0x5e, 0x3f, 0x00, 0xe2, 0x5c, 0x3f, 0xff, 0x8d, 0x5a, 0x3f,
  0xff, 0xcb, 0x57, 0x3f, 0xff, 0xaf, 0x54, 0x3f, 0x00, 0x3e, 0x51, 0x3f,
  0xff, 0x87, 0x4d, 0x3f, 0xff, 0x91, 0x49, 0x3f, 0xff, 0x65, 0x45, 0x3f,
  0x00, 0x06, 0x41, 0x3f, 0x00, 0x74, 0x3c, 0x3f, 0xff, 0xb3, 0x37, 0x3f,
  0x00, 0xc4, 0x32, 0x3f, 0xff, 0xa9, 0x2d, 0x3f, 0x00, 0x64, 0x28, 0x3f,
  0x00, 0xf0, 0x22, 0x3f, 0x00, 0x54, 0x1d, 0x3f, 0xff, 0x87, 0x17, 0x3f,
  0x01, 0x94, 0x11, 0x3f, 0x00, 0x78, 0x0b, 0x3f, 0xff, 0x43, 0x05, 0x3f,
  0x00, 0xf8, 0xfd, 0x3e, 0xff, 0x5b, 0xf1, 0x3e, 0x01, 0xe0, 0xe4, 0x3e,
  0xff, 0xa7, 0xd8, 0x3e, 0xff, 0xd3, 0xcc, 0x3e, 0x01, 0x94, 0xc1, 0x3e,
  0xff, 0x1f, 0xb7, 0x3e, 0xff, 0xb3, 0xad, 0x3e, 0x01, 0x7c, 0xa5, 0x3e,
  0xff, 0xaf, 0x9e, 0x3e, 0x01, 0x7c, 0x99, 0x3e, 0x01, 0x04, 0x96, 0x3e,
  0x00, 0x70, 0x94, 0x3e, 0x00, 0xcc, 0x94, 0x3e, 0x00, 0x34, 0x97, 0x3e,
  0x00, 0xa8, 0x9b, 0x3e, 0x00, 0x24, 0xa2, 0x3e, 0xff, 0x83, 0xaa, 0x3e,
  0xff, 0xbb, 0xb4, 0x3e, 0x00, 0x88, 0xc0, 0x3e, 0x00, 0xc4, 0xcd, 0x3e,
  0xfe, 0x37, 0xdc, 0x3e, 0x00, 0xa4, 0xeb, 0x3e, 0x00, 0xbc, 0xfb, 0x3e,
  0x01, 0x28, 0x06, 0x3f, 0x00, 0x8a, 0x0e, 0x3f, 0x00, 0xe6, 0x16, 0x3f,
  0x00, 0x1c, 0x1f, 0x3f, 0x01, 0x18, 0x27, 0x3f, 0x00, 0xc2, 0x2e, 0x3f,
  0x00, 0x08, 0x36, 0x3f, 0x01, 0xe0, 0x3c, 0x3f, 0xff, 0x43, 0x43, 0x3f,
  0x01, 0x2e, 0x49, 0x3f, 0x00, 0x9c, 0x4e, 0x3f, 0x01, 0x94, 0x53, 0x3f,
  0x01, 0x1e, 0x58, 0x3f, 0x00, 0x3c, 0x5c, 0x3f, 0x00, 0xfe, 0x5f, 0x3f,
  0x00, 0x6c, 0x63, 0x3f, 0x01, 0x90, 0x66, 0x3f, 0x01, 0x74, 0x69, 0x3f,
  0x01, 0x1e, 0x6c, 0x3f, 0x01, 0x9a, 0x6e, 0x3f, 0x01, 0xea, 0x70, 0x3f,
  0x00, 0x1a, 0x73, 0x3f, 0x00, 0x26, 0x75, 0x3f, 0x00, 0x10, 0x77, 0x3f,
  0x00, 0xd8, 0x78, 0x3f, 0x00, 0x7c, 0x7a, 0x3f, 0x01, 0xf0, 0x7b, 0x3f,
  0xff, 0x37, 0x7d, 0x3f, 0x01, 0x4a, 0x7e, 0x3f, 0x00, 0x1c, 0x7f, 0x3f,
  0x00, 0xb2, 0x7f, 0x3f, 0x00, 0xfe, 0x7f, 0x3f, 0x00, 0xfe, 0x7f, 0x3f,
  0x01, 0xb8, 0x7f, 0x3f, 0xff, 0x1f, 0x7f, 0x3f, 0xff, 0x3d, 0x7e, 0x3f,
  0x00, 0x10, 0x7d, 0x3f, 0x00, 0x9c, 0x7b, 0x3f, 0x00, 0xec, 0x79, 0x3f,
  0x00, 0x02, 0x78, 0x3f, 0x01, 0xf0, 0x75, 0x3f, 0x01, 0xb8, 0x73, 0x3f,
  0xff, 0x6f, 0x71, 0x3f, 0x00, 0x1c, 0x6f, 0x3f, 0xff, 0xd1, 0x6c, 0x3f,
  0x00, 0x96, 0x6a, 0x3f, 0x01, 0x78, 0x68, 0x3f, 0x00, 0x7e, 0x66, 0x3f,
  0x00, 0xac, 0x64, 0x3f, 0x01, 0x0c, 0x63, 0x3f, 0x00, 0x9c, 0x61, 0x3f,
  0x01, 0x56, 0x60, 0x3f, 0x00, 0x3e, 0x5f, 0x3f, 0x00, 0x46, 0x5e, 0x3f,
  0xff, 0x65, 0x5d, 0x3f, 0x00, 0x94, 0x5c, 0x3f, 0x00, 0xc4, 0x5b, 0x3f,
  0x00, 0xe4, 0x5a, 0x3f, 0x00, 0xe8, 0x59, 0x3f, 0xff, 0xc5, 0x58, 0x3f,
  0xff, 0x65, 0x57, 0x3f, 0x00, 0xc6, 0x55, 0x3f, 0x01, 0xda, 0x53, 0x3f,
  0xff, 0x9d, 0x51, 0x3f, 0x00, 0x10, 0x4f, 0x3f, 0x00, 0x30, 0x4c, 0x3f,
  0x01, 0x02, 0x49, 0x3f, 0x00, 0x8e, 0x45, 0x3f, 0x00, 0xe0, 0x41, 0x3f,
  0x01, 0xfc, 0x3d, 0x3f, 0x00, 0xf2, 0x39, 0x3f, 0xff, 0xd5, 0x35, 0x3f,
  0xff, 0xb3, 0x31, 0x3f, 0x01, 0xa0, 0x2d, 0x3f, 0x00, 0xa8, 0x29, 0x3f,
  0xff, 0xd7, 0x25, 0x3f, 0x01, 0x40, 0x22, 0x3f, 0x00, 0xe6, 0x1e, 0x3f,
  0xff, 0xd5, 0x1b, 0x3f, 0xff, 0x15, 0x19, 0x3f, 0x00, 0xa8, 0x16, 0x3f,
  0x00, 0x96, 0x14, 0x3f, 0x00, 0xd6, 0x12, 0x3f, 0x00, 0x6e, 0x11, 0x3f,
  0x00, 0x5e, 0x10, 0x3f, 0xff, 0x9d, 0x0f, 0x3f, 0x00, 0x2a, 0x0f, 0x3f,
  0x00, 0xfc, 0x0e, 0x3f, 0x00, 0x0e, 0x0f, 0x3f, 0xff, 0x59, 0x0f, 0x3f,
  0xff, 0xd5, 0x0f, 0x3f, 0x00, 0x7a, 0x10, 0x3f, 0xff, 0x43, 0x11, 0x3f,
  0xff, 0x25, 0x12, 0x3f, 0x01, 0x18, 0x13, 0x3f, 0xff, 0x0f, 0x14, 0x3f,
  0xff, 0xff, 0x14, 0x3f, 0x00, 0xde, 0x15, 0x3f, 0x00, 0xa2, 0x16, 0x3f,
  0x00, 0x3e, 0x17, 0x3f, 0x00, 0xae, 0x17, 0x3f, 0x00, 0xec, 0x17, 0x3f,
  0x00, 0xf2, 0x17, 0x3f, 0x00, 0xbc, 0x17, 0x3f, 0x00, 0x4c, 0x17, 0x3f,
  0x00, 0xa8, 0x16, 0x3f, 0x00, 0xd0, 0x15, 0x3f, 0x00, 0xce, 0x14, 0x3f,
  0xff, 0xb3, 0x13, 0x3f, 0x01, 0x90, 0x12, 0x3f, 0x00, 0x76, 0x11, 0x3f,
  0xff, 0x75, 0x10, 0x3f, 0x00, 0xa6, 0x0f, 0x3f, 0x00, 0x1c, 0x0f, 0x3f,
  0x01, 0xde, 0x0e, 0x3f, 0x00, 0x06, 0x0f, 0x3f, 0x00, 0x9a, 0x0f, 0x3f,
  0x01, 0xa6, 0x10, 0x3f, 0x00, 0x2c, 0x12, 0x3f, 0x00, 0x30, 0x14, 0x3f,
  0x01, 0xa6, 0x16, 0x3f, 0x00, 0x82, 0x19, 0x3f, 0x00, 0xb8, 0x1c, 0x3f,
  0x00, 0x30, 0x20, 0x3f, 0xff, 0xd5, 0x23, 0x3f, 0x00, 0x8e, 0x27, 0x3f,
  0x01, 0x3a, 0x2b, 0x3f, 0x00, 0xc4, 0x2e, 0x3f, 0xff, 0x0f, 0x32, 0x3f,
  0xff, 0xff, 0x34, 0x3f, 0x00, 0x82, 0x37, 0x3f, 0x00, 0x82, 0x39, 0x3f,
  0xff, 0xf3, 0x3a, 0x3f, 0x00, 0xca, 0x3b, 0x3f, 0xff, 0x03, 0x3c, 0x3f,
  0x00, 0xa4, 0x3b, 0x3f, 0xff, 0xaf, 0x3a, 0x3f, 0x00, 0x32, 0x39, 0x3f,
  0xff, 0x37, 0x37, 0x3f, 0x00, 0xda, 0x34, 0x3f, 0x00, 0x2c, 0x32, 0x3f,
  0x00, 0x40, 0x2f, 0x3f, 0x00, 0x36, 0x2c, 0x3f, 0x00, 0x1e, 0x29, 0x3f,
  0xff, 0x0f, 0x26, 0x3f, 0xff, 0x21, 0x23, 0x3f, 0x00, 0x64, 0x20, 0x3f,
  0xff, 0xe1, 0x1d, 0x3f, 0x00, 0xae, 0x1b, 0x3f, 0x00, 0xca, 0x19, 0x3f,
  0xff, 0x3d, 0x18, 0x3f, 0x01, 0x0c, 0x17, 0x3f, 0xff, 0x31, 0x16, 0x3f,
  0x00, 0xae, 0x15, 0x3f, 0x00, 0x76, 0x15, 0x3f, 0x01, 0x7e, 0x15, 0x3f,
  0x00, 0xc6, 0x15, 0x3f, 0x00, 0x3c, 0x16, 0x3f, 0x01, 0xde, 0x16, 0x3f,
  0x00, 0x9a, 0x17, 0x3f, 0x01, 0x6e, 0x18, 0x3f, 0x00, 0x4a, 0x19, 0x3f,
  0x01, 0x2a, 0x1a, 0x3f, 0x01, 0x00, 0x1b, 0x3f, 0x00, 0xca, 0x1b, 0x3f,
  0x00, 0x7e, 0x1c, 0x3f, 0xff, 0x15, 0x1d, 0x3f, 0x00, 0x8e, 0x1d, 0x3f,
  0x00, 0xde, 0x1d, 0x3f, 0x00, 0x00, 0x1e, 0x3f, 0x00, 0xf2, 0x1d, 0x3f,
  0xff, 0xa9, 0x1d, 0x3f, 0x00, 0x2a, 0x1d, 0x3f, 0x00, 0x70, 0x1c, 0x3f,
  0x00, 0x76, 0x1b, 0x3f, 0x00, 0x3c, 0x1a, 0x3f, 0x01, 0xbe, 0x18, 0x3f,
  0x01, 0x02, 0x17, 0x3f, 0x01, 0x0c, 0x15, 0x3f, 0x00, 0xd6, 0x12, 0x3f,
  0x00, 0x70, 0x10, 0x3f, 0x00, 0xdc, 0x0d, 0x3f, 0xff, 0x21, 0x0b, 0x3f,
  0x00, 0x44, 0x08, 0x3f, 0x01, 0x50, 0x05, 0x3f, 0x00, 0x44, 0x02, 0x3f,
  0x02, 0x5c, 0xfe, 0x3e, 0x00, 0x18, 0xf8, 0x3e, 0x01, 0xd4, 0xf1, 0x3e,
  0x02, 0x84, 0xeb, 0x3e, 0x00, 0x3c, 0xe5, 0x3e, 0xff, 0xf3, 0xde, 0x3e,
  0x00, 0xb4, 0xd8, 0x3e, 0x01, 0x74, 0xd2, 0x3e, 0xff, 0x33, 0xcc, 0x3e,
  0x01, 0xec, 0xc5, 0x3e, 0x01, 0x9c, 0xbf, 0x3e, 0xff, 0x43, 0xb9, 0x3e,
  0x00, 0xd8, 0xb2, 0x3e, 0x00, 0x5c, 0xac, 0x3e, 0x00, 0xdc, 0xa5, 0x3e,
  0x00, 0x4c, 0x9f, 0x3e, 0xff, 0xbf, 0x98, 0x3e, 0x01, 0x30, 0x92, 0x3e,
  0x00, 0xa4, 0x8b, 0x3e, 0xfe, 0x1b, 0x85, 0x3e, 0x02, 0x48, 0x7d, 0x3e,
  0x02, 0x78, 0x70, 0x3e, 0x01, 0xe0, 0x63, 0x3e, 0xfd, 0x5f, 0x57, 0x3e,
  0xfe, 0x0f, 0x4b, 0x3e, 0xff, 0xc7, 0x3e, 0x3e, 0x00, 0x80, 0x32, 0x3e,
  0x01, 0x30, 0x26, 0x3e, 0x01, 0xc0, 0x19, 0x3e, 0xff, 0xff, 0x0c, 0x3e,
  0xfe, 0xaf, 0xff, 0x3d, 0xfa, 0x6f, 0xe4, 0x3d, 0x01, 0x20, 0xc8, 0x3d,
  0x01, 0x70, 0xaa, 0x3d, 0x00, 0x50, 0x8b, 0x3d, 0x00, 0x40, 0x55, 0x3d,
  0xff, 0xdf, 0x10, 0x3d, 0x00, 0x80, 0x92, 0x3c, 0x00, 0x00, 0x90, 0xb9,
  0x02, 0x40, 0x9c, 0xbc, 0x01, 0x00, 0x1d, 0xbd, 0x00, 0x80, 0x6d, 0xbd,
  0x00, 0x80, 0x9f, 0xbd, 0x00, 0x70, 0xc8, 0xbd, 0x07, 0x40, 0xf1, 0xbd,
  0x01, 0xc8, 0x0c, 0xbe, 0x02, 0xa8, 0x20, 0xbe, 0xfd, 0x27, 0x34, 0xbe,
  0xfe, 0x27, 0x47, 0xbe, 0x00, 0x98, 0x59, 0xbe, 0x00, 0x60, 0x6b, 0xbe,
  0x02, 0x90, 0x7c, 0xbe, 0xff, 0x83, 0x86, 0xbe, 0xff, 0x6b, 0x8e, 0xbe,
  0x01, 0xf0, 0x95, 0xbe, 0xff, 0x17, 0x9d, 0xbe, 0x00, 0xd4, 0xa3, 0xbe,
  0x01, 0x1c, 0xaa, 0xbe, 0x00, 0xec, 0xaf, 0xbe, 0xff, 0x2f, 0xb5, 0xbe,
  0x00, 0xe0, 0xb9, 0xbe, 0x01, 0xd8, 0xbd, 0xbe, 0x01, 0x0c, 0xc1, 0xbe,
  0x00, 0x60, 0xc3, 0xbe, 0xff, 0xbb, 0xc4, 0xbe, 0xff, 0xff, 0xc4, 0xbe,
  0xff, 0x1f, 0xc4, 0xbe, 0xff, 0xfb, 0xc1, 0xbe, 0x00, 0x94, 0xbe, 0xbe,
  0xff, 0xcb, 0xb9, 0xbe, 0xfe, 0xaf, 0xb3, 0xbe, 0x00, 0x30, 0xac, 0xbe,
  0xfe, 0x6b, 0xa3, 0xbe, 0xff, 0x6f, 0x99, 0xbe, 0x01, 0x48, 0x8e, 0xbe,
  0xff, 0x27, 0x82, 0xbe, 0x00, 0x50, 0x6a, 0xbe, 0x00, 0xf0, 0x4e, 0xbe,
  0x00, 0x80, 0x32, 0xbe, 0xff, 0x87, 0x15, 0xbe, 0x06, 0x90, 0xf0, 0xbd,
  0x00, 0xb0, 0xb6, 0xbd, 0x01, 0xa0, 0x7c, 0xbd, 0xff, 0x5f, 0x10, 0xbd,
  0xfe, 0xff, 0x2a, 0xbc, 0x04, 0x00, 0x4b, 0x3c, 0x01, 0xe0, 0x06, 0x3d,
  0xff, 0x5f, 0x50, 0x3d, 0x00, 0xf0, 0x86, 0x3d, 0xff, 0x1f, 0x9f, 0x3d,
  0x00, 0x70, 0xb0, 0x3d, 0x00, 0x90, 0xba, 0x3d, 0x00, 0x70, 0xbd, 0x3d,
  0x00, 0x00, 0xb9, 0x3d, 0x00, 0x60, 0xad, 0x3d, 0x00, 0xd0, 0x9a, 0x3d,
  0x00, 0xd0, 0x81, 0x3d, 0x00, 0x20, 0x45, 0x3d, 0x00, 0xc0, 0xf7, 0x3c,
  0x00, 0x80, 0x22, 0x3c, 0xfe, 0xff, 0x49, 0xbc, 0x01, 0xe0, 0x14, 0xbd,
  0x01, 0xa0, 0x7c, 0xbd, 0x00, 0x10, 0xb4, 0xbd, 0x03, 0xf0, 0xea, 0xbd,
  0xff, 0x17, 0x11, 0xbe, 0x01, 0x98, 0x2c, 0xbe, 0x00, 0xa8, 0x47, 0xbe,
  0x01, 0xf0, 0x61, 0xbe, 0xfd, 0x47, 0x7b, 0xbe, 0xff, 0xcb, 0x89, 0xbe,
  0x01, 0x50, 0x95, 0xbe, 0x01, 0x24, 0xa0, 0xbe, 0x00, 0x3c, 0xaa, 0xbe,
  0x02, 0x84, 0xb3, 0xbe, 0x01, 0xfc, 0xbb, 0xbe, 0xff, 0x97, 0xc3, 0xbe,
  0xff, 0x53, 0xca, 0xbe, 0xff, 0x33, 0xd0, 0xbe, 0xff, 0x2b, 0xd5, 0xbe,
  0x01, 0x38, 0xd9, 0xbe, 0x02, 0x50, 0xdc, 0xbe, 0xff, 0x6b, 0xde, 0xbe,
  0x00, 0x90, 0xdf, 0xbe, 0x00, 0xbc, 0xdf, 0xbe, 0x01, 0xe8, 0xde, 0xbe,
  0x01, 0x24, 0xdd, 0xbe, 0x00, 0x80, 0xda, 0xbe, 0x01, 0xfc, 0xd6, 0xbe,
  0x01, 0xbc, 0xd2, 0xbe, 0xff, 0xcf, 0xcd, 0xbe, 0x00, 0x58, 0xc8, 0xbe,
  0x01, 0x78, 0xc2, 0xbe, 0x00, 0x5c, 0xbc, 0xbe, 0x00, 0x24, 0xb6, 0xbe,
  0xfe, 0xf3, 0xaf, 0xbe, 0x01, 0x04, 0xaa, 0xbe, 0x00, 0x70, 0xa4, 0xbe,
  0x00, 0x64, 0x9f, 0xbe, 0x00, 0x08, 0x9b, 0xbe, 0x01, 0x70, 0x97, 0xbe,
  0x01, 0xac, 0x94, 0xbe, 0xff, 0xc7, 0x92, 0xbe, 0xff, 0xcf, 0x91, 0xbe,
  0xff, 0xb7, 0x91, 0xbe, 0x00, 0x80, 0x92, 0xbe, 0x00, 0x18, 0x94, 0xbe,
  0x01, 0x74, 0x96, 0xbe, 0xff, 0x73, 0x99, 0xbe, 0xff, 0x03, 0x9d, 0xbe,
  0xff, 0x03, 0xa1, 0xbe, 0x00, 0x54, 0xa5, 0xbe, 0x00, 0xdc, 0xa9, 0xbe,
  0xff, 0x83, 0xae, 0xbe, 0x02, 0x28, 0xb3, 0xbe, 0xfe, 0xaf, 0xb7, 0xbe,
  0x02, 0x0c, 0xbc, 0xbe, 0xff, 0x1f, 0xc0, 0xbe, 0xff, 0xdb, 0xc3, 0xbe,
  0x00, 0x34, 0xc7, 0xbe, 0x01, 0x18, 0xca, 0xbe, 0x01, 0x84, 0xcc, 0xbe,
  0x01, 0x78, 0xce, 0xbe, 0x00, 0xe8, 0xcf, 0xbe, 0xfe, 0xd7, 0xd0, 0xbe,
  0xff, 0x43, 0xd1, 0xbe, 0x01, 0x38, 0xd1, 0xbe, 0xff, 0xbf, 0xd0, 0xbe,
  0x01, 0xe0, 0xcf, 0xbe, 0x00, 0xac, 0xce, 0xbe, 0x01, 0x38, 0xcd, 0xbe,
  0x01, 0x9c, 0xcb, 0xbe, 0xff, 0xe3, 0xc9, 0xbe, 0xfe, 0x37, 0xc8, 0xbe,
  0xff, 0xaf, 0xc6, 0xbe, 0x01, 0x68, 0xc5, 0xbe, 0xff, 0x77, 0xc4, 0xbe,
  0x00, 0x00, 0xc4, 0xbe, 0x00, 0x14, 0xc4, 0xbe, 0x01, 0xc8, 0xc4, 0xbe,
  0xff, 0x27, 0xc6, 0xbe, 0x01, 0x40, 0xc8, 0xbe, 0xfe, 0x0f, 0xcb, 0xbe,
  0x00, 0x94, 0xce, 0xbe, 0xff, 0xaf, 0xd2, 0xbe, 0x00, 0x60, 0xd7, 0xbe,
  0xfe, 0x7b, 0xdc, 0xbe, 0xff, 0xe3, 0xe1, 0xbe, 0xfe, 0x6b, 0xe7, 0xbe,
  0x01, 0xf4, 0xec, 0xbe, 0x01, 0x48, 0xf2, 0xbe, 0x01, 0x40, 0xf7, 0xbe,
  0x00, 0xa4, 0xfb, 0xbe, 0x01, 0x58, 0xff, 0xbe, 0x01, 0x18, 0x01, 0xbf,
  0x00, 0x0a, 0x02, 0xbf, 0xff, 0x75, 0x02, 0xbf, 0xff, 0x53, 0x02, 0xbf,
  0x01, 0xa0, 0x01, 0xbf, 0x00, 0x5e, 0x00, 0xbf, 0xff, 0x17, 0xfd, 0xbe,
  0x01, 0x6c, 0xf8, 0xbe, 0x00, 0xc0, 0xf2, 0xbe, 0xfe, 0x37, 0xec, 0xbe,
  0x01, 0xf4, 0xe4, 0xbe, 0xff, 0x03, 0xdd, 0xbe, 0x02, 0x94, 0xd4, 0xbe,
  0x00, 0xbc, 0xcb, 0xbe, 0x01, 0xa4, 0xc2, 0xbe, 0xff, 0x5b, 0xb9, 0xbe,
  0x00, 0x00, 0xb0, 0xbe, 0x00, 0xac, 0xa6, 0xbe, 0xff, 0x6f, 0x9d, 0xbe,
  0x02, 0x50, 0x94, 0xbe, 0x00, 0x60, 0x8b, 0xbe, 0x01, 0xa4, 0x82, 0xbe,
  0x01, 0x68, 0x74, 0xbe, 0x01, 0x10, 0x64, 0xbe, 0xfd, 0x57, 0x54, 0xbe,
  0x01, 0x50, 0x45, 0xbe, 0x03, 0x08, 0x37, 0xbe, 0xff, 0x6f, 0x29, 0xbe,
  0xfe, 0xaf, 0x1c, 0xbe, 0x03, 0xd0, 0x10, 0xbe, 0x01, 0xd8, 0x05, 0xbe,
  0x03, 0xc0, 0xf7, 0xbd, 0x00, 0xb0, 0xe5, 0xbd, 0x00, 0xb0, 0xd5, 0xbd,
  0xff, 0x9f, 0xc7, 0xbd, 0x00, 0xa0, 0xbb, 0xbd, 0x00, 0x80, 0xb1, 0xbd,
  0x00, 0x50, 0xa9, 0xbd, 0x01, 0xb0, 0xa2, 0xbd, 0x00, 0xa0, 0x9d, 0xbd,
  0xff, 0xaf, 0x99, 0xbd, 0x01, 0x90, 0x96, 0xbd, 0x00, 0xe0, 0x93, 0xbd,
  0x00, 0x10, 0x91, 0xbd, 0xff, 0xcf, 0x8d, 0xbd, 0x00, 0x90, 0x89, 0xbd,
  0x00, 0x10, 0x84, 0xbd, 0x00, 0x60, 0x79, 0xbd, 0x01, 0x60, 0x66, 0xbd,
  0x00, 0x80, 0x4e, 0xbd, 0xff, 0x5f, 0x31, 0xbd, 0x01, 0xa0, 0x0e, 0xbd,
  0x02, 0xc0, 0xcc, 0xbc, 0x02, 0x80, 0x61, 0xbc, 0xff, 0xff, 0x9f, 0xba,
  0x01, 0x80, 0x4c, 0x3c, 0xfe, 0x7f, 0xde, 0x3c, 0x00, 0x80, 0x2e, 0x3d,
  0x00, 0x80, 0x6f, 0x3d, 0x00, 0x80, 0x98, 0x3d, 0x00, 0x00, 0xb9, 0x3d,
  0xfb, 0x4f, 0xd8, 0x3d, 0x06, 0xe0, 0xf5, 0x3d, 0x00, 0x88, 0x08, 0x3e,
  0x01, 0x68, 0x14, 0x3e, 0xfe, 0x47, 0x1e, 0x3e, 0xff, 0xe7, 0x25, 0x3e,
  0x03, 0xf0, 0x2a, 0x3e, 0x02, 0x48, 0x2d, 0x3e, 0x01, 0x98, 0x2c, 0x3e,
  0xff, 0xe7, 0x28, 0x3e, 0x03, 0x10, 0x22, 0x3e, 0x00, 0x00, 0x18, 0x3e,
  0xfd, 0xbf, 0x0a, 0x3e, 0xfb, 0xbf, 0xf4, 0x3d, 0x06, 0x10, 0xce, 0x3d,
  0x00, 0xc0, 0xa1, 0x3d, 0x00, 0x80, 0x60, 0x3d, 0x00, 0x40, 0xe8, 0x3c,
  0xfd, 0xff, 0x5f, 0xb9, 0x00, 0xc0, 0xfa, 0xbc, 0x00, 0x10, 0x80, 0xbd,
  0x00, 0x20, 0xc4, 0xbd, 0x02, 0x18, 0x05, 0xbe, 0xfd, 0xc7, 0x28, 0xbe,
  0x02, 0xf0, 0x4c, 0xbe, 0xfd, 0x4f, 0x71, 0xbe, 0x01, 0xd0, 0x8a, 0xbe,
  0x00, 0xcc, 0x9c, 0xbe, 0xff, 0x83, 0xae, 0xbe, 0x00, 0xd4, 0xbf, 0xbe,
  0x00, 0xb4, 0xd0, 0xbe, 0xff, 0xff, 0xe0, 0xbe, 0x01, 0xb0, 0xf0, 0xbe,
  0x01, 0xb8, 0xff, 0xbe, 0x01, 0x00, 0x07, 0xbf, 0x00, 0xbc, 0x0d, 0xbf,
  0x00, 0x0e, 0x14, 0xbf, 0x00, 0xec, 0x19, 0xbf, 0x01, 0x50, 0x1f, 0xbf,
  0x00, 0x38, 0x24, 0xbf, 0x01, 0xa6, 0x28, 0xbf, 0x01, 0x90, 0x2c, 0xbf,
  0x00, 0xec, 0x2f, 0xbf, 0x00, 0xb6, 0x32, 0xbf, 0x00, 0xe4, 0x34, 0xbf,
  0x00, 0x70, 0x36, 0xbf, 0x01, 0x5c, 0x37, 0xbf, 0x00, 0xa2, 0x37, 0xbf,
  0xff, 0x37, 0x37, 0xbf, 0x00, 0x16, 0x36, 0xbf, 0x01, 0x40, 0x34, 0xbf,
  0xff, 0xa9, 0x31, 0xbf, 0x00, 0x58, 0x2e, 0xbf, 0xff, 0x53, 0x2a, 0xbf,
  0x01, 0xa0, 0x25, 0xbf, 0xff, 0x47, 0x20, 0xbf, 0x01, 0x4c, 0x1a, 0xbf,
  0xff, 0xb5, 0x13, 0xbf, 0x00, 0x92, 0x0c, 0xbf, 0x00, 0xf2, 0x04, 0xbf,
  0x01, 0xd8, 0xf9, 0xbe, 0x01, 0x24, 0xe9, 0xbe, 0xff, 0xef, 0xd7, 0xbe,
  0x02, 0x5c, 0xc6, 0xbe, 0xfe, 0x7b, 0xb4, 0xbe, 0x01, 0x74, 0xa2, 0xbe,
  0x00, 0x5c, 0x90, 0xbe, 0xfe, 0xd7, 0x7c, 0xbe, 0x03, 0x88, 0x59, 0xbe,
  0x02, 0x10, 0x37, 0xbe, 0xff, 0x87, 0x15, 0xbe, 0x04, 0x80, 0xe9, 0xbd,
  0x00, 0x50, 0xa9, 0xbd, 0xff, 0x7f, 0x54, 0xbd, 0xfe, 0x3f, 0xb2, 0xbc,
  0x01, 0x00, 0x96, 0x3b, 0xfb, 0xff, 0x7c, 0x3c, 0x01, 0x40, 0xe4, 0x3c,
  0x00, 0xe0, 0x2a, 0x3d, 0x00, 0xc0, 0x67, 0x3d, 0x00, 0xa0, 0x93, 0x3d,
  0x00, 0x60, 0xb3, 0x3d, 0x02, 0x70, 0xd2, 0x3d, 0x02, 0xf0, 0xef, 0x3d,
  0xff, 0xb7, 0x05, 0x3e, 0xff, 0x57, 0x12, 0x3e, 0xff, 0xe7, 0x1d, 0x3e,
  0xfe, 0x97, 0x28, 0x3e, 0x00, 0xa8, 0x32, 0x3e, 0x03, 0x60, 0x3c, 0x3e,
  0x02, 0x00, 0x46, 0x3e, 0x02, 0xc8, 0x4f, 0x3e, 0x01, 0xc0, 0x59, 0x3e,
  0x00, 0xe8, 0x63, 0x3e, 0x02, 0x28, 0x6e, 0x3e, 0xff, 0x5f, 0x78, 0x3e,
  0xff, 0x2b, 0x81, 0x3e, 0x00, 0xe0, 0x85, 0x3e, 0x00, 0x50, 0x8a, 0x3e,
  0xff, 0x57, 0x8e, 0x3e, 0x00, 0x08, 0x92, 0x3e, 0x00, 0x58, 0x95, 0x3e,
  0xff, 0x63, 0x98, 0x3e, 0xff, 0x37, 0x9b, 0x3e, 0x00, 0xf4, 0x9d, 0x3e,
  0x01, 0x98, 0xa0, 0x3e, 0x01, 0x40, 0xa3, 0x3e, 0xff, 0xe3, 0xa5, 0x3e,
  0x01, 0x84, 0xa8, 0x3e, 0x00, 0x1c, 0xab, 0x3e, 0xff, 0x8b, 0xad, 0x3e,
  0x00, 0xd4, 0xaf, 0x3e, 0xff, 0xe3, 0xb1, 0x3e, 0x00, 0xa8, 0xb3, 0x3e,
  0x00, 0x28, 0xb5, 0x3e, 0x02, 0x5c, 0xb6, 0x3e, 0x00, 0x60, 0xb7, 0x3e,
  0xff, 0x33, 0xb8, 0x3e, 0xff, 0xeb, 0xb8, 0x3e, 0x00, 0x98, 0xb9, 0x3e,
  0xff, 0x3f, 0xba, 0x3e, 0x01, 0xe8, 0xba, 0x3e, 0xff, 0x93, 0xbb, 0x3e,
  0xfe, 0x37, 0xbc, 0x3e, 0x00, 0xcc, 0xbc, 0x3e, 0x00, 0x40, 0xbd, 0x3e,
  0x01, 0x90, 0xbd, 0x3e, 0xff, 0xb7, 0xbd, 0x3e, 0x00, 0xb0, 0xbd, 0x3e,
  0x02, 0x78, 0xbd, 0x3e, 0xfe, 0x1b, 0xbd, 0x3e, 0x01, 0xac, 0xbc, 0x3e,
  0x00, 0x2c, 0xbc, 0x3e, 0x00, 0xa8, 0xbb, 0x3e, 0x01, 0x2c, 0xbb, 0x3e,
  0x01, 0xbc, 0xba, 0x3e, 0xff, 0x57, 0xba, 0x3e, 0x01, 0x04, 0xba, 0x3e,
  0x01, 0xa8, 0xb9, 0x3e, 0xff, 0x47, 0xb9, 0x3e, 0xfe, 0xd7, 0xb8, 0x3e,
  0x02, 0x50, 0xb8, 0x3e, 0xfe, 0xaf, 0xb7, 0x3e, 0xff, 0xf7, 0xb6, 0x3e,
  0x01, 0x30, 0xb6, 0x3e, 0xff, 0x5b, 0xb5, 0x3e, 0xff, 0x8b, 0xb4, 0x3e,
  0xff, 0xbf, 0xb3, 0x3e, 0xff, 0x0b, 0xb3, 0x3e, 0xff, 0x6b, 0xb2, 0x3e,
  0xff, 0xe3, 0xb1, 0x3e, 0xff, 0x73, 0xb1, 0x3e, 0x01, 0x08, 0xb1, 0x3e,
  0x00, 0xb4, 0xb0, 0x3e, 0x01, 0x54, 0xb0, 0x3e, 0xfe, 0xf3, 0xaf, 0x3e,
  0x01, 0x88, 0xaf, 0x3e, 0x01, 0x14, 0xaf, 0x3e, 0x02, 0xa0, 0xae, 0x3e,
  0xff, 0x27, 0xae, 0x3e, 0xff, 0xb7, 0xad, 0x3e, 0xff, 0x5b, 0xad, 0x3e,
  0xff, 0x17, 0xad, 0x3e, 0xff, 0xeb, 0xac, 0x3e, 0x01, 0xdc, 0xac, 0x3e,
  0xff, 0xe7, 0xac, 0x3e, 0xff, 0x03, 0xad, 0x3e, 0xff, 0x2f, 0xad, 0x3e,
  0x01, 0x64, 0xad, 0x3e, 0x01, 0x94, 0xad, 0x3e, 0x01, 0xc0, 0xad, 0x3e,
  0x01, 0xec, 0xad, 0x3e, 0xff, 0x0f, 0xae, 0x3e, 0xff, 0x3f, 0xae, 0x3e,
  0x01, 0x74, 0xae, 0x3e, 0x01, 0xbc, 0xae, 0x3e, 0x00, 0x1c, 0xaf, 0x3e,
  0x00, 0x90, 0xaf, 0x3e, 0x01, 0x24, 0xb0, 0x3e, 0x00, 0xcc, 0xb0, 0x3e,
  0xff, 0x8b, 0xb1, 0x3e, 0xff, 0x57, 0xb2, 0x3e, 0x00, 0x30, 0xb3, 0x3e,
  0xff, 0x03, 0xb4, 0x3e, 0xff, 0xd3, 0xb4, 0x3e, 0xfe, 0xa3, 0xb5, 0x3e,
  0xff, 0x6f, 0xb6, 0x3e, 0x00, 0x34, 0xb7, 0x3e, 0xff, 0x07, 0xb8, 0x3e,
  0xff, 0xe7, 0xb8, 0x3e, 0xff, 0xcf, 0xb9, 0x3e, 0x01, 0xd4, 0xba, 0x3e,
  0x00, 0xec, 0xbb, 0x3e, 0x00, 0x14, 0xbd, 0x3e, 0x00, 0x50, 0xbe, 0x3e,
  0xff, 0x97, 0xbf, 0x3e, 0xff, 0xe7, 0xc0, 0x3e, 0x01, 0x30, 0xc2, 0x3e,
  0x00, 0x78, 0xc3, 0x3e, 0xff, 0xbb, 0xc4, 0x3e, 0x00, 0xf8, 0xc5, 0x3e,
  0x00, 0x30, 0xc7, 0x3e, 0x01, 0x6c, 0xc8, 0x3e, 0x00, 0xb0, 0xc9, 0x3e,
  0x00, 0x04, 0xcb, 0x3e, 0xff, 0x5f, 0xcc, 0x3e, 0x01, 0xd4, 0xcd, 0x3e,
  0xff, 0x53, 0xcf, 0x3e, 0x01, 0xe0, 0xd0, 0x3e, 0x01, 0x78, 0xd2, 0x3e,
  0x01, 0x10, 0xd4, 0x3e, 0x01, 0xa8, 0xd5, 0x3e, 0xff, 0x3b, 0xd7, 0x3e,
  0x01, 0xc8, 0xd8, 0x3e, 0x01, 0x48, 0xda, 0x3e, 0x01, 0xcc, 0xdb, 0x3e,
  0x01, 0x4c, 0xdd, 0x3e, 0xff, 0xdb, 0xde, 0x3e, 0x01, 0x6c, 0xe0, 0x3e,
  0x00, 0x0c, 0xe2, 0x3e, 0x00, 0xbc, 0xe3, 0x3e, 0x01, 0x7c, 0xe5, 0x3e,
  0x01, 0x44, 0xe7, 0x3e, 0x00, 0x14, 0xe9, 0x3e, 0x01, 0xe8, 0xea, 0x3e,
  0xff, 0xbb, 0xec, 0x3e, 0xfe, 0x87, 0xee, 0x3e, 0x02, 0x50, 0xf0, 0x3e,
  0xff, 0x0f, 0xf2, 0x3e, 0x01, 0xcc, 0xf3, 0x3e, 0x00, 0x84, 0xf5, 0x3e,
  0x00, 0x48, 0xf7, 0x3e, 0x01, 0x0c, 0xf9, 0x3e, 0x02, 0xe4, 0xfa, 0x3e,
  0xff, 0xbf, 0xfc, 0x3e, 0xff, 0xaf, 0xfe, 0x3e, 0x01, 0x56, 0x00, 0x3f,
  0x00, 0x54, 0x01, 0x3f, 0xff, 0x53, 0x02, 0x3f, 0x00, 0x56, 0x03, 0x3f,
  0xff, 0x53, 0x04, 0x3f, 0xff, 0x4d, 0x05, 0x3f, 0x00, 0x46, 0x06, 0x3f,
  0x01, 0x3a, 0x07, 0x3f, 0x00, 0x30, 0x08, 0x3f, 0xff, 0x1f, 0x09, 0x3f,
  0x00, 0x18, 0x0a, 0x3f, 0x00, 0x14, 0x0b, 0x3f, 0x00, 0x14, 0x0c, 0x3f,
  0x01, 0x18, 0x0d, 0x3f, 0x00, 0x20, 0x0e, 0x3f, 0x00, 0x2a, 0x0f, 0x3f,
  0x00, 0x38, 0x10, 0x3f, 0x00, 0x3e, 0x11, 0x3f, 0x00, 0x42, 0x12, 0x3f,
  0x00, 0x40, 0x13, 0x3f, 0x00, 0x3c, 0x14, 0x3f, 0xff, 0x2b, 0x15, 0x3f,
  0x01, 0x1e, 0x16, 0x3f, 0x01, 0x0c, 0x17, 0x3f, 0x00, 0xf8, 0x17, 0x3f,
  0x00, 0xe6, 0x18, 0x3f, 0x00, 0xd4, 0x19, 0x3f, 0x00, 0xc4, 0x1a, 0x3f,
  0x00, 0xb2, 0x1b, 0x3f, 0x00, 0x9c, 0x1c, 0x3f, 0x00, 0x86, 0x1d, 0x3f,
  0xff, 0x69, 0x1e, 0x3f, 0xff, 0x41, 0x1f, 0x3f, 0x01, 0x12, 0x20, 0x3f,
  0xff, 0xdb, 0x20, 0x3f, 0x00, 0x98, 0x21, 0x3f, 0x00, 0x50, 0x22, 0x3f,
  0x00, 0xfc, 0x22, 0x3f, 0x00, 0xa6, 0x23, 0x3f, 0x01, 0x4a, 0x24, 0x3f,
  0x00, 0xf0, 0x24, 0x3f, 0x00, 0x8c, 0x25, 0x3f, 0x00, 0x24, 0x26, 0x3f,
  0x00, 0xb6, 0x26, 0x3f, 0x00, 0x3e, 0x27, 0x3f, 0x00, 0xbe, 0x27, 0x3f,
  0x00, 0x2c, 0x28, 0x3f, 0x01, 0x90, 0x28, 0x3f, 0x01, 0xe0, 0x28, 0x3f,
  0x00, 0x28, 0x29, 0x3f, 0x01, 0x5c, 0x29, 0x3f, 0xff, 0x87, 0x29, 0x3f,
  0x00, 0xa6, 0x29, 0x3f, 0x00, 0xbc, 0x29, 0x3f, 0x00, 0xc8, 0x29, 0x3f,
  0x01, 0xce, 0x29, 0x3f, 0x00, 0xc8, 0x29, 0x3f, 0x00, 0xba, 0x29, 0x3f,
  0x00, 0x9a, 0x29, 0x3f, 0x00, 0x6c, 0x29, 0x3f, 0x01, 0x2e, 0x29, 0x3f,
  0x01, 0xe0, 0x28, 0x3f, 0x00, 0x7e, 0x28, 0x3f, 0x00, 0x08, 0x28, 0x3f,
  0x00, 0x80, 0x27, 0x3f, 0xff, 0xe7, 0x26, 0x3f, 0x01, 0x40, 0x26, 0x3f,
  0x01, 0x8a, 0x25, 0x3f, 0x00, 0xca, 0x24, 0x3f, 0xff, 0xf9, 0x23, 0x3f,
  0xff, 0x21, 0x23, 0x3f, 0x00, 0x36, 0x22, 0x3f, 0x00, 0x3e, 0x21, 0x3f,
  0x01, 0x34, 0x20, 0x3f, 0x00, 0x14, 0x1f, 0x3f, 0x00, 0xe6, 0x1d, 0x3f,
  0x00, 0x9c, 0x1c, 0x3f, 0x01, 0x46, 0x1b, 0x3f, 0xff, 0xd7, 0x19, 0x3f,
  0x00, 0x58, 0x18, 0x3f, 0x00, 0xcc, 0x16, 0x3f, 0x00, 0x30, 0x15, 0x3f,
  0x00, 0x84, 0x13, 0x3f, 0x00, 0xd0, 0x11, 0x3f, 0x00, 0x0c, 0x10, 0x3f,
  0x00, 0x3c, 0x0e, 0x3f, 0x00, 0x5c, 0x0c, 0x3f, 0xff, 0x6b, 0x0a, 0x3f,
  0xff, 0x69, 0x08, 0x3f, 0x00, 0x52, 0x06, 0x3f, 0x00, 0x2c, 0x04, 0x3f,
  0x00, 0xf2, 0x01, 0x3f, 0xff, 0x4f, 0xff, 0x3e, 0x02, 0xa0, 0xfa, 0x3e,
  0xff, 0xcf, 0xf5, 0x3e, 0xff, 0xeb, 0xf0, 0x3e, 0xff, 0xef, 0xeb, 0x3e,
  0x01, 0xe8, 0xe6, 0x3e, 0x00, 0xc8, 0xe1, 0x3e, 0x02, 0x94, 0xdc, 0x3e,
  0x00, 0x48, 0xd7, 0x3e, 0xff, 0xe3, 0xd1, 0x3e, 0xff, 0x63, 0xcc, 0x3e,
  0xff, 0xc7, 0xc6, 0x3e, 0x01, 0x08, 0xc1, 0x3e, 0x01, 0x2c, 0xbb, 0x3e,
  0x01, 0x38, 0xb5, 0x3e, 0x01, 0x2c, 0xaf, 0x3e, 0x01, 0x0c, 0xa9, 0x3e,
  0x02, 0xe4, 0xa2, 0x3e, 0x01, 0xac, 0x9c, 0x3e, 0x00, 0x68, 0x96, 0x3e,
  0xff, 0x1b, 0x90, 0x3e, 0x00, 0xc8, 0x89, 0x3e, 0xfe, 0x6b, 0x83, 0x3e,
  0x02, 0xe8, 0x79, 0x3e, 0x02, 0xf0, 0x6c, 0x3e, 0x02, 0xc8, 0x5f, 0x3e,
  0x01, 0x78, 0x52, 0x3e, 0xfe, 0x07, 0x45, 0x3e, 0x01, 0x70, 0x37, 0x3e,
  0x00, 0xc8, 0x29, 0x3e, 0x01, 0x10, 0x1c, 0x3e, 0x03, 0x50, 0x0e, 0x3e,
  0xff, 0x8f, 0x00, 0x3e, 0x05, 0x90, 0xe5, 0x3d, 0x00, 0x20, 0xca, 0x3d,
  0x00, 0xa0, 0xae, 0x3d, 0x00, 0x20, 0x93, 0x3d, 0x01, 0x20, 0x6f, 0x3d,
  0x00, 0xc0, 0x37, 0x3d, 0x00, 0x00, 0x00, 0x3d, 0xff, 0x3f, 0x90, 0x3c,
  0x00, 0x00, 0x80, 0x3b, 0x00, 0x80, 0x21, 0xbc, 0xfe, 0xbf, 0xc1, 0xbc,
  0x00, 0x60, 0x19, 0xbd, 0xff, 0xdf, 0x51, 0xbd, 0x01, 0x00, 0x85, 0xbd,
  0x00, 0x00, 0xa1, 0xbd, 0x00, 0xd0, 0xbc, 0xbd, 0x01, 0x80, 0xd8, 0xbd,
  0xfa, 0x0f, 0xf4, 0xbd, 0x02, 0xc8, 0x07, 0xbe, 0xfe, 0x8f, 0x15, 0xbe,
  0x00, 0x60, 0x23, 0xbe, 0x03, 0x28, 0x31, 0xbe, 0xfd, 0xff, 0x3e, 0xbe,
  0x00, 0xd0, 0x4c, 0xbe, 0x02, 0xa0, 0x5a, 0xbe, 0xfe, 0x67, 0x68, 0xbe,
  0xfe, 0x17, 0x76, 0xbe, 0xff, 0xcf, 0x81, 0xbe, 0xff, 0x8b, 0x88, 0xbe,
  0xff, 0x37, 0x8f, 0xbe, 0x01, 0xd4, 0x95, 0xbe, 0x01, 0x68, 0x9c, 0xbe,
  0x00, 0xf0, 0xa2, 0xbe, 0x00, 0x6c, 0xa9, 0xbe, 0x00, 0xec, 0xaf, 0xbe,
  0x00, 0x68, 0xb6, 0xbe, 0x00, 0xe4, 0xbc, 0xbe, 0x01, 0x58, 0xc3, 0xbe,
  0xff, 0xcf, 0xc9, 0xbe, 0xfe, 0x37, 0xd0, 0xbe, 0x01, 0x90, 0xd6, 0xbe,
  0x01, 0xe0, 0xdc, 0xbe, 0x01, 0x14, 0xe3, 0xbe, 0x00, 0x3c, 0xe9, 0xbe,
  0x00, 0x4c, 0xef, 0xbe, 0x00, 0x54, 0xf5, 0xbe, 0x00, 0x48, 0xfb, 0xbe,
  0x01, 0x9a, 0x00, 0xbf, 0x00, 0x8e, 0x03, 0xbf, 0x00, 0x7e, 0x06, 0xbf,
  0x00, 0x6c, 0x09, 0xbf, 0x00, 0x58, 0x0c, 0xbf, 0x00, 0x40, 0x0f, 0xbf,
  0x00, 0x20, 0x12, 0xbf, 0x00, 0xfc, 0x14, 0xbf, 0x00, 0xca, 0x17, 0xbf,
  0x00, 0x92, 0x1a, 0xbf, 0x00, 0x4a, 0x1d, 0xbf, 0xff, 0xf9, 0x1f, 0xbf,
  0x00, 0x9c, 0x22, 0xbf, 0x01, 0x3a, 0x25, 0xbf, 0x00, 0xd0, 0x27, 0xbf,
  0xff, 0x5f, 0x2a, 0xbf, 0x01, 0xea, 0x2c, 0xbf, 0x01, 0x72, 0x2f, 0xbf,
  0x00, 0xf6, 0x31, 0xbf, 0x00, 0x74, 0x34, 0xbf, 0x00, 0xec, 0x36, 0xbf,
  0xff, 0x59, 0x39, 0xbf, 0x00, 0xbe, 0x3b, 0xbf, 0x00, 0x14, 0x3e, 0xbf,
  0xff, 0x5f, 0x40, 0xbf, 0x00, 0xa0, 0x42, 0xbf, 0x00, 0xd0, 0x44, 0xbf,
  0x00, 0xfc, 0x46, 0xbf, 0x01, 0x18, 0x49, 0xbf, 0x00, 0x30, 0x4b, 0xbf,
  0xff, 0x41, 0x4d, 0xbf, 0xff, 0x4d, 0x4f, 0xbf, 0x01, 0x50, 0x51, 0xbf,
  0x00, 0x4c, 0x53, 0xbf, 0x00, 0x40, 0x55, 0xbf, 0x00, 0x2a, 0x57, 0xbf,
  0x00, 0x04, 0x59, 0xbf, 0x01, 0xd4, 0x5a, 0xbf, 0x00, 0x92, 0x5c, 0xbf,
  0x00, 0x46, 0x5e, 0xbf, 0x00, 0xec, 0x5f, 0xbf, 0x00, 0x84, 0x61, 0xbf,
  0x00, 0x14, 0x63, 0xbf, 0x00, 0x9e, 0x64, 0xbf, 0x00, 0x1a, 0x66, 0xbf,
  0x01, 0x94, 0x67, 0xbf, 0x00, 0x04, 0x69, 0xbf, 0xff, 0x6b, 0x6a, 0xbf,
  0x00, 0xc6, 0x6b, 0xbf, 0x01, 0x18, 0x6d, 0xbf, 0x00, 0x5a, 0x6e, 0xbf,
  0x00, 0x90, 0x6f, 0xbf, 0x01, 0xb2, 0x70, 0xbf, 0x00, 0xc8, 0x71, 0xbf,
  0x00, 0xd0, 0x72, 0xbf, 0x00, 0xca, 0x73, 0xbf, 0x01, 0xbc, 0x74, 0xbf,
  0x00, 0xa4, 0x75, 0xbf, 0x00, 0x86, 0x76, 0xbf, 0x00, 0x60, 0x77, 0xbf,
  0xff, 0x31, 0x78, 0xbf, 0xff, 0xfd, 0x78, 0xbf, 0x00, 0xbe, 0x79, 0xbf,
  0x00, 0x74, 0x7a, 0xbf, 0xff, 0x1f, 0x7b, 0xbf, 0xff, 0xb5, 0x7b, 0xbf,
  0x00, 0x42, 0x7c, 0xbf, 0x01, 0xbe, 0x7c, 0xbf, 0x01, 0x2e, 0x7d, 0xbf,
  0x00, 0x90, 0x7d, 0xbf, 0x00, 0xea, 0x7d, 0xbf, 0xff, 0x3d, 0x7e, 0xbf,
  0x00, 0x88, 0x7e, 0xbf, 0x00, 0xd0, 0x7e, 0xbf, 0x00, 0x14, 0x7f, 0xbf,
  0x00, 0x52, 0x7f, 0xbf, 0x01, 0x8a, 0x7f, 0xbf, 0x01, 0xb8, 0x7f, 0xbf,
  0x01, 0xda, 0x7f, 0xbf, 0x00, 0xf2, 0x7f, 0xbf, 0x00, 0xfe, 0x7f, 0xbf,
  0x01, 0xfc, 0x7f, 0xbf, 0x01, 0xf0, 0x7f, 0xbf, 0x01, 0xda, 0x7f, 0xbf,
  0x00, 0xbe, 0x7f, 0xbf, 0x00, 0x9c, 0x7f, 0xbf, 0x00, 0x7a, 0x7f, 0xbf,
  0x00, 0x52, 0x7f, 0xbf, 0xff, 0x2b, 0x7f, 0xbf, 0x00, 0x04, 0x7f, 0xbf,
  0x00, 0xd6, 0x7e, 0xbf, 0xff, 0xa3, 0x7e, 0xbf, 0xff, 0x6b, 0x7e, 0xbf,
  0x00, 0x2c, 0x7e, 0xbf, 0xff, 0xe1, 0x7d, 0xbf, 0x00, 0x8e, 0x7d, 0xbf,
  0x00, 0x30, 0x7d, 0xbf, 0x00, 0xd0, 0x7c, 0xbf, 0xff, 0x69, 0x7c, 0xbf,
  0xff, 0x03, 0x7c, 0xbf, 0xff, 0x9d, 0x7b, 0xbf, 0x00, 0x3c, 0x7b, 0xbf,
  0x00, 0xd8, 0x7a, 0xbf, 0x00, 0x7c, 0x7a, 0xbf, 0xff, 0x1b, 0x7a, 0xbf,
  0x00, 0xbc, 0x79, 0xbf, 0x00, 0x58, 0x79, 0xbf, 0x00, 0xee, 0x78, 0xbf,
  0xff, 0x81, 0x78, 0xbf, 0x00, 0x0c, 0x78, 0xbf, 0x00, 0x90, 0x77, 0xbf,
  0x00, 0x12, 0x77, 0xbf, 0x00, 0x92, 0x76, 0xbf, 0x00, 0x14, 0x76, 0xbf,
  0x00, 0x9c, 0x75, 0xbf, 0xff, 0x21, 0x75, 0xbf, 0x00, 0xb4, 0x74, 0xbf,
  0x00, 0x46, 0x74, 0xbf, 0x00, 0xe0, 0x73, 0xbf, 0x00, 0x78, 0x73, 0xbf,
  0x00, 0x12, 0x73, 0xbf, 0x00, 0xa8, 0x72, 0xbf, 0x00, 0x38, 0x72, 0xbf,
  0x00, 0xc6, 0x71, 0xbf, 0x01, 0x50, 0x71, 0xbf, 0x00, 0xd8, 0x70, 0xbf,
  0x00, 0x5e, 0x70, 0xbf, 0x00, 0xe8, 0x6f, 0xbf, 0x00, 0x7a, 0x6f, 0xbf,
  0x00, 0x10, 0x6f, 0xbf, 0xff, 0xaf, 0x6e, 0xbf, 0x01, 0x56, 0x6e, 0xbf,
  0x00, 0x00, 0x6e, 0xbf, 0x00, 0xb0, 0x6d, 0xbf, 0x00, 0x5e, 0x6d, 0xbf,
  0x01, 0x0c, 0x6d, 0xbf, 0x00, 0xb4, 0x6c, 0xbf, 0x00, 0x58, 0x6c, 0xbf,
  0x00, 0xf8, 0x6b, 0xbf, 0x00, 0x98, 0x6b, 0xbf, 0xff, 0x37, 0x6b, 0xbf,
  0x00, 0xda, 0x6a, 0xbf, 0x00, 0x80, 0x6a, 0xbf, 0x00, 0x30, 0x6a, 0xbf,
  0x00, 0xe6, 0x69, 0xbf, 0x00, 0xa6, 0x69, 0xbf, 0x01, 0x68, 0x69, 0xbf,
  0x00, 0x30, 0x69, 0xbf, 0xff, 0xf3, 0x68, 0xbf, 0x00, 0xb6, 0x68, 0xbf,
  0xff, 0x75, 0x68, 0xbf, 0x00, 0x2e, 0x68, 0xbf, 0xff, 0xe1, 0x67, 0xbf,
  0x00, 0x8e, 0x67, 0xbf, 0x00, 0x3c, 0x67, 0xbf, 0x01, 0xea, 0x66, 0xbf,
  0x00, 0x9c, 0x66, 0xbf, 0xff, 0x53, 0x66, 0xbf, 0x00, 0x14, 0x66, 0xbf,
  0xff, 0xd7, 0x65, 0xbf, 0x00, 0xa2, 0x65, 0xbf, 0x00, 0x6c, 0x65, 0xbf,
  0x00, 0x34, 0x65, 0xbf, 0x01, 0xf6, 0x64, 0xbf, 0xff, 0xaf, 0x64, 0xbf,
  0xff, 0x5f, 0x64, 0xbf, 0x01, 0x06, 0x64, 0xbf, 0x00, 0xa2, 0x63, 0xbf,
  0xff, 0x37, 0x63, 0xbf, 0x00, 0xd0, 0x62, 0xbf, 0x00, 0x64, 0x62, 0xbf,
  0x00, 0xfe, 0x61, 0xbf, 0x00, 0x9a, 0x61, 0xbf, 0x00, 0x3e, 0x61, 0xbf,
  0x01, 0xde, 0x60, 0xbf, 0x00, 0x7e, 0x60, 0xbf, 0x00, 0x18, 0x60, 0xbf,
  0x00, 0xa8, 0x5f, 0xbf, 0x00, 0x28, 0x5f, 0xbf, 0x01, 0x9a, 0x5e, 0xbf,
  0x01, 0xfc, 0x5d, 0xbf, 0xff, 0x4d, 0x5d, 0xbf, 0xff, 0x97, 0x5c, 0xbf,
  0xff, 0xd5, 0x5b, 0xbf, 0x00, 0x0e, 0x5b, 0xbf, 0xff, 0x47, 0x5a, 0xbf,
  0x00, 0x80, 0x59, 0xbf, 0x00, 0xb6, 0x58, 0xbf, 0x00, 0xea, 0x57, 0xbf,
  0x00, 0x14, 0x57, 0xbf, 0x00, 0x36, 0x56, 0xbf, 0x01, 0x46, 0x55, 0xbf,
  0x00, 0x42, 0x54, 0xbf, 0x00, 0x2a, 0x53, 0xbf, 0x00, 0xf6, 0x51, 0xbf,
  0x01, 0xb2, 0x50, 0xbf, 0x00, 0x56, 0x4f, 0xbf, 0x01, 0xf0, 0x4d, 0xbf,
  0x00, 0x7c, 0x4c, 0xbf, 0x00, 0x06, 0x4b, 0xbf, 0xff, 0x87, 0x49, 0xbf,
  0x01, 0x06, 0x48, 0xbf, 0x00, 0x80, 0x46, 0xbf, 0x00, 0xec, 0x44, 0xbf,
  0x00, 0x4a, 0x43, 0xbf, 0x01, 0x94, 0x41, 0xbf, 0x01, 0xc2, 0x3f, 0xbf,
  0xff, 0xd5, 0x3d, 0xbf, 0xff, 0xcb, 0x3b, 0xbf, 0x00, 0xa4, 0x39, 0xbf,
  0x01, 0x68, 0x37, 0xbf, 0x01, 0x18, 0x35, 0xbf, 0x01, 0xbc, 0x32, 0xbf,
  0x01, 0x56, 0x30, 0xbf, 0xff, 0xed, 0x2d, 0xbf, 0x00, 0x84, 0x2b, 0xbf,
  0xff, 0x15, 0x29, 0xbf, 0x01, 0x9a, 0x26, 0xbf, 0x00, 0x0e, 0x24, 0xbf,
  0x00, 0x6e, 0x21, 0xbf, 0x00, 0xae, 0x1e, 0xbf, 0x01, 0xce, 0x1b, 0xbf,
  0x00, 0xce, 0x18, 0xbf, 0x01, 0xac, 0x15, 0xbf, 0x00, 0x70, 0x12, 0xbf,
  0x01, 0x24, 0x0f, 0xbf, 0xff, 0xcb, 0x0b, 0xbf, 0x00, 0x74, 0x08, 0xbf,
  0x00, 0x1c, 0x05, 0xbf, 0x00, 0xd0, 0x01, 0xbf, 0x01, 0x0c, 0xfd, 0xbe,
  0xff, 0x6f, 0xf6, 0xbe, 0x02, 0xc8, 0xef, 0xbe, 0x00, 0xfc, 0xe8, 0xbe,
  0x00, 0xf8, 0xe1, 0xbe, 0xff, 0xaf, 0xda, 0xbe, 0xff, 0x1f, 0xd3, 0xbe,
  0x00, 0x48, 0xcb, 0xbe, 0x01, 0x40, 0xc3, 0xbe, 0x01, 0x14, 0xbb, 0xbe,
  0x01, 0xe8, 0xb2, 0xbe, 0xfe, 0xcb, 0xaa, 0xbe, 0x02, 0xe4, 0xa2, 0xbe,
  0x01, 0x2c, 0x9b, 0xbe, 0xfe, 0xaf, 0x93, 0xbe, 0xff, 0x63, 0x8c, 0xbe,
  0x00, 0x28, 0x85, 0xbe, 0x02, 0xb0, 0x7b, 0xbe, 0x00, 0xd0, 0x6c, 0xbe,
  0xfe, 0x37, 0x5d, 0xbe, 0x03, 0xe8, 0x4c, 0xbe, 0x03, 0xd8, 0x3b, 0xbe,
  0xfd, 0x07, 0x2a, 0xbe, 0x00, 0xd0, 0x17, 0xbe, 0xfd, 0x97, 0x05, 0xbe,
  0xfa, 0x9f, 0xe7, 0xbd, 0xff, 0xcf, 0xc5, 0xbd, 0x00, 0xe0, 0xa6, 0xbd,
  0x00, 0x60, 0x8b, 0xbd, 0x01, 0x60, 0x67, 0xbd, 0xff, 0x5f, 0x3f, 0xbd,
  0x01, 0xa0, 0x1d, 0xbd, 0xff, 0xdf, 0x00, 0xbd, 0x00, 0x80, 0xcd, 0xbc,
  0x02, 0x40, 0x99, 0xbc, 0x03, 0x80, 0x40, 0xbc, 0x00, 0x00, 0x76, 0xbb
};
unsigned int src_PLUCK_bin_len = 21600;
