unsigned char src_RESO_SQR_bin[] = {
  0x00, 0xd8, 0xad, 0xbb, 0x80, 0xd3, 0xda, 0x3c, 0x60, 0x89, 0x71, 0x3d,
  0x6f, 0x1c, 0xbb, 0x3d, 0xda, 0x8b, 0xfd, 0x3d, 0xc9, 0xf3, 0x1f, 0x3e,
  0xdd, 0x03, 0x41, 0x3e, 0x99, 0xe4, 0x61, 0x3e, 0xfd, 0x42, 0x81, 0x3e,
  0xe4, 0x6c, 0x91, 0x3e, 0xab, 0x69, 0xa1, 0x3e, 0xbb, 0x33, 0xb1, 0x3e,
  0x10, 0xc6, 0xc0, 0x3e, 0x67, 0x1c, 0xd0, 0x3e, 0xe9, 0x32, 0xdf, 0x3e,
  0x50, 0x06, 0xee, 0x3e, 0x5a, 0x7e, 0xfc, 0x3e, 0x5c, 0x43, 0x05, 0x3f,
  0x42, 0x0f, 0x0c, 0x3f, 0xec, 0x9f, 0x12, 0x3f, 0x4a, 0xf3, 0x18, 0x3f,
  0x2f, 0x08, 0x1f, 0x3f, 0x2c, 0xde, 0x24, 0x3f, 0x82, 0x75, 0x2a, 0x3f,
  0xf7, 0xce, 0x2f, 0x3f, 0xb8, 0xeb, 0x34, 0x3f, 0x4f, 0xcd, 0x39, 0x3f,
  0x72, 0x75, 0x3e, 0x3f, 0x12, 0xe6, 0x42, 0x3f, 0x2d, 0x21, 0x47, 0x3f,
  0xdc, 0x28, 0x4b, 0x3f, 0x31, 0xff, 0x4e, 0x3f, 0x45, 0xa6, 0x52, 0x3f,
  0x29, 0x20, 0x56, 0x3f, 0xe1, 0x6e, 0x59, 0x3f, 0x5e, 0x94, 0x5c, 0x3f,
  0x67, 0x92, 0x5f, 0x3f, 0x86, 0x6a, 0x62, 0x3f, 0xf4, 0x1d, 0x65, 0x3f,
  0xb8, 0xad, 0x67, 0x3f, 0xab, 0x1a, 0x6a, 0x3f, 0x81, 0x65, 0x6c, 0x3f,
  0xcc, 0x8e, 0x6e, 0x3f, 0x0c, 0x97, 0x70, 0x3f, 0xa3, 0x7e, 0x72, 0x3f,
  0xd7, 0x45, 0x74, 0x3f, 0xe0, 0xec, 0x75, 0x3f, 0xdd, 0x73, 0x77, 0x3f,
  0xcc, 0xda, 0x78, 0x3f, 0x96, 0x21, 0x7a, 0x3f, 0x00, 0x48, 0x7b, 0x3f,
  0xc2, 0x4d, 0x7c, 0x3f, 0x60, 0x32, 0x7d, 0x3f, 0x12, 0xf5, 0x7d, 0x3f,
  0xcc, 0x9d, 0x7e, 0x3f, 0x43, 0x2d, 0x7f, 0x3f, 0xe0, 0x99, 0x7f, 0x3f,
  0x34, 0xe0, 0x7f, 0x3f, 0x55, 0xfd, 0x7f, 0x3f, 0xe2, 0xee, 0x7f, 0x3f,
  0xdc, 0xb2, 0x7f, 0x3f, 0xb5, 0x47, 0x7f, 0x3f, 0x3c, 0xac, 0x7e, 0x3f,
  0xa3, 0xdf, 0x7d, 0x3f, 0x63, 0xe1, 0x7c, 0x3f, 0x42, 0xb1, 0x7b, 0x3f,
  0x50, 0x4f, 0x7a, 0x3f, 0xd5, 0xbb, 0x78, 0x3f, 0x5e, 0xf7, 0x76, 0x3f,
  0x9e, 0x02, 0x75, 0x3f, 0x82, 0xde, 0x72, 0x3f, 0x23, 0x8c, 0x70, 0x3f,
  0xb8, 0x0c, 0x6e, 0x3f, 0xa2, 0x61, 0x6b, 0x3f, 0x69, 0x8c, 0x68, 0x3f,
  0xa8, 0x8e, 0x65, 0x3f, 0x15, 0x6a, 0x62, 0x3f, 0x84, 0x20, 0x5f, 0x3f,
  0xd7, 0xb3, 0x5b, 0x3f, 0xff, 0x25, 0x58, 0x3f, 0x0a, 0x79, 0x54, 0x3f,
  0xff, 0xae, 0x50, 0x3f, 0x00, 0xca, 0x4c, 0x3f, 0x36, 0xcc, 0x48, 0x3f,
  0xd1, 0xb7, 0x44, 0x3f, 0xf9, 0x8e, 0x40, 0x3f, 0xf0, 0x53, 0x3c, 0x3f,
  0xe8, 0x08, 0x38, 0x3f, 0x20, 0xb0, 0x33, 0x3f, 0xcc, 0x4b, 0x2f, 0x3f,
  0x2b, 0xde, 0x2a, 0x3f, 0x67, 0x69, 0x26, 0x3f, 0xb4, 0xef, 0x21, 0x3f,
  0x40, 0x73, 0x1d, 0x3f, 0x27, 0xf6, 0x18, 0x3f, 0x87, 0x7a, 0x14, 0x3f,
  0x6e, 0x02, 0x10, 0x3f, 0xea, 0x8f, 0x0b, 0x3f, 0xf6, 0x24, 0x07, 0x3f,
  0x83, 0xc3, 0x02, 0x3f, 0xeb, 0xda, 0xfc, 0x3e, 0x4f, 0x49, 0xf4, 0x3e,
  0xcb, 0xd5, 0xeb, 0x3e, 0xcf, 0x83, 0xe3, 0x3e, 0xb8, 0x56, 0xdb, 0x3e,
  0xbd, 0x51, 0xd3, 0x3e, 0xf9, 0x77, 0xcb, 0x3e, 0x5f, 0xcc, 0xc3, 0x3e,
  0xcd, 0x51, 0xbc, 0x3e, 0xf1, 0x0a, 0xb5, 0x3e, 0x55, 0xfa, 0xad, 0x3e,
  0x66, 0x22, 0xa7, 0x3e, 0x64, 0x85, 0xa0, 0x3e, 0x6d, 0x25, 0x9a, 0x3e,
  0x78, 0x04, 0x94, 0x3e, 0x54, 0x24, 0x8e, 0x3e, 0xb1, 0x86, 0x88, 0x3e,
  0x00, 0x2d, 0x83, 0x3e, 0x67, 0x31, 0x7c, 0x3e, 0xe3, 0x95, 0x72, 0x3e,
  0x7a, 0x89, 0x69, 0x3e, 0x16, 0x0e, 0x61, 0x3e, 0x2f, 0x25, 0x59, 0x3e,
  0xd6, 0xcf, 0x51, 0x3e, 0x06, 0x0f, 0x4b, 0x3e, 0x4b, 0xe3, 0x44, 0x3e,
  0xe7, 0x4c, 0x3f, 0x3e, 0xe2, 0x4b, 0x3a, 0x3e, 0xde, 0xdf, 0x35, 0x3e,
  0x62, 0x08, 0x32, 0x3e, 0x82, 0xc4, 0x2e, 0x3e, 0x20, 0x13, 0x2c, 0x3e,
  0xc8, 0xf2, 0x29, 0x3e, 0xf0, 0x61, 0x28, 0x3e, 0xad, 0x5e, 0x27, 0x3e,
  0xc6, 0xe6, 0x26, 0x3e, 0xf8, 0xf7, 0x26, 0x3e, 0x91, 0x8f, 0x27, 0x3e,
  0xc3, 0xaa, 0x28, 0x3e, 0x83, 0x46, 0x2a, 0x3e, 0x91, 0x5f, 0x2c, 0x3e,
  0x92, 0xf2, 0x2e, 0x3e, 0xc6, 0xfb, 0x31, 0x3e, 0x89, 0x77, 0x35, 0x3e,
  0xca, 0x61, 0x39, 0x3e, 0x80, 0xb6, 0x3d, 0x3e, 0x5f, 0x71, 0x42, 0x3e,
  0xfe, 0x8d, 0x47, 0x3e, 0xf7, 0x07, 0x4d, 0x3e, 0x98, 0xda, 0x52, 0x3e,
  0x2a, 0x01, 0x59, 0x3e, 0xd2, 0x76, 0x5f, 0x3e, 0xaa, 0x36, 0x66, 0x3e,
  0xdf, 0x3b, 0x6d, 0x3e, 0x40, 0x81, 0x74, 0x3e, 0xc5, 0x01, 0x7c, 0x3e,
  0x2f, 0xdc, 0x81, 0x3e, 0xeb, 0xcf, 0x85, 0x3e, 0x89, 0xd9, 0x89, 0x3e,
  0x6d, 0xf6, 0x8d, 0x3e, 0x00, 0x24, 0x92, 0x3e, 0xb0, 0x5f, 0x96, 0x3e,
  0xf1, 0xa6, 0x9a, 0x3e, 0x2b, 0xf7, 0x9e, 0x3e, 0xdc, 0x4d, 0xa3, 0x3e,
  0x89, 0xa8, 0xa7, 0x3e, 0xa7, 0x04, 0xac, 0x3e, 0xcd, 0x5f, 0xb0, 0x3e,
  0x8e, 0xb7, 0xb4, 0x3e, 0x94, 0x09, 0xb9, 0x3e, 0x87, 0x53, 0xbd, 0x3e,
  0x23, 0x93, 0xc1, 0x3e, 0x31, 0xc6, 0xc5, 0x3e, 0x8d, 0xea, 0xc9, 0x3e,
  0x0a, 0xfe, 0xcd, 0x3e, 0xb5, 0xfe, 0xd1, 0x3e, 0x89, 0xea, 0xd5, 0x3e,
  0xa0, 0xbf, 0xd9, 0x3e, 0x29, 0x7c, 0xdd, 0x3e, 0x61, 0x1e, 0xe1, 0x3e,
  0x93, 0xa4, 0xe4, 0x3e, 0x2c, 0x0d, 0xe8, 0x3e, 0xa8, 0x56, 0xeb, 0x3e,
  0x91, 0x7f, 0xee, 0x3e, 0x87, 0x86, 0xf1, 0x3e, 0x53, 0x6a, 0xf4, 0x3e,
  0xbd, 0x29, 0xf7, 0x3e, 0xa9, 0xc3, 0xf9, 0x3e, 0x1e, 0x37, 0xfc, 0x3e,
  0x2c, 0x83, 0xfe, 0x3e, 0x80, 0x53, 0x00, 0x3f, 0xec, 0x50, 0x01, 0x3f,
  0x89, 0x39, 0x02, 0x3f, 0x0c, 0x0d, 0x03, 0x3f, 0x40, 0xcb, 0x03, 0x3f,
  0xed, 0x73, 0x04, 0x3f, 0xf0, 0x06, 0x05, 0x3f, 0x30, 0x84, 0x05, 0x3f,
  0x9e, 0xeb, 0x05, 0x3f, 0x34, 0x3d, 0x06, 0x3f, 0xf7, 0x78, 0x06, 0x3f,
  0xff, 0x9e, 0x06, 0x3f, 0x62, 0xaf, 0x06, 0x3f, 0x4d, 0xaa, 0x06, 0x3f,
  0xeb, 0x8f, 0x06, 0x3f, 0x76, 0x60, 0x06, 0x3f, 0x37, 0x1c, 0x06, 0x3f,
  0x75, 0xc3, 0x05, 0x3f, 0x8d, 0x56, 0x05, 0x3f, 0xd8, 0xd5, 0x04, 0x3f,
  0xc2, 0x41, 0x04, 0x3f, 0xb8, 0x9a, 0x03, 0x3f, 0x34, 0xe1, 0x02, 0x3f,
  0xb1, 0x15, 0x02, 0x3f, 0xba, 0x38, 0x01, 0x3f, 0xd8, 0x4a, 0x00, 0x3f,
  0x42, 0x99, 0xfe, 0x3e, 0x55, 0x7d, 0xfc, 0x3e, 0x2b, 0x43, 0xfa, 0x3e,
  0x10, 0xec, 0xf7, 0x3e, 0x4a, 0x79, 0xf5, 0x3e, 0x44, 0xec, 0xf2, 0x3e,
  0x55, 0x46, 0xf0, 0x3e, 0xe7, 0x88, 0xed, 0x3e, 0x70, 0xb5, 0xea, 0x3e,
  0x68, 0xcd, 0xe7, 0x3e, 0x41, 0xd2, 0xe4, 0x3e, 0x82, 0xc5, 0xe1, 0x3e,
  0xac, 0xa8, 0xde, 0x3e, 0x48, 0x7d, 0xdb, 0x3e, 0xd3, 0x44, 0xd8, 0x3e,
  0xe3, 0x00, 0xd5, 0x3e, 0xf3, 0xb2, 0xd1, 0x3e, 0x99, 0x5c, 0xce, 0x3e,
  0x4c, 0xff, 0xca, 0x3e, 0x95, 0x9c, 0xc7, 0x3e, 0xf6, 0x35, 0xc4, 0x3e,
  0xfc, 0xcc, 0xc0, 0x3e, 0x09, 0x63, 0xbd, 0x3e, 0xa0, 0xf9, 0xb9, 0x3e,
  0xc6, 0x91, 0xb6, 0x3e, 0x07, 0x18, 0xb3, 0x3e, 0xee, 0x04, 0xaf, 0x3e,
  0x63, 0x90, 0xa9, 0x3e, 0x13, 0x7d, 0xa2, 0x3e, 0x2c, 0xf7, 0x99, 0x3e,
  0xa3, 0x27, 0x90, 0x3e, 0x4f, 0x34, 0x85, 0x3e, 0x35, 0x80, 0x72, 0x3e,
  0x62, 0xd6, 0x58, 0x3e, 0x46, 0xa6, 0x3d, 0x3e, 0x7e, 0x26, 0x21, 0x3e,
  0x1b, 0x89, 0x03, 0x3e, 0xe1, 0xf7, 0xc9, 0x3d, 0x50, 0x52, 0x8b, 0x3d,
  0x1f, 0xdd, 0x16, 0x3d, 0x00, 0x31, 0xa9, 0x3b, 0x80, 0xff, 0xdb, 0xbc,
  0xa0, 0x1f, 0x72, 0xbd, 0xb0, 0x67, 0xbb, 0xbd, 0x16, 0xd7, 0xfd, 0xbd,
  0x31, 0x19, 0x20, 0xbe, 0x10, 0x29, 0x41, 0xbe, 0x75, 0x09, 0x62, 0xbe,
  0x3c, 0x55, 0x81, 0xbe, 0xf1, 0x7e, 0x91, 0xbe, 0x85, 0x7b, 0xa1, 0xbe,
  0x48, 0x45, 0xb1, 0xbe, 0x61, 0xd7, 0xc0, 0xbe, 0x67, 0x2d, 0xd0, 0xbe,
  0x9c, 0x43, 0xdf, 0xbe, 0xb5, 0x16, 0xee, 0xbe, 0x66, 0x8e, 0xfc, 0xbe,
  0x2b, 0x4b, 0x05, 0xbf, 0xd4, 0x16, 0x0c, 0xbf, 0x3c, 0xa7, 0x12, 0xbf,
  0x57, 0xfa, 0x18, 0xbf, 0xf9, 0x0e, 0x1f, 0xbf, 0xb2, 0xe4, 0x24, 0xbf,
  0xc2, 0x7b, 0x2a, 0xbf, 0xf5, 0xd4, 0x2f, 0xbf, 0x6f, 0xf1, 0x34, 0xbf,
  0xc4, 0xd2, 0x39, 0xbf, 0xa8, 0x7a, 0x3e, 0xbf, 0x08, 0xeb, 0x42, 0xbf,
  0xea, 0x25, 0x47, 0xbf, 0x60, 0x2d, 0x4b, 0xbf, 0x7c, 0x03, 0x4f, 0xbf,
  0x5e, 0xaa, 0x52, 0xbf, 0x0b, 0x24, 0x56, 0xbf, 0x93, 0x72, 0x59, 0xbf,
  0xe0, 0x97, 0x5c, 0xbf, 0xc1, 0x95, 0x5f, 0xbf, 0xb2, 0x6d, 0x62, 0xbf,
  0xf8, 0x20, 0x65, 0xbf, 0x92, 0xb0, 0x67, 0xbf, 0x5c, 0x1d, 0x6a, 0xbf,
  0x08, 0x68, 0x6c, 0xbf, 0x32, 0x91, 0x6e, 0xbf, 0x4c, 0x99, 0x70, 0xbf,
  0xbb, 0x80, 0x72, 0xbf, 0xcf, 0x47, 0x74, 0xbf, 0xb3, 0xee, 0x75, 0xbf,
  0x87, 0x75, 0x77, 0xbf, 0x52, 0xdc, 0x78, 0xbf, 0xf7, 0x22, 0x7a, 0xbf,
  0x3c, 0x49, 0x7b, 0xbf, 0xd5, 0x4e, 0x7c, 0xbf, 0x4b, 0x33, 0x7d, 0xbf,
  0xd2, 0xf5, 0x7d, 0xbf, 0x60, 0x9e, 0x7e, 0xbf, 0xa6, 0x2d, 0x7f, 0xbf,
  0x0a, 0x9a, 0x7f, 0xbf, 0x25, 0xe0, 0x7f, 0xbf, 0x0b, 0xfd, 0x7f, 0xbf,
  0x58, 0xee, 0x7f, 0xbf, 0x14, 0xb2, 0x7f, 0xbf, 0xac, 0x46, 0x7f, 0xbf,
  0xf7, 0xaa, 0x7e, 0xbf, 0x1d, 0xde, 0x7d, 0xbf, 0x9c, 0xdf, 0x7c, 0xbf,
  0x3a, 0xaf, 0x7b, 0xbf, 0x08, 0x4d, 0x7a, 0xbf, 0x53, 0xb9, 0x78, 0xbf,
  0x9b, 0xf4, 0x76, 0xbf, 0xa1, 0xff, 0x74, 0xbf, 0x4e, 0xdb, 0x72, 0xbf,
  0xb4, 0x88, 0x70, 0xbf, 0x14, 0x09, 0x6e, 0xbf, 0xce, 0x5d, 0x6b, 0xbf,
  0x65, 0x88, 0x68, 0xbf, 0x74, 0x8a, 0x65, 0xbf, 0xb6, 0x65, 0x62, 0xbf,
  0xf8, 0x1b, 0x5f, 0xbf, 0x1f, 0xaf, 0x5b, 0xbf, 0x26, 0x21, 0x58, 0xbf,
  0x0a, 0x74, 0x54, 0xbf, 0xe0, 0xa9, 0x50, 0xbf, 0xc7, 0xc4, 0x4c, 0xbf,
  0xe2, 0xc6, 0x48, 0xbf, 0x62, 0xb2, 0x44, 0xbf, 0x7a, 0x89, 0x40, 0xbf,
  0x59, 0x4e, 0x3c, 0xbf, 0x45, 0x03, 0x38, 0xbf, 0x70, 0xaa, 0x33, 0xbf,
  0x15, 0x46, 0x2f, 0xbf, 0x68, 0xd8, 0x2a, 0xbf, 0xa2, 0x63, 0x26, 0xbf,
  0xed, 0xe9, 0x21, 0xbf, 0x78, 0x6d, 0x1d, 0xbf, 0x65, 0xf0, 0x18, 0xbf,
  0xc7, 0x74, 0x14, 0xbf, 0xbc, 0xfc, 0x0f, 0xbf, 0x42, 0x8a, 0x0b, 0xbf,
  0x5d, 0x1f, 0x07, 0xbf, 0xf8, 0xbd, 0x02, 0xbf, 0x00, 0xd0, 0xfc, 0xbe,
  0x8c, 0x3e, 0xf4, 0xbe, 0x34, 0xcb, 0xeb, 0xbe, 0x67, 0x79, 0xe3, 0xbe,
  0x83, 0x4c, 0xdb, 0xbe, 0xc1, 0x47, 0xd3, 0xbe, 0x3c, 0x6e, 0xcb, 0xbe,
  0xe5, 0xc2, 0xc3, 0xbe, 0x90, 0x48, 0xbc, 0xbe, 0xf6, 0x01, 0xb5, 0xbe,
  0xa7, 0xf1, 0xad, 0xbe, 0xff, 0x19, 0xa7, 0xbe, 0x4b, 0x7d, 0xa0, 0xbe,
  0xa4, 0x1d, 0x9a, 0xbe, 0x03, 0xfd, 0x93, 0xbe, 0x36, 0x1d, 0x8e, 0xbe,
  0xe3, 0x7f, 0x88, 0xbe, 0x94, 0x26, 0x83, 0xbe, 0x3d, 0x25, 0x7c, 0xbe,
  0x68, 0x8a, 0x72, 0xbe, 0xc2, 0x7e, 0x69, 0xbe, 0x20, 0x04, 0x61, 0xbe,
  0xe7, 0x1b, 0x59, 0xbe, 0x51, 0xc7, 0x51, 0xbe, 0x36, 0x07, 0x4b, 0xbe,
  0x37, 0xdc, 0x44, 0xbe, 0x96, 0x46, 0x3f, 0xbe, 0x3f, 0x46, 0x3a, 0xbe,
  0xfe, 0xda, 0x35, 0xbe, 0x3d, 0x04, 0x32, 0xbe, 0x06, 0xc1, 0x2e, 0xbe,
  0x5f, 0x10, 0x2c, 0xbe, 0xca, 0xf0, 0x29, 0xbe, 0xa0, 0x60, 0x28, 0xbe,
  0xff, 0x5d, 0x27, 0xbe, 0xd3, 0xe6, 0x26, 0xbe, 0x99, 0xf8, 0x26, 0xbe,
  0xe1, 0x90, 0x27, 0xbe, 0xa6, 0xac, 0x28, 0xbe, 0x00, 0x49, 0x2a, 0xbe,
  0xaf, 0x62, 0x2c, 0xbe, 0x30, 0xf6, 0x2e, 0xbe, 0x05, 0x00, 0x32, 0xbe,
  0x41, 0x7c, 0x35, 0xbe, 0x0f, 0x67, 0x39, 0xbe, 0x37, 0xbc, 0x3d, 0xbe,
  0x8f, 0x77, 0x42, 0xbe, 0xae, 0x94, 0x47, 0xbe, 0x0b, 0x0f, 0x4d, 0xbe,
  0x0a, 0xe2, 0x52, 0xbe, 0xf3, 0x08, 0x59, 0xbe, 0x00, 0x7f, 0x5f, 0xbe,
  0x36, 0x3f, 0x66, 0xbe, 0xa7, 0x44, 0x6d, 0xbe, 0x5f, 0x8a, 0x74, 0xbe,
  0x21, 0x0b, 0x7c, 0xbe, 0xfb, 0xe0, 0x81, 0xbe, 0xcb, 0xd4, 0x85, 0xbe,
  0x85, 0xde, 0x89, 0xbe, 0x75, 0xfb, 0x8d, 0xbe, 0x1c, 0x29, 0x92, 0xbe,
  0xd7, 0x64, 0x96, 0xbe, 0x21, 0xac, 0x9a, 0xbe, 0x63, 0xfc, 0x9e, 0xbe,
  0x17, 0x53, 0xa3, 0xbe, 0xbd, 0xad, 0xa7, 0xbe, 0xdb, 0x09, 0xac, 0xbe,
  0xfa, 0x64, 0xb0, 0xbe, 0xb4, 0xbc, 0xb4, 0xbe, 0xb1, 0x0e, 0xb9, 0xbe,
  0x90, 0x58, 0xbd, 0xbe, 0x1b, 0x98, 0xc1, 0xbe, 0x18, 0xcb, 0xc5, 0xbe,
  0x56, 0xef, 0xc9, 0xbe, 0xc6, 0x02, 0xce, 0xbe, 0x4f, 0x03, 0xd2, 0xbe,
  0x08, 0xef, 0xd5, 0xbe, 0x00, 0xc4, 0xd9, 0xbe, 0x5e, 0x80, 0xdd, 0xbe,
  0x75, 0x22, 0xe1, 0xbe, 0x85, 0xa8, 0xe4, 0xbe, 0xf3, 0x10, 0xe8, 0xbe,
  0x49, 0x5a, 0xeb, 0xbe, 0x00, 0x83, 0xee, 0xbe, 0xd2, 0x89, 0xf1, 0xbe,
  0x6b, 0x6d, 0xf4, 0xbe, 0xa5, 0x2c, 0xf7, 0xbe, 0x63, 0xc6, 0xf9, 0xbe,
  0xa5, 0x39, 0xfc, 0xbe, 0x81, 0x85, 0xfe, 0xbe, 0x8e, 0x54, 0x00, 0xbf,
  0xe1, 0x51, 0x01, 0xbf, 0x63, 0x3a, 0x02, 0xbf, 0xce, 0x0d, 0x03, 0xbf,
  0xe4, 0xcb, 0x03, 0xbf, 0x77, 0x74, 0x04, 0xbf, 0x5f, 0x07, 0x05, 0xbf,
  0x84, 0x84, 0x05, 0xbf, 0xd6, 0xeb, 0x05, 0xbf, 0x51, 0x3d, 0x06, 0xbf,
  0xfc, 0x78, 0x06, 0xbf, 0xe8, 0x9e, 0x06, 0xbf, 0x33, 0xaf, 0x06, 0xbf,
  0x00, 0xaa, 0x06, 0xbf, 0x83, 0x8f, 0x06, 0xbf, 0xf4, 0x5f, 0x06, 0xbf,
  0x9c, 0x1b, 0x06, 0xbf, 0xc2, 0xc2, 0x05, 0xbf, 0xc2, 0x55, 0x05, 0xbf,
  0xf6, 0xd4, 0x04, 0xbf, 0xc8, 0x40, 0x04, 0xbf, 0xa9, 0x99, 0x03, 0xbf,
  0x0c, 0xe0, 0x02, 0xbf, 0x74, 0x14, 0x02, 0xbf, 0x68, 0x37, 0x01, 0xbf,
  0x71, 0x49, 0x00, 0xbf, 0x4b, 0x96, 0xfe, 0xbe, 0x3d, 0x7a, 0xfc, 0xbe,
  0xf2, 0x3f, 0xfa, 0xbe, 0xb5, 0xe8, 0xf7, 0xbe, 0xd1, 0x75, 0xf5, 0xbe,
  0xa5, 0xe8, 0xf2, 0xbe, 0x99, 0x42, 0xf0, 0xbe, 0x13, 0x85, 0xed, 0xbe,
  0x8b, 0xb1, 0xea, 0xbe, 0x69, 0xc9, 0xe7, 0xbe, 0x30, 0xce, 0xe4, 0xbe,
  0x61, 0xc1, 0xe1, 0xbe, 0x76, 0xa4, 0xde, 0xbe, 0x09, 0x79, 0xdb, 0xbe,
  0x83, 0x40, 0xd8, 0xbe, 0x89, 0xfc, 0xd4, 0xbe, 0x96, 0xae, 0xd1, 0xbe,
  0x2a, 0x58, 0xce, 0xbe, 0xd7, 0xfa, 0xca, 0xbe, 0x23, 0x98, 0xc7, 0xbe,
  0x85, 0x31, 0xc4, 0xbe, 0x84, 0xc8, 0xc0, 0xbe, 0x91, 0x5e, 0xbd, 0xbe,
  0x31, 0xf5, 0xb9, 0xbe, 0x51, 0x8d, 0xb6, 0xbe, 0x27, 0x13, 0xb3, 0xbe,
  0xb5, 0xfe, 0xae, 0xbe, 0x6b, 0x88, 0xa9, 0xbe, 0x7b, 0x73, 0xa2, 0xbe,
  0x19, 0xec, 0x99, 0xbe, 0x47, 0x1b, 0x90, 0xbe, 0xcf, 0x26, 0x85, 0xbe,
  0x37, 0x63, 0x72, 0xbe, 0xa2, 0xb7, 0x58, 0xbe, 0x0f, 0x86, 0x3d, 0xbe,
  0x0b, 0x05, 0x21, 0xbe, 0x80, 0x66, 0x03, 0xbe, 0xe0, 0xb0, 0xc9, 0xbd,
  0xf0, 0x09, 0x8b, 0xbd, 0x3f, 0x4a, 0x16, 0xbd, 0x3e, 0xae, 0xcd, 0x3c,
  0xb0, 0x1e, 0x98, 0x3d, 0xa6, 0x60, 0xfd, 0x3d, 0xfd, 0x42, 0x31, 0x3e,
  0x40, 0x7e, 0x63, 0x3e, 0x20, 0x92, 0x8a, 0x3e, 0x91, 0x00, 0xa3, 0x3e,
  0xcc, 0xf4, 0xba, 0x3e, 0x33, 0x5d, 0xd2, 0x3e, 0x6f, 0x2b, 0xe9, 0x3e,
  0x37, 0x2c, 0xff, 0x3e, 0xec, 0x17, 0x0a, 0x3f, 0x84, 0x15, 0x14, 0x3f,
  0x21, 0x88, 0x1d, 0x3f, 0xaf, 0x6c, 0x26, 0x3f, 0x4f, 0xc3, 0x2e, 0x3f,
  0x96, 0x8e, 0x36, 0x3f, 0xe6, 0xd2, 0x3d, 0x3f, 0xf1, 0x95, 0x44, 0x3f,
  0x21, 0xde, 0x4a, 0x3f, 0x54, 0xb2, 0x50, 0x3f, 0x92, 0x19, 0x56, 0x3f,
  0xd4, 0x1a, 0x5b, 0x3f, 0xc8, 0xbc, 0x5f, 0x3f, 0x47, 0x05, 0x64, 0x3f,
  0xe4, 0xf8, 0x67, 0x3f, 0x21, 0x9b, 0x6b, 0x3f, 0x95, 0xee, 0x6e, 0x3f,
  0x36, 0xf5, 0x71, 0x3f, 0x6c, 0xb0, 0x74, 0x3f, 0x1e, 0x21, 0x77, 0x3f,
  0xb5, 0x47, 0x79, 0x3f, 0x11, 0x24, 0x7b, 0x3f, 0x87, 0xb5, 0x7c, 0x3f,
  0xc2, 0xfa, 0x7d, 0x3f, 0x99, 0xf1, 0x7e, 0x3f, 0x34, 0x97, 0x7f, 0x3f,
  0xe6, 0xf1, 0x7f, 0x3f, 0xa2, 0xfc, 0x7f, 0x3f, 0xd0, 0xa6, 0x7f, 0x3f,
  0x65, 0xea, 0x7e, 0x3f, 0x6e, 0xc3, 0x7d, 0x3f, 0xd4, 0x2f, 0x7c, 0x3f,
  0x24, 0x2f, 0x7a, 0x3f, 0x56, 0xc2, 0x77, 0x3f, 0x90, 0xeb, 0x74, 0x3f,
  0x1b, 0xae, 0x71, 0x3f, 0x1c, 0x0e, 0x6e, 0x3f, 0x82, 0x10, 0x6a, 0x3f,
  0xe6, 0xba, 0x65, 0x3f, 0x6e, 0x13, 0x61, 0x3f, 0xb4, 0x20, 0x5c, 0x3f,
  0xb5, 0xe9, 0x56, 0x3f, 0xb0, 0x75, 0x51, 0x3f, 0x26, 0xcc, 0x4b, 0x3f,
  0xb2, 0xf4, 0x45, 0x3f, 0x15, 0xf7, 0x3f, 0x3f, 0x0b, 0xdb, 0x39, 0x3f,
  0x63, 0xa8, 0x33, 0x3f, 0xc2, 0x66, 0x2d, 0x3f, 0xc7, 0x1d, 0x27, 0x3f,
  0xe6, 0xd4, 0x20, 0x3f, 0x6c, 0x93, 0x1a, 0x3f, 0x66, 0x60, 0x14, 0x3f,
  0xb4, 0x42, 0x0e, 0x3f, 0xe1, 0x40, 0x08, 0x3f, 0x37, 0x61, 0x02, 0x3f,
  0x62, 0x53, 0xf9, 0x3e, 0xdd, 0x3f, 0xee, 0x3e, 0x6c, 0x92, 0xe3, 0x3e,
  0xeb, 0x54, 0xd9, 0x3e, 0x5a, 0x90, 0xcf, 0x3e, 0x0d, 0x4d, 0xc6, 0x3e,
  0x67, 0x92, 0xbd, 0x3e, 0x19, 0x67, 0xb5, 0x3e, 0xf0, 0xd0, 0xad, 0x3e,
  0xd7, 0xd4, 0xa6, 0x3e, 0xef, 0x76, 0xa0, 0x3e, 0x89, 0xba, 0x9a, 0x3e,
  0x04, 0xa2, 0x95, 0x3e, 0x03, 0x2f, 0x91, 0x3e, 0x50, 0x62, 0x8d, 0x3e,
  0xe8, 0x3b, 0x8a, 0x3e, 0xf7, 0xba, 0x87, 0x3e, 0x02, 0xde, 0x85, 0x3e,
  0xac, 0xa2, 0x84, 0x3e, 0xfd, 0x05, 0x84, 0x3e, 0x49, 0x04, 0x84, 0x3e,
  0x40, 0x99, 0x84, 0x3e, 0xed, 0xbf, 0x85, 0x3e, 0xd9, 0x72, 0x87, 0x3e,
  0xf0, 0xab, 0x89, 0x3e, 0xb4, 0x64, 0x8c, 0x3e, 0x30, 0x96, 0x8f, 0x3e,
  0xf4, 0x38, 0x93, 0x3e, 0x4d, 0x45, 0x97, 0x3e, 0x20, 0xb3, 0x9b, 0x3e,
  0x1b, 0x7a, 0xa0, 0x3e, 0xa8, 0x91, 0xa5, 0x3e, 0x06, 0xf1, 0xaa, 0x3e,
  0x50, 0x8f, 0xb0, 0x3e, 0x88, 0x63, 0xb6, 0x3e, 0xa6, 0x64, 0xbc, 0x3e,
  0x9e, 0x89, 0xc2, 0x3e, 0x6e, 0xc9, 0xc8, 0x3e, 0x29, 0x1b, 0xcf, 0x3e,
  0xfa, 0x75, 0xd5, 0x3e, 0x38, 0xd1, 0xdb, 0x3e, 0x75, 0x24, 0xe2, 0x3e,
  0x75, 0x67, 0xe8, 0x3e, 0x31, 0x92, 0xee, 0x3e, 0x0a, 0x9d, 0xf4, 0x3e,
  0x9d, 0x80, 0xfa, 0x3e, 0xf4, 0x1a, 0x00, 0x3f, 0x29, 0xdb, 0x02, 0x3f,
  0xcd, 0x7d, 0x05, 0x3f, 0xf4, 0xff, 0x07, 0x3f, 0xf6, 0x5e, 0x0a, 0x3f,
  0x58, 0x98, 0x0c, 0x3f, 0xdf, 0xa9, 0x0e, 0x3f, 0x89, 0x91, 0x10, 0x3f,
  0xa1, 0x4d, 0x12, 0x3f, 0x97, 0xdc, 0x13, 0x3f, 0x33, 0x3d, 0x15, 0x3f,
  0x6e, 0x6e, 0x16, 0x3f, 0x80, 0x6f, 0x17, 0x3f, 0xe7, 0x3f, 0x18, 0x3f,
  0x59, 0xdf, 0x18, 0x3f, 0xc6, 0x4d, 0x19, 0x3f, 0x5f, 0x8b, 0x19, 0x3f,
  0x94, 0x98, 0x19, 0x3f, 0xfa, 0x75, 0x19, 0x3f, 0x6f, 0x24, 0x19, 0x3f,
  0xfd, 0xa4, 0x18, 0x3f, 0xe2, 0xf8, 0x17, 0x3f, 0x85, 0x21, 0x17, 0x3f,
  0x7c, 0x20, 0x16, 0x3f, 0x88, 0xf7, 0x14, 0x3f, 0x92, 0xa8, 0x13, 0x3f,
  0xa2, 0x35, 0x12, 0x3f, 0xe1, 0xa0, 0x10, 0x3f, 0x91, 0xec, 0x0e, 0x3f,
  0x12, 0x1b, 0x0d, 0x3f, 0xdd, 0x2e, 0x0b, 0x3f, 0x70, 0x2a, 0x09, 0x3f,
  0x68, 0x10, 0x07, 0x3f, 0x64, 0xe3, 0x04, 0x3f, 0x0b, 0xa6, 0x02, 0x3f,
  0x09, 0x5b, 0x00, 0x3f, 0x25, 0x0a, 0xfc, 0x3e, 0x9c, 0x4d, 0xf7, 0x3e,
  0xd5, 0x85, 0xf2, 0x3e, 0x06, 0xb8, 0xed, 0x3e, 0x56, 0xe9, 0xe8, 0x3e,
  0xd4, 0x1e, 0xe4, 0x3e, 0x75, 0x5d, 0xdf, 0x3e, 0xf4, 0xa9, 0xda, 0x3e,
  0xef, 0x08, 0xd6, 0x3e, 0xcf, 0x7e, 0xd1, 0x3e, 0xd1, 0x0f, 0xcd, 0x3e,
  0xe4, 0xbf, 0xc8, 0x3e, 0xda, 0x92, 0xc4, 0x3e, 0x2b, 0x8c, 0xc0, 0x3e,
  0x23, 0xaf, 0xbc, 0x3e, 0xbd, 0xfe, 0xb8, 0x3e, 0xaf, 0x7d, 0xb5, 0x3e,
  0x65, 0x2e, 0xb2, 0x3e, 0x13, 0x13, 0xaf, 0x3e, 0x89, 0x2d, 0xac, 0x3e,
  0x63, 0x7f, 0xa9, 0x3e, 0xdf, 0x09, 0xa7, 0x3e, 0x05, 0xce, 0xa4, 0x3e,
  0x81, 0xcc, 0xa2, 0x3e, 0xbd, 0x05, 0xa1, 0x3e, 0xd9, 0x79, 0x9f, 0x3e,
  0xb1, 0x28, 0x9e, 0x3e, 0xdd, 0x11, 0x9d, 0x3e, 0xa7, 0x34, 0x9c, 0x3e,
  0x2b, 0x90, 0x9b, 0x3e, 0x36, 0x23, 0x9b, 0x3e, 0x5b, 0xec, 0x9a, 0x3e,
  0x02, 0xea, 0x9a, 0x3e, 0x53, 0x1a, 0x9b, 0x3e, 0x47, 0x7b, 0x9b, 0x3e,
  0xa5, 0x0a, 0x9c, 0x3e, 0x13, 0xc6, 0x9c, 0x3e, 0x05, 0xab, 0x9d, 0x3e,
  0xd0, 0xb6, 0x9e, 0x3e, 0xb1, 0xe6, 0x9f, 0x3e, 0xbb, 0x37, 0xa1, 0x3e,
  0xfb, 0xa6, 0xa2, 0x3e, 0x67, 0x31, 0xa4, 0x3e, 0xe0, 0xd3, 0xa5, 0x3e,
  0x3a, 0x8b, 0xa7, 0x3e, 0x4d, 0x54, 0xa9, 0x3e, 0xea, 0x2b, 0xab, 0x3e,
  0xe3, 0x0e, 0xad, 0x3e, 0x0d, 0xfa, 0xae, 0x3e, 0x44, 0xea, 0xb0, 0x3e,
  0x7c, 0xdc, 0xb2, 0x3e, 0xa7, 0xcd, 0xb4, 0x3e, 0xe0, 0xba, 0xb6, 0x3e,
  0x3f, 0xa1, 0xb8, 0x3e, 0x08, 0x7e, 0xba, 0x3e, 0x94, 0x4e, 0xbc, 0x3e,
  0x57, 0x10, 0xbe, 0x3e, 0xe7, 0xc0, 0xbf, 0x3e, 0x04, 0x5e, 0xc1, 0x3e,
  0x8e, 0xe5, 0xc2, 0x3e, 0x83, 0x55, 0xc4, 0x3e, 0x1b, 0xac, 0xc5, 0x3e,
  0xad, 0xe7, 0xc6, 0x3e, 0xac, 0x06, 0xc8, 0x3e, 0xdc, 0x07, 0xc9, 0x3e,
  0x00, 0xea, 0xc9, 0x3e, 0x28, 0xac, 0xca, 0x3e, 0x88, 0x4d, 0xcb, 0x3e,
  0x79, 0xcd, 0xcb, 0x3e, 0x81, 0x2b, 0xcc, 0x3e, 0x5a, 0x67, 0xcc, 0x3e,
  0xe5, 0x80, 0xcc, 0x3e, 0x2b, 0x78, 0xcc, 0x3e, 0x5f, 0x4d, 0xcc, 0x3e,
  0xe1, 0x00, 0xcc, 0x3e, 0x2f, 0x93, 0xcb, 0x3e, 0xfc, 0x04, 0xcb, 0x3e,
  0x03, 0x57, 0xca, 0x3e, 0x40, 0x8a, 0xc9, 0x3e, 0xbd, 0x9f, 0xc8, 0x3e,
  0xa6, 0x98, 0xc7, 0x3e, 0x42, 0x76, 0xc6, 0x3e, 0xf2, 0x39, 0xc5, 0x3e,
  0x2f, 0xe5, 0xc3, 0x3e, 0x8d, 0x79, 0xc2, 0x3e, 0xab, 0xf8, 0xc0, 0x3e,
  0x3c, 0x64, 0xbf, 0x3e, 0xfc, 0xbd, 0xbd, 0x3e, 0xbc, 0x07, 0xbc, 0x3e,
  0x50, 0x43, 0xba, 0x3e, 0x95, 0x72, 0xb8, 0x3e, 0x68, 0x97, 0xb6, 0x3e,
  0xb6, 0xb3, 0xb4, 0x3e, 0x5c, 0xc9, 0xb2, 0x3e, 0x3c, 0xda, 0xb0, 0x3e,
  0xc1, 0xe7, 0xae, 0x3e, 0xd0, 0xd3, 0xac, 0x3e, 0xe3, 0x74, 0xa9, 0x3e,
  0x8f, 0xdd, 0xa2, 0x3e, 0x87, 0x5e, 0x98, 0x3e, 0xeb, 0x79, 0x8a, 0x3e,
  0xa3, 0x87, 0x73, 0x3e, 0xab, 0x7d, 0x4d, 0x3e, 0xc7, 0xbb, 0x23, 0x3e,
  0x35, 0x17, 0xee, 0x3d, 0xef, 0x3a, 0x90, 0x3d, 0x7f, 0x5a, 0xbc, 0x3c,
  0x01, 0x28, 0xd1, 0xbc, 0x80, 0xff, 0x98, 0xbd, 0x33, 0x42, 0xfe, 0xbd,
  0x73, 0xb3, 0x31, 0xbe, 0xcb, 0xed, 0x63, 0xbe, 0x2d, 0xc9, 0x8a, 0xbe,
  0xa2, 0x36, 0xa3, 0xbe, 0xc7, 0x29, 0xbb, 0xbe, 0xeb, 0x90, 0xd2, 0xbe,
  0xcb, 0x5d, 0xe9, 0xbe, 0xe2, 0x5c, 0xff, 0xbe, 0x3a, 0x2f, 0x0a, 0xbf,
  0xae, 0x2b, 0x14, 0xbf, 0x13, 0x9d, 0x1d, 0xbf, 0x68, 0x80, 0x26, 0xbf,
  0xce, 0xd5, 0x2e, 0xbf, 0xdd, 0x9f, 0x36, 0xbf, 0x07, 0xe3, 0x3d, 0xbf,
  0xee, 0xa4, 0x44, 0xbf, 0x0e, 0xec, 0x4a, 0xbf, 0x3f, 0xbf, 0x50, 0xbf,
  0x8d, 0x25, 0x56, 0xbf, 0xee, 0x25, 0x5b, 0xbf, 0x0d, 0xc7, 0x5f, 0xbf,
  0xc1, 0x0e, 0x64, 0xbf, 0xa0, 0x01, 0x68, 0xbf, 0x26, 0xa3, 0x6b, 0xbf,
  0xe7, 0xf5, 0x6e, 0xbf, 0xdc, 0xfb, 0x71, 0xbf, 0x68, 0xb6, 0x74, 0xbf,
  0x6d, 0x26, 0x77, 0xbf, 0x5c, 0x4c, 0x79, 0xbf, 0x11, 0x28, 0x7b, 0xbf,
  0xdd, 0xb8, 0x7c, 0xbf, 0x69, 0xfd, 0x7d, 0xbf, 0x8d, 0xf3, 0x7e, 0xbf,
  0x6a, 0x98, 0x7f, 0xbf, 0x4c, 0xf2, 0x7f, 0xbf, 0x1f, 0xfc, 0x7f, 0xbf,
  0x58, 0xa5, 0x7f, 0xbf, 0xf4, 0xe7, 0x7e, 0xbf, 0xfe, 0xbf, 0x7d, 0xbf,
  0x68, 0x2b, 0x7c, 0xbf, 0xc1, 0x29, 0x7a, 0xbf, 0xfd, 0xbb, 0x77, 0xbf,
  0x4b, 0xe4, 0x74, 0xbf, 0xf4, 0xa5, 0x71, 0xbf, 0x20, 0x05, 0x6e, 0xbf,
  0xbe, 0x06, 0x6a, 0xbf, 0x66, 0xb0, 0x65, 0xbf, 0x46, 0x08, 0x61, 0xbf,
  0xf2, 0x14, 0x5c, 0xbf, 0x66, 0xdd, 0x56, 0xbf, 0xea, 0x68, 0x51, 0xbf,
  0xf6, 0xbe, 0x4b, 0xbf, 0x2e, 0xe7, 0x45, 0xbf, 0x4b, 0xe9, 0x3f, 0xbf,
  0x11, 0xcd, 0x39, 0xbf, 0x45, 0x9a, 0x33, 0xbf, 0x97, 0x58, 0x2d, 0xbf,
  0xa2, 0x0f, 0x27, 0xbf, 0xd4, 0xc6, 0x20, 0xbf, 0x7a, 0x85, 0x1a, 0xbf,
  0xac, 0x52, 0x14, 0xbf, 0x3a, 0x35, 0x0e, 0xbf, 0xb9, 0x33, 0x08, 0xbf,
  0x6b, 0x54, 0x02, 0xbf, 0xa0, 0x3a, 0xf9, 0xbe, 0x09, 0x28, 0xee, 0xbe,
  0x97, 0x7b, 0xe3, 0xbe, 0x29, 0x3f, 0xd9, 0xbe, 0xc3, 0x7b, 0xcf, 0xbe,
  0xb1, 0x39, 0xc6, 0xbe, 0x54, 0x80, 0xbd, 0xbe, 0x5c, 0x56, 0xb5, 0xbe,
  0x90, 0xc1, 0xad, 0xbe, 0xe5, 0xc6, 0xa6, 0xbe, 0x75, 0x6a, 0xa0, 0xbe,
  0x7c, 0xaf, 0x9a, 0xbe, 0x76, 0x98, 0x95, 0xbe, 0xf0, 0x26, 0x91, 0xbe,
  0xb9, 0x5b, 0x8d, 0xbe, 0xc8, 0x36, 0x8a, 0xbe, 0x59, 0xb7, 0x87, 0xbe,
  0xcb, 0xdb, 0x85, 0xbe, 0xe0, 0xa1, 0x84, 0xbe, 0x94, 0x06, 0x84, 0xbe,
  0x33, 0x06, 0x84, 0xbe, 0x79, 0x9c, 0x84, 0xbe, 0x68, 0xc4, 0x85, 0xbe,
  0x7f, 0x78, 0x87, 0xbe, 0xc1, 0xb2, 0x89, 0xbe, 0x98, 0x6c, 0x8c, 0xbe,
  0x0f, 0x9f, 0x8f, 0xbe, 0xc9, 0x42, 0x93, 0xbe, 0xfc, 0x4f, 0x97, 0xbe,
  0x98, 0xbe, 0x9b, 0xbe, 0x49, 0x86, 0xa0, 0xbe, 0x76, 0x9e, 0xa5, 0xbe,
  0x61, 0xfe, 0xaa, 0xbe, 0x24, 0x9d, 0xb0, 0xbe, 0xc4, 0x71, 0xb6, 0xbe,
  0x33, 0x73, 0xbc, 0xbe, 0x67, 0x98, 0xc2, 0xbe, 0x60, 0xd8, 0xc8, 0xbe,
  0x28, 0x2a, 0xcf, 0xbe, 0xf8, 0x84, 0xd5, 0xbe, 0x2a, 0xe0, 0xdb, 0xbe,
  0x41, 0x33, 0xe2, 0xbe, 0x01, 0x76, 0xe8, 0xbe, 0x77, 0xa0, 0xee, 0xbe,
  0xeb, 0xaa, 0xf4, 0xbe, 0x17, 0x8e, 0xfa, 0xbe, 0x75, 0x21, 0x00, 0xbf,
  0x66, 0xe1, 0x02, 0xbf, 0xbd, 0x83, 0x05, 0xbf, 0x94, 0x05, 0x08, 0xbf,
  0x40, 0x64, 0x0a, 0xbf, 0x44, 0x9d, 0x0c, 0xbf, 0x6d, 0xae, 0x0e, 0xbf,
  0xb3, 0x95, 0x10, 0xbf, 0x60, 0x51, 0x12, 0xbf, 0xed, 0xdf, 0x13, 0xbf,
  0x1e, 0x40, 0x15, 0xbf, 0xe8, 0x70, 0x16, 0xbf, 0x8b, 0x71, 0x17, 0xbf,
  0x83, 0x41, 0x18, 0xbf, 0x80, 0xe0, 0x18, 0xbf, 0x7d, 0x4e, 0x19, 0xbf,
  0xa7, 0x8b, 0x19, 0xbf, 0x6c, 0x98, 0x19, 0xbf, 0x68, 0x75, 0x19, 0xbf,
  0x75, 0x23, 0x19, 0xbf, 0x9e, 0xa3, 0x18, 0xbf, 0x1f, 0xf7, 0x17, 0xbf,
  0x62, 0x1f, 0x17, 0xbf, 0xfc, 0x1d, 0x16, 0xbf, 0xb6, 0xf4, 0x14, 0xbf,
  0x6e, 0xa5, 0x13, 0xbf, 0x2e, 0x32, 0x12, 0xbf, 0x24, 0x9d, 0x10, 0xbf,
  0x91, 0xe8, 0x0e, 0xbf, 0xd9, 0x16, 0x0d, 0xbf, 0x69, 0x2a, 0x0b, 0xbf,
  0xd0, 0x25, 0x09, 0xbf, 0x9c, 0x0b, 0x07, 0xbf, 0x71, 0xde, 0x04, 0xbf,
  0xfa, 0xa0, 0x02, 0xbf, 0xdf, 0x55, 0x00, 0xbf, 0xac, 0xff, 0xfb, 0xbe,
  0x0f, 0x43, 0xf7, 0xbe, 0x37, 0x7b, 0xf2, 0xbe, 0x64, 0xad, 0xed, 0xbe,
  0xc5, 0xde, 0xe8, 0xbe, 0x58, 0x14, 0xe4, 0xbe, 0x1a, 0x53, 0xdf, 0xbe,
  0xc5, 0x9f, 0xda, 0xbe, 0xf5, 0xfe, 0xd5, 0xbe, 0x15, 0x75, 0xd1, 0xbe,
  0x57, 0x06, 0xcd, 0xbe, 0xc1, 0xb6, 0xc8, 0xbe, 0x0c, 0x8a, 0xc4, 0xbe,
  0xc1, 0x83, 0xc0, 0xbe, 0x21, 0xa7, 0xbc, 0xbe, 0x23, 0xf7, 0xb8, 0xbe,
  0x86, 0x76, 0xb5, 0xbe, 0xb9, 0x27, 0xb2, 0xbe, 0xdd, 0x0c, 0xaf, 0xbe,
  0xd5, 0x27, 0xac, 0xbe, 0x28, 0x7a, 0xa9, 0xbe, 0x32, 0x05, 0xa7, 0xbe,
  0xd6, 0xc9, 0xa4, 0xbe, 0xdc, 0xc8, 0xa2, 0xbe, 0x9b, 0x02, 0xa1, 0xbe,
  0x41, 0x77, 0x9f, 0xbe, 0x9b, 0x26, 0x9e, 0xbe, 0x4d, 0x10, 0x9d, 0xbe,
  0x97, 0x33, 0x9c, 0xbe, 0x9b, 0x8f, 0x9b, 0xbe, 0x25, 0x23, 0x9b, 0xbe,
  0xc3, 0xec, 0x9a, 0xbe, 0xdd, 0xea, 0x9a, 0xbe, 0x9f, 0x1b, 0x9b, 0xbe,
  0xf8, 0x7c, 0x9b, 0xbe, 0xc1, 0x0c, 0x9c, 0xbe, 0x84, 0xc8, 0x9c, 0xbe,
  0xd0, 0xad, 0x9d, 0xbe, 0xef, 0xb9, 0x9e, 0xbe, 0x19, 0xea, 0x9f, 0xbe,
  0x6d, 0x3b, 0xa1, 0xbe, 0xed, 0xaa, 0xa2, 0xbe, 0x84, 0x35, 0xa4, 0xbe,
  0x30, 0xd8, 0xa5, 0xbe, 0xaf, 0x8f, 0xa7, 0xbe, 0xe4, 0x58, 0xa9, 0xbe,
  0x9b, 0x30, 0xab, 0xbe, 0xa5, 0x13, 0xad, 0xbe, 0xda, 0xfe, 0xae, 0xbe,
  0x13, 0xef, 0xb0, 0xbe, 0x48, 0xe1, 0xb2, 0xbe, 0x70, 0xd2, 0xb4, 0xbe,
  0x95, 0xbf, 0xb6, 0xbe, 0xdf, 0xa5, 0xb8, 0xbe, 0x87, 0x82, 0xba, 0xbe,
  0xf5, 0x52, 0xbc, 0xbe, 0x8c, 0x14, 0xbe, 0xbe, 0xf0, 0xc4, 0xbf, 0xbe,
  0xdb, 0x61, 0xc1, 0xbe, 0x2c, 0xe9, 0xc2, 0xbe, 0xeb, 0x58, 0xc4, 0xbe,
  0x48, 0xaf, 0xc5, 0xbe, 0x8f, 0xea, 0xc6, 0xbe, 0x4e, 0x09, 0xc8, 0xbe,
  0x2e, 0x0a, 0xc9, 0xbe, 0x0b, 0xec, 0xc9, 0xbe, 0xed, 0xad, 0xca, 0xbe,
  0x00, 0x4f, 0xcb, 0xbe, 0x9d, 0xce, 0xcb, 0xbe, 0x57, 0x2c, 0xcc, 0xbe,
  0xe3, 0x67, 0xcc, 0xbe, 0x1e, 0x81, 0xcc, 0xbe, 0x17, 0x78, 0xcc, 0xbe,
  0xfb, 0x4c, 0xcc, 0xbe, 0x2f, 0x00, 0xcc, 0xbe, 0x33, 0x92, 0xcb, 0xbe,
  0xb0, 0x03, 0xcb, 0xbe, 0x74, 0x55, 0xca, 0xbe, 0x71, 0x88, 0xc9, 0xbe,
  0xa7, 0x9d, 0xc8, 0xbe, 0x54, 0x96, 0xc7, 0xbe, 0xb1, 0x73, 0xc6, 0xbe,
  0x27, 0x37, 0xc5, 0xbe, 0x35, 0xe2, 0xc3, 0xbe, 0x64, 0x76, 0xc2, 0xbe,
  0x50, 0xf5, 0xc0, 0xbe, 0xb5, 0x60, 0xbf, 0xbe, 0x51, 0xba, 0xbd, 0xbe,
  0xef, 0x03, 0xbc, 0xbe, 0x6b, 0x3f, 0xba, 0xbe, 0x99, 0x6e, 0xb8, 0xbe,
  0x5c, 0x93, 0xb6, 0xbe, 0x99, 0xaf, 0xb4, 0xbe, 0x34, 0xc5, 0xb2, 0xbe,
  0x07, 0xd6, 0xb0, 0xbe, 0x89, 0xe3, 0xae, 0xbe, 0xcb, 0xce, 0xac, 0xbe,
  0x9f, 0x6b, 0xa9, 0xbe, 0xbf, 0xcb, 0xa2, 0xbe, 0x7d, 0x43, 0x98, 0xbe,
  0x25, 0x57, 0x8a, 0xbe, 0x53, 0x35, 0x73, 0xbe, 0xe5, 0x20, 0x4d, 0xbe,
  0xab, 0x56, 0x23, 0xbe, 0xb9, 0x3f, 0xed, 0xbd, 0x91, 0x59, 0x8f, 0xbd,
  0x7e, 0xb8, 0xb8, 0xbc, 0x7c, 0x5b, 0x38, 0xbc, 0x1f, 0xa5, 0x5d, 0x3d,
  0x2a, 0x7a, 0xf6, 0x3d, 0xe5, 0x11, 0x3f, 0x3e, 0x27, 0x18, 0x81, 0x3e,
  0x4f, 0x03, 0xa2, 0x3e, 0x81, 0x11, 0xc2, 0x3e, 0x36, 0x17, 0xe1, 0x3e,
  0x59, 0xbb, 0xfe, 0x3e, 0xd1, 0x52, 0x0d, 0x3f, 0xbb, 0x59, 0x1a, 0x3f,
  0x30, 0x67, 0x26, 0x3f, 0x89, 0x79, 0x31, 0x3f, 0x96, 0x96, 0x3b, 0x3f,
  0x45, 0xc9, 0x44, 0x3f, 0xa2, 0x1f, 0x4d, 0x3f, 0x6c, 0xa9, 0x54, 0x3f,
  0xe9, 0x76, 0x5b, 0x3f, 0xc7, 0x97, 0x61, 0x3f, 0x7d, 0x19, 0x67, 0x3f,
  0xfc, 0x05, 0x6c, 0x3f, 0xfb, 0x63, 0x70, 0x3f, 0x00, 0x38, 0x74, 0x3f,
  0xb7, 0x84, 0x77, 0x3f, 0x2f, 0x4b, 0x7a, 0x3f, 0xda, 0x8a, 0x7c, 0x3f,
  0x3c, 0x41, 0x7e, 0x3f, 0x97, 0x69, 0x7f, 0x3f, 0xfe, 0xfc, 0x7f, 0x3f,
  0x08, 0xfd, 0x7f, 0x3f, 0x8f, 0x5b, 0x7f, 0x3f, 0x54, 0x00, 0x7e, 0x3f,
  0x0a, 0xe5, 0x7b, 0x3f, 0xec, 0x08, 0x79, 0x3f, 0xcb, 0x6f, 0x75, 0x3f,
  0x2d, 0x21, 0x71, 0x3f, 0xa6, 0x27, 0x6c, 0x3f, 0x40, 0x90, 0x66, 0x3f,
  0xef, 0x69, 0x60, 0x3f, 0x1f, 0xc5, 0x59, 0x3f, 0x59, 0xb3, 0x52, 0x3f,
  0xe0, 0x46, 0x4b, 0x3f, 0x6e, 0x92, 0x43, 0x3f, 0xee, 0xa8, 0x3b, 0x3f,
  0x40, 0x9d, 0x33, 0x3f, 0x02, 0x82, 0x2b, 0x3f, 0x5f, 0x69, 0x23, 0x3f,
  0xef, 0x64, 0x1b, 0x3f, 0x88, 0x85, 0x13, 0x3f, 0x19, 0xdb, 0x0b, 0x3f,
  0x9d, 0x74, 0x04, 0x3f, 0xd8, 0xbf, 0xfa, 0x3e, 0x77, 0x53, 0xed, 0x3e,
  0xf3, 0xba, 0xe0, 0x3e, 0x8c, 0x0a, 0xd5, 0x3e, 0xd7, 0x53, 0xca, 0x3e,
  0x9c, 0xa5, 0xc0, 0x3e, 0xdd, 0x0b, 0xb8, 0x3e, 0xc3, 0x8f, 0xb0, 0x3e,
  0xbd, 0x37, 0xaa, 0x3e, 0x64, 0x07, 0xa5, 0x3e, 0x9a, 0xff, 0xa0, 0x3e,
  0xb1, 0x1e, 0x9e, 0x3e, 0x6b, 0x60, 0x9c, 0x3e, 0x23, 0xbe, 0x9b, 0x3e,
  0xf0, 0x2e, 0x9c, 0x3e, 0xb7, 0xa7, 0x9d, 0x3e, 0x80, 0x1b, 0xa0, 0x3e,
  0x79, 0x7b, 0xa3, 0x3e, 0x37, 0xb7, 0xa7, 0x3e, 0xe0, 0xbc, 0xac, 0x3e,
  0x75, 0x79, 0xb2, 0x3e, 0xdf, 0xd8, 0xb8, 0x3e, 0x47, 0xc6, 0xbf, 0x3e,
  0x3d, 0x2c, 0xc7, 0x3e, 0xdd, 0xf4, 0xce, 0x3e, 0x1f, 0x0a, 0xd7, 0x3e,
  0x03, 0x56, 0xdf, 0x3e, 0xa5, 0xc2, 0xe7, 0x3e, 0xa1, 0x3a, 0xf0, 0x3e,
  0xfa, 0xa8, 0xf8, 0x3e, 0xcb, 0x7c, 0x00, 0x3f, 0x91, 0x8c, 0x04, 0x3f,
  0xad, 0x7a, 0x08, 0x3f, 0x8a, 0x3e, 0x0c, 0x3f, 0x39, 0xd0, 0x0f, 0x3f,
  0x79, 0x28, 0x13, 0x3f, 0xbd, 0x40, 0x16, 0x3f, 0x44, 0x13, 0x19, 0x3f,
  0x07, 0x9b, 0x1b, 0x3f, 0xde, 0xd3, 0x1d, 0x3f, 0x63, 0xba, 0x1f, 0x3f,
  0x0f, 0x4c, 0x21, 0x3f, 0x23, 0x87, 0x22, 0x3f, 0xab, 0x6a, 0x23, 0x3f,
  0x92, 0xf6, 0x23, 0x3f, 0x70, 0x2b, 0x24, 0x3f, 0xab, 0x0a, 0x24, 0x3f,
  0x56, 0x96, 0x23, 0x3f, 0x2e, 0xd1, 0x22, 0x3f, 0x97, 0xbe, 0x21, 0x3f,
  0x7e, 0x62, 0x20, 0x3f, 0x5d, 0xc1, 0x1e, 0x3f, 0x22, 0xe0, 0x1c, 0x3f,
  0x28, 0xc4, 0x1a, 0x3f, 0x1c, 0x73, 0x18, 0x3f, 0xff, 0xf2, 0x15, 0x3f,
  0x08, 0x4a, 0x13, 0x3f, 0x95, 0x7e, 0x10, 0x3f, 0x2b, 0x97, 0x0d, 0x3f,
  0x55, 0x9a, 0x0a, 0x3f, 0x95, 0x8e, 0x07, 0x3f, 0x6a, 0x7a, 0x04, 0x3f,
  0x28, 0x64, 0x01, 0x3f, 0xfc, 0xa3, 0xfc, 0x3e, 0xc0, 0x93, 0xf6, 0x3e,
  0xf3, 0xa2, 0xf0, 0x3e, 0x67, 0xdc, 0xea, 0x3e, 0x28, 0x4a, 0xe5, 0x3e,
  0x80, 0xf5, 0xdf, 0x3e, 0xf8, 0xe6, 0xda, 0x3e, 0x33, 0x26, 0xd6, 0x3e,
  0xe5, 0xb9, 0xd1, 0x3e, 0xe3, 0xa7, 0xcd, 0x3e, 0xfc, 0xf4, 0xc9, 0x3e,
  0x14, 0xa5, 0xc6, 0x3e, 0x0b, 0xbb, 0xc3, 0x3e, 0xd8, 0x38, 0xc1, 0x3e,
  0x6c, 0x1f, 0xbf, 0x3e, 0xd5, 0x6e, 0xbd, 0x3e, 0x24, 0x26, 0xbc, 0x3e,
  0xa3, 0x43, 0xbb, 0x3e, 0xbc, 0xc4, 0xba, 0x3e, 0x0c, 0xa6, 0xba, 0x3e,
  0x7f, 0xe3, 0xba, 0x3e, 0x54, 0x78, 0xbb, 0x3e, 0x1b, 0x5f, 0xbc, 0x3e,
  0xef, 0x91, 0xbd, 0x3e, 0x62, 0x0a, 0xbf, 0x3e, 0xaf, 0xc1, 0xc0, 0x3e,
  0xa4, 0xb0, 0xc2, 0x3e, 0xe1, 0xcf, 0xc4, 0x3e, 0xc1, 0x17, 0xc7, 0x3e,
  0x87, 0x80, 0xc9, 0x3e, 0x7e, 0x02, 0xcc, 0x3e, 0xd9, 0x95, 0xce, 0x3e,
  0xee, 0x32, 0xd1, 0x3e, 0x48, 0xd2, 0xd3, 0x3e, 0x7f, 0x6c, 0xd6, 0x3e,
  0xa9, 0xfa, 0xd8, 0x3e, 0xff, 0x75, 0xdb, 0x3e, 0x30, 0xd8, 0xdd, 0x3e,
  0x4d, 0x1b, 0xe0, 0x3e, 0xe0, 0x39, 0xe2, 0x3e, 0xf0, 0x2e, 0xe4, 0x3e,
  0x05, 0xf6, 0xe5, 0x3e, 0x30, 0x8b, 0xe7, 0x3e, 0x1b, 0xeb, 0xe8, 0x3e,
  0xef, 0x12, 0xea, 0x3e, 0x7d, 0x00, 0xeb, 0x3e, 0x1b, 0xb2, 0xeb, 0x3e,
  0xb5, 0x26, 0xec, 0x3e, 0xcf, 0x5d, 0xec, 0x3e, 0x81, 0x57, 0xec, 0x3e,
  0x54, 0x14, 0xec, 0x3e, 0x63, 0x95, 0xeb, 0x3e, 0x4d, 0xdc, 0xea, 0x3e,
  0x20, 0xeb, 0xe9, 0x3e, 0x55, 0xc4, 0xe8, 0x3e, 0xd4, 0x6a, 0xe7, 0x3e,
  0xd5, 0xe1, 0xe5, 0x3e, 0xe8, 0x2c, 0xe4, 0x3e, 0xe8, 0x4f, 0xe2, 0x3e,
  0xda, 0x4e, 0xe0, 0x3e, 0x14, 0x2e, 0xde, 0x3e, 0xfa, 0xf1, 0xdb, 0x3e,
  0x07, 0x9f, 0xd9, 0x3e, 0xdf, 0x39, 0xd7, 0x3e, 0x1d, 0xc7, 0xd4, 0x3e,
  0x55, 0x4b, 0xd2, 0x3e, 0x13, 0xcb, 0xcf, 0x3e, 0xcd, 0x4a, 0xcd, 0x3e,
  0xc9, 0xce, 0xca, 0x3e, 0x33, 0x5b, 0xc8, 0x3e, 0xfd, 0xf3, 0xc5, 0x3e,
  0xdf, 0x9c, 0xc3, 0x3e, 0x53, 0x59, 0xc1, 0x3e, 0x91, 0x2c, 0xbf, 0x3e,
  0x84, 0x19, 0xbd, 0x3e, 0xc0, 0x22, 0xbb, 0x3e, 0x94, 0x4a, 0xb9, 0x3e,
  0xf3, 0x92, 0xb7, 0x3e, 0x77, 0xfd, 0xb5, 0x3e, 0x68, 0x8b, 0xb4, 0x3e,
  0xb0, 0x3d, 0xb3, 0x3e, 0xea, 0x14, 0xb2, 0x3e, 0x49, 0x11, 0xb1, 0x3e,
  0xc7, 0x32, 0xb0, 0x3e, 0xfc, 0x78, 0xaf, 0x3e, 0x35, 0xe3, 0xae, 0x3e,
  0x71, 0x70, 0xae, 0x3e, 0x70, 0x1f, 0xae, 0x3e, 0xb1, 0xee, 0xad, 0x3e,
  0x72, 0xdc, 0xad, 0x3e, 0xc3, 0xe6, 0xad, 0x3e, 0x80, 0x0b, 0xae, 0x3e,
  0x5c, 0x48, 0xae, 0x3e, 0xe5, 0x9a, 0xae, 0x3e, 0x8a, 0x00, 0xaf, 0x3e,
  0xb7, 0x76, 0xaf, 0x3e, 0xb4, 0xfa, 0xaf, 0x3e, 0xc5, 0x89, 0xb0, 0x3e,
  0x25, 0x21, 0xb1, 0x3e, 0x28, 0xbe, 0xb1, 0x3e, 0x14, 0x5e, 0xb2, 0x3e,
  0x50, 0xfe, 0xb2, 0x3e, 0x48, 0x9c, 0xb3, 0x3e, 0x95, 0x35, 0xb4, 0x3e,
  0xce, 0xc7, 0xb4, 0x3e, 0xd4, 0x50, 0xb5, 0x3e, 0x98, 0xce, 0xb5, 0x3e,
  0x2f, 0x3f, 0xb6, 0x3e, 0xf0, 0xa0, 0xb6, 0x3e, 0x48, 0xf2, 0xb6, 0x3e,
  0xe7, 0x31, 0xb7, 0x3e, 0xb4, 0x5e, 0xb7, 0x3e, 0xbd, 0x77, 0xb7, 0x3e,
  0x3f, 0x7c, 0xb7, 0x3e, 0xbb, 0x6b, 0xb7, 0x3e, 0xdd, 0x45, 0xb7, 0x3e,
  0x84, 0x0a, 0xb7, 0x3e, 0xc6, 0xb9, 0xb6, 0x3e, 0xe5, 0x53, 0xb6, 0x3e,
  0x4d, 0xd9, 0xb5, 0x3e, 0x97, 0x4a, 0xb5, 0x3e, 0x8f, 0xa8, 0xb4, 0x3e,
  0x1d, 0xf4, 0xb3, 0x3e, 0x49, 0x2e, 0xb3, 0x3e, 0x45, 0x58, 0xb2, 0x3e,
  0x50, 0x73, 0xb1, 0x3e, 0xd5, 0x80, 0xb0, 0x3e, 0x47, 0x82, 0xaf, 0x3e,
  0x21, 0x79, 0xae, 0x3e, 0x02, 0x67, 0xad, 0x3e, 0x77, 0x4d, 0xac, 0x3e,
  0x27, 0x2e, 0xab, 0x3e, 0xb4, 0x0a, 0xaa, 0x3e, 0x6f, 0xe4, 0xa8, 0x3e,
  0x3f, 0x9e, 0xa7, 0x3e, 0xb5, 0xae, 0xa4, 0x3e, 0xca, 0xe7, 0x9c, 0x3e,
  0x9c, 0x7a, 0x8e, 0x3e, 0x57, 0x33, 0x74, 0x3e, 0xd7, 0x49, 0x42, 0x3e,
  0x2b, 0x88, 0x09, 0x3e, 0x01, 0xba, 0x97, 0x3d, 0x83, 0x3f, 0x2e, 0x3c,
  0x80, 0x3a, 0x60, 0xbd, 0x17, 0xc7, 0xf7, 0xbd, 0x7e, 0xb7, 0x3f, 0xbe,
  0xbc, 0x69, 0x81, 0xbe, 0x11, 0x53, 0xa2, 0xbe, 0xe7, 0x5e, 0xc2, 0xbe,
  0xef, 0x61, 0xe1, 0xbe, 0xb1, 0x02, 0xff, 0xbe, 0x5e, 0x74, 0x0d, 0xbf,
  0xfe, 0x78, 0x1a, 0xbf, 0x0e, 0x84, 0x26, 0xbf, 0x03, 0x94, 0x31, 0xbf,
  0xbe, 0xae, 0x3b, 0xbf, 0x34, 0xdf, 0x44, 0xbf, 0x84, 0x33, 0x4d, 0xbf,
  0x61, 0xbb, 0x54, 0xbf, 0x1d, 0x87, 0x5b, 0xbf, 0x5e, 0xa6, 0x61, 0xbf,
  0x92, 0x26, 0x67, 0xbf, 0xa4, 0x11, 0x6c, 0xbf, 0x4a, 0x6e, 0x70, 0xbf,
  0xfc, 0x40, 0x74, 0xbf, 0x62, 0x8c, 0x77, 0xbf, 0x8e, 0x51, 0x7a, 0xbf,
  0xeb, 0x8f, 0x7c, 0xbf, 0xf3, 0x44, 0x7e, 0xbf, 0xe9, 0x6b, 0x7f, 0xbf,
  0xd6, 0xfd, 0x7f, 0xbf, 0x3a, 0xfc, 0x7f, 0xbf, 0xea, 0x58, 0x7f, 0xbf,
  0xc6, 0xfb, 0x7d, 0xbf, 0x95, 0xde, 0x7b, 0xbf, 0x9a, 0x00, 0x79, 0xbf,
  0xab, 0x65, 0x75, 0xbf, 0x5e, 0x15, 0x71, 0xbf, 0x46, 0x1a, 0x6c, 0xbf,
  0x76, 0x81, 0x66, 0xbf, 0xe2, 0x59, 0x60, 0xbf, 0xfc, 0xb3, 0x59, 0xbf,
  0x4a, 0xa1, 0x52, 0xbf, 0x16, 0x34, 0x4b, 0xbf, 0x1b, 0x7f, 0x43, 0xbf,
  0x3e, 0x95, 0x3b, 0xbf, 0x65, 0x89, 0x33, 0xbf, 0x25, 0x6e, 0x2b, 0xbf,
  0xaf, 0x55, 0x23, 0xbf, 0x97, 0x51, 0x1b, 0xbf, 0xac, 0x72, 0x13, 0xbf,
  0xe4, 0xc8, 0x0b, 0xbf, 0x2b, 0x63, 0x04, 0xbf, 0xcd, 0x9e, 0xfa, 0xbe,
  0x70, 0x34, 0xed, 0xbe, 0x2d, 0x9e, 0xe0, 0xbe, 0x26, 0xf0, 0xd4, 0xbe,
  0x03, 0x3c, 0xca, 0xbe, 0x78, 0x90, 0xc0, 0xbe, 0x7c, 0xf9, 0xb7, 0xbe,
  0x37, 0x80, 0xb0, 0xbe, 0x10, 0x2b, 0xaa, 0xbe, 0x99, 0xfd, 0xa4, 0xbe,
  0xab, 0xf8, 0xa0, 0xbe, 0x9d, 0x1a, 0x9e, 0xbe, 0x1b, 0x5f, 0x9c, 0xbe,
  0x87, 0xbf, 0x9b, 0xbe, 0xe5, 0x32, 0x9c, 0xbe, 0x27, 0xae, 0x9d, 0xbe,
  0x45, 0x24, 0xa0, 0xbe, 0x68, 0x86, 0xa3, 0xbe, 0x20, 0xc4, 0xa7, 0xbe,
  0x98, 0xcb, 0xac, 0xbe, 0xc7, 0x89, 0xb2, 0xbe, 0x9e, 0xea, 0xb8, 0xbe,
  0x3b, 0xd9, 0xbf, 0xbe, 0x2d, 0x40, 0xc7, 0xbe, 0x96, 0x09, 0xcf, 0xbe,
  0x6c, 0x1f, 0xd7, 0xbe, 0xa4, 0x6b, 0xdf, 0xbe, 0x6b, 0xd8, 0xe7, 0xbe,
  0x4f, 0x50, 0xf0, 0xbe, 0x6c, 0xbe, 0xf8, 0xbe, 0x48, 0x87, 0x00, 0xbf,
  0xbd, 0x96, 0x04, 0xbf, 0x73, 0x84, 0x08, 0xbf, 0xd4, 0x47, 0x0c, 0xbf,
  0xf4, 0xd8, 0x0f, 0xbf, 0x96, 0x30, 0x13, 0xbf, 0x30, 0x48, 0x16, 0xbf,
  0xff, 0x19, 0x19, 0xbf, 0x00, 0xa1, 0x1b, 0xbf, 0x0a, 0xd9, 0x1d, 0xbf,
  0xbd, 0xbe, 0x1f, 0xbf, 0x92, 0x4f, 0x21, 0xbf, 0xc8, 0x89, 0x22, 0xbf,
  0x7a, 0x6c, 0x23, 0xbf, 0x83, 0xf7, 0x23, 0xbf, 0x8c, 0x2b, 0x24, 0xbf,
  0xf6, 0x09, 0x24, 0xbf, 0xd4, 0x94, 0x23, 0xbf, 0xeb, 0xce, 0x22, 0xbf,
  0x98, 0xbb, 0x21, 0xbf, 0xd1, 0x5e, 0x20, 0xbf, 0x11, 0xbd, 0x1e, 0xbf,
  0x42, 0xdb, 0x1c, 0xbf, 0xc0, 0xbe, 0x1a, 0xbf, 0x3c, 0x6d, 0x18, 0xbf,
  0xb6, 0xec, 0x15, 0xbf, 0x67, 0x43, 0x13, 0xbf, 0xaa, 0x77, 0x10, 0xbf,
  0x08, 0x90, 0x0d, 0xbf, 0x08, 0x93, 0x0a, 0xbf, 0x36, 0x87, 0x07, 0xbf,
  0x01, 0x73, 0x04, 0xbf, 0xc7, 0x5c, 0x01, 0xbf, 0x69, 0x95, 0xfc, 0xbe,
  0x73, 0x85, 0xf6, 0xbe, 0x11, 0x95, 0xf0, 0xbe, 0x06, 0xcf, 0xea, 0xbe,
  0x53, 0x3d, 0xe5, 0xbe, 0x5d, 0xe9, 0xdf, 0xbe, 0x94, 0xdb, 0xda, 0xbe,
  0x9c, 0x1b, 0xd6, 0xbe, 0x2f, 0xb0, 0xd1, 0xbe, 0x18, 0x9f, 0xcd, 0xbe,
  0x25, 0xed, 0xc9, 0xbe, 0x39, 0x9e, 0xc6, 0xbe, 0x39, 0xb5, 0xc3, 0xbe,
  0x08, 0x34, 0xc1, 0xbe, 0x9f, 0x1b, 0xbf, 0xbe, 0x0d, 0x6c, 0xbd, 0xbe,
  0x59, 0x24, 0xbc, 0xbe, 0xd0, 0x42, 0xbb, 0xbe, 0xd6, 0xc4, 0xba, 0xbe,
  0x16, 0xa7, 0xba, 0xbe, 0x65, 0xe5, 0xba, 0xbe, 0x00, 0x7b, 0xbb, 0xbe,
  0x8e, 0x62, 0xbc, 0xbe, 0x0c, 0x96, 0xbd, 0xbe, 0x21, 0x0f, 0xbf, 0xbe,
  0xf8, 0xc6, 0xc0, 0xbe, 0x68, 0xb6, 0xc2, 0xbe, 0x0a, 0xd6, 0xc4, 0xbe,
  0x41, 0x1e, 0xc7, 0xbe, 0x47, 0x87, 0xc9, 0xbe, 0x6d, 0x09, 0xcc, 0xbe,
  0xe0, 0x9c, 0xce, 0xbe, 0xff, 0x39, 0xd1, 0xbe, 0x48, 0xd9, 0xd3, 0xbe,
  0x67, 0x73, 0xd6, 0xbe, 0x5f, 0x01, 0xd9, 0xbe, 0x75, 0x7c, 0xdb, 0xbe,
  0x5c, 0xde, 0xdd, 0xbe, 0x1f, 0x21, 0xe0, 0xbe, 0x4d, 0x3f, 0xe2, 0xbe,
  0xf2, 0x33, 0xe4, 0xbe, 0x84, 0xfa, 0xe5, 0xbe, 0x33, 0x8f, 0xe7, 0xbe,
  0x8d, 0xee, 0xe8, 0xbe, 0xd4, 0x15, 0xea, 0xbe, 0xc8, 0x02, 0xeb, 0xbe,
  0xcf, 0xb3, 0xeb, 0xbe, 0xd5, 0x27, 0xec, 0xbe, 0x5c, 0x5e, 0xec, 0xbe,
  0x6d, 0x57, 0xec, 0xbe, 0xa9, 0x13, 0xec, 0xbe, 0x27, 0x94, 0xeb, 0xbe,
  0x84, 0xda, 0xea, 0xbe, 0xcf, 0xe8, 0xe9, 0xbe, 0x87, 0xc1, 0xe8, 0xbe,
  0x8d, 0x67, 0xe7, 0xbe, 0x20, 0xde, 0xe5, 0xbe, 0xcd, 0x28, 0xe4, 0xbe,
  0x6d, 0x4b, 0xe2, 0xbe, 0x15, 0x4a, 0xe0, 0xbe, 0x08, 0x29, 0xde, 0xbe,
  0xab, 0xec, 0xdb, 0xbe, 0x90, 0x99, 0xd9, 0xbe, 0x40, 0x34, 0xd7, 0xbe,
  0x69, 0xc1, 0xd4, 0xbe, 0x91, 0x45, 0xd2, 0xbe, 0x4e, 0xc5, 0xcf, 0xbe,
  0x0f, 0x45, 0xcd, 0xbe, 0x20, 0xc9, 0xca, 0xbe, 0xa4, 0x55, 0xc8, 0xbe,
  0x93, 0xee, 0xc5, 0xbe, 0xa7, 0x97, 0xc3, 0xbe, 0x54, 0x54, 0xc1, 0xbe,
  0xd3, 0x27, 0xbf, 0xbe, 0x09, 0x15, 0xbd, 0xbe, 0x95, 0x1e, 0xbb, 0xbe,
  0xbc, 0x46, 0xb9, 0xbe, 0x6f, 0x8f, 0xb7, 0xbe, 0x4b, 0xfa, 0xb5, 0xbe,
  0x94, 0x88, 0xb4, 0xbe, 0x39, 0x3b, 0xb3, 0xbe, 0xc3, 0x12, 0xb2, 0xbe,
  0x87, 0x0f, 0xb1, 0xbe, 0x63, 0x31, 0xb0, 0xbe, 0xef, 0x77, 0xaf, 0xbe,
  0x7c, 0xe2, 0xae, 0xbe, 0x0c, 0x70, 0xae, 0xbe, 0x5f, 0x1f, 0xae, 0xbe,
  0xe7, 0xee, 0xad, 0xbe, 0xf5, 0xdc, 0xad, 0xbe, 0x82, 0xe7, 0xad, 0xbe,
  0x7c, 0x0c, 0xae, 0xbe, 0x8d, 0x49, 0xae, 0xbe, 0x49, 0x9c, 0xae, 0xbe,
  0x1d, 0x02, 0xaf, 0xbe, 0x6b, 0x78, 0xaf, 0xbe, 0x83, 0xfc, 0xaf, 0xbe,
  0xa5, 0x8b, 0xb0, 0xbe, 0x19, 0x23, 0xb1, 0xbe, 0x23, 0xc0, 0xb1, 0xbe,
  0x15, 0x60, 0xb2, 0xbe, 0x4b, 0x00, 0xb3, 0xbe, 0x3c, 0x9e, 0xb3, 0xbe,
  0x72, 0x37, 0xb4, 0xbe, 0x97, 0xc9, 0xb4, 0xbe, 0x82, 0x52, 0xb5, 0xbe,
  0x1d, 0xd0, 0xb5, 0xbe, 0x93, 0x40, 0xb6, 0xbe, 0x25, 0xa2, 0xb6, 0xbe,
  0x54, 0xf3, 0xb6, 0xbe, 0xc8, 0x32, 0xb7, 0xbe, 0x5f, 0x5f, 0xb7, 0xbe,
  0x36, 0x78, 0xb7, 0xbe, 0x7f, 0x7c, 0xb7, 0xbe, 0xc9, 0x6b, 0xb7, 0xbe,
  0xb8, 0x45, 0xb7, 0xbe, 0x2d, 0x0a, 0xb7, 0xbe, 0x39, 0xb9, 0xb6, 0xbe,
  0x25, 0x53, 0xb6, 0xbe, 0x58, 0xd8, 0xb5, 0xbe, 0x73, 0x49, 0xb5, 0xbe,
  0x3f, 0xa7, 0xb4, 0xbe, 0xa1, 0xf2, 0xb3, 0xbe, 0xa5, 0x2c, 0xb3, 0xbe,
  0x7a, 0x56, 0xb2, 0xbe, 0x66, 0x71, 0xb1, 0xbe, 0xd0, 0x7e, 0xb0, 0xbe,
  0x24, 0x80, 0xaf, 0xbe, 0xee, 0x76, 0xae, 0xbe, 0xb3, 0x64, 0xad, 0xbe,
  0x1b, 0x4b, 0xac, 0xbe, 0xc5, 0x2b, 0xab, 0xbe, 0x40, 0x08, 0xaa, 0xbe,
  0xf8, 0xe1, 0xa8, 0xbe, 0xeb, 0x9a, 0xa7, 0xbe, 0xeb, 0xa3, 0xa4, 0xbe,
  0x11, 0xcc, 0x9c, 0xbe, 0x73, 0x4c, 0x8e, 0xbe, 0x4f, 0xba, 0x73, 0xbe,
  0xf2, 0xba, 0x41, 0xbe, 0x27, 0xe9, 0x08, 0xbe, 0x90, 0x65, 0x96, 0xbd,
  0x41, 0x1c, 0x3a, 0x3d, 0xa5, 0x5a, 0xf5, 0x3d, 0x23, 0xe8, 0x46, 0x3e,
  0x17, 0x17, 0x89, 0x3e, 0xb5, 0xd9, 0xad, 0x3e, 0x07, 0x6f, 0xd1, 0x3e,
  0x91, 0x70, 0xf3, 0x3e, 0xbd, 0xb7, 0x09, 0x3f, 0x75, 0x93, 0x18, 0x3f,
  0x34, 0x38, 0x26, 0x3f, 0x0b, 0xa2, 0x32, 0x3f, 0xb9, 0xd8, 0x3d, 0x3f,
  0xc7, 0xeb, 0x47, 0x3f, 0x55, 0xef, 0x50, 0x3f, 0xaa, 0xf9, 0x58, 0x3f,
  0x53, 0x21, 0x60, 0x3f, 0x38, 0x7a, 0x66, 0x3f, 0x4b, 0x13, 0x6c, 0x3f,
  0xa2, 0xf6, 0x70, 0x3f, 0x70, 0x2a, 0x75, 0x3f, 0x26, 0xb2, 0x78, 0x3f,
  0x75, 0x8e, 0x7b, 0x3f, 0x50, 0xbd, 0x7d, 0x3f, 0x2c, 0x39, 0x7f, 0x3f,
  0x5b, 0xf9, 0x7f, 0x3f, 0xfe, 0xff, 0x7f, 0x3f, 0x51, 0x39, 0x7f, 0x3f,
  0xdc, 0x84, 0x7d, 0x3f, 0x12, 0xdc, 0x7a, 0x3f, 0xbd, 0x40, 0x77, 0x3f,
  0x72, 0xbb, 0x72, 0x3f, 0x17, 0x5a, 0x6d, 0x3f, 0xc3, 0x2e, 0x67, 0x3f,
  0xd4, 0x4e, 0x60, 0x3f, 0xfe, 0xd1, 0x58, 0x3f, 0xa8, 0xd1, 0x50, 0x3f,
  0x4b, 0x68, 0x48, 0x3f, 0xf3, 0xb0, 0x3f, 0x3f, 0xba, 0xc6, 0x36, 0x3f,
  0x6f, 0xc4, 0x2d, 0x3f, 0x3e, 0xc4, 0x24, 0x3f, 0x51, 0xdf, 0x1b, 0x3f,
  0xa4, 0x2d, 0x13, 0x3f, 0xb0, 0xc5, 0x0a, 0x3f, 0x46, 0xbc, 0x02, 0x3f,
  0xbd, 0x48, 0xf6, 0x3e, 0xe2, 0x1d, 0xe8, 0x3e, 0xd0, 0x15, 0xdb, 0x3e,
  0xd3, 0x49, 0xcf, 0x3e, 0xdf, 0xce, 0xc4, 0x3e, 0x4d, 0xb5, 0xbb, 0x3e,
  0xdc, 0x08, 0xb4, 0x3e, 0xd9, 0xd0, 0xad, 0x3e, 0x04, 0x10, 0xa9, 0x3e,
  0xe8, 0xc4, 0xa5, 0x3e, 0xe0, 0xe9, 0xa3, 0x3e, 0x5d, 0x75, 0xa3, 0x3e,
  0x19, 0x5a, 0xa4, 0x3e, 0x75, 0x87, 0xa6, 0x3e, 0xac, 0xe9, 0xa9, 0x3e,
  0x41, 0x6a, 0xae, 0x3e, 0x3f, 0xf0, 0xb3, 0x3e, 0xaf, 0x60, 0xba, 0x3e,
  0xe5, 0x9e, 0xc1, 0x3e, 0xdc, 0x8c, 0xc9, 0x3e, 0xb3, 0x0b, 0xd2, 0x3e,
  0xfb, 0xfb, 0xda, 0x3e, 0x10, 0x3e, 0xe4, 0x3e, 0x74, 0xb2, 0xed, 0x3e,
  0x40, 0x3a, 0xf7, 0x3e, 0xae, 0x5b, 0x00, 0x3f, 0x72, 0x06, 0x05, 0x3f,
  0xa8, 0x8f, 0x09, 0x3f, 0x6f, 0xea, 0x0d, 0x3f, 0xd4, 0x0a, 0x12, 0x3f,
  0x02, 0xe6, 0x15, 0x3f, 0x36, 0x72, 0x19, 0x3f, 0xf4, 0xa6, 0x1c, 0x3f,
  0x00, 0x7d, 0x1f, 0x3f, 0x6e, 0xee, 0x21, 0x3f, 0x9f, 0xf6, 0x23, 0x3f,
  0x57, 0x92, 0x25, 0x3f, 0x9c, 0xbf, 0x26, 0x3f, 0xce, 0x7d, 0x27, 0x3f,
  0x8b, 0xcd, 0x27, 0x3f, 0xaa, 0xb0, 0x27, 0x3f, 0x26, 0x2a, 0x27, 0x3f,
  0x12, 0x3e, 0x26, 0x3f, 0x78, 0xf1, 0x24, 0x3f, 0x51, 0x4a, 0x23, 0x3f,
  0x61, 0x4f, 0x21, 0x3f, 0x28, 0x08, 0x1f, 0x3f, 0xb2, 0x7c, 0x1c, 0x3f,
  0x90, 0xb5, 0x19, 0x3f, 0xb5, 0xbb, 0x16, 0x3f, 0x51, 0x98, 0x13, 0x3f,
  0xb8, 0x54, 0x10, 0x3f, 0x54, 0xfa, 0x0c, 0x3f, 0x77, 0x92, 0x09, 0x3f,
  0x44, 0x26, 0x06, 0x3f, 0xa8, 0xbe, 0x02, 0x3f, 0x50, 0xc8, 0xfe, 0x3e,
  0xbf, 0x3d, 0xf8, 0x3e, 0xcb, 0xec, 0xf1, 0x3e, 0x81, 0xe3, 0xeb, 0x3e,
  0xa1, 0x2e, 0xe6, 0x3e, 0x91, 0xd9, 0xe0, 0x3e, 0x30, 0xee, 0xdb, 0x3e,
  0xfc, 0x74, 0xd7, 0x3e, 0xc6, 0x74, 0xd3, 0x3e, 0xda, 0xf2, 0xcf, 0x3e,
  0xf1, 0xf2, 0xcc, 0x3e, 0x23, 0x77, 0xca, 0x3e, 0x0f, 0x80, 0xc8, 0x3e,
  0xc8, 0x0c, 0xc7, 0x3e, 0xff, 0x1a, 0xc6, 0x3e, 0xff, 0xa6, 0xc5, 0x3e,
  0xcb, 0xab, 0xc5, 0x3e, 0x51, 0x23, 0xc6, 0x3e, 0x4f, 0x06, 0xc7, 0x3e,
  0xa7, 0x4c, 0xc8, 0x3e, 0x68, 0xed, 0xc9, 0x3e, 0xe1, 0xde, 0xcb, 0x3e,
  0xde, 0x16, 0xce, 0x3e, 0xad, 0x8a, 0xd0, 0x3e, 0x63, 0x2f, 0xd3, 0x3e,
  0xed, 0xf9, 0xd5, 0x3e, 0x19, 0xdf, 0xd8, 0x3e, 0xdb, 0xd3, 0xdb, 0x3e,
  0x58, 0xcd, 0xde, 0x3e, 0x11, 0xc1, 0xe1, 0x3e, 0xe7, 0xa4, 0xe4, 0x3e,
  0x4f, 0x6f, 0xe7, 0x3e, 0x5d, 0x17, 0xea, 0x3e, 0xc1, 0x94, 0xec, 0x3e,
  0x09, 0xe0, 0xee, 0x3e, 0x82, 0xf2, 0xf0, 0x3e, 0x69, 0xc6, 0xf2, 0x3e,
  0xd2, 0x56, 0xf4, 0x3e, 0xc9, 0x9f, 0xf5, 0x3e, 0x3d, 0x9e, 0xf6, 0x3e,
  0x1d, 0x50, 0xf7, 0x3e, 0x33, 0xb4, 0xf7, 0x3e, 0x4d, 0xca, 0xf7, 0x3e,
  0x07, 0x93, 0xf7, 0x3e, 0xd3, 0x0f, 0xf7, 0x3e, 0x03, 0x43, 0xf6, 0x3e,
  0x93, 0x2f, 0xf5, 0x3e, 0x41, 0xd9, 0xf3, 0x3e, 0x5c, 0x44, 0xf2, 0x3e,
  0xcf, 0x75, 0xf0, 0x3e, 0xf8, 0x72, 0xee, 0x3e, 0x93, 0x41, 0xec, 0x3e,
  0xbf, 0xe7, 0xe9, 0x3e, 0xdd, 0x6b, 0xe7, 0x3e, 0x64, 0xd4, 0xe4, 0x3e,
  0xf8, 0x27, 0xe2, 0x3e, 0x2c, 0x6d, 0xdf, 0x3e, 0x94, 0xaa, 0xdc, 0x3e,
  0x97, 0xe6, 0xd9, 0x3e, 0x75, 0x27, 0xd7, 0x3e, 0x1c, 0x73, 0xd4, 0x3e,
  0x2f, 0xcf, 0xd1, 0x3e, 0xfd, 0x40, 0xcf, 0x3e, 0x4c, 0xcd, 0xcc, 0x3e,
  0x91, 0x78, 0xca, 0x3e, 0xa9, 0x46, 0xc8, 0x3e, 0xfd, 0x3a, 0xc6, 0x3e,
  0x5b, 0x58, 0xc4, 0x3e, 0x1b, 0xa1, 0xc2, 0x3e, 0xf3, 0x16, 0xc1, 0x3e,
  0x15, 0xbb, 0xbf, 0x3e, 0x21, 0x8e, 0xbe, 0x3e, 0x2d, 0x90, 0xbd, 0x3e,
  0xcb, 0xc0, 0xbc, 0x3e, 0x0d, 0x1f, 0xbc, 0x3e, 0x85, 0xa9, 0xbb, 0x3e,
  0x63, 0x5e, 0xbb, 0x3e, 0x68, 0x3b, 0xbb, 0x3e, 0xef, 0x3d, 0xbb, 0x3e,
  0x11, 0x63, 0xbb, 0x3e, 0x91, 0xa7, 0xbb, 0x3e, 0xf8, 0x07, 0xbc, 0x3e,
  0xa9, 0x80, 0xbc, 0x3e, 0xd3, 0x0d, 0xbd, 0x3e, 0x9f, 0xab, 0xbd, 0x3e,
  0x18, 0x56, 0xbe, 0x3e, 0x59, 0x09, 0xbf, 0x3e, 0x77, 0xc1, 0xbf, 0x3e,
  0xac, 0x7a, 0xc0, 0x3e, 0x48, 0x31, 0xc1, 0x3e, 0xc5, 0xe1, 0xc1, 0x3e,
  0xcb, 0x88, 0xc2, 0x3e, 0x46, 0x23, 0xc3, 0x3e, 0x5b, 0xae, 0xc3, 0x3e,
  0x77, 0x27, 0xc4, 0x3e, 0x50, 0x8c, 0xc4, 0x3e, 0xeb, 0xda, 0xc4, 0x3e,
  0xa0, 0x11, 0xc5, 0x3e, 0x1b, 0x2f, 0xc5, 0x3e, 0x65, 0x32, 0xc5, 0x3e,
  0xc3, 0x1a, 0xc5, 0x3e, 0xe8, 0xe7, 0xc4, 0x3e, 0xd0, 0x99, 0xc4, 0x3e,
  0xc6, 0x30, 0xc4, 0x3e, 0x59, 0xad, 0xc3, 0x3e, 0x66, 0x10, 0xc3, 0x3e,
  0x13, 0x5b, 0xc2, 0x3e, 0xb5, 0x8e, 0xc1, 0x3e, 0xdc, 0xac, 0xc0, 0x3e,
  0x55, 0xb7, 0xbf, 0x3e, 0x09, 0xb0, 0xbe, 0x3e, 0x09, 0x99, 0xbd, 0x3e,
  0x78, 0x74, 0xbc, 0x3e, 0x9f, 0x44, 0xbb, 0x3e, 0xd1, 0x0b, 0xba, 0x3e,
  0x51, 0xcc, 0xb8, 0x3e, 0x7d, 0x88, 0xb7, 0x3e, 0xab, 0x42, 0xb6, 0x3e,
  0x0c, 0xfd, 0xb4, 0x3e, 0xd0, 0xb9, 0xb3, 0x3e, 0x0b, 0x7b, 0xb2, 0x3e,
  0xb6, 0x42, 0xb1, 0x3e, 0xa7, 0x12, 0xb0, 0x3e, 0x87, 0xec, 0xae, 0x3e,
  0xca, 0xd1, 0xad, 0x3e, 0xe0, 0xc3, 0xac, 0x3e, 0xe1, 0xc3, 0xab, 0x3e,
  0xbb, 0xd2, 0xaa, 0x3e, 0x3f, 0xf1, 0xa9, 0x3e, 0xfa, 0x1f, 0xa9, 0x3e,
  0x4d, 0x5f, 0xa8, 0x3e, 0x67, 0xaf, 0xa7, 0x3e, 0x42, 0x10, 0xa7, 0x3e,
  0xb0, 0x81, 0xa6, 0x3e, 0x4c, 0x03, 0xa6, 0x3e, 0x94, 0x94, 0xa5, 0x3e,
  0xd8, 0x34, 0xa5, 0x3e, 0x47, 0xe3, 0xa4, 0x3e, 0xed, 0x9e, 0xa4, 0x3e,
  0xb9, 0x66, 0xa4, 0x3e, 0x84, 0x39, 0xa4, 0x3e, 0x13, 0x16, 0xa4, 0x3e,
  0x1c, 0xfb, 0xa3, 0x3e, 0x41, 0xe7, 0xa3, 0x3e, 0x26, 0xd9, 0xa3, 0x3e,
  0x70, 0xcf, 0xa3, 0x3e, 0x63, 0xc8, 0xa3, 0x3e, 0xd5, 0x9c, 0xa3, 0x3e,
  0x4f, 0x60, 0xa1, 0x3e, 0xcf, 0x0e, 0x99, 0x3e, 0x12, 0x61, 0x88, 0x3e,
  0x15, 0xb7, 0x60, 0x3e, 0xd6, 0xd3, 0x25, 0x3e, 0x11, 0x7d, 0xc6, 0x3d,
  0x7d, 0x40, 0xdc, 0x3c, 0xa1, 0xf0, 0x3c, 0xbd, 0x3b, 0xc8, 0xf6, 0xbd,
  0xda, 0x9d, 0x47, 0xbe, 0x53, 0x70, 0x89, 0xbe, 0x77, 0x30, 0xae, 0xbe,
  0xae, 0xc2, 0xd1, 0xbe, 0x35, 0xc0, 0xf3, 0xbe, 0x06, 0xdd, 0x09, 0xbf,
  0xe9, 0xb5, 0x18, 0xbf, 0xb7, 0x57, 0x26, 0xbf, 0xa0, 0xbe, 0x32, 0xbf,
  0x79, 0xf2, 0x3d, 0xbf, 0xdb, 0x02, 0x48, 0xbf, 0xf5, 0x03, 0x51, 0xbf,
  0x0b, 0x0c, 0x59, 0xbf, 0xab, 0x31, 0x60, 0xbf, 0xb0, 0x88, 0x66, 0xbf,
  0x02, 0x20, 0x6c, 0xbf, 0xa8, 0x01, 0x71, 0xbf, 0xd4, 0x33, 0x75, 0xbf,
  0xef, 0xb9, 0x78, 0xbf, 0xa2, 0x94, 0x7b, 0xbf, 0xd3, 0xc1, 0x7d, 0xbf,
  0xfb, 0x3b, 0x7f, 0xbf, 0x61, 0xfa, 0x7f, 0xbf, 0xfc, 0xfe, 0x7f, 0xbf,
  0x01, 0x36, 0x7f, 0xbf, 0x32, 0x7f, 0x7d, 0xbf, 0x0e, 0xd4, 0x7a, 0xbf,
  0x78, 0x36, 0x77, 0xbf, 0x0a, 0xaf, 0x72, 0xbf, 0xb8, 0x4b, 0x6d, 0xbf,
  0xa6, 0x1e, 0x67, 0xbf, 0x2f, 0x3d, 0x60, 0xbf, 0x0f, 0xbf, 0x58, 0xbf,
  0xae, 0xbd, 0x50, 0xbf, 0x8a, 0x53, 0x48, 0xbf, 0xaa, 0x9b, 0x3f, 0xbf,
  0x2a, 0xb1, 0x36, 0xbf, 0xdc, 0xae, 0x2d, 0xbf, 0xe0, 0xae, 0x24, 0xbf,
  0x68, 0xca, 0x1b, 0xbf, 0x64, 0x19, 0x13, 0xbf, 0x4e, 0xb2, 0x0a, 0xbf,
  0xee, 0xa9, 0x02, 0xbf, 0x7d, 0x26, 0xf6, 0xbe, 0x59, 0xfe, 0xe7, 0xbe,
  0x33, 0xf9, 0xda, 0xbe, 0x65, 0x30, 0xcf, 0xbe, 0xc2, 0xb8, 0xc4, 0xbe,
  0xa0, 0xa2, 0xbb, 0xbe, 0xbc, 0xf9, 0xb3, 0xbe, 0x3f, 0xc5, 0xad, 0xbe,
  0x01, 0x08, 0xa9, 0xbe, 0x62, 0xc0, 0xa5, 0xbe, 0xca, 0xe8, 0xa3, 0xbe,
  0x91, 0x77, 0xa3, 0xbe, 0x79, 0x5f, 0xa4, 0xbe, 0xc4, 0x8f, 0xa6, 0xbe,
  0xbf, 0xf4, 0xa9, 0xbe, 0xd8, 0x77, 0xae, 0xbe, 0x22, 0x00, 0xb4, 0xbe,
  0x90, 0x72, 0xba, 0xbe, 0x7e, 0xb2, 0xc1, 0xbe, 0xe9, 0xa1, 0xc9, 0xbe,
  0xe0, 0x21, 0xd2, 0xbe, 0xff, 0x12, 0xdb, 0xbe, 0x97, 0x55, 0xe4, 0xbe,
  0x3e, 0xca, 0xed, 0xbe, 0xf6, 0x51, 0xf7, 0xbe, 0x62, 0x67, 0x00, 0xbf,
  0xd8, 0x11, 0x05, 0xbf, 0xa3, 0x9a, 0x09, 0xbf, 0xde, 0xf4, 0x0d, 0xbf,
  0xa1, 0x14, 0x12, 0xbf, 0x11, 0xef, 0x15, 0xbf, 0x72, 0x7a, 0x19, 0xbf,
  0x4e, 0xae, 0x1c, 0xbf, 0x6b, 0x83, 0x1f, 0xbf, 0xd8, 0xf3, 0x21, 0xbf,
  0x02, 0xfb, 0x23, 0xbf, 0xad, 0x95, 0x25, 0xbf, 0xe2, 0xc1, 0x26, 0xbf,
  0x08, 0x7f, 0x27, 0xbf, 0xbc, 0xcd, 0x27, 0xbf, 0xd8, 0xaf, 0x27, 0xbf,
  0x5c, 0x28, 0x27, 0xbf, 0x58, 0x3b, 0x26, 0xbf, 0xdf, 0xed, 0x24, 0xbf,
  0xe7, 0x45, 0x23, 0xbf, 0x3c, 0x4a, 0x21, 0xbf, 0x5d, 0x02, 0x1f, 0xbf,
  0x50, 0x76, 0x1c, 0xbf, 0xb1, 0xae, 0x19, 0xbf, 0x6a, 0xb4, 0x16, 0xbf,
  0xb2, 0x90, 0x13, 0xbf, 0xde, 0x4c, 0x10, 0xbf, 0x57, 0xf2, 0x0c, 0xbf,
  0x69, 0x8a, 0x09, 0xbf, 0x40, 0x1e, 0x06, 0xbf, 0xbf, 0xb6, 0x02, 0xbf,
  0xdf, 0xb8, 0xfe, 0xbe, 0xd5, 0x2e, 0xf8, 0xbe, 0x8b, 0xde, 0xf1, 0xbe,
  0x08, 0xd6, 0xeb, 0xbe, 0x0f, 0x22, 0xe6, 0xbe, 0xf4, 0xcd, 0xe0, 0xbe,
  0xad, 0xe3, 0xdb, 0xbe, 0x9a, 0x6b, 0xd7, 0xbe, 0x95, 0x6c, 0xd3, 0xbe,
  0xe5, 0xeb, 0xcf, 0xbe, 0x37, 0xed, 0xcc, 0xbe, 0xae, 0x72, 0xca, 0xbe,
  0xdc, 0x7c, 0xc8, 0xbe, 0xd1, 0x0a, 0xc7, 0xbe, 0x3c, 0x1a, 0xc6, 0xbe,
  0x60, 0xa7, 0xc5, 0xbe, 0x4d, 0xad, 0xc5, 0xbe, 0xd9, 0x25, 0xc6, 0xbe,
  0xc8, 0x09, 0xc7, 0xbe, 0x04, 0x51, 0xc8, 0xbe, 0x88, 0xf2, 0xc9, 0xbe,
  0xaf, 0xe4, 0xcb, 0xbe, 0x3c, 0x1d, 0xce, 0xbe, 0x8b, 0x91, 0xd0, 0xbe,
  0xa2, 0x36, 0xd3, 0xbe, 0x6f, 0x01, 0xd6, 0xbe, 0xc4, 0xe6, 0xd8, 0xbe,
  0x97, 0xdb, 0xdb, 0xbe, 0x0d, 0xd5, 0xde, 0xbe, 0xa4, 0xc8, 0xe1, 0xbe,
  0x45, 0xac, 0xe4, 0xbe, 0x60, 0x76, 0xe7, 0xbe, 0xff, 0x1d, 0xea, 0xbe,
  0xf1, 0x9a, 0xec, 0xbe, 0xaf, 0xe5, 0xee, 0xbe, 0x95, 0xf7, 0xf0, 0xbe,
  0xdb, 0xca, 0xf2, 0xbe, 0x95, 0x5a, 0xf4, 0xbe, 0xd7, 0xa2, 0xf5, 0xbe,
  0x8f, 0xa0, 0xf6, 0xbe, 0xb0, 0x51, 0xf7, 0xbe, 0x11, 0xb5, 0xf7, 0xbe,
  0x68, 0xca, 0xf7, 0xbe, 0x62, 0x92, 0xf7, 0xbe, 0x7d, 0x0e, 0xf7, 0xbe,
  0xfb, 0x40, 0xf6, 0xbe, 0xe7, 0x2c, 0xf5, 0xbe, 0xf7, 0xd5, 0xf3, 0xbe,
  0x89, 0x40, 0xf2, 0xbe, 0x75, 0x71, 0xf0, 0xbe, 0x2c, 0x6e, 0xee, 0xbe,
  0x5f, 0x3c, 0xec, 0xbe, 0x3d, 0xe2, 0xe9, 0xbe, 0x12, 0x66, 0xe7, 0xbe,
  0x63, 0xce, 0xe4, 0xbe, 0xc9, 0x21, 0xe2, 0xbe, 0xec, 0x66, 0xdf, 0xbe,
  0x50, 0xa4, 0xdc, 0xbe, 0x5e, 0xe0, 0xd9, 0xbe, 0x4f, 0x21, 0xd7, 0xbe,
  0x1b, 0x6d, 0xd4, 0xbe, 0x64, 0xc9, 0xd1, 0xbe, 0x68, 0x3b, 0xcf, 0xbe,
  0x07, 0xc8, 0xcc, 0xbe, 0x9d, 0x73, 0xca, 0xbe, 0x0f, 0x42, 0xc8, 0xbe,
  0xc5, 0x36, 0xc6, 0xbe, 0x8b, 0x54, 0xc4, 0xbe, 0xbd, 0x9d, 0xc2, 0xbe,
  0x00, 0x14, 0xc1, 0xbe, 0x94, 0xb8, 0xbf, 0xbe, 0x0f, 0x8c, 0xbe, 0xbe,
  0x8d, 0x8e, 0xbd, 0xbe, 0x9d, 0xbf, 0xbc, 0xbe, 0x47, 0x1e, 0xbc, 0xbe,
  0x2e, 0xa9, 0xbb, 0xbe, 0x71, 0x5e, 0xbb, 0xbe, 0xcc, 0x3b, 0xbb, 0xbe,
  0xaf, 0x3e, 0xbb, 0xbe, 0x1a, 0x64, 0xbb, 0xbe, 0xe4, 0xa8, 0xbb, 0xbe,
  0x87, 0x09, 0xbc, 0xbe, 0x67, 0x82, 0xbc, 0xbe, 0xbd, 0x0f, 0xbd, 0xbe,
  0xa7, 0xad, 0xbd, 0xbe, 0x38, 0x58, 0xbe, 0xbe, 0x8a, 0x0b, 0xbf, 0xbe,
  0xa8, 0xc3, 0xbf, 0xbe, 0xdc, 0x7c, 0xc0, 0xbe, 0x67, 0x33, 0xc1, 0xbe,
  0xcd, 0xe3, 0xc1, 0xbe, 0xbc, 0x8a, 0xc2, 0xbe, 0x15, 0x25, 0xc3, 0xbe,
  0xfb, 0xaf, 0xc3, 0xbe, 0xe8, 0x28, 0xc4, 0xbe, 0x8b, 0x8d, 0xc4, 0xbe,
  0xea, 0xdb, 0xc4, 0xbe, 0x63, 0x12, 0xc5, 0xbe, 0x9d, 0x2f, 0xc5, 0xbe,
  0xa1, 0x32, 0xc5, 0xbe, 0xc0, 0x1a, 0xc5, 0xbe, 0xa5, 0xe7, 0xc4, 0xbe,
  0x47, 0x99, 0xc4, 0xbe, 0xfc, 0x2f, 0xc4, 0xbe, 0x4f, 0xac, 0xc3, 0xbe,
  0x24, 0x0f, 0xc3, 0xbe, 0x95, 0x59, 0xc2, 0xbe, 0x01, 0x8d, 0xc1, 0xbe,
  0xf8, 0xaa, 0xc0, 0xbe, 0x40, 0xb5, 0xbf, 0xbe, 0xcf, 0xad, 0xbe, 0xbe,
  0xa3, 0x96, 0xbd, 0xbe, 0xfb, 0x71, 0xbc, 0xbe, 0x0d, 0x42, 0xbb, 0xbe,
  0x24, 0x09, 0xba, 0xbe, 0xa1, 0xc9, 0xb8, 0xbe, 0xc6, 0x85, 0xb7, 0xbe,
  0xf2, 0x3f, 0xb6, 0xbe, 0x59, 0xfa, 0xb4, 0xbe, 0x23, 0xb7, 0xb3, 0xbe,
  0x73, 0x78, 0xb2, 0xbe, 0x35, 0x40, 0xb1, 0xbe, 0x37, 0x10, 0xb0, 0xbe,
  0x31, 0xea, 0xae, 0xbe, 0x97, 0xcf, 0xad, 0xbe, 0xce, 0xc1, 0xac, 0xbe,
  0xed, 0xc1, 0xab, 0xbe, 0xef, 0xd0, 0xaa, 0xbe, 0x9c, 0xef, 0xa9, 0xbe,
  0x83, 0x1e, 0xa9, 0xbe, 0x01, 0x5e, 0xa8, 0xbe, 0x40, 0xae, 0xa7, 0xbe,
  0x43, 0x0f, 0xa7, 0xbe, 0xd6, 0x80, 0xa6, 0xbe, 0x97, 0x02, 0xa6, 0xbe,
  0x04, 0x94, 0xa5, 0xbe, 0x6d, 0x34, 0xa5, 0xbe, 0xfe, 0xe2, 0xa4, 0xbe,
  0xc1, 0x9e, 0xa4, 0xbe, 0xa8, 0x66, 0xa4, 0xbe, 0x8a, 0x39, 0xa4, 0xbe,
  0x2d, 0x16, 0xa4, 0xbe, 0x48, 0xfb, 0xa3, 0xbe, 0x7d, 0xe7, 0xa3, 0xbe,
  0x70, 0xd9, 0xa3, 0xbe, 0xbd, 0xcf, 0xa3, 0xbe, 0xb0, 0xc8, 0xa3, 0xbe,
  0x0b, 0x9c, 0xa3, 0xbe, 0x23, 0x56, 0xa1, 0xbe, 0x7f, 0xef, 0x98, 0xbe,
  0x3e, 0x2b, 0x88, 0xbe, 0x9a, 0x29, 0x60, 0xbe, 0xbe, 0x2d, 0x25, 0xbe,
  0xf0, 0x0e, 0xc5, 0xbd, 0x3f, 0x31, 0xd6, 0xbc, 0x70, 0xb4, 0x93, 0x3d,
  0xb2, 0xab, 0x2f, 0x3e, 0xf9, 0x20, 0x8a, 0x3e, 0xe4, 0xd1, 0xba, 0x3e,
  0x51, 0x3c, 0xe9, 0x3e, 0x2c, 0x2f, 0x0a, 0x3f, 0xe5, 0xae, 0x1d, 0x3f,
  0x26, 0x0a, 0x2f, 0x3f, 0x7d, 0x47, 0x3e, 0x3f, 0xa7, 0x86, 0x4b, 0x3f,
  0x0d, 0xf5, 0x56, 0x3f, 0xb6, 0xc4, 0x60, 0x3f, 0x92, 0x25, 0x69, 0x3f,
  0xdc, 0x3a, 0x70, 0x3f, 0xbd, 0x17, 0x76, 0x3f, 0x37, 0xc6, 0x7a, 0x3f,
  0x34, 0x47, 0x7e, 0x3f, 0x86, 0xc0, 0x7f, 0x3f, 0x65, 0xfc, 0x7f, 0x3f,
  0x7d, 0x1b, 0x7f, 0x3f, 0xc0, 0x99, 0x7d, 0x3f, 0x7a, 0x71, 0x7a, 0x3f,
  0xdc, 0x98, 0x75, 0x3f, 0x54, 0x2b, 0x6f, 0x3f, 0x99, 0x52, 0x67, 0x3f,
  0xab, 0x42, 0x5e, 0x3f, 0xff, 0x35, 0x54, 0x3f, 0xab, 0x6a, 0x49, 0x3f,
  0x5d, 0x20, 0x3e, 0x3f, 0x86, 0x96, 0x32, 0x3f, 0xd4, 0x0a, 0x27, 0x3f,
  0xec, 0xb7, 0x1b, 0x3f, 0x4a, 0xd4, 0x10, 0x3f, 0x77, 0x91, 0x06, 0x3f,
  0x53, 0x36, 0xfa, 0x3e, 0xad, 0x2d, 0xe9, 0x3e, 0x68, 0x46, 0xda, 0x3e,
  0xfd, 0xaf, 0xcd, 0x3e, 0xb3, 0x8b, 0xc3, 0x3e, 0xb8, 0xec, 0xbb, 0x3e,
  0x5b, 0xd8, 0xb6, 0x3e, 0xbd, 0x46, 0xb4, 0x3e, 0x67, 0x23, 0xb4, 0x3e,
  0x9c, 0x4e, 0xb6, 0x3e, 0x2c, 0x9e, 0xba, 0x3e, 0x08, 0xdf, 0xc0, 0x3e,
  0x83, 0xd6, 0xc8, 0x3e, 0xfb, 0x43, 0xd2, 0x3e, 0x4c, 0xe2, 0xdc, 0x3e,
  0x6f, 0x69, 0xe8, 0x3e, 0x10, 0x90, 0xf4, 0x3e, 0x83, 0x86, 0x00, 0x3f,
  0x68, 0xcc, 0x06, 0x3f, 0x6e, 0xf7, 0x0c, 0x3f, 0x68, 0xe7, 0x12, 0x3f,
  0xd3, 0x7e, 0x18, 0x3f, 0x44, 0xa3, 0x1d, 0x3f, 0xc8, 0x3d, 0x22, 0x3f,
  0x3b, 0x3b, 0x26, 0x3f, 0x77, 0x8c, 0x29, 0x3f, 0x72, 0x26, 0x2c, 0x3f,
  0x44, 0x02, 0x2e, 0x3f, 0x21, 0x1d, 0x2f, 0x3f, 0x2d, 0x78, 0x2f, 0x3f,
  0x55, 0x18, 0x2f, 0x3f, 0xfc, 0x05, 0x2e, 0x3f, 0xb6, 0x4c, 0x2c, 0x3f,
  0xd9, 0xfa, 0x29, 0x3f, 0x23, 0x21, 0x27, 0x3f, 0x3c, 0xd2, 0x23, 0x3f,
  0x4d, 0x22, 0x20, 0x3f, 0x7c, 0x26, 0x1c, 0x3f, 0x7e, 0xf4, 0x17, 0x3f,
  0x1f, 0xa2, 0x13, 0x3f, 0xd3, 0x44, 0x0f, 0x3f, 0x4e, 0xf1, 0x0a, 0x3f,
  0x20, 0xbb, 0x06, 0x3f, 0x62, 0xb4, 0x02, 0x3f, 0xcf, 0xda, 0xfd, 0x3e,
  0x14, 0xe9, 0xf6, 0x3e, 0xd9, 0xab, 0xf0, 0x3e, 0xb6, 0x36, 0xeb, 0x3e,
  0x78, 0x98, 0xe6, 0x3e, 0xdf, 0xda, 0xe2, 0x3e, 0xec, 0x02, 0xe0, 0x3e,
  0xbb, 0x10, 0xde, 0x3e, 0xfc, 0xff, 0xdc, 0x3e, 0x04, 0xc8, 0xdc, 0x3e,
  0x3f, 0x5c, 0xdd, 0x3e, 0xbc, 0xac, 0xde, 0x3e, 0x69, 0xa6, 0xe0, 0x3e,
  0xd8, 0x33, 0xe3, 0x3e, 0x9c, 0x3d, 0xe6, 0x3e, 0xe0, 0xaa, 0xe9, 0x3e,
  0x07, 0x62, 0xed, 0x3e, 0x1f, 0x49, 0xf1, 0x3e, 0x80, 0x46, 0xf5, 0x3e,
  0x27, 0x41, 0xf9, 0x3e, 0x6c, 0x21, 0xfd, 0x3e, 0x8d, 0x68, 0x00, 0x3f,
  0x07, 0x1e, 0x02, 0x3f, 0x3c, 0xa8, 0x03, 0x3f, 0x7b, 0xff, 0x04, 0x3f,
  0x7f, 0x1d, 0x06, 0x3f, 0x68, 0xfd, 0x06, 0x3f, 0xca, 0x9b, 0x07, 0x3f,
  0xb8, 0xf6, 0x07, 0x3f, 0xac, 0x0d, 0x08, 0x3f, 0x7d, 0xe1, 0x07, 0x3f,
  0x56, 0x74, 0x07, 0x3f, 0x92, 0xc9, 0x06, 0x3f, 0x9d, 0xe5, 0x05, 0x3f,
  0xd6, 0xcd, 0x04, 0x3f, 0x62, 0x88, 0x03, 0x3f, 0x09, 0x1c, 0x02, 0x3f,
  0x0c, 0x90, 0x00, 0x3f, 0xed, 0xd7, 0xfd, 0x3e, 0xf6, 0x6e, 0xfa, 0x3e,
  0x8c, 0xf4, 0xf6, 0x3e, 0xaf, 0x77, 0xf3, 0x3e, 0xb9, 0x06, 0xf0, 0x3e,
  0x2d, 0xaf, 0xec, 0x3e, 0x68, 0x7d, 0xe9, 0x3e, 0x83, 0x7c, 0xe6, 0x3e,
  0x1d, 0xb6, 0xe3, 0x3e, 0x3d, 0x32, 0xe1, 0x3e, 0x39, 0xf7, 0xde, 0x3e,
  0xaf, 0x09, 0xdd, 0x3e, 0x8b, 0x6c, 0xdb, 0x3e, 0xfc, 0x20, 0xda, 0x3e,
  0x7b, 0x26, 0xd9, 0x3e, 0xf9, 0x7a, 0xd8, 0x3e, 0xfa, 0x1a, 0xd8, 0x3e,
  0x8c, 0x01, 0xd8, 0x3e, 0xc7, 0x28, 0xd8, 0x3e, 0x8f, 0x89, 0xd8, 0x3e,
  0x19, 0x1c, 0xd9, 0x3e, 0xf0, 0xd7, 0xd9, 0x3e, 0x31, 0xb4, 0xda, 0x3e,
  0xb9, 0xa7, 0xdb, 0x3e, 0x70, 0xa9, 0xdc, 0x3e, 0x4d, 0xb0, 0xdd, 0x3e,
  0xa4, 0xb3, 0xde, 0x3e, 0x43, 0xab, 0xdf, 0x3e, 0x8d, 0x8f, 0xe0, 0x3e,
  0xa3, 0x59, 0xe1, 0x3e, 0x8c, 0x03, 0xe2, 0x3e, 0x2d, 0x88, 0xe2, 0x3e,
  0x61, 0xe3, 0xe2, 0x3e, 0x1b, 0x12, 0xe3, 0x3e, 0x40, 0x12, 0xe3, 0x3e,
  0xd0, 0xe2, 0xe2, 0x3e, 0xbc, 0x83, 0xe2, 0x3e, 0xf7, 0xf5, 0xe1, 0x3e,
  0x48, 0x3b, 0xe1, 0x3e, 0x5d, 0x56, 0xe0, 0x3e, 0x7a, 0x4a, 0xdf, 0x3e,
  0xb4, 0x1b, 0xde, 0x3e, 0x77, 0xce, 0xdc, 0x3e, 0xbf, 0x67, 0xdb, 0x3e,
  0xb3, 0xec, 0xd9, 0x3e, 0xc0, 0x62, 0xd8, 0x3e, 0x45, 0xcf, 0xd6, 0x3e,
  0xad, 0x37, 0xd5, 0x3e, 0x35, 0xa1, 0xd3, 0x3e, 0xd9, 0x10, 0xd2, 0x3e,
  0x33, 0x8b, 0xd0, 0x3e, 0x8b, 0x14, 0xcf, 0x3e, 0x94, 0xb0, 0xcd, 0x3e,
  0x91, 0x62, 0xcc, 0x3e, 0x14, 0x2d, 0xcb, 0x3e, 0x30, 0x12, 0xca, 0x3e,
  0x58, 0x13, 0xc9, 0x3e, 0x4f, 0x31, 0xc8, 0x3e, 0x5c, 0x6c, 0xc7, 0x3e,
  0x10, 0xc4, 0xc6, 0x3e, 0x98, 0x37, 0xc6, 0x3e, 0x78, 0xc5, 0xc5, 0x3e,
  0xe5, 0x6b, 0xc5, 0x3e, 0x90, 0x28, 0xc5, 0x3e, 0xe8, 0xf8, 0xc4, 0x3e,
  0x17, 0xda, 0xc4, 0x3e, 0x14, 0xc9, 0xc4, 0x3e, 0xb5, 0xc2, 0xc4, 0x3e,
  0xb4, 0xc3, 0xc4, 0x3e, 0xe5, 0xc8, 0xc4, 0x3e, 0x15, 0xcf, 0xc4, 0x3e,
  0x4d, 0xd3, 0xc4, 0x3e, 0xb3, 0xd2, 0xc4, 0x3e, 0xb4, 0xca, 0xc4, 0x3e,
  0xf1, 0xb8, 0xc4, 0x3e, 0x6d, 0x9b, 0xc4, 0x3e, 0x72, 0x70, 0xc4, 0x3e,
  0xaf, 0x36, 0xc4, 0x3e, 0x31, 0xed, 0xc3, 0x3e, 0x54, 0x93, 0xc3, 0x3e,
  0xdf, 0x28, 0xc3, 0x3e, 0xe3, 0xad, 0xc2, 0x3e, 0xdc, 0x22, 0xc2, 0x3e,
  0x78, 0x88, 0xc1, 0x3e, 0xc7, 0xdf, 0xc0, 0x3e, 0x09, 0x2a, 0xc0, 0x3e,
  0xb4, 0x68, 0xbf, 0x3e, 0x73, 0x9d, 0xbe, 0x3e, 0x05, 0xca, 0xbd, 0x3e,
  0x48, 0xf0, 0xbc, 0x3e, 0x24, 0x12, 0xbc, 0x3e, 0x82, 0x31, 0xbb, 0x3e,
  0x4d, 0x50, 0xba, 0x3e, 0x50, 0x70, 0xb9, 0x3e, 0x49, 0x93, 0xb8, 0x3e,
  0xc5, 0xba, 0xb7, 0x3e, 0x3d, 0xe8, 0xb6, 0x3e, 0xef, 0x1c, 0xb6, 0x3e,
  0xf0, 0x59, 0xb5, 0x3e, 0x17, 0xa0, 0xb4, 0x3e, 0x10, 0xf0, 0xb3, 0x3e,
  0x48, 0x4a, 0xb3, 0x3e, 0xec, 0xae, 0xb2, 0x3e, 0x10, 0x1e, 0xb2, 0x3e,
  0x77, 0x97, 0xb1, 0x3e, 0xc0, 0x1a, 0xb1, 0x3e, 0x5e, 0xa7, 0xb0, 0x3e,
  0x95, 0x3c, 0xb0, 0x3e, 0x9c, 0xd9, 0xaf, 0x3e, 0x7a, 0x7d, 0xaf, 0x3e,
  0x28, 0x27, 0xaf, 0x3e, 0x90, 0xd5, 0xae, 0x3e, 0x8c, 0x87, 0xae, 0x3e,
  0xfc, 0x3b, 0xae, 0x3e, 0xbf, 0xf1, 0xad, 0x3e, 0xbb, 0xa7, 0xad, 0x3e,
  0xe0, 0x5c, 0xad, 0x3e, 0x32, 0x10, 0xad, 0x3e, 0xdc, 0xc0, 0xac, 0x3e,
  0x0c, 0x6e, 0xac, 0x3e, 0x12, 0x17, 0xac, 0x3e, 0x66, 0xbb, 0xab, 0x3e,
  0x93, 0x5a, 0xab, 0x3e, 0x53, 0xf4, 0xaa, 0x3e, 0x7b, 0x88, 0xaa, 0x3e,
  0xfc, 0x16, 0xaa, 0x3e, 0xe8, 0x9f, 0xa9, 0x3e, 0x70, 0x23, 0xa9, 0x3e,
  0xdc, 0xa1, 0xa8, 0x3e, 0x97, 0x1b, 0xa8, 0x3e, 0x13, 0x91, 0xa7, 0x3e,
  0xe3, 0x02, 0xa7, 0x3e, 0x98, 0x71, 0xa6, 0x3e, 0x40, 0xd9, 0xa5, 0x3e,
  0xe0, 0x6a, 0xa4, 0x3e, 0x65, 0xd9, 0x9c, 0x3e, 0xd4, 0x3d, 0x88, 0x3e,
  0x11, 0x46, 0x4d, 0x3e, 0x6a, 0x9a, 0xf1, 0x3d, 0xff, 0xdd, 0xce, 0x3c,
  0x70, 0xdb, 0x94, 0xbd, 0x77, 0x3f, 0x30, 0xbe, 0x3b, 0x69, 0x8a, 0xbe,
  0x4f, 0x17, 0xbb, 0xbe, 0x21, 0x7e, 0xe9, 0xbe, 0xae, 0x4d, 0x0a, 0xbf,
  0x68, 0xca, 0x1d, 0xbf, 0x8e, 0x22, 0x2f, 0xbf, 0xd8, 0x5c, 0x3e, 0xbf,
  0x32, 0x99, 0x4b, 0xbf, 0x06, 0x05, 0x57, 0xbf, 0x66, 0xd2, 0x60, 0xbf,
  0x3c, 0x31, 0x69, 0xbf, 0xa4, 0x44, 0x70, 0xbf, 0xb8, 0x1f, 0x76, 0xbf,
  0x6d, 0xcc, 0x7a, 0xbf, 0xa3, 0x4b, 0x7e, 0xbf, 0xd9, 0xc2, 0x7f, 0xbf,
  0xb7, 0xfc, 0x7f, 0xbf, 0xb3, 0x19, 0x7f, 0xbf, 0x5e, 0x95, 0x7d, 0xbf,
  0x81, 0x6a, 0x7a, 0xbf, 0x69, 0x8f, 0x75, 0xbf, 0xa3, 0x1f, 0x6f, 0xbf,
  0xf9, 0x44, 0x67, 0xbf, 0x6f, 0x33, 0x5e, 0xbf, 0x83, 0x25, 0x54, 0xbf,
  0x56, 0x59, 0x49, 0xbf, 0x8d, 0x0e, 0x3e, 0xbf, 0x99, 0x84, 0x32, 0xbf,
  0x28, 0xf9, 0x26, 0xbf, 0xd3, 0xa6, 0x1b, 0xbf, 0x1a, 0xc4, 0x10, 0xbf,
  0x6e, 0x82, 0x06, 0xbf, 0x0f, 0x1b, 0xfa, 0xbe, 0x9c, 0x15, 0xe9, 0xbe,
  0xd4, 0x31, 0xda, 0xbe, 0x22, 0x9f, 0xcd, 0xbe, 0xbd, 0x7e, 0xc3, 0xbe,
  0xad, 0xe3, 0xbb, 0xbe, 0x34, 0xd3, 0xb6, 0xbe, 0x60, 0x45, 0xb4, 0xbe,
  0xaf, 0x25, 0xb4, 0xbe, 0x49, 0x54, 0xb6, 0xbe, 0xf1, 0xa6, 0xba, 0xbe,
  0x87, 0xea, 0xc0, 0xbe, 0x68, 0xe4, 0xc8, 0xbe, 0xd0, 0x53, 0xd2, 0xbe,
  0xad, 0xf3, 0xdc, 0xbe, 0xe7, 0x7b, 0xe8, 0xbe, 0x2f, 0xa3, 0xf4, 0xbe,
  0x2e, 0x90, 0x00, 0xbf, 0xf6, 0xd5, 0x06, 0xbf, 0xaf, 0x00, 0x0d, 0xbf,
  0x30, 0xf0, 0x12, 0xbf, 0xf4, 0x86, 0x18, 0xbf, 0x98, 0xaa, 0x1d, 0xbf,
  0x32, 0x44, 0x22, 0xbf, 0xa0, 0x40, 0x26, 0xbf, 0xc6, 0x90, 0x29, 0xbf,
  0x9c, 0x29, 0x2c, 0xbf, 0x44, 0x04, 0x2e, 0xbf, 0xf6, 0x1d, 0x2f, 0xbf,
  0xde, 0x77, 0x2f, 0xbf, 0xee, 0x16, 0x2f, 0xbf, 0x8c, 0x03, 0x2e, 0xbf,
  0x52, 0x49, 0x2c, 0xbf, 0x9e, 0xf6, 0x29, 0xbf, 0x2a, 0x1c, 0x27, 0xbf,
  0xa4, 0xcc, 0x23, 0xbf, 0x37, 0x1c, 0x20, 0xbf, 0x04, 0x20, 0x1c, 0xbf,
  0xcb, 0xed, 0x17, 0xbf, 0x55, 0x9b, 0x13, 0xbf, 0x0e, 0x3e, 0x0f, 0xbf,
  0xac, 0xea, 0x0a, 0xbf, 0xbe, 0xb4, 0x06, 0xbf, 0x5c, 0xae, 0x02, 0xbf,
  0xa7, 0xcf, 0xfd, 0xbe, 0xfc, 0xde, 0xf6, 0xbe, 0xf3, 0xa2, 0xf0, 0xbe,
  0x1c, 0x2f, 0xeb, 0xbe, 0x2e, 0x92, 0xe6, 0xbe, 0xfb, 0xd5, 0xe2, 0xbe,
  0x6c, 0xff, 0xdf, 0xbe, 0x9f, 0x0e, 0xde, 0xbe, 0x32, 0xff, 0xdc, 0xbe,
  0x7d, 0xc8, 0xdc, 0xbe, 0xe9, 0x5d, 0xdd, 0xbe, 0x6c, 0xaf, 0xde, 0xbe,
  0x0e, 0xaa, 0xe0, 0xbe, 0x49, 0x38, 0xe3, 0xbe, 0xaf, 0x42, 0xe6, 0xbe,
  0x75, 0xb0, 0xe9, 0xbe, 0xf0, 0x67, 0xed, 0xbe, 0x3b, 0x4f, 0xf1, 0xbe,
  0x9c, 0x4c, 0xf5, 0xbe, 0x28, 0x47, 0xf9, 0xbe, 0x23, 0x27, 0xfd, 0xbe,
  0x39, 0x6b, 0x00, 0xbf, 0x77, 0x20, 0x02, 0xbf, 0x5d, 0xaa, 0x03, 0xbf,
  0x48, 0x01, 0x05, 0xbf, 0xeb, 0x1e, 0x06, 0xbf, 0x70, 0xfe, 0x06, 0xbf,
  0x6d, 0x9c, 0x07, 0xbf, 0xee, 0xf6, 0x07, 0xbf, 0x74, 0x0d, 0x08, 0xbf,
  0xe1, 0xe0, 0x07, 0xbf, 0x59, 0x73, 0x07, 0xbf, 0x3b, 0xc8, 0x06, 0xbf,
  0xf3, 0xe3, 0x05, 0xbf, 0xe2, 0xcb, 0x04, 0xbf, 0x2f, 0x86, 0x03, 0xbf,
  0xa2, 0x19, 0x02, 0xbf, 0x7b, 0x8d, 0x00, 0xbf, 0x94, 0xd2, 0xfd, 0xbe,
  0x7b, 0x69, 0xfa, 0xbe, 0x08, 0xef, 0xf6, 0xbe, 0x35, 0x72, 0xf3, 0xbe,
  0x60, 0x01, 0xf0, 0xbe, 0x0e, 0xaa, 0xec, 0xbe, 0x8f, 0x78, 0xe9, 0xbe,
  0x04, 0x78, 0xe6, 0xbe, 0x03, 0xb2, 0xe3, 0xbe, 0x91, 0x2e, 0xe1, 0xbe,
  0x09, 0xf4, 0xde, 0xbe, 0xfc, 0x06, 0xdd, 0xbe, 0x58, 0x6a, 0xdb, 0xbe,
  0x44, 0x1f, 0xda, 0xbe, 0x3f, 0x25, 0xd9, 0xbe, 0x3a, 0x7a, 0xd8, 0xbe,
  0x9f, 0x1a, 0xd8, 0xbe, 0xa3, 0x01, 0xd8, 0xbe, 0x36, 0x29, 0xd8, 0xbe,
  0x4f, 0x8a, 0xd8, 0xbe, 0x1f, 0x1d, 0xd9, 0xbe, 0x25, 0xd9, 0xd9, 0xbe,
  0x91, 0xb5, 0xda, 0xbe, 0x34, 0xa9, 0xdb, 0xbe, 0xf5, 0xaa, 0xdc, 0xbe,
  0xd2, 0xb1, 0xdd, 0xbe, 0x1c, 0xb5, 0xde, 0xbe, 0xa0, 0xac, 0xdf, 0xbe,
  0xc5, 0x90, 0xe0, 0xbe, 0xac, 0x5a, 0xe1, 0xbe, 0x5c, 0x04, 0xe2, 0xbe,
  0xb7, 0x88, 0xe2, 0xbe, 0xaa, 0xe3, 0xe2, 0xbe, 0x1b, 0x12, 0xe3, 0xbe,
  0xfd, 0x11, 0xe3, 0xbe, 0x43, 0xe2, 0xe2, 0xbe, 0xe8, 0x82, 0xe2, 0xbe,
  0xde, 0xf4, 0xe1, 0xbe, 0xe8, 0x39, 0xe1, 0xbe, 0xba, 0x54, 0xe0, 0xbe,
  0xa1, 0x48, 0xdf, 0xbe, 0xa5, 0x19, 0xde, 0xbe, 0x43, 0xcc, 0xdc, 0xbe,
  0x6d, 0x65, 0xdb, 0xbe, 0x43, 0xea, 0xd9, 0xbe, 0x38, 0x60, 0xd8, 0xbe,
  0xb4, 0xcc, 0xd6, 0xbe, 0x1b, 0x35, 0xd5, 0xbe, 0xb1, 0x9e, 0xd3, 0xbe,
  0x63, 0x0e, 0xd2, 0xbe, 0xd3, 0x88, 0xd0, 0xbe, 0x4d, 0x12, 0xcf, 0xbe,
  0x74, 0xae, 0xcd, 0xbe, 0x90, 0x60, 0xcc, 0xbe, 0x3b, 0x2b, 0xcb, 0xbe,
  0x89, 0x10, 0xca, 0xbe, 0xdd, 0x11, 0xc9, 0xbe, 0x03, 0x30, 0xc8, 0xbe,
  0x38, 0x6b, 0xc7, 0xbe, 0x1f, 0xc3, 0xc6, 0xbe, 0xcb, 0x36, 0xc6, 0xbe,
  0xd7, 0xc4, 0xc5, 0xbe, 0x66, 0x6b, 0xc5, 0xbe, 0x2f, 0x28, 0xc5, 0xbe,
  0xa8, 0xf8, 0xc4, 0xbe, 0xef, 0xd9, 0xc4, 0xbe, 0xfc, 0xc8, 0xc4, 0xbe,
  0xa8, 0xc2, 0xc4, 0xbe, 0xb1, 0xc3, 0xc4, 0xbe, 0xdb, 0xc8, 0xc4, 0xbe,
  0x15, 0xcf, 0xc4, 0xbe, 0x46, 0xd3, 0xc4, 0xbe, 0x9f, 0xd2, 0xc4, 0xbe,
  0x8c, 0xca, 0xc4, 0xbe, 0xb5, 0xb8, 0xc4, 0xbe, 0x19, 0x9b, 0xc4, 0xbe,
  0x0a, 0x70, 0xc4, 0xbe, 0x33, 0x36, 0xc4, 0xbe, 0x97, 0xec, 0xc3, 0xbe,
  0x9f, 0x92, 0xc3, 0xbe, 0x0f, 0x28, 0xc3, 0xbe, 0x06, 0xad, 0xc2, 0xbe,
  0xe0, 0x21, 0xc2, 0xbe, 0x68, 0x87, 0xc1, 0xbe, 0xa0, 0xde, 0xc0, 0xbe,
  0xd1, 0x28, 0xc0, 0xbe, 0x6f, 0x67, 0xbf, 0xbe, 0x1a, 0x9c, 0xbe, 0xbe,
  0xa1, 0xc8, 0xbd, 0xbe, 0xde, 0xee, 0xbc, 0xbe, 0xba, 0x10, 0xbc, 0xbe,
  0x15, 0x30, 0xbb, 0xbe, 0xdf, 0x4e, 0xba, 0xbe, 0xe9, 0x6e, 0xb9, 0xbe,
  0xe5, 0x91, 0xb8, 0xbe, 0x6b, 0xb9, 0xb7, 0xbe, 0xf1, 0xe6, 0xb6, 0xbe,
  0xb0, 0x1b, 0xb6, 0xbe, 0xbc, 0x58, 0xb5, 0xbe, 0xf3, 0x9e, 0xb4, 0xbe,
  0x00, 0xef, 0xb3, 0xbe, 0x42, 0x49, 0xb3, 0xbe, 0x01, 0xae, 0xb2, 0xbe,
  0x2f, 0x1d, 0xb2, 0xbe, 0xad, 0x96, 0xb1, 0xbe, 0x04, 0x1a, 0xb1, 0xbe,
  0xa8, 0xa6, 0xb0, 0xbe, 0xf4, 0x3b, 0xb0, 0xbe, 0x08, 0xd9, 0xaf, 0xbe,
  0xf1, 0x7c, 0xaf, 0xbe, 0xa8, 0x26, 0xaf, 0xbe, 0x10, 0xd5, 0xae, 0xbe,
  0x10, 0x87, 0xae, 0xbe, 0x83, 0x3b, 0xae, 0xbe, 0x43, 0xf1, 0xad, 0xbe,
  0x3b, 0xa7, 0xad, 0xbe, 0x64, 0x5c, 0xad, 0xbe, 0xb3, 0x0f, 0xad, 0xbe,
  0x52, 0xc0, 0xac, 0xbe, 0x79, 0x6d, 0xac, 0xbe, 0x77, 0x16, 0xac, 0xbe,
  0xc1, 0xba, 0xab, 0xbe, 0xe4, 0x59, 0xab, 0xbe, 0x9b, 0xf3, 0xaa, 0xbe,
  0xbf, 0x87, 0xaa, 0xbe, 0x32, 0x16, 0xaa, 0xbe, 0x18, 0x9f, 0xa9, 0xbe,
  0x93, 0x22, 0xa9, 0xbe, 0xff, 0xa0, 0xa8, 0xbe, 0xb3, 0x1a, 0xa8, 0xbe,
  0x28, 0x90, 0xa7, 0xbe, 0xf5, 0x01, 0xa7, 0xbe, 0xa3, 0x70, 0xa6, 0xbe,
  0x15, 0xd8, 0xa5, 0xbe, 0xc8, 0x64, 0xa4, 0xbe, 0x19, 0xc4, 0x9c, 0xbe,
  0xf0, 0x13, 0x88, 0xbe, 0xd6, 0xd0, 0x4c, 0xbe, 0x2b, 0x85, 0xf0, 0xbd,
  0x81, 0x27, 0xca, 0xbc, 0xff, 0x06, 0xee, 0x3c, 0x69, 0x73, 0x24, 0x3e,
  0x01, 0x20, 0x95, 0x3e, 0x6c, 0x1a, 0xd5, 0x3e, 0x25, 0x02, 0x08, 0x3f,
  0x2d, 0x11, 0x22, 0x3f, 0xa8, 0x6e, 0x38, 0x3f, 0x7c, 0x34, 0x4b, 0x3f,
  0xbd, 0xb7, 0x5a, 0x3f, 0xec, 0x5a, 0x67, 0x3f, 0xc4, 0x64, 0x71, 0x3f,
  0x21, 0xf4, 0x78, 0x3f, 0x19, 0x0f, 0x7e, 0x3f, 0x87, 0xfd, 0x7f, 0x3f,
  0x71, 0xdd, 0x7f, 0x3f, 0x46, 0x2d, 0x7e, 0x3f, 0xf8, 0x73, 0x79, 0x3f,
  0x1e, 0xa4, 0x71, 0x3f, 0x67, 0x0e, 0x67, 0x3f, 0x14, 0x2b, 0x5a, 0x3f,
  0x92, 0x8e, 0x4b, 0x3f, 0x3a, 0xd8, 0x3b, 0x3f, 0x5c, 0xab, 0x2b, 0x3f,
  0x8f, 0xa5, 0x1b, 0x3f, 0xd8, 0x59, 0x0c, 0x3f, 0xc3, 0x95, 0xfc, 0x3e,
  0x98, 0xcf, 0xe3, 0x3e, 0xd7, 0x12, 0xcf, 0x3e, 0xc0, 0xe1, 0xbe, 0x3e,
  0xa0, 0x8a, 0xb3, 0x3e, 0x23, 0x2a, 0xad, 0x3e, 0x44, 0xad, 0xab, 0x3e,
  0xa2, 0xd4, 0xae, 0x3e, 0x67, 0x39, 0xb6, 0x3e, 0x44, 0x53, 0xc1, 0x3e,
  0x2b, 0x7f, 0xcf, 0x3e, 0xc7, 0x06, 0xe0, 0x3e, 0x1d, 0x28, 0xf2, 0x3e,
  0x9a, 0x8e, 0x02, 0x3f, 0xb5, 0x11, 0x0c, 0x3f, 0x33, 0x41, 0x15, 0x3f,
  0x02, 0xc9, 0x1d, 0x3f, 0xd8, 0x5f, 0x25, 0x3f, 0x2b, 0xc9, 0x2b, 0x3f,
  0xaf, 0xd6, 0x30, 0x3f, 0x3f, 0x69, 0x34, 0x3f, 0x1d, 0x71, 0x36, 0x3f,
  0xb6, 0xed, 0x36, 0x3f, 0xb6, 0xec, 0x35, 0x3f, 0xd6, 0x88, 0x33, 0x3f,
  0x27, 0xe8, 0x2f, 0x3f, 0x0c, 0x3a, 0x2b, 0x3f, 0x02, 0xb5, 0x25, 0x3f,
  0x3c, 0x94, 0x1f, 0x3f, 0x54, 0x15, 0x19, 0x3f, 0xd9, 0x75, 0x12, 0x3f,
  0x17, 0xf1, 0x0b, 0x3f, 0x28, 0xbe, 0x05, 0x3f, 0x19, 0x0e, 0x00, 0x3f,
  0x23, 0x15, 0xf6, 0x3e, 0x62, 0xa9, 0xed, 0x3e, 0x93, 0x08, 0xe7, 0x3e,
  0x51, 0x4f, 0xe2, 0x3e, 0xf8, 0x86, 0xdf, 0x3e, 0x6a, 0xa6, 0xde, 0x3e,
  0x94, 0x93, 0xdf, 0x3e, 0x20, 0x25, 0xe2, 0x3e, 0xd6, 0x24, 0xe6, 0x3e,
  0x5e, 0x52, 0xeb, 0x3e, 0x10, 0x66, 0xf1, 0x3e, 0xe9, 0x13, 0xf8, 0x3e,
  0xac, 0x0e, 0xff, 0x3e, 0x47, 0x05, 0x03, 0x3f, 0xff, 0x5f, 0x06, 0x3f,
  0xfc, 0x76, 0x09, 0x3f, 0xf8, 0x2d, 0x0c, 0x3f, 0xbd, 0x6d, 0x0e, 0x3f,
  0xb7, 0x24, 0x10, 0x3f, 0x28, 0x47, 0x11, 0x3f, 0x6e, 0xcf, 0x11, 0x3f,
  0xbd, 0xbd, 0x11, 0x3f, 0xda, 0x17, 0x11, 0x3f, 0x97, 0xe8, 0x0f, 0x3f,
  0x21, 0x3f, 0x0e, 0x3f, 0x37, 0x2e, 0x0c, 0x3f, 0x4c, 0xcb, 0x09, 0x3f,
  0xa3, 0x2d, 0x07, 0x3f, 0x40, 0x6d, 0x04, 0x3f, 0x2e, 0xa2, 0x01, 0x3f,
  0xed, 0xc6, 0xfd, 0x3e, 0xea, 0x8c, 0xf8, 0x3e, 0x2f, 0xbc, 0xf3, 0x3e,
  0xcd, 0x74, 0xef, 0x3e, 0x04, 0xd0, 0xeb, 0x3e, 0xe9, 0xdf, 0xe8, 0x3e,
  0xfd, 0xae, 0xe6, 0x3e, 0x61, 0x40, 0xe5, 0x3e, 0xeb, 0x8f, 0xe4, 0x3e,
  0xfc, 0x92, 0xe4, 0x3e, 0xf9, 0x38, 0xe5, 0x3e, 0x5d, 0x6c, 0xe6, 0x3e,
  0xc4, 0x13, 0xe8, 0x3e, 0x06, 0x13, 0xea, 0x3e, 0x64, 0x4c, 0xec, 0x3e,
  0xb2, 0xa1, 0xee, 0x3e, 0x79, 0xf5, 0xf0, 0x3e, 0xe3, 0x2b, 0xf3, 0x3e,
  0xd7, 0x2b, 0xf5, 0x3e, 0x89, 0xdf, 0xf6, 0x3e, 0x2d, 0x35, 0xf8, 0x3e,
  0x60, 0x1f, 0xf9, 0x3e, 0x57, 0x95, 0xf9, 0x3e, 0x0f, 0x93, 0xf9, 0x3e,
  0x08, 0x19, 0xf9, 0x3e, 0x1b, 0x2c, 0xf8, 0x3e, 0x03, 0xd5, 0xf6, 0x3e,
  0xcb, 0x1f, 0xf5, 0x3e, 0x5c, 0x1b, 0xf3, 0x3e, 0x8b, 0xd8, 0xf0, 0x3e,
  0x99, 0x69, 0xee, 0x3e, 0x54, 0xe1, 0xeb, 0x3e, 0x74, 0x52, 0xe9, 0x3e,
  0xd7, 0xce, 0xe6, 0x3e, 0x1d, 0x67, 0xe4, 0x3e, 0xd2, 0x29, 0xe2, 0x3e,
  0x49, 0x23, 0xe0, 0x3e, 0x30, 0x5d, 0xde, 0x3e, 0x4c, 0xde, 0xdc, 0x3e,
  0x98, 0xaa, 0xdb, 0x3e, 0xf3, 0xc2, 0xda, 0x3e, 0x9c, 0x25, 0xda, 0x3e,
  0x33, 0xce, 0xd9, 0x3e, 0x12, 0xb6, 0xd9, 0x3e, 0xa9, 0xd4, 0xd9, 0x3e,
  0xfd, 0x1f, 0xda, 0x3e, 0x00, 0x8d, 0xda, 0x3e, 0xfe, 0x0f, 0xdb, 0x3e,
  0x43, 0x9d, 0xdb, 0x3e, 0x4d, 0x29, 0xdc, 0x3e, 0x58, 0xa9, 0xdc, 0x3e,
  0xa5, 0x13, 0xdd, 0x3e, 0xcc, 0x5f, 0xdd, 0x3e, 0x0e, 0x87, 0xdd, 0x3e,
  0x40, 0x84, 0xdd, 0x3e, 0x25, 0x54, 0xdd, 0x3e, 0x4d, 0xf5, 0xdc, 0x3e,
  0x08, 0x68, 0xdc, 0x3e, 0x62, 0xae, 0xdb, 0x3e, 0xe0, 0xcb, 0xda, 0x3e,
  0x49, 0xc5, 0xd9, 0x3e, 0x7f, 0xa0, 0xd8, 0x3e, 0x2e, 0x64, 0xd7, 0x3e,
  0x78, 0x17, 0xd6, 0x3e, 0xac, 0xc1, 0xd4, 0x3e, 0x25, 0x6a, 0xd3, 0x3e,
  0xcc, 0x17, 0xd2, 0x3e, 0x0c, 0xd1, 0xd0, 0x3e, 0x85, 0x9b, 0xcf, 0x3e,
  0xf3, 0x7b, 0xce, 0x3e, 0x14, 0x76, 0xcd, 0x3e, 0x68, 0x8c, 0xcc, 0x3e,
  0x64, 0xc0, 0xcb, 0x3e, 0x54, 0x12, 0xcb, 0x3e, 0x63, 0x81, 0xca, 0x3e,
  0xd4, 0x0b, 0xca, 0x3e, 0xfa, 0xae, 0xc9, 0x3e, 0x74, 0x67, 0xc9, 0x3e,
  0x55, 0x31, 0xc9, 0x3e, 0x37, 0x08, 0xc9, 0x3e, 0x94, 0xe7, 0xc8, 0x3e,
  0xd5, 0xca, 0xc8, 0x3e, 0x80, 0xad, 0xc8, 0x3e, 0x5e, 0x8b, 0xc8, 0x3e,
  0xbf, 0x60, 0xc8, 0x3e, 0x60, 0x2a, 0xc8, 0x3e, 0xa1, 0xe5, 0xc7, 0x3e,
  0x90, 0x90, 0xc7, 0x3e, 0xf9, 0x29, 0xc7, 0x3e, 0x60, 0xb1, 0xc6, 0x3e,
  0xe9, 0x26, 0xc6, 0x3e, 0x6e, 0x8b, 0xc5, 0x3e, 0x5e, 0xe0, 0xc4, 0x3e,
  0x9c, 0x27, 0xc4, 0x3e, 0x83, 0x63, 0xc3, 0x3e, 0xa9, 0x96, 0xc2, 0x3e,
  0xdc, 0xc3, 0xc1, 0x3e, 0xf9, 0xed, 0xc0, 0x3e, 0xd4, 0x17, 0xc0, 0x3e,
  0x29, 0x44, 0xbf, 0x3e, 0x6f, 0x75, 0xbe, 0x3e, 0xd3, 0xad, 0xbd, 0x3e,
  0x24, 0xef, 0xbc, 0x3e, 0xd0, 0x3a, 0xbc, 0x3e, 0xc8, 0x91, 0xbb, 0x3e,
  0x93, 0xf4, 0xba, 0x3e, 0x44, 0x63, 0xba, 0x3e, 0x8c, 0xdd, 0xb9, 0x3e,
  0xa4, 0x62, 0xb9, 0x3e, 0x83, 0xf1, 0xb8, 0x3e, 0xd0, 0x88, 0xb8, 0x3e,
  0xfe, 0x26, 0xb8, 0x3e, 0x57, 0xca, 0xb7, 0x3e, 0x14, 0x71, 0xb7, 0x3e,
  0x68, 0x19, 0xb7, 0x3e, 0x9a, 0xc1, 0xb6, 0x3e, 0xfc, 0x67, 0xb6, 0x3e,
  0x30, 0x0b, 0xb6, 0x3e, 0xeb, 0xa9, 0xb5, 0x3e, 0x33, 0x43, 0xb5, 0x3e,
  0x47, 0xd6, 0xb4, 0x3e, 0xb2, 0x62, 0xb4, 0x3e, 0x47, 0xe8, 0xb3, 0x3e,
  0x21, 0x67, 0xb3, 0x3e, 0x97, 0xdf, 0xb2, 0x3e, 0x37, 0x52, 0xb2, 0x3e,
  0xc8, 0xbf, 0xb1, 0x3e, 0x38, 0x29, 0xb1, 0x3e, 0x83, 0x8f, 0xb0, 0x3e,
  0xc5, 0xf3, 0xaf, 0x3e, 0x20, 0x57, 0xaf, 0x3e, 0xb1, 0xba, 0xae, 0x3e,
  0x81, 0x1f, 0xae, 0x3e, 0x84, 0x86, 0xad, 0x3e, 0x95, 0xf0, 0xac, 0x3e,
  0x5f, 0x5e, 0xac, 0x3e, 0x79, 0xd0, 0xab, 0x3e, 0x30, 0x47, 0xab, 0x3e,
  0xbd, 0xc2, 0xaa, 0x3e, 0x28, 0x43, 0xaa, 0x3e, 0x40, 0xc8, 0xa9, 0x3e,
  0xbf, 0x51, 0xa9, 0x3e, 0x37, 0xdf, 0xa8, 0x3e, 0x2c, 0x70, 0xa8, 0x3e,
  0xef, 0x03, 0xa8, 0x3e, 0xde, 0x99, 0xa7, 0x3e, 0x3f, 0x31, 0xa7, 0x3e,
  0x70, 0xc9, 0xa6, 0x3e, 0xb5, 0x61, 0xa6, 0x3e, 0x63, 0xf9, 0xa5, 0x3e,
  0x05, 0x90, 0xa5, 0x3e, 0x10, 0x25, 0xa5, 0x3e, 0x21, 0xb8, 0xa4, 0x3e,
  0xf4, 0x48, 0xa4, 0x3e, 0x65, 0xd7, 0xa3, 0x3e, 0x51, 0x63, 0xa3, 0x3e,
  0xd4, 0xec, 0xa2, 0x3e, 0x0f, 0x74, 0xa2, 0x3e, 0x38, 0xf9, 0xa1, 0x3e,
  0x9f, 0x7c, 0xa1, 0x3e, 0x9f, 0xfe, 0xa0, 0x3e, 0x49, 0x7f, 0xa0, 0x3e,
  0xd4, 0xe1, 0x9f, 0x3e, 0x57, 0x6d, 0x9c, 0x3e, 0xb7, 0x7c, 0x8c, 0x3e,
  0xe6, 0xe0, 0x4e, 0x3e, 0xb0, 0xd0, 0xc2, 0x3d, 0x7e, 0xe4, 0xf3, 0xbc,
  0xc2, 0x2f, 0x25, 0xbe, 0xab, 0x7a, 0x95, 0xbe, 0x4e, 0x6f, 0xd5, 0xbe,
  0x85, 0x28, 0x08, 0xbf, 0x8e, 0x32, 0x22, 0xbf, 0xf0, 0x8a, 0x38, 0xbf,
  0x01, 0x4c, 0x4b, 0xbf, 0x0f, 0xcb, 0x5a, 0xbf, 0x7b, 0x6a, 0x67, 0xbf,
  0xd4, 0x70, 0x71, 0xbf, 0xcb, 0xfc, 0x78, 0xbf, 0x60, 0x14, 0x7e, 0xbf,
  0x86, 0xff, 0x7f, 0xbf, 0x4d, 0xdc, 0x7f, 0xbf, 0x09, 0x28, 0x7e, 0xbf,
  0x58, 0x6a, 0x79, 0xbf, 0x65, 0x96, 0x71, 0xbf, 0x25, 0xfd, 0x66, 0xbf,
  0x10, 0x17, 0x5a, 0xbf, 0x9e, 0x78, 0x4b, 0xbf, 0x40, 0xc1, 0x3b, 0xbf,
  0x41, 0x94, 0x2b, 0xbf, 0x2b, 0x8f, 0x1b, 0xbf, 0xe9, 0x44, 0x0c, 0xbf,
  0x2f, 0x70, 0xfc, 0xbe, 0x64, 0xaf, 0xe3, 0xbe, 0xd9, 0xf8, 0xce, 0xbe,
  0x7f, 0xce, 0xbe, 0xbe, 0x69, 0x7e, 0xb3, 0xbe, 0xf9, 0x24, 0xad, 0xbe,
  0xda, 0xae, 0xab, 0xbe, 0x89, 0xdc, 0xae, 0xbe, 0xe7, 0x46, 0xb6, 0xbe,
  0x8d, 0x65, 0xc1, 0xbe, 0x3b, 0x95, 0xcf, 0xbe, 0x97, 0x1f, 0xe0, 0xbe,
  0x91, 0x42, 0xf2, 0xbe, 0x16, 0x9c, 0x02, 0xbf, 0xf2, 0x1e, 0x0c, 0xbf,
  0xb1, 0x4d, 0x15, 0xbf, 0x55, 0xd4, 0x1d, 0xbf, 0x9d, 0x69, 0x25, 0xbf,
  0x19, 0xd1, 0x2b, 0xbf, 0x8e, 0xdc, 0x30, 0xbf, 0xf4, 0x6c, 0x34, 0xbf,
  0xa3, 0x72, 0x36, 0xbf, 0x0b, 0xed, 0x36, 0xbf, 0x02, 0xea, 0x35, 0xbf,
  0x46, 0x84, 0x33, 0xbf, 0xfc, 0xe1, 0x2f, 0xbf, 0x8a, 0x32, 0x2b, 0xbf,
  0x7e, 0xac, 0x25, 0xbf, 0x12, 0x8b, 0x1f, 0xbf, 0xd7, 0x0b, 0x19, 0xbf,
  0x5b, 0x6c, 0x12, 0xbf, 0xf3, 0xe7, 0x0b, 0xbf, 0xa0, 0xb5, 0x05, 0xbf,
  0x71, 0x06, 0x00, 0xbf, 0x00, 0x08, 0xf6, 0xbe, 0xac, 0x9e, 0xed, 0xbe,
  0x8a, 0x00, 0xe7, 0xbe, 0x10, 0x4a, 0xe2, 0xbe, 0x70, 0x84, 0xdf, 0xbe,
  0x8c, 0xa6, 0xde, 0xbe, 0x29, 0x96, 0xdf, 0xbe, 0xd8, 0x29, 0xe2, 0xbe,
  0x64, 0x2b, 0xe6, 0xbe, 0x61, 0x5a, 0xeb, 0xbe, 0x18, 0x6f, 0xf1, 0xbe,
  0x8f, 0x1d, 0xf8, 0xbe, 0x80, 0x18, 0xff, 0xbe, 0x10, 0x0a, 0x03, 0xbf,
  0x7e, 0x64, 0x06, 0xbf, 0x00, 0x7b, 0x09, 0xbf, 0x5e, 0x31, 0x0c, 0xbf,
  0x6c, 0x70, 0x0e, 0xbf, 0x95, 0x26, 0x10, 0xbf, 0x2c, 0x48, 0x11, 0xbf,
  0x93, 0xcf, 0x11, 0xbf, 0x0c, 0xbd, 0x11, 0xbf, 0x61, 0x16, 0x11, 0xbf,
  0x63, 0xe6, 0x0f, 0xbf, 0x50, 0x3c, 0x0e, 0xbf, 0xe5, 0x2a, 0x0c, 0xbf,
  0x98, 0xc7, 0x09, 0xbf, 0xac, 0x29, 0x07, 0xbf, 0x33, 0x69, 0x04, 0xbf,
  0x24, 0x9e, 0x01, 0xbf, 0x20, 0xbf, 0xfd, 0xbe, 0x9d, 0x85, 0xf8, 0xbe,
  0x97, 0xb5, 0xf3, 0xbe, 0x0c, 0x6f, 0xef, 0xbe, 0x38, 0xcb, 0xeb, 0xbe,
  0x2d, 0xdc, 0xe8, 0xbe, 0x54, 0xac, 0xe6, 0xbe, 0xc8, 0x3e, 0xe5, 0xbe,
  0x65, 0x8f, 0xe4, 0xbe, 0x64, 0x93, 0xe4, 0xbe, 0x3b, 0x3a, 0xe5, 0xbe,
  0x54, 0x6e, 0xe6, 0xbe, 0x4c, 0x16, 0xe8, 0xbe, 0xef, 0x15, 0xea, 0xbe,
  0x8c, 0x4f, 0xec, 0xbe, 0xec, 0xa4, 0xee, 0xbe, 0x91, 0xf8, 0xf0, 0xbe,
  0xc5, 0x2e, 0xf3, 0xbe, 0x55, 0x2e, 0xf5, 0xbe, 0x84, 0xe1, 0xf6, 0xbe,
  0x97, 0x36, 0xf8, 0xbe, 0x29, 0x20, 0xf9, 0xbe, 0x79, 0x95, 0xf9, 0xbe,
  0x86, 0x92, 0xf9, 0xbe, 0xd0, 0x17, 0xf9, 0xbe, 0x45, 0x2a, 0xf8, 0xbe,
  0x9d, 0xd2, 0xf6, 0xbe, 0xf0, 0x1c, 0xf5, 0xbe, 0x1b, 0x18, 0xf3, 0xbe,
  0x05, 0xd5, 0xf0, 0xbe, 0xe0, 0x65, 0xee, 0xbe, 0x87, 0xdd, 0xeb, 0xbe,
  0xa7, 0x4e, 0xe9, 0xbe, 0x2b, 0xcb, 0xe6, 0xbe, 0x9d, 0x63, 0xe4, 0xbe,
  0x9b, 0x26, 0xe2, 0xbe, 0x6d, 0x20, 0xe0, 0xbe, 0xb9, 0x5a, 0xde, 0xbe,
  0x48, 0xdc, 0xdc, 0xbe, 0xfb, 0xa8, 0xdb, 0xbe, 0xc5, 0xc1, 0xda, 0xbe,
  0xd3, 0x24, 0xda, 0xbe, 0xc8, 0xcd, 0xd9, 0xbe, 0xf3, 0xb5, 0xd9, 0xbe,
  0xd5, 0xd4, 0xd9, 0xbe, 0x62, 0x20, 0xda, 0xbe, 0x86, 0x8d, 0xda, 0xbe,
  0xa0, 0x10, 0xdb, 0xbe, 0xeb, 0x9d, 0xdb, 0xbe, 0xeb, 0x29, 0xdc, 0xbe,
  0xd4, 0xa9, 0xdc, 0xbe, 0xfc, 0x13, 0xdd, 0xbe, 0xf8, 0x5f, 0xdd, 0xbe,
  0xfa, 0x86, 0xdd, 0xbe, 0xec, 0x83, 0xdd, 0xbe, 0x91, 0x53, 0xdd, 0xbe,
  0x73, 0xf4, 0xdc, 0xbe, 0xf5, 0x66, 0xdc, 0xbe, 0x0f, 0xad, 0xdb, 0xbe,
  0x51, 0xca, 0xda, 0xbe, 0x8e, 0xc3, 0xd9, 0xbe, 0xa3, 0x9e, 0xd8, 0xbe,
  0x37, 0x62, 0xd7, 0xbe, 0x70, 0x15, 0xd6, 0xbe, 0xa1, 0xbf, 0xd4, 0xbe,
  0x16, 0x68, 0xd3, 0xbe, 0xc7, 0x15, 0xd2, 0xbe, 0x1b, 0xcf, 0xd0, 0xbe,
  0xb9, 0x99, 0xcf, 0xbe, 0x49, 0x7a, 0xce, 0xbe, 0x8f, 0x74, 0xcd, 0xbe,
  0x0b, 0x8b, 0xcc, 0xbe, 0x2f, 0xbf, 0xcb, 0xbe, 0x4b, 0x11, 0xcb, 0xbe,
  0x89, 0x80, 0xca, 0xbe, 0x1c, 0x0b, 0xca, 0xbe, 0x63, 0xae, 0xc9, 0xbe,
  0xfb, 0x66, 0xc9, 0xbe, 0xed, 0x30, 0xc9, 0xbe, 0xe0, 0x07, 0xc9, 0xbe,
  0x47, 0xe7, 0xc8, 0xbe, 0x8c, 0xca, 0xc8, 0xbe, 0x33, 0xad, 0xc8, 0xbe,
  0x11, 0x8b, 0xc8, 0xbe, 0x5d, 0x60, 0xc8, 0xbe, 0xe7, 0x29, 0xc8, 0xbe,
  0x14, 0xe5, 0xc7, 0xbe, 0xe8, 0x8f, 0xc7, 0xbe, 0x3d, 0x29, 0xc7, 0xbe,
  0x89, 0xb0, 0xc6, 0xbe, 0xf7, 0x25, 0xc6, 0xbe, 0x65, 0x8a, 0xc5, 0xbe,
  0x3b, 0xdf, 0xc4, 0xbe, 0x6b, 0x26, 0xc4, 0xbe, 0x41, 0x62, 0xc3, 0xbe,
  0x5d, 0x95, 0xc2, 0xbe, 0x89, 0xc2, 0xc1, 0xbe, 0xa0, 0xec, 0xc0, 0xbe,
  0x81, 0x16, 0xc0, 0xbe, 0xdd, 0x42, 0xbf, 0xbe, 0x2a, 0x74, 0xbe, 0xbe,
  0x98, 0xac, 0xbd, 0xbe, 0xf9, 0xed, 0xbc, 0xbe, 0xaf, 0x39, 0xbc, 0xbe,
  0xbc, 0x90, 0xbb, 0xbe, 0x97, 0xf3, 0xba, 0xbe, 0x5d, 0x62, 0xba, 0xbe,
  0xab, 0xdc, 0xb9, 0xbe, 0xd8, 0x61, 0xb9, 0xbe, 0xc7, 0xf0, 0xb8, 0xbe,
  0x22, 0x88, 0xb8, 0xbe, 0x57, 0x26, 0xb8, 0xbe, 0xb9, 0xc9, 0xb7, 0xbe,
  0x73, 0x70, 0xb7, 0xbe, 0xcd, 0x18, 0xb7, 0xbe, 0xf9, 0xc0, 0xb6, 0xbe,
  0x5f, 0x67, 0xb6, 0xbe, 0x8b, 0x0a, 0xb6, 0xbe, 0x40, 0xa9, 0xb5, 0xbe,
  0x81, 0x42, 0xb5, 0xbe, 0x88, 0xd5, 0xb4, 0xbe, 0xed, 0x61, 0xb4, 0xbe,
  0x73, 0xe7, 0xb3, 0xbe, 0x44, 0x66, 0xb3, 0xbe, 0xaf, 0xde, 0xb2, 0xbe,
  0x4c, 0x51, 0xb2, 0xbe, 0xd3, 0xbe, 0xb1, 0xbe, 0x39, 0x28, 0xb1, 0xbe,
  0x80, 0x8e, 0xb0, 0xbe, 0xc3, 0xf2, 0xaf, 0xbe, 0x21, 0x56, 0xaf, 0xbe,
  0xaf, 0xb9, 0xae, 0xbe, 0x85, 0x1e, 0xae, 0xbe, 0x8c, 0x85, 0xad, 0xbe,
  0x9d, 0xef, 0xac, 0xbe, 0x74, 0x5d, 0xac, 0xbe, 0x92, 0xcf, 0xab, 0xbe,
  0x4f, 0x46, 0xab, 0xbe, 0xe3, 0xc1, 0xaa, 0xbe, 0x51, 0x42, 0xaa, 0xbe,
  0x73, 0xc7, 0xa9, 0xbe, 0xfc, 0x50, 0xa9, 0xbe, 0x7b, 0xde, 0xa8, 0xbe,
  0x73, 0x6f, 0xa8, 0xbe, 0x40, 0x03, 0xa8, 0xbe, 0x2d, 0x99, 0xa7, 0xbe,
  0x94, 0x30, 0xa7, 0xbe, 0xc5, 0xc8, 0xa6, 0xbe, 0x00, 0x61, 0xa6, 0xbe,
  0xb8, 0xf8, 0xa5, 0xbe, 0x50, 0x8f, 0xa5, 0xbe, 0x5b, 0x24, 0xa5, 0xbe,
  0x69, 0xb7, 0xa4, 0xbe, 0x38, 0x48, 0xa4, 0xbe, 0x9f, 0xd6, 0xa3, 0xbe,
  0x88, 0x62, 0xa3, 0xbe, 0x07, 0xec, 0xa2, 0xbe, 0x3b, 0x73, 0xa2, 0xbe,
  0x68, 0xf8, 0xa1, 0xbe, 0xc8, 0x7b, 0xa1, 0xbe, 0xc8, 0xfd, 0xa0, 0xbe,
  0x6f, 0x7e, 0xa0, 0xbe, 0x05, 0xe0, 0x9f, 0xbe, 0x59, 0x5d, 0x9c, 0xbe,
  0xd3, 0x4b, 0x8c, 0xbe, 0x4e, 0x41, 0x4e, 0xbe, 0xb1, 0x4e, 0xc1, 0xbd,
  0x60, 0xe8, 0x90, 0x3d, 0x0d, 0x59, 0x68, 0x3e, 0x39, 0xa5, 0xc2, 0x3e,
  0x1c, 0xa8, 0x05, 0x3f, 0xfa, 0x7f, 0x25, 0x3f, 0xa7, 0x23, 0x40, 0x3f,
  0x96, 0xb6, 0x55, 0x3f, 0x33, 0xbe, 0x66, 0x3f, 0x11, 0x91, 0x73, 0x3f,
  0xce, 0x1f, 0x7c, 0x3f, 0xec, 0xfb, 0x7f, 0x3f, 0x51, 0x33, 0x7e, 0x3f,
  0x63, 0x0f, 0x76, 0x3f, 0x46, 0xf1, 0x67, 0x3f, 0x7c, 0x54, 0x55, 0x3f,
  0x88, 0xef, 0x3f, 0x3f, 0x4c, 0xe0, 0x28, 0x3f, 0x79, 0x34, 0x11, 0x3f,
  0x66, 0x6c, 0xf4, 0x3e, 0xdd, 0x3c, 0xca, 0x3e, 0xc1, 0x0a, 0xa6, 0x3e,
  0xb1, 0x99, 0x89, 0x3e, 0xf3, 0x4d, 0x6c, 0x3e, 0xaa, 0xbc, 0x58, 0x3e,
  0x39, 0xa7, 0x58, 0x3e, 0xfd, 0x17, 0x6b, 0x3e, 0xeb, 0x08, 0x87, 0x3e,
  0xdf, 0x5f, 0x9f, 0x3e, 0x69, 0xd2, 0xbc, 0x3e, 0x53, 0x6d, 0xdd, 0x3e,
  0x8f, 0x24, 0xff, 0x3e, 0x2b, 0xfa, 0x0f, 0x3f, 0x18, 0xff, 0x1e, 0x3f,
  0x30, 0xd1, 0x2b, 0x3f, 0x49, 0xca, 0x35, 0x3f, 0x71, 0x75, 0x3c, 0x3f,
  0x4a, 0x93, 0x3f, 0x3f, 0x29, 0x1b, 0x3f, 0x3f, 0x11, 0x39, 0x3b, 0x3f,
  0xab, 0x48, 0x34, 0x3f, 0xf6, 0xcd, 0x2a, 0x3f, 0xd3, 0x6b, 0x1f, 0x3f,
  0x4e, 0xd9, 0x12, 0x3f, 0x4e, 0xd6, 0x05, 0x3f, 0x89, 0x40, 0xf2, 0x3e,
  0xe1, 0xce, 0xda, 0x3e, 0x10, 0x8b, 0xc6, 0x3e, 0xee, 0x6b, 0xb6, 0x3e,
  0x93, 0x20, 0xab, 0x3e, 0xa1, 0x09, 0xa5, 0x3e, 0x7f, 0x37, 0xa4, 0x3e,
  0x17, 0x6d, 0xa8, 0x3e, 0xe3, 0x26, 0xb1, 0x3e, 0xc3, 0xa5, 0xbd, 0x3e,
  0x7f, 0xfc, 0xcc, 0x3e, 0x92, 0x1f, 0xde, 0x3e, 0x9e, 0xf5, 0xef, 0x3e,
  0x20, 0xb4, 0x00, 0x3f, 0xcb, 0xb9, 0x08, 0x3f, 0x37, 0x9a, 0x0f, 0x3f,
  0xb1, 0xf9, 0x14, 0x3f, 0xbc, 0x96, 0x18, 0x3f, 0x82, 0x4c, 0x1a, 0x3f,
  0xa9, 0x13, 0x1a, 0x3f, 0x56, 0x01, 0x18, 0x3f, 0xa3, 0x44, 0x14, 0x3f,
  0xc0, 0x22, 0x0f, 0x3f, 0x08, 0xf2, 0x08, 0x3f, 0x39, 0x14, 0x02, 0x3f,
  0xcc, 0xe0, 0xf5, 0x3e, 0xc1, 0xd9, 0xe7, 0x3e, 0xb4, 0xd2, 0xda, 0x3e,
  0xbd, 0x73, 0xcf, 0x3e, 0xf0, 0x44, 0xc6, 0x3e, 0x4d, 0xa8, 0xbf, 0x3e,
  0xd9, 0xd5, 0xbb, 0x3e, 0x55, 0xda, 0xba, 0x3e, 0xa5, 0x98, 0xbc, 0x3e,
  0x49, 0xcd, 0xc0, 0x3e, 0x1f, 0x14, 0xc7, 0x3e, 0x73, 0xef, 0xce, 0x3e,
  0x6c, 0xd0, 0xd7, 0x3e, 0x05, 0x20, 0xe1, 0x3e, 0xe3, 0x47, 0xea, 0x3e,
  0xf8, 0xba, 0xf2, 0x3e, 0x0b, 0xfd, 0xf9, 0x3e, 0x19, 0xa9, 0xff, 0x3e,
  0xed, 0xba, 0x01, 0x3f, 0x60, 0x9c, 0x02, 0x3f, 0x7d, 0x73, 0x02, 0x3f,
  0x40, 0x4a, 0x01, 0x3f, 0x9f, 0x71, 0xfe, 0x3e, 0xcc, 0xc6, 0xf8, 0x3e,
  0x81, 0xef, 0xf1, 0x3e, 0x09, 0x54, 0xea, 0x3e, 0x0f, 0x63, 0xe2, 0x3e,
  0x13, 0x8b, 0xda, 0x3e, 0xef, 0x33, 0xd3, 0x3e, 0x74, 0xb9, 0xcc, 0x3e,
  0xa9, 0x66, 0xc7, 0x3e, 0x3c, 0x72, 0xc3, 0x3e, 0x6e, 0xfc, 0xc0, 0x3e,
  0x57, 0x0e, 0xc0, 0x3e, 0x4c, 0x9a, 0xc0, 0x3e, 0xbe, 0x7d, 0xc2, 0x3e,
  0x4d, 0x84, 0xc5, 0x3e, 0x69, 0x6b, 0xc9, 0x3e, 0xe5, 0xe6, 0xcd, 0x3e,
  0xa8, 0xa5, 0xd2, 0x3e, 0x97, 0x56, 0xd7, 0x3e, 0x20, 0xad, 0xdb, 0x3e,
  0x74, 0x65, 0xdf, 0x3e, 0xea, 0x47, 0xe2, 0x3e, 0xa6, 0x2b, 0xe4, 0x3e,
  0x25, 0xf8, 0xe4, 0x3e, 0x11, 0xa6, 0xe4, 0x3e, 0xa1, 0x3e, 0xe3, 0x3e,
  0x79, 0xda, 0xe0, 0x3e, 0x83, 0x9f, 0xdd, 0x3e, 0x28, 0xbe, 0xd9, 0x3e,
  0x0b, 0x6e, 0xd5, 0x3e, 0x87, 0xea, 0xd0, 0x3e, 0x3e, 0x6f, 0xcc, 0x3e,
  0x85, 0x34, 0xc8, 0x3e, 0x73, 0x6c, 0xc4, 0x3e, 0x64, 0x40, 0xc1, 0x3e,
  0xcd, 0xce, 0xbe, 0x3e, 0x34, 0x2a, 0xbd, 0x3e, 0xa2, 0x58, 0xbc, 0x3e,
  0xc8, 0x53, 0xbc, 0x3e, 0x21, 0x0a, 0xbd, 0x3e, 0x3d, 0x60, 0xbe, 0x3e,
  0xef, 0x32, 0xc0, 0x3e, 0x98, 0x59, 0xc2, 0x3e, 0xb7, 0xa8, 0xc4, 0x3e,
  0x85, 0xf4, 0xc6, 0x3e, 0x83, 0x13, 0xc9, 0x3e, 0xb1, 0xe0, 0xca, 0x3e,
  0x65, 0x3d, 0xcc, 0x3e, 0xe9, 0x12, 0xcd, 0x3e, 0x23, 0x53, 0xcd, 0x3e,
  0x57, 0xf9, 0xcc, 0x3e, 0xac, 0x09, 0xcc, 0x3e, 0x9b, 0x90, 0xca, 0x3e,
  0x05, 0xa2, 0xc8, 0x3e, 0x6e, 0x57, 0xc6, 0x3e, 0x89, 0xce, 0xc3, 0x3e,
  0x2d, 0x27, 0xc1, 0x3e, 0x77, 0x81, 0xbe, 0x3e, 0xf3, 0xfb, 0xbb, 0x3e,
  0x08, 0xb2, 0xb9, 0x3e, 0x60, 0xba, 0xb7, 0x3e, 0xf4, 0x25, 0xb6, 0x3e,
  0x5b, 0xff, 0xb4, 0x3e, 0x73, 0x4a, 0xb4, 0x3e, 0x7c, 0x04, 0xb4, 0x3e,
  0x7e, 0x24, 0xb4, 0x3e, 0x2f, 0x9c, 0xb4, 0x3e, 0xff, 0x58, 0xb5, 0x3e,
  0x3d, 0x45, 0xb6, 0x3e, 0x9d, 0x49, 0xb7, 0x3e, 0x83, 0x4e, 0xb8, 0x3e,
  0x75, 0x3d, 0xb9, 0x3e, 0x3c, 0x02, 0xba, 0x3e, 0x08, 0x8c, 0xba, 0x3e,
  0x25, 0xce, 0xba, 0x3e, 0xa5, 0xc0, 0xba, 0x3e, 0x69, 0x60, 0xba, 0x3e,
  0x4b, 0xaf, 0xb9, 0x3e, 0x9c, 0xb3, 0xb8, 0x3e, 0xb9, 0x77, 0xb7, 0x3e,
  0x1a, 0x09, 0xb6, 0x3e, 0x90, 0x77, 0xb4, 0x3e, 0x30, 0xd4, 0xb2, 0x3e,
  0x3f, 0x30, 0xb1, 0x3e, 0x5f, 0x9c, 0xaf, 0x3e, 0x68, 0x27, 0xae, 0x3e,
  0xe1, 0xdd, 0xac, 0x3e, 0x30, 0xc9, 0xab, 0x3e, 0x5b, 0xef, 0xaa, 0x3e,
  0xd5, 0x52, 0xaa, 0x3e, 0x67, 0xf2, 0xa9, 0x3e, 0x9d, 0xc9, 0xa9, 0x3e,
  0xf4, 0xd0, 0xa9, 0x3e, 0xa8, 0xfe, 0xa9, 0x3e, 0x20, 0x47, 0xaa, 0x3e,
  0xef, 0x9d, 0xaa, 0x3e, 0x58, 0xf6, 0xaa, 0x3e, 0x22, 0x44, 0xab, 0x3e,
  0x5d, 0x7c, 0xab, 0x3e, 0xb7, 0x95, 0xab, 0x3e, 0x3c, 0x89, 0xab, 0x3e,
  0x4e, 0x52, 0xab, 0x3e, 0x0b, 0xef, 0xaa, 0x3e, 0x37, 0x60, 0xaa, 0x3e,
  0x04, 0xa9, 0xa9, 0x3e, 0xcb, 0xce, 0xa8, 0x3e, 0xb8, 0xd8, 0xa7, 0x3e,
  0x24, 0xcf, 0xa6, 0x3e, 0x3f, 0xbb, 0xa5, 0x3e, 0x65, 0xa6, 0xa4, 0x3e,
  0x76, 0x99, 0xa3, 0x3e, 0xad, 0x9c, 0xa2, 0x3e, 0xce, 0xb6, 0xa1, 0x3e,
  0x1f, 0xed, 0xa0, 0x3e, 0x0b, 0x43, 0xa0, 0x3e, 0x0c, 0xba, 0x9f, 0x3e,
  0xad, 0x51, 0x9f, 0x3e, 0xa5, 0x07, 0x9f, 0x3e, 0x1b, 0xd8, 0x9e, 0x3e,
  0xe7, 0xbd, 0x9e, 0x3e, 0xd7, 0xb2, 0x9e, 0x3e, 0x3f, 0xb0, 0x9e, 0x3e,
  0x47, 0xaf, 0x9e, 0x3e, 0x57, 0xa9, 0x9e, 0x3e, 0x71, 0x98, 0x9e, 0x3e,
  0x7b, 0x77, 0x9e, 0x3e, 0x97, 0x42, 0x9e, 0x3e, 0x2c, 0xf7, 0x9d, 0x3e,
  0x15, 0x94, 0x9d, 0x3e, 0x92, 0x19, 0x9d, 0x3e, 0x46, 0x89, 0x9c, 0x3e,
  0xf1, 0xe5, 0x9b, 0x3e, 0x5b, 0x33, 0x9b, 0x3e, 0x03, 0x76, 0x9a, 0x3e,
  0xc1, 0xb2, 0x99, 0x3e, 0xa8, 0xee, 0x98, 0x3e, 0x8f, 0x2e, 0x98, 0x3e,
  0xd9, 0x76, 0x97, 0x3e, 0x53, 0xcb, 0x96, 0x3e, 0xe4, 0x2e, 0x96, 0x3e,
  0x72, 0xa3, 0x95, 0x3e, 0xf1, 0x29, 0x95, 0x3e, 0x25, 0xc2, 0x94, 0x3e,
  0xf8, 0x6a, 0x94, 0x3e, 0x6b, 0x22, 0x94, 0x3e, 0xbf, 0xe5, 0x93, 0x3e,
  0xa9, 0xb1, 0x93, 0x3e, 0xa1, 0x82, 0x93, 0x3e, 0xf0, 0x54, 0x93, 0x3e,
  0x01, 0x25, 0x93, 0x3e, 0x94, 0xef, 0x92, 0x3e, 0xdc, 0xb1, 0x92, 0x3e,
  0xc1, 0x69, 0x92, 0x3e, 0xb0, 0x15, 0x92, 0x3e, 0x19, 0xb5, 0x91, 0x3e,
  0xf1, 0x47, 0x91, 0x3e, 0x15, 0xcf, 0x90, 0x3e, 0xf8, 0x4b, 0x90, 0x3e,
  0x90, 0xc0, 0x8f, 0x3e, 0x3b, 0x2f, 0x8f, 0x3e, 0x27, 0x99, 0x8e, 0x3e,
  0x5f, 0x53, 0x8d, 0x3e, 0x39, 0x20, 0x83, 0x3e, 0x11, 0x3a, 0x43, 0x3e,
  0x70, 0x34, 0x98, 0x3d, 0xe0, 0xf2, 0x93, 0xbd, 0x91, 0xe6, 0x69, 0xbe,
  0x69, 0x63, 0xc3, 0xbe, 0x20, 0xfe, 0x05, 0xbf, 0x87, 0xc9, 0x25, 0xbf,
  0x1d, 0x60, 0x40, 0xbf, 0xca, 0xe6, 0x55, 0xbf, 0x61, 0xe3, 0x66, 0xbf,
  0xc9, 0xab, 0x73, 0xbf, 0x58, 0x2f, 0x7c, 0xbf, 0xa6, 0xfe, 0x7f, 0xbf,
  0xe0, 0x26, 0x7e, 0xbf, 0x09, 0xf3, 0x75, 0xbf, 0x71, 0xc7, 0x67, 0xbf,
  0x39, 0x21, 0x55, 0xbf, 0x76, 0xb6, 0x3f, 0xbf, 0x29, 0xa4, 0x28, 0xbf,
  0x8d, 0xf8, 0x10, 0xbf, 0xad, 0xfb, 0xf3, 0xbe, 0x39, 0xd9, 0xc9, 0xbe,
  0x37, 0xb9, 0xa5, 0xbe, 0x11, 0x5e, 0x89, 0xbe, 0x40, 0x07, 0x6c, 0xbe,
  0x31, 0xa8, 0x58, 0xbe, 0xb7, 0xc3, 0x58, 0xbe, 0x78, 0x61, 0x6b, 0xbe,
  0xf6, 0x40, 0x87, 0xbe, 0x15, 0xa7, 0x9f, 0xbe, 0xf0, 0x23, 0xbd, 0xbe,
  0x07, 0xc4, 0xdd, 0xbe, 0x25, 0x7b, 0xff, 0xbe, 0xe8, 0x22, 0x10, 0xbf,
  0x0c, 0x23, 0x1f, 0xbf, 0x80, 0xee, 0x2b, 0xbf, 0x8f, 0xdf, 0x35, 0xbf,
  0xcf, 0x81, 0x3c, 0xbf, 0x69, 0x96, 0x3f, 0xbf, 0x42, 0x15, 0x3f, 0xbf,
  0xd8, 0x2a, 0x3b, 0xbf, 0x4d, 0x33, 0x34, 0xbf, 0xf7, 0xb2, 0x2a, 0xbf,
  0xf5, 0x4c, 0x1f, 0xbf, 0x77, 0xb8, 0x12, 0xbf, 0x6d, 0xb5, 0x05, 0xbf,
  0x5e, 0x02, 0xf2, 0xbe, 0x97, 0x97, 0xda, 0xbe, 0x6f, 0x5d, 0xc6, 0xbe,
  0x0d, 0x4a, 0xb6, 0xbe, 0xbc, 0x0b, 0xab, 0xbe, 0x58, 0x02, 0xa5, 0xbe,
  0x7c, 0x3d, 0xa4, 0xbe, 0x53, 0x7f, 0xa8, 0xbe, 0xbc, 0x43, 0xb1, 0xbe,
  0xfd, 0xca, 0xbd, 0xbe, 0x8b, 0x27, 0xcd, 0xbe, 0x9d, 0x4d, 0xde, 0xbe,
  0xdc, 0x23, 0xf0, 0xbe, 0xfb, 0xc9, 0x00, 0xbf, 0x31, 0xcd, 0x08, 0xbf,
  0x1d, 0xaa, 0x0f, 0xbf, 0x55, 0x05, 0x15, 0xbf, 0x98, 0x9d, 0x18, 0xbf,
  0x67, 0x4e, 0x1a, 0xbf, 0xaf, 0x10, 0x1a, 0xbf, 0xd5, 0xf9, 0x17, 0xbf,
  0x3a, 0x39, 0x14, 0xbf, 0x3a, 0x14, 0x0f, 0xbf, 0x58, 0xe1, 0x08, 0xbf,
  0x5f, 0x02, 0x02, 0xbf, 0xdf, 0xbc, 0xf5, 0xbe, 0x8e, 0xb7, 0xe7, 0xbe,
  0x19, 0xb4, 0xda, 0xbe, 0x28, 0x5a, 0xcf, 0xbe, 0x9b, 0x31, 0xc6, 0xbe,
  0xf1, 0x9b, 0xbf, 0xbe, 0xc6, 0xd0, 0xbb, 0xbe, 0x6b, 0xdc, 0xba, 0xbe,
  0x64, 0xa1, 0xbc, 0xbe, 0xdc, 0xdb, 0xc0, 0xbe, 0x50, 0x27, 0xc7, 0xbe,
  0xe7, 0x05, 0xcf, 0xbe, 0xa5, 0xe8, 0xd7, 0xbe, 0x80, 0x38, 0xe1, 0xbe,
  0x27, 0x5f, 0xea, 0xbe, 0xad, 0xcf, 0xf2, 0xbe, 0x19, 0x0e, 0xfa, 0xbe,
  0x97, 0xb5, 0xff, 0xbe, 0xa1, 0xbe, 0x01, 0xbf, 0x66, 0x9d, 0x02, 0xbf,
  0xe0, 0x71, 0x02, 0xbf, 0x31, 0x46, 0x01, 0xbf, 0x3c, 0x65, 0xfe, 0xbe,
  0xfd, 0xb6, 0xf8, 0xbe, 0x3c, 0xdd, 0xf1, 0xbe, 0x6a, 0x40, 0xea, 0xbe,
  0x41, 0x4f, 0xe2, 0xbe, 0x18, 0x78, 0xda, 0xbe, 0xce, 0x22, 0xd3, 0xbe,
  0xff, 0xaa, 0xcc, 0xbe, 0x7a, 0x5b, 0xc7, 0xbe, 0xca, 0x6a, 0xc3, 0xbe,
  0xe8, 0xf8, 0xc0, 0xbe, 0xb1, 0x0e, 0xc0, 0xbe, 0x42, 0x9e, 0xc0, 0xbe,
  0xe3, 0x84, 0xc2, 0xbe, 0x00, 0x8e, 0xc5, 0xbe, 0xee, 0x76, 0xc9, 0xbe,
  0x73, 0xf3, 0xcd, 0xbe, 0x73, 0xb2, 0xd2, 0xbe, 0xc7, 0x62, 0xd7, 0xbe,
  0x07, 0xb8, 0xdb, 0xbe, 0x6b, 0x6e, 0xdf, 0xbe, 0x81, 0x4e, 0xe2, 0xbe,
  0x7d, 0x2f, 0xe4, 0xbe, 0x21, 0xf9, 0xe4, 0xbe, 0x32, 0xa4, 0xe4, 0xbe,
  0x15, 0x3a, 0xe3, 0xbe, 0x97, 0xd3, 0xe0, 0xbe, 0xc1, 0x96, 0xdd, 0xbe,
  0x03, 0xb4, 0xd9, 0xbe, 0x1d, 0x63, 0xd5, 0xbe, 0x70, 0xdf, 0xd0, 0xbe,
  0x8f, 0x64, 0xcc, 0xbe, 0xc5, 0x2a, 0xc8, 0xbe, 0x20, 0x64, 0xc4, 0xbe,
  0xd0, 0x39, 0xc1, 0xbe, 0x33, 0xca, 0xbe, 0xbe, 0xba, 0x27, 0xbd, 0xbe,
  0x3d, 0x58, 0xbc, 0xbe, 0x61, 0x55, 0xbc, 0xbe, 0x6e, 0x0d, 0xbd, 0xbe,
  0xf9, 0x64, 0xbe, 0xbe, 0xb0, 0x38, 0xc0, 0xbe, 0xf4, 0x5f, 0xc2, 0xbe,
  0x34, 0xaf, 0xc4, 0xbe, 0xb9, 0xfa, 0xc6, 0xbe, 0x0b, 0x19, 0xc9, 0xbe,
  0x3a, 0xe5, 0xca, 0xbe, 0xa8, 0x40, 0xcc, 0xbe, 0xb5, 0x14, 0xcd, 0xbe,
  0x70, 0x53, 0xcd, 0xbe, 0x18, 0xf8, 0xcc, 0xbe, 0xf9, 0x06, 0xcc, 0xbe,
  0xa6, 0x8c, 0xca, 0xbe, 0xfc, 0x9c, 0xc8, 0xbe, 0xa7, 0x51, 0xc6, 0xbe,
  0x4f, 0xc8, 0xc3, 0xbe, 0xd1, 0x20, 0xc1, 0xbe, 0x4b, 0x7b, 0xbe, 0xbe,
  0x4d, 0xf6, 0xbb, 0xbe, 0x1a, 0xad, 0xb9, 0xbe, 0x60, 0xb6, 0xb7, 0xbe,
  0x07, 0x23, 0xb6, 0xbe, 0x8f, 0xfd, 0xb4, 0xbe, 0xcf, 0x49, 0xb4, 0xbe,
  0xe4, 0x04, 0xb4, 0xbe, 0xd7, 0x25, 0xb4, 0xbe, 0x52, 0x9e, 0xb4, 0xbe,
  0xae, 0x5b, 0xb5, 0xbe, 0x44, 0x48, 0xb6, 0xbe, 0xbc, 0x4c, 0xb7, 0xbe,
  0x84, 0x51, 0xb8, 0xbe, 0x21, 0x40, 0xb9, 0xbe, 0x5c, 0x04, 0xba, 0xbe,
  0x80, 0x8d, 0xba, 0xbe, 0xd3, 0xce, 0xba, 0xbe, 0x80, 0xc0, 0xba, 0xbe,
  0x74, 0x5f, 0xba, 0xbe, 0x89, 0xad, 0xb9, 0xbe, 0x2c, 0xb1, 0xb8, 0xbe,
  0xb2, 0x74, 0xb7, 0xbe, 0xa8, 0x05, 0xb6, 0xbe, 0xe1, 0x73, 0xb4, 0xbe,
  0x5f, 0xd0, 0xb2, 0xbe, 0x90, 0x2c, 0xb1, 0xbe, 0xe9, 0x98, 0xaf, 0xbe,
  0x57, 0x24, 0xae, 0xbe, 0x4c, 0xdb, 0xac, 0xbe, 0x2b, 0xc7, 0xab, 0xbe,
  0xf4, 0xed, 0xaa, 0xbe, 0x08, 0x52, 0xaa, 0xbe, 0x34, 0xf2, 0xa9, 0xbe,
  0xed, 0xc9, 0xa9, 0xbe, 0xb3, 0xd1, 0xa9, 0xbe, 0xb8, 0xff, 0xa9, 0xbe,
  0x69, 0x48, 0xaa, 0xbe, 0x49, 0x9f, 0xaa, 0xbe, 0xa1, 0xf7, 0xaa, 0xbe,
  0x43, 0x45, 0xab, 0xbe, 0x37, 0x7d, 0xab, 0xbe, 0x40, 0x96, 0xab, 0xbe,
  0x50, 0x89, 0xab, 0xbe, 0xf0, 0x51, 0xab, 0xbe, 0x42, 0xee, 0xaa, 0xbe,
  0xff, 0x5e, 0xaa, 0xbe, 0x67, 0xa7, 0xa9, 0xbe, 0xe1, 0xcc, 0xa8, 0xbe,
  0x91, 0xd6, 0xa7, 0xbe, 0xd9, 0xcc, 0xa6, 0xbe, 0xe6, 0xb8, 0xa5, 0xbe,
  0x10, 0xa4, 0xa4, 0xbe, 0x43, 0x97, 0xa3, 0xbe, 0xa9, 0x9a, 0xa2, 0xbe,
  0x0c, 0xb5, 0xa1, 0xbe, 0xb2, 0xeb, 0xa0, 0xbe, 0xeb, 0x41, 0xa0, 0xbe,
  0x43, 0xb9, 0x9f, 0xbe, 0x30, 0x51, 0x9f, 0xbe, 0x79, 0x07, 0x9f, 0xbe,
  0x2f, 0xd8, 0x9e, 0xbe, 0x20, 0xbe, 0x9e, 0xbe, 0x2f, 0xb3, 0x9e, 0xbe,
  0xa4, 0xb0, 0x9e, 0xbe, 0xab, 0xaf, 0x9e, 0xbe, 0xa4, 0xa9, 0x9e, 0xbe,
  0x96, 0x98, 0x9e, 0xbe, 0x74, 0x77, 0x9e, 0xbe, 0x5b, 0x42, 0x9e, 0xbe,
  0xb0, 0xf6, 0x9d, 0xbe, 0x59, 0x93, 0x9d, 0xbe, 0x9d, 0x18, 0x9d, 0xbe,
  0x1b, 0x88, 0x9c, 0xbe, 0x9b, 0xe4, 0x9b, 0xbe, 0xe7, 0x31, 0x9b, 0xbe,
  0x77, 0x74, 0x9a, 0xbe, 0x31, 0xb1, 0x99, 0xbe, 0x1c, 0xed, 0x98, 0xbe,
  0x0d, 0x2d, 0x98, 0xbe, 0x78, 0x75, 0x97, 0xbe, 0x15, 0xca, 0x96, 0xbe,
  0xce, 0x2d, 0x96, 0xbe, 0x87, 0xa2, 0x95, 0xbe, 0x31, 0x29, 0x95, 0xbe,
  0x91, 0xc1, 0x94, 0xbe, 0x90, 0x6a, 0x94, 0xbe, 0x22, 0x22, 0x94, 0xbe,
  0x8d, 0xe5, 0x93, 0xbe, 0x8e, 0xb1, 0x93, 0xbe, 0x86, 0x82, 0x93, 0xbe,
  0xd9, 0x54, 0x93, 0xbe, 0xdc, 0x24, 0x93, 0xbe, 0x65, 0xef, 0x92, 0xbe,
  0x95, 0xb1, 0x92, 0xbe, 0x4f, 0x69, 0x92, 0xbe, 0x29, 0x15, 0x92, 0xbe,
  0x67, 0xb4, 0x91, 0xbe, 0x28, 0x47, 0x91, 0xbe, 0x30, 0xce, 0x90, 0xbe,
  0xf9, 0x4a, 0x90, 0xbe, 0x80, 0xbf, 0x8f, 0xbe, 0x24, 0x2e, 0x8f, 0xbe,
  0xf9, 0x97, 0x8e, 0xbe, 0xac, 0x4d, 0x8d, 0xbe, 0xa7, 0xf4, 0x82, 0xbe,
  0xbe, 0x47, 0x42, 0xbe, 0xd0, 0x49, 0x95, 0xbd, 0x82, 0xcf, 0xe7, 0x3c,
  0x55, 0x1f, 0x5e, 0x3e, 0xf0, 0xb0, 0xcf, 0x3e, 0x64, 0xb9, 0x13, 0x3f,
  0xb0, 0x7c, 0x38, 0x3f, 0x13, 0x6b, 0x55, 0x3f, 0x75, 0x1d, 0x6b, 0x3f,
  0xf2, 0xa7, 0x79, 0x3f, 0x28, 0xff, 0x7f, 0x3f, 0xd4, 0xed, 0x7b, 0x3f,
  0xf6, 0xf1, 0x6b, 0x3f, 0xd3, 0x5b, 0x51, 0x3f, 0xb2, 0xf8, 0x2e, 0x3f,
  0x5b, 0x51, 0x08, 0x3f, 0xfb, 0x02, 0xc3, 0x3e, 0xab, 0x0e, 0x7c, 0x3e,
  0x02, 0x1e, 0x12, 0x3e, 0xc0, 0x3f, 0x9e, 0x3d, 0xa0, 0x8d, 0x57, 0x3d,
  0x50, 0xc8, 0x8d, 0x3d, 0x44, 0xa8, 0xfd, 0x3d, 0x26, 0x07, 0x57, 0x3e,
  0x23, 0xd3, 0xa2, 0x3e, 0x1a, 0x64, 0xdf, 0x3e, 0x9a, 0xa6, 0x0d, 0x3f,
  0xb1, 0xb2, 0x28, 0x3f, 0xd1, 0xa7, 0x3e, 0x3f, 0xf9, 0xaf, 0x4d, 0x3f,
  0x08, 0x83, 0x54, 0x3f, 0xce, 0xa9, 0x52, 0x3f, 0xca, 0x8c, 0x48, 0x3f,
  0xde, 0x59, 0x37, 0x3f, 0xd8, 0xdf, 0x20, 0x3f, 0x31, 0x5c, 0x07, 0x3f,
  0x87, 0x82, 0xda, 0x3e, 0x0e, 0xf4, 0xa9, 0x3e, 0x70, 0x61, 0x81, 0x3e,
  0x48, 0x76, 0x48, 0x3e, 0x40, 0x87, 0x29, 0x3e, 0xb8, 0xc7, 0x27, 0x3e,
  0xd7, 0x42, 0x42, 0x3e, 0x28, 0x6c, 0x75, 0x3e, 0x57, 0xc5, 0x9d, 0x3e,
  0x08, 0xaa, 0xc6, 0x3e, 0xe9, 0x53, 0xf1, 0x3e, 0x05, 0xd6, 0x0c, 0x3f,
  0x40, 0xfb, 0x1d, 0x3f, 0xfd, 0x93, 0x2a, 0x3f, 0x2c, 0x94, 0x31, 0x3f,
  0x28, 0x7e, 0x32, 0x3f, 0x7d, 0x69, 0x2d, 0x3f, 0xa0, 0xfb, 0x22, 0x3f,
  0xc8, 0x53, 0x14, 0x3f, 0x02, 0xec, 0x02, 0x3f, 0xf4, 0xe5, 0xe0, 0x3e,
  0x3f, 0x44, 0xbd, 0x3e, 0x78, 0x28, 0x9e, 0x3e, 0x8c, 0x40, 0x86, 0x3e,
  0x51, 0xef, 0x6e, 0x3e, 0x26, 0x9e, 0x65, 0x3e, 0xaf, 0x9c, 0x70, 0x3e,
  0xf9, 0x0a, 0x87, 0x3e, 0x8e, 0x46, 0x9d, 0x3e, 0x6c, 0x9f, 0xb8, 0x3e,
  0x04, 0x4f, 0xd6, 0x3e, 0x4c, 0x6f, 0xf3, 0x3e, 0x74, 0xa0, 0x06, 0x3f,
  0x95, 0xb5, 0x10, 0x3f, 0x42, 0x18, 0x17, 0x3f, 0x5c, 0x49, 0x19, 0x3f,
  0xea, 0x31, 0x17, 0x3f, 0xbf, 0x21, 0x11, 0x3f, 0x8c, 0xc4, 0x07, 0x3f,
  0x81, 0x1d, 0xf8, 0x3e, 0xa6, 0x48, 0xde, 0x3e, 0x17, 0x78, 0xc4, 0x3e,
  0xdd, 0x03, 0xad, 0x3e, 0x5b, 0xf7, 0x99, 0x3e, 0x47, 0xe3, 0x8c, 0x3e,
  0xac, 0xbc, 0x86, 0x3e, 0x4c, 0xcb, 0x87, 0x3e, 0xea, 0xa8, 0x8f, 0x3e,
  0xb9, 0x50, 0x9d, 0x3e, 0xf0, 0x3c, 0xaf, 0x3e, 0xa5, 0x8f, 0xc3, 0x3e,
  0xf1, 0x41, 0xd8, 0x3e, 0xd8, 0x55, 0xeb, 0x3e, 0x4c, 0x05, 0xfb, 0x3e,
  0x40, 0xf5, 0x02, 0x3f, 0xf7, 0x8e, 0x05, 0x3f, 0xc2, 0x23, 0x05, 0x3f,
  0x09, 0xd1, 0x01, 0x3f, 0xad, 0xf0, 0xf7, 0x3e, 0xed, 0x67, 0xe8, 0x3e,
  0x7c, 0x8d, 0xd6, 0x3e, 0xe9, 0x10, 0xc4, 0x3e, 0x39, 0xa2, 0xb2, 0x3e,
  0xa5, 0xc9, 0xa3, 0x3e, 0x88, 0xc4, 0x98, 0x3e, 0x5f, 0x6a, 0x92, 0x3e,
  0x34, 0x1c, 0x91, 0x3e, 0xb1, 0xbf, 0x94, 0x3e, 0xab, 0xc5, 0x9c, 0x3e,
  0x88, 0x3b, 0xa8, 0x3e, 0x30, 0xe5, 0xb5, 0x3e, 0xd3, 0x5c, 0xc4, 0x3e,
  0xcc, 0x35, 0xd2, 0x3e, 0x93, 0x1e, 0xde, 0x3e, 0x66, 0xff, 0xe6, 0x3e,
  0x35, 0x12, 0xec, 0x3e, 0x3c, 0xf2, 0xec, 0x3e, 0x39, 0xa2, 0xe9, 0x3e,
  0x85, 0x88, 0xe2, 0x3e, 0x33, 0x62, 0xd8, 0x3e, 0x95, 0x2e, 0xcc, 0x3e,
  0x14, 0x15, 0xbf, 0x3e, 0x91, 0x48, 0xb2, 0x3e, 0x3f, 0xea, 0xa6, 0x3e,
  0x81, 0xef, 0x9d, 0x3e, 0x88, 0x0c, 0x98, 0x3e, 0xd1, 0xa5, 0x95, 0x3e,
  0x5c, 0xc9, 0x96, 0x3e, 0x97, 0x30, 0x9b, 0x3e, 0x94, 0x49, 0xa2, 0x3e,
  0x48, 0x47, 0xab, 0x3e, 0x89, 0x36, 0xb5, 0x3e, 0x2b, 0x16, 0xbf, 0x3e,
  0x17, 0xef, 0xc7, 0x3e, 0x37, 0xeb, 0xce, 0x3e, 0x16, 0x68, 0xd3, 0x3e,
  0x48, 0x04, 0xd5, 0x3e, 0x26, 0xa6, 0xd3, 0x3e, 0xfc, 0x7b, 0xcf, 0x3e,
  0x00, 0xf5, 0xc8, 0x3e, 0x09, 0xb5, 0xc0, 0x3e, 0x46, 0x83, 0xb7, 0x3e,
  0xad, 0x36, 0xae, 0x3e, 0x69, 0xa1, 0xa5, 0x3e, 0x89, 0x7d, 0x9e, 0x3e,
  0x5d, 0x5c, 0x99, 0x3e, 0x73, 0x9a, 0x96, 0x3e, 0xcf, 0x58, 0x96, 0x3e,
  0xbb, 0x7b, 0x98, 0x3e, 0xa0, 0xaf, 0x9c, 0x3e, 0x7f, 0x72, 0xa2, 0x3e,
  0xbc, 0x21, 0xa9, 0x3e, 0x5b, 0x0a, 0xb0, 0x3e, 0x24, 0x7a, 0xb6, 0x3e,
  0x2f, 0xd0, 0xbb, 0x3e, 0x59, 0x8b, 0xbf, 0x3e, 0x17, 0x55, 0xc1, 0x3e,
  0x2a, 0x08, 0xc1, 0x3e, 0x47, 0xb2, 0xbe, 0x3e, 0x35, 0x91, 0xba, 0x3e,
  0x59, 0x0b, 0xb5, 0x3e, 0xce, 0xa4, 0xae, 0x3e, 0x1f, 0xf2, 0xa7, 0x3e,
  0xec, 0x89, 0xa1, 0x3e, 0xbc, 0xf6, 0x9b, 0x3e, 0xb3, 0xaa, 0x97, 0x3e,
  0x90, 0xf5, 0x94, 0x3e, 0x9c, 0xfe, 0x93, 0x3e, 0x5b, 0xc2, 0x94, 0x3e,
  0x37, 0x14, 0x97, 0x3e, 0x33, 0xa4, 0x9a, 0x3e, 0x6f, 0x07, 0x9f, 0x3e,
  0x21, 0xc3, 0xa3, 0x3e, 0x6f, 0x58, 0xa8, 0x3e, 0x74, 0x50, 0xac, 0x3e,
  0xfb, 0x46, 0xaf, 0x3e, 0x38, 0xf3, 0xb0, 0x3e, 0x8b, 0x2d, 0xb1, 0x3e,
  0x33, 0xf2, 0xaf, 0x3e, 0x48, 0x60, 0xad, 0x3e, 0xb7, 0xb5, 0xa9, 0x3e,
  0x77, 0x48, 0xa5, 0x3e, 0xb3, 0x7d, 0xa0, 0x3e, 0xe8, 0xbf, 0x9b, 0x3e,
  0xa8, 0x74, 0x97, 0x3e, 0x93, 0xf3, 0x93, 0x3e, 0x78, 0x7e, 0x91, 0x3e,
  0x01, 0x3c, 0x90, 0x3e, 0x0f, 0x35, 0x90, 0x3e, 0xe8, 0x54, 0x91, 0x3e,
  0x1d, 0x6c, 0x93, 0x3e, 0xeb, 0x35, 0x96, 0x3e, 0x50, 0x5f, 0x99, 0x3e,
  0x3c, 0x8f, 0x9c, 0x3e, 0x20, 0x6f, 0x9f, 0x3e, 0xc7, 0xb2, 0xa1, 0x3e,
  0x3a, 0x1f, 0xa3, 0x3e, 0x73, 0x8f, 0xa3, 0x3e, 0x49, 0xf7, 0xa2, 0x3e,
  0x8c, 0x63, 0xa1, 0x3e, 0x05, 0xf8, 0x9e, 0x3e, 0x5f, 0xeb, 0x9b, 0x3e,
  0x7c, 0x81, 0x98, 0x3e, 0x8f, 0x04, 0x95, 0x3e, 0x14, 0xbe, 0x91, 0x3e,
  0x07, 0xf0, 0x8e, 0x3e, 0xf0, 0xce, 0x8c, 0x3e, 0x77, 0x7d, 0x8b, 0x3e,
  0xea, 0x09, 0x8b, 0x3e, 0x5f, 0x6d, 0x8b, 0x3e, 0x4c, 0x8d, 0x8c, 0x3e,
  0x70, 0x3e, 0x8e, 0x3e, 0xad, 0x49, 0x90, 0x3e, 0x47, 0x71, 0x92, 0x3e,
  0x22, 0x77, 0x94, 0x3e, 0x4f, 0x22, 0x96, 0x3e, 0x58, 0x44, 0x97, 0x3e,
  0x1d, 0xbd, 0x97, 0x3e, 0x59, 0x7d, 0x97, 0x3e, 0x7f, 0x87, 0x96, 0x3e,
  0xe4, 0xee, 0x94, 0x3e, 0x61, 0xd5, 0x92, 0x3e, 0xa0, 0x67, 0x90, 0x3e,
  0xac, 0xd8, 0x8d, 0x3e, 0xf6, 0x5c, 0x8b, 0x3e, 0x4d, 0x25, 0x89, 0x3e,
  0xa4, 0x5a, 0x87, 0x3e, 0x61, 0x1a, 0x86, 0x3e, 0x09, 0x74, 0x85, 0x3e,
  0x58, 0x68, 0x85, 0x3e, 0xb3, 0xe9, 0x85, 0x3e, 0xcb, 0xdd, 0x86, 0x3e,
  0xa0, 0x20, 0x88, 0x3e, 0x1d, 0x88, 0x89, 0x3e, 0x30, 0xe8, 0x8a, 0x3e,
  0x12, 0x17, 0x8c, 0x3e, 0xec, 0xf0, 0x8c, 0x3e, 0x25, 0x5b, 0x8d, 0x3e,
  0x5b, 0x46, 0x8d, 0x3e, 0xaa, 0xaf, 0x8c, 0x3e, 0x40, 0xa0, 0x8b, 0x3e,
  0x4f, 0x2c, 0x8a, 0x3e, 0xb9, 0x70, 0x88, 0x3e, 0x0b, 0x90, 0x86, 0x3e,
  0x27, 0xaf, 0x84, 0x3e, 0xb7, 0xf1, 0x82, 0x3e, 0xe4, 0x76, 0x81, 0x3e,
  0xa0, 0x56, 0x80, 0x3e, 0x5a, 0x3f, 0x7f, 0x3e, 0xf8, 0xac, 0x7e, 0x3e,
  0x50, 0xea, 0x7e, 0x3e, 0xdd, 0xd8, 0x7f, 0x3e, 0x4b, 0xa5, 0x80, 0x3e,
  0x6c, 0x83, 0x81, 0x3e, 0x17, 0x68, 0x82, 0x3e, 0xff, 0x34, 0x83, 0x3e,
  0x15, 0xcf, 0x83, 0x3e, 0xfe, 0x20, 0x84, 0x3e, 0x63, 0x1a, 0x84, 0x3e,
  0x75, 0xa2, 0x82, 0x3e, 0x41, 0x78, 0x66, 0x3e, 0x25, 0xcc, 0x04, 0x3e,
  0xfd, 0x19, 0xf7, 0xbc, 0xad, 0x31, 0x60, 0xbe, 0x8f, 0xaf, 0xd0, 0xbe,
  0x48, 0x29, 0x14, 0xbf, 0x81, 0xd7, 0x38, 0xbf, 0x7e, 0xb0, 0x55, 0xbf,
  0xd8, 0x4e, 0x6b, 0xbf, 0xc1, 0xc4, 0x79, 0xbf, 0x00, 0x00, 0x80, 0xbf,
  0xf9, 0xcc, 0x7b, 0xbf, 0xd6, 0xb1, 0x6b, 0xbf, 0x1f, 0x03, 0x51, 0xbf,
  0xc0, 0x90, 0x2e, 0xbf, 0xb3, 0xe4, 0x07, 0xbf, 0x41, 0x37, 0xc2, 0xbe,
  0x6a, 0xbe, 0x7a, 0xbe, 0x2f, 0x32, 0x11, 0xbe, 0x70, 0x4b, 0x9d, 0xbd,
  0xa1, 0x82, 0x57, 0xbd, 0x41, 0xa9, 0x8e, 0xbd, 0x0b, 0x52, 0xff, 0xbd,
  0x9b, 0x28, 0x58, 0xbe, 0x48, 0x7a, 0xa3, 0xbe, 0x8b, 0x10, 0xe0, 0xbe,
  0xa3, 0xf7, 0x0d, 0xbf, 0x04, 0xf8, 0x28, 0xbf, 0xcf, 0xdb, 0x3e, 0xbf,
  0x26, 0xce, 0x4d, 0xbf, 0xfd, 0x88, 0x54, 0xbf, 0xac, 0x97, 0x52, 0xbf,
  0xf4, 0x64, 0x48, 0xbf, 0xb6, 0x20, 0x37, 0xbf, 0x3c, 0x9b, 0x20, 0xbf,
  0xd8, 0x12, 0x07, 0xbf, 0x3c, 0xf4, 0xd9, 0xbe, 0x21, 0x77, 0xa9, 0xbe,
  0xcc, 0x00, 0x81, 0xbe, 0x75, 0xfd, 0x47, 0xbe, 0x6e, 0x5f, 0x29, 0xbe,
  0xa2, 0xf1, 0x27, 0xbe, 0x93, 0xb7, 0x42, 0xbe, 0x20, 0x1e, 0x76, 0xbe,
  0x88, 0x33, 0x9e, 0xbe, 0x55, 0x22, 0xc7, 0xbe, 0xac, 0xca, 0xf1, 0xbe,
  0x1d, 0x0b, 0x0d, 0xbf, 0x3d, 0x25, 0x1e, 0xbf, 0x4d, 0xaf, 0x2a, 0xbf,
  0xc0, 0x9e, 0x31, 0xbf, 0x81, 0x77, 0x32, 0xbf, 0xc6, 0x52, 0x2d, 0xbf,
  0x71, 0xd7, 0x22, 0xbf, 0xeb, 0x25, 0x14, 0xbf, 0x02, 0xb9, 0x02, 0xbf,
  0x67, 0x7f, 0xe0, 0xbe, 0x9c, 0xe6, 0xbc, 0xbe, 0x07, 0xdc, 0x9d, 0xbe,
  0xbd, 0x0b, 0x86, 0xbe, 0xf6, 0xbc, 0x6e, 0xbe, 0xb3, 0xa5, 0x65, 0xbe,
  0x3b, 0xdb, 0x70, 0xbe, 0xd4, 0x41, 0x87, 0xbe, 0xf5, 0x8e, 0x9d, 0xbe,
  0xf9, 0xf1, 0xb8, 0xbe, 0x8f, 0xa3, 0xd6, 0xbe, 0xd2, 0xbd, 0xf3, 0xbe,
  0x1a, 0xc1, 0x06, 0xbf, 0xc3, 0xcc, 0x10, 0xbf, 0x1a, 0x24, 0x17, 0xbf,
  0x17, 0x49, 0x19, 0xbf, 0xee, 0x25, 0x17, 0xbf, 0x81, 0x0b, 0x11, 0xbf,
  0x6b, 0xa6, 0x07, 0xbf, 0x7c, 0xd7, 0xf7, 0xbe, 0xa7, 0xff, 0xdd, 0xbe,
  0xec, 0x32, 0xc4, 0xbe, 0xb3, 0xc8, 0xac, 0xbe, 0x43, 0xcb, 0x99, 0xbe,
  0xcc, 0xc9, 0x8c, 0xbe, 0x67, 0xb7, 0x86, 0xbe, 0xf3, 0xd9, 0x87, 0xbe,
  0x5f, 0xc9, 0x8f, 0xbe, 0x3a, 0x7f, 0x9d, 0xbe, 0xa5, 0x74, 0xaf, 0xbe,
  0xf1, 0xca, 0xc3, 0xbe, 0x17, 0x7b, 0xd8, 0xbe, 0x8b, 0x87, 0xeb, 0xbe,
  0x0f, 0x2b, 0xfb, 0xbe, 0x8f, 0x00, 0x03, 0xbf, 0xde, 0x91, 0x05, 0xbf,
  0x3e, 0x1e, 0x05, 0xbf, 0xd8, 0xc3, 0x01, 0xbf, 0xcd, 0xc9, 0xf7, 0xbe,
  0x8f, 0x38, 0xe8, 0xbe, 0x2f, 0x5a, 0xd6, 0xbe, 0x83, 0xde, 0xc3, 0xbe,
  0x47, 0x75, 0xb2, 0xbe, 0x19, 0xa6, 0xa3, 0xbe, 0x40, 0xad, 0x98, 0xbe,
  0x03, 0x61, 0x92, 0xbe, 0x1b, 0x21, 0x91, 0xbe, 0xc8, 0xd1, 0x94, 0xbe,
  0xc5, 0xe2, 0x9c, 0xbe, 0x78, 0x60, 0xa8, 0xbe, 0x2a, 0x0e, 0xb6, 0xbe,
  0xcc, 0x85, 0xc4, 0xbe, 0xd7, 0x5a, 0xd2, 0xbe, 0x5d, 0x3c, 0xde, 0xbe,
  0x49, 0x13, 0xe7, 0xbe, 0x91, 0x1a, 0xec, 0xbe, 0x9a, 0xee, 0xec, 0xbe,
  0x4f, 0x93, 0xe9, 0xbe, 0xfb, 0x6f, 0xe2, 0xbe, 0x99, 0x42, 0xd8, 0xbe,
  0xf5, 0x0a, 0xcc, 0xbe, 0xd0, 0xf0, 0xbe, 0xbe, 0xf9, 0x26, 0xb2, 0xbe,
  0x43, 0xce, 0xa6, 0xbe, 0x7d, 0xdb, 0x9d, 0xbe, 0xfb, 0x01, 0x98, 0xbe,
  0x44, 0xa5, 0x95, 0xbe, 0x78, 0xd2, 0x96, 0xbe, 0x17, 0x42, 0x9b, 0xbe,
  0x7c, 0x61, 0xa2, 0xbe, 0x0b, 0x63, 0xab, 0xbe, 0x62, 0x53, 0xb5, 0xbe,
  0x4d, 0x31, 0xbf, 0xbe, 0xf3, 0x05, 0xc8, 0xbe, 0xc5, 0xfb, 0xce, 0xbe,
  0xe9, 0x70, 0xd3, 0xbe, 0xb0, 0x04, 0xd5, 0xbe, 0x64, 0x9e, 0xd3, 0xbe,
  0xed, 0x6c, 0xcf, 0xbe, 0x3d, 0xe0, 0xc8, 0xbe, 0x97, 0x9c, 0xc0, 0xbe,
  0x77, 0x69, 0xb7, 0xbe, 0xe7, 0x1d, 0xae, 0xbe, 0xdd, 0x8b, 0xa5, 0xbe,
  0x02, 0x6d, 0x9e, 0xbe, 0x1d, 0x52, 0x99, 0xbe, 0x2c, 0x97, 0x96, 0xbe,
  0x77, 0x5c, 0x96, 0xbe, 0xb5, 0x85, 0x98, 0xbe, 0xa8, 0xbe, 0x9c, 0xbe,
  0xf4, 0x84, 0xa2, 0xbe, 0xb9, 0x35, 0xa9, 0xbe, 0xdc, 0x1d, 0xb0, 0xbe,
  0x49, 0x8b, 0xb6, 0xbe, 0x5f, 0xdd, 0xbb, 0xbe, 0x6f, 0x93, 0xbf, 0xbe,
  0x6f, 0x57, 0xc1, 0xbe, 0xa0, 0x04, 0xc1, 0xbe, 0x53, 0xa9, 0xbe, 0xbe,
  0xc9, 0x83, 0xba, 0xbe, 0xc8, 0xfa, 0xb4, 0xbe, 0xad, 0x92, 0xae, 0xbe,
  0x0f, 0xe0, 0xa7, 0xbe, 0x8e, 0x79, 0xa1, 0xbe, 0x78, 0xe9, 0x9b, 0xbe,
  0x8d, 0xa1, 0x97, 0xbe, 0x2c, 0xf1, 0x94, 0xbe, 0x2d, 0xff, 0x93, 0xbe,
  0x95, 0xc7, 0x94, 0xbe, 0x5a, 0x1d, 0x97, 0xbe, 0x32, 0xb0, 0x9a, 0xbe,
  0x0a, 0x15, 0x9f, 0xbe, 0xeb, 0xd0, 0xa3, 0xbe, 0x15, 0x65, 0xa8, 0xbe,
  0xb7, 0x5a, 0xac, 0xbe, 0xea, 0x4d, 0xaf, 0xbe, 0x38, 0xf6, 0xb0, 0xbe,
  0x6b, 0x2c, 0xb1, 0xbe, 0x19, 0xed, 0xaf, 0xbe, 0xc0, 0x57, 0xad, 0xbe,
  0x9a, 0xaa, 0xa9, 0xbe, 0xcb, 0x3b, 0xa5, 0xbe, 0xab, 0x70, 0xa0, 0xbe,
  0x9c, 0xb3, 0x9b, 0xbe, 0x33, 0x6a, 0x97, 0xbe, 0xcd, 0xeb, 0x93, 0xbe,
  0xe5, 0x79, 0x91, 0xbe, 0xe7, 0x3a, 0x90, 0xbe, 0x57, 0x37, 0x90, 0xbe,
  0x29, 0x5a, 0x91, 0xbe, 0xb3, 0x73, 0x93, 0xbe, 0xfd, 0x3e, 0x96, 0xbe,
  0xe1, 0x68, 0x99, 0xbe, 0x58, 0x98, 0x9c, 0xbe, 0xdc, 0x76, 0x9f, 0xbe,
  0x6e, 0xb8, 0xa1, 0xbe, 0x37, 0x22, 0xa3, 0xbe, 0x91, 0x8f, 0xa3, 0xbe,
  0x8c, 0xf4, 0xa2, 0xbe, 0x33, 0x5e, 0xa1, 0xbe, 0x9e, 0xf0, 0x9e, 0xbe,
  0x9d, 0xe2, 0x9b, 0xbe, 0x24, 0x78, 0x98, 0xbe, 0x7a, 0xfb, 0x94, 0xbe,
  0x01, 0xb6, 0x91, 0xbe, 0x9a, 0xe9, 0x8e, 0xbe, 0xa7, 0xca, 0x8c, 0xbe,
  0x9b, 0x7b, 0x8b, 0xbe, 0x73, 0x0a, 0x8b, 0xbe, 0x29, 0x70, 0x8b, 0xbe,
  0xe5, 0x91, 0x8c, 0xbe, 0x4f, 0x44, 0x8e, 0xbe, 0x27, 0x50, 0x90, 0xbe,
  0xb0, 0x77, 0x92, 0xbe, 0xcb, 0x7c, 0x94, 0xbe, 0xb0, 0x26, 0x96, 0xbe,
  0xfb, 0x46, 0x97, 0xbe, 0xc8, 0xbd, 0x97, 0xbe, 0xfc, 0x7b, 0x97, 0xbe,
  0x3b, 0x84, 0x96, 0xbe, 0x04, 0xea, 0x94, 0xbe, 0x59, 0xcf, 0x92, 0xbe,
  0xf8, 0x60, 0x90, 0xbe, 0x00, 0xd2, 0x8d, 0xbe, 0xcd, 0x56, 0x8b, 0xbe,
  0x23, 0x20, 0x89, 0xbe, 0xe4, 0x56, 0x87, 0xbe, 0x41, 0x18, 0x86, 0xbe,
  0x9e, 0x73, 0x85, 0xbe, 0x90, 0x69, 0x85, 0xbe, 0x4b, 0xec, 0x85, 0xbe,
  0x73, 0xe1, 0x86, 0xbe, 0xe6, 0x24, 0x88, 0xbe, 0x82, 0x8c, 0x89, 0xbe,
  0x3d, 0xec, 0x8a, 0xbe, 0x58, 0x1a, 0x8c, 0xbe, 0x19, 0xf3, 0x8c, 0xbe,
  0xf5, 0x5b, 0x8d, 0xbe, 0xc4, 0x45, 0x8d, 0xbe, 0xac, 0xad, 0x8c, 0xbe,
  0x11, 0x9d, 0x8b, 0xbe, 0x2b, 0x28, 0x8a, 0xbe, 0x04, 0x6c, 0x88, 0xbe,
  0x24, 0x8b, 0x86, 0xbe, 0x79, 0xaa, 0x84, 0xbe, 0xa1, 0xed, 0x82, 0xbe,
  0xb2, 0x73, 0x81, 0xbe, 0x87, 0x54, 0x80, 0xbe, 0x8b, 0x3d, 0x7f, 0xbe,
  0x7e, 0xad, 0x7e, 0xbe, 0x03, 0xed, 0x7e, 0xbe, 0x37, 0xdd, 0x7f, 0xbe,
  0x05, 0xa8, 0x80, 0xbe, 0x5c, 0x86, 0x81, 0xbe, 0xec, 0x6a, 0x82, 0xbe,
  0x62, 0x37, 0x83, 0xbe, 0xc6, 0xd0, 0x83, 0xbe, 0xd1, 0x21, 0x84, 0xbe,
  0x15, 0x1a, 0x84, 0xbe, 0x4c, 0x99, 0x82, 0xbe, 0x3e, 0xec, 0x65, 0xbe,
  0x96, 0x57, 0x03, 0xbe
};
unsigned int src_RESO_SQR_bin_len = 16384;
