unsigned char src_TWO_OP_RAND_bin[] = {
  0x00, 0x00, 0x00, 0x00, 0x64, 0x9d, 0x1f, 0x3d, 0xe0, 0x75, 0x9f, 0x3d,
  0x3c, 0xce, 0xee, 0x3d, 0x61, 0xd8, 0x1e, 0x3e, 0x86, 0xfb, 0x45, 0x3e,
  0xad, 0xbd, 0x6c, 0x3e, 0x37, 0x86, 0x89, 0x3e, 0xf1, 0x6a, 0x9c, 0x3e,
  0x5b, 0x04, 0xaf, 0x3e, 0x28, 0x4a, 0xc1, 0x3e, 0x61, 0x34, 0xd3, 0x3e,
  0x80, 0xbb, 0xe4, 0x3e, 0x5f, 0xd8, 0xf5, 0x3e, 0x2e, 0x42, 0x03, 0x3f,
  0xa5, 0x5c, 0x0b, 0x3f, 0xbd, 0x38, 0x13, 0x3f, 0xdf, 0xd3, 0x1a, 0x3f,
  0xbb, 0x2b, 0x22, 0x3f, 0x48, 0x3e, 0x29, 0x3f, 0xbd, 0x09, 0x30, 0x3f,
  0x9d, 0x8c, 0x36, 0x3f, 0xb0, 0xc5, 0x3c, 0x3f, 0x04, 0xb4, 0x42, 0x3f,
  0xea, 0x56, 0x48, 0x3f, 0xff, 0xad, 0x4d, 0x3f, 0x1b, 0xb9, 0x52, 0x3f,
  0x60, 0x78, 0x57, 0x3f, 0x25, 0xec, 0x5b, 0x3f, 0x08, 0x15, 0x60, 0x3f,
  0xdd, 0xf3, 0x63, 0x3f, 0xb0, 0x89, 0x67, 0x3f, 0xc5, 0xd7, 0x6a, 0x3f,
  0x8c, 0xdf, 0x6d, 0x3f, 0xab, 0xa2, 0x70, 0x3f, 0xec, 0x22, 0x73, 0x3f,
  0x43, 0x62, 0x75, 0x3f, 0xcc, 0x62, 0x77, 0x3f, 0xc0, 0x26, 0x79, 0x3f,
  0x71, 0xb0, 0x7a, 0x3f, 0x54, 0x02, 0x7c, 0x3f, 0xeb, 0x1e, 0x7d, 0x3f,
  0xcf, 0x08, 0x7e, 0x3f, 0xa8, 0xc2, 0x7e, 0x3f, 0x23, 0x4f, 0x7f, 0x3f,
  0x01, 0xb1, 0x7f, 0x3f, 0xfc, 0xea, 0x7f, 0x3f, 0xd9, 0xff, 0x7f, 0x3f,
  0x59, 0xf2, 0x7f, 0x3f, 0x39, 0xc5, 0x7f, 0x3f, 0x2f, 0x7b, 0x7f, 0x3f,
  0xef, 0x16, 0x7f, 0x3f, 0x1c, 0x9b, 0x7e, 0x3f, 0x4f, 0x0a, 0x7e, 0x3f,
  0x12, 0x67, 0x7d, 0x3f, 0xe0, 0xb3, 0x7c, 0x3f, 0x23, 0xf3, 0x7b, 0x3f,
  0x2b, 0x27, 0x7b, 0x3f, 0x3e, 0x52, 0x7a, 0x3f, 0x83, 0x76, 0x79, 0x3f,
  0x10, 0x96, 0x78, 0x3f, 0xe6, 0xb2, 0x77, 0x3f, 0xe4, 0xce, 0x76, 0x3f,
  0xd9, 0xeb, 0x75, 0x3f, 0x77, 0x0b, 0x75, 0x3f, 0x5a, 0x2f, 0x74, 0x3f,
  0xff, 0x58, 0x73, 0x3f, 0xca, 0x89, 0x72, 0x3f, 0x08, 0xc3, 0x71, 0x3f,
  0xea, 0x05, 0x71, 0x3f, 0x85, 0x53, 0x70, 0x3f, 0xd7, 0xac, 0x6f, 0x3f,
  0xc2, 0x12, 0x6f, 0x3f, 0x0e, 0x86, 0x6e, 0x3f, 0x6b, 0x07, 0x6e, 0x3f,
  0x70, 0x97, 0x6d, 0x3f, 0x98, 0x36, 0x6d, 0x3f, 0x4c, 0xe5, 0x6c, 0x3f,
  0xd5, 0xa3, 0x6c, 0x3f, 0x6b, 0x72, 0x6c, 0x3f, 0x2e, 0x51, 0x6c, 0x3f,
  0x22, 0x40, 0x6c, 0x3f, 0x3c, 0x3f, 0x6c, 0x3f, 0x59, 0x4e, 0x6c, 0x3f,
  0x40, 0x6d, 0x6c, 0x3f, 0xa4, 0x9b, 0x6c, 0x3f, 0x26, 0xd9, 0x6c, 0x3f,
  0x52, 0x25, 0x6d, 0x3f, 0xa6, 0x7f, 0x6d, 0x3f, 0x86, 0xe7, 0x6d, 0x3f,
  0x4f, 0x5c, 0x6e, 0x3f, 0x47, 0xdd, 0x6e, 0x3f, 0xa7, 0x69, 0x6f, 0x3f,
  0x99, 0x00, 0x70, 0x3f, 0x3b, 0xa1, 0x70, 0x3f, 0x9c, 0x4a, 0x71, 0x3f,
  0xbf, 0xfb, 0x71, 0x3f, 0x9d, 0xb3, 0x72, 0x3f, 0x25, 0x71, 0x73, 0x3f,
  0x3b, 0x33, 0x74, 0x3f, 0xbe, 0xf8, 0x74, 0x3f, 0x84, 0xc0, 0x75, 0x3f,
  0x5b, 0x89, 0x76, 0x3f, 0x10, 0x52, 0x77, 0x3f, 0x6a, 0x19, 0x78, 0x3f,
  0x2e, 0xde, 0x78, 0x3f, 0x1e, 0x9f, 0x79, 0x3f, 0xfd, 0x5a, 0x7a, 0x3f,
  0x90, 0x10, 0x7b, 0x3f, 0x9c, 0xbe, 0x7b, 0x3f, 0xe7, 0x63, 0x7c, 0x3f,
  0x40, 0xff, 0x7c, 0x3f, 0x7b, 0x8f, 0x7d, 0x3f, 0x72, 0x13, 0x7e, 0x3f,
  0x03, 0x8a, 0x7e, 0x3f, 0x1e, 0xf2, 0x7e, 0x3f, 0xb4, 0x4a, 0x7f, 0x3f,
  0xc5, 0x92, 0x7f, 0x3f, 0x64, 0xc9, 0x7f, 0x3f, 0xa5, 0xed, 0x7f, 0x3f,
  0xb5, 0xfe, 0x7f, 0x3f, 0xcd, 0xfb, 0x7f, 0x3f, 0x33, 0xe4, 0x7f, 0x3f,
  0x43, 0xb7, 0x7f, 0x3f, 0x6a, 0x74, 0x7f, 0x3f, 0x26, 0x1b, 0x7f, 0x3f,
  0x09, 0xab, 0x7e, 0x3f, 0xb8, 0x23, 0x7e, 0x3f, 0xee, 0x84, 0x7d, 0x3f,
  0x77, 0xce, 0x7c, 0x3f, 0x39, 0x00, 0x7c, 0x3f, 0x2a, 0x1a, 0x7b, 0x3f,
  0x58, 0x1c, 0x7a, 0x3f, 0xe6, 0x06, 0x79, 0x3f, 0x0b, 0xda, 0x77, 0x3f,
  0x10, 0x96, 0x76, 0x3f, 0x59, 0x3b, 0x75, 0x3f, 0x57, 0xca, 0x73, 0x3f,
  0x96, 0x43, 0x72, 0x3f, 0xb0, 0xa7, 0x70, 0x3f, 0x50, 0xf7, 0x6e, 0x3f,
  0x3a, 0x33, 0x6d, 0x3f, 0x3d, 0x5c, 0x6b, 0x3f, 0x3c, 0x73, 0x69, 0x3f,
  0x24, 0x79, 0x67, 0x3f, 0xf8, 0x6e, 0x65, 0x3f, 0xc4, 0x55, 0x63, 0x3f,
  0x9e, 0x2e, 0x61, 0x3f, 0xb2, 0xfa, 0x5e, 0x3f, 0x28, 0xbb, 0x5c, 0x3f,
  0x3f, 0x71, 0x5a, 0x3f, 0x35, 0x1e, 0x58, 0x3f, 0x52, 0xc3, 0x55, 0x3f,
  0xe7, 0x61, 0x53, 0x3f, 0x46, 0xfb, 0x50, 0x3f, 0xc5, 0x90, 0x4e, 0x3f,
  0xbe, 0x23, 0x4c, 0x3f, 0x90, 0xb5, 0x49, 0x3f, 0x95, 0x47, 0x47, 0x3f,
  0x29, 0xdb, 0x44, 0x3f, 0xa5, 0x71, 0x42, 0x3f, 0x66, 0x0c, 0x40, 0x3f,
  0xbd, 0xac, 0x3d, 0x3f, 0xfb, 0x53, 0x3b, 0x3f, 0x6e, 0x03, 0x39, 0x3f,
  0x5d, 0xbc, 0x36, 0x3f, 0x05, 0x80, 0x34, 0x3f, 0xa0, 0x4f, 0x32, 0x3f,
  0x62, 0x2c, 0x30, 0x3f, 0x6e, 0x17, 0x2e, 0x3f, 0xe9, 0x11, 0x2c, 0x3f,
  0xe5, 0x1c, 0x2a, 0x3f, 0x71, 0x39, 0x28, 0x3f, 0x8e, 0x68, 0x26, 0x3f,
  0x35, 0xab, 0x24, 0x3f, 0x4f, 0x02, 0x23, 0x3f, 0xc1, 0x6e, 0x21, 0x3f,
  0x5c, 0xf1, 0x1f, 0x3f, 0xec, 0x8a, 0x1e, 0x3f, 0x2e, 0x3c, 0x1d, 0x3f,
  0xd3, 0x05, 0x1c, 0x3f, 0x81, 0xe8, 0x1a, 0x3f, 0xcc, 0xe4, 0x19, 0x3f,
  0x44, 0xfb, 0x18, 0x3f, 0x65, 0x2c, 0x18, 0x3f, 0xa1, 0x78, 0x17, 0x3f,
  0x5d, 0xe0, 0x16, 0x3f, 0xf0, 0x63, 0x16, 0x3f, 0xa6, 0x03, 0x16, 0x3f,
  0xbb, 0xbf, 0x15, 0x3f, 0x5e, 0x98, 0x15, 0x3f, 0xb5, 0x8d, 0x15, 0x3f,
  0xd2, 0x9f, 0x15, 0x3f, 0xbd, 0xce, 0x15, 0x3f, 0x70, 0x1a, 0x16, 0x3f,
  0xd9, 0x82, 0x16, 0x3f, 0xd6, 0x07, 0x17, 0x3f, 0x38, 0xa9, 0x17, 0x3f,
  0xc1, 0x66, 0x18, 0x3f, 0x28, 0x40, 0x19, 0x3f, 0x14, 0x35, 0x1a, 0x3f,
  0x1e, 0x45, 0x1b, 0x3f, 0xd1, 0x6f, 0x1c, 0x3f, 0xa9, 0xb4, 0x1d, 0x3f,
  0x18, 0x13, 0x1f, 0x3f, 0x7a, 0x8a, 0x20, 0x3f, 0x26, 0x1a, 0x22, 0x3f,
  0x5e, 0xc1, 0x23, 0x3f, 0x5a, 0x7f, 0x25, 0x3f, 0x3f, 0x53, 0x27, 0x3f,
  0x2a, 0x3c, 0x29, 0x3f, 0x27, 0x39, 0x2b, 0x3f, 0x32, 0x49, 0x2d, 0x3f,
  0x3f, 0x6b, 0x2f, 0x3f, 0x32, 0x9e, 0x31, 0x3f, 0xe1, 0xe0, 0x33, 0x3f,
  0x17, 0x32, 0x36, 0x3f, 0x91, 0x90, 0x38, 0x3f, 0x04, 0xfb, 0x3a, 0x3f,
  0x17, 0x70, 0x3d, 0x3f, 0x64, 0xee, 0x3f, 0x3f, 0x81, 0x74, 0x42, 0x3f,
  0xf6, 0x00, 0x45, 0x3f, 0x44, 0x92, 0x47, 0x3f, 0xe4, 0x26, 0x4a, 0x3f,
  0x48, 0xbd, 0x4c, 0x3f, 0xdd, 0x53, 0x4f, 0x3f, 0x08, 0xe9, 0x51, 0x3f,
  0x2e, 0x7b, 0x54, 0x3f, 0xb0, 0x08, 0x57, 0x3f, 0xec, 0x8f, 0x59, 0x3f,
  0x3e, 0x0f, 0x5c, 0x3f, 0x06, 0x85, 0x5e, 0x3f, 0xa7, 0xef, 0x60, 0x3f,
  0x83, 0x4d, 0x63, 0x3f, 0x02, 0x9d, 0x65, 0x3f, 0x94, 0xdc, 0x67, 0x3f,
  0xaf, 0x0a, 0x6a, 0x3f, 0xd2, 0x25, 0x6c, 0x3f, 0x85, 0x2c, 0x6e, 0x3f,
  0x5b, 0x1d, 0x70, 0x3f, 0xf8, 0xf6, 0x71, 0x3f, 0x07, 0xb8, 0x73, 0x3f,
  0x4b, 0x5f, 0x75, 0x3f, 0x90, 0xeb, 0x76, 0x3f, 0xb9, 0x5b, 0x78, 0x3f,
  0xb7, 0xae, 0x79, 0x3f, 0x95, 0xe3, 0x7a, 0x3f, 0x6f, 0xf9, 0x7b, 0x3f,
  0x76, 0xef, 0x7c, 0x3f, 0xf5, 0xc4, 0x7d, 0x3f, 0x50, 0x79, 0x7e, 0x3f,
  0xfd, 0x0b, 0x7f, 0x3f, 0x91, 0x7c, 0x7f, 0x3f, 0xb8, 0xca, 0x7f, 0x3f,
  0x35, 0xf6, 0x7f, 0x3f, 0xe9, 0xfe, 0x7f, 0x3f, 0xcd, 0xe4, 0x7f, 0x3f,
  0xf7, 0xa7, 0x7f, 0x3f, 0x91, 0x48, 0x7f, 0x3f, 0xe3, 0xc6, 0x7e, 0x3f,
  0x51, 0x23, 0x7e, 0x3f, 0x51, 0x5e, 0x7d, 0x3f, 0x78, 0x78, 0x7c, 0x3f,
  0x70, 0x72, 0x7b, 0x3f, 0xf9, 0x4c, 0x7a, 0x3f, 0xee, 0x08, 0x79, 0x3f,
  0x3a, 0xa7, 0x77, 0x3f, 0xe0, 0x28, 0x76, 0x3f, 0xf6, 0x8e, 0x74, 0x3f,
  0xa6, 0xda, 0x72, 0x3f, 0x26, 0x0d, 0x71, 0x3f, 0xc2, 0x27, 0x6f, 0x3f,
  0xd0, 0x2b, 0x6d, 0x3f, 0xb7, 0x1a, 0x6b, 0x3f, 0xe9, 0xf5, 0x68, 0x3f,
  0xe1, 0xbe, 0x66, 0x3f, 0x27, 0x77, 0x64, 0x3f, 0x47, 0x20, 0x62, 0x3f,
  0xd6, 0xbb, 0x5f, 0x3f, 0x6e, 0x4b, 0x5d, 0x3f, 0xab, 0xd0, 0x5a, 0x3f,
  0x30, 0x4d, 0x58, 0x3f, 0x9e, 0xc2, 0x55, 0x3f, 0x95, 0x32, 0x53, 0x3f,
  0xb9, 0x9e, 0x50, 0x3f, 0xa5, 0x08, 0x4e, 0x3f, 0xf7, 0x71, 0x4b, 0x3f,
  0x43, 0xdc, 0x48, 0x3f, 0x19, 0x49, 0x46, 0x3f, 0x09, 0xba, 0x43, 0x3f,
  0x91, 0x30, 0x41, 0x3f, 0x2d, 0xae, 0x3e, 0x3f, 0x50, 0x34, 0x3c, 0x3f,
  0x62, 0xc4, 0x39, 0x3f, 0xc0, 0x5f, 0x37, 0x3f, 0xbe, 0x07, 0x35, 0x3f,
  0xa4, 0xbd, 0x32, 0x3f, 0xae, 0x82, 0x30, 0x3f, 0x0b, 0x58, 0x2e, 0x3f,
  0xdb, 0x3e, 0x2c, 0x3f, 0x36, 0x38, 0x2a, 0x3f, 0x22, 0x45, 0x28, 0x3f,
  0x9e, 0x66, 0x26, 0x3f, 0x91, 0x9d, 0x24, 0x3f, 0xdd, 0xea, 0x22, 0x3f,
  0x52, 0x4f, 0x21, 0x3f, 0xb5, 0xcb, 0x1f, 0x3f, 0xb8, 0x60, 0x1e, 0x3f,
  0x01, 0x0f, 0x1d, 0x3f, 0x2a, 0xd7, 0x1b, 0x3f, 0xbc, 0xb9, 0x1a, 0x3f,
  0x34, 0xb7, 0x19, 0x3f, 0xfe, 0xcf, 0x18, 0x3f, 0x7c, 0x04, 0x18, 0x3f,
  0xfe, 0x54, 0x17, 0x3f, 0xc7, 0xc1, 0x16, 0x3f, 0x0f, 0x4b, 0x16, 0x3f,
  0xfe, 0xf0, 0x15, 0x3f, 0xad, 0xb3, 0x15, 0x3f, 0x28, 0x93, 0x15, 0x3f,
  0x71, 0x8f, 0x15, 0x3f, 0x78, 0xa8, 0x15, 0x3f, 0x22, 0xde, 0x15, 0x3f,
  0x43, 0x30, 0x16, 0x3f, 0xa6, 0x9e, 0x16, 0x3f, 0x09, 0x29, 0x17, 0x3f,
  0x19, 0xcf, 0x17, 0x3f, 0x78, 0x90, 0x18, 0x3f, 0xba, 0x6c, 0x19, 0x3f,
  0x69, 0x63, 0x1a, 0x3f, 0xff, 0x73, 0x1b, 0x3f, 0xea, 0x9d, 0x1c, 0x3f,
  0x8b, 0xe0, 0x1d, 0x3f, 0x39, 0x3b, 0x1f, 0x3f, 0x3b, 0xad, 0x20, 0x3f,
  0xd0, 0x35, 0x22, 0x3f, 0x25, 0xd4, 0x23, 0x3f, 0x62, 0x87, 0x25, 0x3f,
  0x9f, 0x4e, 0x27, 0x3f, 0xe9, 0x28, 0x29, 0x3f, 0x45, 0x15, 0x2b, 0x3f,
  0xad, 0x12, 0x2d, 0x3f, 0x0d, 0x20, 0x2f, 0x3f, 0x4a, 0x3c, 0x31, 0x3f,
  0x41, 0x66, 0x33, 0x3f, 0xc6, 0x9c, 0x35, 0x3f, 0xa3, 0xde, 0x37, 0x3f,
  0x99, 0x2a, 0x3a, 0x3f, 0x6a, 0x7f, 0x3c, 0x3f, 0xc8, 0xdb, 0x3e, 0x3f,
  0x68, 0x3e, 0x41, 0x3f, 0xf4, 0xa5, 0x43, 0x3f, 0x17, 0x11, 0x46, 0x3f,
  0x75, 0x7e, 0x48, 0x3f, 0xb7, 0xec, 0x4a, 0x3f, 0x7d, 0x5a, 0x4d, 0x3f,
  0x6c, 0xc6, 0x4f, 0x3f, 0x27, 0x2f, 0x52, 0x3f, 0x58, 0x93, 0x54, 0x3f,
  0xaa, 0xf1, 0x56, 0x3f, 0xca, 0x48, 0x59, 0x3f, 0x6d, 0x97, 0x5b, 0x3f,
  0x4d, 0xdc, 0x5d, 0x3f, 0x2f, 0x16, 0x60, 0x3f, 0xdd, 0x43, 0x62, 0x3f,
  0x2e, 0x64, 0x64, 0x3f, 0x01, 0x76, 0x66, 0x3f, 0x42, 0x78, 0x68, 0x3f,
  0xef, 0x69, 0x6a, 0x3f, 0x0b, 0x4a, 0x6c, 0x3f, 0xaf, 0x17, 0x6e, 0x3f,
  0x03, 0xd2, 0x6f, 0x3f, 0x3c, 0x78, 0x71, 0x3f, 0xa5, 0x09, 0x73, 0x3f,
  0x98, 0x85, 0x74, 0x3f, 0x85, 0xeb, 0x75, 0x3f, 0xec, 0x3a, 0x77, 0x3f,
  0x60, 0x73, 0x78, 0x3f, 0x91, 0x94, 0x79, 0x3f, 0x38, 0x9e, 0x7a, 0x3f,
  0x2b, 0x90, 0x7b, 0x3f, 0x52, 0x6a, 0x7c, 0x3f, 0xab, 0x2c, 0x7d, 0x3f,
  0x45, 0xd7, 0x7d, 0x3f, 0x4b, 0x6a, 0x7e, 0x3f, 0xf9, 0xe5, 0x7e, 0x3f,
  0x9e, 0x4a, 0x7f, 0x3f, 0x9c, 0x98, 0x7f, 0x3f, 0x6f, 0xd0, 0x7f, 0x3f,
  0xa0, 0xf2, 0x7f, 0x3f, 0xcc, 0xff, 0x7f, 0x3f, 0xa1, 0xf8, 0x7f, 0x3f,
  0xdd, 0xdd, 0x7f, 0x3f, 0x52, 0xb0, 0x7f, 0x3f, 0xdd, 0x70, 0x7f, 0x3f,
  0x69, 0x20, 0x7f, 0x3f, 0xef, 0xbf, 0x7e, 0x3f, 0x79, 0x50, 0x7e, 0x3f,
  0x12, 0xd3, 0x7d, 0x3f, 0xd5, 0x48, 0x7d, 0x3f, 0xe5, 0xb2, 0x7c, 0x3f,
  0x6c, 0x12, 0x7c, 0x3f, 0x9b, 0x68, 0x7b, 0x3f, 0xa4, 0xb6, 0x7a, 0x3f,
  0xc4, 0xfd, 0x79, 0x3f, 0x35, 0x3f, 0x79, 0x3f, 0x33, 0x7c, 0x78, 0x3f,
  0xfc, 0xb5, 0x77, 0x3f, 0xce, 0xed, 0x76, 0x3f, 0xe1, 0x24, 0x76, 0x3f,
  0x6a, 0x5c, 0x75, 0x3f, 0xa2, 0x95, 0x74, 0x3f, 0xb0, 0xd1, 0x73, 0x3f,
  0xbd, 0x11, 0x73, 0x3f, 0xe7, 0x56, 0x72, 0x3f, 0x45, 0xa2, 0x71, 0x3f,
  0xe3, 0xf4, 0x70, 0x3f, 0xc4, 0x4f, 0x70, 0x3f, 0xdc, 0xb3, 0x6f, 0x3f,
  0x17, 0x22, 0x6f, 0x3f, 0x50, 0x9b, 0x6e, 0x3f, 0x59, 0x20, 0x6e, 0x3f,
  0xed, 0xb1, 0x6d, 0x3f, 0xc0, 0x50, 0x6d, 0x3f, 0x6f, 0xfd, 0x6c, 0x3f,
  0x88, 0xb8, 0x6c, 0x3f, 0x87, 0x82, 0x6c, 0x3f, 0xd8, 0x5b, 0x6c, 0x3f,
  0xce, 0x44, 0x6c, 0x3f, 0xad, 0x3d, 0x6c, 0x3f, 0xa2, 0x46, 0x6c, 0x3f,
  0xc6, 0x5f, 0x6c, 0x3f, 0x1d, 0x89, 0x6c, 0x3f, 0x92, 0xc2, 0x6c, 0x3f,
  0xfc, 0x0b, 0x6d, 0x3f, 0x19, 0x65, 0x6d, 0x3f, 0x90, 0xcd, 0x6d, 0x3f,
  0xf0, 0x44, 0x6e, 0x3f, 0xb1, 0xca, 0x6e, 0x3f, 0x2c, 0x5e, 0x6f, 0x3f,
  0xa8, 0xfe, 0x6f, 0x3f, 0x50, 0xab, 0x70, 0x3f, 0x33, 0x63, 0x71, 0x3f,
  0x47, 0x25, 0x72, 0x3f, 0x6a, 0xf0, 0x72, 0x3f, 0x5c, 0xc3, 0x73, 0x3f,
  0xc8, 0x9c, 0x74, 0x3f, 0x39, 0x7b, 0x75, 0x3f, 0x24, 0x5d, 0x76, 0x3f,
  0xe2, 0x40, 0x77, 0x3f, 0xb3, 0x24, 0x78, 0x3f, 0xc1, 0x06, 0x79, 0x3f,
  0x17, 0xe5, 0x79, 0x3f, 0xb0, 0xbd, 0x7a, 0x3f, 0x6a, 0x8e, 0x7b, 0x3f,
  0x0d, 0x55, 0x7c, 0x3f, 0x52, 0x0f, 0x7d, 0x3f, 0xd7, 0xba, 0x7d, 0x3f,
  0x2c, 0x55, 0x7e, 0x3f, 0xcf, 0xdb, 0x7e, 0x3f, 0x2b, 0x4c, 0x7f, 0x3f,
  0xa6, 0xa3, 0x7f, 0x3f, 0x91, 0xdf, 0x7f, 0x3f, 0x39, 0xfd, 0x7f, 0x3f,
  0xe3, 0xf9, 0x7f, 0x3f, 0xce, 0xd2, 0x7f, 0x3f, 0x3a, 0x85, 0x7f, 0x3f,
  0x65, 0x0e, 0x7f, 0x3f, 0x92, 0x6b, 0x7e, 0x3f, 0x0a, 0x9a, 0x7d, 0x3f,
  0x20, 0x97, 0x7c, 0x3f, 0x34, 0x60, 0x7b, 0x3f, 0xb9, 0xf2, 0x79, 0x3f,
  0x33, 0x4c, 0x78, 0x3f, 0x3f, 0x6a, 0x76, 0x3f, 0x93, 0x4a, 0x74, 0x3f,
  0x07, 0xeb, 0x71, 0x3f, 0x95, 0x49, 0x6f, 0x3f, 0x59, 0x64, 0x6c, 0x3f,
  0x9c, 0x39, 0x69, 0x3f, 0xd4, 0xc7, 0x65, 0x3f, 0xa5, 0x0d, 0x62, 0x3f,
  0xe7, 0x09, 0x5e, 0x3f, 0xa9, 0xbb, 0x59, 0x3f, 0x35, 0x22, 0x55, 0x3f,
  0x0c, 0x3d, 0x50, 0x3f, 0xf3, 0x0b, 0x4b, 0x3f, 0xed, 0x8e, 0x45, 0x3f,
  0x3e, 0xc6, 0x3f, 0x3f, 0x72, 0xb2, 0x39, 0x3f, 0x56, 0x54, 0x33, 0x3f,
  0xff, 0xac, 0x2c, 0x3f, 0xca, 0xbd, 0x25, 0x3f, 0x57, 0x88, 0x1e, 0x3f,
  0x92, 0x0e, 0x17, 0x3f, 0xa8, 0x52, 0x0f, 0x3f, 0x0b, 0x57, 0x07, 0x3f,
  0xe0, 0x3c, 0xfe, 0x3e, 0xa5, 0x57, 0xed, 0x3e, 0xc9, 0x04, 0xdc, 0x3e,
  0x34, 0x4b, 0xca, 0x3e, 0x37, 0x32, 0xb8, 0x3e, 0x97, 0xc1, 0xa5, 0x3e,
  0x75, 0x01, 0x93, 0x3e, 0x9f, 0xf4, 0x7f, 0x3e, 0xe4, 0x69, 0x59, 0x3e,
  0xe9, 0x74, 0x32, 0x3e, 0x52, 0x28, 0x0b, 0x3e, 0x59, 0x2e, 0xc7, 0x3d,
  0x5f, 0x53, 0x6f, 0x3d, 0x45, 0xa7, 0x9f, 0x3c, 0x45, 0xa7, 0x9f, 0xbc,
  0x5f, 0x53, 0x6f, 0xbd, 0x59, 0x2e, 0xc7, 0xbd, 0x52, 0x28, 0x0b, 0xbe,
  0xe9, 0x74, 0x32, 0xbe, 0xe4, 0x69, 0x59, 0xbe, 0x9f, 0xf4, 0x7f, 0xbe,
  0x75, 0x01, 0x93, 0xbe, 0x97, 0xc1, 0xa5, 0xbe, 0x37, 0x32, 0xb8, 0xbe,
  0x34, 0x4b, 0xca, 0xbe, 0xc9, 0x04, 0xdc, 0xbe, 0xa5, 0x57, 0xed, 0xbe,
  0xe0, 0x3c, 0xfe, 0xbe, 0x0b, 0x57, 0x07, 0xbf, 0xa8, 0x52, 0x0f, 0xbf,
  0x92, 0x0e, 0x17, 0xbf, 0x57, 0x88, 0x1e, 0xbf, 0xca, 0xbd, 0x25, 0xbf,
  0xff, 0xac, 0x2c, 0xbf, 0x56, 0x54, 0x33, 0xbf, 0x72, 0xb2, 0x39, 0xbf,
  0x3e, 0xc6, 0x3f, 0xbf, 0xed, 0x8e, 0x45, 0xbf, 0xf3, 0x0b, 0x4b, 0xbf,
  0x0c, 0x3d, 0x50, 0xbf, 0x35, 0x22, 0x55, 0xbf, 0xa9, 0xbb, 0x59, 0xbf,
  0xe7, 0x09, 0x5e, 0xbf, 0xa5, 0x0d, 0x62, 0xbf, 0xd4, 0xc7, 0x65, 0xbf,
  0x9c, 0x39, 0x69, 0xbf, 0x59, 0x64, 0x6c, 0xbf, 0x95, 0x49, 0x6f, 0xbf,
  0x07, 0xeb, 0x71, 0xbf, 0x93, 0x4a, 0x74, 0xbf, 0x3f, 0x6a, 0x76, 0xbf,
  0x33, 0x4c, 0x78, 0xbf, 0xb9, 0xf2, 0x79, 0xbf, 0x34, 0x60, 0x7b, 0xbf,
  0x20, 0x97, 0x7c, 0xbf, 0x0a, 0x9a, 0x7d, 0xbf, 0x92, 0x6b, 0x7e, 0xbf,
  0x65, 0x0e, 0x7f, 0xbf, 0x3a, 0x85, 0x7f, 0xbf, 0xce, 0xd2, 0x7f, 0xbf,
  0xe3, 0xf9, 0x7f, 0xbf, 0x39, 0xfd, 0x7f, 0xbf, 0x91, 0xdf, 0x7f, 0xbf,
  0xa6, 0xa3, 0x7f, 0xbf, 0x2b, 0x4c, 0x7f, 0xbf, 0xcf, 0xdb, 0x7e, 0xbf,
  0x2c, 0x55, 0x7e, 0xbf, 0xd7, 0xba, 0x7d, 0xbf, 0x52, 0x0f, 0x7d, 0xbf,
  0x0d, 0x55, 0x7c, 0xbf, 0x6a, 0x8e, 0x7b, 0xbf, 0xb0, 0xbd, 0x7a, 0xbf,
  0x17, 0xe5, 0x79, 0xbf, 0xc1, 0x06, 0x79, 0xbf, 0xb3, 0x24, 0x78, 0xbf,
  0xe2, 0x40, 0x77, 0xbf, 0x24, 0x5d, 0x76, 0xbf, 0x39, 0x7b, 0x75, 0xbf,
  0xc8, 0x9c, 0x74, 0xbf, 0x5c, 0xc3, 0x73, 0xbf, 0x6a, 0xf0, 0x72, 0xbf,
  0x47, 0x25, 0x72, 0xbf, 0x33, 0x63, 0x71, 0xbf, 0x50, 0xab, 0x70, 0xbf,
  0xa8, 0xfe, 0x6f, 0xbf, 0x2c, 0x5e, 0x6f, 0xbf, 0xb1, 0xca, 0x6e, 0xbf,
  0xf0, 0x44, 0x6e, 0xbf, 0x90, 0xcd, 0x6d, 0xbf, 0x19, 0x65, 0x6d, 0xbf,
  0xfc, 0x0b, 0x6d, 0xbf, 0x92, 0xc2, 0x6c, 0xbf, 0x1d, 0x89, 0x6c, 0xbf,
  0xc6, 0x5f, 0x6c, 0xbf, 0xa2, 0x46, 0x6c, 0xbf, 0xad, 0x3d, 0x6c, 0xbf,
  0xce, 0x44, 0x6c, 0xbf, 0xd8, 0x5b, 0x6c, 0xbf, 0x87, 0x82, 0x6c, 0xbf,
  0x88, 0xb8, 0x6c, 0xbf, 0x6f, 0xfd, 0x6c, 0xbf, 0xc0, 0x50, 0x6d, 0xbf,
  0xed, 0xb1, 0x6d, 0xbf, 0x59, 0x20, 0x6e, 0xbf, 0x50, 0x9b, 0x6e, 0xbf,
  0x17, 0x22, 0x6f, 0xbf, 0xdc, 0xb3, 0x6f, 0xbf, 0xc4, 0x4f, 0x70, 0xbf,
  0xe3, 0xf4, 0x70, 0xbf, 0x45, 0xa2, 0x71, 0xbf, 0xe7, 0x56, 0x72, 0xbf,
  0xbd, 0x11, 0x73, 0xbf, 0xb0, 0xd1, 0x73, 0xbf, 0xa2, 0x95, 0x74, 0xbf,
  0x6a, 0x5c, 0x75, 0xbf, 0xe1, 0x24, 0x76, 0xbf, 0xce, 0xed, 0x76, 0xbf,
  0xfc, 0xb5, 0x77, 0xbf, 0x33, 0x7c, 0x78, 0xbf, 0x35, 0x3f, 0x79, 0xbf,
  0xc4, 0xfd, 0x79, 0xbf, 0xa4, 0xb6, 0x7a, 0xbf, 0x9b, 0x68, 0x7b, 0xbf,
  0x6c, 0x12, 0x7c, 0xbf, 0xe5, 0xb2, 0x7c, 0xbf, 0xd5, 0x48, 0x7d, 0xbf,
  0x12, 0xd3, 0x7d, 0xbf, 0x79, 0x50, 0x7e, 0xbf, 0xef, 0xbf, 0x7e, 0xbf,
  0x69, 0x20, 0x7f, 0xbf, 0xdd, 0x70, 0x7f, 0xbf, 0x52, 0xb0, 0x7f, 0xbf,
  0xdd, 0xdd, 0x7f, 0xbf, 0xa1, 0xf8, 0x7f, 0xbf, 0xcc, 0xff, 0x7f, 0xbf,
  0xa0, 0xf2, 0x7f, 0xbf, 0x6f, 0xd0, 0x7f, 0xbf, 0x9c, 0x98, 0x7f, 0xbf,
  0x9e, 0x4a, 0x7f, 0xbf, 0xf9, 0xe5, 0x7e, 0xbf, 0x4b, 0x6a, 0x7e, 0xbf,
  0x45, 0xd7, 0x7d, 0xbf, 0xab, 0x2c, 0x7d, 0xbf, 0x52, 0x6a, 0x7c, 0xbf,
  0x2b, 0x90, 0x7b, 0xbf, 0x38, 0x9e, 0x7a, 0xbf, 0x91, 0x94, 0x79, 0xbf,
  0x60, 0x73, 0x78, 0xbf, 0xec, 0x3a, 0x77, 0xbf, 0x85, 0xeb, 0x75, 0xbf,
  0x98, 0x85, 0x74, 0xbf, 0xa5, 0x09, 0x73, 0xbf, 0x3c, 0x78, 0x71, 0xbf,
  0x03, 0xd2, 0x6f, 0xbf, 0xaf, 0x17, 0x6e, 0xbf, 0x0b, 0x4a, 0x6c, 0xbf,
  0xef, 0x69, 0x6a, 0xbf, 0x42, 0x78, 0x68, 0xbf, 0x01, 0x76, 0x66, 0xbf,
  0x2e, 0x64, 0x64, 0xbf, 0xdd, 0x43, 0x62, 0xbf, 0x2f, 0x16, 0x60, 0xbf,
  0x4d, 0xdc, 0x5d, 0xbf, 0x6d, 0x97, 0x5b, 0xbf, 0xca, 0x48, 0x59, 0xbf,
  0xaa, 0xf1, 0x56, 0xbf, 0x58, 0x93, 0x54, 0xbf, 0x27, 0x2f, 0x52, 0xbf,
  0x6c, 0xc6, 0x4f, 0xbf, 0x7d, 0x5a, 0x4d, 0xbf, 0xb7, 0xec, 0x4a, 0xbf,
  0x75, 0x7e, 0x48, 0xbf, 0x17, 0x11, 0x46, 0xbf, 0xf4, 0xa5, 0x43, 0xbf,
  0x68, 0x3e, 0x41, 0xbf, 0xc8, 0xdb, 0x3e, 0xbf, 0x6a, 0x7f, 0x3c, 0xbf,
  0x99, 0x2a, 0x3a, 0xbf, 0xa3, 0xde, 0x37, 0xbf, 0xc6, 0x9c, 0x35, 0xbf,
  0x41, 0x66, 0x33, 0xbf, 0x4a, 0x3c, 0x31, 0xbf, 0x0d, 0x20, 0x2f, 0xbf,
  0xad, 0x12, 0x2d, 0xbf, 0x45, 0x15, 0x2b, 0xbf, 0xe9, 0x28, 0x29, 0xbf,
  0x9f, 0x4e, 0x27, 0xbf, 0x62, 0x87, 0x25, 0xbf, 0x25, 0xd4, 0x23, 0xbf,
  0xd0, 0x35, 0x22, 0xbf, 0x3b, 0xad, 0x20, 0xbf, 0x39, 0x3b, 0x1f, 0xbf,
  0x8b, 0xe0, 0x1d, 0xbf, 0xea, 0x9d, 0x1c, 0xbf, 0xff, 0x73, 0x1b, 0xbf,
  0x69, 0x63, 0x1a, 0xbf, 0xba, 0x6c, 0x19, 0xbf, 0x78, 0x90, 0x18, 0xbf,
  0x19, 0xcf, 0x17, 0xbf, 0x09, 0x29, 0x17, 0xbf, 0xa6, 0x9e, 0x16, 0xbf,
  0x43, 0x30, 0x16, 0xbf, 0x22, 0xde, 0x15, 0xbf, 0x78, 0xa8, 0x15, 0xbf,
  0x71, 0x8f, 0x15, 0xbf, 0x28, 0x93, 0x15, 0xbf, 0xad, 0xb3, 0x15, 0xbf,
  0xfe, 0xf0, 0x15, 0xbf, 0x0f, 0x4b, 0x16, 0xbf, 0xc7, 0xc1, 0x16, 0xbf,
  0xfe, 0x54, 0x17, 0xbf, 0x7c, 0x04, 0x18, 0xbf, 0xfe, 0xcf, 0x18, 0xbf,
  0x34, 0xb7, 0x19, 0xbf, 0xbc, 0xb9, 0x1a, 0xbf, 0x2a, 0xd7, 0x1b, 0xbf,
  0x01, 0x0f, 0x1d, 0xbf, 0xb8, 0x60, 0x1e, 0xbf, 0xb5, 0xcb, 0x1f, 0xbf,
  0x52, 0x4f, 0x21, 0xbf, 0xdd, 0xea, 0x22, 0xbf, 0x91, 0x9d, 0x24, 0xbf,
  0x9e, 0x66, 0x26, 0xbf, 0x22, 0x45, 0x28, 0xbf, 0x36, 0x38, 0x2a, 0xbf,
  0xdb, 0x3e, 0x2c, 0xbf, 0x0b, 0x58, 0x2e, 0xbf, 0xae, 0x82, 0x30, 0xbf,
  0xa4, 0xbd, 0x32, 0xbf, 0xbe, 0x07, 0x35, 0xbf, 0xc0, 0x5f, 0x37, 0xbf,
  0x62, 0xc4, 0x39, 0xbf, 0x50, 0x34, 0x3c, 0xbf, 0x2d, 0xae, 0x3e, 0xbf,
  0x91, 0x30, 0x41, 0xbf, 0x09, 0xba, 0x43, 0xbf, 0x19, 0x49, 0x46, 0xbf,
  0x43, 0xdc, 0x48, 0xbf, 0xf7, 0x71, 0x4b, 0xbf, 0xa5, 0x08, 0x4e, 0xbf,
  0xb9, 0x9e, 0x50, 0xbf, 0x95, 0x32, 0x53, 0xbf, 0x9e, 0xc2, 0x55, 0xbf,
  0x30, 0x4d, 0x58, 0xbf, 0xab, 0xd0, 0x5a, 0xbf, 0x6e, 0x4b, 0x5d, 0xbf,
  0xd6, 0xbb, 0x5f, 0xbf, 0x47, 0x20, 0x62, 0xbf, 0x27, 0x77, 0x64, 0xbf,
  0xe1, 0xbe, 0x66, 0xbf, 0xe9, 0xf5, 0x68, 0xbf, 0xb7, 0x1a, 0x6b, 0xbf,
  0xd0, 0x2b, 0x6d, 0xbf, 0xc2, 0x27, 0x6f, 0xbf, 0x26, 0x0d, 0x71, 0xbf,
  0xa6, 0xda, 0x72, 0xbf, 0xf6, 0x8e, 0x74, 0xbf, 0xe0, 0x28, 0x76, 0xbf,
  0x3a, 0xa7, 0x77, 0xbf, 0xee, 0x08, 0x79, 0xbf, 0xf9, 0x4c, 0x7a, 0xbf,
  0x70, 0x72, 0x7b, 0xbf, 0x78, 0x78, 0x7c, 0xbf, 0x51, 0x5e, 0x7d, 0xbf,
  0x51, 0x23, 0x7e, 0xbf, 0xe3, 0xc6, 0x7e, 0xbf, 0x91, 0x48, 0x7f, 0xbf,
  0xf7, 0xa7, 0x7f, 0xbf, 0xcd, 0xe4, 0x7f, 0xbf, 0xe9, 0xfe, 0x7f, 0xbf,
  0x35, 0xf6, 0x7f, 0xbf, 0xb8, 0xca, 0x7f, 0xbf, 0x91, 0x7c, 0x7f, 0xbf,
  0xfd, 0x0b, 0x7f, 0xbf, 0x50, 0x79, 0x7e, 0xbf, 0xf5, 0xc4, 0x7d, 0xbf,
  0x76, 0xef, 0x7c, 0xbf, 0x6f, 0xf9, 0x7b, 0xbf, 0x95, 0xe3, 0x7a, 0xbf,
  0xb7, 0xae, 0x79, 0xbf, 0xb9, 0x5b, 0x78, 0xbf, 0x90, 0xeb, 0x76, 0xbf,
  0x4b, 0x5f, 0x75, 0xbf, 0x07, 0xb8, 0x73, 0xbf, 0xf8, 0xf6, 0x71, 0xbf,
  0x5b, 0x1d, 0x70, 0xbf, 0x85, 0x2c, 0x6e, 0xbf, 0xd2, 0x25, 0x6c, 0xbf,
  0xaf, 0x0a, 0x6a, 0xbf, 0x94, 0xdc, 0x67, 0xbf, 0x02, 0x9d, 0x65, 0xbf,
  0x83, 0x4d, 0x63, 0xbf, 0xa7, 0xef, 0x60, 0xbf, 0x06, 0x85, 0x5e, 0xbf,
  0x3e, 0x0f, 0x5c, 0xbf, 0xec, 0x8f, 0x59, 0xbf, 0xb0, 0x08, 0x57, 0xbf,
  0x2e, 0x7b, 0x54, 0xbf, 0x08, 0xe9, 0x51, 0xbf, 0xdd, 0x53, 0x4f, 0xbf,
  0x48, 0xbd, 0x4c, 0xbf, 0xe4, 0x26, 0x4a, 0xbf, 0x44, 0x92, 0x47, 0xbf,
  0xf6, 0x00, 0x45, 0xbf, 0x81, 0x74, 0x42, 0xbf, 0x64, 0xee, 0x3f, 0xbf,
  0x17, 0x70, 0x3d, 0xbf, 0x04, 0xfb, 0x3a, 0xbf, 0x91, 0x90, 0x38, 0xbf,
  0x17, 0x32, 0x36, 0xbf, 0xe1, 0xe0, 0x33, 0xbf, 0x32, 0x9e, 0x31, 0xbf,
  0x3f, 0x6b, 0x2f, 0xbf, 0x32, 0x49, 0x2d, 0xbf, 0x27, 0x39, 0x2b, 0xbf,
  0x2a, 0x3c, 0x29, 0xbf, 0x3f, 0x53, 0x27, 0xbf, 0x5a, 0x7f, 0x25, 0xbf,
  0x5e, 0xc1, 0x23, 0xbf, 0x26, 0x1a, 0x22, 0xbf, 0x7a, 0x8a, 0x20, 0xbf,
  0x18, 0x13, 0x1f, 0xbf, 0xa9, 0xb4, 0x1d, 0xbf, 0xd1, 0x6f, 0x1c, 0xbf,
  0x1e, 0x45, 0x1b, 0xbf, 0x14, 0x35, 0x1a, 0xbf, 0x28, 0x40, 0x19, 0xbf,
  0xc1, 0x66, 0x18, 0xbf, 0x38, 0xa9, 0x17, 0xbf, 0xd6, 0x07, 0x17, 0xbf,
  0xd9, 0x82, 0x16, 0xbf, 0x70, 0x1a, 0x16, 0xbf, 0xbd, 0xce, 0x15, 0xbf,
  0xd2, 0x9f, 0x15, 0xbf, 0xb5, 0x8d, 0x15, 0xbf, 0x5e, 0x98, 0x15, 0xbf,
  0xbb, 0xbf, 0x15, 0xbf, 0xa6, 0x03, 0x16, 0xbf, 0xf0, 0x63, 0x16, 0xbf,
  0x5d, 0xe0, 0x16, 0xbf, 0xa1, 0x78, 0x17, 0xbf, 0x65, 0x2c, 0x18, 0xbf,
  0x44, 0xfb, 0x18, 0xbf, 0xcc, 0xe4, 0x19, 0xbf, 0x81, 0xe8, 0x1a, 0xbf,
  0xd3, 0x05, 0x1c, 0xbf, 0x2e, 0x3c, 0x1d, 0xbf, 0xec, 0x8a, 0x1e, 0xbf,
  0x5c, 0xf1, 0x1f, 0xbf, 0xc1, 0x6e, 0x21, 0xbf, 0x4f, 0x02, 0x23, 0xbf,
  0x35, 0xab, 0x24, 0xbf, 0x8e, 0x68, 0x26, 0xbf, 0x71, 0x39, 0x28, 0xbf,
  0xe5, 0x1c, 0x2a, 0xbf, 0xe9, 0x11, 0x2c, 0xbf, 0x6e, 0x17, 0x2e, 0xbf,
  0x62, 0x2c, 0x30, 0xbf, 0xa0, 0x4f, 0x32, 0xbf, 0x05, 0x80, 0x34, 0xbf,
  0x5d, 0xbc, 0x36, 0xbf, 0x6e, 0x03, 0x39, 0xbf, 0xfb, 0x53, 0x3b, 0xbf,
  0xbd, 0xac, 0x3d, 0xbf, 0x66, 0x0c, 0x40, 0xbf, 0xa5, 0x71, 0x42, 0xbf,
  0x29, 0xdb, 0x44, 0xbf, 0x95, 0x47, 0x47, 0xbf, 0x90, 0xb5, 0x49, 0xbf,
  0xbe, 0x23, 0x4c, 0xbf, 0xc5, 0x90, 0x4e, 0xbf, 0x46, 0xfb, 0x50, 0xbf,
  0xe7, 0x61, 0x53, 0xbf, 0x52, 0xc3, 0x55, 0xbf, 0x35, 0x1e, 0x58, 0xbf,
  0x3f, 0x71, 0x5a, 0xbf, 0x28, 0xbb, 0x5c, 0xbf, 0xb2, 0xfa, 0x5e, 0xbf,
  0x9e, 0x2e, 0x61, 0xbf, 0xc4, 0x55, 0x63, 0xbf, 0xf8, 0x6e, 0x65, 0xbf,
  0x24, 0x79, 0x67, 0xbf, 0x3c, 0x73, 0x69, 0xbf, 0x3d, 0x5c, 0x6b, 0xbf,
  0x3a, 0x33, 0x6d, 0xbf, 0x50, 0xf7, 0x6e, 0xbf, 0xb0, 0xa7, 0x70, 0xbf,
  0x96, 0x43, 0x72, 0xbf, 0x57, 0xca, 0x73, 0xbf, 0x59, 0x3b, 0x75, 0xbf,
  0x10, 0x96, 0x76, 0xbf, 0x0b, 0xda, 0x77, 0xbf, 0xe6, 0x06, 0x79, 0xbf,
  0x58, 0x1c, 0x7a, 0xbf, 0x2a, 0x1a, 0x7b, 0xbf, 0x39, 0x00, 0x7c, 0xbf,
  0x77, 0xce, 0x7c, 0xbf, 0xee, 0x84, 0x7d, 0xbf, 0xb8, 0x23, 0x7e, 0xbf,
  0x09, 0xab, 0x7e, 0xbf, 0x26, 0x1b, 0x7f, 0xbf, 0x6a, 0x74, 0x7f, 0xbf,
  0x43, 0xb7, 0x7f, 0xbf, 0x33, 0xe4, 0x7f, 0xbf, 0xcd, 0xfb, 0x7f, 0xbf,
  0xb5, 0xfe, 0x7f, 0xbf, 0xa5, 0xed, 0x7f, 0xbf, 0x64, 0xc9, 0x7f, 0xbf,
  0xc5, 0x92, 0x7f, 0xbf, 0xb4, 0x4a, 0x7f, 0xbf, 0x1e, 0xf2, 0x7e, 0xbf,
  0x03, 0x8a, 0x7e, 0xbf, 0x72, 0x13, 0x7e, 0xbf, 0x7b, 0x8f, 0x7d, 0xbf,
  0x40, 0xff, 0x7c, 0xbf, 0xe7, 0x63, 0x7c, 0xbf, 0x9c, 0xbe, 0x7b, 0xbf,
  0x90, 0x10, 0x7b, 0xbf, 0xfd, 0x5a, 0x7a, 0xbf, 0x1e, 0x9f, 0x79, 0xbf,
  0x2e, 0xde, 0x78, 0xbf, 0x6a, 0x19, 0x78, 0xbf, 0x10, 0x52, 0x77, 0xbf,
  0x5b, 0x89, 0x76, 0xbf, 0x84, 0xc0, 0x75, 0xbf, 0xbe, 0xf8, 0x74, 0xbf,
  0x3b, 0x33, 0x74, 0xbf, 0x25, 0x71, 0x73, 0xbf, 0x9d, 0xb3, 0x72, 0xbf,
  0xbf, 0xfb, 0x71, 0xbf, 0x9c, 0x4a, 0x71, 0xbf, 0x3b, 0xa1, 0x70, 0xbf,
  0x99, 0x00, 0x70, 0xbf, 0xa7, 0x69, 0x6f, 0xbf, 0x47, 0xdd, 0x6e, 0xbf,
  0x4f, 0x5c, 0x6e, 0xbf, 0x86, 0xe7, 0x6d, 0xbf, 0xa6, 0x7f, 0x6d, 0xbf,
  0x52, 0x25, 0x6d, 0xbf, 0x26, 0xd9, 0x6c, 0xbf, 0xa4, 0x9b, 0x6c, 0xbf,
  0x40, 0x6d, 0x6c, 0xbf, 0x59, 0x4e, 0x6c, 0xbf, 0x3c, 0x3f, 0x6c, 0xbf,
  0x22, 0x40, 0x6c, 0xbf, 0x2e, 0x51, 0x6c, 0xbf, 0x6b, 0x72, 0x6c, 0xbf,
  0xd5, 0xa3, 0x6c, 0xbf, 0x4c, 0xe5, 0x6c, 0xbf, 0x98, 0x36, 0x6d, 0xbf,
  0x70, 0x97, 0x6d, 0xbf, 0x6b, 0x07, 0x6e, 0xbf, 0x0e, 0x86, 0x6e, 0xbf,
  0xc2, 0x12, 0x6f, 0xbf, 0xd7, 0xac, 0x6f, 0xbf, 0x85, 0x53, 0x70, 0xbf,
  0xea, 0x05, 0x71, 0xbf, 0x08, 0xc3, 0x71, 0xbf, 0xca, 0x89, 0x72, 0xbf,
  0xff, 0x58, 0x73, 0xbf, 0x5a, 0x2f, 0x74, 0xbf, 0x77, 0x0b, 0x75, 0xbf,
  0xd9, 0xeb, 0x75, 0xbf, 0xe4, 0xce, 0x76, 0xbf, 0xe6, 0xb2, 0x77, 0xbf,
  0x10, 0x96, 0x78, 0xbf, 0x83, 0x76, 0x79, 0xbf, 0x3e, 0x52, 0x7a, 0xbf,
  0x2b, 0x27, 0x7b, 0xbf, 0x23, 0xf3, 0x7b, 0xbf, 0xe0, 0xb3, 0x7c, 0xbf,
  0x12, 0x67, 0x7d, 0xbf, 0x4f, 0x0a, 0x7e, 0xbf, 0x1c, 0x9b, 0x7e, 0xbf,
  0xef, 0x16, 0x7f, 0xbf, 0x2f, 0x7b, 0x7f, 0xbf, 0x39, 0xc5, 0x7f, 0xbf,
  0x59, 0xf2, 0x7f, 0xbf, 0xd9, 0xff, 0x7f, 0xbf, 0xfc, 0xea, 0x7f, 0xbf,
  0x01, 0xb1, 0x7f, 0xbf, 0x23, 0x4f, 0x7f, 0xbf, 0xa8, 0xc2, 0x7e, 0xbf,
  0xcf, 0x08, 0x7e, 0xbf, 0xeb, 0x1e, 0x7d, 0xbf, 0x54, 0x02, 0x7c, 0xbf,
  0x71, 0xb0, 0x7a, 0xbf, 0xc0, 0x26, 0x79, 0xbf, 0xcc, 0x62, 0x77, 0xbf,
  0x43, 0x62, 0x75, 0xbf, 0xec, 0x22, 0x73, 0xbf, 0xab, 0xa2, 0x70, 0xbf,
  0x8c, 0xdf, 0x6d, 0xbf, 0xc5, 0xd7, 0x6a, 0xbf, 0xb0, 0x89, 0x67, 0xbf,
  0xdd, 0xf3, 0x63, 0xbf, 0x08, 0x15, 0x60, 0xbf, 0x25, 0xec, 0x5b, 0xbf,
  0x60, 0x78, 0x57, 0xbf, 0x1b, 0xb9, 0x52, 0xbf, 0xff, 0xad, 0x4d, 0xbf,
  0xea, 0x56, 0x48, 0xbf, 0x04, 0xb4, 0x42, 0xbf, 0xb0, 0xc5, 0x3c, 0xbf,
  0x9d, 0x8c, 0x36, 0xbf, 0xbd, 0x09, 0x30, 0xbf, 0x48, 0x3e, 0x29, 0xbf,
  0xbb, 0x2b, 0x22, 0xbf, 0xdf, 0xd3, 0x1a, 0xbf, 0xbd, 0x38, 0x13, 0xbf,
  0xa5, 0x5c, 0x0b, 0xbf, 0x2e, 0x42, 0x03, 0xbf, 0x5f, 0xd8, 0xf5, 0xbe,
  0x80, 0xbb, 0xe4, 0xbe, 0x61, 0x34, 0xd3, 0xbe, 0x28, 0x4a, 0xc1, 0xbe,
  0x5b, 0x04, 0xaf, 0xbe, 0xf1, 0x6a, 0x9c, 0xbe, 0x37, 0x86, 0x89, 0xbe,
  0xad, 0xbd, 0x6c, 0xbe, 0x86, 0xfb, 0x45, 0xbe, 0x61, 0xd8, 0x1e, 0xbe,
  0x3c, 0xce, 0xee, 0xbd, 0xe0, 0x75, 0x9f, 0xbd, 0x64, 0x9d, 0x1f, 0xbd,
  0x4e, 0x4c, 0xa3, 0xa6, 0x00, 0x00, 0x00, 0x00, 0x2c, 0xa7, 0x0b, 0x3e,
  0x58, 0x31, 0x8a, 0x3e, 0x4b, 0xb1, 0xcb, 0x3e, 0x3c, 0x83, 0x04, 0x3f,
  0x48, 0x85, 0x20, 0x3f, 0xb7, 0x63, 0x39, 0x3f, 0x1f, 0xbf, 0x4e, 0x3f,
  0xd8, 0x55, 0x60, 0x3f, 0xb8, 0x04, 0x6e, 0x3f, 0x6a, 0xc6, 0x77, 0x3f,
  0x82, 0xb1, 0x7d, 0x3f, 0x9b, 0xf5, 0x7f, 0x3f, 0x95, 0xd7, 0x7e, 0x3f,
  0x63, 0xad, 0x7a, 0x3f, 0x8d, 0xd9, 0x73, 0x3f, 0xbb, 0xc6, 0x6a, 0x3f,
  0x85, 0xe3, 0x5f, 0x3f, 0x96, 0x9e, 0x53, 0x3f, 0x78, 0x63, 0x46, 0x3f,
  0xe6, 0x97, 0x38, 0x3f, 0xd0, 0x99, 0x2a, 0x3f, 0x09, 0xbe, 0x1c, 0x3f,
  0x81, 0x4f, 0x0f, 0x3f, 0x08, 0x8f, 0x02, 0x3f, 0x12, 0x67, 0xed, 0x3e,
  0x1a, 0xd5, 0xd7, 0x3e, 0x02, 0xb2, 0xc4, 0x3e, 0x45, 0x38, 0xb4, 0x3e,
  0xee, 0x94, 0xa6, 0x3e, 0x67, 0xe9, 0x9b, 0x3e, 0x3e, 0x4d, 0x94, 0x3e,
  0x81, 0xcf, 0x8f, 0x3e, 0xe3, 0x77, 0x8e, 0x3e, 0x47, 0x47, 0x90, 0x3e,
  0x15, 0x38, 0x95, 0x3e, 0xf4, 0x3d, 0x9d, 0x3e, 0x38, 0x45, 0xa8, 0x3e,
  0xd0, 0x31, 0xb6, 0x3e, 0x12, 0xde, 0xc6, 0x3e, 0x33, 0x19, 0xda, 0x3e,
  0x93, 0xa5, 0xef, 0x3e, 0xa5, 0x9b, 0x03, 0x3f, 0x4c, 0x39, 0x10, 0x3f,
  0x72, 0x75, 0x1d, 0x3f, 0x09, 0x11, 0x2b, 0x3f, 0x55, 0xc4, 0x38, 0x3f,
  0x52, 0x3f, 0x46, 0x3f, 0xa6, 0x2a, 0x53, 0x3f, 0x04, 0x29, 0x5f, 0x3f,
  0x28, 0xd9, 0x69, 0x3f, 0x4f, 0xd8, 0x72, 0x3f, 0x1e, 0xc5, 0x79, 0x3f,
  0xf2, 0x42, 0x7e, 0x3f, 0x6d, 0xfd, 0x7f, 0x3f, 0x0f, 0xac, 0x7e, 0x3f,
  0xb3, 0x15, 0x7a, 0x3f, 0xc7, 0x13, 0x72, 0x3f, 0xe8, 0x94, 0x66, 0x3f,
  0xd6, 0x9e, 0x57, 0x3f, 0x7e, 0x4f, 0x45, 0x3f, 0x09, 0xdd, 0x2f, 0x3f,
  0xd9, 0x94, 0x17, 0x3f, 0xdc, 0xb2, 0xf9, 0x3e, 0xbb, 0x3e, 0xc0, 0x3e,
  0xdf, 0xd2, 0x83, 0x3e, 0x0c, 0x10, 0x0b, 0x3e, 0x12, 0x06, 0x50, 0x3c,
  0x66, 0x8e, 0xe0, 0xbd, 0xa9, 0x9a, 0x6a, 0xbe, 0x48, 0xfb, 0xaf, 0xbe,
  0x1e, 0x48, 0xe7, 0xbe, 0xac, 0x38, 0x0d, 0xbf, 0x04, 0x6e, 0x24, 0xbf,
  0xcd, 0x0b, 0x39, 0xbf, 0x53, 0xef, 0x4a, 0xbf, 0xfc, 0x0a, 0x5a, 0xbf,
  0x03, 0x65, 0x66, 0xbf, 0x81, 0x15, 0x70, 0xbf, 0xff, 0x43, 0x77, 0xbf,
  0xbc, 0x24, 0x7c, 0xbf, 0xb5, 0xf5, 0x7e, 0xbf, 0xc9, 0xfb, 0x7f, 0xbf,
  0xee, 0x7f, 0x7f, 0xbf, 0x9f, 0xcc, 0x7d, 0xbf, 0x9e, 0x2b, 0x7b, 0xbf,
  0x17, 0xe4, 0x77, 0xbf, 0x08, 0x39, 0x74, 0xbf, 0x17, 0x68, 0x70, 0xbf,
  0xb4, 0xa8, 0x6c, 0xbf, 0x74, 0x2b, 0x69, 0xbf, 0xbc, 0x19, 0x66, 0xbf,
  0x8b, 0x95, 0x63, 0xbf, 0x5a, 0xb9, 0x61, 0xbf, 0x1c, 0x98, 0x60, 0xbf,
  0x39, 0x3d, 0x60, 0xbf, 0x92, 0xac, 0x60, 0xbf, 0x6c, 0xe2, 0x61, 0xbf,
  0x65, 0xd3, 0x63, 0xbf, 0x58, 0x6c, 0x66, 0xbf, 0x3c, 0x92, 0x69, 0xbf,
  0x0d, 0x22, 0x6d, 0xbf, 0xce, 0xf0, 0x70, 0xbf, 0x98, 0xcb, 0x74, 0xbf,
  0xe9, 0x77, 0x78, 0xbf, 0x2b, 0xb4, 0x7b, 0xbf, 0x8b, 0x38, 0x7e, 0xbf,
  0x30, 0xb8, 0x7f, 0xbf, 0xdf, 0xe2, 0x7f, 0xbf, 0x07, 0x67, 0x7e, 0xbf,
  0x4c, 0xf4, 0x7a, 0xbf, 0x6a, 0x3e, 0x75, 0xbf, 0x73, 0x00, 0x6d, 0xbf,
  0x4b, 0x00, 0x62, 0xbf, 0x38, 0x12, 0x54, 0xbf, 0x4d, 0x1c, 0x43, 0xbf,
  0x8e, 0x19, 0x2f, 0xbf, 0x90, 0x1c, 0x18, 0xbf, 0x87, 0xa2, 0xfc, 0xbe,
  0xcb, 0xfb, 0xc3, 0xbe, 0x6b, 0x05, 0x87, 0xbe, 0x1e, 0x62, 0x0d, 0xbe,
  0x5a, 0x80, 0x03, 0xbc, 0xd4, 0xe2, 0xfd, 0x3d, 0x7d, 0xb2, 0x82, 0x3e,
  0x07, 0x29, 0xc4, 0x3e, 0xad, 0x39, 0x01, 0x3f, 0xbf, 0x1a, 0x1e, 0x3f,
  0xe6, 0x16, 0x38, 0x3f, 0xa8, 0xa0, 0x4e, 0x3f, 0x38, 0x43, 0x61, 0x3f,
  0xad, 0xa6, 0x6f, 0x3f, 0xd5, 0x92, 0x79, 0x3f, 0x83, 0xf0, 0x7e, 0x3f,
  0x60, 0xc9, 0x7f, 0x3f, 0x41, 0x46, 0x7c, 0x3f, 0x25, 0xac, 0x74, 0x3f,
  0x32, 0x58, 0x69, 0x3f, 0xe0, 0xba, 0x5a, 0x3f, 0xa2, 0x52, 0x49, 0x3f,
  0x7c, 0xa6, 0x35, 0x3f, 0xad, 0x40, 0x20, 0x3f, 0xd0, 0xa9, 0x09, 0x3f,
  0x0a, 0xc9, 0xe4, 0x3e, 0xf7, 0xd3, 0xb5, 0x3e, 0x6c, 0x4e, 0x87, 0x3e,
  0x16, 0xed, 0x33, 0x3e, 0x94, 0xb2, 0xb9, 0x3d, 0x50, 0x59, 0x26, 0x3c,
  0xc5, 0x48, 0x85, 0xbd, 0x67, 0xb1, 0x09, 0xbe, 0xff, 0x5e, 0x4a, 0xbe,
  0x3b, 0x3a, 0x82, 0xbe, 0xbe, 0xed, 0x9b, 0xbe, 0x2c, 0x4c, 0xb2, 0xbe,
  0x36, 0x61, 0xc5, 0xbe, 0x95, 0x3e, 0xd5, 0xbe, 0xd0, 0xf8, 0xe1, 0xbe,
  0x80, 0xa4, 0xeb, 0xbe, 0x09, 0x54, 0xf2, 0xbe, 0xe9, 0x15, 0xf6, 0xbe,
  0x68, 0xf3, 0xf6, 0xbe, 0x08, 0xf0, 0xf4, 0xbe, 0x5f, 0x09, 0xf0, 0xbe,
  0x86, 0x37, 0xe8, 0xbe, 0x0f, 0x6e, 0xdd, 0xbe, 0x83, 0x9d, 0xcf, 0xbe,
  0x47, 0xb5, 0xbe, 0xbe, 0x21, 0xa6, 0xaa, 0xbe, 0xda, 0x64, 0x93, 0xbe,
  0xe6, 0xda, 0x71, 0xbe, 0xd5, 0x8c, 0x36, 0xbe, 0x32, 0x10, 0xea, 0xbd,
  0xb4, 0x5e, 0x36, 0xbd, 0xd2, 0x88, 0xfa, 0x3c, 0xc8, 0x22, 0xe2, 0x3d,
  0x0b, 0xd7, 0x46, 0x3e, 0x42, 0xce, 0x8f, 0x3e, 0x86, 0x14, 0xbd, 0x3e,
  0xa2, 0x89, 0xea, 0x3e, 0xa0, 0xb1, 0x0b, 0x3f, 0xb7, 0x62, 0x21, 0x3f,
  0xff, 0xe3, 0x35, 0x3f, 0x9d, 0xbe, 0x48, 0x3f, 0xba, 0x7c, 0x59, 0x3f,
  0xab, 0xad, 0x67, 0x3f, 0x3f, 0xea, 0x72, 0x3f, 0xf5, 0xd8, 0x7a, 0x3f,
  0xdf, 0x31, 0x7f, 0x3f, 0x01, 0xc2, 0x7f, 0x3f, 0xdc, 0x6d, 0x7c, 0x3f,
  0x1a, 0x33, 0x75, 0x3f, 0x1c, 0x29, 0x6a, 0x3f, 0x76, 0x80, 0x5b, 0x3f,
  0x43, 0x81, 0x49, 0x3f, 0x79, 0x88, 0x34, 0x3f, 0x68, 0x04, 0x1d, 0x3f,
  0x7a, 0x70, 0x03, 0x3f, 0x13, 0xa1, 0xd0, 0x3e, 0x25, 0x58, 0x98, 0x3e,
  0xbb, 0x25, 0x3e, 0x3e, 0x2c, 0x4b, 0x97, 0x3d, 0xfd, 0xcb, 0x13, 0xbd,
  0xba, 0xf9, 0x11, 0xbe, 0xf0, 0x00, 0x7a, 0xbe, 0x02, 0xef, 0xad, 0xbe,
  0x43, 0x56, 0xdb, 0xbe, 0x7b, 0x73, 0x02, 0xbf, 0xbe, 0x39, 0x15, 0xbf,
  0x88, 0xf6, 0x25, 0xbf, 0x38, 0xb0, 0x34, 0xbf, 0xcb, 0x78, 0x41, 0xbf,
  0x9e, 0x6b, 0x4c, 0xbf, 0x19, 0xab, 0x55, 0xbf, 0x65, 0x5e, 0x5d, 0xbf,
  0x3f, 0xaf, 0x63, 0xbf, 0xf5, 0xc7, 0x68, 0xbf, 0xa3, 0xd1, 0x6c, 0xbf,
  0xa5, 0xf2, 0x6f, 0xbf, 0x46, 0x4d, 0x72, 0xbf, 0xb7, 0xfe, 0x73, 0xbf,
  0x26, 0x1e, 0x75, 0xbf, 0x2c, 0xbc, 0x75, 0xbf, 0x44, 0xe2, 0x75, 0xbf,
  0x96, 0x92, 0x75, 0xbf, 0xcd, 0xc7, 0x74, 0xbf, 0x2b, 0x75, 0x73, 0xbf,
  0xc2, 0x86, 0x71, 0xbf, 0xdf, 0xe1, 0x6e, 0xbf, 0xab, 0x65, 0x6b, 0xbf,
  0x09, 0xec, 0x66, 0xbf, 0xb0, 0x4a, 0x61, 0xbf, 0x98, 0x54, 0x5a, 0xbf,
  0xa1, 0xdb, 0x51, 0xbf, 0x92, 0xb2, 0x47, 0xbf, 0x5a, 0xaf, 0x3b, 0xbf,
  0x8d, 0xad, 0x2d, 0xbf, 0x04, 0x91, 0x1d, 0xbf, 0xa0, 0x48, 0x0b, 0xbf,
  0xe6, 0xa1, 0xed, 0xbe, 0x7c, 0x6d, 0xc0, 0xbe, 0x31, 0x32, 0x8f, 0xbe,
  0x01, 0xac, 0x34, 0xbe, 0xa1, 0xa2, 0x89, 0xbd, 0xe4, 0xe2, 0x3e, 0x3d,
  0x3b, 0x2f, 0x27, 0x3e, 0xab, 0xc3, 0x8f, 0x3e, 0x48, 0x3d, 0xcb, 0x3e,
  0xbf, 0x65, 0x02, 0x3f, 0xd6, 0x94, 0x1d, 0x3f, 0x75, 0x89, 0x36, 0x3f,
  0x26, 0xa7, 0x4c, 0x3f, 0xba, 0x5d, 0x5f, 0x3f, 0x4a, 0x2f, 0x6e, 0x3f,
  0xb8, 0xb5, 0x78, 0x3f, 0x37, 0xa7, 0x7e, 0x3f, 0xa6, 0xd9, 0x7f, 0x3f,
  0x7c, 0x44, 0x7c, 0x3f, 0x38, 0x01, 0x74, 0x3f, 0x22, 0x4a, 0x67, 0x3f,
  0xb2, 0x77, 0x56, 0x3f, 0x8a, 0xfc, 0x41, 0x3f, 0x71, 0x60, 0x2a, 0x3f,
  0x83, 0x3a, 0x10, 0x3f, 0xf2, 0x55, 0xe8, 0x3e, 0xf2, 0xa9, 0xad, 0x3e,
  0x41, 0x62, 0x63, 0x3e, 0x11, 0x6b, 0xd6, 0x3d, 0x56, 0x7d, 0x30, 0xbc,
  0x68, 0xdb, 0xfa, 0xbd, 0x69, 0x60, 0x6a, 0xbe, 0x4a, 0x4b, 0xa8, 0xbe,
  0x57, 0x8d, 0xd7, 0xbe, 0x4e, 0x52, 0x01, 0xbf, 0xde, 0xb2, 0x14, 0xbf,
  0xfc, 0xe3, 0x25, 0xbf, 0x41, 0xf0, 0x34, 0xbf, 0xaa, 0xee, 0x41, 0xbf,
  0xd7, 0xff, 0x4c, 0xbf, 0x57, 0x4b, 0x56, 0xbf, 0x1e, 0xfd, 0x5d, 0xbf,
  0x19, 0x43, 0x64, 0xbf, 0x16, 0x4b, 0x69, 0xbf, 0xf5, 0x40, 0x6d, 0xbf,
  0x0a, 0x4d, 0x70, 0xbf, 0xf4, 0x92, 0x72, 0xbf, 0x8d, 0x30, 0x74, 0xbf,
  0x35, 0x3d, 0x75, 0xbf, 0x4e, 0xc9, 0x75, 0xbf, 0xe5, 0xdd, 0x75, 0xbf,
  0x93, 0x7c, 0x75, 0xbf, 0x7b, 0x9f, 0x74, 0xbf, 0x8b, 0x39, 0x73, 0xbf,
  0xcc, 0x36, 0x71, 0xbf, 0xf8, 0x7c, 0x6e, 0xbf, 0x33, 0xec, 0x6a, 0xbf,
  0xff, 0x5f, 0x66, 0xbf, 0x7a, 0xb0, 0x60, 0xbf, 0xb2, 0xb3, 0x59, 0xbf,
  0x6a, 0x3f, 0x51, 0xbf, 0xe9, 0x2a, 0x47, 0xbf, 0x21, 0x51, 0x3b, 0xbf,
  0xe2, 0x92, 0x2d, 0xbf, 0x37, 0xd9, 0x1d, 0xbf, 0xae, 0x17, 0x0c, 0xbf,
  0x0a, 0x9d, 0xf0, 0xbe, 0x4f, 0x19, 0xc5, 0xbe, 0x55, 0xe2, 0x95, 0xbe,
  0x8f, 0xb1, 0x46, 0xbe, 0xea, 0x01, 0xb8, 0xbd, 0x11, 0x03, 0x98, 0x3c,
  0x7c, 0xc5, 0x04, 0x3e, 0x32, 0x89, 0x77, 0x3e, 0xcb, 0xac, 0xb4, 0x3e,
  0x23, 0x13, 0xec, 0x3e, 0x54, 0x74, 0x10, 0x3f, 0x65, 0x10, 0x29, 0x3f,
  0x88, 0x5d, 0x3f, 0x3f, 0x52, 0xe6, 0x52, 0x3f, 0xa4, 0x44, 0x63, 0x3f,
  0x8d, 0x25, 0x70, 0x3f, 0x72, 0x4c, 0x79, 0x3f, 0x36, 0x95, 0x7e, 0x3f,
  0x55, 0xf5, 0x7f, 0x3f, 0xda, 0x7b, 0x7d, 0x3f, 0x49, 0x50, 0x77, 0x3f,
  0x77, 0xb0, 0x6d, 0x3f, 0x91, 0xed, 0x60, 0x3f, 0x73, 0x68, 0x51, 0x3f,
  0x93, 0x8d, 0x3f, 0x3f, 0xbc, 0xd0, 0x2b, 0x3f, 0xc8, 0xa8, 0x16, 0x3f,
  0xa3, 0x8b, 0x00, 0x3f, 0x67, 0xd5, 0xd3, 0x3e, 0xb0, 0x5f, 0xa6, 0x3e,
  0x29, 0xec, 0x72, 0x3e, 0xaf, 0x82, 0x1b, 0x3e, 0x82, 0x44, 0x8f, 0x3d,
  0xba, 0x2c, 0xf9, 0xbb, 0x4b, 0x0e, 0xa4, 0xbd, 0x7c, 0x8d, 0x16, 0xbe,
  0xf4, 0xfd, 0x54, 0xbe, 0xce, 0x8f, 0x86, 0xbe, 0x37, 0x6c, 0x9f, 0xbe,
  0x69, 0x13, 0xb5, 0xbe, 0x5d, 0x8d, 0xc7, 0xbe, 0xb4, 0xe7, 0xd6, 0xbe,
  0xaa, 0x32, 0xe3, 0xbe, 0x89, 0x7e, 0xec, 0xbe, 0x7f, 0xd9, 0xf2, 0xbe,
  0xd6, 0x4d, 0xf6, 0xbe, 0xd9, 0xe0, 0xf6, 0xbe, 0xfa, 0x91, 0xf4, 0xbe,
  0xc5, 0x5a, 0xef, 0xbe, 0x3e, 0x2f, 0xe7, 0xbe, 0xc8, 0xfe, 0xdb, 0xbe,
  0x9c, 0xb5, 0xcd, 0xbe, 0xdd, 0x3e, 0xbc, 0xbe, 0x09, 0x87, 0xa7, 0xbe,
  0x03, 0x7f, 0x8f, 0xbe, 0xd6, 0x3e, 0x68, 0xbe, 0x8d, 0xd8, 0x2a, 0xbe,
  0x76, 0xe3, 0xcd, 0xbd, 0x46, 0xb8, 0xe6, 0xbc, 0xf2, 0xf5, 0x4b, 0x3d,
  0x07, 0xde, 0x07, 0x3e, 0x17, 0xe4, 0x60, 0x3e, 0xae, 0x76, 0x9e, 0x3e,
  0x91, 0x4d, 0xcd, 0x3e, 0x45, 0x2a, 0xfc, 0x3e, 0x07, 0x13, 0x15, 0x3f,
  0x29, 0x22, 0x2b, 0x3f, 0x6b, 0xbc, 0x3f, 0x3f, 0xd1, 0x57, 0x52, 0x3f,
  0x11, 0x6b, 0x62, 0x3f, 0xc3, 0x72, 0x6f, 0x3f, 0xc3, 0xf6, 0x78, 0x3f,
  0x9e, 0x8f, 0x7e, 0x3f, 0xb2, 0xeb, 0x7f, 0x3f, 0xa3, 0xd3, 0x7c, 0x3f,
  0xe6, 0x2d, 0x75, 0x3f, 0x1c, 0x01, 0x69, 0x3f, 0x0c, 0x75, 0x58, 0x3f,
  0x02, 0xd2, 0x43, 0x3f, 0xcc, 0x7e, 0x2b, 0x3f, 0x28, 0xfd, 0x0f, 0x3f,
  0xeb, 0xc9, 0xe3, 0x3e, 0xdd, 0xbc, 0xa3, 0x3e, 0xa5, 0x6e, 0x42, 0x3e,
  0xae, 0x1c, 0x6d, 0x3d, 0x24, 0x6d, 0x96, 0xbd, 0x32, 0x6c, 0x4e, 0xbe,
  0x8f, 0xfc, 0xa5, 0xbe, 0x59, 0xe6, 0xe0, 0xbe, 0xef, 0x8c, 0x0b, 0xbf,
  0x35, 0xf8, 0x23, 0xbf, 0xf4, 0x7b, 0x39, 0xbf, 0x13, 0xf9, 0x4b, 0xbf,
  0x14, 0x69, 0x5b, 0xbf, 0xc2, 0xdb, 0x67, 0xbf, 0x5e, 0x74, 0x71, 0xbf,
  0x47, 0x66, 0x78, 0xbf, 0x6e, 0xf1, 0x7c, 0xbf, 0xd9, 0x5e, 0x7f, 0xbf,
  0x3e, 0xfd, 0x7f, 0xbf, 0xea, 0x1d, 0x7f, 0xbf, 0x0a, 0x12, 0x7d, 0xbf,
  0x67, 0x28, 0x7a, 0xbf, 0x80, 0xab, 0x76, 0xbf, 0x2e, 0xe0, 0x72, 0xbf,
  0x8f, 0x04, 0x6f, 0xbf, 0x66, 0x4f, 0x6b, 0xbf, 0xab, 0xef, 0x67, 0xbf,
  0x60, 0x0c, 0x65, 0xbf, 0x89, 0xc4, 0x62, 0xbf, 0x37, 0x2f, 0x61, 0xbf,
  0xac, 0x5b, 0x60, 0xbf, 0x73, 0x51, 0x60, 0xbf, 0x79, 0x10, 0x61, 0xbf,
  0x17, 0x91, 0x62, 0xbf, 0x1f, 0xc4, 0x64, 0xbf, 0xdb, 0x92, 0x67, 0xbf,
  0x0d, 0xdf, 0x6a, 0xbf, 0x00, 0x83, 0x6e, 0xbf, 0xad, 0x51, 0x72, 0xbf,
  0x02, 0x17, 0x76, 0xbf, 0x5e, 0x98, 0x79, 0xbf, 0x4e, 0x95, 0x7c, 0xbf,
  0x8e, 0xc8, 0x7e, 0xbf, 0x75, 0xe9, 0x7f, 0xbf, 0x9d, 0xad, 0x7f, 0xbf,
  0x04, 0xcb, 0x7d, 0xbf, 0x67, 0xfa, 0x79, 0xbf, 0xff, 0xf9, 0x73, 0xbf,
  0x4f, 0x90, 0x6b, 0xbf, 0x17, 0x8f, 0x60, 0xbf, 0x31, 0xd6, 0x52, 0xbf,
  0x2c, 0x56, 0x42, 0xbf, 0x86, 0x12, 0x2f, 0xbf, 0x46, 0x23, 0x19, 0xbf,
  0xea, 0xb5, 0x00, 0xbf, 0xe2, 0x1a, 0xcc, 0xbe, 0xdc, 0x02, 0x93, 0xbe,
  0xcd, 0xf0, 0x2d, 0xbe, 0xa3, 0x7f, 0x47, 0xbd, 0x16, 0x26, 0x98, 0x3d,
  0x99, 0xae, 0x49, 0x3e, 0x91, 0x56, 0xa2, 0x3e, 0xac, 0x68, 0xdd, 0x3e,
  0xa3, 0x7e, 0x0a, 0x3f, 0xf7, 0x0d, 0x24, 0x3f, 0x58, 0xf6, 0x3a, 0x3f,
  0x7f, 0xdf, 0x4e, 0x3f, 0x79, 0x87, 0x5f, 0x3f, 0x2a, 0xc4, 0x6c, 0x3f,
  0xcd, 0x83, 0x76, 0x3f, 0x61, 0xcc, 0x7c, 0x3f, 0x31, 0xba, 0x7f, 0x3f,
  0x75, 0x7d, 0x7f, 0x3f, 0x69, 0x57, 0x7c, 0x3f, 0xf1, 0x96, 0x76, 0x3f,
  0x02, 0x95, 0x6e, 0x3f, 0x08, 0xb1, 0x64, 0x3f, 0x76, 0x4d, 0x59, 0x3f,
  0xa8, 0xcc, 0x4c, 0x3f, 0x2a, 0x8e, 0x3f, 0x3f, 0x89, 0xec, 0x31, 0x3f,
  0x98, 0x3b, 0x24, 0x3f, 0x4a, 0xc7, 0x16, 0x3f, 0x10, 0xd3, 0x09, 0x3f,
  0x1f, 0x33, 0xfb, 0x3e, 0x9e, 0x99, 0xe4, 0x3e, 0x50, 0x2d, 0xd0, 0x3e,
  0xc2, 0x32, 0xbe, 0x3e, 0xf4, 0xe0, 0xae, 0x3e, 0xf4, 0x62, 0xa2, 0x3e,
  0x6f, 0xd9, 0x98, 0x3e, 0x1c, 0x5c, 0x92, 0x3e, 0xe8, 0xfa, 0x8e, 0x3e,
  0xb7, 0xbe, 0x8e, 0x3e, 0xeb, 0xa9, 0x91, 0x3e, 0x47, 0xb8, 0x97, 0x3e,
  0x82, 0xde, 0xa0, 0x3e, 0x76, 0x09, 0xad, 0x3e, 0xdd, 0x1c, 0xbc, 0x3e,
  0xb2, 0xf1, 0xcd, 0x3e, 0x75, 0x54, 0xe2, 0x3e, 0x35, 0x03, 0xf9, 0x3e,
  0xda, 0xd5, 0x08, 0x3f, 0xd3, 0xf4, 0x15, 0x3f, 0xb7, 0xa2, 0x23, 0x3f,
  0xa4, 0x99, 0x31, 0x3f, 0xab, 0x89, 0x3f, 0x3f, 0x48, 0x19, 0x4d, 0x3f,
  0x71, 0xe6, 0x59, 0x3f, 0x38, 0x88, 0x65, 0x3f, 0x25, 0x91, 0x6f, 0x3f,
  0x26, 0x92, 0x77, 0x3f, 0x17, 0x1e, 0x7d, 0x3f, 0xd5, 0xcd, 0x7f, 0x3f,
  0x93, 0x44, 0x7f, 0x3f, 0x5a, 0x34, 0x7b, 0x3f, 0x6d, 0x62, 0x73, 0x3f,
  0x48, 0xab, 0x67, 0x3f, 0xfa, 0x05, 0x58, 0x3f, 0x9c, 0x86, 0x44, 0x3f,
  0x98, 0x5f, 0x2d, 0x3f, 0xa1, 0xe1, 0x12, 0x3f, 0xa7, 0xf4, 0xea, 0x3e,
  0xa3, 0x62, 0xab, 0x3e, 0x5d, 0x90, 0x50, 0x3e, 0x4e, 0x05, 0x8c, 0x3d,
  0x4e, 0x05, 0x8c, 0xbd, 0x5d, 0x90, 0x50, 0xbe, 0xa3, 0x62, 0xab, 0xbe,
  0xa7, 0xf4, 0xea, 0xbe, 0xa1, 0xe1, 0x12, 0xbf, 0x98, 0x5f, 0x2d, 0xbf,
  0x9c, 0x86, 0x44, 0xbf, 0xfa, 0x05, 0x58, 0xbf, 0x48, 0xab, 0x67, 0xbf,
  0x6d, 0x62, 0x73, 0xbf, 0x5a, 0x34, 0x7b, 0xbf, 0x93, 0x44, 0x7f, 0xbf,
  0xd5, 0xcd, 0x7f, 0xbf, 0x17, 0x1e, 0x7d, 0xbf, 0x26, 0x92, 0x77, 0xbf,
  0x25, 0x91, 0x6f, 0xbf, 0x38, 0x88, 0x65, 0xbf, 0x71, 0xe6, 0x59, 0xbf,
  0x48, 0x19, 0x4d, 0xbf, 0xab, 0x89, 0x3f, 0xbf, 0xa4, 0x99, 0x31, 0xbf,
  0xb7, 0xa2, 0x23, 0xbf, 0xd3, 0xf4, 0x15, 0xbf, 0xda, 0xd5, 0x08, 0xbf,
  0x35, 0x03, 0xf9, 0xbe, 0x75, 0x54, 0xe2, 0xbe, 0xb2, 0xf1, 0xcd, 0xbe,
  0xdd, 0x1c, 0xbc, 0xbe, 0x76, 0x09, 0xad, 0xbe, 0x82, 0xde, 0xa0, 0xbe,
  0x47, 0xb8, 0x97, 0xbe, 0xeb, 0xa9, 0x91, 0xbe, 0xb7, 0xbe, 0x8e, 0xbe,
  0xe8, 0xfa, 0x8e, 0xbe, 0x1c, 0x5c, 0x92, 0xbe, 0x6f, 0xd9, 0x98, 0xbe,
  0xf4, 0x62, 0xa2, 0xbe, 0xf4, 0xe0, 0xae, 0xbe, 0xc2, 0x32, 0xbe, 0xbe,
  0x50, 0x2d, 0xd0, 0xbe, 0x9e, 0x99, 0xe4, 0xbe, 0x1f, 0x33, 0xfb, 0xbe,
  0x10, 0xd3, 0x09, 0xbf, 0x4a, 0xc7, 0x16, 0xbf, 0x98, 0x3b, 0x24, 0xbf,
  0x89, 0xec, 0x31, 0xbf, 0x2a, 0x8e, 0x3f, 0xbf, 0xa8, 0xcc, 0x4c, 0xbf,
  0x76, 0x4d, 0x59, 0xbf, 0x08, 0xb1, 0x64, 0xbf, 0x02, 0x95, 0x6e, 0xbf,
  0xf1, 0x96, 0x76, 0xbf, 0x69, 0x57, 0x7c, 0xbf, 0x75, 0x7d, 0x7f, 0xbf,
  0x31, 0xba, 0x7f, 0xbf, 0x61, 0xcc, 0x7c, 0xbf, 0xcd, 0x83, 0x76, 0xbf,
  0x2a, 0xc4, 0x6c, 0xbf, 0x79, 0x87, 0x5f, 0xbf, 0x7f, 0xdf, 0x4e, 0xbf,
  0x58, 0xf6, 0x3a, 0xbf, 0xf7, 0x0d, 0x24, 0xbf, 0xa3, 0x7e, 0x0a, 0xbf,
  0xac, 0x68, 0xdd, 0xbe, 0x91, 0x56, 0xa2, 0xbe, 0x99, 0xae, 0x49, 0xbe,
  0x16, 0x26, 0x98, 0xbd, 0xa3, 0x7f, 0x47, 0x3d, 0xcd, 0xf0, 0x2d, 0x3e,
  0xdc, 0x02, 0x93, 0x3e, 0xe2, 0x1a, 0xcc, 0x3e, 0xea, 0xb5, 0x00, 0x3f,
  0x46, 0x23, 0x19, 0x3f, 0x86, 0x12, 0x2f, 0x3f, 0x2c, 0x56, 0x42, 0x3f,
  0x31, 0xd6, 0x52, 0x3f, 0x17, 0x8f, 0x60, 0x3f, 0x4f, 0x90, 0x6b, 0x3f,
  0xff, 0xf9, 0x73, 0x3f, 0x67, 0xfa, 0x79, 0x3f, 0x04, 0xcb, 0x7d, 0x3f,
  0x9d, 0xad, 0x7f, 0x3f, 0x75, 0xe9, 0x7f, 0x3f, 0x8e, 0xc8, 0x7e, 0x3f,
  0x4e, 0x95, 0x7c, 0x3f, 0x5e, 0x98, 0x79, 0x3f, 0x02, 0x17, 0x76, 0x3f,
  0xad, 0x51, 0x72, 0x3f, 0x00, 0x83, 0x6e, 0x3f, 0x0d, 0xdf, 0x6a, 0x3f,
  0xdb, 0x92, 0x67, 0x3f, 0x1f, 0xc4, 0x64, 0x3f, 0x17, 0x91, 0x62, 0x3f,
  0x79, 0x10, 0x61, 0x3f, 0x73, 0x51, 0x60, 0x3f, 0xac, 0x5b, 0x60, 0x3f,
  0x37, 0x2f, 0x61, 0x3f, 0x89, 0xc4, 0x62, 0x3f, 0x60, 0x0c, 0x65, 0x3f,
  0xab, 0xef, 0x67, 0x3f, 0x66, 0x4f, 0x6b, 0x3f, 0x8f, 0x04, 0x6f, 0x3f,
  0x2e, 0xe0, 0x72, 0x3f, 0x80, 0xab, 0x76, 0x3f, 0x67, 0x28, 0x7a, 0x3f,
  0x0a, 0x12, 0x7d, 0x3f, 0xea, 0x1d, 0x7f, 0x3f, 0x3e, 0xfd, 0x7f, 0x3f,
  0xd9, 0x5e, 0x7f, 0x3f, 0x6e, 0xf1, 0x7c, 0x3f, 0x47, 0x66, 0x78, 0x3f,
  0x5e, 0x74, 0x71, 0x3f, 0xc2, 0xdb, 0x67, 0x3f, 0x14, 0x69, 0x5b, 0x3f,
  0x13, 0xf9, 0x4b, 0x3f, 0xf4, 0x7b, 0x39, 0x3f, 0x35, 0xf8, 0x23, 0x3f,
  0xef, 0x8c, 0x0b, 0x3f, 0x59, 0xe6, 0xe0, 0x3e, 0x8f, 0xfc, 0xa5, 0x3e,
  0x32, 0x6c, 0x4e, 0x3e, 0x24, 0x6d, 0x96, 0x3d, 0xae, 0x1c, 0x6d, 0xbd,
  0xa5, 0x6e, 0x42, 0xbe, 0xdd, 0xbc, 0xa3, 0xbe, 0xeb, 0xc9, 0xe3, 0xbe,
  0x28, 0xfd, 0x0f, 0xbf, 0xcc, 0x7e, 0x2b, 0xbf, 0x02, 0xd2, 0x43, 0xbf,
  0x0c, 0x75, 0x58, 0xbf, 0x1c, 0x01, 0x69, 0xbf, 0xe6, 0x2d, 0x75, 0xbf,
  0xa3, 0xd3, 0x7c, 0xbf, 0xb2, 0xeb, 0x7f, 0xbf, 0x9e, 0x8f, 0x7e, 0xbf,
  0xc3, 0xf6, 0x78, 0xbf, 0xc3, 0x72, 0x6f, 0xbf, 0x11, 0x6b, 0x62, 0xbf,
  0xd1, 0x57, 0x52, 0xbf, 0x6b, 0xbc, 0x3f, 0xbf, 0x29, 0x22, 0x2b, 0xbf,
  0x07, 0x13, 0x15, 0xbf, 0x45, 0x2a, 0xfc, 0xbe, 0x91, 0x4d, 0xcd, 0xbe,
  0xae, 0x76, 0x9e, 0xbe, 0x17, 0xe4, 0x60, 0xbe, 0x07, 0xde, 0x07, 0xbe,
  0xf2, 0xf5, 0x4b, 0xbd, 0x46, 0xb8, 0xe6, 0x3c, 0x76, 0xe3, 0xcd, 0x3d,
  0x8d, 0xd8, 0x2a, 0x3e, 0xd6, 0x3e, 0x68, 0x3e, 0x03, 0x7f, 0x8f, 0x3e,
  0x09, 0x87, 0xa7, 0x3e, 0xdd, 0x3e, 0xbc, 0x3e, 0x9c, 0xb5, 0xcd, 0x3e,
  0xc8, 0xfe, 0xdb, 0x3e, 0x3e, 0x2f, 0xe7, 0x3e, 0xc5, 0x5a, 0xef, 0x3e,
  0xfa, 0x91, 0xf4, 0x3e, 0xd9, 0xe0, 0xf6, 0x3e, 0xd6, 0x4d, 0xf6, 0x3e,
  0x7f, 0xd9, 0xf2, 0x3e, 0x89, 0x7e, 0xec, 0x3e, 0xaa, 0x32, 0xe3, 0x3e,
  0xb4, 0xe7, 0xd6, 0x3e, 0x5d, 0x8d, 0xc7, 0x3e, 0x69, 0x13, 0xb5, 0x3e,
  0x37, 0x6c, 0x9f, 0x3e, 0xce, 0x8f, 0x86, 0x3e, 0xf4, 0xfd, 0x54, 0x3e,
  0x7c, 0x8d, 0x16, 0x3e, 0x4b, 0x0e, 0xa4, 0x3d, 0xba, 0x2c, 0xf9, 0x3b,
  0x82, 0x44, 0x8f, 0xbd, 0xaf, 0x82, 0x1b, 0xbe, 0x29, 0xec, 0x72, 0xbe,
  0xb0, 0x5f, 0xa6, 0xbe, 0x67, 0xd5, 0xd3, 0xbe, 0xa3, 0x8b, 0x00, 0xbf,
  0xc8, 0xa8, 0x16, 0xbf, 0xbc, 0xd0, 0x2b, 0xbf, 0x93, 0x8d, 0x3f, 0xbf,
  0x73, 0x68, 0x51, 0xbf, 0x91, 0xed, 0x60, 0xbf, 0x77, 0xb0, 0x6d, 0xbf,
  0x49, 0x50, 0x77, 0xbf, 0xda, 0x7b, 0x7d, 0xbf, 0x55, 0xf5, 0x7f, 0xbf,
  0x36, 0x95, 0x7e, 0xbf, 0x72, 0x4c, 0x79, 0xbf, 0x8d, 0x25, 0x70, 0xbf,
  0xa4, 0x44, 0x63, 0xbf, 0x52, 0xe6, 0x52, 0xbf, 0x88, 0x5d, 0x3f, 0xbf,
  0x65, 0x10, 0x29, 0xbf, 0x54, 0x74, 0x10, 0xbf, 0x23, 0x13, 0xec, 0xbe,
  0xcb, 0xac, 0xb4, 0xbe, 0x32, 0x89, 0x77, 0xbe, 0x7c, 0xc5, 0x04, 0xbe,
  0x11, 0x03, 0x98, 0xbc, 0xea, 0x01, 0xb8, 0x3d, 0x8f, 0xb1, 0x46, 0x3e,
  0x55, 0xe2, 0x95, 0x3e, 0x4f, 0x19, 0xc5, 0x3e, 0x0a, 0x9d, 0xf0, 0x3e,
  0xae, 0x17, 0x0c, 0x3f, 0x37, 0xd9, 0x1d, 0x3f, 0xe2, 0x92, 0x2d, 0x3f,
  0x21, 0x51, 0x3b, 0x3f, 0xe9, 0x2a, 0x47, 0x3f, 0x6a, 0x3f, 0x51, 0x3f,
  0xb2, 0xb3, 0x59, 0x3f, 0x7a, 0xb0, 0x60, 0x3f, 0xff, 0x5f, 0x66, 0x3f,
  0x33, 0xec, 0x6a, 0x3f, 0xf8, 0x7c, 0x6e, 0x3f, 0xcc, 0x36, 0x71, 0x3f,
  0x8b, 0x39, 0x73, 0x3f, 0x7b, 0x9f, 0x74, 0x3f, 0x93, 0x7c, 0x75, 0x3f,
  0xe5, 0xdd, 0x75, 0x3f, 0x4e, 0xc9, 0x75, 0x3f, 0x35, 0x3d, 0x75, 0x3f,
  0x8d, 0x30, 0x74, 0x3f, 0xf4, 0x92, 0x72, 0x3f, 0x0a, 0x4d, 0x70, 0x3f,
  0xf5, 0x40, 0x6d, 0x3f, 0x16, 0x4b, 0x69, 0x3f, 0x19, 0x43, 0x64, 0x3f,
  0x1e, 0xfd, 0x5d, 0x3f, 0x57, 0x4b, 0x56, 0x3f, 0xd7, 0xff, 0x4c, 0x3f,
  0xaa, 0xee, 0x41, 0x3f, 0x41, 0xf0, 0x34, 0x3f, 0xfc, 0xe3, 0x25, 0x3f,
  0xde, 0xb2, 0x14, 0x3f, 0x4e, 0x52, 0x01, 0x3f, 0x57, 0x8d, 0xd7, 0x3e,
  0x4a, 0x4b, 0xa8, 0x3e, 0x69, 0x60, 0x6a, 0x3e, 0x68, 0xdb, 0xfa, 0x3d,
  0x56, 0x7d, 0x30, 0x3c, 0x11, 0x6b, 0xd6, 0xbd, 0x41, 0x62, 0x63, 0xbe,
  0xf2, 0xa9, 0xad, 0xbe, 0xf2, 0x55, 0xe8, 0xbe, 0x83, 0x3a, 0x10, 0xbf,
  0x71, 0x60, 0x2a, 0xbf, 0x8a, 0xfc, 0x41, 0xbf, 0xb2, 0x77, 0x56, 0xbf,
  0x22, 0x4a, 0x67, 0xbf, 0x38, 0x01, 0x74, 0xbf, 0x7c, 0x44, 0x7c, 0xbf,
  0xa6, 0xd9, 0x7f, 0xbf, 0x37, 0xa7, 0x7e, 0xbf, 0xb8, 0xb5, 0x78, 0xbf,
  0x4a, 0x2f, 0x6e, 0xbf, 0xba, 0x5d, 0x5f, 0xbf, 0x26, 0xa7, 0x4c, 0xbf,
  0x75, 0x89, 0x36, 0xbf, 0xd6, 0x94, 0x1d, 0xbf, 0xbf, 0x65, 0x02, 0xbf,
  0x48, 0x3d, 0xcb, 0xbe, 0xab, 0xc3, 0x8f, 0xbe, 0x3b, 0x2f, 0x27, 0xbe,
  0xe4, 0xe2, 0x3e, 0xbd, 0xa1, 0xa2, 0x89, 0x3d, 0x01, 0xac, 0x34, 0x3e,
  0x31, 0x32, 0x8f, 0x3e, 0x7c, 0x6d, 0xc0, 0x3e, 0xe6, 0xa1, 0xed, 0x3e,
  0xa0, 0x48, 0x0b, 0x3f, 0x04, 0x91, 0x1d, 0x3f, 0x8d, 0xad, 0x2d, 0x3f,
  0x5a, 0xaf, 0x3b, 0x3f, 0x92, 0xb2, 0x47, 0x3f, 0xa1, 0xdb, 0x51, 0x3f,
  0x98, 0x54, 0x5a, 0x3f, 0xb0, 0x4a, 0x61, 0x3f, 0x09, 0xec, 0x66, 0x3f,
  0xab, 0x65, 0x6b, 0x3f, 0xdf, 0xe1, 0x6e, 0x3f, 0xc2, 0x86, 0x71, 0x3f,
  0x2b, 0x75, 0x73, 0x3f, 0xcd, 0xc7, 0x74, 0x3f, 0x96, 0x92, 0x75, 0x3f,
  0x44, 0xe2, 0x75, 0x3f, 0x2c, 0xbc, 0x75, 0x3f, 0x26, 0x1e, 0x75, 0x3f,
  0xb7, 0xfe, 0x73, 0x3f, 0x46, 0x4d, 0x72, 0x3f, 0xa5, 0xf2, 0x6f, 0x3f,
  0xa3, 0xd1, 0x6c, 0x3f, 0xf5, 0xc7, 0x68, 0x3f, 0x3f, 0xaf, 0x63, 0x3f,
  0x65, 0x5e, 0x5d, 0x3f, 0x19, 0xab, 0x55, 0x3f, 0x9e, 0x6b, 0x4c, 0x3f,
  0xcb, 0x78, 0x41, 0x3f, 0x38, 0xb0, 0x34, 0x3f, 0x88, 0xf6, 0x25, 0x3f,
  0xbe, 0x39, 0x15, 0x3f, 0x7b, 0x73, 0x02, 0x3f, 0x43, 0x56, 0xdb, 0x3e,
  0x02, 0xef, 0xad, 0x3e, 0xf0, 0x00, 0x7a, 0x3e, 0xba, 0xf9, 0x11, 0x3e,
  0xfd, 0xcb, 0x13, 0x3d, 0x2c, 0x4b, 0x97, 0xbd, 0xbb, 0x25, 0x3e, 0xbe,
  0x25, 0x58, 0x98, 0xbe, 0x13, 0xa1, 0xd0, 0xbe, 0x7a, 0x70, 0x03, 0xbf,
  0x68, 0x04, 0x1d, 0xbf, 0x79, 0x88, 0x34, 0xbf, 0x43, 0x81, 0x49, 0xbf,
  0x76, 0x80, 0x5b, 0xbf, 0x1c, 0x29, 0x6a, 0xbf, 0x1a, 0x33, 0x75, 0xbf,
  0xdc, 0x6d, 0x7c, 0xbf, 0x01, 0xc2, 0x7f, 0xbf, 0xdf, 0x31, 0x7f, 0xbf,
  0xf5, 0xd8, 0x7a, 0xbf, 0x3f, 0xea, 0x72, 0xbf, 0xab, 0xad, 0x67, 0xbf,
  0xba, 0x7c, 0x59, 0xbf, 0x9d, 0xbe, 0x48, 0xbf, 0xff, 0xe3, 0x35, 0xbf,
  0xb7, 0x62, 0x21, 0xbf, 0xa0, 0xb1, 0x0b, 0xbf, 0xa2, 0x89, 0xea, 0xbe,
  0x86, 0x14, 0xbd, 0xbe, 0x42, 0xce, 0x8f, 0xbe, 0x0b, 0xd7, 0x46, 0xbe,
  0xc8, 0x22, 0xe2, 0xbd, 0xd2, 0x88, 0xfa, 0xbc, 0xb4, 0x5e, 0x36, 0x3d,
  0x32, 0x10, 0xea, 0x3d, 0xd5, 0x8c, 0x36, 0x3e, 0xe6, 0xda, 0x71, 0x3e,
  0xda, 0x64, 0x93, 0x3e, 0x21, 0xa6, 0xaa, 0x3e, 0x47, 0xb5, 0xbe, 0x3e,
  0x83, 0x9d, 0xcf, 0x3e, 0x0f, 0x6e, 0xdd, 0x3e, 0x86, 0x37, 0xe8, 0x3e,
  0x5f, 0x09, 0xf0, 0x3e, 0x08, 0xf0, 0xf4, 0x3e, 0x68, 0xf3, 0xf6, 0x3e,
  0xe9, 0x15, 0xf6, 0x3e, 0x09, 0x54, 0xf2, 0x3e, 0x80, 0xa4, 0xeb, 0x3e,
  0xd0, 0xf8, 0xe1, 0x3e, 0x95, 0x3e, 0xd5, 0x3e, 0x36, 0x61, 0xc5, 0x3e,
  0x2c, 0x4c, 0xb2, 0x3e, 0xbe, 0xed, 0x9b, 0x3e, 0x3b, 0x3a, 0x82, 0x3e,
  0xff, 0x5e, 0x4a, 0x3e, 0x67, 0xb1, 0x09, 0x3e, 0xc5, 0x48, 0x85, 0x3d,
  0x50, 0x59, 0x26, 0xbc, 0x94, 0xb2, 0xb9, 0xbd, 0x16, 0xed, 0x33, 0xbe,
  0x6c, 0x4e, 0x87, 0xbe, 0xf7, 0xd3, 0xb5, 0xbe, 0x0a, 0xc9, 0xe4, 0xbe,
  0xd0, 0xa9, 0x09, 0xbf, 0xad, 0x40, 0x20, 0xbf, 0x7c, 0xa6, 0x35, 0xbf,
  0xa2, 0x52, 0x49, 0xbf, 0xe0, 0xba, 0x5a, 0xbf, 0x32, 0x58, 0x69, 0xbf,
  0x25, 0xac, 0x74, 0xbf, 0x41, 0x46, 0x7c, 0xbf, 0x60, 0xc9, 0x7f, 0xbf,
  0x83, 0xf0, 0x7e, 0xbf, 0xd5, 0x92, 0x79, 0xbf, 0xad, 0xa6, 0x6f, 0xbf,
  0x38, 0x43, 0x61, 0xbf, 0xa8, 0xa0, 0x4e, 0xbf, 0xe6, 0x16, 0x38, 0xbf,
  0xbf, 0x1a, 0x1e, 0xbf, 0xad, 0x39, 0x01, 0xbf, 0x07, 0x29, 0xc4, 0xbe,
  0x7d, 0xb2, 0x82, 0xbe, 0xd4, 0xe2, 0xfd, 0xbd, 0x5a, 0x80, 0x03, 0x3c,
  0x1e, 0x62, 0x0d, 0x3e, 0x6b, 0x05, 0x87, 0x3e, 0xcb, 0xfb, 0xc3, 0x3e,
  0x87, 0xa2, 0xfc, 0x3e, 0x90, 0x1c, 0x18, 0x3f, 0x8e, 0x19, 0x2f, 0x3f,
  0x4d, 0x1c, 0x43, 0x3f, 0x38, 0x12, 0x54, 0x3f, 0x4b, 0x00, 0x62, 0x3f,
  0x73, 0x00, 0x6d, 0x3f, 0x6a, 0x3e, 0x75, 0x3f, 0x4c, 0xf4, 0x7a, 0x3f,
  0x07, 0x67, 0x7e, 0x3f, 0xdf, 0xe2, 0x7f, 0x3f, 0x30, 0xb8, 0x7f, 0x3f,
  0x8b, 0x38, 0x7e, 0x3f, 0x2b, 0xb4, 0x7b, 0x3f, 0xe9, 0x77, 0x78, 0x3f,
  0x98, 0xcb, 0x74, 0x3f, 0xce, 0xf0, 0x70, 0x3f, 0x0d, 0x22, 0x6d, 0x3f,
  0x3c, 0x92, 0x69, 0x3f, 0x58, 0x6c, 0x66, 0x3f, 0x65, 0xd3, 0x63, 0x3f,
  0x6c, 0xe2, 0x61, 0x3f, 0x92, 0xac, 0x60, 0x3f, 0x39, 0x3d, 0x60, 0x3f,
  0x1c, 0x98, 0x60, 0x3f, 0x5a, 0xb9, 0x61, 0x3f, 0x8b, 0x95, 0x63, 0x3f,
  0xbc, 0x19, 0x66, 0x3f, 0x74, 0x2b, 0x69, 0x3f, 0xb4, 0xa8, 0x6c, 0x3f,
  0x17, 0x68, 0x70, 0x3f, 0x08, 0x39, 0x74, 0x3f, 0x17, 0xe4, 0x77, 0x3f,
  0x9e, 0x2b, 0x7b, 0x3f, 0x9f, 0xcc, 0x7d, 0x3f, 0xee, 0x7f, 0x7f, 0x3f,
  0xc9, 0xfb, 0x7f, 0x3f, 0xb5, 0xf5, 0x7e, 0x3f, 0xbc, 0x24, 0x7c, 0x3f,
  0xff, 0x43, 0x77, 0x3f, 0x81, 0x15, 0x70, 0x3f, 0x03, 0x65, 0x66, 0x3f,
  0xfc, 0x0a, 0x5a, 0x3f, 0x53, 0xef, 0x4a, 0x3f, 0xcd, 0x0b, 0x39, 0x3f,
  0x04, 0x6e, 0x24, 0x3f, 0xac, 0x38, 0x0d, 0x3f, 0x1e, 0x48, 0xe7, 0x3e,
  0x48, 0xfb, 0xaf, 0x3e, 0xa9, 0x9a, 0x6a, 0x3e, 0x66, 0x8e, 0xe0, 0x3d,
  0x12, 0x06, 0x50, 0xbc, 0x0c, 0x10, 0x0b, 0xbe, 0xdf, 0xd2, 0x83, 0xbe,
  0xbb, 0x3e, 0xc0, 0xbe, 0xdc, 0xb2, 0xf9, 0xbe, 0xd9, 0x94, 0x17, 0xbf,
  0x09, 0xdd, 0x2f, 0xbf, 0x7e, 0x4f, 0x45, 0xbf, 0xd6, 0x9e, 0x57, 0xbf,
  0xe8, 0x94, 0x66, 0xbf, 0xc7, 0x13, 0x72, 0xbf, 0xb3, 0x15, 0x7a, 0xbf,
  0x0f, 0xac, 0x7e, 0xbf, 0x6d, 0xfd, 0x7f, 0xbf, 0xf2, 0x42, 0x7e, 0xbf,
  0x1e, 0xc5, 0x79, 0xbf, 0x4f, 0xd8, 0x72, 0xbf, 0x28, 0xd9, 0x69, 0xbf,
  0x04, 0x29, 0x5f, 0xbf, 0xa6, 0x2a, 0x53, 0xbf, 0x52, 0x3f, 0x46, 0xbf,
  0x55, 0xc4, 0x38, 0xbf, 0x09, 0x11, 0x2b, 0xbf, 0x72, 0x75, 0x1d, 0xbf,
  0x4c, 0x39, 0x10, 0xbf, 0xa5, 0x9b, 0x03, 0xbf, 0x93, 0xa5, 0xef, 0xbe,
  0x33, 0x19, 0xda, 0xbe, 0x12, 0xde, 0xc6, 0xbe, 0xd0, 0x31, 0xb6, 0xbe,
  0x38, 0x45, 0xa8, 0xbe, 0xf4, 0x3d, 0x9d, 0xbe, 0x15, 0x38, 0x95, 0xbe,
  0x47, 0x47, 0x90, 0xbe, 0xe3, 0x77, 0x8e, 0xbe, 0x81, 0xcf, 0x8f, 0xbe,
  0x3e, 0x4d, 0x94, 0xbe, 0x67, 0xe9, 0x9b, 0xbe, 0xee, 0x94, 0xa6, 0xbe,
  0x45, 0x38, 0xb4, 0xbe, 0x02, 0xb2, 0xc4, 0xbe, 0x1a, 0xd5, 0xd7, 0xbe,
  0x12, 0x67, 0xed, 0xbe, 0x08, 0x8f, 0x02, 0xbf, 0x81, 0x4f, 0x0f, 0xbf,
  0x09, 0xbe, 0x1c, 0xbf, 0xd0, 0x99, 0x2a, 0xbf, 0xe6, 0x97, 0x38, 0xbf,
  0x78, 0x63, 0x46, 0xbf, 0x96, 0x9e, 0x53, 0xbf, 0x85, 0xe3, 0x5f, 0xbf,
  0xbb, 0xc6, 0x6a, 0xbf, 0x8d, 0xd9, 0x73, 0xbf, 0x63, 0xad, 0x7a, 0xbf,
  0x95, 0xd7, 0x7e, 0xbf, 0x9b, 0xf5, 0x7f, 0xbf, 0x82, 0xb1, 0x7d, 0xbf,
  0x6a, 0xc6, 0x77, 0xbf, 0xb8, 0x04, 0x6e, 0xbf, 0xd8, 0x55, 0x60, 0xbf,
  0x1f, 0xbf, 0x4e, 0xbf, 0xb7, 0x63, 0x39, 0xbf, 0x48, 0x85, 0x20, 0xbf,
  0x3c, 0x83, 0x04, 0xbf, 0x4b, 0xb1, 0xcb, 0xbe, 0x58, 0x31, 0x8a, 0xbe,
  0x2c, 0xa7, 0x0b, 0xbe, 0x13, 0xd3, 0xc8, 0xa7, 0x00, 0x00, 0x00, 0x00,
  0x2e, 0xaa, 0x25, 0x3d, 0x3d, 0x78, 0xa5, 0x3d, 0xd5, 0xb7, 0xf7, 0x3d,
  0x68, 0xb1, 0x24, 0x3e, 0x9e, 0x24, 0x4d, 0x3e, 0x25, 0x1e, 0x75, 0x3e,
  0xaa, 0x43, 0x8e, 0x3e, 0x3d, 0xa5, 0xa1, 0x3e, 0x77, 0xa9, 0xb4, 0x3e,
  0x8c, 0x46, 0xc7, 0x3e, 0x5a, 0x73, 0xd9, 0x3e, 0x6e, 0x27, 0xeb, 0x3e,
  0x04, 0x5b, 0xfc, 0x3e, 0x90, 0x83, 0x06, 0x3f, 0xc3, 0x92, 0x0e, 0x3f,
  0x65, 0x58, 0x16, 0x3f, 0x28, 0xd2, 0x1d, 0x3f, 0x26, 0xfe, 0x24, 0x3f,
  0xde, 0xda, 0x2b, 0x3f, 0x3d, 0x67, 0x32, 0x3f, 0x93, 0xa2, 0x38, 0x3f,
  0x91, 0x8c, 0x3e, 0x3f, 0x4c, 0x25, 0x44, 0x3f, 0x31, 0x6d, 0x49, 0x3f,
  0x0d, 0x65, 0x4e, 0x3f, 0xfa, 0x0d, 0x53, 0x3f, 0x5f, 0x69, 0x57, 0x3f,
  0xf2, 0x78, 0x5b, 0x3f, 0xa5, 0x3e, 0x5f, 0x3f, 0xa9, 0xbc, 0x62, 0x3f,
  0x65, 0xf5, 0x65, 0x3f, 0x6e, 0xeb, 0x68, 0x3f, 0x84, 0xa1, 0x6b, 0x3f,
  0x87, 0x1a, 0x6e, 0x3f, 0x75, 0x59, 0x70, 0x3f, 0x5c, 0x61, 0x72, 0x3f,
  0x63, 0x35, 0x74, 0x3f, 0xaf, 0xd8, 0x75, 0x3f, 0x71, 0x4e, 0x77, 0x3f,
  0xd7, 0x99, 0x78, 0x3f, 0x03, 0xbe, 0x79, 0x3f, 0x10, 0xbe, 0x7a, 0x3f,
  0x07, 0x9d, 0x7b, 0x3f, 0xdb, 0x5d, 0x7c, 0x3f, 0x69, 0x03, 0x7d, 0x3f,
  0x6e, 0x90, 0x7d, 0x3f, 0x8e, 0x07, 0x7e, 0x3f, 0x45, 0x6b, 0x7e, 0x3f,
  0xec, 0xbd, 0x7e, 0x3f, 0xb8, 0x01, 0x7f, 0x3f, 0xb1, 0x38, 0x7f, 0x3f,
  0xba, 0x64, 0x7f, 0x3f, 0x85, 0x87, 0x7f, 0x3f, 0x9e, 0xa2, 0x7f, 0x3f,
  0x5e, 0xb7, 0x7f, 0x3f, 0xf5, 0xc6, 0x7f, 0x3f, 0x65, 0xd2, 0x7f, 0x3f,
  0x80, 0xda, 0x7f, 0x3f, 0xef, 0xdf, 0x7f, 0x3f, 0x2c, 0xe3, 0x7f, 0x3f,
  0x85, 0xe4, 0x7f, 0x3f, 0x1f, 0xe4, 0x7f, 0x3f, 0xf5, 0xe1, 0x7f, 0x3f,
  0xdb, 0xdd, 0x7f, 0x3f, 0x7b, 0xd7, 0x7f, 0x3f, 0x5f, 0xce, 0x7f, 0x3f,
  0xeb, 0xc1, 0x7f, 0x3f, 0x62, 0xb1, 0x7f, 0x3f, 0xea, 0x9b, 0x7f, 0x3f,
  0x8d, 0x80, 0x7f, 0x3f, 0x38, 0x5e, 0x7f, 0x3f, 0xc7, 0x33, 0x7f, 0x3f,
  0xf8, 0xff, 0x7e, 0x3f, 0x84, 0xc1, 0x7e, 0x3f, 0x08, 0x77, 0x7e, 0x3f,
  0x21, 0x1f, 0x7e, 0x3f, 0x5f, 0xb8, 0x7d, 0x3f, 0x47, 0x41, 0x7d, 0x3f,
  0x68, 0xb8, 0x7c, 0x3f, 0x47, 0x1c, 0x7c, 0x3f, 0x78, 0x6b, 0x7b, 0x3f,
  0x8c, 0xa4, 0x7a, 0x3f, 0x28, 0xc6, 0x79, 0x3f, 0xfd, 0xce, 0x78, 0x3f,
  0xc8, 0xbd, 0x77, 0x3f, 0x64, 0x91, 0x76, 0x3f, 0xbe, 0x48, 0x75, 0x3f,
  0xdb, 0xe2, 0x73, 0x3f, 0xe2, 0x5e, 0x72, 0x3f, 0x18, 0xbc, 0x70, 0x3f,
  0xe2, 0xf9, 0x6e, 0x3f, 0xcb, 0x17, 0x6d, 0x3f, 0x80, 0x15, 0x6b, 0x3f,
  0xda, 0xf2, 0x68, 0x3f, 0xd5, 0xaf, 0x66, 0x3f, 0x9d, 0x4c, 0x64, 0x3f,
  0x80, 0xc9, 0x61, 0x3f, 0xfe, 0x26, 0x5f, 0x3f, 0xbb, 0x65, 0x5c, 0x3f,
  0x8b, 0x86, 0x59, 0x3f, 0x68, 0x8a, 0x56, 0x3f, 0x78, 0x72, 0x53, 0x3f,
  0x06, 0x40, 0x50, 0x3f, 0x85, 0xf4, 0x4c, 0x3f, 0x8f, 0x91, 0x49, 0x3f,
  0xdf, 0x18, 0x46, 0x3f, 0x50, 0x8c, 0x42, 0x3f, 0xe0, 0xed, 0x3e, 0x3f,
  0xa9, 0x3f, 0x3b, 0x3f, 0xd8, 0x83, 0x37, 0x3f, 0xb9, 0xbc, 0x33, 0x3f,
  0xab, 0xec, 0x2f, 0x3f, 0x19, 0x16, 0x2c, 0x3f, 0x87, 0x3b, 0x28, 0x3f,
  0x77, 0x5f, 0x24, 0x3f, 0x82, 0x84, 0x20, 0x3f, 0x3b, 0xad, 0x1c, 0x3f,
  0x3e, 0xdc, 0x18, 0x3f, 0x26, 0x14, 0x15, 0x3f, 0x8c, 0x57, 0x11, 0x3f,
  0x02, 0xa9, 0x0d, 0x3f, 0x15, 0x0b, 0x0a, 0x3f, 0x48, 0x80, 0x06, 0x3f,
  0x0f, 0x0b, 0x03, 0x3f, 0xa6, 0x5b, 0xff, 0x3e, 0xdf, 0xd5, 0xf8, 0x3e,
  0x51, 0x89, 0xf2, 0x3e, 0x6f, 0x7a, 0xec, 0x3e, 0x78, 0xad, 0xe6, 0x3e,
  0x88, 0x26, 0xe1, 0x3e, 0x89, 0xe9, 0xdb, 0x3e, 0x3c, 0xfa, 0xd6, 0x3e,
  0x37, 0x5c, 0xd2, 0x3e, 0xd7, 0x12, 0xce, 0x3e, 0x50, 0x21, 0xca, 0x3e,
  0x9d, 0x8a, 0xc6, 0x3e, 0x92, 0x51, 0xc3, 0x3e, 0xc5, 0x78, 0xc0, 0x3e,
  0xa1, 0x02, 0xbe, 0x3e, 0x55, 0xf1, 0xbb, 0x3e, 0xe7, 0x46, 0xba, 0x3e,
  0x1f, 0x05, 0xb9, 0x3e, 0x9a, 0x2d, 0xb8, 0x3e, 0xb0, 0xc1, 0xb7, 0x3e,
  0x94, 0xc2, 0xb7, 0x3e, 0x38, 0x31, 0xb8, 0x3e, 0x56, 0x0e, 0xb9, 0x3e,
  0x6f, 0x5a, 0xba, 0x3e, 0xcc, 0x15, 0xbc, 0x3e, 0x78, 0x40, 0xbe, 0x3e,
  0x3f, 0xda, 0xc0, 0x3e, 0xab, 0xe2, 0xc3, 0x3e, 0x04, 0x59, 0xc7, 0x3e,
  0x4c, 0x3c, 0xcb, 0x3e, 0x41, 0x8b, 0xcf, 0x3e, 0x54, 0x44, 0xd4, 0x3e,
  0xa5, 0x65, 0xd9, 0x3e, 0x0a, 0xed, 0xde, 0x3e, 0xfe, 0xd7, 0xe4, 0x3e,
  0xb2, 0x23, 0xeb, 0x3e, 0xf1, 0xcc, 0xf1, 0x3e, 0x32, 0xd0, 0xf8, 0x3e,
  0xc8, 0x14, 0x00, 0x3f, 0x60, 0xea, 0x03, 0x3f, 0x8c, 0xe6, 0x07, 0x3f,
  0xc7, 0x06, 0x0c, 0x3f, 0x57, 0x48, 0x10, 0x3f, 0x53, 0xa8, 0x14, 0x3f,
  0x9a, 0x23, 0x19, 0x3f, 0xe2, 0xb6, 0x1d, 0x3f, 0xab, 0x5e, 0x22, 0x3f,
  0x41, 0x17, 0x27, 0x3f, 0xcd, 0xdc, 0x2b, 0x3f, 0x41, 0xab, 0x30, 0x3f,
  0x6c, 0x7e, 0x35, 0x3f, 0xf2, 0x51, 0x3a, 0x3f, 0x5b, 0x21, 0x3f, 0x3f,
  0x05, 0xe8, 0x43, 0x3f, 0x3d, 0xa1, 0x48, 0x3f, 0x36, 0x48, 0x4d, 0x3f,
  0x12, 0xd8, 0x51, 0x3f, 0xe9, 0x4b, 0x56, 0x3f, 0xcd, 0x9e, 0x5a, 0x3f,
  0xd3, 0xcb, 0x5e, 0x3f, 0x17, 0xce, 0x62, 0x3f, 0xc9, 0xa0, 0x66, 0x3f,
  0x28, 0x3f, 0x6a, 0x3f, 0x99, 0xa4, 0x6d, 0x3f, 0xa0, 0xcc, 0x70, 0x3f,
  0xf1, 0xb2, 0x73, 0x3f, 0x76, 0x53, 0x76, 0x3f, 0x52, 0xaa, 0x78, 0x3f,
  0xec, 0xb3, 0x7a, 0x3f, 0xf2, 0x6c, 0x7c, 0x3f, 0x66, 0xd2, 0x7d, 0x3f,
  0x9a, 0xe1, 0x7e, 0x3f, 0x3d, 0x98, 0x7f, 0x3f, 0x60, 0xf4, 0x7f, 0x3f,
  0x72, 0xf4, 0x7f, 0x3f, 0x50, 0x97, 0x7f, 0x3f, 0x3c, 0xdc, 0x7e, 0x3f,
  0xe2, 0xc2, 0x7d, 0x3f, 0x5e, 0x4b, 0x7c, 0x3f, 0x38, 0x76, 0x7a, 0x3f,
  0x66, 0x44, 0x78, 0x3f, 0x43, 0xb7, 0x75, 0x3f, 0x98, 0xd0, 0x72, 0x3f,
  0x93, 0x92, 0x6f, 0x3f, 0xc0, 0xff, 0x6b, 0x3f, 0x0e, 0x1b, 0x68, 0x3f,
  0xbd, 0xe7, 0x63, 0x3f, 0x68, 0x69, 0x5f, 0x3f, 0xef, 0xa3, 0x5a, 0x3f,
  0x78, 0x9b, 0x55, 0x3f, 0x6c, 0x54, 0x50, 0x3f, 0x66, 0xd3, 0x4a, 0x3f,
  0x33, 0x1d, 0x45, 0x3f, 0xc2, 0x36, 0x3f, 0x3f, 0x2a, 0x25, 0x39, 0x3f,
  0x8c, 0xed, 0x32, 0x3f, 0x27, 0x95, 0x2c, 0x3f, 0x37, 0x21, 0x26, 0x3f,
  0xfc, 0x96, 0x1f, 0x3f, 0xaf, 0xfb, 0x18, 0x3f, 0x7a, 0x54, 0x12, 0x3f,
  0x75, 0xa6, 0x0b, 0x3f, 0x9d, 0xf6, 0x04, 0x3f, 0x96, 0x93, 0xfc, 0x3e,
  0x75, 0x49, 0xef, 0x3e, 0xf1, 0x17, 0xe2, 0x3e, 0xd6, 0x07, 0xd5, 0x3e,
  0x81, 0x21, 0xc8, 0x3e, 0xf3, 0x6c, 0xbb, 0x3e, 0xc8, 0xf1, 0xae, 0x3e,
  0x1d, 0xb7, 0xa2, 0x3e, 0xb6, 0xc3, 0x96, 0x3e, 0xd6, 0x1d, 0x8b, 0x3e,
  0xac, 0x96, 0x7f, 0x3e, 0x3f, 0xa3, 0x69, 0x3e, 0x5c, 0x6b, 0x54, 0x3e,
  0x15, 0xf8, 0x3f, 0x3e, 0xc0, 0x51, 0x2c, 0x3e, 0xce, 0x7f, 0x19, 0x3e,
  0xfd, 0x88, 0x07, 0x3e, 0x98, 0xe6, 0xec, 0x3d, 0x14, 0x88, 0xcc, 0x3d,
  0xa9, 0xff, 0xad, 0x3d, 0x65, 0x55, 0x91, 0x3d, 0x4f, 0x20, 0x6d, 0x3d,
  0x7b, 0x6b, 0x3b, 0x3d, 0xe0, 0x95, 0x0d, 0x3d, 0x6e, 0x4e, 0xc7, 0x3c,
  0x1f, 0x96, 0x76, 0x3c, 0x16, 0xaa, 0xdc, 0x3b, 0xff, 0xa6, 0x21, 0xba,
  0x47, 0x63, 0xe5, 0xbb, 0xc9, 0x6e, 0x4b, 0xbc, 0x50, 0x2a, 0x8a, 0xbc,
  0x10, 0xb5, 0xa6, 0xbc, 0x13, 0x5d, 0xbb, 0xbc, 0xa5, 0x29, 0xc8, 0xbc,
  0xd0, 0x23, 0xcd, 0xbc, 0x6b, 0x56, 0xca, 0xbc, 0xe6, 0xcd, 0xbf, 0xbc,
  0x7f, 0x98, 0xad, 0xbc, 0x1b, 0xc6, 0x93, 0xbc, 0xda, 0xd0, 0x64, 0xbc,
  0xf5, 0x25, 0x13, 0xbc, 0xfb, 0xd9, 0x4a, 0xbb, 0x21, 0x3a, 0x71, 0x3b,
  0xcf, 0xb5, 0x39, 0x3c, 0xb9, 0xa3, 0xa2, 0x3c, 0x50, 0x63, 0xef, 0x3c,
  0x62, 0x7c, 0x21, 0x3d, 0x34, 0xa0, 0x4e, 0x3d, 0xd6, 0x09, 0x7f, 0x3d,
  0x44, 0x52, 0x99, 0x3d, 0xf8, 0xac, 0xb4, 0x3d, 0x0f, 0x89, 0xd1, 0x3d,
  0xad, 0xd9, 0xef, 0x3d, 0x9c, 0xc8, 0x07, 0x3e, 0x81, 0x50, 0x18, 0x3e,
  0xd8, 0x7c, 0x29, 0x3e, 0x6b, 0x45, 0x3b, 0x3e, 0x9c, 0xa1, 0x4d, 0x3e,
  0x65, 0x88, 0x60, 0x3e, 0x42, 0xf0, 0x73, 0x3e, 0xa2, 0xe7, 0x83, 0x3e,
  0x93, 0x0d, 0x8e, 0x3e, 0x9c, 0x64, 0x98, 0x3e, 0x38, 0xe7, 0xa2, 0x3e,
  0xbb, 0x8f, 0xad, 0x3e, 0x54, 0x58, 0xb8, 0x3e, 0x14, 0x3b, 0xc3, 0x3e,
  0xf2, 0x31, 0xce, 0x3e, 0xd3, 0x36, 0xd9, 0x3e, 0x8b, 0x43, 0xe4, 0x3e,
  0xec, 0x51, 0xef, 0x3e, 0xc8, 0x5b, 0xfa, 0x3e, 0x7e, 0xad, 0x02, 0x3f,
  0xb8, 0x24, 0x08, 0x3f, 0x93, 0x90, 0x0d, 0x3f, 0x20, 0xee, 0x12, 0x3f,
  0x83, 0x3a, 0x18, 0x3f, 0xf7, 0x72, 0x1d, 0x3f, 0xd2, 0x94, 0x22, 0x3f,
  0x8a, 0x9d, 0x27, 0x3f, 0xb2, 0x8a, 0x2c, 0x3f, 0x08, 0x5a, 0x31, 0x3f,
  0x6d, 0x09, 0x36, 0x3f, 0xec, 0x96, 0x3a, 0x3f, 0xc3, 0x00, 0x3f, 0x3f,
  0x59, 0x45, 0x43, 0x3f, 0x45, 0x63, 0x47, 0x3f, 0x51, 0x59, 0x4b, 0x3f,
  0x7c, 0x26, 0x4f, 0x3f, 0xf5, 0xc9, 0x52, 0x3f, 0x1e, 0x43, 0x56, 0x3f,
  0x8f, 0x91, 0x59, 0x3f, 0x10, 0xb5, 0x5c, 0x3f, 0x9d, 0xad, 0x5f, 0x3f,
  0x62, 0x7b, 0x62, 0x3f, 0xb7, 0x1e, 0x65, 0x3f, 0x22, 0x98, 0x67, 0x3f,
  0x57, 0xe8, 0x69, 0x3f, 0x30, 0x10, 0x6c, 0x3f, 0xac, 0x10, 0x6e, 0x3f,
  0xeb, 0xea, 0x6f, 0x3f, 0x30, 0xa0, 0x71, 0x3f, 0xd6, 0x31, 0x73, 0x3f,
  0x54, 0xa1, 0x74, 0x3f, 0x36, 0xf0, 0x75, 0x3f, 0x19, 0x20, 0x77, 0x3f,
  0xa2, 0x32, 0x78, 0x3f, 0x8a, 0x29, 0x79, 0x3f, 0x8a, 0x06, 0x7a, 0x3f,
  0x5f, 0xcb, 0x7a, 0x3f, 0xc5, 0x79, 0x7b, 0x3f, 0x73, 0x13, 0x7c, 0x3f,
  0x1c, 0x9a, 0x7c, 0x3f, 0x62, 0x0f, 0x7d, 0x3f, 0xdc, 0x74, 0x7d, 0x3f,
  0x0e, 0xcc, 0x7d, 0x3f, 0x6b, 0x16, 0x7e, 0x3f, 0x4c, 0x55, 0x7e, 0x3f,
  0xec, 0x89, 0x7e, 0x3f, 0x73, 0xb5, 0x7e, 0x3f, 0xe3, 0xd8, 0x7e, 0x3f,
  0x21, 0xf5, 0x7e, 0x3f, 0xf1, 0x0a, 0x7f, 0x3f, 0xed, 0x1a, 0x7f, 0x3f,
  0x8e, 0x25, 0x7f, 0x3f, 0x27, 0x2b, 0x7f, 0x3f, 0xe0, 0x2b, 0x7f, 0x3f,
  0xba, 0x27, 0x7f, 0x3f, 0x8b, 0x1e, 0x7f, 0x3f, 0x04, 0x10, 0x7f, 0x3f,
  0xa5, 0xfb, 0x7e, 0x3f, 0xca, 0xe0, 0x7e, 0x3f, 0xa0, 0xbe, 0x7e, 0x3f,
  0x31, 0x94, 0x7e, 0x3f, 0x58, 0x60, 0x7e, 0x3f, 0xcf, 0x21, 0x7e, 0x3f,
  0x23, 0xd7, 0x7d, 0x3f, 0xc0, 0x7e, 0x7d, 0x3f, 0xef, 0x16, 0x7d, 0x3f,
  0xd8, 0x9d, 0x7c, 0x3f, 0x81, 0x11, 0x7c, 0x3f, 0xd9, 0x6f, 0x7b, 0x3f,
  0xae, 0xb6, 0x7a, 0x3f, 0xbf, 0xe3, 0x79, 0x3f, 0xb4, 0xf4, 0x78, 0x3f,
  0x26, 0xe7, 0x77, 0x3f, 0xa2, 0xb8, 0x76, 0x3f, 0xaa, 0x66, 0x75, 0x3f,
  0xc4, 0xee, 0x73, 0x3f, 0x6d, 0x4e, 0x72, 0x3f, 0x31, 0x83, 0x70, 0x3f,
  0x9d, 0x8a, 0x6e, 0x3f, 0x55, 0x62, 0x6c, 0x3f, 0x07, 0x08, 0x6a, 0x3f,
  0x87, 0x79, 0x67, 0x3f, 0xbb, 0xb4, 0x64, 0x3f, 0xb0, 0xb7, 0x61, 0x3f,
  0x9d, 0x80, 0x5e, 0x3f, 0xe2, 0x0d, 0x5b, 0x3f, 0x11, 0x5e, 0x57, 0x3f,
  0xf4, 0x6f, 0x53, 0x3f, 0x89, 0x42, 0x4f, 0x3f, 0x12, 0xd5, 0x4a, 0x3f,
  0x0f, 0x27, 0x46, 0x3f, 0x42, 0x38, 0x41, 0x3f, 0xb9, 0x08, 0x3c, 0x3f,
  0xc5, 0x98, 0x36, 0x3f, 0x07, 0xe9, 0x30, 0x3f, 0x66, 0xfa, 0x2a, 0x3f,
  0x1e, 0xce, 0x24, 0x3f, 0xb0, 0x65, 0x1e, 0x3f, 0xe8, 0xc2, 0x17, 0x3f,
  0xe5, 0xe7, 0x10, 0x3f, 0x05, 0xd7, 0x09, 0x3f, 0xf2, 0x92, 0x02, 0x3f,
  0x31, 0x3d, 0xf6, 0x3e, 0x43, 0xfa, 0xe6, 0x3e, 0xeb, 0x63, 0xd7, 0x3e,
  0x5f, 0x81, 0xc7, 0x3e, 0x42, 0x5a, 0xb7, 0x3e, 0x87, 0xf6, 0xa6, 0x3e,
  0x6e, 0x5e, 0x96, 0x3e, 0x7a, 0x9a, 0x85, 0x3e, 0xbe, 0x66, 0x69, 0x3e,
  0xeb, 0x63, 0x47, 0x3e, 0x63, 0x3e, 0x25, 0x3e, 0x14, 0x08, 0x03, 0x3e,
  0xf5, 0xa5, 0xc1, 0x3d, 0x78, 0xc3, 0x7a, 0x3d, 0xa4, 0x9a, 0xe5, 0x3c,
  0xa1, 0x8c, 0xa2, 0xbb, 0xf5, 0x55, 0x1a, 0xbd, 0x4f, 0x7f, 0x8f, 0xbd,
  0x5b, 0x06, 0xd1, 0xbd, 0x0f, 0xd1, 0x08, 0xbe, 0x08, 0x9b, 0x28, 0xbe,
  0x91, 0xd3, 0x47, 0xbe, 0x1b, 0x6e, 0x66, 0xbe, 0x74, 0x2f, 0x82, 0xbe,
  0xa0, 0xcd, 0x90, 0xbe, 0xa7, 0x0c, 0x9f, 0xbe, 0x1e, 0xe8, 0xac, 0xbe,
  0x20, 0x5c, 0xba, 0xbe, 0x45, 0x65, 0xc7, 0xbe, 0x9a, 0x00, 0xd4, 0xbe,
  0xb6, 0x2b, 0xe0, 0xbe, 0x9e, 0xe4, 0xeb, 0xbe, 0xd4, 0x29, 0xf7, 0xbe,
  0x24, 0xfd, 0x00, 0xbf, 0xaa, 0x2a, 0x06, 0xbf, 0x5b, 0x1d, 0x0b, 0xbf,
  0x4a, 0xd5, 0x0f, 0xbf, 0xac, 0x52, 0x14, 0xbf, 0xea, 0x95, 0x18, 0xbf,
  0x87, 0x9f, 0x1c, 0xbf, 0x2c, 0x70, 0x20, 0xbf, 0x99, 0x08, 0x24, 0xbf,
  0xa9, 0x69, 0x27, 0xbf, 0x4b, 0x94, 0x2a, 0xbf, 0x7c, 0x89, 0x2d, 0xbf,
  0x42, 0x4a, 0x30, 0xbf, 0xaf, 0xd7, 0x32, 0xbf, 0xd5, 0x32, 0x35, 0xbf,
  0xc7, 0x5c, 0x37, 0xbf, 0x94, 0x56, 0x39, 0xbf, 0x47, 0x21, 0x3b, 0xbf,
  0xdc, 0xbd, 0x3c, 0xbf, 0x49, 0x2d, 0x3e, 0xbf, 0x6e, 0x70, 0x3f, 0xbf,
  0x1e, 0x88, 0x40, 0xbf, 0x1a, 0x75, 0x41, 0xbf, 0x09, 0x38, 0x42, 0xbf,
  0x7e, 0xd1, 0x42, 0xbf, 0xf7, 0x41, 0x43, 0xbf, 0xd5, 0x89, 0x43, 0xbf,
  0x63, 0xa9, 0x43, 0xbf, 0xd4, 0xa0, 0x43, 0xbf, 0x3f, 0x70, 0x43, 0xbf,
  0xa4, 0x17, 0x43, 0xbf, 0xeb, 0x96, 0x42, 0xbf, 0xe4, 0xed, 0x41, 0xbf,
  0x4a, 0x1c, 0x41, 0xbf, 0xc4, 0x21, 0x40, 0xbf, 0xe6, 0xfd, 0x3e, 0xbf,
  0x32, 0xb0, 0x3d, 0xbf, 0x1e, 0x38, 0x3c, 0xbf, 0x13, 0x95, 0x3a, 0xbf,
  0x70, 0xc6, 0x38, 0xbf, 0x8b, 0xcb, 0x36, 0xbf, 0xbb, 0xa3, 0x34, 0xbf,
  0x54, 0x4e, 0x32, 0xbf, 0xac, 0xca, 0x2f, 0xbf, 0x22, 0x18, 0x2d, 0xbf,
  0x18, 0x36, 0x2a, 0xbf, 0x02, 0x24, 0x27, 0xbf, 0x63, 0xe1, 0x23, 0xbf,
  0xd2, 0x6d, 0x20, 0xbf, 0xf9, 0xc8, 0x1c, 0xbf, 0xa1, 0xf2, 0x18, 0xbf,
  0xaa, 0xea, 0x14, 0xbf, 0x1b, 0xb1, 0x10, 0xbf, 0x1b, 0x46, 0x0c, 0xbf,
  0xf2, 0xa9, 0x07, 0xbf, 0x18, 0xdd, 0x02, 0xbf, 0x50, 0xc0, 0xfb, 0xbe,
  0xd8, 0x67, 0xf1, 0xbe, 0xb2, 0xb2, 0xe6, 0xbe, 0x29, 0xa3, 0xdb, 0xbe,
  0xe3, 0x3b, 0xd0, 0xbe, 0xe0, 0x7f, 0xc4, 0xbe, 0x81, 0x72, 0xb8, 0xbe,
  0x8a, 0x17, 0xac, 0xbe, 0x0c, 0x73, 0x9f, 0xbe, 0x7d, 0x89, 0x92, 0xbe,
  0xa0, 0x5f, 0x85, 0xbe, 0x1f, 0xf5, 0x6f, 0xbe, 0x53, 0xbf, 0x54, 0xbe,
  0x2b, 0x29, 0x39, 0xbe, 0x7e, 0x3e, 0x1d, 0xbe, 0x77, 0x0b, 0x01, 0xbe,
  0x8c, 0x39, 0xc9, 0xbd, 0x9f, 0xfe, 0x8f, 0xbd, 0x15, 0x01, 0x2d, 0xbd,
  0x19, 0xd0, 0x66, 0xbc, 0x19, 0xd0, 0x66, 0x3c, 0x15, 0x01, 0x2d, 0x3d,
  0x9f, 0xfe, 0x8f, 0x3d, 0x8c, 0x39, 0xc9, 0x3d, 0x77, 0x0b, 0x01, 0x3e,
  0x7e, 0x3e, 0x1d, 0x3e, 0x2b, 0x29, 0x39, 0x3e, 0x53, 0xbf, 0x54, 0x3e,
  0x1f, 0xf5, 0x6f, 0x3e, 0xa0, 0x5f, 0x85, 0x3e, 0x7d, 0x89, 0x92, 0x3e,
  0x0c, 0x73, 0x9f, 0x3e, 0x8a, 0x17, 0xac, 0x3e, 0x81, 0x72, 0xb8, 0x3e,
  0xe0, 0x7f, 0xc4, 0x3e, 0xe3, 0x3b, 0xd0, 0x3e, 0x29, 0xa3, 0xdb, 0x3e,
  0xb2, 0xb2, 0xe6, 0x3e, 0xd8, 0x67, 0xf1, 0x3e, 0x50, 0xc0, 0xfb, 0x3e,
  0x18, 0xdd, 0x02, 0x3f, 0xf2, 0xa9, 0x07, 0x3f, 0x1b, 0x46, 0x0c, 0x3f,
  0x1b, 0xb1, 0x10, 0x3f, 0xaa, 0xea, 0x14, 0x3f, 0xa1, 0xf2, 0x18, 0x3f,
  0xf9, 0xc8, 0x1c, 0x3f, 0xd2, 0x6d, 0x20, 0x3f, 0x63, 0xe1, 0x23, 0x3f,
  0x02, 0x24, 0x27, 0x3f, 0x18, 0x36, 0x2a, 0x3f, 0x22, 0x18, 0x2d, 0x3f,
  0xac, 0xca, 0x2f, 0x3f, 0x54, 0x4e, 0x32, 0x3f, 0xbb, 0xa3, 0x34, 0x3f,
  0x8b, 0xcb, 0x36, 0x3f, 0x70, 0xc6, 0x38, 0x3f, 0x13, 0x95, 0x3a, 0x3f,
  0x1e, 0x38, 0x3c, 0x3f, 0x32, 0xb0, 0x3d, 0x3f, 0xe6, 0xfd, 0x3e, 0x3f,
  0xc4, 0x21, 0x40, 0x3f, 0x4a, 0x1c, 0x41, 0x3f, 0xe4, 0xed, 0x41, 0x3f,
  0xeb, 0x96, 0x42, 0x3f, 0xa4, 0x17, 0x43, 0x3f, 0x3f, 0x70, 0x43, 0x3f,
  0xd4, 0xa0, 0x43, 0x3f, 0x63, 0xa9, 0x43, 0x3f, 0xd5, 0x89, 0x43, 0x3f,
  0xf7, 0x41, 0x43, 0x3f, 0x7e, 0xd1, 0x42, 0x3f, 0x09, 0x38, 0x42, 0x3f,
  0x1a, 0x75, 0x41, 0x3f, 0x1e, 0x88, 0x40, 0x3f, 0x6e, 0x70, 0x3f, 0x3f,
  0x49, 0x2d, 0x3e, 0x3f, 0xdc, 0xbd, 0x3c, 0x3f, 0x47, 0x21, 0x3b, 0x3f,
  0x94, 0x56, 0x39, 0x3f, 0xc7, 0x5c, 0x37, 0x3f, 0xd5, 0x32, 0x35, 0x3f,
  0xaf, 0xd7, 0x32, 0x3f, 0x42, 0x4a, 0x30, 0x3f, 0x7c, 0x89, 0x2d, 0x3f,
  0x4b, 0x94, 0x2a, 0x3f, 0xa9, 0x69, 0x27, 0x3f, 0x99, 0x08, 0x24, 0x3f,
  0x2c, 0x70, 0x20, 0x3f, 0x87, 0x9f, 0x1c, 0x3f, 0xea, 0x95, 0x18, 0x3f,
  0xac, 0x52, 0x14, 0x3f, 0x4a, 0xd5, 0x0f, 0x3f, 0x5b, 0x1d, 0x0b, 0x3f,
  0xaa, 0x2a, 0x06, 0x3f, 0x24, 0xfd, 0x00, 0x3f, 0xd4, 0x29, 0xf7, 0x3e,
  0x9e, 0xe4, 0xeb, 0x3e, 0xb6, 0x2b, 0xe0, 0x3e, 0x9a, 0x00, 0xd4, 0x3e,
  0x45, 0x65, 0xc7, 0x3e, 0x20, 0x5c, 0xba, 0x3e, 0x1e, 0xe8, 0xac, 0x3e,
  0xa7, 0x0c, 0x9f, 0x3e, 0xa0, 0xcd, 0x90, 0x3e, 0x74, 0x2f, 0x82, 0x3e,
  0x1b, 0x6e, 0x66, 0x3e, 0x91, 0xd3, 0x47, 0x3e, 0x08, 0x9b, 0x28, 0x3e,
  0x0f, 0xd1, 0x08, 0x3e, 0x5b, 0x06, 0xd1, 0x3d, 0x4f, 0x7f, 0x8f, 0x3d,
  0xf5, 0x55, 0x1a, 0x3d, 0xa1, 0x8c, 0xa2, 0x3b, 0xa4, 0x9a, 0xe5, 0xbc,
  0x78, 0xc3, 0x7a, 0xbd, 0xf5, 0xa5, 0xc1, 0xbd, 0x14, 0x08, 0x03, 0xbe,
  0x63, 0x3e, 0x25, 0xbe, 0xeb, 0x63, 0x47, 0xbe, 0xbe, 0x66, 0x69, 0xbe,
  0x7a, 0x9a, 0x85, 0xbe, 0x6e, 0x5e, 0x96, 0xbe, 0x87, 0xf6, 0xa6, 0xbe,
  0x42, 0x5a, 0xb7, 0xbe, 0x5f, 0x81, 0xc7, 0xbe, 0xeb, 0x63, 0xd7, 0xbe,
  0x43, 0xfa, 0xe6, 0xbe, 0x31, 0x3d, 0xf6, 0xbe, 0xf2, 0x92, 0x02, 0xbf,
  0x05, 0xd7, 0x09, 0xbf, 0xe5, 0xe7, 0x10, 0xbf, 0xe8, 0xc2, 0x17, 0xbf,
  0xb0, 0x65, 0x1e, 0xbf, 0x1e, 0xce, 0x24, 0xbf, 0x66, 0xfa, 0x2a, 0xbf,
  0x07, 0xe9, 0x30, 0xbf, 0xc5, 0x98, 0x36, 0xbf, 0xb9, 0x08, 0x3c, 0xbf,
  0x42, 0x38, 0x41, 0xbf, 0x0f, 0x27, 0x46, 0xbf, 0x12, 0xd5, 0x4a, 0xbf,
  0x89, 0x42, 0x4f, 0xbf, 0xf4, 0x6f, 0x53, 0xbf, 0x11, 0x5e, 0x57, 0xbf,
  0xe2, 0x0d, 0x5b, 0xbf, 0x9d, 0x80, 0x5e, 0xbf, 0xb0, 0xb7, 0x61, 0xbf,
  0xbb, 0xb4, 0x64, 0xbf, 0x87, 0x79, 0x67, 0xbf, 0x07, 0x08, 0x6a, 0xbf,
  0x55, 0x62, 0x6c, 0xbf, 0x9d, 0x8a, 0x6e, 0xbf, 0x31, 0x83, 0x70, 0xbf,
  0x6d, 0x4e, 0x72, 0xbf, 0xc4, 0xee, 0x73, 0xbf, 0xaa, 0x66, 0x75, 0xbf,
  0xa2, 0xb8, 0x76, 0xbf, 0x26, 0xe7, 0x77, 0xbf, 0xb4, 0xf4, 0x78, 0xbf,
  0xbf, 0xe3, 0x79, 0xbf, 0xae, 0xb6, 0x7a, 0xbf, 0xd9, 0x6f, 0x7b, 0xbf,
  0x81, 0x11, 0x7c, 0xbf, 0xd8, 0x9d, 0x7c, 0xbf, 0xef, 0x16, 0x7d, 0xbf,
  0xc0, 0x7e, 0x7d, 0xbf, 0x23, 0xd7, 0x7d, 0xbf, 0xcf, 0x21, 0x7e, 0xbf,
  0x58, 0x60, 0x7e, 0xbf, 0x31, 0x94, 0x7e, 0xbf, 0xa0, 0xbe, 0x7e, 0xbf,
  0xca, 0xe0, 0x7e, 0xbf, 0xa5, 0xfb, 0x7e, 0xbf, 0x04, 0x10, 0x7f, 0xbf,
  0x8b, 0x1e, 0x7f, 0xbf, 0xba, 0x27, 0x7f, 0xbf, 0xe0, 0x2b, 0x7f, 0xbf,
  0x27, 0x2b, 0x7f, 0xbf, 0x8e, 0x25, 0x7f, 0xbf, 0xed, 0x1a, 0x7f, 0xbf,
  0xf1, 0x0a, 0x7f, 0xbf, 0x21, 0xf5, 0x7e, 0xbf, 0xe3, 0xd8, 0x7e, 0xbf,
  0x73, 0xb5, 0x7e, 0xbf, 0xec, 0x89, 0x7e, 0xbf, 0x4c, 0x55, 0x7e, 0xbf,
  0x6b, 0x16, 0x7e, 0xbf, 0x0e, 0xcc, 0x7d, 0xbf, 0xdc, 0x74, 0x7d, 0xbf,
  0x62, 0x0f, 0x7d, 0xbf, 0x1c, 0x9a, 0x7c, 0xbf, 0x73, 0x13, 0x7c, 0xbf,
  0xc5, 0x79, 0x7b, 0xbf, 0x5f, 0xcb, 0x7a, 0xbf, 0x8a, 0x06, 0x7a, 0xbf,
  0x8a, 0x29, 0x79, 0xbf, 0xa2, 0x32, 0x78, 0xbf, 0x19, 0x20, 0x77, 0xbf,
  0x36, 0xf0, 0x75, 0xbf, 0x54, 0xa1, 0x74, 0xbf, 0xd6, 0x31, 0x73, 0xbf,
  0x30, 0xa0, 0x71, 0xbf, 0xeb, 0xea, 0x6f, 0xbf, 0xac, 0x10, 0x6e, 0xbf,
  0x30, 0x10, 0x6c, 0xbf, 0x57, 0xe8, 0x69, 0xbf, 0x22, 0x98, 0x67, 0xbf,
  0xb7, 0x1e, 0x65, 0xbf, 0x62, 0x7b, 0x62, 0xbf, 0x9d, 0xad, 0x5f, 0xbf,
  0x10, 0xb5, 0x5c, 0xbf, 0x8f, 0x91, 0x59, 0xbf, 0x1e, 0x43, 0x56, 0xbf,
  0xf5, 0xc9, 0x52, 0xbf, 0x7c, 0x26, 0x4f, 0xbf, 0x51, 0x59, 0x4b, 0xbf,
  0x45, 0x63, 0x47, 0xbf, 0x59, 0x45, 0x43, 0xbf, 0xc3, 0x00, 0x3f, 0xbf,
  0xec, 0x96, 0x3a, 0xbf, 0x6d, 0x09, 0x36, 0xbf, 0x08, 0x5a, 0x31, 0xbf,
  0xb2, 0x8a, 0x2c, 0xbf, 0x8a, 0x9d, 0x27, 0xbf, 0xd2, 0x94, 0x22, 0xbf,
  0xf7, 0x72, 0x1d, 0xbf, 0x83, 0x3a, 0x18, 0xbf, 0x20, 0xee, 0x12, 0xbf,
  0x93, 0x90, 0x0d, 0xbf, 0xb8, 0x24, 0x08, 0xbf, 0x7e, 0xad, 0x02, 0xbf,
  0xc8, 0x5b, 0xfa, 0xbe, 0xec, 0x51, 0xef, 0xbe, 0x8b, 0x43, 0xe4, 0xbe,
  0xd3, 0x36, 0xd9, 0xbe, 0xf2, 0x31, 0xce, 0xbe, 0x14, 0x3b, 0xc3, 0xbe,
  0x54, 0x58, 0xb8, 0xbe, 0xbb, 0x8f, 0xad, 0xbe, 0x38, 0xe7, 0xa2, 0xbe,
  0x9c, 0x64, 0x98, 0xbe, 0x93, 0x0d, 0x8e, 0xbe, 0xa2, 0xe7, 0x83, 0xbe,
  0x42, 0xf0, 0x73, 0xbe, 0x65, 0x88, 0x60, 0xbe, 0x9c, 0xa1, 0x4d, 0xbe,
  0x6b, 0x45, 0x3b, 0xbe, 0xd8, 0x7c, 0x29, 0xbe, 0x81, 0x50, 0x18, 0xbe,
  0x9c, 0xc8, 0x07, 0xbe, 0xad, 0xd9, 0xef, 0xbd, 0x0f, 0x89, 0xd1, 0xbd,
  0xf8, 0xac, 0xb4, 0xbd, 0x44, 0x52, 0x99, 0xbd, 0xd6, 0x09, 0x7f, 0xbd,
  0x34, 0xa0, 0x4e, 0xbd, 0x62, 0x7c, 0x21, 0xbd, 0x50, 0x63, 0xef, 0xbc,
  0xb9, 0xa3, 0xa2, 0xbc, 0xcf, 0xb5, 0x39, 0xbc, 0x21, 0x3a, 0x71, 0xbb,
  0xfb, 0xd9, 0x4a, 0x3b, 0xf5, 0x25, 0x13, 0x3c, 0xda, 0xd0, 0x64, 0x3c,
  0x1b, 0xc6, 0x93, 0x3c, 0x7f, 0x98, 0xad, 0x3c, 0xe6, 0xcd, 0xbf, 0x3c,
  0x6b, 0x56, 0xca, 0x3c, 0xd0, 0x23, 0xcd, 0x3c, 0xa5, 0x29, 0xc8, 0x3c,
  0x13, 0x5d, 0xbb, 0x3c, 0x10, 0xb5, 0xa6, 0x3c, 0x50, 0x2a, 0x8a, 0x3c,
  0xc9, 0x6e, 0x4b, 0x3c, 0x47, 0x63, 0xe5, 0x3b, 0xff, 0xa6, 0x21, 0x3a,
  0x16, 0xaa, 0xdc, 0xbb, 0x1f, 0x96, 0x76, 0xbc, 0x6e, 0x4e, 0xc7, 0xbc,
  0xe0, 0x95, 0x0d, 0xbd, 0x7b, 0x6b, 0x3b, 0xbd, 0x4f, 0x20, 0x6d, 0xbd,
  0x65, 0x55, 0x91, 0xbd, 0xa9, 0xff, 0xad, 0xbd, 0x14, 0x88, 0xcc, 0xbd,
  0x98, 0xe6, 0xec, 0xbd, 0xfd, 0x88, 0x07, 0xbe, 0xce, 0x7f, 0x19, 0xbe,
  0xc0, 0x51, 0x2c, 0xbe, 0x15, 0xf8, 0x3f, 0xbe, 0x5c, 0x6b, 0x54, 0xbe,
  0x3f, 0xa3, 0x69, 0xbe, 0xac, 0x96, 0x7f, 0xbe, 0xd6, 0x1d, 0x8b, 0xbe,
  0xb6, 0xc3, 0x96, 0xbe, 0x1d, 0xb7, 0xa2, 0xbe, 0xc8, 0xf1, 0xae, 0xbe,
  0xf3, 0x6c, 0xbb, 0xbe, 0x81, 0x21, 0xc8, 0xbe, 0xd6, 0x07, 0xd5, 0xbe,
  0xf1, 0x17, 0xe2, 0xbe, 0x75, 0x49, 0xef, 0xbe, 0x96, 0x93, 0xfc, 0xbe,
  0x9d, 0xf6, 0x04, 0xbf, 0x75, 0xa6, 0x0b, 0xbf, 0x7a, 0x54, 0x12, 0xbf,
  0xaf, 0xfb, 0x18, 0xbf, 0xfc, 0x96, 0x1f, 0xbf, 0x37, 0x21, 0x26, 0xbf,
  0x27, 0x95, 0x2c, 0xbf, 0x8c, 0xed, 0x32, 0xbf, 0x2a, 0x25, 0x39, 0xbf,
  0xc2, 0x36, 0x3f, 0xbf, 0x33, 0x1d, 0x45, 0xbf, 0x66, 0xd3, 0x4a, 0xbf,
  0x6c, 0x54, 0x50, 0xbf, 0x78, 0x9b, 0x55, 0xbf, 0xef, 0xa3, 0x5a, 0xbf,
  0x68, 0x69, 0x5f, 0xbf, 0xbd, 0xe7, 0x63, 0xbf, 0x0e, 0x1b, 0x68, 0xbf,
  0xc0, 0xff, 0x6b, 0xbf, 0x93, 0x92, 0x6f, 0xbf, 0x98, 0xd0, 0x72, 0xbf,
  0x43, 0xb7, 0x75, 0xbf, 0x66, 0x44, 0x78, 0xbf, 0x38, 0x76, 0x7a, 0xbf,
  0x5e, 0x4b, 0x7c, 0xbf, 0xe2, 0xc2, 0x7d, 0xbf, 0x3c, 0xdc, 0x7e, 0xbf,
  0x50, 0x97, 0x7f, 0xbf, 0x72, 0xf4, 0x7f, 0xbf, 0x60, 0xf4, 0x7f, 0xbf,
  0x3d, 0x98, 0x7f, 0xbf, 0x9a, 0xe1, 0x7e, 0xbf, 0x66, 0xd2, 0x7d, 0xbf,
  0xf2, 0x6c, 0x7c, 0xbf, 0xec, 0xb3, 0x7a, 0xbf, 0x52, 0xaa, 0x78, 0xbf,
  0x76, 0x53, 0x76, 0xbf, 0xf1, 0xb2, 0x73, 0xbf, 0xa0, 0xcc, 0x70, 0xbf,
  0x99, 0xa4, 0x6d, 0xbf, 0x28, 0x3f, 0x6a, 0xbf, 0xc9, 0xa0, 0x66, 0xbf,
  0x17, 0xce, 0x62, 0xbf, 0xd3, 0xcb, 0x5e, 0xbf, 0xcd, 0x9e, 0x5a, 0xbf,
  0xe9, 0x4b, 0x56, 0xbf, 0x12, 0xd8, 0x51, 0xbf, 0x36, 0x48, 0x4d, 0xbf,
  0x3d, 0xa1, 0x48, 0xbf, 0x05, 0xe8, 0x43, 0xbf, 0x5b, 0x21, 0x3f, 0xbf,
  0xf2, 0x51, 0x3a, 0xbf, 0x6c, 0x7e, 0x35, 0xbf, 0x41, 0xab, 0x30, 0xbf,
  0xcd, 0xdc, 0x2b, 0xbf, 0x41, 0x17, 0x27, 0xbf, 0xab, 0x5e, 0x22, 0xbf,
  0xe2, 0xb6, 0x1d, 0xbf, 0x9a, 0x23, 0x19, 0xbf, 0x53, 0xa8, 0x14, 0xbf,
  0x57, 0x48, 0x10, 0xbf, 0xc7, 0x06, 0x0c, 0xbf, 0x8c, 0xe6, 0x07, 0xbf,
  0x60, 0xea, 0x03, 0xbf, 0xc8, 0x14, 0x00, 0xbf, 0x32, 0xd0, 0xf8, 0xbe,
  0xf1, 0xcc, 0xf1, 0xbe, 0xb2, 0x23, 0xeb, 0xbe, 0xfe, 0xd7, 0xe4, 0xbe,
  0x0a, 0xed, 0xde, 0xbe, 0xa5, 0x65, 0xd9, 0xbe, 0x54, 0x44, 0xd4, 0xbe,
  0x41, 0x8b, 0xcf, 0xbe, 0x4c, 0x3c, 0xcb, 0xbe, 0x04, 0x59, 0xc7, 0xbe,
  0xab, 0xe2, 0xc3, 0xbe, 0x3f, 0xda, 0xc0, 0xbe, 0x78, 0x40, 0xbe, 0xbe,
  0xcc, 0x15, 0xbc, 0xbe, 0x6f, 0x5a, 0xba, 0xbe, 0x56, 0x0e, 0xb9, 0xbe,
  0x38, 0x31, 0xb8, 0xbe, 0x94, 0xc2, 0xb7, 0xbe, 0xb0, 0xc1, 0xb7, 0xbe,
  0x9a, 0x2d, 0xb8, 0xbe, 0x1f, 0x05, 0xb9, 0xbe, 0xe7, 0x46, 0xba, 0xbe,
  0x55, 0xf1, 0xbb, 0xbe, 0xa1, 0x02, 0xbe, 0xbe, 0xc5, 0x78, 0xc0, 0xbe,
  0x92, 0x51, 0xc3, 0xbe, 0x9d, 0x8a, 0xc6, 0xbe, 0x50, 0x21, 0xca, 0xbe,
  0xd7, 0x12, 0xce, 0xbe, 0x37, 0x5c, 0xd2, 0xbe, 0x3c, 0xfa, 0xd6, 0xbe,
  0x89, 0xe9, 0xdb, 0xbe, 0x88, 0x26, 0xe1, 0xbe, 0x78, 0xad, 0xe6, 0xbe,
  0x6f, 0x7a, 0xec, 0xbe, 0x51, 0x89, 0xf2, 0xbe, 0xdf, 0xd5, 0xf8, 0xbe,
  0xa6, 0x5b, 0xff, 0xbe, 0x0f, 0x0b, 0x03, 0xbf, 0x48, 0x80, 0x06, 0xbf,
  0x15, 0x0b, 0x0a, 0xbf, 0x02, 0xa9, 0x0d, 0xbf, 0x8c, 0x57, 0x11, 0xbf,
  0x26, 0x14, 0x15, 0xbf, 0x3e, 0xdc, 0x18, 0xbf, 0x3b, 0xad, 0x1c, 0xbf,
  0x82, 0x84, 0x20, 0xbf, 0x77, 0x5f, 0x24, 0xbf, 0x87, 0x3b, 0x28, 0xbf,
  0x19, 0x16, 0x2c, 0xbf, 0xab, 0xec, 0x2f, 0xbf, 0xb9, 0xbc, 0x33, 0xbf,
  0xd8, 0x83, 0x37, 0xbf, 0xa9, 0x3f, 0x3b, 0xbf, 0xe0, 0xed, 0x3e, 0xbf,
  0x50, 0x8c, 0x42, 0xbf, 0xdf, 0x18, 0x46, 0xbf, 0x8f, 0x91, 0x49, 0xbf,
  0x85, 0xf4, 0x4c, 0xbf, 0x06, 0x40, 0x50, 0xbf, 0x78, 0x72, 0x53, 0xbf,
  0x68, 0x8a, 0x56, 0xbf, 0x8b, 0x86, 0x59, 0xbf, 0xbb, 0x65, 0x5c, 0xbf,
  0xfe, 0x26, 0x5f, 0xbf, 0x80, 0xc9, 0x61, 0xbf, 0x9d, 0x4c, 0x64, 0xbf,
  0xd5, 0xaf, 0x66, 0xbf, 0xda, 0xf2, 0x68, 0xbf, 0x80, 0x15, 0x6b, 0xbf,
  0xcb, 0x17, 0x6d, 0xbf, 0xe2, 0xf9, 0x6e, 0xbf, 0x18, 0xbc, 0x70, 0xbf,
  0xe2, 0x5e, 0x72, 0xbf, 0xdb, 0xe2, 0x73, 0xbf, 0xbe, 0x48, 0x75, 0xbf,
  0x64, 0x91, 0x76, 0xbf, 0xc8, 0xbd, 0x77, 0xbf, 0xfd, 0xce, 0x78, 0xbf,
  0x28, 0xc6, 0x79, 0xbf, 0x8c, 0xa4, 0x7a, 0xbf, 0x78, 0x6b, 0x7b, 0xbf,
  0x47, 0x1c, 0x7c, 0xbf, 0x68, 0xb8, 0x7c, 0xbf, 0x47, 0x41, 0x7d, 0xbf,
  0x5f, 0xb8, 0x7d, 0xbf, 0x21, 0x1f, 0x7e, 0xbf, 0x08, 0x77, 0x7e, 0xbf,
  0x84, 0xc1, 0x7e, 0xbf, 0xf8, 0xff, 0x7e, 0xbf, 0xc7, 0x33, 0x7f, 0xbf,
  0x38, 0x5e, 0x7f, 0xbf, 0x8d, 0x80, 0x7f, 0xbf, 0xea, 0x9b, 0x7f, 0xbf,
  0x62, 0xb1, 0x7f, 0xbf, 0xeb, 0xc1, 0x7f, 0xbf, 0x5f, 0xce, 0x7f, 0xbf,
  0x7b, 0xd7, 0x7f, 0xbf, 0xdb, 0xdd, 0x7f, 0xbf, 0xf5, 0xe1, 0x7f, 0xbf,
  0x1f, 0xe4, 0x7f, 0xbf, 0x85, 0xe4, 0x7f, 0xbf, 0x2c, 0xe3, 0x7f, 0xbf,
  0xef, 0xdf, 0x7f, 0xbf, 0x80, 0xda, 0x7f, 0xbf, 0x65, 0xd2, 0x7f, 0xbf,
  0xf5, 0xc6, 0x7f, 0xbf, 0x5e, 0xb7, 0x7f, 0xbf, 0x9e, 0xa2, 0x7f, 0xbf,
  0x85, 0x87, 0x7f, 0xbf, 0xba, 0x64, 0x7f, 0xbf, 0xb1, 0x38, 0x7f, 0xbf,
  0xb8, 0x01, 0x7f, 0xbf, 0xec, 0xbd, 0x7e, 0xbf, 0x45, 0x6b, 0x7e, 0xbf,
  0x8e, 0x07, 0x7e, 0xbf, 0x6e, 0x90, 0x7d, 0xbf, 0x69, 0x03, 0x7d, 0xbf,
  0xdb, 0x5d, 0x7c, 0xbf, 0x07, 0x9d, 0x7b, 0xbf, 0x10, 0xbe, 0x7a, 0xbf,
  0x03, 0xbe, 0x79, 0xbf, 0xd7, 0x99, 0x78, 0xbf, 0x71, 0x4e, 0x77, 0xbf,
  0xaf, 0xd8, 0x75, 0xbf, 0x63, 0x35, 0x74, 0xbf, 0x5c, 0x61, 0x72, 0xbf,
  0x75, 0x59, 0x70, 0xbf, 0x87, 0x1a, 0x6e, 0xbf, 0x84, 0xa1, 0x6b, 0xbf,
  0x6e, 0xeb, 0x68, 0xbf, 0x65, 0xf5, 0x65, 0xbf, 0xa9, 0xbc, 0x62, 0xbf,
  0xa5, 0x3e, 0x5f, 0xbf, 0xf2, 0x78, 0x5b, 0xbf, 0x5f, 0x69, 0x57, 0xbf,
  0xfa, 0x0d, 0x53, 0xbf, 0x0d, 0x65, 0x4e, 0xbf, 0x31, 0x6d, 0x49, 0xbf,
  0x4c, 0x25, 0x44, 0xbf, 0x91, 0x8c, 0x3e, 0xbf, 0x93, 0xa2, 0x38, 0xbf,
  0x3d, 0x67, 0x32, 0xbf, 0xde, 0xda, 0x2b, 0xbf, 0x26, 0xfe, 0x24, 0xbf,
  0x28, 0xd2, 0x1d, 0xbf, 0x65, 0x58, 0x16, 0xbf, 0xc3, 0x92, 0x0e, 0xbf,
  0x90, 0x83, 0x06, 0xbf, 0x04, 0x5b, 0xfc, 0xbe, 0x6e, 0x27, 0xeb, 0xbe,
  0x5a, 0x73, 0xd9, 0xbe, 0x8c, 0x46, 0xc7, 0xbe, 0x77, 0xa9, 0xb4, 0xbe,
  0x3d, 0xa5, 0xa1, 0xbe, 0xaa, 0x43, 0x8e, 0xbe, 0x25, 0x1e, 0x75, 0xbe,
  0x9e, 0x24, 0x4d, 0xbe, 0x68, 0xb1, 0x24, 0xbe, 0xd5, 0xb7, 0xf7, 0xbd,
  0x3d, 0x78, 0xa5, 0xbd, 0x2e, 0xaa, 0x25, 0xbd, 0x4e, 0x4c, 0xa3, 0xa6,
  0x00, 0x00, 0x00, 0x00, 0xd8, 0x07, 0xc8, 0x3d, 0x7c, 0xfa, 0x46, 0x3e,
  0x88, 0xed, 0x93, 0x3e, 0x2d, 0xd3, 0xc2, 0x3e, 0x6c, 0xb5, 0xef, 0x3e,
  0x2a, 0x12, 0x0d, 0x3f, 0x52, 0xdd, 0x20, 0x3f, 0xa1, 0x0f, 0x33, 0x3f,
  0x38, 0x83, 0x43, 0x3f, 0x5e, 0x19, 0x52, 0x3f, 0xc2, 0xba, 0x5e, 0x3f,
  0x9b, 0x57, 0x69, 0x3f, 0x9c, 0xe7, 0x71, 0x3f, 0xbb, 0x69, 0x78, 0x3f,
  0xe5, 0xe3, 0x7c, 0x3f, 0x77, 0x62, 0x7f, 0x3f, 0xbb, 0xf7, 0x7f, 0x3f,
  0x37, 0xbb, 0x7e, 0x3f, 0xf8, 0xc8, 0x7b, 0x3f, 0xd8, 0x40, 0x77, 0x3f,
  0xab, 0x45, 0x71, 0x3f, 0x88, 0xfc, 0x69, 0x3f, 0x02, 0x8c, 0x61, 0x3f,
  0x72, 0x1b, 0x58, 0x3f, 0x52, 0xd2, 0x4d, 0x3f, 0x9f, 0xd7, 0x42, 0x3f,
  0x54, 0x51, 0x37, 0x3f, 0xf2, 0x63, 0x2b, 0x3f, 0x27, 0x32, 0x1f, 0x3f,
  0x72, 0xdc, 0x12, 0x3f, 0xfd, 0x80, 0x06, 0x3f, 0xc7, 0x76, 0xf4, 0x3e,
  0x4c, 0x49, 0xdc, 0x3e, 0x40, 0xa6, 0xc4, 0x3e, 0x27, 0xb5, 0xad, 0x3e,
  0x63, 0x98, 0x97, 0x3e, 0x7e, 0x6d, 0x82, 0x3e, 0xea, 0x9a, 0x5c, 0x3e,
  0xe9, 0x99, 0x36, 0x3e, 0xb0, 0xf9, 0x12, 0x3e, 0xa3, 0xa9, 0xe3, 0x3d,
  0x71, 0x7f, 0xa6, 0x3d, 0x37, 0x25, 0x5d, 0x3d, 0x4a, 0xde, 0xef, 0x3c,
  0x05, 0xac, 0xeb, 0x3b, 0xbf, 0xf0, 0x48, 0xbc, 0xb1, 0x4a, 0xee, 0xbc,
  0x21, 0x4e, 0x31, 0xbd, 0x98, 0xc5, 0x60, 0xbd, 0x10, 0xd0, 0x82, 0xbd,
  0x14, 0xfb, 0x8f, 0xbd, 0x95, 0xf1, 0x97, 0xbd, 0x89, 0xc2, 0x9a, 0xbd,
  0xe3, 0x7d, 0x98, 0xbd, 0x87, 0x34, 0x91, 0xbd, 0x59, 0xf8, 0x84, 0xbd,
  0xc7, 0xb8, 0x67, 0xbd, 0x49, 0xea, 0x3b, 0xbd, 0xc6, 0xb1, 0x06, 0xbd,
  0x5b, 0x80, 0x90, 0xbc, 0xc1, 0xd2, 0x4b, 0xb9, 0x30, 0xdd, 0x9e, 0x3c,
  0xfa, 0x2a, 0x28, 0x3d, 0x5f, 0x8e, 0x84, 0x3d, 0xf1, 0xf6, 0xb8, 0x3d,
  0xff, 0x1e, 0xf1, 0x3d, 0x57, 0x68, 0x16, 0x3e, 0x2d, 0xe8, 0x35, 0x3e,
  0x0f, 0xee, 0x56, 0x3e, 0xe3, 0x55, 0x79, 0x3e, 0x36, 0x7c, 0x8e, 0x3e,
  0xb3, 0xd5, 0xa0, 0x3e, 0xc3, 0xa0, 0xb3, 0x3e, 0x63, 0xc5, 0xc6, 0x3e,
  0x4e, 0x2a, 0xda, 0x3e, 0x34, 0xb5, 0xed, 0x3e, 0x70, 0xa5, 0x00, 0x3f,
  0xbe, 0x67, 0x0a, 0x3f, 0x6e, 0x13, 0x14, 0x3f, 0x59, 0x9a, 0x1d, 0x3f,
  0x76, 0xee, 0x26, 0x3f, 0x00, 0x02, 0x30, 0x3f, 0xa3, 0xc7, 0x38, 0x3f,
  0xa0, 0x32, 0x41, 0x3f, 0xf3, 0x36, 0x49, 0x3f, 0x81, 0xc9, 0x50, 0x3f,
  0x3a, 0xe0, 0x57, 0x3f, 0x32, 0x72, 0x5e, 0x3f, 0xc9, 0x77, 0x64, 0x3f,
  0xb5, 0xea, 0x69, 0x3f, 0x24, 0xc6, 0x6e, 0x3f, 0xba, 0x06, 0x73, 0x3f,
  0xa1, 0xaa, 0x76, 0x3f, 0x89, 0xb1, 0x79, 0x3f, 0xa2, 0x1c, 0x7c, 0x3f,
  0x93, 0xee, 0x7d, 0x3f, 0x6a, 0x2b, 0x7f, 0x3f, 0x87, 0xd8, 0x7f, 0x3f,
  0x87, 0xfc, 0x7f, 0x3f, 0x25, 0x9f, 0x7f, 0x3f, 0x1c, 0xc9, 0x7e, 0x3f,
  0x07, 0x84, 0x7d, 0x3f, 0x3b, 0xda, 0x7b, 0x3f, 0xa7, 0xd6, 0x79, 0x3f,
  0xb0, 0x84, 0x77, 0x3f, 0x07, 0xf0, 0x74, 0x3f, 0x90, 0x24, 0x72, 0x3f,
  0x3d, 0x2e, 0x6f, 0x3f, 0xe9, 0x18, 0x6c, 0x3f, 0x48, 0xf0, 0x68, 0x3f,
  0xc0, 0xbf, 0x65, 0x3f, 0x59, 0x92, 0x62, 0x3f, 0xa5, 0x72, 0x5f, 0x3f,
  0xae, 0x6a, 0x5c, 0x3f, 0xe7, 0x83, 0x59, 0x3f, 0x1d, 0xc7, 0x56, 0x3f,
  0x69, 0x3c, 0x54, 0x3f, 0x33, 0xeb, 0x51, 0x3f, 0x18, 0xda, 0x4f, 0x3f,
  0xf3, 0x0e, 0x4e, 0x3f, 0xd4, 0x8e, 0x4c, 0x3f, 0xf6, 0x5d, 0x4b, 0x3f,
  0xc7, 0x7f, 0x4a, 0x3f, 0xd7, 0xf6, 0x49, 0x3f, 0xe1, 0xc4, 0x49, 0x3f,
  0xc4, 0xea, 0x49, 0x3f, 0x83, 0x68, 0x4a, 0x3f, 0x37, 0x3d, 0x4b, 0x3f,
  0x1d, 0x67, 0x4c, 0x3f, 0x88, 0xe3, 0x4d, 0x3f, 0xdc, 0xae, 0x4f, 0x3f,
  0x96, 0xc4, 0x51, 0x3f, 0x3f, 0x1f, 0x54, 0x3f, 0x6e, 0xb8, 0x56, 0x3f,
  0xce, 0x88, 0x59, 0x3f, 0x11, 0x88, 0x5c, 0x3f, 0xfe, 0xac, 0x5f, 0x3f,
  0x73, 0xed, 0x62, 0x3f, 0x6c, 0x3e, 0x66, 0x3f, 0x0b, 0x94, 0x69, 0x3f,
  0xa9, 0xe1, 0x6c, 0x3f, 0xea, 0x19, 0x70, 0x3f, 0xc7, 0x2e, 0x73, 0x3f,
  0xb7, 0x11, 0x76, 0x3f, 0xc1, 0xb3, 0x78, 0x3f, 0xa7, 0x05, 0x7b, 0x3f,
  0x00, 0xf8, 0x7c, 0x3f, 0x75, 0x7b, 0x7e, 0x3f, 0xd9, 0x80, 0x7f, 0x3f,
  0x6c, 0xf9, 0x7f, 0x3f, 0xfe, 0xd6, 0x7f, 0x3f, 0x33, 0x0c, 0x7f, 0x3f,
  0xad, 0x8c, 0x7d, 0x3f, 0x43, 0x4d, 0x7b, 0x3f, 0x36, 0x44, 0x78, 0x3f,
  0x5e, 0x69, 0x74, 0x3f, 0x58, 0xb6, 0x6f, 0x3f, 0xae, 0x26, 0x6a, 0x3f,
  0xf6, 0xb7, 0x63, 0x3f, 0xef, 0x69, 0x5c, 0x3f, 0x8c, 0x3e, 0x54, 0x3f,
  0x07, 0x3a, 0x4b, 0x3f, 0xda, 0x62, 0x41, 0x3f, 0xb1, 0xc1, 0x36, 0x3f,
  0x60, 0x61, 0x2b, 0x3f, 0xc0, 0x4e, 0x1f, 0x3f, 0x89, 0x98, 0x12, 0x3f,
  0x22, 0x4f, 0x05, 0x3f, 0xd6, 0x08, 0xef, 0x3e, 0x04, 0x97, 0xd2, 0x3e,
  0xf4, 0x70, 0xb5, 0x3e, 0x3f, 0xc0, 0x97, 0x3e, 0x82, 0x5e, 0x73, 0x3e,
  0x40, 0xd1, 0x36, 0x3e, 0xcb, 0x5a, 0xf4, 0x3d, 0x59, 0x17, 0x77, 0x3d,
  0x46, 0x5a, 0xf5, 0x3a, 0x7c, 0x5e, 0x64, 0xbd, 0xbe, 0xf2, 0xe5, 0xbd,
  0x2c, 0x78, 0x2b, 0xbe, 0xa1, 0x57, 0x62, 0xbe, 0xf0, 0xb0, 0x8b, 0xbe,
  0xf7, 0x33, 0xa5, 0xbe, 0xed, 0xa0, 0xbd, 0xbe, 0x79, 0xe7, 0xd4, 0xbe,
  0xd3, 0xfa, 0xea, 0xbe, 0xb1, 0xd1, 0xff, 0xbe, 0x11, 0xb3, 0x09, 0xbf,
  0xb0, 0xda, 0x12, 0xbf, 0xca, 0x5f, 0x1b, 0xbf, 0xc8, 0x43, 0x23, 0xbf,
  0x3f, 0x89, 0x2a, 0xbf, 0xca, 0x33, 0x31, 0xbf, 0xdf, 0x47, 0x37, 0xbf,
  0x9e, 0xca, 0x3c, 0xbf, 0xab, 0xc1, 0x41, 0xbf, 0xf9, 0x32, 0x46, 0xbf,
  0xa7, 0x24, 0x4a, 0xbf, 0xd6, 0x9c, 0x4d, 0xbf, 0x76, 0xa1, 0x50, 0xbf,
  0x2e, 0x38, 0x53, 0xbf, 0x37, 0x66, 0x55, 0xbf, 0x36, 0x30, 0x57, 0xbf,
  0x27, 0x9a, 0x58, 0xbf, 0x42, 0xa7, 0x59, 0xbf, 0xe4, 0x59, 0x5a, 0xbf,
  0x7f, 0xb3, 0x5a, 0xbf, 0x8f, 0xb4, 0x5a, 0xbf, 0x8d, 0x5c, 0x5a, 0xbf,
  0xe8, 0xa9, 0x59, 0xbf, 0x09, 0x9a, 0x58, 0xbf, 0x51, 0x29, 0x57, 0xbf,
  0x21, 0x53, 0x55, 0xbf, 0xe7, 0x11, 0x53, 0xbf, 0x2f, 0x5f, 0x50, 0xbf,
  0xbb, 0x33, 0x4d, 0xbf, 0x99, 0x87, 0x49, 0xbf, 0x49, 0x52, 0x45, 0xbf,
  0xe2, 0x8a, 0x40, 0xbf, 0x3c, 0x28, 0x3b, 0xbf, 0x25, 0x21, 0x35, 0xbf,
  0x96, 0x6c, 0x2e, 0xbf, 0xee, 0x01, 0x27, 0xbf, 0x38, 0xd9, 0x1e, 0xbf,
  0x65, 0xeb, 0x15, 0xbf, 0xa0, 0x32, 0x0c, 0xbf, 0x8e, 0xaa, 0x01, 0xbf,
  0x38, 0xa1, 0xec, 0xbe, 0x8c, 0x48, 0xd4, 0xbe, 0xc1, 0x4e, 0xba, 0xbe,
  0xb3, 0xbc, 0x9e, 0xbe, 0xdd, 0xa0, 0x81, 0xbe, 0x9f, 0x1f, 0x46, 0xbe,
  0xf6, 0x48, 0x06, 0xbe, 0x91, 0x01, 0x88, 0xbd, 0xa8, 0xf7, 0xd0, 0x39,
  0x2c, 0x2a, 0x8d, 0x3d, 0x3f, 0x1a, 0x0e, 0x3e, 0xda, 0x80, 0x56, 0x3e,
  0x1f, 0xa3, 0x8f, 0x3e, 0xd1, 0xee, 0xb3, 0x3e, 0xc2, 0xd8, 0xd7, 0x3e,
  0xbf, 0x12, 0xfb, 0x3e, 0x1f, 0xa6, 0x0e, 0x3f, 0xb8, 0x19, 0x1f, 0x3f,
  0x48, 0xbb, 0x2e, 0x3f, 0x97, 0x62, 0x3d, 0x3f, 0xc2, 0xe8, 0x4a, 0x3f,
  0xf0, 0x28, 0x57, 0x3f, 0xf2, 0x00, 0x62, 0x3f, 0xeb, 0x51, 0x6b, 0x3f,
  0xe7, 0x00, 0x73, 0x3f, 0x5a, 0xf7, 0x78, 0x3f, 0x97, 0x23, 0x7d, 0x3f,
  0x26, 0x79, 0x7f, 0x3f, 0x03, 0xf1, 0x7f, 0x3f, 0xc5, 0x89, 0x7e, 0x3f,
  0xa7, 0x47, 0x7b, 0x3f, 0x6a, 0x34, 0x76, 0x3f, 0x2d, 0x5f, 0x6f, 0x3f,
  0x17, 0xdc, 0x66, 0x3f, 0xf9, 0xc3, 0x5c, 0x3f, 0xce, 0x33, 0x51, 0x3f,
  0x2e, 0x4c, 0x44, 0x3f, 0xb0, 0x30, 0x36, 0x3f, 0x4c, 0x07, 0x27, 0x3f,
  0xa1, 0xf7, 0x16, 0x3f, 0x54, 0x2a, 0x06, 0x3f, 0xbd, 0x90, 0xe9, 0x3e,
  0xd3, 0xf4, 0xc5, 0x3e, 0x6d, 0xd0, 0xa1, 0x3e, 0x42, 0xe0, 0x7a, 0x3e,
  0x46, 0x39, 0x32, 0x3e, 0x89, 0x67, 0xd4, 0x3d, 0xf6, 0x32, 0x0d, 0x3d,
  0xf2, 0x2a, 0x08, 0xbd, 0xb3, 0xdc, 0xca, 0xbd, 0xfc, 0x86, 0x26, 0xbe,
  0xe7, 0x0a, 0x65, 0xbe, 0xdb, 0x5e, 0x90, 0xbe, 0xfc, 0xb7, 0xac, 0xbe,
  0x5e, 0x7f, 0xc7, 0xbe, 0x5f, 0xa9, 0xe0, 0xbe, 0xcd, 0x2f, 0xf8, 0xbe,
  0xb5, 0x08, 0x07, 0xbf, 0xb0, 0x28, 0x11, 0xbf, 0x57, 0x7b, 0x1a, 0xbf,
  0xcc, 0x05, 0x23, 0xbf, 0x89, 0xce, 0x2a, 0xbf, 0x1a, 0xdd, 0x31, 0xbf,
  0xd1, 0x39, 0x38, 0xbf, 0x8a, 0xed, 0x3d, 0xbf, 0x6a, 0x01, 0x43, 0xbf,
  0xa3, 0x7e, 0x47, 0xbf, 0x45, 0x6e, 0x4b, 0xbf, 0x07, 0xd9, 0x4e, 0xbf,
  0x29, 0xc7, 0x51, 0xbf, 0x47, 0x40, 0x54, 0xbf, 0x3b, 0x4b, 0x56, 0xbf,
  0x0d, 0xee, 0x57, 0xbf, 0xd3, 0x2d, 0x59, 0xbf, 0xb3, 0x0e, 0x5a, 0xbf,
  0xc4, 0x93, 0x5a, 0xbf, 0x1a, 0xbf, 0x5a, 0xbf, 0xc4, 0x91, 0x5a, 0xbf,
  0xc5, 0x0b, 0x5a, 0xbf, 0x24, 0x2c, 0x59, 0xbf, 0xf9, 0xf0, 0x57, 0xbf,
  0x74, 0x57, 0x56, 0xbf, 0xfb, 0x5b, 0x54, 0xbf, 0x38, 0xfa, 0x51, 0xbf,
  0x3b, 0x2d, 0x4f, 0xbf, 0x8f, 0xef, 0x4b, 0xbf, 0x62, 0x3b, 0x48, 0xbf,
  0xa8, 0x0a, 0x44, 0xbf, 0x3d, 0x57, 0x3f, 0xbf, 0x11, 0x1b, 0x3a, 0xbf,
  0x54, 0x50, 0x34, 0xbf, 0x9f, 0xf1, 0x2d, 0xbf, 0x20, 0xfa, 0x26, 0xbf,
  0xca, 0x65, 0x1f, 0xbf, 0x7f, 0x31, 0x17, 0xbf, 0x3c, 0x5b, 0x0e, 0xbf,
  0x3b, 0xe2, 0x04, 0xbf, 0x43, 0x8e, 0xf5, 0xbe, 0x36, 0x18, 0xe0, 0xbe,
  0xe0, 0x69, 0xc9, 0xbe, 0x4d, 0x8e, 0xb1, 0xbe, 0x0c, 0x94, 0x98, 0xbe,
  0x87, 0x1a, 0x7d, 0xbe, 0x58, 0x1f, 0x47, 0xbe, 0x0f, 0x69, 0x0f, 0xbe,
  0xb4, 0x61, 0xac, 0xbd, 0x4c, 0xb1, 0xdd, 0xbc, 0xc4, 0x0e, 0xfe, 0x3c,
  0xfd, 0xd9, 0xb7, 0x3d, 0xe9, 0x7c, 0x18, 0x3e, 0xf4, 0x1f, 0x55, 0x3e,
  0x1c, 0xc1, 0x88, 0x3e, 0x4b, 0xa7, 0xa6, 0x3e, 0xf2, 0x17, 0xc4, 0x3e,
  0x02, 0xe9, 0xe0, 0x3e, 0x8a, 0xf1, 0xfc, 0x3e, 0x25, 0x05, 0x0c, 0x3f,
  0x1b, 0x07, 0x19, 0x3f, 0x7a, 0x6d, 0x25, 0x3f, 0xab, 0x28, 0x31, 0x3f,
  0xe3, 0x2a, 0x3c, 0x3f, 0x48, 0x68, 0x46, 0x3f, 0x14, 0xd7, 0x4f, 0x3f,
  0xb3, 0x6f, 0x58, 0x3f, 0xca, 0x2c, 0x60, 0x3f, 0x45, 0x0b, 0x67, 0x3f,
  0x4b, 0x0a, 0x6d, 0x3f, 0x34, 0x2b, 0x72, 0x3f, 0x75, 0x71, 0x76, 0x3f,
  0x7d, 0xe2, 0x79, 0x3f, 0x9a, 0x85, 0x7c, 0x3f, 0xc2, 0x63, 0x7e, 0x3f,
  0x71, 0x87, 0x7f, 0x3f, 0x6f, 0xfc, 0x7f, 0x3f, 0xa4, 0xcf, 0x7f, 0x3f,
  0xd9, 0x0e, 0x7f, 0x3f, 0x8d, 0xc8, 0x7d, 0x3f, 0xbb, 0x0b, 0x7c, 0x3f,
  0xae, 0xe7, 0x79, 0x3f, 0xcc, 0x6b, 0x77, 0x3f, 0x69, 0xa7, 0x74, 0x3f,
  0xaa, 0xa9, 0x71, 0x3f, 0x52, 0x81, 0x6e, 0x3f, 0xac, 0x3c, 0x6b, 0x3f,
  0x6c, 0xe9, 0x67, 0x3f, 0x97, 0x94, 0x64, 0x3f, 0x72, 0x4a, 0x61, 0x3f,
  0x6f, 0x16, 0x5e, 0x3f, 0x21, 0x03, 0x5b, 0x3f, 0x39, 0x1a, 0x58, 0x3f,
  0x77, 0x64, 0x55, 0x3f, 0xad, 0xe9, 0x52, 0x3f, 0xbe, 0xb0, 0x50, 0x3f,
  0x98, 0xbf, 0x4e, 0x3f, 0x37, 0x1b, 0x4d, 0x3f, 0xaa, 0xc7, 0x4b, 0x3f,
  0x15, 0xc8, 0x4a, 0x3f, 0xb1, 0x1e, 0x4a, 0x3f, 0xd3, 0xcc, 0x49, 0x3f,
  0xe9, 0xd2, 0x49, 0x3f, 0x86, 0x30, 0x4a, 0x3f, 0x5b, 0xe4, 0x4a, 0x3f,
  0x41, 0xec, 0x4b, 0x3f, 0x3b, 0x45, 0x4d, 0x3f, 0x72, 0xeb, 0x4e, 0x3f,
  0x3f, 0xda, 0x50, 0x3f, 0x30, 0x0c, 0x53, 0x3f, 0x05, 0x7b, 0x55, 0x3f,
  0xbc, 0x1f, 0x58, 0x3f, 0x95, 0xf2, 0x5a, 0x3f, 0x18, 0xeb, 0x5d, 0x3f,
  0x24, 0x00, 0x61, 0x3f, 0xfc, 0x27, 0x64, 0x3f, 0x4d, 0x58, 0x67, 0x3f,
  0x4a, 0x86, 0x6a, 0x3f, 0xb7, 0xa6, 0x6d, 0x3f, 0x03, 0xae, 0x70, 0x3f,
  0x66, 0x90, 0x73, 0x3f, 0xf5, 0x41, 0x76, 0x3f, 0xbf, 0xb6, 0x78, 0x3f,
  0xf7, 0xe2, 0x7a, 0x3f, 0x0c, 0xbb, 0x7c, 0x3f, 0xd2, 0x33, 0x7e, 0x3f,
  0xa1, 0x42, 0x7f, 0x3f, 0x7b, 0xdd, 0x7f, 0x3f, 0x36, 0xfb, 0x7f, 0x3f,
  0x8d, 0x93, 0x7f, 0x3f, 0x53, 0x9f, 0x7e, 0x3f, 0x87, 0x18, 0x7d, 0x3f,
  0x6d, 0xfa, 0x7a, 0x3f, 0xab, 0x41, 0x78, 0x3f, 0x51, 0xec, 0x74, 0x3f,
  0xf1, 0xf9, 0x70, 0x3f, 0x9b, 0x6b, 0x6c, 0x3f, 0xeb, 0x43, 0x67, 0x3f,
  0xf6, 0x86, 0x61, 0x3f, 0x50, 0x3a, 0x5b, 0x3f, 0xef, 0x64, 0x54, 0x3f,
  0x1a, 0x0f, 0x4d, 0x3f, 0x55, 0x42, 0x45, 0x3f, 0x3b, 0x09, 0x3d, 0x3f,
  0x5f, 0x6f, 0x34, 0x3f, 0x24, 0x81, 0x2b, 0x3f, 0x9f, 0x4b, 0x22, 0x3f,
  0x5d, 0xdc, 0x18, 0x3f, 0x4e, 0x41, 0x0f, 0x3f, 0x89, 0x88, 0x05, 0x3f,
  0x6a, 0x80, 0xf7, 0x3e, 0xb1, 0xec, 0xe3, 0x3e, 0x6e, 0x71, 0xd0, 0x3e,
  0x6e, 0x29, 0xbd, 0x3e, 0x83, 0x2e, 0xaa, 0x3e, 0x51, 0x99, 0x97, 0x3e,
  0x32, 0x81, 0x85, 0x3e, 0x15, 0xf8, 0x67, 0x3e, 0x89, 0x3c, 0x46, 0x3e,
  0x5d, 0xf5, 0x25, 0x3e, 0x1e, 0x45, 0x07, 0x3e, 0x3f, 0x96, 0xd4, 0x3d,
  0x95, 0x47, 0x9e, 0x3d, 0x56, 0xa2, 0x57, 0x3d, 0x3e, 0x82, 0xf5, 0x3c,
  0xcc, 0xf2, 0x18, 0x3c, 0xda, 0x8a, 0x16, 0xbc, 0xb4, 0x39, 0xd1, 0xbc,
  0x55, 0x78, 0x22, 0xbd, 0xaa, 0x01, 0x53, 0xbd, 0x32, 0x0a, 0x7a, 0xbd,
  0xa1, 0xb3, 0x8b, 0xbd, 0xb4, 0x78, 0x95, 0xbd, 0xe1, 0x41, 0x9a, 0xbd,
  0xc7, 0xfd, 0x99, 0xbd, 0xfc, 0x9b, 0x94, 0xbd, 0x06, 0x0d, 0x8a, 0xbd,
  0x08, 0x85, 0x74, 0xbd, 0xdc, 0x5e, 0x4a, 0xbd, 0xfc, 0x90, 0x15, 0xbd,
  0x03, 0x13, 0xac, 0xbc, 0xab, 0xc9, 0x3b, 0xbb, 0x86, 0xb3, 0x92, 0x3c,
  0xd6, 0x33, 0x29, 0x3d, 0xe0, 0xdf, 0x89, 0x3d, 0x7f, 0x6e, 0xc4, 0x3d,
  0x6f, 0x16, 0x02, 0x3e, 0xe7, 0x7b, 0x24, 0x3e, 0x41, 0x50, 0x49, 0x3e,
  0x77, 0x75, 0x70, 0x3e, 0x0b, 0xe3, 0x8c, 0x3e, 0x43, 0x8a, 0xa2, 0x3e,
  0x31, 0x15, 0xb9, 0x3e, 0xe0, 0x63, 0xd0, 0x3e, 0x65, 0x51, 0xe8, 0x3e,
  0xd5, 0x59, 0x00, 0x3f, 0xa7, 0xad, 0x0c, 0x3f, 0xd7, 0x09, 0x19, 0x3f,
  0x84, 0x51, 0x25, 0x3f, 0x4f, 0x65, 0x31, 0x3f, 0x9a, 0x23, 0x3d, 0x3f,
  0xc4, 0x68, 0x48, 0x3f, 0x81, 0x0f, 0x53, 0x3f, 0x42, 0xf1, 0x5c, 0x3f,
  0xbe, 0xe6, 0x65, 0x3f, 0x75, 0xc8, 0x6d, 0x3f, 0x5c, 0x6f, 0x74, 0x3f,
  0x86, 0xb5, 0x79, 0x3f, 0xe6, 0x76, 0x7d, 0x3f, 0x0a, 0x92, 0x7f, 0x3f,
  0xe8, 0xe8, 0x7f, 0x3f, 0x9e, 0x61, 0x7e, 0x3f, 0x2e, 0xe7, 0x7a, 0x3f,
  0x31, 0x6a, 0x75, 0x3f, 0x71, 0xe1, 0x6d, 0x3f, 0x71, 0x4a, 0x64, 0x3f,
  0xd1, 0xa9, 0x58, 0x3f, 0x9a, 0x0b, 0x4b, 0x3f, 0x5b, 0x83, 0x3b, 0x3f,
  0x1d, 0x2c, 0x2a, 0x3f, 0x37, 0x28, 0x17, 0x3f, 0xf1, 0xa0, 0x02, 0x3f,
  0xf1, 0x8b, 0xd9, 0x3e, 0x69, 0x99, 0xab, 0x3e, 0xbb, 0xbd, 0x77, 0x3e,
  0x93, 0xb1, 0x15, 0x3e, 0x69, 0x4b, 0x48, 0x3d, 0x69, 0x4b, 0x48, 0xbd,
  0x93, 0xb1, 0x15, 0xbe, 0xbb, 0xbd, 0x77, 0xbe, 0x69, 0x99, 0xab, 0xbe,
  0xf1, 0x8b, 0xd9, 0xbe, 0xf1, 0xa0, 0x02, 0xbf, 0x37, 0x28, 0x17, 0xbf,
  0x1d, 0x2c, 0x2a, 0xbf, 0x5b, 0x83, 0x3b, 0xbf, 0x9a, 0x0b, 0x4b, 0xbf,
  0xd1, 0xa9, 0x58, 0xbf, 0x71, 0x4a, 0x64, 0xbf, 0x71, 0xe1, 0x6d, 0xbf,
  0x31, 0x6a, 0x75, 0xbf, 0x2e, 0xe7, 0x7a, 0xbf, 0x9e, 0x61, 0x7e, 0xbf,
  0xe8, 0xe8, 0x7f, 0xbf, 0x0a, 0x92, 0x7f, 0xbf, 0xe6, 0x76, 0x7d, 0xbf,
  0x86, 0xb5, 0x79, 0xbf, 0x5c, 0x6f, 0x74, 0xbf, 0x75, 0xc8, 0x6d, 0xbf,
  0xbe, 0xe6, 0x65, 0xbf, 0x42, 0xf1, 0x5c, 0xbf, 0x81, 0x0f, 0x53, 0xbf,
  0xc4, 0x68, 0x48, 0xbf, 0x9a, 0x23, 0x3d, 0xbf, 0x4f, 0x65, 0x31, 0xbf,
  0x84, 0x51, 0x25, 0xbf, 0xd7, 0x09, 0x19, 0xbf, 0xa7, 0xad, 0x0c, 0xbf,
  0xd5, 0x59, 0x00, 0xbf, 0x65, 0x51, 0xe8, 0xbe, 0xe0, 0x63, 0xd0, 0xbe,
  0x31, 0x15, 0xb9, 0xbe, 0x43, 0x8a, 0xa2, 0xbe, 0x0b, 0xe3, 0x8c, 0xbe,
  0x77, 0x75, 0x70, 0xbe, 0x41, 0x50, 0x49, 0xbe, 0xe7, 0x7b, 0x24, 0xbe,
  0x6f, 0x16, 0x02, 0xbe, 0x7f, 0x6e, 0xc4, 0xbd, 0xe0, 0xdf, 0x89, 0xbd,
  0xd6, 0x33, 0x29, 0xbd, 0x86, 0xb3, 0x92, 0xbc, 0xab, 0xc9, 0x3b, 0x3b,
  0x03, 0x13, 0xac, 0x3c, 0xfc, 0x90, 0x15, 0x3d, 0xdc, 0x5e, 0x4a, 0x3d,
  0x08, 0x85, 0x74, 0x3d, 0x06, 0x0d, 0x8a, 0x3d, 0xfc, 0x9b, 0x94, 0x3d,
  0xc7, 0xfd, 0x99, 0x3d, 0xe1, 0x41, 0x9a, 0x3d, 0xb4, 0x78, 0x95, 0x3d,
  0xa1, 0xb3, 0x8b, 0x3d, 0x32, 0x0a, 0x7a, 0x3d, 0xaa, 0x01, 0x53, 0x3d,
  0x55, 0x78, 0x22, 0x3d, 0xb4, 0x39, 0xd1, 0x3c, 0xda, 0x8a, 0x16, 0x3c,
  0xcc, 0xf2, 0x18, 0xbc, 0x3e, 0x82, 0xf5, 0xbc, 0x56, 0xa2, 0x57, 0xbd,
  0x95, 0x47, 0x9e, 0xbd, 0x3f, 0x96, 0xd4, 0xbd, 0x1e, 0x45, 0x07, 0xbe,
  0x5d, 0xf5, 0x25, 0xbe, 0x89, 0x3c, 0x46, 0xbe, 0x15, 0xf8, 0x67, 0xbe,
  0x32, 0x81, 0x85, 0xbe, 0x51, 0x99, 0x97, 0xbe, 0x83, 0x2e, 0xaa, 0xbe,
  0x6e, 0x29, 0xbd, 0xbe, 0x6e, 0x71, 0xd0, 0xbe, 0xb1, 0xec, 0xe3, 0xbe,
  0x6a, 0x80, 0xf7, 0xbe, 0x89, 0x88, 0x05, 0xbf, 0x4e, 0x41, 0x0f, 0xbf,
  0x5d, 0xdc, 0x18, 0xbf, 0x9f, 0x4b, 0x22, 0xbf, 0x24, 0x81, 0x2b, 0xbf,
  0x5f, 0x6f, 0x34, 0xbf, 0x3b, 0x09, 0x3d, 0xbf, 0x55, 0x42, 0x45, 0xbf,
  0x1a, 0x0f, 0x4d, 0xbf, 0xef, 0x64, 0x54, 0xbf, 0x50, 0x3a, 0x5b, 0xbf,
  0xf6, 0x86, 0x61, 0xbf, 0xeb, 0x43, 0x67, 0xbf, 0x9b, 0x6b, 0x6c, 0xbf,
  0xf1, 0xf9, 0x70, 0xbf, 0x51, 0xec, 0x74, 0xbf, 0xab, 0x41, 0x78, 0xbf,
  0x6d, 0xfa, 0x7a, 0xbf, 0x87, 0x18, 0x7d, 0xbf, 0x53, 0x9f, 0x7e, 0xbf,
  0x8d, 0x93, 0x7f, 0xbf, 0x36, 0xfb, 0x7f, 0xbf, 0x7b, 0xdd, 0x7f, 0xbf,
  0xa1, 0x42, 0x7f, 0xbf, 0xd2, 0x33, 0x7e, 0xbf, 0x0c, 0xbb, 0x7c, 0xbf,
  0xf7, 0xe2, 0x7a, 0xbf, 0xbf, 0xb6, 0x78, 0xbf, 0xf5, 0x41, 0x76, 0xbf,
  0x66, 0x90, 0x73, 0xbf, 0x03, 0xae, 0x70, 0xbf, 0xb7, 0xa6, 0x6d, 0xbf,
  0x4a, 0x86, 0x6a, 0xbf, 0x4d, 0x58, 0x67, 0xbf, 0xfc, 0x27, 0x64, 0xbf,
  0x24, 0x00, 0x61, 0xbf, 0x18, 0xeb, 0x5d, 0xbf, 0x95, 0xf2, 0x5a, 0xbf,
  0xbc, 0x1f, 0x58, 0xbf, 0x05, 0x7b, 0x55, 0xbf, 0x30, 0x0c, 0x53, 0xbf,
  0x3f, 0xda, 0x50, 0xbf, 0x72, 0xeb, 0x4e, 0xbf, 0x3b, 0x45, 0x4d, 0xbf,
  0x41, 0xec, 0x4b, 0xbf, 0x5b, 0xe4, 0x4a, 0xbf, 0x86, 0x30, 0x4a, 0xbf,
  0xe9, 0xd2, 0x49, 0xbf, 0xd3, 0xcc, 0x49, 0xbf, 0xb1, 0x1e, 0x4a, 0xbf,
  0x15, 0xc8, 0x4a, 0xbf, 0xaa, 0xc7, 0x4b, 0xbf, 0x37, 0x1b, 0x4d, 0xbf,
  0x98, 0xbf, 0x4e, 0xbf, 0xbe, 0xb0, 0x50, 0xbf, 0xad, 0xe9, 0x52, 0xbf,
  0x77, 0x64, 0x55, 0xbf, 0x39, 0x1a, 0x58, 0xbf, 0x21, 0x03, 0x5b, 0xbf,
  0x6f, 0x16, 0x5e, 0xbf, 0x72, 0x4a, 0x61, 0xbf, 0x97, 0x94, 0x64, 0xbf,
  0x6c, 0xe9, 0x67, 0xbf, 0xac, 0x3c, 0x6b, 0xbf, 0x52, 0x81, 0x6e, 0xbf,
  0xaa, 0xa9, 0x71, 0xbf, 0x69, 0xa7, 0x74, 0xbf, 0xcc, 0x6b, 0x77, 0xbf,
  0xae, 0xe7, 0x79, 0xbf, 0xbb, 0x0b, 0x7c, 0xbf, 0x8d, 0xc8, 0x7d, 0xbf,
  0xd9, 0x0e, 0x7f, 0xbf, 0xa4, 0xcf, 0x7f, 0xbf, 0x6f, 0xfc, 0x7f, 0xbf,
  0x71, 0x87, 0x7f, 0xbf, 0xc2, 0x63, 0x7e, 0xbf, 0x9a, 0x85, 0x7c, 0xbf,
  0x7d, 0xe2, 0x79, 0xbf, 0x75, 0x71, 0x76, 0xbf, 0x34, 0x2b, 0x72, 0xbf,
  0x4b, 0x0a, 0x6d, 0xbf, 0x45, 0x0b, 0x67, 0xbf, 0xca, 0x2c, 0x60, 0xbf,
  0xb3, 0x6f, 0x58, 0xbf, 0x14, 0xd7, 0x4f, 0xbf, 0x48, 0x68, 0x46, 0xbf,
  0xe3, 0x2a, 0x3c, 0xbf, 0xab, 0x28, 0x31, 0xbf, 0x7a, 0x6d, 0x25, 0xbf,
  0x1b, 0x07, 0x19, 0xbf, 0x25, 0x05, 0x0c, 0xbf, 0x8a, 0xf1, 0xfc, 0xbe,
  0x02, 0xe9, 0xe0, 0xbe, 0xf2, 0x17, 0xc4, 0xbe, 0x4b, 0xa7, 0xa6, 0xbe,
  0x1c, 0xc1, 0x88, 0xbe, 0xf4, 0x1f, 0x55, 0xbe, 0xe9, 0x7c, 0x18, 0xbe,
  0xfd, 0xd9, 0xb7, 0xbd, 0xc4, 0x0e, 0xfe, 0xbc, 0x4c, 0xb1, 0xdd, 0x3c,
  0xb4, 0x61, 0xac, 0x3d, 0x0f, 0x69, 0x0f, 0x3e, 0x58, 0x1f, 0x47, 0x3e,
  0x87, 0x1a, 0x7d, 0x3e, 0x0c, 0x94, 0x98, 0x3e, 0x4d, 0x8e, 0xb1, 0x3e,
  0xe0, 0x69, 0xc9, 0x3e, 0x36, 0x18, 0xe0, 0x3e, 0x43, 0x8e, 0xf5, 0x3e,
  0x3b, 0xe2, 0x04, 0x3f, 0x3c, 0x5b, 0x0e, 0x3f, 0x7f, 0x31, 0x17, 0x3f,
  0xca, 0x65, 0x1f, 0x3f, 0x20, 0xfa, 0x26, 0x3f, 0x9f, 0xf1, 0x2d, 0x3f,
  0x54, 0x50, 0x34, 0x3f, 0x11, 0x1b, 0x3a, 0x3f, 0x3d, 0x57, 0x3f, 0x3f,
  0xa8, 0x0a, 0x44, 0x3f, 0x62, 0x3b, 0x48, 0x3f, 0x8f, 0xef, 0x4b, 0x3f,
  0x3b, 0x2d, 0x4f, 0x3f, 0x38, 0xfa, 0x51, 0x3f, 0xfb, 0x5b, 0x54, 0x3f,
  0x74, 0x57, 0x56, 0x3f, 0xf9, 0xf0, 0x57, 0x3f, 0x24, 0x2c, 0x59, 0x3f,
  0xc5, 0x0b, 0x5a, 0x3f, 0xc4, 0x91, 0x5a, 0x3f, 0x1a, 0xbf, 0x5a, 0x3f,
  0xc4, 0x93, 0x5a, 0x3f, 0xb3, 0x0e, 0x5a, 0x3f, 0xd3, 0x2d, 0x59, 0x3f,
  0x0d, 0xee, 0x57, 0x3f, 0x3b, 0x4b, 0x56, 0x3f, 0x47, 0x40, 0x54, 0x3f,
  0x29, 0xc7, 0x51, 0x3f, 0x07, 0xd9, 0x4e, 0x3f, 0x45, 0x6e, 0x4b, 0x3f,
  0xa3, 0x7e, 0x47, 0x3f, 0x6a, 0x01, 0x43, 0x3f, 0x8a, 0xed, 0x3d, 0x3f,
  0xd1, 0x39, 0x38, 0x3f, 0x1a, 0xdd, 0x31, 0x3f, 0x89, 0xce, 0x2a, 0x3f,
  0xcc, 0x05, 0x23, 0x3f, 0x57, 0x7b, 0x1a, 0x3f, 0xb0, 0x28, 0x11, 0x3f,
  0xb5, 0x08, 0x07, 0x3f, 0xcd, 0x2f, 0xf8, 0x3e, 0x5f, 0xa9, 0xe0, 0x3e,
  0x5e, 0x7f, 0xc7, 0x3e, 0xfc, 0xb7, 0xac, 0x3e, 0xdb, 0x5e, 0x90, 0x3e,
  0xe7, 0x0a, 0x65, 0x3e, 0xfc, 0x86, 0x26, 0x3e, 0xb3, 0xdc, 0xca, 0x3d,
  0xf2, 0x2a, 0x08, 0x3d, 0xf6, 0x32, 0x0d, 0xbd, 0x89, 0x67, 0xd4, 0xbd,
  0x46, 0x39, 0x32, 0xbe, 0x42, 0xe0, 0x7a, 0xbe, 0x6d, 0xd0, 0xa1, 0xbe,
  0xd3, 0xf4, 0xc5, 0xbe, 0xbd, 0x90, 0xe9, 0xbe, 0x54, 0x2a, 0x06, 0xbf,
  0xa1, 0xf7, 0x16, 0xbf, 0x4c, 0x07, 0x27, 0xbf, 0xb0, 0x30, 0x36, 0xbf,
  0x2e, 0x4c, 0x44, 0xbf, 0xce, 0x33, 0x51, 0xbf, 0xf9, 0xc3, 0x5c, 0xbf,
  0x17, 0xdc, 0x66, 0xbf, 0x2d, 0x5f, 0x6f, 0xbf, 0x6a, 0x34, 0x76, 0xbf,
  0xa7, 0x47, 0x7b, 0xbf, 0xc5, 0x89, 0x7e, 0xbf, 0x03, 0xf1, 0x7f, 0xbf,
  0x26, 0x79, 0x7f, 0xbf, 0x97, 0x23, 0x7d, 0xbf, 0x5a, 0xf7, 0x78, 0xbf,
  0xe7, 0x00, 0x73, 0xbf, 0xeb, 0x51, 0x6b, 0xbf, 0xf2, 0x00, 0x62, 0xbf,
  0xf0, 0x28, 0x57, 0xbf, 0xc2, 0xe8, 0x4a, 0xbf, 0x97, 0x62, 0x3d, 0xbf,
  0x48, 0xbb, 0x2e, 0xbf, 0xb8, 0x19, 0x1f, 0xbf, 0x1f, 0xa6, 0x0e, 0xbf,
  0xbf, 0x12, 0xfb, 0xbe, 0xc2, 0xd8, 0xd7, 0xbe, 0xd1, 0xee, 0xb3, 0xbe,
  0x1f, 0xa3, 0x8f, 0xbe, 0xda, 0x80, 0x56, 0xbe, 0x3f, 0x1a, 0x0e, 0xbe,
  0x2c, 0x2a, 0x8d, 0xbd, 0xa8, 0xf7, 0xd0, 0xb9, 0x91, 0x01, 0x88, 0x3d,
  0xf6, 0x48, 0x06, 0x3e, 0x9f, 0x1f, 0x46, 0x3e, 0xdd, 0xa0, 0x81, 0x3e,
  0xb3, 0xbc, 0x9e, 0x3e, 0xc1, 0x4e, 0xba, 0x3e, 0x8c, 0x48, 0xd4, 0x3e,
  0x38, 0xa1, 0xec, 0x3e, 0x8e, 0xaa, 0x01, 0x3f, 0xa0, 0x32, 0x0c, 0x3f,
  0x65, 0xeb, 0x15, 0x3f, 0x38, 0xd9, 0x1e, 0x3f, 0xee, 0x01, 0x27, 0x3f,
  0x96, 0x6c, 0x2e, 0x3f, 0x25, 0x21, 0x35, 0x3f, 0x3c, 0x28, 0x3b, 0x3f,
  0xe2, 0x8a, 0x40, 0x3f, 0x49, 0x52, 0x45, 0x3f, 0x99, 0x87, 0x49, 0x3f,
  0xbb, 0x33, 0x4d, 0x3f, 0x2f, 0x5f, 0x50, 0x3f, 0xe7, 0x11, 0x53, 0x3f,
  0x21, 0x53, 0x55, 0x3f, 0x51, 0x29, 0x57, 0x3f, 0x09, 0x9a, 0x58, 0x3f,
  0xe8, 0xa9, 0x59, 0x3f, 0x8d, 0x5c, 0x5a, 0x3f, 0x8f, 0xb4, 0x5a, 0x3f,
  0x7f, 0xb3, 0x5a, 0x3f, 0xe4, 0x59, 0x5a, 0x3f, 0x42, 0xa7, 0x59, 0x3f,
  0x27, 0x9a, 0x58, 0x3f, 0x36, 0x30, 0x57, 0x3f, 0x37, 0x66, 0x55, 0x3f,
  0x2e, 0x38, 0x53, 0x3f, 0x76, 0xa1, 0x50, 0x3f, 0xd6, 0x9c, 0x4d, 0x3f,
  0xa7, 0x24, 0x4a, 0x3f, 0xf9, 0x32, 0x46, 0x3f, 0xab, 0xc1, 0x41, 0x3f,
  0x9e, 0xca, 0x3c, 0x3f, 0xdf, 0x47, 0x37, 0x3f, 0xca, 0x33, 0x31, 0x3f,
  0x3f, 0x89, 0x2a, 0x3f, 0xc8, 0x43, 0x23, 0x3f, 0xca, 0x5f, 0x1b, 0x3f,
  0xb0, 0xda, 0x12, 0x3f, 0x11, 0xb3, 0x09, 0x3f, 0xb1, 0xd1, 0xff, 0x3e,
  0xd3, 0xfa, 0xea, 0x3e, 0x79, 0xe7, 0xd4, 0x3e, 0xed, 0xa0, 0xbd, 0x3e,
  0xf7, 0x33, 0xa5, 0x3e, 0xf0, 0xb0, 0x8b, 0x3e, 0xa1, 0x57, 0x62, 0x3e,
  0x2c, 0x78, 0x2b, 0x3e, 0xbe, 0xf2, 0xe5, 0x3d, 0x7c, 0x5e, 0x64, 0x3d,
  0x46, 0x5a, 0xf5, 0xba, 0x59, 0x17, 0x77, 0xbd, 0xcb, 0x5a, 0xf4, 0xbd,
  0x40, 0xd1, 0x36, 0xbe, 0x82, 0x5e, 0x73, 0xbe, 0x3f, 0xc0, 0x97, 0xbe,
  0xf4, 0x70, 0xb5, 0xbe, 0x04, 0x97, 0xd2, 0xbe, 0xd6, 0x08, 0xef, 0xbe,
  0x22, 0x4f, 0x05, 0xbf, 0x89, 0x98, 0x12, 0xbf, 0xc0, 0x4e, 0x1f, 0xbf,
  0x60, 0x61, 0x2b, 0xbf, 0xb1, 0xc1, 0x36, 0xbf, 0xda, 0x62, 0x41, 0xbf,
  0x07, 0x3a, 0x4b, 0xbf, 0x8c, 0x3e, 0x54, 0xbf, 0xef, 0x69, 0x5c, 0xbf,
  0xf6, 0xb7, 0x63, 0xbf, 0xae, 0x26, 0x6a, 0xbf, 0x58, 0xb6, 0x6f, 0xbf,
  0x5e, 0x69, 0x74, 0xbf, 0x36, 0x44, 0x78, 0xbf, 0x43, 0x4d, 0x7b, 0xbf,
  0xad, 0x8c, 0x7d, 0xbf, 0x33, 0x0c, 0x7f, 0xbf, 0xfe, 0xd6, 0x7f, 0xbf,
  0x6c, 0xf9, 0x7f, 0xbf, 0xd9, 0x80, 0x7f, 0xbf, 0x75, 0x7b, 0x7e, 0xbf,
  0x00, 0xf8, 0x7c, 0xbf, 0xa7, 0x05, 0x7b, 0xbf, 0xc1, 0xb3, 0x78, 0xbf,
  0xb7, 0x11, 0x76, 0xbf, 0xc7, 0x2e, 0x73, 0xbf, 0xea, 0x19, 0x70, 0xbf,
  0xa9, 0xe1, 0x6c, 0xbf, 0x0b, 0x94, 0x69, 0xbf, 0x6c, 0x3e, 0x66, 0xbf,
  0x73, 0xed, 0x62, 0xbf, 0xfe, 0xac, 0x5f, 0xbf, 0x11, 0x88, 0x5c, 0xbf,
  0xce, 0x88, 0x59, 0xbf, 0x6e, 0xb8, 0x56, 0xbf, 0x3f, 0x1f, 0x54, 0xbf,
  0x96, 0xc4, 0x51, 0xbf, 0xdc, 0xae, 0x4f, 0xbf, 0x88, 0xe3, 0x4d, 0xbf,
  0x1d, 0x67, 0x4c, 0xbf, 0x37, 0x3d, 0x4b, 0xbf, 0x83, 0x68, 0x4a, 0xbf,
  0xc4, 0xea, 0x49, 0xbf, 0xe1, 0xc4, 0x49, 0xbf, 0xd7, 0xf6, 0x49, 0xbf,
  0xc7, 0x7f, 0x4a, 0xbf, 0xf6, 0x5d, 0x4b, 0xbf, 0xd4, 0x8e, 0x4c, 0xbf,
  0xf3, 0x0e, 0x4e, 0xbf, 0x18, 0xda, 0x4f, 0xbf, 0x33, 0xeb, 0x51, 0xbf,
  0x69, 0x3c, 0x54, 0xbf, 0x1d, 0xc7, 0x56, 0xbf, 0xe7, 0x83, 0x59, 0xbf,
  0xae, 0x6a, 0x5c, 0xbf, 0xa5, 0x72, 0x5f, 0xbf, 0x59, 0x92, 0x62, 0xbf,
  0xc0, 0xbf, 0x65, 0xbf, 0x48, 0xf0, 0x68, 0xbf, 0xe9, 0x18, 0x6c, 0xbf,
  0x3d, 0x2e, 0x6f, 0xbf, 0x90, 0x24, 0x72, 0xbf, 0x07, 0xf0, 0x74, 0xbf,
  0xb0, 0x84, 0x77, 0xbf, 0xa7, 0xd6, 0x79, 0xbf, 0x3b, 0xda, 0x7b, 0xbf,
  0x07, 0x84, 0x7d, 0xbf, 0x1c, 0xc9, 0x7e, 0xbf, 0x25, 0x9f, 0x7f, 0xbf,
  0x87, 0xfc, 0x7f, 0xbf, 0x87, 0xd8, 0x7f, 0xbf, 0x6a, 0x2b, 0x7f, 0xbf,
  0x93, 0xee, 0x7d, 0xbf, 0xa2, 0x1c, 0x7c, 0xbf, 0x89, 0xb1, 0x79, 0xbf,
  0xa1, 0xaa, 0x76, 0xbf, 0xba, 0x06, 0x73, 0xbf, 0x24, 0xc6, 0x6e, 0xbf,
  0xb5, 0xea, 0x69, 0xbf, 0xc9, 0x77, 0x64, 0xbf, 0x32, 0x72, 0x5e, 0xbf,
  0x3a, 0xe0, 0x57, 0xbf, 0x81, 0xc9, 0x50, 0xbf, 0xf3, 0x36, 0x49, 0xbf,
  0xa0, 0x32, 0x41, 0xbf, 0xa3, 0xc7, 0x38, 0xbf, 0x00, 0x02, 0x30, 0xbf,
  0x76, 0xee, 0x26, 0xbf, 0x59, 0x9a, 0x1d, 0xbf, 0x6e, 0x13, 0x14, 0xbf,
  0xbe, 0x67, 0x0a, 0xbf, 0x70, 0xa5, 0x00, 0xbf, 0x34, 0xb5, 0xed, 0xbe,
  0x4e, 0x2a, 0xda, 0xbe, 0x63, 0xc5, 0xc6, 0xbe, 0xc3, 0xa0, 0xb3, 0xbe,
  0xb3, 0xd5, 0xa0, 0xbe, 0x36, 0x7c, 0x8e, 0xbe, 0xe3, 0x55, 0x79, 0xbe,
  0x0f, 0xee, 0x56, 0xbe, 0x2d, 0xe8, 0x35, 0xbe, 0x57, 0x68, 0x16, 0xbe,
  0xff, 0x1e, 0xf1, 0xbd, 0xf1, 0xf6, 0xb8, 0xbd, 0x5f, 0x8e, 0x84, 0xbd,
  0xfa, 0x2a, 0x28, 0xbd, 0x30, 0xdd, 0x9e, 0xbc, 0xc1, 0xd2, 0x4b, 0x39,
  0x5b, 0x80, 0x90, 0x3c, 0xc6, 0xb1, 0x06, 0x3d, 0x49, 0xea, 0x3b, 0x3d,
  0xc7, 0xb8, 0x67, 0x3d, 0x59, 0xf8, 0x84, 0x3d, 0x87, 0x34, 0x91, 0x3d,
  0xe3, 0x7d, 0x98, 0x3d, 0x89, 0xc2, 0x9a, 0x3d, 0x95, 0xf1, 0x97, 0x3d,
  0x14, 0xfb, 0x8f, 0x3d, 0x10, 0xd0, 0x82, 0x3d, 0x98, 0xc5, 0x60, 0x3d,
  0x21, 0x4e, 0x31, 0x3d, 0xb1, 0x4a, 0xee, 0x3c, 0xbf, 0xf0, 0x48, 0x3c,
  0x05, 0xac, 0xeb, 0xbb, 0x4a, 0xde, 0xef, 0xbc, 0x37, 0x25, 0x5d, 0xbd,
  0x71, 0x7f, 0xa6, 0xbd, 0xa3, 0xa9, 0xe3, 0xbd, 0xb0, 0xf9, 0x12, 0xbe,
  0xe9, 0x99, 0x36, 0xbe, 0xea, 0x9a, 0x5c, 0xbe, 0x7e, 0x6d, 0x82, 0xbe,
  0x63, 0x98, 0x97, 0xbe, 0x27, 0xb5, 0xad, 0xbe, 0x40, 0xa6, 0xc4, 0xbe,
  0x4c, 0x49, 0xdc, 0xbe, 0xc7, 0x76, 0xf4, 0xbe, 0xfd, 0x80, 0x06, 0xbf,
  0x72, 0xdc, 0x12, 0xbf, 0x27, 0x32, 0x1f, 0xbf, 0xf2, 0x63, 0x2b, 0xbf,
  0x54, 0x51, 0x37, 0xbf, 0x9f, 0xd7, 0x42, 0xbf, 0x52, 0xd2, 0x4d, 0xbf,
  0x72, 0x1b, 0x58, 0xbf, 0x02, 0x8c, 0x61, 0xbf, 0x88, 0xfc, 0x69, 0xbf,
  0xab, 0x45, 0x71, 0xbf, 0xd8, 0x40, 0x77, 0xbf, 0xf8, 0xc8, 0x7b, 0xbf,
  0x37, 0xbb, 0x7e, 0xbf, 0xbb, 0xf7, 0x7f, 0xbf, 0x77, 0x62, 0x7f, 0xbf,
  0xe5, 0xe3, 0x7c, 0xbf, 0xbb, 0x69, 0x78, 0xbf, 0x9c, 0xe7, 0x71, 0xbf,
  0x9b, 0x57, 0x69, 0xbf, 0xc2, 0xba, 0x5e, 0xbf, 0x5e, 0x19, 0x52, 0xbf,
  0x38, 0x83, 0x43, 0xbf, 0xa1, 0x0f, 0x33, 0xbf, 0x52, 0xdd, 0x20, 0xbf,
  0x2a, 0x12, 0x0d, 0xbf, 0x6c, 0xb5, 0xef, 0xbe, 0x2d, 0xd3, 0xc2, 0xbe,
  0x88, 0xed, 0x93, 0xbe, 0x7c, 0xfa, 0x46, 0xbe, 0xd8, 0x07, 0xc8, 0xbd,
  0x13, 0xd3, 0x88, 0xa7, 0x00, 0x00, 0x00, 0x00, 0xcd, 0x0c, 0x82, 0x3d,
  0x3f, 0xb1, 0x01, 0x3e, 0x3c, 0xa6, 0x41, 0x3e, 0xdc, 0x46, 0x80, 0x3e,
  0xdc, 0x09, 0x9f, 0x3e, 0x9f, 0xf4, 0xbc, 0x3e, 0x9b, 0xe2, 0xd9, 0x3e,
  0xb3, 0xb2, 0xf5, 0x3e, 0xc8, 0x23, 0x08, 0x3f, 0xfb, 0xc3, 0x14, 0x3f,
  0x7c, 0xaf, 0x20, 0x3f, 0x0f, 0xde, 0x2b, 0x3f, 0xb7, 0x49, 0x36, 0x3f,
  0xb6, 0xee, 0x3f, 0x3f, 0x7c, 0xcb, 0x48, 0x3f, 0x92, 0xe0, 0x50, 0x3f,
  0x84, 0x30, 0x58, 0x3f, 0xb0, 0xbf, 0x5e, 0x3f, 0x23, 0x94, 0x64, 0x3f,
  0x6a, 0xb5, 0x69, 0x3f, 0x5e, 0x2c, 0x6e, 0x3f, 0xf3, 0x02, 0x72, 0x3f,
  0x01, 0x44, 0x75, 0x3f, 0x11, 0xfb, 0x77, 0x3f, 0x24, 0x34, 0x7a, 0x3f,
  0x89, 0xfb, 0x7b, 0x3f, 0xad, 0x5d, 0x7d, 0x3f, 0xe6, 0x66, 0x7e, 0x3f,
  0x57, 0x23, 0x7f, 0x3f, 0xc0, 0x9e, 0x7f, 0x3f, 0x65, 0xe4, 0x7f, 0x3f,
  0xeb, 0xfe, 0x7f, 0x3f, 0x46, 0xf8, 0x7f, 0x3f, 0x99, 0xd9, 0x7f, 0x3f,
  0x2f, 0xab, 0x7f, 0x3f, 0x67, 0x74, 0x7f, 0x3f, 0xa9, 0x3b, 0x7f, 0x3f,
  0x5e, 0x06, 0x7f, 0x3f, 0xed, 0xd8, 0x7e, 0x3f, 0xb4, 0xb6, 0x7e, 0x3f,
  0x06, 0xa2, 0x7e, 0x3f, 0x33, 0x9c, 0x7e, 0x3f, 0x83, 0xa5, 0x7e, 0x3f,
  0x41, 0xbd, 0x7e, 0x3f, 0xbd, 0xe1, 0x7e, 0x3f, 0x59, 0x10, 0x7f, 0x3f,
  0x8d, 0x45, 0x7f, 0x3f, 0xfb, 0x7c, 0x7f, 0x3f, 0x76, 0xb1, 0x7f, 0x3f,
  0x15, 0xdd, 0x7f, 0x3f, 0x45, 0xf9, 0x7f, 0x3f, 0xda, 0xfe, 0x7f, 0x3f,
  0x29, 0xe6, 0x7f, 0x3f, 0x1b, 0xa7, 0x7f, 0x3f, 0x4f, 0x39, 0x7f, 0x3f,
  0x25, 0x94, 0x7e, 0x3f, 0xef, 0xae, 0x7d, 0x3f, 0x02, 0x81, 0x7c, 0x3f,
  0xda, 0x01, 0x7b, 0x3f, 0x3b, 0x29, 0x79, 0x3f, 0x50, 0xef, 0x76, 0x3f,
  0xcc, 0x4c, 0x74, 0x3f, 0x06, 0x3b, 0x71, 0x3f, 0x24, 0xb4, 0x6d, 0x3f,
  0x29, 0xb3, 0x69, 0x3f, 0x12, 0x34, 0x65, 0x3f, 0xf7, 0x33, 0x60, 0x3f,
  0x11, 0xb1, 0x5a, 0x3f, 0xd3, 0xaa, 0x54, 0x3f, 0xf3, 0x21, 0x4e, 0x3f,
  0x69, 0x18, 0x47, 0x3f, 0x7d, 0x91, 0x3f, 0x3f, 0xb6, 0x91, 0x37, 0x3f,
  0xd8, 0x1e, 0x2f, 0x3f, 0xd5, 0x3f, 0x26, 0x3f, 0xb3, 0xfc, 0x1c, 0x3f,
  0x7e, 0x5e, 0x13, 0x3f, 0x27, 0x6f, 0x09, 0x3f, 0xc6, 0x72, 0xfe, 0x3e,
  0x15, 0x91, 0xe9, 0x3e, 0xed, 0x50, 0xd4, 0x3e, 0xb2, 0xca, 0xbe, 0x3e,
  0x39, 0x17, 0xa9, 0x3e, 0x6b, 0x4f, 0x93, 0x3e, 0x11, 0x18, 0x7b, 0x3e,
  0xc2, 0xca, 0x4f, 0x3e, 0x19, 0xe6, 0x24, 0x3e, 0xf9, 0x2e, 0xf5, 0x3d,
  0x05, 0x14, 0xa2, 0x3d, 0xa7, 0x98, 0x21, 0x3d, 0xaa, 0x8d, 0x51, 0x3a,
  0x47, 0x45, 0x16, 0xbd, 0x6a, 0x46, 0x95, 0xbd, 0x67, 0x90, 0xdc, 0xbd,
  0xbb, 0x67, 0x10, 0xbe, 0x96, 0xec, 0x30, 0xbe, 0xb4, 0xc4, 0x4f, 0xbe,
  0x24, 0xe1, 0x6c, 0xbe, 0xe5, 0x1a, 0x84, 0xbe, 0x9f, 0xdc, 0x90, 0xbe,
  0x3b, 0xb2, 0x9c, 0xbe, 0x41, 0x99, 0xa7, 0xbe, 0x2a, 0x90, 0xb1, 0xbe,
  0x30, 0x96, 0xba, 0xbe, 0x29, 0xab, 0xc2, 0xbe, 0x6e, 0xcf, 0xc9, 0xbe,
  0xa5, 0x03, 0xd0, 0xbe, 0xad, 0x48, 0xd5, 0xbe, 0x83, 0x9f, 0xd9, 0xbe,
  0x18, 0x09, 0xdd, 0xbe, 0x4d, 0x86, 0xdf, 0xbe, 0xd7, 0x17, 0xe1, 0xbe,
  0x2b, 0xbe, 0xe1, 0xbe, 0x87, 0x79, 0xe1, 0xbe, 0xdf, 0x49, 0xe0, 0xbe,
  0xe7, 0x2e, 0xde, 0xbe, 0x12, 0x28, 0xdb, 0xbe, 0xa1, 0x34, 0xd7, 0xbe,
  0xb6, 0x53, 0xd2, 0xbe, 0x62, 0x84, 0xcc, 0xbe, 0xbb, 0xc5, 0xc5, 0xbe,
  0x06, 0x17, 0xbe, 0xbe, 0xbe, 0x77, 0xb5, 0xbe, 0xd1, 0xe7, 0xab, 0xbe,
  0xa9, 0x67, 0xa1, 0xbe, 0x64, 0xf8, 0x95, 0xbe, 0xec, 0x9b, 0x89, 0xbe,
  0x51, 0xaa, 0x78, 0xbe, 0x20, 0x50, 0x5c, 0xbe, 0xc1, 0x33, 0x3e, 0xbe,
  0x42, 0x62, 0x1e, 0xbe, 0x5c, 0xd7, 0xf9, 0xbd, 0x26, 0xc6, 0xb3, 0xbd,
  0xec, 0x7a, 0x55, 0xbd, 0xb9, 0x82, 0x77, 0xbc, 0x51, 0x9e, 0xbd, 0x3c,
  0x2d, 0x0a, 0x80, 0x3d, 0x05, 0xb1, 0xd2, 0x3d, 0xd2, 0x87, 0x13, 0x3e,
  0x12, 0x6a, 0x3e, 0x3e, 0xc5, 0xd3, 0x69, 0x3e, 0xab, 0xcb, 0x8a, 0x3e,
  0xae, 0xc2, 0xa0, 0x3e, 0x9a, 0xb6, 0xb6, 0x3e, 0xaf, 0x8e, 0xcc, 0x3e,
  0x0d, 0x32, 0xe2, 0x3e, 0xe6, 0x87, 0xf7, 0x3e, 0xed, 0x3b, 0x06, 0x3f,
  0x1d, 0x75, 0x10, 0x3f, 0x20, 0x64, 0x1a, 0x3f, 0x31, 0xfe, 0x23, 0x3f,
  0x45, 0x39, 0x2d, 0x3f, 0x2c, 0x0c, 0x36, 0x3f, 0xa5, 0x6e, 0x3e, 0x3f,
  0x7c, 0x59, 0x46, 0x3f, 0x95, 0xc6, 0x4d, 0x3f, 0x05, 0xb1, 0x54, 0x3f,
  0x0f, 0x15, 0x5b, 0x3f, 0x2f, 0xf0, 0x60, 0x3f, 0x20, 0x41, 0x66, 0x3f,
  0xcd, 0x07, 0x6b, 0x3f, 0x54, 0x45, 0x6f, 0x3f, 0xed, 0xfb, 0x72, 0x3f,
  0xe9, 0x2e, 0x76, 0x3f, 0x91, 0xe2, 0x78, 0x3f, 0x18, 0x1c, 0x7b, 0x3f,
  0x81, 0xe1, 0x7c, 0x3f, 0x87, 0x39, 0x7e, 0x3f, 0x7e, 0x2b, 0x7f, 0x3f,
  0x3d, 0xbf, 0x7f, 0x3f, 0xf9, 0xfc, 0x7f, 0x3f, 0x36, 0xed, 0x7f, 0x3f,
  0xa1, 0x98, 0x7f, 0x3f, 0x01, 0x08, 0x7f, 0x3f, 0x12, 0x44, 0x7e, 0x3f,
  0x7b, 0x55, 0x7d, 0x3f, 0xb0, 0x44, 0x7c, 0x3f, 0xe0, 0x19, 0x7b, 0x3f,
  0xef, 0xdc, 0x79, 0x3f, 0x51, 0x95, 0x78, 0x3f, 0x17, 0x4a, 0x77, 0x3f,
  0xcf, 0x01, 0x76, 0x3f, 0x86, 0xc2, 0x74, 0x3f, 0xbe, 0x91, 0x73, 0x3f,
  0x68, 0x74, 0x72, 0x3f, 0xdf, 0x6e, 0x71, 0x3f, 0xea, 0x84, 0x70, 0x3f,
  0xb5, 0xb9, 0x6f, 0x3f, 0xd5, 0x0f, 0x6f, 0x3f, 0x47, 0x89, 0x6e, 0x3f,
  0x79, 0x27, 0x6e, 0x3f, 0x3d, 0xeb, 0x6d, 0x3f, 0xe1, 0xd4, 0x6d, 0x3f,
  0x22, 0xe4, 0x6d, 0x3f, 0x41, 0x18, 0x6e, 0x3f, 0xfd, 0x6f, 0x6e, 0x3f,
  0x9e, 0xe9, 0x6e, 0x3f, 0xff, 0x82, 0x6f, 0x3f, 0x93, 0x39, 0x70, 0x3f,
  0x70, 0x0a, 0x71, 0x3f, 0x56, 0xf2, 0x71, 0x3f, 0xba, 0xed, 0x72, 0x3f,
  0xd0, 0xf8, 0x73, 0x3f, 0x98, 0x0f, 0x75, 0x3f, 0xe8, 0x2d, 0x76, 0x3f,
  0x79, 0x4f, 0x77, 0x3f, 0xf1, 0x6f, 0x78, 0x3f, 0xf1, 0x8a, 0x79, 0x3f,
  0x22, 0x9c, 0x7a, 0x3f, 0x45, 0x9f, 0x7b, 0x3f, 0x36, 0x90, 0x7c, 0x3f,
  0x06, 0x6b, 0x7d, 0x3f, 0xfa, 0x2b, 0x7e, 0x3f, 0xa0, 0xcf, 0x7e, 0x3f,
  0xd6, 0x52, 0x7f, 0x3f, 0xd1, 0xb2, 0x7f, 0x3f, 0x31, 0xed, 0x7f, 0x3f,
  0xf8, 0xff, 0x7f, 0x3f, 0xa0, 0xe9, 0x7f, 0x3f, 0x16, 0xa9, 0x7f, 0x3f,
  0xc4, 0x3d, 0x7f, 0x3f, 0x8e, 0xa7, 0x7e, 0x3f, 0xdb, 0xe6, 0x7d, 0x3f,
  0x89, 0xfc, 0x7c, 0x3f, 0xf4, 0xe9, 0x7b, 0x3f, 0xea, 0xb0, 0x7a, 0x3f,
  0xae, 0x53, 0x79, 0x3f, 0xec, 0xd4, 0x77, 0x3f, 0xb3, 0x37, 0x76, 0x3f,
  0x6a, 0x7f, 0x74, 0x3f, 0xcb, 0xaf, 0x72, 0x3f, 0xd4, 0xcc, 0x70, 0x3f,
  0xba, 0xda, 0x6e, 0x3f, 0xe6, 0xdd, 0x6c, 0x3f, 0xe4, 0xda, 0x6a, 0x3f,
  0x51, 0xd6, 0x68, 0x3f, 0xdb, 0xd4, 0x66, 0x3f, 0x2e, 0xdb, 0x64, 0x3f,
  0xe7, 0xed, 0x62, 0x3f, 0x93, 0x11, 0x61, 0x3f, 0x95, 0x4a, 0x5f, 0x3f,
  0x2e, 0x9d, 0x5d, 0x3f, 0x60, 0x0d, 0x5c, 0x3f, 0xf7, 0x9e, 0x5a, 0x3f,
  0x75, 0x55, 0x59, 0x3f, 0x10, 0x34, 0x58, 0x3f, 0xac, 0x3d, 0x57, 0x3f,
  0xd0, 0x74, 0x56, 0x3f, 0xa1, 0xdb, 0x55, 0x3f, 0xe4, 0x73, 0x55, 0x3f,
  0xf0, 0x3e, 0x55, 0x3f, 0xb3, 0x3d, 0x55, 0x3f, 0xa7, 0x70, 0x55, 0x3f,
  0xd2, 0xd7, 0x55, 0x3f, 0xc4, 0x72, 0x56, 0x3f, 0x98, 0x40, 0x57, 0x3f,
  0xf0, 0x3f, 0x58, 0x3f, 0xf0, 0x6e, 0x59, 0x3f, 0x46, 0xcb, 0x5a, 0x3f,
  0x28, 0x52, 0x5c, 0x3f, 0x54, 0x00, 0x5e, 0x3f, 0x13, 0xd2, 0x5f, 0x3f,
  0x3e, 0xc3, 0x61, 0x3f, 0x41, 0xcf, 0x63, 0x3f, 0x21, 0xf1, 0x65, 0x3f,
  0x82, 0x23, 0x68, 0x3f, 0xaf, 0x60, 0x6a, 0x3f, 0xa7, 0xa2, 0x6c, 0x3f,
  0x21, 0xe3, 0x6e, 0x3f, 0x9a, 0x1b, 0x71, 0x3f, 0x63, 0x45, 0x73, 0x3f,
  0xb2, 0x59, 0x75, 0x3f, 0xad, 0x51, 0x77, 0x3f, 0x76, 0x26, 0x79, 0x3f,
  0x47, 0xd1, 0x7a, 0x3f, 0x7e, 0x4b, 0x7c, 0x3f, 0xab, 0x8e, 0x7d, 0x3f,
  0xa9, 0x94, 0x7e, 0x3f, 0xaf, 0x57, 0x7f, 0x3f, 0x5c, 0xd2, 0x7f, 0x3f,
  0xd3, 0xff, 0x7f, 0x3f, 0xbf, 0xdb, 0x7f, 0x3f, 0x6a, 0x62, 0x7f, 0x3f,
  0xc8, 0x90, 0x7e, 0x3f, 0x87, 0x64, 0x7d, 0x3f, 0x0f, 0xdc, 0x7b, 0x3f,
  0x93, 0xf6, 0x79, 0x3f, 0x10, 0xb4, 0x77, 0x3f, 0x54, 0x15, 0x75, 0x3f,
  0xf9, 0x1b, 0x72, 0x3f, 0x65, 0xca, 0x6e, 0x3f, 0xc6, 0x23, 0x6b, 0x3f,
  0x06, 0x2c, 0x67, 0x3f, 0xc8, 0xe7, 0x62, 0x3f, 0x50, 0x5c, 0x5e, 0x3f,
  0x84, 0x8f, 0x59, 0x3f, 0xcc, 0x87, 0x54, 0x3f, 0x0f, 0x4c, 0x4f, 0x3f,
  0x99, 0xe3, 0x49, 0x3f, 0x07, 0x56, 0x44, 0x3f, 0x3a, 0xab, 0x3e, 0x3f,
  0x3e, 0xeb, 0x38, 0x3f, 0x3a, 0x1e, 0x33, 0x3f, 0x5c, 0x4c, 0x2d, 0x3f,
  0xc8, 0x7d, 0x27, 0x3f, 0x86, 0xba, 0x21, 0x3f, 0x7b, 0x0a, 0x1c, 0x3f,
  0x4c, 0x75, 0x16, 0x3f, 0x5e, 0x02, 0x11, 0x3f, 0xc8, 0xb8, 0x0b, 0x3f,
  0x4b, 0x9f, 0x06, 0x3f, 0x41, 0xbc, 0x01, 0x3f, 0x53, 0x2b, 0xfa, 0x3e,
  0x28, 0x62, 0xf1, 0x3e, 0x4b, 0x27, 0xe9, 0x3e, 0x25, 0x84, 0xe1, 0x3e,
  0x48, 0x81, 0xda, 0x3e, 0x5d, 0x26, 0xd4, 0x3e, 0x38, 0x7a, 0xce, 0x3e,
  0xce, 0x82, 0xc9, 0x3e, 0x3b, 0x45, 0xc5, 0x3e, 0xc5, 0xc5, 0xc1, 0x3e,
  0xe8, 0x07, 0xbf, 0x3e, 0x49, 0x0e, 0xbd, 0x3e, 0xc3, 0xda, 0xbb, 0x3e,
  0x6b, 0x6e, 0xbb, 0x3e, 0x8d, 0xc9, 0xbb, 0x3e, 0xab, 0xeb, 0xbc, 0x3e,
  0x84, 0xd3, 0xbe, 0x3e, 0x05, 0x7f, 0xc1, 0x3e, 0x54, 0xeb, 0xc4, 0x3e,
  0xcc, 0x14, 0xc9, 0x3e, 0xf3, 0xf6, 0xcd, 0x3e, 0x7c, 0x8c, 0xd3, 0x3e,
  0x46, 0xcf, 0xd9, 0x3e, 0x50, 0xb8, 0xe0, 0x3e, 0xc4, 0x3f, 0xe8, 0x3e,
  0xf1, 0x5c, 0xf0, 0x3e, 0x40, 0x06, 0xf9, 0x3e, 0xaa, 0x18, 0x01, 0x3f,
  0x76, 0xe9, 0x05, 0x3f, 0x85, 0xef, 0x0a, 0x3f, 0x73, 0x24, 0x10, 0x3f,
  0x89, 0x81, 0x15, 0x3f, 0xb5, 0xff, 0x1a, 0x3f, 0xaa, 0x97, 0x20, 0x3f,
  0xd6, 0x41, 0x26, 0x3f, 0x7f, 0xf6, 0x2b, 0x3f, 0xcb, 0xad, 0x31, 0x3f,
  0xd1, 0x5f, 0x37, 0x3f, 0xaa, 0x04, 0x3d, 0x3f, 0x83, 0x94, 0x42, 0x3f,
  0xb5, 0x07, 0x48, 0x3f, 0xd2, 0x56, 0x4d, 0x3f, 0xbc, 0x7a, 0x52, 0x3f,
  0xb9, 0x6c, 0x57, 0x3f, 0x7f, 0x26, 0x5c, 0x3f, 0x55, 0xa2, 0x60, 0x3f,
  0x11, 0xdb, 0x64, 0x3f, 0x36, 0xcc, 0x68, 0x3f, 0xf8, 0x71, 0x6c, 0x3f,
  0x45, 0xc9, 0x6f, 0x3f, 0xde, 0xcf, 0x72, 0x3f, 0x43, 0x84, 0x75, 0x3f,
  0xce, 0xe5, 0x77, 0x3f, 0xa5, 0xf4, 0x79, 0x3f, 0xb8, 0xb1, 0x7b, 0x3f,
  0xc6, 0x1e, 0x7d, 0x3f, 0x4b, 0x3e, 0x7e, 0x3f, 0x78, 0x13, 0x7f, 0x3f,
  0x29, 0xa2, 0x7f, 0x3f, 0xd3, 0xee, 0x7f, 0x3f, 0x79, 0xfe, 0x7f, 0x3f,
  0x95, 0xd6, 0x7f, 0x3f, 0x05, 0x7d, 0x7f, 0x3f, 0xfb, 0xf7, 0x7e, 0x3f,
  0xe7, 0x4d, 0x7e, 0x3f, 0x5e, 0x85, 0x7d, 0x3f, 0x11, 0xa5, 0x7c, 0x3f,
  0xaa, 0xb3, 0x7b, 0x3f, 0xc3, 0xb7, 0x7a, 0x3f, 0xce, 0xb7, 0x79, 0x3f,
  0x04, 0xba, 0x78, 0x3f, 0x54, 0xc4, 0x77, 0x3f, 0x4e, 0xdc, 0x76, 0x3f,
  0x1c, 0x07, 0x76, 0x3f, 0x6b, 0x49, 0x75, 0x3f, 0x63, 0xa7, 0x74, 0x3f,
  0x97, 0x24, 0x74, 0x3f, 0xfd, 0xc3, 0x73, 0x3f, 0xe3, 0x87, 0x73, 0x3f,
  0xdf, 0x71, 0x73, 0x3f, 0xd4, 0x82, 0x73, 0x3f, 0xdc, 0xba, 0x73, 0x3f,
  0x4a, 0x19, 0x74, 0x3f, 0xa5, 0x9c, 0x74, 0x3f, 0x9c, 0x42, 0x75, 0x3f,
  0x09, 0x08, 0x76, 0x3f, 0xee, 0xe8, 0x76, 0x3f, 0x73, 0xe0, 0x77, 0x3f,
  0xe7, 0xe8, 0x78, 0x3f, 0xc6, 0xfb, 0x79, 0x3f, 0xb9, 0x11, 0x7b, 0x3f,
  0x9e, 0x22, 0x7c, 0x3f, 0x98, 0x25, 0x7d, 0x3f, 0x12, 0x11, 0x7e, 0x3f,
  0xda, 0xda, 0x7e, 0x3f, 0x27, 0x78, 0x7f, 0x3f, 0xb8, 0xdd, 0x7f, 0x3f,
  0xee, 0xff, 0x7f, 0x3f, 0xe1, 0xd2, 0x7f, 0x3f, 0x88, 0x4a, 0x7f, 0x3f,
  0xda, 0x5a, 0x7e, 0x3f, 0xf3, 0xf7, 0x7c, 0x3f, 0x3c, 0x16, 0x7b, 0x3f,
  0x99, 0xaa, 0x78, 0x3f, 0x91, 0xaa, 0x75, 0x3f, 0x7c, 0x0c, 0x72, 0x3f,
  0xb4, 0xc7, 0x6d, 0x3f, 0xbb, 0xd4, 0x68, 0x3f, 0x60, 0x2d, 0x63, 0x3f,
  0xf5, 0xcc, 0x5c, 0x3f, 0x61, 0xb0, 0x55, 0x3f, 0x49, 0xd6, 0x4d, 0x3f,
  0x22, 0x3f, 0x45, 0x3f, 0x43, 0xed, 0x3b, 0x3f, 0xf4, 0xe4, 0x31, 0x3f,
  0x67, 0x2c, 0x27, 0x3f, 0xba, 0xcb, 0x1b, 0x3f, 0xe5, 0xcc, 0x0f, 0x3f,
  0xa1, 0x3b, 0x03, 0x3f, 0x9b, 0x4a, 0xec, 0x3e, 0x84, 0x31, 0xd1, 0x3e,
  0x52, 0x4c, 0xb5, 0x3e, 0x88, 0xbd, 0x98, 0x3e, 0xcd, 0x52, 0x77, 0x3e,
  0xe4, 0x6a, 0x3c, 0x3e, 0xec, 0x0f, 0x01, 0x3e, 0xdf, 0x1d, 0x8b, 0x3d,
  0x3a, 0x47, 0x23, 0x3c, 0x40, 0xd2, 0x42, 0xbd, 0x47, 0xc7, 0xd5, 0xbd,
  0xba, 0x13, 0x24, 0xbe, 0xf9, 0x03, 0x5c, 0xbe, 0x43, 0x3c, 0x89, 0xbe,
  0x87, 0x9d, 0xa3, 0xbe, 0xa4, 0x0d, 0xbd, 0xbe, 0xae, 0x77, 0xd5, 0xbe,
  0x13, 0xca, 0xec, 0xbe, 0x53, 0x7b, 0x01, 0xbf, 0x4c, 0xf9, 0x0b, 0xbf,
  0x3f, 0xdb, 0x15, 0xbf, 0x0e, 0x1f, 0x1f, 0xbf, 0x25, 0xc4, 0x27, 0xbf,
  0x62, 0xcb, 0x2f, 0xbf, 0xea, 0x36, 0x37, 0xbf, 0x16, 0x0a, 0x3e, 0xbf,
  0x47, 0x49, 0x44, 0xbf, 0xb7, 0xf9, 0x49, 0xbf, 0x61, 0x21, 0x4f, 0xbf,
  0xcb, 0xc6, 0x53, 0xbf, 0xde, 0xf0, 0x57, 0xbf, 0xc9, 0xa6, 0x5b, 0xbf,
  0xcc, 0xef, 0x5e, 0xbf, 0x24, 0xd3, 0x61, 0xbf, 0xda, 0x57, 0x64, 0xbf,
  0xaf, 0x84, 0x66, 0xbf, 0xfe, 0x5f, 0x68, 0xbf, 0x99, 0xef, 0x69, 0xbf,
  0xc4, 0x38, 0x6b, 0xbf, 0x13, 0x40, 0x6c, 0xbf, 0x65, 0x09, 0x6d, 0xbf,
  0xd1, 0x97, 0x6d, 0xbf, 0xa1, 0xed, 0x6d, 0xbf, 0x4a, 0x0c, 0x6e, 0xbf,
  0x66, 0xf4, 0x6d, 0xbf, 0xc2, 0xa5, 0x6d, 0xbf, 0x4e, 0x1f, 0x6d, 0xbf,
  0x33, 0x5f, 0x6c, 0xbf, 0xd2, 0x62, 0x6b, 0xbf, 0xd6, 0x26, 0x6a, 0xbf,
  0x48, 0xa7, 0x68, 0xbf, 0x92, 0xdf, 0x66, 0xbf, 0xa0, 0xca, 0x64, 0xbf,
  0xf7, 0x62, 0x62, 0xbf, 0xca, 0xa2, 0x5f, 0xbf, 0x18, 0x84, 0x5c, 0xbf,
  0xca, 0x00, 0x59, 0xbf, 0xd8, 0x12, 0x55, 0xbf, 0x62, 0xb4, 0x50, 0xbf,
  0xd6, 0xdf, 0x4b, 0xbf, 0x18, 0x90, 0x46, 0xbf, 0x9c, 0xc0, 0x40, 0xbf,
  0x8e, 0x6d, 0x3a, 0xbf, 0xf3, 0x93, 0x33, 0xbf, 0xbe, 0x31, 0x2c, 0xbf,
  0xfc, 0x45, 0x24, 0xbf, 0xe0, 0xd0, 0x1b, 0xbf, 0xd7, 0xd3, 0x12, 0xbf,
  0xa3, 0x51, 0x09, 0xbf, 0xb1, 0x9c, 0xfe, 0xbe, 0xd4, 0x9e, 0xe9, 0xbe,
  0x4b, 0xb7, 0xd3, 0xbe, 0x53, 0xf6, 0xbc, 0xbe, 0xba, 0x6e, 0xa5, 0xbe,
  0xa8, 0x35, 0x8d, 0xbe, 0xe5, 0xc4, 0x68, 0xbe, 0xb6, 0x1c, 0x36, 0xbe,
  0x80, 0xa8, 0x02, 0xbe, 0x65, 0x41, 0x9d, 0xbd, 0x4c, 0xfc, 0xd1, 0xbc,
  0x4c, 0xfc, 0xd1, 0x3c, 0x65, 0x41, 0x9d, 0x3d, 0x80, 0xa8, 0x02, 0x3e,
  0xb6, 0x1c, 0x36, 0x3e, 0xe5, 0xc4, 0x68, 0x3e, 0xa8, 0x35, 0x8d, 0x3e,
  0xba, 0x6e, 0xa5, 0x3e, 0x53, 0xf6, 0xbc, 0x3e, 0x4b, 0xb7, 0xd3, 0x3e,
  0xd4, 0x9e, 0xe9, 0x3e, 0xb1, 0x9c, 0xfe, 0x3e, 0xa3, 0x51, 0x09, 0x3f,
  0xd7, 0xd3, 0x12, 0x3f, 0xe0, 0xd0, 0x1b, 0x3f, 0xfc, 0x45, 0x24, 0x3f,
  0xbe, 0x31, 0x2c, 0x3f, 0xf3, 0x93, 0x33, 0x3f, 0x8e, 0x6d, 0x3a, 0x3f,
  0x9c, 0xc0, 0x40, 0x3f, 0x18, 0x90, 0x46, 0x3f, 0xd6, 0xdf, 0x4b, 0x3f,
  0x62, 0xb4, 0x50, 0x3f, 0xd8, 0x12, 0x55, 0x3f, 0xca, 0x00, 0x59, 0x3f,
  0x18, 0x84, 0x5c, 0x3f, 0xca, 0xa2, 0x5f, 0x3f, 0xf7, 0x62, 0x62, 0x3f,
  0xa0, 0xca, 0x64, 0x3f, 0x92, 0xdf, 0x66, 0x3f, 0x48, 0xa7, 0x68, 0x3f,
  0xd6, 0x26, 0x6a, 0x3f, 0xd2, 0x62, 0x6b, 0x3f, 0x33, 0x5f, 0x6c, 0x3f,
  0x4e, 0x1f, 0x6d, 0x3f, 0xc2, 0xa5, 0x6d, 0x3f, 0x66, 0xf4, 0x6d, 0x3f,
  0x4a, 0x0c, 0x6e, 0x3f, 0xa1, 0xed, 0x6d, 0x3f, 0xd1, 0x97, 0x6d, 0x3f,
  0x65, 0x09, 0x6d, 0x3f, 0x13, 0x40, 0x6c, 0x3f, 0xc4, 0x38, 0x6b, 0x3f,
  0x99, 0xef, 0x69, 0x3f, 0xfe, 0x5f, 0x68, 0x3f, 0xaf, 0x84, 0x66, 0x3f,
  0xda, 0x57, 0x64, 0x3f, 0x24, 0xd3, 0x61, 0x3f, 0xcc, 0xef, 0x5e, 0x3f,
  0xc9, 0xa6, 0x5b, 0x3f, 0xde, 0xf0, 0x57, 0x3f, 0xcb, 0xc6, 0x53, 0x3f,
  0x61, 0x21, 0x4f, 0x3f, 0xb7, 0xf9, 0x49, 0x3f, 0x47, 0x49, 0x44, 0x3f,
  0x16, 0x0a, 0x3e, 0x3f, 0xea, 0x36, 0x37, 0x3f, 0x62, 0xcb, 0x2f, 0x3f,
  0x25, 0xc4, 0x27, 0x3f, 0x0e, 0x1f, 0x1f, 0x3f, 0x3f, 0xdb, 0x15, 0x3f,
  0x4c, 0xf9, 0x0b, 0x3f, 0x53, 0x7b, 0x01, 0x3f, 0x13, 0xca, 0xec, 0x3e,
  0xae, 0x77, 0xd5, 0x3e, 0xa4, 0x0d, 0xbd, 0x3e, 0x87, 0x9d, 0xa3, 0x3e,
  0x43, 0x3c, 0x89, 0x3e, 0xf9, 0x03, 0x5c, 0x3e, 0xba, 0x13, 0x24, 0x3e,
  0x47, 0xc7, 0xd5, 0x3d, 0x40, 0xd2, 0x42, 0x3d, 0x3a, 0x47, 0x23, 0xbc,
  0xdf, 0x1d, 0x8b, 0xbd, 0xec, 0x0f, 0x01, 0xbe, 0xe4, 0x6a, 0x3c, 0xbe,
  0xcd, 0x52, 0x77, 0xbe, 0x88, 0xbd, 0x98, 0xbe, 0x52, 0x4c, 0xb5, 0xbe,
  0x84, 0x31, 0xd1, 0xbe, 0x9b, 0x4a, 0xec, 0xbe, 0xa1, 0x3b, 0x03, 0xbf,
  0xe5, 0xcc, 0x0f, 0xbf, 0xba, 0xcb, 0x1b, 0xbf, 0x67, 0x2c, 0x27, 0xbf,
  0xf4, 0xe4, 0x31, 0xbf, 0x43, 0xed, 0x3b, 0xbf, 0x22, 0x3f, 0x45, 0xbf,
  0x49, 0xd6, 0x4d, 0xbf, 0x61, 0xb0, 0x55, 0xbf, 0xf5, 0xcc, 0x5c, 0xbf,
  0x60, 0x2d, 0x63, 0xbf, 0xbb, 0xd4, 0x68, 0xbf, 0xb4, 0xc7, 0x6d, 0xbf,
  0x7c, 0x0c, 0x72, 0xbf, 0x91, 0xaa, 0x75, 0xbf, 0x99, 0xaa, 0x78, 0xbf,
  0x3c, 0x16, 0x7b, 0xbf, 0xf3, 0xf7, 0x7c, 0xbf, 0xda, 0x5a, 0x7e, 0xbf,
  0x88, 0x4a, 0x7f, 0xbf, 0xe1, 0xd2, 0x7f, 0xbf, 0xee, 0xff, 0x7f, 0xbf,
  0xb8, 0xdd, 0x7f, 0xbf, 0x27, 0x78, 0x7f, 0xbf, 0xda, 0xda, 0x7e, 0xbf,
  0x12, 0x11, 0x7e, 0xbf, 0x98, 0x25, 0x7d, 0xbf, 0x9e, 0x22, 0x7c, 0xbf,
  0xb9, 0x11, 0x7b, 0xbf, 0xc6, 0xfb, 0x79, 0xbf, 0xe7, 0xe8, 0x78, 0xbf,
  0x73, 0xe0, 0x77, 0xbf, 0xee, 0xe8, 0x76, 0xbf, 0x09, 0x08, 0x76, 0xbf,
  0x9c, 0x42, 0x75, 0xbf, 0xa5, 0x9c, 0x74, 0xbf, 0x4a, 0x19, 0x74, 0xbf,
  0xdc, 0xba, 0x73, 0xbf, 0xd4, 0x82, 0x73, 0xbf, 0xdf, 0x71, 0x73, 0xbf,
  0xe3, 0x87, 0x73, 0xbf, 0xfd, 0xc3, 0x73, 0xbf, 0x97, 0x24, 0x74, 0xbf,
  0x63, 0xa7, 0x74, 0xbf, 0x6b, 0x49, 0x75, 0xbf, 0x1c, 0x07, 0x76, 0xbf,
  0x4e, 0xdc, 0x76, 0xbf, 0x54, 0xc4, 0x77, 0xbf, 0x04, 0xba, 0x78, 0xbf,
  0xce, 0xb7, 0x79, 0xbf, 0xc3, 0xb7, 0x7a, 0xbf, 0xaa, 0xb3, 0x7b, 0xbf,
  0x11, 0xa5, 0x7c, 0xbf, 0x5e, 0x85, 0x7d, 0xbf, 0xe7, 0x4d, 0x7e, 0xbf,
  0xfb, 0xf7, 0x7e, 0xbf, 0x05, 0x7d, 0x7f, 0xbf, 0x95, 0xd6, 0x7f, 0xbf,
  0x79, 0xfe, 0x7f, 0xbf, 0xd3, 0xee, 0x7f, 0xbf, 0x29, 0xa2, 0x7f, 0xbf,
  0x78, 0x13, 0x7f, 0xbf, 0x4b, 0x3e, 0x7e, 0xbf, 0xc6, 0x1e, 0x7d, 0xbf,
  0xb8, 0xb1, 0x7b, 0xbf, 0xa5, 0xf4, 0x79, 0xbf, 0xce, 0xe5, 0x77, 0xbf,
  0x43, 0x84, 0x75, 0xbf, 0xde, 0xcf, 0x72, 0xbf, 0x45, 0xc9, 0x6f, 0xbf,
  0xf8, 0x71, 0x6c, 0xbf, 0x36, 0xcc, 0x68, 0xbf, 0x11, 0xdb, 0x64, 0xbf,
  0x55, 0xa2, 0x60, 0xbf, 0x7f, 0x26, 0x5c, 0xbf, 0xb9, 0x6c, 0x57, 0xbf,
  0xbc, 0x7a, 0x52, 0xbf, 0xd2, 0x56, 0x4d, 0xbf, 0xb5, 0x07, 0x48, 0xbf,
  0x83, 0x94, 0x42, 0xbf, 0xaa, 0x04, 0x3d, 0xbf, 0xd1, 0x5f, 0x37, 0xbf,
  0xcb, 0xad, 0x31, 0xbf, 0x7f, 0xf6, 0x2b, 0xbf, 0xd6, 0x41, 0x26, 0xbf,
  0xaa, 0x97, 0x20, 0xbf, 0xb5, 0xff, 0x1a, 0xbf, 0x89, 0x81, 0x15, 0xbf,
  0x73, 0x24, 0x10, 0xbf, 0x85, 0xef, 0x0a, 0xbf, 0x76, 0xe9, 0x05, 0xbf,
  0xaa, 0x18, 0x01, 0xbf, 0x40, 0x06, 0xf9, 0xbe, 0xf1, 0x5c, 0xf0, 0xbe,
  0xc4, 0x3f, 0xe8, 0xbe, 0x50, 0xb8, 0xe0, 0xbe, 0x46, 0xcf, 0xd9, 0xbe,
  0x7c, 0x8c, 0xd3, 0xbe, 0xf3, 0xf6, 0xcd, 0xbe, 0xcc, 0x14, 0xc9, 0xbe,
  0x54, 0xeb, 0xc4, 0xbe, 0x05, 0x7f, 0xc1, 0xbe, 0x84, 0xd3, 0xbe, 0xbe,
  0xab, 0xeb, 0xbc, 0xbe, 0x8d, 0xc9, 0xbb, 0xbe, 0x6b, 0x6e, 0xbb, 0xbe,
  0xc3, 0xda, 0xbb, 0xbe, 0x49, 0x0e, 0xbd, 0xbe, 0xe8, 0x07, 0xbf, 0xbe,
  0xc5, 0xc5, 0xc1, 0xbe, 0x3b, 0x45, 0xc5, 0xbe, 0xce, 0x82, 0xc9, 0xbe,
  0x38, 0x7a, 0xce, 0xbe, 0x5d, 0x26, 0xd4, 0xbe, 0x48, 0x81, 0xda, 0xbe,
  0x25, 0x84, 0xe1, 0xbe, 0x4b, 0x27, 0xe9, 0xbe, 0x28, 0x62, 0xf1, 0xbe,
  0x53, 0x2b, 0xfa, 0xbe, 0x41, 0xbc, 0x01, 0xbf, 0x4b, 0x9f, 0x06, 0xbf,
  0xc8, 0xb8, 0x0b, 0xbf, 0x5e, 0x02, 0x11, 0xbf, 0x4c, 0x75, 0x16, 0xbf,
  0x7b, 0x0a, 0x1c, 0xbf, 0x86, 0xba, 0x21, 0xbf, 0xc8, 0x7d, 0x27, 0xbf,
  0x5c, 0x4c, 0x2d, 0xbf, 0x3a, 0x1e, 0x33, 0xbf, 0x3e, 0xeb, 0x38, 0xbf,
  0x3a, 0xab, 0x3e, 0xbf, 0x07, 0x56, 0x44, 0xbf, 0x99, 0xe3, 0x49, 0xbf,
  0x0f, 0x4c, 0x4f, 0xbf, 0xcc, 0x87, 0x54, 0xbf, 0x84, 0x8f, 0x59, 0xbf,
  0x50, 0x5c, 0x5e, 0xbf, 0xc8, 0xe7, 0x62, 0xbf, 0x06, 0x2c, 0x67, 0xbf,
  0xc6, 0x23, 0x6b, 0xbf, 0x65, 0xca, 0x6e, 0xbf, 0xf9, 0x1b, 0x72, 0xbf,
  0x54, 0x15, 0x75, 0xbf, 0x10, 0xb4, 0x77, 0xbf, 0x93, 0xf6, 0x79, 0xbf,
  0x0f, 0xdc, 0x7b, 0xbf, 0x87, 0x64, 0x7d, 0xbf, 0xc8, 0x90, 0x7e, 0xbf,
  0x6a, 0x62, 0x7f, 0xbf, 0xbf, 0xdb, 0x7f, 0xbf, 0xd3, 0xff, 0x7f, 0xbf,
  0x5c, 0xd2, 0x7f, 0xbf, 0xaf, 0x57, 0x7f, 0xbf, 0xa9, 0x94, 0x7e, 0xbf,
  0xab, 0x8e, 0x7d, 0xbf, 0x7e, 0x4b, 0x7c, 0xbf, 0x47, 0xd1, 0x7a, 0xbf,
  0x76, 0x26, 0x79, 0xbf, 0xad, 0x51, 0x77, 0xbf, 0xb2, 0x59, 0x75, 0xbf,
  0x63, 0x45, 0x73, 0xbf, 0x9a, 0x1b, 0x71, 0xbf, 0x21, 0xe3, 0x6e, 0xbf,
  0xa7, 0xa2, 0x6c, 0xbf, 0xaf, 0x60, 0x6a, 0xbf, 0x82, 0x23, 0x68, 0xbf,
  0x21, 0xf1, 0x65, 0xbf, 0x41, 0xcf, 0x63, 0xbf, 0x3e, 0xc3, 0x61, 0xbf,
  0x13, 0xd2, 0x5f, 0xbf, 0x54, 0x00, 0x5e, 0xbf, 0x28, 0x52, 0x5c, 0xbf,
  0x46, 0xcb, 0x5a, 0xbf, 0xf0, 0x6e, 0x59, 0xbf, 0xf0, 0x3f, 0x58, 0xbf,
  0x98, 0x40, 0x57, 0xbf, 0xc4, 0x72, 0x56, 0xbf, 0xd2, 0xd7, 0x55, 0xbf,
  0xa7, 0x70, 0x55, 0xbf, 0xb3, 0x3d, 0x55, 0xbf, 0xf0, 0x3e, 0x55, 0xbf,
  0xe4, 0x73, 0x55, 0xbf, 0xa1, 0xdb, 0x55, 0xbf, 0xd0, 0x74, 0x56, 0xbf,
  0xac, 0x3d, 0x57, 0xbf, 0x10, 0x34, 0x58, 0xbf, 0x75, 0x55, 0x59, 0xbf,
  0xf7, 0x9e, 0x5a, 0xbf, 0x60, 0x0d, 0x5c, 0xbf, 0x2e, 0x9d, 0x5d, 0xbf,
  0x95, 0x4a, 0x5f, 0xbf, 0x93, 0x11, 0x61, 0xbf, 0xe7, 0xed, 0x62, 0xbf,
  0x2e, 0xdb, 0x64, 0xbf, 0xdb, 0xd4, 0x66, 0xbf, 0x51, 0xd6, 0x68, 0xbf,
  0xe4, 0xda, 0x6a, 0xbf, 0xe6, 0xdd, 0x6c, 0xbf, 0xba, 0xda, 0x6e, 0xbf,
  0xd4, 0xcc, 0x70, 0xbf, 0xcb, 0xaf, 0x72, 0xbf, 0x6a, 0x7f, 0x74, 0xbf,
  0xb3, 0x37, 0x76, 0xbf, 0xec, 0xd4, 0x77, 0xbf, 0xae, 0x53, 0x79, 0xbf,
  0xea, 0xb0, 0x7a, 0xbf, 0xf4, 0xe9, 0x7b, 0xbf, 0x89, 0xfc, 0x7c, 0xbf,
  0xdb, 0xe6, 0x7d, 0xbf, 0x8e, 0xa7, 0x7e, 0xbf, 0xc4, 0x3d, 0x7f, 0xbf,
  0x16, 0xa9, 0x7f, 0xbf, 0xa0, 0xe9, 0x7f, 0xbf, 0xf8, 0xff, 0x7f, 0xbf,
  0x31, 0xed, 0x7f, 0xbf, 0xd1, 0xb2, 0x7f, 0xbf, 0xd6, 0x52, 0x7f, 0xbf,
  0xa0, 0xcf, 0x7e, 0xbf, 0xfa, 0x2b, 0x7e, 0xbf, 0x06, 0x6b, 0x7d, 0xbf,
  0x36, 0x90, 0x7c, 0xbf, 0x45, 0x9f, 0x7b, 0xbf, 0x22, 0x9c, 0x7a, 0xbf,
  0xf1, 0x8a, 0x79, 0xbf, 0xf1, 0x6f, 0x78, 0xbf, 0x79, 0x4f, 0x77, 0xbf,
  0xe8, 0x2d, 0x76, 0xbf, 0x98, 0x0f, 0x75, 0xbf, 0xd0, 0xf8, 0x73, 0xbf,
  0xba, 0xed, 0x72, 0xbf, 0x56, 0xf2, 0x71, 0xbf, 0x70, 0x0a, 0x71, 0xbf,
  0x93, 0x39, 0x70, 0xbf, 0xff, 0x82, 0x6f, 0xbf, 0x9e, 0xe9, 0x6e, 0xbf,
  0xfd, 0x6f, 0x6e, 0xbf, 0x41, 0x18, 0x6e, 0xbf, 0x22, 0xe4, 0x6d, 0xbf,
  0xe1, 0xd4, 0x6d, 0xbf, 0x3d, 0xeb, 0x6d, 0xbf, 0x79, 0x27, 0x6e, 0xbf,
  0x47, 0x89, 0x6e, 0xbf, 0xd5, 0x0f, 0x6f, 0xbf, 0xb5, 0xb9, 0x6f, 0xbf,
  0xea, 0x84, 0x70, 0xbf, 0xdf, 0x6e, 0x71, 0xbf, 0x68, 0x74, 0x72, 0xbf,
  0xbe, 0x91, 0x73, 0xbf, 0x86, 0xc2, 0x74, 0xbf, 0xcf, 0x01, 0x76, 0xbf,
  0x17, 0x4a, 0x77, 0xbf, 0x51, 0x95, 0x78, 0xbf, 0xef, 0xdc, 0x79, 0xbf,
  0xe0, 0x19, 0x7b, 0xbf, 0xb0, 0x44, 0x7c, 0xbf, 0x7b, 0x55, 0x7d, 0xbf,
  0x12, 0x44, 0x7e, 0xbf, 0x01, 0x08, 0x7f, 0xbf, 0xa1, 0x98, 0x7f, 0xbf,
  0x36, 0xed, 0x7f, 0xbf, 0xf9, 0xfc, 0x7f, 0xbf, 0x3d, 0xbf, 0x7f, 0xbf,
  0x7e, 0x2b, 0x7f, 0xbf, 0x87, 0x39, 0x7e, 0xbf, 0x81, 0xe1, 0x7c, 0xbf,
  0x18, 0x1c, 0x7b, 0xbf, 0x91, 0xe2, 0x78, 0xbf, 0xe9, 0x2e, 0x76, 0xbf,
  0xed, 0xfb, 0x72, 0xbf, 0x54, 0x45, 0x6f, 0xbf, 0xcd, 0x07, 0x6b, 0xbf,
  0x20, 0x41, 0x66, 0xbf, 0x2f, 0xf0, 0x60, 0xbf, 0x0f, 0x15, 0x5b, 0xbf,
  0x05, 0xb1, 0x54, 0xbf, 0x95, 0xc6, 0x4d, 0xbf, 0x7c, 0x59, 0x46, 0xbf,
  0xa5, 0x6e, 0x3e, 0xbf, 0x2c, 0x0c, 0x36, 0xbf, 0x45, 0x39, 0x2d, 0xbf,
  0x31, 0xfe, 0x23, 0xbf, 0x20, 0x64, 0x1a, 0xbf, 0x1d, 0x75, 0x10, 0xbf,
  0xed, 0x3b, 0x06, 0xbf, 0xe6, 0x87, 0xf7, 0xbe, 0x0d, 0x32, 0xe2, 0xbe,
  0xaf, 0x8e, 0xcc, 0xbe, 0x9a, 0xb6, 0xb6, 0xbe, 0xae, 0xc2, 0xa0, 0xbe,
  0xab, 0xcb, 0x8a, 0xbe, 0xc5, 0xd3, 0x69, 0xbe, 0x12, 0x6a, 0x3e, 0xbe,
  0xd2, 0x87, 0x13, 0xbe, 0x05, 0xb1, 0xd2, 0xbd, 0x2d, 0x0a, 0x80, 0xbd,
  0x51, 0x9e, 0xbd, 0xbc, 0xb9, 0x82, 0x77, 0x3c, 0xec, 0x7a, 0x55, 0x3d,
  0x26, 0xc6, 0xb3, 0x3d, 0x5c, 0xd7, 0xf9, 0x3d, 0x42, 0x62, 0x1e, 0x3e,
  0xc1, 0x33, 0x3e, 0x3e, 0x20, 0x50, 0x5c, 0x3e, 0x51, 0xaa, 0x78, 0x3e,
  0xec, 0x9b, 0x89, 0x3e, 0x64, 0xf8, 0x95, 0x3e, 0xa9, 0x67, 0xa1, 0x3e,
  0xd1, 0xe7, 0xab, 0x3e, 0xbe, 0x77, 0xb5, 0x3e, 0x06, 0x17, 0xbe, 0x3e,
  0xbb, 0xc5, 0xc5, 0x3e, 0x62, 0x84, 0xcc, 0x3e, 0xb6, 0x53, 0xd2, 0x3e,
  0xa1, 0x34, 0xd7, 0x3e, 0x12, 0x28, 0xdb, 0x3e, 0xe7, 0x2e, 0xde, 0x3e,
  0xdf, 0x49, 0xe0, 0x3e, 0x87, 0x79, 0xe1, 0x3e, 0x2b, 0xbe, 0xe1, 0x3e,
  0xd7, 0x17, 0xe1, 0x3e, 0x4d, 0x86, 0xdf, 0x3e, 0x18, 0x09, 0xdd, 0x3e,
  0x83, 0x9f, 0xd9, 0x3e, 0xad, 0x48, 0xd5, 0x3e, 0xa5, 0x03, 0xd0, 0x3e,
  0x6e, 0xcf, 0xc9, 0x3e, 0x29, 0xab, 0xc2, 0x3e, 0x30, 0x96, 0xba, 0x3e,
  0x2a, 0x90, 0xb1, 0x3e, 0x41, 0x99, 0xa7, 0x3e, 0x3b, 0xb2, 0x9c, 0x3e,
  0x9f, 0xdc, 0x90, 0x3e, 0xe5, 0x1a, 0x84, 0x3e, 0x24, 0xe1, 0x6c, 0x3e,
  0xb4, 0xc4, 0x4f, 0x3e, 0x96, 0xec, 0x30, 0x3e, 0xbb, 0x67, 0x10, 0x3e,
  0x67, 0x90, 0xdc, 0x3d, 0x6a, 0x46, 0x95, 0x3d, 0x47, 0x45, 0x16, 0x3d,
  0xaa, 0x8d, 0x51, 0xba, 0xa7, 0x98, 0x21, 0xbd, 0x05, 0x14, 0xa2, 0xbd,
  0xf9, 0x2e, 0xf5, 0xbd, 0x19, 0xe6, 0x24, 0xbe, 0xc2, 0xca, 0x4f, 0xbe,
  0x11, 0x18, 0x7b, 0xbe, 0x6b, 0x4f, 0x93, 0xbe, 0x39, 0x17, 0xa9, 0xbe,
  0xb2, 0xca, 0xbe, 0xbe, 0xed, 0x50, 0xd4, 0xbe, 0x15, 0x91, 0xe9, 0xbe,
  0xc6, 0x72, 0xfe, 0xbe, 0x27, 0x6f, 0x09, 0xbf, 0x7e, 0x5e, 0x13, 0xbf,
  0xb3, 0xfc, 0x1c, 0xbf, 0xd5, 0x3f, 0x26, 0xbf, 0xd8, 0x1e, 0x2f, 0xbf,
  0xb6, 0x91, 0x37, 0xbf, 0x7d, 0x91, 0x3f, 0xbf, 0x69, 0x18, 0x47, 0xbf,
  0xf3, 0x21, 0x4e, 0xbf, 0xd3, 0xaa, 0x54, 0xbf, 0x11, 0xb1, 0x5a, 0xbf,
  0xf7, 0x33, 0x60, 0xbf, 0x12, 0x34, 0x65, 0xbf, 0x29, 0xb3, 0x69, 0xbf,
  0x24, 0xb4, 0x6d, 0xbf, 0x06, 0x3b, 0x71, 0xbf, 0xcc, 0x4c, 0x74, 0xbf,
  0x50, 0xef, 0x76, 0xbf, 0x3b, 0x29, 0x79, 0xbf, 0xda, 0x01, 0x7b, 0xbf,
  0x02, 0x81, 0x7c, 0xbf, 0xef, 0xae, 0x7d, 0xbf, 0x25, 0x94, 0x7e, 0xbf,
  0x4f, 0x39, 0x7f, 0xbf, 0x1b, 0xa7, 0x7f, 0xbf, 0x29, 0xe6, 0x7f, 0xbf,
  0xda, 0xfe, 0x7f, 0xbf, 0x45, 0xf9, 0x7f, 0xbf, 0x15, 0xdd, 0x7f, 0xbf,
  0x76, 0xb1, 0x7f, 0xbf, 0xfb, 0x7c, 0x7f, 0xbf, 0x8d, 0x45, 0x7f, 0xbf,
  0x59, 0x10, 0x7f, 0xbf, 0xbd, 0xe1, 0x7e, 0xbf, 0x41, 0xbd, 0x7e, 0xbf,
  0x83, 0xa5, 0x7e, 0xbf, 0x33, 0x9c, 0x7e, 0xbf, 0x06, 0xa2, 0x7e, 0xbf,
  0xb4, 0xb6, 0x7e, 0xbf, 0xed, 0xd8, 0x7e, 0xbf, 0x5e, 0x06, 0x7f, 0xbf,
  0xa9, 0x3b, 0x7f, 0xbf, 0x67, 0x74, 0x7f, 0xbf, 0x2f, 0xab, 0x7f, 0xbf,
  0x99, 0xd9, 0x7f, 0xbf, 0x46, 0xf8, 0x7f, 0xbf, 0xeb, 0xfe, 0x7f, 0xbf,
  0x65, 0xe4, 0x7f, 0xbf, 0xc0, 0x9e, 0x7f, 0xbf, 0x57, 0x23, 0x7f, 0xbf,
  0xe6, 0x66, 0x7e, 0xbf, 0xad, 0x5d, 0x7d, 0xbf, 0x89, 0xfb, 0x7b, 0xbf,
  0x24, 0x34, 0x7a, 0xbf, 0x11, 0xfb, 0x77, 0xbf, 0x01, 0x44, 0x75, 0xbf,
  0xf3, 0x02, 0x72, 0xbf, 0x5e, 0x2c, 0x6e, 0xbf, 0x6a, 0xb5, 0x69, 0xbf,
  0x23, 0x94, 0x64, 0xbf, 0xb0, 0xbf, 0x5e, 0xbf, 0x84, 0x30, 0x58, 0xbf,
  0x92, 0xe0, 0x50, 0xbf, 0x7c, 0xcb, 0x48, 0xbf, 0xb6, 0xee, 0x3f, 0xbf,
  0xb7, 0x49, 0x36, 0xbf, 0x0f, 0xde, 0x2b, 0xbf, 0x7c, 0xaf, 0x20, 0xbf,
  0xfb, 0xc3, 0x14, 0xbf, 0xc8, 0x23, 0x08, 0xbf, 0xb3, 0xb2, 0xf5, 0xbe,
  0x9b, 0xe2, 0xd9, 0xbe, 0x9f, 0xf4, 0xbc, 0xbe, 0xdc, 0x09, 0x9f, 0xbe,
  0xdc, 0x46, 0x80, 0xbe, 0x3c, 0xa6, 0x41, 0xbe, 0x3f, 0xb1, 0x01, 0xbe,
  0xcd, 0x0c, 0x82, 0xbd, 0x28, 0xa6, 0x51, 0xa7, 0x00, 0x00, 0x00, 0x00,
  0x22, 0x8d, 0x28, 0x3d, 0xfe, 0x5f, 0xa8, 0x3d, 0x5e, 0x1f, 0xfc, 0x3d,
  0x10, 0xac, 0x27, 0x3e, 0x3c, 0xef, 0x50, 0x3e, 0xad, 0xc3, 0x79, 0x3e,
  0x2e, 0x0a, 0x91, 0x3e, 0x70, 0xe6, 0xa4, 0x3e, 0xca, 0x6c, 0xb8, 0x3e,
  0xbf, 0x93, 0xcb, 0x3e, 0x4f, 0x52, 0xde, 0x3e, 0xec, 0x9f, 0xf0, 0x3e,
  0x42, 0x3a, 0x01, 0x3f, 0x4c, 0xe4, 0x09, 0x3f, 0x98, 0x4a, 0x12, 0x3f,
  0xf7, 0x69, 0x1a, 0x3f, 0x88, 0x3f, 0x22, 0x3f, 0xb3, 0xc8, 0x29, 0x3f,
  0x3c, 0x03, 0x31, 0x3f, 0x2e, 0xed, 0x37, 0x3f, 0xe8, 0x84, 0x3e, 0x3f,
  0x23, 0xc9, 0x44, 0x3f, 0xe1, 0xb8, 0x4a, 0x3f, 0x77, 0x53, 0x50, 0x3f,
  0x8d, 0x98, 0x55, 0x3f, 0x16, 0x88, 0x5a, 0x3f, 0x4e, 0x22, 0x5f, 0x3f,
  0xc3, 0x67, 0x63, 0x3f, 0x40, 0x59, 0x67, 0x3f, 0xd8, 0xf7, 0x6a, 0x3f,
  0xdf, 0x44, 0x6e, 0x3f, 0xe5, 0x41, 0x71, 0x3f, 0xaf, 0xf0, 0x73, 0x3f,
  0x3d, 0x53, 0x76, 0x3f, 0xbc, 0x6b, 0x78, 0x3f, 0x87, 0x3c, 0x7a, 0x3f,
  0x25, 0xc8, 0x7b, 0x3f, 0x38, 0x11, 0x7d, 0x3f, 0x8c, 0x1a, 0x7e, 0x3f,
  0x07, 0xe7, 0x7e, 0x3f, 0xa3, 0x79, 0x7f, 0x3f, 0x6f, 0xd5, 0x7f, 0x3f,
  0x90, 0xfd, 0x7f, 0x3f, 0x2c, 0xf5, 0x7f, 0x3f, 0x7d, 0xbf, 0x7f, 0x3f,
  0xb6, 0x5f, 0x7f, 0x3f, 0x18, 0xd9, 0x7e, 0x3f, 0xd8, 0x2e, 0x7e, 0x3f,
  0x29, 0x64, 0x7d, 0x3f, 0x3b, 0x7c, 0x7c, 0x3f, 0x2a, 0x7a, 0x7b, 0x3f,
  0x0c, 0x61, 0x7a, 0x3f, 0xe7, 0x33, 0x79, 0x3f, 0xac, 0xf5, 0x77, 0x3f,
  0x3f, 0xa9, 0x76, 0x3f, 0x66, 0x51, 0x75, 0x3f, 0xdb, 0xf0, 0x73, 0x3f,
  0x35, 0x8a, 0x72, 0x3f, 0xfc, 0x1f, 0x71, 0x3f, 0x96, 0xb4, 0x6f, 0x3f,
  0x53, 0x4a, 0x6e, 0x3f, 0x64, 0xe3, 0x6c, 0x3f, 0xe2, 0x81, 0x6b, 0x3f,
  0xc3, 0x27, 0x6a, 0x3f, 0xe4, 0xd6, 0x68, 0x3f, 0x07, 0x91, 0x67, 0x3f,
  0xc9, 0x57, 0x66, 0x3f, 0xb0, 0x2c, 0x65, 0x3f, 0x22, 0x11, 0x64, 0x3f,
  0x66, 0x06, 0x63, 0x3f, 0xaa, 0x0d, 0x62, 0x3f, 0xfb, 0x27, 0x61, 0x3f,
  0x49, 0x56, 0x60, 0x3f, 0x69, 0x99, 0x5f, 0x3f, 0x15, 0xf2, 0x5e, 0x3f,
  0xe8, 0x60, 0x5e, 0x3f, 0x63, 0xe6, 0x5d, 0x3f, 0xed, 0x82, 0x5d, 0x3f,
  0xd0, 0x36, 0x5d, 0x3f, 0x3b, 0x02, 0x5d, 0x3f, 0x45, 0xe5, 0x5c, 0x3f,
  0xec, 0xdf, 0x5c, 0x3f, 0x14, 0xf2, 0x5c, 0x3f, 0x86, 0x1b, 0x5d, 0x3f,
  0xf7, 0x5b, 0x5d, 0x3f, 0xff, 0xb2, 0x5d, 0x3f, 0x22, 0x20, 0x5e, 0x3f,
  0xd0, 0xa2, 0x5e, 0x3f, 0x5a, 0x3a, 0x5f, 0x3f, 0x04, 0xe6, 0x5f, 0x3f,
  0xf8, 0xa4, 0x60, 0x3f, 0x4a, 0x76, 0x61, 0x3f, 0xff, 0x58, 0x62, 0x3f,
  0x01, 0x4c, 0x63, 0x3f, 0x2e, 0x4e, 0x64, 0x3f, 0x4e, 0x5e, 0x65, 0x3f,
  0x14, 0x7b, 0x66, 0x3f, 0x29, 0xa3, 0x67, 0x3f, 0x23, 0xd5, 0x68, 0x3f,
  0x87, 0x0f, 0x6a, 0x3f, 0xcc, 0x50, 0x6b, 0x3f, 0x5d, 0x97, 0x6c, 0x3f,
  0x97, 0xe1, 0x6d, 0x3f, 0xce, 0x2d, 0x6f, 0x3f, 0x49, 0x7a, 0x70, 0x3f,
  0x48, 0xc5, 0x71, 0x3f, 0x00, 0x0d, 0x73, 0x3f, 0xa5, 0x4f, 0x74, 0x3f,
  0x61, 0x8b, 0x75, 0x3f, 0x5b, 0xbe, 0x76, 0x3f, 0xbb, 0xe6, 0x77, 0x3f,
  0xa3, 0x02, 0x79, 0x3f, 0x3d, 0x10, 0x7a, 0x3f, 0xb0, 0x0d, 0x7b, 0x3f,
  0x27, 0xf9, 0x7b, 0x3f, 0xd5, 0xd0, 0x7c, 0x3f, 0xf4, 0x92, 0x7d, 0x3f,
  0xca, 0x3d, 0x7e, 0x3f, 0xa0, 0xcf, 0x7e, 0x3f, 0xd4, 0x46, 0x7f, 0x3f,
  0xce, 0xa1, 0x7f, 0x3f, 0x07, 0xdf, 0x7f, 0x3f, 0x0a, 0xfd, 0x7f, 0x3f,
  0x75, 0xfa, 0x7f, 0x3f, 0xf9, 0xd5, 0x7f, 0x3f, 0x5e, 0x8e, 0x7f, 0x3f,
  0x89, 0x22, 0x7f, 0x3f, 0x6e, 0x91, 0x7e, 0x3f, 0x24, 0xda, 0x7d, 0x3f,
  0xd7, 0xfb, 0x7c, 0x3f, 0xd6, 0xf5, 0x7b, 0x3f, 0x86, 0xc7, 0x7a, 0x3f,
  0x70, 0x70, 0x79, 0x3f, 0x38, 0xf0, 0x77, 0x3f, 0xa2, 0x46, 0x76, 0x3f,
  0x94, 0x73, 0x74, 0x3f, 0x11, 0x77, 0x72, 0x3f, 0x3d, 0x51, 0x70, 0x3f,
  0x5e, 0x02, 0x6e, 0x3f, 0xd6, 0x8a, 0x6b, 0x3f, 0x2a, 0xeb, 0x68, 0x3f,
  0xfc, 0x23, 0x66, 0x3f, 0x0d, 0x36, 0x63, 0x3f, 0x3c, 0x22, 0x60, 0x3f,
  0x86, 0xe9, 0x5c, 0x3f, 0x01, 0x8d, 0x59, 0x3f, 0xe0, 0x0d, 0x56, 0x3f,
  0x6d, 0x6d, 0x52, 0x3f, 0x0c, 0xad, 0x4e, 0x3f, 0x39, 0xce, 0x4a, 0x3f,
  0x82, 0xd2, 0x46, 0x3f, 0x8b, 0xbb, 0x42, 0x3f, 0x09, 0x8b, 0x3e, 0x3f,
  0xc0, 0x42, 0x3a, 0x3f, 0x85, 0xe4, 0x35, 0x3f, 0x38, 0x72, 0x31, 0x3f,
  0xc5, 0xed, 0x2c, 0x3f, 0x1f, 0x59, 0x28, 0x3f, 0x44, 0xb6, 0x23, 0x3f,
  0x31, 0x07, 0x1f, 0x3f, 0xef, 0x4d, 0x1a, 0x3f, 0x82, 0x8c, 0x15, 0x3f,
  0xf1, 0xc4, 0x10, 0x3f, 0x42, 0xf9, 0x0b, 0x3f, 0x76, 0x2b, 0x07, 0x3f,
  0x8f, 0x5d, 0x02, 0x3f, 0x03, 0x23, 0xfb, 0x3e, 0x7c, 0x92, 0xf1, 0x3e,
  0x5f, 0x0d, 0xe8, 0x3e, 0x68, 0x97, 0xde, 0x3e, 0x3b, 0x34, 0xd5, 0x3e,
  0x6d, 0xe7, 0xcb, 0x3e, 0x6d, 0xb4, 0xc2, 0x3e, 0x9f, 0x9e, 0xb9, 0x3e,
  0x3d, 0xa9, 0xb0, 0x3e, 0x6f, 0xd7, 0xa7, 0x3e, 0x33, 0x2c, 0x9f, 0x3e,
  0x71, 0xaa, 0x96, 0x3e, 0xea, 0x54, 0x8e, 0x3e, 0x46, 0x2e, 0x86, 0x3e,
  0x12, 0x72, 0x7c, 0x3e, 0x31, 0xef, 0x6c, 0x3e, 0x73, 0xd8, 0x5d, 0x3e,
  0x16, 0x32, 0x4f, 0x3e, 0x2b, 0x00, 0x41, 0x3e, 0x78, 0x46, 0x33, 0x3e,
  0x8d, 0x08, 0x26, 0x3e, 0xc0, 0x49, 0x19, 0x3e, 0x28, 0x0d, 0x0d, 0x3e,
  0xa0, 0x55, 0x01, 0x3e, 0xb8, 0x4b, 0xec, 0x3d, 0x98, 0x00, 0xd7, 0x3d,
  0x7d, 0xce, 0xc2, 0x3d, 0x86, 0xb9, 0xaf, 0x3d, 0x8b, 0xc5, 0x9d, 0x3d,
  0x06, 0xf6, 0x8c, 0x3d, 0x43, 0x9c, 0x7a, 0x3d, 0x76, 0xa1, 0x5d, 0x3d,
  0xcc, 0x00, 0x43, 0x3d, 0xe0, 0xbe, 0x2a, 0x3d, 0xce, 0xdf, 0x14, 0x3d,
  0x36, 0x67, 0x01, 0x3d, 0x84, 0xb0, 0xe0, 0x3c, 0x5f, 0x6b, 0xc3, 0x3c,
  0xa4, 0x03, 0xab, 0x3c, 0x2f, 0x7d, 0x97, 0x3c, 0x2b, 0xdb, 0x88, 0x3c,
  0xe1, 0x3f, 0x7e, 0x3c, 0x87, 0x9a, 0x74, 0x3c, 0x49, 0xc8, 0x74, 0x3c,
  0xca, 0xc9, 0x7e, 0x3c, 0x3f, 0x4f, 0x89, 0x3c, 0x26, 0x22, 0x98, 0x3c,
  0xe6, 0xdb, 0xab, 0x3c, 0x23, 0x7a, 0xc4, 0x3c, 0xba, 0xf9, 0xe1, 0x3c,
  0x61, 0x2b, 0x02, 0x3d, 0x46, 0xc6, 0x15, 0x3d, 0xcf, 0xca, 0x2b, 0x3d,
  0xc7, 0x35, 0x44, 0x3d, 0x89, 0x03, 0x5f, 0x3d, 0xec, 0x2f, 0x7c, 0x3d,
  0x23, 0xdb, 0x8d, 0x3d, 0xb2, 0xc8, 0x9e, 0x3d, 0xba, 0xdd, 0xb0, 0x3d,
  0x06, 0x17, 0xc4, 0x3d, 0x10, 0x71, 0xd8, 0x3d, 0xf8, 0xe7, 0xed, 0x3d,
  0xbc, 0x3b, 0x02, 0x3e, 0x82, 0x0d, 0x0e, 0x3e, 0xc1, 0x66, 0x1a, 0x3e,
  0xce, 0x44, 0x27, 0x3e, 0xb8, 0xa4, 0x34, 0x3e, 0x54, 0x83, 0x42, 0x3e,
  0x4d, 0xdd, 0x50, 0x3e, 0xf9, 0xae, 0x5f, 0x3e, 0x82, 0xf4, 0x6e, 0x3e,
  0xd3, 0xa9, 0x7e, 0x3e, 0x42, 0x65, 0x87, 0x3e, 0xff, 0xa8, 0x8f, 0x3e,
  0xad, 0x1d, 0x98, 0x3e, 0xbe, 0xc0, 0xa0, 0x3e, 0x7b, 0x8f, 0xa9, 0x3e,
  0x14, 0x87, 0xb2, 0x3e, 0x8d, 0xa4, 0xbb, 0x3e, 0xd7, 0xe4, 0xc4, 0x3e,
  0xb0, 0x44, 0xce, 0x3e, 0xc9, 0xc0, 0xd7, 0x3e, 0xaa, 0x55, 0xe1, 0x3e,
  0xbe, 0xff, 0xea, 0x3e, 0x57, 0xbb, 0xf4, 0x3e, 0xad, 0x84, 0xfe, 0x3e,
  0xee, 0x2b, 0x04, 0x3f, 0x74, 0x18, 0x09, 0x3f, 0xe3, 0x05, 0x0e, 0x3f,
  0x28, 0xf2, 0x12, 0x3f, 0x2a, 0xdb, 0x17, 0x3f, 0xc8, 0xbe, 0x1c, 0x3f,
  0xdf, 0x9a, 0x21, 0x3f, 0x43, 0x6d, 0x26, 0x3f, 0xc7, 0x33, 0x2b, 0x3f,
  0x3e, 0xec, 0x2f, 0x3f, 0x7a, 0x94, 0x34, 0x3f, 0x52, 0x2a, 0x39, 0x3f,
  0x9a, 0xab, 0x3d, 0x3f, 0x34, 0x16, 0x42, 0x3f, 0x05, 0x68, 0x46, 0x3f,
  0xf8, 0x9e, 0x4a, 0x3f, 0x07, 0xb9, 0x4e, 0x3f, 0x38, 0xb4, 0x52, 0x3f,
  0x9b, 0x8e, 0x56, 0x3f, 0x55, 0x46, 0x5a, 0x3f, 0x9a, 0xd9, 0x5d, 0x3f,
  0xaf, 0x46, 0x61, 0x3f, 0xef, 0x8b, 0x64, 0x3f, 0xcc, 0xa7, 0x67, 0x3f,
  0xcc, 0x98, 0x6a, 0x3f, 0x92, 0x5d, 0x6d, 0x3f, 0xd3, 0xf4, 0x6f, 0x3f,
  0x69, 0x5d, 0x72, 0x3f, 0x3f, 0x96, 0x74, 0x3f, 0x65, 0x9e, 0x76, 0x3f,
  0x04, 0x75, 0x78, 0x3f, 0x62, 0x19, 0x7a, 0x3f, 0xe6, 0x8a, 0x7b, 0x3f,
  0x16, 0xc9, 0x7c, 0x3f, 0x93, 0xd3, 0x7d, 0x3f, 0x23, 0xaa, 0x7e, 0x3f,
  0xa6, 0x4c, 0x7f, 0x3f, 0x1d, 0xbb, 0x7f, 0x3f, 0xaa, 0xf5, 0x7f, 0x3f,
  0x8a, 0xfc, 0x7f, 0x3f, 0x1a, 0xd0, 0x7f, 0x3f, 0xcf, 0x70, 0x7f, 0x3f,
  0x45, 0xdf, 0x7e, 0x3f, 0x29, 0x1c, 0x7e, 0x3f, 0x4b, 0x28, 0x7d, 0x3f,
  0x90, 0x04, 0x7c, 0x3f, 0xf7, 0xb1, 0x7a, 0x3f, 0x95, 0x31, 0x79, 0x3f,
  0x97, 0x84, 0x77, 0x3f, 0x40, 0xac, 0x75, 0x3f, 0xe6, 0xa9, 0x73, 0x3f,
  0xed, 0x7e, 0x71, 0x3f, 0xd1, 0x2c, 0x6f, 0x3f, 0x17, 0xb5, 0x6c, 0x3f,
  0x53, 0x19, 0x6a, 0x3f, 0x27, 0x5b, 0x67, 0x3f, 0x3e, 0x7c, 0x64, 0x3f,
  0x50, 0x7e, 0x61, 0x3f, 0x15, 0x63, 0x5e, 0x3f, 0x53, 0x2c, 0x5b, 0x3f,
  0xd1, 0xdb, 0x57, 0x3f, 0x58, 0x73, 0x54, 0x3f, 0xb4, 0xf4, 0x50, 0x3f,
  0xb4, 0x61, 0x4d, 0x3f, 0x25, 0xbc, 0x49, 0x3f, 0xcd, 0x05, 0x46, 0x3f,
  0x73, 0x40, 0x42, 0x3f, 0xdc, 0x6d, 0x3e, 0x3f, 0xc3, 0x8f, 0x3a, 0x3f,
  0xdf, 0xa7, 0x36, 0x3f, 0xdb, 0xb7, 0x32, 0x3f, 0x62, 0xc1, 0x2e, 0x3f,
  0x0d, 0xc6, 0x2a, 0x3f, 0x70, 0xc7, 0x26, 0x3f, 0x14, 0xc7, 0x22, 0x3f,
  0x76, 0xc6, 0x1e, 0x3f, 0x05, 0xc7, 0x1a, 0x3f, 0x29, 0xca, 0x16, 0x3f,
  0x38, 0xd1, 0x12, 0x3f, 0x7c, 0xdd, 0x0e, 0x3f, 0x36, 0xf0, 0x0a, 0x3f,
  0x93, 0x0a, 0x07, 0x3f, 0xb7, 0x2d, 0x03, 0x3f, 0x70, 0xb5, 0xfe, 0x3e,
  0x34, 0x25, 0xf7, 0x3e, 0xb1, 0xac, 0xef, 0x3e, 0xb6, 0x4d, 0xe8, 0x3e,
  0x06, 0x0a, 0xe1, 0x3e, 0x40, 0xe3, 0xd9, 0x3e, 0xdf, 0xda, 0xd2, 0x3e,
  0x58, 0xf2, 0xcb, 0x3e, 0xf0, 0x2a, 0xc5, 0x3e, 0xe6, 0x85, 0xbe, 0x3e,
  0x50, 0x04, 0xb8, 0x3e, 0x35, 0xa7, 0xb1, 0x3e, 0x82, 0x6f, 0xab, 0x3e,
  0x07, 0x5e, 0xa5, 0x3e, 0x8b, 0x73, 0x9f, 0x3e, 0xaf, 0xb0, 0x99, 0x3e,
  0x09, 0x16, 0x94, 0x3e, 0x18, 0xa4, 0x8e, 0x3e, 0x46, 0x5b, 0x89, 0x3e,
  0xed, 0x3b, 0x84, 0x3e, 0xa6, 0x8c, 0x7e, 0x3e, 0x54, 0xf5, 0x74, 0x3e,
  0x2f, 0xb2, 0x6b, 0x3e, 0x58, 0xc3, 0x62, 0x3e, 0xe3, 0x28, 0x5a, 0x3e,
  0xb6, 0xe2, 0x51, 0x3e, 0xa8, 0xf0, 0x49, 0x3e, 0x63, 0x52, 0x42, 0x3e,
  0x87, 0x07, 0x3b, 0x3e, 0x96, 0x0f, 0x34, 0x3e, 0x09, 0x6a, 0x2d, 0x3e,
  0x2b, 0x16, 0x27, 0x3e, 0x47, 0x13, 0x21, 0x3e, 0x86, 0x60, 0x1b, 0x3e,
  0x12, 0xfd, 0x15, 0x3e, 0xeb, 0xe7, 0x10, 0x3e, 0x19, 0x20, 0x0c, 0x3e,
  0x83, 0xa4, 0x07, 0x3e, 0x07, 0x74, 0x03, 0x3e, 0xf0, 0x1a, 0xff, 0x3d,
  0x35, 0xdf, 0xf7, 0x3d, 0x4a, 0x32, 0xf1, 0x3d, 0x84, 0x11, 0xeb, 0x3d,
  0x35, 0x7a, 0xe5, 0x3d, 0x7d, 0x69, 0xe0, 0x3d, 0x85, 0xdc, 0xdb, 0x3d,
  0x51, 0xd0, 0xd7, 0x3d, 0xe4, 0x41, 0xd4, 0x3d, 0x26, 0x2e, 0xd1, 0x3d,
  0xf1, 0x91, 0xce, 0x3d, 0x19, 0x6a, 0xcc, 0x3d, 0x62, 0xb3, 0xca, 0x3d,
  0x82, 0x6a, 0xc9, 0x3d, 0x2a, 0x8c, 0xc8, 0x3d, 0xfe, 0x14, 0xc8, 0x3d,
  0x99, 0x01, 0xc8, 0x3d, 0x8f, 0x4e, 0xc8, 0x3d, 0x6f, 0xf8, 0xc8, 0x3d,
  0xbf, 0xfb, 0xc9, 0x3d, 0x00, 0x55, 0xcb, 0x3d, 0xb4, 0x00, 0xcd, 0x3d,
  0x46, 0xfb, 0xce, 0x3d, 0x3b, 0x41, 0xd1, 0x3d, 0x05, 0xcf, 0xd3, 0x3d,
  0x04, 0xa1, 0xd6, 0x3d, 0xc3, 0xb3, 0xd9, 0x3d, 0xa4, 0x03, 0xdd, 0x3d,
  0x23, 0x8d, 0xe0, 0x3d, 0xa3, 0x4c, 0xe4, 0x3d, 0xae, 0x3e, 0xe8, 0x3d,
  0xa5, 0x5f, 0xec, 0x3d, 0x12, 0xac, 0xf0, 0x3d, 0x81, 0x20, 0xf5, 0x3d,
  0x52, 0xb9, 0xf9, 0x3d, 0x38, 0x73, 0xfe, 0x3d, 0x51, 0xa5, 0x01, 0x3e,
  0x1b, 0x1e, 0x04, 0x3e, 0x4d, 0xa2, 0x06, 0x3e, 0x38, 0x30, 0x09, 0x3e,
  0x36, 0xc6, 0x0b, 0x3e, 0xa0, 0x62, 0x0e, 0x3e, 0xd6, 0x03, 0x11, 0x3e,
  0x46, 0xa8, 0x13, 0x3e, 0x5d, 0x4e, 0x16, 0x3e, 0x8e, 0xf4, 0x18, 0x3e,
  0x4e, 0x99, 0x1b, 0x3e, 0x1f, 0x3b, 0x1e, 0x3e, 0x88, 0xd8, 0x20, 0x3e,
  0x19, 0x70, 0x23, 0x3e, 0x60, 0x00, 0x26, 0x3e, 0x07, 0x88, 0x28, 0x3e,
  0xa4, 0x05, 0x2b, 0x3e, 0xe7, 0x77, 0x2d, 0x3e, 0x87, 0xdd, 0x2f, 0x3e,
  0x43, 0x35, 0x32, 0x3e, 0xd1, 0x7d, 0x34, 0x3e, 0x11, 0xb6, 0x36, 0x3e,
  0xce, 0xdc, 0x38, 0x3e, 0xe7, 0xf0, 0x3a, 0x3e, 0x44, 0xf1, 0x3c, 0x3e,
  0xd6, 0xdc, 0x3e, 0x3e, 0x99, 0xb2, 0x40, 0x3e, 0x8e, 0x71, 0x42, 0x3e,
  0xc2, 0x18, 0x44, 0x3e, 0x45, 0xa7, 0x45, 0x3e, 0x39, 0x1c, 0x47, 0x3e,
  0xc7, 0x76, 0x48, 0x3e, 0x1f, 0xb6, 0x49, 0x3e, 0x7f, 0xd9, 0x4a, 0x3e,
  0x2a, 0xe0, 0x4b, 0x3e, 0x64, 0xc9, 0x4c, 0x3e, 0x9b, 0x94, 0x4d, 0x3e,
  0x19, 0x41, 0x4e, 0x3e, 0x57, 0xce, 0x4e, 0x3e, 0xc9, 0x3b, 0x4f, 0x3e,
  0xe2, 0x88, 0x4f, 0x3e, 0x36, 0xb5, 0x4f, 0x3e, 0x4d, 0xc0, 0x4f, 0x3e,
  0xc8, 0xa9, 0x4f, 0x3e, 0x43, 0x71, 0x4f, 0x3e, 0x75, 0x16, 0x4f, 0x3e,
  0x0c, 0x99, 0x4e, 0x3e, 0xcc, 0xf8, 0x4d, 0x3e, 0x87, 0x35, 0x4d, 0x3e,
  0xff, 0x4e, 0x4c, 0x3e, 0x1b, 0x45, 0x4b, 0x3e, 0xc5, 0x17, 0x4a, 0x3e,
  0xe3, 0xc6, 0x48, 0x3e, 0x6f, 0x52, 0x47, 0x3e, 0x6f, 0xba, 0x45, 0x3e,
  0xf0, 0xfe, 0x43, 0x3e, 0xfa, 0x1f, 0x42, 0x3e, 0xba, 0x1d, 0x40, 0x3e,
  0x4d, 0xf8, 0x3d, 0x3e, 0xe7, 0xaf, 0x3b, 0x3e, 0xbe, 0x44, 0x39, 0x3e,
  0x10, 0xb7, 0x36, 0x3e, 0x32, 0x07, 0x34, 0x3e, 0x6f, 0x35, 0x31, 0x3e,
  0x2c, 0x42, 0x2e, 0x3e, 0xc6, 0x2d, 0x2b, 0x3e, 0xb0, 0xf8, 0x27, 0x3e,
  0x5b, 0xa3, 0x24, 0x3e, 0x4e, 0x2e, 0x21, 0x3e, 0x0f, 0x9a, 0x1d, 0x3e,
  0x32, 0xe7, 0x19, 0x3e, 0x43, 0x16, 0x16, 0x3e, 0xf2, 0x27, 0x12, 0x3e,
  0xde, 0x1c, 0x0e, 0x3e, 0xbe, 0xf5, 0x09, 0x3e, 0x47, 0xb3, 0x05, 0x3e,
  0x3b, 0x56, 0x01, 0x3e, 0xc6, 0xbe, 0xf9, 0x3d, 0x1f, 0x9f, 0xf0, 0x3d,
  0x2f, 0x4f, 0xe7, 0x3d, 0xa3, 0xd0, 0xdd, 0x3d, 0x51, 0x25, 0xd4, 0x3d,
  0x19, 0x4f, 0xca, 0x3d, 0xcd, 0x4f, 0xc0, 0x3d, 0x61, 0x29, 0xb6, 0x3d,
  0xcf, 0xdd, 0xab, 0x3d, 0x1f, 0x6f, 0xa1, 0x3d, 0x60, 0xdf, 0x96, 0x3d,
  0xac, 0x30, 0x8c, 0x3d, 0x28, 0x65, 0x81, 0x3d, 0xfd, 0xfd, 0x6c, 0x3d,
  0xd0, 0x00, 0x57, 0x3d, 0x3e, 0xd7, 0x40, 0x3d, 0xcb, 0x85, 0x2a, 0x3d,
  0x0f, 0x11, 0x14, 0x3d, 0x4e, 0xfb, 0xfa, 0x3c, 0x72, 0xa0, 0xcd, 0x3c,
  0xe8, 0x1a, 0xa0, 0x3c, 0x4d, 0xe8, 0x64, 0x3c, 0x33, 0x6b, 0x09, 0x3c,
  0x4a, 0x46, 0x37, 0x3b, 0x4a, 0x46, 0x37, 0xbb, 0x33, 0x6b, 0x09, 0xbc,
  0x4d, 0xe8, 0x64, 0xbc, 0xe8, 0x1a, 0xa0, 0xbc, 0x72, 0xa0, 0xcd, 0xbc,
  0x4e, 0xfb, 0xfa, 0xbc, 0x0f, 0x11, 0x14, 0xbd, 0xcb, 0x85, 0x2a, 0xbd,
  0x3e, 0xd7, 0x40, 0xbd, 0xd0, 0x00, 0x57, 0xbd, 0xfd, 0xfd, 0x6c, 0xbd,
  0x28, 0x65, 0x81, 0xbd, 0xac, 0x30, 0x8c, 0xbd, 0x60, 0xdf, 0x96, 0xbd,
  0x1f, 0x6f, 0xa1, 0xbd, 0xcf, 0xdd, 0xab, 0xbd, 0x61, 0x29, 0xb6, 0xbd,
  0xcd, 0x4f, 0xc0, 0xbd, 0x19, 0x4f, 0xca, 0xbd, 0x51, 0x25, 0xd4, 0xbd,
  0xa3, 0xd0, 0xdd, 0xbd, 0x2f, 0x4f, 0xe7, 0xbd, 0x1f, 0x9f, 0xf0, 0xbd,
  0xc6, 0xbe, 0xf9, 0xbd, 0x3b, 0x56, 0x01, 0xbe, 0x47, 0xb3, 0x05, 0xbe,
  0xbe, 0xf5, 0x09, 0xbe, 0xde, 0x1c, 0x0e, 0xbe, 0xf2, 0x27, 0x12, 0xbe,
  0x43, 0x16, 0x16, 0xbe, 0x32, 0xe7, 0x19, 0xbe, 0x0f, 0x9a, 0x1d, 0xbe,
  0x4e, 0x2e, 0x21, 0xbe, 0x5b, 0xa3, 0x24, 0xbe, 0xb0, 0xf8, 0x27, 0xbe,
  0xc6, 0x2d, 0x2b, 0xbe, 0x2c, 0x42, 0x2e, 0xbe, 0x6f, 0x35, 0x31, 0xbe,
  0x32, 0x07, 0x34, 0xbe, 0x10, 0xb7, 0x36, 0xbe, 0xbe, 0x44, 0x39, 0xbe,
  0xe7, 0xaf, 0x3b, 0xbe, 0x4d, 0xf8, 0x3d, 0xbe, 0xba, 0x1d, 0x40, 0xbe,
  0xfa, 0x1f, 0x42, 0xbe, 0xf0, 0xfe, 0x43, 0xbe, 0x6f, 0xba, 0x45, 0xbe,
  0x6f, 0x52, 0x47, 0xbe, 0xe3, 0xc6, 0x48, 0xbe, 0xc5, 0x17, 0x4a, 0xbe,
  0x1b, 0x45, 0x4b, 0xbe, 0xff, 0x4e, 0x4c, 0xbe, 0x87, 0x35, 0x4d, 0xbe,
  0xcc, 0xf8, 0x4d, 0xbe, 0x0c, 0x99, 0x4e, 0xbe, 0x75, 0x16, 0x4f, 0xbe,
  0x43, 0x71, 0x4f, 0xbe, 0xc8, 0xa9, 0x4f, 0xbe, 0x4d, 0xc0, 0x4f, 0xbe,
  0x36, 0xb5, 0x4f, 0xbe, 0xe2, 0x88, 0x4f, 0xbe, 0xc9, 0x3b, 0x4f, 0xbe,
  0x57, 0xce, 0x4e, 0xbe, 0x19, 0x41, 0x4e, 0xbe, 0x9b, 0x94, 0x4d, 0xbe,
  0x64, 0xc9, 0x4c, 0xbe, 0x2a, 0xe0, 0x4b, 0xbe, 0x7f, 0xd9, 0x4a, 0xbe,
  0x1f, 0xb6, 0x49, 0xbe, 0xc7, 0x76, 0x48, 0xbe, 0x39, 0x1c, 0x47, 0xbe,
  0x45, 0xa7, 0x45, 0xbe, 0xc2, 0x18, 0x44, 0xbe, 0x8e, 0x71, 0x42, 0xbe,
  0x99, 0xb2, 0x40, 0xbe, 0xd6, 0xdc, 0x3e, 0xbe, 0x44, 0xf1, 0x3c, 0xbe,
  0xe7, 0xf0, 0x3a, 0xbe, 0xce, 0xdc, 0x38, 0xbe, 0x11, 0xb6, 0x36, 0xbe,
  0xd1, 0x7d, 0x34, 0xbe, 0x43, 0x35, 0x32, 0xbe, 0x87, 0xdd, 0x2f, 0xbe,
  0xe7, 0x77, 0x2d, 0xbe, 0xa4, 0x05, 0x2b, 0xbe, 0x07, 0x88, 0x28, 0xbe,
  0x60, 0x00, 0x26, 0xbe, 0x19, 0x70, 0x23, 0xbe, 0x88, 0xd8, 0x20, 0xbe,
  0x1f, 0x3b, 0x1e, 0xbe, 0x4e, 0x99, 0x1b, 0xbe, 0x8e, 0xf4, 0x18, 0xbe,
  0x5d, 0x4e, 0x16, 0xbe, 0x46, 0xa8, 0x13, 0xbe, 0xd6, 0x03, 0x11, 0xbe,
  0xa0, 0x62, 0x0e, 0xbe, 0x36, 0xc6, 0x0b, 0xbe, 0x38, 0x30, 0x09, 0xbe,
  0x4d, 0xa2, 0x06, 0xbe, 0x1b, 0x1e, 0x04, 0xbe, 0x51, 0xa5, 0x01, 0xbe,
  0x38, 0x73, 0xfe, 0xbd, 0x52, 0xb9, 0xf9, 0xbd, 0x81, 0x20, 0xf5, 0xbd,
  0x12, 0xac, 0xf0, 0xbd, 0xa5, 0x5f, 0xec, 0xbd, 0xae, 0x3e, 0xe8, 0xbd,
  0xa3, 0x4c, 0xe4, 0xbd, 0x23, 0x8d, 0xe0, 0xbd, 0xa4, 0x03, 0xdd, 0xbd,
  0xc3, 0xb3, 0xd9, 0xbd, 0x04, 0xa1, 0xd6, 0xbd, 0x05, 0xcf, 0xd3, 0xbd,
  0x3b, 0x41, 0xd1, 0xbd, 0x46, 0xfb, 0xce, 0xbd, 0xb4, 0x00, 0xcd, 0xbd,
  0x00, 0x55, 0xcb, 0xbd, 0xbf, 0xfb, 0xc9, 0xbd, 0x6f, 0xf8, 0xc8, 0xbd,
  0x8f, 0x4e, 0xc8, 0xbd, 0x99, 0x01, 0xc8, 0xbd, 0xfe, 0x14, 0xc8, 0xbd,
  0x2a, 0x8c, 0xc8, 0xbd, 0x82, 0x6a, 0xc9, 0xbd, 0x62, 0xb3, 0xca, 0xbd,
  0x19, 0x6a, 0xcc, 0xbd, 0xf1, 0x91, 0xce, 0xbd, 0x26, 0x2e, 0xd1, 0xbd,
  0xe4, 0x41, 0xd4, 0xbd, 0x51, 0xd0, 0xd7, 0xbd, 0x85, 0xdc, 0xdb, 0xbd,
  0x7d, 0x69, 0xe0, 0xbd, 0x35, 0x7a, 0xe5, 0xbd, 0x84, 0x11, 0xeb, 0xbd,
  0x4a, 0x32, 0xf1, 0xbd, 0x35, 0xdf, 0xf7, 0xbd, 0xf0, 0x1a, 0xff, 0xbd,
  0x07, 0x74, 0x03, 0xbe, 0x83, 0xa4, 0x07, 0xbe, 0x19, 0x20, 0x0c, 0xbe,
  0xeb, 0xe7, 0x10, 0xbe, 0x12, 0xfd, 0x15, 0xbe, 0x86, 0x60, 0x1b, 0xbe,
  0x47, 0x13, 0x21, 0xbe, 0x2b, 0x16, 0x27, 0xbe, 0x09, 0x6a, 0x2d, 0xbe,
  0x96, 0x0f, 0x34, 0xbe, 0x87, 0x07, 0x3b, 0xbe, 0x63, 0x52, 0x42, 0xbe,
  0xa8, 0xf0, 0x49, 0xbe, 0xb6, 0xe2, 0x51, 0xbe, 0xe3, 0x28, 0x5a, 0xbe,
  0x58, 0xc3, 0x62, 0xbe, 0x2f, 0xb2, 0x6b, 0xbe, 0x54, 0xf5, 0x74, 0xbe,
  0xa6, 0x8c, 0x7e, 0xbe, 0xed, 0x3b, 0x84, 0xbe, 0x46, 0x5b, 0x89, 0xbe,
  0x18, 0xa4, 0x8e, 0xbe, 0x09, 0x16, 0x94, 0xbe, 0xaf, 0xb0, 0x99, 0xbe,
  0x8b, 0x73, 0x9f, 0xbe, 0x07, 0x5e, 0xa5, 0xbe, 0x82, 0x6f, 0xab, 0xbe,
  0x35, 0xa7, 0xb1, 0xbe, 0x50, 0x04, 0xb8, 0xbe, 0xe6, 0x85, 0xbe, 0xbe,
  0xf0, 0x2a, 0xc5, 0xbe, 0x58, 0xf2, 0xcb, 0xbe, 0xdf, 0xda, 0xd2, 0xbe,
  0x40, 0xe3, 0xd9, 0xbe, 0x06, 0x0a, 0xe1, 0xbe, 0xb6, 0x4d, 0xe8, 0xbe,
  0xb1, 0xac, 0xef, 0xbe, 0x34, 0x25, 0xf7, 0xbe, 0x70, 0xb5, 0xfe, 0xbe,
  0xb7, 0x2d, 0x03, 0xbf, 0x93, 0x0a, 0x07, 0xbf, 0x36, 0xf0, 0x0a, 0xbf,
  0x7c, 0xdd, 0x0e, 0xbf, 0x38, 0xd1, 0x12, 0xbf, 0x29, 0xca, 0x16, 0xbf,
  0x05, 0xc7, 0x1a, 0xbf, 0x76, 0xc6, 0x1e, 0xbf, 0x14, 0xc7, 0x22, 0xbf,
  0x70, 0xc7, 0x26, 0xbf, 0x0d, 0xc6, 0x2a, 0xbf, 0x62, 0xc1, 0x2e, 0xbf,
  0xdb, 0xb7, 0x32, 0xbf, 0xdf, 0xa7, 0x36, 0xbf, 0xc3, 0x8f, 0x3a, 0xbf,
  0xdc, 0x6d, 0x3e, 0xbf, 0x73, 0x40, 0x42, 0xbf, 0xcd, 0x05, 0x46, 0xbf,
  0x25, 0xbc, 0x49, 0xbf, 0xb4, 0x61, 0x4d, 0xbf, 0xb4, 0xf4, 0x50, 0xbf,
  0x58, 0x73, 0x54, 0xbf, 0xd1, 0xdb, 0x57, 0xbf, 0x53, 0x2c, 0x5b, 0xbf,
  0x15, 0x63, 0x5e, 0xbf, 0x50, 0x7e, 0x61, 0xbf, 0x3e, 0x7c, 0x64, 0xbf,
  0x27, 0x5b, 0x67, 0xbf, 0x53, 0x19, 0x6a, 0xbf, 0x17, 0xb5, 0x6c, 0xbf,
  0xd1, 0x2c, 0x6f, 0xbf, 0xed, 0x7e, 0x71, 0xbf, 0xe6, 0xa9, 0x73, 0xbf,
  0x40, 0xac, 0x75, 0xbf, 0x97, 0x84, 0x77, 0xbf, 0x95, 0x31, 0x79, 0xbf,
  0xf7, 0xb1, 0x7a, 0xbf, 0x90, 0x04, 0x7c, 0xbf, 0x4b, 0x28, 0x7d, 0xbf,
  0x29, 0x1c, 0x7e, 0xbf, 0x45, 0xdf, 0x7e, 0xbf, 0xcf, 0x70, 0x7f, 0xbf,
  0x1a, 0xd0, 0x7f, 0xbf, 0x8a, 0xfc, 0x7f, 0xbf, 0xaa, 0xf5, 0x7f, 0xbf,
  0x1d, 0xbb, 0x7f, 0xbf, 0xa6, 0x4c, 0x7f, 0xbf, 0x23, 0xaa, 0x7e, 0xbf,
  0x93, 0xd3, 0x7d, 0xbf, 0x16, 0xc9, 0x7c, 0xbf, 0xe6, 0x8a, 0x7b, 0xbf,
  0x62, 0x19, 0x7a, 0xbf, 0x04, 0x75, 0x78, 0xbf, 0x65, 0x9e, 0x76, 0xbf,
  0x3f, 0x96, 0x74, 0xbf, 0x69, 0x5d, 0x72, 0xbf, 0xd3, 0xf4, 0x6f, 0xbf,
  0x92, 0x5d, 0x6d, 0xbf, 0xcc, 0x98, 0x6a, 0xbf, 0xcc, 0xa7, 0x67, 0xbf,
  0xef, 0x8b, 0x64, 0xbf, 0xaf, 0x46, 0x61, 0xbf, 0x9a, 0xd9, 0x5d, 0xbf,
  0x55, 0x46, 0x5a, 0xbf, 0x9b, 0x8e, 0x56, 0xbf, 0x38, 0xb4, 0x52, 0xbf,
  0x07, 0xb9, 0x4e, 0xbf, 0xf8, 0x9e, 0x4a, 0xbf, 0x05, 0x68, 0x46, 0xbf,
  0x34, 0x16, 0x42, 0xbf, 0x9a, 0xab, 0x3d, 0xbf, 0x52, 0x2a, 0x39, 0xbf,
  0x7a, 0x94, 0x34, 0xbf, 0x3e, 0xec, 0x2f, 0xbf, 0xc7, 0x33, 0x2b, 0xbf,
  0x43, 0x6d, 0x26, 0xbf, 0xdf, 0x9a, 0x21, 0xbf, 0xc8, 0xbe, 0x1c, 0xbf,
  0x2a, 0xdb, 0x17, 0xbf, 0x28, 0xf2, 0x12, 0xbf, 0xe3, 0x05, 0x0e, 0xbf,
  0x74, 0x18, 0x09, 0xbf, 0xee, 0x2b, 0x04, 0xbf, 0xad, 0x84, 0xfe, 0xbe,
  0x57, 0xbb, 0xf4, 0xbe, 0xbe, 0xff, 0xea, 0xbe, 0xaa, 0x55, 0xe1, 0xbe,
  0xc9, 0xc0, 0xd7, 0xbe, 0xb0, 0x44, 0xce, 0xbe, 0xd7, 0xe4, 0xc4, 0xbe,
  0x8d, 0xa4, 0xbb, 0xbe, 0x14, 0x87, 0xb2, 0xbe, 0x7b, 0x8f, 0xa9, 0xbe,
  0xbe, 0xc0, 0xa0, 0xbe, 0xad, 0x1d, 0x98, 0xbe, 0xff, 0xa8, 0x8f, 0xbe,
  0x42, 0x65, 0x87, 0xbe, 0xd3, 0xa9, 0x7e, 0xbe, 0x82, 0xf4, 0x6e, 0xbe,
  0xf9, 0xae, 0x5f, 0xbe, 0x4d, 0xdd, 0x50, 0xbe, 0x54, 0x83, 0x42, 0xbe,
  0xb8, 0xa4, 0x34, 0xbe, 0xce, 0x44, 0x27, 0xbe, 0xc1, 0x66, 0x1a, 0xbe,
  0x82, 0x0d, 0x0e, 0xbe, 0xbc, 0x3b, 0x02, 0xbe, 0xf8, 0xe7, 0xed, 0xbd,
  0x10, 0x71, 0xd8, 0xbd, 0x06, 0x17, 0xc4, 0xbd, 0xba, 0xdd, 0xb0, 0xbd,
  0xb2, 0xc8, 0x9e, 0xbd, 0x23, 0xdb, 0x8d, 0xbd, 0xec, 0x2f, 0x7c, 0xbd,
  0x89, 0x03, 0x5f, 0xbd, 0xc7, 0x35, 0x44, 0xbd, 0xcf, 0xca, 0x2b, 0xbd,
  0x46, 0xc6, 0x15, 0xbd, 0x61, 0x2b, 0x02, 0xbd, 0xba, 0xf9, 0xe1, 0xbc,
  0x23, 0x7a, 0xc4, 0xbc, 0xe6, 0xdb, 0xab, 0xbc, 0x26, 0x22, 0x98, 0xbc,
  0x3f, 0x4f, 0x89, 0xbc, 0xca, 0xc9, 0x7e, 0xbc, 0x49, 0xc8, 0x74, 0xbc,
  0x87, 0x9a, 0x74, 0xbc, 0xe1, 0x3f, 0x7e, 0xbc, 0x2b, 0xdb, 0x88, 0xbc,
  0x2f, 0x7d, 0x97, 0xbc, 0xa4, 0x03, 0xab, 0xbc, 0x5f, 0x6b, 0xc3, 0xbc,
  0x84, 0xb0, 0xe0, 0xbc, 0x36, 0x67, 0x01, 0xbd, 0xce, 0xdf, 0x14, 0xbd,
  0xe0, 0xbe, 0x2a, 0xbd, 0xcc, 0x00, 0x43, 0xbd, 0x76, 0xa1, 0x5d, 0xbd,
  0x43, 0x9c, 0x7a, 0xbd, 0x06, 0xf6, 0x8c, 0xbd, 0x8b, 0xc5, 0x9d, 0xbd,
  0x86, 0xb9, 0xaf, 0xbd, 0x7d, 0xce, 0xc2, 0xbd, 0x98, 0x00, 0xd7, 0xbd,
  0xb8, 0x4b, 0xec, 0xbd, 0xa0, 0x55, 0x01, 0xbe, 0x28, 0x0d, 0x0d, 0xbe,
  0xc0, 0x49, 0x19, 0xbe, 0x8d, 0x08, 0x26, 0xbe, 0x78, 0x46, 0x33, 0xbe,
  0x2b, 0x00, 0x41, 0xbe, 0x16, 0x32, 0x4f, 0xbe, 0x73, 0xd8, 0x5d, 0xbe,
  0x31, 0xef, 0x6c, 0xbe, 0x12, 0x72, 0x7c, 0xbe, 0x46, 0x2e, 0x86, 0xbe,
  0xea, 0x54, 0x8e, 0xbe, 0x71, 0xaa, 0x96, 0xbe, 0x33, 0x2c, 0x9f, 0xbe,
  0x6f, 0xd7, 0xa7, 0xbe, 0x3d, 0xa9, 0xb0, 0xbe, 0x9f, 0x9e, 0xb9, 0xbe,
  0x6d, 0xb4, 0xc2, 0xbe, 0x6d, 0xe7, 0xcb, 0xbe, 0x3b, 0x34, 0xd5, 0xbe,
  0x68, 0x97, 0xde, 0xbe, 0x5f, 0x0d, 0xe8, 0xbe, 0x7c, 0x92, 0xf1, 0xbe,
  0x03, 0x23, 0xfb, 0xbe, 0x8f, 0x5d, 0x02, 0xbf, 0x76, 0x2b, 0x07, 0xbf,
  0x42, 0xf9, 0x0b, 0xbf, 0xf1, 0xc4, 0x10, 0xbf, 0x82, 0x8c, 0x15, 0xbf,
  0xef, 0x4d, 0x1a, 0xbf, 0x31, 0x07, 0x1f, 0xbf, 0x44, 0xb6, 0x23, 0xbf,
  0x1f, 0x59, 0x28, 0xbf, 0xc5, 0xed, 0x2c, 0xbf, 0x38, 0x72, 0x31, 0xbf,
  0x85, 0xe4, 0x35, 0xbf, 0xc0, 0x42, 0x3a, 0xbf, 0x09, 0x8b, 0x3e, 0xbf,
  0x8b, 0xbb, 0x42, 0xbf, 0x82, 0xd2, 0x46, 0xbf, 0x39, 0xce, 0x4a, 0xbf,
  0x0c, 0xad, 0x4e, 0xbf, 0x6d, 0x6d, 0x52, 0xbf, 0xe0, 0x0d, 0x56, 0xbf,
  0x01, 0x8d, 0x59, 0xbf, 0x86, 0xe9, 0x5c, 0xbf, 0x3c, 0x22, 0x60, 0xbf,
  0x0d, 0x36, 0x63, 0xbf, 0xfc, 0x23, 0x66, 0xbf, 0x2a, 0xeb, 0x68, 0xbf,
  0xd6, 0x8a, 0x6b, 0xbf, 0x5e, 0x02, 0x6e, 0xbf, 0x3d, 0x51, 0x70, 0xbf,
  0x11, 0x77, 0x72, 0xbf, 0x94, 0x73, 0x74, 0xbf, 0xa2, 0x46, 0x76, 0xbf,
  0x38, 0xf0, 0x77, 0xbf, 0x70, 0x70, 0x79, 0xbf, 0x86, 0xc7, 0x7a, 0xbf,
  0xd6, 0xf5, 0x7b, 0xbf, 0xd7, 0xfb, 0x7c, 0xbf, 0x24, 0xda, 0x7d, 0xbf,
  0x6e, 0x91, 0x7e, 0xbf, 0x89, 0x22, 0x7f, 0xbf, 0x5e, 0x8e, 0x7f, 0xbf,
  0xf9, 0xd5, 0x7f, 0xbf, 0x75, 0xfa, 0x7f, 0xbf, 0x0a, 0xfd, 0x7f, 0xbf,
  0x07, 0xdf, 0x7f, 0xbf, 0xce, 0xa1, 0x7f, 0xbf, 0xd4, 0x46, 0x7f, 0xbf,
  0xa0, 0xcf, 0x7e, 0xbf, 0xca, 0x3d, 0x7e, 0xbf, 0xf4, 0x92, 0x7d, 0xbf,
  0xd5, 0xd0, 0x7c, 0xbf, 0x27, 0xf9, 0x7b, 0xbf, 0xb0, 0x0d, 0x7b, 0xbf,
  0x3d, 0x10, 0x7a, 0xbf, 0xa3, 0x02, 0x79, 0xbf, 0xbb, 0xe6, 0x77, 0xbf,
  0x5b, 0xbe, 0x76, 0xbf, 0x61, 0x8b, 0x75, 0xbf, 0xa5, 0x4f, 0x74, 0xbf,
  0x00, 0x0d, 0x73, 0xbf, 0x48, 0xc5, 0x71, 0xbf, 0x49, 0x7a, 0x70, 0xbf,
  0xce, 0x2d, 0x6f, 0xbf, 0x97, 0xe1, 0x6d, 0xbf, 0x5d, 0x97, 0x6c, 0xbf,
  0xcc, 0x50, 0x6b, 0xbf, 0x87, 0x0f, 0x6a, 0xbf, 0x23, 0xd5, 0x68, 0xbf,
  0x29, 0xa3, 0x67, 0xbf, 0x14, 0x7b, 0x66, 0xbf, 0x4e, 0x5e, 0x65, 0xbf,
  0x2e, 0x4e, 0x64, 0xbf, 0x01, 0x4c, 0x63, 0xbf, 0xff, 0x58, 0x62, 0xbf,
  0x4a, 0x76, 0x61, 0xbf, 0xf8, 0xa4, 0x60, 0xbf, 0x04, 0xe6, 0x5f, 0xbf,
  0x5a, 0x3a, 0x5f, 0xbf, 0xd0, 0xa2, 0x5e, 0xbf, 0x22, 0x20, 0x5e, 0xbf,
  0xff, 0xb2, 0x5d, 0xbf, 0xf7, 0x5b, 0x5d, 0xbf, 0x86, 0x1b, 0x5d, 0xbf,
  0x14, 0xf2, 0x5c, 0xbf, 0xec, 0xdf, 0x5c, 0xbf, 0x45, 0xe5, 0x5c, 0xbf,
  0x3b, 0x02, 0x5d, 0xbf, 0xd0, 0x36, 0x5d, 0xbf, 0xed, 0x82, 0x5d, 0xbf,
  0x63, 0xe6, 0x5d, 0xbf, 0xe8, 0x60, 0x5e, 0xbf, 0x15, 0xf2, 0x5e, 0xbf,
  0x69, 0x99, 0x5f, 0xbf, 0x49, 0x56, 0x60, 0xbf, 0xfb, 0x27, 0x61, 0xbf,
  0xaa, 0x0d, 0x62, 0xbf, 0x66, 0x06, 0x63, 0xbf, 0x22, 0x11, 0x64, 0xbf,
  0xb0, 0x2c, 0x65, 0xbf, 0xc9, 0x57, 0x66, 0xbf, 0x07, 0x91, 0x67, 0xbf,
  0xe4, 0xd6, 0x68, 0xbf, 0xc3, 0x27, 0x6a, 0xbf, 0xe2, 0x81, 0x6b, 0xbf,
  0x64, 0xe3, 0x6c, 0xbf, 0x53, 0x4a, 0x6e, 0xbf, 0x96, 0xb4, 0x6f, 0xbf,
  0xfc, 0x1f, 0x71, 0xbf, 0x35, 0x8a, 0x72, 0xbf, 0xdb, 0xf0, 0x73, 0xbf,
  0x66, 0x51, 0x75, 0xbf, 0x3f, 0xa9, 0x76, 0xbf, 0xac, 0xf5, 0x77, 0xbf,
  0xe7, 0x33, 0x79, 0xbf, 0x0c, 0x61, 0x7a, 0xbf, 0x2a, 0x7a, 0x7b, 0xbf,
  0x3b, 0x7c, 0x7c, 0xbf, 0x29, 0x64, 0x7d, 0xbf, 0xd8, 0x2e, 0x7e, 0xbf,
  0x18, 0xd9, 0x7e, 0xbf, 0xb6, 0x5f, 0x7f, 0xbf, 0x7d, 0xbf, 0x7f, 0xbf,
  0x2c, 0xf5, 0x7f, 0xbf, 0x90, 0xfd, 0x7f, 0xbf, 0x6f, 0xd5, 0x7f, 0xbf,
  0xa3, 0x79, 0x7f, 0xbf, 0x07, 0xe7, 0x7e, 0xbf, 0x8c, 0x1a, 0x7e, 0xbf,
  0x38, 0x11, 0x7d, 0xbf, 0x25, 0xc8, 0x7b, 0xbf, 0x87, 0x3c, 0x7a, 0xbf,
  0xbc, 0x6b, 0x78, 0xbf, 0x3d, 0x53, 0x76, 0xbf, 0xaf, 0xf0, 0x73, 0xbf,
  0xe5, 0x41, 0x71, 0xbf, 0xdf, 0x44, 0x6e, 0xbf, 0xd8, 0xf7, 0x6a, 0xbf,
  0x40, 0x59, 0x67, 0xbf, 0xc3, 0x67, 0x63, 0xbf, 0x4e, 0x22, 0x5f, 0xbf,
  0x16, 0x88, 0x5a, 0xbf, 0x8d, 0x98, 0x55, 0xbf, 0x77, 0x53, 0x50, 0xbf,
  0xe1, 0xb8, 0x4a, 0xbf, 0x23, 0xc9, 0x44, 0xbf, 0xe8, 0x84, 0x3e, 0xbf,
  0x2e, 0xed, 0x37, 0xbf, 0x3c, 0x03, 0x31, 0xbf, 0xb3, 0xc8, 0x29, 0xbf,
  0x88, 0x3f, 0x22, 0xbf, 0xf7, 0x69, 0x1a, 0xbf, 0x98, 0x4a, 0x12, 0xbf,
  0x4c, 0xe4, 0x09, 0xbf, 0x42, 0x3a, 0x01, 0xbf, 0xec, 0x9f, 0xf0, 0xbe,
  0x4f, 0x52, 0xde, 0xbe, 0xbf, 0x93, 0xcb, 0xbe, 0xca, 0x6c, 0xb8, 0xbe,
  0x70, 0xe6, 0xa4, 0xbe, 0x2e, 0x0a, 0x91, 0xbe, 0xad, 0xc3, 0x79, 0xbe,
  0x3c, 0xef, 0x50, 0xbe, 0x10, 0xac, 0x27, 0xbe, 0x5e, 0x1f, 0xfc, 0xbd,
  0xfe, 0x5f, 0xa8, 0xbd, 0x22, 0x8d, 0x28, 0xbd, 0x25, 0xa6, 0x11, 0xa7,
  0x00, 0x00, 0x00, 0x00, 0x4b, 0x72, 0x65, 0x3d, 0x5e, 0xff, 0xe4, 0x3d,
  0x65, 0x30, 0x2b, 0x3e, 0xcb, 0x36, 0x63, 0x3e, 0x3d, 0x2e, 0x8d, 0x3e,
  0x80, 0x36, 0xa8, 0x3e, 0x32, 0x9b, 0xc2, 0x3e, 0xc6, 0x44, 0xdc, 0x3e,
  0x3d, 0x1d, 0xf5, 0x3e, 0x37, 0x88, 0x06, 0x3f, 0x0b, 0x06, 0x12, 0x3f,
  0xf8, 0xff, 0x1c, 0x3f, 0xf5, 0x6e, 0x27, 0x3f, 0x0a, 0x4d, 0x31, 0x3f,
  0x5f, 0x95, 0x3a, 0x3f, 0x3d, 0x44, 0x43, 0x3f, 0x0c, 0x57, 0x4b, 0x3f,
  0x4a, 0xcc, 0x52, 0x3f, 0x8c, 0xa3, 0x59, 0x3f, 0x6e, 0xdd, 0x5f, 0x3f,
  0x87, 0x7b, 0x65, 0x3f, 0x61, 0x80, 0x6a, 0x3f, 0x60, 0xef, 0x6e, 0x3f,
  0xb7, 0xcc, 0x72, 0x3f, 0x55, 0x1d, 0x76, 0x3f, 0xcc, 0xe6, 0x78, 0x3f,
  0x43, 0x2f, 0x7b, 0x3f, 0x5e, 0xfd, 0x7c, 0x3f, 0x2c, 0x58, 0x7e, 0x3f,
  0x14, 0x47, 0x7f, 0x3f, 0xba, 0xd1, 0x7f, 0x3f, 0xf6, 0xff, 0x7f, 0x3f,
  0xba, 0xd9, 0x7f, 0x3f, 0x08, 0x67, 0x7f, 0x3f, 0xda, 0xaf, 0x7e, 0x3f,
  0x1e, 0xbc, 0x7d, 0x3f, 0x9a, 0x93, 0x7c, 0x3f, 0xee, 0x3d, 0x7b, 0x3f,
  0x80, 0xc2, 0x79, 0x3f, 0x7a, 0x28, 0x78, 0x3f, 0xb5, 0x76, 0x76, 0x3f,
  0xc4, 0xb3, 0x74, 0x3f, 0xdc, 0xe5, 0x72, 0x3f, 0xdf, 0x12, 0x71, 0x3f,
  0x4b, 0x40, 0x6f, 0x3f, 0x43, 0x73, 0x6d, 0x3f, 0x81, 0xb0, 0x6b, 0x3f,
  0x62, 0xfc, 0x69, 0x3f, 0xdc, 0x5a, 0x68, 0x3f, 0x80, 0xcf, 0x66, 0x3f,
  0x81, 0x5d, 0x65, 0x3f, 0xab, 0x07, 0x64, 0x3f, 0x70, 0xd0, 0x62, 0x3f,
  0xdf, 0xb9, 0x61, 0x3f, 0xb0, 0xc5, 0x60, 0x3f, 0x42, 0xf5, 0x5f, 0x3f,
  0x9d, 0x49, 0x5f, 0x3f, 0x74, 0xc3, 0x5e, 0x3f, 0x2f, 0x63, 0x5e, 0x3f,
  0xe5, 0x28, 0x5e, 0x3f, 0x65, 0x14, 0x5e, 0x3f, 0x38, 0x25, 0x5e, 0x3f,
  0xa5, 0x5a, 0x5e, 0x3f, 0xae, 0xb3, 0x5e, 0x3f, 0x21, 0x2f, 0x5f, 0x3f,
  0x8d, 0xcb, 0x5f, 0x3f, 0x50, 0x87, 0x60, 0x3f, 0x95, 0x60, 0x61, 0x3f,
  0x59, 0x55, 0x62, 0x3f, 0x6f, 0x63, 0x63, 0x3f, 0x86, 0x88, 0x64, 0x3f,
  0x2c, 0xc2, 0x65, 0x3f, 0xd0, 0x0d, 0x67, 0x3f, 0xc6, 0x68, 0x68, 0x3f,
  0x4f, 0xd0, 0x69, 0x3f, 0x9e, 0x41, 0x6b, 0x3f, 0xd9, 0xb9, 0x6c, 0x3f,
  0x1a, 0x36, 0x6e, 0x3f, 0x80, 0xb3, 0x6f, 0x3f, 0x26, 0x2f, 0x71, 0x3f,
  0x33, 0xa6, 0x72, 0x3f, 0xd6, 0x15, 0x74, 0x3f, 0x51, 0x7b, 0x75, 0x3f,
  0xf7, 0xd3, 0x76, 0x3f, 0x37, 0x1d, 0x78, 0x3f, 0x9e, 0x54, 0x79, 0x3f,
  0xda, 0x77, 0x7a, 0x3f, 0xbc, 0x84, 0x7b, 0x3f, 0x40, 0x79, 0x7c, 0x3f,
  0x8e, 0x53, 0x7d, 0x3f, 0xfd, 0x11, 0x7e, 0x3f, 0x15, 0xb3, 0x7e, 0x3f,
  0x93, 0x35, 0x7f, 0x3f, 0x68, 0x98, 0x7f, 0x3f, 0xbe, 0xda, 0x7f, 0x3f,
  0xf3, 0xfb, 0x7f, 0x3f, 0xa3, 0xfb, 0x7f, 0x3f, 0x9c, 0xd9, 0x7f, 0x3f,
  0xe7, 0x95, 0x7f, 0x3f, 0xc8, 0x30, 0x7f, 0x3f, 0xb2, 0xaa, 0x7e, 0x3f,
  0x50, 0x04, 0x7e, 0x3f, 0x7e, 0x3e, 0x7d, 0x3f, 0x47, 0x5a, 0x7c, 0x3f,
  0xe7, 0x58, 0x7b, 0x3f, 0xbe, 0x3b, 0x7a, 0x3f, 0x59, 0x04, 0x79, 0x3f,
  0x64, 0xb4, 0x77, 0x3f, 0xae, 0x4d, 0x76, 0x3f, 0x1d, 0xd2, 0x74, 0x3f,
  0xb7, 0x43, 0x73, 0x3f, 0x90, 0xa4, 0x71, 0x3f, 0xce, 0xf6, 0x6f, 0x3f,
  0xa4, 0x3c, 0x6e, 0x3f, 0x4e, 0x78, 0x6c, 0x3f, 0x0c, 0xac, 0x6a, 0x3f,
  0x20, 0xda, 0x68, 0x3f, 0xc8, 0x04, 0x67, 0x3f, 0x3d, 0x2e, 0x65, 0x3f,
  0xb0, 0x58, 0x63, 0x3f, 0x43, 0x86, 0x61, 0x3f, 0x0d, 0xb9, 0x5f, 0x3f,
  0x12, 0xf3, 0x5d, 0x3f, 0x40, 0x36, 0x5c, 0x3f, 0x6f, 0x84, 0x5a, 0x3f,
  0x66, 0xdf, 0x58, 0x3f, 0xc6, 0x48, 0x57, 0x3f, 0x21, 0xc2, 0x55, 0x3f,
  0xe3, 0x4c, 0x54, 0x3f, 0x60, 0xea, 0x52, 0x3f, 0xcd, 0x9b, 0x51, 0x3f,
  0x3d, 0x62, 0x50, 0x3f, 0xa5, 0x3e, 0x4f, 0x3f, 0xda, 0x31, 0x4e, 0x3f,
  0x94, 0x3c, 0x4d, 0x3f, 0x65, 0x5f, 0x4c, 0x3f, 0xc6, 0x9a, 0x4b, 0x3f,
  0x09, 0xef, 0x4a, 0x3f, 0x6a, 0x5c, 0x4a, 0x3f, 0xfd, 0xe2, 0x49, 0x3f,
  0xbf, 0x82, 0x49, 0x3f, 0x92, 0x3b, 0x49, 0x3f, 0x34, 0x0d, 0x49, 0x3f,
  0x4d, 0xf7, 0x48, 0x3f, 0x6c, 0xf9, 0x48, 0x3f, 0x09, 0x13, 0x49, 0x3f,
  0x7e, 0x43, 0x49, 0x3f, 0x15, 0x8a, 0x49, 0x3f, 0x00, 0xe6, 0x49, 0x3f,
  0x64, 0x56, 0x4a, 0x3f, 0x4d, 0xda, 0x4a, 0x3f, 0xbb, 0x70, 0x4b, 0x3f,
  0x9f, 0x18, 0x4c, 0x3f, 0xe0, 0xd0, 0x4c, 0x3f, 0x56, 0x98, 0x4d, 0x3f,
  0xd2, 0x6d, 0x4e, 0x3f, 0x1d, 0x50, 0x4f, 0x3f, 0xfc, 0x3d, 0x50, 0x3f,
  0x2f, 0x36, 0x51, 0x3f, 0x72, 0x37, 0x52, 0x3f, 0x84, 0x40, 0x53, 0x3f,
  0x25, 0x50, 0x54, 0x3f, 0x13, 0x65, 0x55, 0x3f, 0x14, 0x7e, 0x56, 0x3f,
  0xf4, 0x99, 0x57, 0x3f, 0x87, 0xb7, 0x58, 0x3f, 0xa7, 0xd5, 0x59, 0x3f,
  0x39, 0xf3, 0x5a, 0x3f, 0x2c, 0x0f, 0x5c, 0x3f, 0x7a, 0x28, 0x5d, 0x3f,
  0x2e, 0x3e, 0x5e, 0x3f, 0x5c, 0x4f, 0x5f, 0x3f, 0x26, 0x5b, 0x60, 0x3f,
  0xbe, 0x60, 0x61, 0x3f, 0x62, 0x5f, 0x62, 0x3f, 0x61, 0x56, 0x63, 0x3f,
  0x1a, 0x45, 0x64, 0x3f, 0xf3, 0x2a, 0x65, 0x3f, 0x6a, 0x07, 0x66, 0x3f,
  0x00, 0xda, 0x66, 0x3f, 0x4a, 0xa2, 0x67, 0x3f, 0xe8, 0x5f, 0x68, 0x3f,
  0x7f, 0x12, 0x69, 0x3f, 0xc9, 0xb9, 0x69, 0x3f, 0x7c, 0x55, 0x6a, 0x3f,
  0x60, 0xe5, 0x6a, 0x3f, 0x3c, 0x69, 0x6b, 0x3f, 0xe1, 0xe0, 0x6b, 0x3f,
  0x20, 0x4c, 0x6c, 0x3f, 0xcd, 0xaa, 0x6c, 0x3f, 0xbc, 0xfc, 0x6c, 0x3f,
  0xc0, 0x41, 0x6d, 0x3f, 0xaa, 0x79, 0x6d, 0x3f, 0x48, 0xa4, 0x6d, 0x3f,
  0x60, 0xc1, 0x6d, 0x3f, 0xb1, 0xd0, 0x6d, 0x3f, 0xf6, 0xd1, 0x6d, 0x3f,
  0xde, 0xc4, 0x6d, 0x3f, 0x0c, 0xa9, 0x6d, 0x3f, 0x1a, 0x7e, 0x6d, 0x3f,
  0x97, 0x43, 0x6d, 0x3f, 0x03, 0xf9, 0x6c, 0x3f, 0xd3, 0x9d, 0x6c, 0x3f,
  0x6d, 0x31, 0x6c, 0x3f, 0x2a, 0xb3, 0x6b, 0x3f, 0x56, 0x22, 0x6b, 0x3f,
  0x32, 0x7e, 0x6a, 0x3f, 0xec, 0xc5, 0x69, 0x3f, 0xad, 0xf8, 0x68, 0x3f,
  0x90, 0x15, 0x68, 0x3f, 0xa5, 0x1b, 0x67, 0x3f, 0xf6, 0x09, 0x66, 0x3f,
  0x88, 0xdf, 0x64, 0x3f, 0x55, 0x9b, 0x63, 0x3f, 0x57, 0x3c, 0x62, 0x3f,
  0x89, 0xc1, 0x60, 0x3f, 0xe3, 0x29, 0x5f, 0x3f, 0x67, 0x74, 0x5d, 0x3f,
  0x17, 0xa0, 0x5b, 0x3f, 0x01, 0xac, 0x59, 0x3f, 0x41, 0x97, 0x57, 0x3f,
  0xff, 0x60, 0x55, 0x3f, 0x77, 0x08, 0x53, 0x3f, 0xf6, 0x8c, 0x50, 0x3f,
  0xe6, 0xed, 0x4d, 0x3f, 0xcb, 0x2a, 0x4b, 0x3f, 0x41, 0x43, 0x48, 0x3f,
  0x0a, 0x37, 0x45, 0x3f, 0x0b, 0x06, 0x42, 0x3f, 0x4b, 0xb0, 0x3e, 0x3f,
  0xf7, 0x35, 0x3b, 0x3f, 0x6d, 0x97, 0x37, 0x3f, 0x2c, 0xd5, 0x33, 0x3f,
  0xe9, 0xef, 0x2f, 0x3f, 0x80, 0xe8, 0x2b, 0x3f, 0xfa, 0xbf, 0x27, 0x3f,
  0x98, 0x77, 0x23, 0x3f, 0xbe, 0x10, 0x1f, 0x3f, 0x04, 0x8d, 0x1a, 0x3f,
  0x2e, 0xee, 0x15, 0x3f, 0x2f, 0x36, 0x11, 0x3f, 0x1f, 0x67, 0x0c, 0x3f,
  0x46, 0x83, 0x07, 0x3f, 0x0a, 0x8d, 0x02, 0x3f, 0xfd, 0x0d, 0xfb, 0x3e,
  0xa1, 0xe7, 0xf0, 0x3e, 0x9e, 0xac, 0xe6, 0x3e, 0xc7, 0x62, 0xdc, 0x3e,
  0x1e, 0x10, 0xd2, 0x3e, 0xcf, 0xba, 0xc7, 0x3e, 0x1e, 0x69, 0xbd, 0x3e,
  0x6d, 0x21, 0xb3, 0x3e, 0x36, 0xea, 0xa8, 0x3e, 0xf3, 0xc9, 0x9e, 0x3e,
  0x20, 0xc7, 0x94, 0x3e, 0x41, 0xe8, 0x8a, 0x3e, 0xbe, 0x33, 0x81, 0x3e,
  0xef, 0x5f, 0x6f, 0x3e, 0x67, 0xc6, 0x5c, 0x3e, 0x3e, 0xa7, 0x4a, 0x3e,
  0x7b, 0x0e, 0x39, 0x3e, 0xe4, 0x07, 0x28, 0x3e, 0xe7, 0x9e, 0x17, 0x3e,
  0x9a, 0xde, 0x07, 0x3e, 0x6e, 0xa3, 0xf1, 0x3d, 0x22, 0x05, 0xd5, 0x3d,
  0x32, 0xf6, 0xb9, 0x3d, 0xbe, 0x89, 0xa0, 0x3d, 0x11, 0xd2, 0x88, 0x3d,
  0x5d, 0xc1, 0x65, 0x3d, 0xb0, 0x8c, 0x3d, 0x3d, 0x11, 0x26, 0x19, 0x3d,
  0x0c, 0x58, 0xf1, 0x3c, 0x40, 0x77, 0xb8, 0x3c, 0x35, 0xe1, 0x87, 0x3c,
  0x61, 0x95, 0x3f, 0x3c, 0xd5, 0xcb, 0x00, 0x3c, 0x80, 0x8a, 0xa7, 0x3b,
  0x0f, 0x71, 0x63, 0x3b, 0xc8, 0x9a, 0x41, 0x3b, 0x33, 0xd6, 0x6a, 0x3b,
  0xe3, 0x29, 0xb0, 0x3b, 0xe6, 0xcb, 0x08, 0x3c, 0x1d, 0x1c, 0x4d, 0x3c,
  0xc2, 0xa0, 0x92, 0x3c, 0xe7, 0xb8, 0xc8, 0x3c, 0xf8, 0x76, 0x04, 0x3d,
  0xbd, 0xa9, 0x29, 0x3d, 0x79, 0xfc, 0x53, 0x3d, 0x3e, 0xba, 0x81, 0x3d,
  0x3a, 0x0a, 0x9c, 0x3d, 0x08, 0xee, 0xb8, 0x3d, 0xda, 0x63, 0xd8, 0x3d,
  0x11, 0x68, 0xfa, 0x3d, 0x77, 0x7a, 0x0f, 0x3e, 0x43, 0x01, 0x23, 0x3e,
  0x2f, 0xc3, 0x37, 0x3e, 0xba, 0xb9, 0x4d, 0x3e, 0xd8, 0xdc, 0x64, 0x3e,
  0xea, 0x22, 0x7d, 0x3e, 0x59, 0x40, 0x8b, 0x3e, 0x90, 0x74, 0x98, 0x3e,
  0x98, 0x26, 0xa6, 0x3e, 0xfd, 0x4d, 0xb4, 0x3e, 0x3e, 0xe1, 0xc2, 0x3e,
  0xc3, 0xd5, 0xd1, 0x3e, 0xe6, 0x1f, 0xe1, 0x3e, 0xdc, 0xb2, 0xf0, 0x3e,
  0x64, 0x40, 0x00, 0x3f, 0x52, 0x3d, 0x08, 0x3f, 0x2d, 0x48, 0x10, 0x3f,
  0x63, 0x58, 0x18, 0x3f, 0xdf, 0x64, 0x20, 0x3f, 0x11, 0x64, 0x28, 0x3f,
  0xff, 0x4b, 0x30, 0x3f, 0x42, 0x12, 0x38, 0x3f, 0x26, 0xac, 0x3f, 0x3f,
  0xaa, 0x0e, 0x47, 0x3f, 0xa1, 0x2e, 0x4e, 0x3f, 0xb6, 0x00, 0x55, 0x3f,
  0x91, 0x79, 0x5b, 0x3f, 0xdd, 0x8d, 0x61, 0x3f, 0x72, 0x32, 0x67, 0x3f,
  0x61, 0x5c, 0x6c, 0x3f, 0x14, 0x01, 0x71, 0x3f, 0x67, 0x16, 0x75, 0x3f,
  0xbe, 0x92, 0x78, 0x3f, 0x27, 0x6d, 0x7b, 0x3f, 0x6f, 0x9d, 0x7d, 0x3f,
  0x37, 0x1c, 0x7f, 0x3f, 0x0e, 0xe3, 0x7f, 0x3f, 0x86, 0xec, 0x7f, 0x3f,
  0x45, 0x34, 0x7f, 0x3f, 0x14, 0xb7, 0x7d, 0x3f, 0xef, 0x72, 0x7b, 0x3f,
  0x0c, 0x67, 0x78, 0x3f, 0xe2, 0x93, 0x74, 0x3f, 0x2a, 0xfb, 0x6f, 0x3f,
  0xe3, 0x9f, 0x6a, 0x3f, 0x4c, 0x86, 0x64, 0x3f, 0xd7, 0xb3, 0x5d, 0x3f,
  0x27, 0x2f, 0x56, 0x3f, 0xf8, 0xff, 0x4d, 0x3f, 0x0f, 0x2f, 0x45, 0x3f,
  0x2d, 0xc6, 0x3b, 0x3f, 0xee, 0xcf, 0x31, 0x3f, 0xaf, 0x57, 0x27, 0x3f,
  0x7b, 0x69, 0x1c, 0x3f, 0xe2, 0x11, 0x11, 0x3f, 0xe7, 0x5d, 0x05, 0x3f,
  0xac, 0xb5, 0xf2, 0x3e, 0x59, 0x2c, 0xda, 0x3e, 0xed, 0x3a, 0xc1, 0x3e,
  0x65, 0xfc, 0xa7, 0x3e, 0x6a, 0x8b, 0x8e, 0x3e, 0x1c, 0x04, 0x6a, 0x3e,
  0x5b, 0xf3, 0x36, 0x3e, 0x5a, 0x15, 0x04, 0x3e, 0x40, 0x31, 0xa3, 0x3d,
  0x23, 0x4a, 0xfd, 0x3c, 0xa4, 0x7b, 0x8c, 0xbc, 0x81, 0xd6, 0x83, 0xbd,
  0xff, 0x8d, 0xe2, 0xbd, 0xd4, 0x82, 0x1f, 0xbe, 0x4c, 0x82, 0x4c, 0xbe,
  0x4d, 0x2c, 0x78, 0xbe, 0x9b, 0x35, 0x91, 0xbe, 0x60, 0x96, 0xa5, 0xbe,
  0xfe, 0x30, 0xb9, 0xbe, 0x95, 0xff, 0xcb, 0xbe, 0xce, 0xfd, 0xdd, 0xbe,
  0xd2, 0x28, 0xef, 0xbe, 0x25, 0x7f, 0xff, 0xbe, 0x4c, 0x80, 0x07, 0xbf,
  0x15, 0xd7, 0x0e, 0xbf, 0xf9, 0xc4, 0x15, 0xbf, 0x7f, 0x4b, 0x1c, 0xbf,
  0x9b, 0x6c, 0x22, 0xbf, 0xa2, 0x2a, 0x28, 0xbf, 0x3a, 0x88, 0x2d, 0xbf,
  0x4c, 0x88, 0x32, 0xbf, 0xfa, 0x2d, 0x37, 0xbf, 0x8e, 0x7c, 0x3b, 0xbf,
  0x6e, 0x77, 0x3f, 0xbf, 0x13, 0x22, 0x43, 0xbf, 0xfc, 0x7f, 0x46, 0xbf,
  0xa5, 0x94, 0x49, 0xbf, 0x7f, 0x63, 0x4c, 0xbf, 0xe7, 0xef, 0x4e, 0xbf,
  0x1a, 0x3d, 0x51, 0xbf, 0x3a, 0x4e, 0x53, 0xbf, 0x39, 0x26, 0x55, 0xbf,
  0xe4, 0xc7, 0x56, 0xbf, 0xd3, 0x35, 0x58, 0xbf, 0x70, 0x72, 0x59, 0xbf,
  0xea, 0x7f, 0x5a, 0xbf, 0x3d, 0x60, 0x5b, 0xbf, 0x2d, 0x15, 0x5c, 0xbf,
  0x45, 0xa0, 0x5c, 0xbf, 0xdb, 0x02, 0x5d, 0xbf, 0x0f, 0x3e, 0x5d, 0xbf,
  0xca, 0x52, 0x5d, 0xbf, 0xc6, 0x41, 0x5d, 0xbf, 0x8f, 0x0b, 0x5d, 0xbf,
  0x7f, 0xb0, 0x5c, 0xbf, 0xcb, 0x30, 0x5c, 0xbf, 0x83, 0x8c, 0x5b, 0xbf,
  0x96, 0xc3, 0x5a, 0xbf, 0xd4, 0xd5, 0x59, 0xbf, 0xf7, 0xc2, 0x58, 0xbf,
  0xa3, 0x8a, 0x57, 0xbf, 0x71, 0x2c, 0x56, 0xbf, 0xeb, 0xa7, 0x54, 0xbf,
  0x97, 0xfc, 0x52, 0xbf, 0xfe, 0x29, 0x51, 0xbf, 0xab, 0x2f, 0x4f, 0xbf,
  0x32, 0x0d, 0x4d, 0xbf, 0x32, 0xc2, 0x4a, 0xbf, 0x60, 0x4e, 0x48, 0xbf,
  0x87, 0xb1, 0x45, 0xbf, 0x88, 0xeb, 0x42, 0xbf, 0x64, 0xfc, 0x3f, 0xbf,
  0x3c, 0xe4, 0x3c, 0xbf, 0x55, 0xa3, 0x39, 0xbf, 0x17, 0x3a, 0x36, 0xbf,
  0x17, 0xa9, 0x32, 0xbf, 0x0e, 0xf1, 0x2e, 0xbf, 0xe1, 0x12, 0x2b, 0xbf,
  0xa1, 0x0f, 0x27, 0xbf, 0x89, 0xe8, 0x22, 0xbf, 0xff, 0x9e, 0x1e, 0xbf,
  0x96, 0x34, 0x1a, 0xbf, 0x07, 0xab, 0x15, 0xbf, 0x2f, 0x04, 0x11, 0xbf,
  0x1a, 0x42, 0x0c, 0xbf, 0xed, 0x66, 0x07, 0xbf, 0xf5, 0x74, 0x02, 0xbf,
  0x31, 0xdd, 0xfa, 0xbe, 0xad, 0xac, 0xf0, 0xbe, 0x91, 0x5d, 0xe6, 0xbe,
  0x33, 0xf5, 0xdb, 0xbe, 0x07, 0x79, 0xd1, 0xbe, 0x99, 0xee, 0xc6, 0xbe,
  0x80, 0x5b, 0xbc, 0xbe, 0x61, 0xc5, 0xb1, 0xbe, 0xd6, 0x31, 0xa7, 0xbe,
  0x7d, 0xa6, 0x9c, 0xbe, 0xe0, 0x28, 0x92, 0xbe, 0x70, 0xbe, 0x87, 0xbe,
  0x06, 0xd9, 0x7a, 0xbe, 0x99, 0x70, 0x66, 0xbe, 0xb1, 0x4d, 0x52, 0xbe,
  0x10, 0x7a, 0x3e, 0xbe, 0x0f, 0xff, 0x2a, 0xbe, 0x8d, 0xe5, 0x17, 0xbe,
  0x0d, 0x36, 0x05, 0xbe, 0x2b, 0xf1, 0xe5, 0xbd, 0x4d, 0x69, 0xc2, 0xbd,
  0x8a, 0xe2, 0x9f, 0xbd, 0xd6, 0xd3, 0x7c, 0xbd, 0xdd, 0x16, 0x3c, 0xbd,
  0x35, 0x48, 0xfb, 0xbc, 0xd9, 0x1e, 0x83, 0xbc, 0xf9, 0x55, 0xfd, 0xba,
  0x0a, 0xe9, 0x3c, 0x3c, 0x02, 0xa3, 0xc7, 0x3c, 0x14, 0xcf, 0x15, 0x3d,
  0xd7, 0x28, 0x45, 0x3d, 0x6c, 0xd6, 0x71, 0x3d, 0x9d, 0xe8, 0x8d, 0x3d,
  0x21, 0x8a, 0xa1, 0x3d, 0x13, 0xce, 0xb3, 0x3d, 0x83, 0xb3, 0xc4, 0x3d,
  0x3c, 0x3a, 0xd4, 0x3d, 0xbe, 0x62, 0xe2, 0x3d, 0x21, 0x2e, 0xef, 0x3d,
  0x2c, 0x9e, 0xfa, 0x3d, 0x9e, 0x5a, 0x02, 0x3e, 0x27, 0xbb, 0x06, 0x3e,
  0x6b, 0x72, 0x0a, 0x3e, 0x6a, 0x82, 0x0d, 0x3e, 0x6a, 0xed, 0x0f, 0x3e,
  0xe9, 0xb5, 0x11, 0x3e, 0xa9, 0xde, 0x12, 0x3e, 0xa5, 0x6a, 0x13, 0x3e,
  0x10, 0x5d, 0x13, 0x3e, 0x5b, 0xb9, 0x12, 0x3e, 0x29, 0x83, 0x11, 0x3e,
  0x55, 0xbe, 0x0f, 0x3e, 0xfd, 0x6e, 0x0d, 0x3e, 0x60, 0x99, 0x0a, 0x3e,
  0xff, 0x41, 0x07, 0x3e, 0x94, 0x6d, 0x03, 0x3e, 0x0a, 0x42, 0xfe, 0x3d,
  0xeb, 0xc2, 0xf4, 0x3d, 0x54, 0x68, 0xea, 0x3d, 0x62, 0x3d, 0xdf, 0x3d,
  0x5d, 0x4d, 0xd3, 0x3d, 0x23, 0xa4, 0xc6, 0x3d, 0xc6, 0x4d, 0xb9, 0x3d,
  0xbe, 0x56, 0xab, 0x3d, 0xd6, 0xcb, 0x9c, 0x3d, 0x24, 0xba, 0x8d, 0x3d,
  0x15, 0x5e, 0x7c, 0x3d, 0x56, 0x70, 0x5c, 0x3d, 0xce, 0xc6, 0x3b, 0x3d,
  0xa5, 0x7d, 0x1a, 0x3d, 0xbe, 0x62, 0xf1, 0x3c, 0x9f, 0xfd, 0xac, 0x3c,
  0x1c, 0x0c, 0x50, 0x3c, 0xe3, 0xd9, 0x8a, 0x3b, 0xe3, 0xd9, 0x8a, 0xbb,
  0x1c, 0x0c, 0x50, 0xbc, 0x9f, 0xfd, 0xac, 0xbc, 0xbe, 0x62, 0xf1, 0xbc,
  0xa5, 0x7d, 0x1a, 0xbd, 0xce, 0xc6, 0x3b, 0xbd, 0x56, 0x70, 0x5c, 0xbd,
  0x15, 0x5e, 0x7c, 0xbd, 0x24, 0xba, 0x8d, 0xbd, 0xd6, 0xcb, 0x9c, 0xbd,
  0xbe, 0x56, 0xab, 0xbd, 0xc6, 0x4d, 0xb9, 0xbd, 0x23, 0xa4, 0xc6, 0xbd,
  0x5d, 0x4d, 0xd3, 0xbd, 0x62, 0x3d, 0xdf, 0xbd, 0x54, 0x68, 0xea, 0xbd,
  0xeb, 0xc2, 0xf4, 0xbd, 0x0a, 0x42, 0xfe, 0xbd, 0x94, 0x6d, 0x03, 0xbe,
  0xff, 0x41, 0x07, 0xbe, 0x60, 0x99, 0x0a, 0xbe, 0xfd, 0x6e, 0x0d, 0xbe,
  0x55, 0xbe, 0x0f, 0xbe, 0x29, 0x83, 0x11, 0xbe, 0x5b, 0xb9, 0x12, 0xbe,
  0x10, 0x5d, 0x13, 0xbe, 0xa5, 0x6a, 0x13, 0xbe, 0xa9, 0xde, 0x12, 0xbe,
  0xe9, 0xb5, 0x11, 0xbe, 0x6a, 0xed, 0x0f, 0xbe, 0x6a, 0x82, 0x0d, 0xbe,
  0x6b, 0x72, 0x0a, 0xbe, 0x27, 0xbb, 0x06, 0xbe, 0x9e, 0x5a, 0x02, 0xbe,
  0x2c, 0x9e, 0xfa, 0xbd, 0x21, 0x2e, 0xef, 0xbd, 0xbe, 0x62, 0xe2, 0xbd,
  0x3c, 0x3a, 0xd4, 0xbd, 0x83, 0xb3, 0xc4, 0xbd, 0x13, 0xce, 0xb3, 0xbd,
  0x21, 0x8a, 0xa1, 0xbd, 0x9d, 0xe8, 0x8d, 0xbd, 0x6c, 0xd6, 0x71, 0xbd,
  0xd7, 0x28, 0x45, 0xbd, 0x14, 0xcf, 0x15, 0xbd, 0x02, 0xa3, 0xc7, 0xbc,
  0x0a, 0xe9, 0x3c, 0xbc, 0xf9, 0x55, 0xfd, 0x3a, 0xd9, 0x1e, 0x83, 0x3c,
  0x35, 0x48, 0xfb, 0x3c, 0xdd, 0x16, 0x3c, 0x3d, 0xd6, 0xd3, 0x7c, 0x3d,
  0x8a, 0xe2, 0x9f, 0x3d, 0x4d, 0x69, 0xc2, 0x3d, 0x2b, 0xf1, 0xe5, 0x3d,
  0x0d, 0x36, 0x05, 0x3e, 0x8d, 0xe5, 0x17, 0x3e, 0x0f, 0xff, 0x2a, 0x3e,
  0x10, 0x7a, 0x3e, 0x3e, 0xb1, 0x4d, 0x52, 0x3e, 0x99, 0x70, 0x66, 0x3e,
  0x06, 0xd9, 0x7a, 0x3e, 0x70, 0xbe, 0x87, 0x3e, 0xe0, 0x28, 0x92, 0x3e,
  0x7d, 0xa6, 0x9c, 0x3e, 0xd6, 0x31, 0xa7, 0x3e, 0x61, 0xc5, 0xb1, 0x3e,
  0x80, 0x5b, 0xbc, 0x3e, 0x99, 0xee, 0xc6, 0x3e, 0x07, 0x79, 0xd1, 0x3e,
  0x33, 0xf5, 0xdb, 0x3e, 0x91, 0x5d, 0xe6, 0x3e, 0xad, 0xac, 0xf0, 0x3e,
  0x31, 0xdd, 0xfa, 0x3e, 0xf5, 0x74, 0x02, 0x3f, 0xed, 0x66, 0x07, 0x3f,
  0x1a, 0x42, 0x0c, 0x3f, 0x2f, 0x04, 0x11, 0x3f, 0x07, 0xab, 0x15, 0x3f,
  0x96, 0x34, 0x1a, 0x3f, 0xff, 0x9e, 0x1e, 0x3f, 0x89, 0xe8, 0x22, 0x3f,
  0xa1, 0x0f, 0x27, 0x3f, 0xe1, 0x12, 0x2b, 0x3f, 0x0e, 0xf1, 0x2e, 0x3f,
  0x17, 0xa9, 0x32, 0x3f, 0x17, 0x3a, 0x36, 0x3f, 0x55, 0xa3, 0x39, 0x3f,
  0x3c, 0xe4, 0x3c, 0x3f, 0x64, 0xfc, 0x3f, 0x3f, 0x88, 0xeb, 0x42, 0x3f,
  0x87, 0xb1, 0x45, 0x3f, 0x60, 0x4e, 0x48, 0x3f, 0x32, 0xc2, 0x4a, 0x3f,
  0x32, 0x0d, 0x4d, 0x3f, 0xab, 0x2f, 0x4f, 0x3f, 0xfe, 0x29, 0x51, 0x3f,
  0x97, 0xfc, 0x52, 0x3f, 0xeb, 0xa7, 0x54, 0x3f, 0x71, 0x2c, 0x56, 0x3f,
  0xa3, 0x8a, 0x57, 0x3f, 0xf7, 0xc2, 0x58, 0x3f, 0xd4, 0xd5, 0x59, 0x3f,
  0x96, 0xc3, 0x5a, 0x3f, 0x83, 0x8c, 0x5b, 0x3f, 0xcb, 0x30, 0x5c, 0x3f,
  0x7f, 0xb0, 0x5c, 0x3f, 0x8f, 0x0b, 0x5d, 0x3f, 0xc6, 0x41, 0x5d, 0x3f,
  0xca, 0x52, 0x5d, 0x3f, 0x0f, 0x3e, 0x5d, 0x3f, 0xdb, 0x02, 0x5d, 0x3f,
  0x45, 0xa0, 0x5c, 0x3f, 0x2d, 0x15, 0x5c, 0x3f, 0x3d, 0x60, 0x5b, 0x3f,
  0xea, 0x7f, 0x5a, 0x3f, 0x70, 0x72, 0x59, 0x3f, 0xd3, 0x35, 0x58, 0x3f,
  0xe4, 0xc7, 0x56, 0x3f, 0x39, 0x26, 0x55, 0x3f, 0x3a, 0x4e, 0x53, 0x3f,
  0x1a, 0x3d, 0x51, 0x3f, 0xe7, 0xef, 0x4e, 0x3f, 0x7f, 0x63, 0x4c, 0x3f,
  0xa5, 0x94, 0x49, 0x3f, 0xfc, 0x7f, 0x46, 0x3f, 0x13, 0x22, 0x43, 0x3f,
  0x6e, 0x77, 0x3f, 0x3f, 0x8e, 0x7c, 0x3b, 0x3f, 0xfa, 0x2d, 0x37, 0x3f,
  0x4c, 0x88, 0x32, 0x3f, 0x3a, 0x88, 0x2d, 0x3f, 0xa2, 0x2a, 0x28, 0x3f,
  0x9b, 0x6c, 0x22, 0x3f, 0x7f, 0x4b, 0x1c, 0x3f, 0xf9, 0xc4, 0x15, 0x3f,
  0x15, 0xd7, 0x0e, 0x3f, 0x4c, 0x80, 0x07, 0x3f, 0x25, 0x7f, 0xff, 0x3e,
  0xd2, 0x28, 0xef, 0x3e, 0xce, 0xfd, 0xdd, 0x3e, 0x95, 0xff, 0xcb, 0x3e,
  0xfe, 0x30, 0xb9, 0x3e, 0x60, 0x96, 0xa5, 0x3e, 0x9b, 0x35, 0x91, 0x3e,
  0x4d, 0x2c, 0x78, 0x3e, 0x4c, 0x82, 0x4c, 0x3e, 0xd4, 0x82, 0x1f, 0x3e,
  0xff, 0x8d, 0xe2, 0x3d, 0x81, 0xd6, 0x83, 0x3d, 0xa4, 0x7b, 0x8c, 0x3c,
  0x23, 0x4a, 0xfd, 0xbc, 0x40, 0x31, 0xa3, 0xbd, 0x5a, 0x15, 0x04, 0xbe,
  0x5b, 0xf3, 0x36, 0xbe, 0x1c, 0x04, 0x6a, 0xbe, 0x6a, 0x8b, 0x8e, 0xbe,
  0x65, 0xfc, 0xa7, 0xbe, 0xed, 0x3a, 0xc1, 0xbe, 0x59, 0x2c, 0xda, 0xbe,
  0xac, 0xb5, 0xf2, 0xbe, 0xe7, 0x5d, 0x05, 0xbf, 0xe2, 0x11, 0x11, 0xbf,
  0x7b, 0x69, 0x1c, 0xbf, 0xaf, 0x57, 0x27, 0xbf, 0xee, 0xcf, 0x31, 0xbf,
  0x2d, 0xc6, 0x3b, 0xbf, 0x0f, 0x2f, 0x45, 0xbf, 0xf8, 0xff, 0x4d, 0xbf,
  0x27, 0x2f, 0x56, 0xbf, 0xd7, 0xb3, 0x5d, 0xbf, 0x4c, 0x86, 0x64, 0xbf,
  0xe3, 0x9f, 0x6a, 0xbf, 0x2a, 0xfb, 0x6f, 0xbf, 0xe2, 0x93, 0x74, 0xbf,
  0x0c, 0x67, 0x78, 0xbf, 0xef, 0x72, 0x7b, 0xbf, 0x14, 0xb7, 0x7d, 0xbf,
  0x45, 0x34, 0x7f, 0xbf, 0x86, 0xec, 0x7f, 0xbf, 0x0e, 0xe3, 0x7f, 0xbf,
  0x37, 0x1c, 0x7f, 0xbf, 0x6f, 0x9d, 0x7d, 0xbf, 0x27, 0x6d, 0x7b, 0xbf,
  0xbe, 0x92, 0x78, 0xbf, 0x67, 0x16, 0x75, 0xbf, 0x14, 0x01, 0x71, 0xbf,
  0x61, 0x5c, 0x6c, 0xbf, 0x72, 0x32, 0x67, 0xbf, 0xdd, 0x8d, 0x61, 0xbf,
  0x91, 0x79, 0x5b, 0xbf, 0xb6, 0x00, 0x55, 0xbf, 0xa1, 0x2e, 0x4e, 0xbf,
  0xaa, 0x0e, 0x47, 0xbf, 0x26, 0xac, 0x3f, 0xbf, 0x42, 0x12, 0x38, 0xbf,
  0xff, 0x4b, 0x30, 0xbf, 0x11, 0x64, 0x28, 0xbf, 0xdf, 0x64, 0x20, 0xbf,
  0x63, 0x58, 0x18, 0xbf, 0x2d, 0x48, 0x10, 0xbf, 0x52, 0x3d, 0x08, 0xbf,
  0x64, 0x40, 0x00, 0xbf, 0xdc, 0xb2, 0xf0, 0xbe, 0xe6, 0x1f, 0xe1, 0xbe,
  0xc3, 0xd5, 0xd1, 0xbe, 0x3e, 0xe1, 0xc2, 0xbe, 0xfd, 0x4d, 0xb4, 0xbe,
  0x98, 0x26, 0xa6, 0xbe, 0x90, 0x74, 0x98, 0xbe, 0x59, 0x40, 0x8b, 0xbe,
  0xea, 0x22, 0x7d, 0xbe, 0xd8, 0xdc, 0x64, 0xbe, 0xba, 0xb9, 0x4d, 0xbe,
  0x2f, 0xc3, 0x37, 0xbe, 0x43, 0x01, 0x23, 0xbe, 0x77, 0x7a, 0x0f, 0xbe,
  0x11, 0x68, 0xfa, 0xbd, 0xda, 0x63, 0xd8, 0xbd, 0x08, 0xee, 0xb8, 0xbd,
  0x3a, 0x0a, 0x9c, 0xbd, 0x3e, 0xba, 0x81, 0xbd, 0x79, 0xfc, 0x53, 0xbd,
  0xbd, 0xa9, 0x29, 0xbd, 0xf8, 0x76, 0x04, 0xbd, 0xe7, 0xb8, 0xc8, 0xbc,
  0xc2, 0xa0, 0x92, 0xbc, 0x1d, 0x1c, 0x4d, 0xbc, 0xe6, 0xcb, 0x08, 0xbc,
  0xe3, 0x29, 0xb0, 0xbb, 0x33, 0xd6, 0x6a, 0xbb, 0xc8, 0x9a, 0x41, 0xbb,
  0x0f, 0x71, 0x63, 0xbb, 0x80, 0x8a, 0xa7, 0xbb, 0xd5, 0xcb, 0x00, 0xbc,
  0x61, 0x95, 0x3f, 0xbc, 0x35, 0xe1, 0x87, 0xbc, 0x40, 0x77, 0xb8, 0xbc,
  0x0c, 0x58, 0xf1, 0xbc, 0x11, 0x26, 0x19, 0xbd, 0xb0, 0x8c, 0x3d, 0xbd,
  0x5d, 0xc1, 0x65, 0xbd, 0x11, 0xd2, 0x88, 0xbd, 0xbe, 0x89, 0xa0, 0xbd,
  0x32, 0xf6, 0xb9, 0xbd, 0x22, 0x05, 0xd5, 0xbd, 0x6e, 0xa3, 0xf1, 0xbd,
  0x9a, 0xde, 0x07, 0xbe, 0xe7, 0x9e, 0x17, 0xbe, 0xe4, 0x07, 0x28, 0xbe,
  0x7b, 0x0e, 0x39, 0xbe, 0x3e, 0xa7, 0x4a, 0xbe, 0x67, 0xc6, 0x5c, 0xbe,
  0xef, 0x5f, 0x6f, 0xbe, 0xbe, 0x33, 0x81, 0xbe, 0x41, 0xe8, 0x8a, 0xbe,
  0x20, 0xc7, 0x94, 0xbe, 0xf3, 0xc9, 0x9e, 0xbe, 0x36, 0xea, 0xa8, 0xbe,
  0x6d, 0x21, 0xb3, 0xbe, 0x1e, 0x69, 0xbd, 0xbe, 0xcf, 0xba, 0xc7, 0xbe,
  0x1e, 0x10, 0xd2, 0xbe, 0xc7, 0x62, 0xdc, 0xbe, 0x9e, 0xac, 0xe6, 0xbe,
  0xa1, 0xe7, 0xf0, 0xbe, 0xfd, 0x0d, 0xfb, 0xbe, 0x0a, 0x8d, 0x02, 0xbf,
  0x46, 0x83, 0x07, 0xbf, 0x1f, 0x67, 0x0c, 0xbf, 0x2f, 0x36, 0x11, 0xbf,
  0x2e, 0xee, 0x15, 0xbf, 0x04, 0x8d, 0x1a, 0xbf, 0xbe, 0x10, 0x1f, 0xbf,
  0x98, 0x77, 0x23, 0xbf, 0xfa, 0xbf, 0x27, 0xbf, 0x80, 0xe8, 0x2b, 0xbf,
  0xe9, 0xef, 0x2f, 0xbf, 0x2c, 0xd5, 0x33, 0xbf, 0x6d, 0x97, 0x37, 0xbf,
  0xf7, 0x35, 0x3b, 0xbf, 0x4b, 0xb0, 0x3e, 0xbf, 0x0b, 0x06, 0x42, 0xbf,
  0x0a, 0x37, 0x45, 0xbf, 0x41, 0x43, 0x48, 0xbf, 0xcb, 0x2a, 0x4b, 0xbf,
  0xe6, 0xed, 0x4d, 0xbf, 0xf6, 0x8c, 0x50, 0xbf, 0x77, 0x08, 0x53, 0xbf,
  0xff, 0x60, 0x55, 0xbf, 0x41, 0x97, 0x57, 0xbf, 0x01, 0xac, 0x59, 0xbf,
  0x17, 0xa0, 0x5b, 0xbf, 0x67, 0x74, 0x5d, 0xbf, 0xe3, 0x29, 0x5f, 0xbf,
  0x89, 0xc1, 0x60, 0xbf, 0x57, 0x3c, 0x62, 0xbf, 0x55, 0x9b, 0x63, 0xbf,
  0x88, 0xdf, 0x64, 0xbf, 0xf6, 0x09, 0x66, 0xbf, 0xa5, 0x1b, 0x67, 0xbf,
  0x90, 0x15, 0x68, 0xbf, 0xad, 0xf8, 0x68, 0xbf, 0xec, 0xc5, 0x69, 0xbf,
  0x32, 0x7e, 0x6a, 0xbf, 0x56, 0x22, 0x6b, 0xbf, 0x2a, 0xb3, 0x6b, 0xbf,
  0x6d, 0x31, 0x6c, 0xbf, 0xd3, 0x9d, 0x6c, 0xbf, 0x03, 0xf9, 0x6c, 0xbf,
  0x97, 0x43, 0x6d, 0xbf, 0x1a, 0x7e, 0x6d, 0xbf, 0x0c, 0xa9, 0x6d, 0xbf,
  0xde, 0xc4, 0x6d, 0xbf, 0xf6, 0xd1, 0x6d, 0xbf, 0xb1, 0xd0, 0x6d, 0xbf,
  0x60, 0xc1, 0x6d, 0xbf, 0x48, 0xa4, 0x6d, 0xbf, 0xaa, 0x79, 0x6d, 0xbf,
  0xc0, 0x41, 0x6d, 0xbf, 0xbc, 0xfc, 0x6c, 0xbf, 0xcd, 0xaa, 0x6c, 0xbf,
  0x20, 0x4c, 0x6c, 0xbf, 0xe1, 0xe0, 0x6b, 0xbf, 0x3c, 0x69, 0x6b, 0xbf,
  0x60, 0xe5, 0x6a, 0xbf, 0x7c, 0x55, 0x6a, 0xbf, 0xc9, 0xb9, 0x69, 0xbf,
  0x7f, 0x12, 0x69, 0xbf, 0xe8, 0x5f, 0x68, 0xbf, 0x4a, 0xa2, 0x67, 0xbf,
  0x00, 0xda, 0x66, 0xbf, 0x6a, 0x07, 0x66, 0xbf, 0xf3, 0x2a, 0x65, 0xbf,
  0x1a, 0x45, 0x64, 0xbf, 0x61, 0x56, 0x63, 0xbf, 0x62, 0x5f, 0x62, 0xbf,
  0xbe, 0x60, 0x61, 0xbf, 0x26, 0x5b, 0x60, 0xbf, 0x5c, 0x4f, 0x5f, 0xbf,
  0x2e, 0x3e, 0x5e, 0xbf, 0x7a, 0x28, 0x5d, 0xbf, 0x2c, 0x0f, 0x5c, 0xbf,
  0x39, 0xf3, 0x5a, 0xbf, 0xa7, 0xd5, 0x59, 0xbf, 0x87, 0xb7, 0x58, 0xbf,
  0xf4, 0x99, 0x57, 0xbf, 0x14, 0x7e, 0x56, 0xbf, 0x13, 0x65, 0x55, 0xbf,
  0x25, 0x50, 0x54, 0xbf, 0x84, 0x40, 0x53, 0xbf, 0x72, 0x37, 0x52, 0xbf,
  0x2f, 0x36, 0x51, 0xbf, 0xfc, 0x3d, 0x50, 0xbf, 0x1d, 0x50, 0x4f, 0xbf,
  0xd2, 0x6d, 0x4e, 0xbf, 0x56, 0x98, 0x4d, 0xbf, 0xe0, 0xd0, 0x4c, 0xbf,
  0x9f, 0x18, 0x4c, 0xbf, 0xbb, 0x70, 0x4b, 0xbf, 0x4d, 0xda, 0x4a, 0xbf,
  0x64, 0x56, 0x4a, 0xbf, 0x00, 0xe6, 0x49, 0xbf, 0x15, 0x8a, 0x49, 0xbf,
  0x7e, 0x43, 0x49, 0xbf, 0x09, 0x13, 0x49, 0xbf, 0x6c, 0xf9, 0x48, 0xbf,
  0x4d, 0xf7, 0x48, 0xbf, 0x34, 0x0d, 0x49, 0xbf, 0x92, 0x3b, 0x49, 0xbf,
  0xbf, 0x82, 0x49, 0xbf, 0xfd, 0xe2, 0x49, 0xbf, 0x6a, 0x5c, 0x4a, 0xbf,
  0x09, 0xef, 0x4a, 0xbf, 0xc6, 0x9a, 0x4b, 0xbf, 0x65, 0x5f, 0x4c, 0xbf,
  0x94, 0x3c, 0x4d, 0xbf, 0xda, 0x31, 0x4e, 0xbf, 0xa5, 0x3e, 0x4f, 0xbf,
  0x3d, 0x62, 0x50, 0xbf, 0xcd, 0x9b, 0x51, 0xbf, 0x60, 0xea, 0x52, 0xbf,
  0xe3, 0x4c, 0x54, 0xbf, 0x21, 0xc2, 0x55, 0xbf, 0xc6, 0x48, 0x57, 0xbf,
  0x66, 0xdf, 0x58, 0xbf, 0x6f, 0x84, 0x5a, 0xbf, 0x40, 0x36, 0x5c, 0xbf,
  0x12, 0xf3, 0x5d, 0xbf, 0x0d, 0xb9, 0x5f, 0xbf, 0x43, 0x86, 0x61, 0xbf,
  0xb0, 0x58, 0x63, 0xbf, 0x3d, 0x2e, 0x65, 0xbf, 0xc8, 0x04, 0x67, 0xbf,
  0x20, 0xda, 0x68, 0xbf, 0x0c, 0xac, 0x6a, 0xbf, 0x4e, 0x78, 0x6c, 0xbf,
  0xa4, 0x3c, 0x6e, 0xbf, 0xce, 0xf6, 0x6f, 0xbf, 0x90, 0xa4, 0x71, 0xbf,
  0xb7, 0x43, 0x73, 0xbf, 0x1d, 0xd2, 0x74, 0xbf, 0xae, 0x4d, 0x76, 0xbf,
  0x64, 0xb4, 0x77, 0xbf, 0x59, 0x04, 0x79, 0xbf, 0xbe, 0x3b, 0x7a, 0xbf,
  0xe7, 0x58, 0x7b, 0xbf, 0x47, 0x5a, 0x7c, 0xbf, 0x7e, 0x3e, 0x7d, 0xbf,
  0x50, 0x04, 0x7e, 0xbf, 0xb2, 0xaa, 0x7e, 0xbf, 0xc8, 0x30, 0x7f, 0xbf,
  0xe7, 0x95, 0x7f, 0xbf, 0x9c, 0xd9, 0x7f, 0xbf, 0xa3, 0xfb, 0x7f, 0xbf,
  0xf3, 0xfb, 0x7f, 0xbf, 0xbe, 0xda, 0x7f, 0xbf, 0x68, 0x98, 0x7f, 0xbf,
  0x93, 0x35, 0x7f, 0xbf, 0x15, 0xb3, 0x7e, 0xbf, 0xfd, 0x11, 0x7e, 0xbf,
  0x8e, 0x53, 0x7d, 0xbf, 0x40, 0x79, 0x7c, 0xbf, 0xbc, 0x84, 0x7b, 0xbf,
  0xda, 0x77, 0x7a, 0xbf, 0x9e, 0x54, 0x79, 0xbf, 0x37, 0x1d, 0x78, 0xbf,
  0xf7, 0xd3, 0x76, 0xbf, 0x51, 0x7b, 0x75, 0xbf, 0xd6, 0x15, 0x74, 0xbf,
  0x33, 0xa6, 0x72, 0xbf, 0x26, 0x2f, 0x71, 0xbf, 0x80, 0xb3, 0x6f, 0xbf,
  0x1a, 0x36, 0x6e, 0xbf, 0xd9, 0xb9, 0x6c, 0xbf, 0x9e, 0x41, 0x6b, 0xbf,
  0x4f, 0xd0, 0x69, 0xbf, 0xc6, 0x68, 0x68, 0xbf, 0xd0, 0x0d, 0x67, 0xbf,
  0x2c, 0xc2, 0x65, 0xbf, 0x86, 0x88, 0x64, 0xbf, 0x6f, 0x63, 0x63, 0xbf,
  0x59, 0x55, 0x62, 0xbf, 0x95, 0x60, 0x61, 0xbf, 0x50, 0x87, 0x60, 0xbf,
  0x8d, 0xcb, 0x5f, 0xbf, 0x21, 0x2f, 0x5f, 0xbf, 0xae, 0xb3, 0x5e, 0xbf,
  0xa5, 0x5a, 0x5e, 0xbf, 0x38, 0x25, 0x5e, 0xbf, 0x65, 0x14, 0x5e, 0xbf,
  0xe5, 0x28, 0x5e, 0xbf, 0x2f, 0x63, 0x5e, 0xbf, 0x74, 0xc3, 0x5e, 0xbf,
  0x9d, 0x49, 0x5f, 0xbf, 0x42, 0xf5, 0x5f, 0xbf, 0xb0, 0xc5, 0x60, 0xbf,
  0xdf, 0xb9, 0x61, 0xbf, 0x70, 0xd0, 0x62, 0xbf, 0xab, 0x07, 0x64, 0xbf,
  0x81, 0x5d, 0x65, 0xbf, 0x80, 0xcf, 0x66, 0xbf, 0xdc, 0x5a, 0x68, 0xbf,
  0x62, 0xfc, 0x69, 0xbf, 0x81, 0xb0, 0x6b, 0xbf, 0x43, 0x73, 0x6d, 0xbf,
  0x4b, 0x40, 0x6f, 0xbf, 0xdf, 0x12, 0x71, 0xbf, 0xdc, 0xe5, 0x72, 0xbf,
  0xc4, 0xb3, 0x74, 0xbf, 0xb5, 0x76, 0x76, 0xbf, 0x7a, 0x28, 0x78, 0xbf,
  0x80, 0xc2, 0x79, 0xbf, 0xee, 0x3d, 0x7b, 0xbf, 0x9a, 0x93, 0x7c, 0xbf,
  0x1e, 0xbc, 0x7d, 0xbf, 0xda, 0xaf, 0x7e, 0xbf, 0x08, 0x67, 0x7f, 0xbf,
  0xba, 0xd9, 0x7f, 0xbf, 0xf6, 0xff, 0x7f, 0xbf, 0xba, 0xd1, 0x7f, 0xbf,
  0x14, 0x47, 0x7f, 0xbf, 0x2c, 0x58, 0x7e, 0xbf, 0x5e, 0xfd, 0x7c, 0xbf,
  0x43, 0x2f, 0x7b, 0xbf, 0xcc, 0xe6, 0x78, 0xbf, 0x55, 0x1d, 0x76, 0xbf,
  0xb7, 0xcc, 0x72, 0xbf, 0x60, 0xef, 0x6e, 0xbf, 0x61, 0x80, 0x6a, 0xbf,
  0x87, 0x7b, 0x65, 0xbf, 0x6e, 0xdd, 0x5f, 0xbf, 0x8c, 0xa3, 0x59, 0xbf,
  0x4a, 0xcc, 0x52, 0xbf, 0x0c, 0x57, 0x4b, 0xbf, 0x3d, 0x44, 0x43, 0xbf,
  0x5f, 0x95, 0x3a, 0xbf, 0x0a, 0x4d, 0x31, 0xbf, 0xf5, 0x6e, 0x27, 0xbf,
  0xf8, 0xff, 0x1c, 0xbf, 0x0b, 0x06, 0x12, 0xbf, 0x37, 0x88, 0x06, 0xbf,
  0x3d, 0x1d, 0xf5, 0xbe, 0xc6, 0x44, 0xdc, 0xbe, 0x32, 0x9b, 0xc2, 0xbe,
  0x80, 0x36, 0xa8, 0xbe, 0x3d, 0x2e, 0x8d, 0xbe, 0xcb, 0x36, 0x63, 0xbe,
  0x65, 0x30, 0x2b, 0xbe, 0x5e, 0xff, 0xe4, 0xbd, 0x4b, 0x72, 0x65, 0xbd,
  0x25, 0xa6, 0x11, 0xa7, 0x00, 0x00, 0x00, 0x00, 0x2a, 0x64, 0xa0, 0x3d,
  0x38, 0xc7, 0x1f, 0x3e, 0x42, 0x25, 0x6e, 0x3e, 0xa8, 0x5b, 0x9d, 0x3e,
  0x41, 0x78, 0xc2, 0x3e, 0x11, 0x27, 0xe6, 0x3e, 0x6d, 0x16, 0x04, 0x3f,
  0xb2, 0x2a, 0x14, 0x3f, 0x0e, 0x3a, 0x23, 0x3f, 0x51, 0x32, 0x31, 0x3f,
  0x8b, 0x05, 0x3e, 0x3f, 0x1d, 0xaa, 0x49, 0x3f, 0xac, 0x1a, 0x54, 0x3f,
  0x0c, 0x56, 0x5d, 0x3f, 0x01, 0x5f, 0x65, 0x3f, 0x0b, 0x3c, 0x6c, 0x3f,
  0x09, 0xf7, 0x71, 0x3f, 0xde, 0x9c, 0x76, 0x3f, 0x0e, 0x3d, 0x7a, 0x3f,
  0x4f, 0xe9, 0x7c, 0x3f, 0x1f, 0xb5, 0x7e, 0x3f, 0x56, 0xb5, 0x7f, 0x3f,
  0xbf, 0xff, 0x7f, 0x3f, 0xae, 0xaa, 0x7f, 0x3f, 0xa8, 0xcc, 0x7e, 0x3f,
  0x0e, 0x7c, 0x7d, 0x3f, 0xcd, 0xce, 0x7b, 0x3f, 0x18, 0xda, 0x79, 0x3f,
  0x37, 0xb2, 0x77, 0x3f, 0x51, 0x6a, 0x75, 0x3f, 0x48, 0x14, 0x73, 0x3f,
  0x96, 0xc0, 0x70, 0x3f, 0x3b, 0x7e, 0x6e, 0x3f, 0xaa, 0x5a, 0x6c, 0x3f,
  0xbe, 0x61, 0x6a, 0x3f, 0xba, 0x9d, 0x68, 0x3f, 0x41, 0x17, 0x67, 0x3f,
  0x5b, 0xd5, 0x65, 0x3f, 0x7b, 0xdd, 0x64, 0x3f, 0x81, 0x33, 0x64, 0x3f,
  0xc9, 0xd9, 0x63, 0x3f, 0x2d, 0xd1, 0x63, 0x3f, 0x15, 0x19, 0x64, 0x3f,
  0x79, 0xaf, 0x64, 0x3f, 0xf6, 0x90, 0x65, 0x3f, 0xd6, 0xb8, 0x66, 0x3f,
  0x1c, 0x21, 0x68, 0x3f, 0x93, 0xc2, 0x69, 0x3f, 0xe0, 0x94, 0x6b, 0x3f,
  0x97, 0x8e, 0x6d, 0x3f, 0x4c, 0xa5, 0x6f, 0x3f, 0xae, 0xcd, 0x71, 0x3f,
  0xa1, 0xfb, 0x73, 0x3f, 0x60, 0x22, 0x76, 0x3f, 0x98, 0x34, 0x78, 0x3f,
  0x9c, 0x24, 0x7a, 0x3f, 0x7f, 0xe4, 0x7b, 0x3f, 0x50, 0x66, 0x7d, 0x3f,
  0x3b, 0x9c, 0x7e, 0x3f, 0xc8, 0x78, 0x7f, 0x3f, 0x05, 0xef, 0x7f, 0x3f,
  0xc0, 0xf2, 0x7f, 0x3f, 0xb5, 0x78, 0x7f, 0x3f, 0xc5, 0x76, 0x7e, 0x3f,
  0x1e, 0xe4, 0x7c, 0x3f, 0x6c, 0xb9, 0x7a, 0x3f, 0xfc, 0xf0, 0x77, 0x3f,
  0xde, 0x86, 0x74, 0x3f, 0xf7, 0x78, 0x70, 0x3f, 0x1c, 0xc7, 0x6b, 0x3f,
  0x0c, 0x73, 0x66, 0x3f, 0x84, 0x80, 0x60, 0x3f, 0x1f, 0xf5, 0x59, 0x3f,
  0x51, 0xd8, 0x52, 0x3f, 0x4b, 0x33, 0x4b, 0x3f, 0xd5, 0x10, 0x43, 0x3f,
  0x27, 0x7d, 0x3a, 0x3f, 0xbc, 0x85, 0x31, 0x3f, 0x18, 0x39, 0x28, 0x3f,
  0x96, 0xa6, 0x1e, 0x3f, 0x30, 0xde, 0x14, 0x3f, 0x40, 0xf0, 0x0a, 0x3f,
  0x50, 0xed, 0x00, 0x3f, 0xb5, 0xcb, 0xed, 0x3e, 0x48, 0xd4, 0xd9, 0x3e,
  0xff, 0x13, 0xc6, 0x3e, 0x5d, 0xa9, 0xb2, 0x3e, 0x7a, 0xb1, 0x9f, 0x3e,
  0xcc, 0x47, 0x8d, 0x3e, 0xf2, 0x0b, 0x77, 0x3e, 0x64, 0x07, 0x55, 0x3e,
  0x65, 0xad, 0x34, 0x3e, 0x5d, 0x25, 0x16, 0x3e, 0x92, 0x25, 0xf3, 0x3d,
  0x7c, 0x2a, 0xbe, 0x3d, 0x7b, 0x91, 0x8d, 0x3d, 0x67, 0x17, 0x43, 0x3d,
  0x3a, 0x10, 0xe9, 0x3c, 0xd9, 0xfe, 0x3e, 0x3c, 0xba, 0x12, 0x30, 0xbb,
  0xa0, 0x0a, 0x6e, 0xbc, 0xdf, 0x28, 0xc3, 0xbc, 0x81, 0x19, 0xfa, 0xbc,
  0x84, 0xc7, 0x0d, 0xbd, 0xac, 0xa5, 0x13, 0xbd, 0xc8, 0x8c, 0x0e, 0xbd,
  0xb6, 0xcd, 0xfc, 0xbc, 0x2e, 0x45, 0xc6, 0xbc, 0x2a, 0xcf, 0x72, 0xbc,
  0x15, 0x43, 0x31, 0xbb, 0xc5, 0xed, 0x46, 0x3c, 0xc5, 0x63, 0xf3, 0x3c,
  0xbb, 0xbb, 0x4c, 0x3d, 0xb8, 0x5c, 0x95, 0x3d, 0x90, 0xbe, 0xc9, 0x3d,
  0x0f, 0xb2, 0x01, 0x3e, 0x48, 0x12, 0x21, 0x3e, 0x14, 0xe6, 0x42, 0x3e,
  0x9f, 0x0d, 0x67, 0x3e, 0x34, 0xb1, 0x86, 0x3e, 0x68, 0xdb, 0x9a, 0x3e,
  0xdc, 0xea, 0xaf, 0x3e, 0xfd, 0xc0, 0xc5, 0x3e, 0x2a, 0x3b, 0xdc, 0x3e,
  0xb7, 0x32, 0xf3, 0x3e, 0x76, 0x3e, 0x05, 0x3f, 0x99, 0xf5, 0x10, 0x3f,
  0xb2, 0xa5, 0x1c, 0x3f, 0x0e, 0x34, 0x28, 0x3f, 0xa6, 0x84, 0x33, 0x3f,
  0x5e, 0x7a, 0x3e, 0x3f, 0x6d, 0xf7, 0x48, 0x3f, 0xb4, 0xdd, 0x52, 0x3f,
  0x40, 0x0f, 0x5c, 0x3f, 0xb7, 0x6e, 0x64, 0x3f, 0xe0, 0xdf, 0x6b, 0x3f,
  0x19, 0x48, 0x72, 0x3f, 0xe4, 0x8e, 0x77, 0x3f, 0x5d, 0x9e, 0x7b, 0x3f,
  0xa9, 0x63, 0x7e, 0x3f, 0x69, 0xcf, 0x7f, 0x3f, 0x0b, 0xd6, 0x7f, 0x3f,
  0x14, 0x70, 0x7e, 0x3f, 0x56, 0x9a, 0x7b, 0x3f, 0x05, 0x56, 0x77, 0x3f,
  0xcb, 0xa8, 0x71, 0x3f, 0xa5, 0x9c, 0x6a, 0x3f, 0xc1, 0x3f, 0x62, 0x3f,
  0x42, 0xa4, 0x58, 0x3f, 0xe3, 0xdf, 0x4d, 0x3f, 0x8c, 0x0b, 0x42, 0x3f,
  0xea, 0x42, 0x35, 0x3f, 0xdb, 0xa3, 0x27, 0x3f, 0xef, 0x4d, 0x19, 0x3f,
  0xcb, 0x61, 0x0a, 0x3f, 0x58, 0x01, 0xf6, 0x3e, 0x91, 0x97, 0xd6, 0x3e,
  0xa8, 0xc7, 0xb6, 0x3e, 0x00, 0xd1, 0x96, 0x3e, 0x3c, 0xe0, 0x6d, 0x3e,
  0xc8, 0xbb, 0x2e, 0x3e, 0xd5, 0x3b, 0xe1, 0x3d, 0x76, 0x99, 0x4f, 0x3d,
  0x40, 0xa9, 0xe2, 0xbb, 0x49, 0x14, 0x80, 0xbd, 0x38, 0x70, 0xed, 0xbd,
  0xd3, 0xe9, 0x2a, 0xbe, 0x75, 0x74, 0x5c, 0xbe, 0x87, 0x9b, 0x85, 0xbe,
  0x09, 0x8d, 0x9b, 0xbe, 0x3c, 0x07, 0xb0, 0xbe, 0x70, 0x06, 0xc3, 0xbe,
  0x4b, 0x8a, 0xd4, 0xbe, 0x4e, 0x95, 0xe4, 0xbe, 0x4e, 0x2c, 0xf3, 0xbe,
  0xfa, 0x2a, 0x00, 0xbf, 0x22, 0x0d, 0x06, 0xbf, 0x0e, 0x41, 0x0b, 0xbf,
  0x67, 0xcb, 0x0f, 0xbf, 0xd7, 0xb0, 0x13, 0xbf, 0xe9, 0xf5, 0x16, 0xbf,
  0xd3, 0x9e, 0x19, 0xbf, 0x62, 0xaf, 0x1b, 0xbf, 0xd5, 0x2a, 0x1d, 0xbf,
  0xd5, 0x13, 0x1e, 0xbf, 0x5f, 0x6c, 0x1e, 0xbf, 0xc4, 0x35, 0x1e, 0xbf,
  0xa9, 0x70, 0x1d, 0xbf, 0x0c, 0x1d, 0x1c, 0xbf, 0x4f, 0x3a, 0x1a, 0xbf,
  0x50, 0xc7, 0x17, 0xbf, 0x7f, 0xc2, 0x14, 0xbf, 0xf9, 0x29, 0x11, 0xbf,
  0xaa, 0xfb, 0x0c, 0xbf, 0x73, 0x35, 0x08, 0xbf, 0x54, 0xd5, 0x02, 0xbf,
  0x18, 0xb3, 0xf9, 0xbe, 0xab, 0x81, 0xec, 0xbe, 0x0f, 0x15, 0xde, 0xbe,
  0x88, 0x6d, 0xce, 0xbe, 0x44, 0x8d, 0xbd, 0xbe, 0xae, 0x78, 0xab, 0xbe,
  0xb6, 0x36, 0x98, 0xbe, 0x06, 0xd1, 0x83, 0xbe, 0x7e, 0xa8, 0x5c, 0xbe,
  0x30, 0xa0, 0x2f, 0xbe, 0xd3, 0xae, 0x00, 0xbe, 0x03, 0x01, 0xa0, 0xbd,
  0x98, 0x3b, 0xee, 0xbc, 0x6b, 0x21, 0xae, 0x3c, 0x7d, 0xc9, 0x94, 0x3d,
  0x78, 0xaf, 0xff, 0x3d, 0x6e, 0xd6, 0x35, 0x3e, 0xd2, 0x16, 0x6c, 0x3e,
  0x48, 0x26, 0x91, 0x3e, 0xfc, 0x14, 0xac, 0x3e, 0x96, 0xb0, 0xc6, 0x3e,
  0x9f, 0xd2, 0xe0, 0x3e, 0xb7, 0x55, 0xfa, 0x3e, 0x0b, 0x8b, 0x09, 0x3f,
  0x1a, 0x79, 0x15, 0x3f, 0x98, 0xe5, 0x20, 0x3f, 0xa7, 0xc2, 0x2b, 0x3f,
  0x35, 0x04, 0x36, 0x3f, 0x1f, 0xa0, 0x3f, 0x3f, 0x55, 0x8e, 0x48, 0x3f,
  0xec, 0xc8, 0x50, 0x3f, 0x29, 0x4c, 0x58, 0x3f, 0x85, 0x16, 0x5f, 0x3f,
  0x9e, 0x28, 0x65, 0x3f, 0x21, 0x85, 0x6a, 0x3f, 0xb2, 0x30, 0x6f, 0x3f,
  0xc0, 0x31, 0x73, 0x3f, 0x5f, 0x90, 0x76, 0x3f, 0x0c, 0x56, 0x79, 0x3f,
  0x86, 0x8d, 0x7b, 0x3f, 0x89, 0x42, 0x7d, 0x3f, 0x97, 0x81, 0x7e, 0x3f,
  0xc5, 0x57, 0x7f, 0x3f, 0x77, 0xd2, 0x7f, 0x3f, 0x2e, 0xff, 0x7f, 0x3f,
  0x58, 0xeb, 0x7f, 0x3f, 0x14, 0xa4, 0x7f, 0x3f, 0x0f, 0x36, 0x7f, 0x3f,
  0x51, 0xad, 0x7e, 0x3f, 0x1f, 0x15, 0x7e, 0x3f, 0xd6, 0x77, 0x7d, 0x3f,
  0xce, 0xde, 0x7c, 0x3f, 0x3c, 0x52, 0x7c, 0x3f, 0x28, 0xd9, 0x7b, 0x3f,
  0x4c, 0x79, 0x7b, 0x3f, 0x0f, 0x37, 0x7b, 0x3f, 0x74, 0x15, 0x7b, 0x3f,
  0x0d, 0x16, 0x7b, 0x3f, 0xf9, 0x38, 0x7b, 0x3f, 0xdd, 0x7c, 0x7b, 0x3f,
  0xe1, 0xde, 0x7b, 0x3f, 0xab, 0x5a, 0x7c, 0x3f, 0x6f, 0xea, 0x7c, 0x3f,
  0xe4, 0x86, 0x7d, 0x3f, 0x59, 0x27, 0x7e, 0x3f, 0xbe, 0xc1, 0x7e, 0x3f,
  0xba, 0x4a, 0x7f, 0x3f, 0xb5, 0xb5, 0x7f, 0x3f, 0x06, 0xf5, 0x7f, 0x3f,
  0x04, 0xfa, 0x7f, 0x3f, 0x38, 0xb5, 0x7f, 0x3f, 0x84, 0x16, 0x7f, 0x3f,
  0x5b, 0x0d, 0x7e, 0x3f, 0xff, 0x88, 0x7c, 0x3f, 0xb8, 0x78, 0x7a, 0x3f,
  0x1c, 0xcc, 0x77, 0x3f, 0x62, 0x73, 0x74, 0x3f, 0xa3, 0x5f, 0x70, 0x3f,
  0x30, 0x83, 0x6b, 0x3f, 0xdd, 0xd1, 0x65, 0x3f, 0x56, 0x41, 0x5f, 0x3f,
  0x64, 0xc9, 0x57, 0x3f, 0x2d, 0x64, 0x4f, 0x3f, 0x7f, 0x0e, 0x46, 0x3f,
  0xf9, 0xc7, 0x3b, 0x3f, 0x33, 0x93, 0x30, 0x3f, 0xde, 0x75, 0x24, 0x3f,
  0xc6, 0x78, 0x17, 0x3f, 0xd9, 0xa7, 0x09, 0x3f, 0x0d, 0x24, 0xf6, 0x3e,
  0x41, 0x92, 0xd7, 0x3e, 0x39, 0xc3, 0xb7, 0x3e, 0xb0, 0xe4, 0x96, 0x3e,
  0xd0, 0x50, 0x6a, 0x3e, 0x00, 0x87, 0x25, 0x3e, 0x2b, 0xb6, 0xbf, 0x3d,
  0x15, 0xfb, 0xcd, 0x3c, 0x35, 0x62, 0x31, 0xbd, 0xab, 0xf3, 0xe3, 0xbd,
  0x19, 0xb4, 0x36, 0xbe, 0x5c, 0x1b, 0x7a, 0xbe, 0xdd, 0xe4, 0x9d, 0xbe,
  0x65, 0xb0, 0xbd, 0xbe, 0x9d, 0x45, 0xdc, 0xbe, 0xd6, 0x7e, 0xf9, 0xbe,
  0xee, 0x9d, 0x0a, 0xbf, 0x27, 0xb1, 0x17, 0xbf, 0xdb, 0xee, 0x23, 0xbf,
  0xd3, 0x4f, 0x2f, 0xbf, 0xd6, 0xcf, 0x39, 0xbf, 0x87, 0x6d, 0x43, 0xbf,
  0x49, 0x2a, 0x4c, 0xbf, 0x0a, 0x0a, 0x54, 0xbf, 0x0c, 0x13, 0x5b, 0xbf,
  0xa0, 0x4d, 0x61, 0xbf, 0xe0, 0xc3, 0x66, 0xbf, 0x62, 0x81, 0x6b, 0xbf,
  0xf3, 0x92, 0x6f, 0xbf, 0x3e, 0x06, 0x73, 0xbf, 0x87, 0xe9, 0x75, 0xbf,
  0x68, 0x4b, 0x78, 0xbf, 0x7f, 0x3a, 0x7a, 0xbf, 0x3e, 0xc5, 0x7b, 0xbf,
  0x9f, 0xf9, 0x7c, 0xbf, 0x01, 0xe5, 0x7d, 0xbf, 0xef, 0x93, 0x7e, 0xbf,
  0xf4, 0x11, 0x7f, 0xbf, 0x7f, 0x69, 0x7f, 0xbf, 0xc7, 0xa3, 0x7f, 0xbf,
  0xa8, 0xc8, 0x7f, 0xbf, 0x99, 0xde, 0x7f, 0xbf, 0x99, 0xea, 0x7f, 0xbf,
  0x27, 0xf0, 0x7f, 0xbf, 0x3a, 0xf1, 0x7f, 0xbf, 0x3f, 0xee, 0x7f, 0xbf,
  0x1b, 0xe6, 0x7f, 0xbf, 0x2b, 0xd6, 0x7f, 0xbf, 0x57, 0xba, 0x7f, 0xbf,
  0x17, 0x8d, 0x7f, 0xbf, 0x81, 0x47, 0x7f, 0xbf, 0x69, 0xe1, 0x7e, 0xbf,
  0x6f, 0x51, 0x7e, 0xbf, 0x23, 0x8d, 0x7d, 0xbf, 0x27, 0x89, 0x7c, 0xbf,
  0x56, 0x39, 0x7b, 0xbf, 0xf0, 0x90, 0x79, 0xbf, 0xcd, 0x82, 0x77, 0xbf,
  0x93, 0x01, 0x75, 0xbf, 0xf1, 0xff, 0x71, 0xbf, 0xd9, 0x70, 0x6e, 0xbf,
  0xc8, 0x47, 0x6a, 0xbf, 0x07, 0x79, 0x65, 0xbf, 0xe9, 0xf9, 0x5f, 0xbf,
  0x18, 0xc1, 0x59, 0xbf, 0xc9, 0xc6, 0x52, 0xbf, 0x04, 0x05, 0x4b, 0xbf,
  0xdc, 0x77, 0x42, 0xbf, 0x96, 0x1d, 0x39, 0xbf, 0xd9, 0xf6, 0x2e, 0xbf,
  0xca, 0x06, 0x24, 0xbf, 0x1a, 0x53, 0x18, 0xbf, 0x0e, 0xe4, 0x0b, 0xbf,
  0xfe, 0x88, 0xfd, 0xbe, 0x67, 0x03, 0xe2, 0xbe, 0x92, 0x56, 0xc5, 0xbe,
  0x05, 0xa6, 0xa7, 0xbe, 0xfe, 0x18, 0x89, 0xbe, 0x12, 0xb4, 0x53, 0xbe,
  0x6c, 0x2c, 0x14, 0xbe, 0xef, 0xf1, 0xa7, 0xbd, 0xd8, 0xce, 0x9b, 0xbc,
  0x1e, 0xc0, 0x33, 0x3d, 0x4f, 0xc9, 0xd9, 0x3d, 0x5b, 0x06, 0x2c, 0x3e,
  0x40, 0xfb, 0x69, 0x3e, 0x58, 0x37, 0x93, 0x3e, 0x31, 0x89, 0xb0, 0x3e,
  0xbc, 0xcf, 0xcc, 0x3e, 0xb9, 0xeb, 0xe7, 0x3e, 0x32, 0xe1, 0x00, 0x3f,
  0xda, 0x1e, 0x0d, 0x3f, 0x3f, 0xa6, 0x18, 0x3f, 0x3e, 0x71, 0x23, 0x3f,
  0x1a, 0x7c, 0x2d, 0x3f, 0x6a, 0xc5, 0x36, 0x3f, 0xf7, 0x4d, 0x3f, 0x3f,
  0x96, 0x18, 0x47, 0x3f, 0xf6, 0x29, 0x4e, 0x3f, 0x68, 0x88, 0x54, 0x3f,
  0xa3, 0x3b, 0x5a, 0x3f, 0x88, 0x4c, 0x5f, 0x3f, 0xe1, 0xc4, 0x63, 0x3f,
  0x23, 0xaf, 0x67, 0x3f, 0x2b, 0x16, 0x6b, 0x3f, 0x05, 0x05, 0x6e, 0x3f,
  0xb1, 0x86, 0x70, 0x3f, 0xed, 0xa5, 0x72, 0x3f, 0x05, 0x6d, 0x74, 0x3f,
  0x9f, 0xe5, 0x75, 0x3f, 0xa0, 0x18, 0x77, 0x3f, 0xfb, 0x0d, 0x78, 0x3f,
  0x97, 0xcc, 0x78, 0x3f, 0x3f, 0x5a, 0x79, 0x3f, 0x7d, 0xbb, 0x79, 0x3f,
  0x98, 0xf3, 0x79, 0x3f, 0x82, 0x04, 0x7a, 0x3f, 0xd4, 0xee, 0x79, 0x3f,
  0xca, 0xb1, 0x79, 0x3f, 0x47, 0x4b, 0x79, 0x3f, 0xde, 0xb7, 0x78, 0x3f,
  0xd9, 0xf2, 0x77, 0x3f, 0x4a, 0xf6, 0x76, 0x3f, 0x2b, 0xbb, 0x75, 0x3f,
  0x62, 0x39, 0x74, 0x3f, 0xf7, 0x67, 0x72, 0x3f, 0x28, 0x3d, 0x70, 0x3f,
  0x99, 0xae, 0x6d, 0x3f, 0x83, 0xb1, 0x6a, 0x3f, 0xde, 0x3a, 0x67, 0x3f,
  0xa0, 0x3f, 0x63, 0x3f, 0xf5, 0xb4, 0x5e, 0x3f, 0x77, 0x90, 0x59, 0x3f,
  0x72, 0xc8, 0x53, 0x3f, 0x25, 0x54, 0x4d, 0x3f, 0x00, 0x2c, 0x46, 0x3f,
  0xdc, 0x49, 0x3e, 0x3f, 0x40, 0xa9, 0x35, 0x3f, 0x92, 0x47, 0x2c, 0x3f,
  0x48, 0x24, 0x22, 0x3f, 0x0b, 0x41, 0x17, 0x3f, 0xdf, 0xa1, 0x0b, 0x3f,
  0x62, 0x9a, 0xfe, 0x3e, 0xbb, 0x97, 0xe4, 0x3e, 0x60, 0x52, 0xc9, 0x3e,
  0x99, 0xe5, 0xac, 0x3e, 0x32, 0x71, 0x8f, 0x3e, 0x09, 0x32, 0x62, 0x3e,
  0x3e, 0x09, 0x24, 0x3e, 0xd0, 0x7a, 0xc9, 0x3d, 0xa1, 0xa3, 0x12, 0x3d,
  0x76, 0xb1, 0xde, 0xbc, 0x2e, 0xbf, 0xb8, 0xbd, 0x5e, 0x92, 0x1c, 0xbe,
  0x6e, 0x0e, 0x5c, 0xbe, 0x0f, 0x3b, 0x8d, 0xbe, 0xd5, 0xb7, 0xab, 0xbe,
  0x4b, 0x53, 0xc9, 0xbe, 0x80, 0xe6, 0xe5, 0xbe, 0x28, 0xa7, 0x00, 0xbf,
  0xfa, 0xb5, 0x0d, 0xbf, 0xa3, 0x12, 0x1a, 0xbf, 0x8e, 0xb2, 0x25, 0xbf,
  0xb4, 0x8d, 0x30, 0xbf, 0xa0, 0x9e, 0x3a, 0xbf, 0x6c, 0xe2, 0x43, 0xbf,
  0xad, 0x58, 0x4c, 0xbf, 0x56, 0x03, 0x54, 0xbf, 0x8d, 0xe6, 0x5a, 0xbf,
  0x77, 0x08, 0x61, 0xbf, 0x09, 0x71, 0x66, 0xbf, 0xc5, 0x29, 0x6b, 0xbf,
  0x75, 0x3d, 0x6f, 0xbf, 0xf1, 0xb7, 0x72, 0xbf, 0xd4, 0xa5, 0x75, 0xbf,
  0x3e, 0x14, 0x78, 0xbf, 0x95, 0x10, 0x7a, 0xbf, 0x3e, 0xa8, 0x7b, 0xbf,
  0x6e, 0xe8, 0x7c, 0xbf, 0xf1, 0xdd, 0x7d, 0xbf, 0xf5, 0x94, 0x7e, 0xbf,
  0xe5, 0x18, 0x7f, 0xbf, 0x3f, 0x74, 0x7f, 0xbf, 0x6b, 0xb0, 0x7f, 0xbf,
  0xaf, 0xd5, 0x7f, 0xbf, 0x07, 0xeb, 0x7f, 0xbf, 0x16, 0xf6, 0x7f, 0xbf,
  0x16, 0xfb, 0x7f, 0xbf, 0xd1, 0xfc, 0x7f, 0xbf, 0x8f, 0xfc, 0x7f, 0xbf,
  0x1d, 0xfa, 0x7f, 0xbf, 0xc2, 0xf3, 0x7f, 0xbf, 0x45, 0xe6, 0x7f, 0xbf,
  0xfd, 0xcc, 0x7f, 0xbf, 0xc7, 0xa1, 0x7f, 0xbf, 0x2d, 0x5d, 0x7f, 0xbf,
  0x64, 0xf6, 0x7e, 0xbf, 0x73, 0x63, 0x7e, 0xbf, 0x49, 0x99, 0x7d, 0xbf,
  0xdc, 0x8b, 0x7c, 0xbf, 0x56, 0x2e, 0x7b, 0xbf, 0x40, 0x73, 0x79, 0xbf,
  0xb5, 0x4c, 0x77, 0xbf, 0x98, 0xac, 0x74, 0xbf, 0xd2, 0x84, 0x71, 0xbf,
  0x91, 0xc7, 0x6d, 0xbf, 0x8f, 0x67, 0x69, 0xbf, 0x58, 0x58, 0x64, 0xbf,
  0x93, 0x8e, 0x5e, 0xbf, 0x46, 0x00, 0x58, 0xbf, 0x25, 0xa5, 0x50, 0xbf,
  0xcc, 0x76, 0x48, 0xbf, 0x02, 0x71, 0x3f, 0xbf, 0xf0, 0x91, 0x35, 0xbf,
  0x4a, 0xda, 0x2a, 0xbf, 0x78, 0x4d, 0x1f, 0xbf, 0xa3, 0xf1, 0x12, 0xbf,
  0xcb, 0xcf, 0x05, 0xbf, 0x6d, 0xe7, 0xef, 0xbe, 0xbd, 0xd7, 0xd2, 0xbe,
  0xa5, 0x92, 0xb4, 0xbe, 0xf3, 0x3e, 0x95, 0xbe, 0x6f, 0x0f, 0x6a, 0xbe,
  0x28, 0x37, 0x28, 0xbe, 0x63, 0xb0, 0xca, 0xbd, 0x78, 0x67, 0x07, 0xbd,
  0x78, 0x67, 0x07, 0x3d, 0x63, 0xb0, 0xca, 0x3d, 0x28, 0x37, 0x28, 0x3e,
  0x6f, 0x0f, 0x6a, 0x3e, 0xf3, 0x3e, 0x95, 0x3e, 0xa5, 0x92, 0xb4, 0x3e,
  0xbd, 0xd7, 0xd2, 0x3e, 0x6d, 0xe7, 0xef, 0x3e, 0xcb, 0xcf, 0x05, 0x3f,
  0xa3, 0xf1, 0x12, 0x3f, 0x78, 0x4d, 0x1f, 0x3f, 0x4a, 0xda, 0x2a, 0x3f,
  0xf0, 0x91, 0x35, 0x3f, 0x02, 0x71, 0x3f, 0x3f, 0xcc, 0x76, 0x48, 0x3f,
  0x25, 0xa5, 0x50, 0x3f, 0x46, 0x00, 0x58, 0x3f, 0x93, 0x8e, 0x5e, 0x3f,
  0x58, 0x58, 0x64, 0x3f, 0x8f, 0x67, 0x69, 0x3f, 0x91, 0xc7, 0x6d, 0x3f,
  0xd2, 0x84, 0x71, 0x3f, 0x98, 0xac, 0x74, 0x3f, 0xb5, 0x4c, 0x77, 0x3f,
  0x40, 0x73, 0x79, 0x3f, 0x56, 0x2e, 0x7b, 0x3f, 0xdc, 0x8b, 0x7c, 0x3f,
  0x49, 0x99, 0x7d, 0x3f, 0x73, 0x63, 0x7e, 0x3f, 0x64, 0xf6, 0x7e, 0x3f,
  0x2d, 0x5d, 0x7f, 0x3f, 0xc7, 0xa1, 0x7f, 0x3f, 0xfd, 0xcc, 0x7f, 0x3f,
  0x45, 0xe6, 0x7f, 0x3f, 0xc2, 0xf3, 0x7f, 0x3f, 0x1d, 0xfa, 0x7f, 0x3f,
  0x8f, 0xfc, 0x7f, 0x3f, 0xd1, 0xfc, 0x7f, 0x3f, 0x16, 0xfb, 0x7f, 0x3f,
  0x16, 0xf6, 0x7f, 0x3f, 0x07, 0xeb, 0x7f, 0x3f, 0xaf, 0xd5, 0x7f, 0x3f,
  0x6b, 0xb0, 0x7f, 0x3f, 0x3f, 0x74, 0x7f, 0x3f, 0xe5, 0x18, 0x7f, 0x3f,
  0xf5, 0x94, 0x7e, 0x3f, 0xf1, 0xdd, 0x7d, 0x3f, 0x6e, 0xe8, 0x7c, 0x3f,
  0x3e, 0xa8, 0x7b, 0x3f, 0x95, 0x10, 0x7a, 0x3f, 0x3e, 0x14, 0x78, 0x3f,
  0xd4, 0xa5, 0x75, 0x3f, 0xf1, 0xb7, 0x72, 0x3f, 0x75, 0x3d, 0x6f, 0x3f,
  0xc5, 0x29, 0x6b, 0x3f, 0x09, 0x71, 0x66, 0x3f, 0x77, 0x08, 0x61, 0x3f,
  0x8d, 0xe6, 0x5a, 0x3f, 0x56, 0x03, 0x54, 0x3f, 0xad, 0x58, 0x4c, 0x3f,
  0x6c, 0xe2, 0x43, 0x3f, 0xa0, 0x9e, 0x3a, 0x3f, 0xb4, 0x8d, 0x30, 0x3f,
  0x8e, 0xb2, 0x25, 0x3f, 0xa3, 0x12, 0x1a, 0x3f, 0xfa, 0xb5, 0x0d, 0x3f,
  0x28, 0xa7, 0x00, 0x3f, 0x80, 0xe6, 0xe5, 0x3e, 0x4b, 0x53, 0xc9, 0x3e,
  0xd5, 0xb7, 0xab, 0x3e, 0x0f, 0x3b, 0x8d, 0x3e, 0x6e, 0x0e, 0x5c, 0x3e,
  0x5e, 0x92, 0x1c, 0x3e, 0x2e, 0xbf, 0xb8, 0x3d, 0x76, 0xb1, 0xde, 0x3c,
  0xa1, 0xa3, 0x12, 0xbd, 0xd0, 0x7a, 0xc9, 0xbd, 0x3e, 0x09, 0x24, 0xbe,
  0x09, 0x32, 0x62, 0xbe, 0x32, 0x71, 0x8f, 0xbe, 0x99, 0xe5, 0xac, 0xbe,
  0x60, 0x52, 0xc9, 0xbe, 0xbb, 0x97, 0xe4, 0xbe, 0x62, 0x9a, 0xfe, 0xbe,
  0xdf, 0xa1, 0x0b, 0xbf, 0x0b, 0x41, 0x17, 0xbf, 0x48, 0x24, 0x22, 0xbf,
  0x92, 0x47, 0x2c, 0xbf, 0x40, 0xa9, 0x35, 0xbf, 0xdc, 0x49, 0x3e, 0xbf,
  0x00, 0x2c, 0x46, 0xbf, 0x25, 0x54, 0x4d, 0xbf, 0x72, 0xc8, 0x53, 0xbf,
  0x77, 0x90, 0x59, 0xbf, 0xf5, 0xb4, 0x5e, 0xbf, 0xa0, 0x3f, 0x63, 0xbf,
  0xde, 0x3a, 0x67, 0xbf, 0x83, 0xb1, 0x6a, 0xbf, 0x99, 0xae, 0x6d, 0xbf,
  0x28, 0x3d, 0x70, 0xbf, 0xf7, 0x67, 0x72, 0xbf, 0x62, 0x39, 0x74, 0xbf,
  0x2b, 0xbb, 0x75, 0xbf, 0x4a, 0xf6, 0x76, 0xbf, 0xd9, 0xf2, 0x77, 0xbf,
  0xde, 0xb7, 0x78, 0xbf, 0x47, 0x4b, 0x79, 0xbf, 0xca, 0xb1, 0x79, 0xbf,
  0xd4, 0xee, 0x79, 0xbf, 0x82, 0x04, 0x7a, 0xbf, 0x98, 0xf3, 0x79, 0xbf,
  0x7d, 0xbb, 0x79, 0xbf, 0x3f, 0x5a, 0x79, 0xbf, 0x97, 0xcc, 0x78, 0xbf,
  0xfb, 0x0d, 0x78, 0xbf, 0xa0, 0x18, 0x77, 0xbf, 0x9f, 0xe5, 0x75, 0xbf,
  0x05, 0x6d, 0x74, 0xbf, 0xed, 0xa5, 0x72, 0xbf, 0xb1, 0x86, 0x70, 0xbf,
  0x05, 0x05, 0x6e, 0xbf, 0x2b, 0x16, 0x6b, 0xbf, 0x23, 0xaf, 0x67, 0xbf,
  0xe1, 0xc4, 0x63, 0xbf, 0x88, 0x4c, 0x5f, 0xbf, 0xa3, 0x3b, 0x5a, 0xbf,
  0x68, 0x88, 0x54, 0xbf, 0xf6, 0x29, 0x4e, 0xbf, 0x96, 0x18, 0x47, 0xbf,
  0xf7, 0x4d, 0x3f, 0xbf, 0x6a, 0xc5, 0x36, 0xbf, 0x1a, 0x7c, 0x2d, 0xbf,
  0x3e, 0x71, 0x23, 0xbf, 0x3f, 0xa6, 0x18, 0xbf, 0xda, 0x1e, 0x0d, 0xbf,
  0x32, 0xe1, 0x00, 0xbf, 0xb9, 0xeb, 0xe7, 0xbe, 0xbc, 0xcf, 0xcc, 0xbe,
  0x31, 0x89, 0xb0, 0xbe, 0x58, 0x37, 0x93, 0xbe, 0x40, 0xfb, 0x69, 0xbe,
  0x5b, 0x06, 0x2c, 0xbe, 0x4f, 0xc9, 0xd9, 0xbd, 0x1e, 0xc0, 0x33, 0xbd,
  0xd8, 0xce, 0x9b, 0x3c, 0xef, 0xf1, 0xa7, 0x3d, 0x6c, 0x2c, 0x14, 0x3e,
  0x12, 0xb4, 0x53, 0x3e, 0xfe, 0x18, 0x89, 0x3e, 0x05, 0xa6, 0xa7, 0x3e,
  0x92, 0x56, 0xc5, 0x3e, 0x67, 0x03, 0xe2, 0x3e, 0xfe, 0x88, 0xfd, 0x3e,
  0x0e, 0xe4, 0x0b, 0x3f, 0x1a, 0x53, 0x18, 0x3f, 0xca, 0x06, 0x24, 0x3f,
  0xd9, 0xf6, 0x2e, 0x3f, 0x96, 0x1d, 0x39, 0x3f, 0xdc, 0x77, 0x42, 0x3f,
  0x04, 0x05, 0x4b, 0x3f, 0xc9, 0xc6, 0x52, 0x3f, 0x18, 0xc1, 0x59, 0x3f,
  0xe9, 0xf9, 0x5f, 0x3f, 0x07, 0x79, 0x65, 0x3f, 0xc8, 0x47, 0x6a, 0x3f,
  0xd9, 0x70, 0x6e, 0x3f, 0xf1, 0xff, 0x71, 0x3f, 0x93, 0x01, 0x75, 0x3f,
  0xcd, 0x82, 0x77, 0x3f, 0xf0, 0x90, 0x79, 0x3f, 0x56, 0x39, 0x7b, 0x3f,
  0x27, 0x89, 0x7c, 0x3f, 0x23, 0x8d, 0x7d, 0x3f, 0x6f, 0x51, 0x7e, 0x3f,
  0x69, 0xe1, 0x7e, 0x3f, 0x81, 0x47, 0x7f, 0x3f, 0x17, 0x8d, 0x7f, 0x3f,
  0x57, 0xba, 0x7f, 0x3f, 0x2b, 0xd6, 0x7f, 0x3f, 0x1b, 0xe6, 0x7f, 0x3f,
  0x3f, 0xee, 0x7f, 0x3f, 0x3a, 0xf1, 0x7f, 0x3f, 0x27, 0xf0, 0x7f, 0x3f,
  0x99, 0xea, 0x7f, 0x3f, 0x99, 0xde, 0x7f, 0x3f, 0xa8, 0xc8, 0x7f, 0x3f,
  0xc7, 0xa3, 0x7f, 0x3f, 0x7f, 0x69, 0x7f, 0x3f, 0xf4, 0x11, 0x7f, 0x3f,
  0xef, 0x93, 0x7e, 0x3f, 0x01, 0xe5, 0x7d, 0x3f, 0x9f, 0xf9, 0x7c, 0x3f,
  0x3e, 0xc5, 0x7b, 0x3f, 0x7f, 0x3a, 0x7a, 0x3f, 0x68, 0x4b, 0x78, 0x3f,
  0x87, 0xe9, 0x75, 0x3f, 0x3e, 0x06, 0x73, 0x3f, 0xf3, 0x92, 0x6f, 0x3f,
  0x62, 0x81, 0x6b, 0x3f, 0xe0, 0xc3, 0x66, 0x3f, 0xa0, 0x4d, 0x61, 0x3f,
  0x0c, 0x13, 0x5b, 0x3f, 0x0a, 0x0a, 0x54, 0x3f, 0x49, 0x2a, 0x4c, 0x3f,
  0x87, 0x6d, 0x43, 0x3f, 0xd6, 0xcf, 0x39, 0x3f, 0xd3, 0x4f, 0x2f, 0x3f,
  0xdb, 0xee, 0x23, 0x3f, 0x27, 0xb1, 0x17, 0x3f, 0xee, 0x9d, 0x0a, 0x3f,
  0xd6, 0x7e, 0xf9, 0x3e, 0x9d, 0x45, 0xdc, 0x3e, 0x65, 0xb0, 0xbd, 0x3e,
  0xdd, 0xe4, 0x9d, 0x3e, 0x5c, 0x1b, 0x7a, 0x3e, 0x19, 0xb4, 0x36, 0x3e,
  0xab, 0xf3, 0xe3, 0x3d, 0x35, 0x62, 0x31, 0x3d, 0x15, 0xfb, 0xcd, 0xbc,
  0x2b, 0xb6, 0xbf, 0xbd, 0x00, 0x87, 0x25, 0xbe, 0xd0, 0x50, 0x6a, 0xbe,
  0xb0, 0xe4, 0x96, 0xbe, 0x39, 0xc3, 0xb7, 0xbe, 0x41, 0x92, 0xd7, 0xbe,
  0x0d, 0x24, 0xf6, 0xbe, 0xd9, 0xa7, 0x09, 0xbf, 0xc6, 0x78, 0x17, 0xbf,
  0xde, 0x75, 0x24, 0xbf, 0x33, 0x93, 0x30, 0xbf, 0xf9, 0xc7, 0x3b, 0xbf,
  0x7f, 0x0e, 0x46, 0xbf, 0x2d, 0x64, 0x4f, 0xbf, 0x64, 0xc9, 0x57, 0xbf,
  0x56, 0x41, 0x5f, 0xbf, 0xdd, 0xd1, 0x65, 0xbf, 0x30, 0x83, 0x6b, 0xbf,
  0xa3, 0x5f, 0x70, 0xbf, 0x62, 0x73, 0x74, 0xbf, 0x1c, 0xcc, 0x77, 0xbf,
  0xb8, 0x78, 0x7a, 0xbf, 0xff, 0x88, 0x7c, 0xbf, 0x5b, 0x0d, 0x7e, 0xbf,
  0x84, 0x16, 0x7f, 0xbf, 0x38, 0xb5, 0x7f, 0xbf, 0x04, 0xfa, 0x7f, 0xbf,
  0x06, 0xf5, 0x7f, 0xbf, 0xb5, 0xb5, 0x7f, 0xbf, 0xba, 0x4a, 0x7f, 0xbf,
  0xbe, 0xc1, 0x7e, 0xbf, 0x59, 0x27, 0x7e, 0xbf, 0xe4, 0x86, 0x7d, 0xbf,
  0x6f, 0xea, 0x7c, 0xbf, 0xab, 0x5a, 0x7c, 0xbf, 0xe1, 0xde, 0x7b, 0xbf,
  0xdd, 0x7c, 0x7b, 0xbf, 0xf9, 0x38, 0x7b, 0xbf, 0x0d, 0x16, 0x7b, 0xbf,
  0x74, 0x15, 0x7b, 0xbf, 0x0f, 0x37, 0x7b, 0xbf, 0x4c, 0x79, 0x7b, 0xbf,
  0x28, 0xd9, 0x7b, 0xbf, 0x3c, 0x52, 0x7c, 0xbf, 0xce, 0xde, 0x7c, 0xbf,
  0xd6, 0x77, 0x7d, 0xbf, 0x1f, 0x15, 0x7e, 0xbf, 0x51, 0xad, 0x7e, 0xbf,
  0x0f, 0x36, 0x7f, 0xbf, 0x14, 0xa4, 0x7f, 0xbf, 0x58, 0xeb, 0x7f, 0xbf,
  0x2e, 0xff, 0x7f, 0xbf, 0x77, 0xd2, 0x7f, 0xbf, 0xc5, 0x57, 0x7f, 0xbf,
  0x97, 0x81, 0x7e, 0xbf, 0x89, 0x42, 0x7d, 0xbf, 0x86, 0x8d, 0x7b, 0xbf,
  0x0c, 0x56, 0x79, 0xbf, 0x5f, 0x90, 0x76, 0xbf, 0xc0, 0x31, 0x73, 0xbf,
  0xb2, 0x30, 0x6f, 0xbf, 0x21, 0x85, 0x6a, 0xbf, 0x9e, 0x28, 0x65, 0xbf,
  0x85, 0x16, 0x5f, 0xbf, 0x29, 0x4c, 0x58, 0xbf, 0xec, 0xc8, 0x50, 0xbf,
  0x55, 0x8e, 0x48, 0xbf, 0x1f, 0xa0, 0x3f, 0xbf, 0x35, 0x04, 0x36, 0xbf,
  0xa7, 0xc2, 0x2b, 0xbf, 0x98, 0xe5, 0x20, 0xbf, 0x1a, 0x79, 0x15, 0xbf,
  0x0b, 0x8b, 0x09, 0xbf, 0xb7, 0x55, 0xfa, 0xbe, 0x9f, 0xd2, 0xe0, 0xbe,
  0x96, 0xb0, 0xc6, 0xbe, 0xfc, 0x14, 0xac, 0xbe, 0x48, 0x26, 0x91, 0xbe,
  0xd2, 0x16, 0x6c, 0xbe, 0x6e, 0xd6, 0x35, 0xbe, 0x78, 0xaf, 0xff, 0xbd,
  0x7d, 0xc9, 0x94, 0xbd, 0x6b, 0x21, 0xae, 0xbc, 0x98, 0x3b, 0xee, 0x3c,
  0x03, 0x01, 0xa0, 0x3d, 0xd3, 0xae, 0x00, 0x3e, 0x30, 0xa0, 0x2f, 0x3e,
  0x7e, 0xa8, 0x5c, 0x3e, 0x06, 0xd1, 0x83, 0x3e, 0xb6, 0x36, 0x98, 0x3e,
  0xae, 0x78, 0xab, 0x3e, 0x44, 0x8d, 0xbd, 0x3e, 0x88, 0x6d, 0xce, 0x3e,
  0x0f, 0x15, 0xde, 0x3e, 0xab, 0x81, 0xec, 0x3e, 0x18, 0xb3, 0xf9, 0x3e,
  0x54, 0xd5, 0x02, 0x3f, 0x73, 0x35, 0x08, 0x3f, 0xaa, 0xfb, 0x0c, 0x3f,
  0xf9, 0x29, 0x11, 0x3f, 0x7f, 0xc2, 0x14, 0x3f, 0x50, 0xc7, 0x17, 0x3f,
  0x4f, 0x3a, 0x1a, 0x3f, 0x0c, 0x1d, 0x1c, 0x3f, 0xa9, 0x70, 0x1d, 0x3f,
  0xc4, 0x35, 0x1e, 0x3f, 0x5f, 0x6c, 0x1e, 0x3f, 0xd5, 0x13, 0x1e, 0x3f,
  0xd5, 0x2a, 0x1d, 0x3f, 0x62, 0xaf, 0x1b, 0x3f, 0xd3, 0x9e, 0x19, 0x3f,
  0xe9, 0xf5, 0x16, 0x3f, 0xd7, 0xb0, 0x13, 0x3f, 0x67, 0xcb, 0x0f, 0x3f,
  0x0e, 0x41, 0x0b, 0x3f, 0x22, 0x0d, 0x06, 0x3f, 0xfa, 0x2a, 0x00, 0x3f,
  0x4e, 0x2c, 0xf3, 0x3e, 0x4e, 0x95, 0xe4, 0x3e, 0x4b, 0x8a, 0xd4, 0x3e,
  0x70, 0x06, 0xc3, 0x3e, 0x3c, 0x07, 0xb0, 0x3e, 0x09, 0x8d, 0x9b, 0x3e,
  0x87, 0x9b, 0x85, 0x3e, 0x75, 0x74, 0x5c, 0x3e, 0xd3, 0xe9, 0x2a, 0x3e,
  0x38, 0x70, 0xed, 0x3d, 0x49, 0x14, 0x80, 0x3d, 0x40, 0xa9, 0xe2, 0x3b,
  0x76, 0x99, 0x4f, 0xbd, 0xd5, 0x3b, 0xe1, 0xbd, 0xc8, 0xbb, 0x2e, 0xbe,
  0x3c, 0xe0, 0x6d, 0xbe, 0x00, 0xd1, 0x96, 0xbe, 0xa8, 0xc7, 0xb6, 0xbe,
  0x91, 0x97, 0xd6, 0xbe, 0x58, 0x01, 0xf6, 0xbe, 0xcb, 0x61, 0x0a, 0xbf,
  0xef, 0x4d, 0x19, 0xbf, 0xdb, 0xa3, 0x27, 0xbf, 0xea, 0x42, 0x35, 0xbf,
  0x8c, 0x0b, 0x42, 0xbf, 0xe3, 0xdf, 0x4d, 0xbf, 0x42, 0xa4, 0x58, 0xbf,
  0xc1, 0x3f, 0x62, 0xbf, 0xa5, 0x9c, 0x6a, 0xbf, 0xcb, 0xa8, 0x71, 0xbf,
  0x05, 0x56, 0x77, 0xbf, 0x56, 0x9a, 0x7b, 0xbf, 0x14, 0x70, 0x7e, 0xbf,
  0x0b, 0xd6, 0x7f, 0xbf, 0x69, 0xcf, 0x7f, 0xbf, 0xa9, 0x63, 0x7e, 0xbf,
  0x5d, 0x9e, 0x7b, 0xbf, 0xe4, 0x8e, 0x77, 0xbf, 0x19, 0x48, 0x72, 0xbf,
  0xe0, 0xdf, 0x6b, 0xbf, 0xb7, 0x6e, 0x64, 0xbf, 0x40, 0x0f, 0x5c, 0xbf,
  0xb4, 0xdd, 0x52, 0xbf, 0x6d, 0xf7, 0x48, 0xbf, 0x5e, 0x7a, 0x3e, 0xbf,
  0xa6, 0x84, 0x33, 0xbf, 0x0e, 0x34, 0x28, 0xbf, 0xb2, 0xa5, 0x1c, 0xbf,
  0x99, 0xf5, 0x10, 0xbf, 0x76, 0x3e, 0x05, 0xbf, 0xb7, 0x32, 0xf3, 0xbe,
  0x2a, 0x3b, 0xdc, 0xbe, 0xfd, 0xc0, 0xc5, 0xbe, 0xdc, 0xea, 0xaf, 0xbe,
  0x68, 0xdb, 0x9a, 0xbe, 0x34, 0xb1, 0x86, 0xbe, 0x9f, 0x0d, 0x67, 0xbe,
  0x14, 0xe6, 0x42, 0xbe, 0x48, 0x12, 0x21, 0xbe, 0x0f, 0xb2, 0x01, 0xbe,
  0x90, 0xbe, 0xc9, 0xbd, 0xb8, 0x5c, 0x95, 0xbd, 0xbb, 0xbb, 0x4c, 0xbd,
  0xc5, 0x63, 0xf3, 0xbc, 0xc5, 0xed, 0x46, 0xbc, 0x15, 0x43, 0x31, 0x3b,
  0x2a, 0xcf, 0x72, 0x3c, 0x2e, 0x45, 0xc6, 0x3c, 0xb6, 0xcd, 0xfc, 0x3c,
  0xc8, 0x8c, 0x0e, 0x3d, 0xac, 0xa5, 0x13, 0x3d, 0x84, 0xc7, 0x0d, 0x3d,
  0x81, 0x19, 0xfa, 0x3c, 0xdf, 0x28, 0xc3, 0x3c, 0xa0, 0x0a, 0x6e, 0x3c,
  0xba, 0x12, 0x30, 0x3b, 0xd9, 0xfe, 0x3e, 0xbc, 0x3a, 0x10, 0xe9, 0xbc,
  0x67, 0x17, 0x43, 0xbd, 0x7b, 0x91, 0x8d, 0xbd, 0x7c, 0x2a, 0xbe, 0xbd,
  0x92, 0x25, 0xf3, 0xbd, 0x5d, 0x25, 0x16, 0xbe, 0x65, 0xad, 0x34, 0xbe,
  0x64, 0x07, 0x55, 0xbe, 0xf2, 0x0b, 0x77, 0xbe, 0xcc, 0x47, 0x8d, 0xbe,
  0x7a, 0xb1, 0x9f, 0xbe, 0x5d, 0xa9, 0xb2, 0xbe, 0xff, 0x13, 0xc6, 0xbe,
  0x48, 0xd4, 0xd9, 0xbe, 0xb5, 0xcb, 0xed, 0xbe, 0x50, 0xed, 0x00, 0xbf,
  0x40, 0xf0, 0x0a, 0xbf, 0x30, 0xde, 0x14, 0xbf, 0x96, 0xa6, 0x1e, 0xbf,
  0x18, 0x39, 0x28, 0xbf, 0xbc, 0x85, 0x31, 0xbf, 0x27, 0x7d, 0x3a, 0xbf,
  0xd5, 0x10, 0x43, 0xbf, 0x4b, 0x33, 0x4b, 0xbf, 0x51, 0xd8, 0x52, 0xbf,
  0x1f, 0xf5, 0x59, 0xbf, 0x84, 0x80, 0x60, 0xbf, 0x0c, 0x73, 0x66, 0xbf,
  0x1c, 0xc7, 0x6b, 0xbf, 0xf7, 0x78, 0x70, 0xbf, 0xde, 0x86, 0x74, 0xbf,
  0xfc, 0xf0, 0x77, 0xbf, 0x6c, 0xb9, 0x7a, 0xbf, 0x1e, 0xe4, 0x7c, 0xbf,
  0xc5, 0x76, 0x7e, 0xbf, 0xb5, 0x78, 0x7f, 0xbf, 0xc0, 0xf2, 0x7f, 0xbf,
  0x05, 0xef, 0x7f, 0xbf, 0xc8, 0x78, 0x7f, 0xbf, 0x3b, 0x9c, 0x7e, 0xbf,
  0x50, 0x66, 0x7d, 0xbf, 0x7f, 0xe4, 0x7b, 0xbf, 0x9c, 0x24, 0x7a, 0xbf,
  0x98, 0x34, 0x78, 0xbf, 0x60, 0x22, 0x76, 0xbf, 0xa1, 0xfb, 0x73, 0xbf,
  0xae, 0xcd, 0x71, 0xbf, 0x4c, 0xa5, 0x6f, 0xbf, 0x97, 0x8e, 0x6d, 0xbf,
  0xe0, 0x94, 0x6b, 0xbf, 0x93, 0xc2, 0x69, 0xbf, 0x1c, 0x21, 0x68, 0xbf,
  0xd6, 0xb8, 0x66, 0xbf, 0xf6, 0x90, 0x65, 0xbf, 0x79, 0xaf, 0x64, 0xbf,
  0x15, 0x19, 0x64, 0xbf, 0x2d, 0xd1, 0x63, 0xbf, 0xc9, 0xd9, 0x63, 0xbf,
  0x81, 0x33, 0x64, 0xbf, 0x7b, 0xdd, 0x64, 0xbf, 0x5b, 0xd5, 0x65, 0xbf,
  0x41, 0x17, 0x67, 0xbf, 0xba, 0x9d, 0x68, 0xbf, 0xbe, 0x61, 0x6a, 0xbf,
  0xaa, 0x5a, 0x6c, 0xbf, 0x3b, 0x7e, 0x6e, 0xbf, 0x96, 0xc0, 0x70, 0xbf,
  0x48, 0x14, 0x73, 0xbf, 0x51, 0x6a, 0x75, 0xbf, 0x37, 0xb2, 0x77, 0xbf,
  0x18, 0xda, 0x79, 0xbf, 0xcd, 0xce, 0x7b, 0xbf, 0x0e, 0x7c, 0x7d, 0xbf,
  0xa8, 0xcc, 0x7e, 0xbf, 0xae, 0xaa, 0x7f, 0xbf, 0xbf, 0xff, 0x7f, 0xbf,
  0x56, 0xb5, 0x7f, 0xbf, 0x1f, 0xb5, 0x7e, 0xbf, 0x4f, 0xe9, 0x7c, 0xbf,
  0x0e, 0x3d, 0x7a, 0xbf, 0xde, 0x9c, 0x76, 0xbf, 0x09, 0xf7, 0x71, 0xbf,
  0x0b, 0x3c, 0x6c, 0xbf, 0x01, 0x5f, 0x65, 0xbf, 0x0c, 0x56, 0x5d, 0xbf,
  0xac, 0x1a, 0x54, 0xbf, 0x1d, 0xaa, 0x49, 0xbf, 0x8b, 0x05, 0x3e, 0xbf,
  0x51, 0x32, 0x31, 0xbf, 0x0e, 0x3a, 0x23, 0xbf, 0xb2, 0x2a, 0x14, 0xbf,
  0x6d, 0x16, 0x04, 0xbf, 0x11, 0x27, 0xe6, 0xbe, 0x41, 0x78, 0xc2, 0xbe,
  0xa8, 0x5b, 0x9d, 0xbe, 0x42, 0x25, 0x6e, 0xbe, 0x38, 0xc7, 0x1f, 0xbe,
  0x2a, 0x64, 0xa0, 0xbd, 0x28, 0xa6, 0x51, 0xa7
};
unsigned int src_TWO_OP_RAND_bin_len = 32768;
