unsigned char src_VOICE_4_bin[] = {
  0x01, 0x00, 0x00, 0x38, 0x00, 0x80, 0x1b, 0x3c, 0x01, 0x40, 0xc0, 0x3c,
  0x00, 0x40, 0x17, 0x3d, 0xff, 0xdf, 0x52, 0x3d, 0x00, 0x20, 0x89, 0x3d,
  0x00, 0x80, 0xaa, 0x3d, 0x00, 0x90, 0xc9, 0x3d, 0x01, 0x60, 0xe6, 0x3d,
  0xfd, 0xc7, 0x00, 0x3e, 0xfd, 0xdf, 0x0c, 0x3e, 0x01, 0x28, 0x18, 0x3e,
  0x00, 0x90, 0x23, 0x3e, 0xfd, 0xd7, 0x2e, 0x3e, 0x02, 0x70, 0x3a, 0x3e,
  0xff, 0x97, 0x46, 0x3e, 0xfe, 0x5f, 0x52, 0x3e, 0x03, 0xf8, 0x5d, 0x3e,
  0xfd, 0x7f, 0x69, 0x3e, 0x02, 0x18, 0x75, 0x3e, 0xff, 0x7f, 0x7f, 0x3e,
  0x00, 0x74, 0x84, 0x3e, 0x00, 0xcc, 0x88, 0x3e, 0x00, 0x88, 0x8c, 0x3e,
  0xfe, 0xf3, 0x8f, 0x3e, 0xfe, 0x6b, 0x93, 0x3e, 0x00, 0xd8, 0x96, 0x3e,
  0x00, 0x80, 0x9a, 0x3e, 0x01, 0x4c, 0x9e, 0x3e, 0xff, 0x87, 0xa1, 0x3e,
  0xff, 0xef, 0xa3, 0x3e, 0x00, 0x58, 0xa5, 0x3e, 0x00, 0xf8, 0xa5, 0x3e,
  0x01, 0xf0, 0xa5, 0x3e, 0x01, 0x90, 0xa5, 0x3e, 0xff, 0xff, 0xa4, 0x3e,
  0xff, 0x5f, 0xa4, 0x3e, 0x00, 0xe8, 0xa3, 0x3e, 0x02, 0xc8, 0xa3, 0x3e,
  0x01, 0x40, 0xa4, 0x3e, 0xff, 0x47, 0xa5, 0x3e, 0x01, 0xbc, 0xa6, 0x3e,
  0xff, 0x1b, 0xa8, 0x3e, 0x01, 0x0c, 0xa9, 0x3e, 0x00, 0x3c, 0xa9, 0x3e,
  0x00, 0xb4, 0xa8, 0x3e, 0x01, 0xb4, 0xa7, 0x3e, 0xff, 0x6f, 0xa6, 0x3e,
  0x01, 0x20, 0xa5, 0x3e, 0xff, 0xef, 0xa3, 0x3e, 0x01, 0xe8, 0xa2, 0x3e,
  0xff, 0xe7, 0xa1, 0x3e, 0xfe, 0xd7, 0xa0, 0x3e, 0x01, 0x9c, 0x9f, 0x3e,
  0x01, 0x1c, 0x9e, 0x3e, 0xfe, 0x7b, 0x9c, 0x3e, 0xff, 0xc7, 0x9a, 0x3e,
  0x02, 0xf0, 0x98, 0x3e, 0xff, 0xf7, 0x96, 0x3e, 0xff, 0xff, 0x94, 0x3e,
  0x01, 0x14, 0x93, 0x3e, 0xfe, 0x1b, 0x91, 0x3e, 0x00, 0x4c, 0x8f, 0x3e,
  0xff, 0x87, 0x8d, 0x3e, 0x01, 0x88, 0x8b, 0x3e, 0xff, 0x17, 0x89, 0x3e,
  0x00, 0xf4, 0x85, 0x3e, 0x00, 0x20, 0x82, 0x3e, 0x02, 0x50, 0x7b, 0x3e,
  0xff, 0x57, 0x72, 0x3e, 0xfd, 0x4f, 0x69, 0x3e, 0xfd, 0xe7, 0x5f, 0x3e,
  0xfe, 0x27, 0x57, 0x3e, 0x00, 0xc0, 0x4e, 0x3e, 0x00, 0x68, 0x46, 0x3e,
  0xff, 0x6f, 0x3e, 0x3e, 0xff, 0x6f, 0x36, 0x3e, 0xfd, 0x77, 0x2e, 0x3e,
  0xfe, 0x27, 0x27, 0x3e, 0xff, 0x8f, 0x20, 0x3e, 0x01, 0x78, 0x1a, 0x3e,
  0x03, 0xb8, 0x14, 0x3e, 0x02, 0xc8, 0x0f, 0x3e, 0x02, 0x80, 0x0b, 0x3e,
  0x03, 0xc0, 0x07, 0x3e, 0x02, 0x90, 0x04, 0x3e, 0xfe, 0xa7, 0x01, 0x3e,
  0x04, 0x10, 0xfd, 0x3d, 0xff, 0x0f, 0xf6, 0x3d, 0x04, 0x20, 0xee, 0x3d,
  0x03, 0x40, 0xe5, 0x3d, 0x06, 0x00, 0xdd, 0x3d, 0xff, 0x0f, 0xd6, 0x3d,
  0xfc, 0xcf, 0xd0, 0x3d, 0x04, 0x10, 0xcd, 0x3d, 0x00, 0xd0, 0xca, 0x3d,
  0x00, 0x50, 0xc9, 0x3d, 0x00, 0x90, 0xc8, 0x3d, 0x00, 0x50, 0xc8, 0x3d,
  0x00, 0xf0, 0xc7, 0x3d, 0x00, 0x10, 0xc7, 0x3d, 0xff, 0x4f, 0xc5, 0x3d,
  0x00, 0x50, 0xc2, 0x3d, 0x00, 0x80, 0xbe, 0x3d, 0x00, 0x20, 0xba, 0x3d,
  0x00, 0x60, 0xb5, 0x3d, 0x01, 0x60, 0xb0, 0x3d, 0x00, 0x20, 0xab, 0x3d,
  0x00, 0x30, 0xa6, 0x3d, 0x00, 0xf0, 0xa0, 0x3d, 0x00, 0x30, 0x9b, 0x3d,
  0x00, 0xb0, 0x94, 0x3d, 0x00, 0x00, 0x8e, 0x3d, 0xff, 0x9f, 0x87, 0x3d,
  0x00, 0xa0, 0x83, 0x3d, 0x00, 0xc0, 0x81, 0x3d, 0x00, 0x00, 0x82, 0x3d,
  0x01, 0x40, 0x84, 0x3d, 0x00, 0xc0, 0x88, 0x3d, 0x00, 0xb0, 0x8f, 0x3d,
  0xff, 0x2f, 0x99, 0x3d, 0x00, 0x90, 0xa3, 0x3d, 0x00, 0x20, 0xae, 0x3d,
  0x00, 0xc0, 0xb8, 0x3d, 0x01, 0x30, 0xc2, 0x3d, 0x01, 0xb0, 0xca, 0x3d,
  0xfc, 0x4f, 0xd3, 0x3d, 0xff, 0xbf, 0xdb, 0x3d, 0xfa, 0x7f, 0xe5, 0x3d,
  0x01, 0xb0, 0xf0, 0x3d, 0x04, 0xb0, 0xfc, 0x3d, 0x02, 0xf0, 0x04, 0x3e,
  0x01, 0x40, 0x0c, 0x3e, 0x01, 0x98, 0x14, 0x3e, 0x01, 0x20, 0x1d, 0x3e,
  0x00, 0xb0, 0x25, 0x3e, 0x00, 0x08, 0x2e, 0x3e, 0x03, 0x70, 0x35, 0x3e,
  0xff, 0x1f, 0x3c, 0x3e, 0xfe, 0x87, 0x42, 0x3e, 0x02, 0xa8, 0x48, 0x3e,
  0x01, 0x40, 0x4f, 0x3e, 0x01, 0xb8, 0x56, 0x3e, 0xff, 0x97, 0x5e, 0x3e,
  0xfe, 0x9f, 0x66, 0x3e, 0xfd, 0xa7, 0x6e, 0x3e, 0xfd, 0xd7, 0x76, 0x3e,
  0xff, 0x6f, 0x7e, 0x3e, 0x01, 0xd0, 0x82, 0x3e, 0x01, 0x34, 0x86, 0x3e,
  0x00, 0x10, 0x89, 0x3e, 0x00, 0x90, 0x8b, 0x3e, 0x00, 0xf8, 0x8d, 0x3e,
  0xff, 0x63, 0x90, 0x3e, 0x00, 0x4c, 0x93, 0x3e, 0x01, 0x18, 0x97, 0x3e,
  0x01, 0x74, 0x9b, 0x3e, 0x00, 0x2c, 0xa0, 0x3e, 0xff, 0xe7, 0xa4, 0x3e,
  0x01, 0xac, 0xa9, 0x3e, 0x00, 0x08, 0xae, 0x3e, 0xff, 0x0f, 0xb2, 0x3e,
  0x00, 0xdc, 0xb5, 0x3e, 0xff, 0x2f, 0xb9, 0x3e, 0xfe, 0x37, 0xbc, 0x3e,
  0x00, 0x34, 0xbf, 0x3e, 0x01, 0x04, 0xc2, 0x3e, 0xff, 0xe7, 0xc4, 0x3e,
  0x00, 0x30, 0xc8, 0x3e, 0x01, 0x9c, 0xcb, 0x3e, 0x00, 0x34, 0xcf, 0x3e,
  0xff, 0xaf, 0xd2, 0x3e, 0x02, 0x00, 0xd6, 0x3e, 0x01, 0xdc, 0xd8, 0x3e,
  0x01, 0x74, 0xdb, 0x3e, 0xff, 0xe7, 0xdd, 0x3e, 0xff, 0x47, 0xe0, 0x3e,
  0x00, 0xc4, 0xe2, 0x3e, 0xff, 0x8b, 0xe5, 0x3e, 0x02, 0x50, 0xe8, 0x3e,
  0x00, 0xf0, 0xea, 0x3e, 0x02, 0x78, 0xed, 0x3e, 0xff, 0x93, 0xef, 0x3e,
  0xff, 0x73, 0xf1, 0x3e, 0x00, 0x04, 0xf3, 0x3e, 0x00, 0x30, 0xf4, 0x3e,
  0xff, 0xe7, 0xf4, 0x3e, 0x00, 0x58, 0xf5, 0x3e, 0x01, 0xa8, 0xf5, 0x3e,
  0xff, 0x0f, 0xf6, 0x3e, 0x00, 0xd8, 0xf6, 0x3e, 0x00, 0x18, 0xf8, 0x3e,
  0x01, 0x90, 0xf9, 0x3e, 0x00, 0x1c, 0xfb, 0x3e, 0x00, 0x9c, 0xfc, 0x3e,
  0x00, 0x0c, 0xfe, 0x3e, 0x01, 0x44, 0xff, 0x3e, 0xff, 0x0f, 0x00, 0x3f,
  0x00, 0x38, 0x00, 0x3f, 0x00, 0x14, 0x00, 0x3f, 0x00, 0x64, 0xff, 0x3e,
  0xff, 0x13, 0xfe, 0x3e, 0x00, 0x44, 0xfc, 0x3e, 0x00, 0xc8, 0xf9, 0x3e,
  0xfe, 0x87, 0xf6, 0x3e, 0x00, 0xec, 0xf2, 0x3e, 0x01, 0x14, 0xef, 0x3e,
  0x00, 0x48, 0xeb, 0x3e, 0x02, 0x84, 0xe7, 0x3e, 0xff, 0x1b, 0xe4, 0x3e,
  0x01, 0xe0, 0xe0, 0x3e, 0x01, 0xc0, 0xdd, 0x3e, 0x00, 0x04, 0xdb, 0x3e,
  0x01, 0x6c, 0xd8, 0x3e, 0x00, 0xe0, 0xd5, 0x3e, 0x00, 0x48, 0xd3, 0x3e,
  0x00, 0x5c, 0xd0, 0x3e, 0x00, 0xfc, 0xcc, 0x3e, 0x00, 0x58, 0xc9, 0x3e,
  0x00, 0x80, 0xc5, 0x3e, 0xff, 0xcb, 0xc1, 0x3e, 0x00, 0xac, 0xbe, 0x3e,
  0x00, 0xa0, 0xbc, 0x3e, 0xff, 0xdf, 0xba, 0x3e, 0xfe, 0xf3, 0xb7, 0x3e,
  0xff, 0x9b, 0xb2, 0x3e, 0xff, 0x53, 0xaa, 0x3e, 0x02, 0xe4, 0x9e, 0x3e,
  0x01, 0x24, 0x91, 0x3e, 0x02, 0x50, 0x80, 0x3e, 0xff, 0x0f, 0x56, 0x3e,
  0x03, 0x80, 0x26, 0x3e, 0xfb, 0x3f, 0xe7, 0x3d, 0x00, 0xe0, 0x81, 0x3d,
  0xfd, 0xff, 0x72, 0x3c, 0x00, 0x40, 0xe8, 0xbc, 0xff, 0x3f, 0x8b, 0xbd,
  0xfa, 0x1f, 0xda, 0xbd, 0x01, 0x48, 0x12, 0xbe, 0xff, 0xbf, 0x38, 0xbe,
  0xff, 0xaf, 0x62, 0xbe, 0x02, 0x5c, 0x86, 0xbe, 0xff, 0xc3, 0x9b, 0xbe,
  0x00, 0x68, 0xb2, 0xbe, 0xff, 0xa7, 0xc8, 0xbe, 0xff, 0xdf, 0xde, 0xbe,
  0xff, 0x03, 0xf4, 0xbe, 0x00, 0xea, 0x03, 0xbf, 0x01, 0x40, 0x0c, 0xbf,
  0xff, 0x87, 0x13, 0xbf, 0x00, 0x3c, 0x1a, 0xbf, 0x01, 0x34, 0x20, 0xbf,
  0xff, 0x03, 0x26, 0xbf, 0x01, 0x28, 0x2c, 0xbf, 0x00, 0x30, 0x32, 0xbf,
  0x00, 0x0c, 0x38, 0xbf, 0x01, 0x94, 0x3d, 0xbf, 0x00, 0x38, 0x42, 0xbf,
  0x00, 0x3a, 0x46, 0xbf, 0x01, 0xb8, 0x49, 0xbf, 0x00, 0xd6, 0x4c, 0xbf,
  0x00, 0x64, 0x4f, 0xbf, 0x01, 0x96, 0x51, 0xbf, 0xff, 0xbf, 0x53, 0xbf,
  0x00, 0x0c, 0x56, 0xbf, 0xff, 0xd1, 0x58, 0xbf, 0x00, 0x5e, 0x5c, 0xbf,
  0x00, 0x5c, 0x60, 0xbf, 0x00, 0x92, 0x64, 0xbf, 0x00, 0xe6, 0x68, 0xbf,
  0x01, 0xd4, 0x6c, 0xbf, 0xff, 0x75, 0x70, 0xbf, 0xff, 0xbf, 0x73, 0xbf,
  0x00, 0xaa, 0x76, 0xbf, 0x01, 0x0c, 0x79, 0xbf, 0xff, 0x15, 0x7b, 0xbf,
  0x01, 0xea, 0x7c, 0xbf, 0x00, 0x58, 0x7e, 0xbf, 0x00, 0x54, 0x7f, 0xbf,
  0x00, 0xe0, 0x7f, 0xbf, 0x00, 0xfe, 0x7f, 0xbf, 0xff, 0xcb, 0x7f, 0xbf,
  0xff, 0x1f, 0x7f, 0xbf, 0x00, 0x00, 0x7e, 0xbf, 0x00, 0x7e, 0x7c, 0xbf,
  0x00, 0xaa, 0x7a, 0xbf, 0x00, 0x58, 0x78, 0xbf, 0x01, 0x8a, 0x75, 0xbf,
  0x00, 0x30, 0x72, 0xbf, 0x00, 0x2e, 0x6e, 0xbf, 0xff, 0xd5, 0x69, 0xbf,
  0x00, 0xce, 0x64, 0xbf, 0x00, 0x9e, 0x5e, 0xbf, 0x00, 0xc6, 0x57, 0xbf,
  0x00, 0x50, 0x50, 0xbf, 0x01, 0x40, 0x48, 0xbf, 0x00, 0x42, 0x40, 0xbf,
  0xff, 0x1b, 0x38, 0xbf, 0x01, 0xe4, 0x2f, 0xbf, 0x00, 0x76, 0x27, 0xbf,
  0xff, 0x6f, 0x1f, 0xbf, 0xff, 0x65, 0x17, 0xbf, 0x01, 0xf6, 0x0e, 0xbf,
  0x00, 0xd8, 0x06, 0xbf, 0x01, 0xac, 0xfd, 0xbe, 0x00, 0x40, 0xed, 0xbe,
  0x01, 0x68, 0xdd, 0xbe, 0x02, 0xbc, 0xcd, 0xbe, 0x01, 0x78, 0xbe, 0xbe,
  0x01, 0x88, 0xaf, 0xbe, 0xfe, 0xff, 0xa1, 0xbe, 0x00, 0x58, 0x95, 0xbe,
  0xff, 0xd3, 0x88, 0xbe, 0x03, 0x10, 0x7a, 0xbe, 0xfd, 0x37, 0x62, 0xbe,
  0x02, 0xd8, 0x48, 0xbe, 0x02, 0xc8, 0x2f, 0xbe, 0x01, 0xb8, 0x16, 0xbe,
  0x05, 0x30, 0xfa, 0xbd, 0x01, 0x30, 0xca, 0xbd, 0x00, 0xb0, 0x9b, 0xbd,
  0x00, 0x60, 0x5d, 0xbd, 0xff, 0xdf, 0x03, 0xbd, 0xff, 0xff, 0x45, 0xbc,
  0x00, 0x00, 0xef, 0x3b, 0xff, 0xbf, 0xdc, 0x3c, 0x00, 0x80, 0x3d, 0x3d,
  0x01, 0x60, 0x88, 0x3d, 0xff, 0x1f, 0xb7, 0x3d, 0xfb, 0x3f, 0xe7, 0x3d,
  0x00, 0x70, 0x0c, 0x3e, 0x01, 0x60, 0x26, 0x3e, 0xfe, 0x57, 0x3f, 0x3e,
  0x00, 0x58, 0x58, 0x3e, 0x00, 0xb8, 0x70, 0x3e, 0x01, 0x54, 0x84, 0x3e,
  0x00, 0x34, 0x8f, 0x3e, 0x00, 0x80, 0x99, 0x3e, 0xff, 0x97, 0xa3, 0x3e,
  0x00, 0x9c, 0xac, 0x3e, 0x01, 0x84, 0xb4, 0x3e, 0x01, 0x88, 0xbb, 0x3e,
  0x01, 0x64, 0xc1, 0x3e, 0xff, 0x57, 0xc6, 0x3e, 0xff, 0x6b, 0xca, 0x3e,
  0x00, 0x14, 0xcd, 0x3e, 0x00, 0xac, 0xce, 0x3e, 0xfe, 0x6b, 0xcf, 0x3e,
  0x01, 0x74, 0xcf, 0x3e, 0xfe, 0xcb, 0xce, 0x3e, 0xfe, 0xa3, 0xcd, 0x3e,
  0xff, 0x03, 0xcc, 0x3e, 0xfe, 0xff, 0xc9, 0x3e, 0x00, 0x30, 0xc7, 0x3e,
  0x01, 0xfc, 0xc2, 0x3e, 0x00, 0xb0, 0xbd, 0x3e, 0xfe, 0x6b, 0xb7, 0x3e,
  0x01, 0x28, 0xb0, 0x3e, 0x01, 0x54, 0xa8, 0x3e, 0x01, 0xcc, 0x9f, 0x3e,
  0x00, 0xa8, 0x96, 0x3e, 0x01, 0x08, 0x8d, 0x3e, 0x00, 0xbc, 0x83, 0x3e,
  0x00, 0x28, 0x75, 0x3e, 0xfd, 0x37, 0x62, 0x3e, 0x00, 0x30, 0x50, 0x3e,
  0x02, 0x88, 0x3e, 0x3e, 0x02, 0x38, 0x2c, 0x3e, 0xff, 0x27, 0x1a, 0x3e,
  0xfe, 0xdf, 0x07, 0x3e, 0x06, 0x80, 0xea, 0x3d, 0x00, 0xf0, 0xc8, 0x3d,
  0x00, 0xa0, 0xaa, 0x3d, 0x00, 0x90, 0x8f, 0x3d, 0x00, 0xe0, 0x6b, 0x3d,
  0xff, 0xbf, 0x3b, 0x3d, 0x00, 0x60, 0x0a, 0x3d, 0xff, 0xff, 0xa7, 0x3c,
  0xff, 0xff, 0xe4, 0x3b, 0x00, 0x00, 0xf9, 0xbb, 0x00, 0x40, 0xc7, 0xbc,
  0xff, 0xbf, 0x2d, 0xbd, 0xff, 0x3f, 0x7e, 0xbd, 0x00, 0xa0, 0xaa, 0xbd,
  0x02, 0x90, 0xd4, 0xbd, 0xfb, 0xef, 0xfc, 0xbd, 0x02, 0xb8, 0x11, 0xbe,
  0xfd, 0xdf, 0x24, 0xbe, 0x00, 0xc0, 0x36, 0xbe, 0xfd, 0xc7, 0x48, 0xbe,
  0x02, 0x38, 0x5c, 0xbe, 0xff, 0xd7, 0x6f, 0xbe, 0xfe, 0xff, 0x81, 0xbe,
  0x01, 0x68, 0x8c, 0xbe, 0xff, 0x57, 0x96, 0xbe, 0x01, 0x3c, 0xa0, 0xbe,
  0xfe, 0x43, 0xaa, 0xbe, 0xff, 0x93, 0xb3, 0xbe, 0xff, 0x8f, 0xbc, 0xbe,
  0xfe, 0x5f, 0xc5, 0xbe, 0x02, 0x5c, 0xce, 0xbe, 0x00, 0xac, 0xd6, 0xbe,
  0xfe, 0x87, 0xde, 0xbe, 0xff, 0x2b, 0xe6, 0xbe, 0x01, 0x38, 0xed, 0xbe,
  0x00, 0xbc, 0xf3, 0xbe, 0xff, 0x6f, 0xf9, 0xbe, 0x01, 0x4c, 0xfd, 0xbe,
  0x02, 0x84, 0xff, 0xbe, 0x01, 0x34, 0x00, 0xbf, 0x00, 0x2c, 0x00, 0xbf,
  0x01, 0xb4, 0xff, 0xbe, 0x00, 0xc4, 0xfe, 0xbe, 0x02, 0xbc, 0xfd, 0xbe,
  0xff, 0xbb, 0xfc, 0xbe, 0x01, 0x9c, 0xfb, 0xbe, 0x00, 0x24, 0xfa, 0xbe,
  0xff, 0x5f, 0xf8, 0xbe, 0xff, 0x3f, 0xf6, 0xbe, 0x01, 0x9c, 0xf3, 0xbe,
  0x01, 0x84, 0xf0, 0xbe, 0xff, 0xbf, 0xec, 0xbe, 0x01, 0x40, 0xe8, 0xbe,
  0x00, 0xa4, 0xe3, 0xbe, 0x01, 0x00, 0xdf, 0xbe, 0xff, 0x83, 0xda, 0xbe,
  0xff, 0x27, 0xd6, 0xbe, 0xff, 0x27, 0xd2, 0xbe, 0x00, 0x0c, 0xce, 0xbe,
  0xff, 0x47, 0xc9, 0xbe, 0xfe, 0xf3, 0xc3, 0xbe, 0x01, 0xf0, 0xbd, 0xbe,
  0x01, 0x2c, 0xb7, 0xbe, 0xff, 0x47, 0xb0, 0xbe, 0xff, 0x2b, 0xa9, 0xbe,
  0x00, 0xe0, 0xa1, 0xbe, 0x01, 0x60, 0x9a, 0xbe, 0x01, 0x5c, 0x93, 0xbe,
  0x00, 0xd0, 0x8c, 0xbe, 0x01, 0x8c, 0x86, 0xbe, 0xff, 0xe7, 0x80, 0xbe,
  0x02, 0x88, 0x76, 0xbe, 0xfd, 0x7f, 0x69, 0xbe, 0x02, 0xc8, 0x5a, 0xbe,
  0xfe, 0xd7, 0x49, 0xbe, 0xff, 0x6f, 0x36, 0xbe, 0xfd, 0x8f, 0x22, 0xbe,
  0x00, 0xb0, 0x0d, 0xbe, 0x02, 0xf0, 0xef, 0xbd, 0x01, 0x70, 0xc2, 0xbd,
  0x00, 0x10, 0x97, 0xbd, 0x00, 0x60, 0x59, 0xbd, 0xff, 0x5f, 0x03, 0xbd,
  0x04, 0x00, 0x47, 0xbc, 0x00, 0x00, 0xed, 0x3b, 0x02, 0x40, 0xde, 0x3c,
  0xff, 0x3f, 0x3e, 0x3d, 0x00, 0x80, 0x87, 0x3d, 0x00, 0xc0, 0xb1, 0x3d,
  0xfb, 0x5f, 0xd9, 0x3d, 0xff, 0x4f, 0xff, 0x3d, 0x01, 0x68, 0x11, 0x3e,
  0xff, 0xdf, 0x22, 0x3e, 0x02, 0xa0, 0x32, 0x3e, 0x03, 0x58, 0x41, 0x3e,
  0x03, 0xc0, 0x4f, 0x3e, 0xfe, 0x07, 0x5d, 0x3e, 0x03, 0xe0, 0x69, 0x3e,
  0x01, 0xb8, 0x76, 0x3e, 0xfe, 0x5f, 0x81, 0x3e, 0xff, 0x53, 0x87, 0x3e,
  0x01, 0x68, 0x8d, 0x3e, 0xff, 0x0b, 0x93, 0x3e, 0xff, 0x47, 0x98, 0x3e,
  0x00, 0xfc, 0x9c, 0x3e, 0x00, 0x58, 0xa1, 0x3e, 0x00, 0x28, 0xa5, 0x3e,
  0x00, 0x74, 0xa8, 0x3e, 0x00, 0x4c, 0xab, 0x3e, 0xff, 0x87, 0xad, 0x3e,
  0x01, 0x70, 0xaf, 0x3e, 0x00, 0x28, 0xb1, 0x3e, 0x01, 0xa4, 0xb2, 0x3e,
  0xff, 0x1b, 0xb4, 0x3e, 0x00, 0x9c, 0xb5, 0x3e, 0xff, 0x0b, 0xb7, 0x3e,
  0x01, 0x84, 0xb8, 0x3e, 0x01, 0xf0, 0xb9, 0x3e, 0x01, 0x88, 0xbb, 0x3e,
  0x01, 0x08, 0xbd, 0x3e, 0xff, 0x57, 0xbe, 0x3e, 0x01, 0x44, 0xbf, 0x3e,
  0x00, 0xbc, 0xbf, 0x3e, 0x01, 0xcc, 0xbf, 0x3e, 0x00, 0x64, 0xbf, 0x3e,
  0x00, 0x80, 0xbe, 0x3e, 0x00, 0xf8, 0xbc, 0x3e, 0xff, 0xdf, 0xba, 0x3e,
  0x01, 0x6c, 0xb8, 0x3e, 0x01, 0x7c, 0xb5, 0x3e, 0xfe, 0xff, 0xb1, 0x3e,
  0x00, 0xb0, 0xad, 0x3e, 0xff, 0x03, 0xa9, 0x3e, 0x00, 0x00, 0xa4, 0x3e,
  0x00, 0x94, 0x9e, 0x3e, 0xff, 0x17, 0x99, 0x3e, 0x01, 0x74, 0x93, 0x3e,
  0x00, 0x80, 0x8d, 0x3e, 0x00, 0xa4, 0x87, 0x3e, 0xff, 0x87, 0x81, 0x3e,
  0xff, 0xb7, 0x75, 0x3e, 0xfd, 0x3f, 0x68, 0x3e, 0x03, 0x68, 0x5a, 0x3e,
  0x01, 0x10, 0x4c, 0x3e, 0x00, 0xa0, 0x3c, 0x3e, 0x02, 0x18, 0x2d, 0x3e,
  0x01, 0x50, 0x1d, 0x3e, 0x02, 0xf0, 0x0c, 0x3e, 0x05, 0x30, 0xfa, 0x3d,
  0xfe, 0x5f, 0xda, 0x3d, 0x00, 0x60, 0xb9, 0x3d, 0x00, 0x50, 0x9a, 0x3d,
  0x00, 0x40, 0x78, 0x3d, 0x01, 0x80, 0x3b, 0x3d, 0x00, 0x20, 0x02, 0x3d,
  0x02, 0x00, 0x95, 0x3c, 0x01, 0x00, 0xa7, 0x3b, 0x00, 0x80, 0x04, 0xbc,
  0xff, 0xff, 0xa7, 0xbc, 0x01, 0xe0, 0x05, 0xbd, 0x01, 0x00, 0x39, 0xbd,
  0x00, 0x60, 0x69, 0xbd, 0x01, 0xc0, 0x8c, 0xbd, 0x00, 0xb0, 0xa5, 0xbd,
  0x00, 0xa0, 0xbd, 0xbd, 0x01, 0x50, 0xd5, 0xbd, 0x04, 0xc0, 0xed, 0xbd,
  0xfe, 0xb7, 0x02, 0xbe, 0x01, 0x90, 0x0e, 0xbe, 0x01, 0x78, 0x1a, 0xbe,
  0x03, 0x38, 0x27, 0xbe, 0xff, 0x1f, 0x34, 0xbe, 0x00, 0x98, 0x41, 0xbe,
  0x01, 0x70, 0x4f, 0xbe, 0xfd, 0x57, 0x5c, 0xbe, 0x01, 0x80, 0x68, 0xbe,
  0x01, 0x68, 0x74, 0xbe, 0x02, 0x10, 0x7f, 0xbe, 0xff, 0x63, 0x84, 0xbe,
  0x01, 0xc4, 0x88, 0xbe, 0xfe, 0xd7, 0x8c, 0xbe, 0x01, 0x6c, 0x90, 0xbe,
  0x00, 0xd4, 0x93, 0xbe, 0x01, 0x40, 0x97, 0xbe, 0x02, 0xa0, 0x9a, 0xbe,
  0x01, 0x1c, 0x9e, 0xbe, 0x00, 0xb0, 0xa1, 0xbe, 0xfe, 0xd7, 0xa4, 0xbe,
  0x00, 0x64, 0xa7, 0xbe, 0x01, 0x7c, 0xa9, 0xbe, 0xff, 0xf3, 0xaa, 0xbe,
  0xff, 0xdb, 0xab, 0xbe, 0xff, 0x03, 0xac, 0xbe, 0x01, 0x5c, 0xab, 0xbe,
  0xff, 0x2b, 0xaa, 0xbe, 0x01, 0x84, 0xa8, 0xbe, 0xff, 0x6f, 0xa6, 0xbe,
  0x00, 0x00, 0xa4, 0xbe, 0x00, 0x40, 0xa1, 0xbe, 0x01, 0x34, 0x9e, 0xbe,
  0x01, 0x14, 0x9b, 0xbe, 0xfe, 0xaf, 0x97, 0xbe, 0xff, 0xdb, 0x93, 0xbe,
  0x01, 0xe4, 0x8f, 0xbe, 0x02, 0xc8, 0x8b, 0xbe, 0xff, 0x93, 0x87, 0xbe,
  0xff, 0x0b, 0x83, 0xbe, 0x01, 0x50, 0x7d, 0xbe, 0xfd, 0x57, 0x74, 0xbe,
  0x01, 0xd0, 0x6a, 0xbe, 0xff, 0x47, 0x61, 0xbe, 0x00, 0x48, 0x57, 0xbe,
  0x02, 0x90, 0x4c, 0xbe, 0x02, 0xe8, 0x41, 0xbe, 0x02, 0xe0, 0x36, 0xbe,
  0x02, 0xf8, 0x2a, 0xbe, 0xff, 0x1f, 0x1f, 0xbe, 0x02, 0x28, 0x13, 0xbe,
  0xfd, 0x5f, 0x07, 0xbe, 0x01, 0x70, 0xf7, 0xbd, 0x05, 0x00, 0xe2, 0xbd,
  0xfe, 0x8f, 0xcd, 0xbd, 0x01, 0xe0, 0xb8, 0xbd, 0x00, 0xb0, 0xa4, 0xbd,
  0x00, 0xd0, 0x8f, 0xbd, 0x01, 0xc0, 0x72, 0xbd, 0x01, 0x60, 0x45, 0xbd,
  0xff, 0x7f, 0x15, 0xbd, 0xff, 0xbf, 0xbf, 0xbc, 0x00, 0x80, 0x12, 0xbc,
  0x02, 0x00, 0x6a, 0x3b, 0x01, 0xc0, 0xaf, 0x3c, 0xff, 0x3f, 0x1e, 0x3d,
  0x01, 0x20, 0x5f, 0x3d, 0x00, 0x00, 0x8f, 0x3d, 0x00, 0xf0, 0xab, 0x3d,
  0x00, 0x90, 0xc8, 0x3d, 0x01, 0x60, 0xe6, 0x3d, 0xfe, 0xd7, 0x01, 0x3e,
  0x03, 0xa0, 0x10, 0x3e, 0x02, 0x78, 0x20, 0x3e, 0xfd, 0x6f, 0x30, 0x3e,
  0xff, 0xe7, 0x40, 0x3e, 0xfe, 0xef, 0x50, 0x3e, 0xff, 0x07, 0x60, 0x3e,
  0xfd, 0x87, 0x6c, 0x3e, 0xfd, 0xd7, 0x76, 0x3e, 0xfe, 0xaf, 0x7f, 0x3e,
  0xff, 0x4f, 0x83, 0x3e, 0xff, 0x2b, 0x86, 0x3e, 0x00, 0x88, 0x88, 0x3e,
  0x01, 0x90, 0x8a, 0x3e, 0xff, 0x8b, 0x8c, 0x3e, 0x00, 0xd8, 0x8e, 0x3e,
  0x01, 0x7c, 0x91, 0x3e, 0xff, 0x8f, 0x94, 0x3e, 0xfe, 0xf3, 0x97, 0x3e,
  0x01, 0x74, 0x9b, 0x3e, 0x02, 0xa0, 0x9e, 0x3e, 0x01, 0x7c, 0xa1, 0x3e,
  0x00, 0x00, 0xa4, 0x3e, 0x01, 0x04, 0xa6, 0x3e, 0x01, 0x9c, 0xa7, 0x3e,
  0x00, 0xb8, 0xa8, 0x3e, 0xfe, 0x5f, 0xa9, 0x3e, 0xff, 0xcf, 0xa9, 0x3e,
  0xff, 0x3f, 0xaa, 0x3e, 0x00, 0xec, 0xaa, 0x3e, 0x02, 0x0c, 0xac, 0x3e,
  0x01, 0x90, 0xad, 0x3e, 0xff, 0x1f, 0xaf, 0x3e, 0xff, 0x03, 0xb0, 0x3e,
  0xff, 0xef, 0xaf, 0x3e, 0x02, 0xa0, 0xae, 0x3e, 0x01, 0x6c, 0xac, 0x3e,
  0x00, 0x58, 0xa9, 0x3e, 0x00, 0x28, 0xa5, 0x3e, 0xff, 0x1b, 0xa0, 0x3e,
  0xff, 0x6f, 0x9a, 0x3e, 0xff, 0x77, 0x94, 0x3e, 0x01, 0x58, 0x8f, 0x3e,
  0x01, 0x44, 0x8b, 0x3e, 0xff, 0x47, 0x88, 0x3e, 0x00, 0x24, 0x86, 0x3e,
  0xff, 0xa7, 0x84, 0x3e, 0x01, 0x88, 0x83, 0x3e, 0xff, 0x83, 0x82, 0x3e,
  0xff, 0x73, 0x81, 0x3e, 0xff, 0x03, 0x80, 0x3e, 0xfe, 0x6f, 0x7b, 0x3e,
  0x00, 0xd0, 0x74, 0x3e, 0xfe, 0xf7, 0x6b, 0x3e, 0xfe, 0xa7, 0x61, 0x3e,
  0x02, 0x28, 0x56, 0x3e, 0x02, 0xf8, 0x4a, 0x3e, 0xfe, 0xdf, 0x3f, 0x3e,
  0x02, 0xc0, 0x34, 0x3e, 0x02, 0xc8, 0x2a, 0x3e, 0xfd, 0x07, 0x22, 0x3e,
  0xfe, 0x87, 0x1a, 0x3e, 0xfe, 0x7f, 0x14, 0x3e, 0x02, 0x68, 0x0f, 0x3e,
  0xfd, 0x8f, 0x0a, 0x3e, 0x02, 0xa0, 0x05, 0x3e, 0xfe, 0x37, 0x00, 0x3e,
  0xfa, 0x6f, 0xf4, 0x3d, 0xfb, 0xdf, 0xe6, 0x3d, 0xfa, 0xaf, 0xd8, 0x3d,
  0xff, 0x2f, 0xc9, 0x3d, 0xff, 0xdf, 0xb7, 0x3d, 0x00, 0xe0, 0xa6, 0x3d,
  0x01, 0x90, 0x96, 0x3d, 0x00, 0x70, 0x87, 0x3d, 0x00, 0xc0, 0x75, 0x3d,
  0xff, 0xdf, 0x5f, 0x3d, 0xff, 0xbf, 0x4c, 0x3d, 0x00, 0x60, 0x3e, 0x3d,
  0xff, 0x5f, 0x33, 0x3d, 0xff, 0x1f, 0x2b, 0x3d, 0xff, 0x7f, 0x24, 0x3d,
  0x00, 0x00, 0x20, 0x3d, 0xff, 0x3f, 0x1c, 0x3d, 0x00, 0xc0, 0x19, 0x3d,
  0x00, 0x40, 0x18, 0x3d, 0x00, 0x40, 0x17, 0x3d, 0x00, 0x40, 0x17, 0x3d,
  0x01, 0x00, 0x18, 0x3d, 0x01, 0x80, 0x19, 0x3d, 0x01, 0x00, 0x1c, 0x3d,
  0x00, 0x80, 0x1f, 0x3d, 0xff, 0x7f, 0x24, 0x3d, 0xff, 0x9f, 0x2b, 0x3d,
  0x01, 0x60, 0x34, 0x3d, 0x01, 0x20, 0x3e, 0x3d, 0x00, 0x40, 0x48, 0x3d,
  0xff, 0x7f, 0x53, 0x3d, 0x00, 0x60, 0x5e, 0x3d, 0x00, 0x60, 0x69, 0x3d,
  0xff, 0x7f, 0x74, 0x3d, 0xff, 0x3f, 0x7f, 0x3d, 0x00, 0x70, 0x84, 0x3d,
  0x00, 0x50, 0x89, 0x3d, 0x00, 0x60, 0x8e, 0x3d, 0xff, 0x4f, 0x95, 0x3d,
  0x00, 0x30, 0x9f, 0x3d, 0x00, 0x90, 0xac, 0x3d, 0x00, 0xe0, 0xbb, 0x3d,
  0x00, 0x60, 0xcc, 0x3d, 0x01, 0x30, 0xde, 0x3d, 0x03, 0x90, 0xef, 0x3d,
  0x00, 0x58, 0x00, 0x3e, 0xfe, 0xef, 0x08, 0x3e, 0x01, 0xb0, 0x10, 0x3e,
  0x02, 0xc8, 0x17, 0x3e, 0x03, 0xb0, 0x1e, 0x3e, 0x00, 0xf8, 0x24, 0x3e,
  0xff, 0x37, 0x2b, 0x3e, 0x01, 0xc0, 0x31, 0x3e, 0xff, 0xe7, 0x38, 0x3e,
  0xfe, 0x37, 0x40, 0x3e, 0xfe, 0xdf, 0x47, 0x3e, 0xfd, 0xe7, 0x4f, 0x3e,
  0x00, 0xa8, 0x57, 0x3e, 0xfd, 0x5f, 0x5f, 0x3e, 0x01, 0x40, 0x67, 0x3e,
  0xfd, 0xd7, 0x6e, 0x3e, 0x02, 0x88, 0x76, 0x3e, 0xfe, 0xcf, 0x7e, 0x3e,
  0x00, 0x90, 0x83, 0x3e, 0x01, 0xcc, 0x87, 0x3e, 0x00, 0x14, 0x8c, 0x3e,
  0x01, 0xac, 0x90, 0x3e, 0xff, 0x47, 0x95, 0x3e, 0x01, 0xd8, 0x99, 0x3e,
  0x01, 0x30, 0x9e, 0x3e, 0x00, 0x84, 0xa1, 0x3e, 0x02, 0xc8, 0xa3, 0x3e,
  0x00, 0x28, 0xa5, 0x3e, 0x01, 0xec, 0xa5, 0x3e, 0x01, 0x8c, 0xa6, 0x3e,
  0x00, 0x64, 0xa7, 0x3e, 0xff, 0x8f, 0xa8, 0x3e, 0xff, 0x27, 0xaa, 0x3e,
  0x00, 0x74, 0xac, 0x3e, 0x00, 0xd0, 0xaf, 0x3e, 0x00, 0x30, 0xb4, 0x3e,
  0x00, 0x80, 0xb9, 0x3e, 0xff, 0x4f, 0xbf, 0x3e, 0xff, 0x47, 0xc4, 0x3e,
  0x01, 0x10, 0xc8, 0x3e, 0xfe, 0x87, 0xca, 0x3e, 0x00, 0xbc, 0xcb, 0x3e,
  0xff, 0x33, 0xcc, 0x3e, 0xff, 0x4b, 0xcc, 0x3e, 0xff, 0x4b, 0xcc, 0x3e,
  0x01, 0x6c, 0xcc, 0x3e, 0x00, 0xe4, 0xcc, 0x3e, 0x00, 0xf8, 0xcd, 0x3e,
  0x02, 0xc8, 0xcf, 0x3e, 0x00, 0x64, 0xd2, 0x3e, 0xff, 0x8b, 0xd5, 0x3e,
  0x00, 0x88, 0xd8, 0x3e, 0x01, 0xd4, 0xda, 0x3e, 0xff, 0x33, 0xdc, 0x3e,
  0xff, 0x8b, 0xdc, 0x3e, 0x01, 0x3c, 0xdc, 0x3e, 0x02, 0x84, 0xdb, 0x3e,
  0x00, 0xc4, 0xda, 0x3e, 0x00, 0x20, 0xda, 0x3e, 0x01, 0xa8, 0xd9, 0x3e,
  0x00, 0x40, 0xd9, 0x3e, 0x01, 0xb0, 0xd8, 0x3e, 0x01, 0xe4, 0xd7, 0x3e,
  0x01, 0xbc, 0xd6, 0x3e, 0x00, 0x54, 0xd5, 0x3e, 0x00, 0xd0, 0xd3, 0x3e,
  0x00, 0x0c, 0xd2, 0x3e, 0xff, 0x1b, 0xd0, 0x3e, 0x01, 0x30, 0xce, 0x3e,
  0xff, 0xa3, 0xcc, 0x3e, 0x02, 0x0c, 0xcc, 0x3e, 0x01, 0xac, 0xcc, 0x3e,
  0x00, 0x68, 0xce, 0x3e, 0x01, 0xc4, 0xd0, 0x3e, 0x01, 0x00, 0xd3, 0x3e,
  0x01, 0xb0, 0xd4, 0x3e, 0xff, 0xb3, 0xd5, 0x3e, 0x01, 0xec, 0xd5, 0x3e,
  0xff, 0x73, 0xd5, 0x3e, 0xff, 0x47, 0xd4, 0x3e, 0x01, 0x8c, 0xd2, 0x3e,
  0x01, 0x6c, 0xd0, 0x3e, 0x00, 0x38, 0xce, 0x3e, 0x01, 0x24, 0xcc, 0x3e,
  0xff, 0x97, 0xca, 0x3e, 0xff, 0x87, 0xc9, 0x3e, 0x01, 0xe0, 0xc8, 0x3e,
  0x01, 0x68, 0xc8, 0x3e, 0x01, 0xe4, 0xc7, 0x3e, 0x01, 0x2c, 0xc7, 0x3e,
  0xfe, 0x43, 0xc6, 0x3e, 0x01, 0x20, 0xc5, 0x3e, 0x01, 0xa0, 0xc3, 0x3e,
  0x01, 0x04, 0xc2, 0x3e, 0x01, 0x3c, 0xc0, 0x3e, 0xff, 0x57, 0xbe, 0x3e,
  0xff, 0x1b, 0xbc, 0x3e, 0x01, 0x68, 0xb9, 0x3e, 0xff, 0x13, 0xb6, 0x3e,
  0x01, 0x04, 0xb2, 0x3e, 0x01, 0xd8, 0xad, 0x3e, 0x01, 0xf0, 0xa9, 0x3e,
  0xff, 0x6b, 0xa6, 0x3e, 0x01, 0xb8, 0xa3, 0x3e, 0x00, 0x9c, 0xa1, 0x3e,
  0x00, 0x2c, 0xa0, 0x3e, 0xff, 0xbf, 0x9f, 0x3e, 0x01, 0x54, 0xa0, 0x3e,
  0xff, 0xcb, 0xa1, 0x3e, 0x01, 0xb8, 0xa3, 0x3e, 0x01, 0xac, 0xa5, 0x3e,
  0xff, 0xc3, 0xa7, 0x3e, 0x01, 0x30, 0xaa, 0x3e, 0x01, 0x54, 0xac, 0x3e,
  0x00, 0x58, 0xad, 0x3e, 0xff, 0x8b, 0xac, 0x3e, 0x01, 0xd8, 0xa9, 0x3e,
  0x00, 0x6c, 0xa5, 0x3e, 0x00, 0xa8, 0x9e, 0x3e, 0x00, 0xd0, 0x94, 0x3e,
  0x01, 0x74, 0x86, 0x3e, 0xff, 0x4f, 0x67, 0x3e, 0xfe, 0xa7, 0x39, 0x3e,
  0x00, 0x80, 0x0a, 0x3e, 0x00, 0xf0, 0xb4, 0x3d, 0xff, 0xff, 0x22, 0x3d,
  0xff, 0xff, 0xc5, 0xbb, 0x01, 0x80, 0x4a, 0xbd, 0x00, 0x20, 0xb9, 0xbd,
  0xfe, 0x67, 0x00, 0xbe, 0x00, 0x58, 0x20, 0xbe, 0xff, 0x6f, 0x3e, 0xbe,
  0x00, 0x98, 0x59, 0xbe, 0x01, 0x40, 0x74, 0xbe, 0x01, 0xcc, 0x87, 0xbe,
  0xff, 0x83, 0x96, 0xbe, 0x01, 0xe0, 0xa4, 0xbe, 0x00, 0xac, 0xb2, 0xbe,
  0x01, 0xb8, 0xbf, 0xbe, 0x02, 0xe4, 0xca, 0xbe, 0xff, 0xff, 0xd4, 0xbe,
  0xff, 0xaf, 0xde, 0xbe, 0x01, 0xcc, 0xe7, 0xbe, 0x01, 0xf4, 0xf0, 0xbe,
  0x00, 0xc4, 0xfa, 0xbe, 0x00, 0x58, 0x02, 0xbf, 0x00, 0xa8, 0x07, 0xbf,
  0x00, 0x6e, 0x0d, 0xbf, 0x00, 0xea, 0x13, 0xbf, 0x00, 0x80, 0x1a, 0xbf,
  0x01, 0x2e, 0x21, 0xbf, 0x00, 0x0a, 0x28, 0xbf, 0x00, 0x86, 0x2e, 0xbf,
  0x00, 0xd8, 0x34, 0xbf, 0x01, 0x46, 0x3b, 0xbf, 0x01, 0x94, 0x41, 0xbf,
  0x00, 0x4e, 0x48, 0xbf, 0x00, 0xe0, 0x4f, 0xbf, 0xff, 0x87, 0x57, 0xbf,
  0x00, 0x1c, 0x5f, 0xbf, 0x00, 0x3a, 0x66, 0xbf, 0x01, 0x0c, 0x6d, 0xbf,
  0x00, 0x0e, 0x73, 0xbf, 0x01, 0x4a, 0x78, 0xbf, 0x00, 0x70, 0x7c, 0xbf,
  0xff, 0xe7, 0x7e, 0xbf, 0x00, 0xfe, 0x7f, 0xbf, 0x00, 0xfe, 0x7f, 0xbf,
  0x00, 0x14, 0x7f, 0xbf, 0x00, 0x54, 0x7d, 0xbf, 0x01, 0xb2, 0x7a, 0xbf,
  0x01, 0xa0, 0x77, 0xbf, 0x01, 0x40, 0x74, 0xbf, 0x01, 0xa6, 0x70, 0xbf,
  0x00, 0x94, 0x6c, 0xbf, 0x00, 0x4e, 0x68, 0xbf, 0x01, 0xda, 0x63, 0xbf,
  0x00, 0x58, 0x5f, 0xbf, 0x01, 0x46, 0x5b, 0xbf, 0x00, 0x9c, 0x57, 0xbf,
  0x00, 0x2c, 0x54, 0xbf, 0x00, 0x26, 0x51, 0xbf, 0x00, 0x3a, 0x4e, 0xbf,
  0x00, 0x4a, 0x4b, 0xbf, 0x00, 0x2e, 0x48, 0xbf, 0x00, 0x08, 0x45, 0xbf,
  0x00, 0xa8, 0x41, 0xbf, 0x00, 0xd2, 0x3d, 0xbf, 0xff, 0xbf, 0x39, 0xbf,
  0xff, 0x65, 0x35, 0xbf, 0x00, 0xa2, 0x30, 0xbf, 0x01, 0xda, 0x2b, 0xbf,
  0xff, 0xe7, 0x26, 0xbf, 0x00, 0xa8, 0x21, 0xbf, 0x00, 0x80, 0x1c, 0xbf,
  0x01, 0x18, 0x17, 0xbf, 0x00, 0x36, 0x11, 0xbf, 0xff, 0x5f, 0x0a, 0xbf,
  0x00, 0x26, 0x03, 0xbf, 0xff, 0x0b, 0xf7, 0xbe, 0xff, 0xb3, 0xe6, 0xbe,
  0x01, 0x8c, 0xd6, 0xbe, 0xff, 0x13, 0xc6, 0xbe, 0x00, 0xf8, 0xb4, 0xbe,
  0xff, 0x8f, 0xa4, 0xbe, 0x00, 0x30, 0x94, 0xbe, 0x00, 0xf0, 0x82, 0xbe,
  0xfd, 0x27, 0x64, 0xbe, 0x01, 0x48, 0x42, 0xbe, 0xfe, 0x37, 0x20, 0xbe,
  0x06, 0x60, 0xf8, 0xbd, 0x00, 0x50, 0xb0, 0xbd, 0x00, 0x80, 0x4e, 0xbd,
  0xff, 0x7f, 0x75, 0xbc, 0x02, 0x80, 0x81, 0x3c, 0x01, 0x20, 0x2f, 0x3d,
  0x00, 0xd0, 0x88, 0x3d, 0x00, 0x90, 0xb1, 0x3d, 0xfd, 0x9f, 0xd3, 0x3d,
  0x02, 0xf0, 0xef, 0x3d, 0x02, 0xc8, 0x02, 0x3e, 0x00, 0xe8, 0x0b, 0x3e,
  0x02, 0xc0, 0x14, 0x3e, 0x00, 0xf0, 0x1e, 0x3e, 0x02, 0x70, 0x2a, 0x3e,
  0xfd, 0xb7, 0x37, 0x3e, 0xfe, 0xcf, 0x46, 0x3e, 0x03, 0xc8, 0x55, 0x3e,
  0xfd, 0x87, 0x64, 0x3e, 0xfe, 0x3f, 0x73, 0x3e, 0xff, 0x4b, 0x80, 0x3e,
  0xff, 0x83, 0x86, 0x3e, 0x01, 0x84, 0x8c, 0x3e, 0x00, 0x0c, 0x92, 0x3e,
  0x00, 0x64, 0x97, 0x3e, 0x01, 0x84, 0x9c, 0x3e, 0x00, 0x84, 0xa1, 0x3e,
  0xff, 0xfb, 0xa5, 0x3e, 0x00, 0x50, 0xaa, 0x3e, 0x01, 0x78, 0xae, 0x3e,
  0x01, 0xac, 0xb1, 0x3e, 0xff, 0x97, 0xb3, 0x3e, 0x00, 0xe8, 0xb3, 0x3e,
  0x00, 0xc0, 0xb2, 0x3e, 0x00, 0x74, 0xb0, 0x3e, 0x01, 0xdc, 0xac, 0x3e,
  0xff, 0x1f, 0xa8, 0x3e, 0x02, 0x5c, 0xa2, 0x3e, 0xff, 0xdb, 0x9b, 0x3e,
  0xff, 0xa7, 0x94, 0x3e, 0x00, 0x3c, 0x8d, 0x3e, 0x00, 0x54, 0x85, 0x3e,
  0xfe, 0x77, 0x79, 0x3e, 0x02, 0x50, 0x68, 0x3e, 0xfd, 0xa7, 0x56, 0x3e,
  0x01, 0x58, 0x43, 0x3e, 0x00, 0x78, 0x2f, 0x3e, 0xfd, 0xbf, 0x1a, 0x3e,
  0x00, 0x28, 0x05, 0x3e, 0xfa, 0xdf, 0xe0, 0x3d, 0x00, 0xc0, 0xb7, 0x3d,
  0x00, 0x40, 0x8f, 0x3d, 0xff, 0xbf, 0x4b, 0x3d, 0xfe, 0x7f, 0xfa, 0x3c,
  0x04, 0x80, 0x36, 0x3c, 0x00, 0x00, 0x1a, 0xbc, 0x02, 0x00, 0xf2, 0xbc,
  0x01, 0x00, 0x4a, 0xbd, 0x00, 0xe0, 0x8c, 0xbd, 0x00, 0xb0, 0xb0, 0xbd,
  0xfc, 0xdf, 0xd1, 0xbd, 0x07, 0x50, 0xf2, 0xbd, 0xfd, 0x3f, 0x08, 0xbe,
  0xfe, 0x27, 0x17, 0xbe, 0xff, 0x0f, 0x26, 0xbe, 0xff, 0xe7, 0x35, 0xbe,
  0x03, 0x50, 0x46, 0xbe, 0x02, 0xd8, 0x58, 0xbe, 0xfe, 0x57, 0x6f, 0xbe,
  0xff, 0xef, 0x83, 0xbe, 0xff, 0x03, 0x91, 0xbe, 0x01, 0xe8, 0x9e, 0xbe,
  0x01, 0x6c, 0xac, 0xbe, 0x00, 0x08, 0xba, 0xbe, 0xff, 0xdb, 0xc7, 0xbe,
  0xff, 0x5f, 0xd4, 0xbe, 0x01, 0xa0, 0xdf, 0xbe, 0x00, 0x98, 0xe9, 0xbe,
  0xff, 0xdf, 0xf2, 0xbe, 0xff, 0xb3, 0xfa, 0xbe, 0x00, 0x92, 0x00, 0xbf,
  0x00, 0x12, 0x03, 0xbf, 0x01, 0xbc, 0x04, 0xbf, 0x01, 0xda, 0x05, 0xbf,
  0x00, 0x96, 0x06, 0xbf, 0x00, 0xec, 0x06, 0xbf, 0x00, 0xf0, 0x06, 0xbf,
  0x00, 0xb4, 0x06, 0xbf, 0x01, 0x6e, 0x06, 0xbf, 0x00, 0x36, 0x06, 0xbf,
  0x00, 0x36, 0x06, 0xbf, 0x00, 0x7e, 0x06, 0xbf, 0x00, 0xf0, 0x06, 0xbf,
  0x01, 0x5c, 0x07, 0xbf, 0xff, 0x7b, 0x07, 0xbf, 0xff, 0x1f, 0x07, 0xbf,
  0x00, 0x52, 0x06, 0xbf, 0x01, 0x0c, 0x05, 0xbf, 0xff, 0x4d, 0x03, 0xbf,
  0x00, 0x06, 0x01, 0xbf, 0x01, 0x6c, 0xfc, 0xbe, 0x00, 0xdc, 0xf5, 0xbe,
  0x00, 0x60, 0xef, 0xbe, 0xff, 0x17, 0xe9, 0xbe, 0x00, 0x08, 0xe3, 0xbe,
  0xff, 0xb7, 0xdd, 0xbe, 0xfe, 0xd7, 0xd8, 0xbe, 0xff, 0x07, 0xd4, 0xbe,
  0x01, 0x88, 0xcf, 0xbe, 0x00, 0x04, 0xcb, 0xbe, 0x00, 0x3c, 0xc6, 0xbe,
  0x02, 0x34, 0xc1, 0xbe, 0x02, 0x84, 0xbb, 0xbe, 0x01, 0x08, 0xb5, 0xbe,
  0x00, 0x80, 0xad, 0xbe, 0xff, 0x8b, 0xa5, 0xbe, 0xff, 0xa3, 0x9c, 0xbe,
  0x01, 0xec, 0x91, 0xbe, 0x00, 0x24, 0x86, 0xbe, 0x02, 0xa0, 0x72, 0xbe,
  0xfd, 0xd7, 0x56, 0xbe, 0xfe, 0x3f, 0x3b, 0xbe, 0x00, 0xf0, 0x1e, 0xbe,
  0xfd, 0xf7, 0x00, 0xbe, 0x00, 0x50, 0xc9, 0xbd, 0x00, 0xe0, 0x94, 0xbd,
  0xff, 0x3f, 0x4e, 0xbd, 0xfe, 0x7f, 0xfb, 0xbc, 0xfb, 0x7f, 0x6c, 0xbc,
  0x01, 0x00, 0xb0, 0x39, 0x03, 0x80, 0x80, 0x3c, 0xff, 0x5f, 0x01, 0x3d,
  0x00, 0xc0, 0x48, 0x3d, 0x01, 0x40, 0x8c, 0x3d, 0x00, 0x30, 0xb5, 0x3d,
  0xfb, 0x1f, 0xe0, 0x3d, 0xff, 0x7f, 0x07, 0x3e, 0x03, 0x80, 0x1e, 0x3e,
  0xfe, 0x7f, 0x34, 0x3e, 0x02, 0xf0, 0x47, 0x3e, 0x00, 0x88, 0x58, 0x3e,
  0x00, 0x58, 0x65, 0x3e, 0xfd, 0xe7, 0x6f, 0x3e, 0xfe, 0xd7, 0x79, 0x3e,
  0xff, 0xe3, 0x81, 0x3e, 0x01, 0x74, 0x87, 0x3e, 0x01, 0xd8, 0x8d, 0x3e,
  0xff, 0x5f, 0x94, 0x3e, 0xff, 0xf3, 0x9a, 0x3e, 0x00, 0x9c, 0xa1, 0x3e,
  0xff, 0xc3, 0xa7, 0x3e, 0x00, 0x80, 0xad, 0x3e, 0x00, 0xc0, 0xb2, 0x3e,
  0x01, 0x9c, 0xb7, 0x3e, 0x01, 0xcc, 0xbb, 0x3e, 0xfe, 0xaf, 0xbf, 0x3e,
  0x00, 0x48, 0xc3, 0x3e, 0xff, 0x53, 0xc6, 0x3e, 0xff, 0xff, 0xc8, 0x3e,
  0xff, 0x7b, 0xcb, 0x3e, 0x02, 0x78, 0xcd, 0x3e, 0x01, 0x90, 0xce, 0x3e,
  0xff, 0x3f, 0xce, 0x3e, 0xff, 0x63, 0xcc, 0x3e, 0x00, 0x58, 0xc9, 0x3e,
  0xff, 0xcb, 0xc5, 0x3e, 0x01, 0x4c, 0xc2, 0x3e, 0xff, 0x97, 0xbf, 0x3e,
  0x01, 0xa8, 0xbd, 0x3e, 0xff, 0x4b, 0xbc, 0x3e, 0x02, 0xe4, 0xba, 0x3e,
  0xff, 0xe7, 0xb8, 0x3e, 0xff, 0xe3, 0xb5, 0x3e, 0xff, 0x13, 0xb2, 0x3e,
  0x01, 0x68, 0xad, 0x3e, 0xff, 0x93, 0xa7, 0x3e, 0x00, 0xe4, 0xa0, 0x3e,
  0xfe, 0x5f, 0x99, 0x3e, 0x01, 0x94, 0x91, 0x3e, 0x01, 0xf0, 0x89, 0x3e,
  0x00, 0x90, 0x83, 0x3e, 0xff, 0xff, 0x7c, 0x3e, 0xfe, 0xaf, 0x74, 0x3e,
  0xfe, 0x37, 0x6d, 0x3e, 0xff, 0x77, 0x64, 0x3e, 0x00, 0x58, 0x58, 0x3e,
  0xfd, 0x7f, 0x49, 0x3e, 0x02, 0x78, 0x38, 0x3e, 0x01, 0x30, 0x26, 0x3e,
  0x01, 0x20, 0x15, 0x3e, 0x00, 0x58, 0x05, 0x3e, 0x06, 0x10, 0xee, 0x3d,
  0x06, 0xc0, 0xd3, 0x3d, 0x00, 0x80, 0xbd, 0x3d, 0x00, 0x60, 0xaa, 0x3d,
  0x00, 0xf0, 0x98, 0x3d, 0x00, 0x90, 0x88, 0x3d, 0x00, 0x60, 0x69, 0x3d,
  0x00, 0x20, 0x32, 0x3d, 0x01, 0x00, 0xd8, 0x3c, 0xff, 0xff, 0xc3, 0x3b,
  0x01, 0x80, 0x89, 0xbc, 0x00, 0x80, 0x1f, 0xbd, 0x00, 0x40, 0x77, 0xbd,
  0x01, 0x00, 0xa5, 0xbd, 0x00, 0xa0, 0xcc, 0xbd, 0x00, 0xf0, 0xee, 0xbd,
  0xfe, 0x9f, 0x06, 0xbe, 0x02, 0xc0, 0x14, 0xbe, 0x01, 0x38, 0x21, 0xbe,
  0x00, 0xf8, 0x2c, 0xbe, 0x00, 0x88, 0x38, 0xbe, 0x03, 0x78, 0x43, 0xbe,
  0xfd, 0x77, 0x4e, 0xbe, 0xff, 0x47, 0x59, 0xbe, 0x03, 0xd8, 0x63, 0xbe,
  0xfe, 0x07, 0x6d, 0xbe, 0xff, 0xff, 0x74, 0xbe, 0x03, 0x30, 0x7c, 0xbe,
  0x02, 0x34, 0x81, 0xbe, 0x00, 0x30, 0x84, 0xbe, 0x01, 0x5c, 0x87, 0xbe,
  0xfe, 0x87, 0x8a, 0xbe, 0xff, 0xb7, 0x8d, 0xbe, 0x01, 0xdc, 0x90, 0xbe,
  0x00, 0x60, 0x93, 0xbe, 0x01, 0x64, 0x95, 0xbe, 0x00, 0xec, 0x96, 0xbe,
  0xff, 0x07, 0x98, 0xbe, 0xff, 0xbf, 0x98, 0xbe, 0x00, 0x10, 0x99, 0xbe,
  0x00, 0x10, 0x99, 0xbe, 0xff, 0xff, 0x98, 0xbe, 0xff, 0x2f, 0x99, 0xbe,
  0xfe, 0xff, 0x99, 0xbe, 0x02, 0x84, 0x9b, 0xbe, 0xff, 0x9f, 0x9d, 0xbe,
  0x01, 0xe0, 0x9f, 0xbe, 0xff, 0x73, 0xa1, 0xbe, 0x00, 0x24, 0xa2, 0xbe,
  0x00, 0xdc, 0xa1, 0xbe, 0x02, 0x94, 0xa0, 0xbe, 0xff, 0x6f, 0x9e, 0xbe,
  0x01, 0x44, 0x9b, 0xbe, 0x00, 0x04, 0x97, 0xbe, 0x01, 0x4c, 0x92, 0xbe,
  0xff, 0x43, 0x8d, 0xbe, 0x00, 0x00, 0x88, 0xbe, 0xfe, 0x0f, 0x83, 0xbe,
  0x02, 0x90, 0x7c, 0xbe, 0x03, 0xf0, 0x72, 0xbe, 0xfd, 0x7f, 0x69, 0xbe,
  0xff, 0x1f, 0x5f, 0xbe, 0x00, 0x90, 0x53, 0xbe, 0x03, 0x80, 0x46, 0xbe,
  0x01, 0x38, 0x39, 0xbe, 0x01, 0x88, 0x2b, 0xbe, 0x02, 0xf0, 0x1c, 0xbe,
  0xff, 0x97, 0x0e, 0xbe, 0xfe, 0x67, 0x00, 0xbe, 0x00, 0xa0, 0xe4, 0xbd,
  0xff, 0xff, 0xca, 0xbd, 0x00, 0x30, 0xb3, 0xbd, 0x00, 0xd0, 0x9b, 0xbd,
  0x00, 0x30, 0x86, 0xbd, 0x00, 0xa0, 0x61, 0xbd, 0x00, 0x20, 0x36, 0xbd,
  0xff, 0x9f, 0x07, 0xbd, 0x01, 0xc0, 0xb2, 0xbc, 0xfb, 0x7f, 0x2e, 0xbc,
  0xff, 0xff, 0x66, 0x3c, 0xfe, 0xff, 0xc9, 0x3c, 0x00, 0xe0, 0x1d, 0x3d,
  0x00, 0x60, 0x5c, 0x3d, 0xff, 0x0f, 0x8d, 0x3d, 0x00, 0xd0, 0xab, 0x3d,
  0x00, 0x10, 0xcb, 0x3d, 0xfc, 0xef, 0xe7, 0x3d, 0xfe, 0x1f, 0x01, 0x3e,
  0x00, 0xd0, 0x0c, 0x3e, 0x02, 0x58, 0x16, 0x3e, 0xff, 0x6f, 0x1e, 0x3e,
  0xff, 0x87, 0x25, 0x3e, 0x02, 0x38, 0x2c, 0x3e, 0xfe, 0x2f, 0x32, 0x3e,
  0xfd, 0xe7, 0x37, 0x3e, 0x02, 0x00, 0x3e, 0x3e, 0x03, 0x60, 0x44, 0x3e,
  0x01, 0xb8, 0x4b, 0x3e, 0xfe, 0x4f, 0x54, 0x3e, 0xff, 0x87, 0x5d, 0x3e,
  0x02, 0x98, 0x67, 0x3e, 0x00, 0x60, 0x73, 0x3e, 0xfe, 0x37, 0x80, 0x3e,
  0xff, 0x93, 0x87, 0x3e, 0xff, 0x53, 0x8f, 0x3e, 0x02, 0xe4, 0x96, 0x3e,
  0x01, 0x0c, 0x9d, 0x3e, 0x00, 0xc8, 0xa1, 0x3e, 0x00, 0x54, 0xa5, 0x3e,
  0xff, 0xdb, 0xa7, 0x3e, 0x01, 0xd8, 0xa9, 0x3e, 0x01, 0xb8, 0xab, 0x3e,
  0x01, 0x94, 0xad, 0x3e, 0x00, 0xbc, 0xaf, 0x3e, 0x01, 0xd0, 0xb2, 0x3e,
  0xff, 0x23, 0xb7, 0x3e, 0xff, 0x2f, 0xbd, 0x3e, 0x01, 0x80, 0xc4, 0x3e,
  0xff, 0x1f, 0xcc, 0x3e, 0x00, 0xf4, 0xd1, 0x3e, 0x00, 0x10, 0xd5, 0x3e,
  0x00, 0x40, 0xd5, 0x3e, 0x00, 0x30, 0xd3, 0x3e, 0x01, 0xe4, 0xcf, 0x3e,
  0xff, 0xef, 0xcb, 0x3e, 0x01, 0xfc, 0xc7, 0x3e, 0x00, 0x70, 0xc4, 0x3e,
  0x00, 0x38, 0xc2, 0x3e, 0x01, 0xd0, 0xc2, 0x3e, 0xff, 0x23, 0xc7, 0x3e,
  0x00, 0x1c, 0xcf, 0x3e, 0x00, 0x9c, 0xd9, 0x3e, 0x00, 0x78, 0xe3, 0x3e,
  0xff, 0x0b, 0xeb, 0x3e, 0xff, 0x67, 0xef, 0x3e, 0x01, 0x54, 0xf0, 0x3e,
  0x00, 0xc0, 0xee, 0x3e, 0x00, 0x4c, 0xeb, 0x3e, 0x00, 0xf0, 0xe6, 0x3e,
  0x01, 0x1c, 0xe2, 0x3e, 0x01, 0x90, 0xdd, 0x3e, 0x00, 0xc4, 0xd9, 0x3e,
  0x00, 0xa4, 0xd7, 0x3e, 0xff, 0x23, 0xd7, 0x3e, 0x00, 0xec, 0xd7, 0x3e,
  0xff, 0xeb, 0xd8, 0x3e, 0x00, 0xb4, 0xd8, 0x3e, 0x00, 0xf8, 0xd5, 0x3e,
  0x00, 0x9c, 0xd0, 0x3e, 0x00, 0x9c, 0xc9, 0x3e, 0x01, 0x60, 0xc2, 0x3e,
  0xff, 0x2f, 0xbd, 0x3e, 0x00, 0x80, 0xba, 0x3e, 0xff, 0x3f, 0xba, 0x3e,
  0xff, 0x1f, 0xbc, 0x3e, 0x01, 0x74, 0xbf, 0x3e, 0x01, 0x10, 0xc4, 0x3e,
  0x01, 0xd4, 0xc9, 0x3e, 0x00, 0x34, 0xcf, 0x3e, 0x00, 0x94, 0xd2, 0x3e,
  0x02, 0x5c, 0xd2, 0x3e, 0xff, 0xe7, 0xcd, 0x3e, 0x00, 0x08, 0xc6, 0x3e,
  0x01, 0xb8, 0xbb, 0x3e, 0x00, 0xfc, 0xb0, 0x3e, 0x00, 0x3c, 0xa6, 0x3e,
  0x01, 0xf8, 0x9b, 0x3e, 0x00, 0x80, 0x92, 0x3e, 0x01, 0x58, 0x8b, 0x3e,
  0xff, 0x9b, 0x86, 0x3e, 0xff, 0x33, 0x84, 0x3e, 0x02, 0xc8, 0x83, 0x3e,
  0x01, 0xdc, 0x84, 0x3e, 0x02, 0x84, 0x87, 0x3e, 0x01, 0xe0, 0x8b, 0x3e,
  0xff, 0x9f, 0x91, 0x3e, 0xfe, 0xf3, 0x97, 0x3e, 0x00, 0xa0, 0x9c, 0x3e,
  0x01, 0x74, 0x9e, 0x3e, 0x01, 0xf4, 0x9c, 0x3e, 0x01, 0x54, 0x98, 0x3e,
  0x01, 0xa8, 0x91, 0x3e, 0x00, 0x58, 0x89, 0x3e, 0x02, 0x58, 0x7e, 0x3e,
  0x00, 0x88, 0x68, 0x3e, 0xfe, 0x3f, 0x53, 0x3e, 0xfd, 0x4f, 0x41, 0x3e,
  0x03, 0x38, 0x37, 0x3e, 0xff, 0x2f, 0x35, 0x3e, 0xfd, 0x07, 0x3a, 0x3e,
  0x02, 0xa0, 0x42, 0x3e, 0x02, 0x08, 0x4c, 0x3e, 0x00, 0x70, 0x54, 0x3e,
  0xfe, 0xe7, 0x5a, 0x3e, 0x01, 0xb8, 0x5e, 0x3e, 0xfd, 0x6f, 0x60, 0x3e,
  0x03, 0xd0, 0x60, 0x3e, 0xff, 0x8f, 0x60, 0x3e, 0xfd, 0x3f, 0x60, 0x3e,
  0x01, 0xa0, 0x5f, 0x3e, 0xfe, 0x47, 0x5e, 0x3e, 0x01, 0xb8, 0x5b, 0x3e,
  0xfd, 0xe7, 0x57, 0x3e, 0x02, 0x50, 0x53, 0x3e, 0x03, 0xf8, 0x4d, 0x3e,
  0x00, 0x78, 0x47, 0x3e, 0xfd, 0x2f, 0x3f, 0x3e, 0xfd, 0x77, 0x36, 0x3e,
  0x03, 0x90, 0x2f, 0x3e, 0x00, 0xb0, 0x2d, 0x3e, 0x02, 0x80, 0x33, 0x3e,
  0xff, 0xbf, 0x40, 0x3e, 0x00, 0x30, 0x53, 0x3e, 0x00, 0x80, 0x65, 0x3e,
  0xff, 0xff, 0x74, 0x3e, 0x01, 0x28, 0x80, 0x3e, 0xff, 0x4f, 0x83, 0x3e,
  0xff, 0x63, 0x84, 0x3e, 0x01, 0xa0, 0x83, 0x3e, 0xff, 0xff, 0x80, 0x3e,
  0x01, 0x78, 0x7a, 0x3e, 0x01, 0xd0, 0x72, 0x3e, 0x02, 0x58, 0x6e, 0x3e,
  0xff, 0x8f, 0x70, 0x3e, 0x01, 0x78, 0x7a, 0x3e, 0x01, 0x94, 0x85, 0x3e,
  0xff, 0x0b, 0x8f, 0x3e, 0x00, 0x2c, 0x98, 0x3e, 0x00, 0x14, 0xa0, 0x3e,
  0x02, 0xbc, 0xa5, 0x3e, 0x01, 0x90, 0xa9, 0x3e, 0x01, 0xa0, 0xab, 0x3e,
  0x00, 0x18, 0xac, 0x3e, 0x00, 0x60, 0xab, 0x3e, 0x00, 0xf8, 0xa9, 0x3e,
  0x01, 0x6c, 0xa8, 0x3e, 0xff, 0x23, 0xa7, 0x3e, 0x00, 0x24, 0xa6, 0x3e,
  0xff, 0x73, 0xa5, 0x3e, 0x01, 0x4c, 0xa5, 0x3e, 0x00, 0x24, 0xa6, 0x3e,
  0xff, 0x63, 0xa8, 0x3e, 0x01, 0xe0, 0xab, 0x3e, 0x01, 0x6c, 0xb0, 0x3e,
  0x00, 0x3c, 0xb6, 0x3e, 0xff, 0x53, 0xbe, 0x3e, 0x00, 0xfc, 0xc8, 0x3e,
  0x01, 0x48, 0xd6, 0x3e, 0xff, 0xbf, 0xe4, 0x3e, 0xff, 0x33, 0xf0, 0x3e,
  0xff, 0xaf, 0xf6, 0x3e, 0x02, 0x28, 0xf7, 0x3e, 0x01, 0x8c, 0xf2, 0x3e,
  0x00, 0x04, 0xeb, 0x3e, 0xfe, 0x43, 0xe2, 0x3e, 0x00, 0x7c, 0xda, 0x3e,
  0xff, 0x1f, 0xd4, 0x3e, 0xff, 0xab, 0xcf, 0x3e, 0xff, 0x87, 0xcd, 0x3e,
  0x00, 0x94, 0xce, 0x3e, 0x00, 0x08, 0xd3, 0x3e, 0xff, 0x73, 0xd9, 0x3e,
  0x01, 0x50, 0xdd, 0x3e, 0xff, 0xb3, 0xd9, 0x3e, 0x01, 0x34, 0xca, 0x3e,
  0x00, 0x2c, 0xb0, 0x3e, 0x01, 0xe4, 0x8f, 0x3e, 0xff, 0x1f, 0x5f, 0x3e,
  0xfd, 0x77, 0x26, 0x3e, 0x06, 0x00, 0xfd, 0x3d, 0x00, 0xd0, 0xca, 0x3d,
  0x00, 0x40, 0xb7, 0x3d, 0x00, 0xd0, 0xc7, 0x3d, 0xff, 0x3f, 0xfe, 0x3d,
  0xff, 0x37, 0x2b, 0x3e, 0x00, 0x98, 0x59, 0x3e, 0x02, 0x38, 0x7c, 0x3e,
  0xff, 0x4f, 0x83, 0x3e, 0xff, 0x1f, 0x74, 0x3e, 0x02, 0xe8, 0x49, 0x3e,
  0xfe, 0xaf, 0x0f, 0x3e, 0x00, 0x90, 0x93, 0x3d, 0xfc, 0xff, 0xfb, 0x3a,
  0x00, 0xd0, 0x8b, 0xbd, 0x02, 0x28, 0x0b, 0xbe, 0x02, 0x80, 0x43, 0xbe,
  0xff, 0xc7, 0x6e, 0xbe, 0x00, 0x4c, 0x87, 0xbe, 0x01, 0xc0, 0x91, 0xbe,
  0xff, 0xff, 0x98, 0xbe, 0x00, 0x7c, 0x9e, 0xbe, 0xff, 0xc7, 0xa2, 0xbe,
  0xff, 0xf3, 0xa6, 0xbe, 0x01, 0x88, 0xab, 0xbe, 0x02, 0x94, 0xb0, 0xbe,
  0x00, 0x10, 0xb5, 0xbe, 0xff, 0xa3, 0xb8, 0xbe, 0x00, 0xe8, 0xbb, 0xbe,
  0x00, 0x74, 0xc0, 0xbe, 0x02, 0x94, 0xc8, 0xbe, 0x00, 0x38, 0xd6, 0xbe,
  0x01, 0x24, 0xe8, 0xbe, 0x01, 0x50, 0xfd, 0xbe, 0x00, 0xa8, 0x0a, 0xbf,
  0xff, 0xf3, 0x16, 0xbf, 0x00, 0xc4, 0x23, 0xbf, 0x01, 0x78, 0x30, 0xbf,
  0x00, 0x68, 0x3c, 0xbf, 0x01, 0xb8, 0x45, 0xbf, 0x00, 0x7c, 0x4c, 0xbf,
  0x01, 0x18, 0x51, 0xbf, 0x00, 0xb2, 0x53, 0xbf, 0x00, 0xac, 0x54, 0xbf,
  0x01, 0x06, 0x54, 0xbf, 0xff, 0x0f, 0x52, 0xbf, 0x01, 0x72, 0x4f, 0xbf,
  0xff, 0xe7, 0x4c, 0xbf, 0x00, 0x52, 0x4b, 0xbf, 0xff, 0xd1, 0x4a, 0xbf,
  0x00, 0x6a, 0x4b, 0xbf, 0x00, 0x34, 0x4d, 0xbf, 0xff, 0x69, 0x50, 0xbf,
  0xff, 0x7b, 0x55, 0xbf, 0xff, 0xb9, 0x5c, 0xbf, 0x00, 0xe2, 0x64, 0xbf,
  0xff, 0xfd, 0x6c, 0xbf, 0x00, 0x3a, 0x74, 0xbf, 0x00, 0x86, 0x79, 0xbf,
  0x00, 0x26, 0x7d, 0xbf, 0x00, 0x4c, 0x7f, 0xbf, 0x00, 0xfe, 0x7f, 0xbf,
  0x00, 0x90, 0x7f, 0xbf, 0x00, 0x58, 0x7e, 0xbf, 0x00, 0x92, 0x7c, 0xbf,
  0x00, 0x80, 0x7a, 0xbf, 0x00, 0xea, 0x77, 0xbf, 0x00, 0x9e, 0x74, 0xbf,
  0x00, 0xee, 0x70, 0xbf, 0x00, 0xd6, 0x6c, 0xbf, 0xff, 0xf9, 0x67, 0xbf,
  0xff, 0x53, 0x62, 0xbf, 0x00, 0x8e, 0x5b, 0xbf, 0x00, 0xf6, 0x53, 0xbf,
  0xff, 0x43, 0x4d, 0xbf, 0x01, 0x84, 0x48, 0xbf, 0xff, 0x75, 0x46, 0xbf,
  0x00, 0x06, 0x47, 0xbf, 0x00, 0x48, 0x49, 0xbf, 0x00, 0x46, 0x4c, 0xbf,
  0x00, 0x86, 0x4f, 0xbf, 0x00, 0x70, 0x52, 0xbf, 0x00, 0xa2, 0x54, 0xbf,
  0xff, 0x37, 0x55, 0xbf, 0x00, 0x32, 0x53, 0xbf, 0x00, 0x3c, 0x4e, 0xbf,
  0xff, 0x69, 0x46, 0xbf, 0xff, 0x43, 0x3d, 0xbf, 0x00, 0x62, 0x33, 0xbf,
  0x00, 0x40, 0x29, 0xbf, 0x01, 0xde, 0x1e, 0xbf, 0x01, 0x46, 0x15, 0xbf,
  0x00, 0x44, 0x0c, 0xbf, 0x00, 0x4c, 0x03, 0xbf, 0xff, 0x47, 0xf5, 0xbe,
  0xff, 0xd7, 0xe3, 0xbe, 0x00, 0x94, 0xd2, 0xbe, 0x00, 0xa0, 0xc4, 0xbe,
  0xff, 0xdf, 0xba, 0xbe, 0x02, 0x78, 0xb5, 0xbe, 0x00, 0xa8, 0xb3, 0xbe,
  0x00, 0x18, 0xb4, 0xbe, 0x00, 0x24, 0xb6, 0xbe, 0xff, 0xcb, 0xb9, 0xbe,
  0x01, 0x04, 0xbe, 0xbe, 0x00, 0xb4, 0xc0, 0xbe, 0x00, 0x24, 0xbe, 0xbe,
  0x01, 0xb8, 0xb3, 0xbe, 0x00, 0x10, 0xa1, 0xbe, 0x00, 0x4c, 0x87, 0xbe,
  0xfd, 0xd7, 0x56, 0xbe, 0xff, 0x0f, 0x1e, 0xbe, 0xf9, 0xaf, 0xcd, 0xbd,
  0xff, 0x7f, 0x44, 0xbd, 0xff, 0xff, 0x79, 0xbb, 0xfe, 0x7f, 0xfa, 0x3c,
  0x00, 0x60, 0x5c, 0x3d, 0xff, 0x0f, 0x85, 0x3d, 0x00, 0x10, 0x8c, 0x3d,
  0x01, 0xb0, 0x8a, 0x3d, 0x00, 0x50, 0x87, 0x3d, 0x01, 0x10, 0x86, 0x3d,
  0x00, 0x50, 0x89, 0x3d, 0xff, 0xaf, 0x91, 0x3d, 0x00, 0xa0, 0x9e, 0x3d,
  0x00, 0x30, 0xae, 0x3d, 0x00, 0x40, 0xbf, 0x3d, 0x02, 0x50, 0xd0, 0x3d,
  0x00, 0xa0, 0xe4, 0x3d, 0x02, 0x50, 0x00, 0x3e, 0x02, 0x40, 0x12, 0x3e,
  0x03, 0x18, 0x28, 0x3e, 0x00, 0x10, 0x41, 0x3e, 0xfe, 0xa7, 0x59, 0x3e,
  0x01, 0xf0, 0x71, 0x3e, 0x00, 0x3c, 0x85, 0x3e, 0x00, 0x44, 0x90, 0x3e,
  0xff, 0xcf, 0x99, 0x3e, 0x00, 0x40, 0xa1, 0x3e, 0x00, 0xac, 0xa6, 0x3e,
  0xff, 0x0f, 0xaa, 0x3e, 0x00, 0xe8, 0xab, 0x3e, 0xff, 0xef, 0xab, 0x3e,
  0xfe, 0xff, 0xa9, 0x3e, 0x00, 0x64, 0xa6, 0x3e, 0xff, 0x6f, 0xa1, 0x3e,
  0x00, 0xd0, 0x9b, 0x3e, 0x01, 0xf4, 0x94, 0x3e, 0xff, 0x47, 0x8c, 0x3e,
  0xff, 0xc7, 0x82, 0x3e, 0xfe, 0x6f, 0x73, 0x3e, 0x01, 0x90, 0x66, 0x3e,
  0xfe, 0x5f, 0x62, 0x3e, 0x02, 0x98, 0x67, 0x3e, 0x01, 0xe0, 0x73, 0x3e,
  0x01, 0x60, 0x82, 0x3e, 0x01, 0x70, 0x8b, 0x3e, 0xff, 0xd3, 0x94, 0x3e,
  0xff, 0x2b, 0x9e, 0x3e, 0xff, 0x5b, 0xa5, 0x3e, 0xff, 0xd3, 0xa8, 0x3e,
  0x01, 0x2c, 0xa7, 0x3e, 0x00, 0xb4, 0xa0, 0x3e, 0x00, 0xac, 0x96, 0x3e,
  0x01, 0x78, 0x8a, 0x3e, 0x00, 0xb8, 0x78, 0x3e, 0x02, 0x08, 0x5c, 0x3e,
  0xff, 0x1f, 0x3f, 0x3e, 0x01, 0xd0, 0x22, 0x3e, 0x03, 0x68, 0x0a, 0x3e,
  0x02, 0x30, 0xe9, 0x3d, 0x00, 0x80, 0xc0, 0x3d, 0x00, 0x20, 0x9e, 0x3d,
  0x00, 0x70, 0x84, 0x3d, 0x00, 0x00, 0x72, 0x3d, 0x00, 0x00, 0x7e, 0x3d,
  0x00, 0xd0, 0x92, 0x3d, 0x00, 0x70, 0xac, 0x3d, 0x01, 0x80, 0xc4, 0x3d,
  0x00, 0x30, 0xd3, 0x3d, 0xfd, 0x3f, 0xd8, 0x3d, 0xfe, 0x2f, 0xd2, 0x3d,
  0x00, 0x20, 0xbe, 0x3d, 0x00, 0xc0, 0x97, 0x3d, 0x00, 0xc0, 0x35, 0x3d,
  0x00, 0x00, 0x05, 0x3c, 0x01, 0x00, 0xfa, 0xbc, 0xff, 0xef, 0x89, 0xbd,
  0x01, 0x00, 0xc5, 0xbd, 0x06, 0x90, 0xf0, 0xbd, 0x01, 0x18, 0x07, 0xbe,
  0x01, 0xb0, 0x10, 0xbe, 0xff, 0xb7, 0x15, 0xbe, 0x03, 0x48, 0x18, 0xbe,
  0xfe, 0xd7, 0x19, 0xbe, 0x01, 0x88, 0x1b, 0xbe, 0x02, 0xd0, 0x1d, 0xbe,
  0x01, 0xb0, 0x20, 0xbe, 0xfd, 0xcf, 0x23, 0xbe, 0x02, 0x68, 0x27, 0xbe,
  0xff, 0x47, 0x2c, 0xbe, 0xfe, 0x5f, 0x32, 0xbe, 0x00, 0xc8, 0x39, 0xbe,
  0xfe, 0x5f, 0x42, 0xbe, 0xfe, 0x37, 0x4d, 0xbe, 0xfd, 0x47, 0x5b, 0xbe,
  0x01, 0xe8, 0x6e, 0xbe, 0x00, 0xb4, 0x84, 0xbe, 0xff, 0xf7, 0x92, 0xbe,
  0x00, 0x14, 0xa0, 0xbe, 0x01, 0xf0, 0xa9, 0xbe, 0x00, 0xc4, 0xae, 0xbe,
  0x00, 0x4c, 0xaf, 0xbe, 0x00, 0x30, 0xac, 0xbe, 0x02, 0x5c, 0xa6, 0xbe,
  0xff, 0xe3, 0x9d, 0xbe, 0x01, 0x70, 0x93, 0xbe, 0x02, 0x50, 0x88, 0xbe,
  0xfe, 0x37, 0x80, 0xbe, 0x03, 0x98, 0x7a, 0xbe, 0x01, 0x08, 0x81, 0xbe,
  0x01, 0x30, 0x8a, 0xbe, 0x00, 0x64, 0x96, 0xbe, 0x00, 0xa8, 0xa3, 0xbe,
  0x01, 0x44, 0xaf, 0xbe, 0x00, 0xfc, 0xb8, 0xbe, 0x01, 0x54, 0xc0, 0xbe,
  0x00, 0x90, 0xc3, 0xbe, 0x01, 0x04, 0xc2, 0xbe, 0xff, 0x7f, 0xbb, 0xbe,
  0xff, 0xd3, 0xb0, 0xbe, 0xff, 0xbf, 0xa4, 0xbe, 0x01, 0xc8, 0x98, 0xbe,
  0x02, 0xbc, 0x8d, 0xbe, 0x00, 0xcc, 0x84, 0xbe, 0x01, 0xb8, 0x7b, 0xbe,
  0xff, 0xaf, 0x72, 0xbe, 0x00, 0x30, 0x70, 0xbe, 0x02, 0xb0, 0x73, 0xbe,
  0x03, 0xa8, 0x7b, 0xbe, 0x01, 0xb8, 0x82, 0xbe, 0x01, 0xa4, 0x86, 0xbe,
  0xff, 0xe7, 0x88, 0xbe, 0x00, 0x40, 0x89, 0xbe, 0x01, 0xb4, 0x87, 0xbe,
  0x01, 0xe0, 0x83, 0xbe, 0x01, 0x18, 0x7a, 0xbe, 0x00, 0x78, 0x67, 0xbe,
  0x01, 0xe0, 0x50, 0xbe, 0x03, 0x48, 0x38, 0xbe, 0x02, 0x70, 0x22, 0xbe,
  0xfe, 0x0f, 0x10, 0xbe, 0xfd, 0x7f, 0x01, 0xbe, 0xfc, 0x2f, 0xec, 0xbd,
  0xff, 0xbf, 0xdb, 0xbd, 0x03, 0x90, 0xcf, 0xbd, 0x00, 0xe0, 0xc5, 0xbd,
  0x00, 0xa0, 0xbd, 0xbd, 0x00, 0xf0, 0xb3, 0xbd, 0x01, 0x00, 0xa5, 0xbd,
  0x00, 0xb0, 0x8f, 0xbd, 0xff, 0x1f, 0x67, 0xbd, 0x00, 0xa0, 0x23, 0xbd,
  0xfe, 0xbf, 0xc4, 0xbc, 0xff, 0xff, 0x22, 0xbc, 0xfe, 0xff, 0x8b, 0x3a,
  0x00, 0x00, 0x1e, 0x3c, 0xfe, 0xbf, 0x86, 0x3c, 0xfe, 0xbf, 0xc1, 0x3c,
  0xff, 0x1f, 0x08, 0x3d, 0x01, 0x80, 0x38, 0x3d, 0x00, 0x80, 0x71, 0x3d,
  0x00, 0x80, 0x99, 0x3d, 0x00, 0x20, 0xbb, 0x3d, 0xfe, 0x9f, 0xde, 0x3d,
  0x03, 0xe0, 0x01, 0x3e, 0x00, 0x20, 0x12, 0x3e, 0x01, 0x90, 0x1e, 0x3e,
  0x01, 0xa8, 0x25, 0x3e, 0x02, 0x68, 0x27, 0x3e, 0x03, 0xc8, 0x25, 0x3e,
  0x03, 0x30, 0x24, 0x3e, 0xff, 0xe7, 0x25, 0x3e, 0x01, 0x98, 0x2c, 0x3e,
  0xff, 0xd7, 0x37, 0x3e, 0xfe, 0x47, 0x46, 0x3e, 0x00, 0x70, 0x54, 0x3e,
  0x03, 0x00, 0x61, 0x3e, 0x01, 0xb8, 0x6b, 0x3e, 0x02, 0x50, 0x73, 0x3e,
  0x01, 0xf8, 0x77, 0x3e, 0x03, 0x58, 0x79, 0x3e, 0xff, 0x7f, 0x77, 0x3e,
  0x00, 0x90, 0x73, 0x3e, 0x00, 0xd0, 0x6f, 0x3e, 0xfe, 0x27, 0x6f, 0x3e,
  0xfd, 0x9f, 0x73, 0x3e, 0xfd, 0x67, 0x7d, 0x3e, 0x00, 0x84, 0x85, 0x3e,
  0x00, 0x30, 0x8c, 0x3e, 0x02, 0x78, 0x91, 0x3e, 0x00, 0xb4, 0x94, 0x3e,
  0x01, 0xac, 0x95, 0x3e, 0xff, 0xeb, 0x94, 0x3e, 0x01, 0xd0, 0x92, 0x3e,
  0xff, 0xab, 0x8f, 0x3e, 0x00, 0x18, 0x8c, 0x3e, 0x00, 0x70, 0x88, 0x3e,
  0xff, 0xeb, 0x84, 0x3e, 0x01, 0xd8, 0x81, 0x3e, 0x02, 0x28, 0x7e, 0x3e,
  0x02, 0xd8, 0x78, 0x3e, 0x03, 0x30, 0x74, 0x3e, 0x02, 0x68, 0x6f, 0x3e,
  0x00, 0xf8, 0x69, 0x3e, 0x03, 0x30, 0x64, 0x3e, 0x02, 0x28, 0x5e, 0x3e,
  0x00, 0xb8, 0x58, 0x3e, 0xfd, 0xdf, 0x54, 0x3e, 0xfe, 0x3f, 0x53, 0x3e,
  0x02, 0x50, 0x53, 0x3e, 0xfd, 0x9f, 0x53, 0x3e, 0xfe, 0x2f, 0x52, 0x3e,
  0xfd, 0x97, 0x4d, 0x3e, 0xfe, 0x5f, 0x45, 0x3e, 0xfd, 0x17, 0x3b, 0x3e,
  0x02, 0xf0, 0x2f, 0x3e, 0x01, 0x20, 0x25, 0x3e, 0xfd, 0x57, 0x1c, 0x3e,
  0x02, 0x18, 0x15, 0x3e, 0x03, 0x80, 0x0e, 0x3e, 0xfd, 0xa7, 0x06, 0x3e,
  0xff, 0x9f, 0xf9, 0x3d, 0x03, 0x00, 0xe1, 0x3d, 0x00, 0x20, 0xc3, 0x3d,
  0x00, 0xa0, 0xa2, 0x3d, 0x01, 0x00, 0x7b, 0x3d, 0x00, 0xa0, 0x23, 0x3d,
  0xfe, 0x3f, 0x94, 0x3c, 0x03, 0x00, 0xd4, 0xba, 0xfb, 0xff, 0x7e, 0xbc,
  0xfe, 0xbf, 0xa1, 0xbc, 0xfc, 0xff, 0x78, 0xbc, 0x00, 0x00, 0xa1, 0xbb,
  0xff, 0xff, 0xf0, 0x3b, 0xff, 0x3f, 0x8f, 0x3c, 0x01, 0x80, 0xc7, 0x3c,
  0xfe, 0x7f, 0xde, 0x3c, 0x01, 0x80, 0xc9, 0x3c, 0xfb, 0xff, 0x7c, 0x3c,
  0xff, 0xff, 0xeb, 0xba, 0xfe, 0xff, 0xca, 0xbc, 0xff, 0x5f, 0x51, 0xbd,
  0xff, 0x1f, 0x9f, 0xbd, 0x02, 0x90, 0xd4, 0xbd, 0x01, 0xf0, 0x01, 0xbe,
  0xff, 0xc7, 0x16, 0xbe, 0xff, 0xd7, 0x27, 0xbe, 0x03, 0x10, 0x32, 0xbe,
  0xfe, 0x5f, 0x35, 0xbe, 0x00, 0x80, 0x32, 0xbe, 0x01, 0x88, 0x2b, 0xbe,
  0xfd, 0x4f, 0x21, 0xbe, 0xfe, 0x0f, 0x13, 0xbe, 0xff, 0xcf, 0x01, 0xbe,
  0x04, 0x20, 0xde, 0xbd, 0x00, 0xe0, 0xbd, 0xbd, 0x00, 0x10, 0xac, 0xbd,
  0x00, 0xf0, 0xaf, 0xbd, 0x00, 0x90, 0xc7, 0xbd, 0x05, 0xd0, 0xee, 0xbd,
  0xfd, 0xef, 0x0d, 0xbe, 0xff, 0xe7, 0x25, 0xbe, 0xfd, 0xff, 0x3e, 0xbe,
  0xfe, 0x8f, 0x55, 0xbe, 0xfe, 0x87, 0x67, 0xbe, 0xfe, 0x2f, 0x72, 0xbe,
  0x00, 0x30, 0x73, 0xbe, 0x02, 0x38, 0x6c, 0xbe, 0x00, 0xd0, 0x5f, 0xbe,
  0x00, 0xd0, 0x4f, 0xbe, 0x00, 0xf0, 0x3e, 0xbe, 0xfe, 0xbf, 0x2d, 0xbe,
  0x03, 0xe8, 0x1c, 0xbe, 0x02, 0x10, 0x0f, 0xbe, 0x03, 0xb8, 0x04, 0xbe,
  0x03, 0x00, 0xfc, 0xbd, 0x05, 0x90, 0xf5, 0xbd, 0xff, 0xef, 0xf3, 0xbd,
  0xfc, 0x8f, 0xf7, 0xbd, 0xff, 0x5f, 0x00, 0xbe, 0xff, 0xd7, 0x07, 0xbe,
  0xfe, 0xef, 0x10, 0xbe, 0xff, 0x47, 0x19, 0xbe, 0xfe, 0xbf, 0x1d, 0xbe,
  0x01, 0x20, 0x1d, 0xbe, 0xfe, 0x57, 0x17, 0xbe, 0xfd, 0xef, 0x0d, 0xbe,
  0xff, 0xcf, 0x01, 0xbe, 0x02, 0x00, 0xe6, 0xbd, 0x00, 0x70, 0xc6, 0xbd,
  0x01, 0x50, 0xa6, 0xbd, 0x00, 0x10, 0x87, 0xbd, 0xff, 0x1f, 0x5b, 0xbd,
  0x01, 0x40, 0x33, 0xbd, 0x01, 0xe0, 0x15, 0xbd, 0xfe, 0x7f, 0xfa, 0xbc,
  0x02, 0x80, 0xc6, 0xbc, 0xff, 0xff, 0x83, 0xbc, 0x01, 0x00, 0x00, 0xb8,
  0xff, 0xff, 0xe2, 0x3b, 0xff, 0xbf, 0x0f, 0x3d, 0x00, 0x80, 0x6e, 0x3d,
  0xff, 0x8f, 0xa5, 0x3d, 0xfb, 0xef, 0xcc, 0x3d, 0x02, 0xc0, 0xec, 0x3d,
  0xff, 0x57, 0x02, 0x3e, 0x03, 0x10, 0x0a, 0x3e, 0xfe, 0x27, 0x0f, 0x3e,
  0x00, 0xd8, 0x12, 0x3e, 0x01, 0xa8, 0x15, 0x3e, 0x02, 0xf0, 0x17, 0x3e,
  0x00, 0x80, 0x1a, 0x3e, 0x01, 0x30, 0x1e, 0x3e, 0x01, 0x68, 0x24, 0x3e,
  0xff, 0x0f, 0x2e, 0x3e, 0x03, 0x78, 0x3b, 0x3e, 0x02, 0xc8, 0x4a, 0x3e,
  0x03, 0x00, 0x5c, 0x3e, 0x02, 0xf0, 0x6f, 0x3e, 0x00, 0xac, 0x82, 0x3e,
  0x00, 0xf4, 0x8d, 0x3e, 0xff, 0xeb, 0x98, 0x3e, 0x01, 0x4c, 0xa1, 0x3e,
  0xff, 0x97, 0xa6, 0x3e, 0x02, 0xf0, 0xa8, 0x3e, 0x01, 0x20, 0xa9, 0x3e,
  0x01, 0x28, 0xa8, 0x3e, 0x00, 0x08, 0xa7, 0x3e, 0x01, 0x30, 0xa6, 0x3e,
  0x01, 0x18, 0xa6, 0x3e, 0x01, 0x18, 0xa7, 0x3e, 0x00, 0xb0, 0xa9, 0x3e,
  0xff, 0x13, 0xae, 0x3e, 0x01, 0x10, 0xb4, 0x3e, 0xff, 0xaf, 0xba, 0x3e,
  0x01, 0x74, 0xbf, 0x3e, 0x00, 0xfc, 0xc0, 0x3e, 0xff, 0xaf, 0xbe, 0x3e,
  0x00, 0xfc, 0xb8, 0x3e, 0xff, 0x9f, 0xb1, 0x3e, 0xff, 0xb7, 0xa9, 0x3e,
  0x00, 0xc4, 0xa1, 0x3e, 0xff, 0xdb, 0x9a, 0x3e, 0xff, 0x2f, 0x95, 0x3e,
  0xff, 0x03, 0x91, 0x3e, 0xff, 0xdb, 0x8e, 0x3e, 0x00, 0x64, 0x8e, 0x3e,
  0xff, 0x0b, 0x8f, 0x3e, 0x00, 0xd4, 0x8f, 0x3e, 0x00, 0xd4, 0x8f, 0x3e,
  0x01, 0x74, 0x8e, 0x3e, 0x00, 0x90, 0x8b, 0x3e, 0x01, 0xf8, 0x87, 0x3e,
  0x00, 0x9c, 0x84, 0x3e, 0x01, 0x60, 0x82, 0x3e, 0x01, 0xd8, 0x81, 0x3e,
  0x01, 0x78, 0x82, 0x3e, 0x00, 0xec, 0x82, 0x3e, 0x00, 0xc8, 0x81, 0x3e,
  0xfe, 0x7f, 0x7c, 0x3e, 0xfd, 0x6f, 0x70, 0x3e, 0x01, 0x08, 0x61, 0x3e,
  0xfd, 0xd7, 0x4e, 0x3e, 0x00, 0xf8, 0x39, 0x3e, 0x01, 0x18, 0x22, 0x3e,
  0x01, 0xd0, 0x0a, 0x3e, 0x00, 0x60, 0xeb, 0x3d, 0x01, 0x60, 0xc8, 0x3d,
  0x00, 0x50, 0xb0, 0x3d, 0x01, 0xa0, 0xa0, 0x3d, 0x00, 0x00, 0x97, 0x3d,
  0x00, 0x00, 0x92, 0x3d, 0x00, 0xc0, 0x8f, 0x3d, 0x00, 0x60, 0x8e, 0x3d,
  0x00, 0x20, 0x8d, 0x3d, 0x00, 0x70, 0x8c, 0x3d, 0x00, 0x40, 0x8d, 0x3d,
  0x00, 0x80, 0x90, 0x3d, 0x00, 0xc0, 0x95, 0x3d, 0x00, 0xe0, 0x9a, 0x3d,
  0x00, 0x20, 0x9e, 0x3d, 0x00, 0x60, 0x9d, 0x3d, 0x00, 0xc0, 0x98, 0x3d,
  0x00, 0x20, 0x91, 0x3d, 0x00, 0xd0, 0x88, 0x3d, 0x00, 0xf0, 0x80, 0x3d,
  0x01, 0x60, 0x74, 0x3d, 0x00, 0xc0, 0x6a, 0x3d, 0x00, 0xc0, 0x65, 0x3d,
  0x00, 0x40, 0x67, 0x3d, 0x00, 0x20, 0x71, 0x3d, 0x00, 0xd0, 0x80, 0x3d,
  0x01, 0x30, 0x8a, 0x3d, 0x00, 0x20, 0x91, 0x3d, 0x00, 0x00, 0x92, 0x3d,
  0x00, 0xb0, 0x8b, 0x3d, 0x01, 0x20, 0x7e, 0x3d, 0xff, 0xff, 0x62, 0x3d,
  0x01, 0x00, 0x4d, 0x3d, 0x00, 0x20, 0x41, 0x3d, 0x01, 0xa0, 0x40, 0x3d,
  0x01, 0x80, 0x4b, 0x3d, 0x01, 0x40, 0x64, 0x3d, 0x00, 0x50, 0x87, 0x3d,
  0x01, 0xf0, 0xa2, 0x3d, 0x00, 0x20, 0xc3, 0x3d, 0xfd, 0x1f, 0xe6, 0x3d,
  0x00, 0x90, 0x03, 0x3e, 0xff, 0x67, 0x13, 0x3e, 0x00, 0xa8, 0x22, 0x3e,
  0x00, 0x30, 0x30, 0x3e, 0xfd, 0x87, 0x3c, 0x3e, 0x03, 0xa0, 0x48, 0x3e,
  0x01, 0xe0, 0x53, 0x3e, 0xff, 0xc7, 0x5e, 0x3e, 0x03, 0xd0, 0x68, 0x3e,
  0x02, 0xb8, 0x71, 0x3e, 0x02, 0x78, 0x78, 0x3e, 0xfe, 0xbf, 0x7d, 0x3e,
  0xff, 0xff, 0x80, 0x3e, 0x01, 0x8c, 0x82, 0x3e, 0x00, 0x8c, 0x83, 0x3e,
  0x01, 0x24, 0x84, 0x3e, 0x00, 0x9c, 0x84, 0x3e, 0xfe, 0xa3, 0x85, 0x3e,
  0xff, 0xef, 0x87, 0x3e, 0x01, 0xa0, 0x8b, 0x3e, 0xff, 0x8b, 0x90, 0x3e,
  0x01, 0x48, 0x96, 0x3e, 0xff, 0xbf, 0x9c, 0x3e, 0x00, 0x4c, 0xa3, 0x3e,
  0x00, 0x08, 0xaa, 0x3e, 0xff, 0xbf, 0xb0, 0x3e, 0x00, 0xc4, 0xb6, 0x3e,
  0xff, 0x1f, 0xbc, 0x3e, 0xff, 0x03, 0xc1, 0x3e, 0xff, 0x2f, 0xc5, 0x3e,
  0x01, 0xf4, 0xc8, 0x3e, 0xfe, 0x7b, 0xcc, 0x3e, 0xfe, 0xaf, 0xcf, 0x3e,
  0x01, 0xd0, 0xd2, 0x3e, 0x01, 0xd4, 0xd5, 0x3e, 0x01, 0xb0, 0xd8, 0x3e,
  0x00, 0x30, 0xdb, 0x3e, 0x00, 0x54, 0xdd, 0x3e, 0x00, 0x4c, 0xdf, 0x3e,
  0x00, 0xcc, 0xe0, 0x3e, 0x01, 0xf0, 0xe1, 0x3e, 0x01, 0xb8, 0xe2, 0x3e,
  0x02, 0x28, 0xe3, 0x3e, 0x01, 0x40, 0xe3, 0x3e, 0x00, 0xa8, 0xe2, 0x3e,
  0x01, 0xf4, 0xe0, 0x3e, 0xff, 0x2b, 0xde, 0x3e, 0xff, 0x97, 0xda, 0x3e,
  0x00, 0x94, 0xd6, 0x3e, 0xff, 0xc7, 0xd2, 0x3e, 0x01, 0x40, 0xcf, 0x3e,
  0xff, 0x03, 0xcc, 0x3e, 0xff, 0x8b, 0xc9, 0x3e, 0xff, 0x47, 0xc8, 0x3e,
  0x01, 0xb0, 0xc8, 0x3e, 0x00, 0xc4, 0xca, 0x3e, 0x00, 0xf8, 0xcd, 0x3e,
  0xff, 0x9f, 0xd1, 0x3e, 0xff, 0x2b, 0xd5, 0x3e, 0x01, 0x28, 0xd8, 0x3e,
  0xfe, 0x87, 0xda, 0x3e, 0x01, 0x10, 0xdc, 0x3e, 0x00, 0x58, 0xdc, 0x3e,
  0x00, 0x48, 0xdb, 0x3e, 0xff, 0xe7, 0xd8, 0x3e, 0x02, 0xbc, 0xd5, 0x3e,
  0x00, 0xf8, 0xd1, 0x3e, 0x00, 0x84, 0xcd, 0x3e, 0x01, 0xc8, 0xc8, 0x3e,
  0x02, 0xc8, 0xc3, 0x3e, 0x00, 0xec, 0xbe, 0x3e, 0x01, 0x78, 0xba, 0x3e,
  0x00, 0x1c, 0xb7, 0x3e, 0x01, 0x98, 0xb4, 0x3e, 0x00, 0xa8, 0xb2, 0x3e,
  0x00, 0x28, 0xb1, 0x3e, 0x01, 0xe0, 0xaf, 0x3e, 0x01, 0xbc, 0xae, 0x3e,
  0x01, 0x94, 0xad, 0x3e, 0x00, 0xbc, 0xab, 0x3e, 0x00, 0x30, 0xa8, 0x3e,
  0xff, 0x6b, 0xa2, 0x3e, 0x00, 0x64, 0x9a, 0x3e, 0x00, 0xfc, 0x90, 0x3e,
  0x01, 0x2c, 0x87, 0x3e, 0x03, 0x40, 0x7d, 0x3e, 0xfd, 0xff, 0x6e, 0x3e,
  0x03, 0x78, 0x63, 0x3e, 0xff, 0x1f, 0x5c, 0x3e, 0x03, 0x10, 0x5a, 0x3e,
  0xff, 0x97, 0x5e, 0x3e, 0x03, 0xa0, 0x68, 0x3e, 0x02, 0x48, 0x75, 0x3e,
  0x00, 0xa0, 0x80, 0x3e, 0xff, 0x63, 0x84, 0x3e, 0x01, 0xac, 0x85, 0x3e,
  0xff, 0xa3, 0x84, 0x3e, 0x00, 0x08, 0x82, 0x3e, 0x02, 0xe0, 0x7e, 0x3e,
  0xfe, 0xaf, 0x7c, 0x3e, 0x03, 0x50, 0x7e, 0x3e, 0x02, 0x50, 0x80, 0x3e,
  0xfd, 0xef, 0x7d, 0x3e, 0x03, 0x58, 0x71, 0x3e, 0x03, 0xf0, 0x5a, 0x3e,
  0xfe, 0xb7, 0x3a, 0x3e, 0xff, 0x1f, 0x0c, 0x3e, 0x00, 0x40, 0x98, 0x3d,
  0x03, 0x00, 0x2c, 0xbc, 0x06, 0x80, 0xea, 0xbd, 0x00, 0x90, 0x6b, 0xbe,
  0x00, 0x34, 0xab, 0xbe, 0xff, 0x5f, 0xd8, 0xbe, 0x02, 0x34, 0xfd, 0xbe,
  0x00, 0xb0, 0x0b, 0xbf, 0xff, 0x1b, 0x14, 0xbf, 0xff, 0xb5, 0x17, 0xbf,
  0xff, 0x8b, 0x16, 0xbf, 0x00, 0x1a, 0x12, 0xbf, 0x00, 0x3c, 0x0c, 0xbf,
  0x00, 0x4c, 0x07, 0xbf, 0x01, 0x4a, 0x04, 0xbf, 0x00, 0x8e, 0x03, 0xbf,
  0x00, 0x06, 0x05, 0xbf, 0x00, 0x0e, 0x08, 0xbf, 0x00, 0x08, 0x0c, 0xbf,
  0x00, 0x74, 0x10, 0xbf, 0x00, 0xa8, 0x14, 0xbf, 0x00, 0xf2, 0x18, 0xbf,
  0x00, 0x2c, 0x1e, 0xbf, 0x00, 0xa0, 0x24, 0xbf, 0x00, 0x92, 0x2c, 0xbf,
  0x00, 0xf2, 0x35, 0xbf, 0x00, 0xa6, 0x3f, 0xbf, 0x00, 0xf6, 0x49, 0xbf,
  0x01, 0xde, 0x54, 0xbf, 0xff, 0x6b, 0x60, 0xbf, 0x01, 0xd4, 0x6a, 0xbf,
  0x00, 0x62, 0x73, 0xbf, 0x00, 0xbc, 0x79, 0xbf, 0x00, 0x8c, 0x7d, 0xbf,
  0x00, 0x90, 0x7f, 0xbf, 0x00, 0xfe, 0x7f, 0xbf, 0x00, 0x84, 0x7f, 0xbf,
  0x00, 0x5c, 0x7e, 0xbf, 0x00, 0xd6, 0x7c, 0xbf, 0x00, 0xcc, 0x7a, 0xbf,
  0x00, 0xa6, 0x77, 0xbf, 0x01, 0xea, 0x72, 0xbf, 0x01, 0x6e, 0x6c, 0xbf,
  0xff, 0xe7, 0x64, 0xbf, 0x01, 0xfc, 0x5b, 0xbf, 0x00, 0xb8, 0x50, 0xbf,
  0x01, 0xce, 0x43, 0xbf, 0x01, 0x96, 0x35, 0xbf, 0xff, 0xc5, 0x26, 0xbf,
  0x00, 0x6c, 0x19, 0xbf, 0x00, 0x62, 0x0d, 0xbf, 0x00, 0xae, 0x02, 0xbf,
  0x00, 0x94, 0xf2, 0xbe, 0x00, 0x28, 0xe5, 0xbe, 0xff, 0x5b, 0xdd, 0xbe,
  0xfe, 0x0f, 0xdb, 0xbe, 0x00, 0xb8, 0xdc, 0xbe, 0x00, 0x2c, 0xe0, 0xbe,
  0x02, 0x50, 0xe4, 0xbe, 0x01, 0x54, 0xe8, 0xbe, 0x00, 0xd4, 0xeb, 0xbe,
  0xff, 0x2f, 0xed, 0xbe, 0xff, 0x13, 0xea, 0xbe, 0xff, 0xeb, 0xe0, 0xbe,
  0x00, 0xf8, 0xd1, 0xbe, 0x00, 0x98, 0xbd, 0xbe, 0x01, 0x60, 0xa6, 0xbe,
  0xff, 0xef, 0x8b, 0xbe, 0x02, 0x70, 0x5a, 0xbe, 0x03, 0xf0, 0x1a, 0xbe,
  0x00, 0xa0, 0xb6, 0xbd, 0xfe, 0xbf, 0xe6, 0xbc, 0x02, 0x40, 0xd9, 0x3c,
  0x00, 0xa0, 0x9e, 0x3d, 0x00, 0xb8, 0x00, 0x3e, 0x01, 0x48, 0x2a, 0x3e,
  0xfe, 0x07, 0x4d, 0x3e, 0xfd, 0x7f, 0x69, 0x3e, 0x02, 0xf0, 0x80, 0x3e,
  0x01, 0x60, 0x8a, 0x3e, 0x02, 0x34, 0x91, 0x3e, 0xff, 0x2f, 0x95, 0x3e,
  0x00, 0x80, 0x96, 0x3e, 0x00, 0x20, 0x96, 0x3e, 0xff, 0x5f, 0x94, 0x3e,
  0xff, 0x73, 0x91, 0x3e, 0xff, 0x5b, 0x8d, 0x3e, 0x00, 0x70, 0x88, 0x3e,
  0x02, 0x84, 0x83, 0x3e, 0x00, 0xb0, 0x7d, 0x3e, 0x01, 0xc8, 0x74, 0x3e,
  0x01, 0x10, 0x6c, 0x3e, 0x01, 0x68, 0x64, 0x3e, 0x01, 0xd8, 0x5d, 0x3e,
  0x02, 0x50, 0x58, 0x3e, 0x02, 0xb0, 0x53, 0x3e, 0x01, 0xf8, 0x4f, 0x3e,
  0xff, 0xe7, 0x4d, 0x3e, 0x02, 0x98, 0x4f, 0x3e, 0x03, 0x50, 0x56, 0x3e,
  0xff, 0x57, 0x62, 0x3e, 0x03, 0xd0, 0x70, 0x3e, 0x00, 0x18, 0x80, 0x3e,
  0x00, 0x18, 0x88, 0x3e, 0x00, 0xcc, 0x90, 0x3e, 0x01, 0xac, 0x98, 0x3e,
  0xff, 0x87, 0x9d, 0x3e, 0x01, 0x28, 0x9c, 0x3e, 0x00, 0x08, 0x93, 0x3e,
  0xff, 0xdb, 0x82, 0x3e, 0x02, 0x30, 0x59, 0x3e, 0x02, 0x58, 0x26, 0x3e,
  0xff, 0x8f, 0xd8, 0x3d, 0x00, 0xa0, 0x26, 0x3d, 0xfe, 0xbf, 0xc4, 0xbc,
  0x00, 0x50, 0xaf, 0xbd, 0x00, 0xa8, 0x0f, 0xbe, 0x03, 0x00, 0x41, 0xbe,
  0x03, 0x00, 0x69, 0xbe, 0x01, 0x0c, 0x85, 0xbe, 0x01, 0x90, 0x92, 0xbe,
  0x00, 0x70, 0x9c, 0xbe, 0x01, 0xfc, 0xa3, 0xbe, 0x00, 0x38, 0xaa, 0xbe,
  0xfe, 0xcb, 0xae, 0xbe, 0x00, 0x98, 0xb1, 0xbe, 0xff, 0x57, 0xb2, 0xbe,
  0x01, 0x68, 0xb1, 0xbe, 0x01, 0x10, 0xb0, 0xbe, 0xff, 0x93, 0xaf, 0xbe,
  0x00, 0xb8, 0xb0, 0xbe, 0x01, 0xa0, 0xb3, 0xbe, 0x01, 0x3c, 0xb8, 0xbe,
  0x00, 0x1c, 0xbf, 0xbe, 0x02, 0x50, 0xc8, 0xbe, 0x01, 0x24, 0xd4, 0xbe,
  0xfe, 0x87, 0xe2, 0xbe, 0x01, 0xe0, 0xf0, 0xbe, 0xff, 0x13, 0xfe, 0xbe,
  0xff, 0xc5, 0x04, 0xbf, 0xff, 0x21, 0x09, 0xbf, 0xff, 0x8d, 0x0c, 0xbf,
  0x01, 0x74, 0x0f, 0xbf, 0xff, 0x8d, 0x12, 0xbf, 0x00, 0x08, 0x16, 0xbf,
  0x00, 0x0c, 0x1a, 0xbf, 0x00, 0x70, 0x1e, 0xbf, 0x00, 0x7e, 0x22, 0xbf,
  0x00, 0x42, 0x26, 0xbf, 0xff, 0xd7, 0x29, 0xbf, 0x01, 0x9a, 0x2c, 0xbf,
  0xff, 0xcb, 0x2d, 0xbf, 0x00, 0xaa, 0x2c, 0xbf, 0x00, 0x14, 0x29, 0xbf,
  0x00, 0x8c, 0x23, 0xbf, 0x00, 0x92, 0x1c, 0xbf, 0x00, 0x18, 0x14, 0xbf,
  0x01, 0xd4, 0x0a, 0xbf, 0x00, 0xcc, 0x00, 0xbf, 0x01, 0x68, 0xec, 0xbe,
  0x01, 0x98, 0xd8, 0xbe, 0x02, 0x78, 0xc5, 0xbe, 0x01, 0x30, 0xb2, 0xbe,
  0xff, 0x5f, 0xa0, 0xbe, 0xff, 0x4b, 0x90, 0xbe, 0x00, 0xac, 0x82, 0xbe,
  0x00, 0xc8, 0x71, 0xbe, 0x00, 0xe8, 0x63, 0xbe, 0xfd, 0x8f, 0x5a, 0xbe,
  0xff, 0x2f, 0x55, 0xbe, 0xfe, 0xaf, 0x54, 0xbe, 0xfd, 0x6f, 0x58, 0xbe,
  0x00, 0x68, 0x5e, 0xbe, 0xfd, 0x37, 0x62, 0xbe, 0x02, 0x78, 0x60, 0xbe,
  0xfd, 0xff, 0x56, 0xbe, 0x02, 0xe0, 0x46, 0xbe, 0x03, 0xd0, 0x30, 0xbe,
  0xff, 0xa7, 0x14, 0xbe, 0xfe, 0x1f, 0xe1, 0xbd, 0x01, 0x20, 0x90, 0xbd,
  0xfe, 0xbf, 0xe2, 0xbc, 0x00, 0x80, 0x8d, 0x3c, 0x01, 0x60, 0x76, 0x3d,
  0xff, 0xcf, 0xd1, 0x3d, 0xfe, 0xd7, 0x14, 0x3e, 0xff, 0x77, 0x3c, 0x3e,
  0x00, 0x78, 0x5f, 0x3e, 0xff, 0x3f, 0x7e, 0x3e, 0x01, 0xb8, 0x8b, 0x3e,
  0xff, 0x3f, 0x96, 0x3e, 0x01, 0x90, 0x9e, 0x3e, 0x01, 0x54, 0xa4, 0x3e,
  0x02, 0x28, 0xa7, 0x3e, 0x00, 0x00, 0xa8, 0x3e, 0xff, 0xbf, 0xa7, 0x3e,
  0x01, 0x40, 0xa7, 0x3e, 0xff, 0x1f, 0xa7, 0x3e, 0x00, 0xa8, 0xa7, 0x3e,
  0xff, 0xbf, 0xa8, 0x3e, 0xfe, 0xff, 0xa9, 0x3e, 0x02, 0xe4, 0xaa, 0x3e,
  0x01, 0x14, 0xab, 0x3e, 0xfe, 0x87, 0xaa, 0x3e, 0x00, 0x40, 0xa9, 0x3e,
  0x01, 0xd0, 0xa6, 0x3e, 0x01, 0x2c, 0xa3, 0x3e, 0xff, 0x57, 0x9e, 0x3e,
  0xff, 0xeb, 0x98, 0x3e, 0xff, 0xbf, 0x94, 0x3e, 0xff, 0xf7, 0x92, 0x3e,
  0xff, 0x47, 0x94, 0x3e, 0xff, 0x03, 0x98, 0x3e, 0xff, 0xe7, 0x9c, 0x3e,
  0x01, 0x04, 0xa2, 0x3e, 0xff, 0x57, 0xa6, 0x3e, 0x01, 0xc0, 0xa9, 0x3e,
  0x00, 0x8c, 0xab, 0x3e, 0x00, 0x68, 0xaa, 0x3e, 0x00, 0x6c, 0xa5, 0x3e,
  0x01, 0xb0, 0x9c, 0x3e, 0x01, 0x84, 0x90, 0x3e, 0xff, 0xb3, 0x82, 0x3e,
  0x00, 0x68, 0x66, 0x3e, 0x01, 0xd0, 0x42, 0x3e, 0x03, 0x50, 0x1e, 0x3e,
  0x04, 0x70, 0xf3, 0x3d, 0x00, 0x50, 0xab, 0x3d, 0x01, 0xc0, 0x54, 0x3d,
  0xfe, 0x3f, 0xb6, 0x3c, 0x00, 0x00, 0xad, 0xbb, 0x01, 0x00, 0xfa, 0xbc,
  0x01, 0x40, 0x50, 0xbd, 0xff, 0x2f, 0x89, 0xbd, 0x00, 0x50, 0xa4, 0xbd,
  0x00, 0x60, 0xb9, 0xbd, 0x01, 0x70, 0xca, 0xbd, 0xff, 0x8f, 0xd8, 0xbd,
  0xfd, 0x9f, 0xe3, 0xbd, 0x00, 0xe0, 0xed, 0xbd, 0xfa, 0xaf, 0xf8, 0xbd,
  0x01, 0x18, 0x02, 0xbe, 0xff, 0x8f, 0x08, 0xbe, 0xfe, 0x87, 0x0f, 0xbe,
  0x01, 0xa0, 0x17, 0xbe, 0xfd, 0xc7, 0x20, 0xbe, 0xff, 0xbf, 0x2b, 0xbe,
  0xff, 0x17, 0x39, 0xbe, 0xfd, 0xff, 0x46, 0xbe, 0x02, 0xf0, 0x54, 0xbe,
  0x02, 0xc8, 0x62, 0xbe, 0xff, 0x4f, 0x6f, 0xbe, 0xfe, 0xe7, 0x7a, 0xbe,
  0xfe, 0xcb, 0x82, 0xbe, 0x01, 0x44, 0x87, 0xbe, 0xfe, 0x0f, 0x8b, 0xbe,
  0x00, 0x64, 0x8e, 0xbe, 0xff, 0x73, 0x91, 0xbe, 0x01, 0x10, 0x94, 0xbe,
  0x01, 0x90, 0x96, 0xbe, 0xff, 0x5b, 0x99, 0xbe, 0x01, 0x10, 0x9c, 0xbe,
  0x00, 0xe0, 0x9d, 0xbe, 0x01, 0x38, 0x9d, 0xbe, 0x01, 0x24, 0x99, 0xbe,
  0x01, 0xc0, 0x91, 0xbe, 0x01, 0x88, 0x87, 0xbe, 0x00, 0x88, 0x78, 0xbe,
  0xfd, 0xe7, 0x5f, 0xbe, 0xfd, 0x1f, 0x46, 0xbe, 0x00, 0x60, 0x2b, 0xbe,
  0x01, 0x88, 0x13, 0xbe, 0xfc, 0xaf, 0xfe, 0xbd, 0x00, 0xe0, 0xdd, 0xbd,
  0x00, 0x00, 0xc6, 0xbd, 0x00, 0xb0, 0xb3, 0xbd, 0x00, 0x10, 0xa4, 0xbd,
  0x00, 0x60, 0x96, 0xbd, 0x00, 0x50, 0x88, 0xbd, 0x00, 0x20, 0x71, 0xbd,
  0x01, 0xc0, 0x51, 0xbd, 0x01, 0x60, 0x34, 0xbd, 0x01, 0x00, 0x1b, 0xbd,
  0xff, 0x7f, 0x05, 0xbd, 0x01, 0x40, 0xe3, 0xbc, 0x02, 0xc0, 0xae, 0xbc,
  0xfb, 0xff, 0x3c, 0xbc, 0xff, 0xff, 0xbb, 0x3a, 0x00, 0x80, 0x8d, 0x3c,
  0x01, 0x40, 0x13, 0x3d, 0x01, 0xc0, 0x64, 0x3d, 0x00, 0xc0, 0x9e, 0x3d,
  0x03, 0x70, 0xcd, 0x3d, 0x00, 0x70, 0xfc, 0x3d, 0x01, 0x38, 0x11, 0x3e,
  0xfe, 0xcf, 0x1e, 0x3e, 0xfd, 0xd7, 0x26, 0x3e, 0xfd, 0x37, 0x2a, 0x3e,
  0x02, 0x80, 0x2b, 0x3e, 0xff, 0xff, 0x2c, 0x3e, 0x02, 0xf0, 0x2f, 0x3e,
  0x03, 0xe8, 0x34, 0x3e, 0x01, 0x98, 0x3c, 0x3e, 0xff, 0x1f, 0x47, 0x3e,
  0x00, 0x80, 0x55, 0x3e, 0x03, 0xc0, 0x67, 0x3e, 0xfe, 0x4f, 0x7c, 0x3e,
  0xff, 0xdb, 0x86, 0x3e, 0x02, 0x94, 0x8c, 0x3e, 0xff, 0xb3, 0x8e, 0x3e,
  0x00, 0x54, 0x8d, 0x3e, 0x01, 0x20, 0x89, 0x3e, 0x00, 0x08, 0x82, 0x3e,
  0xff, 0x47, 0x71, 0x3e, 0x00, 0x80, 0x5a, 0x3e, 0xfd, 0x4f, 0x41, 0x3e,
  0xff, 0x57, 0x2a, 0x3e, 0xfe, 0x47, 0x16, 0x3e, 0x00, 0x80, 0x05, 0x3e,
  0x01, 0x40, 0xef, 0x3d, 0xfe, 0x6f, 0xdb, 0x3d, 0xfe, 0xaf, 0xcf, 0x3d,
  0x00, 0x70, 0xcc, 0x3d, 0x06, 0x90, 0xd0, 0x3d, 0xff, 0x8f, 0xd8, 0x3d,
  0xfd, 0x7f, 0xe1, 0x3d, 0x00, 0x40, 0xe9, 0x3d, 0x05, 0x80, 0xef, 0x3d,
  0xfc, 0x4f, 0xf3, 0x3d, 0x07, 0x50, 0xf2, 0x3d, 0x03, 0xe0, 0xe9, 0x3d,
  0xf9, 0x0f, 0xd9, 0x3d, 0xff, 0x9f, 0xbf, 0x3d, 0xff, 0x2f, 0xa1, 0x3d,
  0xff, 0x1f, 0x7b, 0x3d, 0xff, 0xdf, 0x23, 0x3d, 0xff, 0xff, 0x86, 0x3c,
  0x00, 0x80, 0x0e, 0xbc, 0xff, 0xbf, 0x0e, 0xbd, 0x00, 0x20, 0x71, 0xbd,
  0x00, 0x30, 0xa7, 0xbd, 0xfe, 0xaf, 0xd4, 0xbd, 0x06, 0xf0, 0xfb, 0xbd,
  0x03, 0xf8, 0x0d, 0xbe, 0x02, 0x60, 0x19, 0xbe, 0x03, 0xa0, 0x20, 0xbe,
  0x02, 0x38, 0x24, 0xbe, 0xff, 0xb7, 0x25, 0xbe, 0xff, 0xb7, 0x25, 0xbe,
  0x01, 0x98, 0x24, 0xbe, 0xfd, 0x17, 0x23, 0xbe, 0xff, 0x57, 0x22, 0xbe,
  0xfd, 0x27, 0x24, 0xbe, 0x02, 0xe8, 0x29, 0xbe, 0x03, 0x60, 0x34, 0xbe,
  0xfe, 0x1f, 0x41, 0xbe, 0x01, 0xd8, 0x4d, 0xbe, 0xfe, 0x0f, 0x58, 0xbe,
  0xff, 0xc7, 0x5e, 0xbe, 0xff, 0x47, 0x61, 0xbe, 0xff, 0x07, 0x60, 0xbe,
  0x00, 0x20, 0x5a, 0xbe, 0x03, 0x38, 0x4f, 0xbe, 0xfe, 0xdf, 0x3f, 0xbe,
  0x02, 0xa0, 0x2d, 0xbe, 0x03, 0x40, 0x1d, 0xbe, 0x01, 0x08, 0x11, 0xbe,
  0x02, 0x40, 0x0a, 0xbe, 0x03, 0xd0, 0x08, 0xbe, 0x01, 0x00, 0x0b, 0xbe,
  0x00, 0x48, 0x0f, 0xbe, 0x00, 0xf8, 0x14, 0xbe, 0xff, 0xaf, 0x1a, 0xbe,
  0xff, 0x7f, 0x1f, 0xbe, 0xfd, 0x07, 0x22, 0xbe, 0x01, 0x38, 0x21, 0xbe,
  0x01, 0x50, 0x1d, 0xbe, 0xfd, 0x77, 0x16, 0xbe, 0xfe, 0x37, 0x0d, 0xbe,
  0xfd, 0xc7, 0x00, 0xbe, 0xfb, 0x1f, 0xe0, 0xbd, 0x00, 0xc0, 0xb9, 0xbd,
  0xff, 0x5f, 0x8f, 0xbd, 0x00, 0x20, 0x43, 0xbd, 0xfe, 0x3f, 0xb6, 0xbc,
  0x00, 0x00, 0x17, 0x3c, 0xff, 0xbf, 0xfb, 0x3c, 0x00, 0x60, 0x59, 0x3d,
  0x00, 0x50, 0x91, 0x3d, 0x00, 0xf0, 0xa6, 0x3d, 0x00, 0xf0, 0xa8, 0x3d,
  0x00, 0xc0, 0x99, 0x3d, 0xff, 0xbf, 0x7f, 0x3d, 0x01, 0x40, 0x42, 0x3d,
  0xff, 0x7f, 0x07, 0x3d, 0x02, 0x80, 0xa4, 0x3c, 0x00, 0x00, 0x1b, 0x3c,
  0xfe, 0xff, 0x7d, 0x3b, 0x00, 0x00, 0x95, 0x3b, 0x05, 0x00, 0x41, 0x3c,
  0x01, 0x80, 0xca, 0x3c, 0x00, 0xa0, 0x23, 0x3d, 0xff, 0x5f, 0x63, 0x3d,
  0x00, 0xd0, 0x90, 0x3d, 0x00, 0x70, 0xab, 0x3d, 0x00, 0x50, 0xc1, 0x3d,
  0xfb, 0x7f, 0xd0, 0x3d, 0xff, 0xff, 0xd4, 0x3d, 0x02, 0xe0, 0xce, 0x3d,
  0x00, 0xd0, 0xc0, 0x3d, 0x00, 0x20, 0xb2, 0x3d, 0xff, 0xef, 0xa9, 0x3d,
  0x00, 0xf0, 0xac, 0x3d, 0x01, 0x40, 0xbc, 0x3d, 0x04, 0xe0, 0xd4, 0x3d,
  0xfd, 0x0f, 0xf5, 0x3d, 0xfd, 0x2f, 0x0f, 0x3e, 0xff, 0x97, 0x26, 0x3e,
  0x01, 0x18, 0x3f, 0x3e, 0xff, 0xff, 0x54, 0x3e, 0xff, 0xcf, 0x61, 0x3e,
  0xff, 0xbf, 0x63, 0x3e, 0x02, 0xf8, 0x5a, 0x3e, 0x01, 0x88, 0x4b, 0x3e,
  0x01, 0x80, 0x38, 0x3e, 0x02, 0x08, 0x24, 0x3e, 0xfe, 0xcf, 0x0e, 0x3e,
  0x04, 0x70, 0xf8, 0x3d, 0xfb, 0x6f, 0xda, 0x3d, 0x01, 0x10, 0xc6, 0x3d,
  0x00, 0xd0, 0xbc, 0x3d, 0x01, 0x40, 0xbc, 0x3d, 0x00, 0xd0, 0xc1, 0x3d,
  0x00, 0xe0, 0xcb, 0x3d, 0xf9, 0x0f, 0xd9, 0x3d, 0xfd, 0x9f, 0xe8, 0x3d,
  0x04, 0x70, 0xf8, 0x3d, 0xfe, 0xaf, 0x04, 0x3e, 0xfe, 0xcf, 0x0e, 0x3e,
  0x03, 0x00, 0x1c, 0x3e, 0xff, 0xaf, 0x2a, 0x3e, 0x02, 0x30, 0x39, 0x3e,
  0x00, 0xd0, 0x44, 0x3e, 0x00, 0xa8, 0x4a, 0x3e, 0x02, 0xf8, 0x4a, 0x3e,
  0x02, 0xe0, 0x46, 0x3e, 0x03, 0x48, 0x40, 0x3e, 0x02, 0x50, 0x38, 0x3e,
  0xfd, 0xb7, 0x2f, 0x3e, 0x00, 0x48, 0x27, 0x3e, 0xfd, 0x4f, 0x21, 0x3e,
  0x00, 0xd0, 0x1f, 0x3e, 0xfd, 0x87, 0x24, 0x3e, 0xfe, 0xcf, 0x2e, 0x3e,
  0xfd, 0xcf, 0x3b, 0x3e, 0xfd, 0x5f, 0x47, 0x3e, 0xfd, 0x87, 0x4c, 0x3e,
  0xfe, 0xff, 0x49, 0x3e, 0xfe, 0x67, 0x40, 0x3e, 0x02, 0x28, 0x33, 0x3e,
  0xfd, 0x57, 0x24, 0x3e, 0xfd, 0x67, 0x15, 0x3e, 0xff, 0xf7, 0x06, 0x3e,
  0x04, 0x10, 0xf8, 0x3d, 0x01, 0x20, 0xed, 0x3d, 0x02, 0x60, 0xf1, 0x3d,
  0x01, 0xf0, 0x01, 0x3e, 0x03, 0xa0, 0x10, 0x3e, 0x03, 0x78, 0x23, 0x3e,
  0x00, 0x00, 0x38, 0x3e, 0xfe, 0x47, 0x4e, 0x3e, 0x00, 0x08, 0x66, 0x3e,
  0x01, 0x10, 0x7c, 0x3e, 0xff, 0xdb, 0x87, 0x3e, 0xfe, 0x7b, 0x90, 0x3e,
  0x02, 0x50, 0x98, 0x3e, 0xff, 0xaf, 0x9e, 0x3e, 0x01, 0x74, 0xa3, 0x3e,
  0x00, 0xf8, 0xa5, 0x3e, 0x01, 0xd8, 0xa5, 0x3e, 0xff, 0xc3, 0xa3, 0x3e,
  0x01, 0xb0, 0xa0, 0x3e, 0x00, 0xf4, 0x9d, 0x3e, 0xff, 0x4b, 0x9c, 0x3e,
  0x01, 0xfc, 0x9b, 0x3e, 0xff, 0xbb, 0x9c, 0x3e, 0x01, 0x94, 0x9d, 0x3e,
  0x00, 0x84, 0x9d, 0x3e, 0x01, 0xe4, 0x9b, 0x3e, 0xfe, 0xd7, 0x98, 0x3e,
  0x00, 0xe4, 0x94, 0x3e, 0x00, 0x74, 0x90, 0x3e, 0x00, 0x00, 0x8c, 0x3e,
  0x01, 0x9c, 0x87, 0x3e, 0x02, 0xc8, 0x83, 0x3e, 0xff, 0x2b, 0x82, 0x3e,
  0xff, 0xbf, 0x83, 0x3e, 0x00, 0x3c, 0x89, 0x3e, 0x00, 0x28, 0x91, 0x3e,
  0x01, 0xa8, 0x99, 0x3e, 0x01, 0x98, 0xa0, 0x3e, 0x01, 0xac, 0xa4, 0x3e,
  0xfe, 0x5f, 0xa5, 0x3e, 0xff, 0xc3, 0xa3, 0x3e, 0xff, 0xe7, 0xa0, 0x3e,
  0xff, 0x2b, 0x9e, 0x3e, 0xff, 0x33, 0x9c, 0x3e, 0xff, 0x23, 0x9b, 0x3e,
  0xff, 0xdf, 0x9a, 0x3e, 0x00, 0xf0, 0x9a, 0x3e, 0x01, 0x2c, 0x9b, 0x3e,
  0xff, 0x3b, 0x9b, 0x3e, 0x01, 0x78, 0x9a, 0x3e, 0xfe, 0x6b, 0x97, 0x3e,
  0x01, 0x54, 0x90, 0x3e, 0xff, 0x6f, 0x85, 0x3e, 0x01, 0x80, 0x70, 0x3e,
  0xfd, 0xff, 0x56, 0x3e, 0x01, 0x60, 0x46, 0x3e, 0xff, 0xe7, 0x40, 0x3e,
  0xff, 0x0f, 0x46, 0x3e, 0xfe, 0x2f, 0x52, 0x3e, 0xff, 0xcf, 0x61, 0x3e,
  0x00, 0x08, 0x73, 0x3e, 0xff, 0x73, 0x81, 0x3e, 0x01, 0xfc, 0x87, 0x3e,
  0xff, 0xbf, 0x8b, 0x3e, 0xff, 0x4f, 0x8b, 0x3e, 0x01, 0x48, 0x86, 0x3e,
  0xfd, 0xcf, 0x7b, 0x3e, 0x02, 0xa8, 0x68, 0x3e, 0x01, 0x18, 0x5a, 0x3e,
  0xff, 0xdf, 0x52, 0x3e, 0xff, 0xbf, 0x53, 0x3e, 0x03, 0xa8, 0x5b, 0x3e,
  0x01, 0x38, 0x69, 0x3e, 0x02, 0x90, 0x7c, 0x3e, 0x01, 0x94, 0x89, 0x3e,
  0xff, 0xb3, 0x95, 0x3e, 0x00, 0x40, 0xa1, 0x3e, 0xfe, 0x6b, 0xab, 0x3e,
  0x01, 0x00, 0xb3, 0x3e, 0x02, 0x94, 0xb8, 0x3e, 0xff, 0x5f, 0xbc, 0x3e,
  0x01, 0xec, 0xbd, 0x3e, 0x01, 0x24, 0xbd, 0x3e, 0x01, 0x18, 0xba, 0x3e,
  0x00, 0xf4, 0xb5, 0x3e, 0x00, 0xf4, 0xb1, 0x3e, 0xff, 0x3b, 0xaf, 0x3e,
  0x01, 0x90, 0xae, 0x3e, 0x00, 0xbc, 0xaf, 0x3e, 0xff, 0xc7, 0xb2, 0x3e,
  0x00, 0x5c, 0xb8, 0x3e, 0x00, 0x70, 0xc0, 0x3e, 0xff, 0x23, 0xcb, 0x3e,
  0xff, 0x93, 0xd7, 0x3e, 0xff, 0x1f, 0xe3, 0x3e, 0x00, 0xb4, 0xec, 0x3e,
  0x00, 0xd4, 0xf3, 0x3e, 0x00, 0x30, 0xf8, 0x3e, 0xff, 0x83, 0xfa, 0x3e,
  0x00, 0x34, 0xfb, 0x3e, 0x01, 0xa4, 0xfa, 0x3e, 0xff, 0x5b, 0xf9, 0x3e,
  0x01, 0xf8, 0xf7, 0x3e, 0xff, 0xdf, 0xf6, 0x3e, 0x00, 0x80, 0xf6, 0x3e,
  0x01, 0xd0, 0xf6, 0x3e, 0xff, 0xd7, 0xf7, 0x3e, 0xff, 0x2f, 0xf9, 0x3e,
  0x01, 0x8c, 0xfa, 0x3e, 0xff, 0xab, 0xfb, 0x3e, 0xff, 0x63, 0xfc, 0x3e,
  0xff, 0xe7, 0xfc, 0x3e, 0x00, 0xe0, 0xfd, 0x3e, 0x01, 0x06, 0x00, 0x3f,
  0x00, 0xd0, 0x01, 0x3f, 0x01, 0x1e, 0x04, 0x3f, 0xff, 0x8b, 0x06, 0x3f,
  0x01, 0x4a, 0x08, 0x3f, 0xff, 0x1f, 0x09, 0x3f, 0x00, 0x04, 0x09, 0x3f,
  0x01, 0x2a, 0x08, 0x3f, 0xff, 0xd1, 0x06, 0x3f, 0x00, 0x10, 0x05, 0x3f,
  0xff, 0x1f, 0x03, 0x3f, 0x01, 0x46, 0x01, 0x3f, 0x00, 0xe8, 0xff, 0x3e,
  0x01, 0xa0, 0xff, 0x3e, 0xff, 0x41, 0x01, 0x3f, 0x00, 0x0a, 0x04, 0x3f,
  0x00, 0x76, 0x07, 0x3f, 0x01, 0x2a, 0x0a, 0x3f, 0x00, 0x82, 0x0b, 0x3f,
  0x01, 0x3a, 0x0b, 0x3f, 0x00, 0x78, 0x09, 0x3f, 0x00, 0x58, 0x06, 0x3f,
  0x00, 0x9a, 0x01, 0x3f, 0x00, 0x48, 0xf7, 0x3e, 0x01, 0x90, 0xe9, 0x3e,
  0xff, 0xbf, 0xdb, 0x3e, 0x01, 0x40, 0xcf, 0x3e, 0x01, 0xec, 0xc5, 0x3e,
  0xfe, 0x6b, 0xbf, 0x3e, 0x00, 0x30, 0xbb, 0x3e, 0xfe, 0x1b, 0xb9, 0x3e,
  0x02, 0x94, 0xb8, 0x3e, 0x00, 0x3c, 0xb9, 0x3e, 0xff, 0x6f, 0xba, 0x3e,
  0x01, 0xb8, 0xbb, 0x3e, 0x01, 0xdc, 0xbc, 0x3e, 0x00, 0xf4, 0xbd, 0x3e,
  0x01, 0x14, 0xbf, 0x3e, 0x01, 0x28, 0xc0, 0x3e, 0x01, 0xa8, 0xc1, 0x3e,
  0xfe, 0x7b, 0xc4, 0x3e, 0x02, 0x78, 0xc9, 0x3e, 0x00, 0xd0, 0xcf, 0x3e,
  0xff, 0xdb, 0xd3, 0x3e, 0x01, 0x8c, 0xd2, 0x3e, 0x01, 0xd8, 0xc9, 0x3e,
  0x01, 0xb8, 0xba, 0x3e, 0x01, 0x50, 0xa5, 0x3e, 0xfe, 0xcb, 0x86, 0x3e,
  0x00, 0x38, 0x3e, 0x3e, 0x00, 0xa0, 0xbb, 0x3d, 0x00, 0x40, 0xe7, 0xbc,
  0x00, 0x70, 0x1c, 0xbe, 0xfe, 0xaf, 0x83, 0xbe, 0x00, 0x1c, 0xb7, 0xbe,
  0x01, 0xb0, 0xe8, 0xbe, 0x00, 0x2e, 0x0a, 0xbf, 0x00, 0xbc, 0x1d, 0xbf,
  0x01, 0x1e, 0x30, 0xbf, 0x00, 0xaa, 0x40, 0xbf, 0x00, 0x24, 0x50, 0xbf,
  0x00, 0x52, 0x5e, 0xbf, 0x00, 0x8e, 0x69, 0xbf, 0xff, 0x5f, 0x72, 0xbf,
  0x01, 0x24, 0x79, 0xbf, 0x00, 0x02, 0x7e, 0xbf, 0x00, 0xfe, 0x7f, 0xbf,
  0x01, 0xe0, 0x7e, 0xbf, 0x00, 0xb6, 0x7a, 0xbf, 0x00, 0xfc, 0x74, 0xbf,
  0xff, 0xe7, 0x6e, 0xbf, 0xff, 0x21, 0x69, 0xbf, 0x00, 0x70, 0x64, 0xbf,
  0x00, 0xd0, 0x60, 0xbf, 0xff, 0x69, 0x5e, 0xbf, 0x00, 0x98, 0x5d, 0xbf,
  0x00, 0x38, 0x5e, 0xbf, 0xff, 0xf9, 0x5f, 0xbf, 0x00, 0x7a, 0x62, 0xbf,
  0x01, 0x2e, 0x65, 0xbf, 0x00, 0xf4, 0x67, 0xbf, 0x01, 0xd4, 0x6a, 0xbf,
  0x00, 0x6a, 0x6d, 0xbf, 0x00, 0xb2, 0x6f, 0xbf, 0x00, 0xc8, 0x71, 0xbf,
  0x01, 0xce, 0x73, 0xbf, 0x00, 0xe0, 0x75, 0xbf, 0x00, 0x8e, 0x77, 0xbf,
  0xff, 0xd7, 0x77, 0xbf, 0x00, 0x52, 0x76, 0xbf, 0x00, 0x06, 0x73, 0xbf,
  0x00, 0xd4, 0x6d, 0xbf, 0x00, 0x9e, 0x66, 0xbf, 0x01, 0x56, 0x5c, 0xbf,
  0xff, 0xf9, 0x4d, 0xbf, 0x00, 0x36, 0x3d, 0xbf, 0x01, 0xbc, 0x2a, 0xbf,
  0x00, 0xa0, 0x16, 0xbf, 0x00, 0x5c, 0x02, 0xbf, 0xff, 0xf7, 0xda, 0xbe,
  0x00, 0x14, 0xb0, 0xbe, 0x00, 0x3c, 0x89, 0xbe, 0x03, 0xd8, 0x4b, 0xbe,
  0x03, 0xd8, 0x0b, 0xbe, 0xff, 0x1f, 0x9f, 0xbd, 0x01, 0x40, 0xe2, 0xbc,
  0x00, 0x80, 0x6d, 0x3c, 0x01, 0x00, 0x4c, 0x3d, 0x00, 0xe0, 0x9e, 0x3d,
  0x00, 0xa0, 0xcc, 0x3d, 0x00, 0xe0, 0xed, 0x3d, 0x06, 0xf0, 0xfb, 0x3d,
  0x04, 0x70, 0xf8, 0x3d, 0x03, 0x60, 0xe7, 0x3d, 0xfc, 0x9f, 0xcd, 0x3d,
  0x01, 0x60, 0xb0, 0x3d, 0x00, 0xf0, 0x90, 0x3d, 0xff, 0x5f, 0x5f, 0x3d,
  0xff, 0xdf, 0x22, 0x3d, 0x02, 0x40, 0xda, 0x3c, 0x05, 0x80, 0x70, 0x3c,
  0x01, 0x00, 0x8d, 0x3b, 0x01, 0x00, 0xa9, 0xbb, 0x01, 0x80, 0x67, 0xbc,
  0xff, 0x7f, 0xb8, 0xbc, 0x01, 0x40, 0xff, 0xbc, 0x01, 0x60, 0x24, 0xbd,
  0xff, 0x7f, 0x47, 0xbd, 0xff, 0x1f, 0x5b, 0xbd, 0xff, 0x7f, 0x55, 0xbd,
  0xff, 0x5f, 0x31, 0xbd, 0x00, 0xc0, 0xf5, 0xbc, 0xfe, 0xbf, 0x81, 0xbc,
  0xfe, 0xff, 0x7d, 0xbb, 0x01, 0x00, 0x6e, 0x3b, 0x00, 0x00, 0xda, 0x3b,
  0xfe, 0xff, 0x31, 0x3b, 0x04, 0x00, 0x49, 0xbc, 0x01, 0x20, 0x2d, 0xbd,
  0x00, 0x60, 0xb1, 0xbd, 0xfe, 0x2f, 0x12, 0xbe, 0x00, 0x58, 0x4d, 0xbe,
  0xff, 0x07, 0x84, 0xbe, 0x00, 0x28, 0xa1, 0xbe, 0xff, 0x37, 0xbb, 0xbe,
  0x00, 0x64, 0xd2, 0xbe, 0xff, 0x9b, 0xe6, 0xbe, 0xfe, 0x87, 0xf6, 0xbe,
  0xff, 0xd7, 0x01, 0xbf, 0x00, 0xa2, 0x07, 0xbf, 0x00, 0xb4, 0x0c, 0xbf,
  0x00, 0xbe, 0x11, 0xbf, 0x00, 0x40, 0x17, 0xbf, 0x00, 0x54, 0x1d, 0xbf,
  0xff, 0xc5, 0x22, 0xbf, 0x01, 0xbc, 0x26, 0xbf, 0xff, 0x8d, 0x28, 0xbf,
  0x00, 0x24, 0x28, 0xbf, 0x00, 0xf6, 0x25, 0xbf, 0x00, 0x0a, 0x22, 0xbf,
  0x00, 0xb4, 0x1c, 0xbf, 0x00, 0x08, 0x16, 0xbf, 0x00, 0x4e, 0x0e, 0xbf,
  0x00, 0xc2, 0x06, 0xbf, 0x01, 0x18, 0xff, 0xbe, 0x00, 0x80, 0xf1, 0xbe,
  0x00, 0x58, 0xe4, 0xbe, 0x00, 0xb4, 0xd8, 0xbe, 0x01, 0xf0, 0xcd, 0xbe,
  0xff, 0x1f, 0xc3, 0xbe, 0xfe, 0x7b, 0xb8, 0xbe, 0x00, 0xf8, 0xad, 0xbe,
  0x02, 0x94, 0xa4, 0xbe, 0x01, 0x90, 0x9e, 0xbe, 0xfe, 0x7b, 0x9c, 0xbe,
  0xff, 0xfb, 0x9d, 0xbe, 0xff, 0x87, 0xa1, 0xbe, 0x00, 0x98, 0xa5, 0xbe,
  0xff, 0x73, 0xa9, 0xbe, 0x01, 0xb0, 0xac, 0xbe, 0x00, 0x68, 0xae, 0xbe,
  0xff, 0x6f, 0xad, 0xbe, 0x00, 0x30, 0xa8, 0xbe, 0x02, 0xa0, 0x9e, 0xbe,
  0xff, 0x87, 0x91, 0xbe, 0x00, 0xdc, 0x81, 0xbe, 0x01, 0x10, 0x64, 0xbe,
  0x02, 0x90, 0x44, 0xbe, 0x02, 0x18, 0x25, 0xbe, 0x02, 0xd8, 0x08, 0xbe,
  0x05, 0xd0, 0xde, 0xbd, 0x00, 0xc0, 0xb1, 0xbd, 0x00, 0xf0, 0x87, 0xbd,
  0xff, 0xff, 0x45, 0xbd, 0xff, 0xdf, 0x01, 0xbd, 0x01, 0x40, 0x81, 0xbc,
  0xfd, 0xff, 0x93, 0xba, 0x02, 0x00, 0x57, 0x3c, 0xff, 0xbf, 0xdf, 0x3c,
  0xff, 0xdf, 0x22, 0x3d, 0x01, 0x40, 0x50, 0x3d, 0x00, 0x40, 0x7a, 0x3d,
  0x01, 0x90, 0x8e, 0x3d, 0x00, 0xc0, 0x98, 0x3d, 0x00, 0xc0, 0x95, 0x3d,
  0x00, 0x80, 0x81, 0x3d, 0x00, 0x80, 0x3d, 0x3d, 0x02, 0x80, 0xc6, 0x3c,
  0xff, 0xff, 0x29, 0xbb, 0x01, 0xe0, 0x04, 0xbd, 0x01, 0xd0, 0x86, 0xbd,
  0xfc, 0xbf, 0xcf, 0xbd, 0x01, 0x18, 0x07, 0xbe, 0x02, 0x00, 0x1e, 0xbe,
  0x01, 0xd0, 0x2a, 0xbe, 0x02, 0xd0, 0x2d, 0xbe, 0x02, 0x70, 0x2a, 0xbe,
  0xfe, 0xc7, 0x23, 0xbe, 0xfd, 0xcf, 0x1b, 0xbe, 0x03, 0xb8, 0x14, 0xbe,
  0x03, 0x90, 0x0f, 0xbe, 0xfe, 0x07, 0x0d, 0xbe, 0xff, 0x0f, 0x0e, 0xbe,
  0x00, 0x80, 0x12, 0xbe, 0xfe, 0xa7, 0x19, 0xbe, 0xff, 0xbf, 0x20, 0xbe,
  0x00, 0x28, 0x25, 0xbe, 0xff, 0x47, 0x24, 0xbe, 0xfd, 0xef, 0x1d, 0xbe,
  0x01, 0x10, 0x14, 0xbe, 0x01, 0x48, 0x0a, 0xbe, 0x02, 0x80, 0x03, 0xbe,
  0xfe, 0xff, 0x01, 0xbe, 0x01, 0x50, 0x05, 0xbe, 0x00, 0x80, 0x0d, 0xbe,
  0x01, 0x48, 0x1a, 0xbe, 0x01, 0x40, 0x2c, 0xbe, 0xfe, 0x6f, 0x43, 0xbe,
  0x02, 0xc8, 0x5a, 0xbe, 0x00, 0xc0, 0x6e, 0xbe, 0xff, 0xef, 0x7b, 0xbe,
  0xff, 0xbb, 0x80, 0xbe, 0x02, 0x0c, 0x80, 0xbe, 0xfe, 0x2f, 0x7a, 0xbe,
  0xfd, 0x7f, 0x71, 0xbe, 0x00, 0x58, 0x68, 0xbe, 0x01, 0xa0, 0x5f, 0xbe,
  0xfd, 0xe7, 0x57, 0xbe, 0x01, 0xf0, 0x51, 0xbe, 0x03, 0xc8, 0x4d, 0xbe,
  0xfd, 0x47, 0x4b, 0xbe, 0xfd, 0x7f, 0x49, 0xbe, 0x02, 0xa0, 0x45, 0xbe,
  0xff, 0xa7, 0x3c, 0xbe, 0xfd, 0xcf, 0x2b, 0xbe, 0x00, 0xf8, 0x14, 0xbe,
  0x06, 0x30, 0xf5, 0xbd, 0x01, 0x10, 0xbe, 0xbd, 0xff, 0x0f, 0x8d, 0xbd,
  0x01, 0x40, 0x43, 0xbd, 0xff, 0x3f, 0xef, 0xbc, 0x00, 0x80, 0x6f, 0xbc,
  0x01, 0x00, 0x3a, 0xbb, 0xff, 0xff, 0xeb, 0x3b, 0xfe, 0xbf, 0x81, 0x3c,
  0x00, 0x00, 0xc0, 0x3c, 0xfe, 0x3f, 0xf3, 0x3c, 0xff, 0xbf, 0x0c, 0x3d,
  0x01, 0x00, 0x19, 0x3d, 0x01, 0xc0, 0x20, 0x3d, 0x00, 0x20, 0x22, 0x3d,
  0x01, 0x80, 0x1a, 0x3d, 0x01, 0x80, 0x08, 0x3d, 0xff, 0xbf, 0xdc, 0x3c,
  0x00, 0x80, 0xb0, 0x3c, 0xfe, 0xbf, 0xa1, 0x3c, 0xff, 0xff, 0xc2, 0x3c,
  0x00, 0x40, 0x09, 0x3d, 0x00, 0x80, 0x40, 0x3d, 0x00, 0x80, 0x7d, 0x3d,
  0x00, 0xa0, 0x9c, 0x3d, 0x00, 0x60, 0xb5, 0x3d, 0x00, 0x90, 0xc9, 0x3d,
  0x01, 0xf0, 0xd9, 0x3d, 0xfc, 0x7f, 0xe6, 0x3d, 0x02, 0x60, 0xf1, 0x3d,
  0xfc, 0x2f, 0xfc, 0x3d, 0x02, 0x50, 0x03, 0x3e, 0x02, 0xd8, 0x08, 0x3e,
  0xff, 0x4f, 0x0f, 0x3e, 0x02, 0x88, 0x16, 0x3e, 0xfd, 0x1f, 0x1e, 0x3e,
  0xff, 0x77, 0x24, 0x3e, 0x03, 0x18, 0x28, 0x3e, 0xff, 0xd7, 0x27, 0x3e,
  0xfd, 0x57, 0x24, 0x3e, 0xff, 0x0f, 0x1e, 0x3e, 0xfe, 0x17, 0x16, 0x3e,
  0x00, 0xf8, 0x0c, 0x3e, 0x03, 0xf0, 0x02, 0x3e, 0x01, 0xc0, 0xf1, 0x3d,
  0x00, 0x50, 0xda, 0x3d, 0x00, 0x80, 0xba, 0x3d, 0xff, 0xef, 0x91, 0x3d,
  0x00, 0x80, 0x42, 0x3d, 0x02, 0x00, 0xb5, 0x3c, 0xfe, 0xff, 0x65, 0xbb,
  0xff, 0xbf, 0xdb, 0xbc, 0x00, 0xc0, 0x46, 0xbd, 0x01, 0xb0, 0x8a, 0xbd,
  0x00, 0x30, 0xa3, 0xbd, 0x00, 0x70, 0xa7, 0xbd, 0x01, 0xc0, 0x94, 0xbd,
  0xff, 0xdf, 0x62, 0xbd, 0x00, 0x40, 0x0a, 0xbd, 0x04, 0x00, 0x28, 0xbc,
  0x00, 0x00, 0x3e, 0x3c, 0x00, 0x20, 0x01, 0x3d, 0x01, 0xc0, 0x44, 0x3d,
  0xff, 0xff, 0x73, 0x3d, 0xff, 0x3f, 0x83, 0x3d, 0x00, 0x00, 0x80, 0x3d,
  0x00, 0xa0, 0x65, 0x3d, 0x01, 0x40, 0x41, 0x3d, 0x00, 0x40, 0x18, 0x3d,
  0x00, 0xc0, 0xd8, 0x3c, 0x00, 0x40, 0x88, 0x3c, 0x00, 0x00, 0xf4, 0x3b,
  0xfd, 0xff, 0xc3, 0xba, 0x03, 0x00, 0x30, 0xbc, 0x01, 0x80, 0xab, 0xbc,
  0xff, 0x5f, 0x02, 0xbd, 0x00, 0x60, 0x2e, 0xbd, 0xff, 0xff, 0x52, 0xbd,
  0xff, 0x5f, 0x70, 0xbd, 0x00, 0xe0, 0x83, 0xbd, 0x00, 0x70, 0x8b, 0xbd,
  0x00, 0xf0, 0x8e, 0xbd, 0x01, 0x10, 0x8e, 0xbd, 0xff, 0xef, 0x89, 0xbd,
  0x00, 0x20, 0x83, 0xbd, 0x01, 0xa0, 0x6f, 0xbd, 0xff, 0x3f, 0x4e, 0xbd,
  0xff, 0x3f, 0x1f, 0xbd, 0x01, 0x80, 0xcb, 0xbc, 0x00, 0x00, 0x0a, 0xbc,
  0x00, 0x00, 0x12, 0x3c, 0x00, 0x40, 0xe9, 0x3c, 0x00, 0x80, 0x51, 0x3d,
  0x00, 0x40, 0x95, 0x3d, 0x00, 0x80, 0xb9, 0x3d, 0x02, 0xe0, 0xce, 0x3d,
  0x06, 0xa0, 0xd1, 0x3d, 0x00, 0x70, 0xc5, 0x3d, 0x00, 0xb0, 0xae, 0x3d,
  0x00, 0xb0, 0x8f, 0x3d, 0xff, 0x9f, 0x59, 0x3d, 0xff, 0xbf, 0x0f, 0x3d,
  0x02, 0xc0, 0x8a, 0x3c, 0x01, 0x00, 0xac, 0x3a, 0x00, 0x00, 0x40, 0xbc,
  0xfe, 0x7f, 0xba, 0xbc, 0x00, 0x20, 0x01, 0xbd, 0x00, 0x20, 0x22, 0xbd,
  0x00, 0xc0, 0x48, 0xbd, 0x01, 0x80, 0x79, 0xbd, 0x00, 0xe0, 0x9a, 0xbd,
  0x00, 0x40, 0xba, 0xbd, 0x01, 0xe0, 0xd3, 0xbd, 0xff, 0x4f, 0xdf, 0xbd,
  0x01, 0x10, 0xdc, 0xbd, 0xff, 0x7f, 0xcb, 0xbd, 0x00, 0xc0, 0xb1, 0xbd,
  0x00, 0x50, 0x8f, 0xbd, 0xff, 0x7f, 0x45, 0xbd, 0xfe, 0xff, 0xca, 0xbc,
  0x00, 0x00, 0x26, 0xbb, 0xfd, 0x7f, 0x64, 0x3c, 0xff, 0xff, 0xa3, 0x3c,
  0x01, 0x40, 0x84, 0x3c, 0x00, 0x00, 0xa1, 0x3b, 0xfe, 0xff, 0x28, 0xbc,
  0xfe, 0xff, 0xca, 0xbc, 0xff, 0xff, 0x15, 0xbd, 0xff, 0x9f, 0x39, 0xbd,
  0xff, 0xbf, 0x4c, 0xbd, 0x00, 0x00, 0x52, 0xbd, 0x00, 0x40, 0x4a, 0xbd,
  0xff, 0x9f, 0x39, 0xbd, 0x01, 0xe0, 0x26, 0xbd, 0x01, 0x00, 0x1c, 0xbd,
  0x00, 0x20, 0x24, 0xbd, 0x01, 0x40, 0x43, 0xbd, 0x00, 0x40, 0x75, 0xbd,
  0x00, 0xc0, 0x97, 0xbd, 0xff, 0xdf, 0xaf, 0xbd, 0x00, 0x50, 0xbf, 0xbd,
  0x00, 0xd0, 0xc4, 0xbd, 0x00, 0xd0, 0xc1, 0xbd, 0x00, 0x00, 0xba, 0xbd,
  0x01, 0x20, 0xb0, 0xbd, 0x00, 0xd0, 0xa7, 0xbd, 0x00, 0x40, 0xa1, 0xbd,
  0x00, 0xc0, 0x99, 0xbd, 0x00, 0x70, 0x8d, 0xbd, 0x00, 0x80, 0x72, 0xbd,
  0x00, 0xe0, 0x3a, 0xbd, 0x02, 0xc0, 0xea, 0xbc, 0xfe, 0xff, 0x2c, 0xbc,
  0xff, 0xff, 0xeb, 0x3a, 0x00, 0x80, 0x1d, 0x3c, 0xff, 0xff, 0x87, 0x3c,
  0x02, 0x80, 0xc4, 0x3c, 0x02, 0x40, 0xfa, 0x3c, 0x00, 0xa0, 0x12, 0x3d,
  0xff, 0x1f, 0x29, 0x3d, 0x00, 0x00, 0x3f, 0x3d, 0x00, 0x80, 0x50, 0x3d,
  0x01, 0x40, 0x62, 0x3d, 0x00, 0xa0, 0x74, 0x3d, 0x00, 0xf0, 0x80, 0x3d,
  0x00, 0x70, 0x85, 0x3d, 0x00, 0x10, 0x8b, 0x3d, 0x00, 0x50, 0x8f, 0x3d,
  0x00, 0x10, 0x90, 0x3d, 0x00, 0x10, 0x90, 0x3d, 0x00, 0xa0, 0x92, 0x3d,
  0x00, 0x60, 0x95, 0x3d, 0x00, 0x00, 0x96, 0x3d, 0x00, 0xc0, 0x98, 0x3d,
  0x00, 0x80, 0xa0, 0x3d, 0x00, 0xc0, 0xa9, 0x3d, 0x01, 0x30, 0xb2, 0x3d,
  0x01, 0x50, 0xbe, 0x3d, 0xfb, 0x7f, 0xd0, 0x3d, 0xfa, 0xff, 0xe2, 0x3d,
  0x03, 0x10, 0xf2, 0x3d, 0xff, 0x57, 0x02, 0x3e, 0x03, 0x40, 0x0d, 0x3e,
  0x03, 0xf8, 0x15, 0x3e, 0xff, 0x67, 0x1b, 0x3e, 0xfe, 0x1f, 0x21, 0x3e,
  0xfd, 0xff, 0x26, 0x3e, 0xfd, 0x7f, 0x29, 0x3e, 0xfe, 0xff, 0x29, 0x3e,
  0xfe, 0x0f, 0x2b, 0x3e, 0x01, 0x10, 0x2c, 0x3e, 0x01, 0x10, 0x2c, 0x3e,
  0x00, 0x70, 0x2c, 0x3e, 0xfe, 0x4f, 0x2c, 0x3e, 0x00, 0x80, 0x2a, 0x3e,
  0x00, 0x30, 0x28, 0x3e, 0xff, 0x3f, 0x26, 0x3e, 0xfe, 0xff, 0x21, 0x3e,
  0x00, 0xa8, 0x1a, 0x3e, 0x00, 0x18, 0x14, 0x3e, 0x02, 0x20, 0x10, 0x3e,
  0x02, 0x80, 0x0b, 0x3e, 0xff, 0x0f, 0x06, 0x3e, 0xff, 0x37, 0x03, 0x3e,
  0x01, 0x78, 0x02, 0x3e, 0x00, 0x98, 0x01, 0x3e, 0xfd, 0xc7, 0x00, 0x3e,
  0xfe, 0x97, 0x00, 0x3e, 0x01, 0x28, 0x00, 0x3e, 0x03, 0x90, 0xff, 0x3d,
  0xff, 0x47, 0x01, 0x3e, 0xfd, 0xff, 0x03, 0x3e, 0x03, 0x80, 0x06, 0x3e,
  0x00, 0x40, 0x09, 0x3e, 0x02, 0xd0, 0x0d, 0x3e, 0xfd, 0x17, 0x13, 0x3e,
  0xfd, 0xa7, 0x16, 0x3e, 0x02, 0xa8, 0x18, 0x3e, 0x00, 0xa8, 0x1a, 0x3e,
  0x01, 0x98, 0x1c, 0x3e, 0x01, 0xa8, 0x1d, 0x3e, 0x00, 0x08, 0x1e, 0x3e,
  0x02, 0x88, 0x1e, 0x3e, 0x00, 0xa8, 0x1f, 0x3e, 0x00, 0x40, 0x21, 0x3e,
  0x00, 0x30, 0x23, 0x3e, 0x01, 0x10, 0x24, 0x3e, 0xfd, 0x9f, 0x23, 0x3e,
  0x01, 0x00, 0x23, 0x3e, 0xfd, 0x8f, 0x22, 0x3e, 0x03, 0x48, 0x20, 0x3e,
  0x02, 0x08, 0x1c, 0x3e, 0xff, 0xe7, 0x18, 0x3e, 0x01, 0xe8, 0x16, 0x3e,
  0x03, 0x78, 0x13, 0x3e, 0xfe, 0xaf, 0x0f, 0x3e, 0x00, 0xf0, 0x0e, 0x3e,
  0x00, 0xd0, 0x0f, 0x3e, 0xfe, 0xdf, 0x0f, 0x3e, 0xfd, 0x4f, 0x11, 0x3e,
  0x03, 0xc8, 0x15, 0x3e, 0x01, 0x58, 0x1b, 0x3e, 0xfd, 0xe7, 0x1f, 0x3e,
  0x00, 0xe0, 0x25, 0x3e, 0x00, 0x80, 0x2d, 0x3e, 0xff, 0x47, 0x34, 0x3e,
  0x02, 0xc8, 0x3a, 0x3e, 0x01, 0xf0, 0x41, 0x3e, 0x02, 0x30, 0x49, 0x3e,
  0x03, 0x48, 0x50, 0x3e, 0x03, 0x48, 0x58, 0x3e, 0xfe, 0xef, 0x60, 0x3e,
  0x01, 0xe0, 0x68, 0x3e, 0xff, 0x27, 0x72, 0x3e, 0xfe, 0x8f, 0x7d, 0x3e,
  0x00, 0xd4, 0x83, 0x3e, 0xfe, 0xf3, 0x87, 0x3e, 0x00, 0x00, 0x8c, 0x3e,
  0x00, 0x58, 0x90, 0x3e, 0x00, 0xec, 0x93, 0x3e, 0x00, 0xac, 0x96, 0x3e,
  0xff, 0x43, 0x99, 0x3e, 0x01, 0x68, 0x9c, 0x3e, 0x00, 0xa0, 0xa0, 0x3e,
  0xff, 0x73, 0xa5, 0x3e, 0xff, 0xb7, 0xa9, 0x3e, 0x02, 0x00, 0xae, 0x3e,
  0x00, 0x04, 0xb3, 0x3e, 0xff, 0xbf, 0xb7, 0x3e, 0x01, 0xa0, 0xbb, 0x3e,
  0x02, 0xe4, 0xbe, 0x3e, 0x00, 0x24, 0xc2, 0x3e, 0x00, 0xe0, 0xc5, 0x3e,
  0x00, 0xc0, 0xca, 0x3e, 0xff, 0x33, 0xd0, 0x3e, 0xff, 0xe7, 0xd4, 0x3e,
  0x01, 0xd8, 0xd9, 0x3e, 0x01, 0xfc, 0xdf, 0x3e, 0x01, 0x68, 0xe5, 0x3e,
  0x01, 0x68, 0xe9, 0x3e, 0x02, 0x34, 0xed, 0x3e, 0x01, 0x0c, 0xf1, 0x3e,
  0x00, 0x58, 0xf4, 0x3e, 0x00, 0x30, 0xf7, 0x3e, 0x02, 0x5c, 0xfa, 0x3e,
  0x01, 0x24, 0xfd, 0x3e, 0x02, 0x84, 0xff, 0x3e, 0x00, 0x04, 0x01, 0x3f,
  0x01, 0x34, 0x02, 0x3f, 0xff, 0x43, 0x03, 0x3f, 0x00, 0x8a, 0x04, 0x3f,
  0x01, 0xc2, 0x05, 0x3f, 0x00, 0x8a, 0x06, 0x3f, 0x01, 0x46, 0x07, 0x3f,
  0x01, 0x28, 0x08, 0x3f, 0x00, 0x88, 0x08, 0x3f, 0x00, 0x08, 0x08, 0x3f,
  0x00, 0x58, 0x07, 0x3f, 0x00, 0xe6, 0x06, 0x3f, 0x00, 0x3a, 0x06, 0x3f,
  0x00, 0x2a, 0x05, 0x3f, 0x00, 0x52, 0x04, 0x3f, 0x00, 0xde, 0x03, 0x3f,
  0x00, 0xba, 0x03, 0x3f, 0xff, 0x87, 0x03, 0x3f, 0xff, 0x43, 0x03, 0x3f,
  0x00, 0x64, 0x03, 0x3f, 0x00, 0xc6, 0x03, 0x3f, 0x01, 0xa0, 0x03, 0x3f,
  0xff, 0xf3, 0x02, 0x3f, 0x00, 0x7c, 0x02, 0x3f, 0x01, 0xe4, 0x01, 0x3f,
  0x00, 0x3c, 0x00, 0x3f, 0xff, 0xdb, 0xfb, 0x3e, 0x00, 0xd0, 0xf7, 0x3e,
  0xff, 0x7f, 0xf3, 0x3e, 0x00, 0xf4, 0xed, 0x3e, 0x00, 0x70, 0xe8, 0x3e,
  0xff, 0xbf, 0xe3, 0x3e, 0x00, 0xd4, 0xdf, 0x3e, 0x00, 0x5c, 0xdc, 0x3e,
  0x00, 0x88, 0xd8, 0x3e, 0x02, 0xf0, 0xd4, 0x3e, 0x01, 0xbc, 0xd2, 0x3e,
  0xff, 0x1b, 0xd0, 0x3e, 0x00, 0x08, 0xca, 0x3e, 0x01, 0x94, 0xc1, 0x3e,
  0x01, 0x30, 0xba, 0x3e, 0x00, 0x6c, 0xb1, 0x3e, 0x00, 0xa4, 0xa3, 0x3e,
  0x01, 0xc4, 0x94, 0x3e, 0xfe, 0x1b, 0x89, 0x3e, 0xff, 0x1f, 0x7f, 0x3e,
  0x02, 0x28, 0x6b, 0x3e, 0x01, 0x28, 0x58, 0x3e, 0x00, 0xa0, 0x4c, 0x3e,
  0x00, 0xb0, 0x45, 0x3e, 0x02, 0x48, 0x3d, 0x3e, 0x01, 0xb8, 0x36, 0x3e,
  0xfe, 0xb7, 0x3a, 0x3e, 0x02, 0x30, 0x41, 0x3e, 0xfe, 0x17, 0x3e, 0x3e,
  0x02, 0xf8, 0x3a, 0x3e, 0x03, 0xf0, 0x42, 0x3e, 0x03, 0xb0, 0x3e, 0x3e,
  0x03, 0xb8, 0x14, 0x3e, 0xff, 0x6f, 0xb9, 0x3d, 0x00, 0x40, 0x36, 0x3d,
  0xfd, 0x7f, 0x60, 0xbc, 0xfb, 0x7f, 0xdb, 0xbd, 0x00, 0x30, 0x4b, 0xbe,
  0x00, 0x3c, 0x85, 0xbe, 0x02, 0xa0, 0x9e, 0xbe, 0xff, 0xb7, 0xb9, 0xbe,
  0x01, 0x24, 0xd1, 0xbe, 0x00, 0xec, 0xdf, 0xbe, 0x00, 0xac, 0xea, 0xbe,
  0x00, 0xd0, 0xf7, 0xbe, 0x00, 0x9e, 0x04, 0xbf, 0x00, 0x7e, 0x0e, 0xbf,
  0x00, 0x20, 0x18, 0xbf, 0x00, 0x5c, 0x20, 0xbf, 0xff, 0xfd, 0x28, 0xbf,
  0xff, 0xed, 0x31, 0xbf, 0x00, 0x6a, 0x39, 0xbf, 0x00, 0xa2, 0x3f, 0xbf,
  0x00, 0xfe, 0x45, 0xbf, 0x00, 0x00, 0x4c, 0xbf, 0xff, 0xe7, 0x50, 0xbf,
  0x00, 0x22, 0x56, 0xbf, 0x01, 0x72, 0x5b, 0xbf, 0xff, 0x15, 0x5d, 0xbf,
  0xff, 0xdb, 0x5a, 0xbf, 0x00, 0x14, 0x59, 0xbf, 0x00, 0x7c, 0x58, 0xbf,
  0x00, 0xae, 0x55, 0xbf, 0x00, 0x1c, 0x51, 0xbf, 0xff, 0xa9, 0x4f, 0xbf,
  0x01, 0xf0, 0x53, 0xbf, 0x00, 0x00, 0x5a, 0xbf, 0x00, 0xaa, 0x5e, 0xbf,
  0xff, 0x75, 0x64, 0xbf, 0xff, 0x91, 0x6d, 0xbf, 0xff, 0x5f, 0x76, 0xbf,
  0xff, 0x75, 0x7a, 0xbf, 0x00, 0x46, 0x7c, 0xbf, 0x00, 0x04, 0x7f, 0xbf,
  0x00, 0xfe, 0x7f, 0xbf, 0x01, 0xc8, 0x7c, 0xbf, 0x00, 0xe2, 0x78, 0xbf,
  0x00, 0xdc, 0x75, 0xbf, 0x00, 0xec, 0x70, 0xbf, 0x00, 0x42, 0x6a, 0xbf,
  0xff, 0x69, 0x64, 0xbf, 0xff, 0x2b, 0x5f, 0xbf, 0x00, 0xa8, 0x59, 0xbf,
  0xff, 0x25, 0x54, 0xbf, 0x00, 0xee, 0x4e, 0xbf, 0x00, 0x78, 0x49, 0xbf,
  0x00, 0xa8, 0x44, 0xbf, 0x00, 0x26, 0x3f, 0xbf, 0x00, 0x5c, 0x36, 0xbf,
  0x00, 0x70, 0x2c, 0xbf, 0xff, 0x91, 0x23, 0xbf, 0xff, 0x2b, 0x19, 0xbf,
  0x00, 0x02, 0x0c, 0xbf, 0x01, 0x8c, 0xfe, 0xbe, 0x01, 0x34, 0xea, 0xbe,
  0xfe, 0x87, 0xd6, 0xbe, 0xff, 0xd3, 0xc0, 0xbe, 0x00, 0xbc, 0xaf, 0xbe,
  0xff, 0x63, 0xa4, 0xbe, 0x00, 0xb0, 0x99, 0xbe, 0xff, 0x97, 0x8e, 0xbe,
  0x01, 0x74, 0x87, 0xbe, 0xff, 0x4b, 0x84, 0xbe, 0x03, 0x90, 0x7f, 0xbe,
  0xff, 0x07, 0x70, 0xbe, 0x01, 0xe0, 0x60, 0xbe, 0x01, 0x88, 0x53, 0xbe,
  0xff, 0x1f, 0x3f, 0xbe, 0xff, 0x07, 0x20, 0xbe, 0x00, 0x70, 0xfc, 0xbd,
  0x00, 0x90, 0xc2, 0xbd, 0x00, 0x90, 0x84, 0xbd, 0x00, 0xc0, 0xf6, 0xbc,
  0x01, 0x00, 0xac, 0x3a, 0xfe, 0xff, 0xca, 0x3c, 0x01, 0x80, 0x38, 0x3d,
  0x00, 0xb0, 0x87, 0x3d, 0x00, 0xd0, 0xaf, 0x3d, 0x07, 0x40, 0xd1, 0x3d,
  0xfd, 0x8f, 0xf2, 0x3d, 0xfe, 0x6f, 0x0b, 0x3e, 0x00, 0xa8, 0x1f, 0x3e,
  0x02, 0x28, 0x36, 0x3e, 0x02, 0x70, 0x4a, 0x3e, 0x01, 0x90, 0x5e, 0x3e,
  0xfd, 0xd7, 0x76, 0x3e, 0xff, 0x0b, 0x87, 0x3e, 0x02, 0x00, 0x8e, 0x3e,
  0xff, 0x23, 0x93, 0x3e, 0xff, 0xcf, 0x99, 0x3e, 0xff, 0x77, 0x9c, 0x3e,
  0xff, 0x33, 0x98, 0x3e, 0x01, 0x5c, 0x93, 0x3e, 0x00, 0x90, 0x8f, 0x3e,
  0x01, 0x5c, 0x87, 0x3e, 0x01, 0xe8, 0x76, 0x3e, 0x02, 0x80, 0x63, 0x3e,
  0x01, 0x88, 0x53, 0x3e, 0x02, 0x20, 0x40, 0x3e, 0xfe, 0xaf, 0x2c, 0x3e,
  0xfd, 0xd7, 0x1e, 0x3e, 0xfd, 0x87, 0x14, 0x3e, 0x01, 0x90, 0x09, 0x3e,
  0x02, 0xd0, 0xfd, 0x3d, 0xfc, 0x2f, 0xec, 0x3d, 0xfb, 0x7f, 0xdb, 0x3d,
  0x00, 0x50, 0xc9, 0x3d, 0x01, 0xf0, 0xb2, 0x3d, 0x00, 0xc0, 0x98, 0x3d,
  0x00, 0x30, 0x80, 0x3d, 0xff, 0x3f, 0x4e, 0x3d, 0x00, 0xa0, 0x13, 0x3d,
  0x01, 0x80, 0xac, 0x3c, 0x00, 0x80, 0x13, 0x3c, 0x01, 0x00, 0x00, 0x38,
  0x00, 0x80, 0x13, 0xbc, 0x01, 0x00, 0x98, 0xbc, 0x02, 0x00, 0xd5, 0xbc,
  0xff, 0xbf, 0xff, 0xbc, 0xff, 0x9f, 0x1a, 0xbd, 0x01, 0x00, 0x49, 0xbd,
  0xff, 0x2f, 0x81, 0xbd, 0x00, 0x20, 0x9b, 0xbd, 0x00, 0x30, 0xbc, 0xbd,
  0xfe, 0x6f, 0xeb, 0xbd, 0x03, 0xb0, 0x0e, 0xbe, 0x02, 0x90, 0x24, 0xbe,
  0x02, 0x38, 0x3c, 0xbe, 0x02, 0x78, 0x58, 0xbe, 0x01, 0x68, 0x71, 0xbe,
  0xff, 0x3f, 0x82, 0xbe, 0xff, 0xff, 0x8c, 0xbe, 0xff, 0x1b, 0x98, 0xbe,
  0xfe, 0x0f, 0x9f, 0xbe, 0xff, 0x4b, 0xa4, 0xbe, 0x00, 0x68, 0xaa, 0xbe,
  0x01, 0x18, 0xaf, 0xbe, 0x00, 0xe4, 0xb0, 0xbe, 0x01, 0xbc, 0xb2, 0xbe,
  0xff, 0xbb, 0xb4, 0xbe, 0x01, 0x24, 0xb5, 0xbe, 0xff, 0x43, 0xb5, 0xbe,
  0x01, 0xac, 0xb5, 0xbe, 0x00, 0x14, 0xb4, 0xbe, 0x01, 0xdc, 0xb0, 0xbe,
  0x01, 0x30, 0xae, 0xbe, 0x00, 0xc0, 0xaa, 0xbe, 0xff, 0xeb, 0xa4, 0xbe,
  0x01, 0x78, 0x9e, 0xbe, 0xff, 0x5b, 0x99, 0xbe, 0x00, 0xcc, 0x94, 0xbe,
  0x01, 0xb8, 0x8f, 0xbe, 0x00, 0xec, 0x8a, 0xbe, 0x01, 0x2c, 0x87, 0xbe,
  0x01, 0xa0, 0x83, 0xbe, 0x00, 0xd0, 0x7f, 0xbe, 0x01, 0x28, 0x78, 0xbe,
  0x02, 0x98, 0x6f, 0xbe, 0xff, 0x1f, 0x67, 0xbe, 0x00, 0xc0, 0x5e, 0xbe,
  0x03, 0x38, 0x57, 0xbe, 0x03, 0x48, 0x50, 0xbe, 0x02, 0x50, 0x48, 0xbe,
  0x01, 0xa0, 0x3f, 0xbe, 0xff, 0x07, 0x38, 0xbe, 0xfd, 0xe7, 0x2f, 0xbe,
  0xff, 0xaf, 0x22, 0xbe, 0x02, 0x60, 0x11, 0xbe, 0x00, 0x88, 0x00, 0xbe,
  0xfd, 0xff, 0xde, 0xbd, 0x00, 0xd0, 0xb1, 0xbd, 0x00, 0x50, 0x81, 0xbd,
  0x01, 0xa0, 0x2d, 0xbd, 0xfe, 0x7f, 0xba, 0xbc, 0xff, 0xff, 0x83, 0xba,
  0x00, 0x00, 0xa1, 0x3c, 0x01, 0x60, 0x18, 0x3d, 0x01, 0x40, 0x64, 0x3d,
  0x00, 0x00, 0x99, 0x3d, 0x00, 0x50, 0xba, 0x3d, 0x03, 0x60, 0xdc, 0x3d,
  0xfe, 0x67, 0x00, 0x3e, 0x00, 0x30, 0x10, 0x3e, 0x02, 0x98, 0x1f, 0x3e,
  0x02, 0x78, 0x30, 0x3e, 0x00, 0x30, 0x40, 0x3e, 0x00, 0xd0, 0x4c, 0x3e,
  0x03, 0x68, 0x5a, 0x3e, 0x00, 0x30, 0x68, 0x3e, 0x01, 0x08, 0x71, 0x3e,
  0x02, 0x68, 0x77, 0x3e, 0x00, 0xf0, 0x7e, 0x3e, 0x00, 0x68, 0x82, 0x3e,
  0xff, 0xc3, 0x83, 0x3e, 0x00, 0x14, 0x85, 0x3e, 0x00, 0xc4, 0x86, 0x3e,
  0xff, 0x1b, 0x88, 0x3e, 0xff, 0x5b, 0x89, 0x3e, 0x01, 0xbc, 0x8a, 0x3e,
  0x01, 0x88, 0x8b, 0x3e, 0xff, 0xef, 0x8b, 0x3e, 0xff, 0x77, 0x8c, 0x3e,
  0x02, 0xf0, 0x8c, 0x3e, 0x00, 0x40, 0x8d, 0x3e, 0xff, 0x9f, 0x8d, 0x3e,
  0x00, 0xe0, 0x8d, 0x3e, 0x00, 0x50, 0x8e, 0x3e, 0xff, 0x67, 0x8f, 0x3e,
  0xfe, 0xaf, 0x8f, 0x3e, 0xff, 0xe7, 0x8d, 0x3e, 0x00, 0x60, 0x8b, 0x3e,
  0xff, 0x43, 0x89, 0x3e, 0xff, 0x2b, 0x86, 0x3e, 0x01, 0x68, 0x81, 0x3e,
  0x00, 0x10, 0x79, 0x3e, 0xff, 0x27, 0x72, 0x3e, 0xfd, 0x87, 0x6c, 0x3e,
  0xff, 0x1f, 0x67, 0x3e, 0x03, 0x00, 0x61, 0x3e, 0x02, 0xb8, 0x59, 0x3e,
  0x00, 0xa8, 0x52, 0x3e, 0x00, 0x90, 0x4b, 0x3e, 0xfe, 0xaf, 0x3f, 0x3e,
  0x00, 0xa8, 0x2f, 0x3e, 0xfe, 0x67, 0x20, 0x3e, 0x03, 0x98, 0x12, 0x3e,
  0xfe, 0xd7, 0x01, 0x3e, 0x06, 0x20, 0xdf, 0x3d, 0xff, 0xef, 0xc1, 0x3d,
  0x00, 0xa0, 0xa6, 0x3d, 0x00, 0xd0, 0x87, 0x3d, 0x00, 0x40, 0x59, 0x3d,
  0x00, 0xe0, 0x29, 0x3d, 0x02, 0xc0, 0xec, 0x3c, 0xfe, 0xff, 0x8a, 0x3c,
  0x00, 0x00, 0xdf, 0x3b, 0x00, 0x00, 0x26, 0xbb, 0xfb, 0x7f, 0x4d, 0xbc,
  0xff, 0x7f, 0xb6, 0xbc, 0xff, 0x1f, 0x07, 0xbd, 0x00, 0x40, 0x36, 0xbd,
  0x01, 0xc0, 0x60, 0xbd, 0x00, 0x90, 0x88, 0xbd, 0x00, 0xe0, 0xa6, 0xbd,
  0x00, 0x70, 0xc0, 0xbd, 0x03, 0x00, 0xd1, 0xbd, 0xfa, 0xdf, 0xe0, 0xbd,
  0xff, 0x6f, 0xf1, 0xbd, 0xfe, 0x6f, 0xfb, 0xbd, 0x04, 0x10, 0xfd, 0xbd,
  0x01, 0x90, 0xfe, 0xbd, 0x00, 0x98, 0x01, 0xbe, 0x01, 0xe0, 0x03, 0xbe,
  0x02, 0xd0, 0x05, 0xbe, 0x02, 0x20, 0x08, 0xbe, 0x02, 0x80, 0x0b, 0xbe,
  0x00, 0x30, 0x10, 0xbe, 0xff, 0x47, 0x14, 0xbe, 0x01, 0xe8, 0x16, 0xbe,
  0x01, 0x68, 0x19, 0xbe, 0x00, 0x18, 0x1c, 0xbe, 0x03, 0xc8, 0x1d, 0xbe,
  0xff, 0x97, 0x1e, 0xbe, 0xff, 0xd7, 0x1f, 0xbe, 0x00, 0x58, 0x20, 0xbe,
  0xff, 0xc7, 0x1e, 0xbe, 0xfe, 0xd7, 0x1c, 0xbe, 0xfd, 0x47, 0x1b, 0xbe,
  0x03, 0x08, 0x17, 0xbe, 0x02, 0xf0, 0x0f, 0xbe, 0xfd, 0xaf, 0x09, 0xbe,
  0x00, 0x70, 0x04, 0xbe, 0x00, 0x70, 0xfc, 0xbd, 0x05, 0x70, 0xee, 0xbd,
  0xfd, 0x9f, 0xe3, 0xbd, 0x00, 0x60, 0xdb, 0xbd, 0x05, 0x80, 0xd4, 0xbd,
  0x00, 0x70, 0xcc, 0xbd, 0x00, 0x50, 0xbf, 0xbd, 0x00, 0x40, 0xaf, 0xbd,
  0x00, 0x20, 0xa1, 0xbd, 0x00, 0x30, 0x90, 0xbd, 0x00, 0xe0, 0x6d, 0xbd,
  0x01, 0x80, 0x3c, 0xbd, 0xff, 0x1f, 0x18, 0xbd, 0x02, 0xc0, 0xee, 0xbc,
  0x02, 0x80, 0xa3, 0xbc, 0x01, 0x80, 0x4c, 0xbc, 0x01, 0x00, 0xf5, 0xbb,
  0xfe, 0xff, 0x49, 0xbb, 0xfc, 0xff, 0xcb, 0x3a, 0xff, 0xff, 0xe2, 0x3b,
  0xff, 0x7f, 0x58, 0x3c, 0x01, 0x00, 0x9c, 0x3c, 0x01, 0x80, 0xc9, 0x3c,
  0xff, 0xbf, 0xfc, 0x3c, 0x01, 0xe0, 0x18, 0x3d, 0x01, 0x20, 0x2f, 0x3d,
  0x01, 0x40, 0x41, 0x3d, 0x01, 0x40, 0x54, 0x3d, 0x00, 0xc0, 0x66, 0x3d,
  0xff, 0x1f, 0x7a, 0x3d, 0x00, 0x90, 0x88, 0x3d, 0xff, 0xff, 0x92, 0x3d,
  0x00, 0xa0, 0x9d, 0x3d, 0xff, 0xbf, 0xab, 0x3d, 0xff, 0xef, 0xb9, 0x3d,
  0x00, 0x10, 0xc4, 0x3d, 0x01, 0x20, 0xcd, 0x3d, 0xfd, 0x3f, 0xd8, 0x3d,
  0x00, 0x00, 0xe0, 0x3d, 0xff, 0x5f, 0xe0, 0x3d, 0x06, 0x20, 0xdf, 0x3d,
  0x06, 0x20, 0xdf, 0x3d, 0xfe, 0x5f, 0xda, 0x3d, 0x05, 0xe0, 0xcf, 0x3d,
  0x00, 0xf0, 0xc6, 0x3d, 0x00, 0x30, 0xc0, 0x3d, 0x00, 0x30, 0xb8, 0x3d,
  0x00, 0x70, 0xb0, 0x3d, 0x00, 0x40, 0xa9, 0x3d, 0x00, 0xc0, 0xa0, 0x3d,
  0x00, 0x40, 0x98, 0x3d, 0x00, 0x30, 0x90, 0x3d, 0x00, 0x30, 0x85, 0x3d,
  0x00, 0xe0, 0x6c, 0x3d, 0xff, 0xff, 0x52, 0x3d, 0xff, 0x3f, 0x3d, 0x3d,
  0x01, 0x60, 0x26, 0x3d, 0x01, 0xa0, 0x0f, 0x3d, 0x00, 0xc0, 0xf5, 0x3c,
  0xfe, 0xff, 0xc9, 0x3c, 0x00, 0x00, 0xa0, 0x3c, 0x03, 0x00, 0x6c, 0x3c,
  0x00, 0x80, 0x03, 0x3c, 0x01, 0x00, 0x48, 0x3a, 0xff, 0xff, 0xbe, 0xbb,
  0xfe, 0x7f, 0x39, 0xbc, 0xfe, 0xff, 0x8c, 0xbc, 0xfe, 0x7f, 0xbc, 0xbc,
  0xff, 0xff, 0xe2, 0xbc, 0xff, 0xbf, 0xfe, 0xbc, 0xff, 0x1f, 0x0b, 0xbd,
  0x00, 0x60, 0x1b, 0xbd, 0x00, 0x80, 0x32, 0xbd, 0x00, 0x40, 0x4a, 0xbd,
  0x00, 0x80, 0x60, 0xbd, 0x00, 0x60, 0x7e, 0xbd, 0x00, 0xa0, 0x92, 0xbd,
  0x00, 0xa0, 0xa4, 0xbd, 0x00, 0xf0, 0xb0, 0xbd, 0x00, 0xd0, 0xbc, 0xbd,
  0x00, 0x50, 0xc9, 0xbd, 0xfc, 0x3f, 0xd2, 0xbd, 0xfe, 0xbf, 0xd5, 0xbd,
  0x02, 0x20, 0xd8, 0xbd, 0xff, 0x1f, 0xdc, 0xbd, 0xfa, 0xdf, 0xe0, 0xbd,
  0x04, 0xe0, 0xe4, 0xbd, 0x05, 0x20, 0xe9, 0xbd, 0x00, 0xf0, 0xee, 0xbd,
  0x03, 0xb0, 0xf6, 0xbd, 0xfd, 0x4f, 0xfe, 0xbd, 0x02, 0xe8, 0x01, 0xbe,
  0x02, 0x90, 0x04, 0xbe, 0xfe, 0xaf, 0x07, 0xbe, 0x01, 0xc0, 0x09, 0xbe,
  0x02, 0xa0, 0x0a, 0xbe, 0x02, 0xb0, 0x0b, 0xbe, 0xfe, 0x7f, 0x0c, 0xbe,
  0xff, 0xbf, 0x0b, 0xbe, 0xfd, 0x8f, 0x0a, 0xbe, 0x01, 0x90, 0x09, 0xbe,
  0xff, 0x7f, 0x07, 0xbe, 0xff, 0x1f, 0x04, 0xbe, 0xfd, 0xf7, 0x00, 0xbe,
  0xfd, 0xcf, 0xfb, 0xbd, 0xfc, 0x4f, 0xf3, 0xbd, 0xfc, 0x0f, 0xea, 0xbd,
  0x00, 0x20, 0xe2, 0xbd, 0xfe, 0xff, 0xd9, 0xbd, 0x03, 0x00, 0xd1, 0xbd,
  0x00, 0xd0, 0xc8, 0xbd, 0x00, 0x50, 0xc1, 0xbd, 0x01, 0xf0, 0xba, 0xbd,
  0x00, 0x90, 0xb4, 0xbd, 0x00, 0xc0, 0xad, 0xbd, 0x00, 0x00, 0xa7, 0xbd,
  0x00, 0x00, 0xa1, 0xbd, 0x00, 0xa0, 0x99, 0xbd, 0x00, 0xd0, 0x8f, 0xbd,
  0x01, 0x50, 0x86, 0xbd, 0x00, 0x60, 0x79, 0xbd, 0xff, 0x3f, 0x5f, 0xbd,
  0x00, 0x80, 0x41, 0xbd, 0x01, 0x60, 0x25, 0xbd, 0xff, 0x1f, 0x07, 0xbd,
  0x02, 0x80, 0xc4, 0xbc, 0x02, 0x00, 0x74, 0xbc, 0xff, 0xff, 0xe4, 0xbb,
  0xff, 0xff, 0x9f, 0x3a, 0x00, 0x00, 0x9a, 0x3b, 0x00, 0x00, 0xf4, 0x3b,
  0x01, 0x00, 0x38, 0x3c, 0xfb, 0xff, 0x7a, 0x3c, 0x00, 0x00, 0x9e, 0x3c,
  0x00, 0x00, 0xc2, 0x3c, 0x03, 0x00, 0xf1, 0x3c, 0x01, 0x40, 0x10, 0x3d,
  0x00, 0xc0, 0x26, 0x3d, 0xff, 0xff, 0x45, 0x3d, 0xff, 0xdf, 0x6f, 0x3d,
  0x00, 0x90, 0x8c, 0x3d, 0xff, 0x8f, 0x9d, 0x3d, 0x00, 0x90, 0xb1, 0x3d,
  0x01, 0x30, 0xca, 0x3d, 0xf9, 0xaf, 0xdd, 0x3d, 0x04, 0x80, 0xe9, 0x3d,
  0x05, 0x20, 0xf4, 0x3d, 0xfc, 0xbf, 0xff, 0x3d, 0xff, 0xef, 0x03, 0x3e,
  0x01, 0x20, 0x05, 0x3e, 0xfe, 0x8f, 0x05, 0x3e, 0x00, 0xf0, 0x06, 0x3e,
  0xff, 0xbf, 0x08, 0x3e, 0x02, 0x70, 0x0a, 0x3e, 0xff, 0xef, 0x0b, 0x3e,
  0x02, 0xa0, 0x0d, 0x3e, 0xfe, 0xaf, 0x0f, 0x3e, 0xfe, 0x2f, 0x12, 0x3e,
  0xff, 0x1f, 0x14, 0x3e, 0xfe, 0x7f, 0x14, 0x3e, 0xfe, 0x4f, 0x14, 0x3e,
  0x02, 0x90, 0x14, 0x3e, 0xff, 0xef, 0x13, 0x3e, 0x02, 0x60, 0x11, 0x3e,
  0x03, 0x80, 0x0e, 0x3e, 0x01, 0x40, 0x0c, 0x3e, 0xfd, 0x6f, 0x08, 0x3e,
  0x01, 0xd0, 0x02, 0x3e, 0xfc, 0x1f, 0xfb, 0x3d, 0x06, 0xa0, 0xf1, 0x3d,
  0xfc, 0x5f, 0xe4, 0x3d, 0x06, 0xb0, 0xd2, 0x3d, 0xff, 0x0f, 0xc5, 0x3d,
  0x00, 0xf0, 0xbe, 0x3d, 0x00, 0x10, 0xb9, 0x3d, 0xff, 0x2f, 0xb1, 0x3d,
  0x00, 0x90, 0xaf, 0x3d, 0x01, 0x10, 0xb6, 0x3d, 0x01, 0x90, 0xbe, 0x3d,
  0x00, 0xf0, 0xc4, 0x3d, 0x00, 0xd0, 0xca, 0x3d, 0x05, 0x10, 0xd3, 0x3d,
  0x06, 0x90, 0xdb, 0x3d, 0x00, 0x10, 0xe1, 0x3d, 0x02, 0x80, 0xe3, 0x3d,
  0xfa, 0x1f, 0xe5, 0x3d, 0xfa, 0x9f, 0xe7, 0x3d, 0xfb, 0xdf, 0xeb, 0x3d,
  0x05, 0xe0, 0xef, 0x3d, 0x03, 0x20, 0xf3, 0x3d, 0x01, 0x80, 0xf8, 0x3d,
  0xff, 0x5f, 0x00, 0x3e, 0x00, 0xd0, 0x04, 0x3e, 0x01, 0xe0, 0x08, 0x3e,
  0x00, 0x80, 0x0d, 0x3e, 0x00, 0x60, 0x13, 0x3e, 0x03, 0xd0, 0x18, 0x3e,
  0x00, 0xe0, 0x1d, 0x3e, 0xfe, 0x7f, 0x24, 0x3e, 0x00, 0xe8, 0x2b, 0x3e,
  0xfd, 0x37, 0x32, 0x3e, 0x00, 0x78, 0x37, 0x3e, 0xfe, 0x07, 0x3d, 0x3e,
  0x00, 0x08, 0x43, 0x3e, 0x01, 0x18, 0x47, 0x3e, 0x00, 0x58, 0x48, 0x3e,
  0xfd, 0xf7, 0x48, 0x3e, 0x01, 0x78, 0x4a, 0x3e, 0x01, 0x78, 0x4a, 0x3e,
  0x01, 0xf8, 0x47, 0x3e, 0x02, 0x18, 0x45, 0x3e, 0x02, 0x18, 0x45, 0x3e,
  0x03, 0x08, 0x47, 0x3e, 0xfe, 0x37, 0x48, 0x3e, 0x00, 0xc8, 0x49, 0x3e,
  0x00, 0x38, 0x4e, 0x3e, 0x00, 0x28, 0x55, 0x3e, 0x03, 0xd8, 0x5b, 0x3e,
  0x03, 0x58, 0x61, 0x3e, 0xfd, 0xff, 0x66, 0x3e, 0x03, 0x40, 0x6d, 0x3e,
  0xfe, 0x0f, 0x73, 0x3e, 0xfd, 0x2f, 0x77, 0x3e, 0xfe, 0xff, 0x79, 0x3e,
  0x02, 0xf0, 0x7c, 0x3e, 0x00, 0x70, 0x80, 0x3e, 0x00, 0xf0, 0x82, 0x3e,
  0x01, 0x38, 0x85, 0x3e, 0x00, 0xa8, 0x87, 0x3e, 0x00, 0x90, 0x8b, 0x3e,
  0xff, 0xeb, 0x90, 0x3e, 0x01, 0x34, 0x96, 0x3e, 0x00, 0xec, 0x9a, 0x3e,
  0x00, 0xcc, 0xa0, 0x3e, 0x00, 0xec, 0xa7, 0x3e, 0xff, 0xe7, 0xad, 0x3e,
  0xff, 0x4f, 0xb3, 0x3e, 0x01, 0xc0, 0xb9, 0x3e, 0x00, 0x30, 0xc0, 0x3e,
  0xff, 0x47, 0xc5, 0x3e, 0x01, 0xd4, 0xc9, 0x3e, 0xff, 0x23, 0xcf, 0x3e,
  0x00, 0xd4, 0xd3, 0x3e, 0xff, 0xf3, 0xd6, 0x3e, 0xff, 0xe3, 0xd9, 0x3e,
  0xfe, 0x1b, 0xdd, 0x3e, 0x01, 0x44, 0xdf, 0x3e, 0x00, 0xec, 0xdf, 0x3e,
  0x00, 0x5c, 0xe0, 0x3e, 0xff, 0x03, 0xe1, 0x3e, 0x01, 0xc4, 0xe0, 0x3e,
  0x00, 0xbc, 0xdf, 0x3e, 0xfe, 0xcb, 0xde, 0x3e, 0x01, 0x04, 0xde, 0x3e,
  0x00, 0xe4, 0xdc, 0x3e, 0x01, 0xfc, 0xdb, 0x3e, 0x00, 0x04, 0xdb, 0x3e,
  0xff, 0xd3, 0xd8, 0x3e, 0x01, 0xec, 0xd5, 0x3e, 0x00, 0x64, 0xd3, 0x3e,
  0x01, 0x54, 0xd0, 0x3e, 0xfe, 0x6b, 0xcb, 0x3e, 0x02, 0x78, 0xc5, 0x3e,
  0x01, 0x40, 0xc0, 0x3e, 0xff, 0xd7, 0xbb, 0x3e, 0xff, 0xaf, 0xb6, 0x3e,
  0x01, 0x20, 0xb1, 0x3e, 0x01, 0xe0, 0xac, 0x3e, 0x01, 0x34, 0xaa, 0x3e,
  0x00, 0xa4, 0xa7, 0x3e, 0x00, 0xcc, 0xa4, 0x3e, 0x00, 0xac, 0xa2, 0x3e,
  0x02, 0x34, 0xa1, 0x3e, 0x01, 0x9c, 0x9f, 0x3e, 0xff, 0xe3, 0x9d, 0x3e,
  0x00, 0x5c, 0x9c, 0x3e, 0xff, 0x0b, 0x9b, 0x3e, 0x00, 0x9c, 0x99, 0x3e,
  0x00, 0x14, 0x98, 0x3e, 0x01, 0xfc, 0x96, 0x3e, 0xff, 0xe3, 0x95, 0x3e,
  0xff, 0x63, 0x94, 0x3e, 0x01, 0xbc, 0x92, 0x3e, 0x00, 0x14, 0x91, 0x3e,
  0x00, 0x64, 0x8f, 0x3e, 0x01, 0xd8, 0x8d, 0x3e, 0x01, 0xb0, 0x8c, 0x3e,
  0x00, 0x90, 0x8b, 0x3e, 0xff, 0x3f, 0x8a, 0x3e, 0x00, 0x08, 0x8a, 0x3e,
  0x00, 0x48, 0x8b, 0x3e, 0x00, 0x90, 0x8b, 0x3e, 0x00, 0x80, 0x89, 0x3e,
  0xff, 0xdf, 0x86, 0x3e, 0x00, 0x28, 0x85, 0x3e, 0xff, 0x9f, 0x81, 0x3e,
  0x03, 0x60, 0x74, 0x3e, 0xff, 0x37, 0x63, 0x3e, 0xfd, 0x57, 0x54, 0x3e,
  0xfe, 0x07, 0x45, 0x3e, 0xff, 0x67, 0x33, 0x3e, 0x02, 0x30, 0x21, 0x3e,
  0x01, 0x90, 0x11, 0x3e, 0xff, 0xff, 0x04, 0x3e, 0xff, 0x5f, 0xf0, 0x3d,
  0xff, 0x0f, 0xd6, 0x3d, 0x00, 0x30, 0xc4, 0x3d, 0x00, 0x90, 0xc1, 0x3d,
  0x00, 0x50, 0xc1, 0x3d, 0x00, 0xd0, 0xb3, 0x3d, 0x00, 0x90, 0xa3, 0x3d,
  0x00, 0xd0, 0xa0, 0x3d, 0x00, 0x70, 0x97, 0x3d, 0x00, 0xc0, 0x49, 0x3d,
  0x01, 0x00, 0x1d, 0x3c, 0xff, 0xff, 0xe6, 0xbc, 0x00, 0xd0, 0x84, 0xbd,
  0xfa, 0xff, 0xf2, 0xbd, 0x03, 0xf8, 0x3d, 0xbe, 0x00, 0x90, 0x7b, 0xbe,
  0x01, 0xec, 0x95, 0xbe, 0x01, 0xe0, 0xaf, 0xbe, 0xff, 0x4b, 0xcc, 0xbe,
  0xff, 0x23, 0xe3, 0xbe, 0x01, 0x48, 0xf6, 0xbe, 0x00, 0x6a, 0x05, 0xbf,
  0x00, 0x30, 0x0f, 0xbf, 0x01, 0xfc, 0x17, 0xbf, 0x01, 0x46, 0x21, 0xbf,
  0xff, 0x81, 0x2a, 0xbf, 0x00, 0xf8, 0x32, 0xbf, 0x00, 0x3e, 0x3b, 0xbf,
  0x00, 0xb6, 0x44, 0xbf, 0x00, 0x54, 0x4d, 0xbf, 0x00, 0x04, 0x55, 0xbf,
  0x01, 0x6e, 0x5e, 0xbf, 0x00, 0x70, 0x68, 0xbf, 0x00, 0xa8, 0x6f, 0xbf,
  0x00, 0x72, 0x74, 0xbf, 0x00, 0x4e, 0x7a, 0xbf, 0xff, 0xe1, 0x7f, 0xbf,
  0x00, 0xfe, 0x7f, 0xbf, 0x00, 0x56, 0x7b, 0xbf, 0x00, 0xa2, 0x77, 0xbf,
  0x00, 0x16, 0x74, 0xbf, 0x00, 0xe8, 0x6b, 0xbf, 0xff, 0x15, 0x61, 0xbf,
  0x00, 0x22, 0x58, 0xbf, 0x01, 0x78, 0x50, 0xbf, 0xff, 0xb3, 0x47, 0xbf,
  0x00, 0x7a, 0x3e, 0xbf, 0xff, 0x97, 0x36, 0xbf, 0x00, 0xe0, 0x2f, 0xbf,
  0x00, 0xda, 0x28, 0xbf, 0x00, 0x02, 0x22, 0xbf, 0x00, 0xf8, 0x1a, 0xbf,
  0x00, 0xb0, 0x13, 0xbf, 0x00, 0x7e, 0x0c, 0xbf, 0xff, 0x09, 0x05, 0xbf,
  0x00, 0x58, 0xf8, 0xbe, 0xff, 0x1f, 0xe4, 0xbe, 0xff, 0xd3, 0xd0, 0xbe,
  0xff, 0xaf, 0xbe, 0xbe, 0xff, 0x33, 0xa8, 0xbe, 0xff, 0x53, 0x8f, 0xbe,
  0x03, 0xa0, 0x78, 0xbe, 0xff, 0x17, 0x59, 0xbe, 0x00, 0xf8, 0x34, 0xbe,
  0x01, 0xe0, 0x10, 0xbe, 0xfd, 0x3f, 0xf8, 0xbd, 0xfa, 0xef, 0xe1, 0xbd,
  0x00, 0xf0, 0xc6, 0xbd, 0x00, 0xf0, 0xad, 0xbd, 0x01, 0xd0, 0xa6, 0xbd,
  0x00, 0x50, 0xac, 0xbd, 0x00, 0x50, 0xaa, 0xbd, 0x00, 0x70, 0x9f, 0xbd,
  0x00, 0xb0, 0x95, 0xbd, 0x00, 0xb0, 0x8f, 0xbd, 0xff, 0xef, 0x81, 0xbd,
  0x01, 0x80, 0x49, 0xbd, 0xff, 0x7f, 0xf5, 0xbc, 0x05, 0x00, 0x62, 0xbc,
  0xff, 0xff, 0xbf, 0x39, 0xfe, 0x7f, 0x9b, 0x3c, 0x01, 0xc0, 0x21, 0x3d,
  0x01, 0x80, 0x5b, 0x3d, 0x01, 0x20, 0x70, 0x3d, 0x00, 0x60, 0x7c, 0x3d,
  0x00, 0xb0, 0x87, 0x3d, 0x00, 0xd0, 0x88, 0x3d, 0x01, 0xe0, 0x75, 0x3d,
  0xff, 0x7f, 0x56, 0x3d, 0x00, 0x40, 0x49, 0x3d, 0x01, 0x80, 0x48, 0x3d,
  0x00, 0xc0, 0x45, 0x3d, 0x00, 0x00, 0x42, 0x3d, 0xff, 0xbf, 0x4b, 0x3d,
  0xff, 0x1f, 0x68, 0x3d, 0x00, 0x30, 0x84, 0x3d, 0xff, 0xcf, 0x8d, 0x3d,
  0x00, 0xd0, 0x94, 0x3d, 0xff, 0x6f, 0xa1, 0x3d, 0xff, 0x0f, 0xad, 0x3d,
  0x00, 0xd0, 0xa8, 0x3d, 0x00, 0xd0, 0x9b, 0x3d, 0x01, 0xf0, 0x92, 0x3d,
  0x00, 0x10, 0x84, 0x3d, 0x00, 0x80, 0x3d, 0x3d, 0xff, 0x7f, 0xb4, 0x3c,
  0x00, 0x00, 0x40, 0x3a, 0x01, 0x80, 0xa8, 0xbc, 0x00, 0x80, 0x50, 0xbd,
  0x00, 0xb0, 0xae, 0xbd, 0xfe, 0x2f, 0xe2, 0xbd, 0x01, 0x30, 0x06, 0xbe,
  0x03, 0xb0, 0x1e, 0xbe, 0xff, 0xb7, 0x35, 0xbe, 0xff, 0x97, 0x46, 0xbe,
  0x03, 0xd8, 0x53, 0xbe, 0x00, 0xf8, 0x61, 0xbe, 0x00, 0xd0, 0x6f, 0xbe,
  0xfe, 0x9f, 0x7e, 0xbe, 0xff, 0xd7, 0x87, 0xbe, 0x00, 0xa4, 0x8f, 0xbe,
  0xff, 0x3b, 0x97, 0xbe, 0xff, 0x5b, 0xa1, 0xbe, 0x01, 0x40, 0xac, 0xbe,
  0x01, 0x80, 0xb4, 0xbe, 0x00, 0xd8, 0xba, 0xbe, 0xff, 0x97, 0xc2, 0xbe,
  0x01, 0x34, 0xca, 0xbe, 0xff, 0xeb, 0xcc, 0xbe, 0x01, 0x54, 0xcc, 0xbe,
  0x00, 0xe4, 0xcc, 0xbe, 0x01, 0x54, 0xcc, 0xbe, 0x02, 0x00, 0xc6, 0xbe,
  0x00, 0x10, 0xbd, 0xbe, 0xff, 0xcf, 0xb5, 0xbe, 0xff, 0xcf, 0xad, 0xbe,
  0xff, 0x53, 0xa2, 0xbe, 0x00, 0xf4, 0x95, 0xbe, 0x02, 0xc8, 0x8b, 0xbe,
  0x00, 0x08, 0x83, 0xbe, 0x02, 0x70, 0x72, 0xbe, 0x00, 0x48, 0x5f, 0xbe,
  0x02, 0x68, 0x4f, 0xbe, 0xff, 0x27, 0x42, 0xbe, 0x00, 0xf8, 0x34, 0xbe,
  0x02, 0xe0, 0x26, 0xbe, 0x00, 0x00, 0x18, 0xbe, 0x03, 0xa0, 0x08, 0xbe,
  0x04, 0xc0, 0xf2, 0xbd, 0x06, 0x90, 0xd0, 0xbd, 0x00, 0xb0, 0xa3, 0xbd,
  0x01, 0x60, 0x64, 0xbd, 0x01, 0xc0, 0x13, 0xbd, 0xff, 0xff, 0x85, 0xbc,
  0x00, 0x00, 0xfe, 0x3b, 0x01, 0x40, 0x01, 0x3d, 0x00, 0x80, 0x3f, 0x3d,
  0x01, 0x20, 0x6c, 0x3d, 0x00, 0x90, 0x90, 0x3d, 0x00, 0x70, 0xa6, 0x3d,
  0xff, 0xcf, 0xad, 0x3d, 0x00, 0x70, 0xac, 0x3d, 0x00, 0xf0, 0xae, 0x3d,
  0xff, 0x4f, 0xb5, 0x3d, 0x00, 0x50, 0xb8, 0x3d, 0x00, 0x90, 0xb8, 0x3d,
  0xff, 0xcf, 0xbd, 0x3d, 0x01, 0xb0, 0xca, 0x3d, 0x02, 0xb0, 0xdb, 0x3d,
  0x06, 0x80, 0xea, 0x3d, 0xfb, 0x5f, 0xf9, 0x3d, 0x01, 0x40, 0x07, 0x3e,
  0x02, 0xa0, 0x12, 0x3e, 0x00, 0x60, 0x1b, 0x3e, 0xfe, 0x2f, 0x22, 0x3e,
  0x03, 0xe0, 0x29, 0x3e, 0xfe, 0xa7, 0x31, 0x3e, 0x00, 0x58, 0x35, 0x3e,
  0xfe, 0x37, 0x35, 0x3e, 0x02, 0x48, 0x35, 0x3e, 0xff, 0xe7, 0x35, 0x3e,
  0x03, 0xd8, 0x33, 0x3e, 0xff, 0xf7, 0x2e, 0x3e, 0x00, 0x08, 0x2b, 0x3e,
  0x00, 0x50, 0x2a, 0x3e, 0x03, 0xd8, 0x2b, 0x3e, 0x02, 0x48, 0x2d, 0x3e,
  0xfd, 0x77, 0x2e, 0x3e, 0x01, 0x18, 0x32, 0x3e, 0xff, 0x47, 0x39, 0x3e,
  0xff, 0xd7, 0x3f, 0x3e, 0xff, 0x47, 0x41, 0x3e, 0xfe, 0x67, 0x40, 0x3e,
  0x01, 0x68, 0x41, 0x3e, 0x01, 0x28, 0x40, 0x3e, 0xff, 0xf7, 0x36, 0x3e,
  0x00, 0x20, 0x2a, 0x3e, 0x02, 0xe0, 0x1e, 0x3e, 0x02, 0xa0, 0x12, 0x3e,
  0x00, 0x00, 0x00, 0x3e, 0x05, 0x90, 0xd5, 0x3d, 0x00, 0x70, 0xb4, 0x3d,
  0x00, 0x10, 0x93, 0x3d, 0x01, 0xc0, 0x54, 0x3d, 0xff, 0x7f, 0x04, 0x3d,
  0x00, 0x80, 0x90, 0x3c, 0x00, 0x00, 0x64, 0x3b, 0xfd, 0xff, 0x4f, 0xbc,
  0xff, 0x7f, 0xd7, 0xbc, 0x00, 0x40, 0x18, 0xbd, 0x00, 0x40, 0x46, 0xbd,
  0x00, 0xa0, 0x73, 0xbd, 0x00, 0x30, 0x8e, 0xbd, 0x00, 0x30, 0xa4, 0xbd,
  0x00, 0x70, 0xbb, 0xbd, 0xfa, 0x6f, 0xcf, 0xbd, 0x04, 0x50, 0xe1, 0xbd,
  0x03, 0xc0, 0xf7, 0xbd, 0xfe, 0xcf, 0x06, 0xbe, 0xff, 0x2f, 0x0d, 0xbe,
  0xfe, 0xef, 0x10, 0xbe, 0xfd, 0x1f, 0x16, 0xbe, 0xfd, 0xaf, 0x19, 0xbe,
  0xff, 0x6f, 0x16, 0xbe, 0x02, 0x20, 0x10, 0xbe, 0x02, 0x80, 0x0b, 0xbe,
  0x01, 0x20, 0x05, 0xbe, 0xfa, 0xff, 0xf2, 0xbd, 0x02, 0x30, 0xd9, 0xbd,
  0xff, 0x0f, 0xc5, 0xbd, 0x00, 0xf0, 0xaf, 0xbd, 0x01, 0x50, 0x96, 0xbd,
  0x01, 0x20, 0x7c, 0xbd, 0x01, 0x40, 0x54, 0xbd, 0x00, 0x80, 0x2d, 0xbd,
  0x00, 0x80, 0x02, 0xbd, 0x01, 0x00, 0xb8, 0xbc, 0x02, 0x00, 0x74, 0xbc,
  0xff, 0xff, 0xeb, 0xbb, 0x00, 0x00, 0x80, 0x3a, 0x00, 0x00, 0xfe, 0x3b,
  0x04, 0x00, 0x66, 0x3c, 0x01, 0x80, 0xa8, 0x3c, 0x00, 0x00, 0xde, 0x3c,
  0x01, 0x80, 0x09, 0x3d, 0x00, 0xc0, 0x29, 0x3d, 0x00, 0xc0, 0x49, 0x3d,
  0x00, 0x80, 0x62, 0x3d, 0x01, 0x20, 0x7c, 0x3d, 0x00, 0x30, 0x8e, 0x3d,
  0x01, 0x30, 0x9a, 0x3d, 0x00, 0xb0, 0x9d, 0x3d, 0x01, 0x10, 0x9e, 0x3d,
  0x00, 0x30, 0xa0, 0x3d, 0x00, 0x30, 0xa0, 0x3d, 0xff, 0x2f, 0x99, 0x3d,
  0x00, 0x50, 0x8f, 0x3d, 0x00, 0x10, 0x8a, 0x3d, 0x00, 0xb0, 0x88, 0x3d,
  0x00, 0x70, 0x86, 0x3d, 0x00, 0xd0, 0x83, 0x3d, 0x00, 0xf0, 0x84, 0x3d,
  0x00, 0x30, 0x8b, 0x3d, 0x01, 0x30, 0x92, 0x3d, 0x00, 0x90, 0x97, 0x3d,
  0x00, 0x70, 0x9c, 0x3d, 0x00, 0x10, 0xa3, 0x3d, 0xff, 0x6f, 0xa9, 0x3d,
  0x00, 0x70, 0xad, 0x3d, 0x00, 0xb0, 0xaf, 0x3d, 0x00, 0x50, 0xb2, 0x3d,
  0x00, 0xb0, 0xb4, 0x3d, 0x00, 0x70, 0xb6, 0x3d, 0x00, 0x10, 0xb8, 0x3d,
  0x00, 0xd0, 0xb9, 0x3d, 0x00, 0x10, 0xbb, 0x3d, 0x00, 0xd0, 0xbc, 0x3d,
  0x01, 0xd0, 0xbe, 0x3d, 0x00, 0x10, 0xc0, 0x3d, 0xff, 0x2f, 0xc1, 0x3d,
  0x00, 0x90, 0xc3, 0x3d, 0x01, 0x10, 0xc6, 0x3d, 0x00, 0xb0, 0xc5, 0x3d,
  0x00, 0xd0, 0xc3, 0x3d, 0x00, 0xd0, 0xc2, 0x3d, 0x00, 0xd0, 0xc0, 0x3d,
  0x00, 0x90, 0xba, 0x3d, 0x00, 0xd0, 0xb2, 0x3d, 0x00, 0xb0, 0xab, 0x3d,
  0x01, 0x70, 0xa2, 0x3d, 0x00, 0x10, 0x94, 0x3d, 0x00, 0x70, 0x85, 0x3d,
  0x01, 0x20, 0x6f, 0x3d, 0xff, 0xbf, 0x4b, 0x3d, 0xff, 0xbf, 0x1e, 0x3d,
  0x02, 0x80, 0xe4, 0x3c, 0x01, 0x00, 0x99, 0x3c, 0x00, 0x00, 0x04, 0x3c,
  0x00, 0x00, 0x8e, 0xbb, 0x03, 0x00, 0x70, 0xbc, 0x00, 0x00, 0xbf, 0xbc,
  0xff, 0x7f, 0x05, 0xbd, 0x01, 0x00, 0x2a, 0xbd, 0xff, 0x3f, 0x4c, 0xbd,
  0xff, 0xdf, 0x6f, 0xbd, 0x00, 0x90, 0x8b, 0xbd, 0x00, 0x30, 0x9d, 0xbd,
  0x00, 0x70, 0xaf, 0xbd, 0x01, 0x50, 0xc6, 0xbd, 0xfc, 0x8f, 0xdc, 0xbd,
  0x05, 0x60, 0xed, 0xbd, 0x06, 0x00, 0xfd, 0xbd, 0x01, 0x40, 0x07, 0xbe,
  0x00, 0xc0, 0x0e, 0xbe, 0x02, 0xa0, 0x12, 0xbe, 0xfd, 0x0f, 0x15, 0xbe,
  0x02, 0x50, 0x18, 0xbe, 0x01, 0xf0, 0x19, 0xbe, 0xfe, 0x0f, 0x18, 0xbe,
  0xfd, 0xef, 0x15, 0xbe, 0x02, 0x90, 0x14, 0xbe, 0xfd, 0xaf, 0x11, 0xbe,
  0x03, 0x70, 0x0d, 0xbe, 0x02, 0x60, 0x09, 0xbe, 0x00, 0xe0, 0x05, 0xbe,
  0xff, 0x6f, 0x01, 0xbe, 0x05, 0x20, 0xf9, 0xbd, 0x00, 0x00, 0xf0, 0xbd,
  0x06, 0xe0, 0xe5, 0xbd, 0x01, 0x90, 0xd9, 0xbd, 0xf9, 0xaf, 0xcd, 0xbd,
  0x01, 0x30, 0xc2, 0xbd, 0x00, 0x70, 0xb4, 0xbd, 0x00, 0xf0, 0xa4, 0xbd,
  0x00, 0x10, 0x97, 0xbd, 0x00, 0x70, 0x8b, 0xbd, 0x00, 0xe0, 0x7c, 0xbd,
  0x01, 0xc0, 0x61, 0xbd, 0x01, 0x80, 0x4c, 0xbd, 0x00, 0x40, 0x39, 0xbd,
  0x01, 0xc0, 0x23, 0xbd, 0x01, 0xc0, 0x10, 0xbd, 0x01, 0x40, 0x02, 0xbd,
  0x01, 0x80, 0xea, 0xbc, 0x00, 0x80, 0xcd, 0xbc, 0x01, 0x00, 0xb9, 0xbc,
  0x00, 0x80, 0xb2, 0xbc, 0x00, 0x80, 0xb0, 0xbc, 0xff, 0xff, 0xa7, 0xbc,
  0x01, 0x00, 0x9d, 0xbc, 0x02, 0x00, 0x94, 0xbc, 0x00, 0x80, 0x8d, 0xbc,
  0x01, 0x00, 0x7c, 0xbc, 0xfb, 0xff, 0x3e, 0xbc, 0x00, 0x00, 0xf2, 0xbb,
  0x00, 0x00, 0x82, 0xbb, 0xfe, 0xff, 0xa7, 0xba, 0xfd, 0xff, 0xdf, 0x3a,
  0x00, 0x00, 0x98, 0x3b, 0xff, 0xff, 0xe9, 0x3b, 0xff, 0xff, 0x0f, 0x3c,
  0x04, 0x00, 0x26, 0x3c, 0x00, 0x00, 0x40, 0x3c, 0x05, 0x00, 0x64, 0x3c,
  0xff, 0xff, 0x86, 0x3c, 0xfe, 0x7f, 0x9b, 0x3c, 0xfd, 0xff, 0xae, 0x3c,
  0x02, 0x80, 0xc5, 0x3c, 0x00, 0x00, 0xdf, 0x3c, 0xff, 0x7f, 0xf5, 0x3c,
  0x01, 0x40, 0x03, 0x3d, 0xff, 0xbf, 0x0b, 0x3d, 0x00, 0x40, 0x15, 0x3d,
  0xff, 0x3f, 0x1b, 0x3d, 0xff, 0x3f, 0x1c, 0x3d, 0xff, 0xbf, 0x1e, 0x3d,
  0x00, 0x80, 0x20, 0x3d, 0x00, 0xc0, 0x1a, 0x3d, 0xff, 0xbf, 0x0e, 0x3d,
  0xff, 0xff, 0x03, 0x3d, 0xff, 0x7f, 0xf4, 0x3c, 0x02, 0x00, 0xd5, 0x3c,
  0x00, 0x80, 0xae, 0x3c, 0xfe, 0xff, 0x8c, 0x3c, 0xfe, 0xff, 0x6c, 0x3c,
  0x00, 0x00, 0x3e, 0x3c, 0x00, 0x00, 0x0d, 0x3c, 0x01, 0x00, 0xc8, 0x3b,
  0x02, 0x00, 0x74, 0x3b, 0xfe, 0xff, 0xa7, 0x3a, 0x03, 0x00, 0x88, 0xba,
  0x00, 0x00, 0x8c, 0xbb, 0x00, 0x00, 0x11, 0xbc, 0xfc, 0xff, 0x57, 0xbc,
  0x01, 0x80, 0x89, 0xbc, 0xfe, 0xff, 0xa8, 0xbc, 0xfe, 0xff, 0xcd, 0xbc,
  0x00, 0x80, 0xee, 0xbc, 0xff, 0x7f, 0x04, 0xbd, 0x01, 0xc0, 0x14, 0xbd,
  0xff, 0xff, 0x24, 0xbd, 0x00, 0x00, 0x31, 0xbd, 0x01, 0x80, 0x3c, 0xbd,
  0x00, 0x40, 0x4a, 0xbd, 0xff, 0x7f, 0x55, 0xbd, 0x01, 0x80, 0x58, 0xbd,
  0x00, 0x40, 0x57, 0xbd, 0x00, 0xc0, 0x57, 0xbd, 0xff, 0xff, 0x56, 0xbd,
  0xff, 0x7f, 0x53, 0xbd, 0x01, 0x40, 0x50, 0xbd, 0xff, 0x3f, 0x4d, 0xbd,
  0x00, 0x40, 0x48, 0xbd, 0xff, 0x7f, 0x43, 0xbd, 0x01, 0x40, 0x40, 0xbd,
  0x00, 0xc0, 0x37, 0xbd, 0xff, 0xff, 0x27, 0xbd, 0x00, 0xc0, 0x15, 0xbd,
  0xff, 0xff, 0x05, 0xbd, 0xff, 0xff, 0xe2, 0xbc, 0xfe, 0xff, 0xad, 0xbc,
  0x03, 0x00, 0x70, 0xbc, 0x00, 0x00, 0x16, 0xbc, 0xff, 0xff, 0x83, 0xbb,
  0xff, 0xff, 0x79, 0x3b, 0x03, 0x00, 0x6e, 0x3c, 0x01, 0x00, 0xf8, 0x3c,
  0x00, 0xc0, 0x4a, 0x3d, 0x00, 0xf0, 0x84, 0x3d, 0x01, 0x80, 0x94, 0x3d,
  0x00, 0x40, 0x98, 0x3d, 0x00, 0x30, 0x9b, 0x3d, 0x00, 0x10, 0xa2, 0x3d,
  0x01, 0x90, 0xa6, 0x3d, 0x00, 0x90, 0xa1, 0x3d, 0x00, 0xc0, 0x97, 0x3d,
  0x00, 0x00, 0x97, 0x3d, 0x01, 0x30, 0xaa, 0x3d, 0x00, 0x50, 0xc9, 0x3d,
  0xff, 0x1f, 0xe7, 0x3d, 0xff, 0xbf, 0x00, 0x3e, 0xfd, 0x7f, 0x11, 0x3e,
  0x01, 0xc0, 0x29, 0x3e, 0x02, 0x38, 0x44, 0x3e, 0xfe, 0x17, 0x56, 0x3e,
  0x00, 0x30, 0x60, 0x3e, 0x02, 0xb8, 0x69, 0x3e, 0x02, 0xd0, 0x75, 0x3e,
  0xff, 0x87, 0x7d, 0x3e, 0xff, 0x77, 0x7c, 0x3e, 0x01, 0x30, 0x76, 0x3e,
  0x01, 0xc0, 0x71, 0x3e, 0x02, 0x98, 0x6f, 0x3e, 0xff, 0x67, 0x6b, 0x3e,
  0x00, 0x70, 0x64, 0x3e, 0x02, 0x28, 0x5e, 0x3e, 0xfe, 0xe7, 0x5a, 0x3e,
  0x03, 0x88, 0x59, 0x3e, 0xfd, 0xb7, 0x57, 0x3e, 0x03, 0xc8, 0x55, 0x3e,
  0xfe, 0x37, 0x55, 0x3e, 0xfd, 0x77, 0x56, 0x3e, 0x00, 0x58, 0x58, 0x3e,
  0x00, 0xc8, 0x59, 0x3e, 0x00, 0xd8, 0x5a, 0x3e, 0x00, 0xf8, 0x5c, 0x3e,
  0xfd, 0x6f, 0x60, 0x3e, 0x00, 0x30, 0x63, 0x3e, 0xfd, 0xbf, 0x62, 0x3e,
  0xff, 0x1f, 0x5f, 0x3e, 0xfd, 0x17, 0x5b, 0x3e, 0x03, 0x18, 0x58, 0x3e,
  0x01, 0x40, 0x54, 0x3e, 0xff, 0x2f, 0x4d, 0x3e, 0x01, 0x98, 0x44, 0x3e,
  0xff, 0x0f, 0x3e, 0x3e, 0x01, 0xe0, 0x3b, 0x3e, 0xfd, 0xdf, 0x3c, 0x3e,
  0x02, 0x00, 0x3e, 0x3e, 0xff, 0x0f, 0x3e, 0x3e, 0xfe, 0xcf, 0x3e, 0x3e,
  0xfe, 0xb7, 0x42, 0x3e, 0x00, 0x88, 0x48, 0x3e, 0x03, 0x98, 0x4a, 0x3e,
  0xfd, 0x97, 0x45, 0x3e, 0xfe, 0x4f, 0x3c, 0x3e, 0x00, 0xe8, 0x33, 0x3e,
  0x03, 0x60, 0x2c, 0x3e, 0xff, 0x97, 0x1e, 0x3e, 0x02, 0x98, 0x07, 0x3e,
  0xfe, 0x1f, 0xe1, 0x3d, 0x01, 0x70, 0xc2, 0x3d, 0x00, 0x40, 0xaf, 0x3d,
  0x00, 0xa0, 0x99, 0x3d, 0x01, 0xa0, 0x7f, 0x3d, 0x01, 0x40, 0x64, 0x3d,
  0x01, 0xe0, 0x78, 0x3d, 0x00, 0xe0, 0x93, 0x3d, 0x00, 0x50, 0xa7, 0x3d,
  0xff, 0x3f, 0xb3, 0x3d, 0x01, 0x20, 0xc0, 0x3d, 0xfc, 0x4f, 0xd3, 0x3d,
  0x00, 0xc0, 0xe6, 0x3d, 0x05, 0xd0, 0xee, 0x3d, 0x03, 0xf0, 0xea, 0x3d,
  0x00, 0x20, 0xe2, 0x3d, 0xfe, 0x7f, 0xdc, 0x3d, 0x04, 0x80, 0xd9, 0x3d,
  0xfb, 0xbf, 0xd4, 0x3d, 0x00, 0xf0, 0xcb, 0x3d, 0x00, 0xd0, 0xc4, 0x3d,
  0x00, 0x50, 0xc4, 0x3d, 0xff, 0x6f, 0xc9, 0x3d, 0x01, 0x90, 0xce, 0x3d,
  0x01, 0xd0, 0xd2, 0x3d, 0xfc, 0xff, 0xd8, 0x3d, 0x00, 0x20, 0xe2, 0x3d,
  0xfd, 0xcf, 0xeb, 0x3d, 0x02, 0xf0, 0xf4, 0x3d, 0x06, 0x00, 0xfd, 0x3d,
  0x02, 0x40, 0x02, 0x3e, 0xfe, 0xbf, 0x05, 0x3e, 0xfe, 0xa7, 0x09, 0x3e,
  0xff, 0x97, 0x0e, 0x3e, 0x03, 0x20, 0x13, 0x3e, 0x03, 0xb0, 0x16, 0x3e,
  0x01, 0x58, 0x1b, 0x3e, 0x02, 0xc0, 0x24, 0x3e, 0xff, 0x57, 0x32, 0x3e,
  0xfe, 0x9f, 0x3e, 0x3e, 0xff, 0x57, 0x4a, 0x3e, 0xfe, 0xc7, 0x5b, 0x3e,
  0xff, 0xbf, 0x73, 0x3e, 0x01, 0x48, 0x86, 0x3e, 0xff, 0xef, 0x8f, 0x3e,
  0x00, 0x58, 0x98, 0x3e, 0x00, 0xe0, 0xa1, 0x3e, 0xff, 0x47, 0xac, 0x3e,
  0x01, 0x28, 0xb4, 0x3e, 0xff, 0xc3, 0xb7, 0x3e, 0x01, 0xec, 0xb9, 0x3e,
  0x02, 0xf0, 0xbc, 0x3e, 0xfe, 0xaf, 0xbf, 0x3e, 0x01, 0xf8, 0xbf, 0x3e,
  0x01, 0xf0, 0xbd, 0x3e, 0x00, 0x5c, 0xbc, 0x3e, 0x01, 0x20, 0xbd, 0x3e,
  0x00, 0xa8, 0xbf, 0x3e, 0xff, 0xe3, 0xc1, 0x3e, 0x01, 0x9c, 0xc3, 0x3e,
  0x01, 0x88, 0xc7, 0x3e, 0xff, 0x5f, 0xd0, 0x3e, 0xff, 0xbf, 0xdb, 0x3e,
  0xff, 0xb7, 0xe5, 0x3e, 0x01, 0x50, 0xed, 0x3e, 0xff, 0x03, 0xf5, 0x3e,
  0x00, 0xec, 0xfe, 0x3e, 0x01, 0x2a, 0x04, 0x3f, 0x00, 0x50, 0x06, 0x3f,
  0x00, 0x5c, 0x06, 0x3f, 0xff, 0x1b, 0x06, 0x3f, 0xff, 0x6b, 0x06, 0x3f,
  0xff, 0x53, 0x06, 0x3f, 0x01, 0x24, 0x05, 0x3f, 0x00, 0x62, 0x03, 0x3f,
  0x00, 0x44, 0x02, 0x3f, 0x00, 0x30, 0x02, 0x3f, 0x00, 0xe6, 0x02, 0x3f,
  0x00, 0xa2, 0x03, 0x3f, 0x00, 0x22, 0x04, 0x3f, 0xff, 0xe7, 0x04, 0x3f,
  0x00, 0xa8, 0x06, 0x3f, 0x00, 0xee, 0x08, 0x3f, 0x01, 0x40, 0x0a, 0x3f,
  0x01, 0xfc, 0x09, 0x3f, 0x00, 0x4a, 0x09, 0x3f, 0xff, 0x15, 0x09, 0x3f,
  0x01, 0x56, 0x08, 0x3f, 0x00, 0x64, 0x05, 0x3f, 0x00, 0x80, 0x00, 0x3f,
  0x00, 0xf0, 0xf6, 0x3e, 0x01, 0x88, 0xef, 0x3e, 0x00, 0xcc, 0xe8, 0x3e,
  0xff, 0x33, 0xe0, 0x3e, 0x01, 0x44, 0xd7, 0x3e, 0x00, 0xf8, 0xd0, 0x3e,
  0x00, 0x04, 0xcf, 0x3e, 0xff, 0xef, 0xcf, 0x3e, 0x01, 0x40, 0xd0, 0x3e,
  0x01, 0xd4, 0xce, 0x3e, 0x01, 0x74, 0xce, 0x3e, 0x01, 0x68, 0xd1, 0x3e,
  0x01, 0xac, 0xd4, 0x3e, 0x01, 0xd8, 0xd1, 0x3e, 0x00, 0x90, 0xc7, 0x3e,
  0xff, 0xf3, 0xba, 0x3e, 0x01, 0xe4, 0xaf, 0x3e, 0xff, 0x1f, 0xa4, 0x3e,
  0xfe, 0xa3, 0x91, 0x3e, 0x03, 0x20, 0x73, 0x3e, 0x00, 0x38, 0x46, 0x3e,
  0x02, 0xa0, 0x2a, 0x3e, 0x01, 0x80, 0x18, 0x3e, 0xfd, 0xbf, 0x02, 0x3e,
  0xfc, 0xff, 0xd8, 0x3d, 0x00, 0x50, 0xcb, 0x3d, 0xfe, 0x4f, 0xf4, 0x3d,
  0x02, 0xc8, 0x1a, 0x3e, 0xff, 0xf7, 0x2e, 0x3e, 0xff, 0x27, 0x32, 0x3e,
  0x03, 0x20, 0x3b, 0x3e, 0xfd, 0x97, 0x55, 0x3e, 0x03, 0x20, 0x63, 0x3e,
  0x03, 0xb8, 0x34, 0x3e, 0x01, 0x90, 0x9e, 0x3d, 0xfe, 0xbf, 0xe2, 0xbc,
  0x06, 0x70, 0xe9, 0xbd, 0xff, 0x87, 0x55, 0xbe, 0xfe, 0xd7, 0xb4, 0xbe,
  0x00, 0x52, 0x07, 0xbf, 0x00, 0x4e, 0x26, 0xbf, 0xff, 0xb3, 0x31, 0xbf,
  0x00, 0x66, 0x34, 0xbf, 0x00, 0x88, 0x3a, 0xbf, 0x00, 0xc4, 0x3f, 0xbf,
  0x00, 0x02, 0x38, 0xbf, 0x00, 0xca, 0x20, 0xbf, 0x01, 0x46, 0x09, 0xbf,
  0xff, 0x0f, 0xfa, 0xbe, 0x00, 0x3c, 0xf5, 0xbe, 0xff, 0x17, 0xf1, 0xbe,
  0xff, 0xdb, 0xe7, 0xbe, 0x00, 0x14, 0xe9, 0xbe, 0x00, 0x34, 0x01, 0xbf,
  0x00, 0xde, 0x15, 0xbf, 0x00, 0xc4, 0x28, 0xbf, 0x00, 0xac, 0x36, 0xbf,
  0x01, 0x28, 0x44, 0xbf, 0x00, 0x0e, 0x56, 0xbf, 0x00, 0x9e, 0x68, 0xbf,
  0xff, 0x4d, 0x73, 0xbf, 0xff, 0xfd, 0x76, 0xbf, 0x01, 0xfc, 0x79, 0xbf,
  0x00, 0x5c, 0x7e, 0xbf, 0x00, 0xfe, 0x7f, 0xbf, 0x00, 0x3e, 0x7b, 0xbf,
  0x00, 0x56, 0x73, 0xbf, 0xff, 0x59, 0x6d, 0xbf, 0x00, 0xec, 0x6a, 0xbf,
  0x01, 0x12, 0x6a, 0xbf, 0x00, 0xe2, 0x68, 0xbf, 0xff, 0x87, 0x67, 0xbf,
  0x00, 0x16, 0x68, 0xbf, 0x00, 0x94, 0x6c, 0xbf, 0x01, 0xda, 0x73, 0xbf,
  0x00, 0x04, 0x79, 0xbf, 0x00, 0x6e, 0x77, 0xbf, 0x00, 0x40, 0x71, 0xbf,
  0xff, 0x87, 0x6b, 0xbf, 0x00, 0xb4, 0x66, 0xbf, 0x00, 0x58, 0x5c, 0xbf,
  0x00, 0x58, 0x49, 0xbf, 0xff, 0xb9, 0x32, 0xbf, 0xff, 0x47, 0x22, 0xbf,
  0x01, 0x2e, 0x17, 0xbf, 0x01, 0xd4, 0x0a, 0xbf, 0x00, 0xa0, 0xf8, 0xbe,
  0x00, 0xc4, 0xe2, 0xbe, 0x02, 0x0c, 0xe0, 0xbe, 0xff, 0x03, 0xec, 0xbe,
  0xff, 0x67, 0xf7, 0xbe, 0x01, 0x54, 0xfc, 0xbe, 0x00, 0x64, 0x01, 0xbf,
  0x00, 0xa2, 0x09, 0xbf, 0x01, 0x94, 0x13, 0xbf, 0xff, 0x15, 0x17, 0xbf,
  0x01, 0xea, 0x10, 0xbf, 0x00, 0x14, 0x07, 0xbf, 0xff, 0xe3, 0xfd, 0xbe,
  0x01, 0xac, 0xec, 0xbe, 0x01, 0x54, 0xcc, 0xbe, 0x00, 0xbc, 0x9b, 0xbe,
  0x03, 0x50, 0x5e, 0xbe, 0x03, 0x38, 0x1f, 0xbe, 0x06, 0xb0, 0xd2, 0xbd,
  0x01, 0xa0, 0x2d, 0xbd, 0x01, 0x40, 0xa3, 0x3c, 0x01, 0xe0, 0x76, 0x3d,
  0x00, 0xe0, 0x96, 0x3d, 0x00, 0x50, 0x9f, 0x3d, 0x00, 0x60, 0xb4, 0x3d,
  0x02, 0xd0, 0xcd, 0x3d, 0x06, 0xe0, 0xd5, 0x3d, 0x06, 0x90, 0xd0, 0x3d,
  0xfa, 0xef, 0xd1, 0x3d, 0xff, 0x8f, 0xe8, 0x3d, 0x03, 0x88, 0x09, 0x3e,
  0xfe, 0xe7, 0x22, 0x3e, 0x00, 0x00, 0x38, 0x3e, 0x02, 0xc8, 0x4a, 0x3e,
  0x01, 0xc0, 0x61, 0x3e, 0x00, 0xa8, 0x7f, 0x3e, 0x02, 0x0c, 0x8c, 0x3e,
  0xff, 0xe7, 0x90, 0x3e, 0xfe, 0xaf, 0x8f, 0x3e, 0x01, 0x60, 0x8e, 0x3e,
  0x02, 0xa0, 0x8e, 0x3e, 0x00, 0xd4, 0x8b, 0x3e, 0x01, 0xd0, 0x82, 0x3e,
  0x01, 0xb8, 0x6e, 0x3e, 0xfd, 0x6f, 0x60, 0x3e, 0xff, 0x8f, 0x60, 0x3e,
  0xfe, 0x9f, 0x66, 0x3e, 0x01, 0x18, 0x6a, 0x3e, 0x02, 0x88, 0x6e, 0x3e,
  0xff, 0x1b, 0x80, 0x3e, 0x02, 0xbc, 0x91, 0x3e, 0x02, 0xbc, 0xa5, 0x3e,
  0x01, 0x7c, 0xb1, 0x3e, 0xff, 0x3f, 0xb6, 0x3e, 0xff, 0xbf, 0xbc, 0x3e,
  0x01, 0x48, 0xc6, 0x3e, 0xff, 0x8f, 0xc8, 0x3e, 0x00, 0xc4, 0xb9, 0x3e,
  0x02, 0x78, 0xa1, 0x3e, 0x00, 0x18, 0x8c, 0x3e, 0x01, 0x50, 0x75, 0x3e,
  0x03, 0xa8, 0x43, 0x3e, 0x02, 0xe0, 0xfe, 0x3d, 0x00, 0xa0, 0x73, 0x3d,
  0xff, 0xff, 0x84, 0x3c, 0x01, 0x00, 0xf5, 0xbb, 0x01, 0x40, 0x02, 0xbd,
  0x01, 0x60, 0x78, 0xbd, 0x00, 0xb0, 0x9e, 0xbd, 0x01, 0xf0, 0x9a, 0xbd,
  0x00, 0x90, 0x84, 0xbd, 0x01, 0xa0, 0x6f, 0xbd, 0x01, 0x60, 0x75, 0xbd,
  0x00, 0xe0, 0x7a, 0xbd, 0x00, 0xe0, 0x6d, 0xbd, 0x00, 0x40, 0x67, 0xbd,
  0x00, 0xf0, 0x83, 0xbd, 0xff, 0x6f, 0xa9, 0xbd, 0x05, 0xf0, 0xd0, 0xbd,
  0xfc, 0xef, 0xf2, 0xbd, 0x01, 0xd8, 0x0d, 0xbe, 0xfe, 0xff, 0x29, 0xbe,
  0xfd, 0x37, 0x4a, 0xbe, 0x00, 0xb0, 0x65, 0xbe, 0x03, 0xe8, 0x7c, 0xbe,
  0x00, 0xac, 0x8a, 0xbe, 0x01, 0x80, 0x98, 0xbe, 0x01, 0xf4, 0xa4, 0xbe,
  0xff, 0x6f, 0xad, 0xbe, 0xfe, 0xd7, 0xb4, 0xbe, 0xfe, 0x5f, 0xbd, 0xbe,
  0x00, 0xe4, 0xc4, 0xbe, 0x01, 0x90, 0xca, 0xbe, 0xff, 0x1f, 0xd0, 0xbe,
  0xfe, 0x43, 0xd6, 0xbe, 0xff, 0x67, 0xdb, 0xbe, 0x01, 0xa4, 0xde, 0xbe,
  0x01, 0x34, 0xe2, 0xbe, 0x00, 0xd8, 0xe6, 0xbe, 0x00, 0x6c, 0xe9, 0xbe,
  0x00, 0x48, 0xe7, 0xbe, 0x00, 0x30, 0xe3, 0xbe, 0x00, 0x74, 0xe0, 0xbe,
  0x00, 0x88, 0xdc, 0xbe, 0x01, 0xe8, 0xd2, 0xbe, 0x01, 0x54, 0xc4, 0xbe,
  0xff, 0x27, 0xb6, 0xbe, 0xff, 0xef, 0xab, 0xbe, 0xff, 0x17, 0xa1, 0xbe,
  0x01, 0x8c, 0x92, 0xbe, 0x00, 0x30, 0x83, 0xbe, 0xff, 0xff, 0x74, 0xbe,
  0x03, 0x58, 0x71, 0xbe, 0x01, 0x68, 0x71, 0xbe, 0x02, 0x28, 0x6e, 0xbe,
  0x00, 0x58, 0x6d, 0xbe, 0xff, 0x9f, 0x79, 0xbe, 0x00, 0x14, 0x88, 0xbe,
  0xff, 0x2b, 0x91, 0xbe, 0xff, 0xb3, 0x92, 0xbe, 0x01, 0xa0, 0x8f, 0xbe,
  0x00, 0x38, 0x8e, 0xbe, 0x00, 0x58, 0x8d, 0xbe, 0x00, 0x58, 0x84, 0xbe,
  0x03, 0x00, 0x61, 0xbe, 0x02, 0xe8, 0x31, 0xbe, 0xfe, 0xd7, 0x09, 0xbe,
  0x04, 0x30, 0xcf, 0xbd, 0x01, 0x20, 0x70, 0xbd, 0x01, 0x00, 0xcf, 0xbb,
  0x01, 0xc0, 0x13, 0x3d, 0xff, 0xdf, 0x7f, 0x3d, 0x00, 0xf0, 0xa7, 0x3d,
  0x01, 0xd0, 0xd2, 0x3d, 0xfd, 0xdf, 0xfc, 0x3d, 0xfd, 0x27, 0x0c, 0x3e,
  0x03, 0x20, 0x13, 0x3e, 0xfd, 0x4f, 0x19, 0x3e, 0x01, 0x48, 0x22, 0x3e,
  0x00, 0xd0, 0x2c, 0x3e, 0xfd, 0xa7, 0x36, 0x3e, 0xff, 0x8f, 0x40, 0x3e,
  0xff, 0xdf, 0x4a, 0x3e, 0x01, 0xc8, 0x54, 0x3e, 0x03, 0x80, 0x5e, 0x3e,
  0xfe, 0x67, 0x68, 0x3e, 0x00, 0x50, 0x72, 0x3e, 0x03, 0xf8, 0x7d, 0x3e,
  0x00, 0xe0, 0x85, 0x3e, 0x00, 0xf8, 0x8c, 0x3e, 0x01, 0xfc, 0x92, 0x3e,
  0x01, 0x38, 0x99, 0x3e, 0x00, 0x80, 0xa1, 0x3e, 0xff, 0xb7, 0xa9, 0x3e,
  0xff, 0x53, 0xaf, 0x3e, 0x01, 0x7c, 0xb1, 0x3e, 0x02, 0x5c, 0xb2, 0x3e,
  0x00, 0xe8, 0xb3, 0x3e, 0x01, 0xc0, 0xb5, 0x3e, 0x00, 0xf0, 0xb6, 0x3e,
  0xff, 0xab, 0xb7, 0x3e, 0x00, 0x74, 0xb8, 0x3e, 0x00, 0x3c, 0xba, 0x3e,
  0x01, 0x90, 0xbe, 0x3e, 0x00, 0x9c, 0xc5, 0x3e, 0x01, 0xfc, 0xcb, 0x3e,
  0x01, 0xdc, 0xcc, 0x3e, 0xff, 0x6f, 0xc9, 0x3e, 0x01, 0x48, 0xc6, 0x3e,
  0x00, 0x14, 0xc4, 0x3e, 0x00, 0x10, 0xbd, 0x3e, 0x00, 0x28, 0xad, 0x3e,
  0x00, 0x80, 0x9a, 0x3e, 0xfe, 0x6b, 0x8b, 0x3e, 0xfd, 0xb7, 0x7f, 0x3e,
  0x00, 0xa0, 0x64, 0x3e, 0x00, 0x58, 0x45, 0x3e, 0x01, 0xd0, 0x2a, 0x3e,
  0x03, 0xa8, 0x1b, 0x3e, 0x00, 0x70, 0x14, 0x3e, 0xfd, 0x87, 0x0c, 0x3e,
  0x01, 0x00, 0x03, 0x3e, 0x02, 0xc0, 0xfc, 0x3d, 0x03, 0xa0, 0x00, 0x3e,
  0xfe, 0xaf, 0x04, 0x3e, 0xfd, 0xff, 0x03, 0x3e, 0x07, 0xa0, 0xfc, 0x3d,
  0xfb, 0x8f, 0xf1, 0x3d, 0xfe, 0x0f, 0xeb, 0x3d, 0xfc, 0x9f, 0xdd, 0x3d,
  0x00, 0x60, 0xbb, 0x3d, 0xff, 0x5f, 0x87, 0x3d, 0x01, 0x20, 0x2f, 0x3d,
  0x02, 0x40, 0xba, 0x3c, 0x01, 0x00, 0x06, 0xbb, 0xff, 0xbf, 0x0b, 0xbd,
  0x00, 0xc0, 0x88, 0xbd, 0x00, 0xc0, 0xb9, 0xbd, 0x04, 0xa0, 0xdb, 0xbd,
  0x00, 0x60, 0xfb, 0xbd, 0xfe, 0x57, 0x0f, 0xbe, 0x03, 0xc8, 0x1d, 0xbe,
  0x01, 0x20, 0x25, 0xbe, 0xfd, 0x4f, 0x29, 0xbe, 0x01, 0xe8, 0x2e, 0xbe,
  0x02, 0x88, 0x36, 0xbe, 0x03, 0x90, 0x3f, 0xbe, 0x01, 0x18, 0x4a, 0xbe,
  0x01, 0xe0, 0x53, 0xbe, 0xff, 0x47, 0x5c, 0xbe, 0xfd, 0xdf, 0x64, 0xbe,
  0x01, 0xf8, 0x6f, 0xbe, 0xfe, 0x2f, 0x7a, 0xbe, 0xfd, 0xb7, 0x7f, 0xbe,
  0xff, 0x8b, 0x80, 0xbe, 0x00, 0x6c, 0x81, 0xbe, 0x00, 0xa8, 0x82, 0xbe,
  0xff, 0xcb, 0x81, 0xbe, 0xff, 0x67, 0x7b, 0xbe, 0xfd, 0x7f, 0x71, 0xbe,
  0x00, 0xc8, 0x69, 0xbe, 0x03, 0xf0, 0x62, 0xbe, 0x02, 0x78, 0x58, 0xbe,
  0x00, 0x60, 0x4b, 0xbe, 0x03, 0xd0, 0x40, 0xbe, 0x03, 0x70, 0x3d, 0xbe,
  0xfd, 0xff, 0x3e, 0xbe, 0x03, 0xd0, 0x40, 0xbe, 0x01, 0xe0, 0x40, 0xbe,
  0x00, 0xf8, 0x41, 0xbe, 0xfd, 0xb7, 0x47, 0xbe, 0x03, 0x90, 0x4f, 0xbe,
  0xfd, 0xbf, 0x52, 0xbe, 0x00, 0xd0, 0x4c, 0xbe, 0xfd, 0x37, 0x42, 0xbe,
  0xfe, 0xef, 0x38, 0xbe, 0x01, 0x28, 0x30, 0xbe, 0xfe, 0x77, 0x21, 0xbe,
  0x03, 0xe8, 0x0c, 0xbe, 0xfb, 0x2f, 0xf1, 0xbd, 0xfa, 0x6f, 0xcf, 0xbd,
  0x00, 0x40, 0xb0, 0xbd, 0x00, 0xc0, 0x8a, 0xbd, 0xff, 0xff, 0x45, 0xbd,
  0x01, 0x80, 0x09, 0xbd, 0xff, 0x3f, 0xae, 0xbc, 0x01, 0x00, 0xe9, 0xbb,
  0x00, 0x00, 0xef, 0x3b, 0x02, 0x00, 0x93, 0x3c, 0xff, 0xbf, 0xbe, 0x3c,
  0x02, 0x40, 0xdc, 0x3c, 0x01, 0x40, 0x01, 0x3d, 0xff, 0x7f, 0x14, 0x3d,
  0x00, 0x60, 0x1d, 0x3d, 0xff, 0x1f, 0x1b, 0x3d, 0xff, 0x9f, 0x1b, 0x3d,
  0xff, 0x5f, 0x2f, 0x3d, 0xff, 0x7f, 0x55, 0x3d, 0x00, 0x30, 0x80, 0x3d,
  0x00, 0xa0, 0x93, 0x3d, 0x00, 0x10, 0xa8, 0x3d, 0x00, 0xb0, 0xc5, 0x3d,
  0xfb, 0x6f, 0xea, 0x3d, 0x02, 0xa0, 0x05, 0x3e, 0x02, 0x98, 0x0f, 0x3e,
  0xff, 0x1f, 0x17, 0x3e, 0x00, 0x88, 0x20, 0x3e, 0x03, 0x00, 0x29, 0x3e,
  0x00, 0xa0, 0x2c, 0x3e, 0xff, 0xbf, 0x2b, 0x3e, 0xfd, 0x8f, 0x2a, 0x3e,
  0x02, 0xa0, 0x2a, 0x3e, 0xfe, 0x2f, 0x2a, 0x3e, 0x02, 0x50, 0x28, 0x3e,
  0x03, 0x50, 0x26, 0x3e, 0x02, 0xf0, 0x24, 0x3e, 0xff, 0x97, 0x23, 0x3e,
  0xfd, 0x37, 0x22, 0x3e, 0x01, 0x08, 0x21, 0x3e, 0x02, 0x98, 0x1f, 0x3e,
  0x02, 0x78, 0x1d, 0x3e, 0x03, 0xa8, 0x1b, 0x3e, 0x03, 0x98, 0x1a, 0x3e,
  0x02, 0x20, 0x18, 0x3e, 0x01, 0xc0, 0x11, 0x3e, 0x00, 0x88, 0x08, 0x3e,
  0x01, 0x80, 0x00, 0x3e, 0x03, 0xb0, 0xf1, 0x3d, 0xfa, 0x1f, 0xda, 0x3d,
  0xff, 0x1f, 0xb7, 0x3d, 0x00, 0x80, 0x95, 0x3d, 0x01, 0xa0, 0x7c, 0x3d,
  0xff, 0xbf, 0x5f, 0x3d, 0x01, 0x40, 0x44, 0x3d, 0x01, 0xe0, 0x24, 0x3d,
  0xff, 0x3f, 0x0f, 0x3d, 0xff, 0x7f, 0x14, 0x3d, 0x01, 0x20, 0x2e, 0x3d,
  0xff, 0x7f, 0x43, 0x3d, 0x01, 0x20, 0x3d, 0x3d, 0xff, 0x5f, 0x20, 0x3d,
  0x00, 0x80, 0x02, 0x3d, 0xfe, 0x3f, 0xd3, 0x3c, 0x03, 0x80, 0x80, 0x3c,
  0x02, 0x00, 0x6a, 0xbb, 0x03, 0x00, 0xf1, 0xbc, 0x00, 0x00, 0x50, 0xbd,
  0xff, 0x8f, 0x85, 0xbd, 0x00, 0xd0, 0x9f, 0xbd, 0x00, 0x80, 0xbd, 0xbd,
  0xfb, 0x5f, 0xd9, 0xbd, 0x01, 0x90, 0xe9, 0xbd, 0x06, 0x10, 0xee, 0xbd,
  0xfe, 0xaf, 0xef, 0xbd, 0x06, 0x30, 0xf5, 0xbd, 0x01, 0x40, 0xff, 0xbd,
  0x02, 0xd0, 0x05, 0xbe, 0x00, 0x18, 0x0c, 0xbe, 0x00, 0x20, 0x12, 0xbe,
  0x02, 0xf0, 0x17, 0xbe, 0xfe, 0x27, 0x1f, 0xbe, 0x01, 0xa0, 0x27, 0xbe,
  0x02, 0x28, 0x2e, 0xbe, 0xfe, 0xa7, 0x31, 0xbe, 0x00, 0x18, 0x34, 0xbe,
  0x03, 0x08, 0x37, 0xbe, 0x01, 0x90, 0x39, 0xbe, 0xfd, 0xbf, 0x3a, 0xbe,
  0x00, 0x60, 0x3b, 0xbe, 0x00, 0x70, 0x3c, 0xbe, 0xff, 0xff, 0x3c, 0xbe,
  0xfe, 0x6f, 0x3b, 0xbe, 0xff, 0x8f, 0x38, 0xbe, 0xfe, 0x17, 0x36, 0xbe,
  0xfe, 0xc7, 0x33, 0xbe, 0x03, 0x48, 0x30, 0xbe, 0x02, 0x50, 0x2b, 0xbe,
  0xff, 0x6f, 0x26, 0xbe, 0x00, 0xd8, 0x22, 0xbe, 0x01, 0x08, 0x21, 0xbe,
  0xfd, 0xe7, 0x1f, 0xbe, 0xfd, 0x77, 0x1e, 0xbe, 0x03, 0xb8, 0x1c, 0xbe,
  0x00, 0xe8, 0x1b, 0xbe, 0xfd, 0x67, 0x1d, 0xbe, 0xff, 0x97, 0x1e, 0xbe,
  0x01, 0xb8, 0x1b, 0xbe, 0xff, 0x1f, 0x14, 0xbe, 0x01, 0x68, 0x0c, 0xbe,
  0xfd, 0xef, 0x05, 0xbe, 0xfb, 0x4f, 0xf8, 0xbd, 0xfe, 0x4f, 0xd4, 0xbd,
  0x00, 0x90, 0xa8, 0xbd, 0x01, 0xf0, 0x82, 0xbd, 0x01, 0x80, 0x4c, 0xbd,
  0x00, 0xc0, 0x15, 0xbd, 0xfd, 0xbf, 0xa7, 0xbc, 0x00, 0x00, 0xb9, 0xbb
};
unsigned int src_VOICE_4_bin_len = 19200;
