unsigned char src_VOICE_5_bin[] = {
  0x00, 0x00, 0x00, 0x3b, 0x01, 0x20, 0x50, 0x3d, 0x01, 0x98, 0x0c, 0x3e,
  0x01, 0x28, 0x84, 0x3e, 0xff, 0xcf, 0xbd, 0x3e, 0xff, 0xef, 0xe7, 0x3e,
  0x00, 0x88, 0x02, 0x3f, 0x00, 0x48, 0x11, 0x3f, 0x01, 0x62, 0x24, 0x3f,
  0x00, 0xf6, 0x39, 0x3f, 0x00, 0x26, 0x49, 0x3f, 0x00, 0x5c, 0x4a, 0x3f,
  0x00, 0xb0, 0x3f, 0x3f, 0x00, 0x1a, 0x30, 0x3f, 0x00, 0x46, 0x24, 0x3f,
  0x00, 0x30, 0x1b, 0x3f, 0x00, 0x7e, 0x0e, 0x3f, 0xff, 0x9f, 0xf5, 0x3e,
  0x01, 0x4c, 0xc2, 0x3e, 0x01, 0x24, 0x90, 0x3e, 0x01, 0x18, 0x52, 0x3e,
  0x01, 0xa0, 0x1f, 0x3e, 0x03, 0x00, 0xf1, 0x3d, 0xff, 0x3f, 0x9b, 0x3d,
  0x00, 0x80, 0x02, 0x3d, 0x00, 0x80, 0x04, 0xbc, 0xff, 0x5f, 0x21, 0xbd,
  0x00, 0x00, 0x72, 0xbd, 0x00, 0xa0, 0x94, 0xbd, 0x00, 0x00, 0xb1, 0xbd,
  0xfe, 0x0f, 0xdb, 0xbd, 0xff, 0x5f, 0x10, 0xbe, 0x00, 0x40, 0x41, 0xbe,
  0x01, 0x00, 0x7b, 0xbe, 0xff, 0x3b, 0x97, 0xbe, 0x00, 0x68, 0xae, 0xbe,
  0xfe, 0x87, 0xca, 0xbe, 0x00, 0xd0, 0xef, 0xbe, 0x00, 0x6a, 0x0f, 0xbf,
  0x01, 0xce, 0x27, 0xbf, 0x00, 0xba, 0x39, 0xbf, 0x00, 0x3a, 0x46, 0xbf,
  0xff, 0x47, 0x52, 0xbf, 0x00, 0x6a, 0x61, 0xbf, 0x00, 0xcc, 0x72, 0xbf,
  0x00, 0xd6, 0x7e, 0xbf, 0x00, 0xfe, 0x7f, 0xbf, 0x00, 0x86, 0x77, 0xbf,
  0xff, 0x3d, 0x6c, 0xbf, 0x01, 0xe4, 0x63, 0xbf, 0x00, 0xd8, 0x5c, 0xbf,
  0xff, 0xed, 0x4f, 0xbf, 0x01, 0x4c, 0x38, 0xbf, 0x00, 0x72, 0x1a, 0xbf,
  0x01, 0xe4, 0xfb, 0xbe, 0xff, 0x0b, 0xcf, 0xbe, 0xff, 0x9f, 0xad, 0xbe,
  0x01, 0xa0, 0x8b, 0xbe, 0x00, 0xf8, 0x44, 0xbe, 0x06, 0xe0, 0xd5, 0xbd,
  0x00, 0xe0, 0x19, 0xbd, 0xfe, 0xff, 0xa7, 0x3a, 0x02, 0x00, 0x94, 0x3c,
  0x01, 0x40, 0xdf, 0x3c, 0xff, 0x1f, 0x2a, 0x3d, 0x00, 0x40, 0x7a, 0x3d,
  0x01, 0x30, 0xa2, 0x3d, 0xff, 0x8f, 0xbd, 0x3d, 0xff, 0x5f, 0xd0, 0x3d,
  0xfc, 0xcf, 0xe0, 0x3d, 0x06, 0xf0, 0xfb, 0x3d, 0xfd, 0xb7, 0x17, 0x3e,
  0x00, 0x80, 0x42, 0x3e, 0x00, 0xf0, 0x76, 0x3e, 0xfe, 0x1b, 0x95, 0x3e,
  0xff, 0x6f, 0xa9, 0x3e, 0xff, 0x33, 0xb8, 0x3e, 0xff, 0xc3, 0xc7, 0x3e,
  0x01, 0xac, 0xdd, 0x3e, 0xff, 0x6f, 0xf5, 0x3e, 0xff, 0xa3, 0x02, 0x3f,
  0x00, 0x08, 0x03, 0x3f, 0x00, 0xfc, 0xf8, 0x3e, 0x00, 0x58, 0xe8, 0x3e,
  0x01, 0x3c, 0xdc, 0x3e, 0x01, 0x20, 0xd1, 0x3e, 0x00, 0x58, 0xbd, 0x3e,
  0x01, 0x78, 0x9a, 0x3e, 0x00, 0xf8, 0x54, 0x3e, 0x00, 0x30, 0xf8, 0x3d,
  0xff, 0xff, 0x66, 0x3d, 0x01, 0x00, 0xd4, 0x3b, 0x01, 0xc0, 0x30, 0xbd,
  0x04, 0x90, 0xda, 0xbd, 0xfd, 0xff, 0x33, 0xbe, 0xff, 0x6f, 0x69, 0xbe,
  0xfe, 0x6f, 0x7b, 0xbe, 0xff, 0x27, 0x72, 0xbe, 0xfe, 0x37, 0x60, 0xbe,
  0xfd, 0xd7, 0x56, 0xbe, 0x01, 0x68, 0x51, 0xbe, 0x01, 0x80, 0x40, 0xbe,
  0xff, 0x47, 0x1c, 0xbe, 0x04, 0x60, 0xd2, 0xbd, 0x01, 0x60, 0x58, 0xbd,
  0x00, 0x00, 0xa2, 0xbc, 0xff, 0xff, 0x03, 0xbb, 0x00, 0x80, 0x08, 0x3c,
  0x02, 0x80, 0xa6, 0x3c, 0xff, 0x3f, 0x0f, 0x3d, 0x00, 0x80, 0x3f, 0x3d,
  0xff, 0x7f, 0x47, 0x3d, 0x00, 0xe0, 0x1b, 0x3d, 0x01, 0x00, 0x9a, 0x3c,
  0x00, 0x00, 0x40, 0xba, 0xfd, 0x7f, 0x24, 0xbc, 0x01, 0x00, 0xd4, 0xbb,
  0x01, 0x00, 0xe0, 0x3b, 0x02, 0xc0, 0xad, 0x3c, 0x01, 0xc0, 0x00, 0x3d,
  0xff, 0xbf, 0x2d, 0x3d, 0x00, 0xd0, 0x88, 0x3d, 0x04, 0x50, 0xe1, 0x3d,
  0xff, 0x47, 0x2c, 0x3e, 0x03, 0xd0, 0x68, 0x3e, 0x01, 0x38, 0x89, 0x3e,
  0x01, 0xa4, 0x96, 0x3e, 0xff, 0xc3, 0xa3, 0x3e, 0xff, 0x9f, 0xb5, 0x3e,
  0x01, 0x90, 0xca, 0x3e, 0x00, 0x2c, 0xd8, 0x3e, 0x00, 0x6c, 0xd5, 0x3e,
  0xff, 0x8f, 0xc4, 0x3e, 0x00, 0xc0, 0xae, 0x3e, 0x00, 0x74, 0x9c, 0x3e,
  0xff, 0xb3, 0x8d, 0x3e, 0x02, 0xb8, 0x71, 0x3e, 0x01, 0x98, 0x2c, 0x3e,
  0x00, 0xb0, 0xab, 0x3d, 0xff, 0xff, 0xcf, 0x3a, 0x00, 0x40, 0x81, 0xbd,
  0xf9, 0xaf, 0xdd, 0xbd, 0x02, 0xe8, 0x19, 0xbe, 0xff, 0x1f, 0x4f, 0xbe,
  0xff, 0x67, 0x83, 0xbe, 0xfe, 0x5f, 0x99, 0xbe, 0x00, 0xfc, 0xa4, 0xbe,
  0x00, 0xe8, 0xa7, 0xbe, 0xff, 0xd7, 0xa7, 0xbe, 0x00, 0xf4, 0xa9, 0xbe,
  0xff, 0xe7, 0xad, 0xbe, 0x01, 0x98, 0xb0, 0xbe, 0x01, 0x98, 0xb0, 0xbe,
  0xff, 0x57, 0xae, 0xbe, 0x01, 0x3c, 0xac, 0xbe, 0xff, 0x4b, 0xac, 0xbe,
  0x01, 0x10, 0xb0, 0xbe, 0x00, 0xd0, 0xb7, 0xbe, 0xff, 0x6b, 0xc2, 0xbe,
  0xff, 0xe7, 0xcc, 0xbe, 0x01, 0x40, 0xd4, 0xbe, 0x00, 0x2c, 0xd8, 0xbe,
  0x01, 0x54, 0xdc, 0xbe, 0x01, 0x24, 0xe4, 0xbe, 0x00, 0xdc, 0xed, 0xbe,
  0x02, 0x5c, 0xf2, 0xbe, 0x01, 0x44, 0xeb, 0xbe, 0x00, 0xe0, 0xd9, 0xbe,
  0x00, 0xd0, 0xc4, 0xbe, 0x00, 0x94, 0xb2, 0xbe, 0x02, 0xe4, 0xa2, 0xbe,
  0x00, 0xfc, 0x8c, 0xbe, 0x02, 0x88, 0x56, 0xbe, 0x01, 0x90, 0xf9, 0xbd,
  0x00, 0x20, 0x22, 0xbd, 0x01, 0x40, 0xc3, 0x3c, 0x00, 0x20, 0x96, 0x3d,
  0x03, 0xb0, 0xf6, 0x3d, 0xfd, 0x77, 0x36, 0x3e, 0x01, 0xb0, 0x78, 0x3e,
  0x01, 0xac, 0x94, 0x3e, 0xff, 0x07, 0xa0, 0x3e, 0xfe, 0xd7, 0xa0, 0x3e,
  0x01, 0xe8, 0x9e, 0x3e, 0x00, 0x18, 0xa0, 0x3e, 0xff, 0x53, 0xa2, 0x3e,
  0x01, 0x10, 0xa0, 0x3e, 0x00, 0xac, 0x96, 0x3e, 0xff, 0x8b, 0x88, 0x3e,
  0xfe, 0xbf, 0x75, 0x3e, 0xff, 0xa7, 0x64, 0x3e, 0x00, 0x90, 0x5b, 0x3e,
  0x01, 0xa8, 0x55, 0x3e, 0xff, 0x1f, 0x4f, 0x3e, 0xfd, 0xb7, 0x47, 0x3e,
  0x02, 0x30, 0x41, 0x3e, 0x01, 0x90, 0x3e, 0x3e, 0xfd, 0x4f, 0x41, 0x3e,
  0x03, 0x28, 0x49, 0x3e, 0xff, 0x57, 0x52, 0x3e, 0xfe, 0xd7, 0x54, 0x3e,
  0x01, 0x10, 0x4c, 0x3e, 0x02, 0xd8, 0x38, 0x3e, 0xff, 0xbf, 0x23, 0x3e,
  0x02, 0x70, 0x12, 0x3e, 0x01, 0x08, 0x01, 0x3e, 0x01, 0x40, 0xcc, 0x3d,
  0x01, 0x80, 0x6a, 0x3d, 0x02, 0x00, 0x10, 0x3b, 0xff, 0x9f, 0x5a, 0xbd,
  0x00, 0xf0, 0xbf, 0xbd, 0x04, 0x10, 0xfd, 0xbd, 0x03, 0xb0, 0x1e, 0xbe,
  0xff, 0x97, 0x46, 0xbe, 0x02, 0xc8, 0x72, 0xbe, 0xff, 0x9f, 0x89, 0xbe,
  0xff, 0x8b, 0x8d, 0xbe, 0xff, 0xc3, 0x87, 0xbe, 0x02, 0x78, 0x7d, 0xbe,
  0xfd, 0x37, 0x72, 0xbe, 0xfd, 0x7f, 0x69, 0xbe, 0xff, 0xc7, 0x56, 0xbe,
  0x03, 0x00, 0x31, 0xbe, 0xfb, 0x0f, 0xff, 0xbd, 0x00, 0x30, 0xa0, 0xbd,
  0x00, 0x00, 0x31, 0xbd, 0x02, 0x80, 0xa5, 0xbc, 0x00, 0x00, 0x60, 0x3a,
  0xfe, 0xbf, 0xe5, 0x3c, 0x01, 0x80, 0x68, 0x3d, 0x00, 0xd0, 0xa0, 0x3d,
  0x01, 0x80, 0xb4, 0x3d, 0x00, 0x00, 0xb1, 0x3d, 0xff, 0x8f, 0xa5, 0x3d,
  0x00, 0x80, 0x9e, 0x3d, 0x00, 0xe0, 0x9d, 0x3d, 0x00, 0xe0, 0x9d, 0x3d,
  0x00, 0x20, 0x99, 0x3d, 0x00, 0x70, 0x8e, 0x3d, 0x00, 0x30, 0x83, 0x3d,
  0x01, 0x80, 0x7c, 0x3d, 0x00, 0x70, 0x86, 0x3d, 0x00, 0xa0, 0x9c, 0x3d,
  0x00, 0x50, 0xbc, 0x3d, 0x02, 0x50, 0xdb, 0x3d, 0x05, 0x80, 0xef, 0x3d,
  0x05, 0x50, 0xfc, 0x3d, 0xfd, 0xef, 0x05, 0x3e, 0xfd, 0x9f, 0x13, 0x3e,
  0xfe, 0x6f, 0x23, 0x3e, 0xff, 0x97, 0x2b, 0x3e, 0xfd, 0x9f, 0x23, 0x3e,
  0x02, 0x78, 0x0d, 0x3e, 0x02, 0x90, 0xe4, 0x3d, 0x00, 0xe0, 0xb5, 0x3d,
  0x00, 0x30, 0x8e, 0x3d, 0x00, 0xe0, 0x2a, 0x3d, 0x02, 0x00, 0x74, 0xbb,
  0x00, 0xc0, 0x77, 0xbd, 0x05, 0x60, 0xed, 0xbd, 0xfd, 0xaf, 0x21, 0xbe,
  0x03, 0x10, 0x42, 0xbe, 0x01, 0x28, 0x60, 0xbe, 0x00, 0xd8, 0x82, 0xbe,
  0x00, 0x30, 0x98, 0xbe, 0x00, 0x78, 0xa7, 0xbe, 0x01, 0x50, 0xad, 0xbe,
  0xff, 0x53, 0xab, 0xbe, 0x01, 0x70, 0xa7, 0xbe, 0x00, 0xf8, 0xa5, 0xbe,
  0xfe, 0x1b, 0xa5, 0xbe, 0x00, 0x70, 0xa0, 0xbe, 0xff, 0xfb, 0x95, 0xbe,
  0xff, 0xc3, 0x87, 0xbe, 0x03, 0xd8, 0x73, 0xbe, 0x00, 0x58, 0x60, 0xbe,
  0x03, 0x88, 0x51, 0xbe, 0x02, 0x70, 0x42, 0xbe, 0x02, 0x60, 0x31, 0xbe,
  0x03, 0xc0, 0x1f, 0xbe, 0xfd, 0x6f, 0x10, 0xbe, 0x00, 0xe0, 0x05, 0xbe,
  0x05, 0x70, 0xfe, 0xbd, 0x00, 0xb0, 0xf5, 0xbd, 0x00, 0xe0, 0xed, 0xbd,
  0xfa, 0xcf, 0xdf, 0xbd, 0x01, 0x50, 0xc6, 0xbd, 0xff, 0x2f, 0xa1, 0xbd,
  0x00, 0x40, 0x75, 0xbd, 0x00, 0x80, 0x31, 0xbd, 0x00, 0xc0, 0xd6, 0xbc,
  0x02, 0x00, 0x28, 0xbb, 0xff, 0xff, 0x06, 0x3d, 0x00, 0x30, 0xa3, 0x3d,
  0xfb, 0xef, 0xfc, 0x3d, 0xfd, 0x4f, 0x21, 0x3e, 0xfe, 0x8f, 0x3d, 0x3e,
  0x02, 0x70, 0x5a, 0x3e, 0xfe, 0x27, 0x7f, 0x3e, 0x00, 0xa8, 0x93, 0x3e,
  0x01, 0xbc, 0xa2, 0x3e, 0x00, 0x78, 0xa7, 0x3e, 0x01, 0x6c, 0xa4, 0x3e,
  0x00, 0x48, 0x9f, 0x3e, 0x01, 0xf4, 0x9c, 0x3e, 0x01, 0x00, 0x9b, 0x3e,
  0xff, 0xdb, 0x93, 0x3e, 0xff, 0x2f, 0x85, 0x3e, 0xfe, 0xe7, 0x62, 0x3e,
  0x00, 0x70, 0x3c, 0x3e, 0x02, 0x30, 0x21, 0x3e, 0xfe, 0xd7, 0x0c, 0x3e,
  0x03, 0xa0, 0xf0, 0x3d, 0x00, 0xd0, 0xbb, 0x3d, 0x00, 0xf0, 0x85, 0x3d,
  0x00, 0x40, 0x38, 0x3d, 0x00, 0xc0, 0x09, 0x3d, 0xfe, 0x7f, 0xf9, 0x3c,
  0xff, 0x7f, 0xf6, 0x3c, 0xff, 0xff, 0xe7, 0x3c, 0xfe, 0xbf, 0xc5, 0x3c,
  0x01, 0x00, 0x99, 0x3c, 0x02, 0x80, 0x63, 0x3c, 0x01, 0x80, 0x2b, 0x3c,
  0x00, 0x80, 0x03, 0x3c, 0x00, 0x00, 0x64, 0x3b, 0xff, 0xff, 0xf2, 0xbb,
  0x02, 0xc0, 0xce, 0xbc, 0xff, 0xff, 0x43, 0xbd, 0x00, 0xd0, 0x8f, 0xbd,
  0x00, 0x00, 0xb2, 0xbd, 0x03, 0x80, 0xce, 0xbd, 0xfd, 0x7f, 0xf1, 0xbd,
  0x02, 0x98, 0x0f, 0xbe, 0xfe, 0x37, 0x28, 0xbe, 0x01, 0x38, 0x39, 0xbe,
  0x02, 0xc0, 0x3c, 0xbe, 0x02, 0x48, 0x35, 0xbe, 0xfd, 0x47, 0x2b, 0xbe,
  0x01, 0x20, 0x25, 0xbe, 0xff, 0x4f, 0x1f, 0xbe, 0x03, 0x00, 0x11, 0xbe,
  0xfd, 0x9f, 0xe8, 0xbd, 0x00, 0xb0, 0x9e, 0xbd, 0x01, 0x40, 0x30, 0xbd,
  0x01, 0x80, 0x88, 0xbc, 0x00, 0x00, 0x1c, 0x3b, 0xfe, 0x3f, 0xb6, 0x3c,
  0x01, 0x40, 0x43, 0x3d, 0x00, 0xe0, 0x9b, 0x3d, 0xff, 0x0f, 0xc5, 0x3d,
  0x02, 0xa0, 0xd5, 0x3d, 0xfc, 0x3f, 0xd2, 0x3d, 0x00, 0x00, 0xca, 0x3d,
  0x00, 0xb0, 0xc7, 0x3d, 0x00, 0xf0, 0xc6, 0x3d, 0xff, 0x8f, 0xbd, 0x3d,
  0x01, 0x10, 0xa6, 0x3d, 0x00, 0x70, 0x83, 0x3d, 0xff, 0xff, 0x47, 0x3d,
  0x01, 0x20, 0x1c, 0x3d, 0x00, 0x80, 0x00, 0x3d, 0xfe, 0x3f, 0xd3, 0x3c,
  0x00, 0x00, 0xa0, 0x3c, 0x01, 0x80, 0x4c, 0x3c, 0x01, 0x00, 0xd6, 0x3b,
  0x01, 0x00, 0x88, 0x3b, 0xff, 0xff, 0xb7, 0x3b, 0x00, 0x80, 0x22, 0x3c,
  0xfe, 0xff, 0x68, 0x3c, 0xfb, 0xff, 0x7a, 0x3c, 0xfe, 0x7f, 0x3d, 0x3c,
  0x01, 0x00, 0x96, 0x3b, 0x01, 0x00, 0x2c, 0xbb, 0x00, 0x80, 0x05, 0xbc,
  0xfd, 0xff, 0x6e, 0xbc, 0xff, 0xbf, 0xdd, 0xbc, 0xff, 0xff, 0x47, 0xbd,
  0x00, 0xb0, 0xa0, 0xbd, 0x06, 0x70, 0xd9, 0xbd, 0xff, 0xcf, 0x01, 0xbe,
  0xff, 0xcf, 0x11, 0xbe, 0x00, 0x20, 0x22, 0xbe, 0x03, 0x18, 0x38, 0xbe,
  0xff, 0x47, 0x51, 0xbe, 0xfe, 0xa7, 0x61, 0xbe, 0x00, 0xe8, 0x63, 0xbe,
  0x02, 0x70, 0x5a, 0xbe, 0x01, 0x20, 0x4d, 0xbe, 0x00, 0xe8, 0x43, 0xbe,
  0x03, 0x30, 0x3c, 0xbe, 0x02, 0xa0, 0x2d, 0xbe, 0x02, 0xf0, 0x14, 0xbe,
  0xfe, 0xff, 0xe9, 0xbd, 0x01, 0xf0, 0xaa, 0xbd, 0x01, 0x00, 0x79, 0xbd,
  0xff, 0xbf, 0x2f, 0xbd, 0x01, 0x40, 0xc3, 0xbc, 0x01, 0x00, 0xf8, 0xba,
  0xfe, 0xff, 0xab, 0x3c, 0x00, 0xa0, 0x21, 0x3d, 0x00, 0xa0, 0x54, 0x3d,
  0x01, 0xc0, 0x72, 0x3d, 0x01, 0x90, 0x86, 0x3d, 0x00, 0x00, 0x97, 0x3d,
  0x00, 0x30, 0xa7, 0x3d, 0x00, 0x40, 0xb5, 0x3d, 0x00, 0x90, 0xc0, 0x3d,
  0x00, 0x10, 0xc9, 0x3d, 0x02, 0x60, 0xd1, 0x3d, 0xfc, 0x8f, 0xdc, 0x3d,
  0x03, 0x80, 0xee, 0x3d, 0xfd, 0x0f, 0x05, 0x3e, 0x01, 0x60, 0x16, 0x3e,
  0x01, 0x28, 0x28, 0x3e, 0xfe, 0x37, 0x35, 0x3e, 0x02, 0x10, 0x3f, 0x3e,
  0xfd, 0x8f, 0x4a, 0x3e, 0x02, 0x40, 0x5a, 0x3e, 0x01, 0xe0, 0x6b, 0x3e,
  0xff, 0x7f, 0x77, 0x3e, 0x01, 0x30, 0x76, 0x3e, 0x03, 0x10, 0x6a, 0x3e,
  0x03, 0x10, 0x5a, 0x3e, 0x01, 0x60, 0x4e, 0x3e, 0x02, 0x08, 0x44, 0x3e,
  0xfe, 0x0f, 0x33, 0x3e, 0x03, 0x40, 0x15, 0x3e, 0x04, 0x30, 0xdf, 0x3d,
  0x00, 0x60, 0x96, 0x3d, 0x01, 0x80, 0x3b, 0x3d, 0x00, 0xc0, 0xd8, 0x3c,
  0x00, 0x80, 0x04, 0x3c, 0xfc, 0xff, 0x76, 0xbc, 0xff, 0x5f, 0x21, 0xbd,
  0xff, 0x3f, 0x6e, 0xbd, 0x00, 0x90, 0x89, 0xbd, 0x00, 0x50, 0x8a, 0xbd,
  0x00, 0x30, 0x86, 0xbd, 0x01, 0x10, 0x86, 0xbd, 0xff, 0x2f, 0x89, 0xbd,
  0x00, 0xd0, 0x88, 0xbd, 0x00, 0xc0, 0x80, 0xbd, 0x00, 0x20, 0x64, 0xbd,
  0x01, 0x00, 0x49, 0xbd, 0x01, 0x80, 0x3a, 0xbd, 0x00, 0xc0, 0x3a, 0xbd,
  0xff, 0x7f, 0x45, 0xbd, 0x00, 0x20, 0x54, 0xbd, 0x01, 0xa0, 0x60, 0xbd,
  0x00, 0x40, 0x6a, 0xbd, 0xff, 0xff, 0x73, 0xbd, 0x01, 0xb0, 0x82, 0xbd,
  0x00, 0xc0, 0x90, 0xbd, 0x00, 0x50, 0x9f, 0xbd, 0x00, 0xd0, 0xa7, 0xbd,
  0x00, 0x70, 0xa5, 0xbd, 0x00, 0x40, 0x9a, 0xbd, 0x00, 0x30, 0x8d, 0xbd,
  0x00, 0x90, 0x83, 0xbd, 0xff, 0xff, 0x73, 0xbd, 0x01, 0x20, 0x4d, 0xbd,
  0x01, 0x80, 0x08, 0xbd, 0xfc, 0x7f, 0x28, 0xbc, 0x05, 0x80, 0x34, 0x3c,
  0xff, 0xbf, 0xdc, 0x3c, 0x00, 0x20, 0x21, 0x3d, 0x01, 0x60, 0x55, 0x3d,
  0x00, 0x30, 0x8d, 0x3d, 0x00, 0x60, 0xb4, 0x3d, 0xfa, 0x5f, 0xce, 0x3d,
  0xf9, 0x5f, 0xd3, 0x3d, 0x01, 0x50, 0xc6, 0x3d, 0x00, 0x60, 0xb4, 0x3d,
  0x00, 0xd0, 0xa7, 0x3d, 0x00, 0xc0, 0x9d, 0x3d, 0x00, 0x10, 0x8a, 0x3d,
  0x01, 0x20, 0x4e, 0x3d, 0xff, 0xbf, 0xde, 0x3c, 0xff, 0xff, 0x83, 0x3b,
  0xfc, 0x7f, 0x45, 0xbc, 0x00, 0xc0, 0xb6, 0xbc, 0x01, 0x00, 0xfb, 0xbc,
  0x01, 0x60, 0x24, 0xbd, 0x00, 0x20, 0x51, 0xbd, 0x01, 0xc0, 0x74, 0xbd,
  0x00, 0x40, 0x80, 0xbd, 0x00, 0xc0, 0x76, 0xbd, 0x00, 0xa0, 0x61, 0xbd,
  0x00, 0xe0, 0x4e, 0xbd, 0xff, 0x7f, 0x47, 0xbd, 0xff, 0x1f, 0x4b, 0xbd,
  0x00, 0x20, 0x55, 0xbd, 0xff, 0x5f, 0x5f, 0xbd, 0x01, 0x60, 0x66, 0xbd,
  0x00, 0x00, 0x6f, 0xbd, 0x00, 0x60, 0x81, 0xbd, 0x01, 0x80, 0x94, 0xbd,
  0x00, 0x40, 0xb0, 0xbd, 0x00, 0xa0, 0xca, 0xbd, 0xfc, 0x8f, 0xdc, 0xbd,
  0x02, 0xf0, 0xe4, 0xbd, 0xfa, 0x1f, 0xea, 0xbd, 0xfa, 0xff, 0xf2, 0xbd,
  0xfa, 0xcf, 0xff, 0xbd, 0x03, 0xf0, 0x02, 0xbe, 0x02, 0x50, 0xfb, 0xbd,
  0xfc, 0xcf, 0xe0, 0xbd, 0x01, 0xd0, 0xbe, 0xbd, 0x00, 0xd0, 0xa2, 0xbd,
  0x00, 0xd0, 0x8a, 0xbd, 0x01, 0xe0, 0x56, 0xbd, 0xfe, 0x7f, 0xfc, 0xbc,
  0x02, 0x00, 0x74, 0xbb, 0x00, 0xc0, 0xb9, 0x3c, 0xff, 0x7f, 0x34, 0x3d,
  0xff, 0xff, 0x74, 0x3d, 0x00, 0x80, 0x99, 0x3d, 0x00, 0x90, 0xbf, 0x3d,
  0x00, 0xc0, 0xe6, 0x3d, 0x03, 0x20, 0x03, 0x3e, 0x01, 0x98, 0x0c, 0x3e,
  0x01, 0x80, 0x10, 0x3e, 0x01, 0x00, 0x13, 0x3e, 0x00, 0xf0, 0x16, 0x3e,
  0xff, 0x67, 0x1b, 0x3e, 0x02, 0xe0, 0x1e, 0x3e, 0xff, 0x8f, 0x20, 0x3e,
  0x00, 0x10, 0x21, 0x3e, 0x01, 0xf0, 0x21, 0x3e, 0xfd, 0x9f, 0x23, 0x3e,
  0x01, 0xb8, 0x26, 0x3e, 0x01, 0x58, 0x2b, 0x3e, 0xff, 0x6f, 0x31, 0x3e,
  0xff, 0x07, 0x38, 0x3e, 0xfe, 0x7f, 0x3c, 0x3e, 0x02, 0x00, 0x3e, 0x3e,
  0xfd, 0xef, 0x3d, 0x3e, 0x03, 0x80, 0x3e, 0x3e, 0x02, 0x50, 0x40, 0x3e,
  0x03, 0xa0, 0x40, 0x3e, 0x01, 0x40, 0x3c, 0x3e, 0x00, 0x30, 0x33, 0x3e,
  0xff, 0x07, 0x28, 0x3e, 0xfe, 0x17, 0x1e, 0x3e, 0x00, 0xe0, 0x15, 0x3e,
  0x03, 0x78, 0x0b, 0x3e, 0xfc, 0x8f, 0xf7, 0x3d, 0x03, 0x00, 0xd1, 0x3d,
  0x00, 0xb0, 0xab, 0x3d, 0x00, 0xb0, 0x8d, 0x3d, 0x00, 0x80, 0x6e, 0x3d,
  0x00, 0x80, 0x40, 0x3d, 0xff, 0xff, 0x06, 0x3d, 0x00, 0x80, 0x8d, 0x3c,
  0x00, 0x00, 0xc2, 0x3b, 0xfe, 0xff, 0xa7, 0x3a, 0x00, 0x00, 0x1c, 0x3b,
  0xff, 0xff, 0x9f, 0x3b, 0x00, 0x00, 0xc0, 0x3b, 0xff, 0xff, 0xc5, 0x3b,
  0x00, 0x80, 0x0b, 0x3c, 0x01, 0x00, 0x7c, 0x3c, 0x01, 0xc0, 0xd4, 0x3c,
  0x00, 0xa0, 0x13, 0x3d, 0x00, 0x80, 0x2d, 0x3d, 0xff, 0x7f, 0x35, 0x3d,
  0x01, 0x40, 0x31, 0x3d, 0xff, 0x1f, 0x2b, 0x3d, 0x01, 0xe0, 0x28, 0x3d,
  0x00, 0xa0, 0x26, 0x3d, 0x00, 0xe0, 0x1b, 0x3d, 0xff, 0xff, 0x02, 0x3d,
  0x00, 0xc0, 0xb8, 0x3c, 0x04, 0x80, 0x59, 0x3c, 0x00, 0x00, 0xf7, 0x3b,
  0x01, 0x00, 0xe0, 0x3b, 0x00, 0x80, 0x2f, 0x3c, 0xff, 0xff, 0x82, 0x3c,
  0xff, 0xff, 0xa4, 0x3c, 0xff, 0xbf, 0xbf, 0x3c, 0x00, 0x40, 0xe5, 0x3c,
  0xff, 0x1f, 0x17, 0x3d, 0x00, 0xa0, 0x51, 0x3d, 0x00, 0x30, 0x87, 0x3d,
  0x00, 0x40, 0x99, 0x3d, 0x00, 0x20, 0x92, 0x3d, 0xff, 0xdf, 0x62, 0x3d,
  0x00, 0xc0, 0x07, 0x3d, 0xfe, 0x7f, 0x5a, 0x3c, 0x00, 0x00, 0x60, 0xba,
  0xfc, 0xff, 0x74, 0xbc, 0xff, 0x5f, 0x20, 0xbd, 0x00, 0x90, 0xa1, 0xbd,
  0x00, 0xd0, 0xf7, 0xbd, 0xfe, 0x4f, 0x14, 0xbe, 0x03, 0xa8, 0x0b, 0xbe,
  0x00, 0x00, 0xd0, 0xbd, 0x01, 0xc0, 0x73, 0xbd, 0x01, 0xc0, 0xd3, 0xbc,
  0x05, 0xd0, 0xee, 0x3d, 0xff, 0x3f, 0x92, 0x3e, 0x00, 0xec, 0xd7, 0x3e,
  0x01, 0xe0, 0x0e, 0x3f, 0x00, 0xca, 0x38, 0x3f, 0xff, 0x25, 0x52, 0x3f,
  0x01, 0x74, 0x6b, 0x3f, 0x00, 0xfe, 0x7f, 0x3f, 0x01, 0xd4, 0x7a, 0x3f,
  0x00, 0x80, 0x77, 0x3f, 0xff, 0xaf, 0x64, 0x3f, 0x00, 0xbe, 0x39, 0x3f,
  0x01, 0x90, 0x16, 0x3f, 0x01, 0x74, 0xbe, 0x3e, 0x01, 0x50, 0xe5, 0x3d,
  0x00, 0x50, 0xb2, 0xbd, 0xff, 0x33, 0xb4, 0xbe, 0x01, 0xac, 0x13, 0xbf,
  0xff, 0xed, 0x39, 0xbf, 0x01, 0xe4, 0x65, 0xbf, 0x00, 0x44, 0x78, 0xbf,
  0xff, 0xcb, 0x77, 0xbf, 0x01, 0xe4, 0x79, 0xbf, 0x00, 0x58, 0x62, 0xbf,
  0x00, 0x0a, 0x44, 0xbf, 0xff, 0xd7, 0x29, 0xbf, 0x00, 0xa4, 0xfb, 0xbe,
  0x01, 0x0c, 0xb1, 0xbe, 0x03, 0xd0, 0x68, 0xbe, 0x00, 0xd0, 0xa7, 0xbd,
  0x00, 0x80, 0x1f, 0xbc, 0xff, 0x3f, 0xf0, 0x3c, 0x00, 0x90, 0x89, 0x3d,
  0x01, 0x40, 0xff, 0x3c, 0x00, 0x40, 0xaa, 0xbc, 0x00, 0x90, 0x88, 0xbd,
  0x03, 0xd8, 0x23, 0xbe, 0x01, 0xc0, 0x71, 0xbe, 0x00, 0x58, 0x99, 0xbe,
  0xff, 0x8b, 0xc5, 0xbe, 0x01, 0x5c, 0xd3, 0xbe, 0x00, 0xec, 0xd6, 0xbe,
  0x01, 0xfc, 0xd7, 0xbe, 0x00, 0x50, 0xa6, 0xbe, 0x02, 0x80, 0x53, 0xbe,
  0x00, 0xb0, 0xaf, 0xbd, 0x04, 0x70, 0xf8, 0x3d, 0x01, 0x78, 0x9a, 0x3e,
  0x00, 0x8c, 0xe7, 0x3e, 0xff, 0xdb, 0x22, 0x3f, 0xff, 0xe1, 0x3d, 0x3f,
  0x01, 0xea, 0x50, 0x3f, 0x00, 0xe4, 0x62, 0x3f, 0x01, 0xfc, 0x5d, 0x3f,
  0x01, 0x4c, 0x58, 0x3f, 0x01, 0x9a, 0x4a, 0x3f, 0x00, 0x14, 0x2a, 0x3f,
  0xff, 0xd7, 0x0d, 0x3f, 0xfe, 0x1b, 0xd1, 0x3e, 0x02, 0xc0, 0x6c, 0x3e,
  0x00, 0xf0, 0xc4, 0x3d, 0x00, 0x50, 0x82, 0xbd, 0x03, 0xe0, 0x51, 0xbe,
  0x00, 0xe8, 0x93, 0xbe, 0x01, 0xdc, 0xc4, 0xbe, 0xff, 0x63, 0xd8, 0xbe,
  0x00, 0x84, 0xcd, 0xbe, 0xfe, 0x7b, 0xc8, 0xbe, 0x01, 0x40, 0xa4, 0xbe,
  0xff, 0xcf, 0x61, 0xbe, 0xfe, 0xd7, 0x21, 0xbe, 0x00, 0x10, 0x9b, 0xbd,
  0x00, 0x00, 0xd3, 0xbb, 0x00, 0x00, 0x76, 0x3b, 0x04, 0x80, 0x76, 0x3c,
  0xfe, 0xff, 0xf3, 0x3a, 0x01, 0xe0, 0x65, 0xbd, 0xfe, 0xaf, 0xcf, 0xbd,
  0x02, 0xe8, 0x29, 0xbe, 0x01, 0x10, 0x7c, 0xbe, 0x01, 0x90, 0x9e, 0xbe,
  0x01, 0x04, 0xca, 0xbe, 0xff, 0x03, 0xf0, 0xbe, 0x00, 0xe8, 0x03, 0xbf,
  0x00, 0xbc, 0x13, 0xbf, 0xff, 0x97, 0x16, 0xbf, 0x01, 0xf0, 0x0d, 0xbf,
  0xff, 0x43, 0x07, 0xbf, 0x01, 0x7c, 0xdd, 0xbe, 0xff, 0xb7, 0x9d, 0xbe,
  0x02, 0x50, 0x50, 0xbe, 0xff, 0x5f, 0x40, 0xbd, 0x00, 0xf0, 0xbb, 0x3d,
  0xff, 0x9f, 0x59, 0x3e, 0xff, 0xe3, 0xb5, 0x3e, 0x00, 0x3c, 0xe1, 0x3e,
  0x00, 0xec, 0xff, 0x3e, 0x01, 0xd4, 0x0e, 0x3f, 0x00, 0x78, 0x0b, 0x3f,
  0x00, 0x88, 0x04, 0x3f, 0xfe, 0x7b, 0xf8, 0x3e, 0x01, 0x9c, 0xcf, 0x3e,
  0x01, 0x24, 0xac, 0x3e, 0x00, 0x80, 0x85, 0x3e, 0x00, 0xc8, 0x29, 0x3e,
  0x00, 0x50, 0xcb, 0x3d, 0xff, 0x3f, 0x8e, 0x3c, 0x01, 0x20, 0x5f, 0xbd,
  0x00, 0xf0, 0x9c, 0xbd, 0xfe, 0xaf, 0xcf, 0xbd, 0x00, 0x50, 0xca, 0xbd,
  0x00, 0x20, 0x31, 0xbd, 0xff, 0xff, 0xbb, 0x3a, 0x00, 0x20, 0x64, 0x3d,
  0x01, 0x68, 0x09, 0x3e, 0x03, 0xd0, 0x30, 0x3e, 0x00, 0x60, 0x4b, 0x3e,
  0x01, 0x20, 0x65, 0x3e, 0xff, 0x8f, 0x48, 0x3e, 0x00, 0x48, 0x1f, 0x3e,
  0xfe, 0xcf, 0xe6, 0x3d, 0xff, 0xbf, 0xfc, 0x3c, 0xff, 0xdf, 0x32, 0xbd,
  0xfb, 0x8f, 0xf1, 0xbd, 0xfe, 0xcf, 0x56, 0xbe, 0x00, 0xa8, 0x8e, 0xbe,
  0x00, 0xc4, 0xb5, 0xbe, 0x00, 0x3c, 0xda, 0xbe, 0x00, 0xf4, 0xe9, 0xbe,
  0xff, 0x2b, 0xfd, 0xbe, 0x01, 0x74, 0xfe, 0xbe, 0xff, 0x53, 0xe6, 0xbe,
  0x00, 0x64, 0xd2, 0xbe, 0xff, 0xef, 0xa7, 0xbe, 0x02, 0xf0, 0x5c, 0xbe,
  0x01, 0xc8, 0x04, 0xbe, 0x02, 0xc0, 0xa9, 0xbc, 0x00, 0x90, 0xa3, 0x3d,
  0xfe, 0x87, 0x0f, 0x3e, 0xfd, 0x9f, 0x53, 0x3e, 0xff, 0x9f, 0x79, 0x3e,
  0x01, 0x90, 0x7e, 0x3e, 0x00, 0x70, 0x84, 0x3e, 0x00, 0x50, 0x72, 0x3e,
  0xff, 0x6f, 0x4e, 0x3e, 0x03, 0x50, 0x2e, 0x3e, 0xfd, 0x8f, 0xe2, 0x3d,
  0x01, 0x20, 0x6d, 0x3d, 0x00, 0x40, 0x87, 0x3c, 0x00, 0x20, 0x15, 0xbd,
  0x00, 0xd0, 0x82, 0xbd, 0x00, 0x70, 0x9d, 0xbd, 0x00, 0xd0, 0xba, 0xbd,
  0x00, 0x90, 0x91, 0xbd, 0x00, 0xe0, 0x2e, 0xbd, 0xff, 0xff, 0xf0, 0xbb,
  0x00, 0xb0, 0x96, 0x3d, 0x03, 0xe8, 0x14, 0x3e, 0x00, 0x00, 0x58, 0x3e,
  0xff, 0x0f, 0x9a, 0x3e, 0x01, 0xfc, 0xae, 0x3e, 0x01, 0xbc, 0xae, 0x3e,
  0x02, 0xbc, 0xb1, 0x3e, 0x00, 0x88, 0x9c, 0x3e, 0x02, 0xe0, 0x76, 0x3e,
  0x03, 0x20, 0x43, 0x3e, 0x06, 0xf0, 0xeb, 0x3d, 0x00, 0x20, 0x31, 0x3d,
  0xff, 0xbf, 0xe0, 0xbc, 0x06, 0x90, 0xf0, 0xbd, 0x03, 0xa0, 0x38, 0xbe,
  0x02, 0x60, 0x79, 0xbe, 0x01, 0xb8, 0x9b, 0xbe, 0x00, 0xc0, 0xa6, 0xbe,
  0x00, 0xc4, 0xb1, 0xbe, 0xff, 0x1b, 0xb4, 0xbe, 0xfe, 0x87, 0xa6, 0xbe,
  0x00, 0xa8, 0x9b, 0xbe, 0xfe, 0x4f, 0x7c, 0xbe, 0x00, 0x68, 0x26, 0xbe,
  0x00, 0x90, 0xcc, 0xbd, 0x01, 0x40, 0x81, 0xbc, 0x00, 0x10, 0x83, 0x3d,
  0x00, 0xd0, 0xb7, 0x3d, 0xf9, 0x0f, 0xe9, 0x3d, 0xfc, 0x6f, 0xf5, 0x3d,
  0x00, 0xd0, 0xa7, 0x3d, 0x00, 0xe0, 0x4b, 0x3d, 0xff, 0x3f, 0x8d, 0x3c,
  0x01, 0xc0, 0xf1, 0xbc, 0x00, 0xa0, 0x76, 0xbd, 0x00, 0x70, 0xb6, 0xbd,
  0xff, 0x6f, 0xf1, 0xbd, 0x00, 0x08, 0x06, 0xbe, 0xfe, 0x57, 0x17, 0xbe,
  0x00, 0xe8, 0x1b, 0xbe, 0x00, 0xb8, 0x10, 0xbe, 0x03, 0x48, 0x08, 0xbe,
  0x00, 0xf0, 0xce, 0xbd, 0xff, 0x5f, 0x70, 0xbd, 0x04, 0x80, 0x78, 0xbc,
  0xff, 0x9f, 0x7a, 0x3d, 0x00, 0xa8, 0x07, 0x3e, 0x01, 0x50, 0x45, 0x3e,
  0x01, 0x58, 0x8b, 0x3e, 0x00, 0x10, 0xa1, 0x3e, 0x01, 0x50, 0xa5, 0x3e,
  0xff, 0xbb, 0xac, 0x3e, 0x00, 0xf8, 0x9d, 0x3e, 0x00, 0xd0, 0x84, 0x3e,
  0xff, 0x0f, 0x5e, 0x3e, 0xfe, 0x37, 0x15, 0x3e, 0xff, 0x2f, 0xa1, 0x3d,
  0xff, 0xbf, 0xa0, 0x3c, 0xff, 0x5f, 0x60, 0xbd, 0x05, 0x10, 0xd3, 0xbd,
  0x03, 0x88, 0x09, 0xbe, 0x02, 0x50, 0x2b, 0xbe, 0xff, 0x6f, 0x31, 0xbe,
  0xff, 0x1f, 0x2f, 0xbe, 0xfe, 0x7f, 0x2c, 0xbe, 0x01, 0x78, 0x1a, 0xbe,
  0xfd, 0x17, 0x0b, 0xbe, 0x04, 0x30, 0xdf, 0xbd, 0x00, 0x90, 0x8f, 0xbd,
  0x01, 0x20, 0x2c, 0xbd, 0x02, 0x00, 0x36, 0xbb, 0x01, 0x20, 0x0e, 0x3d,
  0x01, 0xe0, 0x47, 0x3d, 0x00, 0x70, 0x87, 0x3d, 0x00, 0xf0, 0x8b, 0x3d,
  0xff, 0xdf, 0x21, 0x3d, 0x05, 0x80, 0x74, 0x3c, 0x00, 0x40, 0xc5, 0xbc,
  0x00, 0xf0, 0xa8, 0xbd, 0x00, 0xd0, 0xf7, 0xbd, 0x00, 0x08, 0x26, 0xbe,
  0x00, 0x30, 0x50, 0xbe, 0xfe, 0x0f, 0x58, 0xbe, 0x03, 0x00, 0x5c, 0xbe,
  0x00, 0xe0, 0x55, 0xbe, 0xfe, 0x5f, 0x2d, 0xbe, 0x02, 0x68, 0x07, 0xbe,
  0x00, 0x70, 0xbe, 0xbd, 0x01, 0xa0, 0x20, 0xbd, 0xff, 0xff, 0x27, 0x3a,
  0xff, 0x1f, 0x2a, 0x3d, 0x01, 0x90, 0xa6, 0x3d, 0x01, 0x10, 0xec, 0x3d,
  0x01, 0xc8, 0x24, 0x3e, 0x02, 0xa0, 0x42, 0x3e, 0x01, 0xe0, 0x58, 0x3e,
  0x01, 0xe0, 0x73, 0x3e, 0xff, 0xcf, 0x61, 0x3e, 0x02, 0x90, 0x3c, 0x3e,
  0xff, 0x37, 0x1b, 0x3e, 0x00, 0x90, 0xab, 0x3d, 0x02, 0xc0, 0x8e, 0x3c,
  0x01, 0xc0, 0x91, 0xbc, 0x01, 0xe0, 0x75, 0xbd, 0x00, 0x70, 0xad, 0xbd,
  0x01, 0x10, 0xa6, 0xbd, 0x00, 0x50, 0xa4, 0xbd, 0x00, 0x30, 0x96, 0xbd,
  0xff, 0x5f, 0x73, 0xbd, 0x00, 0x20, 0x46, 0xbd, 0xff, 0x3f, 0xed, 0xbc,
  0x02, 0x80, 0x25, 0xbc, 0xff, 0xff, 0xd6, 0x3b, 0xff, 0x3f, 0xef, 0x3c,
  0x00, 0xa0, 0x34, 0x3d, 0x01, 0x60, 0x66, 0x3d, 0x00, 0x90, 0x90, 0x3d,
  0x00, 0x70, 0x8f, 0x3d, 0xff, 0x8f, 0x8d, 0x3d, 0xff, 0x1f, 0x77, 0x3d,
  0x00, 0x40, 0xc9, 0x3c, 0x00, 0x80, 0x0f, 0xbc, 0x01, 0x60, 0x44, 0xbd,
  0x07, 0xf0, 0xd6, 0xbd, 0xff, 0x27, 0x12, 0xbe, 0xfd, 0x4f, 0x31, 0xbe,
  0xfd, 0xbf, 0x52, 0xbe, 0x02, 0x10, 0x57, 0xbe, 0x02, 0x50, 0x53, 0xbe,
  0xff, 0x1f, 0x4c, 0xbe, 0x01, 0x68, 0x29, 0xbe, 0xfe, 0x37, 0x08, 0xbe,
  0x06, 0x30, 0xd0, 0xbd, 0x00, 0xa0, 0x74, 0xbd, 0xff, 0x3f, 0xec, 0xbc,
  0xfe, 0xff, 0x8b, 0xba, 0x00, 0xc0, 0xd9, 0x3c, 0x00, 0x20, 0x45, 0x3d,
  0x00, 0x70, 0x9b, 0x3d, 0x00, 0x70, 0xc0, 0x3d, 0x06, 0xb0, 0xd2, 0x3d,
  0xfa, 0x2f, 0xeb, 0x3d, 0x05, 0x90, 0xd5, 0x3d, 0x01, 0xf0, 0xa2, 0x3d,
  0xff, 0x1f, 0x7a, 0x3d, 0x02, 0xc0, 0xce, 0x3c, 0xfb, 0x7f, 0x2e, 0xbc,
  0x01, 0x40, 0xe3, 0xbc, 0x00, 0x20, 0x43, 0xbd, 0xff, 0x5f, 0x6f, 0xbd,
  0xff, 0xdf, 0x50, 0xbd, 0xff, 0x1f, 0x39, 0xbd, 0x00, 0x20, 0x02, 0xbd,
  0x00, 0x80, 0x13, 0xbc, 0x00, 0x80, 0x00, 0x3c, 0x00, 0x20, 0x02, 0x3d,
  0x01, 0xe0, 0x66, 0x3d, 0x00, 0x50, 0x8c, 0x3d, 0x00, 0x50, 0xa7, 0x3d,
  0x00, 0xf0, 0xb7, 0x3d, 0x00, 0xd0, 0xb4, 0x3d, 0x00, 0x50, 0xb4, 0x3d,
  0xff, 0x4f, 0xa5, 0x3d, 0x01, 0xd0, 0x8e, 0x3d, 0x00, 0x60, 0x6e, 0x3d,
  0xff, 0xdf, 0x03, 0x3d, 0xff, 0xff, 0xf2, 0x3b, 0x02, 0x40, 0x9c, 0xbc,
  0x01, 0x60, 0x76, 0xbd, 0x00, 0x90, 0xb4, 0xbd, 0xff, 0xcf, 0xe1, 0xbd,
  0xfe, 0xc7, 0x0b, 0xbe, 0xfd, 0xf7, 0x10, 0xbe, 0xff, 0xc7, 0x0e, 0xbe,
  0x03, 0xd8, 0x0b, 0xbe, 0x02, 0xf0, 0xef, 0xbd, 0x00, 0x50, 0xc8, 0xbd,
  0x00, 0xf0, 0xa4, 0xbd, 0xff, 0x5f, 0x5f, 0xbd, 0xff, 0x5f, 0x13, 0xbd,
  0x00, 0x40, 0xa9, 0xbc, 0x01, 0x00, 0x6e, 0xbb, 0x00, 0x00, 0xfb, 0x3b,
  0x01, 0x40, 0xa1, 0x3c, 0xfe, 0x3f, 0xf5, 0x3c, 0x00, 0xe0, 0x19, 0x3d,
  0x01, 0xa0, 0x3f, 0x3d, 0x00, 0xe0, 0x3a, 0x3d, 0x00, 0xa0, 0x21, 0x3d,
  0x01, 0xe0, 0x08, 0x3d, 0xfd, 0x7f, 0x60, 0x3c, 0x00, 0x80, 0x00, 0xbc,
  0xfd, 0x3f, 0xb7, 0xbc, 0x00, 0x60, 0x39, 0xbd, 0x01, 0x20, 0x6f, 0xbd,
  0x00, 0xa0, 0x51, 0xbd, 0x00, 0xe0, 0x3c, 0xbd, 0xfe, 0xbf, 0xe1, 0xbc,
  0x00, 0x80, 0x15, 0x3c, 0x01, 0x60, 0x08, 0x3d, 0x01, 0x20, 0x50, 0x3d,
  0x00, 0xf0, 0x8f, 0x3d, 0x01, 0x30, 0x9a, 0x3d, 0x00, 0x90, 0x93, 0x3d,
  0x00, 0x70, 0x93, 0x3d, 0x00, 0x50, 0x93, 0x3d, 0x00, 0xb0, 0x93, 0x3d,
  0x01, 0xf0, 0x92, 0x3d, 0xff, 0x2f, 0x99, 0x3d, 0xff, 0x0f, 0x95, 0x3d,
  0x00, 0x60, 0x5e, 0x3d, 0xff, 0x1f, 0x17, 0x3d, 0x02, 0x80, 0x63, 0x3c,
  0xff, 0xbf, 0xdd, 0xbc, 0x00, 0xe0, 0x5e, 0xbd, 0x00, 0x30, 0x95, 0xbd,
  0x00, 0xd0, 0xc2, 0xbd, 0x00, 0x50, 0xc7, 0xbd, 0x01, 0xf0, 0xb2, 0xbd,
  0xff, 0x8f, 0xa5, 0xbd, 0x01, 0x30, 0x82, 0xbd, 0x00, 0xe0, 0x39, 0xbd,
  0xff, 0x9f, 0x08, 0xbd, 0x00, 0xc0, 0x99, 0xbc, 0x01, 0x00, 0xdb, 0xbb,
  0xff, 0xff, 0xe2, 0x3b, 0x03, 0x40, 0xb8, 0x3c, 0x01, 0x60, 0x05, 0x3d,
  0x01, 0x20, 0x3d, 0x3d, 0x01, 0x20, 0x60, 0x3d, 0x01, 0x20, 0x4c, 0x3d,
  0x00, 0x60, 0x3d, 0x3d, 0xff, 0x9f, 0x0a, 0x3d, 0x01, 0x00, 0xcd, 0x3b,
  0x02, 0x80, 0x46, 0xbc, 0x00, 0x40, 0xe6, 0xbc, 0x00, 0xa0, 0x43, 0xbd,
  0x01, 0x60, 0x58, 0xbd, 0xff, 0xdf, 0x52, 0xbd, 0xff, 0x5f, 0x52, 0xbd,
  0x00, 0xa0, 0x43, 0xbd, 0xff, 0x9f, 0x37, 0xbd, 0xff, 0x9f, 0x18, 0xbd,
  0x03, 0xc0, 0xc8, 0xbc, 0xff, 0x7f, 0x56, 0xbc, 0x00, 0x80, 0x22, 0x3c,
  0xff, 0x1f, 0x17, 0x3d, 0x01, 0x20, 0x5c, 0x3d, 0x00, 0xf0, 0x9b, 0x3d,
  0x00, 0xf0, 0xbc, 0x3d, 0x00, 0xb0, 0xbb, 0x3d, 0xff, 0x4f, 0xbd, 0x3d,
  0x00, 0x70, 0xac, 0x3d, 0xff, 0xcf, 0x85, 0x3d, 0xff, 0xdf, 0x50, 0x3d,
  0x00, 0x20, 0x01, 0x3d, 0x00, 0x80, 0x10, 0x3c, 0x01, 0x00, 0xc1, 0xbb,
  0x02, 0x40, 0xbc, 0xbc, 0xff, 0x1f, 0x1a, 0xbd, 0x01, 0x60, 0x46, 0xbd,
  0x00, 0xe0, 0x7b, 0xbd, 0xff, 0x8f, 0x85, 0xbd, 0xff, 0x8f, 0x85, 0xbd,
  0x00, 0x10, 0x83, 0xbd, 0x00, 0xa0, 0x35, 0xbd, 0x00, 0xc0, 0xba, 0xbc,
  0x00, 0x80, 0x0c, 0xbc, 0xfd, 0x7f, 0x43, 0x3c, 0x02, 0x40, 0xdc, 0x3c,
  0xfe, 0x3f, 0xd4, 0x3c, 0xfd, 0xbf, 0xc7, 0x3c, 0x02, 0x40, 0xba, 0x3c,
  0x03, 0x40, 0x98, 0x3c, 0x04, 0x80, 0x7a, 0x3c, 0x00, 0x80, 0x14, 0x3c,
  0xfe, 0xff, 0x49, 0x3b, 0xff, 0xff, 0xbe, 0xbb, 0xfe, 0xbf, 0xc3, 0xbc,
  0xff, 0x9f, 0x17, 0xbd, 0x00, 0xe0, 0x2a, 0xbd, 0xff, 0x1f, 0x47, 0xbd,
  0x00, 0x60, 0x3c, 0xbd, 0xff, 0xdf, 0x10, 0xbd, 0x01, 0x40, 0xdf, 0xbc,
  0x02, 0x80, 0x65, 0xbc, 0xff, 0xff, 0xcf, 0xb9, 0x03, 0x80, 0x5b, 0x3c,
  0x00, 0xa0, 0x14, 0x3d, 0xff, 0x1f, 0x5a, 0x3d, 0x00, 0x70, 0x86, 0x3d,
  0x00, 0x70, 0xa6, 0x3d, 0x00, 0x30, 0xac, 0x3d, 0x00, 0xf0, 0x9f, 0x3d,
  0x00, 0x10, 0x97, 0x3d, 0x00, 0x20, 0x72, 0x3d, 0x01, 0x20, 0x2f, 0x3d,
  0x01, 0xc0, 0xf3, 0x3c, 0xfc, 0x7f, 0x2a, 0x3c, 0xff, 0xff, 0x96, 0xbb,
  0xfe, 0x3f, 0x91, 0xbc, 0x01, 0xa0, 0x0d, 0xbd, 0x00, 0xa0, 0x21, 0xbd,
  0x01, 0x20, 0x1f, 0xbd, 0x00, 0x60, 0x1d, 0xbd, 0xff, 0xbf, 0xbd, 0xbc,
  0x00, 0x00, 0x9f, 0xbb, 0x00, 0x00, 0xb7, 0x3b, 0x02, 0x40, 0x99, 0x3c,
  0xff, 0x3f, 0xec, 0x3c, 0x01, 0xa0, 0x00, 0x3d, 0x00, 0x60, 0x0b, 0x3d,
  0xff, 0xdf, 0x13, 0x3d, 0x00, 0x20, 0x22, 0x3d, 0x00, 0xe0, 0x29, 0x3d,
  0x00, 0x20, 0x11, 0x3d, 0xfe, 0x3f, 0xf2, 0x3c, 0x01, 0x40, 0xa3, 0x3c,
  0xfe, 0xff, 0xff, 0xb8, 0x04, 0x80, 0x78, 0xbc, 0xfd, 0xbf, 0xe7, 0xbc,
  0x01, 0x60, 0x36, 0xbd, 0x00, 0x60, 0x5c, 0xbd, 0xff, 0x0f, 0x85, 0xbd,
  0x01, 0x10, 0x96, 0xbd, 0x00, 0x50, 0x88, 0xbd, 0xff, 0x1f, 0x77, 0xbd,
  0x00, 0xa0, 0x35, 0xbd, 0x00, 0x80, 0x0d, 0xbc, 0x01, 0xc0, 0x93, 0x3c,
  0x00, 0xa0, 0x16, 0x3d, 0xff, 0x1f, 0x7a, 0x3d, 0xff, 0x4f, 0x8d, 0x3d,
  0x00, 0xf0, 0x86, 0x3d, 0x00, 0xf0, 0x85, 0x3d, 0x01, 0xe0, 0x77, 0x3d,
  0xff, 0x5f, 0x60, 0x3d, 0x01, 0xe0, 0x48, 0x3d, 0x01, 0x20, 0x2c, 0x3d,
  0x01, 0xa0, 0x0f, 0x3d, 0xfd, 0x7f, 0x7f, 0x3c, 0x01, 0x00, 0xdb, 0xbb,
  0xff, 0xbf, 0xc0, 0xbc, 0xff, 0x1f, 0x47, 0xbd, 0xff, 0x8f, 0x8d, 0xbd,
  0x01, 0xf0, 0x92, 0xbd, 0x01, 0x70, 0x9a, 0xbd, 0x00, 0xf0, 0x90, 0xbd,
  0x00, 0xe0, 0x5c, 0xbd, 0xff, 0x9f, 0x27, 0xbd, 0x01, 0xc0, 0xb0, 0xbc,
  0x00, 0x00, 0x58, 0x3a, 0xfd, 0xbf, 0x87, 0x3c, 0xff, 0x1f, 0x1b, 0x3d,
  0x01, 0xa0, 0x5f, 0x3d, 0x00, 0x60, 0x6e, 0x3d, 0xff, 0xdf, 0x7f, 0x3d,
  0x00, 0x20, 0x75, 0x3d, 0xff, 0x9f, 0x3a, 0x3d, 0xff, 0x5f, 0x10, 0x3d,
  0x01, 0x40, 0xe0, 0x3c, 0x02, 0x40, 0x9e, 0x3c, 0xff, 0x7f, 0x35, 0x3c,
  0xff, 0xff, 0xeb, 0xba, 0x01, 0x80, 0x4c, 0xbc, 0x01, 0xc0, 0xd3, 0xbc,
  0xff, 0x9f, 0x37, 0xbd, 0x00, 0x60, 0x4b, 0xbd, 0x01, 0xa0, 0x40, 0xbd,
  0xff, 0x1f, 0x3a, 0xbd, 0x00, 0xc0, 0xf5, 0xbc, 0xfe, 0x7f, 0x39, 0xbc,
  0xfe, 0xff, 0x65, 0x3b, 0x02, 0x40, 0xdb, 0x3c, 0x00, 0xe0, 0x3a, 0x3d,
  0xff, 0x9f, 0x78, 0x3d, 0x00, 0xf0, 0xa6, 0x3d, 0x00, 0xd0, 0xb1, 0x3d,
  0xff, 0x0f, 0xa5, 0x3d, 0x00, 0x70, 0x9c, 0x3d, 0x01, 0xe0, 0x75, 0x3d,
  0x00, 0xe0, 0x1b, 0x3d, 0x00, 0xc0, 0xd9, 0x3c, 0xfe, 0x3f, 0x92, 0x3c,
  0x00, 0x80, 0x18, 0x3c, 0x00, 0x00, 0x08, 0xba, 0xfd, 0x7f, 0x41, 0xbc,
  0x00, 0xc0, 0xb9, 0xbc, 0x01, 0x20, 0x2c, 0xbd, 0x01, 0xa0, 0x6d, 0xbd,
  0x00, 0x20, 0x75, 0xbd, 0x00, 0x10, 0x81, 0xbd, 0xff, 0x9f, 0x6b, 0xbd,
  0x00, 0xa0, 0x14, 0xbd, 0xfe, 0xbf, 0xa2, 0xbc, 0xff, 0xff, 0xcf, 0x39,
  0xfe, 0xbf, 0xe2, 0x3c, 0x00, 0x60, 0x2e, 0x3d, 0xff, 0xdf, 0x61, 0x3d,
  0xff, 0xef, 0x89, 0x3d, 0xff, 0xef, 0x89, 0x3d, 0x00, 0xb0, 0x86, 0x3d,
  0xff, 0xef, 0x81, 0x3d, 0xff, 0x5f, 0x60, 0x3d, 0x01, 0xe0, 0x45, 0x3d,
  0x01, 0xe0, 0x37, 0x3d, 0xff, 0x1f, 0x28, 0x3d, 0x00, 0x60, 0x1c, 0x3d,
  0xff, 0xdf, 0x11, 0x3d, 0xff, 0x1f, 0x07, 0x3d, 0x01, 0x40, 0xe2, 0x3c,
  0xfe, 0xbf, 0xa6, 0x3c, 0xfe, 0xbf, 0x85, 0x3c, 0x01, 0x80, 0x4a, 0x3c,
  0x00, 0x80, 0x12, 0x3c, 0xfb, 0x7f, 0x4d, 0x3c, 0x01, 0xc0, 0x90, 0x3c,
  0xfe, 0x3f, 0xb6, 0x3c, 0x00, 0xa0, 0x05, 0x3d, 0xff, 0x1f, 0x29, 0x3d,
  0x01, 0x60, 0x25, 0x3d, 0x00, 0x60, 0x1b, 0x3d, 0xff, 0x5f, 0x12, 0x3d,
  0x01, 0xc0, 0xef, 0x3c, 0xfe, 0xbf, 0xc5, 0x3c, 0x00, 0x40, 0xe6, 0x3c,
  0x01, 0xa0, 0x10, 0x3d, 0xff, 0x1f, 0x1a, 0x3d, 0x00, 0xe0, 0x29, 0x3d,
  0x00, 0x20, 0x34, 0x3d, 0x01, 0xe0, 0x05, 0x3d, 0x00, 0xc0, 0x9a, 0x3c,
  0x01, 0x00, 0x1e, 0x3b, 0xfe, 0xbf, 0xe1, 0xbc, 0x00, 0x60, 0x5b, 0xbd,
  0x00, 0xb0, 0xb4, 0xbd, 0x01, 0x68, 0x09, 0xbe, 0x01, 0x88, 0x23, 0xbe,
  0x02, 0xc0, 0x44, 0xbe, 0x02, 0x20, 0x60, 0xbe, 0xfd, 0x4f, 0x49, 0xbe,
  0xff, 0xbf, 0x30, 0xbe, 0x02, 0xf0, 0xff, 0xbd, 0xfd, 0x3f, 0x97, 0xbc,
  0xfe, 0x9f, 0xfe, 0x3d, 0xfe, 0xaf, 0x93, 0x3e, 0xfe, 0xa3, 0xe1, 0x3e,
  0x00, 0x70, 0x18, 0x3f, 0x01, 0x50, 0x3d, 0x3f, 0x00, 0x30, 0x5e, 0x3f,
  0x01, 0x40, 0x78, 0x3f, 0x00, 0x72, 0x7e, 0x3f, 0x00, 0xfe, 0x7f, 0x3f,
  0x00, 0xba, 0x65, 0x3f, 0x00, 0xc2, 0x4c, 0x3f, 0x00, 0xa0, 0x1c, 0x3f,
  0x01, 0x88, 0xe7, 0x3e, 0x03, 0x08, 0x6f, 0x3e, 0x00, 0xc0, 0x56, 0x3d,
  0x02, 0x20, 0x10, 0xbe, 0x00, 0x18, 0x8c, 0xbe, 0x01, 0x68, 0xbd, 0xbe,
  0xff, 0x8f, 0xdc, 0xbe, 0x02, 0xbc, 0xe1, 0xbe, 0x02, 0x94, 0xe0, 0xbe,
  0x02, 0xa0, 0xca, 0xbe, 0xfe, 0x7b, 0xb4, 0xbe, 0xff, 0xe3, 0x89, 0xbe,
  0xff, 0x6f, 0x59, 0xbe, 0x00, 0xa8, 0x07, 0xbe, 0xff, 0xdf, 0xf2, 0xbd,
  0x06, 0x50, 0xf7, 0xbd, 0x03, 0x18, 0x30, 0xbe, 0xfe, 0xcb, 0x82, 0xbe,
  0xff, 0x8b, 0xac, 0xbe, 0x00, 0xbc, 0xe3, 0xbe, 0x00, 0x18, 0x06, 0xbf,
  0xff, 0xbf, 0x1d, 0xbf, 0xff, 0x31, 0x2a, 0xbf, 0xff, 0x65, 0x37, 0xbf,
  0x01, 0x2a, 0x32, 0xbf, 0x01, 0x00, 0x2b, 0xbf, 0x00, 0xfc, 0x14, 0xbf,
  0xff, 0x97, 0xfa, 0xbe, 0x00, 0x60, 0xbb, 0xbe, 0x01, 0x48, 0x7a, 0xbe,
  0x01, 0xe0, 0xf3, 0xbd, 0xff, 0xff, 0xa4, 0x3b, 0x00, 0x90, 0xc2, 0x3d,
  0xff, 0xff, 0x34, 0x3e, 0xff, 0xf7, 0x46, 0x3e, 0x03, 0xe0, 0x59, 0x3e,
  0xfe, 0xa7, 0x41, 0x3e, 0xff, 0x07, 0x30, 0x3e, 0x02, 0x50, 0x10, 0x3e,
  0x05, 0x20, 0xf4, 0x3d, 0x00, 0x90, 0xc2, 0x3d, 0x00, 0x80, 0xaa, 0x3d,
  0x01, 0xf0, 0xba, 0x3d, 0x01, 0x40, 0xdf, 0x3d, 0xff, 0xff, 0x24, 0x3e,
  0x03, 0x00, 0x59, 0x3e, 0xff, 0x03, 0x95, 0x3e, 0xfe, 0xaf, 0xb3, 0x3e,
  0x00, 0x80, 0xda, 0x3e, 0x00, 0x18, 0xf0, 0x3e, 0x00, 0x96, 0x00, 0x3f,
  0x00, 0x86, 0x01, 0x3f, 0xff, 0x07, 0xf8, 0x3e, 0x01, 0x74, 0xe3, 0x3e,
  0xff, 0xcf, 0xbd, 0x3e, 0x00, 0xf8, 0x98, 0x3e, 0xfe, 0xa7, 0x51, 0x3e,
  0xfd, 0xa7, 0x06, 0x3e, 0x00, 0x00, 0x31, 0x3d, 0x02, 0x80, 0x86, 0xbc,
  0x00, 0x30, 0xa5, 0xbd, 0x00, 0x40, 0xe9, 0xbd, 0x00, 0x88, 0x10, 0xbe,
  0x02, 0x10, 0x0f, 0xbe, 0xff, 0x27, 0x02, 0xbe, 0x06, 0xb0, 0xe2, 0xbd,
  0xff, 0xef, 0xb1, 0xbd, 0x00, 0x40, 0xa8, 0xbd, 0x00, 0xb0, 0x9b, 0xbd,
  0x00, 0xf0, 0xc3, 0xbd, 0xfa, 0x6f, 0xef, 0xbd, 0x03, 0xe8, 0x1c, 0xbe,
  0xfe, 0xd7, 0x41, 0xbe, 0x03, 0x38, 0x6f, 0xbe, 0xff, 0xf7, 0x8e, 0xbe,
  0xfe, 0xd7, 0xa8, 0xbe, 0x01, 0x0c, 0xc1, 0xbe, 0xfe, 0xaf, 0xcf, 0xbe,
  0xff, 0x53, 0xdb, 0xbe, 0x00, 0x80, 0xd5, 0xbe, 0x01, 0x5c, 0xcf, 0xbe,
  0x02, 0xbc, 0xb9, 0xbe, 0xff, 0xb7, 0xa5, 0xbe, 0x00, 0x48, 0x83, 0xbe,
  0x00, 0xd8, 0x4a, 0xbe, 0x01, 0x90, 0x09, 0xbe, 0xff, 0x6f, 0xb1, 0xbd,
  0x00, 0xc0, 0x67, 0xbd, 0xfd, 0x7f, 0xff, 0xbc, 0xff, 0x7f, 0x73, 0xbc,
  0xfd, 0xff, 0xdf, 0x3a, 0x01, 0x80, 0x8a, 0x3c, 0x00, 0x40, 0xc5, 0x3c,
  0xfe, 0xff, 0x89, 0x3c, 0xfe, 0x7f, 0x5e, 0x3c, 0x03, 0x00, 0xf0, 0xba,
  0xff, 0xff, 0xa4, 0x3b, 0xff, 0xbf, 0xc0, 0x3c, 0xff, 0xff, 0x55, 0x3d,
  0x00, 0xc0, 0xc8, 0x3d, 0x02, 0x60, 0x09, 0x3e, 0xff, 0xaf, 0x32, 0x3e,
  0x00, 0xf8, 0x51, 0x3e, 0x00, 0x38, 0x76, 0x3e, 0x00, 0x20, 0x86, 0x3e,
  0xff, 0x53, 0x92, 0x3e, 0x02, 0x28, 0x93, 0x3e, 0x00, 0xdc, 0x91, 0x3e,
  0xff, 0xff, 0x88, 0x3e, 0x03, 0x30, 0x7c, 0x3e, 0x01, 0x30, 0x5e, 0x3e,
  0xfe, 0x9f, 0x3e, 0x3e, 0x01, 0xb0, 0x18, 0x3e, 0xfb, 0xff, 0xdd, 0x3d,
  0x00, 0xd0, 0xa2, 0x3d, 0x00, 0xe0, 0x4e, 0x3d, 0x01, 0xe0, 0x25, 0x3d,
  0xff, 0xbf, 0xfb, 0x3c, 0x01, 0x00, 0xb9, 0x3c, 0xfc, 0x7f, 0x68, 0x3c,
  0x00, 0x00, 0xce, 0x3b, 0xfe, 0xff, 0xa7, 0xba, 0xff, 0xff, 0x61, 0xbb,
  0x00, 0x80, 0x17, 0xbc, 0xfe, 0x7f, 0xdb, 0xbc, 0x00, 0xa0, 0x35, 0xbd,
  0x00, 0x90, 0x9a, 0xbd, 0xff, 0x2f, 0xcd, 0xbd, 0x06, 0x00, 0xfd, 0xbd,
  0xfd, 0x0f, 0x15, 0xbe, 0x00, 0xf0, 0x2e, 0xbe, 0x00, 0x50, 0x42, 0xbe,
  0x03, 0xb8, 0x54, 0xbe, 0x00, 0xd0, 0x5c, 0xbe, 0x02, 0x18, 0x55, 0xbe,
  0xff, 0x4f, 0x4f, 0xbe, 0x02, 0xb0, 0x43, 0xbe, 0x00, 0xd8, 0x3a, 0xbe,
  0x00, 0xc8, 0x31, 0xbe, 0x00, 0x70, 0x24, 0xbe, 0xfe, 0xa7, 0x11, 0xbe,
  0xfe, 0x77, 0x01, 0xbe, 0x01, 0x10, 0xdc, 0xbd, 0x00, 0xb0, 0xb8, 0xbd,
  0x00, 0x20, 0x8d, 0xbd, 0x01, 0x60, 0x65, 0xbd, 0x00, 0x00, 0x31, 0xbd,
  0x00, 0xa0, 0x25, 0xbd, 0x00, 0x80, 0x30, 0xbd, 0x01, 0xc0, 0x13, 0xbd,
  0x02, 0xc0, 0xec, 0xbc, 0x03, 0x00, 0x51, 0xbc, 0x00, 0x00, 0xda, 0x3b,
  0xfe, 0x7f, 0xbc, 0x3c, 0xff, 0x5f, 0x23, 0x3d, 0x00, 0x00, 0x6f, 0x3d,
  0x00, 0x90, 0x9c, 0x3d, 0x00, 0xd0, 0xbb, 0x3d, 0x02, 0xb0, 0xdb, 0x3d,
  0xfa, 0x2f, 0xfb, 0x3d, 0x01, 0x68, 0x0c, 0x3e, 0x00, 0x68, 0x16, 0x3e,
  0x01, 0x40, 0x1f, 0x3e, 0xff, 0xb7, 0x15, 0x3e, 0x00, 0xf8, 0x0c, 0x3e,
  0x05, 0xd0, 0xee, 0x3d, 0x00, 0xa0, 0xcc, 0x3d, 0x01, 0x10, 0xae, 0x3d,
  0x01, 0x40, 0x94, 0x3d, 0x01, 0x10, 0x86, 0x3d, 0xff, 0xdf, 0x73, 0x3d,
  0xff, 0xdf, 0x72, 0x3d, 0xff, 0xff, 0x67, 0x3d, 0x00, 0x40, 0x59, 0x3d,
  0x00, 0x80, 0x42, 0x3d, 0xff, 0x5f, 0x10, 0x3d, 0x03, 0x80, 0xe0, 0x3c,
  0x02, 0x00, 0xb3, 0x3c, 0xfe, 0xff, 0x8d, 0x3c, 0xff, 0xbf, 0x9b, 0x3c,
  0xfb, 0xff, 0x3e, 0x3c, 0xff, 0xff, 0xcf, 0xba, 0x03, 0x00, 0xb1, 0xbc,
  0x00, 0xe0, 0x5d, 0xbd, 0x01, 0xf0, 0x9a, 0xbd, 0x04, 0x30, 0xcf, 0xbd,
  0x04, 0x40, 0xe0, 0xbd, 0x05, 0x10, 0xe3, 0xbd, 0x04, 0xf0, 0xe5, 0xbd,
  0x02, 0xf0, 0xe4, 0xbd, 0x04, 0xf0, 0xe5, 0xbd, 0xfd, 0x9f, 0xe8, 0xbd,
  0x05, 0x50, 0xdc, 0xbd, 0x00, 0xe0, 0xca, 0xbd, 0x00, 0x30, 0xbc, 0xbd,
  0x00, 0xa0, 0xaa, 0xbd, 0x00, 0xf0, 0xa7, 0xbd, 0x00, 0x50, 0xa7, 0xbd,
  0x01, 0xe0, 0xa0, 0xbd, 0x00, 0x10, 0x9a, 0xbd, 0x00, 0x20, 0x96, 0xbd,
  0xff, 0xef, 0x91, 0xbd, 0x00, 0xf0, 0x90, 0xbd, 0x00, 0xb0, 0x8e, 0xbd,
  0x00, 0xc0, 0x68, 0xbd, 0x00, 0xa0, 0x36, 0xbd, 0xfe, 0x7f, 0xde, 0xbc,
  0x00, 0x00, 0x3e, 0xbc, 0x00, 0x00, 0x80, 0xba, 0x00, 0x80, 0x13, 0x3c,
  0x01, 0xc0, 0x93, 0x3c, 0x00, 0x00, 0xde, 0x3c, 0xff, 0x5f, 0x11, 0x3d,
  0xff, 0x5f, 0x33, 0x3d, 0x01, 0x20, 0x60, 0x3d, 0x00, 0x00, 0x80, 0x3d,
  0x00, 0xf0, 0x8e, 0x3d, 0x00, 0x60, 0x94, 0x3d, 0x01, 0x10, 0x86, 0x3d,
  0xff, 0x9f, 0x7b, 0x3d, 0x01, 0xa0, 0x5d, 0x3d, 0x00, 0xc0, 0x55, 0x3d,
  0x01, 0x60, 0x64, 0x3d, 0x00, 0x00, 0x6f, 0x3d, 0x00, 0x30, 0x84, 0x3d,
  0xff, 0x8f, 0x85, 0x3d, 0x00, 0xf0, 0x85, 0x3d, 0x00, 0x80, 0x6d, 0x3d,
  0x00, 0xa0, 0x33, 0x3d, 0x00, 0x80, 0x01, 0x3d, 0x03, 0x00, 0x4d, 0x3c,
  0x04, 0x00, 0x49, 0x3c, 0xff, 0xbf, 0x9b, 0x3c, 0x00, 0x80, 0xd2, 0x3c,
  0xff, 0x5f, 0x1f, 0x3d, 0xff, 0xff, 0xe3, 0x3c, 0xfc, 0xff, 0x34, 0x3c,
  0x00, 0x00, 0xf6, 0xbb, 0x01, 0xc0, 0xf0, 0xbc, 0x00, 0x00, 0x01, 0xbd,
  0xff, 0xff, 0x02, 0xbd, 0x00, 0x40, 0xea, 0xbc, 0x00, 0x40, 0xc7, 0xbc,
  0x02, 0xc0, 0xeb, 0xbc, 0x01, 0xe0, 0x08, 0xbd, 0x01, 0xc0, 0x30, 0xbd,
  0x00, 0x40, 0x57, 0xbd, 0x00, 0x00, 0x7f, 0xbd, 0x00, 0xb0, 0x8f, 0xbd,
  0x00, 0x80, 0x89, 0xbd, 0x00, 0x50, 0x83, 0xbd, 0xff, 0x5f, 0x4f, 0xbd,
  0x01, 0x00, 0x2c, 0xbd, 0x00, 0x80, 0x40, 0xbd, 0xff, 0xff, 0x52, 0xbd,
  0xff, 0x7f, 0x8b, 0xbd, 0x01, 0x70, 0x9a, 0xbd, 0xff, 0x4f, 0x85, 0xbd,
  0x00, 0x20, 0x64, 0xbd, 0xff, 0x7f, 0x03, 0xbd, 0xff, 0xff, 0xa7, 0xbc,
  0x01, 0x80, 0xaa, 0xbc, 0x01, 0x00, 0xbc, 0xbc, 0x00, 0x40, 0x18, 0xbd,
  0x01, 0xe0, 0x25, 0xbd, 0x00, 0xa0, 0x21, 0xbd, 0xff, 0xff, 0x06, 0xbd,
  0x00, 0x80, 0x8d, 0xbc, 0x00, 0x80, 0x13, 0xbc, 0x02, 0x00, 0x40, 0x39,
  0x03, 0x00, 0xf0, 0x3a, 0x03, 0x00, 0xb8, 0xba, 0xff, 0xff, 0x9f, 0xba,
  0x02, 0x00, 0x10, 0xbb, 0x01, 0x00, 0x8f, 0x3b, 0xfb, 0xff, 0x7c, 0x3c,
  0xff, 0xbf, 0xbf, 0x3c, 0x00, 0xc0, 0x07, 0x3d, 0x00, 0xc0, 0xfa, 0x3c,
  0x00, 0x40, 0xc6, 0x3c, 0x01, 0x80, 0xaa, 0x3c, 0xff, 0xff, 0x83, 0x3c,
  0x01, 0x40, 0xc1, 0x3c, 0x01, 0xc0, 0x04, 0x3d, 0xff, 0x7f, 0x16, 0x3d,
  0x00, 0x40, 0x2a, 0x3d, 0xff, 0xdf, 0x12, 0x3d, 0xfd, 0x3f, 0xf7, 0x3c,
  0x01, 0x00, 0xdc, 0x3c, 0x01, 0x40, 0xc3, 0x3c, 0x00, 0x00, 0xe0, 0x3c,
  0x00, 0xc0, 0xf6, 0x3c, 0xfd, 0x7f, 0xdf, 0x3c, 0x00, 0x40, 0xc8, 0x3c,
  0x00, 0x80, 0x8e, 0x3c, 0x05, 0x00, 0x43, 0x3c, 0xfc, 0x7f, 0x26, 0x3c,
  0x00, 0x80, 0x02, 0x3c, 0xff, 0xff, 0x96, 0x3b, 0x00, 0x00, 0x80, 0x3a,
  0xff, 0xff, 0x96, 0xbb, 0x00, 0x80, 0x15, 0xbc, 0xff, 0x7f, 0x58, 0xbc,
  0xfe, 0xff, 0x89, 0xbc, 0x01, 0x80, 0xab, 0xbc, 0x00, 0x40, 0xca, 0xbc,
  0xff, 0x3f, 0xec, 0xbc, 0x01, 0xc0, 0x01, 0xbd, 0xff, 0x1f, 0x09, 0xbd,
  0x01, 0x20, 0x0f, 0xbd, 0xff, 0x5f, 0x10, 0xbd, 0x00, 0xc0, 0x17, 0xbd,
  0x00, 0xc0, 0x28, 0xbd, 0x01, 0x40, 0x31, 0xbd, 0x00, 0x80, 0x40, 0xbd,
  0x01, 0x40, 0x31, 0xbd, 0x00, 0x40, 0x15, 0xbd, 0xff, 0x7f, 0xd8, 0xbc,
  0xfc, 0xff, 0x36, 0xbc, 0x01, 0x00, 0x9d, 0xbb, 0xff, 0xff, 0xcf, 0x3a,
  0xfe, 0xff, 0xff, 0xb8, 0xff, 0xff, 0xab, 0xbb, 0x00, 0x00, 0x72, 0xbb,
  0x03, 0x00, 0xf0, 0xba, 0xff, 0xff, 0x61, 0x3b, 0x00, 0x80, 0x21, 0x3c,
  0x00, 0x00, 0xbe, 0x3b, 0x02, 0x00, 0x90, 0x3a, 0x01, 0x00, 0xd6, 0xbb,
  0x01, 0x80, 0x69, 0xbc, 0x01, 0x80, 0x69, 0xbc, 0xfc, 0x7f, 0x66, 0xbc,
  0xff, 0xff, 0xe9, 0xbb, 0x00, 0x00, 0x98, 0xba, 0x00, 0x00, 0x42, 0x3b,
  0x00, 0x00, 0xce, 0x3b, 0xff, 0xff, 0xa9, 0x3b, 0x00, 0x00, 0xa1, 0x3b,
  0xff, 0xff, 0x96, 0x3b, 0xff, 0xff, 0xb7, 0x3b, 0x01, 0x00, 0x3c, 0x3c,
  0xfe, 0xff, 0x8b, 0x3c, 0x01, 0xc0, 0xf0, 0x3c, 0xff, 0x7f, 0x13, 0x3d,
  0x00, 0x40, 0x1a, 0x3d, 0x01, 0xa0, 0x0c, 0x3d, 0xfe, 0xff, 0x89, 0x3c,
  0x00, 0x00, 0xda, 0x3b, 0x00, 0x00, 0x5a, 0xbb, 0x00, 0x00, 0xa1, 0xbb,
  0x00, 0x00, 0xa8, 0x3b, 0x00, 0x80, 0x05, 0x3c, 0xfc, 0xff, 0x34, 0x3c,
  0x00, 0x00, 0xf4, 0x3b, 0x02, 0x00, 0x4e, 0xbb, 0x01, 0x00, 0xd4, 0xbb,
  0x00, 0x80, 0x12, 0xbc, 0x00, 0x00, 0xb4, 0xbb, 0xff, 0xff, 0x07, 0x3b,
  0x00, 0x00, 0xf2, 0x3b, 0xfb, 0xff, 0x7e, 0x3c, 0xfc, 0x7f, 0x68, 0x3c,
  0xfd, 0xff, 0x2e, 0x3c, 0xff, 0xff, 0x61, 0x3b, 0x01, 0x00, 0xbc, 0xbb,
  0x00, 0x80, 0x16, 0xbc, 0xfd, 0xff, 0x4f, 0xbc, 0x03, 0x80, 0x5d, 0xbc,
  0x01, 0x80, 0x67, 0xbc, 0x01, 0x80, 0x87, 0xbc, 0xff, 0xbf, 0x9c, 0xbc,
  0x00, 0x40, 0xa7, 0xbc, 0x02, 0x00, 0xb2, 0xbc, 0x00, 0xc0, 0x96, 0xbc,
  0xfe, 0x7f, 0x79, 0xbc, 0x00, 0x80, 0x0b, 0xbc, 0xfe, 0xff, 0x0b, 0xbb,
  0xfe, 0xff, 0x7d, 0x3b, 0x00, 0x80, 0x12, 0x3c, 0x00, 0x80, 0x0a, 0x3c,
  0x00, 0x80, 0x0f, 0x3c, 0x00, 0x80, 0x0c, 0x3c, 0x00, 0x80, 0x10, 0x3c,
  0xfe, 0xff, 0x2a, 0x3c, 0xfd, 0xff, 0x2e, 0x3c, 0x01, 0x00, 0xbc, 0x3b,
  0xfe, 0xff, 0x65, 0x3b, 0x02, 0x00, 0x4e, 0x3b, 0x00, 0x00, 0xc0, 0x3b,
  0x00, 0xc0, 0x95, 0x3c, 0x01, 0x40, 0xc4, 0x3c, 0xff, 0xff, 0xe2, 0x3c,
  0xff, 0x7f, 0xd6, 0x3c, 0xff, 0x7f, 0x75, 0x3c, 0xff, 0xff, 0x47, 0x3c,
  0x05, 0x00, 0x45, 0x3c, 0x01, 0x80, 0x8a, 0x3c, 0x00, 0xc0, 0xf8, 0x3c,
  0xff, 0xff, 0x02, 0x3d, 0x00, 0xc0, 0xf5, 0x3c, 0x00, 0x80, 0xb1, 0x3c,
  0xff, 0xff, 0xc5, 0x3b, 0xff, 0xff, 0xcf, 0x3a, 0xfe, 0xff, 0xa7, 0xba,
  0x03, 0x00, 0xf0, 0x3a, 0x00, 0x80, 0x02, 0x3c, 0xfe, 0xff, 0x4d, 0x3c,
  0x00, 0xc0, 0x95, 0x3c, 0x00, 0xc0, 0x99, 0x3c, 0x00, 0xc0, 0x9a, 0x3c,
  0xfb, 0x7f, 0x6c, 0x3c, 0x00, 0x80, 0x10, 0x3c, 0x00, 0x80, 0x16, 0x3c,
  0x00, 0x80, 0x22, 0x3c, 0x00, 0x00, 0x7e, 0x3c, 0x00, 0x80, 0xad, 0x3c,
  0xfe, 0xff, 0x4d, 0x3c, 0x00, 0x00, 0x89, 0x3b, 0x02, 0x80, 0x85, 0xbc,
  0x00, 0x40, 0x06, 0xbd, 0x01, 0x80, 0x18, 0xbd, 0x00, 0x20, 0x23, 0xbd,
  0x01, 0x80, 0xaa, 0xbc, 0xff, 0xff, 0xe9, 0xbb, 0x01, 0x00, 0x9b, 0x3b,
  0x04, 0x00, 0x4b, 0x3c, 0x00, 0x00, 0xa8, 0x3b, 0x01, 0x00, 0x14, 0x3b,
  0x01, 0x00, 0x3a, 0x3b, 0xff, 0xff, 0xa9, 0x3b, 0xff, 0x7f, 0x75, 0x3c,
  0xfd, 0x3f, 0x97, 0x3c, 0xff, 0xff, 0x83, 0x3c, 0x03, 0x00, 0x4d, 0x3c,
  0x01, 0x00, 0x52, 0x3b, 0xff, 0xff, 0x2d, 0xbb, 0x00, 0x80, 0x1c, 0xbc,
  0xfe, 0xff, 0x4b, 0xbc, 0xfc, 0x7f, 0x66, 0xbc, 0x00, 0x00, 0x3e, 0xbc,
  0x00, 0x00, 0x93, 0xbb, 0xfe, 0xff, 0xff, 0x38, 0x01, 0x00, 0xd4, 0x3b,
  0xff, 0xff, 0xa9, 0x3b, 0x02, 0x00, 0x90, 0xba, 0x00, 0x00, 0x10, 0xba,
  0xfe, 0xff, 0xff, 0x38, 0x00, 0x80, 0x21, 0x3c, 0x02, 0x00, 0xd6, 0x3c,
  0xff, 0xff, 0x02, 0x3d, 0xff, 0xdf, 0x1f, 0x3d, 0x00, 0x40, 0xe9, 0x3c,
  0x05, 0x80, 0x72, 0x3c, 0x01, 0x00, 0xc8, 0x3a, 0x02, 0x80, 0x65, 0xbc,
  0xfd, 0xff, 0x2e, 0xbc, 0x00, 0x00, 0xdc, 0xbb, 0xff, 0xff, 0x29, 0x3b,
  0x01, 0x00, 0x38, 0x3c, 0xff, 0xff, 0xa2, 0x3b, 0xfe, 0xff, 0xff, 0xb9,
  0x00, 0x80, 0x07, 0xbc, 0x02, 0x80, 0x65, 0xbc, 0xff, 0xff, 0x79, 0xbb,
  0xff, 0xff, 0xa2, 0x3b, 0x01, 0x40, 0xa0, 0x3c, 0xff, 0x3f, 0xed, 0x3c,
  0x00, 0x40, 0xc5, 0x3c, 0x00, 0xc0, 0x99, 0x3c, 0x01, 0x00, 0x20, 0x3a,
  0xfc, 0xff, 0x38, 0xbc, 0xfe, 0x3f, 0x95, 0xbc, 0x03, 0x00, 0xb1, 0xbc,
  0x00, 0x00, 0x82, 0xbc, 0xfb, 0x7f, 0x6e, 0xbc, 0x02, 0x80, 0x82, 0xbc,
  0x02, 0x40, 0x99, 0xbc, 0xfe, 0x7f, 0xdc, 0xbc, 0x02, 0x40, 0xfb, 0xbc,
  0x01, 0x20, 0x0f, 0xbd, 0xff, 0x9f, 0x08, 0xbd, 0xfd, 0xbf, 0xe7, 0xbc,
  0xfe, 0xff, 0x89, 0xbc, 0x00, 0x00, 0xca, 0x3b, 0x00, 0x80, 0x91, 0x3c,
  0x01, 0x40, 0x03, 0x3d, 0xfe, 0x7f, 0xdb, 0x3c, 0x00, 0x80, 0x08, 0x3c,
  0x01, 0x00, 0xf8, 0x3a, 0xff, 0xff, 0xcf, 0xbb, 0x02, 0x00, 0x6a, 0x3b,
  0x01, 0x80, 0xac, 0x3c, 0x00, 0x40, 0xc9, 0x3c, 0x02, 0x80, 0xe3, 0x3c,
  0x01, 0x40, 0xa2, 0x3c, 0x00, 0x80, 0x17, 0x3c, 0x01, 0x00, 0x81, 0x3b,
  0x02, 0x00, 0xc0, 0xba, 0x02, 0x00, 0x40, 0x39, 0xff, 0xff, 0x07, 0x3b,
  0xfc, 0x7f, 0x66, 0x3c, 0x02, 0xc0, 0xce, 0x3c, 0xfe, 0x7f, 0xfe, 0x3c,
  0xff, 0xff, 0x13, 0x3d, 0xfe, 0xbf, 0xc5, 0x3c, 0xfb, 0x7f, 0x6c, 0x3c,
  0x00, 0x80, 0x0e, 0x3c, 0x00, 0x00, 0xb4, 0x3b, 0xfd, 0x3f, 0x97, 0x3c,
  0xfd, 0x7f, 0xdf, 0x3c, 0x00, 0x00, 0x02, 0x3d, 0x00, 0x40, 0x05, 0x3d,
  0xff, 0xbf, 0x9e, 0x3c, 0xfd, 0x7f, 0x24, 0x3c, 0xfe, 0xff, 0xa7, 0xba,
  0xff, 0xff, 0xe9, 0xbb, 0x01, 0x00, 0xe0, 0xbb, 0x00, 0x00, 0x87, 0xbb,
  0xff, 0xff, 0xfe, 0x3b, 0x05, 0x80, 0x74, 0x3c, 0xfe, 0x7f, 0xb9, 0x3c,
  0x03, 0xc0, 0xc8, 0x3c, 0x02, 0x40, 0x9d, 0x3c, 0x00, 0x40, 0xa6, 0x3c,
  0xff, 0x3f, 0xcb, 0x3c, 0x00, 0xc0, 0xf6, 0x3c, 0x01, 0x80, 0x28, 0x3d,
  0x00, 0xa0, 0x26, 0x3d, 0xff, 0xdf, 0x10, 0x3d, 0x02, 0x80, 0xe5, 0x3c,
  0xfe, 0xff, 0x89, 0x3c, 0x00, 0x00, 0x40, 0x3c, 0xff, 0xff, 0xdd, 0x3b,
  0x00, 0x00, 0x87, 0x3b, 0x00, 0x00, 0x98, 0x3a, 0x01, 0x00, 0x14, 0x3b,
  0x00, 0x00, 0x91, 0x3b, 0x00, 0x80, 0x0b, 0x3c, 0xff, 0x7f, 0x56, 0x3c,
  0x01, 0x40, 0xa4, 0x3c, 0xfe, 0x7f, 0xde, 0x3c, 0xff, 0xdf, 0x12, 0x3d,
  0x00, 0x60, 0x39, 0x3d, 0x00, 0x60, 0x4c, 0x3d, 0x01, 0x20, 0x5e, 0x3d,
  0x00, 0x80, 0x52, 0x3d, 0xff, 0x1f, 0x48, 0x3d, 0x01, 0x40, 0x31, 0x3d,
  0x01, 0xa0, 0x1e, 0x3d, 0xff, 0x5f, 0x23, 0x3d, 0xff, 0xdf, 0x23, 0x3d,
  0x00, 0xa0, 0x22, 0x3d, 0x00, 0x40, 0x19, 0x3d, 0x01, 0xc0, 0xd1, 0x3c,
  0xfe, 0xff, 0x8c, 0x3c, 0x00, 0x00, 0x40, 0x3c, 0x00, 0x80, 0x0d, 0x3c,
  0x00, 0x80, 0x6d, 0x3c, 0x00, 0x80, 0x6f, 0x3c, 0x00, 0x80, 0x04, 0x3c,
  0xff, 0xff, 0x4f, 0x3a, 0xfe, 0xff, 0x89, 0xbc, 0x01, 0x40, 0xc2, 0xbc,
  0xff, 0xbf, 0xc0, 0xbc, 0x02, 0x40, 0x9d, 0xbc, 0xff, 0xff, 0x96, 0xbb,
  0xff, 0xff, 0x79, 0x3b, 0xfd, 0xff, 0x4f, 0x3c, 0x03, 0x00, 0xb1, 0x3c,
  0xff, 0x9f, 0x08, 0x3d, 0x01, 0x00, 0x29, 0x3d, 0x00, 0xc0, 0x57, 0x3d,
  0x00, 0xc0, 0x59, 0x3d, 0x00, 0x40, 0x59, 0x3d, 0x00, 0xc0, 0x29, 0x3d,
  0xfe, 0x7f, 0xdd, 0x3c, 0x00, 0x80, 0x10, 0xbc, 0xff, 0x5f, 0x5f, 0xbd,
  0xfe, 0x2f, 0xe2, 0xbd, 0xff, 0xef, 0x33, 0xbe, 0xff, 0x2f, 0x5d, 0xbe,
  0x02, 0xa0, 0x86, 0xbe, 0xff, 0x77, 0x84, 0xbe, 0x02, 0x5c, 0x82, 0xbe,
  0xfe, 0x3f, 0x43, 0xbe, 0xff, 0x27, 0x02, 0xbe, 0x02, 0x40, 0x99, 0xbc,
  0xfc, 0xdf, 0xf1, 0x3d, 0x01, 0xa4, 0x86, 0x3e, 0x00, 0x40, 0xf1, 0x3e,
  0x00, 0x08, 0x1f, 0x3f, 0x00, 0x6a, 0x4d, 0x3f, 0xff, 0x47, 0x66, 0x3f,
  0xff, 0xdb, 0x7c, 0x3f, 0x00, 0xfe, 0x7f, 0x3f, 0x00, 0x92, 0x7e, 0x3f,
  0x00, 0xe6, 0x6c, 0x3f, 0x00, 0x3a, 0x56, 0x3f, 0x00, 0x9e, 0x30, 0x3f,
  0xff, 0x81, 0x06, 0x3f, 0x00, 0x68, 0xae, 0x3e, 0x02, 0x60, 0x09, 0x3e,
  0x00, 0x40, 0xe5, 0xbc, 0xfe, 0x4f, 0x44, 0xbe, 0x00, 0xd0, 0x80, 0xbe,
  0xff, 0x1f, 0x9f, 0xbe, 0xff, 0x6b, 0x96, 0xbe, 0x00, 0x24, 0x8e, 0xbe,
  0x00, 0x08, 0x7b, 0xbe, 0x01, 0xd8, 0x5d, 0xbe, 0x03, 0xf8, 0x3d, 0xbe,
  0x03, 0x98, 0x22, 0xbe, 0xfe, 0x97, 0x10, 0xbe, 0x01, 0x90, 0x09, 0xbe,
  0xfd, 0x17, 0x33, 0xbe, 0xff, 0xdf, 0x62, 0xbe, 0x00, 0x30, 0xa8, 0xbe,
  0x01, 0xa4, 0xd6, 0xbe, 0x01, 0x74, 0x0b, 0xbf, 0x01, 0x40, 0x22, 0xbf,
  0x01, 0xf0, 0x35, 0xbf, 0x00, 0x10, 0x41, 0xbf, 0x00, 0x4a, 0x3f, 0xbf,
  0x01, 0xac, 0x39, 0xbf, 0xff, 0xd7, 0x25, 0xbf, 0x01, 0xc2, 0x15, 0xbf,
  0x01, 0xbc, 0xfe, 0xbe, 0xfe, 0x7b, 0xd8, 0xbe, 0xfe, 0xaf, 0xa7, 0xbe,
  0xfe, 0x47, 0x7e, 0xbe, 0x02, 0x10, 0x17, 0xbe, 0x00, 0x70, 0xab, 0xbd,
  0xff, 0x3f, 0xcb, 0xbc, 0x02, 0x80, 0x25, 0xbc, 0x00, 0x40, 0xc8, 0xbc,
  0x00, 0x20, 0x26, 0xbd, 0x00, 0x00, 0xa1, 0xbd, 0x00, 0x80, 0xa0, 0xbd,
  0x00, 0xa0, 0x9e, 0xbd, 0x00, 0xc0, 0x35, 0xbd, 0x02, 0x00, 0x10, 0xbb,
  0x00, 0x40, 0x46, 0x3d, 0x02, 0x50, 0xd0, 0x3d, 0x02, 0x50, 0x28, 0x3e,
  0x02, 0xc8, 0x6f, 0x3e, 0x00, 0x0c, 0x9e, 0x3e, 0x02, 0xa0, 0xc6, 0x3e,
  0x00, 0x80, 0xe2, 0x3e, 0xff, 0x5b, 0xfd, 0x3e, 0x01, 0x84, 0x00, 0x3f,
  0xff, 0x25, 0x02, 0x3f, 0x00, 0x2c, 0xf0, 0x3e, 0x00, 0x40, 0xdd, 0x3e,
  0xff, 0x77, 0xbc, 0x3e, 0xff, 0x27, 0x9e, 0x3e, 0xff, 0x23, 0x87, 0x3e,
  0xfd, 0x0f, 0x65, 0x3e, 0xff, 0x6f, 0x49, 0x3e, 0xfe, 0x97, 0x30, 0x3e,
  0x00, 0x70, 0x1c, 0x3e, 0xff, 0xff, 0x0c, 0x3e, 0x00, 0xd8, 0x12, 0x3e,
  0xfd, 0x47, 0x13, 0x3e, 0x03, 0x40, 0x1d, 0x3e, 0x00, 0x20, 0x1a, 0x3e,
  0x02, 0x00, 0x0e, 0x3e, 0xfc, 0x3f, 0xf2, 0x3d, 0x00, 0x50, 0xa9, 0x3d,
  0x01, 0x60, 0x24, 0x3d, 0x01, 0x40, 0xdf, 0xbc, 0x00, 0x10, 0xb4, 0xbd,
  0x03, 0x80, 0x26, 0xbe, 0xfd, 0x67, 0x5d, 0xbe, 0xff, 0x37, 0x8b, 0xbe,
  0xff, 0x17, 0xa1, 0xbe, 0x00, 0x24, 0xba, 0xbe, 0x01, 0xf0, 0xc5, 0xbe,
  0x01, 0xb4, 0xcf, 0xbe, 0x01, 0xc4, 0xc8, 0xbe, 0x02, 0x28, 0xb7, 0xbe,
  0x00, 0x9c, 0xa9, 0xbe, 0xff, 0xbf, 0x98, 0xbe, 0x01, 0x10, 0x90, 0xbe,
  0xfe, 0x6b, 0x87, 0xbe, 0xfe, 0x47, 0x7e, 0xbe, 0x03, 0x68, 0x6a, 0xbe,
  0x02, 0xc8, 0x6a, 0xbe, 0xff, 0x87, 0x6d, 0xbe, 0x00, 0xc8, 0x79, 0xbe,
  0x00, 0x74, 0x84, 0xbe, 0x00, 0xc8, 0x81, 0xbe, 0x03, 0xf8, 0x7d, 0xbe,
  0x02, 0xd8, 0x70, 0xbe, 0xfe, 0x0f, 0x63, 0xbe, 0xfe, 0x37, 0x4d, 0xbe,
  0xfd, 0xef, 0x35, 0xbe, 0xfb, 0xdf, 0xfb, 0xbd, 0x00, 0xe0, 0x96, 0xbd,
  0x00, 0x80, 0x52, 0xbc, 0x00, 0x60, 0x2d, 0x3d, 0x00, 0x50, 0xab, 0x3d,
  0xfd, 0x1f, 0xf6, 0x3d, 0x00, 0x58, 0x15, 0x3e, 0xfe, 0x4f, 0x2c, 0x3e,
  0x02, 0xc0, 0x34, 0x3e, 0xfd, 0x87, 0x3c, 0x3e, 0xfd, 0x6f, 0x38, 0x3e,
  0xff, 0xbf, 0x38, 0x3e, 0x02, 0x20, 0x38, 0x3e, 0x01, 0x80, 0x38, 0x3e,
  0x02, 0xe0, 0x36, 0x3e, 0x02, 0xe0, 0x36, 0x3e, 0xfd, 0x87, 0x34, 0x3e,
  0x00, 0x50, 0x3a, 0x3e, 0xff, 0x9f, 0x49, 0x3e, 0x01, 0x30, 0x56, 0x3e,
  0xfe, 0xf7, 0x6b, 0x3e, 0xff, 0x6f, 0x71, 0x3e, 0x03, 0xf0, 0x72, 0x3e,
  0x01, 0x18, 0x6a, 0x3e, 0xff, 0x67, 0x5b, 0x3e, 0x01, 0xe0, 0x48, 0x3e,
  0xff, 0x17, 0x31, 0x3e, 0x01, 0x70, 0x17, 0x3e, 0xff, 0xdf, 0xf2, 0x3d,
  0x00, 0x00, 0xb7, 0x3d, 0x01, 0x20, 0x6c, 0x3d, 0x00, 0x40, 0x05, 0x3d,
  0x00, 0x00, 0xce, 0x3b, 0x00, 0x00, 0x81, 0xbc, 0xff, 0x9f, 0x1a, 0xbd,
  0x00, 0x20, 0x53, 0xbd, 0x00, 0x80, 0x86, 0xbd, 0xff, 0x2f, 0x89, 0xbd,
  0x00, 0x50, 0x8a, 0xbd, 0xff, 0xcf, 0x95, 0xbd, 0x00, 0x20, 0xa2, 0xbd,
  0x01, 0x30, 0xca, 0xbd, 0xfc, 0xcf, 0xf0, 0xbd, 0xfe, 0x57, 0x07, 0xbe,
  0x00, 0x28, 0x15, 0xbe, 0x03, 0x00, 0x1c, 0xbe, 0xfe, 0xc7, 0x23, 0xbe,
  0xfd, 0x0f, 0x2d, 0xbe, 0xfe, 0x8f, 0x35, 0xbe, 0xff, 0xd7, 0x3f, 0xbe,
  0x02, 0x00, 0x46, 0xbe, 0xfd, 0x2f, 0x47, 0xbe, 0x01, 0x10, 0x44, 0xbe,
  0xfe, 0x8f, 0x35, 0xbe, 0x00, 0xc0, 0x26, 0xbe, 0xff, 0x9f, 0x09, 0xbe,
  0xfc, 0x8f, 0xec, 0xbd, 0x00, 0xf0, 0xc5, 0xbd, 0x00, 0x70, 0xab, 0xbd,
  0x01, 0x00, 0x9d, 0xbd, 0x00, 0x90, 0x88, 0xbd, 0x00, 0xe0, 0x5c, 0xbd,
  0x01, 0x20, 0x2e, 0xbd, 0x02, 0xc0, 0xed, 0xbc, 0xfe, 0xbf, 0xc2, 0xbc,
  0x00, 0x40, 0xc9, 0xbc, 0x03, 0x40, 0xb8, 0xbc, 0x01, 0x40, 0xc1, 0xbc,
  0x03, 0x80, 0x3e, 0xbc, 0x01, 0x00, 0xae, 0x3b, 0xfe, 0xbf, 0xc4, 0x3c,
  0x01, 0xc0, 0x42, 0x3d, 0x00, 0x80, 0x7e, 0x3d, 0x01, 0xc0, 0x9c, 0x3d,
  0x01, 0x50, 0xa6, 0x3d, 0x00, 0x10, 0xac, 0x3d, 0x00, 0x30, 0xb4, 0x3d,
  0x00, 0x20, 0xbc, 0x3d, 0x00, 0x10, 0xc9, 0x3d, 0x00, 0xc0, 0xd6, 0x3d,
  0x01, 0xb0, 0xd0, 0x3d, 0x00, 0xd0, 0xc9, 0x3d, 0xff, 0x9f, 0xb7, 0x3d,
  0x00, 0x70, 0xa6, 0x3d, 0xff, 0x7f, 0xa3, 0x3d, 0x00, 0x00, 0xa0, 0x3d,
  0x01, 0x60, 0xa0, 0x3d, 0x01, 0x20, 0xa0, 0x3d, 0x00, 0xc0, 0xa0, 0x3d,
  0x00, 0xc0, 0x9e, 0x3d, 0x00, 0xf0, 0x94, 0x3d, 0x00, 0xd0, 0x87, 0x3d,
  0x01, 0x00, 0x4d, 0x3d, 0x01, 0x20, 0x1d, 0x3d, 0xfd, 0x7f, 0xff, 0x3c,
  0x00, 0x40, 0xc9, 0x3c, 0xfe, 0x3f, 0xb5, 0x3c, 0x02, 0x80, 0x63, 0x3c,
  0x00, 0x00, 0xdc, 0xbb, 0x00, 0x80, 0xae, 0xbc, 0x01, 0xe0, 0x16, 0xbd,
  0x00, 0xc0, 0x45, 0xbd, 0xff, 0x1f, 0x6a, 0xbd, 0xff, 0x7f, 0x83, 0xbd,
  0x01, 0xf0, 0x92, 0xbd, 0x00, 0x30, 0x93, 0xbd, 0x00, 0x00, 0x7f, 0xbd,
  0x00, 0xe0, 0x82, 0xbd, 0x00, 0x90, 0x8f, 0xbd, 0x00, 0xa0, 0xa4, 0xbd,
  0x00, 0x10, 0xcb, 0xbd, 0x00, 0x50, 0xca, 0xbd, 0x01, 0xe0, 0xb8, 0xbd,
  0x00, 0x90, 0xb1, 0xbd, 0xff, 0x3f, 0xa3, 0xbd, 0x00, 0x60, 0xbc, 0xbd,
  0x00, 0x30, 0xe3, 0xbd, 0x02, 0xa0, 0xf5, 0xbd, 0x00, 0x28, 0x05, 0xbe,
  0x03, 0x60, 0xf7, 0xbd, 0xfc, 0xbf, 0xdf, 0xbd, 0x00, 0x80, 0xbf, 0xbd,
  0x00, 0xa0, 0x9e, 0xbd, 0x00, 0x20, 0x83, 0xbd, 0xff, 0x3f, 0x4c, 0xbd,
  0xff, 0x5f, 0x1f, 0xbd, 0x01, 0x40, 0xe3, 0xbc, 0x00, 0x80, 0x6d, 0xbc,
  0xfe, 0xff, 0x0b, 0xbb, 0xfc, 0x7f, 0x26, 0x3c, 0x01, 0x80, 0xab, 0x3c,
  0x00, 0x80, 0xad, 0x3c, 0x00, 0x80, 0xad, 0x3c, 0x00, 0x80, 0x2f, 0x3c,
  0xff, 0xff, 0x8f, 0x3b, 0xff, 0xff, 0x91, 0x3b, 0x00, 0x00, 0xb6, 0x3b,
  0xfc, 0x7f, 0x47, 0x3c, 0x01, 0x80, 0x88, 0x3c, 0x01, 0x80, 0x8b, 0x3c,
  0x00, 0xc0, 0xb5, 0x3c, 0xff, 0x7f, 0x07, 0x3d, 0xff, 0xbf, 0x3c, 0x3d,
  0x00, 0xb0, 0x93, 0x3d, 0x00, 0x90, 0xb3, 0x3d, 0x02, 0x20, 0xd8, 0x3d,
  0x03, 0x10, 0xe2, 0x3d, 0x03, 0x60, 0xd7, 0x3d, 0x00, 0x10, 0xc7, 0x3d,
  0x00, 0x70, 0xa7, 0x3d, 0x00, 0x90, 0x8a, 0x3d, 0xff, 0x3f, 0x4e, 0x3d,
  0xff, 0x3f, 0x0c, 0x3d, 0x02, 0x80, 0x46, 0x3c, 0xfe, 0xff, 0xff, 0x38,
  0xfc, 0x7f, 0x45, 0xbc, 0xfc, 0xff, 0x76, 0xbc, 0x02, 0x80, 0x81, 0xbc,
  0x03, 0x80, 0x40, 0xbc, 0x01, 0x00, 0xba, 0xbb, 0xff, 0xff, 0x85, 0x3b,
  0x01, 0x80, 0x88, 0x3c, 0x00, 0x80, 0x91, 0x3c, 0xfe, 0x7f, 0x9c, 0x3c,
  0xff, 0xff, 0xe9, 0x3b, 0x00, 0x00, 0xc0, 0xbb, 0xff, 0xff, 0x86, 0xbc,
  0x02, 0x40, 0xdb, 0xbc, 0x01, 0xc0, 0x14, 0xbd, 0x01, 0x00, 0x3d, 0xbd,
  0xff, 0x5f, 0x6f, 0xbd, 0x00, 0x50, 0x8f, 0xbd, 0x00, 0x90, 0xaa, 0xbd,
  0x00, 0xa0, 0xc2, 0xbd, 0xfd, 0x4f, 0xce, 0xbd, 0x02, 0x00, 0xd6, 0xbd,
  0x00, 0x80, 0xc0, 0xbd, 0x01, 0xd0, 0xae, 0xbd, 0x00, 0xd0, 0x8f, 0xbd,
  0x01, 0x20, 0x6e, 0xbd, 0x01, 0x80, 0x3c, 0xbd, 0x00, 0xc0, 0x15, 0xbd,
  0x00, 0xc0, 0xd9, 0xbc, 0xfd, 0xff, 0xae, 0xbc, 0xff, 0xbf, 0xbf, 0xbc,
  0xfe, 0xbf, 0xc1, 0xbc, 0x02, 0x40, 0xd9, 0xbc, 0x02, 0xc0, 0xc9, 0xbc,
  0x02, 0x80, 0x84, 0xbc, 0xff, 0xff, 0x82, 0xbc, 0x01, 0x40, 0xbf, 0xbc,
  0x01, 0x40, 0xe3, 0xbc, 0x01, 0x20, 0x1e, 0xbd, 0x01, 0x00, 0xfd, 0xbc,
  0x05, 0x80, 0x34, 0xbc, 0x00, 0x00, 0x8c, 0x3b, 0x02, 0xc0, 0xcb, 0x3c,
  0x00, 0x40, 0xea, 0x3c, 0x03, 0x40, 0xd8, 0x3c, 0x03, 0x40, 0xd8, 0x3c,
  0x02, 0xc0, 0xca, 0x3c, 0x02, 0xc0, 0xe9, 0x3c, 0x01, 0x00, 0x0b, 0x3d,
  0x01, 0xe0, 0x17, 0x3d, 0x00, 0x20, 0x26, 0x3d, 0xff, 0xdf, 0x23, 0x3d,
  0xff, 0x5f, 0x21, 0x3d, 0x00, 0xc0, 0x08, 0x3d, 0x02, 0x40, 0xda, 0x3c,
  0x01, 0x40, 0xc0, 0x3c, 0xff, 0xff, 0xa5, 0x3c, 0x00, 0x40, 0xc8, 0x3c,
  0x00, 0x40, 0xe6, 0x3c, 0x02, 0xc0, 0xca, 0x3c, 0x00, 0x80, 0xad, 0x3c,
  0x00, 0x80, 0x01, 0x3c, 0xff, 0xff, 0x1f, 0xbb, 0xff, 0xff, 0xeb, 0xbb,
  0xff, 0x7f, 0x35, 0xbc, 0xff, 0xff, 0xf2, 0xbb, 0x00, 0x00, 0xe4, 0xbb,
  0x01, 0x80, 0x48, 0xbc, 0xfe, 0xff, 0x8c, 0xbc, 0x00, 0x40, 0xc6, 0xbc,
  0xff, 0x3f, 0xf0, 0xbc, 0xff, 0xff, 0x04, 0xbd, 0x01, 0x40, 0x14, 0xbd,
  0xff, 0xdf, 0x33, 0xbd, 0x01, 0xc0, 0x42, 0xbd, 0x00, 0xc0, 0x46, 0xbd,
  0xff, 0x3f, 0x3b, 0xbd, 0xff, 0x3f, 0x0c, 0xbd, 0xfe, 0x7f, 0xfd, 0xbc,
  0x01, 0xc0, 0x00, 0xbd, 0x01, 0xc0, 0x02, 0xbd, 0xff, 0xff, 0x12, 0xbd,
  0x00, 0x80, 0x02, 0xbd, 0xfe, 0xff, 0xa9, 0xbc, 0x00, 0x80, 0x90, 0xbc,
  0x03, 0x80, 0x80, 0xbc, 0x02, 0x80, 0xa4, 0xbc, 0xff, 0x7f, 0xf8, 0xbc,
  0xff, 0x7f, 0x04, 0xbd, 0xff, 0xbf, 0x0d, 0xbd, 0x00, 0x80, 0xf1, 0xbc,
  0x00, 0xc0, 0xb9, 0xbc, 0xff, 0xff, 0x82, 0xbc, 0x00, 0x80, 0x0f, 0xbc,
  0x00, 0x00, 0x40, 0xba, 0xff, 0xff, 0xf0, 0x3b, 0x01, 0x80, 0x88, 0x3c,
  0x02, 0x40, 0xd9, 0x3c, 0x00, 0xc0, 0x09, 0x3d, 0x01, 0x60, 0x27, 0x3d,
  0xff, 0xff, 0x34, 0x3d, 0x00, 0x00, 0x41, 0x3d, 0xff, 0xff, 0x43, 0x3d,
  0xff, 0xff, 0x46, 0x3d, 0xff, 0xff, 0x46, 0x3d, 0x00, 0x40, 0x46, 0x3d,
  0x00, 0x80, 0x3f, 0x3d, 0xff, 0xff, 0x36, 0x3d, 0x00, 0xe0, 0x1d, 0x3d,
  0xff, 0xff, 0x07, 0x3d, 0x01, 0x40, 0xc2, 0x3c, 0xff, 0x7f, 0x96, 0x3c,
  0x00, 0x80, 0x90, 0x3c, 0x01, 0x00, 0x99, 0x3c, 0x01, 0x40, 0xe4, 0x3c,
  0xff, 0x7f, 0x03, 0x3d, 0xff, 0x3f, 0x0b, 0x3d, 0x00, 0xc0, 0x09, 0x3d,
  0xff, 0x7f, 0xf3, 0x3c, 0x01, 0x40, 0xe0, 0x3c, 0x00, 0xc0, 0xd5, 0x3c,
  0x02, 0x40, 0xbc, 0x3c, 0x00, 0x80, 0x92, 0x3c, 0x04, 0x80, 0x38, 0x3c,
  0x02, 0x00, 0x90, 0x3a, 0x00, 0x00, 0x8c, 0xbb, 0x00, 0x80, 0x1e, 0xbc,
  0xfd, 0x7f, 0x3f, 0xbc, 0x02, 0x80, 0x42, 0xbc, 0x00, 0x00, 0x81, 0xbc,
  0xfe, 0xff, 0xaa, 0xbc, 0x00, 0x40, 0xca, 0xbc, 0x03, 0x00, 0xf1, 0xbc,
  0x00, 0xc0, 0xd6, 0xbc, 0xfe, 0xff, 0xa8, 0xbc, 0xfe, 0x7f, 0x9c, 0xbc,
  0xfe, 0xff, 0x8c, 0xbc, 0x00, 0x00, 0xa2, 0xbc, 0xff, 0xbf, 0xc0, 0xbc,
  0x02, 0x80, 0x83, 0xbc, 0x00, 0x80, 0x01, 0xbc, 0x00, 0x00, 0xcc, 0xbb,
  0xff, 0xff, 0x9d, 0xbb, 0xff, 0x7f, 0x95, 0xbc, 0x02, 0x00, 0xf5, 0xbc,
  0xfe, 0xbf, 0xe4, 0xbc, 0x01, 0xc0, 0xd3, 0xbc, 0x03, 0x80, 0x5d, 0xbc,
  0x01, 0x00, 0x88, 0xbb, 0xff, 0xff, 0x9d, 0xbb, 0xff, 0xff, 0x9f, 0xbb,
  0x00, 0x80, 0x22, 0xbc, 0xfd, 0x7f, 0x3f, 0xbc, 0x00, 0x00, 0xa8, 0xbb,
  0xff, 0xff, 0xbf, 0x39, 0xfc, 0x7f, 0x47, 0x3c, 0xff, 0x7f, 0x94, 0x3c,
  0x02, 0x80, 0xa2, 0x3c, 0xff, 0x7f, 0x96, 0x3c, 0x00, 0x00, 0xe4, 0x3b,
  0xff, 0xff, 0xcf, 0x3a, 0x01, 0x00, 0x48, 0xbb, 0x01, 0x00, 0x48, 0xbb,
  0xff, 0xff, 0x9d, 0x3b, 0x00, 0x00, 0x9c, 0x3b, 0xfe, 0xff, 0xd7, 0xba,
  0x00, 0x00, 0xb4, 0xbb, 0x04, 0x80, 0x59, 0xbc, 0xff, 0xff, 0xfe, 0xbb,
  0x01, 0x00, 0xd4, 0x3b, 0xfb, 0xff, 0x7e, 0x3c, 0xfe, 0xbf, 0xe2, 0x3c,
  0x02, 0x00, 0xf7, 0x3c, 0x02, 0x00, 0xf3, 0x3c, 0x01, 0x00, 0xf9, 0x3c,
  0x00, 0x80, 0x00, 0x3d, 0x01, 0x00, 0xfc, 0x3c, 0x02, 0x00, 0xf6, 0x3c,
  0xff, 0xbf, 0xdd, 0x3c, 0xfe, 0xbf, 0xc2, 0x3c, 0x00, 0x80, 0xaf, 0x3c,
  0x01, 0x00, 0x9c, 0x3c, 0xfe, 0x7f, 0x5e, 0x3c, 0x00, 0x80, 0x03, 0x3c,
  0x00, 0x00, 0x9c, 0x3b, 0xff, 0xff, 0xcf, 0x3a, 0x00, 0x00, 0x1c, 0x3b,
  0x00, 0x00, 0x4c, 0x3b, 0x02, 0x00, 0x10, 0x3b, 0x03, 0x00, 0xb8, 0x3a,
  0x02, 0x00, 0x90, 0xba, 0xfe, 0xff, 0x57, 0xbb, 0x00, 0x00, 0x82, 0xbb,
  0x01, 0x00, 0x96, 0xbb, 0xfe, 0xff, 0x6f, 0xbb, 0x00, 0x00, 0x34, 0xbb,
  0x03, 0x00, 0x88, 0xba, 0x00, 0x00, 0x30, 0x3a, 0x01, 0x00, 0xba, 0x3b,
  0x00, 0x80, 0x00, 0x3c, 0x00, 0x00, 0xdc, 0x3b, 0x00, 0x00, 0xb4, 0x3b,
  0x00, 0x00, 0x98, 0x3a, 0x00, 0x00, 0x80, 0x3a, 0xff, 0xff, 0xd1, 0x3b,
  0x01, 0x80, 0x06, 0x3c, 0x00, 0x80, 0x1b, 0x3c, 0xff, 0xff, 0xe9, 0x3b,
  0xfe, 0xff, 0xff, 0x38, 0x02, 0x00, 0x40, 0xbb, 0xff, 0xff, 0xab, 0xbb,
  0x00, 0x80, 0x12, 0xbc, 0x00, 0x80, 0x6d, 0xbc, 0x01, 0x80, 0x8c, 0xbc,
  0x02, 0x80, 0xa5, 0xbc, 0x00, 0x00, 0x80, 0xbc, 0x00, 0x00, 0xb4, 0xbb,
  0xff, 0xff, 0xcf, 0xbb, 0x00, 0x80, 0x0b, 0xbc, 0xfe, 0xff, 0xab, 0xbc,
  0xff, 0xdf, 0x21, 0xbd, 0xff, 0xdf, 0x21, 0xbd, 0x01, 0x20, 0x1c, 0xbd,
  0x01, 0xc0, 0xcf, 0xbc, 0x00, 0x80, 0x1e, 0xbc, 0x00, 0x80, 0x31, 0xbc,
  0x01, 0x80, 0x4c, 0xbc, 0x00, 0x00, 0xa2, 0xbc, 0x02, 0x40, 0xd9, 0xbc,
  0xfd, 0xff, 0x8e, 0xbc, 0x00, 0x80, 0x0c, 0xbc, 0xff, 0xff, 0xdd, 0x3b,
  0xfe, 0x7f, 0x9d, 0x3c, 0xff, 0xff, 0x83, 0x3c, 0x00, 0x80, 0x50, 0x3c,
  0xff, 0xff, 0x91, 0xbb, 0xfe, 0xff, 0x8d, 0xbc, 0x03, 0xc0, 0xe8, 0xbc,
  0x00, 0x40, 0x09, 0xbd, 0x03, 0x00, 0xb1, 0xbc, 0xff, 0x7f, 0x56, 0xbc,
  0x02, 0x00, 0x40, 0x39, 0x01, 0x00, 0xd6, 0x3b, 0x00, 0x00, 0x80, 0x3a,
  0x03, 0x00, 0xb8, 0x3a, 0xff, 0xff, 0xa9, 0x3b, 0x05, 0x80, 0x53, 0x3c,
  0xff, 0xbf, 0x0c, 0x3d, 0x00, 0xe0, 0x2e, 0x3d, 0xff, 0xbf, 0x3c, 0x3d,
  0xff, 0x5f, 0x32, 0x3d, 0xff, 0xff, 0x05, 0x3d, 0xfe, 0x3f, 0xd3, 0x3c,
  0xfe, 0xff, 0x88, 0x3c, 0x00, 0x80, 0x09, 0x3c, 0x00, 0x00, 0x80, 0xbb,
  0x01, 0x00, 0xe2, 0xbb, 0x00, 0x80, 0x02, 0xbc, 0xfe, 0xff, 0x23, 0xbb,
  0x00, 0x80, 0x08, 0x3c, 0xff, 0xff, 0xf2, 0x3b, 0x02, 0x00, 0x5c, 0x3b,
  0xfe, 0xff, 0x0b, 0x3b, 0x00, 0x00, 0xe0, 0xb9, 0x05, 0x80, 0x34, 0x3c,
  0x01, 0xc0, 0xd2, 0x3c, 0x00, 0x00, 0x02, 0x3d, 0xff, 0x1f, 0x1a, 0x3d,
  0x01, 0xc0, 0x01, 0x3d, 0x02, 0xc0, 0xcc, 0x3c, 0x02, 0x80, 0xa5, 0x3c,
  0x00, 0x00, 0x80, 0x3c, 0x00, 0x80, 0x05, 0x3c, 0x03, 0x00, 0xb8, 0x3a,
  0x02, 0x00, 0xc0, 0x3a, 0x01, 0x00, 0x14, 0x3b, 0x01, 0x80, 0x8a, 0x3c,
  0x01, 0x40, 0xe2, 0x3c, 0xff, 0x7f, 0x04, 0x3d, 0x01, 0x40, 0x13, 0x3d,
  0x01, 0xc0, 0xef, 0x3c, 0xfe, 0xbf, 0xe3, 0x3c, 0x01, 0x20, 0x1d, 0x3d,
  0x00, 0x00, 0x3f, 0x3d, 0x01, 0x00, 0x7a, 0x3d, 0x00, 0xd0, 0x88, 0x3d,
  0x00, 0xe0, 0x6c, 0x3d, 0x01, 0x60, 0x55, 0x3d, 0x00, 0xa0, 0x24, 0x3d,
  0x01, 0x40, 0x13, 0x3d, 0x00, 0x60, 0x1d, 0x3d, 0x00, 0xa0, 0x24, 0x3d,
  0x00, 0xc0, 0x35, 0x3d, 0x01, 0x80, 0x38, 0x3d, 0x01, 0xa0, 0x2d, 0x3d,
  0x00, 0x20, 0x33, 0x3d, 0x01, 0x40, 0x42, 0x3d, 0x00, 0x20, 0x53, 0x3d,
  0x01, 0xa0, 0x6e, 0x3d, 0xff, 0x7f, 0x74, 0x3d, 0xff, 0xff, 0x72, 0x3d,
  0x00, 0x40, 0x77, 0x3d, 0x01, 0x20, 0x80, 0x3d, 0x00, 0x00, 0x7e, 0x3d,
  0x01, 0x80, 0x7c, 0x3d, 0xff, 0x9f, 0x5a, 0x3d, 0x00, 0xa0, 0x31, 0x3d,
  0xff, 0x3f, 0x0c, 0x3d, 0xfe, 0xbf, 0xc5, 0x3c, 0x02, 0x80, 0xa1, 0x3c,
  0x00, 0x00, 0x82, 0x3c, 0xfe, 0x7f, 0x5a, 0x3c, 0x05, 0x80, 0x32, 0x3c,
  0x03, 0x80, 0x3e, 0x3c, 0x01, 0x80, 0x4c, 0x3c, 0xfc, 0xff, 0x74, 0x3c,
  0xfd, 0xff, 0x8f, 0x3c, 0xff, 0xbf, 0xbd, 0x3c, 0x02, 0x00, 0xf3, 0x3c,
  0x01, 0x40, 0x50, 0x3d, 0x00, 0x50, 0x89, 0x3d, 0x00, 0x40, 0x9d, 0x3d,
  0x00, 0x60, 0xa5, 0x3d, 0x00, 0x40, 0x7a, 0x3d, 0x00, 0x60, 0x2b, 0x3d,
  0x01, 0x00, 0x94, 0x3b, 0xff, 0x7f, 0xf4, 0xbc, 0x00, 0xd0, 0xaf, 0xbd,
  0xff, 0xc7, 0x06, 0xbe, 0x02, 0x28, 0x43, 0xbe, 0x00, 0xc0, 0x66, 0xbe,
  0x01, 0xe4, 0x83, 0xbe, 0x00, 0xfc, 0x84, 0xbe, 0x01, 0x08, 0x79, 0xbe,
  0x01, 0xc8, 0x4c, 0xbe, 0x04, 0x00, 0xf7, 0xbd, 0x00, 0x80, 0xaf, 0xbc,
  0x00, 0xb0, 0xc0, 0x3d, 0x01, 0x50, 0x75, 0x3e, 0xff, 0x7f, 0xc7, 0x3e,
  0x01, 0x72, 0x09, 0x3f, 0x00, 0x04, 0x2d, 0x3f, 0x00, 0x9c, 0x45, 0x3f,
  0x00, 0xf8, 0x59, 0x3f, 0x01, 0x1e, 0x5c, 0x3f, 0x00, 0x06, 0x5b, 0x3f,
  0xff, 0x8d, 0x42, 0x3f, 0x01, 0x74, 0x29, 0x3f, 0x00, 0x1c, 0xef, 0x3e,
  0xff, 0x5f, 0x90, 0x3e, 0x00, 0xc0, 0xf6, 0x3c, 0xff, 0x6f, 0x39, 0xbe,
  0x01, 0xbc, 0xde, 0xbe, 0x00, 0x0e, 0x1f, 0xbf, 0xff, 0xfd, 0x4c, 0xbf,
  0x00, 0x36, 0x6b, 0xbf, 0x00, 0x2c, 0x7c, 0xbf, 0x00, 0xfe, 0x7f, 0xbf,
  0xff, 0x6f, 0x71, 0xbf, 0xff, 0x03, 0x5e, 0xbf, 0x01, 0x94, 0x39, 0xbf,
  0x00, 0x52, 0x19, 0xbf, 0x01, 0xec, 0xd5, 0xbe, 0xff, 0x6b, 0x92, 0xbe,
  0x00, 0xa0, 0x04, 0xbe, 0xfe, 0xff, 0xe9, 0xbc, 0x00, 0xa0, 0x8d, 0x3d,
  0xfe, 0x9f, 0xde, 0x3d, 0x01, 0x80, 0x08, 0x3e, 0x00, 0xa0, 0xf4, 0x3d,
  0x00, 0xc0, 0xb1, 0x3d, 0x00, 0xc0, 0x49, 0x3d, 0x02, 0x00, 0x40, 0xb9,
  0xfe, 0xbf, 0xa6, 0xbc, 0x00, 0xe0, 0x3a, 0xbd, 0x02, 0xc0, 0xad, 0xbc,
  0xff, 0xff, 0x98, 0x3b, 0x00, 0x30, 0x9e, 0x3d, 0xfe, 0xdf, 0x1f, 0x3e,
  0x01, 0x84, 0x84, 0x3e, 0x01, 0xdc, 0xb8, 0x3e, 0x01, 0xcc, 0xeb, 0x3e,
  0x00, 0x1e, 0x0d, 0x3f, 0xff, 0x69, 0x1c, 0x3f, 0xff, 0xed, 0x29, 0x3f,
  0x00, 0xc6, 0x29, 0x3f, 0x00, 0x84, 0x27, 0x3f, 0x01, 0x34, 0x12, 0x3f,
  0xff, 0x5b, 0xf9, 0x3e, 0x00, 0xdc, 0xad, 0x3e, 0xfe, 0x97, 0x58, 0x3e,
  0xff, 0x9f, 0x39, 0x3d, 0x00, 0xe0, 0xae, 0xbd, 0x01, 0xe8, 0x5e, 0xbe,
  0x00, 0x6c, 0xa5, 0xbe, 0xff, 0x43, 0xd1, 0xbe, 0xff, 0x83, 0xee, 0xbe,
  0x01, 0xf4, 0xfc, 0xbe, 0xff, 0x6b, 0x00, 0xbf, 0xff, 0xff, 0xf0, 0xbe,
  0x01, 0xf8, 0xdf, 0xbe, 0x00, 0xb8, 0xbc, 0xbe, 0xff, 0xbf, 0xa3, 0xbe,
  0x00, 0xd8, 0x82, 0xbe, 0x03, 0x30, 0x5c, 0xbe, 0x01, 0x40, 0x34, 0xbe,
  0x03, 0xa0, 0x20, 0xbe, 0xfe, 0x3f, 0x13, 0xbe, 0x02, 0xb8, 0x11, 0xbe,
  0x03, 0x18, 0x18, 0xbe, 0xfd, 0x5f, 0x1f, 0xbe, 0x01, 0x60, 0x2e, 0xbe,
  0xff, 0x5f, 0x30, 0xbe, 0x03, 0x50, 0x36, 0xbe, 0xfe, 0x9f, 0x1e, 0xbe,
  0x01, 0xd8, 0x05, 0xbe, 0x01, 0xe0, 0x98, 0xbd, 0xfc, 0xff, 0x36, 0xbc,
  0xff, 0xef, 0x81, 0x3d, 0x00, 0x00, 0x10, 0x3e, 0x00, 0x68, 0x5e, 0x3e,
  0xff, 0xbb, 0x94, 0x3e, 0x01, 0xbc, 0xb2, 0x3e, 0xff, 0xbf, 0xcf, 0x3e,
  0x00, 0xd0, 0xdc, 0x3e, 0x00, 0x90, 0xe7, 0x3e, 0xfe, 0xd7, 0xdc, 0x3e,
  0x01, 0x4c, 0xd1, 0x3e, 0x00, 0x50, 0xb2, 0x3e, 0x00, 0xf8, 0x95, 0x3e,
  0x02, 0xd0, 0x55, 0x3e, 0xfd, 0x1f, 0x0e, 0x3e, 0xff, 0xff, 0x73, 0x3d,
  0x00, 0x80, 0x03, 0xbc, 0xff, 0x9f, 0x8f, 0xbd, 0x03, 0xa0, 0xf0, 0xbd,
  0xff, 0x97, 0x1b, 0xbe, 0xff, 0x67, 0x33, 0xbe, 0xfe, 0xaf, 0x34, 0xbe,
  0x02, 0xd0, 0x35, 0xbe, 0x00, 0x78, 0x27, 0xbe, 0xfe, 0xd7, 0x21, 0xbe,
  0x00, 0x40, 0x19, 0xbe, 0x03, 0xf8, 0x15, 0xbe, 0x00, 0xc8, 0x11, 0xbe,
  0xfd, 0x0f, 0x15, 0xbe, 0x00, 0x18, 0x1c, 0xbe, 0xff, 0xcf, 0x29, 0xbe,
  0x03, 0xa0, 0x40, 0xbe, 0xff, 0x7f, 0x4f, 0xbe, 0x03, 0xa8, 0x63, 0xbe,
  0xff, 0x4f, 0x67, 0xbe, 0x01, 0x00, 0x6b, 0xbe, 0xff, 0xb7, 0x5d, 0xbe,
  0xfd, 0xd7, 0x4e, 0xbe, 0x00, 0x60, 0x2b, 0xbe, 0x01, 0x68, 0x01, 0xbe,
  0x01, 0x90, 0x96, 0xbd, 0xff, 0xff, 0x86, 0xbc, 0xff, 0x9f, 0x28, 0x3d,
  0x00, 0xd0, 0xc9, 0x3d, 0x01, 0x40, 0x14, 0x3e, 0x00, 0xe8, 0x43, 0x3e,
  0xfe, 0xef, 0x60, 0x3e, 0x01, 0xe0, 0x7b, 0x3e, 0xfe, 0x87, 0x7f, 0x3e,
  0x00, 0x84, 0x81, 0x3e, 0x03, 0x40, 0x75, 0x3e, 0x03, 0x48, 0x68, 0x3e,
  0x00, 0x08, 0x4e, 0x3e, 0xfd, 0xef, 0x35, 0x3e, 0x01, 0xa0, 0x0f, 0x3e,
  0xff, 0xbf, 0xdb, 0x3d, 0x00, 0x80, 0x92, 0x3d, 0x00, 0x40, 0x35, 0x3d,
  0xfd, 0x7f, 0xdf, 0x3c, 0x04, 0x00, 0x47, 0x3c, 0x00, 0x00, 0xad, 0x3b,
  0xff, 0xff, 0x45, 0xbb, 0xfd, 0x7f, 0x24, 0xbc, 0x02, 0x00, 0x93, 0xbc,
  0x02, 0xc0, 0xcc, 0xbc, 0x00, 0xa0, 0x12, 0xbd, 0xff, 0x5f, 0x4f, 0xbd,
  0x00, 0xe0, 0x83, 0xbd, 0x00, 0x00, 0xa8, 0xbd, 0x01, 0x30, 0xc2, 0xbd,
  0x06, 0x80, 0xda, 0xbd, 0x07, 0xf0, 0xf6, 0xbd, 0x01, 0x90, 0x0e, 0xbe,
  0xff, 0x0f, 0x1e, 0xbe, 0x02, 0xc8, 0x32, 0xbe, 0x00, 0x48, 0x37, 0xbe,
  0x03, 0x10, 0x3a, 0xbe, 0xff, 0x47, 0x2c, 0xbe, 0x02, 0x78, 0x18, 0xbe,
  0x01, 0x38, 0x01, 0xbe, 0x05, 0x70, 0xce, 0xbd, 0x00, 0x40, 0x9a, 0xbd,
  0xff, 0x5f, 0x42, 0xbd, 0x02, 0x00, 0x93, 0xbc, 0xfd, 0xff, 0x51, 0x3c,
  0x01, 0x20, 0x2c, 0x3d, 0x01, 0x60, 0x90, 0x3d, 0x00, 0x50, 0xb8, 0x3d,
  0xfc, 0xcf, 0xe0, 0x3d, 0x00, 0x80, 0xf2, 0x3d, 0x00, 0x98, 0x01, 0x3e,
  0xff, 0x8f, 0xf8, 0x3d, 0x00, 0x00, 0xf0, 0x3d, 0xff, 0x6f, 0xd6, 0x3d,
  0x01, 0xf0, 0xc2, 0x3d, 0x00, 0x60, 0xbb, 0x3d, 0x00, 0x60, 0xb3, 0x3d,
  0x00, 0xf0, 0xac, 0x3d, 0x00, 0x10, 0xa3, 0x3d, 0x00, 0x00, 0x8e, 0x3d,
  0x01, 0x20, 0x7c, 0x3d, 0x01, 0xc0, 0x61, 0x3d, 0xff, 0xbf, 0x4b, 0x3d,
  0x00, 0x20, 0x41, 0x3d, 0xff, 0x1f, 0x29, 0x3d, 0x00, 0x40, 0x0a, 0x3d,
  0x02, 0x80, 0xc3, 0x3c, 0xfc, 0xff, 0x34, 0x3c, 0xff, 0xff, 0xc3, 0xbb,
  0x00, 0xc0, 0xf9, 0xbc, 0x01, 0xe0, 0x54, 0xbd, 0x00, 0x40, 0xa7, 0xbd,
  0xff, 0x1f, 0xc7, 0xbd, 0x07, 0x50, 0xe2, 0xbd, 0xfd, 0x7f, 0xf1, 0xbd,
  0x00, 0x60, 0xfb, 0xbd, 0x01, 0x68, 0x01, 0xbe, 0x01, 0xd8, 0x05, 0xbe,
  0x01, 0x78, 0x02, 0xbe, 0xfa, 0x3f, 0xfc, 0xbd, 0x03, 0x10, 0xe2, 0xbd,
  0x00, 0x10, 0xc1, 0xbd, 0x00, 0x20, 0x9a, 0xbd, 0xff, 0x3f, 0x5d, 0xbd,
  0xff, 0x9f, 0x17, 0xbd, 0xfe, 0xbf, 0xa5, 0xbc, 0x02, 0x80, 0x25, 0xbc,
  0xfe, 0xff, 0xff, 0x38, 0x00, 0x80, 0x05, 0x3c, 0xff, 0xff, 0x84, 0x3c,
  0xfe, 0x7f, 0xda, 0x3c, 0x00, 0x20, 0x15, 0x3d, 0xff, 0x9f, 0x3b, 0x3d,
  0xff, 0x3f, 0x5f, 0x3d, 0x00, 0xc0, 0x77, 0x3d, 0x00, 0xc0, 0x86, 0x3d,
  0x00, 0xb0, 0x8c, 0x3d, 0x00, 0x70, 0x93, 0x3d, 0xff, 0xbf, 0x9b, 0x3d,
  0xff, 0x7f, 0xa3, 0x3d, 0x00, 0x20, 0xb2, 0x3d, 0x00, 0x90, 0xb7, 0x3d,
  0x00, 0xe0, 0xb2, 0x3d, 0xff, 0x5f, 0xa7, 0x3d, 0xff, 0xaf, 0x89, 0x3d,
  0x01, 0xc0, 0x62, 0x3d, 0x01, 0xe0, 0x25, 0x3d, 0x01, 0x00, 0xdd, 0x3c,
  0x05, 0x00, 0x43, 0x3c, 0x04, 0x00, 0xe8, 0xba, 0x02, 0x40, 0x9c, 0xbc,
  0xff, 0x5f, 0x01, 0xbd, 0xff, 0xff, 0x36, 0xbd, 0xff, 0x3f, 0x5f, 0xbd,
  0x00, 0x20, 0x83, 0xbd, 0x00, 0x00, 0x8e, 0xbd, 0x00, 0x90, 0x97, 0xbd,
  0x00, 0xb0, 0x96, 0xbd, 0x00, 0x00, 0x91, 0xbd, 0xff, 0xaf, 0x89, 0xbd,
  0x01, 0x20, 0x7d, 0xbd, 0x01, 0x40, 0x73, 0xbd, 0x01, 0xe0, 0x68, 0xbd,
  0xff, 0x1f, 0x6a, 0xbd, 0x00, 0x60, 0x6e, 0xbd, 0x01, 0xa0, 0x6d, 0xbd,
  0x00, 0xe0, 0x6e, 0xbd, 0xff, 0xdf, 0x51, 0xbd, 0xff, 0xff, 0x33, 0xbd,
  0xff, 0x7f, 0x06, 0xbd, 0x02, 0x00, 0xb6, 0xbc, 0x05, 0x80, 0x70, 0xbc,
  0x01, 0x00, 0xe0, 0xbb, 0x00, 0x00, 0xe6, 0x3b, 0x01, 0x40, 0xa3, 0x3c,
  0xff, 0x3f, 0x1e, 0x3d, 0x00, 0x00, 0x61, 0x3d, 0x00, 0xa0, 0x84, 0x3d,
  0x00, 0xf0, 0x94, 0x3d, 0x00, 0x50, 0x97, 0x3d, 0x01, 0xa0, 0x98, 0x3d,
  0x00, 0x60, 0x91, 0x3d, 0xff, 0x2f, 0x89, 0x3d, 0x01, 0xa0, 0x6e, 0x3d,
  0xff, 0x5f, 0x50, 0x3d, 0x01, 0x60, 0x27, 0x3d, 0x01, 0xc0, 0x02, 0x3d,
  0x03, 0x00, 0xb1, 0x3c, 0xfe, 0xff, 0x4d, 0x3c, 0x00, 0x00, 0x30, 0x3a,
  0xff, 0xff, 0xeb, 0xbb, 0xfe, 0x7f, 0x7b, 0xbc, 0xff, 0x7f, 0x95, 0xbc,
  0xff, 0xff, 0x87, 0xbc, 0x03, 0x80, 0x7e, 0xbc, 0x01, 0x00, 0x3a, 0xbc,
  0x01, 0x80, 0x67, 0xbc, 0x01, 0x40, 0xa1, 0xbc, 0x01, 0xc0, 0xd1, 0xbc,
  0xff, 0x3f, 0x0c, 0xbd, 0x01, 0x60, 0x17, 0xbd, 0xff, 0xbf, 0x1f, 0xbd,
  0x00, 0x80, 0x1d, 0xbd, 0xff, 0x9f, 0x17, 0xbd, 0x00, 0xc0, 0x18, 0xbd,
  0x01, 0x80, 0x1a, 0xbd, 0x00, 0x00, 0x20, 0xbd, 0x01, 0xe0, 0x26, 0xbd,
  0xff, 0x1f, 0x28, 0xbd, 0x00, 0xe0, 0x29, 0xbd, 0x01, 0x00, 0x1c, 0xbd,
  0x00, 0xe0, 0x0d, 0xbd, 0xfe, 0x7f, 0xbb, 0xbc, 0x05, 0x00, 0x45, 0xbc,
  0x02, 0x00, 0xc0, 0x3a, 0x02, 0x80, 0x61, 0x3c, 0x01, 0x80, 0x89, 0x3c,
  0x01, 0x40, 0xa3, 0x3c, 0xfe, 0xff, 0x8a, 0x3c, 0x02, 0x80, 0x86, 0x3c,
  0x00, 0x40, 0xa6, 0x3c, 0x00, 0x00, 0xc0, 0x3c, 0x01, 0x80, 0xea, 0x3c,
  0x02, 0x40, 0xfd, 0x3c, 0x00, 0x80, 0xed, 0x3c, 0x01, 0x00, 0xdb, 0x3c,
  0xff, 0x3f, 0xab, 0x3c, 0x02, 0x80, 0x86, 0x3c, 0xfd, 0x7f, 0x24, 0x3c,
  0xff, 0xff, 0xdd, 0x3b, 0x01, 0x00, 0xa9, 0x3b, 0x00, 0x00, 0xb6, 0x3b,
  0x00, 0x80, 0x21, 0x3c, 0xfc, 0x7f, 0x2a, 0x3c, 0xfc, 0x7f, 0x2a, 0x3c,
  0xff, 0xff, 0xdd, 0x3b, 0x00, 0x00, 0xe0, 0xb9, 0x00, 0x00, 0xab, 0xbb,
  0xfb, 0xff, 0x3e, 0xbc, 0x02, 0x00, 0x53, 0xbc, 0x00, 0x00, 0x42, 0xbc,
  0x04, 0x00, 0x47, 0xbc, 0xfb, 0xff, 0x3e, 0xbc, 0xff, 0xff, 0x83, 0xbc,
  0x01, 0x00, 0xba, 0xbc, 0xfe, 0x3f, 0xd6, 0xbc, 0xfe, 0x3f, 0xf6, 0xbc,
  0x02, 0x80, 0xe2, 0xbc, 0x00, 0x40, 0xc6, 0xbc, 0x02, 0x00, 0xb4, 0xbc,
  0x01, 0x40, 0xa1, 0xbc, 0x00, 0x80, 0x8d, 0xbc, 0xff, 0x7f, 0x75, 0xbc,
  0xff, 0xff, 0xf7, 0xbb, 0x01, 0x00, 0xa0, 0xb9, 0xfe, 0xff, 0x7d, 0x3b,
  0x00, 0x00, 0xfe, 0x3b, 0x01, 0x00, 0xba, 0x3b, 0x01, 0x00, 0x9b, 0x3b,
  0x00, 0x00, 0xe4, 0x3b, 0x00, 0x80, 0x0d, 0x3c, 0xfb, 0x7f, 0x2c, 0x3c,
  0x03, 0x00, 0x30, 0x3c, 0xff, 0xff, 0x8a, 0x3b, 0x02, 0x00, 0x40, 0x39,
  0xff, 0xff, 0x45, 0xbb, 0x00, 0x00, 0x76, 0xbb, 0xfe, 0xff, 0xa7, 0x3a,
  0x01, 0x00, 0x81, 0x3b, 0x00, 0x00, 0xd8, 0x3b, 0x00, 0x00, 0x02, 0x3c,
  0x00, 0x80, 0x05, 0x3c, 0x00, 0x80, 0x11, 0x3c, 0x02, 0x80, 0x25, 0x3c,
  0xfb, 0xff, 0x3c, 0x3c, 0x02, 0x80, 0x63, 0x3c, 0xff, 0x7f, 0x75, 0x3c,
  0xfe, 0xff, 0x88, 0x3c, 0x03, 0x80, 0x7c, 0x3c, 0xfc, 0xff, 0x57, 0x3c,
  0x00, 0x00, 0xf6, 0x3b, 0x00, 0x00, 0xe0, 0xb9, 0x00, 0x80, 0x08, 0xbc,
  0x00, 0xc0, 0x9a, 0xbc, 0x00, 0x40, 0xc7, 0xbc, 0x00, 0xc0, 0xf8, 0xbc,
  0x01, 0xc0, 0xf4, 0xbc, 0x02, 0x80, 0xe5, 0xbc, 0x02, 0xc0, 0xcc, 0xbc,
  0x00, 0x80, 0xae, 0xbc, 0x01, 0x40, 0xa3, 0xbc, 0x00, 0xc0, 0x9a, 0xbc,
  0x01, 0x40, 0x81, 0xbc, 0xfe, 0xff, 0x4d, 0xbc, 0x01, 0x00, 0x6e, 0xbb,
  0x00, 0x00, 0xa1, 0x3b, 0xfd, 0xff, 0x4f, 0x3c, 0xff, 0xbf, 0x9d, 0x3c,
  0xff, 0x7f, 0x97, 0x3c, 0x02, 0x00, 0x93, 0x3c, 0xfe, 0xff, 0x4d, 0x3c,
  0x00, 0x80, 0x0a, 0x3c, 0x01, 0x00, 0x3a, 0x3b, 0xff, 0xff, 0x4f, 0xba,
  0x02, 0x00, 0x40, 0xb9, 0x02, 0x00, 0x90, 0x3a, 0x00, 0x80, 0x1b, 0x3c,
  0x02, 0x00, 0x55, 0x3c, 0xfc, 0xff, 0x38, 0x3c, 0xff, 0x7f, 0x19, 0x3c,
  0x00, 0x00, 0x00, 0x3b, 0x01, 0x00, 0xf8, 0x3a, 0x03, 0x00, 0x30, 0x3c,
  0x02, 0x80, 0x86, 0x3c, 0x02, 0xc0, 0xcd, 0x3c, 0x03, 0x40, 0xd8, 0x3c,
  0xff, 0x7f, 0xb6, 0x3c, 0xff, 0xbf, 0x9d, 0x3c, 0x04, 0x80, 0x78, 0x3c,
  0x00, 0x80, 0x22, 0x3c, 0x02, 0x00, 0x28, 0x3b, 0x00, 0x00, 0x3e, 0xbb,
  0xfc, 0x7f, 0x26, 0xbc, 0x00, 0x80, 0x2d, 0xbc, 0x00, 0x80, 0x04, 0xbc,
  0x02, 0x00, 0x32, 0xbc, 0x04, 0x80, 0x76, 0xbc, 0x02, 0x00, 0xb3, 0xbc,
  0xff, 0xbf, 0xff, 0xbc, 0x02, 0x80, 0xe6, 0xbc, 0x02, 0x80, 0xc2, 0xbc,
  0xfc, 0xff, 0x57, 0xbc, 0xff, 0xff, 0x4f, 0xba, 0xff, 0xff, 0x5d, 0x3b,
  0x01, 0x00, 0xfc, 0x3b, 0xff, 0xff, 0x61, 0x3b, 0xff, 0xff, 0x4f, 0xba,
  0xff, 0xff, 0xb7, 0xbb, 0x00, 0x80, 0x1f, 0xbc, 0x00, 0x00, 0x02, 0xbc,
  0xff, 0xff, 0xcf, 0xbb, 0x00, 0x00, 0x98, 0xba, 0xfe, 0xff, 0x31, 0x3b,
  0xff, 0xff, 0x79, 0x3b, 0x00, 0x00, 0x89, 0x3b, 0x02, 0x00, 0x90, 0xba,
  0x00, 0x00, 0x89, 0xbb, 0x00, 0x00, 0xe8, 0xbb, 0x00, 0x00, 0xe8, 0xbb,
  0x01, 0x00, 0x20, 0x3a, 0x01, 0x00, 0xbc, 0x3b, 0xfd, 0x7f, 0x60, 0x3c,
  0x02, 0x80, 0x85, 0x3c, 0x03, 0x00, 0x4d, 0x3c, 0x01, 0x80, 0x27, 0x3c,
  0x00, 0x00, 0x9f, 0x3b, 0x00, 0x00, 0xab, 0x3b, 0xfd, 0x7f, 0x24, 0x3c,
  0xfd, 0x7f, 0x62, 0x3c, 0x00, 0x40, 0xa5, 0x3c, 0x00, 0x40, 0xa7, 0x3c,
  0x02, 0x00, 0x95, 0x3c, 0x00, 0x80, 0x6d, 0x3c, 0x00, 0x80, 0x10, 0x3c,
  0x01, 0x00, 0xa7, 0x3b, 0x00, 0x00, 0x60, 0x3a, 0xff, 0xff, 0x2d, 0xbb,
  0x01, 0x00, 0xe2, 0xbb, 0x00, 0x80, 0x05, 0xbc, 0x00, 0x80, 0x11, 0xbc,
  0x00, 0x80, 0x0e, 0xbc, 0x00, 0x80, 0x05, 0xbc, 0x04, 0x00, 0x49, 0xbc,
  0x01, 0x80, 0x8c, 0xbc, 0xfe, 0xff, 0x8c, 0xbc, 0x00, 0x80, 0x8d, 0xbc,
  0x00, 0x80, 0x09, 0xbc, 0xfe, 0xff, 0x7f, 0x39, 0x00, 0x00, 0xce, 0x3b,
  0x01, 0x00, 0x3c, 0x3c, 0x00, 0x80, 0x17, 0x3c, 0x01, 0x00, 0xf0, 0x3b,
  0xfe, 0xff, 0x23, 0x3b, 0x00, 0x00, 0x80, 0xba, 0xfe, 0xff, 0x49, 0xbb,
  0x00, 0x00, 0x89, 0xbb, 0x03, 0x00, 0xb8, 0xba, 0x00, 0x00, 0x40, 0x3a,
  0x01, 0x00, 0x8d, 0x3b, 0x00, 0x00, 0xda, 0x3b, 0x00, 0x80, 0x07, 0x3c,
  0x00, 0x80, 0x1b, 0x3c, 0xfc, 0x7f, 0x28, 0x3c, 0xfd, 0xff, 0x30, 0x3c,
  0xfb, 0x7f, 0x2c, 0x3c, 0xfb, 0xff, 0x3a, 0x3c, 0x00, 0x80, 0x6d, 0x3c,
  0xff, 0x7f, 0x77, 0x3c, 0xfe, 0xbf, 0x81, 0x3c, 0xfc, 0xff, 0x38, 0x3c,
  0x00, 0x00, 0x30, 0x3a, 0xff, 0xff, 0xc5, 0xbb, 0xfc, 0x7f, 0x66, 0xbc,
  0x02, 0x80, 0x84, 0xbc, 0xfd, 0x7f, 0x7f, 0xbc, 0xff, 0xff, 0x86, 0xbc,
  0x02, 0x00, 0x93, 0xbc, 0xfd, 0xff, 0x8e, 0xbc, 0x01, 0x80, 0x8a, 0xbc,
  0x03, 0x00, 0x4d, 0xbc, 0x01, 0x00, 0xd6, 0xbb, 0xff, 0xff, 0x07, 0xbb,
  0x02, 0x00, 0x36, 0x3b, 0x01, 0x00, 0xa9, 0x3b, 0xff, 0xff, 0xf7, 0x3b,
  0x00, 0x80, 0x1f, 0x3c, 0x04, 0x00, 0x47, 0x3c, 0xfc, 0xff, 0x34, 0x3c,
  0x00, 0x80, 0x20, 0x3c, 0xfe, 0xff, 0x65, 0x3b, 0x00, 0x00, 0x1c, 0xbb,
  0xff, 0xff, 0x8a, 0xbb, 0x00, 0x00, 0xc2, 0xbb, 0x02, 0x00, 0x28, 0xbb,
  0x00, 0x00, 0x10, 0xba, 0x00, 0x00, 0x98, 0xba, 0x02, 0x00, 0xc0, 0xba,
  0x00, 0x00, 0x00, 0xbb, 0xfd, 0xff, 0xdf, 0xba, 0xfc, 0xff, 0xaf, 0x3a,
  0x01, 0x00, 0x6e, 0x3b, 0x01, 0x00, 0xbc, 0x3b, 0xff, 0xff, 0xeb, 0x3b,
  0x00, 0x00, 0x02, 0x3c, 0x00, 0x80, 0x10, 0x3c, 0x02, 0x00, 0x32, 0x3c,
  0x01, 0x00, 0x38, 0x3c, 0x02, 0x00, 0x36, 0x3c, 0x00, 0x80, 0x0d, 0x3c,
  0xfe, 0xff, 0x0b, 0x3b, 0x02, 0x00, 0x28, 0xbb, 0x00, 0x80, 0x1e, 0xbc,
  0x01, 0x00, 0x38, 0xbc, 0x02, 0x00, 0x32, 0xbc, 0xff, 0xff, 0xe9, 0xbb,
  0xfe, 0xff, 0xff, 0x38, 0x01, 0x00, 0x9b, 0x3b, 0x00, 0x80, 0x1e, 0x3c,
  0xfe, 0xff, 0x4b, 0x3c, 0x00, 0x80, 0x6d, 0x3c, 0x02, 0x40, 0x9e, 0x3c,
  0xff, 0x3f, 0xcd, 0x3c, 0xfe, 0xff, 0xe9, 0x3c, 0x01, 0xc0, 0x04, 0x3d,
  0xff, 0x7f, 0x04, 0x3d, 0x01, 0xc0, 0x02, 0x3d, 0xff, 0xbf, 0xfb, 0x3c,
  0x01, 0xc0, 0xf2, 0x3c, 0xfd, 0xff, 0xae, 0x3c, 0x03, 0x00, 0x4f, 0x3c,
  0xff, 0xff, 0xcf, 0x3a, 0x00, 0x80, 0x0b, 0xbc, 0x01, 0x00, 0xe2, 0xbb,
  0xff, 0xff, 0xb7, 0xbb, 0xff, 0xff, 0x4f, 0x3a, 0x00, 0x00, 0xc0, 0x3b,
  0x00, 0x80, 0x0a, 0x3c, 0x00, 0x00, 0x3e, 0x3c, 0xff, 0x7f, 0x96, 0x3c,
  0x01, 0x40, 0xc4, 0x3c, 0xfe, 0x3f, 0xf1, 0x3c, 0x00, 0xc0, 0x07, 0x3d,
  0x01, 0x00, 0x0c, 0x3d, 0x01, 0xa0, 0x0f, 0x3d, 0xff, 0x1f, 0x17, 0x3d,
  0xff, 0x5f, 0x11, 0x3d, 0x01, 0x80, 0xe7, 0x3c, 0x00, 0x40, 0xaa, 0x3c,
  0xff, 0xff, 0xc3, 0x3b, 0x00, 0x00, 0x00, 0xbb, 0x00, 0x80, 0x0c, 0xbc,
  0x00, 0x80, 0x1e, 0xbc, 0x00, 0x00, 0xb2, 0xbb, 0x02, 0x00, 0x10, 0xbb,
  0x01, 0x00, 0x56, 0x3b, 0x00, 0x00, 0xcc, 0x3b, 0x00, 0x80, 0x16, 0x3c,
  0x03, 0x00, 0x30, 0x3c, 0xfb, 0xff, 0x3e, 0x3c, 0x00, 0x80, 0x6d, 0x3c,
  0xff, 0x7f, 0x97, 0x3c, 0x01, 0x40, 0x9f, 0x3c, 0x02, 0xc0, 0xa9, 0x3c,
  0xfb, 0x7f, 0x6c, 0x3c, 0x00, 0x00, 0xca, 0x3b, 0x00, 0x00, 0x80, 0xba,
  0x00, 0x80, 0x0e, 0xbc, 0xfe, 0xff, 0x4b, 0xbc, 0x01, 0x80, 0x87, 0xbc,
  0x02, 0x80, 0x84, 0xbc, 0xff, 0xbf, 0x80, 0xbc, 0x01, 0x00, 0x20, 0xba,
  0x00, 0x80, 0x6d, 0x3c, 0xff, 0x7f, 0x05, 0x3d, 0x00, 0xc0, 0x45, 0x3d,
  0x01, 0x80, 0x4c, 0x3d, 0x01, 0x20, 0x50, 0x3d, 0x01, 0x20, 0x2e, 0x3d,
  0x01, 0x00, 0x09, 0x3d, 0xff, 0x7f, 0x77, 0x3c, 0x00, 0x00, 0x72, 0xbb,
  0x00, 0x80, 0x2e, 0xbd, 0x00, 0xf0, 0x96, 0xbd, 0x01, 0x50, 0xf5, 0xbd,
  0xff, 0xbf, 0x18, 0xbe, 0xff, 0x97, 0x36, 0xbe, 0x00, 0x40, 0x39, 0xbe,
  0x01, 0x48, 0x22, 0xbe, 0xfb, 0xdf, 0xe6, 0xbd, 0x03, 0xc0, 0xc8, 0xbc,
  0x02, 0xd0, 0x15, 0x3e, 0x02, 0x78, 0xa1, 0x3e, 0xff, 0xe7, 0x00, 0x3f,
  0x00, 0xf6, 0x2d, 0x3f, 0x00, 0x52, 0x48, 0x3f, 0xff, 0x25, 0x5e, 0x3f,
  0xff, 0xe1, 0x5b, 0x3f, 0x00, 0x24, 0x56, 0x3f, 0x00, 0x30, 0x36, 0x3f,
  0xff, 0x03, 0x16, 0x3f, 0x00, 0x90, 0xab, 0x3e, 0xfd, 0x4f, 0xf9, 0x3d,
  0x01, 0xf8, 0x2f, 0xbe, 0xff, 0xf3, 0xd2, 0xbe, 0x00, 0x7e, 0x28, 0xbf,
  0x01, 0x74, 0x53, 0xbf, 0x00, 0xec, 0x72, 0xbf, 0x00, 0xfe, 0x7f, 0xbf,
  0xff, 0xe7, 0x76, 0xbf, 0x00, 0xd0, 0x66, 0xbf, 0x00, 0x50, 0x42, 0xbf,
  0x00, 0xdc, 0x21, 0xbf, 0xff, 0xbf, 0xe4, 0xbe, 0x01, 0x0c, 0x99, 0xbe,
  0xff, 0x9f, 0x01, 0xbe, 0xfc, 0xff, 0x76, 0xbc, 0x00, 0x50, 0xc8, 0x3d,
  0x00, 0xf8, 0x21, 0x3e, 0x00, 0xd0, 0x4f, 0x3e, 0x02, 0xf8, 0x62, 0x3e,
  0x00, 0xd8, 0x62, 0x3e, 0x00, 0xa8, 0x62, 0x3e, 0xfe, 0x4f, 0x54, 0x3e,
  0x01, 0x68, 0x6c, 0x3e, 0xff, 0x1f, 0x84, 0x3e, 0x00, 0x50, 0xa2, 0x3e,
  0xff, 0xa7, 0xc8, 0x3e, 0xff, 0x5f, 0xe8, 0x3e, 0x00, 0x20, 0x06, 0x3f,
  0x00, 0xc2, 0x0c, 0x3f, 0x00, 0x84, 0x13, 0x3f, 0x01, 0x24, 0x07, 0x3f,
  0x01, 0x44, 0xf3, 0x3e, 0x01, 0xa4, 0xb2, 0x3e, 0x01, 0xa8, 0x65, 0x3e,
  0x00, 0xa0, 0x8d, 0x3d, 0x00, 0x00, 0x97, 0xbd, 0x00, 0xd0, 0x5c, 0xbe,
  0xfe, 0x43, 0xb2, 0xbe, 0x00, 0xfc, 0xf0, 0xbe, 0x01, 0xf0, 0x11, 0xbf,
  0xff, 0x21, 0x1b, 0xbf, 0xff, 0xff, 0x20, 0xbf, 0x01, 0x28, 0x10, 0xbf,
  0x00, 0xd0, 0x01, 0xbf, 0x00, 0x48, 0xcb, 0xbe, 0x01, 0x28, 0xa0, 0xbe,
  0x00, 0x90, 0x5b, 0xbe, 0x03, 0x00, 0x0c, 0xbe, 0x01, 0x00, 0x8d, 0xbd,
  0xff, 0xff, 0xa7, 0xbc, 0x00, 0x00, 0xb4, 0x3b, 0x03, 0x00, 0xf0, 0x3c,
  0x01, 0xe0, 0x17, 0x3d, 0x01, 0xa0, 0x5f, 0x3d, 0x00, 0x20, 0x9c, 0x3d,
  0x00, 0xd0, 0xcc, 0x3d, 0x03, 0x10, 0x02, 0x3e, 0xfd, 0x47, 0x23, 0x3e,
  0x01, 0xc0, 0x49, 0x3e, 0x00, 0xd8, 0x7a, 0x3e, 0x00, 0x30, 0xa3, 0x3e,
  0xff, 0xc3, 0xbb, 0x3e, 0x01, 0x6c, 0xdc, 0x3e, 0xff, 0xe3, 0xdd, 0x3e,
  0x01, 0x7c, 0xd9, 0x3e, 0xff, 0x2b, 0xba, 0x3e, 0x00, 0x48, 0x8f, 0x3e,
  0x01, 0xe8, 0x36, 0x3e, 0x00, 0xc0, 0x82, 0x3d, 0x00, 0xa0, 0x12, 0xbd,
  0xfe, 0xaf, 0x17, 0xbe, 0x00, 0xa8, 0x6a, 0xbe, 0x00, 0xf8, 0xa0, 0xbe,
  0xff, 0x9b, 0xb6, 0xbe, 0x00, 0xf8, 0xcc, 0xbe, 0x01, 0xf8, 0xc7, 0xbe,
  0x00, 0x80, 0xc2, 0xbe, 0xff, 0x37, 0xa7, 0xbe, 0xff, 0x6f, 0x8d, 0xbe,
  0x00, 0xa0, 0x5c, 0xbe, 0xff, 0xe7, 0x20, 0xbe, 0xfb, 0x6f, 0xfa, 0xbd,
  0xff, 0x5f, 0xb7, 0xbd, 0x00, 0x40, 0x97, 0xbd, 0x00, 0x60, 0x69, 0xbd,
  0x01, 0x60, 0x27, 0xbd, 0x01, 0x80, 0xc8, 0xbc, 0x00, 0x00, 0x22, 0xbc,
  0x01, 0x00, 0xee, 0x3b, 0x03, 0x00, 0xf0, 0x3c, 0x01, 0xa0, 0x6f, 0x3d,
  0xfb, 0x2f, 0xe6, 0x3d, 0x02, 0xf8, 0x22, 0x3e, 0xff, 0x47, 0x6c, 0x3e,
  0xfe, 0x37, 0x8c, 0x3e, 0x01, 0xa4, 0x9e, 0x3e, 0x00, 0x80, 0xa5, 0x3e,
  0x01, 0x08, 0xa1, 0x3e, 0x00, 0xc4, 0x96, 0x3e, 0x00, 0x50, 0x82, 0x3e,
  0x03, 0xd0, 0x50, 0x3e, 0xff, 0xbf, 0x03, 0x3e, 0x00, 0xe0, 0x79, 0x3d,
  0x00, 0xa0, 0x05, 0xbd, 0x00, 0xd0, 0xc3, 0xbd, 0xfd, 0x17, 0x2b, 0xbe,
  0xff, 0x6f, 0x51, 0xbe, 0x03, 0x88, 0x71, 0xbe, 0x00, 0x08, 0x73, 0xbe,
  0x03, 0x18, 0x68, 0xbe, 0xfd, 0xaf, 0x51, 0xbe, 0x02, 0xb8, 0x31, 0xbe,
  0xff, 0x5f, 0x18, 0xbe, 0x02, 0x70, 0xf2, 0xbd, 0xff, 0x8f, 0xd8, 0xbd,
  0xff, 0x9f, 0xbf, 0xbd, 0x00, 0x80, 0xbd, 0xbd, 0xff, 0x9f, 0xbf, 0xbd,
  0x00, 0xa0, 0xb4, 0xbd, 0x00, 0x80, 0xa9, 0xbd, 0x00, 0x80, 0x85, 0xbd,
  0xff, 0xdf, 0x41, 0xbd, 0xfe, 0xff, 0xa8, 0xbc, 0xff, 0xff, 0x9f, 0x3b,
  0xff, 0xdf, 0x20, 0x3d, 0x00, 0x40, 0x95, 0x3d, 0xfe, 0x0f, 0xfb, 0x3d,
  0xff, 0x17, 0x29, 0x3e, 0x00, 0x20, 0x52, 0x3e, 0x01, 0x48, 0x72, 0x3e,
  0x00, 0xd8, 0x72, 0x3e, 0x00, 0xa8, 0x6f, 0x3e, 0xfd, 0xcf, 0x4b, 0x3e,
  0x00, 0xf8, 0x2c, 0x3e, 0xfa, 0x8f, 0xf6, 0x3d, 0xff, 0x5f, 0x9f, 0x3d,
  0xfe, 0x7f, 0xdd, 0x3c, 0x04, 0x00, 0x66, 0xbc, 0x01, 0xe0, 0x76, 0xbd,
  0x01, 0xf0, 0xc2, 0xbd, 0xfe, 0xff, 0x01, 0xbe, 0xfe, 0x3f, 0x13, 0xbe,
  0xff, 0x7f, 0x17, 0xbe, 0x02, 0xa0, 0x12, 0xbe, 0xf9, 0x0f, 0xf9, 0xbd,
  0x06, 0x30, 0xd5, 0xbd, 0xff, 0xbf, 0x9b, 0xbd, 0x00, 0xc0, 0x86, 0xbd,
  0x00, 0xa0, 0x71, 0xbd, 0x00, 0xa0, 0x85, 0xbd, 0xff, 0xff, 0xaa, 0xbd,
  0x00, 0x80, 0xb8, 0xbd, 0xfa, 0x4f, 0xcd, 0xbd, 0x00, 0xe0, 0xb9, 0xbd,
  0x00, 0xe0, 0x9a, 0xbd, 0xff, 0xdf, 0x62, 0xbd, 0x00, 0x20, 0x05, 0xbd,
  0x00, 0x00, 0x15, 0xbc, 0xff, 0xff, 0x87, 0x3c, 0x00, 0x20, 0x45, 0x3d,
  0x00, 0x60, 0xa9, 0x3d, 0xf9, 0xaf, 0xed, 0x3d, 0xfd, 0xaf, 0x19, 0x3e,
  0x00, 0xa8, 0x27, 0x3e, 0x03, 0xf8, 0x35, 0x3e, 0x03, 0x68, 0x22, 0x3e,
  0xff, 0x1f, 0x0f, 0x3e, 0xfb, 0x8f, 0xd1, 0x3d, 0x00, 0x40, 0x86, 0x3d,
  0x00, 0xe0, 0x09, 0x3d, 0x01, 0x00, 0x78, 0x3b, 0x00, 0x80, 0xaf, 0xbc,
  0x00, 0xa0, 0x31, 0xbd, 0x00, 0xa0, 0x71, 0xbd, 0x00, 0xa0, 0x93, 0xbd,
  0x00, 0x20, 0x95, 0xbd, 0x00, 0xc0, 0x96, 0xbd, 0x00, 0x80, 0x85, 0xbd,
  0x00, 0xa0, 0x72, 0xbd, 0x00, 0xe0, 0x4b, 0xbd, 0xff, 0x1f, 0x38, 0xbd,
  0xff, 0x5f, 0x32, 0xbd, 0x01, 0xa0, 0x3c, 0xbd, 0x00, 0x20, 0x73, 0xbd,
  0x00, 0xc0, 0x89, 0xbd, 0x00, 0x20, 0x9e, 0xbd, 0x00, 0x80, 0xa0, 0xbd,
  0x00, 0xe0, 0x95, 0xbd, 0xff, 0x1f, 0x87, 0xbd, 0x01, 0x60, 0x68, 0xbd,
  0x01, 0x60, 0x25, 0xbd, 0x04, 0x00, 0x68, 0xbc, 0xfe, 0xff, 0x6c, 0x3c,
  0x00, 0x60, 0x6c, 0x3d, 0x01, 0xe0, 0xa8, 0x3d, 0xfa, 0x4f, 0xdd, 0x3d,
  0x02, 0x70, 0xe2, 0x3d, 0x05, 0x90, 0xd5, 0x3d, 0x00, 0x10, 0xc4, 0x3d,
  0x00, 0x60, 0xab, 0x3d, 0x00, 0xc0, 0x95, 0x3d, 0x01, 0x20, 0x7e, 0x3d,
  0xff, 0x5f, 0x23, 0x3d, 0xfb, 0xff, 0x5d, 0x3c, 0x04, 0x00, 0x47, 0xbc,
  0x00, 0x20, 0x24, 0xbd, 0x01, 0x60, 0x35, 0xbd, 0xff, 0x5f, 0x43, 0xbd,
  0x00, 0xa0, 0x14, 0xbd, 0xff, 0xff, 0xc7, 0xbc, 0xfc, 0xff, 0x59, 0xbc,
  0xff, 0xff, 0x53, 0xbb, 0x02, 0x00, 0x5c, 0xbb, 0x01, 0x00, 0x78, 0xbb,
  0xff, 0xff, 0x82, 0xbc, 0xff, 0x7f, 0xd6, 0xbc, 0x01, 0x60, 0x16, 0xbd,
  0xff, 0x9f, 0x3b, 0xbd, 0xff, 0x1f, 0x4a, 0xbd, 0x01, 0x20, 0x5c, 0xbd,
  0x00, 0xc0, 0x82, 0xbd, 0x01, 0xa0, 0x90, 0xbd, 0x00, 0xa0, 0xa4, 0xbd,
  0x00, 0x60, 0xa4, 0xbd, 0x00, 0x60, 0x7b, 0xbd, 0xff, 0xdf, 0x20, 0xbd,
  0x00, 0x00, 0x40, 0x3c, 0x01, 0x20, 0x3d, 0x3d, 0x00, 0xe0, 0xa5, 0x3d,
  0x00, 0xb0, 0xc4, 0x3d, 0x01, 0xe0, 0xb8, 0x3d, 0x00, 0x80, 0xad, 0x3d,
  0xff, 0x1f, 0x8f, 0x3d, 0x01, 0x20, 0x6e, 0x3d, 0x00, 0xa0, 0x34, 0x3d,
  0xff, 0xff, 0xe6, 0x3c, 0x00, 0x00, 0x34, 0x3b, 0x05, 0x00, 0x43, 0xbc,
  0x01, 0x80, 0xea, 0xbc, 0x00, 0x20, 0x06, 0xbd, 0x01, 0xe0, 0x04, 0xbd,
  0xfe, 0x7f, 0xd9, 0xbc, 0x01, 0x80, 0x88, 0xbc, 0xff, 0xff, 0x85, 0xbb,
  0x02, 0x00, 0x55, 0x3c, 0xfd, 0x7f, 0x9f, 0x3c, 0xff, 0xff, 0xe2, 0x3c,
  0x04, 0x00, 0x66, 0x3c, 0x01, 0x00, 0x7c, 0xbb, 0xfe, 0xff, 0xad, 0xbc,
  0xff, 0x5f, 0x23, 0xbd, 0xff, 0x5f, 0x31, 0xbd, 0x01, 0xa0, 0x3c, 0xbd,
  0xff, 0xdf, 0x42, 0xbd, 0x01, 0x60, 0x48, 0xbd, 0xff, 0x5f, 0x60, 0xbd,
  0x01, 0x60, 0x76, 0xbd, 0x01, 0x60, 0x67, 0xbd, 0x00, 0xa0, 0x54, 0xbd,
  0xfe, 0xff, 0xcd, 0xbc, 0x01, 0x00, 0x14, 0xbb, 0x02, 0x80, 0xe6, 0x3c,
  0x00, 0xa0, 0x54, 0x3d, 0x01, 0x20, 0x60, 0x3d, 0xff, 0x9f, 0x68, 0x3d,
  0xff, 0xdf, 0x33, 0x3d, 0x00, 0xa0, 0x15, 0x3d, 0xff, 0xdf, 0x11, 0x3d,
  0x00, 0xe0, 0x0b, 0x3d, 0x00, 0x20, 0x13, 0x3d, 0xff, 0xdf, 0x00, 0x3d,
  0x04, 0x00, 0x6a, 0x3c, 0x01, 0x00, 0xa0, 0x39, 0x02, 0x00, 0xb2, 0xbc,
  0xff, 0x7f, 0xf3, 0xbc, 0x01, 0x00, 0xdb, 0xbc, 0x01, 0x80, 0xaa, 0xbc,
  0xff, 0xff, 0x37, 0xbb, 0x00, 0x00, 0x1c, 0x3b, 0x01, 0x00, 0x78, 0x3b,
  0x00, 0x00, 0x40, 0xba, 0x00, 0x00, 0x42, 0xbc, 0x03, 0x80, 0xa0, 0xbc,
  0x00, 0x80, 0xf0, 0xbc, 0x00, 0xe0, 0x0e, 0xbd, 0x00, 0xe0, 0x2c, 0xbd,
  0x01, 0xe0, 0x17, 0xbd, 0x01, 0x00, 0xdb, 0xbc, 0x00, 0x80, 0x92, 0xbc,
  0x00, 0x00, 0xca, 0xbb, 0xfb, 0xff, 0x3a, 0xbc, 0xff, 0x7f, 0xb4, 0xbc,
  0xff, 0x7f, 0x95, 0xbc, 0x04, 0x00, 0x6a, 0xbc, 0x00, 0x00, 0x15, 0x3c,
  0x00, 0x60, 0x19, 0x3d, 0x00, 0xa0, 0x34, 0x3d, 0xff, 0x5f, 0x4f, 0x3d,
  0x01, 0xa0, 0x1e, 0x3d, 0xfe, 0x7f, 0xde, 0x3c, 0xfe, 0xff, 0x88, 0x3c,
  0x01, 0x00, 0xd4, 0x3b, 0x00, 0x00, 0x68, 0xbb, 0xff, 0xff, 0x43, 0xbc,
  0x00, 0x00, 0x09, 0xbc, 0x01, 0x00, 0xbc, 0xbb, 0x00, 0x00, 0x30, 0x3a,
  0x01, 0x00, 0x78, 0x3b, 0xff, 0xff, 0xd1, 0xbb, 0xfe, 0xff, 0x4d, 0xbc,
  0x02, 0x00, 0x92, 0xbc, 0x00, 0x80, 0x92, 0xbc, 0x03, 0x00, 0x88, 0xba,
  0x00, 0x00, 0x0b, 0x3c, 0x00, 0x80, 0x90, 0x3c, 0x01, 0x00, 0x98, 0x3c,
  0x01, 0x00, 0x94, 0x3b, 0x00, 0x00, 0xcc, 0xbb, 0x03, 0x00, 0xd1, 0xbc,
  0x01, 0xa0, 0x0f, 0xbd, 0x00, 0xa0, 0x31, 0xbd, 0x00, 0x60, 0x29, 0xbd,
  0x01, 0x80, 0xe8, 0xbc, 0xfd, 0xff, 0x8e, 0xbc, 0x00, 0x00, 0x60, 0x3a,
  0x00, 0x00, 0x08, 0x3c, 0x04, 0x00, 0x49, 0x3c, 0xff, 0x7f, 0x97, 0x3c,
  0x01, 0x00, 0xdd, 0x3c, 0x00, 0xe0, 0x0a, 0x3d, 0x01, 0xe0, 0x34, 0x3d,
  0x00, 0xa0, 0x23, 0x3d, 0xff, 0xbf, 0xff, 0x3c, 0xfe, 0xff, 0xa8, 0x3c,
  0x00, 0x00, 0xda, 0x3b, 0x01, 0x00, 0x44, 0xbb, 0x01, 0x00, 0x5b, 0xbc,
  0xfe, 0x7f, 0xbb, 0xbc, 0xff, 0x9f, 0x07, 0xbd, 0xff, 0x9f, 0x0a, 0xbd,
  0x00, 0xe0, 0x0c, 0xbd, 0xff, 0x7f, 0xd7, 0xbc, 0xff, 0x7f, 0x94, 0xbc,
  0x00, 0x00, 0x8c, 0xbb, 0x00, 0x00, 0x20, 0x3c, 0x01, 0x00, 0xb9, 0x3c,
  0x01, 0x20, 0x0c, 0x3d, 0x00, 0x60, 0x0e, 0x3d, 0x00, 0x60, 0x0d, 0x3d,
  0x00, 0x80, 0xb0, 0x3c, 0xff, 0xff, 0x22, 0x3c, 0x01, 0x00, 0xd6, 0xbb,
  0xfe, 0x7f, 0x99, 0xbc, 0x01, 0x00, 0xbc, 0xbc, 0xfe, 0x7f, 0xde, 0xbc,
  0x01, 0x80, 0xeb, 0xbc, 0xfe, 0x7f, 0xfb, 0xbc, 0xff, 0x9f, 0x18, 0xbd,
  0x01, 0x60, 0x16, 0xbd, 0xfe, 0xff, 0xcc, 0xbc, 0xfb, 0xff, 0x3a, 0xbc,
  0x00, 0x80, 0x92, 0x3c, 0x00, 0xa0, 0x05, 0x3d, 0xff, 0x1f, 0x2a, 0x3d,
  0x00, 0xe0, 0x29, 0x3d, 0xff, 0xff, 0xe5, 0x3c, 0x01, 0x00, 0xbd, 0x3c,
  0xff, 0xff, 0xa6, 0x3c, 0x01, 0x80, 0x8b, 0x3c, 0x04, 0x00, 0x66, 0x3c,
  0x00, 0x00, 0x82, 0x3b, 0xfe, 0xff, 0x6c, 0xbc, 0x02, 0x00, 0xb3, 0xbc,
  0xfd, 0xff, 0xee, 0xbc, 0xfe, 0x7f, 0xd9, 0xbc, 0x02, 0x80, 0xa5, 0xbc,
  0x05, 0x00, 0x41, 0xbc, 0xfe, 0xff, 0xd7, 0xba, 0xfe, 0xff, 0x2a, 0x3c,
  0xff, 0x7f, 0xd4, 0x3c, 0x01, 0xa0, 0x00, 0x3d, 0x00, 0x20, 0x16, 0x3d,
  0xff, 0x7f, 0xf6, 0x3c, 0x03, 0x00, 0xb1, 0x3c, 0x01, 0x00, 0x3a, 0x3c,
  0xfe, 0xff, 0xff, 0x39, 0xff, 0xff, 0xeb, 0xbb, 0xfd, 0xff, 0x6e, 0xbc,
  0xff, 0xff, 0x82, 0xbc, 0x00, 0x80, 0x8f, 0xbc, 0x02, 0x80, 0xa4, 0xbc,
  0x02, 0x00, 0xb7, 0xbc, 0x02, 0x80, 0xc1, 0xbc, 0xfd, 0x7f, 0xbf, 0xbc,
  0x00, 0x00, 0x14, 0xbc, 0xfe, 0xff, 0x23, 0x3b, 0x02, 0x80, 0x86, 0x3c,
  0xfe, 0xff, 0xca, 0x3c, 0x01, 0x00, 0x9c, 0x3c, 0x02, 0x00, 0x72, 0x3c,
  0x00, 0x00, 0x9c, 0x3b, 0x02, 0x00, 0x40, 0x39, 0x00, 0x00, 0x82, 0x3b,
  0x00, 0x00, 0xb6, 0x3b, 0x00, 0x00, 0x0c, 0x3c, 0x00, 0x00, 0x02, 0x3c,
  0x00, 0x00, 0xe0, 0x39, 0x02, 0x00, 0x40, 0xbb, 0xff, 0xff, 0xc3, 0xbb,
  0x00, 0x00, 0xc0, 0xbb, 0x00, 0x00, 0x4c, 0xbb, 0x00, 0x00, 0x80, 0x3a,
  0x00, 0x00, 0x15, 0x3c, 0xfb, 0xff, 0x7a, 0x3c, 0xfe, 0xff, 0xcb, 0x3c,
  0xfe, 0x7f, 0xd9, 0x3c, 0x02, 0x00, 0xd5, 0x3c, 0x02, 0x80, 0xa5, 0x3c,
  0xff, 0xff, 0x22, 0x3c, 0x01, 0x00, 0x48, 0x3b, 0xff, 0xff, 0x83, 0xbb,
  0xff, 0xff, 0x22, 0xbc, 0xff, 0xff, 0x84, 0xbc, 0x01, 0x80, 0xcc, 0xbc,
  0xff, 0xdf, 0x13, 0xbd, 0x00, 0x20, 0x26, 0xbd, 0xff, 0x1f, 0x3b, 0xbd,
  0xff, 0xdf, 0x11, 0xbd, 0xff, 0xff, 0xc3, 0xbc, 0x00, 0x00, 0x8c, 0xbb,
  0x02, 0x80, 0x82, 0x3c, 0xfe, 0xff, 0xed, 0x3c, 0x01, 0xa0, 0x2d, 0x3d,
  0x01, 0xe0, 0x26, 0x3d, 0x01, 0x20, 0x20, 0x3d, 0xfe, 0x7f, 0xde, 0x3c,
  0xff, 0xff, 0x85, 0x3c, 0x02, 0x00, 0x90, 0xba, 0xff, 0xff, 0x82, 0xbc,
  0x02, 0x80, 0xc2, 0xbc, 0x00, 0x80, 0xed, 0xbc, 0x02, 0x80, 0xa1, 0xbc,
  0x05, 0x00, 0x62, 0xbc, 0x01, 0x00, 0x3c, 0xbc, 0x00, 0x00, 0x13, 0xbc,
  0x00, 0x00, 0x0b, 0xbc, 0x01, 0x00, 0x60, 0xbb, 0x01, 0x00, 0x7a, 0x3c,
  0x02, 0x80, 0xe6, 0x3c, 0xff, 0x1f, 0x3a, 0x3d, 0x01, 0x60, 0x48, 0x3d,
  0xff, 0xdf, 0x10, 0x3d, 0xff, 0x7f, 0xb4, 0x3c, 0x01, 0x00, 0xba, 0xbb,
  0xfe, 0x7f, 0x9a, 0xbc, 0x01, 0x80, 0xe9, 0xbc, 0xfe, 0x7f, 0xfa, 0xbc,
  0xfe, 0xff, 0xcd, 0xbc, 0xff, 0xff, 0xc7, 0xbc, 0xfd, 0xff, 0xce, 0xbc,
  0xff, 0xff, 0xc6, 0xbc, 0xfe, 0xff, 0xcb, 0xbc, 0x05, 0x00, 0x60, 0xbc,
  0x00, 0x00, 0x9c, 0x3b, 0xff, 0x7f, 0xb7, 0x3c, 0x00, 0x60, 0x3d, 0x3d,
  0xff, 0x5f, 0x40, 0x3d, 0xff, 0x1f, 0x38, 0x3d, 0x01, 0x80, 0xcb, 0x3c,
  0x01, 0x00, 0xf8, 0xba, 0xfc, 0xff, 0x78, 0xbc, 0xff, 0x7f, 0xf8, 0xbc,
  0x02, 0x80, 0xc6, 0xbc, 0x02, 0x80, 0x84, 0xbc, 0xfd, 0xff, 0x6e, 0xbc,
  0xfc, 0xff, 0x57, 0xbc, 0xff, 0xff, 0x85, 0xbc, 0xfe, 0x7f, 0x9d, 0xbc,
  0x00, 0x00, 0xe6, 0xbb, 0x01, 0x00, 0x96, 0x3b, 0x01, 0x80, 0xca, 0x3c,
  0x00, 0x60, 0x2e, 0x3d, 0x00, 0x20, 0x46, 0x3d, 0xff, 0xdf, 0x53, 0x3d,
  0x01, 0xa0, 0x0c, 0x3d, 0xff, 0xff, 0xa2, 0x3c, 0x00, 0x00, 0x8c, 0xbb,
  0x01, 0x00, 0xb9, 0xbc, 0xff, 0x9f, 0x09, 0xbd, 0xff, 0x1f, 0x2b, 0xbd,
  0x00, 0xa0, 0x36, 0xbd, 0xff, 0x9f, 0x3b, 0xbd, 0x01, 0x60, 0x37, 0xbd,
  0xff, 0xdf, 0x20, 0xbd, 0x01, 0x80, 0xaa, 0xbc, 0x01, 0x00, 0xe0, 0xbb,
  0x05, 0x00, 0x64, 0x3c, 0x00, 0x80, 0xce, 0x3c, 0xff, 0xbf, 0xff, 0x3c,
  0x01, 0xa0, 0x0f, 0x3d, 0x01, 0x20, 0x1d, 0x3d, 0xff, 0x5f, 0x11, 0x3d,
  0x02, 0x80, 0xe1, 0x3c, 0xfc, 0xff, 0x76, 0x3c, 0x00, 0x00, 0xe4, 0xbb,
  0x00, 0x00, 0x61, 0xbc, 0x02, 0x00, 0x96, 0xbc, 0x05, 0x00, 0x64, 0xbc,
  0xff, 0xff, 0x83, 0xbb, 0xfe, 0xff, 0x7f, 0xb9, 0xff, 0xff, 0x37, 0x3b,
  0x00, 0x00, 0x18, 0x3c, 0xfe, 0xff, 0x8c, 0x3c, 0x01, 0x00, 0xd8, 0x3c,
  0x00, 0xe0, 0x19, 0x3d, 0x00, 0xa0, 0x15, 0x3d, 0x00, 0xe0, 0x0e, 0x3d,
  0x02, 0x00, 0xb2, 0x3c, 0x01, 0x00, 0xfc, 0x3b, 0x00, 0x00, 0x07, 0xbc,
  0x00, 0x80, 0xce, 0xbc, 0x00, 0xa0, 0x01, 0xbd, 0x00, 0x60, 0x1a, 0xbd,
  0x01, 0x80, 0xc8, 0xbc, 0x03, 0x00, 0x51, 0xbc, 0x01, 0x00, 0xd4, 0x3b,
  0x01, 0x00, 0xbb, 0x3c, 0x02, 0x80, 0xc6, 0x3c, 0x02, 0x00, 0xd4, 0x3c,
  0xff, 0xff, 0xa2, 0x3c, 0x01, 0x80, 0x8c, 0x3c, 0xff, 0x7f, 0xb7, 0x3c,
  0x02, 0x80, 0xc5, 0x3c, 0x00, 0x00, 0xa2, 0x3c, 0x05, 0x00, 0x60, 0x3c,
  0x00, 0x00, 0xca, 0xbb, 0x00, 0x80, 0x8f, 0xbc, 0xfe, 0xff, 0xc8, 0xbc,
  0xfd, 0xff, 0xcf, 0xbc, 0x01, 0x80, 0x8c, 0xbc, 0xff, 0xff, 0xcf, 0xbb,
  0x00, 0x00, 0x82, 0x3c, 0x00, 0xe0, 0x0d, 0x3d, 0x00, 0xc0, 0x82, 0x3d,
  0x01, 0x00, 0x95, 0x3d, 0x00, 0x60, 0x94, 0x3d, 0xff, 0x5f, 0x7f, 0x3d,
  0xff, 0x9f, 0x1b, 0x3d, 0x02, 0x00, 0xd3, 0x3c, 0x03, 0x00, 0x51, 0x3c,
  0x01, 0x00, 0xfa, 0x3b, 0x01, 0x00, 0xd4, 0x3b, 0x00, 0x00, 0x4c, 0xbb,
  0x01, 0x80, 0x87, 0xbc, 0x01, 0x00, 0xd8, 0xbc, 0x00, 0xa0, 0x22, 0xbd,
  0xff, 0x1f, 0x08, 0xbd, 0xff, 0x7f, 0xb6, 0xbc, 0x00, 0x00, 0x09, 0xbc,
  0x00, 0x00, 0x20, 0x3c, 0x03, 0x00, 0x4d, 0x3c, 0x02, 0x00, 0x76, 0x3c,
  0xff, 0xff, 0x9d, 0x3b, 0xff, 0xff, 0xc3, 0xbb, 0x00, 0x80, 0xb1, 0xbc,
  0x00, 0xe0, 0x1b, 0xbd, 0xff, 0x5f, 0x33, 0xbd, 0x01, 0xe0, 0x46, 0xbd,
  0xff, 0xff, 0xe5, 0xbc, 0x00, 0x00, 0x08, 0xbc, 0x00, 0x00, 0x82, 0x3c,
  0x00, 0x60, 0x19, 0x3d, 0xff, 0x5f, 0x61, 0x3d, 0x00, 0x00, 0x92, 0x3d,
  0x00, 0xb0, 0xc5, 0x3d, 0x03, 0xd0, 0xe8, 0x3d, 0xff, 0x0f, 0xf6, 0x3d,
  0xfd, 0xaf, 0xe9, 0x3d, 0x01, 0x80, 0x84, 0x3d, 0x00, 0x00, 0xa0, 0x3c,
  0x01, 0x20, 0x7e, 0xbd, 0x00, 0x00, 0x00, 0xbe, 0x00, 0x80, 0x5a, 0xbe,
  0x01, 0xc0, 0x85, 0xbe, 0x00, 0xc4, 0x9a, 0xbe, 0x01, 0x74, 0x97, 0xbe,
  0xfe, 0x37, 0x78, 0xbe, 0xfe, 0x77, 0x29, 0xbe, 0x00, 0x80, 0xce, 0xbc,
  0x00, 0xb0, 0xbd, 0x3d, 0xfe, 0xf7, 0x6b, 0x3e, 0x01, 0x88, 0xb7, 0x3e,
  0x00, 0xdc, 0x01, 0x3f, 0x01, 0x8a, 0x29, 0x3f, 0x00, 0xc2, 0x5a, 0x3f,
  0x01, 0xc8, 0x6c, 0x3f, 0x00, 0xfe, 0x7f, 0x3f, 0x00, 0xec, 0x6a, 0x3f,
  0x00, 0x32, 0x4f, 0x3f, 0x01, 0x7e, 0x27, 0x3f, 0xff, 0x4b, 0xfc, 0x3e,
  0x01, 0xc0, 0xa1, 0x3e, 0xfe, 0xff, 0x09, 0x3e, 0x06, 0x20, 0xcf, 0xbd,
  0x00, 0x10, 0xa9, 0xbe, 0x00, 0x78, 0x0d, 0xbf, 0x01, 0x34, 0x46, 0xbf,
  0xff, 0x4d, 0x63, 0xbf, 0x00, 0x30, 0x7e, 0xbf, 0x00, 0x48, 0x7b, 0xbf,
  0x00, 0xd8, 0x78, 0xbf, 0x00, 0xda, 0x64, 0xbf, 0x01, 0x2a, 0x52, 0xbf,
  0x00, 0xe4, 0x34, 0xbf, 0xff, 0x9d, 0x1b, 0xbf, 0x01, 0x44, 0xff, 0xbe,
  0xff, 0x87, 0xc9, 0xbe, 0x02, 0x84, 0x8f, 0xbe, 0x00, 0xa0, 0x2c, 0xbe,
  0x00, 0x00, 0x9f, 0xbb, 0x06, 0xe0, 0xea, 0x3d, 0x02, 0xe8, 0x69, 0x3e,
  0x00, 0xf8, 0xa0, 0x3e, 0x00, 0x98, 0xb9, 0x3e, 0xff, 0x9b, 0xde, 0x3e,
  0x00, 0x7c, 0x0c, 0x3f, 0x01, 0x02, 0x21, 0x3f, 0xff, 0x47, 0x3c, 0x3f,
  0x01, 0x74, 0x41, 0x3f, 0x01, 0x5c, 0x3b, 0x3f, 0x01, 0xde, 0x2c, 0x3f,
  0x00, 0x44, 0x14, 0x3f, 0x02, 0xbc, 0xf9, 0x3e, 0xff, 0x77, 0xc4, 0x3e,
  0xff, 0xc3, 0x8b, 0x3e, 0xfd, 0xdf, 0x0c, 0x3e, 0xfe, 0x3f, 0xb1, 0x3c,
  0xfc, 0x1f, 0xdb, 0xbd, 0xfe, 0xd7, 0x54, 0xbe, 0x01, 0x78, 0x9e, 0xbe,
  0x00, 0x10, 0xc1, 0xbe, 0x00, 0xfc, 0xe4, 0xbe, 0x00, 0x84, 0xed, 0xbe,
  0x01, 0xe4, 0xf3, 0xbe, 0x00, 0x94, 0xf2, 0xbe, 0x01, 0xc4, 0xf0, 0xbe,
  0x00, 0xe4, 0xf8, 0xbe, 0x00, 0x0e, 0x00, 0xbf, 0x01, 0xfc, 0xf7, 0xbe,
  0xff, 0xfb, 0xed, 0xbe, 0xff, 0x97, 0xc2, 0xbe, 0xff, 0x2b, 0x99, 0xbe,
  0x03, 0x70, 0x45, 0xbe, 0x01, 0x40, 0xcf, 0xbd, 0xfe, 0xbf, 0xe2, 0xbc,
  0xff, 0x5f, 0x3f, 0x3d, 0xff, 0x1f, 0x04, 0x3e, 0x02, 0xa8, 0x50, 0x3e,
  0x01, 0xb8, 0x9b, 0x3e, 0x01, 0xe0, 0xbc, 0x3e, 0xff, 0x23, 0xcf, 0x3e,
  0x00, 0xd4, 0xd7, 0x3e, 0xfe, 0x87, 0xca, 0x3e, 0x00, 0x10, 0xc1, 0x3e,
  0x00, 0x90, 0xaf, 0x3e, 0xff, 0x97, 0xa2, 0x3e, 0xff, 0x43, 0x95, 0x3e,
  0x01, 0x24, 0x84, 0x3e, 0xfe, 0x97, 0x58, 0x3e, 0xfe, 0x7f, 0x24, 0x3e,
  0x01, 0xb0, 0xba, 0x3d, 0x00, 0x20, 0x16, 0x3d, 0xff, 0x3f, 0x8c, 0xbc,
  0x00, 0xd0, 0x8b, 0xbd, 0xfa, 0x3f, 0xfc, 0xbd, 0xff, 0x8f, 0x48, 0xbe,
  0x00, 0xcc, 0x94, 0xbe, 0xff, 0x6f, 0xb1, 0xbe, 0x00, 0x64, 0xcf, 0xbe,
  0x00, 0x5c, 0xd0, 0xbe, 0x00, 0xd0, 0xcc, 0xbe, 0xff, 0x6f, 0xc1, 0xbe,
  0x00, 0x58, 0xb5, 0xbe, 0xff, 0xab, 0x97, 0xbe, 0x01, 0xc8, 0x6c, 0xbe,
  0x03, 0xf0, 0x22, 0xbe, 0x00, 0x50, 0xaf, 0xbd, 0x00, 0x60, 0x59, 0xbd,
  0xff, 0x3f, 0xac, 0xbc, 0x00, 0xc0, 0xb5, 0x3c, 0x00, 0xf0, 0x88, 0x3d,
  0xfe, 0x9f, 0x06, 0x3e, 0xfd, 0x1f, 0x3e, 0x3e, 0x03, 0xd0, 0x48, 0x3e,
  0xff, 0xa7, 0x54, 0x3e, 0xff, 0x3f, 0x46, 0x3e, 0x02, 0xc0, 0x44, 0x3e,
  0x00, 0xe8, 0x6b, 0x3e, 0xff, 0x73, 0x81, 0x3e, 0x00, 0x2c, 0x8c, 0x3e,
  0x00, 0x0c, 0x8a, 0x3e, 0x01, 0x88, 0x53, 0x3e, 0xfe, 0xbf, 0x25, 0x3e,
  0x00, 0xc0, 0xd6, 0x3d, 0x00, 0xf0, 0x88, 0x3d, 0xff, 0xdf, 0x30, 0x3d,
  0x01, 0x00, 0xb5, 0x3b, 0x00, 0xa0, 0x73, 0xbd, 0x03, 0x00, 0xdc, 0xbd,
  0x00, 0xe0, 0x2d, 0xbe, 0x01, 0x70, 0x47, 0xbe, 0x02, 0xb0, 0x4b, 0xbe,
  0x03, 0x30, 0x4c, 0xbe, 0x00, 0x90, 0x43, 0xbe, 0x00, 0xe0, 0x3d, 0xbe,
  0xfd, 0x2f, 0x37, 0xbe, 0x01, 0xa0, 0x27, 0xbe, 0x03, 0x10, 0x12, 0xbe,
  0x00, 0xd0, 0x07, 0xbe, 0xfd, 0x4f, 0x01, 0xbe, 0xfd, 0x3f, 0xd8, 0xbd,
  0x00, 0xd0, 0xab, 0xbd, 0x01, 0x60, 0x28, 0xbd, 0x03, 0x80, 0x3c, 0x3c,
  0x02, 0x40, 0xde, 0x3c, 0xff, 0x1f, 0x27, 0x3d, 0x01, 0xe0, 0x48, 0x3d,
  0x01, 0x60, 0x66, 0x3d, 0x01, 0x20, 0xdd, 0x3d, 0x02, 0xa0, 0x22, 0x3e,
  0xff, 0x7f, 0x3f, 0x3e, 0x03, 0x48, 0x58, 0x3e, 0x00, 0x30, 0x43, 0x3e,
  0xff, 0x6f, 0x31, 0x3e, 0x02, 0xf0, 0x1f, 0x3e, 0x03, 0x40, 0x0d, 0x3e,
  0xff, 0x2f, 0xc9, 0x3d, 0x00, 0x90, 0x83, 0x3d, 0x02, 0xc0, 0x8c, 0x3c,
  0x01, 0x40, 0xa3, 0xbc, 0x00, 0x20, 0x36, 0xbd, 0x01, 0x10, 0x86, 0xbd,
  0x00, 0x90, 0xaf, 0xbd, 0x00, 0x90, 0xbf, 0xbd, 0x00, 0x70, 0x93, 0xbd,
  0x00, 0xe0, 0x7d, 0xbd, 0x00, 0xe0, 0x2c, 0xbd, 0xff, 0x9f, 0x4b, 0xbd,
  0x01, 0x10, 0xbe, 0xbd, 0xfc, 0xbf, 0xef, 0xbd, 0x01, 0x20, 0x15, 0xbe,
  0x03, 0xe0, 0x19, 0xbe, 0xfe, 0x0f, 0x10, 0xbe, 0xfe, 0x4f, 0x04, 0xbe,
  0xfd, 0x3f, 0xe8, 0xbd, 0x00, 0x30, 0xb8, 0xbd, 0x01, 0xe0, 0x65, 0xbd,
  0x00, 0x40, 0xc7, 0xbc, 0x03, 0x80, 0x5b, 0x3c, 0xff, 0x5f, 0x53, 0x3d,
  0xff, 0x8f, 0xc5, 0x3d, 0x00, 0x40, 0xf9, 0x3d, 0x02, 0x80, 0x1b, 0x3e,
  0x01, 0xb0, 0x08, 0x3e, 0x02, 0xc0, 0xdc, 0x3d, 0x00, 0x70, 0x90, 0x3d,
  0x01, 0xc0, 0xf2, 0x3c, 0x01, 0xc0, 0xb0, 0x3c, 0xfc, 0x7f, 0x66, 0x3c,
  0x00, 0xc0, 0xd6, 0x3c, 0x01, 0x20, 0x1c, 0x3d, 0x00, 0xa0, 0x51, 0x3d,
  0x00, 0xf0, 0x80, 0x3d, 0xff, 0x1f, 0x67, 0x3d, 0x00, 0xe0, 0x49, 0x3d,
  0x03, 0xc0, 0xa8, 0x3c, 0x02, 0x00, 0x02, 0xbb, 0xff, 0x3f, 0x90, 0xbc,
  0x00, 0x20, 0x04, 0xbd, 0xff, 0xdf, 0x22, 0xbd, 0x00, 0x20, 0x54, 0xbd,
  0x00, 0xb0, 0xa8, 0xbd, 0x01, 0xe0, 0xd8, 0xbd, 0x00, 0x70, 0x0c, 0xbe,
  0x00, 0xb0, 0x15, 0xbe, 0x05, 0x80, 0xf4, 0xbd, 0xff, 0x4f, 0xbd, 0xbd,
  0x02, 0x40, 0xfd, 0xbc, 0x00, 0x00, 0x78, 0xba, 0x05, 0x80, 0x32, 0x3c,
  0xff, 0x3f, 0x8b, 0x3c, 0x00, 0x80, 0x1a, 0x3c, 0x01, 0xc0, 0x90, 0x3c,
  0x00, 0x60, 0x29, 0x3d, 0x00, 0xe0, 0x2e, 0x3d, 0x01, 0xa0, 0x0d, 0x3d,
  0x00, 0x80, 0x2d, 0x3c, 0x01, 0x20, 0x1f, 0xbd, 0xff, 0xdf, 0x22, 0xbd,
  0xff, 0x3f, 0xee, 0xbc, 0x02, 0x00, 0x36, 0x3b, 0xff, 0xdf, 0x62, 0x3d,
  0x00, 0x50, 0x8c, 0x3d, 0x01, 0x30, 0xa2, 0x3d, 0x00, 0x90, 0x9c, 0x3d,
  0x00, 0x90, 0x92, 0x3d, 0x01, 0xa0, 0x7e, 0x3d, 0x01, 0x60, 0x56, 0x3d,
  0x02, 0x40, 0xd9, 0x3c, 0xfe, 0xff, 0xff, 0x38, 0x00, 0x40, 0xe8, 0xbc,
  0x01, 0xa0, 0x6d, 0xbd, 0x01, 0x30, 0xa2, 0xbd, 0x00, 0x50, 0xc9, 0xbd,
  0x00, 0x10, 0xa4, 0xbd, 0x00, 0x90, 0x83, 0xbd, 0x00, 0x40, 0xe6, 0xbc,
  0x00, 0x00, 0x00, 0x00, 0x00, 0x00, 0xb4, 0x3a, 0x01, 0x00, 0x22, 0x3b,
  0x02, 0x80, 0x46, 0xbc, 0x01, 0xc0, 0xb0, 0xbc, 0x00, 0xc0, 0xd9, 0xbc,
  0x00, 0xc0, 0xf6, 0xbc, 0x01, 0x60, 0x05, 0xbd, 0x00, 0x20, 0x06, 0xbd,
  0x01, 0x40, 0xe0, 0xbc, 0x01, 0x40, 0xe0, 0xbc, 0x01, 0xa0, 0x1d, 0xbd,
  0x00, 0xe0, 0x2c, 0xbd, 0x00, 0xe0, 0x5b, 0xbd, 0x01, 0xc0, 0xf3, 0xbc,
  0x01, 0xa0, 0x2f, 0x3d, 0x01, 0x50, 0xae, 0x3d, 0x01, 0x70, 0x17, 0x3e,
  0xff, 0xef, 0x0b, 0x3e, 0x00, 0xf0, 0x97, 0x3d, 0xff, 0x5f, 0x01, 0x3d,
  0x01, 0xc0, 0xf1, 0xbc, 0x00, 0x20, 0x05, 0xbd, 0xff, 0x7f, 0x35, 0xbc,
  0x00, 0x80, 0x0b, 0xbc, 0x01, 0x00, 0xa9, 0xbb, 0xff, 0x3f, 0x8c, 0xbc,
  0xff, 0x9f, 0x1a, 0xbd, 0x00, 0xa0, 0x03, 0xbd, 0x02, 0x40, 0xb9, 0xbc,
  0x00, 0x80, 0x12, 0xbc, 0x00, 0x00, 0xe1, 0x3b, 0xfc, 0x7f, 0x2a, 0x3c,
  0xfc, 0x7f, 0x66, 0x3c, 0x02, 0x80, 0x44, 0x3c, 0xfd, 0x7f, 0x24, 0x3c,
  0xfe, 0xbf, 0xe6, 0xbc, 0x00, 0x10, 0x81, 0xbd, 0x00, 0x10, 0xcc, 0xbd,
  0x03, 0x60, 0x04, 0xbe, 0x00, 0x90, 0xac, 0xbd, 0x00, 0x20, 0x45, 0xbd,
  0x00, 0x00, 0xc5, 0x3b, 0x01, 0x60, 0x37, 0x3d, 0x00, 0xc0, 0xf7, 0x3c,
  0x02, 0x40, 0xbe, 0x3c, 0xff, 0xff, 0xe4, 0x3b, 0xff, 0xff, 0x98, 0x3b,
  0xff, 0x5f, 0x13, 0x3d, 0x01, 0x60, 0x58, 0x3d, 0x00, 0xb0, 0x87, 0x3d,
  0x01, 0x60, 0x77, 0x3d, 0x03, 0x80, 0x5d, 0x3c, 0xff, 0x7f, 0x73, 0xbc,
  0xff, 0x1f, 0x4b, 0xbd, 0x00, 0x20, 0x61, 0xbd, 0xfd, 0xbf, 0xe7, 0xbc,
  0x03, 0x80, 0x3c, 0xbc, 0xff, 0xbf, 0xa0, 0x3c, 0x03, 0xc0, 0xa8, 0x3c,
  0x00, 0x00, 0x9f, 0x3b, 0xfb, 0x7f, 0x4f, 0xbc, 0x01, 0x60, 0x45, 0xbd,
  0x00, 0x60, 0x2d, 0xbd, 0x01, 0xc0, 0xb1, 0xbc, 0x02, 0x00, 0x02, 0x3b,
  0x00, 0xa0, 0x31, 0x3d, 0x00, 0x40, 0xe8, 0x3c, 0x01, 0x00, 0xb0, 0xb9,
  0x01, 0x20, 0x0e, 0xbd, 0x00, 0x10, 0xa3, 0xbd, 0x01, 0xe0, 0x77, 0xbd,
  0x01, 0xe0, 0x04, 0xbd, 0x01, 0x00, 0xc1, 0x3b, 0x00, 0xe0, 0x49, 0x3d,
  0xff, 0x3f, 0xcf, 0x3c, 0x00, 0x00, 0x18, 0x3a, 0x02, 0x40, 0xfb, 0xbc,
  0x00, 0xa0, 0x74, 0xbd, 0x02, 0x40, 0x9c, 0xbc, 0xff, 0x7f, 0x77, 0x3c,
  0x01, 0xe0, 0x44, 0x3d, 0x00, 0xb0, 0x94, 0x3d, 0x01, 0x20, 0x1d, 0x3d,
  0xfb, 0x7f, 0x4d, 0x3c, 0x00, 0x40, 0xe7, 0xbc, 0x00, 0xe0, 0x4d, 0xbd,
  0xff, 0xbf, 0xfe, 0xbc, 0x01, 0x40, 0x80, 0xbc, 0xfe, 0x3f, 0xb1, 0x3c,
  0xff, 0x9f, 0x1a, 0x3d, 0x00, 0xc0, 0xda, 0x3c, 0x03, 0x80, 0x7c, 0x3c,
  0xff, 0xbf, 0x80, 0xbc, 0x01, 0xc0, 0xf0, 0xbc, 0x01, 0x20, 0x0e, 0xbd,
  0x01, 0xa0, 0x00, 0xbd, 0xfd, 0x7f, 0x64, 0xbc, 0x01, 0x00, 0xac, 0xba,
  0xff, 0x3f, 0x8d, 0x3c, 0xfe, 0xbf, 0xc3, 0x3c, 0xff, 0xbf, 0xdb, 0x3c,
  0x01, 0x40, 0xc2, 0x3c, 0xfc, 0x7f, 0x6a, 0x3c, 0x05, 0x80, 0x30, 0x3c,
  0x00, 0x00, 0xd5, 0x3b, 0x01, 0x80, 0x29, 0x3c, 0xfe, 0xbf, 0xa6, 0x3c,
  0x02, 0x80, 0x63, 0x3c, 0xff, 0xff, 0x8a, 0x3b, 0xff, 0x3f, 0x8c, 0xbc,
  0x01, 0xe0, 0x44, 0xbd, 0x00, 0xa0, 0x33, 0xbd, 0x01, 0xe0, 0x18, 0xbd,
  0x00, 0x80, 0x17, 0xbc, 0xff, 0x3f, 0xaf, 0x3c, 0x03, 0xc0, 0xe8, 0x3c,
  0xff, 0xdf, 0x10, 0x3d, 0xfb, 0x7f, 0x6e, 0x3c, 0x00, 0x00, 0x9f, 0xbb,
  0xfe, 0xbf, 0x86, 0xbc, 0xff, 0xbf, 0xdb, 0xbc, 0xff, 0x3f, 0x8f, 0xbc,
  0x01, 0x80, 0x29, 0xbc, 0x02, 0x00, 0x6a, 0xbb, 0xff, 0xff, 0xbb, 0x3a,
  0x00, 0x00, 0x87, 0x3b, 0x00, 0x00, 0xd5, 0x3b, 0xff, 0xff, 0xe4, 0x3b,
  0x00, 0x00, 0xed, 0x3b, 0xff, 0xff, 0x61, 0x3b, 0xff, 0xff, 0x79, 0x3b,
  0xfd, 0x7f, 0x60, 0x3c, 0xfe, 0xbf, 0xa5, 0x3c, 0xff, 0x5f, 0x03, 0x3d,
  0x00, 0x20, 0x01, 0x3d, 0xfe, 0x7f, 0x5e, 0x3c, 0x00, 0x00, 0x42, 0x3b,
  0xfe, 0x7f, 0x39, 0xbc, 0xfe, 0x7f, 0x3b, 0xbc, 0x01, 0x00, 0x9d, 0x3b,
  0x01, 0x00, 0xe7, 0x3b, 0xff, 0xff, 0xbe, 0x3b, 0xfd, 0xff, 0xc3, 0xba,
  0x00, 0xc0, 0x9a, 0xbc, 0x00, 0xc0, 0xb5, 0xbc, 0xfe, 0xbf, 0xc1, 0xbc,
  0x02, 0x80, 0x42, 0xbc, 0x00, 0x80, 0x0f, 0x3c, 0x00, 0xc0, 0x95, 0x3c,
  0x01, 0x40, 0xff, 0x3c, 0x02, 0xc0, 0x89, 0x3c, 0x01, 0x00, 0xa7, 0xbb,
  0xff, 0x3f, 0x8c, 0xbc, 0x00, 0x20, 0x03, 0xbd, 0x02, 0x40, 0x9a, 0xbc,
  0xff, 0xff, 0x11, 0xbb, 0xff, 0xff, 0x29, 0x3b, 0x00, 0x00, 0xf7, 0x3b,
  0x00, 0x80, 0x1f, 0xbc, 0x02, 0x40, 0xde, 0xbc, 0x01, 0xc0, 0xf3, 0xbc,
  0xff, 0xdf, 0x01, 0xbd, 0xfb, 0x7f, 0x6c, 0xbc, 0x02, 0x00, 0x40, 0xb9,
  0x00, 0x40, 0x87, 0x3c, 0x02, 0xc0, 0xed, 0x3c, 0xff, 0xbf, 0xc0, 0x3c,
  0x02, 0x40, 0x99, 0x3c, 0x00, 0x00, 0x76, 0xbb, 0xfb, 0x7f, 0x4f, 0xbc,
  0x00, 0x80, 0x08, 0x3c, 0x02, 0x40, 0xde, 0x3c, 0x01, 0x90, 0x9e, 0x3d,
  0x00, 0xf0, 0xbf, 0x3d, 0x01, 0xd0, 0x96, 0x3d, 0x01, 0x60, 0x44, 0x3d,
  0x01, 0x40, 0xa2, 0xbc, 0x00, 0x20, 0x34, 0xbd, 0x00, 0xa0, 0x26, 0xbd,
  0x00, 0x40, 0xe6, 0xbc, 0x02, 0xc0, 0x8e, 0x3c, 0x01, 0xc0, 0x90, 0x3c,
  0xfd, 0x7f, 0x43, 0xbc, 0x01, 0x60, 0x15, 0xbd, 0x00, 0x50, 0xac, 0xbd,
  0x00, 0xb0, 0x93, 0xbd, 0x01, 0x60, 0x04, 0xbd, 0x00, 0x00, 0x93, 0x3b,
  0xff, 0x5f, 0x7f, 0x3d, 0x00, 0x10, 0x8a, 0x3d, 0x00, 0x50, 0x84, 0x3d,
  0x00, 0xa0, 0x22, 0x3d, 0xfd, 0xff, 0x93, 0x3a, 0xfd, 0x7f, 0x60, 0xbc,
  0x02, 0x40, 0xf9, 0xbc, 0x00, 0x80, 0x6d, 0xbc, 0x00, 0x00, 0xb7, 0x3b,
  0x05, 0x80, 0x70, 0x3c, 0x02, 0xc0, 0xc9, 0x3c, 0xff, 0x7f, 0x19, 0xbc,
  0xff, 0x5f, 0x30, 0xbd, 0x00, 0x90, 0x8a, 0xbd, 0xff, 0xaf, 0xb1, 0xbd,
  0xff, 0x5f, 0x33, 0xbd, 0x01, 0x00, 0xc1, 0xbb, 0xff, 0xdf, 0x5f, 0x3d,
  0x00, 0x30, 0xc7, 0x3d, 0x00, 0xd0, 0xa2, 0x3d, 0x00, 0x50, 0x83, 0x3d,
  0x03, 0x80, 0x5d, 0x3c, 0xfb, 0x7f, 0x6c, 0xbc, 0x00, 0x00, 0xe4, 0x3a,
  0x02, 0x80, 0x25, 0x3c, 0xff, 0xbf, 0xfe, 0x3c, 0xfe, 0x3f, 0xf2, 0x3c,
  0x00, 0xc0, 0x98, 0xbc, 0x01, 0xe0, 0x27, 0xbd, 0x00, 0xe0, 0x6e, 0xbd,
  0xff, 0x1f, 0x49, 0xbd, 0xff, 0xff, 0xb2, 0x3b, 0x01, 0x60, 0x07, 0x3d,
  0x00, 0xd0, 0x87, 0x3d, 0x00, 0x30, 0x88, 0x3d, 0xff, 0x9f, 0x2b, 0x3d,
  0xfe, 0xbf, 0xa3, 0x3c, 0xfc, 0x7f, 0x66, 0xbc, 0xff, 0xbf, 0xfb, 0xbc,
  0x00, 0x60, 0x4b, 0xbd, 0x00, 0xe0, 0x3a, 0xbd, 0x00, 0x20, 0x03, 0xbd,
  0xfe, 0x3f, 0x92, 0xbc, 0x00, 0x00, 0x91, 0x3b, 0xff, 0xff, 0x45, 0x3b,
  0x02, 0x00, 0x1a, 0xbb, 0xfe, 0x7f, 0x3d, 0xbc, 0xfe, 0xbf, 0xc4, 0xbc,
  0x02, 0xc0, 0x8a, 0xbc, 0x00, 0x00, 0xf9, 0xbb, 0x00, 0x80, 0x1c, 0x3c,
  0x00, 0x40, 0xe9, 0x3c, 0x02, 0xc0, 0xad, 0x3c, 0x02, 0x80, 0x61, 0x3c,
  0x04, 0x80, 0x57, 0xbc, 0x00, 0x60, 0x19, 0xbd, 0xff, 0xbf, 0xbf, 0xbc,
  0x00, 0x80, 0x20, 0xbc, 0x00, 0x60, 0x19, 0x3d, 0x00, 0xd0, 0x97, 0x3d,
  0x00, 0x50, 0x98, 0x3d, 0x00, 0x50, 0x90, 0x3d, 0x00, 0x40, 0x85, 0x3c,
  0x02, 0xc0, 0x8a, 0xbc, 0x00, 0x60, 0x0c, 0xbd, 0x01, 0x60, 0x25, 0xbd,
  0x00, 0x00, 0xb9, 0xbb, 0x00, 0x80, 0x02, 0x3c, 0xff, 0xff, 0xfc, 0x3b,
  0x01, 0x00, 0x8f, 0xbb, 0xff, 0x5f, 0x63, 0xbd, 0x00, 0x70, 0x94, 0xbd,
  0xff, 0x4f, 0x8d, 0xbd, 0x00, 0x20, 0x56, 0xbd, 0xfe, 0xff, 0xf3, 0xba,
  0x01, 0x80, 0x6b, 0x3c, 0x02, 0x80, 0x61, 0x3c, 0x02, 0xc0, 0x8e, 0x3c,
  0x00, 0xc0, 0x99, 0x3c, 0xff, 0xbf, 0xff, 0x3c, 0x00, 0x60, 0x6b, 0x3d,
  0x00, 0xe0, 0x4d, 0x3d, 0x02, 0x40, 0xd9, 0x3c, 0xfb, 0x7f, 0x6c, 0x3c,
  0x02, 0x00, 0xdc, 0xba, 0xff, 0xff, 0x96, 0x3b, 0xff, 0xbf, 0x9c, 0x3c,
  0x00, 0x80, 0x00, 0x3c, 0x01, 0x80, 0x2b, 0xbc, 0x00, 0x80, 0x0f, 0xbc,
  0x00, 0x00, 0xd3, 0xbb, 0x04, 0x80, 0x7a, 0x3c, 0xff, 0x9f, 0x2a, 0x3d,
  0x01, 0x40, 0xe2, 0x3c, 0x00, 0x80, 0x52, 0x3c, 0x01, 0x00, 0x8d, 0x3b,
  0xfe, 0xff, 0x49, 0xbb, 0x00, 0x00, 0xef, 0x3b, 0x00, 0x80, 0x6f, 0x3c,
  0x00, 0x00, 0xd3, 0xbb, 0xff, 0xbf, 0xbf, 0xbc, 0xff, 0xdf, 0x32, 0xbd,
  0xff, 0x5f, 0x60, 0xbd, 0x00, 0xa0, 0x02, 0xbd, 0xfd, 0x7f, 0x7f, 0xbc,
  0x00, 0x00, 0xd3, 0x3b, 0x01, 0x40, 0xa1, 0x3c, 0x01, 0xc0, 0xaf, 0x3c,
  0x02, 0x40, 0xbb, 0x3c, 0x00, 0xc0, 0x98, 0x3c, 0x02, 0x80, 0x65, 0x3c,
  0xfc, 0xff, 0xcb, 0xba, 0xfe, 0xff, 0x65, 0xbb, 0x00, 0x00, 0xc5, 0x3b,
  0xff, 0x3f, 0x8f, 0x3c, 0xff, 0x9f, 0x27, 0x3d, 0xff, 0x5f, 0x43, 0x3d,
  0x00, 0x20, 0x35, 0x3d, 0xff, 0x5f, 0x3f, 0x3d, 0x01, 0x60, 0x57, 0x3d,
  0x00, 0xa0, 0x61, 0x3d, 0xff, 0x1f, 0x7b, 0x3d, 0xff, 0x9f, 0x38, 0x3d,
  0xfc, 0x7f, 0x66, 0x3c, 0x00, 0x00, 0x58, 0xba, 0xfe, 0x7f, 0x7d, 0xbc,
  0x00, 0xc0, 0x9a, 0xbc, 0xfe, 0x3f, 0x92, 0xbc, 0x01, 0xe0, 0x06, 0xbd,
  0x00, 0x60, 0x5a, 0xbd, 0xff, 0x5f, 0x73, 0xbd, 0x00, 0x90, 0x89, 0xbd,
  0x00, 0xa0, 0x32, 0xbd, 0x01, 0xc0, 0x90, 0xbc, 0xfe, 0x3f, 0xb6, 0x3c,
  0x00, 0xe0, 0x7c, 0x3d, 0x00, 0xb0, 0xa3, 0x3d, 0x00, 0x30, 0xc7, 0x3d,
  0x00, 0x50, 0xa0, 0x3d, 0xff, 0x9f, 0x7b, 0x3d, 0x00, 0xa0, 0x01, 0x3d,
  0x00, 0x80, 0x04, 0x3c, 0xff, 0xff, 0x61, 0xbb, 0x01, 0x80, 0x48, 0xbc,
  0x00, 0x00, 0x78, 0x3a, 0xff, 0xff, 0xfe, 0x3b, 0xff, 0xff, 0xf0, 0x3b,
  0xff, 0xff, 0xd8, 0x3b, 0xff, 0xff, 0x8a, 0xbb, 0x01, 0x00, 0xac, 0xba,
  0x01, 0x60, 0x16, 0x3d, 0x01, 0x20, 0x7c, 0x3d, 0x03, 0x60, 0xd7, 0x3d,
  0x06, 0xe0, 0xda, 0x3d, 0xff, 0x9f, 0x6a, 0x3d, 0x00, 0x40, 0x85, 0x3c,
  0x00, 0xe0, 0x7a, 0xbd, 0x01, 0xd0, 0xae, 0xbd, 0xff, 0xcf, 0x9d, 0xbd,
  0xff, 0x6f, 0x89, 0xbd, 0x00, 0x60, 0x1c, 0xbd, 0x01, 0x60, 0x17, 0xbd,
  0x00, 0xe0, 0x5b, 0xbd, 0xff, 0x1f, 0x1a, 0xbd, 0x05, 0x80, 0x34, 0xbc,
  0x00, 0x60, 0x0c, 0x3d, 0x06, 0xe0, 0xd5, 0x3d, 0x02, 0x70, 0x0a, 0x3e,
  0x01, 0x90, 0x2e, 0x3e, 0x03, 0xf0, 0x22, 0x3e, 0xff, 0x5f, 0x10, 0x3e,
  0x00, 0x90, 0xa7, 0x3d, 0xfb, 0x7f, 0x4d, 0x3c, 0x00, 0xb0, 0x85, 0xbd,
  0x01, 0x50, 0x15, 0xbe, 0x02, 0x88, 0x4e, 0xbe, 0xff, 0x2b, 0x85, 0xbe,
  0xff, 0x63, 0x94, 0xbe, 0x02, 0xa0, 0xa2, 0xbe, 0x01, 0x04, 0x92, 0xbe,
  0x00, 0x14, 0x80, 0xbe, 0x03, 0x30, 0x0c, 0xbe, 0xfe, 0x3f, 0xf1, 0xbc,
  0x00, 0xe0, 0x0a, 0x3d, 0xff, 0x2f, 0x65, 0x3e, 0xfe, 0xaf, 0xdf, 0x3e,
  0x01, 0xe4, 0x29, 0x3f, 0xff, 0x8b, 0x6c, 0x3f, 0x00, 0xc0, 0x76, 0x3f,
  0x00, 0xfe, 0x7f, 0x3f, 0x00, 0x94, 0x66, 0x3f, 0x01, 0xe4, 0x4d, 0x3f,
  0xff, 0x3d, 0x4a, 0x3f, 0x00, 0x98, 0x45, 0x3f, 0x00, 0xd4, 0x3b, 0x3f,
  0x00, 0xda, 0x2e, 0x3f, 0x01, 0x70, 0xdf, 0x3e, 0xfe, 0xa7, 0x69, 0x3e,
  0xfe, 0xff, 0x31, 0x3b, 0x00, 0x00, 0x38, 0xbe, 0xfd, 0xdf, 0x44, 0xbe,
  0xfe, 0x37, 0x68, 0xbe, 0x00, 0x08, 0x76, 0xbe, 0xff, 0x03, 0x95, 0xbe,
  0xfe, 0x6b, 0xe7, 0xbe, 0xff, 0x43, 0x13, 0xbf, 0x01, 0x96, 0x39, 0xbf,
  0x01, 0xa6, 0x4e, 0xbf, 0x00, 0x1a, 0x4f, 0xbf, 0xff, 0x37, 0x4d, 0xbf,
  0x00, 0x7a, 0x39, 0xbf, 0x00, 0x32, 0x31, 0xbf, 0x00, 0xa4, 0x2b, 0xbf,
  0xff, 0x43, 0x2d, 0xbf, 0x00, 0xd0, 0x3d, 0xbf, 0x00, 0xd2, 0x3f, 0xbf,
  0xff, 0xed, 0x3f, 0xbf, 0x00, 0xf0, 0x2c, 0xbf, 0x01, 0xde, 0x04, 0xbf,
  0x01, 0x4c, 0xc9, 0xbe, 0x00, 0x28, 0x6d, 0xbe, 0xfe, 0xb7, 0x2a, 0xbe,
  0xff, 0x2f, 0x15, 0xbe, 0x04, 0xd0, 0xd3, 0xbd, 0x00, 0xb0, 0x9e, 0xbd,
  0x00, 0x60, 0x2c, 0x3d, 0x03, 0x30, 0x64, 0x3e, 0x01, 0x40, 0xaf, 0x3e,
  0xff, 0xdf, 0xf6, 0x3e, 0x01, 0x04, 0xfe, 0x3e, 0xff, 0xbf, 0xf4, 0x3e,
  0x01, 0x3c, 0xfc, 0x3e, 0x00, 0xa0, 0x00, 0x3f, 0x01, 0x2a, 0x16, 0x3f,
  0x00, 0x8e, 0x2f, 0x3f, 0x00, 0xf2, 0x37, 0x3f, 0x00, 0x42, 0x40, 0x3f,
  0x01, 0x28, 0x2c, 0x3f, 0x01, 0x2e, 0x17, 0x3f, 0x00, 0x0c, 0xfe, 0x3e,
  0x01, 0xe0, 0xd0, 0x3e, 0xfe, 0x37, 0xc0, 0x3e, 0x00, 0xf0, 0xae, 0x3e,
  0x00, 0x10, 0xb1, 0x3e, 0x01, 0xc0, 0xad, 0x3e, 0xff, 0x6f, 0x91, 0x3e,
  0xff, 0x2f, 0x65, 0x3e, 0x00, 0x50, 0x9f, 0x3d, 0xff, 0xff, 0x54, 0xbd,
  0x01, 0x18, 0x47, 0xbe, 0x01, 0x3c, 0x9c, 0xbe, 0x01, 0xc4, 0xb8, 0xbe,
  0x02, 0x28, 0xd3, 0xbe, 0x00, 0x5c, 0xd8, 0xbe, 0x01, 0x38, 0xe5, 0xbe,
  0x01, 0x6c, 0xfc, 0xbe, 0x01, 0x72, 0x07, 0xbf, 0x00, 0x58, 0x14, 0xbf,
  0x00, 0x02, 0x18, 0xbf, 0x00, 0xa2, 0x0e, 0xbf, 0x00, 0xae, 0x07, 0xbf,
  0xff, 0xff, 0xf0, 0xbe, 0x00, 0xcc, 0xec, 0xbe, 0x00, 0x38, 0x00, 0xbf,
  0x00, 0x5a, 0x04, 0xbf, 0x00, 0x36, 0x10, 0xbf, 0x01, 0x9a, 0x04, 0xbf,
  0x00, 0xc0, 0xd2, 0xbe, 0xff, 0x97, 0x93, 0xbe, 0xfc, 0xcf, 0xd0, 0xbd,
  0xff, 0x7f, 0xb7, 0xbc, 0xff, 0x5f, 0x30, 0x3d, 0x01, 0x20, 0x1c, 0x3d,
  0x01, 0x80, 0x8a, 0xbc, 0x00, 0x80, 0x21, 0x3c, 0x00, 0x20, 0x41, 0x3d,
  0x00, 0x98, 0x11, 0x3e, 0xff, 0x53, 0x8a, 0x3e, 0xfe, 0xf3, 0xa7, 0x3e,
  0x02, 0xa0, 0xc2, 0x3e, 0x01, 0xb0, 0xd0, 0x3e, 0xff, 0x5b, 0xdd, 0x3e,
  0x00, 0xa8, 0xf2, 0x3e, 0xff, 0x59, 0x05, 0x3f, 0xff, 0xdb, 0x00, 0x3f,
  0x00, 0xec, 0xf7, 0x3e, 0x00, 0x00, 0xe4, 0x3e, 0xff, 0x07, 0xd0, 0x3e,
  0xff, 0x6f, 0xc2, 0x3e, 0x00, 0xb8, 0xb4, 0x3e, 0x01, 0xc4, 0x94, 0x3e,
  0x00, 0x58, 0x6d, 0x3e, 0xfe, 0x37, 0x50, 0x3e, 0x03, 0x68, 0x32, 0x3e,
  0xfe, 0x87, 0x27, 0x3e, 0x03, 0xe8, 0x0c, 0x3e, 0x00, 0x60, 0x0a, 0x3d,
  0xff, 0xbf, 0x5b, 0xbd, 0x00, 0xf8, 0x11, 0xbe, 0xfe, 0x37, 0x55, 0xbe,
  0x01, 0x90, 0x61, 0xbe, 0x02, 0xf0, 0x7c, 0xbe, 0x01, 0x90, 0x92, 0xbe,
  0x00, 0x6c, 0xa5, 0xbe, 0xff, 0xdf, 0xc2, 0xbe, 0x01, 0x40, 0xd0, 0xbe,
  0x00, 0x04, 0xcb, 0xbe, 0xff, 0xdb, 0xc7, 0xbe, 0x01, 0x24, 0xbc, 0xbe,
  0x00, 0x54, 0xb9, 0xbe, 0x01, 0xec, 0xbd, 0xbe, 0x02, 0xc8, 0xbf, 0xbe,
  0x01, 0x34, 0xc6, 0xbe, 0x00, 0xc0, 0xc2, 0xbe, 0x00, 0x50, 0xbe, 0xbe,
  0x00, 0x34, 0xa7, 0xbe, 0x00, 0xc0, 0x7e, 0xbe, 0xfe, 0x57, 0x2f, 0xbe,
  0x00, 0x90, 0x8a, 0xbd, 0x00, 0x80, 0x8f, 0xbc, 0x02, 0x00, 0xb7, 0x3c,
  0x00, 0x00, 0x52, 0x3d, 0x00, 0x30, 0x98, 0x3d, 0xfc, 0x8f, 0xdc, 0x3d,
  0xfd, 0x17, 0x13, 0x3e, 0x03, 0xa8, 0x2b, 0x3e, 0x02, 0x50, 0x40, 0x3e,
  0xfd, 0x97, 0x6d, 0x3e, 0x00, 0xe8, 0x8f, 0x3e, 0x01, 0xe0, 0xa4, 0x3e,
  0xff, 0x43, 0xbd, 0x3e, 0x01, 0x9c, 0xb7, 0x3e, 0xff, 0x8f, 0xb0, 0x3e,
  0x01, 0x58, 0x9f, 0x3e, 0xff, 0x3f, 0x8e, 0x3e, 0x01, 0xf4, 0x84, 0x3e,
  0x00, 0x48, 0x77, 0x3e, 0x01, 0x90, 0x79, 0x3e, 0x01, 0xe0, 0x78, 0x3e,
  0x01, 0x58, 0x6b, 0x3e, 0x03, 0xe0, 0x59, 0x3e, 0xfd, 0x6f, 0x20, 0x3e,
  0xff, 0x8f, 0xd8, 0x3d, 0x00, 0x60, 0x1d, 0x3d, 0x01, 0x40, 0x83, 0xbc,
  0x01, 0x80, 0x59, 0xbd, 0x01, 0x40, 0xb4, 0xbd, 0x02, 0xf0, 0xd4, 0xbd,
  0x01, 0x98, 0x04, 0xbe, 0x02, 0x50, 0x3b, 0xbe, 0xfd, 0xe7, 0x67, 0xbe,
  0xff, 0x8b, 0x95, 0xbe, 0x01, 0x28, 0xa4, 0xbe, 0x00, 0x94, 0x96, 0xbe,
  0xff, 0x7b, 0x8b, 0xbe, 0x02, 0x18, 0x55, 0xbe, 0xfe, 0xb7, 0x4a, 0xbe,
  0x00, 0x78, 0x77, 0xbe, 0x00, 0x4c, 0x8b, 0xbe, 0xff, 0x27, 0xae, 0xbe,
  0x01, 0xe4, 0xa7, 0xbe, 0xff, 0xe7, 0x81, 0xbe, 0xff, 0xe7, 0x48, 0xbe,
  0x03, 0xb0, 0xe1, 0xbd, 0x00, 0xf0, 0xc6, 0xbd, 0x01, 0x68, 0x04, 0xbe,
  0xff, 0x9f, 0xf9, 0xbd, 0x04, 0xa0, 0xeb, 0xbd, 0x00, 0x80, 0x7d, 0xbd,
  0x02, 0x00, 0xd6, 0x3c, 0xff, 0xaf, 0x99, 0x3d, 0x02, 0x80, 0x03, 0x3e,
  0xff, 0x57, 0x12, 0x3e, 0x03, 0x90, 0x17, 0x3e, 0xfe, 0xdf, 0x17, 0x3e,
  0xfd, 0x07, 0x12, 0x3e, 0xfd, 0xf7, 0x28, 0x3e, 0x00, 0x60, 0x43, 0x3e,
  0x01, 0xb0, 0x60, 0x3e, 0x01, 0x90, 0x81, 0x3e, 0x01, 0x20, 0x7d, 0x3e,
  0xfe, 0x47, 0x76, 0x3e, 0xff, 0x1f, 0x64, 0x3e, 0xfe, 0xb7, 0x52, 0x3e,
  0xff, 0xef, 0x3b, 0x3e, 0x02, 0xf0, 0x24, 0x3e, 0xfe, 0x87, 0x0a, 0x3e,
  0xfb, 0xcf, 0xe5, 0x3d, 0x03, 0x30, 0xe4, 0x3d, 0x03, 0x50, 0xd6, 0x3d,
  0x00, 0x90, 0x98, 0x3d, 0x01, 0x60, 0x36, 0x3d, 0x00, 0x00, 0x9f, 0xbc,
  0x00, 0xc0, 0x81, 0xbd, 0x00, 0x50, 0x94, 0xbd, 0x00, 0x70, 0xa4, 0xbd,
  0x01, 0xc0, 0x53, 0xbd, 0x01, 0xc0, 0x53, 0xbd, 0xf9, 0x0f, 0xd9, 0xbd,
  0xff, 0xcf, 0x19, 0xbe, 0xfd, 0xb7, 0x6f, 0xbe, 0x00, 0x9c, 0x89, 0xbe,
  0x00, 0x70, 0x7c, 0xbe, 0xfd, 0xc7, 0x68, 0xbe, 0x00, 0x58, 0x30, 0xbe,
  0x00, 0xd0, 0x1c, 0xbe, 0x02, 0x40, 0x22, 0xbe, 0xff, 0xc7, 0x26, 0xbe,
  0x01, 0x20, 0x3d, 0xbe, 0x03, 0xb0, 0x36, 0xbe, 0xff, 0x8f, 0x20, 0xbe,
  0xfd, 0x97, 0x05, 0xbe, 0x00, 0x80, 0xb9, 0xbd, 0x00, 0x70, 0x8e, 0xbd,
  0x00, 0x80, 0x4d, 0xbd, 0x00, 0xa0, 0x36, 0xbd, 0x00, 0x00, 0x4f, 0xbd,
  0xff, 0xdf, 0x22, 0xbd, 0xfd, 0xff, 0xee, 0xbc, 0x04, 0x80, 0x36, 0x3c,
  0x01, 0x90, 0x86, 0x3d, 0xfb, 0xef, 0xdc, 0x3d, 0xfd, 0xff, 0x1e, 0x3e,
  0x03, 0xf0, 0x22, 0x3e, 0xfe, 0x1f, 0x21, 0x3e, 0xfe, 0xb7, 0x12, 0x3e,
  0xff, 0x5f, 0x00, 0x3e, 0xfe, 0x6f, 0x03, 0x3e, 0x00, 0xa8, 0x07, 0x3e,
  0xfd, 0x07, 0x12, 0x3e, 0xff, 0xff, 0x1c, 0x3e, 0xff, 0x6f, 0x01, 0x3e,
  0xfd, 0x6f, 0xd0, 0x3d, 0x00, 0x80, 0xba, 0x3d, 0x01, 0x60, 0xa8, 0x3d,
  0x04, 0x60, 0xf2, 0x3d, 0x01, 0x18, 0x12, 0x3e, 0x04, 0x30, 0xdf, 0x3d,
  0x01, 0x90, 0x9e, 0x3d, 0x01, 0x00, 0x56, 0xbb, 0x01, 0x80, 0x7a, 0xbd,
  0x00, 0x70, 0x8b, 0xbd, 0x00, 0xb0, 0x96, 0xbd, 0x00, 0x20, 0x26, 0xbd,
  0x00, 0x80, 0xf1, 0xbc, 0x00, 0xc0, 0x59, 0xbd, 0x00, 0x50, 0x99, 0xbd,
  0x03, 0xe0, 0xf9, 0xbd, 0x00, 0xe8, 0x13, 0xbe, 0x01, 0x68, 0x11, 0xbe,
  0x00, 0xa8, 0x12, 0xbe, 0x01, 0x58, 0x0b, 0xbe, 0x01, 0x78, 0x12, 0xbe,
  0x00, 0xa8, 0x32, 0xbe, 0x01, 0xe0, 0x3b, 0xbe, 0x02, 0x50, 0x40, 0xbe,
  0x02, 0x88, 0x26, 0xbe, 0x00, 0x40, 0xbe, 0xbd, 0xff, 0x3f, 0x5c, 0xbd,
  0xff, 0xff, 0xcf, 0xb9, 0x00, 0x00, 0xaf, 0xbb, 0x01, 0x20, 0x3f, 0xbd,
  0x00, 0xd0, 0xa2, 0xbd, 0xfd, 0x37, 0x12, 0xbe, 0x00, 0xa0, 0xf4, 0xbd,
  0x01, 0x90, 0x8e, 0xbd, 0xff, 0xff, 0xcf, 0xb9, 0x05, 0x50, 0xdc, 0x3d,
  0xff, 0x1f, 0xec, 0x3d, 0x06, 0xf0, 0xdb, 0x3d, 0x00, 0xd0, 0x99, 0x3d,
  0xff, 0xff, 0xe3, 0x3c, 0xff, 0x3f, 0x4c, 0x3d, 0x00, 0x40, 0xa7, 0x3d,
  0xfe, 0xdf, 0xe7, 0x3d, 0xff, 0xbf, 0x18, 0x3e, 0x05, 0x40, 0xfb, 0x3d,
  0x00, 0x80, 0xc2, 0x3d, 0x01, 0x40, 0x74, 0x3d, 0x01, 0x80, 0xcb, 0x3c,
  0x01, 0x20, 0x3d, 0x3d, 0x00, 0xb0, 0x86, 0x3d, 0xfc, 0xcf, 0xe0, 0x3d,
  0x02, 0xc0, 0x14, 0x3e, 0xfb, 0x5f, 0xe9, 0x3d, 0x00, 0x80, 0xaf, 0x3d,
  0xfe, 0x7f, 0x3b, 0x3c, 0x01, 0xa0, 0x1d, 0xbd, 0x00, 0x00, 0xe1, 0xbc,
  0xff, 0x7f, 0xb6, 0xbc, 0x00, 0x00, 0x93, 0x3b, 0x00, 0x80, 0x21, 0x3c,
  0x00, 0x20, 0x25, 0xbd, 0x00, 0x70, 0x94, 0xbd, 0x00, 0x30, 0xc7, 0xbd,
  0x04, 0x10, 0xdd, 0xbd, 0xff, 0x9f, 0xaf, 0xbd, 0x00, 0x70, 0xa0, 0xbd,
  0x00, 0xb0, 0x9f, 0xbd, 0x00, 0x70, 0x9b, 0xbd, 0xff, 0x6f, 0x91, 0xbd,
  0x00, 0xf0, 0x8e, 0xbd, 0xff, 0x2f, 0x91, 0xbd, 0x00, 0x90, 0x9c, 0xbd,
  0x00, 0x70, 0xc7, 0xbd, 0x00, 0x80, 0xb6, 0xbd, 0x01, 0xc0, 0x61, 0xbd,
  0x00, 0xa0, 0x06, 0xbd, 0xfc, 0xff, 0xfb, 0x3a, 0xfc, 0xff, 0xfb, 0xba,
  0xff, 0xff, 0xe3, 0xbc, 0x01, 0x20, 0x2c, 0xbd, 0x00, 0x90, 0x88, 0xbd,
  0x00, 0x40, 0x58, 0xbd, 0x02, 0x80, 0xe3, 0xbc, 0x01, 0x00, 0x9b, 0x3b,
  0x00, 0xc0, 0x4a, 0x3d, 0x00, 0x50, 0xa2, 0x3d, 0xfc, 0x1f, 0xeb, 0x3d,
  0x01, 0xe0, 0xe8, 0x3d, 0x06, 0x90, 0xe0, 0x3d, 0x00, 0x90, 0x8c, 0x3d,
  0xfe, 0xff, 0x89, 0x3c, 0x01, 0x00, 0xac, 0x3a, 0xfe, 0x7f, 0x79, 0xbc,
  0x01, 0x80, 0xeb, 0x3c, 0x00, 0xf0, 0x93, 0x3d, 0x00, 0xc0, 0xa5, 0x3d,
  0x00, 0x20, 0xb6, 0x3d, 0x01, 0xc0, 0x62, 0x3d, 0xff, 0xff, 0xe3, 0x3c,
  0xff, 0x1f, 0x08, 0x3d, 0xff, 0x5f, 0x11, 0x3d, 0x03, 0x80, 0xe0, 0x3c,
  0x01, 0x00, 0x9c, 0x3c, 0x00, 0x00, 0xe1, 0xbb, 0x02, 0x00, 0xb5, 0xbc,
  0x00, 0x00, 0x91, 0xbb, 0x00, 0x00, 0x76, 0x3b, 0x00, 0x00, 0x58, 0x3a,
  0x00, 0x00, 0xaf, 0xbb, 0x00, 0x20, 0x05, 0xbd, 0xff, 0x5f, 0x33, 0xbd,
  0x01, 0x00, 0xdb, 0xbc, 0x00, 0x80, 0x8e, 0xbc, 0x01, 0x00, 0x56, 0x3b,
  0xfe, 0xff, 0x15, 0xbb, 0x00, 0x80, 0x50, 0xbd, 0x01, 0x10, 0x9e, 0xbd,
  0x06, 0x90, 0xe0, 0xbd, 0x02, 0x70, 0xd2, 0xbd, 0x00, 0x20, 0x34, 0xbd,
  0xfe, 0x7f, 0x9b, 0xbc, 0x00, 0x80, 0x1e, 0x3c, 0x01, 0x00, 0x8d, 0x3b,
  0x01, 0xa0, 0x0f, 0xbd, 0xff, 0x5f, 0x2f, 0xbd, 0x00, 0x60, 0x39, 0xbd,
  0x01, 0x60, 0x17, 0xbd, 0xfe, 0x7f, 0x9e, 0xbc, 0x01, 0x80, 0x89, 0xbc,
  0x02, 0x00, 0xb5, 0xbc, 0x01, 0x00, 0x1e, 0xbb, 0x01, 0x80, 0xe9, 0x3c,
  0xff, 0x1f, 0x29, 0x3d, 0x01, 0xc0, 0x60, 0x3d, 0xff, 0x9f, 0x1b, 0x3d,
  0x00, 0x80, 0x2d, 0x3c, 0xfe, 0x7f, 0xbe, 0x3c, 0xff, 0x1f, 0x27, 0x3d,
  0xff, 0x7f, 0x64, 0x3d, 0x00, 0xd0, 0x97, 0x3d, 0x00, 0xa0, 0x31, 0x3d,
  0x02, 0x80, 0x25, 0x3c, 0xfc, 0xff, 0xfb, 0x3a, 0x00, 0x00, 0xad, 0xbb,
  0xfb, 0x7f, 0x4f, 0x3c, 0x00, 0x80, 0xef, 0x3c, 0x00, 0x60, 0x0e, 0x3d,
  0x01, 0x60, 0x26, 0x3d, 0xff, 0x7f, 0x55, 0x3d, 0x00, 0xc0, 0x75, 0x3d,
  0xff, 0x9f, 0x3b, 0x3d, 0x00, 0x60, 0x09, 0x3d, 0xff, 0xff, 0xd6, 0x3b,
  0x00, 0x80, 0x20, 0xbc, 0xff, 0xff, 0xcf, 0x39, 0x00, 0x00, 0x76, 0x3b,
  0x01, 0x00, 0x56, 0x3b, 0x01, 0x00, 0x68, 0xba, 0xfe, 0xff, 0xad, 0xbc,
  0x01, 0x40, 0x04, 0xbd, 0x00, 0x20, 0x25, 0xbd, 0xff, 0xdf, 0x22, 0xbd,
  0x03, 0x00, 0x91, 0xbc, 0xff, 0x7f, 0x19, 0xbc, 0xff, 0xff, 0x96, 0xbb,
  0x00, 0x80, 0x02, 0xbc, 0x02, 0x00, 0xd2, 0xbc, 0x00, 0x00, 0xfe, 0xbc,
  0xff, 0x9f, 0x0b, 0xbd, 0xff, 0x7f, 0xd8, 0xbc, 0xff, 0xff, 0x98, 0xbb,
  0x00, 0x00, 0x89, 0x3b, 0x02, 0x80, 0x44, 0x3c, 0xff, 0x7f, 0x33, 0x3c,
  0x00, 0x00, 0x42, 0x3b, 0x00, 0x00, 0x89, 0x3b, 0x00, 0x80, 0x1d, 0x3c,
  0x00, 0x00, 0x87, 0x3b, 0x00, 0x80, 0x0a, 0xbc, 0x00, 0x00, 0xf9, 0xbb,
  0xff, 0xff, 0xe4, 0xbb, 0x01, 0x80, 0x8c, 0x3c, 0xff, 0xff, 0x52, 0x3d,
  0x00, 0x60, 0x3b, 0x3d, 0x00, 0xa0, 0x11, 0x3d, 0x01, 0x00, 0x3a, 0x3b,
  0x01, 0xe0, 0x16, 0xbd, 0x01, 0x80, 0xa8, 0xbc, 0x01, 0x00, 0x20, 0xb9,
  0x01, 0x20, 0x1d, 0x3d, 0x00, 0x10, 0x9f, 0x3d, 0x00, 0x40, 0x82, 0x3d,
  0x00, 0x00, 0x4f, 0x3d, 0xfe, 0xff, 0xa8, 0x3c, 0xff, 0xff, 0xca, 0xbb,
  0xfe, 0xff, 0xf3, 0xba, 0x00, 0x00, 0x78, 0x3a, 0xff, 0x7f, 0x95, 0x3c,
  0x02, 0x80, 0xe1, 0x3c, 0x00, 0x00, 0xeb, 0x3b, 0x00, 0x80, 0x01, 0xbc,
  0x01, 0x40, 0x01, 0xbd, 0xff, 0xdf, 0x20, 0xbd, 0xfe, 0xff, 0x31, 0x3b,
  0xff, 0xff, 0x02, 0x3d, 0x00, 0x10, 0x91, 0x3d, 0x00, 0xc0, 0xa5, 0x3d,
  0x00, 0x00, 0xe2, 0x3c, 0xff, 0xff, 0xcf, 0x39, 0x00, 0x00, 0xe0, 0xbc,
  0xff, 0x1f, 0x07, 0xbd, 0x00, 0x00, 0x78, 0x3a, 0x00, 0x80, 0x1b, 0x3c,
  0xfe, 0xff, 0x7d, 0x3b, 0xfe, 0xff, 0x15, 0xbb, 0x01, 0x00, 0x9d, 0xbc,
  0x00, 0x80, 0x8f, 0xbc, 0x01, 0x00, 0x00, 0x38, 0xfc, 0x7f, 0x2a, 0x3c,
  0x02, 0x80, 0xe1, 0x3c, 0x01, 0x00, 0xda, 0x3c, 0x02, 0x00, 0x93, 0x3c,
  0xff, 0xff, 0x5d, 0x3b, 0x00, 0x80, 0xb0, 0xbc, 0x01, 0x20, 0x0c, 0xbd,
  0x01, 0x00, 0x4c, 0xbd, 0xff, 0x1f, 0x27, 0xbd, 0xff, 0xff, 0xc3, 0xbc,
  0x00, 0x00, 0xbb, 0x3b, 0x01, 0xe0, 0x44, 0x3d, 0x00, 0x00, 0x52, 0x3d,
  0x01, 0x80, 0x59, 0x3d, 0x00, 0x80, 0x13, 0x3c, 0x01, 0x80, 0x48, 0xbd,
  0x00, 0x00, 0x7e, 0xbd, 0x00, 0x70, 0x9b, 0xbd, 0x01, 0x40, 0x00, 0xbd,
  0xfe, 0x7f, 0x9c, 0x3c, 0x01, 0x20, 0x1c, 0x3d, 0x01, 0x80, 0x68, 0x3d,
  0x00, 0x00, 0xff, 0x3c, 0x00, 0x80, 0x16, 0x3c, 0x00, 0x80, 0x20, 0x3c,
  0xfc, 0x7f, 0x26, 0x3c, 0x02, 0x80, 0xc2, 0x3c, 0x01, 0x00, 0xfc, 0x3c,
  0x01, 0x00, 0x22, 0xbb, 0x02, 0x80, 0xc6, 0xbc, 0x00, 0x60, 0x0b, 0xbd,
  0xff, 0x5f, 0x12, 0xbd, 0xfe, 0x7f, 0x39, 0x3c, 0x01, 0xe0, 0x14, 0x3d,
  0x01, 0x20, 0x1e, 0x3d, 0x01, 0x20, 0x0c, 0x3d, 0xff, 0xff, 0x96, 0xbb,
  0x03, 0x00, 0xb0, 0xbc, 0xff, 0xff, 0x84, 0xbc, 0x03, 0x80, 0x3c, 0xbc,
  0x00, 0x00, 0xbb, 0x3b, 0xfe, 0x7f, 0x39, 0x3c, 0xff, 0xff, 0xd6, 0x3b,
  0x00, 0x00, 0xd5, 0x3b, 0x00, 0x80, 0x14, 0x3c, 0x00, 0x80, 0x1b, 0x3c,
  0xfc, 0x7f, 0x26, 0x3c, 0x00, 0x00, 0xab, 0x3b, 0x00, 0x80, 0x0a, 0xbc,
  0x05, 0x80, 0x30, 0xbc, 0x00, 0x00, 0xf7, 0xbb, 0x00, 0x80, 0x02, 0xbc,
  0x00, 0x80, 0x0c, 0xbc, 0x03, 0x80, 0x5d, 0xbc, 0x03, 0x80, 0xc0, 0xbc,
  0xfe, 0xff, 0xa9, 0xbc, 0xfb, 0x7f, 0x6c, 0xbc, 0x01, 0x00, 0x56, 0xbb,
  0x00, 0x80, 0x6d, 0x3c, 0x00, 0x80, 0x12, 0x3c, 0xff, 0xff, 0xbf, 0xb8,
  0xff, 0xff, 0xa5, 0xbc, 0x00, 0xe0, 0x3e, 0xbd, 0xff, 0x1f, 0x08, 0xbd,
  0x01, 0x40, 0x83, 0xbc, 0xff, 0xff, 0xa7, 0x3c, 0x00, 0x40, 0x76, 0x3d,
  0xff, 0x3f, 0x4d, 0x3d, 0x00, 0xa0, 0x22, 0x3d, 0xff, 0xff, 0xa5, 0x3c,
  0x02, 0x00, 0x1a, 0x3b, 0x01, 0x60, 0x24, 0x3d, 0x00, 0x90, 0x91, 0x3d,
  0x00, 0xb0, 0x98, 0x3d, 0x00, 0xd0, 0x99, 0x3d, 0x02, 0x80, 0xc6, 0x3c,
  0x00, 0x80, 0x22, 0xbc, 0x00, 0x00, 0xc9, 0x3b, 0xff, 0xff, 0xa5, 0x3c,
  0x00, 0x50, 0x8b, 0x3d, 0x00, 0x20, 0xc1, 0x3d, 0x00, 0x50, 0x90, 0x3d,
  0x00, 0x80, 0x70, 0x3d, 0x00, 0xa0, 0x44, 0x3d, 0x00, 0xa0, 0x43, 0x3d,
  0x00, 0xd0, 0xa0, 0x3d, 0x00, 0x00, 0xaf, 0x3d, 0x01, 0x00, 0x79, 0x3d,
  0x00, 0x60, 0x2a, 0x3d, 0x02, 0x00, 0xdc, 0x3a, 0x00, 0x80, 0x14, 0xbc,
  0x00, 0x00, 0xaf, 0x3b, 0xff, 0x7f, 0x96, 0x3c, 0xff, 0x3f, 0x4c, 0x3d,
  0x00, 0x40, 0x69, 0x3d, 0x00, 0x80, 0x5e, 0x3d, 0xff, 0x9f, 0x39, 0x3d,
  0x00, 0x00, 0xc2, 0x3c, 0x01, 0x80, 0x6b, 0x3c, 0x01, 0x00, 0xc3, 0x3b,
  0x02, 0x00, 0x1a, 0x3b, 0x01, 0x00, 0x48, 0x3a, 0xfe, 0xff, 0x8b, 0xba,
  0x02, 0x00, 0x6a, 0xbb, 0x01, 0x00, 0xf0, 0x39, 0x00, 0x80, 0x16, 0x3c,
  0x00, 0x00, 0xed, 0x3b, 0x00, 0x00, 0xab, 0x3b, 0x00, 0x80, 0x6f, 0xbc,
  0xff, 0x9f, 0x28, 0xbd, 0xff, 0xff, 0x62, 0xbd, 0x00, 0x10, 0x93, 0xbd,
  0x00, 0x80, 0x4f, 0xbd, 0xfe, 0xff, 0xcd, 0xbc, 0x00, 0x00, 0x72, 0x3b,
  0x00, 0xe0, 0x09, 0x3d, 0x01, 0x80, 0x4b, 0x3d, 0x00, 0x90, 0x84, 0x3d,
  0x00, 0xe0, 0xac, 0x3d, 0xff, 0xcf, 0xd1, 0x3d, 0xff, 0x2f, 0xc9, 0x3d,
  0x00, 0xc0, 0xbd, 0x3d, 0x01, 0x40, 0x72, 0x3d, 0x02, 0x00, 0xd5, 0x3c,
  0xff, 0xff, 0xc4, 0xbc, 0x00, 0x10, 0x97, 0xbd, 0x01, 0x30, 0x3e, 0xbe,
  0x01, 0x64, 0x85, 0xbe, 0x01, 0x20, 0x9d, 0xbe, 0xff, 0xff, 0xa0, 0xbe,
  0xfe, 0x47, 0x46, 0xbe, 0x01, 0x90, 0xde, 0xbd, 0xfe, 0xff, 0x8a, 0xbc
};
unsigned int src_VOICE_5_bin_len = 19200;
